EnquiryID,EnquiryNo,CompanyName,NextActionDate,Remarks,Type,CurrentDate,,
156,INQ109690,Amyn Motors Inc.,2020-11-19 00:00:00.000,Follow up with the customer,EnquiryDraft,2020-11-10 17:44:09.850,,
157,INQ109697,P.M. Traders,2020-11-17 00:00:00.000,Spoke to the customer today. He requested to get back to him after 5 days.,EnquiryDraft,2020-11-12 12:47:45.320,,
158,INQ3023,S & H WHOLE SALE,2020-11-12 00:00:00.000,Customer asked to send him a mail,EnquiryDraft,2020-11-12 12:55:32.983,,
160,INQ109773,Jinny Beauty Supply,2020-12-03 00:00:00.000,To send reminder based on our message of  30 th Nov  2020.,EnquiryDraft,2020-11-30 14:40:44.193,,
161,INQ109774,M&M wireless Inc.,2020-12-03 00:00:00.000,Follow up with customer if no response received from them in response ti our mail of 30 th Nov 2020,EnquiryDraft,2020-11-30 14:53:28.080,,
162,INQ109775,MA United,2020-12-03 00:00:00.000,Reminder to be send on 3rd of Dec,EnquiryDraft,2020-11-30 15:06:42.487,,
163,INQ109776,SUNCITY DISTRIBUTION LLC,2020-12-03 00:00:00.000,Reminder to be sent on 3rd of December,EnquiryDraft,2020-11-30 16:39:23.640,,
164,INQ109777,NULL,2020-12-03 00:00:00.000,Reminder to be sent on 3rd of December,EnquiryDraft,2020-11-30 16:42:07.197,,
165,INQ109781,NULL,2020-12-07 00:00:00.000,REMINDER TO BE SENT ON 7TH OF DECEMBER,EnquiryDraft,2020-12-01 15:16:51.380,,
166,INQ109782,3A Solutions Canada Inc.,2020-12-07 00:00:00.000,REMINDER TO BE SENT ON 7TH OF DECEMBER,EnquiryDraft,2020-12-01 15:28:21.630,,
168,INQ109784,NULL,2020-12-07 00:00:00.000,REMINDER TO BE SENT ON 7TH OF DECEMBER,EnquiryDraft,2020-12-01 16:23:39.937,,
169,INQ109785,"5R Processors, Ltd.",2020-12-07 00:00:00.000,REMINDER TO BE SENT ON 7TH OF DECEMBER,EnquiryDraft,2020-12-01 16:31:00.930,,
171,INQ109793,A & A MACHINERY MOVERS INC.,2020-12-08 00:00:00.000,Reminder to be sent on 8th of December,EnquiryDraft,2020-12-02 09:53:55.023,,
172,INQ109794,A & I PRODUCTS,2020-12-08 00:00:00.000,Reminder to be sent on 8th of December,EnquiryDraft,2020-12-02 09:57:57.947,,
173,INQ109795,A & S METALS,2020-12-08 00:00:00.000,Reminder to be sent on 8th of December,EnquiryDraft,2020-12-02 10:02:13.867,,
174,INQ109797,A B L TECHNOLOGY,2020-12-08 00:00:00.000,REMINDER TO BE SENT ON 8TH OF DECEMBER,EnquiryDraft,2020-12-02 10:34:05.317,,
175,INQ109798,A & A International Inc.,2020-12-08 00:00:00.000,REMINDER TO BE SENT ON 8TH OF DECEMBER,EnquiryDraft,2020-12-02 10:38:39.547,,
176,INQ109799,A & A GLOBAL,2020-12-08 00:00:00.000,REMINDER TO BE SENT ON 8TH OF DECEMBER,EnquiryDraft,2020-12-02 10:43:16.717,,
177,INQ109800,A TO Z Computers(I),2020-12-08 00:00:00.000,REMINDER TO BE SENT ON 8TH OF DECEMBER,EnquiryDraft,2020-12-02 10:48:00.333,,
178,INQ109801,NULL,2020-12-08 00:00:00.000,REMINDER TO BE SENT ON 8TH OF DECEMBER,EnquiryDraft,2020-12-02 10:52:40.357,,
178,INQ109801,NULL,2020-12-08 00:00:00.000,REMINDER TO BE SENT ON 8TH OF DECEMBER,EnquiryDraft,2020-12-02 10:53:38.580,,
159,INQ109752,Cal Micro1111,2020-12-16 00:00:00.000,Call him next time,EnquiryDraft,2020-12-02 16:48:56.820,,
179,INQ109812,A&A Truck Parts,2020-12-09 00:00:00.000,REMINDER TO BE SENT ON 9TH OF DECEMBER,EnquiryDraft,2020-12-03 13:33:49.440,,
180,INQ109813,A&G SHIPPING INT L,2020-12-09 00:00:00.000,REMINDER TO BE SENT ON 9TH OF DECEMBER,EnquiryDraft,2020-12-03 13:41:14.427,,
181,INQ109814,A&M TOOL & DESIGN INC.,2020-12-09 00:00:00.000,REMINDER TO BE SENT ON 9TH OF DECEMBER,EnquiryDraft,2020-12-03 13:46:19.437,,
182,INQ109815,A&S Intermodal Services,2020-12-09 00:00:00.000,REMINDER TO BE SENT ON 9TH OF DECEMBER,EnquiryDraft,2020-12-03 13:50:34.297,,
183,INQ109816,A.G.POWER EQUIPMENT INC.,2020-12-09 00:00:00.000,REMINDER TO BE SENT ON 9TH OF DECEMBER,EnquiryDraft,2020-12-03 13:55:51.480,,
184,INQ109817,A1 Logistics,2020-12-09 00:00:00.000,REMINDER TO BE SENT ON 9TH OF DECEMBER,EnquiryDraft,2020-12-03 14:26:48.617,,
185,INQ109818,AAA TRUCKING LLC,2020-12-09 00:00:00.000,REMINDER TO BE SENT ON 9TH OF DECEMBER,EnquiryDraft,2020-12-03 14:33:10.600,,
188,INQ109835,ABEX TECHNOLOGY,2020-12-10 00:00:00.000,REMINDER TO BE SEND ON  10TH OF DECEMBER,EnquiryDraft,2020-12-04 14:59:31.473,,
189,INQ109836,"ABF FREIGHT SYSTEM, INC",2020-12-10 00:00:00.000,REMINDER TO BE SENT ON 10TH OF DECEMBER,EnquiryDraft,2020-12-04 15:11:40.640,,
190,INQ109837,ABI SOLUTIONS,2020-12-10 00:00:00.000,REMINDER TO BE SENT ON 10TH OF DECEMBER,EnquiryDraft,2020-12-04 15:20:20.927,,
191,INQ109838,ABSOLUTE PRINTING,2020-12-10 00:00:00.000,REMINDER TO BE SENT ON 1OTH OF DECEMBER,EnquiryDraft,2020-12-04 15:27:22.180,,
192,INQ109839,AC- MED INC.,2020-12-10 00:00:00.000,REMINDER TO BE SENT ON 10TH OF DECEMBER,EnquiryDraft,2020-12-04 15:44:18.057,,
194,INQ109848,ACCESSORY CORPORATION,2020-12-11 00:00:00.000,REMINDER TO BE SENT ON  11TH OF DECEMBER,EnquiryDraft,2020-12-07 12:12:10.657,,
195,INQ109849,NULL,2020-12-11 00:00:00.000,REMINDER TO BE SENT ON 11TH OF DECEMBER,EnquiryDraft,2020-12-07 12:15:51.103,,
196,INQ109850,ACME USA INC.,2020-12-11 00:00:00.000,REMINDER TO BE SENT ON 11TH OF DECEMBER,EnquiryDraft,2020-12-07 12:19:43.707,,
197,INQ109851,Adel,2020-12-11 00:00:00.000,REMINDER TO BE SENT ON 11TH OF DECEMBER,EnquiryDraft,2020-12-07 12:22:48.303,,
198,INQ109852,ADVANCE EQUIPMENT SERVICE,2020-12-11 00:00:00.000,Reminder to be sent on 11th december,EnquiryDraft,2020-12-07 13:40:19.150,,
199,INQ109853,NULL,2020-12-11 00:00:00.000,Reminder  to be sent on 11th december,EnquiryDraft,2020-12-07 13:43:52.430,,
200,INQ109854,Africom INTL111111,2020-12-11 00:00:00.000,Reminder to be sent on 11th of December,EnquiryDraft,2020-12-07 13:48:36.293,,
201,INQ109855,AFS Intermodel,2020-12-11 00:00:00.000,Reminder to be sent on 11th december,EnquiryDraft,2020-12-07 13:51:12.317,,
202,INQ109856,"Afzal, Farooq",2020-12-11 00:00:00.000,Reminder to be sent on 11th December,EnquiryDraft,2020-12-07 13:53:15.290,,
203,INQ109857,AGHA LLC,2020-12-11 00:00:00.000,reminder to be sent on 11th december,EnquiryDraft,2020-12-07 16:04:59.490,,
203,INQ109857,AGHA LLC,2020-12-11 00:00:00.000,reminder to be sent on 11th december,EnquiryDraft,2020-12-07 16:05:24.363,,
204,INQ109858,AHLAN WA SAHLA,2020-12-11 00:00:00.000,reminder  to be sent on 11th december,EnquiryDraft,2020-12-07 16:09:24.090,,
205,INQ109859,Ahmad,2020-12-11 00:00:00.000,reminder to be sent on 11th december,EnquiryDraft,2020-12-07 16:17:08.813,,
206,INQ109860,TECH MART INC.,2020-12-11 00:00:00.000,reminder to be sent on 11th of december,EnquiryDraft,2020-12-07 16:20:51.107,,
208,INQ109862,Alam,2020-12-11 00:00:00.000,reminder to be sent on 11th december,EnquiryDraft,2020-12-07 16:29:58.307,,
209,INQ109863,Ali  kaid Nassari,2020-12-11 00:00:00.000,Reminder to be sent on 11th December,EnquiryDraft,2020-12-07 16:36:13.537,,
210,INQ109871,Amarnna Inc.,2020-12-14 00:00:00.000,reminder to be sent on 14th December,EnquiryDraft,2020-12-08 14:17:01.077,,
211,INQ109872,AMR RAMADAN,2020-12-14 00:00:00.000,reminder to be sent on 14th December,EnquiryDraft,2020-12-08 14:20:27.343,,
212,INQ109873,Arsenal Group LLC,2020-12-14 00:00:00.000,Reminder to be sent on 14th December,EnquiryDraft,2020-12-08 14:23:30.257,,
213,INQ109874,ATLANTA HOME FURNISHING,2020-12-14 00:00:00.000,Reminder to be sent on 14th December,EnquiryDraft,2020-12-08 14:27:01.807,,
214,INQ109875,NULL,2020-12-14 00:00:00.000,reminder to be sent on 14th december,EnquiryDraft,2020-12-08 14:38:16.477,,
215,INQ109876,Beau Enterprises,2020-12-14 00:00:00.000,Reminder to be sent on 14th december,EnquiryDraft,2020-12-08 14:44:27.433,,
216,INQ109877,Ben,2020-12-14 00:00:00.000,reminder to be sent on 14th december,EnquiryDraft,2020-12-08 14:51:52.500,,
217,INQ109878,AMERI-SOURCE,2020-12-14 00:00:00.000,reminder to be sent on 14th december,EnquiryDraft,2020-12-08 14:57:29.263,,
218,INQ109879,Betsy Gordon,2020-12-14 00:00:00.000,reminder to be sent on 14th December,EnquiryDraft,2020-12-08 15:03:59.933,,
219,INQ109880,All Auto Salvage Inc,2020-12-14 00:00:00.000,Reminder  to be sent on 14th december,EnquiryDraft,2020-12-08 15:08:58.410,,
160,INQ109773,Jinny Beauty Supply,2020-12-22 00:00:00.000,Sent a Follow up email - TR,EnquiryDraft,2020-12-08 16:39:46.190,,
161,INQ109774,M&M wireless Inc.,2020-12-22 00:00:00.000,Send a follow up email - TR  Will call next time,EnquiryDraft,2020-12-08 16:43:35.640,,
162,INQ109775,MA United,2020-12-22 00:00:00.000,Sent a follow up email - TR  try to find number and call.,EnquiryDraft,2020-12-08 16:54:19.137,,
163,INQ109776,SUNCITY DISTRIBUTION LLC,2020-12-22 00:00:00.000,Sent a follow up emai -TR Will try to call if number is found,EnquiryDraft,2020-12-08 16:54:58.523,,
220,INQ109885,ALL CITY LIMOUSINE,2020-12-15 00:00:00.000,reminder to be sent  on 15th December,EnquiryDraft,2020-12-09 11:05:13.380,,
221,INQ109886,NULL,2020-12-15 00:00:00.000,reminder to be sent on 15th december,EnquiryDraft,2020-12-09 11:11:17.240,,
222,INQ109887,ALL GREEN,2020-12-15 00:00:00.000,Reminder to be sent on 15th December,EnquiryDraft,2020-12-09 11:30:06.880,,
223,INQ109888,Allied Agro Foodstuff LLC,2020-12-15 00:00:00.000,reminder to be sent on 15th december,EnquiryDraft,2020-12-09 11:33:45.440,,
224,INQ109889,ALLINGTON,2020-12-15 00:00:00.000,reminder to be sent on 15th december,EnquiryDraft,2020-12-09 11:36:58.300,,
225,INQ109890,ALLRITE LOGISTICS LLC.,2020-12-15 00:00:00.000,reminder  to be sent on 15th december,EnquiryDraft,2020-12-09 11:42:49.920,,
226,INQ109891,Almurisi Corporation for Agriculture & Poultry,2020-12-15 00:00:00.000,reminder to be sent on 15th december,EnquiryDraft,2020-12-09 11:53:52.067,,
227,INQ109892,AMERICAN EXCESS INC.,2020-12-15 00:00:00.000,Reminder to  be sent on 15th december,EnquiryDraft,2020-12-09 14:29:35.773,,
228,INQ109893,AMERICAN FALCON INTERNATIONAL INC.,2020-12-16 00:00:00.000,Reminder to be sent on 16th December,EnquiryDraft,2020-12-10 09:47:00.990,,
229,INQ109894,American Textile System,2020-12-16 00:00:00.000,Reminder to be sent on 16th December,EnquiryDraft,2020-12-10 09:50:59.873,,
230,INQ109895,AMR IMPORT & EXPORT LLC,2020-12-16 00:00:00.000,reminder to be sent on 16th december,EnquiryDraft,2020-12-10 10:02:39.533,,
231,INQ109896,AMZ TRADING INC,2020-12-16 00:00:00.000,reminder to be sent on 16th december,EnquiryDraft,2020-12-10 11:25:00.907,,
232,INQ109897,ANYTHING IT,2020-12-16 00:00:00.000,reminder to be sent on 16th december,EnquiryDraft,2020-12-10 11:27:55.497,,
233,INQ109898,AQUA TITLE & mARBLE SHOWROOM,2020-12-16 00:00:00.000,reminder to be sent on 16th december,EnquiryDraft,2020-12-10 11:33:39.060,,
166,INQ109782,3A Solutions Canada Inc.,2020-12-24 00:00:00.000,Sent a follow up email- TR Next time call,EnquiryDraft,2020-12-10 11:37:12.333,,
234,INQ109899,Arcadia Consulting Services Inc.,2020-12-16 00:00:00.000,reminderb to be sent on 16th december,EnquiryDraft,2020-12-10 11:45:53.400,,
168,INQ109784,NULL,2020-12-24 00:00:00.000,Follow up email sent- TR  Call next time,EnquiryDraft,2020-12-10 12:20:15.273,,
172,INQ109794,A & I PRODUCTS,2020-12-24 00:00:00.000,Follow up email sent - TR call next time,EnquiryDraft,2020-12-10 12:24:22.723,,
169,INQ109785,"5R Processors, Ltd.",2020-12-24 00:00:00.000,follow up email sent -TR call next time,EnquiryDraft,2020-12-10 12:31:24.253,,
265,INQ109966,ALPHAELEC,2020-12-17 00:00:00.000,Reminder to be sent on 17th December,EnquiryDraft,2020-12-13 22:07:51.337,,
266,INQ109967,AMA Computer Supply,2020-12-17 00:00:00.000,Reminder to be sent on 17th of December,EnquiryDraft,2020-12-13 22:11:48.533,,
267,INQ109968,American Clothing,2020-12-17 00:00:00.000,Reminder to be sent on 17th of december,EnquiryDraft,2020-12-13 22:15:58.813,,
268,INQ109969,Arif A Al-Ashoor,2020-12-17 00:00:00.000,Reminder to be sent on 17th of december,EnquiryDraft,2020-12-13 22:32:57.497,,
269,INQ109970,Armerove Computer,2020-12-17 00:00:00.000,Reminder to be sent on 17th of December,EnquiryDraft,2020-12-13 22:41:53.280,,
270,INQ109971,Arshad Mughal,2020-12-17 00:00:00.000,Reminder to be sent on 17th of December,EnquiryDraft,2020-12-13 22:45:30.700,,
271,INQ109972,Ashem,2020-12-17 00:00:00.000,Reminder to be sent on 17th of December,EnquiryDraft,2020-12-13 22:50:41.547,,
272,INQ109973,Ashers Multimedia,2020-12-17 00:00:00.000,Reminder to be sent on 17th of December,EnquiryDraft,2020-12-13 22:54:37.273,,
273,INQ109974,Ashok Bhagat,2020-12-18 00:00:00.000,Reminder to be sent on18th of December,EnquiryDraft,2020-12-13 23:05:18.657,,
274,INQ109975,ASHRAF OF CANADA,2020-12-18 00:00:00.000,Reminder to be sent on 18th  of december,EnquiryDraft,2020-12-13 23:09:24.873,,
275,INQ109976,ASIANEX,2020-12-18 00:00:00.000,Reminder to be sent on 18th december,EnquiryDraft,2020-12-13 23:38:47.387,,
276,INQ109977,ASIF ABBAS,2020-12-18 00:00:00.000,Reminder to be sent on 18th of December,EnquiryDraft,2020-12-13 23:52:25.910,,
277,INQ109978,ASIM (Power CON),2020-12-18 00:00:00.000,Reminder to be sent on 18th of December,EnquiryDraft,2020-12-14 00:07:25.340,,
278,INQ109979,Asset Lifecycle LLC,2020-12-18 00:00:00.000,reminder to be sent on 18th of December,EnquiryDraft,2020-12-14 00:39:42.780,,
279,INQ109980,"Astrocom Systems LLC,",2020-12-18 00:00:00.000,Reminder to be sent on 18th december,EnquiryDraft,2020-12-14 00:54:18.813,,
280,INQ109981,Asua Al.,2020-12-18 00:00:00.000,reminder to be sent on 18th of december,EnquiryDraft,2020-12-14 00:57:18.353,,
281,INQ109982,Atlantic Metal & Foils Inc.,2020-12-18 00:00:00.000,Reminder to be sent on 18th December,EnquiryDraft,2020-12-14 09:13:25.747,,
282,INQ109983,Atlast,2020-12-18 00:00:00.000,Reminder to be sent on 18th december,EnquiryDraft,2020-12-14 09:26:24.230,,
283,INQ109984,"AUTOMATION.INC,",2020-12-18 00:00:00.000,Reminder to be sent on 18th december,EnquiryDraft,2020-12-14 09:32:48.730,,
284,INQ109985,Avenger Fab & Supply Inc.,2020-12-18 00:00:00.000,Reminder to be sent on 18th of december,EnquiryDraft,2020-12-14 09:46:07.490,,
285,INQ109986,AWA MACHINERY INC,2020-12-18 00:00:00.000,reminder to be sent on 18th December,EnquiryDraft,2020-12-14 09:56:55.437,,
286,INQ109987,Awad,2020-12-18 00:00:00.000,reminder to be sent on 18th december,EnquiryDraft,2020-12-14 10:11:44.233,,
287,INQ109988,Arco Business Solutions Inc.,2020-12-18 00:00:00.000,reminder to be sent on 18th of december,EnquiryDraft,2020-12-14 11:32:39.967,,
288,INQ109989,"AX Healthcare Solution, LLC",2020-12-18 00:00:00.000,reminder to be sent on 18th of december,EnquiryDraft,2020-12-14 11:40:09.413,,
289,INQ1010000,Apex International,2020-12-21 00:00:00.000,REMINDER TO BE SENT ON 21ST OF DECEMBER,EnquiryDraft,2020-12-15 11:43:52.430,,
174,INQ109797,A B L TECHNOLOGY,2021-01-06 00:00:00.000,Called ROdney and emailed him Said he would reach out if something comes up. - TR,EnquiryDraft,2020-12-15 14:28:49.153,,
290,INQ1010009,ARASHIP USA LOGISTICS,2020-12-21 00:00:00.000,REMINDER TO BE SENT ON 21ST OF DECEMBER,EnquiryDraft,2020-12-15 14:55:40.220,,
291,INQ1010010,Atlantic Auto Center,2020-12-21 00:00:00.000,REMINDE TO BE SENT ON 21ST OF DECEMBER,EnquiryDraft,2020-12-15 15:00:47.310,,
175,INQ109798,A & A International Inc.,2021-01-06 00:00:00.000,Called no answer. Sent follow up email - TR. might be out of business.,EnquiryDraft,2020-12-15 15:03:53.937,,
176,INQ109799,A & A GLOBAL,2021-01-06 00:00:00.000,"Brenda is no longer there , email is not relevant, let a voice note for  Steven - TR",EnquiryDraft,2020-12-15 15:19:08.550,,
268,INQ109969,Arif A Al-Ashoor,2021-06-01 00:00:00.000,REMINDER TO BE SENT ON 1ST OF JUNE 2021,EnquiryDraft,2020-12-15 15:24:31.150,,
276,INQ109977,ASIF ABBAS,2021-06-01 00:00:00.000,REMINDER TO BE SENT ON 1 ST OF JUNE 2021,EnquiryDraft,2020-12-15 15:26:33.517,,
279,INQ109980,"Astrocom Systems LLC,",2021-06-01 00:00:00.000,REMINDER TO BE SENT ON 1ST OF JUNE 2021,EnquiryDraft,2020-12-15 15:28:07.250,,
280,INQ109981,Asua Al.,2021-06-01 00:00:00.000,REMINDER TO BE SENT ON 1ST OF JUNE 2021,EnquiryDraft,2020-12-15 15:29:10.573,,
287,INQ109988,Arco Business Solutions Inc.,2021-06-01 00:00:00.000,REMINDER TOBE SENT ON 1ST OF JUNE 2021,EnquiryDraft,2020-12-15 15:31:02.053,,
231,INQ109896,AMZ TRADING INC,2021-06-01 00:00:00.000,REMINDER TO BE SENT ON 1ST JUNE 2021,EnquiryDraft,2020-12-15 15:36:07.860,,
267,INQ109968,American Clothing,2021-06-01 00:00:00.000,REMINDER TO BE SENT  ON 1ST JUNE 2021,EnquiryDraft,2020-12-15 15:38:45.193,,
266,INQ109967,AMA Computer Supply,2021-06-01 00:00:00.000,REMINDER TO BE SENT ON 1ST OF JUNE 2021,EnquiryDraft,2020-12-15 15:39:55.333,,
226,INQ109891,Almurisi Corporation for Agriculture & Poultry,2021-06-01 00:00:00.000,REMINDER TO BE SENT ON 1ST OF JUNE 2021,EnquiryDraft,2020-12-15 15:41:26.833,,
222,INQ109887,ALL GREEN,2021-06-01 00:00:00.000,REMINDER TO BE SENT ON 1ST OF JUNE 2021,EnquiryDraft,2020-12-15 15:50:37.647,,
220,INQ109885,ALL CITY LIMOUSINE,2021-06-01 00:00:00.000,REMINDER TO BE SENT ON 1ST OF JUNE 2021,EnquiryDraft,2020-12-15 15:52:52.670,,
215,INQ109876,Beau Enterprises,2021-06-01 00:00:00.000,REMINDER TO BE SENT ON 1ST OF JUNE 2021,EnquiryDraft,2020-12-15 15:55:26.063,,
202,INQ109856,"Afzal, Farooq",2021-06-01 00:00:00.000,REMINDER TO BE SENT ON 1ST OF JUNE 2021,EnquiryDraft,2020-12-15 15:56:50.100,,
201,INQ109855,AFS Intermodel,2021-06-01 00:00:00.000,REMINDER TO BE SENT ON 1ST OF JUNE 2021,EnquiryDraft,2020-12-15 15:58:05.980,,
292,INQ1010016,AXIS Export Inc,2020-12-21 00:00:00.000,REMINDER TO BE SENT ON 21ST OF DECEMBER,EnquiryDraft,2020-12-15 17:00:08.960,,
293,INQ1010017,Ayman,2020-12-21 00:00:00.000,REMINDER TO BE SENT ON 21ST OF DECEMBER,EnquiryDraft,2020-12-15 17:18:44.117,,
179,INQ109812,A&A Truck Parts,2021-01-05 00:00:00.000,Called and spoke to john. Asked to send an email - TR,EnquiryDraft,2020-12-16 14:43:18.420,,
190,INQ109837,ABI SOLUTIONS,2021-01-11 00:00:00.000,Follow up email sent - TR  Call next time,EnquiryDraft,2020-12-17 10:59:28.337,,
299,INQ1010034,AYS International Inc.,2020-12-22 00:00:00.000,Reminder to be sent on 22nd december,EnquiryDraft,2020-12-17 11:34:11.657,,
191,INQ109838,ABSOLUTE PRINTING,2021-01-18 00:00:00.000,"Left a voice note and an EMail - TR 
Prospects dont look good as they already have their own riggers and operate locally.",EnquiryDraft,2020-12-17 12:07:34.963,,
302,INQ1010040,Back Thru The Future micro computers,2020-12-22 00:00:00.000,Reminder to be sent on 22nd of December,EnquiryDraft,2020-12-17 13:42:35.017,,
303,INQ1010041,Bagelmania,2020-12-22 00:00:00.000,Reminder to be sent on 22nd of December,EnquiryDraft,2020-12-17 13:49:30.337,,
304,INQ1010042,BALLENTINE TRUCKING COMPANY,2020-12-22 00:00:00.000,Reminder to be sent on 22nd of December,EnquiryDraft,2020-12-17 14:04:50.030,,
305,INQ1010043,BanuCitech-Bd.Com,2020-12-22 00:00:00.000,Reminder to be sent on 22nd of December,EnquiryDraft,2020-12-17 14:09:14.790,,
306,INQ1010044,Basic Crating & Packaging Inc.,2020-12-22 00:00:00.000,Reminder to be sent on 22nd of December,EnquiryDraft,2020-12-17 14:13:40.850,,
307,INQ1010045,BCE Group,2020-12-22 00:00:00.000,Reminder to be sent on 22nd of December,EnquiryDraft,2020-12-17 14:17:19.243,,
308,INQ1010046,"Bentonville Plastics, Inc.",2020-12-22 00:00:00.000,Reminder to be sent on 22nd of December,EnquiryDraft,2020-12-17 14:26:30.737,,
309,INQ1010047,Beshir,2020-12-22 00:00:00.000,Reminder to be sent on 22nd of december,EnquiryDraft,2020-12-17 14:31:22.357,,
310,INQ1010048,BesimImer.Com,2020-12-22 00:00:00.000,Reminder to be sent on 22nd of Decrmber,EnquiryDraft,2020-12-17 14:34:29.717,,
311,INQ1010049,BIZCO TECHNOLOGIES,2020-12-22 00:00:00.000,Reminder to be sent on 22nd of December,EnquiryDraft,2020-12-17 14:39:56.937,,
312,INQ1010050,BJH Logistics,2020-12-22 00:00:00.000,Reminder to be sent on 22nd of December,EnquiryDraft,2020-12-17 14:43:44.707,,
313,INQ1010051,Blaise ACG,2020-12-22 00:00:00.000,Reminder to be sent on 22nd of December,EnquiryDraft,2020-12-17 14:46:55.753,,
199,INQ109853,NULL,2021-01-18 00:00:00.000,Spoke to luke said he has nothing now. touch base next year. Sent him and email -TR,EnquiryDraft,2020-12-18 14:48:35.337,,
209,INQ109863,Ali  kaid Nassari,2021-01-18 00:00:00.000,Left a voice note and follow up email. - TR,EnquiryDraft,2020-12-18 15:13:57.197,,
208,INQ109862,Alam,2021-01-18 00:00:00.000,Follow up email sent- TR,EnquiryDraft,2020-12-18 16:25:09.447,,
205,INQ109859,Ahmad,2021-01-18 00:00:00.000,Sent follow up email. - TR,EnquiryDraft,2020-12-18 16:42:55.540,,
313,INQ1010051,Blaise ACG,2021-06-01 00:00:00.000,REMINDER TO BE SENT ON 1ST OF JUNE 2021,EnquiryDraft,2020-12-18 16:56:19.713,,
204,INQ109858,AHLAN WA SAHLA,2021-01-18 00:00:00.000,Follow up email sent. TR,EnquiryDraft,2020-12-18 17:11:39.433,,
311,INQ1010049,BIZCO TECHNOLOGIES,2021-06-01 00:00:00.000,REMINDER TO BE SENT ON 1ST OF JUNE 2021,EnquiryDraft,2020-12-18 17:24:35.790,,
310,INQ1010048,BesimImer.Com,2021-06-01 00:00:00.000,REMINDER TO BE SENT ON 1ST OF JUNE 2021,EnquiryDraft,2020-12-18 17:26:30.763,,
309,INQ1010047,Beshir,2021-06-01 00:00:00.000,REMINDER TO BE SENT ON 1ST OF JUNE 2021,EnquiryDraft,2020-12-18 17:28:44.613,,
303,INQ1010041,Bagelmania,2021-06-01 00:00:00.000,REMINDER TO BE SENT ON 1ST OF JUNE 2021,EnquiryDraft,2020-12-18 17:30:54.160,,
292,INQ1010016,AXIS Export Inc,2021-06-01 00:00:00.000,REMINDER TO BE SENT ON 1ST OF JUNE 2021,EnquiryDraft,2020-12-18 17:32:56.327,,
285,INQ109986,AWA MACHINERY INC,2021-06-01 00:00:00.000,REMINDER TO BE SENT ON 1ST OF JUNE 2021,EnquiryDraft,2020-12-18 17:34:36.500,,
281,INQ109982,Atlantic Metal & Foils Inc.,2021-06-01 00:00:00.000,REMINDER TO BE SENT ON 1ST OF JUNE 2021,EnquiryDraft,2020-12-18 17:36:43.460,,
280,INQ109981,Asua Al.,2021-06-01 00:00:00.000,REMINDER TO BE SENT ON 1ST OF JUNE 2021,EnquiryDraft,2020-12-18 17:38:07.850,,
279,INQ109980,"Astrocom Systems LLC,",2021-06-01 00:00:00.000,REMINDER TO BE SENT ON 1ST OF JUNE 2021,EnquiryDraft,2020-12-18 17:39:45.407,,
276,INQ109977,ASIF ABBAS,2021-06-01 00:00:00.000,REMINDER TO BE SENT ON 1ST OF JUNE 2021,EnquiryDraft,2020-12-18 17:41:15.633,,
268,INQ109969,Arif A Al-Ashoor,2021-06-01 00:00:00.000,REMINDER TO BE SENT ON 1ST OF JUNE 2021,EnquiryDraft,2020-12-18 17:43:03.250,,
287,INQ109988,Arco Business Solutions Inc.,2021-06-01 00:00:00.000,REMINDER TO BE SENT ON 1ST OF JUNE 2021,EnquiryDraft,2020-12-18 17:44:17.820,,
231,INQ109896,AMZ TRADING INC,2021-06-01 00:00:00.000,REMINDER TO BE SENT ON 1ST OF JUNE 2021,EnquiryDraft,2020-12-18 17:45:58.743,,
267,INQ109968,American Clothing,2021-06-01 00:00:00.000,REMINDER TO BE SENT ON 1ST OF JUNE 2021,EnquiryDraft,2020-12-18 17:47:47.340,,
266,INQ109967,AMA Computer Supply,2021-06-01 00:00:00.000,REMINDER TO BE SENT ON 1ST OF JUNE 2021,EnquiryDraft,2020-12-18 17:49:47.367,,
266,INQ109967,AMA Computer Supply,2021-06-01 00:00:00.000,REMINDER TO BE SENT ON 1ST OF JUNE 2021,EnquiryDraft,2020-12-18 17:50:55.800,,
222,INQ109887,ALL GREEN,2021-06-01 00:00:00.000,REMINDER TO BE SENT ON 1ST OF JUNE 2021,EnquiryDraft,2020-12-18 17:52:04.243,,
220,INQ109885,ALL CITY LIMOUSINE,2021-06-01 00:00:00.000,REMINDER  TO BE SENT ON 1ST OF JUNE 2021,EnquiryDraft,2020-12-18 17:53:32.520,,
215,INQ109876,Beau Enterprises,2021-06-01 00:00:00.000,REMINDER TO BE SENT ON 1ST OF JUNE 2021,EnquiryDraft,2020-12-18 17:54:48.720,,
203,INQ109857,AGHA LLC,2021-02-09 00:00:00.000,Called and spoke to Michael. Said nothing to do now. Get back in end of jan/feb - TR,EnquiryDraft,2020-12-22 12:33:38.687,,
213,INQ109874,ATLANTA HOME FURNISHING,2021-01-20 00:00:00.000,"tried calling didnt get through. Company most likely shut down, sent one last email to check for response -TR",EnquiryDraft,2020-12-22 13:06:12.610,,
314,INQ1010090,COM2 COMPUTERS & TECH: INC.,2020-12-28 00:00:00.000,REMINDER TO BE SENT ON 28TH DEC,EnquiryDraft,2020-12-22 14:02:41.327,,
316,INQ1010092,AA Circleline Inc.,2020-12-28 00:00:00.000,REMINDER TO BE SENT ON 28TH OF DECEMBER,EnquiryDraft,2020-12-22 14:31:04.047,,
317,INQ1010093,ABC GLOBAL RESOURCES USA,2020-12-28 00:00:00.000,REMINDER TO BE SENT ON 28TH DECEMBER,EnquiryDraft,2020-12-22 14:36:14.160,,
318,INQ1010094,Abdel Aleem,2020-12-28 00:00:00.000,REMINDER TO BE SENT ON 28TH OF DECEMBER,EnquiryDraft,2020-12-22 14:41:36.997,,
319,INQ1010095,ABDUL RAHMAN ABOUHALAWA,2020-12-28 00:00:00.000,REMINDER TO BE SENT ON 28TH OF DECEMBER,EnquiryDraft,2020-12-22 15:00:35.180,,
216,INQ109877,Ben,2021-01-21 00:00:00.000,"Left a voicemail on his number and sent an email. _ TR  
prospects dont look good.",EnquiryDraft,2020-12-22 15:05:47.413,,
320,INQ1010099,"CARDIOLOGY NOW ENGLEWOOD,CO OFFICE",2020-12-28 00:00:00.000,Reminder to be sent on 28th of December,EnquiryDraft,2020-12-22 15:58:31.927,,
321,INQ1010101,ABID INAM,2020-12-28 00:00:00.000,Reminder to be sent on 28th December,EnquiryDraft,2020-12-22 16:05:05.640,,
323,INQ1010103,Abu,2020-12-28 00:00:00.000,Reminder to be sent on 28th of December,EnquiryDraft,2020-12-22 16:20:55.770,,
324,INQ1010104,ACTION MOTOR EQPT,2020-12-28 00:00:00.000,Reminder to be sent on 28th of December,EnquiryDraft,2020-12-22 16:29:32.180,,
325,INQ1010105,Adeeb Computers,2020-12-28 00:00:00.000,Reminder to be sent on 28th of December,EnquiryDraft,2020-12-22 16:39:44.357,,
217,INQ109878,AMERI-SOURCE,2021-01-06 00:00:00.000,Called and was given tim's contact Sent a new email.,EnquiryDraft,2020-12-22 16:45:17.910,,
326,INQ1010106,Affordable PCs,2020-12-28 00:00:00.000,reminder to be sent on 28th of December,EnquiryDraft,2020-12-22 16:46:11.470,,
327,INQ1010107,AFRINETS,2020-12-28 00:00:00.000,reminder to be sent on 28th of December,EnquiryDraft,2020-12-22 17:11:34.583,,
328,INQ1010108,Ahmed,2020-12-28 00:00:00.000,Reminder to be sent on 28th of December,EnquiryDraft,2020-12-22 17:35:15.940,,
329,INQ1010111,Ahmed Raza,2020-12-29 00:00:00.000,Reminder to be sent on 29th of December,EnquiryDraft,2020-12-23 11:05:24.360,,
330,INQ1010112,NULL,2020-12-29 00:00:00.000,Reminder to be sent on 29th December,EnquiryDraft,2020-12-23 11:12:16.293,,
331,INQ1010113,NULL,2020-12-29 00:00:00.000,Reminder to be sent on 29th of December,EnquiryDraft,2020-12-23 11:22:29.183,,
333,INQ1010115,NULL,2020-12-29 00:00:00.000,Reminder to be sent on 29th of December,EnquiryDraft,2020-12-23 11:39:32.193,,
334,INQ1010116,Al Ufaq Jadeed,2020-12-29 00:00:00.000,Reminder to  be sent on 29th of December,EnquiryDraft,2020-12-23 11:48:24.303,,
218,INQ109879,Betsy Gordon,2021-01-08 00:00:00.000,Email address and number incorrect contacted on Linkedin - TR,EnquiryDraft,2020-12-23 12:28:45.073,,
219,INQ109880,All Auto Salvage Inc,2021-01-18 00:00:00.000,Call didnt go through. Sent follow up email - TR,EnquiryDraft,2020-12-23 14:41:27.207,,
229,INQ109894,American Textile System,2021-01-25 00:00:00.000,"Called them, they said they are good, Try to call again end of jan - TR",EnquiryDraft,2020-12-23 15:43:06.777,,
335,INQ1010119,Al-Ameen Traders,2020-12-29 00:00:00.000,Reminder to be sent on 29th of December,EnquiryDraft,2020-12-23 16:14:58.063,,
336,INQ1010120,NULL,2020-12-29 00:00:00.000,Reminder to be sent on 29th December 2020,EnquiryDraft,2020-12-23 16:21:40.860,,
337,INQ1010121,NULL,2020-12-29 00:00:00.000,Reminder to be sent on 29th of December,EnquiryDraft,2020-12-23 16:29:23.370,,
338,INQ1010122,Allura Imports,2020-12-29 00:00:00.000,Reminder to be sent on 29th of december,EnquiryDraft,2020-12-23 16:40:08.623,,
339,INQ1010124,NULL,2020-12-29 00:00:00.000,Reminder to be sent on 29th of December,EnquiryDraft,2020-12-23 17:25:02.597,,
343,INQ1010139,AMERICA METAL EXPORTS INC.,2021-01-07 00:00:00.000,REMINDER TO BE SENT ON 7TH OF JAN. 2021,EnquiryDraft,2020-12-24 16:15:13.030,,
344,INQ1010140,Amex Computers,2021-01-07 00:00:00.000,REMINDER TO BE SENT ON 7TH OF JAN.2021,EnquiryDraft,2020-12-24 16:23:38.843,,
345,INQ1010141,Amir,2021-01-07 00:00:00.000,REMINDER TO BE SENT ON 7THOF JAN. 2021,EnquiryDraft,2020-12-24 16:28:43.770,,
347,INQ1010144,AMRA,2021-01-07 00:00:00.000,REMINDER TO BE SENT ON 7TH OF JAN 2021,EnquiryDraft,2020-12-24 17:16:55.987,,
348,INQ1010150,Amy Bertram,2021-01-07 00:00:00.000,reminder to be sent on 7th of January,EnquiryDraft,2020-12-28 10:33:29.070,,
349,INQ1010151,Andy,2021-01-07 00:00:00.000,reminder to be sent on 7th of Janurary,EnquiryDraft,2020-12-28 10:43:13.557,,
350,INQ1010152,AndyHiteqpc.Com,2021-01-07 00:00:00.000,reminder to be sent on 7th of Janurary,EnquiryDraft,2020-12-28 10:46:06.383,,
351,INQ1010153,Anko International,2021-01-07 00:00:00.000,Reminder to be sent on 7th of Janurary,EnquiryDraft,2020-12-28 10:48:55.540,,
352,INQ1010154,BLS IMPORTS,2021-01-07 00:00:00.000,reminder to be sent on 7th of Janurary,EnquiryDraft,2020-12-28 10:51:26.280,,
353,INQ1010155,Blue Oceans General Trading Ltd,2021-01-07 00:00:00.000,Reminder to be sent on 7th of Janurary,EnquiryDraft,2020-12-28 10:54:13.373,,
354,INQ1010156,Blue Star Photo,2021-01-07 00:00:00.000,Reminder to be sent on 7thof Janurary,EnquiryDraft,2020-12-28 10:56:37.083,,
355,INQ1010157,Bob Carroll,2021-01-07 00:00:00.000,Reminder to be sent on 7th of Janurary,EnquiryDraft,2020-12-28 10:59:10.997,,
356,INQ1010158,Bojan,2021-01-07 00:00:00.000,Reminder to be sent on 7th of janurary,EnquiryDraft,2020-12-28 11:01:27.983,,
357,INQ1010159,BONNER SMITH,2021-01-07 00:00:00.000,Reminder to be sent on 7th of Janurary,EnquiryDraft,2020-12-28 11:03:56.387,,
358,INQ1010160,boomerangpaint,2021-01-07 00:00:00.000,Reminder to be sent on 7th of Janurary,EnquiryDraft,2020-12-28 11:23:44.063,,
359,INQ1010161,BRELIZO,2021-01-07 00:00:00.000,reminder to be sent on 7th of janurary,EnquiryDraft,2020-12-28 11:41:11.283,,
360,INQ1010162,Bridgewell Resources,2021-01-07 00:00:00.000,reminder to be sent on 7th of janurary,EnquiryDraft,2020-12-28 11:43:46.903,,
361,INQ1010163,Bristol Paper Recycling LLC,2021-01-07 00:00:00.000,reminder to be sent on 7th of January,EnquiryDraft,2020-12-28 11:47:46.980,,
362,INQ1010164,Broad way intermodal,2021-01-07 00:00:00.000,Reminder to be sent on 7th of Janurary,EnquiryDraft,2020-12-28 11:51:35.613,,
363,INQ1010165,Akram,2021-01-07 00:00:00.000,Reminder to be sent on 7th of Janurary,EnquiryDraft,2020-12-28 12:05:20.427,,
364,INQ1010170,Sky Aeromarine Logistics,2021-01-13 00:00:00.000,"Emails sent, try to follow up email.",EnquiryDraft,2020-12-28 13:10:01.903,,
365,INQ1010171,RAJPAT SHIPPING BANGLADESH,2021-01-13 00:00:00.000,"Sent intro email, follow up next time - TR",EnquiryDraft,2020-12-28 13:15:49.073,,
366,INQ1010172,Jamal Logistics,2021-01-13 00:00:00.000,"Sent intro email, follow up next time - TR",EnquiryDraft,2020-12-28 13:20:15.323,,
367,INQ1010180,DISTINGUÉ LLC/ MARVESOL Products,2021-02-25 00:00:00.000,called and said to follow up in march,EnquiryDraft,2020-12-28 17:13:36.167,,
269,INQ109970,Armerove Computer,2021-01-27 00:00:00.000,delete is no response,EnquiryDraft,2021-01-04 16:29:22.227,,
270,INQ109971,Arshad Mughal,2021-01-27 00:00:00.000,Delete if no response,EnquiryDraft,2021-01-04 16:30:48.683,,
369,INQ1010212,Bruce Janovec - C & T,2021-01-11 00:00:00.000,REMINDER TO BE SENT ON 11TH OF JANUARY,EnquiryDraft,2021-01-04 16:49:30.143,,
370,INQ1010213,Brunswick Trading,2021-01-11 00:00:00.000,REMINDER TO BE SENT ON 11TH OF JANUARY,EnquiryDraft,2021-01-04 16:56:40.540,,
371,INQ1010221,BurhanTec International,2021-01-11 00:00:00.000,Reminder to be sent on 11th of January,EnquiryDraft,2021-01-05 10:34:53.247,,
372,INQ1010222,NULL,2021-01-11 00:00:00.000,reminder to be sent on 11th of January,EnquiryDraft,2021-01-05 10:36:59.880,,
373,INQ1010223,Buxton Computer Consult,2021-01-11 00:00:00.000,Reminder to be sent on 11th of january,EnquiryDraft,2021-01-05 11:09:07.540,,
374,INQ1010225,BYARS HEAVY EQUIPMENT,2021-01-11 00:00:00.000,Reminder to be sent on 11th of January,EnquiryDraft,2021-01-05 11:14:04.520,,
375,INQ1010226,C & C Machinery LLC,2021-01-11 00:00:00.000,Reminder to be sent on 11th of january,EnquiryDraft,2021-01-05 11:18:33.593,,
376,INQ1010228,C & G TECHNOLOGIES,2021-01-11 00:00:00.000,Reminder to be sent on 11th of january,EnquiryDraft,2021-01-05 11:21:53.820,,
377,INQ1010229,C Trade Usa Inc 2222,2021-01-11 00:00:00.000,reminder to be sent on 11th of january,EnquiryDraft,2021-01-05 11:28:38.740,,
378,INQ1010231,C.E.D. INC,2021-01-11 00:00:00.000,Reminder to be sent on 11th  of January,EnquiryDraft,2021-01-05 11:37:57.140,,
379,INQ1010232,Californium Group,2021-01-11 00:00:00.000,Reminder to be sent on 11th of January,EnquiryDraft,2021-01-05 11:42:44.173,,
380,INQ1010233,CAL ROYAL PRODUCTS INC,2021-01-11 00:00:00.000,Reminder to be sent  on 11th of January,EnquiryDraft,2021-01-05 11:46:06.820,,
381,INQ1010234,CAMECO COMPUTERS,2021-01-11 00:00:00.000,Reminder to be sent on 11th of January,EnquiryDraft,2021-01-05 11:50:04.383,,
382,INQ1010235,CamTV,2021-01-11 00:00:00.000,Reminder to be sent  on 11th of  January,EnquiryDraft,2021-01-05 11:53:50.047,,
383,INQ1010236,Canada PC,2021-01-11 00:00:00.000,Reminder to be sent on 11th of January,EnquiryDraft,2021-01-05 11:58:28.650,,
273,INQ109974,Ashok Bhagat,2021-01-28 00:00:00.000,"Sent follow up email. - no number , email again- TR",EnquiryDraft,2021-01-05 16:20:56.217,,
384,INQ1010239,Cancomware S.A,2021-01-11 00:00:00.000,Reminder to be sent on 11th of January,EnquiryDraft,2021-01-05 16:39:45.983,,
275,INQ109976,ASIANEX,2021-01-28 00:00:00.000,followed up - TR,EnquiryDraft,2021-01-05 16:45:29.293,,
385,INQ1010240,CAPITAL SHREDDER CORP,2021-01-11 00:00:00.000,Reminder to be sent on 11th of January,EnquiryDraft,2021-01-05 16:46:40.130,,
386,INQ1010241,CDR Global Inc,2021-01-11 00:00:00.000,Reminder to be sent on 11th of January,EnquiryDraft,2021-01-05 16:54:20.407,,
387,INQ1010244,Champro Sports Equipment,2021-01-12 00:00:00.000,Reminder to be sent on 12th of January,EnquiryDraft,2021-01-06 10:30:00.870,,
388,INQ1010245,CHRIS William - c/o Naresh,2021-01-12 00:00:00.000,Reminder to be sent on 12th of January,EnquiryDraft,2021-01-06 10:36:27.477,,
389,INQ1010246,CITY ACCOUNTING,2021-01-12 00:00:00.000,Reminder to be sent on 12th of January,EnquiryDraft,2021-01-06 10:38:54.430,,
390,INQ1010247,Cloudblue Technologies,2021-01-12 00:00:00.000,Reminder to be sent on 12th of January,EnquiryDraft,2021-01-06 10:42:55.370,,
391,INQ1010248,CNB COMPUTERS INC,2021-01-12 00:00:00.000,Reminder to be sent on 12th of January,EnquiryDraft,2021-01-06 11:10:22.243,,
392,INQ1010249,COAST TO COAST,2021-01-12 00:00:00.000,Reminder to be sent on 12th of January,EnquiryDraft,2021-01-06 11:33:57.610,,
393,INQ1010250,Coletti International Corporation,2021-01-12 00:00:00.000,Reminder to be sent on 12th of January,EnquiryDraft,2021-01-06 11:39:03.857,,
394,INQ1010251,"Coast to Coast Equipment/From Scissors to Cranes, ",2021-01-12 00:00:00.000,Reminder to be sent on 12th of  January,EnquiryDraft,2021-01-06 13:23:42.843,,
277,INQ109978,ASIM (Power CON),2021-01-27 00:00:00.000,follow up email sent - TR,EnquiryDraft,2021-01-06 14:44:49.780,,
395,INQ1010252,Colony Tire Corporation,2021-01-12 00:00:00.000,Reminder to be sent on 12th of January,EnquiryDraft,2021-01-06 14:46:16.910,,
396,INQ1010255,Compudirect 3000 Inc.,2021-01-12 00:00:00.000,Reminder  to be sent on 12th of January For,EnquiryDraft,2021-01-06 14:59:11.783,,
397,INQ1010258,CompuQuest 2000,2021-01-12 00:00:00.000,Reminder to be sent on 12th of January,EnquiryDraft,2021-01-06 15:03:23.690,,
398,INQ1010260,CompuQuest USA Inc.,2021-01-12 00:00:00.000,Reminder to be sent on 12th of January,EnquiryDraft,2021-01-06 15:08:03.860,,
279,INQ109980,"Astrocom Systems LLC,",2021-02-03 00:00:00.000,Called and got a new email . Sent new email - TR,EnquiryDraft,2021-01-06 15:12:04.383,,
399,INQ1010261,Computel (IGLLC)(Ecycle Secure LLC),2021-01-12 00:00:00.000,Reminder to be sent on 12th of January,EnquiryDraft,2021-01-06 15:13:24.410,,
400,INQ1010263,computer export,2021-01-12 00:00:00.000,Reminder to be sent on 12th of January,EnquiryDraft,2021-01-06 15:28:04.047,,
401,INQ1010267,Computer International llc,2021-01-12 00:00:00.000,Reminder to be sent on 12th of January,EnquiryDraft,2021-01-06 15:34:08.097,,
402,INQ1010268,Computer Resource Center,2021-01-12 00:00:00.000,Reminder to be sent on 12th of January,EnquiryDraft,2021-01-06 15:52:22.187,,
403,INQ1010273,Computron Distribution Limited,2021-01-12 00:00:00.000,Reminder to be sent on 12th of January,EnquiryDraft,2021-01-06 15:57:10.940,,
404,INQ1010274,comtiks trading inc,2021-01-12 00:00:00.000,Reminder to be sent on 12th of January,EnquiryDraft,2021-01-06 16:02:09.797,,
405,INQ1010276,ConnecJa,2021-01-12 00:00:00.000,Reminder to be sent on 12th of January,EnquiryDraft,2021-01-06 16:15:35.557,,
406,INQ1010278,"CONNECTICUT METAL INDUSTRIES, INC.",2021-01-12 00:00:00.000,Reminder to be sent on 12th of January,EnquiryDraft,2021-01-06 16:17:43.933,,
407,INQ1010279,Continental Exports Limited,2021-01-12 00:00:00.000,Reminder to be sent on 12th of January,EnquiryDraft,2021-01-06 16:20:16.607,,
408,INQ1010280,Convention Housing Planners,2021-01-12 00:00:00.000,Reminder to be sent on 12th of January,EnquiryDraft,2021-01-06 16:22:42.447,,
409,INQ1010300,OLINGER HEAVY HAULING,2021-01-13 00:00:00.000,Reminder to be sent on 13th of january,EnquiryDraft,2021-01-07 12:08:34.577,,
410,INQ1010301,A & A GLOBAL,2021-01-13 00:00:00.000,Reminder to be sent on 13th of January,EnquiryDraft,2021-01-07 12:11:29.093,,
411,INQ1010303,A-1 LIBERTY INT L CLOTHES & SHOES,2021-01-13 00:00:00.000,Reminder to be sent on 13th of January,EnquiryDraft,2021-01-07 12:47:56.837,,
412,INQ1010304,NULL,2021-01-13 00:00:00.000,Reminder to be sent  on 13th of January,EnquiryDraft,2021-01-07 12:51:11.810,,
413,INQ1010305,AAF INTERNATIONAL,2021-01-13 00:00:00.000,Reminder to be sent on 13th of January,EnquiryDraft,2021-01-07 12:57:47.020,,
414,INQ1010306,ABA LINE PAPERS PRODUCES,2021-01-13 00:00:00.000,Reminder to be sent on 13th  of January,EnquiryDraft,2021-01-07 13:01:35.163,,
415,INQ1010307,A-B-EMBLEM,2021-01-13 00:00:00.000,Reminder to be sent on 13th of January,EnquiryDraft,2021-01-07 13:04:06.137,,
416,INQ1010308,ABEX TECHNOLOGY,2021-01-13 00:00:00.000,Reminder to be sent on Intro Email,EnquiryDraft,2021-01-07 13:06:43.797,,
417,INQ1010309,"ABF FREIGHT SYSTEM, INC",2021-01-13 00:00:00.000,Reminder to be sent on 13th of January,EnquiryDraft,2021-01-07 13:09:52.807,,
418,INQ1010310,ABSOLUTE SYSTEMS GROUP INC,2021-01-13 00:00:00.000,Reminder To be sent on 13th of January,EnquiryDraft,2021-01-07 13:12:31.217,,
419,INQ1010312,ACCURATE LOGISTICS,2021-01-13 00:00:00.000,Reminder to be sent on 13th of January,EnquiryDraft,2021-01-07 13:14:40.337,,
420,INQ1010313,ACE IRON & METAAL CO,2021-01-13 00:00:00.000,Reminder To Be Sent On 13th Of January,EnquiryDraft,2021-01-07 13:17:04.390,,
283,INQ109984,"AUTOMATION.INC,",2021-02-25 00:00:00.000,"called them, said they dont have any need for our services. Not good potential. - TR",EnquiryDraft,2021-01-19 13:01:47.943,,
284,INQ109985,Avenger Fab & Supply Inc.,2021-04-22 00:00:00.000,Spoke to them and I see no prospects. Everything they do is US based.,EnquiryDraft,2021-01-19 13:21:11.480,,
288,INQ109989,"AX Healthcare Solution, LLC",2021-02-25 00:00:00.000,Sent follow up email. Might not be operational any more -TR,EnquiryDraft,2021-01-19 14:25:10.307,,
303,INQ1010041,Bagelmania,2021-02-17 00:00:00.000,Sent a EOI for separtra,EnquiryDraft,2021-02-02 13:18:10.880,,
308,INQ1010046,"Bentonville Plastics, Inc.",2021-04-19 00:00:00.000,Spoke on call with Lavetta and she said its purely customer based. Low protentional of seeing business,EnquiryDraft,2021-02-03 15:21:00.553,,
311,INQ1010049,BIZCO TECHNOLOGIES,2021-04-08 00:00:00.000,"called this company ,no answer.",EnquiryDraft,2021-02-03 15:47:13.153,,
317,INQ1010093,ABC GLOBAL RESOURCES USA,2021-02-27 00:00:00.000,sent follow up email. No other contact information to go on,EnquiryDraft,2021-02-11 13:57:50.573,,
328,INQ1010108,Ahmed,2021-04-01 00:00:00.000,sENT FOLLOW UP EMAIL. vERY LOW PROSPECTS,EnquiryDraft,2021-02-11 16:12:49.540,,
338,INQ1010122,Allura Imports,2021-03-01 00:00:00.000,Will reach out when imports are more stabilized,EnquiryDraft,2021-02-12 15:08:37.227,,
451,INQ1011538,SAP Global Logistics,2021-08-23 00:00:00.000,TO COMPLETE THE INQUIRY,EnquiryDraft,2021-08-20 13:05:09.547,,
451,INQ1011538,SAP Global Logistics,2021-08-20 00:00:00.000,TO COMPLETE ON FRIDAY,EnquiryDraft,2021-08-20 13:10:35.460,,
455,INQ1011574,WEPORT,2021-08-31 00:00:00.000,QUOTATION TO BE CREATED INQ CREATED ON MONDAY 30TH AUG,EnquiryDraft,2021-08-30 10:37:14.667,,
456,INQ1011575,Vertex Express Freight Forwarder1111,2021-08-31 00:00:00.000,QUOTATION TO BE CREATED. INQ CREATED ON MONDAY 30TH AUG,EnquiryDraft,2021-08-30 10:49:28.720,,
473,INQ1013424,T and J Equipment,2022-08-19 00:00:00.000,Check for testing purpose,EnquiryDraft,2022-08-19 10:45:15.793,,
473,INQ1013424,T and J Equipment,2022-08-19 00:00:00.000,This is second remark,EnquiryDraft,2022-08-19 10:48:01.287,,
473,INQ1013424,T and J Equipment,2022-08-22 00:00:00.000,This is Third remark,EnquiryDraft,2022-08-19 10:50:08.820,,
474,INQ1013479,A & I PRODUCTS,2022-08-26 00:00:00.000,Talk to him over phone,EnquiryDraft,2022-08-26 06:16:23.133,,
475,INQ1013480,NULL,2022-08-26 00:00:00.000,Visit their office,EnquiryDraft,2022-08-26 06:30:25.530,,
475,INQ1013480,NULL,2022-09-04 00:00:00.000,Visited their office  on 26 th Aug  and  in the meeting decided to  visit their factory on  5 th Sept,EnquiryDraft,2022-08-26 06:40:05.553,,
475,INQ1013480,NULL,2022-09-09 00:00:00.000,Received a phone call factory visit date was changed ot 10 th Sept,EnquiryDraft,2022-08-26 06:45:44.687,,
476,INQ1013487,Zurn Wilkins,2022-09-05 00:00:00.000,Spoke to Roger today he advised to contact after 5 days,EnquiryDraft,2022-08-26 16:39:50.673,,
476,INQ1013487,Zurn Wilkins,2022-09-02 00:00:00.000,Roger called and revscheduked meeting for 2n Sept at 1:00 pm,EnquiryDraft,2022-08-26 16:45:30.697,,
478,INQ1013514,NULL,2022-09-12 00:00:00.000,Sent introductory Email,EnquiryDraft,2022-09-02 16:33:51.650,,
478,INQ1013514,NULL,2022-09-14 00:00:00.000,called and said hello,EnquiryDraft,2022-09-02 16:41:50.773,,
479,INQ1013516,P P BAFNA VENTURES PVT LTD,2022-09-02 00:00:00.000,Good instruction by Chaks,EnquiryDraft,2022-09-02 16:47:22.403,,
482,INQ1013779,ABX Innovative pacakaging LLC,2022-11-04 00:00:00.000,He advised to call back after a week,EnquiryDraft,2022-10-28 16:27:11.797,,
483,INQ1013780,Accurate Cargo Delivery Systems,2022-10-28 00:00:00.000,Contact later part of the day,EnquiryDraft,2022-10-28 16:30:01.753,,
484,INQ1013790,Hobart Brothers LLC,2022-11-07 00:00:00.000,"CHecked in via phone call, left voice message",EnquiryDraft,2022-10-31 15:43:21.727,,
485,INQ1013815,KERVAN USA LLC,2022-11-08 00:00:00.000,"Contacted re Sales lead sent from Florencia at Solibra in Turkey. 
Advised that buyer in Turkey makes shipping descisions",EnquiryDraft,2022-11-03 16:58:10.560,,
486,INQ1014040,Chaks,2022-12-27 00:00:00.000,Need early shipment,EnquiryDraft,2022-12-27 04:48:40.073,,
486,INQ1014040,Chaks,2022-12-30 00:00:00.000,Recheck with me on 30 th Dec,EnquiryDraft,2022-12-27 04:55:07.330,,
486,INQ1014040,Chaks,2022-12-29 00:00:00.000,Tested on 28-12-2022,EnquiryDraft,2022-12-28 03:31:59.853,,
493,INQ1014405,ATLAS LOGISTICS INTERNATIONAL,2023-02-18 00:00:00.000,spoke to customer and he asked to contact  on 18 th Feb. He also shared a document which is attached here,EnquiryDraft,2023-02-16 03:02:46.950,,
493,INQ1014405,ATLAS LOGISTICS INTERNATIONAL,2023-02-20 00:00:00.000,"Here I am pasting taste from external source using Cop and Paste option
""Observe the following in this screen
YTD ( Year To Date )   Shows the total Inquiries handled till date in the current year 
MTD ( Month To Date ) Shows the total Inquiries handled till date in the current month
Pending Inquiries
        Click the Urgent Bucket to view the urgent inquiries – Action overdue and action due today
         Click the Complete Bucket to view all the  inquiries ( Urgent + planned for action in fut",EnquiryDraft,2023-02-16 03:11:44.773,,
494,INQ1014411,ALI OVERSEAS TRADERS,2023-02-16 00:00:00.000,Call in the evening,EnquiryDraft,2023-02-16 12:57:28.760,,
495,INQ1014412,ALI OVERSEAS TRADERS,2023-02-23 00:00:00.000,Call after a week 16/2/2023,EnquiryDraft,2023-02-16 13:02:46.797,,
494,INQ1014411,ALI OVERSEAS TRADERS,2023-02-16 00:00:00.000,Will send inquiry for quotation,EnquiryDraft,2023-02-16 13:14:10.150,,
494,INQ1014411,ALI OVERSEAS TRADERS,2023-02-16 00:00:00.000,Linda may need shipment soon for single or double machineries,EnquiryDraft,2023-02-16 13:17:47.593,,
500,INQ1014877,KERVAN USA LLC,2023-04-04 00:00:00.000,This is a trial  record created by Chaks,EnquiryDraft,2023-04-04 09:38:17.213,,
501,INQ1014878,KERVAN USA LLC,2023-04-06 00:00:00.000,This is second record of  KERVAN USA,EnquiryDraft,2023-04-04 09:42:59.720,,
500,INQ1014877,KERVAN USA LLC,2023-07-31 00:00:00.000,This is second remark added on  30 th July 2023,EnquiryDraft,2023-07-30 05:06:37.210,,
500,INQ1014877,KERVAN USA LLC,2024-01-06 00:00:00.000,CHECKING DONE BY ASHAR,EnquiryDraft,2024-01-06 15:12:42.197,,
500,INQ1014877,KERVAN USA LLC,2024-01-10 00:00:00.000,ASHAR CHECKING NEXT ACTIVITY DATE,EnquiryDraft,2024-01-06 15:14:53.363,,
518,INQ1016938,AFFORDABLE MACHINERY,2024-01-06 00:00:00.000,"10/20 Lisa will “put me in touch with the relevant team”
This is updated by Ashar on 1/6/2024",EnquiryDraft,2024-01-06 15:25:23.000,,
518,INQ1016938,AFFORDABLE MACHINERY,2024-01-06 00:00:00.000,"12/8/23 left msg w/Lucy
updated by ashar on 1/6/2024",EnquiryDraft,2024-01-06 15:28:28.220,,
518,INQ1016938,AFFORDABLE MACHINERY,2024-01-06 00:00:00.000,"1/2/24 New Years Grettings sent 
updated by ashar on 1/6/2024",EnquiryDraft,2024-01-06 15:30:48.477,,
519,INQ1016946,ENGINEER FIRE,2024-01-08 00:00:00.000,"11/3 Ambulance move NY > Guayaqil .
UPDATED BY ASHAR ON 1/8/24",EnquiryDraft,2024-01-08 11:00:38.383,,
519,INQ1016946,ENGINEER FIRE,2024-01-08 00:00:00.000,"12/28 Happy Hoiday.
UPDATED BY ASHAR ON 1/8/24",EnquiryDraft,2024-01-08 11:03:10.210,,
519,INQ1016946,ENGINEER FIRE,2024-01-08 00:00:00.000,1/2/24 New Years Grettings sent .UPDATED BY ASHAR ON 1/8/24,EnquiryDraft,2024-01-08 11:04:06.163,,
520,INQ1016951,HOLLINGER EQUIPMENT SALES,2024-01-08 00:00:00.000,"Sent Email 11/2 Hamid advs GK picks up equip for customer Arturo here. E mail sent. 
UPDATED BY ASHAR",EnquiryDraft,2024-01-08 11:14:50.953,,
521,INQ1016957,INJECTION DEPOT GROUP,2024-01-08 00:00:00.000,"1/2/24 New Years Grettings sent E mail & V/M  -no response.
UPDATED BY ASHAR ON 1/8/24",EnquiryDraft,2024-01-08 12:32:27.463,,
522,INQ1016959,"Moses B. Glick, LLC",2024-01-08 00:00:00.000,"5/19/23 Phone Call
UPDATED BY ASHAR",EnquiryDraft,2024-01-08 12:39:15.187,,
522,INQ1016959,"Moses B. Glick, LLC",2024-01-08 00:00:00.000,"12/8/23 E mail sent
updated by ashar on 1/8/24",EnquiryDraft,2024-01-08 12:40:58.650,,
522,INQ1016959,"Moses B. Glick, LLC",2024-01-08 00:00:00.000,"1/2/24 New Years Grettings sent
updated by ashar",EnquiryDraft,2024-01-08 12:42:25.947,,
523,INQ1016962,NULL,2024-01-08 00:00:00.000,"12/8/23 sent E mail advsng auction is coming.
updated by ashar on 1/8/2024",EnquiryDraft,2024-01-08 13:05:01.217,,
523,INQ1016962,NULL,2024-01-08 00:00:00.000,1/2/24 New Years Grettings sent,EnquiryDraft,2024-01-08 13:05:43.387,,
524,INQ1016963,ENGINEER FIRE,2024-01-08 00:00:00.000,"11/3 Ambulance move NY > Guayaqil .
updated by ashar.",EnquiryDraft,2024-01-08 13:07:25.103,,
524,INQ1016963,ENGINEER FIRE,2024-01-08 00:00:00.000,"12/28 Happy Hoiday.
updated by ashar",EnquiryDraft,2024-01-08 13:08:21.950,,
525,INQ1016965,EQUIPMENT BUYERS GROUP,2024-01-08 00:00:00.000,"5/17/2023 Nice chat, He almost had some
updated by ashar",EnquiryDraft,2024-01-08 13:14:19.720,,
525,INQ1016965,EQUIPMENT BUYERS GROUP,2024-01-08 00:00:00.000,"1/2/24 New Years Grettings sent.
updated by ashar",EnquiryDraft,2024-01-08 13:15:12.090,,
520,INQ1016951,HOLLINGER EQUIPMENT SALES,2024-01-08 00:00:00.000,"12/8 Nice chat w/jason. He has customers in need of exporting.
updated by ashar",EnquiryDraft,2024-01-08 13:17:00.223,,
520,INQ1016951,HOLLINGER EQUIPMENT SALES,2024-01-08 00:00:00.000,"1/2/24 New Years Grettings sent
updated by ashar on 1/8/2024",EnquiryDraft,2024-01-08 13:18:14.563,,
526,INQ1016967,"I.E. Machine Tools, Inc.",2024-01-08 00:00:00.000,"E mail 8/20/2022  Email introduction sent by Gorham to this account with MGL in copy.
UPDATED BY ASHAR ON 1/8/24",EnquiryDraft,2024-01-08 13:21:29.177,,
526,INQ1016967,"I.E. Machine Tools, Inc.",2024-01-08 00:00:00.000,"12/14 Left V/M 12/8 Emailed them re Hamid CHI trip Dec 27&28.
UPDATED BY ASHAR ON 1/8/24",EnquiryDraft,2024-01-08 13:23:18.127,,
526,INQ1016967,"I.E. Machine Tools, Inc.",2024-01-08 00:00:00.000,"1/2/24 New Years Grettings sent
UPDATED BY ASHAR ON 1/8/2024",EnquiryDraft,2024-01-08 13:24:05.063,,
527,INQ1016969,Infinity Pack & Ship,2024-01-08 00:00:00.000,"8/22/23 E mail sent Sepatra offer.
UPDATED BY ASHAR ON 1/8/2024",EnquiryDraft,2024-01-08 13:30:35.207,,
527,INQ1016969,Infinity Pack & Ship,2024-01-08 00:00:00.000,"12/8 Sent F/U.
UPDATED BY ASHAR ON 1/8/2024",EnquiryDraft,2024-01-08 13:31:35.150,,
527,INQ1016969,Infinity Pack & Ship,2024-01-08 00:00:00.000,"1/2/24 New Years Grettings sent.
UPDATED BY ASHAR",EnquiryDraft,2024-01-08 13:32:07.613,,
528,INQ1016971,ADVANCED INDUSTRIAL SERVICES (AIS),2024-01-08 00:00:00.000,"High End Industrial Rigger, Emailed.",EnquiryDraft,2024-01-08 14:30:45.143,,
529,INQ1016972,ADVANCED INDUSTRIAL SERVICES (AIS),2024-01-08 00:00:00.000,12/12 met Jenn at Lancaster PA site,EnquiryDraft,2024-01-08 14:32:31.570,,
530,INQ1016973,ADVANCED INDUSTRIAL SERVICES (AIS),2024-01-09 00:00:00.000,1/2/24 New Years Grettings sent,EnquiryDraft,2024-01-08 14:33:37.413,,
531,INQ1016975,ADVANCED INDUSTRIAL SERVICES (AIS),2024-01-09 00:00:00.000,"High End Industrial Rigger, Emailed.",EnquiryDraft,2024-01-08 14:46:18.547,,
532,INQ1016976,ADVANCED INDUSTRIAL SERVICES (AIS),2024-01-09 00:00:00.000,12/12 met Jenn at Lancaster PA site,EnquiryDraft,2024-01-08 14:48:19.527,,
533,INQ1016980,ARIZONA AUCTIONERS,2024-01-08 00:00:00.000,"Reached out 2 x via website info page. No word back  
UPDATED BT ASHAR ON 1/8/2024",EnquiryDraft,2024-01-08 16:48:55.220,,
534,INQ1016981,ASSET SALES,2024-01-08 00:00:00.000,"10/6 Emailed.
UPDATED BY ASHAR ON 1/8/2024",EnquiryDraft,2024-01-08 16:54:44.073,,
535,INQ1016985,AUCTIONTIME,2024-01-08 00:00:00.000,"10/17 Pasted msge. single piece Listings of used equip and auctions Showroom: Elk Grove Village IL. There is a ""shipping quote"" button already.
UPDATED BY ASHAR ON 1/18/2024",EnquiryDraft,2024-01-08 17:01:40.360,,
536,INQ1016986,BIDADOO AUCTIONS,2024-01-08 00:00:00.000,"10/17 E mailed. single piece Auctions of constr machines located across USA. One here, One there. Not centralized .
UPDATED BY ASHAR ON 1/8/2024",EnquiryDraft,2024-01-08 17:05:15.580,,
536,INQ1016986,BIDADOO AUCTIONS,2024-01-08 00:00:00.000,1/2/24 New Years Grettings sent.UPDATED BY ASHAR ON 1/8/2024,EnquiryDraft,2024-01-08 17:05:59.647,,
537,INQ1016987,BIDEQUIP LLC,2024-01-08 00:00:00.000,"10/17 Emailed Listing of used equip and auctions by date and location.
UPDATED BY ASHAR ON 1/8/2024",EnquiryDraft,2024-01-08 17:08:23.037,,
536,INQ1016986,BIDADOO AUCTIONS,2024-01-08 00:00:00.000,"1/2/24 New Years Grettings sent.
UPDATED BY ASHAR ON 1/8/2024",EnquiryDraft,2024-01-08 17:09:09.413,,
537,INQ1016987,BIDEQUIP LLC,2024-01-08 00:00:00.000,1/2/24 New Years Grettings sent,EnquiryDraft,2024-01-08 17:12:43.820,,
538,INQ1016988,BLACK STAR AUCTIONS,2024-01-08 00:00:00.000,"10/17 pasted msg .
UPDATED BY ASHAR ON 1/8/2024",EnquiryDraft,2024-01-08 17:16:02.753,,
539,INQ1016990,BTM INDUSTRIAL,2024-01-08 00:00:00.000,"8/20/2022  Email introduction sent by Gorham to this account with MGL in copy.
UPDATED BY ASHAR ON 1/8/2024",EnquiryDraft,2024-01-08 17:19:56.387,,
539,INQ1016990,BTM INDUSTRIAL,2024-01-08 00:00:00.000,"10/17 Email.
UPDATED BY ASHAR ON 1/8/24",EnquiryDraft,2024-01-08 17:21:15.350,,
539,INQ1016990,BTM INDUSTRIAL,2024-01-08 00:00:00.000,"1/2/24 New Years Grettings sent.
UPDATED BY ASHAR ON 1/8/24",EnquiryDraft,2024-01-08 17:21:57.380,,
540,INQ1016991,CAPITOL RECOVERY GROUP,2024-01-08 00:00:00.000,"10/6 Emailed.
UPDATED BY ASHAR ON 1/8/24",EnquiryDraft,2024-01-08 17:25:08.910,,
540,INQ1016991,CAPITOL RECOVERY GROUP,2024-01-08 00:00:00.000,"1/2/24 New Years Grettings sent.
UPDATED BY ASHAR ON 1/8/2024",EnquiryDraft,2024-01-08 17:25:50.303,,
541,INQ1016992,CHARLESTON AUCTIONS,2024-01-08 00:00:00.000,"10/6 Emailed.
UPDATED BY ASHAR ON 1/8/2024",EnquiryDraft,2024-01-08 17:28:06.560,,
541,INQ1016992,CHARLESTON AUCTIONS,2024-01-08 00:00:00.000,"1/2/24 New Years Grettings sent.
UPDATED BY ASHAR ON 1/8/24",EnquiryDraft,2024-01-08 17:29:17.523,,
542,INQ1016993,CLT AUCTIONS,2024-01-08 00:00:00.000,"10/6 Emailed.
UPDATED BY ASHAR ON 1/8/2024",EnquiryDraft,2024-01-08 17:32:32.370,,
542,INQ1016993,CLT AUCTIONS,2024-01-08 00:00:00.000,"1/2/24 New Years Grettings sent.
UPDATED BY ASHAR ON 1/8/24",EnquiryDraft,2024-01-08 17:33:23.610,,
543,INQ1016994,CORPORATE ASSETS INC.,2024-01-08 00:00:00.000,"10/6 Emailed.
UPDATED BY ASHAR ON 1/8/24",EnquiryDraft,2024-01-08 17:36:26.450,,
543,INQ1016994,CORPORATE ASSETS INC.,2024-01-08 00:00:00.000,"1/2/24 New Years Grettings sent 
UPDATED BY ASHAR ON 1/8/24",EnquiryDraft,2024-01-08 17:37:12.160,,
544,INQ1016995,ADVANCED INDUSTRIAL SERVICES (AIS),2024-01-09 00:00:00.000,"High End Industrial Rigger, Emailed.",EnquiryDraft,2024-01-08 18:09:45.627,,
545,INQ1016996,ADVANCED INDUSTRIAL SERVICES (AIS),2024-01-09 00:00:00.000,"High End Industrial Rigger, Emailed.",EnquiryDraft,2024-01-08 18:16:13.380,,
546,INQ1016997,ADVANCED INDUSTRIAL SERVICES (AIS),2024-01-09 00:00:00.000,"High End Industrial Rigger, Emailed.",EnquiryDraft,2024-01-08 18:23:33.540,,
547,INQ1016998,NULL,2024-01-08 00:00:00.000,"10/17 Emailed .
UPDATED BY ASHAR 1/8/24",EnquiryDraft,2024-01-08 22:34:37.150,,
547,INQ1016998,NULL,2024-01-08 00:00:00.000,"1/2/24 New Years Grettings sent .
UPDATED BY ASHAR ON 1/8/24",EnquiryDraft,2024-01-08 22:37:54.107,,
548,INQ1016999,EX FACTORY US,2024-01-08 00:00:00.000,"10/17 pasted ""conct us"".
UPDATED BY ASHAR ON 1/8/24",EnquiryDraft,2024-01-08 22:43:21.083,,
548,INQ1016999,EX FACTORY US,2024-01-08 00:00:00.000,"1/2/24 New Years Grettings sent.
UPDATED BY ASHAR ON 1/8/24",EnquiryDraft,2024-01-08 22:44:16.010,,
549,INQ1017000,Federal Equipment Company,2024-01-08 00:00:00.000,"10//17 no near E mailed.
UPDATED BY ASHAR ON 1/8/24",EnquiryDraft,2024-01-08 22:46:17.050,,
550,INQ1017001,Glenn Fritts/ Commercial realtor PA,2024-01-08 00:00:00.000,"Aided in auctioning off a coal mine in PA .
UPDATED BY ASHAR ON 1/8/24",EnquiryDraft,2024-01-08 22:48:35.633,,
550,INQ1017001,Glenn Fritts/ Commercial realtor PA,2024-01-08 00:00:00.000,"1/2/24 New Years Grettings sent.
UPDATED BY ASHAR ON 1/8/2024",EnquiryDraft,2024-01-08 22:49:46.803,,
551,INQ1017002,GLOBAL PARTNERS,2024-01-08 00:00:00.000,"10/17 Emailed.
UPDATED BY ASHAR ON 1/8/24",EnquiryDraft,2024-01-08 22:53:10.983,,
551,INQ1017002,GLOBAL PARTNERS,2024-01-08 00:00:00.000,"1/2/24 New Years Grettings sent.
UPDATED BY ASHAR ON 1/8/24",EnquiryDraft,2024-01-08 22:53:57.663,,
552,INQ1017003,GRAFE AUCTIONS,2024-01-08 00:00:00.000,"10/17 Emailed.
UPDATED BY ASHAR ON 1/8/24",EnquiryDraft,2024-01-08 22:57:24.043,,
552,INQ1017003,GRAFE AUCTIONS,2024-01-08 00:00:00.000,"1/2/24 New Years Grettings sent.
UPDATED BY ASHAR ON 1/8/24",EnquiryDraft,2024-01-08 22:58:02.557,,
553,INQ1017004,HARBOR MACHINERY INC,2024-01-08 00:00:00.000,"11/10/23 handled CAD machine for John Zhao.
UPDATED BY ASHAR ON 1/8/24",EnquiryDraft,2024-01-08 23:01:01.213,,
553,INQ1017004,HARBOR MACHINERY INC,2024-01-08 00:00:00.000,"1/2/24 New Years Grettings sent.
UPDATED BY ASHAR ON 1/8/24",EnquiryDraft,2024-01-08 23:02:31.173,,
554,INQ1017005,HARRY DAVIS AND COMPANY,2024-01-08 00:00:00.000,"E mail 8/20/2022  Email introduction sent by Gorham to this account with MGL in copy.
UPDATED BY ASHAR ON 1/8/24",EnquiryDraft,2024-01-08 23:04:52.977,,
554,INQ1017005,HARRY DAVIS AND COMPANY,2024-01-08 00:00:00.000,"10/17 E mail reminder.
UPDATED BY ASHAR ON 1/8/24",EnquiryDraft,2024-01-08 23:05:37.243,,
554,INQ1017005,HARRY DAVIS AND COMPANY,2024-01-08 00:00:00.000,"1/2/24 New Years Grettings sent
UPDATED BY ASHAR ON 1/8/24",EnquiryDraft,2024-01-08 23:06:21.067,,
555,INQ1017006,HERITAGE GLOBAL PARTNERS,2024-01-08 00:00:00.000,"11/7 Jon Zhao purchased 3 CAD machines. 
UPDATED BY ASHAR ON 1/8/24",EnquiryDraft,2024-01-08 23:09:38.040,,
555,INQ1017006,HERITAGE GLOBAL PARTNERS,2024-01-08 00:00:00.000,"1/2/24 New Years Grettings sent .
UPDATED BY ASHAR ON1/8/24",EnquiryDraft,2024-01-08 23:10:18.067,,
556,INQ1017007,HOLLAND INDUSTRIAL GROUP,2024-01-08 00:00:00.000,"7/25/23 sent biz prospect  E mail  .
UPDATED BY ASHAR ON 1/8/24",EnquiryDraft,2024-01-08 23:12:26.940,,
556,INQ1017007,HOLLAND INDUSTRIAL GROUP,2024-01-08 00:00:00.000,"10/17 nothing nearby.
UPDATED BY ASHAR 1/8/24",EnquiryDraft,2024-01-08 23:15:20.630,,
556,INQ1017007,HOLLAND INDUSTRIAL GROUP,2024-01-08 00:00:00.000,"1/2/24 New Years Grettings sent.
UPDATED BY ASHAR ON 1/8/24",EnquiryDraft,2024-01-08 23:16:04.683,,
557,INQ1017010,"HP LOGISTICS CO., LTD AUCTIONER",2024-01-09 00:00:00.000,"Dozer fm North Country Auctions
UPDATED BY ASHAR ON 1/9/24",EnquiryDraft,2024-01-09 08:36:57.450,,
557,INQ1017010,"HP LOGISTICS CO., LTD AUCTIONER",2024-01-09 00:00:00.000,"1/2/24 New Years Grettings sent
UPDATED BY ASHAR ON 1/9/24",EnquiryDraft,2024-01-09 08:38:29.570,,
557,INQ1017010,"HP LOGISTICS CO., LTD AUCTIONER",2024-01-09 00:00:00.000,"3/24/23 GK had done a shipment for this co.
UPDATED BY ASHAR 1/9/24",EnquiryDraft,2024-01-09 08:39:40.880,,
558,INQ1017011,HUNYADY AUCTIONS,2024-01-09 00:00:00.000,"Request to attend auction Sept 27th, Bound Brook NJ.
UPDATED BY ASHAR ON 1/9/24",EnquiryDraft,2024-01-09 08:42:38.353,,
558,INQ1017011,HUNYADY AUCTIONS,2024-01-09 00:00:00.000,"12/28 Happy Hoiday.
UPDATED BY ASHAR 1/9/24",EnquiryDraft,2024-01-09 08:43:27.360,,
558,INQ1017011,HUNYADY AUCTIONS,2024-01-09 00:00:00.000,"1/2/24 New Years Grettings sent .
UPDATED BY ASHAR 1/9/24",EnquiryDraft,2024-01-09 08:44:21.840,,
559,INQ1017012,INTEGRA ASSET SOLUTIONS,2024-01-09 00:00:00.000,"6/22/23 Telecon with Hamid .
UPDATED BY ASHAR 1/9/24",EnquiryDraft,2024-01-09 08:46:55.870,,
559,INQ1017012,INTEGRA ASSET SOLUTIONS,2024-01-09 00:00:00.000,"12/14 tel call John advs we are in consideration stll for 
UPDATED BY ASHAR 1/9/24",EnquiryDraft,2024-01-09 08:48:37.133,,
559,INQ1017012,INTEGRA ASSET SOLUTIONS,2024-01-09 00:00:00.000,"12/28 Happy Hoiday.
UPDATED BY ASHAR 1/9/24",EnquiryDraft,2024-01-09 08:50:14.410,,
559,INQ1017012,INTEGRA ASSET SOLUTIONS,2024-01-09 00:00:00.000,"1/2/24 New Years Grettings sent Sepetra proposal.Johnin FL for winter. Visits his dad in Cape Coral FL for holidays.  
UPDATED BY ASHAR ON 1/9/24",EnquiryDraft,2024-01-09 08:50:59.920,,
560,INQ1017013,IRON HORSE AUCTIONS,2024-01-09 00:00:00.000,"1/2/24 New Years Grettings sent.
UPDATED BY ASHAR ON 1/9/24",EnquiryDraft,2024-01-09 08:54:37.107,,
561,INQ1017014,IRON PLANET-RICHIE BROS,2024-01-09 00:00:00.000,"Auctions of machines located across USA. One here, One there. Not centralized .
UPDATED BY ASHAR ON 1/9/24",EnquiryDraft,2024-01-09 08:56:46.353,,
562,INQ1017015,IRS AUCTIONS,2024-01-09 00:00:00.000,"10/3/23: Chuck is one person there, may not be right party to contact.
UPDATED BY ASHAR ON 1/9/24",EnquiryDraft,2024-01-09 09:00:56.970,,
562,INQ1017015,IRS AUCTIONS,2024-01-09 00:00:00.000,"1/2/24 New Years Grettings sent.
UPDATED BY ASHAR ON 1/8/24",EnquiryDraft,2024-01-09 09:01:36.710,,
563,INQ1017016,JOESEPH FINN CO,2024-01-09 00:00:00.000,"1/2/24 New Years Grettings sent
UPDATED BY ASHAR ON 1/8/24",EnquiryDraft,2024-01-09 09:07:17.450,,
564,INQ1017017,Kempler Industries Used Machinery,2024-01-09 00:00:00.000,"12/14 Lft V/M for ""person"" (very busy per receptionist) re Hamid apt when in CHI 12/27, 28th.
UPDATED BY ASHAR ON 1/9/24",EnquiryDraft,2024-01-09 09:23:23.587,,
564,INQ1017017,Kempler Industries Used Machinery,2024-01-09 00:00:00.000,"1/2/24 New Years Grettings sent .
UPDATED BY ASHAR ON 1/9/24",EnquiryDraft,2024-01-09 09:25:34.390,,
565,INQ1017018,KURTZ TRADING,2024-01-09 00:00:00.000,"Auctions held at their base location in PA.
updated by ashar on 1/9/24",EnquiryDraft,2024-01-09 09:29:01.583,,
566,INQ1017020,ADVANCED INDUSTRIAL SERVICES (AIS),2024-01-10 00:00:00.000,"12/12 met Jenn at Lancaster PA site. High End Industrial Rigger, Emailed. updated by Anjum on 9th jan.2024",EnquiryDraft,2024-01-09 09:44:08.167,,
567,INQ1017021,LIQUID ASSET PARTNERS,2024-01-09 00:00:00.000,"1/2/24 New Years Grettings sent
updated by ashar",EnquiryDraft,2024-01-09 10:08:39.050,,
529,INQ1016972,ADVANCED INDUSTRIAL SERVICES (AIS),2024-01-10 00:00:00.000,1/2/24 New Years Grettings sent  UPDATED ON 9TH JANUARY 2024,EnquiryDraft,2024-01-09 10:15:50.890,,
568,INQ1017023,LOEB EQUIPMENT,2024-01-09 00:00:00.000,"12/9 & 13 sent inquiry re Hamid visit to CHI.
UPDATED BY ASHAR ON 1/9/24",EnquiryDraft,2024-01-09 10:17:12.913,,
568,INQ1017023,LOEB EQUIPMENT,2024-01-09 00:00:00.000,"1/2/24 New Years Grettings sent.
UPDATED BY ASHAR ON 1/9/24",EnquiryDraft,2024-01-09 10:21:26.297,,
569,INQ1017024,MACHINE TOOL BIDS,2024-01-09 00:00:00.000,"1/2/24 New Years Grettings sent.
UPDATED BY ASHAR ON 1/9/24",EnquiryDraft,2024-01-09 10:23:33.337,,
570,INQ1017026,C & C MILLWRIGHT MAINATAINANCE,2024-01-10 00:00:00.000,12/1 lft V/M 11/1/23 Beckey Hodges fm Revelation Mach reccomend UPDATED ON 9TH JANUARY 2024,EnquiryDraft,2024-01-09 10:45:47.390,,
570,INQ1017026,C & C MILLWRIGHT MAINATAINANCE,2024-01-10 00:00:00.000,1/2/24 New Years Grettings sent  UPDATED BY ANJUM ON 9TH JANUARY 2024,EnquiryDraft,2024-01-09 10:55:44.107,,
571,INQ1017028,C.A.S. RIGGING,2024-01-10 00:00:00.000,10/25/2023 Hamid visit to Thomas auciton site in Southington CT. UPDATED BY ANJUM ON 9TH JANUARY 2024,EnquiryDraft,2024-01-09 11:03:15.510,,
571,INQ1017028,C.A.S. RIGGING,2024-01-10 00:00:00.000,12/8 Sent email offer Sepetra. UPDATED BY ANJUM ON 9TH JANUARY 2024,EnquiryDraft,2024-01-09 11:05:12.960,,
571,INQ1017028,C.A.S. RIGGING,2024-01-10 00:00:00.000,1/2/24 New Years Grettings sent. UPDATED BY ANJUM ON 9TH JANUARY 2024,EnquiryDraft,2024-01-09 11:06:15.640,,
572,INQ1017029,Commercial Riggers 2222,2024-01-10 00:00:00.000,6/21 Rigger for Mr. Ping. Moved 2 shipments LCL & 40'HC  NH > HKG. UPDATED BY ANJUM ON 9TH JANUARY 2024,EnquiryDraft,2024-01-09 11:13:12.590,,
572,INQ1017029,Commercial Riggers 2222,2024-01-10 00:00:00.000,8/22/23 E mail sent Sepatra offer. UPDATED BY ANJUM ON 9TH JANUARY 2024,EnquiryDraft,2024-01-09 11:16:19.010,,
573,INQ1017030,CP Millwright Fabrication,2024-01-10 00:00:00.000,12/8 Sent email offer Sepetra Very heavy duty. Whole plants dissassmbled. UPDATED BY ANJUM ON 9TH JANUARY 2024,EnquiryDraft,2024-01-09 11:26:20.643,,
573,INQ1017030,CP Millwright Fabrication,2024-01-10 00:00:00.000,1/2/24 New Years Grettings sent. UPDATED BY ANJUM ON 9TH JANUARY 2024,EnquiryDraft,2024-01-09 11:28:52.210,,
574,INQ1017032,CRITTENDEN MILLWRIGHT & FABRICATION,2024-01-10 00:00:00.000,11/1/23 Beckey Hodges fm Revelation Mach recommend . UPDATED BY ANJUM ON 9TH JANUARY 2024,EnquiryDraft,2024-01-09 12:04:25.090,,
574,INQ1017032,CRITTENDEN MILLWRIGHT & FABRICATION,2024-01-10 00:00:00.000,1/2/24 New Years Grettings. UPDATED BY ANJUM ON 9TH JANUARY 2024,EnquiryDraft,2024-01-09 12:09:05.983,,
575,INQ1017037,NULL,2024-01-10 00:00:00.000,1/2/24 New Years Grettings sent. UPDATED BY ANJUM ON 9TH JANUARY 2024,EnquiryDraft,2024-01-09 14:10:21.670,,
576,INQ1017038,"Gorham Industrial, LLC",2024-01-10 00:00:00.000,1/2/24 New Years Grettings sent. UPDATED BY ANJUM ON 9TH JANUARY 2024,EnquiryDraft,2024-01-09 14:23:35.667,,
577,INQ1017039,HALL INDUSTRIAL SERVICE,2024-01-10 00:00:00.000,11/8 Advisory from Finance re machinery sales. UPDATED BY ANJUM ON 9TH JANUARY 2024,EnquiryDraft,2024-01-09 14:58:54.830,,
577,INQ1017039,HALL INDUSTRIAL SERVICE,2024-01-10 00:00:00.000,1/2/24 New Years Grettings . UPDATED BY ANJUM ON 9TH JANUARY 2024,EnquiryDraft,2024-01-09 15:01:27.140,,
578,INQ1017042,NULL,2024-01-10 00:00:00.000,1/2/24 New Years Grettings sent. UPDATED BY ANJUM ON 9TH JANUARY 2024,EnquiryDraft,2024-01-09 15:10:06.990,,
579,INQ1017047,MAYNARDS AUCTIONS,2024-01-09 00:00:00.000,"1/2/24 New Years Grettings sent.
UPDATED BY ASHAR ON 1/9/24",EnquiryDraft,2024-01-09 15:55:49.533,,
580,INQ1017049,MMI Direct Acutions,2024-01-09 00:00:00.000,"12/13/23 Email sent re Hamid visit.  CNC & Milling machines.
UPDATED BY ASHAR  ON 1/9/24",EnquiryDraft,2024-01-09 15:58:59.517,,
581,INQ1017050,MMI Direct Acutions,2024-01-09 00:00:00.000,"1/2/24 New Years Grettings sent.
UPDATED BY ASHAR ON 1/9/24",EnquiryDraft,2024-01-09 16:03:17.890,,
582,INQ1017048,MITCHEL MACHINERY MOVERS,2024-01-10 00:00:00.000,1/1/24 Tel con happy holidays advisd re Sepetra. He advs most things are decided already with him doing rigging only. UPDATED BY ANJUM ON 9TH JANUARY 2024,EnquiryDraft,2024-01-09 16:04:06.833,,
582,INQ1017048,MITCHEL MACHINERY MOVERS,2024-01-10 00:00:00.000,1/2/24 New Years Grettings sent. UPDATED BY ANJUM ON 9TH JANUARY 2024,EnquiryDraft,2024-01-09 16:07:08.390,,
583,INQ1017051,MMI Direct Acutions,2024-01-09 00:00:00.000,"1/2/24 New Years Grettings sent
UPDATED BY ASHAR ON 1/9/24",EnquiryDraft,2024-01-09 16:09:10.690,,
584,INQ1017052,NULL,2024-01-10 00:00:00.000,"8/22/23 E mail sent Sepatra offer.  Hamid known for years: qted constr equip CHI R/R > POTI, Baku, Almaty. COVERAGE:  OR WA IDAHO ONLY!. UPDATED BY ANJUM ON 9TH JANUARY 2024",EnquiryDraft,2024-01-09 16:25:55.260,,
584,INQ1017052,NULL,2024-01-10 00:00:00.000,1/2/24 New Years Grettings sent. UPDATED BY ANJUM ON 9TH JANUARY 2024,EnquiryDraft,2024-01-09 16:28:05.117,,
585,INQ1017055,"#1HeavyEquipment Loading, Inc.",2024-01-10 00:00:00.000,"8/22/23 E mail sent Sepatra offer.  Hamid known for years: qted constr equip CHI R/R > POTI, Baku, Almaty. UPDATED BY ANJUM ON 9TH JANUARY 2024",EnquiryDraft,2024-01-09 17:52:57.227,,
585,INQ1017055,"#1HeavyEquipment Loading, Inc.",2024-01-10 00:00:00.000,1/2/24 New Years Grettings sent. UPDATED BY ANJUM ON 9TH JANUARY 2024,EnquiryDraft,2024-01-09 17:56:13.687,,
586,INQ1017056,PEDOWITZ MACHINERY MOVERS,2024-01-10 00:00:00.000,8/22/23 E mail sent Sepatra offer. UPDATED BY ANJUM ON 9TH JANUARY 2024,EnquiryDraft,2024-01-09 18:03:48.560,,
586,INQ1017056,PEDOWITZ MACHINERY MOVERS,2024-01-10 00:00:00.000,1/2/24 New Years Grettings sent. UPDATED BY ANJUM ON 9TH JANUARY 2024,EnquiryDraft,2024-01-09 18:07:21.833,,
587,INQ1017057,NULL,2024-01-10 00:00:00.000,12/18: E mailed him re SEPETRA . UPDATED BY ANJUM ON 9TH JANUARY 2024,EnquiryDraft,2024-01-09 18:22:06.210,,
587,INQ1017057,NULL,2024-01-10 00:00:00.000,1/2/24 New Years Grettings sent.UPDATED BY ANJUM ON 9TH JANUARY 2024,EnquiryDraft,2024-01-09 18:24:28.137,,
588,INQ1017058,PROTECH MILLWRIGHT MAINTAINANCE,2024-01-10 00:00:00.000,1/1/24 Tel con w/Gary happy holidays advisd re Sepetra. Obtained his Email. UPDATED BY ANJUM ON 9TH JANUARY 2024,EnquiryDraft,2024-01-09 18:33:08.020,,
588,INQ1017058,PROTECH MILLWRIGHT MAINTAINANCE,2024-01-10 00:00:00.000,1/2/24 New Years Grettings sent. UPDATED BY ANJUM ON 9TH JANUARY 2024,EnquiryDraft,2024-01-09 18:34:17.673,,
589,INQ1017060,RAYMOND CORPORATION,2024-01-09 00:00:00.000,"Need to start the communication.
updated by ashar on 1/9/24",EnquiryDraft,2024-01-09 20:02:37.140,,
590,INQ1017061,JBT AeroTech,2024-01-09 00:00:00.000,"need to start the communication.
updated by ashar on 1/9/24",EnquiryDraft,2024-01-09 20:05:25.900,,
591,INQ1017062,Bishop International Inc,2024-01-09 00:00:00.000,"need to start the communication.
updated by ashar on 1/9/2024",EnquiryDraft,2024-01-09 20:07:49.557,,
592,INQ1017063,Midwest Bale Ties,2024-01-09 00:00:00.000,"need to start the communication.
updated by ashar on 1/9/24",EnquiryDraft,2024-01-09 20:18:37.380,,
594,INQ1017065,State Motor & Control Solutions,2024-01-09 00:00:00.000,"need to start the communication.
updated by Ashar on 1/9/24",EnquiryDraft,2024-01-09 20:22:45.473,,
595,INQ1017066,Rigging and Transportation Solutions Inc,2024-01-11 00:00:00.000,8/22/23 E mail sent Sepatra offer. UPDATED BY ANJUM ON 9TH JANUARY 2024,EnquiryDraft,2024-01-10 09:38:13.637,,
595,INQ1017066,Rigging and Transportation Solutions Inc,2024-01-11 00:00:00.000,11/20 GK Email. UPDATED BY ANJUM ON 9TH JANUARY 2024,EnquiryDraft,2024-01-10 09:43:10.550,,
595,INQ1017066,Rigging and Transportation Solutions Inc,2024-01-11 00:00:00.000,1/2/24 New Years Grettings sent. UPDATED BY ANJUM ON 9TH JANUARY 2024,EnquiryDraft,2024-01-10 09:48:25.230,,
596,INQ1017068,ROGERS MILLWRIGHT & INDUSTRIAL SERVICES,2024-01-11 00:00:00.000,NO REMARKS. UPDATED BY ANJUM ON 9TH JANUARY 2024,EnquiryDraft,2024-01-10 09:56:23.563,,
597,INQ1017069,SHANE SOROKA EQUIPMENT CO,2024-01-11 00:00:00.000,NO REMARKS . UPDATED BY ANJUM ON 9TH JANUARY 2024,EnquiryDraft,2024-01-10 10:08:27.150,,
598,INQ1017070,SIMS CRANE & EQUIPMENT,2024-01-11 00:00:00.000,8/22/23 E mail sent Sepatra offer. UPDATED BY ANJUM ON 9TH JANUARY 2024,EnquiryDraft,2024-01-10 10:18:11.497,,
599,INQ1017071,SIMS CRANE & EQUIPMENT,2024-01-11 00:00:00.000,8/22/23 E mail sent Sepatra offer. UPDATED BY ANJUM ON 9TH JANUARY 2024,EnquiryDraft,2024-01-10 10:22:53.103,,
598,INQ1017070,SIMS CRANE & EQUIPMENT,2024-01-11 00:00:00.000,1/2/24 New Years Grettings sent.UPDATED BY ANJUM ON 9TH JANUARY 2024,EnquiryDraft,2024-01-10 10:26:44.853,,
600,INQ1017072,S K Rigging Co Inc,2024-01-11 00:00:00.000,11/20 GK Email . UPDATED BY ANJUM ON 9TH JANUARY 2024,EnquiryDraft,2024-01-10 10:39:36.293,,
600,INQ1017072,S K Rigging Co Inc,2024-01-11 00:00:00.000,1/2/24 New Years Grettings sent . UPDATED BY ANJUM ON 9TH JANUARY 2024,EnquiryDraft,2024-01-10 10:42:34.517,,
601,INQ1017074,STONE MACHINERY MOVERS,2024-01-11 00:00:00.000,8/22/23 E mail sent Sepatra offer.  UPDATED BY ANJUM ON 9TH JANUARY 2024,EnquiryDraft,2024-01-10 11:06:04.720,,
601,INQ1017074,STONE MACHINERY MOVERS,2024-01-11 00:00:00.000,1/2/24 New Years Grettings sent. UPDATED BY ANJUM ON 9TH JANUARY 2024,EnquiryDraft,2024-01-10 11:08:07.613,,
602,INQ1017075,SUPERIOR RIGGING AND ERRECTING CO,2024-01-11 00:00:00.000,8/22/23 E mail sent Sepatra offer. UPDATED BY ANJUM ON 9TH JANUARY 2024,EnquiryDraft,2024-01-10 11:14:53.043,,
602,INQ1017075,SUPERIOR RIGGING AND ERRECTING CO,2024-01-11 00:00:00.000,1/2/24 New Years Grettings sent.UPDATED BY ANJUM ON 9TH JANUARY 2024,EnquiryDraft,2024-01-10 11:16:22.040,,
603,INQ1017077,Texas Express CNC,2024-01-11 00:00:00.000,E mail reminder 8/23/2023. UPDATED BY ANJUM ON 9TH JANUARY 2024,EnquiryDraft,2024-01-10 11:26:24.570,,
603,INQ1017077,Texas Express CNC,2024-01-11 00:00:00.000,1/2/24 New Years Grettings sent . UPDATED BY ANJUM ON 9TH JANUARY 2024,EnquiryDraft,2024-01-10 12:00:52.803,,
604,INQ1017081,TRAMAR INDUSTRIES,2024-01-11 00:00:00.000,1/2/24 New Years Grettings sent. UPDATED BY ANJUM ON 9TH JANUARY 2024,EnquiryDraft,2024-01-10 13:35:57.077,,
605,INQ1017082,VIKING RIGGING & Logistics Services Inc,2024-01-11 00:00:00.000,12/15/23 Medical & MRI specialist Riggers. UPDATED BY ANJUM ON 9TH JANUARY 2024,EnquiryDraft,2024-01-10 13:44:38.777,,
606,INQ1017083,"Brentwood Industries, Inc.",2024-01-11 00:00:00.000,Pick up location for como Plastic sheets. Shipmnt to DAM. UPDATED BY ANJUM ON 9TH JANUARY 2024,EnquiryDraft,2024-01-10 13:49:18.263,,
607,INQ1017084,BURR OAK TOOLS,2024-01-11 00:00:00.000,"1/2/24 New Years Grettings sent  Bid on a OOG load, didn’t get it but candidate for SEPATRA. UPDATED BY ANJUM ON 9TH JANUARY 2024",EnquiryDraft,2024-01-10 13:52:54.683,,
608,INQ1017085,CUSTOM MACHINE & TOLL LLC,2024-01-11 00:00:00.000,1/2/24 New Years Grettings sent. UPDATED BY ANJUM ON 9TH JANUARY 2024,EnquiryDraft,2024-01-10 14:05:08.383,,
609,INQ1017086,ENGINEERED TRANSPORT INTL (Heil),2024-01-11 00:00:00.000,1/2/24 New Years Grettings sent.  UPDATED BY ANJUM ON 9TH JANUARY 2024,EnquiryDraft,2024-01-10 14:09:44.027,,
610,INQ1017087,HORMANN US TENNESSE,2024-01-11 00:00:00.000,"See Jeets Email 9/12, 5:13pm. UPDATED BY ANJUM ON 9TH JANUARY 2024",EnquiryDraft,2024-01-10 14:17:31.480,,
611,INQ1017088,NULL,2024-01-11 00:00:00.000,"1/2/24 New Years Grettings sent  See Jeets Email 9/12, 5:13pm. UPDATED BY ANJUM ON 9TH JANUARY 2024",EnquiryDraft,2024-01-10 14:21:34.680,,
612,INQ1017090,"SPECIAL MINE SERVICES, INC",2024-01-11 00:00:00.000,"1/2/24 New Years Grettings sent Hamid Met him at a conference in Annapolis, 3/23. UPDATED BY ANJUM ON 9TH JANUARY 2024",EnquiryDraft,2024-01-10 14:31:49.060,,
613,INQ1017091,VECTOR TECHNOLOGIES,2024-01-11 00:00:00.000,"12/14 rate request from a JC Trans member. Seems bogus,  HH advs go direct to shipper lft V/M for shipping dept. UPDATED BY ANJUM ON 9TH JANUARY 2024",EnquiryDraft,2024-01-10 15:01:02.970,,
613,INQ1017091,VECTOR TECHNOLOGIES,2024-01-11 00:00:00.000,1/2/24 New Years Grettings sent . UPDATED BY ANJUM ON 9TH JANUARY 2024,EnquiryDraft,2024-01-10 15:02:32.540,,
614,INQ1017092,NULL,2024-01-10 00:00:00.000,"10/4 sent to sales e mails.
updated by ashar on 1/10/24",EnquiryDraft,2024-01-10 15:18:36.063,,
615,INQ1017093,AMECO (American Equip Co),2024-01-11 00:00:00.000,1/2/24 New Years Grettings sent . UPDATED BY ANJUM ON 9TH JANUARY 2024,EnquiryDraft,2024-01-10 15:22:31.353,,
616,INQ1017095,"Consolidated Machinery Movers, Inc.",2024-01-11 00:00:00.000,1/2/24 New Years Grettings sent 10/6 Emailed. UPDATED BY ANJUM ON 9TH JANUARY 2024,EnquiryDraft,2024-01-10 15:28:19.207,,
617,INQ1017097,EQUIPMENT RELOCATION SERVICES,2024-01-11 00:00:00.000,1/2/24 New Years Grettings sent. UPDATED BY ANJUM ON 9TH JANUARY 2024,EnquiryDraft,2024-01-10 15:34:30.470,,
618,INQ1017098,ALL PRO MACHINERY MOVERS,2024-01-11 00:00:00.000,1/2/24 New Years Grettings sent. UPDATED BY ANJUM ON 9TH JANUARY 2024,EnquiryDraft,2024-01-10 15:54:57.690,,
619,INQ1017099,NULL,2024-01-11 00:00:00.000,1/2/24 New Years Grettings sent. UPDATED BY ANJUM ON 9TH JANUARY 2024,EnquiryDraft,2024-01-10 16:07:51.093,,
620,INQ1017101,CLOVER MACHINERY MOVERS,2024-01-11 00:00:00.000,1/2/24 New Years Grettings sent. UPDATED BY ANJUM ON 9TH JANUARY 2024,EnquiryDraft,2024-01-10 16:20:48.453,,
621,INQ1017103,NULL,2024-01-11 00:00:00.000,1/2/24 New Years Grettings sent. UPDATED BY ANJUM ON 9TH JANUARY 2024,EnquiryDraft,2024-01-10 16:43:26.840,,
622,INQ1017104,NULL,2024-01-11 00:00:00.000,1/2/24 New Years Grettings sent. UPDATED BY ANJUM ON 9TH JANUARY 2024,EnquiryDraft,2024-01-10 17:08:30.960,,
623,INQ1017106,Machinery Transport Inc.,2024-01-11 00:00:00.000,1/2/24 New Years Grettings sent. UPDATED BY ANJUM ON 9TH JANUARY 2024,EnquiryDraft,2024-01-10 17:31:10.730,,
624,INQ1017107,Dominican Island Oil Corp,2024-01-11 00:00:00.000,1/2/24 New Years Grettings sent. UPDATED BY ANJUM ON 9TH JANUARY 2024,EnquiryDraft,2024-01-10 17:53:06.860,,
625,INQ1017109,"HPL LOGISTICS CO., LTD",2024-01-11 00:00:00.000,3/24/23 GK had done a shipment for this co. Dozer fm North Country Auctions. UPDATED BY ANJUM ON 9TH JANUARY 2024,EnquiryDraft,2024-01-10 18:13:18.700,,
625,INQ1017109,"HPL LOGISTICS CO., LTD",2024-01-11 00:00:00.000,1/2/24 New Years Grettings sent . UPDATED BY ANJUM ON 9TH JANUARY 2024,EnquiryDraft,2024-01-10 18:15:02.783,,
626,INQ1017110,"INDUS ENERGY SYSTEMS, INC",2024-01-11 00:00:00.000,7/26 lead from Tariq Rizvi khi.tariq@worldwide-logistics.cn import. Heat exchanger import . UPDATED BY ANJUM ON 9TH JANUARY 2024,EnquiryDraft,2024-01-10 18:29:56.637,,
627,INQ1017112,PREMIER EQUIPMENT,2024-01-10 00:00:00.000,"Used CNC machines. HQ in FL.
UPDATED BY ASHAR ON 1/10/24",EnquiryDraft,2024-01-10 18:56:20.517,,
627,INQ1017112,PREMIER EQUIPMENT,2024-01-10 00:00:00.000,"1/2/24 New Years Grettings sent .
UPDATED BY ASHAR ON 1/10/24",EnquiryDraft,2024-01-10 18:57:31.547,,
628,INQ1017113,PRESTIGE EQUIPMENT,2024-01-10 00:00:00.000,"1/2/24 New Years Grettings sent.
UPDATED BY ASHAR ON 1/10/24",EnquiryDraft,2024-01-10 18:59:10.880,,
629,INQ1017114,PROXIO GROUP,2024-01-10 00:00:00.000,"1/2/24 New Years Grettings sent.
UPDATED BY ASHAR ON 1/10/24",EnquiryDraft,2024-01-10 19:01:43.390,,
630,INQ1017115,REVELATION MACHINERY,2024-01-10 00:00:00.000,"11/15 reached out via E mail requesting we appear on auctin invoices. Per Jay, David is 49% oner of the aucitn div  of revelation. 
UPDATED BY ASHAR ON 1/10/24",EnquiryDraft,2024-01-10 19:03:44.223,,
631,INQ1017116,ROSEN SYSTEMS,2024-01-10 00:00:00.000,"1/2/24 New Years Grettings sent.
UPDATED BY ASHAR ON 1/10/24",EnquiryDraft,2024-01-10 19:07:58.513,,
632,INQ1017117,SCHNEIDER INDUSTRIES,2024-01-10 00:00:00.000,"1/2/24 New Years Grettings sent.
UPDATED BY ASHAR ON 1/10/24",EnquiryDraft,2024-01-10 19:10:51.840,,
633,INQ1017119,SEALS USA LIFT Division,2024-01-11 00:00:00.000,"Machinery dealer behind  GE Project move .
updated by ashar on 1/11/24",EnquiryDraft,2024-01-11 09:46:19.257,,
633,INQ1017119,SEALS USA LIFT Division,2024-01-11 00:00:00.000,"1/2/24 New Years Grettings sent .
updated by ashar on 1/11/24",EnquiryDraft,2024-01-11 09:47:44.443,,
634,INQ1017120,TIGER COMMERCIAL & INDUST,2024-01-11 00:00:00.000,"10/27 requested visit Bridgeton NJ auction via their website. 
updated by ashar on 1/11/244",EnquiryDraft,2024-01-11 09:52:15.510,,
634,INQ1017120,TIGER COMMERCIAL & INDUST,2024-01-11 00:00:00.000,"01/01/24 Not Possible to post message on their website.
updated by ashar on 1/11/24",EnquiryDraft,2024-01-11 09:52:58.020,,
635,INQ1017121,STRATEGIC INTERNATIONAL BUSINESS S.A.S,2024-01-11 00:00:00.000,"E mail rate request 6/16. Follow up sent .
UPDATED BY ASHAR ON 1/11/24",EnquiryDraft,2024-01-11 10:03:28.743,,
635,INQ1017121,STRATEGIC INTERNATIONAL BUSINESS S.A.S,2024-01-11 00:00:00.000,"1/2/24 New Years Grettings sent.
UPDATED BY ASHAR ON 1/11/24",EnquiryDraft,2024-01-11 10:04:15.397,,
636,INQ1017122,TAYLOR & MARTIN,2024-01-11 00:00:00.000,"1/2/24 New Years Grettings sent
UPDATED BY ASHAR 1/11/24",EnquiryDraft,2024-01-11 10:08:27.703,,
637,INQ1017123,SK tes (Tech recyclers),2024-01-11 00:00:00.000,"1/2/24 New Years Grettings sent.
UPDATED BY ASHAR 1/11/24",EnquiryDraft,2024-01-11 10:10:34.227,,
638,INQ1017124,The Branford Group,2024-01-11 00:00:00.000,"9/20/2022  Email introduction sent by Gorham to this account with MGL in copy
UPDATED BY ASHAR 1/11/24",EnquiryDraft,2024-01-11 10:21:12.017,,
638,INQ1017124,The Branford Group,2024-01-11 00:00:00.000,"1/2/24 New Years Grettings sent E mail .
UPDATED BY ASHAR ON 1/11/24",EnquiryDraft,2024-01-11 10:23:07.040,,
639,INQ1017125,NULL,2024-01-11 00:00:00.000,"E mailed 10/17 & 10/12.
UPDATED BY ASHAR ON 1/11/24",EnquiryDraft,2024-01-11 10:26:48.500,,
638,INQ1017124,The Branford Group,2024-01-11 00:00:00.000,"1/2/24 New Years Grettings sent .
UPDATED BY ASHAR ON 1/11/24",EnquiryDraft,2024-01-11 10:28:27.083,,
640,INQ1017126,TRISTATE AUCTIONS,2024-01-11 00:00:00.000,"1/2/24 New Years Grettings sent
UPDATED BY ASHAR ON 1/11/24",EnquiryDraft,2024-01-11 10:37:09.847,,
641,INQ1017127,WINTERNITZ AUCTIONS,2024-01-11 00:00:00.000,"12/11 Sent E mail re Hamid's visit  .
UPDATED BY ASHAR ON 1/11/24",EnquiryDraft,2024-01-11 10:40:47.110,,
641,INQ1017127,WINTERNITZ AUCTIONS,2024-01-11 00:00:00.000,"12/14 left V/M re Hamid visit to CHI Dec 27 & 28.
UPDATED BY ASHAR ON 1/11/24",EnquiryDraft,2024-01-11 10:42:22.850,,
641,INQ1017127,WINTERNITZ AUCTIONS,2024-01-11 00:00:00.000,"1/2/24 New Years Grettings sent.
UPDATED BY ASHAR ON 1/11/24",EnquiryDraft,2024-01-11 10:43:55.057,,
642,INQ1017128,WINTERNITZ AUCTIONS,2024-01-11 00:00:00.000,"12/11 Sent E mail re Hamid's visit  .
UPDATED BY ASHAR ON 1/11/24",EnquiryDraft,2024-01-11 10:46:33.873,,
643,INQ1017129,WITCHER AUCTIONS LLC,2024-01-11 00:00:00.000,"Mainly farm equipment
UPDATED BY ASHAR ON 1/11/24",EnquiryDraft,2024-01-11 10:54:46.740,,
630,INQ1017115,REVELATION MACHINERY,2024-01-11 00:00:00.000,talking to ashar demo,EnquiryDraft,2024-01-11 13:30:24.463,,
630,INQ1017115,REVELATION MACHINERY,2024-01-18 00:00:00.000,example for next communication date,EnquiryDraft,2024-01-11 13:33:37.197,,
644,INQ1017139,BD and Company,2024-01-11 00:00:00.000,"NJ COMPANY
UPDATED BY ASHAR ON 1/11/24",EnquiryDraft,2024-01-11 15:34:05.347,,
645,INQ1017140,Cibo Vita Inc.,2024-01-11 00:00:00.000,"NJ COMPANY .
UPDATED BY ASHAR ON 1/11/24",EnquiryDraft,2024-01-11 15:37:59.223,,
646,INQ1017141,"ESSAAR, INC.",2024-01-11 00:00:00.000,"NJ COMPANY.
UPDATED BY ASHAR ON 1/11/24",EnquiryDraft,2024-01-11 16:24:55.023,,
647,INQ1017142,ICELANDIRECT,2024-01-11 00:00:00.000,"NJ CUSTOMER .
UPDATED BY ASHAR ON 1/11/24",EnquiryDraft,2024-01-11 16:29:33.503,,
648,INQ1017143,NULL,2024-01-11 00:00:00.000,"NJ CUSTOMER .
UPDATED BY ASHAR ON 1/11/24",EnquiryDraft,2024-01-11 16:34:43.327,,
649,INQ1017144,MK Battery,2024-01-11 00:00:00.000,"NJ CUSTOMER .
UPDATED BY ASHAR ON 1/11/24",EnquiryDraft,2024-01-11 16:36:30.570,,
650,INQ1017145,Mr. Samir AlKavbouni,2024-01-11 00:00:00.000,"NJ CUSTOMER. DON'T KNOW THE COMPANY NAME.
UPDATED BY ASHAR ON 1/11/24",EnquiryDraft,2024-01-11 16:39:45.087,,
651,INQ1017148,"Paige Electric Co, LP",2024-01-11 00:00:00.000,"NJ CUSTOMER 
UPDATED BY ASHAR ON 1/11/2",EnquiryDraft,2024-01-11 16:41:48.963,,
652,INQ1017149,PRIMACY Group of Companies,2024-01-11 00:00:00.000,"NJ COMPANY.
UPDATED BY ASHAR ON 1/11/24",EnquiryDraft,2024-01-11 16:43:35.083,,
653,INQ1017151,ROHR SYSTEMS INC/CPU INC,2024-01-11 00:00:00.000,"NJ CUSTOMER.
UPDATED BY ASHAR ON 1/11/24",EnquiryDraft,2024-01-11 17:33:51.977,,
654,INQ1017152,Roysons Corp,2024-01-11 00:00:00.000,"NJ CUSTOMER.
UPDATED BY ASHAR ON 1/11/24",EnquiryDraft,2024-01-11 17:50:58.340,,
655,INQ1017154,SIRUI Imaging,2024-01-11 00:00:00.000,"NJ CUSTOMER.
UPDATED BY ASHAR ON 1/11/24",EnquiryDraft,2024-01-11 17:57:07.007,,
656,INQ1017155,NULL,2024-01-11 00:00:00.000,"Allan might have to start the communication.
updated by ashar on 1/11/24",EnquiryDraft,2024-01-11 19:15:29.173,,
657,INQ1017156,"THOMPSON AUCTIONEERS,INC.",2024-01-11 00:00:00.000,"Allan to start communication.
updated by ashar on 1/11/24",EnquiryDraft,2024-01-11 19:19:24.503,,
658,INQ1017172,NULL,2024-01-15 00:00:00.000,"AUCTONER.
UPDATED BY ASHAR ON 1/15/24",EnquiryDraft,2024-01-15 10:29:47.913,,
659,INQ1017200,BTM INDUSTRIAL,2024-01-16 00:00:00.000,"8/21/22 Dales advs Andrew handles shipping.
updated by ashar on 1/16/24",EnquiryDraft,2024-01-16 16:59:08.837,,
659,INQ1017200,BTM INDUSTRIAL,2024-01-16 00:00:00.000,1/2/24 New Years Grettings sent,EnquiryDraft,2024-01-16 17:31:32.610,,
659,INQ1017200,BTM INDUSTRIAL,2024-01-16 00:00:00.000,CONTACT PERSON IS Andrew Watkoski,EnquiryDraft,2024-01-16 17:33:35.883,,
539,INQ1016990,BTM INDUSTRIAL,2024-01-16 00:00:00.000,CONTACT PERSON IS Dale W,EnquiryDraft,2024-01-16 17:34:30.867,,
660,INQ1017204,HERITAGE GLOBAL PARTNERS,2024-01-16 00:00:00.000,"CONTACT PERSON  Thomas Paulone
 sent 10/17 E mail reminder 8/23/2023, E mail 9/20/2022  
UPDATED BY ASHAR ON 1/16/24",EnquiryDraft,2024-01-16 17:41:12.767,,
659,INQ1017200,BTM INDUSTRIAL,2024-01-31 00:00:00.000,1/2/24 New Years Greetings sent,EnquiryDraft,2024-01-17 10:08:39.870,,
554,INQ1017005,HARRY DAVIS AND COMPANY,2024-01-17 00:00:00.000,"THE CONTACT PERSON NAME IS Thomas Paulone
UPDATED BY ASHAR ON 1/17/24",EnquiryDraft,2024-01-17 15:50:57.780,,
661,INQ1017219,HARRY DAVIS AND COMPANY,2024-01-17 00:00:00.000,"THE CONTACT PERSON'S NAME IS Thomas Paulone
10/17 E mail reminder 8/23/2023, E mail 9/20/2022 
UPDATED BY ASHAR ON 1/17/24",EnquiryDraft,2024-01-17 15:56:32.140,,
661,INQ1017219,HARRY DAVIS AND COMPANY,2024-01-17 00:00:00.000,"Email introduction sent 1/2/24 New Years Grettings sentby Gorham to this account with MGL in copy.1/2/24 New Years Grettings sent.
UPDATED BY ASHAR ON 1/17/24",EnquiryDraft,2024-01-17 15:58:15.360,,
555,INQ1017006,HERITAGE GLOBAL PARTNERS,2024-01-17 00:00:00.000,"CONTACT PERSON NAME IS Douglas E. Escudero, Senior Project Manager.
UPDATED BY ASHAR ON 1/17/24",EnquiryDraft,2024-01-17 16:00:35.630,,
662,INQ1017221,HERITAGE GLOBAL PARTNERS,2024-01-17 00:00:00.000,"THE CONTACT PERSON IS Alex Dove
11/7 Jon Zhao purchased 3 CAD machines.",EnquiryDraft,2024-01-17 16:02:34.237,,
662,INQ1017221,HERITAGE GLOBAL PARTNERS,2024-01-17 00:00:00.000,"1/2/24 New Years Grettings sent.
UPDATED BY ASHAR ON 1/17/24",EnquiryDraft,2024-01-17 16:03:56.117,,
555,INQ1017006,HERITAGE GLOBAL PARTNERS,2024-01-17 00:00:00.000,"Douglas E. Escudero, Senior Project Manager MOBILE NUMBER IS M 650-207-9927",EnquiryDraft,2024-01-17 16:05:28.033,,
663,INQ1017222,HERITAGE GLOBAL PARTNERS,2024-01-17 00:00:00.000,"CONTACT PERSON NAME IS Tim Shaeffer, Director, Business Development
O 858-244-3584  M 410-507-8959.11/7 Jon Zhao purchased 3 CAD machines.",EnquiryDraft,2024-01-17 16:07:40.080,,
663,INQ1017222,HERITAGE GLOBAL PARTNERS,2024-01-17 00:00:00.000,1/2/24 New Years Grettings sent,EnquiryDraft,2024-01-17 16:08:20.780,,
664,INQ1017223,HERITAGE GLOBAL PARTNERS,2024-01-17 00:00:00.000,CONTACT PERSON NAME IS SATIYA. PHONE NUMBER IS 1-858-847-0659 or 650-646-2506.1/2/24 New Years Grettings sent,EnquiryDraft,2024-01-17 16:10:05.287,,
559,INQ1017012,INTEGRA ASSET SOLUTIONS,2024-01-17 00:00:00.000,"CONTACT PERSON NAME IS John Magnuson/President
AND PHONE NUMBER  IS (708) 765-4008
UPDATED BY ASHAR ON 1/17/24",EnquiryDraft,2024-01-17 16:19:58.060,,
665,INQ1017224,INTEGRA ASSET SOLUTIONS,2024-01-17 00:00:00.000,"CONTACT PERSON NAME IS Cassidy Baker/VP of Auction Operations & Administration. PHONE NUMBER IS 708-765-3971
Cassidy located in Canada.
UPDATED BY ASHAR ON 1/17/24",EnquiryDraft,2024-01-17 16:21:56.957,,
567,INQ1017021,LIQUID ASSET PARTNERS,2024-01-17 00:00:00.000,"THE CONTACT PERSON NAME IS GIV.PHONE NUMBER IS (616) 719-5917
UPDATED BY ASHAR ON 1/17/24",EnquiryDraft,2024-01-17 16:23:33.610,,
666,INQ1017225,LIQUID ASSET PARTNERS,2024-01-17 00:00:00.000,"CONTACT PERSON NAME IS Katherine
PHONE NUMBER IS (616) 719-5917.1/2/24 New Years Greetings sent.
UPDATED BY ASHAR ON 1/17/24",EnquiryDraft,2024-01-17 16:25:25.093,,
667,INQ1017226,REVELATION MACHINERY,2024-01-17 00:00:00.000,"CONTACT PERSON NAME IS David Marban.618-300-7121
11/15 reached out via E mail requesting we appear on auctin invoices. Per Jay, David is 49% oner of the aucitn div  of revelation. 
UPDATED BY ASHAR ON 1/17/24",EnquiryDraft,2024-01-17 16:28:23.140,,
667,INQ1017226,REVELATION MACHINERY,2024-01-17 00:00:00.000,"1/2/24 New Years Grettings sent.
UPDATED BY ASHAR ON 11/17/24",EnquiryDraft,2024-01-17 16:29:04.163,,
668,INQ1017227,REVELATION MACHINERY,2024-01-17 00:00:00.000,"CONTACT PERSON NAME IS Beckey Hodgins	618-300-7121
7/10 Reached out re Auction Lebanon NJ.
UPDATED BY ASHAR ON 1/17/24",EnquiryDraft,2024-01-17 16:31:01.640,,
668,INQ1017227,REVELATION MACHINERY,2024-01-17 00:00:00.000,"1/2/24 New Years Greetings sent.
UPDATED BY ASHAR ON 1/17/24",EnquiryDraft,2024-01-17 16:32:25.677,,
669,INQ1017228,REVELATION MACHINERY,2024-01-17 00:00:00.000,"contact person name is Jay Rivera and phone number is M: 812-773-8228 | O: 312-761-9396
7/10 Reached out re Auction Lebanon NJ. 7/17, reply advsed ""we will use you"" sent sepatra proposal. 
UPDATED BY ASHAR ON 1/17/24",EnquiryDraft,2024-01-17 16:34:27.667,,
669,INQ1017228,REVELATION MACHINERY,2024-01-17 00:00:00.000,"11/15 Jay advises he will be having an auciton in Jan that he will want our help with.
UPDATED BY ASHAR ON 1/17/24",EnquiryDraft,2024-01-17 16:35:36.943,,
638,INQ1017124,The Branford Group,2024-01-17 00:00:00.000,"contact person name is Andy Duncan
UPDATED BY ASHAR ON 1/17/24",EnquiryDraft,2024-01-17 16:38:31.360,,
670,INQ1017229,The Branford Group,2024-01-17 00:00:00.000,"CONTACT PERSON NAME IS Mr. Wagner
E mail 8/20/2022  Email introduction sent by Gorham to this account with MGL in copy.
UPDATED BY ASHAR ON 1/17/24",EnquiryDraft,2024-01-17 16:40:01.920,,
670,INQ1017229,The Branford Group,2024-01-17 00:00:00.000,"1/2/24 New Years Grettings sent.
UPDATED BY ASHAR BY 1/17/24",EnquiryDraft,2024-01-17 16:40:57.490,,
609,INQ1017086,ENGINEERED TRANSPORT INTL (Heil),2024-01-17 00:00:00.000,CONTACT PERSON NAME IS CHRIS . UPDATED BY ASHAR ON 1/17/24,EnquiryDraft,2024-01-17 20:30:28.577,,
671,INQ1017234,ENGINEERED TRANSPORT INTL (Heil),2024-01-17 00:00:00.000,"CONTACT PERSON IS Oscar Vargas
PHONE NUMBER IS 407 925 5464
1/2/24 New Years Greetings sent.
updated by ASHAR ON 1/17/24",EnquiryDraft,2024-01-17 20:34:04.413,,
611,INQ1017088,NULL,2024-01-17 00:00:00.000,"PHONE NUMBER IS 630-859-3000.
UPDATED BY ASHAR ON 1/17/24",EnquiryDraft,2024-01-17 20:37:37.100,,
610,INQ1017087,HORMANN US TENNESSE,2024-01-17 00:00:00.000,"PHONE NUMBER IS 630-859-3000
UPDATED BY ASHAR ON 1/17/24",EnquiryDraft,2024-01-17 20:40:10.620,,
612,INQ1017090,"SPECIAL MINE SERVICES, INC",2024-01-17 00:00:00.000,"CONTACT PERSON IS Marshal Girtman, sales.	(618) 932-2151 ext. 114, Mobile, (618) 513-8850
UPDATED BY ASHAR ON 1/17/24",EnquiryDraft,2024-01-17 20:42:13.253,,
672,INQ1017235,"SPECIAL MINE SERVICES, INC",2024-01-17 00:00:00.000,"CONTACT PERSON IS Nathan Morgenstern Shipping
1/2/24 New Years Greetings sent 
UPDATED BY ASHAR ON 1/17/24",EnquiryDraft,2024-01-17 20:43:55.013,,
619,INQ1017099,NULL,2024-01-17 00:00:00.000,"CONTACT PERSON IS Jason Thorstenson	Cell 346-208-6745 Office 713-454-0505.
UPDATED BY ASHAR ON 1/17/24",EnquiryDraft,2024-01-17 20:46:07.140,,
618,INQ1017098,ALL PRO MACHINERY MOVERS,2024-01-17 00:00:00.000,"CONTACT PERSON IS Cristi Garza	Office: 713.454.0505, Cell: 832.388.0245.
UPDATED BY ASHAR ON 1/17/24",EnquiryDraft,2024-01-17 20:48:39.513,,
620,INQ1017101,CLOVER MACHINERY MOVERS,2024-01-17 00:00:00.000,"contact person name is Tab Casper	(574) 255-3195 .UPDATED BY ASHAR ON 1/17/24",EnquiryDraft,2024-01-17 21:07:47.450,,
673,INQ1017237,CLOVER MACHINERY MOVERS,2024-01-17 00:00:00.000,"CONTACT PERSON NAME IS Eric Denison	(574) 255-3195
1/2/24 New Years Greetings sent.
UPDATED BY ASHAR ON 1/17/24",EnquiryDraft,2024-01-17 21:09:24.937,,
621,INQ1017103,NULL,2024-01-17 00:00:00.000,"CONTACT PERSON NAME IS Masten Palmer	""(817) 913-4088 or (817) 293-1680 .
UPDATED BY ASHAR ON 1/17/24",EnquiryDraft,2024-01-17 21:11:19.057,,
622,INQ1017104,NULL,2024-01-17 00:00:00.000,"CONTACT PERSON NAME IS Andre Sifuentes 	214-283-6904
UPDATED BY ASHAR ON 1/17/24",EnquiryDraft,2024-01-17 21:12:55.450,,
624,INQ1017107,Dominican Island Oil Corp,2024-01-17 00:00:00.000,"CONTACT PERSON NAME IS Denis Nunez	809-565-7756 Ext. 278.
UPDATED BY ASHAR ON 1/17/24",EnquiryDraft,2024-01-17 21:14:07.307,,
674,INQ1017238,Dominican Island Oil Corp,2024-01-17 00:00:00.000,"CONTACT PERSON IS Paul Leonor.
1/2/24 New Years Greetings sent.
UPDATED BY ASHAR ON 1/17/24",EnquiryDraft,2024-01-17 21:15:55.917,,
577,INQ1017039,HALL INDUSTRIAL SERVICE,2024-01-17 00:00:00.000,"CONTACT PERSON NAME IS Craig Ciemny	316-945-4255.
UPDATED BY ASHAR ON 1/17/24",EnquiryDraft,2024-01-17 21:21:26.947,,
675,INQ1017239,HALL INDUSTRIAL SERVICE,2024-01-17 00:00:00.000,"CONTACT PERSON NAME IS Doyle Lyon	316-945-4255 .
1/2/24 New Years Greetings sent.
UPDATED BY ASHAR ON 1/17/24",EnquiryDraft,2024-01-17 21:22:57.000,,
661,INQ1017219,HARRY DAVIS AND COMPANY,2024-02-05 00:00:00.000,1/22 Sent E mail follow up msg,EnquiryDraft,2024-01-22 11:07:19.920,,
576,INQ1017038,"Gorham Industrial, LLC",2024-02-05 00:00:00.000,"1/22 quick hello call. James advise things are slow, typical Jan",EnquiryDraft,2024-01-22 14:55:42.093,,
676,INQ1017289,My Imports USA LLC,2024-01-23 00:00:00.000,"NJ CUSTOMER.ALLAN TO START COMMUNICATION WITH THEM.
UPDATED BY ASHAR ON 1/23/24",EnquiryDraft,2024-01-23 13:57:38.113,,
677,INQ1017291,LAYLA Transportation and Trading Inc,2024-01-23 00:00:00.000,"NJ CUSTOMER.ALLAN TO START COMMUNICATION WITH THEM.
UPDATED BY ASHAR ON 1/23/24",EnquiryDraft,2024-01-23 14:02:55.573,,
678,INQ1017305,Hall Equipment Co. LLC,2024-01-24 00:00:00.000,"Allan Have reached out via Email on 1/23/24
updated by Ashar on 1/24/24",EnquiryDraft,2024-01-24 13:18:04.160,,
679,INQ1017319,HOYT Corp,2024-01-24 00:00:00.000,"NJ CUSTOMER. ALLAN TO START COMMUNICATION WITH THEM.
UPDATED BY ASHAR ON 1/24/24",EnquiryDraft,2024-01-24 16:54:04.460,,
680,INQ1017320,Abboud Trading Corporation,2024-01-24 00:00:00.000,"ALLAN TO START COMMUNICATION WITH THEM.
UPDATED BY ASHAR ON 1/24/24",EnquiryDraft,2024-01-24 16:55:19.500,,
681,INQ1017323,"All Balls Racing, Inc.",2024-01-24 00:00:00.000,"ALLAN TO START COMMUNICATION WITH THEM.
UPDATED BY ASHAR 1/24/24",EnquiryDraft,2024-01-24 21:18:07.463,,
682,INQ1017324,Elgin Sweeper Co,2024-01-24 00:00:00.000,"ALLAN TO START COMMUNICATION .
UPDATED BY ASHAR ON1/24/24",EnquiryDraft,2024-01-24 21:24:51.967,,
683,INQ1017325,"Hatch & Kirk, Inc",2024-01-24 00:00:00.000,"ALLAN TO START COMMUNICATION.
UPDATED BY ASHAR ON 1/24/24",EnquiryDraft,2024-01-24 21:27:25.627,,
684,INQ1017326,"Loresco International , Inc",2024-01-24 00:00:00.000,"ALLAN TO START COMMUNICATION.
UPDATED BY ASHAR ON 1/24/24",EnquiryDraft,2024-01-24 21:29:40.087,,
685,INQ1017327,Midwest Finishing Systems,2024-01-24 00:00:00.000,"ALLAN TO START COMMUNICATION .
UPDATED BY ASHAR ON 1/24/24",EnquiryDraft,2024-01-24 21:31:39.187,,
686,INQ1017328,NULL,2024-01-24 00:00:00.000,"ALLAN TO START COMMUNICATION.
UPDATED BY ASHART ON 1/24/24",EnquiryDraft,2024-01-24 21:35:30.377,,
687,INQ1017329,Nelson Manufacturing Company,2024-01-24 00:00:00.000,"ALLAN TO START COMMUNICATION.
UPDATED BY ASHAR ON1/24/24",EnquiryDraft,2024-01-24 21:37:13.223,,
688,INQ1017330,"NOTRAX USA, INC.",2024-01-24 00:00:00.000,"ALLAN TO START COMMUNICATION.
UPDATED BY ASHAR ON 1/24/24",EnquiryDraft,2024-01-24 21:38:50.630,,
678,INQ1017305,Hall Equipment Co. LLC,1899-12-31 00:00:00.000,1/26/24 Spoke with Joe Leduc . Hall equip does not export equipment,EnquiryDraft,2024-01-26 14:08:43.750,,
689,INQ30261,AUTOCLEAR SECURITY INSPECTION SYSTEMS,2024-01-29 00:00:00.000,"NJ CUSTOMER.
ALLAN TO START COMMUNICATION.
UPDATED BY ASHAR ON 1/28/24",EnquiryDraft,2024-01-29 14:04:38.063,,
682,INQ1017324,Elgin Sweeper Co,2024-02-12 00:00:00.000,1/29/24 Lft V/M for Fred Blair in shipping,EnquiryDraft,2024-01-29 14:08:14.967,,
690,INQ30263,HBA&MFL LLC,2024-01-29 00:00:00.000,"NJ CUSTOMER .ALLAN TO START CUMMUNICATION.
UPDATED BY ASHAR ON 1/29/24",EnquiryDraft,2024-01-29 21:20:56.103,,
691,INQ30264,Healing Hands Scrubs,2024-01-29 00:00:00.000,"NJ CUSTOMER.ALLAN TO START COMMUNICATION.
UPDATED BY ASHAR ON 1/29/24",EnquiryDraft,2024-01-29 21:22:51.853,,
692,INQ30265,HEYCO,2024-01-29 00:00:00.000,"NJ CUSTOMER.ALLAN TO START COMMUNICATION WITH THEM.
UPDATED BY ASHAR ON 1/29/24",EnquiryDraft,2024-01-29 21:24:41.610,,
693,INQ1017361,LAPTOPPLAZA,2024-01-29 00:00:00.000,"NJ CUSTOMER. ALLAN TO START COMMUNICATION.
UPDATED BY ASHAR ON 1/29/24",EnquiryDraft,2024-01-29 21:26:33.733,,
694,INQ30267,"Titanium Industries, Inc.",2024-01-29 00:00:00.000,"NJ CUSTOMER.ALLAN TO START COMMUNICATION.
UPDATED BY ASHAR ON 1/29/24",EnquiryDraft,2024-01-29 21:38:27.203,,
695,INQ4031,Jordache Enterprises Inc,2024-01-29 00:00:00.000,NJ CUSTOMER. ALLAN TO SATRT COMMUNICATION. UPDATED BY ASHAR ON 1/29/24,EnquiryDraft,2024-01-29 21:41:32.057,,
696,INQ30269,Jojoba Desert Inc.,2024-01-29 00:00:00.000,"NJ CUSTOMER.ALLAN TO START COMMUNICATION.
UPDATED BY ASHAR ON 1/29/24",EnquiryDraft,2024-01-29 23:37:08.080,,
697,INQ30270,Capintec,2024-01-29 00:00:00.000,"NJ CUSTOMER. ALLAN TO START COMMUNICATION.
UPDATED BY ASHAR ON 1/29/24",EnquiryDraft,2024-01-29 23:39:05.903,,
698,INQ1017367,RAINBOW INTERNATIONAL PRODUCTS,2024-01-30 00:00:00.000,Test remark,EnquiryDraft,2024-01-30 09:44:37.763,,
698,INQ1017367,RAINBOW INTERNATIONAL PRODUCTS,2024-01-31 00:00:00.000,Test remark 2,EnquiryDraft,2024-01-30 09:45:23.287,,
699,INQ1017377,"Joy Systems, Inc.",2024-01-31 00:00:00.000,"NJ CUSTOMER. ALLAN TO START COMMUNICATION.
UPDATED BY ASHAR ON 1/31/24",EnquiryDraft,2024-01-31 14:09:10.433,,
700,INQ1017379,NEW MILL CAPITAL,2024-01-31 00:00:00.000,"1/2/24 New Years Greetings sent.
updated by ASHAR ON 1/31/24",EnquiryDraft,2024-01-31 14:19:16.373,,
701,INQ1017380,Myron Bowling Auctioneers,2024-01-31 00:00:00.000,"1/2/24 New Years Greetings sent
updated by Ashar on 1/31/24",EnquiryDraft,2024-01-31 14:35:03.853,,
699,INQ1017377,"Joy Systems, Inc.",2024-02-07 00:00:00.000,1/31/24 left V/M,EnquiryDraft,2024-01-31 14:58:37.190,,
700,INQ1017379,NEW MILL CAPITAL,2024-02-21 00:00:00.000,1/31/24 Email intro sent,EnquiryDraft,2024-01-31 15:11:12.987,,
701,INQ1017380,Myron Bowling Auctioneers,2024-02-14 00:00:00.000,1/31/24 Email intro sent,EnquiryDraft,2024-01-31 15:15:41.747,,
702,INQ1017382,PPL GROUP,2024-01-31 00:00:00.000,"1/2/24 New Years Greetings sent.
updated by ashar on 1/31/24",EnquiryDraft,2024-01-31 16:22:50.260,,
703,INQ1017383,MACHINERY MAX,2024-01-31 00:00:00.000,"10/24 Moved 3 crates fm Machmax facility in FL to Chenai.
updated by ashar on 1/31/24",EnquiryDraft,2024-01-31 16:27:20.263,,
703,INQ1017383,MACHINERY MAX,2024-01-31 00:00:00.000,"11/6 Requested more biz.
updated by ashar on 1/31/24",EnquiryDraft,2024-01-31 16:28:17.580,,
703,INQ1017383,MACHINERY MAX,2024-01-31 00:00:00.000,"11/30 F/U asking for biz.
updated by ashar on 1/31/24",EnquiryDraft,2024-01-31 16:29:08.370,,
703,INQ1017383,MACHINERY MAX,2024-01-31 00:00:00.000,"1/2/24 New Years Greetings sent.
UPDATED BY ASHAR ON 1/31/24",EnquiryDraft,2024-01-31 16:30:01.317,,
704,INQ1017385,BIDEQUIP LLC,2024-01-31 00:00:00.000,"10/17 E mailed. single piece Auctions of constr machines located across USA. One here, One there. Not centralized .
UPDATED BY ASHAR ON 1/31/24",EnquiryDraft,2024-01-31 16:50:38.700,,
705,INQ1017387,NULL,2024-01-31 00:00:00.000,"10/17 Emailed .
UPDATED BY ASHAR ON 1/31/24",EnquiryDraft,2024-01-31 17:02:32.670,,
706,INQ1017389,North Country Auctions LLC,2024-01-31 00:00:00.000,"Reached out 2 x via website info page. No word back  .
UPDATED BY ASHAR ON 1/31/24",EnquiryDraft,2024-01-31 20:50:03.830,,
707,INQ1017390,NULL,2024-01-31 00:00:00.000,"E mail rate request 6/16. Follow up sent .
UPDATED BY ASHAR ON 1/31/24",EnquiryDraft,2024-01-31 20:58:33.757,,
707,INQ1017390,NULL,2024-01-31 00:00:00.000,"1/2/24 New Years Greetings sent.
UPDATED BY ASHAR ON 1/31/24",EnquiryDraft,2024-01-31 20:59:23.503,,
708,INQ1017391,UNITED ASSET SALES,2024-01-31 00:00:00.000,"1/2/24 New Years Greetings sent.
UPDATED BY ASHAR ON 1/31/24",EnquiryDraft,2024-01-31 21:08:40.340,,
709,INQ1017401,TOWN BUSINES CENTER,2024-02-01 00:00:00.000,"1/2/24 New Years Grettings sent
Updated by ashar on 12/1/24",EnquiryDraft,2024-02-01 16:09:16.660,,
710,INQ1017402,ALL PRO MACHINERY MOVERS,2024-02-01 00:00:00.000,"contact person is Jason Thorstenson.1/2/24 New Years Grettings sent
updated by ashar on 2/1/24",EnquiryDraft,2024-02-01 16:12:55.687,,
711,INQ1017407,Linker Equipment Corporation,2024-02-02 00:00:00.000,"NJ CUSTOMER.EQUIPMENT SALE COMPANY.ALLAN TO START COMMUNICATION.
UPDATED BY ASHAR ON 2/1/24",EnquiryDraft,2024-02-01 23:03:32.163,,
709,INQ1017401,TOWN BUSINES CENTER,2024-03-13 00:00:00.000,"2/5/24 added remark, Miapp did not save it!!!",EnquiryDraft,2024-02-05 11:58:17.310,,
710,INQ1017402,ALL PRO MACHINERY MOVERS,2024-02-13 00:00:00.000,No Communiccation is being captured here!!!!,EnquiryDraft,2024-02-05 13:04:09.280,,
711,INQ1017407,Linker Equipment Corporation,2024-03-06 00:00:00.000,Left V/M and sent Email outlining our services to Mr. Linker,EnquiryDraft,2024-02-05 13:16:05.830,,
702,INQ1017382,PPL GROUP,2024-03-13 00:00:00.000,2/4/24: left V/M & sent Email asking for biz,EnquiryDraft,2024-02-05 13:26:53.747,,
709,INQ1017401,TOWN BUSINES CENTER,2024-03-13 00:00:00.000,2/5/24 Left V/M and sent Email.,EnquiryDraft,2024-02-05 14:16:12.937,,
703,INQ1017383,MACHINERY MAX,2024-02-28 00:00:00.000,2/5 Steve expects he may have cargo to move in first quarter. He is not actual Machiery Max empolyee. doing a GK!,EnquiryDraft,2024-02-05 15:06:40.867,,
704,INQ1017385,BIDEQUIP LLC,2024-03-13 00:00:00.000,"2/5/24 Spoke with Tiff: she ""makes her customers do their own shipping"" Emailing her our info for possible reccomend",EnquiryDraft,2024-02-05 15:19:31.133,,
712,INQ1017474,REDMOND & ASSOCIATES,2024-02-12 00:00:00.000,ALLAEN to start communication with them.,EnquiryDraft,2024-02-12 16:48:40.190,,
713,INQ1017475,MACHINERY NETWORK,2024-02-12 00:00:00.000,"Allen to start communication with them.
Updated by Ashar on 2/12/24",EnquiryDraft,2024-02-12 17:20:47.427,,
714,INQ1017492,Harry Davis & Company,2024-02-14 00:00:00.000,"Allan to start communication regarding Sepatra.
updated by Ashar on 2/14/24",EnquiryDraft,2024-02-14 17:55:11.363,,
569,INQ1017024,MACHINE TOOL BIDS,1924-03-24 00:00:00.000,"Allan talked with Stephenie on 2/15/24.
She seems interested and gave the email id info@machinetoolbids.com for further communication. Updated by Ashar on 2/15/2024.",EnquiryDraft,2024-02-15 08:53:04.777,,
710,INQ1017402,ALL PRO MACHINERY MOVERS,2024-03-10 00:00:00.000,Nothing mentioned was mentioned regarding your communication with this person in SEPATRA sheet provided by you.,EnquiryDraft,2024-03-07 11:01:51.747,,
718,INQ1017705,NULL,2024-03-13 00:00:00.000,enquiry created by ASHAR on 3/13/2024,EnquiryDraft,2024-03-13 17:12:05.770,,
719,INQ1017763,MGL INQUIRY PURPOSE,2024-03-26 00:00:00.000,QUOTATION,EnquiryDraft,2024-03-25 12:38:58.040,,
720,INQ1017765,PERUVIAN SUPPLY PARTNERS,2024-03-26 00:00:00.000,QUOTATION,EnquiryDraft,2024-03-25 14:28:36.807,,
721,INQ1017769,MGL INQUIRY PURPOSE,2024-03-26 00:00:00.000,QUOTATION,EnquiryDraft,2024-03-25 17:25:46.990,,
722,INQ20294,SIGMA Auction,2024-04-03 00:00:00.000,Hh want Alan to contact this co.,EnquiryDraft,2024-04-03 11:25:16.837,,
723,INQ1017832,NULL,2024-04-12 00:00:00.000,te,EnquiryDraft,2024-04-07 10:17:28.730,,
724,INQ1017833,NULL,2024-04-07 00:00:00.000,Have a query regarding this shipment?,EnquiryDraft,2024-04-07 10:25:08.453,,
725,INQ1017834,MGL1234,2024-04-09 00:00:00.000,First communication 1,EnquiryDraft,2024-04-08 10:33:56.150,,
725,INQ1017834,MGL1234,2024-04-09 00:00:00.000,"1st Part  -  To discuss implementation of control in creation of Customers and Vendors in MiApp . Finance and Ware house can leave the session after this part , if they so please.",EnquiryDraft,2024-04-08 10:34:32.427,,
725,INQ1017834,MGL1234,2024-04-09 00:00:00.000,"Dear Ashish ,

Please find attached answer to most of your questions . For some of the remaining questions I will discuss with HH and will evert.",EnquiryDraft,2024-04-08 10:35:09.213,,
726,INQ1017894,Wisconsin Metalworking Machinery Inc.,2024-04-17 00:00:00.000,"Hh to Allan..I just spoke with Chuck. He is willing to consider our SEPATRA proposal. Please send and follow with him. Below are his contact details.

Chuck Radtke

VP Sales, Marketing
Wisconsin Metalworking Machinery Inc.

2207 S. West Ave. Waukesha, WI 53189
chuck@wismet.com
www.wismet.com
262.548.6080
These are riggers and movers. Chuck is proposing us to store machines coming out of auction from near their warehouse. I do not have their contact information. You may google, get their contact",EnquiryDraft,2024-04-17 16:40:41.967,,
727,INQ1017963,MTL Services,2024-04-29 00:00:00.000,ALLAN TO START COMMUINICATION WITH MIKE,EnquiryDraft,2024-04-29 21:42:00.673,,
728,INQ1018209,Z Micro,2024-06-17 00:00:00.000,EMAIL SENT,EnquiryDraft,2024-06-11 15:27:15.640,,
729,INQ1018210,Yusei Mold,2024-06-17 00:00:00.000,EMAIL SENT,EnquiryDraft,2024-06-11 15:28:49.253,,
730,INQ1018211,Yauza Exports,2024-06-17 00:00:00.000,EMAIL SENT,EnquiryDraft,2024-06-11 15:30:21.123,,
731,INQ1018212,YAQUBIAN INT'L TRADING CORP.,2024-06-17 00:00:00.000,EMAIL SENT,EnquiryDraft,2024-06-11 15:32:18.223,,
732,INQ1018213,XYST TECHNOLOGY INC.,2024-06-17 00:00:00.000,EMAIL SENT,EnquiryDraft,2024-06-11 15:33:04.623,,
733,INQ1018214,"Woosman Spiral,Turkey",2024-06-17 00:00:00.000,EMAIL SENT,EnquiryDraft,2024-06-11 15:34:19.420,,
734,INQ1018215,NULL,2024-06-17 00:00:00.000,EMAIL SENT,EnquiryDraft,2024-06-11 15:36:29.707,,
735,INQ1018216,Watson Global Logistics Pvt.Ltd,2024-06-17 00:00:00.000,EMAIL SENT,EnquiryDraft,2024-06-11 15:37:34.260,,
736,INQ1018217,WATERLINK LOGISTICS CANADA INC.,2024-06-17 00:00:00.000,EMAIL SENT,EnquiryDraft,2024-06-11 15:38:27.253,,
737,INQ1018218,"Vortec, an ITW Company",2024-06-17 00:00:00.000,EMAIL SENT,EnquiryDraft,2024-06-11 15:39:48.240,,
738,INQ1018219,VIctory International Trading LLC,2024-06-17 00:00:00.000,EMAIL SENT,EnquiryDraft,2024-06-11 15:41:22.530,,
739,INQ1018220,Vesuvius USA,2024-06-17 00:00:00.000,EMAIL SENT,EnquiryDraft,2024-06-11 15:42:37.750,,
740,INQ1018221,USTRG,2024-06-17 00:00:00.000,EMAIL SENT,EnquiryDraft,2024-06-11 15:43:39.183,,
741,INQ1018222,"Upstar Nutrition, Inc.",2024-06-17 00:00:00.000,EMAIL SENT,EnquiryDraft,2024-06-11 15:44:41.643,,
742,INQ1018223,UOP LLC A Honeywell Co,2024-06-17 00:00:00.000,EMAIL SENT,EnquiryDraft,2024-06-11 15:45:56.207,,
743,INQ1018224,UNITEDMIND CORPS,2024-06-17 00:00:00.000,EMAIL SENT,EnquiryDraft,2024-06-11 15:46:43.813,,
744,INQ1018225,United Trans for Import and Export,2024-06-17 00:00:00.000,EMAIL SENT,EnquiryDraft,2024-06-11 15:47:47.663,,
745,INQ1018226,UNITED EXPORTS INT INC,2024-06-11 00:00:00.000,EMAIL SENT,EnquiryDraft,2024-06-11 15:48:51.223,,
746,INQ1018227,Unique Market Place Inc,2024-06-17 00:00:00.000,EMAIL SENT,EnquiryDraft,2024-06-11 15:50:22.820,,
747,INQ1018228,UNION PACIFIC INTERMODAL FACILITY,2024-06-17 00:00:00.000,EMAIL SENT,EnquiryDraft,2024-06-11 15:51:24.410,,
748,INQ1018229,UniGroup Logistics,2024-06-17 00:00:00.000,EMAIL SENT,EnquiryDraft,2024-06-11 15:56:43.900,,
749,INQ1018230,UniGroup Logistics,2024-06-17 00:00:00.000,email sent,EnquiryDraft,2024-06-11 15:58:32.627,,
750,INQ1018231,Truck Recycling,2024-06-17 00:00:00.000,email sent,EnquiryDraft,2024-06-11 16:00:44.770,,
751,INQ1018232,TRIPAR INC,2024-06-17 00:00:00.000,email sent,EnquiryDraft,2024-06-11 16:12:32.850,,
752,INQ1018233,Triad Sourcing,2024-06-17 00:00:00.000,email sent,EnquiryDraft,2024-06-11 16:13:28.883,,
753,INQ1018234,TRI STATE USED EQUIPMENT INC,2024-06-17 00:00:00.000,EMAIL SENT,EnquiryDraft,2024-06-11 16:15:14.063,,
754,INQ1018235,Transtech Inc.,2024-06-17 00:00:00.000,EMAIL SENT,EnquiryDraft,2024-06-11 16:27:00.353,,
755,INQ1018236,Transtech Inc,2024-06-17 00:00:00.000,EMAIL SENT,EnquiryDraft,2024-06-11 16:27:58.190,,
756,INQ1018237,TRANSMARITIME INC,2024-06-17 00:00:00.000,EMAIL SENT,EnquiryDraft,2024-06-11 16:28:37.217,,
757,INQ1018252,BRAVIA SUPPLY,2024-06-15 00:00:00.000,QUOTATION,EnquiryDraft,2024-06-14 09:28:26.817,,
758,INQ1018253,BRAVIA SUPPLY,2024-06-15 00:00:00.000,QUOTATION,EnquiryDraft,2024-06-14 09:30:36.070,,
639,INQ1017125,NULL,2024-06-19 00:00:00.000,CALLED TO HIM,EnquiryDraft,2024-06-18 13:15:12.290,,
640,INQ1017126,TRISTATE AUCTIONS,2024-06-25 00:00:00.000,I CALLED MIKE AND HE SAID TO CALL HIM BACK ON 06/25/24,EnquiryDraft,2024-06-18 13:19:09.270,,
640,INQ1017126,TRISTATE AUCTIONS,2024-06-18 00:00:00.000,I CALLED,EnquiryDraft,2024-06-18 13:20:40.080,,
640,INQ1017126,TRISTATE AUCTIONS,2024-06-18 00:00:00.000,I CALLED,EnquiryDraft,2024-06-18 13:20:40.230,,
639,INQ1017125,NULL,2024-06-19 00:00:00.000,CREATED PREVIOUS COMMUNICATION FICTITOUSLY BY ASHAR,EnquiryDraft,2024-06-18 13:24:17.340,,
640,INQ1017126,TRISTATE AUCTIONS,2024-06-19 00:00:00.000,CREATED PREVIOUS COMMUNICATION FICTITOUSLY BY ASHAR,EnquiryDraft,2024-06-18 13:24:43.377,,
760,INQ1018299,Shanghai Senting International Freight Forwarding ,2024-06-25 00:00:00.000,We need temperature -18 degrees.,EnquiryDraft,2024-06-24 10:09:20.980,,
764,INQ1018310,BYT GROUP LLC,2024-06-26 00:00:00.000,called Mike and he said to call back on 6/26/24,EnquiryDraft,2024-06-24 13:50:43.540,,
764,INQ1018310,BYT GROUP LLC,2024-06-30 00:00:00.000,I called him today and gave another pno to call,EnquiryDraft,2024-06-24 13:54:19.660,,
767,INQ1018328,PANORAMA LOGISTICS,2024-06-26 00:00:00.000,from USA to Santos general cargo not dgr,EnquiryDraft,2024-06-25 14:17:13.303,,
769,INQ1018335,American Auto Centers,2024-06-27 00:00:00.000,QUOTATION,EnquiryDraft,2024-06-26 09:43:34.333,,
771,INQ1018340,American Auto Centers,2024-06-27 00:00:00.000,QUOTATION,EnquiryDraft,2024-06-26 11:26:33.533,,
772,INQ1018341,American Auto Centers,2024-06-27 00:00:00.000,QUOTATION,EnquiryDraft,2024-06-26 11:35:58.777,,
773,INQ1018343,American Auto Centers,2024-06-27 00:00:00.000,QUOTATION,EnquiryDraft,2024-06-26 11:42:54.913,,
784,INQ1018441,AIRCON LOGISTICS PVT LTD,2024-07-11 00:00:00.000,FR TO START FOLLOWING,EnquiryDraft,2024-07-11 17:18:08.097,,
785,INQ1018442,Apollo Supply Chain Pvt. Ltd.,2024-07-12 00:00:00.000,FR TO START FOLLOWIING,EnquiryDraft,2024-07-11 17:19:41.350,,
786,INQ1018444,BYT GROUP LLC,2024-07-11 00:00:00.000,FR TO FOLLOW,EnquiryDraft,2024-07-11 18:46:18.437,,
787,INQ1018445,Callmasters Inc,2024-07-11 00:00:00.000,FR TO FOLLOW,EnquiryDraft,2024-07-11 18:48:05.740,,
788,INQ1018446,Dana Dairy Group Ltd,2024-07-11 00:00:00.000,FR TO FOLLOW,EnquiryDraft,2024-07-11 18:49:08.510,,
789,INQ1018447,EGYPT EXPORTER,2024-07-11 00:00:00.000,FR TO FOLLOW,EnquiryDraft,2024-07-11 18:49:54.987,,
790,INQ1018450,FASEL AL RABEE FOR GENERAL TRADING,2024-07-12 00:00:00.000,FR TO FOLLOW,EnquiryDraft,2024-07-12 14:58:47.263,,
518,INQ1016938,AFFORDABLE MACHINERY,2024-07-18 00:00:00.000,10/20 Lisa will “put me in touch with the relevant team,EnquiryDraft,2024-07-18 14:47:46.093,,
519,INQ1016946,ENGINEER FIRE,2024-07-18 00:00:00.000,"6/14 Sent outreach msg 5/22 sent outreach message re biz 5/15 inquired re 1 Meg generator  1/4 call not much overseas. Domestic 1/2/24 New Years Grettings sent 5/17/2023 Nice chat, He almost had some",EnquiryDraft,2024-07-18 14:50:36.070,,
525,INQ1016965,EQUIPMENT BUYERS GROUP,2024-06-13 00:00:00.000,"1/2/24 New Years Grettings sent 5/17/2023 Nice chat, He almost had some",EnquiryDraft,2024-07-18 15:01:57.650,,
520,INQ1016951,HOLLINGER EQUIPMENT SALES,2024-06-18 00:00:00.000,1/2/24 New Years Grettings sent 12/8 Nice chat w/jason. He has customers in need of exporting. Sent Email 11/2 Hamid advs GK picks up equip for customer Arturo here. E mail sent.,EnquiryDraft,2024-07-18 15:04:42.520,,
526,INQ1016967,"I.E. Machine Tools, Inc.",2024-07-18 00:00:00.000,1/2/24 New Years Grettings sent 12/14 Left V/M 12/8 Emailed them re Hamid CHI trip Dec 27&28 7/20 E mail 8/20/2022  Email introduction sent by Gorham to this account with MGL in copy,EnquiryDraft,2024-07-18 15:11:02.990,,
527,INQ1016969,Infinity Pack & Ship,2024-07-18 00:00:00.000,6/14 Sent outreach msg 1/2/24 New Years Grettings sent 12/8 Sent F/U 8/22/23 E mail sent Sepatra offer,EnquiryDraft,2024-07-18 15:11:58.323,,
521,INQ1016957,INJECTION DEPOT GROUP,2024-07-18 00:00:00.000,6/14 sent outreach message  3/27/24 Chris advs dollar strength has led to decline to India & Pakistan. 1/2/24 New Years Grettings sent E mail & V/M  -no response,EnquiryDraft,2024-07-18 15:13:09.857,,
522,INQ1016959,"Moses B. Glick, LLC",2024-07-18 00:00:00.000,5/22/24 Outreach message sent 3/27/24 Lft V/M 1/2/24 New Years Grettings sent 12/8/23 E mail sent 5/19/23 Phone Call,EnquiryDraft,2024-07-18 15:14:05.910,,
523,INQ1016962,NULL,2024-07-18 00:00:00.000,6/21/24  Michael requestion rate on a truck move Alton MO > LA 600lbs machine form auciton. 6/14 out reach message sent3/27/24 Mike advs several large auctions coming up. Wl keep us in mind. 1/2/24 New Years Grettings sent 12/8/23 sent E mail advsng auction is coming,EnquiryDraft,2024-07-18 15:14:56.247,,
529,INQ1016972,ADVANCED INDUSTRIAL SERVICES (AIS),2024-07-18 00:00:00.000,"5/31/24 Sent out reach message. 1/2/24 New Years Grettings sent 12/12 met Jenn at Lancaster PA site. High End Industrial Rigger, Emailed.",EnquiryDraft,2024-07-18 15:16:01.747,,
570,INQ1017026,C & C MILLWRIGHT MAINATAINANCE,2024-07-18 00:00:00.000,1/2/24 New Years Grettings sent 12/1 lft V/M 11/1/23 Beckey Hodges fm Revelation Mach reccomend,EnquiryDraft,2024-07-18 17:12:58.527,,
571,INQ1017028,C.A.S. RIGGING,2024-07-22 00:00:00.000,1/2/24 New Years Grettings sent 12/8 Sent email offer Sepetra 10/25/2023 Hamid visit to Thomas auciton site in Southington CT,EnquiryDraft,2024-07-19 11:05:28.193,,
572,INQ1017029,Commercial Riggers 2222,2024-07-22 00:00:00.000,8/22/23 E mail sent Sepatra offer 6/21 Rigger for Mr. Ping. Moved 2 shipments LCL & 40'HC  NH > HKG,EnquiryDraft,2024-07-19 11:07:53.010,,
573,INQ1017030,CP Millwright Fabrication,2024-07-22 00:00:00.000,6/14/24 Sent Oureach msg 1/2/24 New Years Grettings sent 12/8 Sent email offer Sepetra Very heavy duty. Whole plants dissassmbled,EnquiryDraft,2024-07-19 11:09:42.340,,
574,INQ1017032,CRITTENDEN MILLWRIGHT & FABRICATION,2024-07-22 00:00:00.000,1/2/24 New Years Grettings sent 11/1/23 Beckey Hodges fm Revelation Mach recommend,EnquiryDraft,2024-07-19 11:11:05.773,,
575,INQ1017037,NULL,2024-07-22 00:00:00.000,1/2/24 New Years Grettings sent,EnquiryDraft,2024-07-19 11:12:48.237,,
675,INQ1017239,HALL INDUSTRIAL SERVICE,2024-07-22 00:00:00.000,1/2/24 New Years Grettings sent 11/8 Advisory from Finance re machinery sales,EnquiryDraft,2024-07-19 11:15:18.143,,
578,INQ1017042,NULL,2024-07-22 00:00:00.000,1/2/24 New Years Grettings sent,EnquiryDraft,2024-07-19 11:17:02.837,,
582,INQ1017048,MITCHEL MACHINERY MOVERS,2024-07-22 00:00:00.000,1/2/24 New Years Grettings sent 1/1/24 Tel con happy holidays advisd re Sepetra. He advs most things are decided already with him doing rigging only,EnquiryDraft,2024-07-19 11:17:58.337,,
584,INQ1017052,NULL,2024-07-22 00:00:00.000,"1/2/24 New Years Grettings sent 8/22/23 E mail sent Sepatra offer.  Hamid known for years: qted constr equip CHI R/R > POTI, Baku, Almaty. COVERAGE:  OR WA IDAHO ONLY!",EnquiryDraft,2024-07-19 11:19:01.610,,
585,INQ1017055,"#1HeavyEquipment Loading, Inc.",2024-07-22 00:00:00.000,"1/2/24 New Years Grettings sent8/22/23 E mail sent Sepatra offer.  Hamid known for years: qted constr equip CHI R/R > POTI, Baku, Almaty",EnquiryDraft,2024-07-19 11:19:50.867,,
586,INQ1017056,PEDOWITZ MACHINERY MOVERS,2024-07-22 00:00:00.000,1/2/24 New Years Grettings sent 8/22/23 E mail sent Sepatra offer,EnquiryDraft,2024-07-19 11:20:37.263,,
587,INQ1017057,NULL,2024-07-22 00:00:00.000,1/2/24 New Years Grettings sent 12/18: E mailed him re SEPETRA,EnquiryDraft,2024-07-19 11:21:21.800,,
588,INQ1017058,PROTECH MILLWRIGHT MAINTAINANCE,2024-07-22 00:00:00.000,1/2/24 New Years Grettings sent 1/1/24 Tel con w/Gary happy holidays advisd re Sepetra. Obtained his Email,EnquiryDraft,2024-07-19 11:22:12.653,,
595,INQ1017066,Rigging and Transportation Solutions Inc,2024-07-22 00:00:00.000,1/2/24 New Years Grettings sent 11/20 GK Email 8/22/23 E mail sent Sepatra offer,EnquiryDraft,2024-07-19 11:22:53.160,,
596,INQ1017068,ROGERS MILLWRIGHT & INDUSTRIAL SERVICES,2024-07-22 00:00:00.000,no remarks,EnquiryDraft,2024-07-19 11:23:53.837,,
597,INQ1017069,SHANE SOROKA EQUIPMENT CO,2024-07-22 00:00:00.000,no remarks,EnquiryDraft,2024-07-19 11:24:47.877,,
598,INQ1017070,SIMS CRANE & EQUIPMENT,2024-07-22 00:00:00.000,5/31/24 outreach message sent 1/2/24 New Years Grettings sent 8/22/23 E mail sent Sepatra offer,EnquiryDraft,2024-07-19 11:25:32.370,,
600,INQ1017072,S K Rigging Co Inc,2024-07-22 00:00:00.000,5/31/24 outreach message sent 1/2/24 New Years Grettings sent 11/20 GK Email,EnquiryDraft,2024-07-19 11:26:25.480,,
601,INQ1017074,STONE MACHINERY MOVERS,2024-07-22 00:00:00.000,5/31/24 outreach message sent 1/2/24 New Years Grettings sent 8/22/23 E mail sent Sepatra offer,EnquiryDraft,2024-07-19 12:55:55.693,,
602,INQ1017075,SUPERIOR RIGGING AND ERRECTING CO,2024-07-22 00:00:00.000,5/31/24 outreach message sent 1/2/24 New Years Grettings sent 8/22/23 E mail sent Sepatra offer,EnquiryDraft,2024-07-19 12:56:49.240,,
603,INQ1017077,Texas Express CNC,2024-07-22 00:00:00.000,5/31/24 outreach message sent 1/2/24 New Years Grettings sent E mail reminder 8/23/2023,EnquiryDraft,2024-07-19 12:57:30.000,,
604,INQ1017081,TRAMAR INDUSTRIES,2024-07-22 00:00:00.000,5/31/24 outreach message sent  1/2/24 New Years Grettings sent,EnquiryDraft,2024-07-19 12:59:24.387,,
605,INQ1017082,VIKING RIGGING & Logistics Services Inc,2024-07-22 00:00:00.000,5/31/24 sent outreach message 1/2/24 New Years Grettings sent 12/15/23 Medical & MRI specialist Riggers,EnquiryDraft,2024-07-19 13:01:01.017,,
533,INQ1016980,ARIZONA AUCTIONERS,2024-07-22 00:00:00.000,"6/11 Spoke with Austin, sent Email profile 1/1/24 pasted Holiday greetings onto website ""contact us""",EnquiryDraft,2024-07-19 13:11:01.857,,
534,INQ1016981,ASSET SALES,2024-07-22 00:00:00.000,1/2/24 New Years Grettings sent 10/6 Emailed,EnquiryDraft,2024-07-19 13:22:59.187,,
535,INQ1016985,AUCTIONTIME,2024-07-22 00:00:00.000,"10/17 Pasted msge. single piece Listings of used equip and auctions Showroom: Elk Grove Village IL. There is a ""shipping quote"" button already",EnquiryDraft,2024-07-19 13:23:55.947,,
535,INQ1016985,AUCTIONTIME,2024-07-22 00:00:00.000,"10/17 Pasted msge. single piece Listings of used equip and auctions Showroom: Elk Grove Village IL. There is a ""shipping quote"" button already",EnquiryDraft,2024-07-19 13:50:49.990,,
536,INQ1016986,BIDADOO AUCTIONS,2024-07-22 00:00:00.000,"1/2/24 New Years Grettings sent10/17 E mailed. single piece Auctions of constr machines located across USA. One here, One there. Not centralized",EnquiryDraft,2024-07-19 18:10:19.273,,
704,INQ1017385,BIDEQUIP LLC,2024-07-22 00:00:00.000,to be followed,EnquiryDraft,2024-07-19 18:11:26.793,,
537,INQ1016987,BIDEQUIP LLC,2024-07-22 00:00:00.000,1/2/24 New Years Grettings sent 10/17 Emailed Listing of used equip and auctions by date and location,EnquiryDraft,2024-07-19 18:11:40.347,,
538,INQ1016988,BLACK STAR AUCTIONS,2024-07-22 00:00:00.000,10/17 pasted msg,EnquiryDraft,2024-07-19 18:13:50.050,,
539,INQ1016990,BTM INDUSTRIAL,2024-07-22 00:00:00.000,1/2/24 New Years Grettings sent 10/17 Email E mail 8/20/2022  Email introduction sent by Gorham to this account with MGL in copy,EnquiryDraft,2024-07-19 18:18:48.103,,
659,INQ1017200,BTM INDUSTRIAL,2024-07-22 00:00:00.000,1/2/24 New Years Grettings sent 8/21/22 Dales advs Andrew handles shipping,EnquiryDraft,2024-07-19 18:19:40.073,,
540,INQ1016991,CAPITOL RECOVERY GROUP,2024-07-22 00:00:00.000,"2/12/24 Met Brian Mangan @ flying fish auction Iterested in MGL svs. 1/2/24 New Years Grettings sent 10/6 Emailed. another contact person is Brian Mangan	860-623-9060 ;bmangan@crgllc.com",EnquiryDraft,2024-07-19 18:23:17.843,,
541,INQ1016992,CHARLESTON AUCTIONS,2024-07-22 00:00:00.000,1/2/24 New Years Grettings sent 10/6 Emailed,EnquiryDraft,2024-07-19 18:24:16.980,,
543,INQ1016994,CORPORATE ASSETS INC.,2024-07-22 00:00:00.000,3/21/24 fm A/R auction advisory.,EnquiryDraft,2024-07-22 11:07:43.460,,
543,INQ1016994,CORPORATE ASSETS INC.,2024-07-22 00:00:00.000,1/2/24 New Years Grettings sent 10/6 Emailed,EnquiryDraft,2024-07-22 11:09:38.453,,
705,INQ1017387,NULL,2024-07-22 00:00:00.000,1/2/24 New Years Grettings sent 10/17 Emailed,EnquiryDraft,2024-07-22 11:11:55.677,,
548,INQ1016999,EX FACTORY US,2024-07-22 00:00:00.000,"1/2/24 New Years Grettings sent 10/17 pasted ""conct us""",EnquiryDraft,2024-07-22 11:21:11.437,,
549,INQ1017000,Federal Equipment Company,2024-07-22 00:00:00.000,1/2/24 New Years Grettings sent 10//17 no near E mailed,EnquiryDraft,2024-07-22 11:38:08.200,,
550,INQ1017001,Glenn Fritts/ Commercial realtor PA,2024-07-22 00:00:00.000,1/2/24 New Years Grettings sent Aided in auctioning off a coal mine in PA,EnquiryDraft,2024-07-22 11:39:18.137,,
551,INQ1017002,GLOBAL PARTNERS,2024-07-22 00:00:00.000,1/2/24 New Years Grettings sent 10/17 Emailed,EnquiryDraft,2024-07-22 11:43:50.743,,
552,INQ1017003,GRAFE AUCTIONS,2024-07-22 00:00:00.000,1/2/24 New Years Grettings sent 10/17 Emailed,EnquiryDraft,2024-07-22 11:46:01.087,,
553,INQ1017004,HARBOR MACHINERY INC,2024-07-22 00:00:00.000,1/2/24 New Years Grettings sent 11/10/23 handled CAD machine for John Zhao,EnquiryDraft,2024-07-22 11:47:03.490,,
554,INQ1017005,HARRY DAVIS AND COMPANY,2024-07-22 00:00:00.000,"1/2/24 New Years Grettings sent  10/17 E mail reminder 8/23/2023, E mail 8/20/2022  Email introduction sent by Gorham to this account with MGL in copy",EnquiryDraft,2024-07-22 11:48:32.250,,
554,INQ1017005,HARRY DAVIS AND COMPANY,2024-07-22 00:00:00.000,"1/2/24 New Years Grettings sent 10/17 E mail reminder 8/23/2023, E mail 9/20/2022  Email introduction sent 1/2/24 New Years Grettings sentby Gorham to this account with MGL in copy",EnquiryDraft,2024-07-22 11:49:49.450,,
662,INQ1017221,HERITAGE GLOBAL PARTNERS,2024-07-22 00:00:00.000,1/2/24 New Years Grettings sent 11/7 Jon Zhao purchased 3 CAD machines.,EnquiryDraft,2024-07-22 11:51:38.387,,
555,INQ1017006,HERITAGE GLOBAL PARTNERS,2024-07-22 00:00:00.000,1/2/24 New Years Grettings sent 11/7 Jon Zhao purchased 3 CAD machines.,EnquiryDraft,2024-07-22 11:53:01.323,,
663,INQ1017222,HERITAGE GLOBAL PARTNERS,2024-07-29 00:00:00.000,1/2/24 New Years Grettings sent 11/7 Jon Zhao purchased 3 CAD machines.,EnquiryDraft,2024-07-22 11:55:22.747,,
664,INQ1017223,HERITAGE GLOBAL PARTNERS,2024-07-22 00:00:00.000,1/2/24 New Years Grettings sent,EnquiryDraft,2024-07-22 11:56:34.043,,
556,INQ1017007,HOLLAND INDUSTRIAL GROUP,2024-07-22 00:00:00.000,1/2/24 New Years Grettings sent 10/17 nothing nearby. 7/25/23 sent biz prospect  E mail,EnquiryDraft,2024-07-22 11:58:10.070,,
625,INQ1017109,"HPL LOGISTICS CO., LTD",2024-07-22 00:00:00.000,1/2/24 New Years Grettings sent 3/24/23 GK had done a shipment for this co. Dozer fm North Country Auctions,EnquiryDraft,2024-07-22 12:00:06.827,,
625,INQ1017109,"HPL LOGISTICS CO., LTD",2024-07-22 00:00:00.000,1/2/24 New Years Grettings sent 3/24/23 GK had done a shipment for this co. Dozer fm North Country Auctions,EnquiryDraft,2024-07-22 12:02:46.337,,
559,INQ1017012,INTEGRA ASSET SOLUTIONS,2024-07-22 00:00:00.000,1/2/24 New Years Grettings sent 12/28 Happy Hoiday 12/14 tel call John advs we are in consideration stll for 1/2/24 New Years Grettings sent Sepetra proposal.Johnin FL for winter. Visits his dad in Cape Coral FL for holidays.   6/22/23 Telecon with Hamid,EnquiryDraft,2024-07-22 13:03:04.570,,
560,INQ1017013,IRON HORSE AUCTIONS,2024-07-22 00:00:00.000,1/2/24 New Years Grettings sent,EnquiryDraft,2024-07-22 13:05:33.720,,
561,INQ1017014,IRON PLANET-RICHIE BROS,2024-07-22 00:00:00.000,"Auctions of machines located across USA. One here, One there. Not centralized",EnquiryDraft,2024-07-22 13:06:47.433,,
562,INQ1017015,IRS AUCTIONS,2024-07-22 00:00:00.000,"1/2/24 New Years Grettings sent 10/3/23: Chuck is one person there, may not be right party to contact",EnquiryDraft,2024-07-22 13:07:44.523,,
563,INQ1017016,JOESEPH FINN CO,2024-07-22 00:00:00.000,1/2/24 New Years Grettings sent,EnquiryDraft,2024-07-22 13:34:25.957,,
564,INQ1017017,Kempler Industries Used Machinery,2024-07-22 00:00:00.000,"1/2/24 New Years Grettings sent 12/14 Lft V/M for ""person"" (very busy per receptionist) re Hamid apt when in CHI 12/27, 28th",EnquiryDraft,2024-07-22 13:35:28.800,,
565,INQ1017018,KURTZ TRADING,2024-07-22 00:00:00.000,Auctions held at their base location in PA,EnquiryDraft,2024-07-22 13:36:42.137,,
666,INQ1017225,LIQUID ASSET PARTNERS,2024-07-22 00:00:00.000,1/2/24 New Years Grettings sent,EnquiryDraft,2024-07-22 13:37:49.423,,
666,INQ1017225,LIQUID ASSET PARTNERS,2024-07-22 00:00:00.000,1/2/24 New Years Grettings sent,EnquiryDraft,2024-07-22 13:38:23.487,,
568,INQ1017023,LOEB EQUIPMENT,2024-07-22 00:00:00.000,1/2/24 New Years Grettings sent12/9 & 13 sent inquiry re Hamid visit to CHI,EnquiryDraft,2024-07-22 13:39:34.063,,
569,INQ1017024,MACHINE TOOL BIDS,2024-07-22 00:00:00.000,1/2/24 New Years Grettings sent,EnquiryDraft,2024-07-22 13:44:08.637,,
703,INQ1017383,MACHINERY MAX,2024-07-22 00:00:00.000,1/2/24 New Years Grettings sent 11/30 F/U asking for biz 11/6 Requested more biz 10/24 Moved 3 crates fm Machmax facility in FL to Chenai.,EnquiryDraft,2024-07-22 13:44:58.000,,
703,INQ1017383,MACHINERY MAX,2024-07-22 00:00:00.000,"earlier remark was entered by mistake.. pls disregard.
Can't delete from Miapp",EnquiryDraft,2024-07-22 13:48:04.217,,
703,INQ1017383,MACHINERY MAX,2024-07-22 00:00:00.000,1/2/24 New Years Grettings sent 11/30 F/U asking for biz 11/6 Requested more biz 10/24 Moved 3 crates fm Machmax facility in FL to Chenai.,EnquiryDraft,2024-07-22 13:48:49.200,,
579,INQ1017047,MAYNARDS AUCTIONS,2024-07-22 00:00:00.000,2/22/24 E mail F/U Gorham support E mail 1/2/24 New Years Grettings sent,EnquiryDraft,2024-07-22 14:06:40.890,,
580,INQ1017049,MMI Direct Acutions,2024-07-22 00:00:00.000,1/2/24 New Years Grettings sent 12/13/23 Email sent re Hamid visit.  CNC & Milling machines,EnquiryDraft,2024-07-22 14:10:42.567,,
764,INQ1018310,BYT GROUP LLC,2024-07-24 00:00:00.000,"called, nobody picked up",EnquiryDraft,2024-07-23 14:43:04.990,,
727,INQ1017963,MTL Services,2024-07-23 00:00:00.000,"called, they said they do not do a lot of international business, I explained if they had any referrals to reach back out, seemed dis-interested",EnquiryDraft,2024-07-23 14:46:01.260,,
726,INQ1017894,Wisconsin Metalworking Machinery Inc.,2024-07-23 00:00:00.000,"Spoke to chuck, he appreciate the efforts of staying up to date but explains he is using other brokers and is already very satisfied with them and has no reason to switch, I went on explaining how its a referral program, I believe he hung up on me mid-sentence",EnquiryDraft,2024-07-23 15:11:56.210,,
714,INQ1017492,Harry Davis & Company,2024-07-27 00:00:00.000,"Called Lenny Davis if that name is Correct and he did not picked up, left a voicemail to reach back out and explaining the sepatra program",EnquiryDraft,2024-07-23 15:16:50.037,,
712,INQ1017474,REDMOND & ASSOCIATES,2024-07-26 00:00:00.000,"Explained the 3% confirmed they were qualified,  asked for best contact email, said would be following up with a proposal",EnquiryDraft,2024-07-25 13:06:25.290,,
713,INQ1017475,MACHINERY NETWORK,2024-07-25 00:00:00.000,"Was uninterested at first thought it was a sales call, until he realized we were a transportation company simply proposing a referral program, ended up a happy customer, email being sent to him now",EnquiryDraft,2024-07-25 13:26:33.150,,
709,INQ1017401,TOWN BUSINES CENTER,2024-07-25 00:00:00.000,"Went great, again wasnt interested at first UNTIL hit him with that 3% combo steve was loving the proposal,",EnquiryDraft,2024-07-25 13:34:57.553,,
586,INQ1017056,PEDOWITZ MACHINERY MOVERS,2024-07-25 00:00:00.000,"Mr hamid spoke to phone, interested, to be sent email",EnquiryDraft,2024-07-25 14:57:11.857,,
710,INQ1017402,ALL PRO MACHINERY MOVERS,2024-07-25 00:00:00.000,"Was not interested, But i also did not reach the decision maker",EnquiryDraft,2024-07-25 15:23:32.190,,
711,INQ1017407,Linker Equipment Corporation,2024-07-29 00:00:00.000,Asked to call back on Monday after 10am,EnquiryDraft,2024-07-26 12:50:23.487,,
699,INQ1017377,"Joy Systems, Inc.",2024-07-29 00:00:00.000,"Called, talked to technical support who wouldnt even give extension insisted to email him first",EnquiryDraft,2024-07-26 12:56:42.817,,
700,INQ1017379,NEW MILL CAPITAL,2024-07-29 00:00:00.000,"dialed into customer service, nobody picked up, will call back monday",EnquiryDraft,2024-07-26 12:58:48.820,,
701,INQ1017380,Myron Bowling Auctioneers,2024-07-26 00:00:00.000,"Spoke to another person but was interested in proposal, have to send email",EnquiryDraft,2024-07-26 13:02:23.310,,
702,INQ1017382,PPL GROUP,2024-07-29 00:00:00.000,no answer,EnquiryDraft,2024-07-26 13:08:28.247,,
787,INQ1018445,Callmasters Inc,2024-09-30 00:00:00.000,FR spoke to owner and he said in touch with us if he needs any services.,EnquiryDraft,2024-07-29 16:42:19.820,,
842,INQ1018593,ALAN ROSS MACHINERY CORP,2024-07-29 00:00:00.000,"Called, he hung up on me, am passing this to Mr. Hamid",EnquiryDraft,2024-07-29 16:58:14.700,,
866,INQ5010,NULL,2024-07-31 00:00:00.000,"didnt pickup, call back",EnquiryDraft,2024-07-30 11:23:39.767,,
867,INQ60109,NULL,2024-07-30 00:00:00.000,"was interested, to be sent email by fz",EnquiryDraft,2024-07-30 11:29:53.673,,
533,INQ1016980,ARIZONA AUCTIONERS,2024-07-31 00:00:00.000,"was interested, to be sent email by fz",EnquiryDraft,2024-07-30 11:34:50.723,,
868,INQ5011,NULL,2024-07-30 00:00:00.000,"cant reach decision maker, marketing never answers their extension",EnquiryDraft,2024-07-30 11:47:39.683,,
843,INQ1018594,NULL,2024-07-31 00:00:00.000,"no answer, call back",EnquiryDraft,2024-07-30 11:51:28.313,,
788,INQ1018446,Dana Dairy Group Ltd,2024-08-01 00:00:00.000,No answer,EnquiryDraft,2024-07-31 16:17:55.357,,
790,INQ1018450,FASEL AL RABEE FOR GENERAL TRADING,2024-08-01 00:00:00.000,No answer (Call Failure),EnquiryDraft,2024-07-31 16:21:21.487,,
808,INQ1018545,Robeck International Freight SA Pty Ltd,2024-08-01 00:00:00.000,Network Failure,EnquiryDraft,2024-07-31 16:23:14.983,,
809,INQ1018546,IBRAHIM Mohammed Nasr Elshaboury,2024-08-01 00:00:00.000,No answer,EnquiryDraft,2024-07-31 16:24:28.643,,
810,INQ1018547,IT Global INC,2024-08-01 00:00:00.000,No answer,EnquiryDraft,2024-07-31 16:25:48.063,,
811,INQ1018548,MACSONS SHIPPING AGENCIES PRIVATE LIMITED,2024-08-01 00:00:00.000,No answer,EnquiryDraft,2024-07-31 16:26:46.947,,
813,INQ1018557,MUX CORPORATION US,2024-08-07 00:00:00.000,He remembers doing work with MGL. He said that he has a contract with another company but he would not mind exploring both prices. I will email him and he will share his inquiry with us for a shipment he might need for next week or so.,EnquiryDraft,2024-07-31 16:32:56.983,,
814,INQ1018558,Newport Express Corporation,2024-08-01 00:00:00.000,No answer,EnquiryDraft,2024-07-31 16:50:13.817,,
816,INQ1018560,SWIFT WORLDWIDE FREIGHT & TRANSPORT LLC,2024-08-01 00:00:00.000,No answer,EnquiryDraft,2024-07-31 16:51:35.690,,
817,INQ1018561,Tru-V Logistic Sdn Bhd,2024-08-01 00:00:00.000,No answer,EnquiryDraft,2024-07-31 16:53:10.977,,
818,INQ1018562,Welcome Pacific Inc,2024-08-07 00:00:00.000,"The person in charge is out of town, call again next week or so",EnquiryDraft,2024-07-31 16:55:55.973,,
821,INQ1018567,Africa Relief and Community Development Inc.11111,2024-08-01 00:00:00.000,No answer,EnquiryDraft,2024-07-31 16:57:59.607,,
822,INQ1018568,Africom INTL LLC,2024-08-01 00:00:00.000,No answer,EnquiryDraft,2024-07-31 17:00:25.250,,
824,INQ1018570,ALSARRAJ TEXTILE CORP,2024-08-09 00:00:00.000,No answer.,EnquiryDraft,2024-08-08 16:16:49.517,,
826,INQ1018572,Closeout Connection,2024-09-01 00:00:00.000,He has a contract with another company which take care of everything. He is not interested.,EnquiryDraft,2024-08-08 16:42:21.230,,
838,INQ1018584,Zains American Exporting,2024-08-29 00:00:00.000,Wrong number (Contact number incomplete),EnquiryDraft,2024-08-08 16:50:00.487,,
839,INQ1018585,SMG Trade LLC,2024-09-30 00:00:00.000,Not interested. He said that as of now they have everything figured out in terms of shipments and will get in touch if they need us.,EnquiryDraft,2024-08-08 16:52:26.853,,
854,INQ1018611,ABDEL ALAUSSOS,2024-11-18 00:00:00.000,"He said he knows the company, Mr. Hamid is his friend and he gives his shipment to MGL.",EnquiryDraft,2024-08-12 13:36:19.030,,
855,INQ1018612,ALUBOND USA INC,2024-08-15 00:00:00.000,He asked about a  40 ft IQ container? He had a query for which I will send him an email and we will take it from there.,EnquiryDraft,2024-08-12 13:45:12.450,,
857,INQ1018614,Apple Solutions & Resources,2024-08-19 00:00:00.000,"Call him later, he is out of the country.",EnquiryDraft,2024-08-12 13:52:02.900,,
861,INQ1018618,COPIER EXPORTER INC,2024-09-25 00:00:00.000,FR called on 21/08/24. Not interested.,EnquiryDraft,2024-08-21 16:30:06.673,,
864,INQ1018627,E2 Discount Deal LLC,2024-08-28 00:00:00.000,No answer on 21/8/24.,EnquiryDraft,2024-08-21 16:32:28.910,,
870,INQ1018632,Elnaggar for custom clearance,2024-08-28 00:00:00.000,No answer,EnquiryDraft,2024-08-21 16:37:00.680,,
873,INQ1018636,KARIOTIS DISTRIBUTORS LLC,2024-08-28 00:00:00.000,I think this is the wrong number of the POC.,EnquiryDraft,2024-08-21 16:43:08.100,,
657,INQ1017156,"THOMPSON AUCTIONEERS,INC.",2024-09-04 00:00:00.000,They asked me to send an email regarding SEPATRA,EnquiryDraft,2024-09-04 15:58:57.307,,
876,INQ1018639,OSTT LOGISTICS,2024-09-25 00:00:00.000,"No longer working with brokers, company has faced a lot of loses working with brokers, thus,",EnquiryDraft,2024-09-11 16:26:13.983,,
877,INQ1018640,Rams Imports Inc,2024-12-11 00:00:00.000,"They already have a company for shipments, they also do not have a lot of shipments going in/out. They've taken my information and will contact if they need anything in the future.",EnquiryDraft,2024-09-11 16:30:00.803,,
1005,INQ1018934,CHARLESTON AUCTIONS,2024-09-26 00:00:00.000,No answer on 19/9,EnquiryDraft,2024-09-19 13:29:50.840,,
1006,INQ1018935,CINCINNATI INDUSTRIAL AUCTIONEERS,2024-09-20 00:00:00.000,Shared their email address to share the info: hillary@cia-auction.com,EnquiryDraft,2024-09-19 13:33:51.287,,
801,INQ1018524,"Energy Kinetics, LLC111111",2024-10-27 00:00:00.000,Test01,EnquiryDraft,2024-10-27 04:02:26.640,,
801,INQ1018524,"Energy Kinetics, LLC111111",2024-10-27 00:00:00.000,Test02,EnquiryDraft,2024-10-27 04:02:51.493,,
968,INQ1018819,"Fine Line Transport & Rigging, Inc",2024-10-27 00:00:00.000,Testing01,EnquiryDraft,2024-10-27 04:15:44.423,,
1059,INQ1019144,ASIA-PACIFIC IMPORT EXPORT,2024-11-04 00:00:00.000,TRIAL QUOTATION,EnquiryDraft,2024-11-01 16:55:51.990,,
713,INQ1017475,MACHINERY NETWORK,2024-11-15 00:00:00.000,"Dylan Cohen is the Vice President of Business Development, where he oversees new partnerships and existing relationships nationally for Machinery Network. (Dylan@machinerynetwork.com <Dylan@machinerynetwork.com>)",EnquiryDraft,2024-11-15 13:24:51.957,,
713,INQ1017475,MACHINERY NETWORK,2024-11-15 00:00:00.000,Torres(Director of Auctions Operations,EnquiryDraft,2024-11-15 13:26:55.057,,
1100,INQ1019307,Able Machinery Movers,2024-12-08 00:00:00.000,FR TO START COMMUNICATION,EnquiryDraft,2024-12-06 11:24:26.043,,
1100,INQ1019307,Able Machinery Movers,2024-12-10 00:00:00.000,FR TO START COMMUNICATION,EnquiryDraft,2024-12-06 11:37:01.680,,
911,INQ1018678,ACT MACHINERY,2024-12-11 00:00:00.000,DEC 9: SPOKE TO LOUIE. HE SAID TO FORWARD THE INFORMATION TO HIM SO HE CAN SPEAK TO HIS BOSS. louie@actmachinery.com,EnquiryDraft,2024-12-09 14:11:31.463,,
535,INQ1016985,AUCTIONTIME,2024-12-12 00:00:00.000,Dec 10. FR spoke with Jacob. Said they already get commission from Fr8 Star but to send the information over to jacob-mcnamara@sandhills.com.,EnquiryDraft,2024-12-10 13:33:40.810,,
704,INQ1017385,BIDEQUIP LLC,2024-12-12 00:00:00.000,Dec 10. FR spoke with Tiffany. Send the info on bidequipllc@gmail.com.,EnquiryDraft,2024-12-10 13:41:47.950,,
538,INQ1016988,BLACK STAR AUCTIONS,2024-12-12 00:00:00.000,"Dec 10. FR/ 
Not interested. Sent a form request for an email address to send our info on.",EnquiryDraft,2024-12-10 13:54:27.127,,
540,INQ1016991,CAPITOL RECOVERY GROUP,2024-12-12 00:00:00.000,Dec 10  - info@crgllc.com - Dianne. Also email bmangan@crgllc.com. Mention Allan and that we have previously been in touch with them. They have freight forwarders on a list that they keep on the side. Send a customised email for receiving commission. Good potential.,EnquiryDraft,2024-12-10 14:06:34.740,,
917,INQ1018685,CINCINNATI INDUSTRIAL AUCTIONEERS,2024-12-18 00:00:00.000,FR.. Dec 11 - Spoke with Hillary. Said they are not looking for this but could email her the information on hillary@cia-auctions.com,EnquiryDraft,2024-12-11 14:43:27.203,,
542,INQ1016993,CLT AUCTIONS,2024-12-18 00:00:00.000,FR..DEC 11. Valarie: logistics@cltauction.com. They work with freight forwarders and have a good connection with them. They don't want anything new but send over the information via email.,EnquiryDraft,2024-12-11 14:53:40.293,,
920,INQ1018692,CONTINENTAL AUCTIONEERS,2024-12-18 00:00:00.000,FR...Dec 11. Did not answer the phone. Leave the email on info@cntcap.com and encans@cntcap.com.,EnquiryDraft,2024-12-11 15:01:17.700,,
921,INQ1018693,CORPORATE AUCTION GROUP,2024-12-18 00:00:00.000,FR...Dec 11. Send info via: auctions@corporateauctiongroup.com.,EnquiryDraft,2024-12-11 15:28:03.153,,
705,INQ1017387,NULL,2024-12-19 00:00:00.000,FR...Dec 12: Leave info on: ers@ersequipment.com.,EnquiryDraft,2024-12-12 13:24:00.487,,
550,INQ1017001,Glenn Fritts/ Commercial realtor PA,2024-12-19 00:00:00.000,FR...Dec 12: Not interested. We will still email him via glenn.fritts@gmail.com.,EnquiryDraft,2024-12-12 13:25:41.843,,
551,INQ1017002,GLOBAL PARTNERS,2024-12-19 00:00:00.000,FR/Dec12. They work with freight forwarders. They have them mentioned in their website too. Email: support@cagp.com.,EnquiryDraft,2024-12-12 13:30:23.600,,
552,INQ1017003,GRAFE AUCTIONS,2024-12-19 00:00:00.000,FR/Dec 12. john@grafeauction.com - John is one of the owners of the company. Send the info there.,EnquiryDraft,2024-12-12 13:42:13.860,,
714,INQ1017492,Harry Davis & Company,2024-12-20 00:00:00.000,I spoke to the general. They not handle freight forwarders and disconnected the call I will send an to their general address: info@avis.com.,EnquiryDraft,2024-12-13 14:56:49.787,,
662,INQ1017221,HERITAGE GLOBAL PARTNERS,2024-12-20 00:00:00.000,Left a message on Nick Dove's voicemail. Email: ndove@hginc.com (President of the company),EnquiryDraft,2024-12-13 14:58:05.953,,
556,INQ1017007,HOLLAND INDUSTRIAL GROUP,2024-12-20 00:00:00.000,Left a message on the Alex's inbox. Receptionist said to email on Alex@hollandindustrialgroup.com and contact@hollandindustrialgroup.com.,EnquiryDraft,2024-12-13 15:10:02.130,,
520,INQ1016951,HOLLINGER EQUIPMENT SALES,2024-12-20 00:00:00.000,"Not interested. Disconnected the call. Leave email on: todd@hollingerequipment.com, chad@hollingerequipment.com, brent@hollingerequipment.com, jason@hollingerequipment.com. Mention that our CEO, Hamid Hussaini has been in touch with Jason previously.",EnquiryDraft,2024-12-13 15:15:20.657,,
558,INQ1017011,HUNYADY AUCTIONS,2024-12-20 00:00:00.000,Spoke to the operator. She said that they used to work with frieght forwarders but their clients usually have their own companies to work with it. Said they are not interested and disconnected the line. Send email to: sales@hunyady.com.,EnquiryDraft,2024-12-13 15:20:54.090,,
1040,INQ1019062,HYPERAMS  ASSET MAXIMIZATION SERVICES,2024-12-25 00:00:00.000,"Spoke with David who is the Managing Director of Auction Services. He said they are not interested, they deal with 100s of buyers who take care of their own shipping and they don't like getting involved. We will send an email on dfiegel@hyperams.com , info@hyperams.com , tpabst@hyperams.com , rpabst@hyperams.com.",EnquiryDraft,2024-12-18 13:50:50.413,,
521,INQ1016957,INJECTION DEPOT GROUP,2024-12-25 00:00:00.000,This company is based in Michigan & HH could go and visit his office. This person works with two truckers and receives 5% commission from them. He said he's not interested. Send email on chrisbutcher@injectiondepot.ca and sales@injectiondepot.ca.,EnquiryDraft,2024-12-18 14:01:58.817,,
559,INQ1017012,INTEGRA ASSET SOLUTIONS,2024-12-26 00:00:00.000,Left a message on John's call. Email on john@integra-as.com.,EnquiryDraft,2024-12-18 14:09:40.137,,
560,INQ1017013,IRON HORSE AUCTIONS,2024-12-26 00:00:00.000,Left a message for Dustin. Send email on: iauction@telusplanet.net,EnquiryDraft,2024-12-18 14:20:01.950,,
562,INQ1017015,IRS AUCTIONS,2024-12-26 00:00:00.000,"Spoke with Chuck who is the Auction Listing agent. He mentioned that they have worked with frieght forwarders in the past and had to deal with a lot of extra client calls, basically it didn’t work out for them so they do not work with shipping companies anymore. Send email on: chuck@irsauctions.com. There's also other Auction Listing Agents on their website for future reference: https://www.irsauctions.com/contactus/.",EnquiryDraft,2024-12-18 14:34:16.740,,
563,INQ1017016,JOESEPH FINN CO,2024-12-26 00:00:00.000,Spoke with Matt. He said they could be interested and to send info on: Matthew@josephfinn.com. This can be a promising potential.,EnquiryDraft,2024-12-19 14:52:28.027,,
1155,INQ1019367,"JOEY MARTIN AUCTIONEERS, LLC",2024-12-26 00:00:00.000,"Spoke with Nancy. They have their own inhouse shipping. When asked for the name, she did not give it out. We can still email on info@joeymartinauctioneers.com to share our info.",EnquiryDraft,2024-12-19 15:03:15.947,,
565,INQ1017018,KURTZ TRADING,2024-12-26 00:00:00.000,General Operator disconnected the line while I was trying to explain SEPATRA. Not interested. Send info to Sales@kurtztrading.com.,EnquiryDraft,2024-12-19 15:04:02.147,,
567,INQ1017021,LIQUID ASSET PARTNERS,2024-12-26 00:00:00.000,They do not work with freight forwarders and do not attend to. Send info on: info@liquidap.com.,EnquiryDraft,2024-12-19 15:31:34.910,,
1083,INQ1019264,KEMPLER AUCTIONS,2024-12-26 00:00:00.000,Spoke with the general operator. They do work with shipping companies since a long time but she mentioned that the logistics maanger is not accepting any new freight forwarders and they are not interested. We can try again soon & send info on: Sales@kempler.com.,EnquiryDraft,2024-12-19 15:32:10.007,,
1482,INQ1019734,"Computer Wholesalers, Inc.",2024-12-23 00:00:00.000,sopke to customer,EnquiryDraft,2024-12-23 13:23:42.523,,
1482,INQ1019734,"Computer Wholesalers, Inc.",2024-12-23 00:00:00.000,sopke to HH,EnquiryDraft,2024-12-23 14:30:07.733,,
1524,INQ1019801,NULL,2024-12-25 00:00:00.000,Communication 1 - Incoming enquiry of Vertex 24-12-2024,EnquiryDraft,2024-12-24 09:27:15.370,,
1524,INQ1019801,NULL,2024-12-26 00:00:00.000,Communication 2 - Incoming enquiry of Vertex 24-12-2024,EnquiryDraft,2024-12-24 09:41:59.570,,
1686,INQ1020019,Chris Le,2025-01-15 00:00:00.000,Freddy to contact the customer,EnquiryDraft,2025-01-08 13:30:38.340,,
1740,INQ1020088,LOEB EQUIPMENT,2025-01-20 00:00:00.000,Jan 13 - FR.. They do not have any shipping department & do not directly do shipping and the operator said that they are not interested. Email on: garyy@loebequipment.com + CustomerService@LoebEquipment.com.,EnquiryDraft,2025-01-13 13:17:36.300,,
1741,INQ1020089,MACHINE TOOL BIDS,2025-01-20 00:00:00.000,"Jan 13/FR. 
Spoke to Victoria. They don't deal with freight forwarders but I can send the information on: victoria@machinetoolbids.com",EnquiryDraft,2025-01-13 13:24:04.710,,
1742,INQ1020090,Machinery Auctioneers,2025-01-20 00:00:00.000,"Jan 13/FR. 
Spoke with Jessica who gave me Frank's contact info. They take care of all their shipments and do not work with any forwarders. Email info on Franka@machineryauctioneers.com. He is the logistics manager.",EnquiryDraft,2025-01-13 13:29:20.177,,
1807,INQ1020159,MMI Direct Acutions,2025-01-22 00:00:00.000,"Dec 15/FR. 
Spoke to Olivia, said to drop information on: Olivia@mmi-direct.com and she'll get back.",EnquiryDraft,2025-01-15 10:49:05.937,,
1808,INQ1020160,Myron Bowling Auctioneers,2025-01-22 00:00:00.000,"Jan 15/FR. 
Not interested, they already work with a few companies. But send information on bill@myronbowling,com.",EnquiryDraft,2025-01-15 10:59:54.630,,
1809,INQ1020161,NEW MILL CAPITAL,2025-01-22 00:00:00.000,"Jan 15/FR. 
Adam (Business Development). He said that they do not work with freight forwarders at all but we can send information on info@newmillcapital.com",EnquiryDraft,2025-01-15 11:14:53.110,,
1810,INQ1020162,North Country Auctions LLC,2025-01-22 00:00:00.000,"Jan 15/FR.
They took down our information and said that they will give it to someone looking for shipments. We can send the email on info@auctionsinternational.com.",EnquiryDraft,2025-01-15 11:20:20.557,,
2016,INQ1020401,2 Stars Brothers Equipment 22222,2025-01-28 00:00:00.000,test,EnquiryDraft,2025-01-27 12:21:02.513,,
2019,INQ1020404,ADVANCED INDUSTRIAL SERVICES (AIS),2025-02-03 00:00:00.000,Spoke to Alexis. She said they never work with any freight forwarders or would need our services but we could send our information for their reference. alexisbriggs@ais-york.com,EnquiryDraft,2025-01-27 15:06:59.783,,
2020,INQ1020406,AFFORDABLE MACHINERY,2025-02-03 00:00:00.000,"The operator took down all the details (company name, email, phone number etc). Said she will pass it on to her bosses and they will get in touch with us shortly. We will also share some info on:  affordablemachinery@gmail.com.",EnquiryDraft,2025-01-27 15:26:05.727,,
2021,INQ1020407,ALAN ROSS MACHINERY CORP,2025-02-03 00:00:00.000,Operator said that they are not interested. We will send information on: director@alanross.biz.,EnquiryDraft,2025-01-27 15:33:06.150,,
2022,INQ1020408,ALL PRO MACHINERY MOVERS,2025-02-03 00:00:00.000,Not interested. Send email on sales@allpromachinerymovers.com.,EnquiryDraft,2025-01-27 15:33:56.110,,
2023,INQ1020409,Alliance Shipping & Logistics Services LLC,2025-02-03 00:00:00.000,Left a message for Tommy. Send email on catparts@aol.com.,EnquiryDraft,2025-01-27 15:40:53.137,,
2284,INQ1020813,EQUIPT,2025-03-13 00:00:00.000,"6th March 25/FR. 
Tim called back & said they are not ready to work/partner with freight forwarders yet. But when aksed for email to share information, support@equipt.com.",EnquiryDraft,2025-03-06 16:12:13.190,,
2284,INQ1020813,EQUIPT,2025-03-26 00:00:00.000,FR - Semt a follow up email.,EnquiryDraft,2025-03-19 17:32:30.703,,
2378,INQ1020958,"Energy Kinetics, LLC",2025-03-20 00:00:00.000,Testing Email1,EnquiryDraft,2025-03-20 11:25:31.523,,
2449,INQ1021087,TEST COMPANY,2025-03-29 00:00:00.000,n,EnquiryDraft,2025-03-29 13:35:12.373,,
2210,INQ1020738,"Asset Recovery Specialists, Inc.",2025-04-03 00:00:00.000,April 2 - FR. No answer on office number as well as Kim Amaro (2064892400 EXT 253),EnquiryDraft,2025-04-02 10:34:34.207,,
2463,INQ1021120,TBC COPIERS,2025-04-09 00:00:00.000,"(FR) April 1: 
STEVE LIBENSON (5709471532) said that the company has been sold and we should contact the new owner through the company number.",EnquiryDraft,2025-04-02 10:39:19.767,,
2463,INQ1021120,TBC COPIERS,2025-04-09 00:00:00.000,No answer on April 2.,EnquiryDraft,2025-04-02 10:41:51.910,,
726,INQ1017894,Wisconsin Metalworking Machinery Inc.,2025-04-09 00:00:00.000,"(FR - April 2) 
Spoke to the operator. They do work with a broker that's working well for them and only do domestic. No international. The operator said that she's not sure if we would get enough referrals from them. (Send information to sales@wismet.com) & chuck@wismet.com.",EnquiryDraft,2025-04-02 10:51:33.830,,
2298,INQ1020830,World Deal Traders,2025-04-09 00:00:00.000,"(FR - April 2) 
Spoke with Akbar (Sales Manager) He said to contact : logistics@worlddealtraders.com (Sabira would be right contact and we can give his name when we connect with her.",EnquiryDraft,2025-04-02 11:06:09.010,,
2465,INQ1021122,Mohawk  machinery Inc.,2025-04-09 00:00:00.000,"(April 2 - FR)
Send an email to Linda - linda@mohawkmachinery.com.",EnquiryDraft,2025-04-02 11:18:16.753,,
2463,INQ1021120,TBC COPIERS,2025-04-17 00:00:00.000,"(FR - April 10) I had a productive 15-minute call with Dave, the Manager for Buying & Selling at TBC Copiers.
 
He mentioned that they typically ship to China and Pakistan and currently use 2–3 freight forwarders of Asian origin. However, he is open to working with us and has already shared an inquiry during our conversation. He’s expecting a quotation as soon as possible.
 
Shipment Details (2 separate shipments). 

Email shared with HH. We will share the quotation with Dave's team.",EnquiryDraft,2025-04-10 20:44:54.863,,
726,INQ1017894,Wisconsin Metalworking Machinery Inc.,2025-04-17 00:00:00.000,April 10 - Sent an email for meeting.,EnquiryDraft,2025-04-10 20:47:13.517,,
1740,INQ1020088,LOEB EQUIPMENT,2025-04-17 00:00:00.000,Sent an email for meeting with HH.,EnquiryDraft,2025-04-10 20:48:04.213,,
1741,INQ1020089,MACHINE TOOL BIDS,2025-04-17 00:00:00.000,Sent an email to Victoria.,EnquiryDraft,2025-04-10 20:48:33.703,,
1807,INQ1020159,MMI Direct Acutions,2025-04-17 00:00:00.000,They have a directory for freight forwarding. Sent an email asking for procedure to add our name as well.,EnquiryDraft,2025-04-10 20:49:27.073,,
1457,INQ1019698,Thomas Industries,2025-05-22 00:00:00.000,FR - Operator gave the contact: 2039153430 - John (Auction Cordinator). Called him but no response.,EnquiryDraft,2025-05-15 16:46:14.940,,
1459,INQ1019700,"Capital Recovery Group, LLC",2025-05-22 00:00:00.000,FR. Disconnected the call. Send email.,EnquiryDraft,2025-05-15 16:46:48.810,,
2464,INQ1021121,RINON ELECTRONIC TECHNOLOGY USA LLC,2025-06-12 00:00:00.000,"FR. 

I had a conversation with Mr. Joe from Rinon Electronic Technology USA LLC, and he shared his shipping inquiry over the phone.
 
Details:

Route: Charlotte, North Carolina ? Philadelphia
Equipment: 54 ft trailer
 
His contact email is: joe@rinonusa.com.",EnquiryDraft,2025-06-05 16:31:30.477,,
2465,INQ1021122,Mohawk  machinery Inc.,2025-06-12 00:00:00.000,"FR. 
Email Linda the information.",EnquiryDraft,2025-06-05 16:33:58.647,,
2622,INQ1021534,"Nut Butter Concepts, LLC",2025-06-12 00:00:00.000,"FR. no answer, but we can send email to gladys@nutbutterconcepts.com",EnquiryDraft,2025-06-05 17:16:57.753,,
2623,INQ1021535,"Milwhite, Inc.",2025-06-12 00:00:00.000,"FR. ""No response, maybe the number is disconnected. Send email to Victor Fernandez
Operations Manager""",EnquiryDraft,2025-06-05 17:17:47.257,,
2624,INQ1021536,KERVAN USA LLC,2025-06-12 00:00:00.000,FR. Left a voicemail for Lilian. Send email to lsheridan@kervanusa.com,EnquiryDraft,2025-06-05 17:18:22.273,,
2625,INQ1021537,Star Milling Co.,2025-06-12 00:00:00.000,"FR: Spoke to the operator. Said they have in-house trucks but we can send information on customerservice@starmilling,com",EnquiryDraft,2025-06-05 17:19:30.070,,
2626,INQ1021538,"Gemini Logistics,INC",2025-06-12 00:00:00.000,FR . Said that the buyer takes care of their own international shipping and hung up the phone.,EnquiryDraft,2025-06-05 17:20:04.750,,
2628,INQ1021540,Huffman Finishing Co Inc,2025-06-12 00:00:00.000,Operator said we can send an email to their general email box and hung up.,EnquiryDraft,2025-06-05 17:20:31.640,,
2629,INQ1021541,The Chemical Company,2025-06-12 00:00:00.000,FR. Spoke to the operator. She said to email Jgoldstien@thechemco.com.,EnquiryDraft,2025-06-05 17:21:08.217,,
2631,INQ1017542,Al Ghanem Import & Export,2025-06-15 00:00:00.000,Spoke to customer today 12 th Jun 2025.He advised to contact him on 15 th Jun.,EnquiryDraft,2025-06-12 01:29:48.213,,
1195,INQ1019407,"Bartell Machinery Systems, L.L.C.",2025-08-11 00:00:00.000,Left a message. Email her.,EnquiryDraft,2025-08-04 17:01:56.380,,
2792,INQ1021990,Premier Equipment INC,2025-08-11 00:00:00.000,Not interested. Said they have their own carriers. Will email them.,EnquiryDraft,2025-08-04 17:02:52.243,,
1061,INQ1019173,Utech CNC,2025-08-11 00:00:00.000,Sent an email,EnquiryDraft,2025-08-04 17:04:20.477,,
1068,INQ1019197,"Dunkel Bros Machinery Moving, An MEI Company",2025-08-11 00:00:00.000,Sent an email,EnquiryDraft,2025-08-04 17:04:55.270,,
2794,INQ1021992,Dayton Tractor & Crane Co.,2025-08-11 00:00:00.000,Sent an email,EnquiryDraft,2025-08-04 17:06:02.880,,
543,INQ1016994,CORPORATE ASSETS INC.,2025-08-11 00:00:00.000,Said that they are not interested and disconnected the call. We can still send an email for info. & maybe get in touch again next week.,EnquiryDraft,2025-08-04 17:06:28.347,,
713,INQ1017475,MACHINERY NETWORK,2025-08-11 00:00:00.000,Already sent an email to Harvey Geller,EnquiryDraft,2025-08-04 17:07:05.247,,
2489,INQ1021169,MIDWAY MACHINERY MOVERS,2025-08-11 00:00:00.000,No answer. Call again this week. Follow up on the email sent in the past.,EnquiryDraft,2025-08-04 17:07:26.810,,
2795,INQ1021993,Southeastern Equipment Company,2025-08-11 00:00:00.000,Email rcichon@southeasternequip.com with info,EnquiryDraft,2025-08-04 17:08:18.957,,
522,INQ1016959,"Moses B. Glick, LLC",2025-08-11 00:00:00.000,Left a message. Email on elam@mbglick.com,EnquiryDraft,2025-08-04 17:08:44.597,,
2796,INQ1021994,AllSurplus,2025-08-11 00:00:00.000,"Spoke to the operator, said they don't work with forwarders much. Send an email.",EnquiryDraft,2025-08-04 17:09:31.280,,
2797,INQ1021995,CIA Industrial,2025-08-11 00:00:00.000,We have to follow up on the emails sent earlier. No response. Have been in reaching out to Kristen.,EnquiryDraft,2025-08-04 17:10:17.213,,
2798,INQ1021996,Wisconsin Metworking Machinery,2025-08-11 00:00:00.000,Disconnected the call. Find an alternative contact.,EnquiryDraft,2025-08-04 17:11:05.230,,
2799,INQ1021997,HGR*24,2025-08-11 00:00:00.000,Send information to Kyle from Logistics department. kmorris@hgr24inc.com. They are currently doing their operations in-house but want our information.,EnquiryDraft,2025-08-04 17:11:52.890,,
1459,INQ1019700,"Capital Recovery Group, LLC",2025-08-08 00:00:00.000,Tried to call him. He texted me as busy. I texted him back. Waiting for his response,EnquiryDraft,2025-08-06 16:44:41.917,,
801,INQ1018524,"Energy Kinetics, LLC111111",2025-08-19 00:00:00.000,Test1,EnquiryDraft,2025-08-19 08:55:23.963,,
2903,INQ1022248,AARON INDUSTRIAL SOLUTIONS,2025-09-15 00:00:00.000,"Spoke to Austin (Auction Manager). austin@aaronauctions.com. He mentioned that they do not work with shipping companies, but he could potentially speak to upper management to get our names listed but that is secondary. He said post-auctions, a handful of buyers would contact them for freight companies, which is where he said they could refer us. So FR will email them information and follow up.",EnquiryDraft,2025-09-08 16:24:23.533,,
1808,INQ1020160,Myron Bowling Auctioneers,2025-09-15 00:00:00.000,Spoke to Bill (bill@myronbowling.com) said that he is not receiving commission from any of the companies listed for shipping and is happy with them. But said that we can email him information of our company.,EnquiryDraft,2025-09-08 16:29:27.530,,
2904,INQ1022249,Active Auction Mart Ltd.,2025-09-15 00:00:00.000,Spoke to the operator and said that they handle shipments and work with different freight forwarders based on whatever is best for their client. We should email them our information as per the operator and provide the following details: buyit@activeauctionsmart.com - Karen.,EnquiryDraft,2025-09-08 16:34:32.267,,
555,INQ1017006,HERITAGE GLOBAL PARTNERS,2025-10-08 00:00:00.000,"Hh spoke to  Dough(descudero@HGPAuction.com regarding SEPATR and he gave Alex email id ""adove@hginc.com"" <adove@hginc.com>  Hh wrote an introductory email to Alex on 9/16/25 with a subject Proposal for Strategic Logistics REVENUE SHARING Partnership On Bidspotter - MGL+ HGP - SEPATRA",EnquiryDraft,2025-09-19 20:07:39.173,,
1637,INQ1019969,Mondial international LLC.,2025-10-03 00:00:00.000,10/1: called no answer. Left a voicemail and sent a follow up email to wayne@mondial-intl.us,EnquiryDraft,2025-10-01 13:25:13.107,,
3024,INQ1022505,Dr. Medhat,2025-10-03 00:00:00.000,"10/1 - Called no answer, left voicemail and sent an email follow up to advancellc@gmail.com",EnquiryDraft,2025-10-01 13:31:10.420,,
2049,INQ1020446,Al Badawi General Trading LLC,2025-10-03 00:00:00.000,10/1 - called and left voicemail. Email is not valid,EnquiryDraft,2025-10-01 13:33:10.190,,
982,INQ1018847,SIXSENSE,2025-10-03 00:00:00.000,10/1 - called with no answer. Left voicemail and sent follow up email to jordan@sixsense.tech,EnquiryDraft,2025-10-01 14:00:20.570,,
3025,INQ1022506,"Capital Recovery Group, LLC",2025-10-06 00:00:00.000,"Spoke to Gary, explained program he asked who we currently work with and asked me to send info ok to follow up next week",EnquiryDraft,2025-10-01 14:48:51.617,,
3026,INQ1022507,KIPRUTO NGETUNY,2025-10-03 00:00:00.000,"10/1 - No Phone # on file, sent an email to NGETUNYKK@YAHOO.COM",EnquiryDraft,2025-10-01 15:15:07.513,,
3028,INQ1022510,AARON INDUSTRIAL SOLUTIONS,2025-10-06 00:00:00.000,LM Joel x 7530 send email,EnquiryDraft,2025-10-01 15:59:56.747,,
3027,INQ1022509,"Capital Recovery Group, LLC",2025-10-06 00:00:00.000,Spoke to Gary explained program and he asked who we are currently doing program with and said to send email with information on it,EnquiryDraft,2025-10-01 16:23:58.407,,
3030,INQ1022517,CapEx Equipment Group,2025-10-06 00:00:00.000,clouldnt get through via phone - sent email through miapp,EnquiryDraft,2025-10-02 10:35:58.013,,
2954,INQ1022363,American Auctioneers Group,2025-10-06 00:00:00.000,for maketin,EnquiryDraft,2025-10-02 13:43:35.023,,
3040,INQ60113,"Country Boys Auction & Realty Co., Inc",2025-10-07 00:00:00.000,Spoke with receptionist send email to Mike Gurkins owner about program. He will be back on Monday and is pretty good about responding to emails.,EnquiryDraft,2025-10-03 09:18:53.160,,
3033,INQ1022520,"Country Boys Auction & Realty Co., Inc",2025-10-07 00:00:00.000,spoke to receptionist email Mike Gurkins owner at mgurkins@countryboysaauction.com. He is good with replying to emails and will be back in office monday.,EnquiryDraft,2025-10-03 09:25:49.707,,
3041,INQ60114,"Equipment Hub Auctions, LLC",2025-10-07 00:00:00.000,spoke with Dani submit a proposal via email to sales@the equipmenthub.com. It will go to the warehouse and sales team as well as the business office manager they currently have  Armstrong Transport Group listed as recommended but sales refers other carriers as well,EnquiryDraft,2025-10-03 10:00:07.913,,
3034,INQ1022522,"Equipment Hub Auctions, LLC",2025-10-07 00:00:00.000,10.2.25 sent email 10-3-25 spoke w Dani email Drake at sales @the equipmenthub.com already have Armstrong Transport Group but often sales refers transportation companies,EnquiryDraft,2025-10-03 10:02:35.740,,
2934,INQ1022342,Heath Industrial,2025-10-06 00:00:00.000,Spoke with David- at first not interested happy w current provider then i mentioned 3% said im on a conf call now im interested call back in an hours 10:30,EnquiryDraft,2025-10-06 09:41:18.083,,
2935,INQ1022343,"HYPERAMS, LLC",2025-10-07 00:00:00.000,LM Site Manager Steve Kleba – (815) 451 – 3451 or SKleba@HyperAMS.com not sure if he is right contact,EnquiryDraft,2025-10-06 09:49:53.357,,
2937,INQ1022345,INTEGRA ASSET SOLUTIONS,2025-10-07 00:00:00.000,Left vm asset removal dept,EnquiryDraft,2025-10-06 12:13:59.013,,
2940,INQ1022348,"Joseph Finn Co., Inc.",2025-10-07 00:00:00.000,"""10.6 Tim Duffy at Bormann Brothers at tim@bormann.us or 603-391-5012/ For Appointments Contact Auctioneer’s Office at 617-964-1886
or Matthew@josephfinn.com spoke with Matt send information to info@josephfinn.com""",EnquiryDraft,2025-10-06 12:39:19.027,,
2941,INQ1022349,"K & L Liquidations and Sales, LLC",2025-10-07 00:00:00.000,Spoke to Luis he is interested in learning more. Send info and follow up tomorrow. Asked if we can share a rate sheet?,EnquiryDraft,2025-10-06 12:59:45.380,,
701,INQ1017380,Myron Bowling Auctioneers,2025-10-07 00:00:00.000,"10.6.25  LM for Bill follow up from 9.15 call 9.15.25  Spoke to Bill (bill@myronbowling.com) said that he is not receiving commission from any of the companies listed for shipping and is happy with them. But said that we can email him information of our company.                 1.22.25 Not interested, they already work with a few companies. But send information on bill@myronbowling,com.",EnquiryDraft,2025-10-06 14:01:10.967,,
2942,INQ1022350,"Paul E. Saperstein Co., Inc.",2025-10-14 00:00:00.000,Paul Saperstein is founder 93 yrs Michael Saperstein spoke Bobby rvascon@pesco.com can we packed? Most of their customers require packing sent email,EnquiryDraft,2025-10-06 14:26:29.727,,
2944,INQ1022352,Plant & Machinery Inc.,2025-10-14 00:00:00.000,"10.6.25 KEITH   INTROLIGATOR@ hotmail.com plant machinery , 936-520-2304   sets up auctions catalogs and photos  number not reachable try again message sent mail desi 713 691 4401 ron moore owner / reach out to riggers who need trucks
Issue with phone system today",EnquiryDraft,2025-10-06 15:25:07.313,,
2945,INQ1022353,PPL Auctions LLC,2025-10-14 00:00:00.000,10.6.25 don’t use logistics companies sales@pplgroupllc.com Kristen auctioneer doesn’t want to offer shippers but they do have riggers send her info and she will speak with them folllow up next week,EnquiryDraft,2025-10-06 17:12:02.247,,
3050,INQ1022549,Prestige Equipment Auctions,2025-10-14 00:00:00.000,10.6.25 adam.herman@prestigeequipment.com multiple people that handle auctions snet email follow up next week,EnquiryDraft,2025-10-06 17:58:54.460,,
2943,INQ1022351,Perfection Industrial Sales,2025-10-07 00:00:00.000,Had trouble getting video to Jennifer but she emailed me back and i was able to send it. She replied back that they were not interested. I asked for feedback as to why.,EnquiryDraft,2025-10-07 08:02:33.997,,
2946,INQ1022354,Resell CNC,2025-10-14 00:00:00.000,10.7.25 Jessica Aubrey  844-478-8181 x 247 jessica@resellcnc.com add us to your list of RECOMMENDED FREIGHT BROKERS lm vm sent email,EnquiryDraft,2025-10-07 10:52:46.280,,
2947,INQ1022355,Richard's Auction Service,2025-12-02 00:00:00.000,10.7.25 spoke w Richard proxy handles all shipments. He is in process of making changes and putting them in place. Send info richard@richardsauction.com reach back out first week in Dec,EnquiryDraft,2025-10-07 11:00:37.083,,
2948,INQ1022356,Silicon Valley Auction Service,2025-10-14 00:00:00.000,10.7 Ed Garcia LM no email pasted email in contact us page on website,EnquiryDraft,2025-10-07 11:58:44.483,,
2949,INQ1022357,"Tauber Arons, Inc.",2025-10-07 00:00:00.000,10.7 Have guys they work with and stay loyal to appreciate the offer wouldn't give name,EnquiryDraft,2025-10-07 13:12:20.940,,
657,INQ1017156,"THOMPSON AUCTIONEERS,INC.",2025-10-14 00:00:00.000,10.7 Dorothy - Brian Harvey 937-609-6354 representative lm Brian sent email,EnquiryDraft,2025-10-07 13:22:37.300,,
1457,INQ1019698,Thomas Industries,2025-10-14 00:00:00.000,"""10.7.25 John Standish  Senior Auction Cooredinator jon@thomasauction.com Auction Coordinator lm sent email previous associate reached out in may 2025  multiple listed 

 """,EnquiryDraft,2025-10-07 13:33:44.057,,
2950,INQ1022358,Tradewest Asset Solutions Inc.,2025-10-14 00:00:00.000,10.7.25 tried to leave emessage couldn’t get through sent email,EnquiryDraft,2025-10-07 13:45:22.130,,
2951,INQ1022359,Yellow Tag Auctions LLC,2025-10-14 00:00:00.000,10.7.25 BritneyWalker  not in office today left vm sent email to info,EnquiryDraft,2025-10-07 13:51:30.140,,
921,INQ1018693,CORPORATE AUCTION GROUP,2025-10-14 00:00:00.000,10.7.25 Jefami auctions@coporateauctionsgroup.com send info they have a company they work with but she will review it follow up next week,EnquiryDraft,2025-10-07 14:00:39.240,,
2928,INQ1022336,Erkelens & Olson Auctioneers,2025-10-07 00:00:00.000,no interest,EnquiryDraft,2025-10-07 14:10:03.207,,
2930,INQ1022338,Furrow Auction Company,2025-10-14 00:00:00.000,10.7.25 marianne@furrow.com send info she will review with her team follow up next week,EnquiryDraft,2025-10-07 14:15:53.380,,
2931,INQ1022339,GA Group,2025-10-14 00:00:00.000,10.7.25 Paul reach cell lm send email to info,EnquiryDraft,2025-10-07 14:21:52.270,,
3045,INQ1022540,GRS Auction Services,2025-10-14 00:00:00.000,10.7.25 local carriers st louis midwest logistics person info@grsauctions.com Shelly,EnquiryDraft,2025-10-07 14:38:23.837,,
2969,INQ1022381,"Ashman Company Auctioneers & Appraisers, Inc",2025-10-08 00:00:00.000,10.7.25 list everyone on invoices auctions@ashmancompany.com Alejandra auction tomorrow call 10AM,EnquiryDraft,2025-10-07 15:08:58.310,,
2970,INQ1022382,Asset Management 360,2025-10-14 00:00:00.000,10.7.25 tried to leave vm message but got cut off party temp unavailable sent email,EnquiryDraft,2025-10-07 15:15:14.180,,
2971,INQ1022383,Atlanta Liquidation,2025-10-14 00:00:00.000,They have their own trucks 7-8 and dont use outside carriers,EnquiryDraft,2025-10-14 11:38:59.047,,
2972,INQ1022384,"Bid Equip, LLC",2025-10-21 00:00:00.000,spoke with Tiffany send info follow up next week,EnquiryDraft,2025-10-14 11:47:12.623,,
2973,INQ1022385,C3-Crescent Commercial,2025-10-21 00:00:00.000,couldnt reach anyone sent email,EnquiryDraft,2025-10-14 11:55:37.330,,
2797,INQ1021995,CIA Industrial,2025-10-21 00:00:00.000,Christinewill pass info to autioneers christine@cia-industrial.com follow up next week,EnquiryDraft,2025-10-14 12:04:00.223,,
2967,INQ1022379,Gateway Auctions,2025-10-21 00:00:00.000,Couldn't reach on phone sent email follow up 10-21,EnquiryDraft,2025-10-14 13:06:48.283,,
2979,INQ1022391,GD Auctions & Appraisals,2025-10-21 00:00:00.000,Couldn't reach via phone - sent email follow up 10-21,EnquiryDraft,2025-10-14 13:08:13.837,,
556,INQ1017007,HOLLAND INDUSTRIAL GROUP,2025-10-21 00:00:00.000,Spoke w Sylvia shawn shawn@hollandindustrialgroup.com send email follow up next week,EnquiryDraft,2025-10-14 13:27:38.510,,
2980,INQ1022392,INVESTMENT RECOVERY SERVICES,2025-10-21 00:00:00.000,Receptionsit transfered me to Trevor trevor@irsauction.com send email he will pass info around,EnquiryDraft,2025-10-14 13:29:16.430,,
2981,INQ1022393,KD Auctions,2025-10-21 00:00:00.000,LM general mailbox sent email follow up 10-21,EnquiryDraft,2025-10-14 13:38:04.790,,
2982,INQ1022394,Loeb Auctioneers,2025-10-21 00:00:00.000,Spoke w Amanda they are in the middle of hosting auction now send her the info and she will forward it to poc amandar@lobeequipment.com michelle is contact person,EnquiryDraft,2025-10-14 13:43:19.227,,
2983,INQ1022395,M & M Auctions,2025-10-21 00:00:00.000,spoke to receptionist she put me in one of owners vm he is traveling today Brett handles auctions Brett out on business sales@mmequip.com sent email and follow up next week,EnquiryDraft,2025-10-14 14:31:37.753,,
2984,INQ1022396,"M. DAVIS GROUP, LLC",2025-10-21 00:00:00.000,Got  VM lm general mailbox sent email,EnquiryDraft,2025-10-14 14:43:28.397,,
1741,INQ1020089,MACHINE TOOL BIDS,2025-10-21 00:00:00.000,got general vm victoria@machinetoolbids.com lm vm send email,EnquiryDraft,2025-10-14 15:03:02.277,,
2985,INQ1022397,Machinery Values of NJ Inc.,2025-10-14 00:00:00.000,Hamid spoke to owner David last week.  Will wait to hear from hamid on how to proceed,EnquiryDraft,2025-10-14 15:22:14.890,,
2940,INQ1022348,"Joseph Finn Co., Inc.",2025-10-21 00:00:00.000,spoke with Mathew been busy and hasnt had time to review the email call back next week,EnquiryDraft,2025-10-14 15:38:17.860,,
3050,INQ1022549,Prestige Equipment Auctions,2025-10-22 00:00:00.000,"10.15.25 spoke with Sandra, Adam traveling she will forward him my info to return my call",EnquiryDraft,2025-10-15 09:26:15.570,,
3045,INQ1022540,GRS Auction Services,2025-10-15 00:00:00.000,10.15.25 Sandra called back - Shelly handles all freight forwarders and she wasnt interested in the program but didnt give Sandra a reason. She usually tried out new shippers by getting a quote etc. She is not in yet call back later to speak with her.,EnquiryDraft,2025-10-15 10:15:11.827,,
3040,INQ60113,"Country Boys Auction & Realty Co., Inc",2025-10-22 00:00:00.000,He is in the middle of a sale resend him an email so he will see it this afternoon,EnquiryDraft,2025-10-15 10:55:59.497,,
2986,INQ1022398,Meadoworks,2025-10-22 00:00:00.000,10.15.25 send email at auctions@meadoworks.com goes to team,EnquiryDraft,2025-10-15 14:27:20.940,,
2986,INQ1022398,Meadoworks,2025-10-22 00:00:00.000,10.15.25 Lexis  called me back - speak to Bill Fischer today his birthday send email - industrial@motleys.com- follow up late next week,EnquiryDraft,2025-10-15 14:29:09.730,,
1809,INQ1020161,NEW MILL CAPITAL,2025-10-22 00:00:00.000,"EnquiryDraft	EnquiryDraft	07/29/2024	dialed into customer service, nobody picked up, will call back monday	07/26/2024
2		EnquiryDraft	EnquiryDraft	02/21/2024	1/31/24 Email intro sent	01/31/2024
3		EnquiryDraft	EnquiryDraft	01/31/2024	1/2/24 New Years Greetings sent. updated by ASHAR ON 1/31/24	01/31/2024",EnquiryDraft,2025-10-15 14:34:32.593,,
2988,INQ1022400,PA Auction Center,2026-04-15 00:00:00.000,Dont list freight forwarders their customers handle it and they dont provide any info sent email but they said no need to follow up,EnquiryDraft,2025-10-15 14:55:09.270,,
2989,INQ1022401,Power Drive Supply,2025-10-22 00:00:00.000,10.15.25 lm in vm box sent email to jerry,EnquiryDraft,2025-10-15 14:56:53.850,,
629,INQ1017114,PROXIO GROUP,2025-10-22 00:00:00.000,10.15.25 Howard howie@proxiogroup.com Send email follow up next week,EnquiryDraft,2025-10-15 14:59:07.473,,
2990,INQ1022402,Rabin / HyperAMS,2025-10-22 00:00:00.000,10.15.2025 info@rabin.com send info took name will have someone call me - follow up next week,EnquiryDraft,2025-10-15 15:41:22.010,,
2991,INQ1022403,"Salvadore Auctions & Appraisals, Inc.",2025-10-22 00:00:00.000,10.15.25 spoke w Dana send info and she will pass it along office@siaai.com follow up next week,EnquiryDraft,2025-10-15 15:44:33.027,,
632,INQ1017117,SCHNEIDER INDUSTRIES,2025-10-22 00:00:00.000,10.15.25 Josh Schneider joshs@schneiderind.com send email follow up next week,EnquiryDraft,2025-10-15 15:47:20.447,,
1181,INQ1019393,SIGMA Auction,2025-10-22 00:00:00.000,10.15.25 general vm lm sent email to info follow up next week,EnquiryDraft,2025-10-15 15:50:32.467,,
2992,INQ1022404,SITE Auction Services,2025-10-22 00:00:00.000,10.15.25 happy to promote Kira kira@siteauctionservices.com follow up next week auction once a month,EnquiryDraft,2025-10-15 15:57:24.267,,
634,INQ1017120,TIGER COMMERCIAL & INDUST,2025-10-22 00:00:00.000,10.15.25 Nicolas commercial and industrial equipment auctions@tigergroup.com will get us signed on end of month,EnquiryDraft,2025-10-15 16:00:02.467,,
2994,INQ1022406,Wegner Auctioneers,2025-10-22 00:00:00.000,10.15.25 Eric Wagner vm mailbox is full and cant except messages sent email follow up next week,EnquiryDraft,2025-10-15 16:01:40.453,,
3041,INQ60114,"Equipment Hub Auctions, LLC",2025-10-22 00:00:00.000,lm vm follow up 22nd,EnquiryDraft,2025-10-16 11:22:51.593,,
2928,INQ1022336,Erkelens & Olson Auctioneers,2026-03-16 00:00:00.000,Not interested in program follow up 6 months,EnquiryDraft,2025-10-16 11:24:04.577,,
3042,INQ60115,"Fastline Auction, LLC",2025-10-22 00:00:00.000,LM auction mailbox Terry lee 601-665-5855 Fastline Sales Representative terry.lee@fastline.com,EnquiryDraft,2025-10-16 12:08:13.770,,
2930,INQ1022338,Furrow Auction Company,2025-10-22 00:00:00.000,10.16.25 spoke with Mariann still wrapping up from auction i suggested i call back next week she agreed and thanked me,EnquiryDraft,2025-10-16 12:37:18.900,,
2931,INQ1022339,GA Group,2025-10-22 00:00:00.000,LM Paul cell,EnquiryDraft,2025-10-16 13:04:54.307,,
2933,INQ1022341,HARRIS AUCTIONS,2025-10-22 00:00:00.000,"Sherry Took my name and phone sales@harrismachinetools.com follow up in week
she said their customers do there own freight and didnt think they would be interested send info follow up next week",EnquiryDraft,2025-10-16 15:21:55.933,,
2932,INQ1022340,Harry Davis & Company,2025-10-22 00:00:00.000,send to info@harrydavis.com CFO follow up next,EnquiryDraft,2025-10-16 16:05:06.593,,
2932,INQ1022340,Harry Davis & Company,2025-10-22 00:00:00.000,LM David vm  resend follow up next week 847-380-1755 office direct,EnquiryDraft,2025-10-16 16:11:23.017,,
2935,INQ1022343,"HYPERAMS, LLC",2025-10-22 00:00:00.000,Tried again but no answer. sent email follow up next week,EnquiryDraft,2025-10-17 09:47:36.283,,
2976,INQ1022388,G.W. Kittrell Auctions,2025-10-21 00:00:00.000,10.17.25 Allison emailed and advised she added us to her upcoming auctions                        10.14.25 Allison Kittrell info@gwkittrellauctions.com driving to texas will be in PA next week send info follow up next week,EnquiryDraft,2025-10-17 10:19:28.997,,
2941,INQ1022349,"K & L Liquidations and Sales, LLC",2025-10-24 00:00:00.000,10.17 spoke to Luis he is interested and will spend some time reviewing next week recd email follow up next week asked what was smallest we do. i told him the customer send the inquiry directly to us  send pdf on workflow,EnquiryDraft,2025-10-17 14:00:03.773,,
2942,INQ1022350,"Paul E. Saperstein Co., Inc.",2025-10-24 00:00:00.000,LM Michael Saperstein follow up next week,EnquiryDraft,2025-10-17 16:24:17.947,,
921,INQ1018693,CORPORATE AUCTION GROUP,2025-10-28 00:00:00.000,10.21 Jasmine  got email not adding anything at this point most overseas buyers have freight forwarders have a broker spoke to Jasmine she wasnt interested but as I explained more to her she came around and agreed to post our info on her next round of auctions. She asked that i resend the information.,EnquiryDraft,2025-10-21 10:26:19.080,,
1741,INQ1020089,MACHINE TOOL BIDS,2025-10-28 00:00:00.000,Spoke with Victoria she is the operations person she didnt recieve my email so resend it and she will review with her team follow up next week,EnquiryDraft,2025-10-21 16:50:33.867,,
3045,INQ1022540,GRS Auction Services,2025-11-25 00:00:00.000,10.22 Spoke w Dave transferred me to Shelly things to bring up good relationship Possibility but have more pressing matters -  main broker 90% of time call next month,EnquiryDraft,2025-10-22 11:55:32.623,,
3050,INQ1022549,Prestige Equipment Auctions,2025-10-29 00:00:00.000,Stepped away from  desk will give him message to call me back,EnquiryDraft,2025-10-22 12:03:26.413,,
3040,INQ60113,"Country Boys Auction & Realty Co., Inc",2026-03-24 00:00:00.000,Call Mike on cell 252-916-1005  They typically don’t get involved most hauled by customers email mdurkins@countryboysauction will recommend us when they have a need follow up 6 months,EnquiryDraft,2025-10-22 12:16:34.180,,
3041,INQ60114,"Equipment Hub Auctions, LLC",2025-10-29 00:00:00.000,10.22 Spoke with Dani sales and business administrators get email and its their choice to contact us or not. They dont give out their email or phone numbers as they are inundated with calls and emails - reasearch to find sale contact info,EnquiryDraft,2025-10-22 12:46:07.717,,
3042,INQ60115,"Fastline Auction, LLC",2025-10-29 00:00:00.000,10.22 lm Terry vm will reforward email follow up next week,EnquiryDraft,2025-10-22 13:10:54.433,,
3087,INQ1022636,Panam Imaging,2025-10-23 00:00:00.000,NYC TO BEIRUT,EnquiryDraft,2025-10-22 13:12:02.343,,
3042,INQ60115,"Fastline Auction, LLC",2025-10-29 00:00:00.000,"10.23 Terry returned my call last night, I explained the program and he is not the correct POC but said it was interesting and if i send him a email he will forward it to the correct person , and introduce me on the email. Sent email",EnquiryDraft,2025-10-23 07:13:34.130,,
657,INQ1017156,"THOMPSON AUCTIONEERS,INC.",2025-10-30 00:00:00.000,10.20 tried to reach Brian called 937-609-6177 got vm for  Steve Thompson LM,EnquiryDraft,2025-10-23 11:29:17.100,,
634,INQ1017120,TIGER COMMERCIAL & INDUST,2025-10-29 00:00:00.000,10.21 tiger sent email stating they its not possible for Tiger to axquiesce to our proposal. I replied back and asked whats driving that decision.,EnquiryDraft,2025-10-23 11:34:44.397,,
2973,INQ1022385,C3-Crescent Commercial,2025-10-30 00:00:00.000,10.23 Couldn’t reach anyone got vm message in french auction press 6 no answer,EnquiryDraft,2025-10-23 14:21:59.507,,
3025,INQ1022506,"Capital Recovery Group, LLC",2025-10-23 00:00:00.000,10.23 spoke w Gary - Caolina Piping Rigger auction in Luisiana rigger info shiro carolina piping and rigging 763-548-4735 ref by gary  shiro@cpiping.com she can recommend us  the customer will go through Gary and we can cut him check - spoke to Shiro can we ship to India asked me to send email will txt me email also  and contact info,EnquiryDraft,2025-10-23 14:50:07.093,,
1006,INQ1018935,CINCINNATI INDUSTRIAL AUCTIONEERS,2025-10-22 00:00:00.000,"12/18/2024	FR.. Dec 11 - Spoke with Hillary. Said they are not looking for this but could email her the information on hillary@cia-auctions.com	12/11/2024",EnquiryDraft,2025-10-23 15:08:14.137,,
1006,INQ1018935,CINCINNATI INDUSTRIAL AUCTIONEERS,2025-10-24 00:00:00.000,10.14.25 Christinewill pass info to autioneers christine@cia-industrial.com follow up next week,EnquiryDraft,2025-10-23 15:10:14.530,,
629,INQ1017114,PROXIO GROUP,2025-10-27 00:00:00.000,Got vm try monday,EnquiryDraft,2025-10-24 11:14:19.387,,
2976,INQ1022388,G.W. Kittrell Auctions,2025-10-30 00:00:00.000,"10.23 We are listed om info pages on website under item 4 not on bid site My thought is they are slowly adding us and giving us a try. 
I don’t want to be too pushy upfront about it as she did agree to add us to the auction.",EnquiryDraft,2025-10-24 11:19:15.633,,
2982,INQ1022394,Loeb Auctioneers,2025-10-31 00:00:00.000,10.24 LM out for day today Michelle office administrator is on PTO today michellec@loebequipment.com,EnquiryDraft,2025-10-24 11:38:09.107,,
2983,INQ1022395,M & M Auctions,2025-10-31 00:00:00.000,10.24 Out of office till 3PM CST setting up for conference lm,EnquiryDraft,2025-10-24 14:50:38.490,,
1006,INQ1018935,CINCINNATI INDUSTRIAL AUCTIONEERS,2025-10-31 00:00:00.000,10.24 Christine away from her desk she will call back next week,EnquiryDraft,2025-10-24 14:51:54.433,,
2981,INQ1022393,KD Auctions,2025-10-31 00:00:00.000,10.24 Jill LM,EnquiryDraft,2025-10-24 15:01:42.390,,
3091,INQ30342,"Cal Micro, Inc",2025-10-27 00:00:00.000,"Requested quote on 10/24, EWR t o DXB",EnquiryDraft,2025-10-24 17:13:57.553,,
3096,INQ30343,SeaVoy Shipping and Freight Forwarding Inc.,2025-10-28 00:00:00.000,rate needs,EnquiryDraft,2025-10-27 16:57:59.837,,
3098,INQ1022660,GL SHIPPING LINE,2025-10-28 00:00:00.000,needed rates,EnquiryDraft,2025-10-27 17:45:58.677,,
3099,INQ60118,ARIKAS LOGISTICS,2025-10-29 00:00:00.000,Rate Request,EnquiryDraft,2025-10-28 11:12:02.123,,
3100,INQ1022661,"DOLE Ocean Cargo Express, LLC",2025-10-29 00:00:00.000,": Strawberry plants  •	Temperate: 27° F (-2.77° C)",EnquiryDraft,2025-10-28 11:46:19.587,,
3101,INQ1022662,"DOLE Ocean Cargo Express, LLC",2025-10-29 00:00:00.000,Quotes are valid for 30 days,EnquiryDraft,2025-10-28 12:09:48.613,,
3102,INQ60119,Sean Simmons,2025-10-29 00:00:00.000,Rate Request,EnquiryDraft,2025-10-28 12:39:52.207,,
3103,INQ1022664,WATERLINK LOGISTICS CANADA INC.,2025-10-29 00:00:00.000,Need rates,EnquiryDraft,2025-10-28 13:58:31.860,,
3106,INQ1022671,SeaVoy Shipping and Freight Forwarding Inc.,2025-10-29 00:00:00.000,Rate Request,EnquiryDraft,2025-10-28 16:15:32.027,,
701,INQ1017380,Myron Bowling Auctioneers,2025-03-24 00:00:00.000,10.14 not interested follow up in 6 months,EnquiryDraft,2025-10-28 16:50:29.950,,
629,INQ1017114,PROXIO GROUP,2025-11-04 00:00:00.000,10.28 Howard believes our data is up oncoming auctions if not yet will be loaded,EnquiryDraft,2025-10-28 16:52:13.357,,
3108,INQ1022675,Integrated Sorting Technologies,2025-10-30 00:00:00.000,Pending Quote approval,EnquiryDraft,2025-10-29 10:22:15.490,,
3042,INQ60115,"Fastline Auction, LLC",2025-11-05 00:00:00.000,10.29 lm terry following up on email,EnquiryDraft,2025-10-29 11:12:22.050,,
3109,INQ1022676,INTERNATIONAL CARGO CR,2025-10-30 00:00:00.000,Rate Request,EnquiryDraft,2025-10-29 11:15:33.487,,
3025,INQ1022506,"Capital Recovery Group, LLC",2025-11-05 00:00:00.000,10.29 Shiro got email has quote for shipping to canada will fill out quote form and submit,EnquiryDraft,2025-10-29 11:20:34.477,,
2951,INQ1022359,Yellow Tag Auctions LLC,2025-11-05 00:00:00.000,10.29 on another call lm vm,EnquiryDraft,2025-10-29 13:39:40.510,,
2933,INQ1022341,HARRIS AUCTIONS,2025-11-05 00:00:00.000,10.29 spoke w Sherry didnt see email very busy wont give me a name of anyone resend email she will give them my number if interested will call me,EnquiryDraft,2025-10-29 13:48:46.363,,
3008,INQ1022443,Farrel Corporation,2025-11-05 00:00:00.000,10.29 LM Brian,EnquiryDraft,2025-10-29 13:52:35.323,,
667,INQ1017226,REVELATION MACHINERY,2025-10-20 00:00:00.000,"contact person name is Jay Rivera and phone number is M: 812-773-8228 | O: 312-761-9396 7/10 Reached out re Auction Lebanon NJ. 7/17, reply advsed ""we will use you"" sent sepatra proposal. UPDATED BY ASHAR ON 1/17/24  11/15 Jay advises he will be having an auciton in Jan that he will want our help with. UPDATED BY ASHAR ON 1/17/24 CONTACT PERSON NAME IS Beckey Hodgins 618-300-7121 7/10 Reached out re Auction Lebanon NJ. UPDATED BY ASHAR ON 1/17/24 CONTACT PERSON NAME IS David Marban.618-300-7121",EnquiryDraft,2025-10-29 14:31:40.023,,
1099,INQ1019304,Affordable Erecting,2025-11-05 00:00:00.000,10.29 Sent email Tracy rigger also - high interest,EnquiryDraft,2025-10-29 16:48:51.047,,
2980,INQ1022392,INVESTMENT RECOVERY SERVICES,2025-11-03 00:00:00.000,"10.27 LM 
10.24 LM follow up on feedback and next steps",EnquiryDraft,2025-10-30 07:16:22.133,,
1741,INQ1020089,MACHINE TOOL BIDS,2025-11-03 00:00:00.000,10.27 LM Victoria,EnquiryDraft,2025-10-30 07:17:56.967,,
2988,INQ1022400,PA Auction Center,2026-04-15 00:00:00.000,Don't list or recommend shipper follow up 4.15.26,EnquiryDraft,2025-10-30 07:27:50.180,,
2987,INQ1022399,Motleys Industrial,2025-11-03 00:00:00.000,"10.27 Alexa Bill is in a meeting she will give him message
10.15.25 Lexis - speak to Bill Fischer today his birthday send email - industrial@motleys.com- follow up late next week",EnquiryDraft,2025-10-30 07:31:11.800,,
2989,INQ1022401,Power Drive Supply,2025-11-03 00:00:00.000,"10.27 LM VM Jerry	10.22 LM Jerry",EnquiryDraft,2025-10-30 07:40:44.813,,
2986,INQ1022398,Meadoworks,2025-11-03 00:00:00.000,"10.27  Disregard 10.15 remark re Bill Fisher ihe is with Motley and pasted by mistake on this record Jeff send to Info@ Jeff@meadoworks.com, send info he will get back to us with questions what do we do with list do we give to other auction houses absolutely not		
10.15.25 send email at auctions@meadoworks.com goes to team",EnquiryDraft,2025-10-30 07:47:36.803,,
2991,INQ1022403,"Salvadore Auctions & Appraisals, Inc.",2025-11-03 00:00:00.000,10.27 Dana vm lm,EnquiryDraft,2025-10-30 07:48:46.587,,
2969,INQ1022381,"Ashman Company Auctioneers & Appraisers, Inc",2025-11-03 00:00:00.000,"10.27 Alejandra is sick, she needs to speak to Ryan very busy but is supposed to meet with him tomorrow 		10.7.25 list everyone on invoices auctions@ashmancompany.com Alejandra auction tomorrow call 10AM",EnquiryDraft,2025-10-30 07:50:19.923,,
2942,INQ1022350,"Paul E. Saperstein Co., Inc.",2025-11-03 00:00:00.000,"10.27 Kerry will remind Michael to call me back he is out of office today
10.17 Lm Michael Saperstein  sent email to msaperstein@pesco.com follow up next wk
10.6.25 Paul Saperstein is founder 93 yrs Michael Saperstein spoke Bobby rvascon@pesco.com can we packed? Most of their customers require packing sent email",EnquiryDraft,2025-10-30 07:57:31.483,,
2935,INQ1022343,"HYPERAMS, LLC",2025-11-03 00:00:00.000,"10.27 Cathleen Parker vm / LM Steve 815-451-3451 lm Steve	HYPERAMS  ASSET MAXIMIZATION SERVICES	
10.17 NA call later sent email to info mailbox previous messages from 2024 they were not interested	
10.6.25 Site Manager at [Steve Kleba – (815) 451 – 3451 or SKleba@HyperAMS.com LM info@hyperams.com",EnquiryDraft,2025-10-30 08:00:39.147,,
2936,INQ1022344,Infinity Asset Solutions Inc,2025-11-03 00:00:00.000,"10.27 anthony vm lm 		
10.17 shipping Anthony Goldstein left vm sent email to info mailbox follow up next week	10.6.25 JMD Customs Brokers Inc.For Cross Border Logistics, Customs Brokerage, Trucking, Transportation & Exporting Services",EnquiryDraft,2025-10-30 08:18:07.583,,
2941,INQ1022349,"K & L Liquidations and Sales, LLC",2025-11-03 00:00:00.000,10.27 LM w  Melina will have him reach back out to me,EnquiryDraft,2025-10-30 08:31:45.667,,
1461,INQ1019702,A.J. Willner Auctions,2025-11-03 00:00:00.000,"10.27 LM VM Harry sent email hbyrnes met HH gave him busienss card""Hh met them and collected owner's business card.  HH sent an introductory email on 8/11/25 . Proposal for Strategic Logistics Partnership - MGL + AJ WILLNER AUCTIONS
I hope this message finds you well.

 

During my recent visit to your office, I had the pleasure of receiving your business card from one of your team members. I’m reaching out to introduce a collaborative opportunity that we believe could be mutually beneficial",EnquiryDraft,2025-10-30 08:33:51.797,,
1100,INQ1019307,Able Machinery Movers,2025-11-03 00:00:00.000,10.27 Tiffany will leave a message for him owner Hector hector.napoleoni@meillc.com send info,EnquiryDraft,2025-10-30 08:46:59.700,,
3112,INQ1022692,TEST2,2025-10-30 00:00:00.000,test,EnquiryDraft,2025-10-30 08:48:10.940,,
911,INQ1018678,ACT MACHINERY,2025-11-03 00:00:00.000,"10.27 Randy act@actmachinery.com				2/8 Soke with Louis, (Louis@actmachinery.com) sent co profile. he provided Mr. Goodman's E mail.",EnquiryDraft,2025-10-30 08:58:40.180,,
2904,INQ1022249,Active Auction Mart Ltd.,2025-11-03 00:00:00.000,10.28 karen emailed me back they don’t get involved in frieght I emailed her back and explained they don’t have to w our prograam 10.27 Karen got vm lm sent email,EnquiryDraft,2025-10-30 08:59:45.240,,
2019,INQ1020404,ADVANCED INDUSTRIAL SERVICES (AIS),2025-11-03 00:00:00.000,"10.27 Mailbox is full cannot accept messages lm on jen vm also found website send email	Spoke to Alexis. She said they never work with any freight forwarders or would need our services but we could send our information for their reference. alexisbriggs@ais-york.com5/31/24 Sent out reach message. 1/2/24 New Years Grettings sent 12/12 met Jenn at Lancaster PA site. High End Industrial Rigger, Emailed.1/2/24 New Years Grettings sent UPDATED ON 9TH JANUARY 2024 12/12 met Jenn at Lancaster PA site",EnquiryDraft,2025-10-30 09:03:44.520,,
556,INQ1017007,HOLLAND INDUSTRIAL GROUP,2025-11-04 00:00:00.000,"10.28 Spoke with Shawn didn’t get email got vm last wk was busy w auction resend email he will reply very interested wants to speak with boss	10.23 LM Shawn VM * 10.14 Spoke w Shawn 562-480-3041resend it so he can speak to boss follow up next week.",EnquiryDraft,2025-10-30 09:13:00.870,,
1181,INQ1019393,SIGMA Auction,2025-11-04 00:00:00.000,"10.28 Stepped out for lunch will have him call back	10.21 Trace can i send information to tdirks@sigmaequipment.com follow up next week",EnquiryDraft,2025-10-30 09:14:19.097,,
632,INQ1017117,SCHNEIDER INDUSTRIES,2025-11-04 00:00:00.000,"10.28 Josh cell 314-853-2636 email was in spam had to take a call will call me back 	10.21 lm general mailbox",EnquiryDraft,2025-10-30 09:15:56.257,,
522,INQ1016959,"Moses B. Glick, LLC",2025-11-04 00:00:00.000,"10.28 lm 	
10.20.25 Spoke with Mike he sends us quotes on occassion as he quotes his buyers rigging and shipping and marks it up. He will speak to his marketing person about listing us on his website send email	
08/04/2025 ""Left a message. 5/22/24Email on elam@mbglick.com	 Outreach message sent 3/27/24 Lft V/M 1/2/24 New Years Grettings sent 12/8/23 E mail sent 5/19/23 Phone Call	1/2/24 New Years Grettings sent updated by ashar 12/8/23 E mail sent updated by ashar on 1/8/24 5/19/23 Phone Call UP",EnquiryDraft,2025-10-30 09:21:39.510,,
921,INQ1018693,CORPORATE AUCTION GROUP,2025-11-04 00:00:00.000,10.28 Didn’t receive email it was in her spam she will review it and call me with any questions and next steps,EnquiryDraft,2025-10-30 09:23:29.430,,
2930,INQ1022338,Furrow Auction Company,2025-11-04 00:00:00.000,"10.28 Line picks up but no one there then disconnects		10.20 in the middle of an auction not a good time call back another time 10.16 -wrapping up auction call next week",EnquiryDraft,2025-10-30 09:25:35.000,,
543,INQ1016994,CORPORATE ASSETS INC.,2025-11-04 00:00:00.000,"10.28 lm 	Send info to Barb 	info@corpassets.com marketing dept follow up via email sent email 	10.7.25 sent email",EnquiryDraft,2025-10-30 09:27:09.267,,
2931,INQ1022339,GA Group,2025-11-04 00:00:00.000,10.28  reached Paul vm lm,EnquiryDraft,2025-10-30 09:29:23.810,,
3115,INQ30347,GIANTI LOGISTICS,2025-10-31 00:00:00.000,Rate Request,EnquiryDraft,2025-10-30 10:16:43.130,,
3093,INQ1022656,"PROCESS PLANT & MACHINERY LTD,",2025-11-05 00:00:00.000,10.27 Sent email,EnquiryDraft,2025-10-30 11:40:02.417,,
2973,INQ1022385,C3-Crescent Commercial,2025-11-05 00:00:00.000,10.30 cant reach anyone via phone without getting into a french answering system will resend email and try to connect via web page,EnquiryDraft,2025-10-30 11:47:01.257,,
657,INQ1017156,"THOMPSON AUCTIONEERS,INC.",2025-11-05 00:00:00.000,10.30 LM Bryan vm tried main number again Dorothy  will have him call me email bharvey@thompsonauctioneers.com,EnquiryDraft,2025-10-30 11:58:43.277,,
3117,INQ60120,Custom Tool & Grinding,2025-10-31 00:00:00.000,Rate REquest,EnquiryDraft,2025-10-30 14:13:45.733,,
2903,INQ1022248,AARON INDUSTRIAL SOLUTIONS,2025-11-04 00:00:00.000,"10.28 Call main Ed Yures he handles Joel said to call - lm vm 		
10.16Spoke to Chris she gave me direct number - Joel 630-669-9745 lm vm	
10/1/25 lm joel send email",EnquiryDraft,2025-10-30 15:03:24.763,,
713,INQ1017475,MACHINERY NETWORK,2025-11-04 00:00:00.000,"10.28 LM VM
10.21 LM Harvey Geller not right person Abraham Torres 818-272-5776",EnquiryDraft,2025-10-30 15:05:29.547,,
1457,INQ1019698,Thomas Industries,2025-11-05 00:00:00.000,"10.29 John is not right guy -  Tom Jr Gagliardy  spoke to Tom jr send info do we have a ref from Maynards txt him info sent email	
10.22 lm John vm  resend email so its on top of his inbox follow up next week	
10.17 LM Jon general vm",EnquiryDraft,2025-10-30 15:15:58.283,,
2017,INQ1020402,CopEx Inc,2025-11-05 00:00:00.000,"1/10/25 HH spoke to Don as a follow up. He said he is already charging extra to his customers, and he didn’t see much value in our offer. He is comfortable with ongoing forwarder BUT he told me to stay in touch so that he can give us business if he sees any opportunity.
 
So, let us send a kind of nice reminder message to him every fortnight. I believe this can be done through MiApp.",EnquiryDraft,2025-10-30 15:42:09.163,,
2017,INQ1020402,CopEx Inc,2025-11-05 00:00:00.000,10/30 sent email,EnquiryDraft,2025-10-30 15:53:40.180,,
1195,INQ1019407,"Bartell Machinery Systems, L.L.C.",2025-11-05 00:00:00.000,"10/28 LM treid operator bounced around
10.21LM sent intro email to sales /parts @bartellmachinery.com",EnquiryDraft,2025-10-30 15:58:48.043,,
1068,INQ1019197,"Dunkel Bros Machinery Moving, An MEI Company",2025-11-05 00:00:00.000,"10.28 LM Meliani 
10.21 Gloria no longer - Meliani.gonzales@dunkel.com sent email",EnquiryDraft,2025-10-30 16:05:20.417,,
1061,INQ1019173,Utech CNC,2025-11-05 00:00:00.000,"10.28 LM	352-443-5779 Brooksville FL info@utechcnc.com lm send email not auction house machine tool distributor",EnquiryDraft,2025-10-30 16:07:43.277,,
2940,INQ1022348,"Joseph Finn Co., Inc.",2025-11-06 00:00:00.000,"10.27 Super busy reconsider towards end of month 11/6 resend email
10.14.25Spoke w Matt been busy and hasn’t had time to review the email call back next week",EnquiryDraft,2025-10-30 16:22:34.187,,
2993,INQ1022405,Thomas Hirchak Company,2025-11-10 00:00:00.000,"10.27 Waiting for approval from owners thinks it will be a go give her 2 weeks
10.15.25 Cathy advertising@thcauction.com send info follow up next week",EnquiryDraft,2025-10-30 16:25:46.867,,
3117,INQ60120,Custom Tool & Grinding,2025-10-31 00:00:00.000,Ready for billing,EnquiryDraft,2025-10-30 16:39:08.473,,
2992,INQ1022404,SITE Auction Services,2025-11-10 00:00:00.000,10.27 Waiting for approval from owners thinks it will be a go give her 2 weeks,EnquiryDraft,2025-10-31 07:08:35.120,,
2990,INQ1022402,Rabin / HyperAMS,2026-01-12 00:00:00.000,"10.24 LM VM 	HyperAMS Worldwide",EnquiryDraft,2025-10-31 07:38:33.793,,
2984,INQ1022396,"M. DAVIS GROUP, LLC",2026-01-12 00:00:00.000,10.27 x 103 Thomas x 103 a lot of people do it themselves call in 2026 too busy wrapping up year,EnquiryDraft,2025-10-31 07:40:04.670,,
701,INQ1017380,Myron Bowling Auctioneers,2026-03-26 00:00:00.000,Follow up in 6 months,EnquiryDraft,2025-10-31 07:42:47.693,,
662,INQ1017221,HERITAGE GLOBAL PARTNERS,2025-11-03 00:00:00.000,"10.29 waiting on clarification from Ashar 10.14.25 Brendon to follow up asked Ashar  another phone number .1-858-847-0659 contact persons names..Douglas E. Escudero, Senior Project Manager. Alex Dove Tim Shaeffer, Director, Business Development satiya  Hh..I just spoke with Dough. He is very enthusiastic to my offer of SEPATRA.",EnquiryDraft,2025-10-31 08:09:17.623,,
2979,INQ1022391,GD Auctions & Appraisals,2025-11-05 00:00:00.000,"10.31 LM no one answers 
10.21 LM",EnquiryDraft,2025-10-31 08:18:37.240,,
3050,INQ1022549,Prestige Equipment Auctions,2025-10-30 00:00:00.000,Don't contact Mark Cash,EnquiryDraft,2025-10-31 08:20:31.790,,
2994,INQ1022406,Wegner Auctioneers,2025-10-27 00:00:00.000,10.27 txt info to Eric don’t do any shipping but willkeep us on file if customer need name of shipper,EnquiryDraft,2025-10-31 08:22:34.107,,
2994,INQ1022406,Wegner Auctioneers,2025-10-28 00:00:00.000,10.28 Drake don’t make freight or logistics recommendations usually large manufacturers have relationships with brokers,EnquiryDraft,2025-10-31 08:31:44.570,,
2985,INQ1022397,Machinery Values of NJ Inc.,2025-11-06 00:00:00.000,Check with Hamid he spoke to David,EnquiryDraft,2025-10-31 08:34:16.830,,
2971,INQ1022383,Atlanta Liquidation,2025-10-28 00:00:00.000,No interest no need,EnquiryDraft,2025-10-31 08:38:16.440,,
2937,INQ1022345,INTEGRA ASSET SOLUTIONS,2025-10-27 00:00:00.000,"10.27info@ integra-as.com   not interested in liability associated with taking money for shipments sent email	10.6.25 Asset Removal lm	Telecon with Hamid 6/22/23 introduced by Gorham /E mail 6/12 re good excecution of John Zaho	sales@integra-as.com	john@integra-as.com;cassidy@integra-as.com",EnquiryDraft,2025-10-31 08:43:45.477,,
2925,INQ1022333,CapEx Equipment Group,2025-10-21 00:00:00.000,"10.21 Not interested Already have too many not interested	10/2/25 sent email couldnt reach via phone",EnquiryDraft,2025-10-31 08:48:36.340,,
2943,INQ1022351,Perfection Industrial Sales,2025-10-27 00:00:00.000,Not interested,EnquiryDraft,2025-10-31 09:16:16.120,,
2793,INQ1021991,NULL,2025-10-27 00:00:00.000,10.27 Program not for him he doesn’t recommend anyone doesn’t want to cut out the locals,EnquiryDraft,2025-10-31 09:17:42.063,,
1809,INQ1020161,NEW MILL CAPITAL,2025-10-27 00:00:00.000,"10.27 don’t list any companies on auctions  not interested
10.15.25  couldnt get through on phone failed call sent email",EnquiryDraft,2025-10-31 09:20:11.893,,
1809,INQ1020161,NEW MILL CAPITAL,2025-10-31 00:00:00.000,"""10.31 They dont do auctions they contract out auction houses so have no need for our services and have no place to promote or recommend us	""",EnquiryDraft,2025-10-31 09:22:04.750,,
2932,INQ1022340,Harry Davis & Company,2025-10-28 00:00:00.000,10.28 Melanie CFO will reach out but right now they are not interested,EnquiryDraft,2025-10-31 09:24:44.983,,
2811,INQ1022024,ANDERSON EQUIPMENT COMPANY,2025-10-28 00:00:00.000,10.28 tranportration is Vera Tread   10.27 Person isnt there now call back tomorrow and ask for Logisitcs,EnquiryDraft,2025-10-31 09:31:40.587,,
2967,INQ1022379,Gateway Auctions,2025-11-06 00:00:00.000,10.31 resent email they are overseas,EnquiryDraft,2025-10-31 09:34:01.400,,
2463,INQ1021120,TBC COPIERS,2025-11-07 00:00:00.000,LM VM for Dave,EnquiryDraft,2025-10-31 09:44:25.960,,
2934,INQ1022342,Heath Industrial,2025-10-28 00:00:00.000,10.28 press 6 then 1 will call us to get a quote doesn’t like to post anything - doesn't want to get sued,EnquiryDraft,2025-10-31 10:33:45.200,,
667,INQ1017226,REVELATION MACHINERY,2025-11-07 00:00:00.000,10.29 lm david vm 10.24 sent email 10.24 HH call Dave Bonnet introduced me trying to connect with Daid Marban,EnquiryDraft,2025-10-31 10:41:41.513,,
518,INQ1016938,AFFORDABLE MACHINERY,2025-11-07 00:00:00.000,"10.31 The operator took down all the details (company name, email, phone number etc). Said she will pass it on to her bosses and they 1.27 will get in touch with us shortly. We will also share some info on: affordablemachinery@gmail.com",EnquiryDraft,2025-10-31 11:02:30.913,,
518,INQ1016938,AFFORDABLE MACHINERY,2025-11-07 00:00:00.000,Sent email,EnquiryDraft,2025-10-31 11:05:03.353,,
710,INQ1017402,ALL PRO MACHINERY MOVERS,2025-11-07 00:00:00.000,10.31 Chrissy send info to sales @allpromm.com 1.27 Not interested. Send email on sales@allpromachinerymovers.com.,EnquiryDraft,2025-10-31 11:31:10.640,,
2982,INQ1022394,Loeb Auctioneers,2025-11-07 00:00:00.000,10.31 she will get back to me after she speaks with Frank Spoke with Michelle she did get my message and spoke to her boss Frank about it and is meeting with him to discuss Michele got message spoke to Frank she will discuss it with him can we handle all rigging and removal sometimes exclusive or open rigging - resent email. 10/31/2025,EnquiryDraft,2025-10-31 13:52:35.250,,
2983,INQ1022395,M & M Auctions,2025-11-07 00:00:00.000,10/31/2025 Brett is on the other line receptionist will send him a message with my info,EnquiryDraft,2025-10-31 14:08:10.670,,
2981,INQ1022393,KD Auctions,2025-11-07 00:00:00.000,10/31/2025 Jill is not available lm vm,EnquiryDraft,2025-10-31 14:13:02.277,,
2972,INQ1022384,"Bid Equip, LLC",2025-11-07 00:00:00.000,10/31/2025 Spoke to tiffany her boss never  got back to her on it she will follow up and get back to me,EnquiryDraft,2025-10-31 14:16:33.073,,
3124,INQ1022720,Checkmate Rigging Inc,2025-11-07 00:00:00.000,10.31 LM Casey email info,EnquiryDraft,2025-11-03 08:04:19.070,,
2017,INQ1020402,CopEx Inc,2025-11-05 00:00:00.000,10.30 LM Don and sent email,EnquiryDraft,2025-11-03 08:07:35.467,,
3022,INQ1022499,"Mid-Atlantic Lift System, Inc.",2025-11-05 00:00:00.000,Travis does mostly domestic HH dealt with him sent email,EnquiryDraft,2025-11-03 08:12:03.730,,
3125,INQ1022721,RIGGING GEAR SALES,2026-02-03 00:00:00.000,10/31/2025 work with same freight forwarder - melissa@rgsinc.net sent info but not interested follow up in 3 months,EnquiryDraft,2025-11-03 08:18:12.800,,
2944,INQ1022352,Plant & Machinery Inc.,2025-11-10 00:00:00.000,desi 713 691 4401 she does all coordination of riggers * Will list us liscence to truck desim@pmi-auction.com,EnquiryDraft,2025-11-03 10:41:52.300,,
2948,INQ1022356,Silicon Valley Auction Service,2025-11-10 00:00:00.000,11.3 lm Ed vm Sent email to diana,EnquiryDraft,2025-11-03 10:52:48.040,,
2949,INQ1022357,"Tauber Arons, Inc.",2026-02-02 00:00:00.000,Follow up 3 months,EnquiryDraft,2025-11-03 10:57:12.080,,
2944,INQ1022352,Plant & Machinery Inc.,2025-11-10 00:00:00.000,Desiree responded to my email and said she will work on getting us listed,EnquiryDraft,2025-11-03 11:36:21.557,,
2976,INQ1022388,G.W. Kittrell Auctions,2025-11-03 00:00:00.000,We are listed and got an request for pricing from David Zook 814-634-9012 Shannon Bell304-646-7010 helping loading  HH reached out to David said Shannon wants $5500 to load. I spoke to Shannon he said he doesnt know why he doesnt drive it on. HH spoke to David and he is looking for driver. I will follow up w David to get an update,EnquiryDraft,2025-11-03 14:48:47.940,,
2941,INQ1022349,"K & L Liquidations and Sales, LLC",2025-11-10 00:00:00.000,11/3/2025 Luis on call Trina will have him call me back,EnquiryDraft,2025-11-03 15:17:12.110,,
2936,INQ1022344,Infinity Asset Solutions Inc,2025-11-10 00:00:00.000,"11/3/2025 Anthony not avail Franca he is away for extended time send her info whe will speak to mgmt she did ask do we handle all duties and paperwork This can be handled in two ways: 
1.	We do trucking and the consignee at either end appoints their own custom broker to clear. 2.	We do trucking and arrange clearance at border with 3rd party. send email",EnquiryDraft,2025-11-03 15:46:20.913,,
2942,INQ1022350,"Paul E. Saperstein Co., Inc.",2026-02-02 00:00:00.000,11/3/2025 spoke w ith Kerry she left Michael a message last week they are not interested all set right now follow up 3 months,EnquiryDraft,2025-11-03 15:54:47.817,,
2935,INQ1022343,"HYPERAMS, LLC",2025-11-10 00:00:00.000,11/3/2025 Spoke with Steve he didnt recieve email please resend he will review follow up next week,EnquiryDraft,2025-11-03 16:23:21.303,,
2980,INQ1022392,INVESTMENT RECOVERY SERVICES,2025-11-11 00:00:00.000,11/4/2025 lm Trevor vm,EnquiryDraft,2025-11-04 08:15:41.983,,
1741,INQ1020089,MACHINE TOOL BIDS,2025-11-10 00:00:00.000,11/4/2025 Lm Victoria vm,EnquiryDraft,2025-11-04 08:16:37.740,,
2976,INQ1022388,G.W. Kittrell Auctions,2025-11-10 00:00:00.000,LM David Zook,EnquiryDraft,2025-11-04 08:18:10.840,,
2987,INQ1022399,Motleys Industrial,2025-11-10 00:00:00.000,11/4/2025 Spoke to Alexa Bill not in office today she will let him know i called,EnquiryDraft,2025-11-04 08:48:45.027,,
2989,INQ1022401,Power Drive Supply,2025-11-10 00:00:00.000,11/4/2025 LM Jerry VM resent email check in,EnquiryDraft,2025-11-04 08:53:53.000,,
2986,INQ1022398,Meadoworks,2025-11-10 00:00:00.000,11/4/2025 Spoke w Jeremy who connected me with Jeff initially will follow up with Jeff he has been busy and hasn't forgot about it,EnquiryDraft,2025-11-04 08:58:03.627,,
2019,INQ1020404,ADVANCED INDUSTRIAL SERVICES (AIS),2026-02-02 00:00:00.000,Not interested follow up 3 months,EnquiryDraft,2025-11-04 09:09:06.057,,
3129,INQ1022731,Fornazor,2026-02-02 00:00:00.000,"11/4/2025 LM Kevin not in they have own forwarding company LCL ocean , air freight  not alot of business  in house forwarding oti will give message to Kevin spoke with hsi associate for 20 years",EnquiryDraft,2025-11-04 10:07:21.100,,
1461,INQ1019702,A.J. Willner Auctions,2025-11-12 00:00:00.000,11/4/2025 Harry not in the office 973-332-8472 need someone to do packing hbyrnes@ajwillner.com sent email,EnquiryDraft,2025-11-04 10:20:39.167,,
2991,INQ1022403,"Salvadore Auctions & Appraisals, Inc.",2026-02-02 00:00:00.000,11/4/2025 Dana x 10 Not interested follow up 3 months,EnquiryDraft,2025-11-04 11:03:47.800,,
2969,INQ1022381,"Ashman Company Auctioneers & Appraisers, Inc",2025-11-11 00:00:00.000,11/4/2025 not in office call back,EnquiryDraft,2025-11-04 11:05:41.067,,
1100,INQ1019307,Able Machinery Movers,2025-11-10 00:00:00.000,"11/4/2025 Spoke with Tiffany, Hector in meeting resent email",EnquiryDraft,2025-11-04 11:15:10.160,,
2904,INQ1022249,Active Auction Mart Ltd.,2026-02-02 00:00:00.000,45965 Spoke to Karen wont list us but will provide our info to their customers. follow up in 3 months she will recommend us but wont list,EnquiryDraft,2025-11-04 11:58:32.670,,
3132,INQ1022735,Welch Foods Inc.,2025-11-11 00:00:00.000,11.4 Left vm  Karen Arsenault Customer Account Associate 978-372-3780 sent email,EnquiryDraft,2025-11-04 13:59:45.990,,
921,INQ1018693,CORPORATE AUCTION GROUP,2025-11-11 00:00:00.000,11/5/2025 Jasmine in meeting will have her reach back Samatha,EnquiryDraft,2025-11-05 10:21:38.423,,
2930,INQ1022338,Furrow Auction Company,2025-11-11 00:00:00.000,11/5/2025 Marianne not in today email marianne@furrow.com,EnquiryDraft,2025-11-05 10:59:19.183,,
2931,INQ1022339,GA Group,2025-11-11 00:00:00.000,11/5/2025 got vm lm,EnquiryDraft,2025-11-05 11:44:44.793,,
543,INQ1016994,CORPORATE ASSETS INC.,2025-11-11 00:00:00.000,11/5/2025 lm Barbara Holworth Marketing Dept,EnquiryDraft,2025-11-05 11:47:51.370,,
2903,INQ1022248,AARON INDUSTRIAL SOLUTIONS,2025-11-11 00:00:00.000,11/5/2025 receptionist transferred me to Ed vm lm,EnquiryDraft,2025-11-05 11:56:36.290,,
556,INQ1017007,HOLLAND INDUSTRIAL GROUP,2025-11-11 00:00:00.000,11/5/2025 hasnt had a chance to speak to boss Alex about it resend email- has Terrie info he used to work with her at Maynards  no auctions next week so will have time to speak wi Alex,EnquiryDraft,2025-11-05 12:11:17.910,,
3134,INQ1022755,Dominican Island Oil Corp,2025-11-27 00:00:00.000,"""CONTACT PERSON NAME IS Denis Nunez 809-565-7756 Ext. 278.
UPDATED BY ASHAR ON 1/17/24""",EnquiryDraft,2025-11-05 13:22:44.123,,
1181,INQ1019393,SIGMA Auction,2025-11-11 00:00:00.000,11/5/2025 No answer,EnquiryDraft,2025-11-05 13:23:36.377,,
632,INQ1017117,SCHNEIDER INDUSTRIES,2025-11-11 00:00:00.000,11/5/2025 lm Josh vm,EnquiryDraft,2025-11-05 13:32:47.290,,
713,INQ1017475,MACHINERY NETWORK,2025-11-11 00:00:00.000,11/5/2025 Riggers handle it not interested dont want to deal with insurance txt him info and he will reach out if they need help in any other areas - can we do rigging too,EnquiryDraft,2025-11-05 14:18:06.573,,
657,INQ1017156,"THOMPSON AUCTIONEERS,INC.",2025-11-12 00:00:00.000,11/6/2025Joanne Bryan not in send her an email with info and she will discuss and get back to me  jstevens@thompsonauctioneers.com,EnquiryDraft,2025-11-06 11:17:09.837,,
2951,INQ1022359,Yellow Tag Auctions LLC,2025-11-12 00:00:00.000,11/6/2025 Terri submitted to auctioneer he wasnt interested they dont advertise logisitcs host own website but through bidspotter showed her site she will readdress it with them,EnquiryDraft,2025-11-06 11:30:46.747,,
1457,INQ1019698,Thomas Industries,2025-11-12 00:00:00.000,11/6/2025 Tom Jr x5 lm checking not interested in 3% would rather gie it back to his customers he has auction today so cant speak  resend email sent email with info and follow up next week,EnquiryDraft,2025-11-06 12:09:07.480,,
3042,INQ60115,"Fastline Auction, LLC",2025-11-12 00:00:00.000,11/6/2025 Terry recommended I reach out to Bobby he makes all decisions LM general auction vm sent email to Bobby,EnquiryDraft,2025-11-06 13:01:24.340,,
2933,INQ1022341,HARRIS AUCTIONS,2025-12-02 00:00:00.000,11/6/2025 Sherry she will ask team and will call back if interested not very hopefull,EnquiryDraft,2025-11-06 13:15:44.443,,
2979,INQ1022391,GD Auctions & Appraisals,2026-02-02 00:00:00.000,send info to Taylor at Info@gdauction she will provide names to clients if they need services will add us to the list but dont publish it on auctions or web site,EnquiryDraft,2025-11-06 13:58:46.613,,
1068,INQ1019197,"Dunkel Bros Machinery Moving, An MEI Company",2025-11-12 00:00:00.000,11/6/2025 spoke with Meliani resend message it and she will follow up with team,EnquiryDraft,2025-11-06 14:18:51.587,,
2284,INQ1020813,EQUIPT,2025-11-12 00:00:00.000,"11/5/2025 Spoke with Karlina Tim is on vacation this week and due back next week. WIll follow up wed 
10.28 lm Tim",EnquiryDraft,2025-11-06 16:05:50.487,,
1061,INQ1019173,Utech CNC,2025-11-13 00:00:00.000,11.6 LM James Rawl,EnquiryDraft,2025-11-06 16:15:25.897,,
3008,INQ1022443,Farrel Corporation,2025-11-13 00:00:00.000,Lm Brian vm,EnquiryDraft,2025-11-06 16:20:04.010,,
1195,INQ1019407,"Bartell Machinery Systems, L.L.C.",2025-11-13 00:00:00.000,11/6/2025 LM VM,EnquiryDraft,2025-11-06 16:21:17.313,,
1099,INQ1019304,Affordable Erecting,2025-11-13 00:00:00.000,11/6/2025 LM Tracy vm 262 993 1223,EnquiryDraft,2025-11-06 16:23:40.377,,
2017,INQ1020402,CopEx Inc,2025-11-13 00:00:00.000,11/6/2025 Sara receptionist - Don said to speak w  Frank Cohen does overseas uses Panda and SDL chinese containers does on trucking domestically  No bookings for NC - Used us in past,EnquiryDraft,2025-11-06 16:33:07.863,,
563,INQ1017016,JOESEPH FINN CO,2025-11-21 00:00:00.000,"11.6 VM lm Matthew 
10.27 Super busy reconsider towards end of month 11/6 resend email
10.14.25Spoke w Matt been busy and hasn’t had time to review the email call back next week 10.6 Tim Duffy at Bormann Brothers at tim@bormann.us or 603-391-5012/ For Appointments Contact Auctioneer’s Office at 617-964-1886
or Matthew@josephfinn.com spoke with Matt send information to info@josephfinn.com""",EnquiryDraft,2025-11-06 16:39:10.073,,
2982,INQ1022394,Loeb Auctioneers,2025-11-14 00:00:00.000,11/7/2025 Michele not in today lm vm,EnquiryDraft,2025-11-07 09:26:44.247,,
1006,INQ1018935,CINCINNATI INDUSTRIAL AUCTIONEERS,2025-11-14 00:00:00.000,"11/7/2025 Spoke w Kristan Joe running auction today resend email follow up next week
10.31 got email sent to effjr@cia-industrial.com joe@cia-industrial.com follow up with them. they are both out of office today",EnquiryDraft,2025-11-07 09:57:53.257,,
2981,INQ1022393,KD Auctions,2025-11-14 00:00:00.000,11/7/2025 Jill forward to Jeff and Aaron send another email will meet with them this afternoon,EnquiryDraft,2025-11-07 10:04:11.497,,
2983,INQ1022395,M & M Auctions,2025-11-14 00:00:00.000,11/7/2025 Brett is out of office back monday at bachelor party this weekend resend email and check in next week,EnquiryDraft,2025-11-07 10:14:43.220,,
2972,INQ1022384,"Bid Equip, LLC",2025-11-14 00:00:00.000,11/7/2025 Tiffany not availble receptionist will let her know I called resend checkin email,EnquiryDraft,2025-11-07 10:26:11.007,,
2950,INQ1022358,Tradewest Asset Solutions Inc.,2025-11-14 00:00:00.000,11/7/2025 mtardiel@tradewestsales.com send info,EnquiryDraft,2025-11-07 11:33:19.760,,
667,INQ1017226,REVELATION MACHINERY,2025-11-14 00:00:00.000,11/7/2025 Spoke with Brenda David in meeting she will give him my info and have him call me back wont give his direct number,EnquiryDraft,2025-11-07 11:39:19.323,,
518,INQ1016938,AFFORDABLE MACHINERY,2025-11-14 00:00:00.000,11/7/2025 Ernesto took info will have someone call me back sell machinery,EnquiryDraft,2025-11-07 12:15:48.060,,
2507,INQ1021197,SAS GLOBAL CORPORATION,2025-11-14 00:00:00.000,"10.7  lm Brendan resent checkin email
10.29 Mark Cudini or Brendan Moran",EnquiryDraft,2025-11-07 12:33:05.983,,
667,INQ1017226,REVELATION MACHINERY,2025-11-07 00:00:00.000,"Hi David,

It’s a pleasure to connect with you. I called today and left a message for you. Let me know what day/time you are available for a quick call.
Best Regards,Steve",EnquiryDraft,2025-11-07 13:37:42.833,,
667,INQ1017226,REVELATION MACHINERY,2025-11-07 00:00:00.000,"Hi David,

Thank you for your email.

As you know, we've been handling machines and other items shipments from your auctions. Last year, in coordination with Jay, we extended comprehensive logistics services to all your auction buyers. This was part of our revenue-sharing partnership program, which we’d love to explore further with you.

Our VP of Sales has been trying to connect with you regarding this opportunity. I’ve looped in Steve here so he can follow up directly and provide more details.",EnquiryDraft,2025-11-07 13:38:09.943,,
667,INQ1017226,REVELATION MACHINERY,2025-11-07 00:00:00.000,"Hello, 

Someone from this company ""Miami Global Lines"" is calling us and asking to speak with me. They said I have been working with Hamid? Please email me as I will be in meetings and on the phone for the rest of the day. 

On Thu, Nov 2, 2023 at 9:58?AM David Marban <dmarban@revelationmachinery.com> wrote:
Thanks everyone!",EnquiryDraft,2025-11-07 13:38:25.490,,
710,INQ1017402,ALL PRO MACHINERY MOVERS,2025-11-14 00:00:00.000,11/7/2025 Person who works with Jason is not available now Ms Wooley  -Chrissy will follow up w her and get back with me,EnquiryDraft,2025-11-07 13:52:46.570,,
2796,INQ1021994,AllSurplus,2025-11-14 00:00:00.000,11/7/2025Lm general mailbox have preferred shipper list on website https://www.allsurplus.com/en/asset/86/23845,EnquiryDraft,2025-11-07 15:35:59.477,,
2796,INQ1021994,AllSurplus,2025-11-14 00:00:00.000,customerservice@govdeals.com,EnquiryDraft,2025-11-07 15:37:49.777,,
2941,INQ1022349,"K & L Liquidations and Sales, LLC",2025-11-17 00:00:00.000,11/10/2025 Luis has department bring stuff back and ship it out he will review and is interested he said it’s a win win!,EnquiryDraft,2025-11-11 07:14:58.907,,
2980,INQ1022392,INVESTMENT RECOVERY SERVICES,2025-12-03 00:00:00.000,11.10 lm trevor vm,EnquiryDraft,2025-11-11 07:15:45.963,,
1741,INQ1020089,MACHINE TOOL BIDS,2025-11-17 00:00:00.000,11.10 Victoria on ac all lm with receptionsit,EnquiryDraft,2025-11-11 07:16:28.540,,
2987,INQ1022399,Motleys Industrial,2025-12-08 00:00:00.000,11.10 Alexis Bill not in office she has left him messages follow up 1st wk december,EnquiryDraft,2025-11-11 07:17:07.887,,
2989,INQ1022401,Power Drive Supply,2025-12-03 00:00:00.000,11.10 LM Jerry,EnquiryDraft,2025-11-11 07:19:08.603,,
2986,INQ1022398,Meadoworks,2025-12-08 00:00:00.000,11.10 Jeff hasn’t had time to review it with his team give him 2 weeks and follow up 12.8,EnquiryDraft,2025-11-11 07:19:50.320,,
1100,INQ1019307,Able Machinery Movers,2025-11-17 00:00:00.000,11.10 LM VM,EnquiryDraft,2025-11-11 07:47:08.470,,
2933,INQ1022341,HARRIS AUCTIONS,2025-12-09 00:00:00.000,Follow up in december - not interested,EnquiryDraft,2025-11-11 08:05:12.203,,
2992,INQ1022404,SITE Auction Services,2025-11-17 00:00:00.000,11/10/2025 dropped call tried back couldn’t reach anyone or vm phone line issues,EnquiryDraft,2025-11-11 08:06:08.947,,
2948,INQ1022356,Silicon Valley Auction Service,2025-11-17 00:00:00.000,11.10  LM ED Garcia,EnquiryDraft,2025-11-11 08:06:50.520,,
2946,INQ1022354,Resell CNC,2025-11-17 00:00:00.000,"11/3/2025 Spoke with Jessica didnt recieve email resent follow up next week
11/3/2025 Spoke with Jessica didnt recieve email resent follow up next week",EnquiryDraft,2025-11-11 08:25:56.120,,
1104,INQ1019315,AMCbid,2025-11-17 00:00:00.000,11.10 Shannon answering service too many calls this am so overflow to service she will have office call me office opens at 9,EnquiryDraft,2025-11-11 08:29:10.233,,
1086,INQ1019267,ARCO MACHINERY MOVERS,2025-11-17 00:00:00.000,11.10 Spoke with lanie send info to accounting@arcomachine.com,EnquiryDraft,2025-11-11 08:30:15.747,,
971,INQ1018822,ARON INDUSTRIAL SOLUTIONS,2025-11-17 00:00:00.000,11.10 send info will run up flagpole austin@aaronauctions.com,EnquiryDraft,2025-11-11 08:35:59.877,,
534,INQ1016981,ASSET SALES,2025-11-17 00:00:00.000,11.10 lm general vm but said advertising person send email,EnquiryDraft,2025-11-11 09:08:58.660,,
538,INQ1016988,BLACK STAR AUCTIONS,2025-11-17 00:00:00.000,11.10 lm general mailbox got a txt message from them and replied with info on sepatra send email,EnquiryDraft,2025-11-11 09:11:05.727,,
571,INQ1017028,C.A.S. RIGGING,2025-11-17 00:00:00.000,11.10 lm vm send email,EnquiryDraft,2025-11-11 09:11:48.900,,
812,INQ1018551,CHUMBLEY ENTERPRISES,2025-11-17 00:00:00.000,11.10 lm sent email,EnquiryDraft,2025-11-11 09:29:11.293,,
620,INQ1017101,CLOVER MACHINERY MOVERS,2025-11-17 00:00:00.000,11.10 lm,EnquiryDraft,2025-11-11 09:33:57.007,,
542,INQ1016993,CLT AUCTIONS,2025-11-17 00:00:00.000,11.10 Valerie -Send info to logistics@cltauction.com Paul handles,EnquiryDraft,2025-11-11 09:36:22.313,,
616,INQ1017095,"Consolidated Machinery Movers, Inc.",2025-11-17 00:00:00.000,11.10 send info to estimators cmm@machinerymovers.com,EnquiryDraft,2025-11-11 09:37:21.370,,
573,INQ1017030,CP Millwright Fabrication,2025-11-17 00:00:00.000,11.10 LM VM no email address cant find website,EnquiryDraft,2025-11-11 09:38:08.837,,
2969,INQ1022381,"Ashman Company Auctioneers & Appraisers, Inc",2025-12-02 00:00:00.000,11.11 lm vm,EnquiryDraft,2025-11-11 11:12:48.027,,
3090,INQ1022647,AuctionReady,2025-12-02 00:00:00.000,"11.11 LM VM	
11/5/2025 LM resend email	
10.31  LM David   -  Hamid emailed David to connect us with Auction houses and Millwright /Packers",EnquiryDraft,2025-11-11 11:22:29.420,,
921,INQ1018693,CORPORATE AUCTION GROUP,2025-12-03 00:00:00.000,11.11 havent set anything up yet only have one more auction follow up next month,EnquiryDraft,2025-11-11 11:32:12.947,,
2930,INQ1022338,Furrow Auction Company,2026-02-10 00:00:00.000,11.11 Marianne no need for use local guy send info will keep on file most business within state  resent contact info and email follow up in 3 months,EnquiryDraft,2025-11-11 11:48:51.760,,
2931,INQ1022339,GA Group,2025-12-02 00:00:00.000,11.11 Lm Paul vm,EnquiryDraft,2025-11-11 13:51:34.477,,
543,INQ1016994,CORPORATE ASSETS INC.,2025-12-03 00:00:00.000,11.11 Barb lm vm marketing dept,EnquiryDraft,2025-11-11 13:54:32.183,,
2903,INQ1022248,AARON INDUSTRIAL SOLUTIONS,2025-12-03 00:00:00.000,11/11/2025 lm vm called a few times on hold,EnquiryDraft,2025-11-11 14:13:47.657,,
556,INQ1017007,HOLLAND INDUSTRIAL GROUP,2025-11-18 00:00:00.000,11.11 follow up next week,EnquiryDraft,2025-11-11 14:18:35.323,,
1181,INQ1019393,SIGMA Auction,2025-12-03 00:00:00.000,11/11/2025 Trace is not in today wcb,EnquiryDraft,2025-11-11 14:21:25.083,,
629,INQ1017114,PROXIO GROUP,2025-11-18 00:00:00.000,11/11/2025 lm vm called a few times on hold 11/5/2025 Got VM LM Howard,EnquiryDraft,2025-11-11 14:29:49.840,,
2982,INQ1022394,Loeb Auctioneers,2026-01-06 00:00:00.000,"11.12 Michelle sent email reply and is interested in hearing more but would like me to reach out after january. Steve, 

Please reach out to us after the first of the year.  We are interested in hearing more about your proposal.

Thanks so much,
Michelle


Michelle Chappell
Operations Coordinator
Loeb	 	773-496-5722 (Direct/Mobile)
michellec@loebequipment.com
loebequipment.com

	

Your Trusted Resource for Equipment Solutions Since 1880",EnquiryDraft,2025-11-12 08:12:05.143,,
1461,INQ1019702,A.J. Willner Auctions,2025-12-03 00:00:00.000,11.12 Harry vm is full and cannot accept messages resend email catch up,EnquiryDraft,2025-11-12 10:23:00.987,,
632,INQ1017117,SCHNEIDER INDUSTRIES,2025-11-19 00:00:00.000,1.12 Spoke with Josh he reviewed email and is on board. He will send me a link once he has our info on Bidspotter,EnquiryDraft,2025-11-12 11:28:11.950,,
3140,INQ1022793,CNC Machines,2026-05-12 00:00:00.000,"11.12 They have an inhouse shipping company so no need they are employees of the company ok touch base in 6 months 
11/6/2025 Martin no longer there spoke with Danile he will forward it to team 
10.28 x 194 lm 10.27 sent email",EnquiryDraft,2025-11-12 11:40:16.357,,
657,INQ1017156,"THOMPSON AUCTIONEERS,INC.",2025-11-19 00:00:00.000,11/12/2025 Dorothy Bryan not in Dorothy heard about the program will check with Dorothy,EnquiryDraft,2025-11-12 13:23:10.980,,
2951,INQ1022359,Yellow Tag Auctions LLC,2025-12-03 00:00:00.000,11/12/2025 Terri has not had time to speak to auction team follow up 1st week december,EnquiryDraft,2025-11-12 13:30:47.900,,
1457,INQ1019698,Thomas Industries,2025-12-03 00:00:00.000,11/12/2025 Tom Jr lm vm,EnquiryDraft,2025-11-12 13:33:21.880,,
3042,INQ60115,"Fastline Auction, LLC",2025-12-03 00:00:00.000,11/12/2025 no one available lm Bobby,EnquiryDraft,2025-11-12 13:36:50.737,,
1068,INQ1019197,"Dunkel Bros Machinery Moving, An MEI Company",2025-12-03 00:00:00.000,11/12/2025 forward to manager and hasnt heard back she will follow back up with him and get back to me,EnquiryDraft,2025-11-12 13:56:10.520,,
2284,INQ1020813,EQUIPT,2025-11-19 00:00:00.000,11/12/2025 Tim spoke with someone the challenge is tracking tim@equipt.com send cloud solution to him follow up next week,EnquiryDraft,2025-11-12 14:00:34.573,,
1195,INQ1019407,"Bartell Machinery Systems, L.L.C.",2025-12-03 00:00:00.000,11/13/2025 cant connect with anyone it just puts me in que with music playing rent email checking in,EnquiryDraft,2025-11-13 10:58:26.447,,
3142,INQ1022803,Highland Industries,2026-05-13 00:00:00.000,"11/13/2025 Helen all set have shippers in place and not interested
11/6/2025 LM 
10/30/2025 In a meeting  sales manager handles transportation lm
10.24 we quoted a job but didn’t get it Hamid contact as corp customer sent email",EnquiryDraft,2025-11-13 11:24:44.503,,
1061,INQ1019173,Utech CNC,2026-01-13 00:00:00.000,11/13/2025 James has 3 options that they use 7 years jamesw@utechcnc.com Asked if we do cnc machines i said yes and told him about auction program he then said send me your info and he will reach out,EnquiryDraft,2025-11-13 11:44:17.710,,
3008,INQ1022443,Farrel Corporation,2025-11-14 00:00:00.000,11/13/2025 Biran not the guy but try reaching out to Shipping supervisor matt 203-736-5508 / his boss   jairol 203-736-5548 they have freight forwarders they work with but they may be open to explore others,EnquiryDraft,2025-11-13 12:44:16.820,,
1099,INQ1019304,Affordable Erecting,2025-12-03 00:00:00.000,11/13/2025 lm tracy,EnquiryDraft,2025-11-13 14:39:51.650,,
2017,INQ1020402,CopEx Inc,2026-01-13 00:00:00.000,11/13/2025 Frank got email has email customers have set people and carriers to use same crowd,EnquiryDraft,2025-11-13 14:41:26.477,,
2968,INQ1022380,American Auctioneers Group,2026-05-13 00:00:00.000,11/13/2025 Alicia they dont recommend or do referrals not interested,EnquiryDraft,2025-11-13 15:22:41.170,,
2149,INQ1020572,AMERICAN RIGGING,2025-11-20 00:00:00.000,11/13/2025 LM VM Bill and sent email,EnquiryDraft,2025-11-13 16:33:20.520,,
533,INQ1016980,ARIZONA AUCTIONERS,2026-04-16 00:00:00.000,11./13/2025Dont list on website taylore@arizonaauctioneers.com maybe get 3 requests most customers have shippers,EnquiryDraft,2025-11-13 17:16:34.920,,
1181,INQ1019393,SIGMA Auction,2025-12-03 00:00:00.000,11.12.25 Trace returned my call. He will follow up with hsi logistics people and get back to me,EnquiryDraft,2025-11-14 07:02:32.350,,
704,INQ1017385,BIDEQUIP LLC,2025-12-03 00:00:00.000,11/14/2025 Tiffany is not in today receptionsit will give her a written message she also suggested i email her so will resend email catch up,EnquiryDraft,2025-11-14 09:02:28.003,,
570,INQ1017026,C & C MILLWRIGHT MAINATAINANCE,2026-05-13 00:00:00.000,11/14/2025 referred by revelation they dont ship and has a sister trucking company no need only do local,EnquiryDraft,2025-11-14 09:10:04.150,,
574,INQ1017032,CRITTENDEN MILLWRIGHT & FABRICATION,2026-05-14 00:00:00.000,"11/14/2025 He has a person who he has been working with who is his buddy not interested 
follow up 6 months",EnquiryDraft,2025-11-14 10:04:37.687,,
608,INQ1017085,CUSTOM MACHINE & TOLL LLC,2025-11-21 00:00:00.000,11/14/2025 LM vm shipping sent general email,EnquiryDraft,2025-11-14 10:29:21.580,,
1115,INQ1019326,DALRYMPLE RIGGING AND TRANSPORT INC,2025-11-21 00:00:00.000,11/14/2025 MEI Industrial Solutions LM VM sent email to wade,EnquiryDraft,2025-11-14 10:59:35.973,,
2794,INQ1021992,Dayton Tractor & Crane Co.,2025-11-21 00:00:00.000,11/14/2025 LM Ryan send email,EnquiryDraft,2025-11-14 11:03:58.680,,
1191,INQ1019403,DEVINO TRUCKS AND PARTS,2025-12-03 00:00:00.000,11/14/2025 shipping trucks and equipments alot to miami mad190@aol.com  send info wanted to know price for a container to miami from NJ,EnquiryDraft,2025-11-14 11:37:23.173,,
519,INQ1016946,ENGINEER FIRE,2025-11-21 00:00:00.000,11/14/2025 lm vm sent email,EnquiryDraft,2025-11-14 14:34:55.870,,
609,INQ1017086,ENGINEERED TRANSPORT INTL (Heil),2025-11-21 00:00:00.000,11.14 lm vm shipping and sent email,EnquiryDraft,2025-11-14 14:46:16.103,,
2452,INQ1021090,SOS  Services,2025-11-17 00:00:00.000,Test1,EnquiryDraft,2025-11-16 00:23:04.680,,
3145,INQ1022817,SOS  Services,2025-11-17 00:00:00.000,Test2,EnquiryDraft,2025-11-16 00:23:48.203,,
3146,INQ1022818,SOS  Services,2025-11-18 00:00:00.000,test,EnquiryDraft,2025-11-16 00:24:48.973,,
3147,INQ1022819,SOS  Services,2025-11-17 00:00:00.000,test,EnquiryDraft,2025-11-16 00:25:14.953,,
3148,INQ1022820,SOS  Services,2025-11-25 00:00:00.000,test,EnquiryDraft,2025-11-16 00:25:52.900,,
3149,INQ1022821,SOS  Services,2025-11-17 00:00:00.000,test,EnquiryDraft,2025-11-16 00:26:24.423,,
3150,INQ1022822,SOS  Services,2025-11-19 00:00:00.000,test,EnquiryDraft,2025-11-16 00:26:52.010,,
3008,INQ1022443,Farrel Corporation,2025-11-21 00:00:00.000,11.17 lm matt vm,EnquiryDraft,2025-11-17 09:28:37.120,,
1006,INQ1018935,CINCINNATI INDUSTRIAL AUCTIONEERS,2026-05-18 00:00:00.000,11.17.2025 Joe not something they do- they typically want people on site -  follow up 6 months,EnquiryDraft,2025-11-17 09:41:40.207,,
2946,INQ1022354,Resell CNC,2025-12-03 00:00:00.000,11.17.25 LM Jessica status of adding us to recommended freight broker list,EnquiryDraft,2025-11-17 09:58:28.157,,
2796,INQ1021994,AllSurplus,2025-12-03 00:00:00.000,11/17/2025 Samara send in request to email me no one to speak to have to wait till they reach out from email - resent email,EnquiryDraft,2025-11-17 10:14:06.607,,
1104,INQ1019315,AMCbid,2025-12-03 00:00:00.000,11/17/2025 spoke to receptionsit Lynn took down my info and i also resent email,EnquiryDraft,2025-11-17 10:26:12.250,,
534,INQ1016981,ASSET SALES,2025-12-03 00:00:00.000,11/17/2025 Wendy lm resnd email,EnquiryDraft,2025-11-17 10:56:57.263,,
571,INQ1017028,C.A.S. RIGGING,2025-12-03 00:00:00.000,11/17/2025 lm Roland resend email,EnquiryDraft,2025-11-17 11:01:41.473,,
542,INQ1016993,CLT AUCTIONS,2025-12-03 00:00:00.000,11/17/2025 Valerie Paul in middle of an inspection they have companies they have worked with so he may not be interested,EnquiryDraft,2025-11-17 11:30:46.663,,
616,INQ1017095,"Consolidated Machinery Movers, Inc.",2025-12-03 00:00:00.000,11/17/2025 Bill send email freight forwarder in topic . They do recommend shippers when customer requests.,EnquiryDraft,2025-11-17 11:47:28.990,,
573,INQ1017030,CP Millwright Fabrication,2025-12-03 00:00:00.000,11/17/2025 lm no other contact info so lm again,EnquiryDraft,2025-11-17 11:51:23.180,,
2970,INQ1022382,Asset Management 360,2025-12-03 00:00:00.000,11/17/2025 lm Randy sent email,EnquiryDraft,2025-11-17 17:25:09.197,,
536,INQ1016986,BIDADOO AUCTIONS,2025-12-03 00:00:00.000,11/17/2025 Spoke to Al the logistics manager - Issac is on vacation send email follow up,EnquiryDraft,2025-11-17 17:26:36.150,,
556,INQ1017007,HOLLAND INDUSTRIAL GROUP,2025-12-03 00:00:00.000,12/3/2025Spoke with Shawn he hasnt had a chance to connect with Terri but is very interested in program follow up first week dec,EnquiryDraft,2025-11-18 10:40:45.453,,
629,INQ1017114,PROXIO GROUP,2025-12-03 00:00:00.000,11.18 lm Howard vm,EnquiryDraft,2025-11-18 11:08:22.497,,
3157,INQ60126,Sego Industrial Services,2025-11-20 00:00:00.000,Sean does rigging for Integra Auctions working with us on job HH introduced us and meeting today between 4-5 discuss Sepatra,EnquiryDraft,2025-11-20 09:47:22.200,,
3129,INQ1022731,Fornazor,2026-02-02 00:00:00.000,Not Interested Follow up,EnquiryDraft,2025-11-20 15:51:18.910,,
3132,INQ1022735,Welch Foods Inc.,2025-12-03 00:00:00.000,Karen lm vm,EnquiryDraft,2025-11-20 15:58:03.527,,
3124,INQ1022720,Checkmate Rigging Inc,2025-12-11 00:00:00.000,Spoke w Casey sounds good will speak to bookkeeper about posting our info info@checkmaterigging.com,EnquiryDraft,2025-11-20 16:09:07.390,,
3159,INQ1022867,Enlivened Tech,2025-12-03 00:00:00.000,Left message for Michael,EnquiryDraft,2025-11-20 17:37:23.990,,
1100,INQ1019307,Able Machinery Movers,2025-12-03 00:00:00.000,Lm Hector VM,EnquiryDraft,2025-11-21 12:49:31.080,,
657,INQ1017156,"THOMPSON AUCTIONEERS,INC.",2025-12-03 00:00:00.000,Dorothy is out call back in a week not sure what she found out,EnquiryDraft,2025-11-21 12:52:54.180,,
540,INQ1016991,CAPITOL RECOVERY GROUP,2025-12-26 00:00:00.000,"10.29 Shiro got email has quote for shipping to canada will fill out quote form and submit
10.23 spoke w Gary - Caolina Piping Rigger auction in loisiana rigger info shiro carolina piping and rigging 763-548-4735 ref by gary  shiro@cpiping.com",EnquiryDraft,2025-11-21 12:56:11.053,,
540,INQ1016991,CAPITOL RECOVERY GROUP,2025-12-26 00:00:00.000,"10.29 Shiro got email has quote for shipping to canada will fill out quote form and submit
10.23 spoke w Gary - Caolina Piping Rigger auction in loisiana rigger info shiro carolina piping and rigging 763-548-4735 ref by gary  shiro@cpiping.com",EnquiryDraft,2025-11-21 12:56:11.123,,
3025,INQ1022506,"Capital Recovery Group, LLC",2025-12-12 00:00:00.000,11.21 Spoke to Shiro 763-548-4735 she has no major shipping now - probably after the holdiays she will be in Louisiana,EnquiryDraft,2025-11-21 13:06:58.803,,
2935,INQ1022343,"HYPERAMS, LLC",2025-12-05 00:00:00.000,Steve is off for holidays- hasnt forgot about me follow up dec,EnquiryDraft,2025-11-21 13:10:40.757,,
3008,INQ1022443,Farrel Corporation,2025-12-05 00:00:00.000,No answer LM Matt vm,EnquiryDraft,2025-11-21 13:13:00.597,,
2940,INQ1022348,"Joseph Finn Co., Inc.",2025-12-05 00:00:00.000,lm Mathew,EnquiryDraft,2025-11-21 13:16:09.260,,
2982,INQ1022394,Loeb Auctioneers,2026-01-09 00:00:00.000,Reach out after Jan 2026 Interested but no time now,EnquiryDraft,2025-11-21 13:19:26.840,,
2981,INQ1022393,KD Auctions,2025-12-05 00:00:00.000,spoke to jill she presented  program to Jeff and Aaron but they have been busy w auctions follow up after thanksgiving,EnquiryDraft,2025-11-21 13:32:14.930,,
662,INQ1017221,HERITAGE GLOBAL PARTNERS,2025-12-05 00:00:00.000,LM Alex,EnquiryDraft,2025-11-21 13:35:28.263,,
2992,INQ1022404,SITE Auction Services,2025-12-05 00:00:00.000,11/18/2025 Spoke to Kira she wil create a tab to list us as a preferred will add us on website resent email with what to post- owner not confortable posting on action site,EnquiryDraft,2025-11-21 13:39:51.677,,
2948,INQ1022356,Silicon Valley Auction Service,2025-12-05 00:00:00.000,got vm lm Ed,EnquiryDraft,2025-11-21 13:43:26.573,,
2950,INQ1022358,Tradewest Asset Solutions Inc.,2025-12-05 00:00:00.000,Got Vm LM Matt,EnquiryDraft,2025-11-21 13:45:22.593,,
667,INQ1017226,REVELATION MACHINERY,2025-12-05 00:00:00.000,618-221-5218 lm  David,EnquiryDraft,2025-11-21 13:48:34.937,,
518,INQ1016938,AFFORDABLE MACHINERY,2026-05-15 00:00:00.000,Spoke to receptionist  remove them from list not interested,EnquiryDraft,2025-11-21 13:54:38.010,,
3164,INQ1022878,"G-2000, Inc.",2025-12-05 00:00:00.000,Spoke to Dan alot of people out so best way is to send an email to dan@g2000inc.com follow up dec,EnquiryDraft,2025-11-21 14:06:08.483,,
2507,INQ1021197,SAS GLOBAL CORPORATION,2025-12-12 00:00:00.000,Shipping and receiving Mark or Brendan LM,EnquiryDraft,2025-11-21 14:28:02.160,,
3160,INQ1022873,Global For Import And Export,2025-12-09 00:00:00.000,Lead provided by Ashar  sent general intro email asking for  teams meeting Globalph204@gmail.com,EnquiryDraft,2025-11-25 07:37:21.910,,
3178,INQ1022905,SMP Nutra or Supplement Manufacturing Partner Nutr,2025-12-09 00:00:00.000,Lead from HH sent intro email to John requesting call for collaboration,EnquiryDraft,2025-11-25 07:54:34.790,,
3182,INQ1022915,ARIKAS LOGISTICS PRIVATE LIMITED,2025-11-26 00:00:00.000,Create a new file for import under EWR2502000??,EnquiryDraft,2025-11-25 11:39:35.840,,
3045,INQ1022540,GRS Auction Services,2025-12-08 00:00:00.000,Shelly neither in heavy snow will be in later lm vm,EnquiryDraft,2025-12-01 10:14:19.390,,
710,INQ1017402,ALL PRO MACHINERY MOVERS,2026-01-12 00:00:00.000,right now not interested too much going on after jan everythings booked now,EnquiryDraft,2025-12-01 10:23:44.963,,
2149,INQ1020572,AMERICAN RIGGING,2025-12-15 00:00:00.000,got vm lm again for Bill,EnquiryDraft,2025-12-01 10:42:29.120,,
1086,INQ1019267,ARCO MACHINERY MOVERS,2025-12-15 00:00:00.000,sent to people who handle it and they havent had time to discuss it as yet follow up in 2 weeks,EnquiryDraft,2025-12-01 10:54:17.250,,
971,INQ1018822,ARON INDUSTRIAL SOLUTIONS,2025-12-15 00:00:00.000,Austin Lerner lm vm,EnquiryDraft,2025-12-01 11:02:21.280,,
538,INQ1016988,BLACK STAR AUCTIONS,2026-05-18 00:00:00.000,small company have dedicated people they work with not interested,EnquiryDraft,2025-12-01 11:14:25.950,,
812,INQ1018551,CHUMBLEY ENTERPRISES,2026-05-18 00:00:00.000,spoke to Kevin he isnt interested dont do tno more work was his comment and hung up,EnquiryDraft,2025-12-01 12:03:19.443,,
620,INQ1017101,CLOVER MACHINERY MOVERS,2025-12-15 00:00:00.000,Lm Tab vm,EnquiryDraft,2025-12-01 12:11:01.520,,
608,INQ1017085,CUSTOM MACHINE & TOLL LLC,2025-12-15 00:00:00.000,Got vm message box,EnquiryDraft,2025-12-01 12:15:14.477,,
1115,INQ1019326,DALRYMPLE RIGGING AND TRANSPORT INC,2025-12-15 00:00:00.000,MEI Industrial Solutions Wade 423-698-5577,EnquiryDraft,2025-12-01 12:18:22.210,,
1131,INQ1019342,ENGINEERED TRANSPORT INTL,2025-12-22 00:00:00.000,"LM Chris general mailbox couldnt reach anyone Athens Trailer Operations 
11/14/2025 shipping lm sent email",EnquiryDraft,2025-12-01 12:26:21.390,,
2284,INQ1020813,EQUIPT,2025-12-15 00:00:00.000,LM Tim connect answer any questions may have on tracking information i sent,EnquiryDraft,2025-12-01 12:29:57.977,,
2794,INQ1021992,Dayton Tractor & Crane Co.,2025-12-22 00:00:00.000,LM Ryan,EnquiryDraft,2025-12-01 13:59:51.550,,
519,INQ1016946,ENGINEER FIRE,2025-12-22 00:00:00.000,LM Peter,EnquiryDraft,2025-12-01 14:02:56.547,,
535,INQ1016985,AUCTIONTIME,2026-05-25 00:00:00.000,Freightstar 402-479-2138 handles all logisitcs they are owned by sandhills - every load is bid on website freighstar.com have to apply on site,EnquiryDraft,2025-12-01 14:35:12.667,,
606,INQ1017083,"Brentwood Industries, Inc.",2026-06-02 00:00:00.000,Spoke with Veanna she is from Maryland they use CH Robbins for all shipping. Send my info if anything out of norm comes up she will reach out otherwise follow up 6 months.,EnquiryDraft,2025-12-02 09:24:13.817,,
617,INQ1017097,EQUIPMENT RELOCATION SERVICES,2026-05-05 00:00:00.000,Shipping needs are convered a happy with current broker doesnt do auctions any more jrr@ersequipment.com ers@ersequipment.com                          217-428-9800,EnquiryDraft,2025-12-02 09:58:29.457,,
606,INQ1017083,"Brentwood Industries, Inc.",2026-06-02 00:00:00.000,"Deanna replierd to my email
I will let you know if we could use your help on moving anything.
Thank you, 
Deanna

 
Deanna Fiddler | Shipping Coordinator | p: 1 (304) 264-9192  |  brentwoodindustries.com",EnquiryDraft,2025-12-02 10:13:42.373,,
3264,INQ1023018,EquiptNet Inc,2025-12-17 00:00:00.000,LM 781-821-3482 sales@equipnet.com shipping & logisitcs x3,EnquiryDraft,2025-12-03 09:35:33.020,,
2487,INQ1021166,Foreman's Machinery Movers,2025-12-17 00:00:00.000,"LM VM Larry Alpizar sent email to larry, james & Susan
larry@foremansmm.com 908 – 240 – 8393
New Jersey",EnquiryDraft,2025-12-03 10:16:07.760,,
560,INQ1017013,IRON HORSE AUCTIONS,2025-12-17 00:00:00.000,Speak with Marc Marc@ironhorseauction.com,EnquiryDraft,2025-12-03 10:27:12.543,,
1147,INQ1019359,IronCo Equipment Inc,2025-12-17 00:00:00.000,Lm sent email scott@ironcousa.com,EnquiryDraft,2025-12-03 10:39:20.153,,
1150,INQ1019362,J. Supor & Son,2025-12-17 00:00:00.000,"Wayne Campell  no longer with company reach out to David  receptionsit will leave message sent email davidb@jsupor.com Business Operations (201) 299-1100,(201) 299-1100  Ext.126,
OTHER MAJOR CITIES : North Arlington,Harrison,newark""(914)|319-|-7232",EnquiryDraft,2025-12-03 10:55:06.840,,
1155,INQ1019367,"JOEY MARTIN AUCTIONEERS, LLC",2026-05-13 00:00:00.000,info@joeymartinauctioneers.com one guy who does all stuff,EnquiryDraft,2025-12-03 11:58:51.730,,
2284,INQ1020813,EQUIPT,2025-12-17 00:00:00.000,Lm for Tim,EnquiryDraft,2025-12-03 13:52:58.693,,
2941,INQ1022349,"K & L Liquidations and Sales, LLC",2025-12-18 00:00:00.000,Spoke with luis he couldnt find my number and had 2 loads for us to quote on. I resent the email to him and Katrina@kandlliquidations.com; luis@kandlliquidations.com 847-854-9913 they will sart sending us quotes,EnquiryDraft,2025-12-04 11:27:38.220,,
2980,INQ1022392,INVESTMENT RECOVERY SERVICES,2026-05-07 00:00:00.000,don't do alot of trucking their customers already have shippers resnd info and he will pass it out,EnquiryDraft,2025-12-04 11:46:16.813,,
2969,INQ1022381,"Ashman Company Auctioneers & Appraisers, Inc",2025-12-19 00:00:00.000,Lm Alejandra resent email,EnquiryDraft,2025-12-05 10:00:36.987,,
3090,INQ1022647,AuctionReady,2025-12-19 00:00:00.000,reached out to David got vm resent email for meeting time,EnquiryDraft,2025-12-05 10:13:00.273,,
1741,INQ1020089,MACHINE TOOL BIDS,2025-12-19 00:00:00.000,Victoria is on other line will give her the message - resent email as well,EnquiryDraft,2025-12-05 10:45:38.847,,
2989,INQ1022401,Power Drive Supply,2025-12-19 00:00:00.000,LM Jerry  resend email,EnquiryDraft,2025-12-05 11:24:42.233,,
3157,INQ60126,Sego Industrial Services,2025-12-19 00:00:00.000,"12.5 sent follow up email to Sean for day time to speak next week
11.26 sean sent email at airport connect next week 
11.21 emailed sean try this am
11.20 SA sent intro email sent to Sean 
meet 4-5 late pm sean emailed vendors son had scooter accident11.19 HH email to Sean",EnquiryDraft,2025-12-05 12:37:53.567,,
1457,INQ1019698,Thomas Industries,2025-12-12 00:00:00.000,11.6 email to Tom w listing info,EnquiryDraft,2025-12-05 13:01:20.090,,
1461,INQ1019702,A.J. Willner Auctions,2026-01-09 00:00:00.000,spoke to Harry at lunch with a clients says he doesnt do alot of large stuff requiring shipping. I said ill send the information to list and he is under no obligation and it will just be another value add he provides his customers - he said ok send it,EnquiryDraft,2025-12-05 13:16:48.423,,
3284,INQ1023064,The Hilliard Corporation,2025-12-11 00:00:00.000,"We picked up a freight from the below address. I spoke to Brent. He said most of his international customers appoints forwarders ex work. You may send him an intro and let him keep our contact in his file to refer customers who may asking him for recommendations and also you can ask him for domestic freight.

Brent Achey
Customer Service Mgr.
The Hilliard Corporation
100 W. 4th St, Elmira, NY 14901
Phone: 607-733-7121, ext. 201
Email: bachey@hilliardcorp.com",EnquiryDraft,2025-12-05 14:06:41.453,,
1100,INQ1019307,Able Machinery Movers,2025-12-19 00:00:00.000,"12.5.25  spoke with Tiffany Hector in a meeting will give him my message - resnt email 11.10 LM VM 	11/4/2025 Spoke with Tiffany, Hector in meeting resent email	10.27 Tiffany will leave a message for him owner Hector hector.napoleoni@meillc.com send info",EnquiryDraft,2025-12-05 14:29:27.690,,
921,INQ1018693,CORPORATE AUCTION GROUP,2026-01-09 00:00:00.000,Spoke w Jasmine no auctions right now if they have anyone who needs shipping they will recommend us. Resent email with info to post,EnquiryDraft,2025-12-05 15:39:35.650,,
2935,INQ1022343,"HYPERAMS, LLC",2025-12-22 00:00:00.000,Lm Steve Vm resend email,EnquiryDraft,2025-12-08 10:07:08.033,,
2935,INQ1022343,"HYPERAMS, LLC",2026-01-07 00:00:00.000,"Steve returned my call. Having meetings before christmas and he is pitching program to team. Follow up after 1st and reforward email with information to list and auction houses currently working with Steve knows Terry at Maynards,",EnquiryDraft,2025-12-08 10:16:16.313,,
2931,INQ1022339,GA Group,2025-12-29 00:00:00.000,Lm Paul Vm resent email,EnquiryDraft,2025-12-08 10:36:28.713,,
543,INQ1016994,CORPORATE ASSETS INC.,2025-12-29 00:00:00.000,Lm Barb sent follow up email,EnquiryDraft,2025-12-08 10:56:24.467,,
2903,INQ1022248,AARON INDUSTRIAL SOLUTIONS,2025-12-29 00:00:00.000,LM for Sam resend email Previously told i should speak with Ed Yures   but havent been successfull reaching him,EnquiryDraft,2025-12-08 11:31:36.623,,
556,INQ1017007,HOLLAND INDUSTRIAL GROUP,2025-12-17 00:00:00.000,Spoke w Shawn reached out to management - called Terri hasnt reached her yet He is interested and needs to get ok from boss call next week,EnquiryDraft,2025-12-08 13:32:36.280,,
1181,INQ1019393,SIGMA Auction,2025-12-22 00:00:00.000,lm Trace resent email trying to connect,EnquiryDraft,2025-12-08 13:44:03.773,,
629,INQ1017114,PROXIO GROUP,2025-12-29 00:00:00.000,Dont arrange freight  but will add us to their  list will put our name and info auction tomorrow resent email with contact info for quotes,EnquiryDraft,2025-12-08 14:38:16.627,,
657,INQ1017156,"THOMPSON AUCTIONEERS,INC.",2026-01-07 00:00:00.000,Joanna Dorothy cant come to phone Bryan has been on the road so she needs time with Bryan too much going on w end of year etc follow up after new year   1/12/2025 Dorothy Bryan not in dorothy heard about the program will check with Dorothy  11/6/2025Joanne Bryan notin send her an email with info and she will discuss and get back to me  jstevens@thompsonauctioneers.com  10/30/2025 LM vm Spoke to Dorothy Brian Harvey is in meeting w customers will have himm call me back ill send email as well,EnquiryDraft,2025-12-08 15:04:32.417,,
2951,INQ1022359,Yellow Tag Auctions LLC,2026-01-07 00:00:00.000,Terri is on other line left vm sent follow up email,EnquiryDraft,2025-12-08 15:09:22.757,,
1457,INQ1019698,Thomas Industries,2025-12-22 00:00:00.000,Lm VM Tom Jr.,EnquiryDraft,2025-12-08 15:15:48.623,,
3042,INQ60115,"Fastline Auction, LLC",2025-12-18 00:00:00.000,Spoke with Aaron they started a program 2 months ago where they do quoting for shipping mark it up and present it to customer had 2 people now only aaron so he is very interested send email he will review with sales director and call him back next thurs  has auction next week so busy w that,EnquiryDraft,2025-12-08 15:50:51.280,,
586,INQ1017056,PEDOWITZ MACHINERY MOVERS,2026-01-06 00:00:00.000,Reached out to Ray he is out in field in vermont send info.,EnquiryDraft,2025-12-09 09:26:39.087,,
3160,INQ1022873,Global For Import And Export,2026-01-13 00:00:00.000,sent email to Mohammed requesting teams meeting,EnquiryDraft,2025-12-09 10:08:01.540,,
3268,INQ1023033,Ironside Machinery,2025-12-16 00:00:00.000,Tim@ironsidemachinery.com send info he is interested follow up towards end of month,EnquiryDraft,2025-12-09 10:44:30.967,,
3267,INQ1023031,GLENN A WINTERNITZ LLC,2025-12-23 00:00:00.000,LM for Glenn on vm he isnt in today sent email,EnquiryDraft,2025-12-09 12:24:04.710,,
3266,INQ1023029,Westbrook Asset Management,2025-12-23 00:00:00.000,no answer or vm sent email,EnquiryDraft,2025-12-09 12:46:41.890,,
2794,INQ1021992,Dayton Tractor & Crane Co.,2025-12-24 00:00:00.000,lm vm Ryan resend email,EnquiryDraft,2025-12-10 09:56:16.030,,
2799,INQ1021997,HGR*24,2025-12-24 00:00:00.000,Lm Dan sent email,EnquiryDraft,2025-12-10 10:30:55.507,,
1741,INQ1020089,MACHINE TOOL BIDS,2025-12-22 00:00:00.000,Lm w receptionist she is in meeting will call back,EnquiryDraft,2025-12-10 12:40:45.620,,
1807,INQ1020159,MMI Direct Acutions,2025-12-24 00:00:00.000,"spoke to Olivia - CEO Kyle is person to speak with send info and she will discuss it with him. Auctions are done through sister company Machine Tool Bids 
1/2/24 New Years Greetings sent 12/13/23 Email sent re Hamid visit. CNC & Milling machines	07/22/2024 	01/09/2024	12/13/23 Email sent re Hamid visit. CNC & Milling machines. UPDATED BY ASHAR ON 1/9/24	01/09/2024",EnquiryDraft,2025-12-10 14:32:38.270,,
1741,INQ1020089,MACHINE TOOL BIDS,2025-12-24 00:00:00.000,Spoke to Olivia Kyle is CEO and person we need to speak with. He is on  jury duty. They do auctions for sister company MMI  Steve sent email and spoke to Olivia who will forward to Kyle,EnquiryDraft,2025-12-10 14:37:52.953,,
1084,INQ1019265,Perfection Global  LLC,2025-12-24 00:00:00.000,LM Jennifer vm sent email,EnquiryDraft,2025-12-10 15:35:22.770,,
633,INQ1017119,SEALS USA LIFT Division,2025-12-17 00:00:00.000,Lm general mailbox need email address.,EnquiryDraft,2025-12-11 11:11:56.903,,
641,INQ1017127,WINTERNITZ AUCTIONS,2025-12-15 00:00:00.000,Spoke with Sheldrick Holmes he has a guy listed but he was from previous person and he doesnt really have a relationship with him so open to list us he has auction next week with big machines so will try to list us before sent email,EnquiryDraft,2025-12-11 11:34:15.610,,
536,INQ1016986,BIDADOO AUCTIONS,2026-01-08 00:00:00.000,Jasmine took info issac in meeting resend email,EnquiryDraft,2025-12-11 13:06:44.273,,
845,INQ1018597,HINDLEY MACHINE TOOL SALES,2026-01-16 00:00:00.000,Spoke to Don has a guy he uses he tries not to get involved in shipping but will keep us in mind send email avoids canada and intl,EnquiryDraft,2025-12-12 09:44:52.240,,
3300,INQ1023097,Ariest Holdings LLC,2026-01-09 00:00:00.000,Spoke to Dan send info he will look it over and review it,EnquiryDraft,2025-12-12 10:21:04.737,,
641,INQ1017127,WINTERNITZ AUCTIONS,2025-12-16 00:00:00.000,Spoke to Sheldrick he was in Chicago last week and catching up - he will try to get us listed on this auction. I asked if i can stop in this week and all his team is remote he is in florida,EnquiryDraft,2025-12-15 14:03:51.160,,
3305,INQ1023102,Badger Corporation,2025-12-17 00:00:00.000,LM w receptionsit for Brenda she stepped out for hour wcb,EnquiryDraft,2025-12-16 13:47:08.563,,
726,INQ1017894,Wisconsin Metalworking Machinery Inc.,2026-01-06 00:00:00.000,12/15/25 Steve spoke w Chuck we are now MDNA Premier vendor. HH attending meeting on 18th Steve spoke to Chuck he got email from Hamid about meeting Steve sent him email about program and he will speak to Hamid on call  262-548-6080 chuck@wismet.com,EnquiryDraft,2025-12-16 13:51:16.647,,
3304,INQ1023101,"Big Red Machinery Movers, Inc.",2025-12-18 00:00:00.000,HH knows him and is planning to meet with him wk of 15th,EnquiryDraft,2025-12-16 13:54:54.970,,
3322,INQ1023145,"Gerlach Companies, Inc",2025-12-29 00:00:00.000,"Michael Gerlach will include us in gerlachco@aol.com 
certificate of insurance - he will get us added",EnquiryDraft,2025-12-16 14:52:53.830,,
667,INQ1017226,REVELATION MACHINERY,2025-12-18 00:00:00.000,Lm w receptionist David is on another line. New meber of MDNA will be in chicago for meeting on 18 want to stop in and meet she will let him know and have him call me back,EnquiryDraft,2025-12-16 15:04:23.323,,
567,INQ1017021,LIQUID ASSET PARTNERS,2025-12-23 00:00:00.000,Spoke to Giv and he will review  information he said it sounds good,EnquiryDraft,2025-12-16 16:41:34.417,,
641,INQ1017127,WINTERNITZ AUCTIONS,2025-12-18 00:00:00.000,called shawn he was not available,EnquiryDraft,2025-12-17 15:17:49.090,,
1741,INQ1020089,MACHINE TOOL BIDS,2025-12-29 00:00:00.000,"12- 11 Spoke to Kyle on he is available except 10-11 . Met with Kyle on 12-18 at location 1626 W Lake Street Chicago Il  2nd floor. 2 businesses auction which is MMI Direct and Retail machine Tools Bid. He is contact for both. They have 12 sales people who sell approx 20 machines a week. They need one poc who handles quotes (Brandon) He will list us on auctions and tell his sales guys to add us to their quote rotation, They all have their go to guys so it will bbe about response and price to win",EnquiryDraft,2025-12-22 09:12:29.470,,
1741,INQ1020089,MACHINE TOOL BIDS,2025-12-29 00:00:00.000,"Old remarks :07/22/2024	vctoria@machinetoolbids.com    11/17/2025 victoria not in yet call back at 10	11.10 Victoria on ac all  1/2/24 New Years Grettings sent 07/22/2024 03/24/1924	Allan talked with Stephenie on 2/15/24. She seems interested and gave the email id info@machinetoolbids.com for further communication. Updated by Ashar on 2/15/2024.	02/15/2
01/09/2024	1/2/24 New Years  sent. UPDATED BY ASHAR ON 1/9/24	01/09/2024",EnquiryDraft,2025-12-22 09:12:54.783,,
1807,INQ1020159,MMI Direct Acutions,2025-12-29 00:00:00.000,"12- 11 Spoke to Kyle on he is available except 10-11 . Met with Kyle on 12-18 at location 1626 W Lake Street Chicago Il 2nd floor. 2 businesses auction which is MMI Direct and Retail machine Tools Bid. He is contact for both. They have 12 sales people who sell approx 20 machines a week. They need one poc who handles quotes (Brandon) He will list us on auctions and tell his sales guys to add us to their quote rotation, They all have their go to guys so it will bbe about response and price to win",EnquiryDraft,2025-12-22 09:17:04.493,,
1807,INQ1020159,MMI Direct Acutions,2025-12-29 00:00:00.000,"Previous notes: 07/22/2024	1/2/24 New Years Grettings sent 12/13/23 Email sent re Hamid visit. CNC & Milling machines	07/22/2024
2		EnquiryDraft	EnquiryDraft	01/09/2024	12/13/23 Email sent re Hamid visit. CNC & Milling machines. UPDATED BY ASHAR ON 1/9/24	01/09/2024",EnquiryDraft,2025-12-22 09:17:57.563,,
2934,INQ1022342,Heath Industrial,2025-12-29 00:00:00.000,12.12 on conf call call back at 1030 to discuss Sepatra  Dave@heathindustrial.com    12.18 met David at MDNA event in Chicago. He asked about our ability to do international shipment sand customs will reach out to us for quotes,EnquiryDraft,2025-12-22 09:28:50.837,,
3157,INQ60126,Sego Industrial Services,2026-01-05 00:00:00.000,Lm Sean and sent follow up email,EnquiryDraft,2025-12-22 10:19:41.910,,
2934,INQ1022342,Heath Industrial,2025-12-29 00:00:00.000,Sent email nic emeeting you at MDNA event about Sepatra program to David.,EnquiryDraft,2025-12-22 10:33:54.727,,
2985,INQ1022397,Machinery Values of NJ Inc.,2026-01-19 00:00:00.000,LM FOr David he is on call introduce myself,EnquiryDraft,2025-12-22 12:38:42.493,,
3336,INQ1023178,"Barliant Auctions, Inc.",2026-01-12 00:00:00.000,They have a long standing relationship with a broker they have been using for years but i can send our info and they will keep us on record,EnquiryDraft,2025-12-22 13:52:53.363,,
3157,INQ60126,Sego Industrial Services,2026-01-06 00:00:00.000,"Sean reached out to return my calls and we had a long call with Sean from Sego Industries. He thought the program sounded great and is eager to partner with us. He supports 150–250-mile area around Chicago and Minneapolis; and can also go to Alabama and Louisiana if it makes sense. 
He asked where we might have “holes” for Riggers?

He is going to start speaking with a few clients to recommend us and asked we do same to get started.",EnquiryDraft,2025-12-23 11:20:40.180,,
579,INQ1017047,MAYNARDS AUCTIONS,2025-12-26 00:00:00.000,"12-19-25Hamid met with Terrie Schedule a call with India - She is only listing us on some auctions not all-  we will make a pool of all riggers and packers and let you know who to list so they are in your area and more cost effective - she will talk to CEO Taso was not there. Deeper cooperation - protect them from problems EIS will come about licensing Tal to Tasso CEO
He will speak to Apex as well .If they ship without license they can come back to you - we have the people and handle it all.",EnquiryDraft,2026-01-02 12:20:36.757,,
586,INQ1017056,PEDOWITZ MACHINERY MOVERS,2026-01-06 00:00:00.000,Integra uses them Carlc@pedowitz.com MDNA Chicago meeting,EnquiryDraft,2026-01-05 10:11:25.170,,
3346,INQ1023192,LOEB EQUIPMENT,2026-01-07 00:00:00.000,"12/19/25 Spoke with Michele, has interest but too much going on reach out after january",EnquiryDraft,2026-01-05 10:30:34.333,,
667,INQ1017226,REVELATION MACHINERY,2026-01-07 00:00:00.000,"12/19/2025 Tried to connect with David from Airport, Forest Park Receptionist pinged him a few times but could not reach him directly. She was not sure where he was working from so i was unable to just go there. She also was not sure who would be , if anyone, at the location as most people are remote.",EnquiryDraft,2026-01-05 10:36:17.387,,
704,INQ1017385,BIDEQUIP LLC,2026-01-06 00:00:00.000,"11/14/2025	11/7/2025 Tiffany not availble receptionist will let her know I called resend checkin email	11/07/2025
2		EnquiryDraft	EnquiryDraft	11/07/2025	10/31/2025 Spoke to tiffany her boss never got back to her on it she will follow up and get back to me	10/31/2025
3		EnquiryDraft	EnquiryDraft	10/21/2025	spoke with Tiffany send info follow up next week	10/14/2025",EnquiryDraft,2026-01-05 10:43:15.367,,
3346,INQ1023192,LOEB EQUIPMENT,2026-01-20 00:00:00.000,1/6 michele stepped away from desk Michele Chappel office adnministrator lm MDNA cooperation between companies,EnquiryDraft,2026-01-06 09:43:24.787,,
667,INQ1017226,REVELATION MACHINERY,2026-01-20 00:00:00.000,1/7 Receptionist Salmon Brett internal email overseas logistics Brett Van Wagner bvanwagoner@revelationmachinery.com,EnquiryDraft,2026-01-06 09:49:50.623,,
2945,INQ1022353,PPL Auctions LLC,2026-02-04 00:00:00.000,Spoke w Kristen has info told her we are now Premier Vendor MDNA and look forward to coorperate also have revenue sharing partnership program She will keep us in mind and look for opportunities,EnquiryDraft,2026-01-07 13:37:21.653,,
3365,INQ1023284,2 STARS BROTHERS EQUIPMENT,2026-01-19 00:00:00.000,AR SENT A FOLLOW UP EMAIL ON 1/8/26,EnquiryDraft,2026-01-08 16:57:36.673,,
856,INQ1018613,2 STARS BROTHERS EQUIPMENT,2026-01-19 00:00:00.000,AR SENT A FOLLOW UP MAIL ON 1/8/25.,EnquiryDraft,2026-01-08 17:02:11.007,,
854,INQ1018611,ABDEL ALAUSSOS,2026-01-19 00:00:00.000,AR  sent a follow up email on 1/8/26,EnquiryDraft,2026-01-08 17:12:06.440,,
1777,INQ1020127,"BOOM LOGISTICS CO., LTD",2026-01-12 00:00:00.000,"I sent a quote to my customer, I pushed it and they haven't made a decision yet, I'll get back to you soon  Thank you very much for your enthusiasm.  Mr.Marc ( DO QUANG ANH )",EnquiryDraft,2026-01-09 16:39:32.660,,
3369,INQ1023296,C&M™ Global Broker  Engineering,2026-01-15 00:00:00.000,"FIRST REVIVING MAIL SENT ON THURSDAY 16TH NOVEMBER 2023. Sure, im working with the pricing on operations coming to Argentina. (IMPO ARG).  Any request ill let you know. Please confirm the routings youre strong at so I can ask you for quotations ??. weaam replied on monday 20th november 2023. SENT NEW YEAR GREETING ON WEDNESDAY 3RD JANUARY 2023",EnquiryDraft,2026-01-12 09:08:22.760,,
3370,INQ1023297,USI freight solution,2026-01-15 00:00:00.000,FIRST REVIVING MAIL SENT ON THURSDAY 16TH NOVEMBER 2023. NEW YEAR GREETINGS SENT ON WEDNESDAY 3RD JANUARY 2023,EnquiryDraft,2026-01-12 09:14:26.300,,
638,INQ1017124,The Branford Group,2026-01-19 00:00:00.000,"met Marc at MDNA Southern meeting, gave card  he sent email that day with contact info works with pharma sent email sepatra",EnquiryDraft,2026-01-12 09:33:37.707,,
556,INQ1017007,HOLLAND INDUSTRIAL GROUP,2026-01-19 00:00:00.000,Met Alex at MDNA meeting in Miami. HH played golf with him. sent email 1-12-2026 re sepatra and follow up next week,EnquiryDraft,2026-01-12 10:28:43.843,,
3372,INQ1023299,COBRA CARGO,2026-01-15 00:00:00.000,FIRST REVIVING MAIL SENT ON THURSDAY 16TH NOVEMBER 2023. NEW YEAR GREETINGS SENT ON WEDNESDAY 3RD JANUARY 2023,EnquiryDraft,2026-01-13 13:05:10.333,,
3375,INQ1023309,CARGO PLACEMCES SERVICES AND AGENCIES PCT LTD,2026-01-15 00:00:00.000,FIRST REVIVING MAIL SENT ON THURSDAY 16TH NOVEMBER 2023. NEW YEAR GREETINGS SENT ON WEDNESDAY 3RD JANUARY 2023,EnquiryDraft,2026-01-13 14:58:09.227,,
3376,INQ1023311,Arrow Line Shipping Co.,2026-01-15 00:00:00.000,FIRST REVIVING MAIL SENT ON THURSDAY 16TH NOVEMBER 2023. NEW YEAR GREETINGS SENT ON WEDNESDAY 3RD JANUARY 2023,EnquiryDraft,2026-01-13 15:44:12.880,,
3378,INQ1023313,THREE LINE SHIPPING LLC,2026-01-15 00:00:00.000,LAST SHIPMENT COMMUNICATION WAS DONE IN THE MONTH OF JULY BY GK. CURRENTLY WEAAM IS CORRESPONDING SENT QUOTATION NRA10304,EnquiryDraft,2026-01-13 16:11:44.100,,
3379,INQ1023314,EFS LOGISTICS,2026-01-15 00:00:00.000,FIRST REVIVING MAIL SENT ON FRIDAY 17TH NOVEMBER 2023. NEW YEAR GREETING SENT ON WEDNESDAY 3RD JANUARY 2023,EnquiryDraft,2026-01-13 16:23:29.310,,
