tenant_id,franchise_id,assembly_models_name,assembly_models,aircraft_template_name,aircraft_template_id,registration,serial_number,directive_no,reference_amp,category_code,ata_code,code_form_no_and_description,last_done_on,work_order_number,notes,frequency,effective_from,current,elapsed,extension,due_at,due_at_airframe,remaining,is_applicable,directive_id,is_row_processed_success,failure_reason,processed_on
157b8d12-c115-446e-a4dc-d12077751fe2,91aa63f8-13f1-4d97-9495-50fa7818a72b,HAWKER 850XP,ef002da4-261e-411e-8142-679a1828aff8,Tmplt HAWKER 850XP,53134224-77b0-4f81-be4b-e02f4c59eae8,VT-AGP,258835,FAA AD 74-08-09 R3,,AD*,25,"FAA AD 74-08-09 R3
Air Transport Association (ATA) of America Code 25: Equipment/furnishings",20-Apr-2022,,Applicable and found complied on 20-04-2022 at 4987:35 H. Ref A/F Logbook Vol 12 Pg. No.109,1000:00 H,4987:35 H,5667:16 H,679:41 H,,5987:35 H,5987:35 H,320:19 H,,,,,
157b8d12-c115-446e-a4dc-d12077751fe2,91aa63f8-13f1-4d97-9495-50fa7818a72b,HAWKER 850XP,ef002da4-261e-411e-8142-679a1828aff8,Tmplt HAWKER 850XP,53134224-77b0-4f81-be4b-e02f4c59eae8,VT-AGP,258835,DGCA/NEW -MISC/218,FAA AD 2018-07-03,MIS,25,"DGCA/NEW -MISC/218
Joint Aircraft System Component (JASC) Code 2500, Cabin Equipment/Furnishings.",,,Not applicable as cabin attendant seats are not installed in this aircraft.,,,5667:16 H,,,,5667:16 H,,,,,,
157b8d12-c115-446e-a4dc-d12077751fe2,91aa63f8-13f1-4d97-9495-50fa7818a72b,HAWKER 850XP,ef002da4-261e-411e-8142-679a1828aff8,Tmplt HAWKER 850XP,53134224-77b0-4f81-be4b-e02f4c59eae8,VT-AGP,258835,DGCA/NEW -MISC/250,FAA AD 2022-03-15,MIS,28,"DGCA/NEW -MISC/250
Joint Aircraft System Component (JASC) Code 2841, Fuel Quantity Indicator.",,,Not Applicable by Model of Aircraft Listed in table 1 of Reference AD,,,5667:16 H,,,,5667:16 H,,,,,,
157b8d12-c115-446e-a4dc-d12077751fe2,91aa63f8-13f1-4d97-9495-50fa7818a72b,HAWKER 850XP,ef002da4-261e-411e-8142-679a1828aff8,Tmplt HAWKER 850XP,53134224-77b0-4f81-be4b-e02f4c59eae8,VT-AGP,258835,DGCA/NEW -MISC/211 R 1,FAA AD 2018-23-12,MIS,25,"DGCA/NEW -MISC/211 R 1
Air Transport Association (ATA) of America Code 25, Equipment/furnishings.",,,Not applicable by the aircraft model Hwaker 850 Xp.,,,5667:16 H,,,,5667:16 H,,,,,,
157b8d12-c115-446e-a4dc-d12077751fe2,91aa63f8-13f1-4d97-9495-50fa7818a72b,HAWKER 850XP,ef002da4-261e-411e-8142-679a1828aff8,Tmplt HAWKER 850XP,53134224-77b0-4f81-be4b-e02f4c59eae8,VT-AGP,258835,DGCA/New Misc/134,EASA AD 2011-0103,MIS,25,"DGCA/New Misc/134
Equipment / Furnishings - Emergency Locator Transmitter (ELT) Antenna - Modification / Replacement",,,Not applicable as Blade antenna is installed on the aircraft.,,,5667:16 H,,,,5667:16 H,,,,,,
157b8d12-c115-446e-a4dc-d12077751fe2,91aa63f8-13f1-4d97-9495-50fa7818a72b,HAWKER 850XP,ef002da4-261e-411e-8142-679a1828aff8,Tmplt HAWKER 850XP,53134224-77b0-4f81-be4b-e02f4c59eae8,VT-AGP,258835,DGCA/NEW -MISC/225,,MIS,34,"DGCA/NEW -MISC/225
Joint Aircraft System Component (JASC) Code 3452, ATC transponder system.",,,Not applicable as Honeywell manufactured RCZ-833 Transponder is installed in aircraft.,,,5667:16 H,,,,5667:16 H,,,,,,
157b8d12-c115-446e-a4dc-d12077751fe2,91aa63f8-13f1-4d97-9495-50fa7818a72b,HAWKER 850XP,ef002da4-261e-411e-8142-679a1828aff8,Tmplt HAWKER 850XP,53134224-77b0-4f81-be4b-e02f4c59eae8,VT-AGP,258835,DGCA/New Misc/175,FAA AD 2015-15-14,MIS,26,"DGCA/New Misc/175
Fire Protection, To detect and correct solder deposited on the frangible plug of the fire extinguisher, which could result in failure of the fire extinguisher to discharge, and consequent inability to put out a fire in an engine or in the APU",,,Not applicable as Fire Fighting enterprises manufactured fire extinguisher is installed in this aircraft.,,,5667:16 H,,,,5667:16 H,,,,,,
157b8d12-c115-446e-a4dc-d12077751fe2,91aa63f8-13f1-4d97-9495-50fa7818a72b,HAWKER 850XP,ef002da4-261e-411e-8142-679a1828aff8,Tmplt HAWKER 850XP,53134224-77b0-4f81-be4b-e02f4c59eae8,VT-AGP,258835,DGCA / HAWKER 800/ 02,FAA AD 2000-22-03,MOD,34,"DGCA / HAWKER 800/ 02
PITOT/STATIC AND STALL VENT DRAIN VALVES",,,NOT APPLICABLE BY AIRCRAFT MODEL HAWKER 850XP,,,5667:16 H,,,,5667:16 H,,,,,,
157b8d12-c115-446e-a4dc-d12077751fe2,91aa63f8-13f1-4d97-9495-50fa7818a72b,HAWKER 850XP,ef002da4-261e-411e-8142-679a1828aff8,Tmplt HAWKER 850XP,53134224-77b0-4f81-be4b-e02f4c59eae8,VT-AGP,258835,DGCA/NEW -MISC/220,FAA AD 2017-22-14,MIS,34,"DGCA/NEW -MISC/220
Joint Aircraft System Component (JASC)/Air Transport Association (ATA) of America Code 34, Navigation.",,,Not applicable as Honeywell manufactured TCAS (RT-951) is installed in aircraft.,,,5667:16 H,,,,5667:16 H,,,,,,
157b8d12-c115-446e-a4dc-d12077751fe2,91aa63f8-13f1-4d97-9495-50fa7818a72b,HAWKER 850XP,ef002da4-261e-411e-8142-679a1828aff8,Tmplt HAWKER 850XP,53134224-77b0-4f81-be4b-e02f4c59eae8,VT-AGP,258835,DGCA/New Misc/132 R1,EASA AD 2011-0090R1,MIS,35,"DGCA/New Misc/132 R1
Oxygen - Oxygen Mask Regulator Inflatable Harness - Identification / Replacement",,,Found complied with on installed Crew Oxyegn Mask P/n. MF10-03-02 and S/N. 39073 (Pilot) & SE57480 (Co-pilot). (Refer FAA 8130-3. # 297153 & 292379 Respectively),,,5667:16 H,,,,5667:16 H,,,,,,
157b8d12-c115-446e-a4dc-d12077751fe2,91aa63f8-13f1-4d97-9495-50fa7818a72b,HAWKER 850XP,ef002da4-261e-411e-8142-679a1828aff8,Tmplt HAWKER 850XP,53134224-77b0-4f81-be4b-e02f4c59eae8,VT-AGP,258835,DGCA/New Misc/161,FAA AD 2014-05-27,MIS*,34,"DGCA/New Misc/161
To correct possible misalignment issues with transponders that could result in increased pilot and air traffic controller workload as well reduced separation of Airplanes",,,"Not applicable as Honeywell manufactured RCZ 833K Mode ""S"" is installed in this aircraft.",2 Yr,16-Mar-2007,10-May-2026,6995 Dy,,16-Mar-2009,16-Mar-2009,-6264 Dy,,,,,
157b8d12-c115-446e-a4dc-d12077751fe2,91aa63f8-13f1-4d97-9495-50fa7818a72b,HAWKER 850XP,ef002da4-261e-411e-8142-679a1828aff8,Tmplt HAWKER 850XP,53134224-77b0-4f81-be4b-e02f4c59eae8,VT-AGP,258835,DGCA/NewMisc/183,EASA AD No. 2016-0210,MIS*,25,"DGCA/NewMisc/183
Equipment / Furnishings - Seat Energy Absorber Assembly - Replacement",,,Not applicable as IPECO manufactured crew seats are installed in this aircraft.,45 Dy,16-Mar-2007,10-May-2026,6995 Dy,,30-Apr-2007,30-Apr-2007,-6950 Dy,,,,,
157b8d12-c115-446e-a4dc-d12077751fe2,91aa63f8-13f1-4d97-9495-50fa7818a72b,HAWKER 850XP,ef002da4-261e-411e-8142-679a1828aff8,Tmplt HAWKER 850XP,53134224-77b0-4f81-be4b-e02f4c59eae8,VT-AGP,258835,DGCA/New Misc/97,FAA AS 2007-04-15,MIS,25,"DGCA/New Misc/97
To prevent detachment of passenger seats assemblies during emergency conditions",,,Not applicable as Decrane Aircraft Seating Company passenger seats are installed.,,,5667:16 H,,,,5667:16 H,,,,,,
157b8d12-c115-446e-a4dc-d12077751fe2,91aa63f8-13f1-4d97-9495-50fa7818a72b,HAWKER 850XP,ef002da4-261e-411e-8142-679a1828aff8,Tmplt HAWKER 850XP,53134224-77b0-4f81-be4b-e02f4c59eae8,VT-AGP,258835,DGCA/ NEW MISC/ 243,EASA AD :2021-0185 R1,MIS,26,"DGCA/ NEW MISC/ 243
Fire Protection - Hand-operated Fire Extinguishers - Inspection / Replacement",,,Not applicable as Fire Fighting Enterprises Ltd. manufactured fire extinguisher is installed in the aircraft.,,,5667:16 H,,,,5667:16 H,,,,,,
157b8d12-c115-446e-a4dc-d12077751fe2,91aa63f8-13f1-4d97-9495-50fa7818a72b,HAWKER 850XP,ef002da4-261e-411e-8142-679a1828aff8,Tmplt HAWKER 850XP,53134224-77b0-4f81-be4b-e02f4c59eae8,VT-AGP,258835,DGCA/NEW -MISC/239,FAA AD 2021-08-15,MIS,34,"DGCA/NEW -MISC/239
Joint Aircraft System Component (JASC) Code 3445, AIR COLLISION AVOIDANCE SYSTEM (TCAS).",,,Not applicable as Honeywell manufactured TCAS System is Installed.,,,5667:16 H,,,,5667:16 H,,,,,,
157b8d12-c115-446e-a4dc-d12077751fe2,91aa63f8-13f1-4d97-9495-50fa7818a72b,HAWKER 850XP,ef002da4-261e-411e-8142-679a1828aff8,Tmplt HAWKER 850XP,53134224-77b0-4f81-be4b-e02f4c59eae8,VT-AGP,258835,DGCA/NEW -MIS C/179,EASA AD 2016-0026,MIS,25,"DGCA/NEW -MIS C/179
Equipment / Furnishings - Emergency Parachute Rubber Bands - Replacement",,,Not applicable as parachutes are not installed in this aircraft.,,,5667:16 H,,,,5667:16 H,,,,,,
157b8d12-c115-446e-a4dc-d12077751fe2,91aa63f8-13f1-4d97-9495-50fa7818a72b,HAWKER 850XP,ef002da4-261e-411e-8142-679a1828aff8,Tmplt HAWKER 850XP,53134224-77b0-4f81-be4b-e02f4c59eae8,VT-AGP,258835,DGCA/New Misc/171,"FAA AD 2015-10-51,Emergency AD",MIS,34,"DGCA/New Misc/171
Navigation,to prevent such incorrect display of lateral deviations,which could result in the pilot making flight decisions that put the aircraft in unsafe flight conditions,flying into airspace that was , by the GPS approach design,to be avoided was,by the GPS approach design,to be avoided (TERRIN, OBSTACLE, TRAFFIC, RESTRICTED",,,Not applicable as Honeywell manufactured ED-800 MFD is installed in this aircraft.,,,5667:16 H,,,,5667:16 H,,,,,,
157b8d12-c115-446e-a4dc-d12077751fe2,91aa63f8-13f1-4d97-9495-50fa7818a72b,HAWKER 850XP,ef002da4-261e-411e-8142-679a1828aff8,Tmplt HAWKER 850XP,53134224-77b0-4f81-be4b-e02f4c59eae8,VT-AGP,258835,DGCA/NewMisc/101,FAA AD 2007-14-06,MIS#,34,"DGCA/NewMisc/101
Air Transport Association of America (ATA) Code 34: Navigation.",,,Not applicable as TCAS 2000 installed.,,,5667:16 H,,,,5667:16 H,,,,,,
157b8d12-c115-446e-a4dc-d12077751fe2,91aa63f8-13f1-4d97-9495-50fa7818a72b,HAWKER 850XP,ef002da4-261e-411e-8142-679a1828aff8,Tmplt HAWKER 850XP,53134224-77b0-4f81-be4b-e02f4c59eae8,VT-AGP,258835,DGCA/NEW -MISC/226,,MIS,25,"DGCA/NEW -MISC/226
Joint Aircraft System Component (JASC) Code 2510, Flight Compartment Equipment.",,,Not applicable as decrane (ERDA) seating company manufactured passenger seats are installed in aircraft.,,,5667:16 H,,,,5667:16 H,,,,,,
157b8d12-c115-446e-a4dc-d12077751fe2,91aa63f8-13f1-4d97-9495-50fa7818a72b,HAWKER 850XP,ef002da4-261e-411e-8142-679a1828aff8,Tmplt HAWKER 850XP,53134224-77b0-4f81-be4b-e02f4c59eae8,VT-AGP,258835,DGCA/NewMisc/195,EASA AD 2017-0001,MIS#,25,"DGCA/NewMisc/195
EQUIPMENT / FURNISHINGS - CABIN ATTENDANT SEAT - INSPECTION",,,Not applicable as cabin attendant seats are installed not installed in this aircraft,,,5667:16 H,,,,5667:16 H,,,,,,
157b8d12-c115-446e-a4dc-d12077751fe2,91aa63f8-13f1-4d97-9495-50fa7818a72b,HAWKER 850XP,ef002da4-261e-411e-8142-679a1828aff8,Tmplt HAWKER 850XP,53134224-77b0-4f81-be4b-e02f4c59eae8,VT-AGP,258835,DGCA/NEW -MISC/209,EASA AD 2018-0262,MIS,25,"DGCA/NEW -MISC/209
Equipment / Furnishings - Pilot and Co-pilot Seats - Modification / Inspection",,,Not applicable as IPECO Aerospace manufactured Pilot and Co-pilot seats are installed in this aircraft.,,,5667:16 H,,,,5667:16 H,,,,,,
157b8d12-c115-446e-a4dc-d12077751fe2,91aa63f8-13f1-4d97-9495-50fa7818a72b,HAWKER 850XP,ef002da4-261e-411e-8142-679a1828aff8,Tmplt HAWKER 850XP,53134224-77b0-4f81-be4b-e02f4c59eae8,VT-AGP,258835,DGCA/New Misc/ 155,FAA AD 2013-10-01,MIS,25,"DGCA/New Misc/ 155
Unsafe Condition as the search Light / Gimbal Disconnecting from the helicopter and remaining attached solely by the internal cable harness or separating totally.",,,Not applicable as searchlight is not installed in aircraft..,,,5667:16 H,,,,5667:16 H,,,,,,
157b8d12-c115-446e-a4dc-d12077751fe2,91aa63f8-13f1-4d97-9495-50fa7818a72b,HAWKER 850XP,ef002da4-261e-411e-8142-679a1828aff8,Tmplt HAWKER 850XP,53134224-77b0-4f81-be4b-e02f4c59eae8,VT-AGP,258835,DGCA/NewMisc/03R1,FAA AD 74-08-09R3,MIS,11,"DGCA/NewMisc/03R1
""No Smoking"" placard to be installed on lavatory door to prevent fires from smoking materials being dropped in to lavatory paper orlenin awaste receptacles",,,Applicable and found complied on the aircraft.,,,5667:16 H,,,,5667:16 H,,,,,,
157b8d12-c115-446e-a4dc-d12077751fe2,91aa63f8-13f1-4d97-9495-50fa7818a72b,HAWKER 850XP,ef002da4-261e-411e-8142-679a1828aff8,Tmplt HAWKER 850XP,53134224-77b0-4f81-be4b-e02f4c59eae8,VT-AGP,258835,DGCA/NewMisc/198,FAA AD 2017-0225,MIS,25,"DGCA/NewMisc/198
Seat Restraint Systems",,,Not applicable as AM-SAFE Manufactured Restraint system is installed in this aircraft.,,,5667:16 H,,,,5667:16 H,,,,,,
157b8d12-c115-446e-a4dc-d12077751fe2,91aa63f8-13f1-4d97-9495-50fa7818a72b,HAWKER 850XP,ef002da4-261e-411e-8142-679a1828aff8,Tmplt HAWKER 850XP,53134224-77b0-4f81-be4b-e02f4c59eae8,VT-AGP,258835,DGCA/HAWKER 800/09,FAA AD 2006-12-20,MOD,24,"DGCA/HAWKER 800/09
TO PREVENT LOSS OF ALL PRIMARY ELECTRICAL POWER",,,NOT APPLICABLE BY AIRCRAFT MODEL HAWKER 850XP,,,5667:16 H,,,,5667:16 H,,,,,,
157b8d12-c115-446e-a4dc-d12077751fe2,91aa63f8-13f1-4d97-9495-50fa7818a72b,HAWKER 850XP,ef002da4-261e-411e-8142-679a1828aff8,Tmplt HAWKER 850XP,53134224-77b0-4f81-be4b-e02f4c59eae8,VT-AGP,258835,DGCA/NewMisc/100,FAA AD 2009-08-01,MIS,25,"DGCA/NewMisc/100
To prevent a shift in the FMS computed position, which could result in uncommanded deviations from the intended flight path of the airplane.",,,Not applicable by equipment Fit (IC-800) & by Mod. Standard of NZ-2000 installed. (A/C is AHRS equipped).,,,5667:16 H,,,,5667:16 H,,,,,,
157b8d12-c115-446e-a4dc-d12077751fe2,91aa63f8-13f1-4d97-9495-50fa7818a72b,HAWKER 850XP,ef002da4-261e-411e-8142-679a1828aff8,Tmplt HAWKER 850XP,53134224-77b0-4f81-be4b-e02f4c59eae8,VT-AGP,258835,DGCA/HAWKER 800/12,FAA AD 2014-15-08,MOD,28,"DGCA/HAWKER 800/12
TO DETECT AND CORRECT MISSING SEALANT, WHICH, DURING A LIGHTNING STRIKE, COULD RESULT IN A POTENTIAL SOURCE OF IGNITION IN A FUEL TANK AND CONSEQUENT EXPLOSION OR FIRE AND SUBSEQUENT IN-FLIGHT BREAKUP OF THE AIRPLANE",,,NOT APPLICABLE AS PER SB 57-4112,,,5667:16 H,,,,5667:16 H,,,,,,
157b8d12-c115-446e-a4dc-d12077751fe2,91aa63f8-13f1-4d97-9495-50fa7818a72b,HAWKER 850XP,ef002da4-261e-411e-8142-679a1828aff8,Tmplt HAWKER 850XP,53134224-77b0-4f81-be4b-e02f4c59eae8,VT-AGP,258835,DGCA/HAWKER 800/11,FAA AD 2013-11-16,MOD,27,"DGCA/HAWKER 800/11
TO PREVENT VIBRATION & WING / AILERON OSCILLATIONS,WHICH COULD CAUSE STRUCTURAL DAMAGE OR LEAD TO DIVERGENTFLUTTER,AND RESULT IN LOSS OF INTEGRITY OF THE WING ,LOSS OF CONTROL OF THE AIRPLANE & INFLIGHT BREAKUP",,,NOT APPLICABLE BY AIRCRAFT MODEL HAWKER 850XP,,,5667:16 H,,,,5667:16 H,,,,,,
157b8d12-c115-446e-a4dc-d12077751fe2,91aa63f8-13f1-4d97-9495-50fa7818a72b,HAWKER 850XP,ef002da4-261e-411e-8142-679a1828aff8,Tmplt HAWKER 850XP,53134224-77b0-4f81-be4b-e02f4c59eae8,VT-AGP,258835,DGCA/NewMisc/166 R3,EASA AD 2014-0188 R4,MIS,25,"DGCA/NewMisc/166 R3
Equipment & Furnishings - Emergency Flotation System - Rotorcraft Flight Manual (Supplement) Limitation",,,Not Applicable by the Aircraft Model Hawker 850XP.,,,5667:16 H,,,,5667:16 H,,,,,,
157b8d12-c115-446e-a4dc-d12077751fe2,91aa63f8-13f1-4d97-9495-50fa7818a72b,HAWKER 850XP,ef002da4-261e-411e-8142-679a1828aff8,Tmplt HAWKER 850XP,53134224-77b0-4f81-be4b-e02f4c59eae8,VT-AGP,258835,DGCA/ NewMisc/188,FAA AD 2016-20-06,MIS,25,"DGCA/ NewMisc/188
To prevent failure of the elevator assembly and consequent loss of control of the airplane",,,Not applicable by the aircraft model Hawker 850 Xp,,,5667:16 H,,,,5667:16 H,,,,,,
157b8d12-c115-446e-a4dc-d12077751fe2,91aa63f8-13f1-4d97-9495-50fa7818a72b,HAWKER 850XP,ef002da4-261e-411e-8142-679a1828aff8,Tmplt HAWKER 850XP,53134224-77b0-4f81-be4b-e02f4c59eae8,VT-AGP,258835,DGCA/NEW -MISC/174,FAA AD 2015-16-04,MIS,25,"DGCA/NEW -MISC/174
To prevent fire extinguishers from failing to operate in the event of a fire, which could jeopardize occupants' safety and continuation of safe flight and landing",,,Not applicable as Fire Fighting enterprises manufactured fire extinguisher is installed in this aircraft.,,,5667:16 H,,,,5667:16 H,,,,,,
157b8d12-c115-446e-a4dc-d12077751fe2,91aa63f8-13f1-4d97-9495-50fa7818a72b,HAWKER 850XP,ef002da4-261e-411e-8142-679a1828aff8,Tmplt HAWKER 850XP,53134224-77b0-4f81-be4b-e02f4c59eae8,VT-AGP,258835,DGCA/NewMisc/194,FAA AD 2017-16-04,MIS#,25,"DGCA/NewMisc/194
THIS AD DEFINES THE UNSAFE CONDITION AS A BROKEN BUCKLE KNOB. THIS CONDITION COULD RESULT IN A RESTRAINT SYSTEM STRAP FAILING TO RELEASE FROM THE BUCKLE, PREVENTING OCCUPANTS FROM EXITING THE HELICOPTER DURING AN EMERGENCY",,,Not applicable as AM-SAFE manufactured seat restraint system is installed in this aircraft.,,,5667:16 H,,,,5667:16 H,,,,,,
157b8d12-c115-446e-a4dc-d12077751fe2,91aa63f8-13f1-4d97-9495-50fa7818a72b,HAWKER 850XP,ef002da4-261e-411e-8142-679a1828aff8,Tmplt HAWKER 850XP,53134224-77b0-4f81-be4b-e02f4c59eae8,VT-AGP,258835,DGCA/New Misc/98 R1,FAA AD 2007-04-19 R1,MIS,25,"DGCA/New Misc/98 R1
To Prevent Cylinder Seperation",,,Not applicable as turbofan engine is installed on aircraft..,,,5667:16 H,,,,5667:16 H,,,,,,
157b8d12-c115-446e-a4dc-d12077751fe2,91aa63f8-13f1-4d97-9495-50fa7818a72b,HAWKER 850XP,ef002da4-261e-411e-8142-679a1828aff8,Tmplt HAWKER 850XP,53134224-77b0-4f81-be4b-e02f4c59eae8,VT-AGP,258835,DGCA/NewMisc/71 R2,FAA AD 2010-07-02,MIS,31,"DGCA/NewMisc/71 R2
To ensure that the flight crew has an accurate glideslope deviation indication",,,Not applicable as already complied with by SB24-3772 on 23/08/2006 at TSN 2438.4Hrs,,,5667:16 H,,,,5667:16 H,,,,,,
157b8d12-c115-446e-a4dc-d12077751fe2,91aa63f8-13f1-4d97-9495-50fa7818a72b,HAWKER 850XP,ef002da4-261e-411e-8142-679a1828aff8,Tmplt HAWKER 850XP,53134224-77b0-4f81-be4b-e02f4c59eae8,VT-AGP,258835,DGCA/HAWKER 800/01,FAA AD 97-03-07,MOD,32,"DGCA/HAWKER 800/01
MAIN LANDING GEAR SIDESTAY ASSEMBLIES",,,INTENTS OF FAA AD 97-03-07 FOUND ALREADY COMPLIED AS REFERENCE SB 32-233 FOUND PRODUCTION COMPLIED. HENCE NO FURTHER ACTION REQUIRED.,,,5667:16 H,,,,5667:16 H,,,,,,
157b8d12-c115-446e-a4dc-d12077751fe2,91aa63f8-13f1-4d97-9495-50fa7818a72b,HAWKER 850XP,ef002da4-261e-411e-8142-679a1828aff8,Tmplt HAWKER 850XP,53134224-77b0-4f81-be4b-e02f4c59eae8,VT-AGP,258835,DGCA/New Misc/08,ISI Spec.no.6753-1972,MIS,25,"DGCA/New Misc/08
Identification of aircraft pipelines",,,Not Applicable as aircraft AUW is less than 15000 Kgs. (Aircraft all Up weight is 12701 Kg),,,5667:16 H,,,,5667:16 H,,,,,,
157b8d12-c115-446e-a4dc-d12077751fe2,91aa63f8-13f1-4d97-9495-50fa7818a72b,HAWKER 850XP,ef002da4-261e-411e-8142-679a1828aff8,Tmplt HAWKER 850XP,53134224-77b0-4f81-be4b-e02f4c59eae8,VT-AGP,258835,DGCA/New Misc/113 Rev.1,FAR PART 121.311,MIS,25,"DGCA/New Misc/113 Rev.1
Implementation of Federal Aviation Administration (FAA) Regarding crashworthiness Standard for Passenger Operations",,,Held in abeyance until further intimation.,,,5667:16 H,,,,5667:16 H,,,,,,
157b8d12-c115-446e-a4dc-d12077751fe2,91aa63f8-13f1-4d97-9495-50fa7818a72b,HAWKER 850XP,ef002da4-261e-411e-8142-679a1828aff8,Tmplt HAWKER 850XP,53134224-77b0-4f81-be4b-e02f4c59eae8,VT-AGP,258835,DGCA/ NEW MISC/ 242,EASA AD :G-2021-0004,MIS,25,"DGCA/ NEW MISC/ 242
Equipment / Furnishings - Life Raft - Inspection",,,Not Applicable as Easter Aero marine Life raft P/No. R0103A103RB7 Installed.,,,5667:16 H,,,,5667:16 H,,,,,,
157b8d12-c115-446e-a4dc-d12077751fe2,91aa63f8-13f1-4d97-9495-50fa7818a72b,HAWKER 850XP,ef002da4-261e-411e-8142-679a1828aff8,Tmplt HAWKER 850XP,53134224-77b0-4f81-be4b-e02f4c59eae8,VT-AGP,258835,DGCA/New Misc/158,FAA AD 2013-06-51,MIS,25,"DGCA/New Misc/158
Unsafe Condition Failure Of The Overload Clutch Resulting In In Flight Failure Of The Hoist, Which Could Result In Injury To Person Being Lifted.",,,Not Applicable by the Aircraft Model Hawker 850 XP.,,,5667:16 H,,,,5667:16 H,,,,,,
157b8d12-c115-446e-a4dc-d12077751fe2,91aa63f8-13f1-4d97-9495-50fa7818a72b,HAWKER 850XP,ef002da4-261e-411e-8142-679a1828aff8,Tmplt HAWKER 850XP,53134224-77b0-4f81-be4b-e02f4c59eae8,VT-AGP,258835,DGCA/NEW -MISC/207,EASA AD 2018-0247,MIS,34,"DGCA/NEW -MISC/207
Navigation - Transponders - Inspection / Modification",,,"Not applicable as Honeywell Manufactured Mode ""S"" is installed in this aircarft.",,,5667:16 H,,,,5667:16 H,,,,,,
157b8d12-c115-446e-a4dc-d12077751fe2,91aa63f8-13f1-4d97-9495-50fa7818a72b,HAWKER 850XP,ef002da4-261e-411e-8142-679a1828aff8,Tmplt HAWKER 850XP,53134224-77b0-4f81-be4b-e02f4c59eae8,VT-AGP,258835,DGCA/New Misc/123,FAA AD 2010-07-08,MIS,25,"DGCA/New Misc/123
To prevent separation or seizure of the turbocharger turbine, which could result in full or partial engine power loss, loss of engine oil, and smoke in the airplane cabin.",,,Not applicable as turbocharger is not installed in the aircraft.,,,5667:16 H,,,,5667:16 H,,,,,,
157b8d12-c115-446e-a4dc-d12077751fe2,91aa63f8-13f1-4d97-9495-50fa7818a72b,HAWKER 850XP,ef002da4-261e-411e-8142-679a1828aff8,Tmplt HAWKER 850XP,53134224-77b0-4f81-be4b-e02f4c59eae8,VT-AGP,258835,DGCA/NewMisc/191,FAA AD 2017-06-03,MIS,76,"DGCA/NewMisc/191
TO DETECT AND CORRECT A HAZARDOUS CONDITION CAUSED BY DETERIORATION OF THE COMBUSTION HEATER, WHICH COULD LEAD TO IGNITION OF COMPONENTS AND RESULT IN SMOKE AND FUMES IN THE CABIN",,,Not applicable as Combustion heater is not installed in this aircraft.,,,5667:16 H,,,,5667:16 H,,,,,,
157b8d12-c115-446e-a4dc-d12077751fe2,91aa63f8-13f1-4d97-9495-50fa7818a72b,HAWKER 850XP,ef002da4-261e-411e-8142-679a1828aff8,Tmplt HAWKER 850XP,53134224-77b0-4f81-be4b-e02f4c59eae8,VT-AGP,258835,DGCA/NEW -MISC/244,FAA AD : 2021-22-07,MIS,26,"DGCA/NEW -MISC/244
Joint Aircraft Service Component (JASC) Code: 2622, Fire Bottle, Portable",,,Not Applicable by Aircraft model and Fire Fighting Enterprises Manufacturer Fire Extinguisher is Installed.,,,5667:16 H,,,,5667:16 H,,,,,,
157b8d12-c115-446e-a4dc-d12077751fe2,91aa63f8-13f1-4d97-9495-50fa7818a72b,HAWKER 850XP,ef002da4-261e-411e-8142-679a1828aff8,Tmplt HAWKER 850XP,53134224-77b0-4f81-be4b-e02f4c59eae8,VT-AGP,258835,DGCA/NEW -MISC/201,EASA AD 2018-0143-E,MIS,25,"DGCA/NEW -MISC/201
Equipment / Furnishings - Towing Release Mechanism - Inspection",,,Not applicable by the aircraft model Hawker 850 XP,,,5667:16 H,,,,5667:16 H,,,,,,
157b8d12-c115-446e-a4dc-d12077751fe2,91aa63f8-13f1-4d97-9495-50fa7818a72b,HAWKER 850XP,ef002da4-261e-411e-8142-679a1828aff8,Tmplt HAWKER 850XP,53134224-77b0-4f81-be4b-e02f4c59eae8,VT-AGP,258835,DGCA / NEW MISCELLANEOUS / 271R1,EASA AD No.: 2025-0297R1,MIS#,35,"DGCA / NEW MISCELLANEOUS / 271R1
ATA 35 - Oxygen - Portable Breathing Equipment - Removal from Service",,,Not Applicable as Installed Portable breathing equipment is manufactured by Scott.,,5555:43 H,5667:16 H,,,,5667:16 H,,,,,,
157b8d12-c115-446e-a4dc-d12077751fe2,91aa63f8-13f1-4d97-9495-50fa7818a72b,HAWKER 850XP,ef002da4-261e-411e-8142-679a1828aff8,Tmplt HAWKER 850XP,53134224-77b0-4f81-be4b-e02f4c59eae8,VT-AGP,258835,DGCA/New Misc/116,EASA AD 2009-0200,MIS,34,"DGCA/New Misc/116
Navigation - Mode A/C Transponder - Check/ Replacement",,,Not applicable as Honeywell manufactured Transponder is installed in aircaft.,,,5667:16 H,,,,5667:16 H,,,,,,
157b8d12-c115-446e-a4dc-d12077751fe2,91aa63f8-13f1-4d97-9495-50fa7818a72b,HAWKER 850XP,ef002da4-261e-411e-8142-679a1828aff8,Tmplt HAWKER 850XP,53134224-77b0-4f81-be4b-e02f4c59eae8,VT-AGP,258835,DGCA/NEW -MISC/224,FAA AD 2019-12-09,MIS,34,"DGCA/NEW -MISC/224
Joint Aircraft System Component (JASC)/Air Transport Association (ATA) of America Code 34; Navigation.",,,Not applicable by Honeywell manufactured ED-800 MFD is installed in the aircraft.,,,5667:16 H,,,,5667:16 H,,,,,,
157b8d12-c115-446e-a4dc-d12077751fe2,91aa63f8-13f1-4d97-9495-50fa7818a72b,HAWKER 850XP,ef002da4-261e-411e-8142-679a1828aff8,Tmplt HAWKER 850XP,53134224-77b0-4f81-be4b-e02f4c59eae8,VT-AGP,258835,DGCA/HAWKER 800/07,FAA AD 2006-02-03,MOD,92,"DGCA/HAWKER 800/07
O PREVENT A SHORT CIRCUIT IN THE FUSE AND CONSEUENT HEAT DAMAGE TO ASSOCIATED WIRING AND SURROUNDING EQUIPMENT",,,NOT APPLICABLE BY AIRCRAFT MODEL HAWKER 850XP,,,5667:16 H,,,,5667:16 H,,,,,,
157b8d12-c115-446e-a4dc-d12077751fe2,91aa63f8-13f1-4d97-9495-50fa7818a72b,HAWKER 850XP,ef002da4-261e-411e-8142-679a1828aff8,Tmplt HAWKER 850XP,53134224-77b0-4f81-be4b-e02f4c59eae8,VT-AGP,258835,DGCA/HAWKER 800/03,FAA AD 2005-03-16,MOD,72,"DGCA/HAWKER 800/03
ENGINE COMPARTMENT FIREWALL",,,NOT APPLICABLE BY AIRCRAFT MODEL HAWKER 850XP,,,5667:16 H,,,,5667:16 H,,,,,,
157b8d12-c115-446e-a4dc-d12077751fe2,91aa63f8-13f1-4d97-9495-50fa7818a72b,HAWKER 850XP,ef002da4-261e-411e-8142-679a1828aff8,Tmplt HAWKER 850XP,53134224-77b0-4f81-be4b-e02f4c59eae8,VT-AGP,258835,DGCA/New Misc/237R1,FAA AD 2024-26-02,MIS,25,"DGCA/New Misc/237R1
Joint Aircraft System Component (JASC) Code: 2500, Cabin Equipment/Furnishings",,,Not applicable as installed with AMSAFE Restraint System. Ref. A/F logbook Vol.13 Pg. No. 110.,,,5667:16 H,,,,5667:16 H,,,,,,
157b8d12-c115-446e-a4dc-d12077751fe2,91aa63f8-13f1-4d97-9495-50fa7818a72b,HAWKER 850XP,ef002da4-261e-411e-8142-679a1828aff8,Tmplt HAWKER 850XP,53134224-77b0-4f81-be4b-e02f4c59eae8,VT-AGP,258835,DGCA/New Misc/108,EASA AD 2008-22-01,MIS,25,"DGCA/New Misc/108
To prevent the potential of ignition sources inside fuel tanks, which, in combination with flammable fuel vapors, could result in fuel tank explosions and consequent loss of the airplane.",,,Not Applicable by Aircraft Model Hawker 850XP.,,,5667:16 H,,,,5667:16 H,,,,,,
157b8d12-c115-446e-a4dc-d12077751fe2,91aa63f8-13f1-4d97-9495-50fa7818a72b,HAWKER 850XP,ef002da4-261e-411e-8142-679a1828aff8,Tmplt HAWKER 850XP,53134224-77b0-4f81-be4b-e02f4c59eae8,VT-AGP,258835,DGCA/New Misc/130 R3,FAA AD 2012-11-09 R1,MIS,35,"DGCA/New Misc/130 R3
Air Transport Association (ATA) of America Code 35, Oxygen.",,,Not Applicable As Chemical Oxygen Generator is Not Installed,,,5667:16 H,,,,5667:16 H,,,,,,
157b8d12-c115-446e-a4dc-d12077751fe2,91aa63f8-13f1-4d97-9495-50fa7818a72b,HAWKER 850XP,ef002da4-261e-411e-8142-679a1828aff8,Tmplt HAWKER 850XP,53134224-77b0-4f81-be4b-e02f4c59eae8,VT-AGP,258835,DGCA/NEW -MISC/208 R1,EASA AD 2018-0259 R1,MIS,46,"DGCA/NEW -MISC/208 R1
Information Systems - Electronic Flight Bag Universal Serial Bus Receptacle - Modification",,,Not applicable by the aircraft model Hawker 850 Xp.,,,5667:16 H,,,,5667:16 H,,,,,,
157b8d12-c115-446e-a4dc-d12077751fe2,91aa63f8-13f1-4d97-9495-50fa7818a72b,HAWKER 850XP,ef002da4-261e-411e-8142-679a1828aff8,Tmplt HAWKER 850XP,53134224-77b0-4f81-be4b-e02f4c59eae8,VT-AGP,258835,DGCA-25012(05)/103/2 023-AW,DGCA-25012(05)/103/2 023-AW,MIS,5,"DGCA / NEW MISCELLAN EOUS / 258
Use of Indian MOGAS on Indian registered Aircraft.",,,Not applicable as the affected part is not installed on the aircraft.,,,5667:16 H,,,,5667:16 H,,,,,,
157b8d12-c115-446e-a4dc-d12077751fe2,91aa63f8-13f1-4d97-9495-50fa7818a72b,HAWKER 850XP,ef002da4-261e-411e-8142-679a1828aff8,Tmplt HAWKER 850XP,53134224-77b0-4f81-be4b-e02f4c59eae8,VT-AGP,258835,DGCA/New Misc/139,EASA AD 2011-0239,MIS,34,"DGCA/New Misc/139
ATA-34-Navigation- RadioAltimeter Indicator- Modification",,,Not applicable as Honeywell manufactured radio altimeter is installed in the aircraft.,,,5667:16 H,,,,5667:16 H,,,,,,
157b8d12-c115-446e-a4dc-d12077751fe2,91aa63f8-13f1-4d97-9495-50fa7818a72b,HAWKER 850XP,ef002da4-261e-411e-8142-679a1828aff8,Tmplt HAWKER 850XP,53134224-77b0-4f81-be4b-e02f4c59eae8,VT-AGP,258835,DGCA/NEW -MISC/257,FAA AD 2023-12-25,MIS,25,"DGCA/NEW -MISC/257
Air Transport Association (ATA) of America Code 25, Equipment/Furnishings.",,,"Within 4 months after the effective date of this AD, do a general visual inspection for a discrepancy (mismatch of the valise/container description and life jacket type) of the life jacket, in accordance with paragraphs 2.A. through 2.C. of the Accomplishment Instructions of Survitec [RFD] Alert Service Bulletin 25-207-A, Version 1, dated November 24, 2021",,,5667:16 H,,,,5667:16 H,,,,,,
157b8d12-c115-446e-a4dc-d12077751fe2,91aa63f8-13f1-4d97-9495-50fa7818a72b,HAWKER 850XP,ef002da4-261e-411e-8142-679a1828aff8,Tmplt HAWKER 850XP,53134224-77b0-4f81-be4b-e02f4c59eae8,VT-AGP,258835,DGCA/NEW -MISC/233,FAA AD : 2020-18-51,MIS,34,"DGCA/NEW -MISC/233
Joint Airplane Service Component (JASC) Code: 3420, Attitude and Direction Data System.",,,Not Applicable as B.F.Good rich manufactured attitude indicator is installed.,,,5667:16 H,,,,5667:16 H,,,,,,
157b8d12-c115-446e-a4dc-d12077751fe2,91aa63f8-13f1-4d97-9495-50fa7818a72b,HAWKER 850XP,ef002da4-261e-411e-8142-679a1828aff8,Tmplt HAWKER 850XP,53134224-77b0-4f81-be4b-e02f4c59eae8,VT-AGP,258835,DGCA/New Misc/162,EASA AD 2014-0088,MIS,34,"DGCA/New Misc/162
Communications - Cockpit Voice Recorder - Replacement",,,Not applicable as Universal navigation manufactured CVR-120 is installed in this aircraft.,,,5667:16 H,,,,5667:16 H,,,,,,
157b8d12-c115-446e-a4dc-d12077751fe2,91aa63f8-13f1-4d97-9495-50fa7818a72b,HAWKER 850XP,ef002da4-261e-411e-8142-679a1828aff8,Tmplt HAWKER 850XP,53134224-77b0-4f81-be4b-e02f4c59eae8,VT-AGP,258835,DGCA/New Misc/176,FAA AD 2015-23-09,MIS,35,"DGCA/New Misc/176
OXYGEN - To detect and correct affected oxygen mask regulators, which could lead, In case of mask usage at or above 10,000 feet after a depressurization event, To the inhalation of air with improper content of oxygen, Due to the bad dilution settings, thereby providing inadequate protection to the affected flightcrew against hypoxia. Hypoxia can start from a headache and drowsiness and lead eventually to unconsciousness with severe consequence in terms of airplane controllability.",,,Not applicable by the crew oxygen mask part number installed.,,,5667:16 H,,,,5667:16 H,,,,,,
157b8d12-c115-446e-a4dc-d12077751fe2,91aa63f8-13f1-4d97-9495-50fa7818a72b,HAWKER 850XP,ef002da4-261e-411e-8142-679a1828aff8,Tmplt HAWKER 850XP,53134224-77b0-4f81-be4b-e02f4c59eae8,VT-AGP,258835,DGCA/NEW -MISC/231,FAA AD 2020-10-05,MIS,34,"DGCA/NEW -MISC/231
Joint Aircraft System Component (JASC)/Air Transport Association (ATA) of America Code 3460, Flight Management Computing Hardware System.",,,Not applicable as Honeywell Inc. manufactured flight management computer is installed in the aircraft.,,,5667:16 H,,,,5667:16 H,,,,,,
157b8d12-c115-446e-a4dc-d12077751fe2,91aa63f8-13f1-4d97-9495-50fa7818a72b,HAWKER 850XP,ef002da4-261e-411e-8142-679a1828aff8,Tmplt HAWKER 850XP,53134224-77b0-4f81-be4b-e02f4c59eae8,VT-AGP,258835,DGCA / NEW MISC / 261,EASA AD 2024-0221,MIS,78,"DGCA / NEW MISC / 261
ATA 78 - Exhaust - Engine/ Turbocharger Exhaust System / Components - Inspection.",,,Not applicable by aircraft type and model engine installed. Ref. A/F Logbook Vol. 13 Pg. No. 109.,,,5667:16 H,,,,5667:16 H,,,,,,
157b8d12-c115-446e-a4dc-d12077751fe2,91aa63f8-13f1-4d97-9495-50fa7818a72b,HAWKER 850XP,ef002da4-261e-411e-8142-679a1828aff8,Tmplt HAWKER 850XP,53134224-77b0-4f81-be4b-e02f4c59eae8,VT-AGP,258835,DGCA/ NEW MISC/ 234,FAA AD No.: 2020-19-06,MIS,61,"DGCA/ NEW MISC/ 234
Joint Aircraft System Component (JASC)/Air Transport Association (ATA) of America Code 61, Propellers.",,,Not Applicable As Turbo fan engine is Installed in aircraft .,,,5667:16 H,,,,5667:16 H,,,,,,
157b8d12-c115-446e-a4dc-d12077751fe2,91aa63f8-13f1-4d97-9495-50fa7818a72b,HAWKER 850XP,ef002da4-261e-411e-8142-679a1828aff8,Tmplt HAWKER 850XP,53134224-77b0-4f81-be4b-e02f4c59eae8,VT-AGP,258835,DGCA/HAWKER 800/08,FAA AD 2006-11-07,MOD,39,"DGCA/HAWKER 800/08
TO PREVENT INSUFFICIENT ELECTRICAL ISOLATION FOR THE ELECTRICAL BUS CONFIGURATION AND INABILITY OF THE FLIGHTCREW TO ISOLATE THE BUS BARSIN ANEMERGENCY SITUATION",,,NOT APPLICABLE BY AIRCRAFT MODEL HAWKER 850XP,,,5667:16 H,,,,5667:16 H,,,,,,
157b8d12-c115-446e-a4dc-d12077751fe2,91aa63f8-13f1-4d97-9495-50fa7818a72b,HAWKER 850XP,ef002da4-261e-411e-8142-679a1828aff8,Tmplt HAWKER 850XP,53134224-77b0-4f81-be4b-e02f4c59eae8,VT-AGP,258835,DGCA/New Misc/148,FAA AD 2012-18-14,MIS,72,"DGCA/New Misc/148
To prevent separation of the rear gas generator case and release of high energy debris, which could Result in injury and damage to the airplane",,,Not Applicable as installed APU Model is Honeywell GTCP36-150(W).,,,5667:16 H,,,,5667:16 H,,,,,,
157b8d12-c115-446e-a4dc-d12077751fe2,91aa63f8-13f1-4d97-9495-50fa7818a72b,HAWKER 850XP,ef002da4-261e-411e-8142-679a1828aff8,Tmplt HAWKER 850XP,53134224-77b0-4f81-be4b-e02f4c59eae8,VT-AGP,258835,DGCA/NEW -MISC/251,FAA AD 2022-01-03,MIS,26,"DGCA/NEW -MISC/251
Joint Aircraft Service Component (JASC) Code: 2622, Fire Bottle, Portable.",,,Not Applicable as Fire Fighting Enterprises Manufacturer Fire Extinguisher is Installed.,,,5667:16 H,,,,5667:16 H,,,,,,
157b8d12-c115-446e-a4dc-d12077751fe2,91aa63f8-13f1-4d97-9495-50fa7818a72b,HAWKER 850XP,ef002da4-261e-411e-8142-679a1828aff8,Tmplt HAWKER 850XP,53134224-77b0-4f81-be4b-e02f4c59eae8,VT-AGP,258835,DGCA/New Misc/149 Rev 1,EASA AD 2012-0254 Rev 1,MIS,35,"DGCA/New Misc/149 Rev 1
Oxygen - Flight Crew Oxygen Mask Regulator - Identification / Operational Procedure / Replacement",,,Not applicable as oxygen mask regulator part no. MF10-03-02 is installed.,,,5667:16 H,,,,5667:16 H,,,,,,
157b8d12-c115-446e-a4dc-d12077751fe2,91aa63f8-13f1-4d97-9495-50fa7818a72b,HAWKER 850XP,ef002da4-261e-411e-8142-679a1828aff8,Tmplt HAWKER 850XP,53134224-77b0-4f81-be4b-e02f4c59eae8,VT-AGP,258835,DGCA/NewMisc/117 Rev.1,FAA AD 2010-01-03,MIS,25,"DGCA/NewMisc/117 Rev.1
Fire Fighting Enterprises Limited Portable Halon 1211 Fire Extinguishers as Installed on Various Transport Airplanes, Small Airplanes, and Rotorcraft",,,"Fire Protection FAA AD 2010-01-03 As per AD Not applicable Fire Fighting P/N. BA51015G-3, S/N. 75405 & 75406 Fire extinguisher are installed.",,,5667:16 H,,,,5667:16 H,,,,,,
157b8d12-c115-446e-a4dc-d12077751fe2,91aa63f8-13f1-4d97-9495-50fa7818a72b,HAWKER 850XP,ef002da4-261e-411e-8142-679a1828aff8,Tmplt HAWKER 850XP,53134224-77b0-4f81-be4b-e02f4c59eae8,VT-AGP,258835,DGCA/New Misc/07,Bendix SB. No 551 &556,MIS,25,"DGCA/New Misc/07
Improved lubrication and installation of modified distributor block in Bendix Scintilla ""S"" type magnetos",,,Not Applicable by type of aircraft. (Aircraft is fitted with turbine engine),,,5667:16 H,,,,5667:16 H,,,,,,
157b8d12-c115-446e-a4dc-d12077751fe2,91aa63f8-13f1-4d97-9495-50fa7818a72b,HAWKER 850XP,ef002da4-261e-411e-8142-679a1828aff8,Tmplt HAWKER 850XP,53134224-77b0-4f81-be4b-e02f4c59eae8,VT-AGP,258835,DGCA/NEW -MISC/230,FAA AD 2020-0802,MIS,34,"DGCA/NEW -MISC/230
Joint Aircraft System Component (JASC) Code 3457, Global Positioning System.",,,Not applicable as Honeywell manufactured GPS unit is installed in aircraft.,,,5667:16 H,,,,5667:16 H,,,,,,
157b8d12-c115-446e-a4dc-d12077751fe2,91aa63f8-13f1-4d97-9495-50fa7818a72b,HAWKER 850XP,ef002da4-261e-411e-8142-679a1828aff8,Tmplt HAWKER 850XP,53134224-77b0-4f81-be4b-e02f4c59eae8,VT-AGP,258835,DGCA/NewMisc/120,EASA AD 2009-0278,MIS,26,"DGCA/NewMisc/120
Fire Protection - Portable Halon 1211 Fire Extinguishers - Identification / Replacement",,,"Not applicable Fire Fighting P/N. BA51015G-3, S/N. 75405 & 75406 Fire extinguisher are installed.",,,5667:16 H,,,,5667:16 H,,,,,,
157b8d12-c115-446e-a4dc-d12077751fe2,91aa63f8-13f1-4d97-9495-50fa7818a72b,HAWKER 850XP,ef002da4-261e-411e-8142-679a1828aff8,Tmplt HAWKER 850XP,53134224-77b0-4f81-be4b-e02f4c59eae8,VT-AGP,258835,DGCA/NEW -MISC/240,EASA AD :G-2021-0003,MIS,25,"DGCA/NEW -MISC/240
Equipment / Furnishings - Life Jacket - Inspection",,,Not Applicable as affected Life jacket part number is not installed on the aircraft.,,,5667:16 H,,,,5667:16 H,,,,,,
157b8d12-c115-446e-a4dc-d12077751fe2,91aa63f8-13f1-4d97-9495-50fa7818a72b,HAWKER 850XP,ef002da4-261e-411e-8142-679a1828aff8,Tmplt HAWKER 850XP,53134224-77b0-4f81-be4b-e02f4c59eae8,VT-AGP,258835,DGCA/NewMisc/190,FAA AD 2017-04-0,MIS#,25,"DGCA/NewMisc/190
TO PREVENT DISPLAY OF MISLEADING ALTITUDE DATA, WHICH COULD RESULT IN INADVERTENT FLIGHT INTO TERRAIN",,,Not applicable as installed Altimeter is not manufactured between January 2015 to February 2016,,,5667:16 H,,,,5667:16 H,,,,,,
157b8d12-c115-446e-a4dc-d12077751fe2,91aa63f8-13f1-4d97-9495-50fa7818a72b,HAWKER 850XP,ef002da4-261e-411e-8142-679a1828aff8,Tmplt HAWKER 850XP,53134224-77b0-4f81-be4b-e02f4c59eae8,VT-AGP,258835,DGCA/NewMisc/193,FAA AD 2017-11-11,MIS,25,"DGCA/NewMisc/193
TO DEFINES THE UNSAFE CONDITION AS AN ADSB UNIT INCORRECTLY BROADCASTING A SOURCE INTEGRITY LEVEL (SIL) OF 3 INSTEAD OF ITS AUTHORIZED SIL OF 0. THIS CONDITION COULD RESULT IN THE UNIT COMMUNICATING UNRELIABLE POSITION INFORMATION TO AIR TRAFFIC CONTROL",,,Not applicable as ADS-B is not installed.,,,5667:16 H,,,,5667:16 H,,,,,,
157b8d12-c115-446e-a4dc-d12077751fe2,91aa63f8-13f1-4d97-9495-50fa7818a72b,HAWKER 850XP,ef002da4-261e-411e-8142-679a1828aff8,Tmplt HAWKER 850XP,53134224-77b0-4f81-be4b-e02f4c59eae8,VT-AGP,258835,DGCA/NEW -MISC/245,UK CAA AD G-2021-0010-E,MIS,28,"DGCA/NEW -MISC/245
Fuel -Cylinder Quick Shut-off Valve Mounting Flange - Inspection / Replacement.",,,Not Applicable to Airplanes. As Reference AD is only Applies to Cameron Balloons Ltd.,,,5667:16 H,,,,5667:16 H,,,,,,
157b8d12-c115-446e-a4dc-d12077751fe2,91aa63f8-13f1-4d97-9495-50fa7818a72b,HAWKER 850XP,ef002da4-261e-411e-8142-679a1828aff8,Tmplt HAWKER 850XP,53134224-77b0-4f81-be4b-e02f4c59eae8,VT-AGP,258835,DGCA/NewMisc/165,EASA AD 2014-0187,MIS,25,"DGCA/NewMisc/165
Equipment & Furnishings - Safety Belt Attachment Bolts - Inspection / Replacement",,,Not applicable as IPECO manufactured crew seats and Decrane manufactured (ERDA.INC) passenger seats are installed in this aircraft.,,,5667:16 H,,,,5667:16 H,,,,,,
157b8d12-c115-446e-a4dc-d12077751fe2,91aa63f8-13f1-4d97-9495-50fa7818a72b,HAWKER 850XP,ef002da4-261e-411e-8142-679a1828aff8,Tmplt HAWKER 850XP,53134224-77b0-4f81-be4b-e02f4c59eae8,VT-AGP,258835,DGCA /New-Misc/ 105,FAA AD 2008-06-27,MIS,25,"DGCA /New-Misc/ 105
To prevent failure of an evacuation system.",,,Not applicable by aircraft model Hawker 850XP.,,,5667:16 H,,,,5667:16 H,,,,,,
157b8d12-c115-446e-a4dc-d12077751fe2,91aa63f8-13f1-4d97-9495-50fa7818a72b,HAWKER 850XP,ef002da4-261e-411e-8142-679a1828aff8,Tmplt HAWKER 850XP,53134224-77b0-4f81-be4b-e02f4c59eae8,VT-AGP,258835,DGCA/HAWKER 800/04,FAA AD 2005-09-03,MIS,92,"DGCA/HAWKER 800/04
WIRING IN THE FLIGHT COMPARTMENT",,,NOT APPLICABLE BY AIRCRAFT MODEL HAWKER 850XP,,,5667:16 H,,,,5667:16 H,,,,,,
157b8d12-c115-446e-a4dc-d12077751fe2,91aa63f8-13f1-4d97-9495-50fa7818a72b,HAWKER 850XP,ef002da4-261e-411e-8142-679a1828aff8,Tmplt HAWKER 850XP,53134224-77b0-4f81-be4b-e02f4c59eae8,VT-AGP,258835,DGCA/NewMisc/147,FAA AD 2012-17-01,MIS,32,"DGCA/NewMisc/147
To Prevent Failure Of The Main Landing Gear Tires During Take Off Or Landing, Which Could Cause Damage To The Airplane Structure, Flaps, Engine, And Wheel Well And Result In Reduces Controllability Of The Airplane",,,Not applicable by Dunlop Tire PN DR 14628T installed.,,,5667:16 H,,,,5667:16 H,,,,,,
157b8d12-c115-446e-a4dc-d12077751fe2,91aa63f8-13f1-4d97-9495-50fa7818a72b,HAWKER 850XP,ef002da4-261e-411e-8142-679a1828aff8,Tmplt HAWKER 850XP,53134224-77b0-4f81-be4b-e02f4c59eae8,VT-AGP,258835,DGCA/New Misc/172,FAA AD 2015-08-07,MIS,25,"DGCA/New Misc/172
To detect and correct defective harness, which could lead in case of a sudden depressurization event, to a harness rupture thereby providing inadequate protection against hypoxia and possibly resulting in unconsciousness of the affected flight crew member and consequent reduced control of the airplane",,,"EASA AD 2011-0090 R1 as mentioned in ref .FAA AD is complied with on 12/07/2011. crew oxygen ,ask pilot & co-pilot replaced with serviceable P/N.MF10-03-02 and S/N.93510 & 96131.",,,5667:16 H,,,,5667:16 H,,,,,,
157b8d12-c115-446e-a4dc-d12077751fe2,91aa63f8-13f1-4d97-9495-50fa7818a72b,HAWKER 850XP,ef002da4-261e-411e-8142-679a1828aff8,Tmplt HAWKER 850XP,53134224-77b0-4f81-be4b-e02f4c59eae8,VT-AGP,258835,DGCA/NewMisc/187,FAA AD 2016-18-11,MIS,25,"DGCA/NewMisc/187
To prevent such cracking, which could result in depletion of the combined (left) and utility hydraulic system fluid and the nitrogen emergency blowdown system, failure of the combined (left) hydraulic system (all phrases) to provide adequate hydraulic pressure, and failure of the MLG to extend when commanded",,,Not applicable by the aircraft model Hawker 850 Xp.,,,5667:16 H,,,,5667:16 H,,,,,,
157b8d12-c115-446e-a4dc-d12077751fe2,91aa63f8-13f1-4d97-9495-50fa7818a72b,HAWKER 850XP,ef002da4-261e-411e-8142-679a1828aff8,Tmplt HAWKER 850XP,53134224-77b0-4f81-be4b-e02f4c59eae8,VT-AGP,258835,DGCA/HAWKER 800/05,FAA AD 2005-16-02,MOD,25,"DGCA/HAWKER 800/05
COCKPIT VENTILATION AND AVIONICS COOLING SYSTEM BLOWERS",,,NOT APPLICABLE BY AIRCRAFT MODEL HAWKER 850XP,,,5667:16 H,,,,5667:16 H,,,,,,
157b8d12-c115-446e-a4dc-d12077751fe2,91aa63f8-13f1-4d97-9495-50fa7818a72b,HAWKER 850XP,ef002da4-261e-411e-8142-679a1828aff8,Tmplt HAWKER 850XP,53134224-77b0-4f81-be4b-e02f4c59eae8,VT-AGP,258835,DGCA/NEW -MISC/203,EASA AD No.:2018-0195,MIS,25,"DGCA/NEW -MISC/203
Equipment / Furnishings - Restraint Systems Rotary Buckle Sub Assembly - Removal from Service",,,Not applicable as passenger and crew Seat belts and restraint systems are manufactured by AM-SAFE,,,5667:16 H,,,,5667:16 H,,,,,,
157b8d12-c115-446e-a4dc-d12077751fe2,91aa63f8-13f1-4d97-9495-50fa7818a72b,HAWKER 850XP,ef002da4-261e-411e-8142-679a1828aff8,Tmplt HAWKER 850XP,53134224-77b0-4f81-be4b-e02f4c59eae8,VT-AGP,258835,DGCA/NEW MISC/235,FAA AD 2020-21-02],MIS,26,"DGCA/NEW MISC/235
AIR TRANSPORT ASSOCIATION(ATA) OF AMERICA CODE 26 FIRE PROTECTION.",,,Not Applicable by the Aircraft Model Hawker 800XP(Passenger aircraft).,,,5667:16 H,,,,5667:16 H,,,,,,
157b8d12-c115-446e-a4dc-d12077751fe2,91aa63f8-13f1-4d97-9495-50fa7818a72b,HAWKER 850XP,ef002da4-261e-411e-8142-679a1828aff8,Tmplt HAWKER 850XP,53134224-77b0-4f81-be4b-e02f4c59eae8,VT-AGP,258835,DGCA/NEW -MISC/236,EASA AD No.: 2020-0272,MIS,25,"DGCA/NEW -MISC/236
Equipment / Furnishings - Buckle - Modification / Replacement.",,,Not applicable as AM-SAFE manufactured seat restrainsystem is installed in this aircraft.,,,5667:16 H,,,,5667:16 H,,,,,,
157b8d12-c115-446e-a4dc-d12077751fe2,91aa63f8-13f1-4d97-9495-50fa7818a72b,HAWKER 850XP,ef002da4-261e-411e-8142-679a1828aff8,Tmplt HAWKER 850XP,53134224-77b0-4f81-be4b-e02f4c59eae8,VT-AGP,258835,DGCA/ NewMisc/188,FAA AD 2016-20-06,SB,25,"DGCA/NewMisc/188
To prevent failure of the elevator assembly and consequent loss of control of the airplane.",,,Not applicable by the aircraft model Hawker 850 Xp,,,5667:16 H,,,,5667:16 H,,,,,,
157b8d12-c115-446e-a4dc-d12077751fe2,91aa63f8-13f1-4d97-9495-50fa7818a72b,HAWKER 850XP,ef002da4-261e-411e-8142-679a1828aff8,Tmplt HAWKER 850XP,53134224-77b0-4f81-be4b-e02f4c59eae8,VT-AGP,258835,DGCA/New Misc/124,FAA AD 2010-11-05,MIS,35,"DGCA/New Misc/124
Oxygen Cylinder - Inspection/ Replacement - To Prevent Oxygen Cylinder From Rupturing,",,,Not applicable as Walter Kidde Aerospace WKA 37447 Oxygen Cylinder installed,,,5667:16 H,,,,5667:16 H,,,,,,
157b8d12-c115-446e-a4dc-d12077751fe2,91aa63f8-13f1-4d97-9495-50fa7818a72b,HAWKER 850XP,ef002da4-261e-411e-8142-679a1828aff8,Tmplt HAWKER 850XP,53134224-77b0-4f81-be4b-e02f4c59eae8,VT-AGP,258835,DGCA/New Misc/170,EASA AD 2014-0279,MIS,25,"DGCA/New Misc/170
Equipment / Furnishing - Restraint System Rotary Buckle Sub-Assembly - Identification / Replacement",,,Not applicable as AM-SAFE manufactured Restraint system is installed in this aircraft,,,5667:16 H,,,,5667:16 H,,,,,,
157b8d12-c115-446e-a4dc-d12077751fe2,91aa63f8-13f1-4d97-9495-50fa7818a72b,HAWKER 850XP,ef002da4-261e-411e-8142-679a1828aff8,Tmplt HAWKER 850XP,53134224-77b0-4f81-be4b-e02f4c59eae8,VT-AGP,258835,DGCA/New Misc/127 R1,EASA AD 2010-0204 [Correction: 07 June 2011],MIS,34,"DGCA/New Misc/127 R1
Navigation Systems - Mode-S Transponder - Modification / Replacement",,,Not applicable as Honeywell manufactured transponder is installed in aircraft,,,5667:16 H,,,,5667:16 H,,,,,,
157b8d12-c115-446e-a4dc-d12077751fe2,91aa63f8-13f1-4d97-9495-50fa7818a72b,HAWKER 850XP,ef002da4-261e-411e-8142-679a1828aff8,Tmplt HAWKER 850XP,53134224-77b0-4f81-be4b-e02f4c59eae8,VT-AGP,258835,DGCA/NewMisc/121,TC AD CF-2009-44,MIS,25,"DGCA/NewMisc/121
Emergency Locator Transmitter - Potential Failure To Transmit The Required 406MHz Coded Signal",,,Not applicable as Artex manufactured ELT is installed in the aircraft.,,,5667:16 H,,,,5667:16 H,,,,,,
157b8d12-c115-446e-a4dc-d12077751fe2,91aa63f8-13f1-4d97-9495-50fa7818a72b,HAWKER 850XP,ef002da4-261e-411e-8142-679a1828aff8,Tmplt HAWKER 850XP,53134224-77b0-4f81-be4b-e02f4c59eae8,VT-AGP,258835,DGCA/NewMisc/143,EASA AD 2012-0037,MIS,26,"DGCA/NewMisc/143
Fire Protection - Hand Operated Fire Extinguisher - Modification",,,Not applicable as Fire Fighting Enterprises Ltd. fire extinguisher is installed. Ref. AD is applicable to Kidde Graviner hand operated fire extinguishers.,,,5667:16 H,,,,5667:16 H,,,,,,
157b8d12-c115-446e-a4dc-d12077751fe2,91aa63f8-13f1-4d97-9495-50fa7818a72b,HAWKER 850XP,ef002da4-261e-411e-8142-679a1828aff8,Tmplt HAWKER 850XP,53134224-77b0-4f81-be4b-e02f4c59eae8,VT-AGP,258835,DGCA/NewMisc/104,FAA AD 2007-26-11,MIS,35,"DGCA/NewMisc/104
Risk Of High Pressure Oxygen Cylinder Tearing.",,,Not applicable as Walter Kidde Aerospace WKA 37447 Oxygen Cylinder installed.,,,5667:16 H,,,,5667:16 H,,,,,,
157b8d12-c115-446e-a4dc-d12077751fe2,91aa63f8-13f1-4d97-9495-50fa7818a72b,HAWKER 850XP,ef002da4-261e-411e-8142-679a1828aff8,Tmplt HAWKER 850XP,53134224-77b0-4f81-be4b-e02f4c59eae8,VT-AGP,258835,DGCA/New Misc/129,FAA AD 2011-01-09,MIS,35,"DGCA/New Misc/129
Air Transport Association (ATA) of America Code 35: Oxygen.",,,Not applicable by Aircraft Model.,,,5667:16 H,,,,5667:16 H,,,,,,
157b8d12-c115-446e-a4dc-d12077751fe2,91aa63f8-13f1-4d97-9495-50fa7818a72b,HAWKER 850XP,ef002da4-261e-411e-8142-679a1828aff8,Tmplt HAWKER 850XP,53134224-77b0-4f81-be4b-e02f4c59eae8,VT-AGP,258835,DGCA/NEW -MISC/215,FAA AD 2019-01-02,MIS,34,"DGCA/NEW -MISC/215
Joint Aircraft System Component (JASC): 3410, Flight Environment Data; and 3420, Attitude and Direction Data System.",,,Not applicable as Honeywell manufactured ED-800 MFD is installed in aircraft.,,,5667:16 H,,,,5667:16 H,,,,,,
157b8d12-c115-446e-a4dc-d12077751fe2,91aa63f8-13f1-4d97-9495-50fa7818a72b,HAWKER 850XP,ef002da4-261e-411e-8142-679a1828aff8,Tmplt HAWKER 850XP,53134224-77b0-4f81-be4b-e02f4c59eae8,VT-AGP,258835,DGCA/New Misc/185,EASA AD 2016-0256,MIS,25,"DGCA/New Misc/185
Equipment / Furnishings - Pilot and Co-pilot Seats - Modification",,,Not applicable by the installed pilot and co-pilot seat Part number,,,5667:16 H,,,,5667:16 H,,,,,,
157b8d12-c115-446e-a4dc-d12077751fe2,91aa63f8-13f1-4d97-9495-50fa7818a72b,HAWKER 850XP,ef002da4-261e-411e-8142-679a1828aff8,Tmplt HAWKER 850XP,53134224-77b0-4f81-be4b-e02f4c59eae8,VT-AGP,258835,DGCA / NEW MISCELLAN EOUS /265,FAA AD 2025-16-09,MIS,25,"DGCA / NEW MISCELLAN EOUS /265
Air Transport Association (ATA) of America Code:25, Equipment/Furnishings, or Joint Aircraft System Component (JASC) Code 2500, Cabin Equipment/Furnishing; and 2510, flight Compartment Equipment.",,,Not applicable as aircraft is equiped with metal rotary buckle.,,,5667:16 H,,,,5667:16 H,,,,,,
157b8d12-c115-446e-a4dc-d12077751fe2,91aa63f8-13f1-4d97-9495-50fa7818a72b,HAWKER 850XP,ef002da4-261e-411e-8142-679a1828aff8,Tmplt HAWKER 850XP,53134224-77b0-4f81-be4b-e02f4c59eae8,VT-AGP,258835,DGCA/NewMisc/106,EASA AD 2008-0159,MIS,34,"DGCA/NewMisc/106
Navigation Systems - Mode-S Transponder - Modification / Replacement",,,Not applicable as Honeywell RCZ-833 model Transponder in installed in aircraft.,,,5667:16 H,,,,5667:16 H,,,,,,
157b8d12-c115-446e-a4dc-d12077751fe2,91aa63f8-13f1-4d97-9495-50fa7818a72b,HAWKER 850XP,ef002da4-261e-411e-8142-679a1828aff8,Tmplt HAWKER 850XP,53134224-77b0-4f81-be4b-e02f4c59eae8,VT-AGP,258835,DGCA/New Misc/145,,MIS,25,"DGCA/NewMisc/145
To prevent turbocharger bearing seizure, failed turbocharger components, and damage to the To prevent turbocharger bearing seizure, failed turbocharger components, and damage to the airplane.",,,Not Applicable as Turbocharger is not installed in aircraft.,,,5667:16 H,,,,5667:16 H,,,,,,
157b8d12-c115-446e-a4dc-d12077751fe2,91aa63f8-13f1-4d97-9495-50fa7818a72b,HAWKER 850XP,ef002da4-261e-411e-8142-679a1828aff8,Tmplt HAWKER 850XP,53134224-77b0-4f81-be4b-e02f4c59eae8,VT-AGP,258835,DGCA/NEW MISC/154,EASA AD 2013-0106,MIS,25,"DGCA/NEW MISC/154
Equipment / Furnishings - Varnish on Veneered Panels - Inspection / Re-furbishing",,,"Not applicable by aircraft model, applicable for Falcon 2000& Gulfstream G-V",,,5667:16 H,,,,5667:16 H,,,,,,
157b8d12-c115-446e-a4dc-d12077751fe2,91aa63f8-13f1-4d97-9495-50fa7818a72b,HAWKER 850XP,ef002da4-261e-411e-8142-679a1828aff8,Tmplt HAWKER 850XP,53134224-77b0-4f81-be4b-e02f4c59eae8,VT-AGP,258835,DGCA / NEW MISCELLANEOUS / 266,UK CAA AD: G-2025- 0005,MIS#,25,"DGCA / NEW MISCELLANEOUS / 266
Equipment / Furnishings -Passenger Seats - Modification",,,Not applicable as Seat is not manufactured by the said manufacturer.,,,5667:16 H,,,,5667:16 H,,,,,,
157b8d12-c115-446e-a4dc-d12077751fe2,91aa63f8-13f1-4d97-9495-50fa7818a72b,HAWKER 850XP,ef002da4-261e-411e-8142-679a1828aff8,Tmplt HAWKER 850XP,53134224-77b0-4f81-be4b-e02f4c59eae8,VT-AGP,258835,DGCA/NewMisc/192,FAA AD 2017-09-09,MIS#,25,"DGCA/NewMisc/192
TO PREVENT SERIOUS INJURY TO THE OCCUPANT DURING FORWARD IMPACTS IN EMERGENCY LANDING CONDITIONS",,,Not applicable as ERDA Inc (Decrane) manufactured passenger seats are installed in this aircraft.,,,5667:16 H,,,,5667:16 H,,,,,,
157b8d12-c115-446e-a4dc-d12077751fe2,91aa63f8-13f1-4d97-9495-50fa7818a72b,HAWKER 850XP,ef002da4-261e-411e-8142-679a1828aff8,Tmplt HAWKER 850XP,53134224-77b0-4f81-be4b-e02f4c59eae8,VT-AGP,258835,DGCA/NewMisc/163,,MIS,25,"DGCA/NewMisc/163
Crash Position Indicator - Modification Aircraft Flight Manual - Amendment",,,Not applicable as crash position indicator is not installed in this aircraft,,,5667:16 H,,,,5667:16 H,,,,,,
157b8d12-c115-446e-a4dc-d12077751fe2,91aa63f8-13f1-4d97-9495-50fa7818a72b,HAWKER 850XP,ef002da4-261e-411e-8142-679a1828aff8,Tmplt HAWKER 850XP,53134224-77b0-4f81-be4b-e02f4c59eae8,VT-AGP,258835,DGCA/ NEW MISC/ 241,EASA AD : 2021-0137,MIS,25,"DGCA/ NEW MISC/ 241
Equipment / Furnishings - Pilot and Co-pilot Seats / Longitudinal Locking System Pins - Measurement / Adjustment",,,Not Applicable by IPECO pilot and Co-pilot seats are Installed.,,,5667:16 H,,,,5667:16 H,,,,,,
157b8d12-c115-446e-a4dc-d12077751fe2,91aa63f8-13f1-4d97-9495-50fa7818a72b,HAWKER 850XP,ef002da4-261e-411e-8142-679a1828aff8,Tmplt HAWKER 850XP,53134224-77b0-4f81-be4b-e02f4c59eae8,VT-AGP,258835,DGCA/NEW -MISC/214,FAA AD 2018-25-17,MIS,21,"DGCA/NEW -MISC/214
Joint Aircraft Service Component (JASC) Code: 2197, Air Conditioning System Wiring.",,,Not applicable by the aircraft model Hawker 850 XP,,,5667:16 H,,,,5667:16 H,,,,,,
157b8d12-c115-446e-a4dc-d12077751fe2,91aa63f8-13f1-4d97-9495-50fa7818a72b,HAWKER 850XP,ef002da4-261e-411e-8142-679a1828aff8,Tmplt HAWKER 850XP,53134224-77b0-4f81-be4b-e02f4c59eae8,VT-AGP,258835,DGCA/NEW -MISC /169R1,FAA AD 2015-10-02,MIS,25,"DGCA/NEW -MISC /169R1
TO DETECT AND CORRECT CRACKS IN THE BACKREST LINKS, WHICH COULD AFFECT THE STRUCTURAL INTEGRITY OF SEAT BACKRESTS. FAILURE OF THE BACKREST LINKS COULD RESULT IN INJURY TO AN OCCUPANT DURING EMERGENCY LANDING CONDITIONS",,,Not applicable as IPECO manufactured crew seats and Decrane manufactured (ERDA.INC) passenger seats are installed in this aircraft.,,,5667:16 H,,,,5667:16 H,,,,,,
157b8d12-c115-446e-a4dc-d12077751fe2,91aa63f8-13f1-4d97-9495-50fa7818a72b,HAWKER 850XP,ef002da4-261e-411e-8142-679a1828aff8,Tmplt HAWKER 850XP,53134224-77b0-4f81-be4b-e02f4c59eae8,VT-AGP,258835,DGCA/NewMisc/114 Rev.1,FAA AD 2010-03-02,MIS,25,"DGCA/NewMisc/114 Rev.1
To prevent failure of a hook during rescue hoist operations, loss of the rescued passenger, and subsequent serious injury or fatality.",,,"Not applicable to airplanes, this MOD is only applicable to helicopter.",,,5667:16 H,,,,5667:16 H,,,,,,
157b8d12-c115-446e-a4dc-d12077751fe2,91aa63f8-13f1-4d97-9495-50fa7818a72b,HAWKER 850XP,ef002da4-261e-411e-8142-679a1828aff8,Tmplt HAWKER 850XP,53134224-77b0-4f81-be4b-e02f4c59eae8,VT-AGP,258835,DGCA / New Misc / 262,FAA AD 2025-07-01,MIS,34,"DGCA / New Misc / 262
Joint Aircraft System Component (JASC) Code 3417, Air Data Computer",,,Not applicable as per manufacture of ADC installed and type of aircraft. VT-AGP is installed with Rockwell Collins ADC. Ref. A/F Logbook Vol. 13 Pg. No. 111,,,5667:16 H,,,,5667:16 H,,,,,,
157b8d12-c115-446e-a4dc-d12077751fe2,91aa63f8-13f1-4d97-9495-50fa7818a72b,HAWKER 850XP,ef002da4-261e-411e-8142-679a1828aff8,Tmplt HAWKER 850XP,53134224-77b0-4f81-be4b-e02f4c59eae8,VT-AGP,258835,DGCA / NEW MISCELLAN EOUS /259,FAA AD 2024-14-03,MIS,22,"DGCA / NEW MISCELLAN EOUS /259
Joint Aircraft System Component (JASC) Code 2210, Autopilot System",,,Not applkicable as per the affected part is not installed on the aircraft.,,,5667:16 H,,,,5667:16 H,,,,,,
157b8d12-c115-446e-a4dc-d12077751fe2,91aa63f8-13f1-4d97-9495-50fa7818a72b,HAWKER 850XP,ef002da4-261e-411e-8142-679a1828aff8,Tmplt HAWKER 850XP,53134224-77b0-4f81-be4b-e02f4c59eae8,VT-AGP,258835,DGCA/New Misc/55,CAA AD 002-11-2001,MIS#,25,"DGCA/New Misc/55
Hydrolok Pin Orientation",,,Not applicable as ERDA .Inc ( Decrane) Manufactured passenger seats are installed in this aircraft.,,,5667:16 H,,,,5667:16 H,,,,,,
157b8d12-c115-446e-a4dc-d12077751fe2,91aa63f8-13f1-4d97-9495-50fa7818a72b,HAWKER 850XP,ef002da4-261e-411e-8142-679a1828aff8,Tmplt HAWKER 850XP,53134224-77b0-4f81-be4b-e02f4c59eae8,VT-AGP,258835,DGCA/NewMisc/152 Rev 5,,MIS,25,"DGCA/NewMisc/152 Rev 5
Equipment & Furnishings - Safety Belts / Torso Restraint Systems - Inspection / Replacement",,,Not applicable as no maintenance or repair work carried out on seat belt/ Torso restraint system.,,,5667:16 H,,,,5667:16 H,,,,,,
157b8d12-c115-446e-a4dc-d12077751fe2,91aa63f8-13f1-4d97-9495-50fa7818a72b,HAWKER 850XP,ef002da4-261e-411e-8142-679a1828aff8,Tmplt HAWKER 850XP,53134224-77b0-4f81-be4b-e02f4c59eae8,VT-AGP,258835,DGCA/NEW -MISC/223,EASA AD 2019-0125,MIS,25,"DGCA/NEW -MISC/223
Equipment / Furnishing - 9G NGS XL StepX Stretcher 1120050-Series - Modification.",,,Not applicable by aircraft model HAWKER 850XP.,,,5667:16 H,,,,5667:16 H,,,,,,
157b8d12-c115-446e-a4dc-d12077751fe2,91aa63f8-13f1-4d97-9495-50fa7818a72b,HAWKER 850XP,ef002da4-261e-411e-8142-679a1828aff8,Tmplt HAWKER 850XP,53134224-77b0-4f81-be4b-e02f4c59eae8,VT-AGP,258835,DGCA/New Misc/150 Rev 1,FAA AD 2013-21-02,MIS,72,"DGCA/New Misc/150 Rev 1
To Prevent Turbocharger wheel failure , reduction or complete loss of engine power, loss of engine oil, oil fire and damage to the aircraft.",,,Not Applicable by the Engine Model installed on aircraft,,,5667:16 H,,,,5667:16 H,,,,,,
157b8d12-c115-446e-a4dc-d12077751fe2,91aa63f8-13f1-4d97-9495-50fa7818a72b,HAWKER 850XP,ef002da4-261e-411e-8142-679a1828aff8,Tmplt HAWKER 850XP,53134224-77b0-4f81-be4b-e02f4c59eae8,VT-AGP,258835,DGCA/NEW -MISC/249,EASA AD : 2022-0024,MIS,34,"DGCA/NEW -MISC/249
Navigation - Flight Management Computer 2 / Navigation Modules - Operational Limitations / Amendment.",,,Not applicable as Honeywell Inc. Manufactured flight management computer is installed in the aircraft.,,,5667:16 H,,,,5667:16 H,,,,,,
157b8d12-c115-446e-a4dc-d12077751fe2,91aa63f8-13f1-4d97-9495-50fa7818a72b,HAWKER 850XP,ef002da4-261e-411e-8142-679a1828aff8,Tmplt HAWKER 850XP,53134224-77b0-4f81-be4b-e02f4c59eae8,VT-AGP,258835,DGCA/New Misc/135,EASA AD 2011-0098,MIS,25,"DGCA/New Misc/135
Equipment & Furnishings - Passenger Seat - Replacement",,,Not Applicable by Aircraft Model Hawker 850XP.,,,5667:16 H,,,,5667:16 H,,,,,,
157b8d12-c115-446e-a4dc-d12077751fe2,91aa63f8-13f1-4d97-9495-50fa7818a72b,HAWKER 850XP,ef002da4-261e-411e-8142-679a1828aff8,Tmplt HAWKER 850XP,53134224-77b0-4f81-be4b-e02f4c59eae8,VT-AGP,258835,DGCA/New Misc/ 156,FAA AD 2013-09-11,MIS,21,"DGCA/New Misc/ 156
To Prevent the Brushes in the A/C Motor from wearing down, which could result in the Rivet in the Brush contacting the commutator causing sparks and consequent fire and or smoke in the tail cone with no means to detect or extinguish the fire and or smoke.",,,Not Applicable by the Aircraft Model Hawker 850 XP.,,,5667:16 H,,,,5667:16 H,,,,,,
157b8d12-c115-446e-a4dc-d12077751fe2,91aa63f8-13f1-4d97-9495-50fa7818a72b,HAWKER 850XP,ef002da4-261e-411e-8142-679a1828aff8,Tmplt HAWKER 850XP,53134224-77b0-4f81-be4b-e02f4c59eae8,VT-AGP,258835,DGCA/NEW -MISC/213,CF-2019-01,MIS,20,"DGCA/NEW -MISC/213
Standard Practices - Helicopter External Transport System (HETS?) - Unapproved Parts, Inadequate Service Life Limits and Maintenance Requirements",,,Not applicable by the aircraft model Hawker 850XP.,,,5667:16 H,,,,5667:16 H,,,,,,
157b8d12-c115-446e-a4dc-d12077751fe2,91aa63f8-13f1-4d97-9495-50fa7818a72b,HAWKER 850XP,ef002da4-261e-411e-8142-679a1828aff8,Tmplt HAWKER 850XP,53134224-77b0-4f81-be4b-e02f4c59eae8,VT-AGP,258835,DGCA/NewMisc/173,EASA AD 2015-0093,MIS,34,"DGCA/NewMisc/173
Navigation - Attitude Heading Reference System - Modification / Replacement",,,Not Applicable as Honeywell Manufactured AHRS is installed in this aircraft.,,,5667:16 H,,,,5667:16 H,,,,,,
157b8d12-c115-446e-a4dc-d12077751fe2,91aa63f8-13f1-4d97-9495-50fa7818a72b,HAWKER 850XP,ef002da4-261e-411e-8142-679a1828aff8,Tmplt HAWKER 850XP,53134224-77b0-4f81-be4b-e02f4c59eae8,VT-AGP,258835,DGCA/New Misc/131,EASA AD 2011-0043,MIS,34,"DGCA/New Misc/131
Navigation Systems - Mode-S Transponder Control Panels - Modification",,,Not Applicable by Aircraft Model Hawker 850XP.,,,5667:16 H,,,,5667:16 H,,,,,,
157b8d12-c115-446e-a4dc-d12077751fe2,91aa63f8-13f1-4d97-9495-50fa7818a72b,HAWKER 850XP,ef002da4-261e-411e-8142-679a1828aff8,Tmplt HAWKER 850XP,53134224-77b0-4f81-be4b-e02f4c59eae8,VT-AGP,258835,DGCA / NEW MISCELLANEOUS / 268,"DGCA letter reference no.: DGCA 21011/2/2022-AW, dated 19/11/2025",MIS,34,"DGCA / NEW MISCELLANEOUS / 268
5G C-Band (3300 - 3600 MHz) - Fitment of modified Radio Altimeters on aircraft - reg",,,Applicable and will be complied on or before 31st Dec 2027,,5527:11 H,5667:16 H,,,,5667:16 H,,,,,,
157b8d12-c115-446e-a4dc-d12077751fe2,91aa63f8-13f1-4d97-9495-50fa7818a72b,HAWKER 850XP,ef002da4-261e-411e-8142-679a1828aff8,Tmplt HAWKER 850XP,53134224-77b0-4f81-be4b-e02f4c59eae8,VT-AGP,258835,DGCA/New Misc/133,EASA AD 2011-0094,MIS,25,"DGCA/New Misc/133
Equipment and Furnishing - Life Jacket Vacuum Bag - Modification",,,Not applicable as Life Jacket part no.P01074101 installed.,,,5667:16 H,,,,5667:16 H,,,,,,
157b8d12-c115-446e-a4dc-d12077751fe2,91aa63f8-13f1-4d97-9495-50fa7818a72b,HAWKER 850XP,ef002da4-261e-411e-8142-679a1828aff8,Tmplt HAWKER 850XP,53134224-77b0-4f81-be4b-e02f4c59eae8,VT-AGP,258835,DGCA/NewMisc/110,FAA AD 2009-05-05,MIS,25,"DGCA/NewMisc/110
To prevent certain conditions from existing when PFDs display incorrect attitude,altitude information",,,Not applicable as Thales-Communication VHF is not installed.,,,5667:16 H,,,,5667:16 H,,,,,,
157b8d12-c115-446e-a4dc-d12077751fe2,91aa63f8-13f1-4d97-9495-50fa7818a72b,HAWKER 850XP,ef002da4-261e-411e-8142-679a1828aff8,Tmplt HAWKER 850XP,53134224-77b0-4f81-be4b-e02f4c59eae8,VT-AGP,258835,DGCA/NewMisc/107,EASA AD 2006-0140 R4,MIS,21,"DGCA/NewMisc/107
Air Conditioning - Zonal Drying System Deactivation",,,Not applicable as Zonal Drying System not installed on Aircraft.,,,5667:16 H,,,,5667:16 H,,,,,,
157b8d12-c115-446e-a4dc-d12077751fe2,91aa63f8-13f1-4d97-9495-50fa7818a72b,HAWKER 850XP,ef002da4-261e-411e-8142-679a1828aff8,Tmplt HAWKER 850XP,53134224-77b0-4f81-be4b-e02f4c59eae8,VT-AGP,258835,DGCA/NEW -MISC/144,FAA AD 2012-06-25,MIS,25,"DGCA/NEW -MISC/144
To prevent loss of pressure in the escape slides/rafts after an emergency evacuation.",,,Not Applicable as Aircraft Model Hawker 850XP,,,5667:16 H,,,,5667:16 H,,,,,,
157b8d12-c115-446e-a4dc-d12077751fe2,91aa63f8-13f1-4d97-9495-50fa7818a72b,HAWKER 850XP,ef002da4-261e-411e-8142-679a1828aff8,Tmplt HAWKER 850XP,53134224-77b0-4f81-be4b-e02f4c59eae8,VT-AGP,258835,DGCA/NEW MISC/229,EASA AD No.: 2020-0013,MIS,26,"DGCA/NEW MISC/229
Fire Protection - Hand-held Fire Extinguishers - Replacement",,,Not applicable by aircraft model Hawker 850XP.,,,5667:16 H,,,,5667:16 H,,,,,,
157b8d12-c115-446e-a4dc-d12077751fe2,91aa63f8-13f1-4d97-9495-50fa7818a72b,HAWKER 850XP,ef002da4-261e-411e-8142-679a1828aff8,Tmplt HAWKER 850XP,53134224-77b0-4f81-be4b-e02f4c59eae8,VT-AGP,258835,DGCA/New Misc/47,FAR 121.314 (c),MIS#,25,"DGCA/New Misc/47
Cargo and baggage compartment",,,Not applicable as aircraft not engaged in scheduled air transport services.,,,5667:16 H,,,,5667:16 H,,,,,,
157b8d12-c115-446e-a4dc-d12077751fe2,91aa63f8-13f1-4d97-9495-50fa7818a72b,HAWKER 850XP,ef002da4-261e-411e-8142-679a1828aff8,Tmplt HAWKER 850XP,53134224-77b0-4f81-be4b-e02f4c59eae8,VT-AGP,258835,DGCA / NEW MISCELLAN EOUS / 264,EASA AD 2025-0088,MIS,34,"DGCA / NEW MISCELLAN EOUS / 264
ATA 34 - Navigation - Satellite Based Augmentation Systems / Global Positioning System Receiver - Replacement.",,,Applicable as per make & model of the GPS installed. VT_AGP is installed with Rockwell Collins GPS-4000S P/N: 822-2189-100. Due on 29-Apr-2027. Ref. A/F Logbook Vol. 13 Pg. No. 111,,,5667:16 H,,,,5667:16 H,,,,,,
157b8d12-c115-446e-a4dc-d12077751fe2,91aa63f8-13f1-4d97-9495-50fa7818a72b,HAWKER 850XP,ef002da4-261e-411e-8142-679a1828aff8,Tmplt HAWKER 850XP,53134224-77b0-4f81-be4b-e02f4c59eae8,VT-AGP,258835,DGCA/New Misc/10,FAR PART 121.317(b),MIS,25,"DGCA/New Misc/10
Fasten Seat Belt While Seated"" sign or playcard on each forward bulkhead and on each passenger seat back.",,,Applicable and found complied.,,,5667:16 H,,,,5667:16 H,,,,,,
157b8d12-c115-446e-a4dc-d12077751fe2,91aa63f8-13f1-4d97-9495-50fa7818a72b,HAWKER 850XP,ef002da4-261e-411e-8142-679a1828aff8,Tmplt HAWKER 850XP,53134224-77b0-4f81-be4b-e02f4c59eae8,VT-AGP,258835,DGCA/NEW -MISC/247R 1,FAA AD 2023-11-07,MIS,31,"DGCA/NEW -MISC/247R 1
Air Transport Association (ATA) of America Code 3444, Ground Proximity System",,,Not applicable as the affected part is not installed on the aircraft,,,5667:16 H,,,,5667:16 H,,,,,,
157b8d12-c115-446e-a4dc-d12077751fe2,91aa63f8-13f1-4d97-9495-50fa7818a72b,HAWKER 850XP,ef002da4-261e-411e-8142-679a1828aff8,Tmplt HAWKER 850XP,53134224-77b0-4f81-be4b-e02f4c59eae8,VT-AGP,258835,DGCA / NEW MISCELLANEOUS / 270R1,EASA AD No.: 2025-0294R1,MIS#,25,"DGCA / NEW MISCELLANEOUS / 270R1
ATA 25 - Equipment / Furnishings - Medical Seats - Modification",,,Not Applicable as Medical Seats are not Installed.,,5555:43 H,5667:16 H,,,,5667:16 H,,,,,,
157b8d12-c115-446e-a4dc-d12077751fe2,91aa63f8-13f1-4d97-9495-50fa7818a72b,HAWKER 850XP,ef002da4-261e-411e-8142-679a1828aff8,Tmplt HAWKER 850XP,53134224-77b0-4f81-be4b-e02f4c59eae8,VT-AGP,258835,DGCA/NEW -MISC/204,FAA AD 2018-17-11,MIS,28,"DGCA/NEW -MISC/204
Air Transport Association of America (ATA) Code 28: Fuel",,,Not applicable by the aircraft model Hawker 850 XP.,,,5667:16 H,,,,5667:16 H,,,,,,
157b8d12-c115-446e-a4dc-d12077751fe2,91aa63f8-13f1-4d97-9495-50fa7818a72b,HAWKER 850XP,ef002da4-261e-411e-8142-679a1828aff8,Tmplt HAWKER 850XP,53134224-77b0-4f81-be4b-e02f4c59eae8,VT-AGP,258835,DGCA/NewMisc/142,EASA AD 2012-0038,MIS,25,"DGCA/NewMisc/142
Equipment & Furnishings - Passenger Seat Backrest Link - Inspection / Replacement",,,Not applicable as Decrane aircraft seating company passenger seats& IPECO crew seats are installed.,,,5667:16 H,,,,5667:16 H,,,,,,
157b8d12-c115-446e-a4dc-d12077751fe2,91aa63f8-13f1-4d97-9495-50fa7818a72b,HAWKER 850XP,ef002da4-261e-411e-8142-679a1828aff8,Tmplt HAWKER 850XP,53134224-77b0-4f81-be4b-e02f4c59eae8,VT-AGP,258835,DGCA / NEW MISCELLANEOUS / 269,EASA AD 2025-0295,MIS#,25,"DGCA / NEW MISCELLANEOUS / 269
ATA 25 - Equipment / Furnishings - Pallet Net - Limitation",,,Not applicable as pallet net is not installed on the aircraft.,,5528:45 H,5667:16 H,,,,5667:16 H,,,,,,
157b8d12-c115-446e-a4dc-d12077751fe2,91aa63f8-13f1-4d97-9495-50fa7818a72b,HAWKER 850XP,ef002da4-261e-411e-8142-679a1828aff8,Tmplt HAWKER 850XP,53134224-77b0-4f81-be4b-e02f4c59eae8,VT-AGP,258835,DGCA/ NEW MISC/246,FAA AD 2021-23-12,MIS,31,"DGCA/ NEW MISC/246
Air Transport Association (ATA) of America Code 31, Indicating/Recording System; 34, Navigation.",,,Applicable and found complied on the aircraft.,,,5667:16 H,,,,5667:16 H,,,,,,
157b8d12-c115-446e-a4dc-d12077751fe2,91aa63f8-13f1-4d97-9495-50fa7818a72b,HAWKER 850XP,ef002da4-261e-411e-8142-679a1828aff8,Tmplt HAWKER 850XP,53134224-77b0-4f81-be4b-e02f4c59eae8,VT-AGP,258835,DGCA/NEW MISC/199,FAA AD 2018-02-04,MIS,25,"DGCA/NEW MISC/199
Joint Aircraft system component - Muffler/Cuff Spot Weld Failure",,,Not applicable as Muffler is not installed in this aircraft.,,,5667:16 H,,,,5667:16 H,,,,,,
157b8d12-c115-446e-a4dc-d12077751fe2,91aa63f8-13f1-4d97-9495-50fa7818a72b,HAWKER 850XP,ef002da4-261e-411e-8142-679a1828aff8,Tmplt HAWKER 850XP,53134224-77b0-4f81-be4b-e02f4c59eae8,VT-AGP,258835,DGCA/New Misc/138 R1,FAA AD 2012-08-07,MIS,25,"DGCA/New Misc/138 R1
To detect and correct cracking of the central and lateral spreaders, which could lead to further cracking of the seat spreaders, causing injury to passengers or crew members during heavy turbulence in flight or in the event of an emergency landing.",,,Not applicable as Decrane aircraft Seating Company passenger seats are installed.,,,5667:16 H,,,,5667:16 H,,,,,,
157b8d12-c115-446e-a4dc-d12077751fe2,91aa63f8-13f1-4d97-9495-50fa7818a72b,HAWKER 850XP,ef002da4-261e-411e-8142-679a1828aff8,Tmplt HAWKER 850XP,53134224-77b0-4f81-be4b-e02f4c59eae8,VT-AGP,258835,DGCA/NEW -MISC/212,EASA AD 2019-0004,MIS,34,"DGCA/NEW -MISC/212
Navigation - Global Navigation Satellite System - Operational Limitations",,,Not applicable as Honeywell manufactured GPS unit is installed in aircraft.,,,5667:16 H,,,,5667:16 H,,,,,,
157b8d12-c115-446e-a4dc-d12077751fe2,91aa63f8-13f1-4d97-9495-50fa7818a72b,HAWKER 850XP,ef002da4-261e-411e-8142-679a1828aff8,Tmplt HAWKER 850XP,53134224-77b0-4f81-be4b-e02f4c59eae8,VT-AGP,258835,DGCA/NewMisc/164,EASA AD 2014-0142Rev 1,MIS,35,"DGCA/NewMisc/164
Oxygen - Oxygen Mask Regulator Inflatable Harness / Inflation Hose - Identification / Replacement",,,Not applicable by the installed oxygen mask part number,,,5667:16 H,,,,5667:16 H,,,,,,
157b8d12-c115-446e-a4dc-d12077751fe2,91aa63f8-13f1-4d97-9495-50fa7818a72b,HAWKER 850XP,ef002da4-261e-411e-8142-679a1828aff8,Tmplt HAWKER 850XP,53134224-77b0-4f81-be4b-e02f4c59eae8,VT-AGP,258835,DGCA/New Misc/125,FAA AD 2010-13-10,MIS,25,"DGCA/New Misc/125
To Prevent Loss Of Propeller Pitch Control, Damage To The Engine Which Could Prevent Continued Safe Flight Or Safe Landing.",,,Not Applicable As Turbo fan engine is Installed in aircraft .,,,5667:16 H,,,,5667:16 H,,,,,,
157b8d12-c115-446e-a4dc-d12077751fe2,91aa63f8-13f1-4d97-9495-50fa7818a72b,HAWKER 850XP,ef002da4-261e-411e-8142-679a1828aff8,Tmplt HAWKER 850XP,53134224-77b0-4f81-be4b-e02f4c59eae8,VT-AGP,258835,DGCA/NewMisc/159 Rev 1,FAA AD 2014-17-02,MIS,25,"DGCA/NewMisc/159 Rev 1
To detect and correct discrepancies of the battery wiring installation inside the TU, which could result in an electrical short and possible ignition source.",,,not applicable by the installed ELT model.Installed is Artex-C 406-1,,,5667:16 H,,,,5667:16 H,,,,,,
157b8d12-c115-446e-a4dc-d12077751fe2,91aa63f8-13f1-4d97-9495-50fa7818a72b,HAWKER 850XP,ef002da4-261e-411e-8142-679a1828aff8,Tmplt HAWKER 850XP,53134224-77b0-4f81-be4b-e02f4c59eae8,VT-AGP,258835,DGCA/NEW -MISC/202,FAA AD 2018-16-01,MIS,25,"DGCA/NEW -MISC/202
Joint Aircraft System Component (JASC) Code 2510, Flight Compartment Equipment",,,Not applicable as IPECO manufactured pilot and co-pilot seats are installed in aircraft.,,,5667:16 H,,,,5667:16 H,,,,,,
157b8d12-c115-446e-a4dc-d12077751fe2,91aa63f8-13f1-4d97-9495-50fa7818a72b,HAWKER 850XP,ef002da4-261e-411e-8142-679a1828aff8,Tmplt HAWKER 850XP,53134224-77b0-4f81-be4b-e02f4c59eae8,VT-AGP,258835,DGCA/New Misc/141,FAA 2012-02-08,MIS,23,"DGCA/New Misc/141
To Prevent TCAS units from dropping tracks which could compromise separation of air traffic and lead to subsequent Mid Air Collisions",,,Applicable and found complied.,,,5667:16 H,,,,5667:16 H,,,,,,
157b8d12-c115-446e-a4dc-d12077751fe2,91aa63f8-13f1-4d97-9495-50fa7818a72b,HAWKER 850XP,ef002da4-261e-411e-8142-679a1828aff8,Tmplt HAWKER 850XP,53134224-77b0-4f81-be4b-e02f4c59eae8,VT-AGP,258835,DGCA/New Misc/184,EASA AD 2016-0211,MIS,28,"DGCA/New Misc/184
Fuel-Cross Feed Fuel Pipe-Replacement",,,Not applicable by the aircraft model Hawker 850XP.,,,5667:16 H,,,,5667:16 H,,,,,,
157b8d12-c115-446e-a4dc-d12077751fe2,91aa63f8-13f1-4d97-9495-50fa7818a72b,HAWKER 850XP,ef002da4-261e-411e-8142-679a1828aff8,Tmplt HAWKER 850XP,53134224-77b0-4f81-be4b-e02f4c59eae8,VT-AGP,258835,DGCA/NewMisc/119 Rev.1,EASA AD 2009-0262 R1,MIS,26,"DGCA/NewMisc/119 Rev.1
Fire Protection - Halon 1211 Fire Extinguishers - Identification / Replacement",,,Cancelled Vide DGCA Letter No Mod/Misc/1154 Dated 11-May-2010.,,,5667:16 H,,,,5667:16 H,,,,,,
157b8d12-c115-446e-a4dc-d12077751fe2,91aa63f8-13f1-4d97-9495-50fa7818a72b,HAWKER 850XP,ef002da4-261e-411e-8142-679a1828aff8,Tmplt HAWKER 850XP,53134224-77b0-4f81-be4b-e02f4c59eae8,VT-AGP,258835,DGCA /NEW MISCELLANEOUS / 272,EASA AD 2025-0044,MIS#,25,"DGCA /NEW MISCELLANEOUS / 272
ATA 25 - Equipment / Furnishings - Emergency Locator Transmitter - Modification",,,Not applicable as ELT is not installed on the aircraft.,,5589:23 H,5667:16 H,,,,5667:16 H,,,,,,
157b8d12-c115-446e-a4dc-d12077751fe2,91aa63f8-13f1-4d97-9495-50fa7818a72b,HAWKER 850XP,ef002da4-261e-411e-8142-679a1828aff8,Tmplt HAWKER 850XP,53134224-77b0-4f81-be4b-e02f4c59eae8,VT-AGP,258835,DGCA/NEW -MISC/248 R2,EASA AD : 2022-0029-E,MIS,25,"DGCA/NEW -MISC/248 R2
Equipment / Furnishings - Emergency Parachutes - Removal from Service.",,,Not Applicable as our Aircraft is not having Emergency parachutes.,,,5667:16 H,,,,5667:16 H,,,,,,
157b8d12-c115-446e-a4dc-d12077751fe2,91aa63f8-13f1-4d97-9495-50fa7818a72b,HAWKER 850XP,ef002da4-261e-411e-8142-679a1828aff8,Tmplt HAWKER 850XP,53134224-77b0-4f81-be4b-e02f4c59eae8,VT-AGP,258835,DGCA/New Misc/151 R1,FAA AD 2012-26-15 R1,MIS,25,"DGCA/New Misc/151 R1
To detect and correct inaccurancies of the pressure sensors,which could result in altitude, computed airspeed,true airspeed and mach computation errors.",,,Not applicable as ADC Part No. 7000700-668& Serial No. 98088156& 9812863 is installed,,,5667:16 H,,,,5667:16 H,,,,,,
157b8d12-c115-446e-a4dc-d12077751fe2,91aa63f8-13f1-4d97-9495-50fa7818a72b,HAWKER 850XP,ef002da4-261e-411e-8142-679a1828aff8,Tmplt HAWKER 850XP,53134224-77b0-4f81-be4b-e02f4c59eae8,VT-AGP,258835,DGCA/NEWMISC/246R 1,FAA AD : 2023-10-02,MIS,34,"DGCA/NEWMISC/246R 1
Air Transport Association (ATA) of America Code 31, Indicating/Recording System; 34, Navigation.",,,Not applicable as the affected part is not installed on the aircraft.,,,5667:16 H,,,,5667:16 H,,,,,,
157b8d12-c115-446e-a4dc-d12077751fe2,91aa63f8-13f1-4d97-9495-50fa7818a72b,HAWKER 850XP,ef002da4-261e-411e-8142-679a1828aff8,Tmplt HAWKER 850XP,53134224-77b0-4f81-be4b-e02f4c59eae8,VT-AGP,258835,DGCA / New Misc / 263R1,UK CAA AD No. G-2025-0002 -Correction,MIS,25,"DGCA / New Misc / 263R1
ATA: 25 - Equipment / Furnishings - Pilot & Co-Pilot Seats - Inspection/ Modificatio",,,Not applicable as per type of seat installed and aircraft type. VT-AGP is installed with seat P/N: 3A026-0013 (Pilot) & P/N: 3A026-0014-00 (Co-Pilot). Co-Pilot. Ref. A/F Logbook Vol. 13 Pg. No. 111,,,5667:16 H,,,,5667:16 H,,,,,,
157b8d12-c115-446e-a4dc-d12077751fe2,91aa63f8-13f1-4d97-9495-50fa7818a72b,HAWKER 850XP,ef002da4-261e-411e-8142-679a1828aff8,Tmplt HAWKER 850XP,53134224-77b0-4f81-be4b-e02f4c59eae8,VT-AGP,258835,DGCA/NEW -MISC/221,FAA AD 2019-07-10,MIS,34,"DGCA/NEW -MISC/221
Joint Aircraft Service Component (JASC) Code: 3420, Attitude and Directional Data System.",,,Not Applicable as Honeywell Manufactured AHRS is installed in aircraft.,,,5667:16 H,,,,5667:16 H,,,,,,
157b8d12-c115-446e-a4dc-d12077751fe2,91aa63f8-13f1-4d97-9495-50fa7818a72b,HAWKER 850XP,ef002da4-261e-411e-8142-679a1828aff8,Tmplt HAWKER 850XP,53134224-77b0-4f81-be4b-e02f4c59eae8,VT-AGP,258835,DGCA/NEW -MISC/222,FAA AD 2019-08-01,MIS,25,"DGCA/NEW -MISC/222
Joint Aircraft System Component (JASC) Code 2520, Passenger Compartment Equipment",,,Not applicable as decrane (ERDA) manufactures passenger seats are installed in aircraft.,,,5667:16 H,,,,5667:16 H,,,,,,
157b8d12-c115-446e-a4dc-d12077751fe2,91aa63f8-13f1-4d97-9495-50fa7818a72b,HAWKER 850XP,ef002da4-261e-411e-8142-679a1828aff8,Tmplt HAWKER 850XP,53134224-77b0-4f81-be4b-e02f4c59eae8,VT-AGP,258835,DGCA/NewMisc/61,To replace affected compressor wheels,MIS,25,"DGCA/NewMisc/61
FAA AD 2002-15-02",,,Not applicable as installed APU is manufacturer is HONEYWELL.,,,5667:16 H,,,,5667:16 H,,,,,,
157b8d12-c115-446e-a4dc-d12077751fe2,91aa63f8-13f1-4d97-9495-50fa7818a72b,HAWKER 850XP,ef002da4-261e-411e-8142-679a1828aff8,Tmplt HAWKER 850XP,53134224-77b0-4f81-be4b-e02f4c59eae8,VT-AGP,258835,DGCA/New Misc/112 Rev.1,EASA AD 2010-0067,MIS,34,"DGCA/New Misc/112 Rev.1
Navigation-Mode S Transponder -Check / Modification",,,Not applicable as Honeywell manufactured RCZ-833 Transponder is installed in aircraft.,,,5667:16 H,,,,5667:16 H,,,,,,
157b8d12-c115-446e-a4dc-d12077751fe2,91aa63f8-13f1-4d97-9495-50fa7818a72b,HAWKER 850XP,ef002da4-261e-411e-8142-679a1828aff8,Tmplt HAWKER 850XP,53134224-77b0-4f81-be4b-e02f4c59eae8,VT-AGP,258835,DGCA/NewMisc/153 Rev 12,EASA AD 2015-0226 R5,MIS,25,"DGCA/NewMisc/153 Rev 12
Equipment / Furnishing - Hoist - Test / Replacement",,,Not Applicable as Hoist not installed.,,,5667:16 H,,,,5667:16 H,,,,,,
157b8d12-c115-446e-a4dc-d12077751fe2,91aa63f8-13f1-4d97-9495-50fa7818a72b,HAWKER 850XP,ef002da4-261e-411e-8142-679a1828aff8,Tmplt HAWKER 850XP,53134224-77b0-4f81-be4b-e02f4c59eae8,VT-AGP,258835,DGCA/NewMisc/200,FAA AD 2018-03-04,MIS,25,"DGCA/NewMisc/200
TO PREVENT INCORRECT AIRSPEED INDICATIONS DURING FLIGHT,WHICH COULD TO LEAD LOSS OF CONTROL.DUE TO DESIGN REDUNDANCY,THIS IS ONLY APPLICABLE IF MORE THAN ONE DEFICIENT PROBE IS INSTALLED",,,"Not applicable by Installed Pitot tube model . Installed is Model:863JF1, S/N is: 10376 (LH) & Model: 853JF1, S/N is 10305(RH) .",,,5667:16 H,,,,5667:16 H,,,,,,
157b8d12-c115-446e-a4dc-d12077751fe2,91aa63f8-13f1-4d97-9495-50fa7818a72b,HAWKER 850XP,ef002da4-261e-411e-8142-679a1828aff8,Tmplt HAWKER 850XP,53134224-77b0-4f81-be4b-e02f4c59eae8,VT-AGP,258835,DGCA/NEW -MIS C/180,EASA AD 2016-0044,MIS,26,"DGCA/NEW -MIS C/180
Fire Protection - Engine and Auxiliary Power Unit Automatic Fire Extinguishers - Inspection/Overhaul",,,Not applicable as Automatic fire extinguisher is not installed in this aircraft,,,5667:16 H,,,,5667:16 H,,,,,,
157b8d12-c115-446e-a4dc-d12077751fe2,91aa63f8-13f1-4d97-9495-50fa7818a72b,HAWKER 850XP,ef002da4-261e-411e-8142-679a1828aff8,Tmplt HAWKER 850XP,53134224-77b0-4f81-be4b-e02f4c59eae8,VT-AGP,258835,DGCA/NEW -MISC/205,EASA AD No.: 2018-0223,MIS,25,"DGCA/NEW -MISC/205
Equipment / Furnishing - Seat Energy Absorber Assembly - Modification",,,Not applicable as IPECO manufactured crew seats and Decrane manufactured (ERDA.INC) passenger seats are installed in this aircraft,,,5667:16 H,,,,5667:16 H,,,,,,
157b8d12-c115-446e-a4dc-d12077751fe2,91aa63f8-13f1-4d97-9495-50fa7818a72b,HAWKER 850XP,ef002da4-261e-411e-8142-679a1828aff8,Tmplt HAWKER 850XP,53134224-77b0-4f81-be4b-e02f4c59eae8,VT-AGP,258835,DGCA/ NEW MISC/ 224R1,FAA AD No.:2021-05-17,MIS,34,"DGCA/ NEW MISC/ 224R1
Joint Aircraft System Component (JASC) Code 3400, NAVIGATION SYSTEM.",,,Not applicable by Honeywell manufactured ED-800 MFD is installed in our aircraft.,,,5667:16 H,,,,5667:16 H,,,,,,
157b8d12-c115-446e-a4dc-d12077751fe2,91aa63f8-13f1-4d97-9495-50fa7818a72b,HAWKER 850XP,ef002da4-261e-411e-8142-679a1828aff8,Tmplt HAWKER 850XP,53134224-77b0-4f81-be4b-e02f4c59eae8,VT-AGP,258835,DGCA/NEW -MISC/238,FAA AD 2021-08-07,MIS,34,"DGCA/NEW -MISC/238
Joint Aircraft System Component (JASC)/Air Transport Association (ATA) of America Code 3400, NAVIGATION SYSTEM.",,,Not Applicable as Honeywell GPS/FMS-FMZ2000 Computer is Installed.,,,5667:16 H,,,,5667:16 H,,,,,,
157b8d12-c115-446e-a4dc-d12077751fe2,91aa63f8-13f1-4d97-9495-50fa7818a72b,HAWKER 850XP,ef002da4-261e-411e-8142-679a1828aff8,Tmplt HAWKER 850XP,53134224-77b0-4f81-be4b-e02f4c59eae8,VT-AGP,258835,DGCA/New Misc/178,EASA AD 2016-0024,MIS,26,"DGCA/New Misc/178
Fire Protection - Optical and Ambient Smoke Detectors - Identification / Replacement",,,Not applicable as Kidde aerospace manufactured smoke detector is installed in this aircraft.,,,5667:16 H,,,,5667:16 H,,,,,,
157b8d12-c115-446e-a4dc-d12077751fe2,91aa63f8-13f1-4d97-9495-50fa7818a72b,HAWKER 850XP,ef002da4-261e-411e-8142-679a1828aff8,Tmplt HAWKER 850XP,53134224-77b0-4f81-be4b-e02f4c59eae8,VT-AGP,258835,DGCA/NEW -MISC/181,EASA AD 2016-0151,MIS,28,"DGCA/NEW -MISC/181
Fuel - Burner and Fuel Hoses - Identification / Replacement",,,Not applicable as this MOD is only applicable to balloons.,,,5667:16 H,,,,5667:16 H,,,,,,
157b8d12-c115-446e-a4dc-d12077751fe2,91aa63f8-13f1-4d97-9495-50fa7818a72b,HAWKER 850XP,ef002da4-261e-411e-8142-679a1828aff8,Tmplt HAWKER 850XP,53134224-77b0-4f81-be4b-e02f4c59eae8,VT-AGP,258835,DGCA / NEW MISCELLANEOUS / 271,EASA AD 2025-0297,MIS#,35,"DGCA / NEW MISCELLANEOUS / 271
ATA 35 - Oxygen - Portable Breathing Equipment - Removal From Service",,,Not Applicable as Installed Portable breathing equipment is from another manufacturer (Scott).,,5528:45 H,5667:16 H,,,,5667:16 H,,,,,,
157b8d12-c115-446e-a4dc-d12077751fe2,91aa63f8-13f1-4d97-9495-50fa7818a72b,HAWKER 850XP,ef002da4-261e-411e-8142-679a1828aff8,Tmplt HAWKER 850XP,53134224-77b0-4f81-be4b-e02f4c59eae8,VT-AGP,258835,DGCA/New Misc/157,FAA AD 2013-11-04,MIS,25,"DGCA/New Misc/157
To prevent the failure of urethane seals to maintain sufficient halon concentration in the cargo compartments to extinguish or contain fire or smoke",,,Not Applicable by the Aircraft Model Hawker 850 XP.,,,5667:16 H,,,,5667:16 H,,,,,,
157b8d12-c115-446e-a4dc-d12077751fe2,91aa63f8-13f1-4d97-9495-50fa7818a72b,HAWKER 850XP,ef002da4-261e-411e-8142-679a1828aff8,Tmplt HAWKER 850XP,53134224-77b0-4f81-be4b-e02f4c59eae8,VT-AGP,258835,DGCA/HAWKER 800/06,FAA AD 2006-01-04,MOD,25,"DGCA/HAWKER 800/06
TO PREVENT HEAT AND FIRE DAMAGE TO EQUIPMENT ADJACENT TO THE FAN VENTUR",,,NOT APPLICABLE BY AIRCRAFT MODEL HAWKER 850XP,,,5667:16 H,,,,5667:16 H,,,,,,
157b8d12-c115-446e-a4dc-d12077751fe2,91aa63f8-13f1-4d97-9495-50fa7818a72b,HAWKER 850XP,ef002da4-261e-411e-8142-679a1828aff8,Tmplt HAWKER 850XP,53134224-77b0-4f81-be4b-e02f4c59eae8,VT-AGP,258835,DGCA/New Misc/118 Rev.1,FAA AD 2009-21-10 R1,MIS,25,"DGCA/New Misc/118 Rev.1
To Prevent An Oxgen Cylinder from Rupturing, Which Depending on the Location Could REsult in Structural Damage & Rapid Decompression Of the Airplane",,,Not applicable as Walter Kidde A WKA 37447 Oxygen Cylinder Installed.,,,5667:16 H,,,,5667:16 H,,,,,,
157b8d12-c115-446e-a4dc-d12077751fe2,91aa63f8-13f1-4d97-9495-50fa7818a72b,HAWKER 850XP,ef002da4-261e-411e-8142-679a1828aff8,Tmplt HAWKER 850XP,53134224-77b0-4f81-be4b-e02f4c59eae8,VT-AGP,258835,DGCA / NEW MISCELLAN EOUS / 260,FAA AD 2024-20-07,MIS,25,"DGCA / NEW MISCELLAN EOUS / 260
Joint Aircraft System Component (JASC) Code: 2560, Emergency Equipment; and 3212,Emergency FlotationSection.",,,Not applicable as per the affected part is not installed on the aircraft.,,,5667:16 H,,,,5667:16 H,,,,,,
157b8d12-c115-446e-a4dc-d12077751fe2,91aa63f8-13f1-4d97-9495-50fa7818a72b,HAWKER 850XP,ef002da4-261e-411e-8142-679a1828aff8,Tmplt HAWKER 850XP,53134224-77b0-4f81-be4b-e02f4c59eae8,VT-AGP,258835,DGCA/NewMisc/168,EASA AD 2014-0187,MIS,34,"DGCA/NewMisc/168
Detect And Correct Mode S Transponders",,,Not applicable as Honeywell manufactured RCZ-833 Transponder is installed in this aircraft.,,,5667:16 H,,,,5667:16 H,,,,,,
157b8d12-c115-446e-a4dc-d12077751fe2,91aa63f8-13f1-4d97-9495-50fa7818a72b,HAWKER 850XP,ef002da4-261e-411e-8142-679a1828aff8,Tmplt HAWKER 850XP,53134224-77b0-4f81-be4b-e02f4c59eae8,VT-AGP,258835,DGCA / NEW MISCELLANEOUS / 267,EASA AD No.: 2025-0222,MIS#,35,"DGCA / NEW MISCELLANEOUS / 267
Oxygen - Portable Breathing Equipment - Operational Instructions.",,,Not applicable as per the part number t installed on the aircraft. Installed part number is 802300-14.,,,5667:16 H,,,,5667:16 H,,,,,,
157b8d12-c115-446e-a4dc-d12077751fe2,91aa63f8-13f1-4d97-9495-50fa7818a72b,HAWKER 850XP,ef002da4-261e-411e-8142-679a1828aff8,Tmplt HAWKER 850XP,53134224-77b0-4f81-be4b-e02f4c59eae8,VT-AGP,258835,DGCA/NEW -MISC/237,FAA AD 2021-07-13,MIS,25,"DGCA/NEW -MISC/237
Joint Aircraft Service Component (JASC) Code: 2500, Cabin Equipment/Furnishings",,,Not Applicable to Fixed Wing Aircraft.,,,5667:16 H,,,,5667:16 H,,,,,,
157b8d12-c115-446e-a4dc-d12077751fe2,91aa63f8-13f1-4d97-9495-50fa7818a72b,HAWKER 850XP,ef002da4-261e-411e-8142-679a1828aff8,Tmplt HAWKER 850XP,53134224-77b0-4f81-be4b-e02f4c59eae8,VT-AGP,258835,DGCA/NewMisc/177 R1,FAA AD 2017-18-12,MIS,35,"DGCA/NewMisc/177 R1
Oxygen - To correct the unsafe condition on B/E Aerospace protective breathing equipment (PBE), P/N 119003-11.",,,Not applicable as AVOX (soctt) manufactured PBE is installed in this aircraft. (P/N : 802300-14 & S/N: E14100055),,,5667:16 H,,,,5667:16 H,,,,,,
157b8d12-c115-446e-a4dc-d12077751fe2,91aa63f8-13f1-4d97-9495-50fa7818a72b,HAWKER 850XP,ef002da4-261e-411e-8142-679a1828aff8,Tmplt HAWKER 850XP,53134224-77b0-4f81-be4b-e02f4c59eae8,VT-AGP,258835,DGCA/NewMisc/91 R1,FAA AD 2006-16-18 R1,MIS,25,"DGCA/NewMisc/91 R1
To prevent a bearing error,which could lead to an aeroplane departing from its scheduled flight path",,,Not applicable as Honeywell Mark-VII EGPWS Installed.,,,5667:16 H,,,,5667:16 H,,,,,,
157b8d12-c115-446e-a4dc-d12077751fe2,91aa63f8-13f1-4d97-9495-50fa7818a72b,HAWKER 850XP,ef002da4-261e-411e-8142-679a1828aff8,Tmplt HAWKER 850XP,53134224-77b0-4f81-be4b-e02f4c59eae8,VT-AGP,258835,DGCA/New Misc/137,FAA AD 2011-14-08,MIS,35,"DGCA/New Misc/137
Air Transport Association (ATA) of America Code 35: Oxygen",,,Not applicable as Passenger Oxygen Mask P/N: 289-601-228 installed.,,,5667:16 H,,,,5667:16 H,,,,,,
157b8d12-c115-446e-a4dc-d12077751fe2,91aa63f8-13f1-4d97-9495-50fa7818a72b,HAWKER 850XP,ef002da4-261e-411e-8142-679a1828aff8,Tmplt HAWKER 850XP,53134224-77b0-4f81-be4b-e02f4c59eae8,VT-AGP,258835,DGCA / NEW MISCELLANEOUS / 270,EASA AD 2025-0294,MIS#,25,"DGCA / NEW MISCELLANEOUS / 270
ATA 25 - Equipment / Furnishings - Medical Seats - Modification",,,Not applicable as medical seats are not installed on the aircraft.,,5528:45 H,5667:16 H,,,,5667:16 H,,,,,,
157b8d12-c115-446e-a4dc-d12077751fe2,91aa63f8-13f1-4d97-9495-50fa7818a72b,HAWKER 850XP,ef002da4-261e-411e-8142-679a1828aff8,Tmplt HAWKER 850XP,53134224-77b0-4f81-be4b-e02f4c59eae8,VT-AGP,258835,DGCA/New Misc/136,FAA AD 2011-11-04,MIS,26,"DGCA/New Misc/136
The Joint Aircraft System/Component (JASC) Code is 2622: Fire Bottle, Portable.",,,"Not applicable to airplanes, only applicable to helicopters.",,,5667:16 H,,,,5667:16 H,,,,,,
157b8d12-c115-446e-a4dc-d12077751fe2,91aa63f8-13f1-4d97-9495-50fa7818a72b,HAWKER 850XP,ef002da4-261e-411e-8142-679a1828aff8,Tmplt HAWKER 850XP,53134224-77b0-4f81-be4b-e02f4c59eae8,VT-AGP,258835,DGCA/NEW -MISC/227,EASA AD 2019-0235,MIS,25,"DGCA/NEW -MISC/227
Equipment / Furnishings - Emergency Locator Transmitter - Inspection / Modification / Replacement",,,Not applicable by the aircraft model Hawker 850 xp,,,5667:16 H,,,,5667:16 H,,,,,,
157b8d12-c115-446e-a4dc-d12077751fe2,91aa63f8-13f1-4d97-9495-50fa7818a72b,HAWKER 850XP,ef002da4-261e-411e-8142-679a1828aff8,Tmplt HAWKER 850XP,53134224-77b0-4f81-be4b-e02f4c59eae8,VT-AGP,258835,DGCA/ NEW MISC/ 232,FAA AD No.: 2020-16-08,MIS,34,"DGCA/ NEW MISC/ 232
Joint Aircraft System Component (JASC)/Air Transport Association (ATA) of America Code 3410, FLIGHT ENVIRONMENT DATA; 3420, ATTITUDE AND DIRECTION DATA SYSTEM.",,,Not applicable as Honeywell manufactured ED-800 MFD is installed in aircraft.,,,5667:16 H,,,,5667:16 H,,,,,,
157b8d12-c115-446e-a4dc-d12077751fe2,91aa63f8-13f1-4d97-9495-50fa7818a72b,HAWKER 850XP,ef002da4-261e-411e-8142-679a1828aff8,Tmplt HAWKER 850XP,53134224-77b0-4f81-be4b-e02f4c59eae8,VT-AGP,258835,DGCA/NEW -MISC/247,FAA AD 2021-23-13,MIS,34,"DGCA/NEW -MISC/247
Joint Aircraft Service Component (JASC) Code: 3444, Ground Proximity System.",,,Not Applicable to Aeroplanes Reference AD is only Applicable to Helicopters Fitted with Radio Radar Altimeter.,,,5667:16 H,,,,5667:16 H,,,,,,
157b8d12-c115-446e-a4dc-d12077751fe2,91aa63f8-13f1-4d97-9495-50fa7818a72b,HAWKER 850XP,ef002da4-261e-411e-8142-679a1828aff8,Tmplt HAWKER 850XP,53134224-77b0-4f81-be4b-e02f4c59eae8,VT-AGP,258835,DGCA/New Misc/111,EASA AD 2006-0334R1,MIS,23,"DGCA/New Misc/111
Communications - Thales Communications VHF Data Radio - Modification",,,Not applicable as Thales-Communication VHF is not installed.,,,5667:16 H,,,,5667:16 H,,,,,,
157b8d12-c115-446e-a4dc-d12077751fe2,91aa63f8-13f1-4d97-9495-50fa7818a72b,HAWKER 850XP,ef002da4-261e-411e-8142-679a1828aff8,Tmplt HAWKER 850XP,53134224-77b0-4f81-be4b-e02f4c59eae8,VT-AGP,258835,DGCA/NEW -MISC/252 R1,FAA AD : 2023-13-11,MIS,35,"DGCA/NEW -MISC/252 R1
Air Transport Association (ATA) of America Code 35, Oxygen System.",,,Not applicable as per the affected part is not installed on the aircraft.,,,5667:16 H,,,,5667:16 H,,,,,,
157b8d12-c115-446e-a4dc-d12077751fe2,91aa63f8-13f1-4d97-9495-50fa7818a72b,HAWKER 850XP,ef002da4-261e-411e-8142-679a1828aff8,Tmplt HAWKER 850XP,53134224-77b0-4f81-be4b-e02f4c59eae8,VT-AGP,258835,DGCA/NEW-MISC/217,FAA AD 2018-21-14,MIS,35,"DGCA/NEW -MISC/217ac
Joint Aircraft System Component (JASC) Code 3510, Crew Oxygen System.",,,Not applicable by the crew oxygen mask part number.Installed part number is : MF10-03-02 and S/N:39073 (Pilot) & SE57480(Co-pilot),,,5667:16 H,,,,5667:16 H,,,,,,
157b8d12-c115-446e-a4dc-d12077751fe2,91aa63f8-13f1-4d97-9495-50fa7818a72b,HAWKER 850XP,ef002da4-261e-411e-8142-679a1828aff8,Tmplt HAWKER 850XP,53134224-77b0-4f81-be4b-e02f4c59eae8,VT-AGP,258835,DGCA/NEW -MISC/197,FAA AD 2017-22-02,MIS,25,"DGCA/NEW -MISC/197
To prevent unexpected movement of pilot and co-pilot seatson take off and landing. The unsafe condition if not corrected could result in reduced control of the airplane.",,,Not applicable by the installed Pilot and co-pilot seat part number,,,5667:16 H,,,,5667:16 H,,,,,,
157b8d12-c115-446e-a4dc-d12077751fe2,91aa63f8-13f1-4d97-9495-50fa7818a72b,HAWKER 850XP,ef002da4-261e-411e-8142-679a1828aff8,Tmplt HAWKER 850XP,53134224-77b0-4f81-be4b-e02f4c59eae8,VT-AGP,258835,DGCA/NewMisc/102,EASA AD 2007-0256,MIS,25,"DGCA/NewMisc/102
Equipment and Furnishing - Seat Restraint System Plastic Rotary Buckle Handle - Inspection/Replacement",,,Not applicable to airplanes as this mod is only applicable to helicopter.,,,5667:16 H,,,,5667:16 H,,,,,,
157b8d12-c115-446e-a4dc-d12077751fe2,91aa63f8-13f1-4d97-9495-50fa7818a72b,HAWKER 850XP,ef002da4-261e-411e-8142-679a1828aff8,Tmplt HAWKER 850XP,53134224-77b0-4f81-be4b-e02f4c59eae8,VT-AGP,258835,DGCA/NewMisc/196,FAA AD 2017-19-05,MIS#,25,"DGCA/NewMisc/196
TO PREVENT FAILURE OF THE SMOKE DETECTOR, ON-BOARD UNCONTROLLED FIRE, AND DAMAGE TO THE AIRPLANE",,,Not applicable by the installed smoke detector part number.,,,5667:16 H,,,,5667:16 H,,,,,,
157b8d12-c115-446e-a4dc-d12077751fe2,91aa63f8-13f1-4d97-9495-50fa7818a72b,HAWKER 850XP,ef002da4-261e-411e-8142-679a1828aff8,Tmplt HAWKER 850XP,53134224-77b0-4f81-be4b-e02f4c59eae8,VT-AGP,258835,DGCA/New Misc/186,FAA AD 2016-16-11,MIS,25,"DGCA/New Misc/186
To detect and correct corrosion and cracking of the wing fixed leading edge and front spar structure, which could result in reduced structural integrity of the airplane",,,Not applicable by the aircraft model Hawker 850 Xp.,,,5667:16 H,,,,5667:16 H,,,,,,
157b8d12-c115-446e-a4dc-d12077751fe2,91aa63f8-13f1-4d97-9495-50fa7818a72b,HAWKER 850XP,ef002da4-261e-411e-8142-679a1828aff8,Tmplt HAWKER 850XP,53134224-77b0-4f81-be4b-e02f4c59eae8,VT-AGP,258835,DGCA / New Misc / 263,UK CAA AD No. G-2025-0002,MIS,25,"DGCA / New Misc / 263
ATA: 25 - Equipment /Furnishings - Pilot & Co-Pilot Seats - Inspection /Modification",,,Not applicable as per type of seat installed and aircraft. VT-AGP is installed with seat P/n: 3A026-0013-00 (Pilot) & P/N: 3A026-0014-00 (Co-Pilot). Ref. A/F Vol. 13 Pg. No. 111.,,,5667:16 H,,,,5667:16 H,,,,,,
157b8d12-c115-446e-a4dc-d12077751fe2,91aa63f8-13f1-4d97-9495-50fa7818a72b,HAWKER 850XP,ef002da4-261e-411e-8142-679a1828aff8,Tmplt HAWKER 850XP,53134224-77b0-4f81-be4b-e02f4c59eae8,VT-AGP,258835,DGCA/ NEW MISC/ 243R1,"EASA AD : 2021-0185R1 Fire Protection - Hand-operated Fire Extinguishers - Inspection / Replacement MIS ---- ---- Not Applicable as Fire Fighting Enterprises Manufacturer Fire Extinguisher is Installed. 27-Sep-2021 HAFEX (Halon-free) hand-held fire extinguishers, having Part Number (P/N) P3APP003010A, P/N P3APP003010B or P/N P3APP003010C, all serial numbers (s/n). Within 30 days after the effective date of this AD, and",MIS,26,"DGCA/ NEW MISC/ 243R1
Fire Protection - Hand-operated Fire Extinguishers - Inspection / Replacement",,,Not Applicable as Fire Fighting Enterprises Manufacturer Fire Extinguisher is Installed.,,,5667:16 H,,,,5667:16 H,,,,,,
157b8d12-c115-446e-a4dc-d12077751fe2,91aa63f8-13f1-4d97-9495-50fa7818a72b,HAWKER 850XP,ef002da4-261e-411e-8142-679a1828aff8,Tmplt HAWKER 850XP,53134224-77b0-4f81-be4b-e02f4c59eae8,VT-AGP,258835,DGCA/HAWKER 800/10,FAA AD 2008 -21-01,MOD,25,"DGCA/HAWKER 800/10
TO PREVENT A FRACTURE OF THE MLG CASINGS & A COLLAPSE OF THE AFFECTED MLG WHICH COULD ADVERSELY AFFECT THE AIRPLANES CONTINUED SAFE FLIGHT & LANDING",,,NOT APPLICABLE BY AIRCRAFT MODEL HAWKER 850XP,,,5667:16 H,,,,5667:16 H,,,,,,
157b8d12-c115-446e-a4dc-d12077751fe2,91aa63f8-13f1-4d97-9495-50fa7818a72b,HAWKER 850XP,ef002da4-261e-411e-8142-679a1828aff8,Tmplt HAWKER 850XP,53134224-77b0-4f81-be4b-e02f4c59eae8,VT-AGP,258835,DGCA/New Misc/160 Rev 2,EASA AD 2014-0095 Rev 1,MIS,25,"DGCA/New Misc/160 Rev 2
Equipment / Furnishings - Crash Position Indicator - Modification Aircraft Flight Manual - Amendment",,,Not applicable as crash position indicator is not installed in this aircraft.,,,5667:16 H,,,,5667:16 H,,,,,,
157b8d12-c115-446e-a4dc-d12077751fe2,91aa63f8-13f1-4d97-9495-50fa7818a72b,HAWKER 850XP,ef002da4-261e-411e-8142-679a1828aff8,Tmplt HAWKER 850XP,53134224-77b0-4f81-be4b-e02f4c59eae8,VT-AGP,258835,DGCA/New Misc/182,EASA AD 2016-0167,MIS,25,"DGCA/New Misc/182
Equipment / Furnishing - Rear Cabin Attachment Seat- Inspection / Repair",,,Not applicable as cabin attendant seat is not installed in this aircraft.,,,5667:16 H,,,,5667:16 H,,,,,,
157b8d12-c115-446e-a4dc-d12077751fe2,91aa63f8-13f1-4d97-9495-50fa7818a72b,HAWKER 850XP,ef002da4-261e-411e-8142-679a1828aff8,Tmplt HAWKER 850XP,53134224-77b0-4f81-be4b-e02f4c59eae8,VT-AGP,258835,DGCA/New Misc/167 R1,EASA AD 2014-0244,MIS,25,"DGCA/New Misc/167 R1
Equipment & Furnishings - Emergency Flotation System - Rotorcraft Flight Manual (Supplement) Limitation",,,Not Applicable by the Aircraft Model Hawker 850XP.,,,5667:16 H,,,,5667:16 H,,,,,,
157b8d12-c115-446e-a4dc-d12077751fe2,91aa63f8-13f1-4d97-9495-50fa7818a72b,HAWKER 850XP,ef002da4-261e-411e-8142-679a1828aff8,Tmplt HAWKER 850XP,53134224-77b0-4f81-be4b-e02f4c59eae8,VT-AGP,258835,DGCA/New Misc/128,EASA AD 2010-0233,MIS,27,"DGCA/New Misc/128
Flight Controls - Turnbuckles - Inspection",,,Not applicable due to Aircraft Model. Applicable to Helicopter only.,,,5667:16 H,,,,5667:16 H,,,,,,
157b8d12-c115-446e-a4dc-d12077751fe2,91aa63f8-13f1-4d97-9495-50fa7818a72b,HAWKER 850XP,ef002da4-261e-411e-8142-679a1828aff8,Tmplt HAWKER 850XP,53134224-77b0-4f81-be4b-e02f4c59eae8,VT-AGP,258835,DGCA/New Misc/17,CAA AD No.001-02-93,MIS,25,"DGCA/New Misc/17
Precautionary check for correct location of bridge pieces inside the main buoyancy tubes",,,Not applicable as Easter Aero marine Life raft P/No. R0103A103RB7 Installed. MK 1 with Serial Numbers 10R 152,,,5667:16 H,,,,5667:16 H,,,,,,
157b8d12-c115-446e-a4dc-d12077751fe2,91aa63f8-13f1-4d97-9495-50fa7818a72b,HAWKER 850XP,ef002da4-261e-411e-8142-679a1828aff8,Tmplt HAWKER 850XP,53134224-77b0-4f81-be4b-e02f4c59eae8,VT-AGP,258835,SB 125-26-01 R1,,SB$,26,"SB 125-26-01 R1
FIRE PROTECTION - ALTERNATE FIRE BELL INSTALLATION",,,Applicable as per aircraft MSN 258835 and will be complied as per customer's choice.,,,5667:16 H,,,,5667:16 H,,,,,,
157b8d12-c115-446e-a4dc-d12077751fe2,91aa63f8-13f1-4d97-9495-50fa7818a72b,HAWKER 850XP,ef002da4-261e-411e-8142-679a1828aff8,Tmplt HAWKER 850XP,53134224-77b0-4f81-be4b-e02f4c59eae8,VT-AGP,258835,DGCA/NewMisc/189,FAA AD 2016-22-04,MIS,25,"DGCA/NewMisc/189
To ensure fatigue cracking of principal structural elements (PSEs) is detected and corrected; such fatigue cracking could result in reduced structural integrity of the PSEs and critical components",,,Not applicable by the aircraft model Hawker 850 Xp.,,,5667:16 H,,,,5667:16 H,,,,,,
157b8d12-c115-446e-a4dc-d12077751fe2,91aa63f8-13f1-4d97-9495-50fa7818a72b,HAWKER 850XP,ef002da4-261e-411e-8142-679a1828aff8,Tmplt HAWKER 850XP,53134224-77b0-4f81-be4b-e02f4c59eae8,VT-AGP,258835,DGCA/New Misc/126,EASA AD 2010-0186,MIS,23,"DGCA/New Misc/126
Communication - Very High Frequency (VHF/AM) Transceiver - Modification",,,Transceiver Modification. EASA AD 2010-0186 As per AD Not applicable as Honeywell RCZ 833K VHF Comm. Installed.,,,5667:16 H,,,,5667:16 H,,,,,,
157b8d12-c115-446e-a4dc-d12077751fe2,91aa63f8-13f1-4d97-9495-50fa7818a72b,HAWKER 850XP,ef002da4-261e-411e-8142-679a1828aff8,Tmplt HAWKER 850XP,53134224-77b0-4f81-be4b-e02f4c59eae8,VT-AGP,258835,DGCA/NEW -MISC/228,FAA AD 2019-20-03,MIS,46,"DGCA/NEW -MISC/228
Air Transport Association (ATA) of America Code 46, Information systems",,,Not applicable by aircraft model: HAWKER 850XP.,,,5667:16 H,,,,5667:16 H,,,,,,
157b8d12-c115-446e-a4dc-d12077751fe2,91aa63f8-13f1-4d97-9495-50fa7818a72b,HAWKER 850XP,ef002da4-261e-411e-8142-679a1828aff8,Tmplt HAWKER 850XP,53134224-77b0-4f81-be4b-e02f4c59eae8,VT-AGP,258835,DGCA/New Misc/146,FAA AD 2012-14-15,MIS,34,"DGCA/New Misc/146
To prevent misleading information during Localizer performance(LP), Localizer performance with Vertical guidance (LPV), or SBAS Lateral Navigation/ Vertical Navigation(LNAV/VNAV) approached due to software problem in Honeywell Wide Area Augmentation System(WASS) Global Navigation Satellite Sensor Unit (GNSSU)",,,Not applicable as per Honeywell GPS HG 2021 P/N: HG2021GD02 is installed for both GPS.,,,5667:16 H,,,,5667:16 H,,,,,,
157b8d12-c115-446e-a4dc-d12077751fe2,91aa63f8-13f1-4d97-9495-50fa7818a72b,HAWKER 850XP,ef002da4-261e-411e-8142-679a1828aff8,Tmplt HAWKER 850XP,53134224-77b0-4f81-be4b-e02f4c59eae8,VT-AGP,258835,DGCA/NEW -MISC/206,FAA AD : 2018-16-13,MIS,25,"DGCA/NEW -MISC/206
Joint Aircraft System Component (JASC) 2500 Code, Cabin Equipment/Furnishings.",,,"Not applicable as Cabin attendant seats are not installed in this aircraft. 26-Oct-2018 This AD applies to all Zodiac Seats France, 537-Series Cabin Attendant",,,5667:16 H,,,,5667:16 H,,,,,,
157b8d12-c115-446e-a4dc-d12077751fe2,91aa63f8-13f1-4d97-9495-50fa7818a72b,HAWKER 850XP,ef002da4-261e-411e-8142-679a1828aff8,Tmplt HAWKER 850XP,53134224-77b0-4f81-be4b-e02f4c59eae8,VT-AGP,258835,DGCA/NEW -MISC/210 R1,EASA AD 2018-0264 R1,MIS,25,"DGCA/NEW -MISC/210 R1
Equipment / Furnishings - Life Vest Pouch - Inspection",,,Not applicable as ERDA .Inc ( Decrane) Manufactured passenger seats are installed in this aircraft.,,,5667:16 H,,,,5667:16 H,,,,,,
157b8d12-c115-446e-a4dc-d12077751fe2,91aa63f8-13f1-4d97-9495-50fa7818a72b,HAWKER 850XP,ef002da4-261e-411e-8142-679a1828aff8,Tmplt HAWKER 850XP,53134224-77b0-4f81-be4b-e02f4c59eae8,VT-AGP,258835,DGCA/NEW -MISC/245 R1,UK CAA AD: G-2021-0014,MIS,28,"DGCA/NEW -MISC/245 R1
Fuel -Cylinder Quick Shut-off Valve Mounting Flange - Inspection / Replacement.",,,Not Applicable to Airplanes. As Reference AD is only Applies to Cameron Balloons Ltd,,,5667:16 H,,,,5667:16 H,,,,,,
157b8d12-c115-446e-a4dc-d12077751fe2,91aa63f8-13f1-4d97-9495-50fa7818a72b,HAWKER 850XP,ef002da4-261e-411e-8142-679a1828aff8,Tmplt HAWKER 850XP,53134224-77b0-4f81-be4b-e02f4c59eae8,VT-AGP,258835,DGCA/New Misc/122 R1,EASA AD 2010-0003 R2,MIS,34,"DGCA/New Misc/122 R1
Navigation - Mode S Transponder Aircraft Type Mode Strapping - Check / Modification",,,Not applicable as Mode S Transponder RCZ-833K is installed in this aircraft.,,,5667:16 H,,,,5667:16 H,,,,,,
157b8d12-c115-446e-a4dc-d12077751fe2,91aa63f8-13f1-4d97-9495-50fa7818a72b,HAWKER 850XP,ef002da4-261e-411e-8142-679a1828aff8,Tmplt HAWKER 850XP,53134224-77b0-4f81-be4b-e02f4c59eae8,VT-AGP,258835,SB 31-01,,SB$,31,"SB 31-01
INDICATING/RECORDING SYSTEMS - HOUR METER REPLACEMENT",,,Applicable as per aircraft MSN 258835 and will be complied as per customer's choice.,,,5667:16 H,,,,5667:16 H,,,,,,
157b8d12-c115-446e-a4dc-d12077751fe2,91aa63f8-13f1-4d97-9495-50fa7818a72b,HAWKER 850XP,ef002da4-261e-411e-8142-679a1828aff8,Tmplt HAWKER 850XP,53134224-77b0-4f81-be4b-e02f4c59eae8,VT-AGP,258835,DGCA/NEW -MISC/216,EASA AD 2019-0010,MIS,25,"DGCA/NEW -MISC/216
Equipment / Furnishing - Life Jacket - Removal / Repair",,,Not applicable by the part number of the Life Jacket,,,,,,,,,,,,,
157b8d12-c115-446e-a4dc-d12077751fe2,91aa63f8-13f1-4d97-9495-50fa7818a72b,HAWKER 900XP,ade4f248-2697-470e-aecb-27eba921ad0b,Tmplt HAWKER 900XP,25fd5b9e-034e-40a0-950f-e98f5c2e9369,VT-AJM,HA-0085,DGCA/ NEW-MISC /231,FAA AD 2020-10-05,MIS,34,"DGCA/ NEW-MISC /231
Joint Aircraft System Component (JASC)/Air Transport Association (ATA) of America Code 3460, Flight Management Computing Hardware System.",23-Oct-2021,,"Applicable and found complied on 23/10/2021, refer A/F Log book -04, Page:118.",,,4245:39 H,,,,4245:39 H,,,,,,
157b8d12-c115-446e-a4dc-d12077751fe2,91aa63f8-13f1-4d97-9495-50fa7818a72b,HAWKER 900XP,ade4f248-2697-470e-aecb-27eba921ad0b,Tmplt HAWKER 900XP,25fd5b9e-034e-40a0-950f-e98f5c2e9369,VT-AJM,HA-0085,FAA AD 74-08-09 R3,FAA AD 74-08-09 R3,AD,25,"FAA AD 74-08-09 R3
Air Transport Association (ATA) of America Code 25: Equipment/furnishings.",12-Sep-2017,,Applicable and found complied on 12-Sep-2017 at 2868:33Hrs.,,,4245:39 H,,,,4245:39 H,,,,,,
157b8d12-c115-446e-a4dc-d12077751fe2,91aa63f8-13f1-4d97-9495-50fa7818a72b,HAWKER 900XP,ade4f248-2697-470e-aecb-27eba921ad0b,Tmplt HAWKER 900XP,25fd5b9e-034e-40a0-950f-e98f5c2e9369,VT-AJM,HA-0085,SB 25-4103,SB 25-4103,SB,25,"SB 25-4103
EQUIPMENT/FURNISHINGS - DISPOSITION OF FIBERGLASS COMPONENTS THAT DO NOT MEET REQUIREMENTS FOR NON-PROPAGATION OF FIRE",17-Apr-2013,,Applicable and found complied on 17/04/2013.(Refer Airframe log book No 01 page no 109.),,,4245:39 H,,,,4245:39 H,,,,,,
157b8d12-c115-446e-a4dc-d12077751fe2,91aa63f8-13f1-4d97-9495-50fa7818a72b,HAWKER 900XP,ade4f248-2697-470e-aecb-27eba921ad0b,Tmplt HAWKER 900XP,25fd5b9e-034e-40a0-950f-e98f5c2e9369,VT-AJM,HA-0085,SB 71-4077,SB 71-4077,SB,71,"SB 71-4077
POWER PLANT - UPPER PANEL AND LOWER ACCESS DOOR COWLING REWORK",29-Jun-2012,,Applicable and found complied on 29/06/2012.,,,4245:39 H,,,,4245:39 H,,,,,,
157b8d12-c115-446e-a4dc-d12077751fe2,91aa63f8-13f1-4d97-9495-50fa7818a72b,HAWKER 900XP,ade4f248-2697-470e-aecb-27eba921ad0b,Tmplt HAWKER 900XP,25fd5b9e-034e-40a0-950f-e98f5c2e9369,VT-AJM,HA-0085,"SB 32-3979, REV. 1","SB 32-3979, REV. 1",SB,32,"SB 32-3979, REV. 1
LANDING GEAR - LANDING GEAR COMPONENT REPLACEMENT FOR HYDROGEN EMBRITTLEMENT, 800-HOUR REQUIREMENT",22-Jan-2011,,"Basic issue complied with at 746:51 Hours on 22/01/2011. No action required as per this revision (Refer Airframe logbook no.02,Page No. 109)",,,4245:39 H,,,,4245:39 H,,,,,,
157b8d12-c115-446e-a4dc-d12077751fe2,91aa63f8-13f1-4d97-9495-50fa7818a72b,HAWKER 900XP,ade4f248-2697-470e-aecb-27eba921ad0b,Tmplt HAWKER 900XP,25fd5b9e-034e-40a0-950f-e98f5c2e9369,VT-AJM,HA-0085,"SB 32-3962, REV. 3","SB 32-3962, REV. 3",SB,32,"SB 32-3962, REV. 3
LANDING GEAR - LANDING GEAR COMPONENT REPLACEMENT FOR HYDROGEN EMBRITTLEMENT, 200-HOUR REQUIREMENT",23-Oct-2010,,Applicable and found complied on 23/10/2009.,,,4245:39 H,,,,4245:39 H,,,,,,
157b8d12-c115-446e-a4dc-d12077751fe2,91aa63f8-13f1-4d97-9495-50fa7818a72b,HAWKER 900XP,ade4f248-2697-470e-aecb-27eba921ad0b,Tmplt HAWKER 900XP,25fd5b9e-034e-40a0-950f-e98f5c2e9369,VT-AJM,HA-0085,SB 23-3969 Rev 1,SB 23-3969 Rev 1,SB,23,"SB 23-3969 Rev 1
COMMUNICATIONS - MODIFICATION OF INTERPHONE VOX WIRING",17-Sep-2010,,Applicable and found Complied with at 593:43 Hours on 17/09/2010.,,,4245:39 H,,,,4245:39 H,,,,,,
157b8d12-c115-446e-a4dc-d12077751fe2,91aa63f8-13f1-4d97-9495-50fa7818a72b,HAWKER 900XP,ade4f248-2697-470e-aecb-27eba921ad0b,Tmplt HAWKER 900XP,25fd5b9e-034e-40a0-950f-e98f5c2e9369,VT-AJM,HA-0085,SB 71-4014,SB 71-4014,SB,71,"SB 71-4014
POWER PLANT - INSPECTION/REWORK OF RIGHT FAN COWL DOOR AFT ROD BRACKET",24-Feb-2010,,Applicable and found Complied with on 24/02/2010,,,4245:39 H,,,,4245:39 H,,,,,,
157b8d12-c115-446e-a4dc-d12077751fe2,91aa63f8-13f1-4d97-9495-50fa7818a72b,HAWKER 900XP,ade4f248-2697-470e-aecb-27eba921ad0b,Tmplt HAWKER 900XP,25fd5b9e-034e-40a0-950f-e98f5c2e9369,VT-AJM,HA-0085,DGCA/NEW-MISC/112R1,EASAAD2010-0067,MIS,34,"DGCA/NEW-MISC/112R1
Navigation - Mode S Transponder - Check /Modification.",04-Feb-2010,,Checked and found complied at 262:52 Hours on 04th Feb.2010.,,,4245:39 H,,,,4245:39 H,,,,,,
157b8d12-c115-446e-a4dc-d12077751fe2,91aa63f8-13f1-4d97-9495-50fa7818a72b,HAWKER 900XP,ade4f248-2697-470e-aecb-27eba921ad0b,Tmplt HAWKER 900XP,25fd5b9e-034e-40a0-950f-e98f5c2e9369,VT-AJM,HA-0085,SB 26-4013,SB 26-4013,SB,26,"SB 26-4013
FIRE PROTECTION - HALON 1211 PORTABLE FIRE EXTINGUISHER INSPECTION/ REPLENISHMENT/REPLACEMENT",04-Feb-2010,,Applicable and found Complied with on 04/02/2010,,,4245:39 H,,,,4245:39 H,,,,,,
157b8d12-c115-446e-a4dc-d12077751fe2,91aa63f8-13f1-4d97-9495-50fa7818a72b,HAWKER 900XP,ade4f248-2697-470e-aecb-27eba921ad0b,Tmplt HAWKER 900XP,25fd5b9e-034e-40a0-950f-e98f5c2e9369,VT-AJM,HA-0085,SB 35-3989,SB 35-3989,SB,35,"SB 35-3989
OXYGEN - INSPECTION FOR CLEARANCE BETWEEN UPPER RIGHT OXYGEN CYLINDER AND PRIMARY RUDDER CABLE",01-Nov-2009,,Applicable and Found Complied with on 04/02/2010.,,,4245:39 H,,,,4245:39 H,,,,,,
157b8d12-c115-446e-a4dc-d12077751fe2,91aa63f8-13f1-4d97-9495-50fa7818a72b,HAWKER 900XP,ade4f248-2697-470e-aecb-27eba921ad0b,Tmplt HAWKER 900XP,25fd5b9e-034e-40a0-950f-e98f5c2e9369,VT-AJM,HA-0085,SB 24-3968 Rev 1,SB 24-3968 Rev 1,SB,24,"SB 24-3968 Rev 1
ELECTRICAL POWER - INTRODUCTION OF IN-LINE FUSES",23-Oct-2009,,Applicable and found Complied with on 23/10/2009,,,4245:39 H,,,,4245:39 H,,,,,,
157b8d12-c115-446e-a4dc-d12077751fe2,91aa63f8-13f1-4d97-9495-50fa7818a72b,HAWKER 900XP,ade4f248-2697-470e-aecb-27eba921ad0b,Tmplt HAWKER 900XP,25fd5b9e-034e-40a0-950f-e98f5c2e9369,VT-AJM,HA-0085,DGCA/NEW-MISC/144,FAA AD 2012-06-25,MIS#,25,"DGCA/NEW-MISC/144
Joint Aircraft System Component (JASC)/Air Transport Association (ATA) of America Code 2560, Emergency Equipment.",,,Not applicable as per aircraft model.,,,4245:39 H,,,,4245:39 H,,,,,,
157b8d12-c115-446e-a4dc-d12077751fe2,91aa63f8-13f1-4d97-9495-50fa7818a72b,HAWKER 900XP,ade4f248-2697-470e-aecb-27eba921ad0b,Tmplt HAWKER 900XP,25fd5b9e-034e-40a0-950f-e98f5c2e9369,VT-AJM,HA-0085,DGCA/ NEW-MISC /238,FAA AD 2021-08-07,MIS#,34,"DGCA/ NEW-MISC /238
Joint Aircraft System Component (JASC)/Air Transport Association (ATA) of America Code 3400, NAVIGATION SYSTE?.",,,Not applicable as Rockwell Collins GPS 4000 system P/N:822-2189-002 is installed. No further action required.,,,4245:39 H,,,,4245:39 H,,,,,,
157b8d12-c115-446e-a4dc-d12077751fe2,91aa63f8-13f1-4d97-9495-50fa7818a72b,HAWKER 900XP,ade4f248-2697-470e-aecb-27eba921ad0b,Tmplt HAWKER 900XP,25fd5b9e-034e-40a0-950f-e98f5c2e9369,VT-AJM,HA-0085,DGCA/ NEW-MISC/ 236,EASA AD 2020-0272,MIS#,25,"DGCA/ NEW-MISC/ 236
ATA 25 - Equipment / Furnishings - Buckle - Modification / Replacement",,,Not applicable as AM SAFE Seat belts Installed. No further action required.,,,4245:39 H,,,,4245:39 H,,,,,,
157b8d12-c115-446e-a4dc-d12077751fe2,91aa63f8-13f1-4d97-9495-50fa7818a72b,HAWKER 900XP,ade4f248-2697-470e-aecb-27eba921ad0b,Tmplt HAWKER 900XP,25fd5b9e-034e-40a0-950f-e98f5c2e9369,VT-AJM,HA-0085,DGCA/NEW-MISC/164,EASA AD 2014-0142,MIS#,35,"DGCA/NEW-MISC/164
Oxygen Oxygen Mask Regulator Inflatable Harness /Inflation Hose- Identification/Replacement",,,"Record checked on 04/08/2014 and found notapplicable as crewoxygen mask regulator P/NMF 10-03-02 is installed. Pilotmask (LH): P/N MF 10-03-02, S/N:SE19735, DMF: 05-2008, Last OH: 10-2008. Harnessdatecode:0823-s. Co-Pilot mask (RH): P/N MF 10-03-02, S/N: SE19244, DMF: 04-2008, Last OH: 05-2014. Harnessdatecode:0814-s.",,,4245:39 H,,,,4245:39 H,,,,,,
157b8d12-c115-446e-a4dc-d12077751fe2,91aa63f8-13f1-4d97-9495-50fa7818a72b,HAWKER 900XP,ade4f248-2697-470e-aecb-27eba921ad0b,Tmplt HAWKER 900XP,25fd5b9e-034e-40a0-950f-e98f5c2e9369,VT-AJM,HA-0085,DGCA/NEW-MISC/109,FAA AD#2003-15-07,MIS#,49,"DGCA/NEW-MISC/109
To prevent APU compartment fires and fuel vapor, explosion.",,,Not applicable as APU Model GTCP-36-150W installed.,,,4245:39 H,,,,4245:39 H,,,,,,
157b8d12-c115-446e-a4dc-d12077751fe2,91aa63f8-13f1-4d97-9495-50fa7818a72b,HAWKER 900XP,ade4f248-2697-470e-aecb-27eba921ad0b,Tmplt HAWKER 900XP,25fd5b9e-034e-40a0-950f-e98f5c2e9369,VT-AJM,HA-0085,SB 32-4068,SB 32-4068,SB,32,"SB 32-4068
LANDING GEAR - NOSE LANDING GEAR DRAG STAY ASSEMBLY DESIGN IMPROVEMENT",,,Applicable and found complied at1048 Hours / 739 Cycles.,,,4245:39 H,,,,4245:39 H,,,,,,
157b8d12-c115-446e-a4dc-d12077751fe2,91aa63f8-13f1-4d97-9495-50fa7818a72b,HAWKER 900XP,ade4f248-2697-470e-aecb-27eba921ad0b,Tmplt HAWKER 900XP,25fd5b9e-034e-40a0-950f-e98f5c2e9369,VT-AJM,HA-0085,DGCA/NEW-MISC/80,FAA AD 2004-13-20.,MIS#,34,"DGCA/NEW-MISC/80
To prevent the GPS navigation unit under certain condition from providing erroneous cross deviation information.",,,Not applicable as Rockwell Collins GPS 4000S Installed.,,,4245:39 H,,,,4245:39 H,,,,,,
157b8d12-c115-446e-a4dc-d12077751fe2,91aa63f8-13f1-4d97-9495-50fa7818a72b,HAWKER 900XP,ade4f248-2697-470e-aecb-27eba921ad0b,Tmplt HAWKER 900XP,25fd5b9e-034e-40a0-950f-e98f5c2e9369,VT-AJM,HA-0085,DGCA/NEW-MISC/212,EASA AD 2019-0004,MIS#,34,"DGCA/NEW-MISC/212
ATA 34 - Navigation - Global Navigation Satellite System - Operational Limitations",,,Not applicable as Rockwell Collins GPS4000S Installed.,,,4245:39 H,,,,4245:39 H,,,,,,
157b8d12-c115-446e-a4dc-d12077751fe2,91aa63f8-13f1-4d97-9495-50fa7818a72b,HAWKER 900XP,ade4f248-2697-470e-aecb-27eba921ad0b,Tmplt HAWKER 900XP,25fd5b9e-034e-40a0-950f-e98f5c2e9369,VT-AJM,HA-0085,DGCA/NEW-MISC/90,FAAAD2006-12-08,MIS#,25,"DGCA/NEW-MISC/90
To prevent loss of pressure in the escape slides/rafts after an emergency evacuation.",,,Not applicable by Aircraft model number and escape Slide Raft not Installed.,,,4245:39 H,,,,4245:39 H,,,,,,
157b8d12-c115-446e-a4dc-d12077751fe2,91aa63f8-13f1-4d97-9495-50fa7818a72b,HAWKER 900XP,ade4f248-2697-470e-aecb-27eba921ad0b,Tmplt HAWKER 900XP,25fd5b9e-034e-40a0-950f-e98f5c2e9369,VT-AJM,HA-0085,DGCA/ NEW-MISC/ 224R1,FAA AD 2021-05-17,MIS#,34,"DGCA/ NEW-MISC/ 224R1
Joint Aircraft System Component (JASC) Code 3400, NAVIGATION SYSTE?.",,,Not applicable as Flight Display System Application FDSA-6500 not installed.No futher action required.,,,4245:39 H,,,,4245:39 H,,,,,,
157b8d12-c115-446e-a4dc-d12077751fe2,91aa63f8-13f1-4d97-9495-50fa7818a72b,HAWKER 900XP,ade4f248-2697-470e-aecb-27eba921ad0b,Tmplt HAWKER 900XP,25fd5b9e-034e-40a0-950f-e98f5c2e9369,VT-AJM,HA-0085,DGCA/NEW-MISC/101,FAA AD 2007-14-06,MIS#,34,"DGCA/NEW-MISC/101
Air transport association of America (ATA) code 34:Navigation",,,Not applicable as TCAS part number 822-1294-002 installed.,,,4245:39 H,,,,4245:39 H,,,,,,
157b8d12-c115-446e-a4dc-d12077751fe2,91aa63f8-13f1-4d97-9495-50fa7818a72b,HAWKER 900XP,ade4f248-2697-470e-aecb-27eba921ad0b,Tmplt HAWKER 900XP,25fd5b9e-034e-40a0-950f-e98f5c2e9369,VT-AJM,HA-0085,DGCA/NEW-MISC/138R1,FAA AD 2012-08-07,MIS#,25,"DGCA/NEW-MISC/138R1
Air transport association (ATA) of America code25:equipment/furnishings.",,,Not applicable as Decrane Aircrarft Passenger seats Installed.,,,4245:39 H,,,,4245:39 H,,,,,,
157b8d12-c115-446e-a4dc-d12077751fe2,91aa63f8-13f1-4d97-9495-50fa7818a72b,HAWKER 900XP,ade4f248-2697-470e-aecb-27eba921ad0b,Tmplt HAWKER 900XP,25fd5b9e-034e-40a0-950f-e98f5c2e9369,VT-AJM,HA-0085,DGCA/NEW-MISC/95,EASA AD 2006-0328,MIS#,32,"DGCA/NEW-MISC/95
Landing Gear-Main Landing Gear Wheel Assembly-Inspection/Repair.",,,Not applicable as Meggitt Aerospace Ltd. Installed and Main Wheel Assembly P/No. AHA 1814 Installed.,,,4245:39 H,,,,4245:39 H,,,,,,
157b8d12-c115-446e-a4dc-d12077751fe2,91aa63f8-13f1-4d97-9495-50fa7818a72b,HAWKER 900XP,ade4f248-2697-470e-aecb-27eba921ad0b,Tmplt HAWKER 900XP,25fd5b9e-034e-40a0-950f-e98f5c2e9369,VT-AJM,HA-0085,DGCA/NEW-MISC/209,EASA AD 2018-0262,MIS#,25,"DGCA/NEW-MISC/209
ATA 25 - Equipment / Furnishings - Lifejackets - Inspection",,,NOT APPLICABLE AS PER INSTALLED PART NUMBER IS 3A026-001300/02.,,,4245:39 H,,,,4245:39 H,,,,,,
157b8d12-c115-446e-a4dc-d12077751fe2,91aa63f8-13f1-4d97-9495-50fa7818a72b,HAWKER 900XP,ade4f248-2697-470e-aecb-27eba921ad0b,Tmplt HAWKER 900XP,25fd5b9e-034e-40a0-950f-e98f5c2e9369,VT-AJM,HA-0085,DGCA/NEW-MISC/131,EASA AD 2011-0043,MIS#,34,"DGCA/NEW-MISC/131
Mode S Transponder Control Panels-Modification.",,,N/A by aircraft model,,,4245:39 H,,,,4245:39 H,,,,,,
157b8d12-c115-446e-a4dc-d12077751fe2,91aa63f8-13f1-4d97-9495-50fa7818a72b,HAWKER 900XP,ade4f248-2697-470e-aecb-27eba921ad0b,Tmplt HAWKER 900XP,25fd5b9e-034e-40a0-950f-e98f5c2e9369,VT-AJM,HA-0085,DGCA/NEW-MISC/133,EASA AD 2011-0094,MIS#,37,"DGCA/NEW-MISC/133
Life Jacket Vacuum Bag-Modification",,,Not applicable by Life Jacket Part No. 63600-105 installed.,,,4245:39 H,,,,4245:39 H,,,,,,
157b8d12-c115-446e-a4dc-d12077751fe2,91aa63f8-13f1-4d97-9495-50fa7818a72b,HAWKER 900XP,ade4f248-2697-470e-aecb-27eba921ad0b,Tmplt HAWKER 900XP,25fd5b9e-034e-40a0-950f-e98f5c2e9369,VT-AJM,HA-0085,"SB 25-4155, Rev. 1","SB 25-4155, Rev. 1",SB,25,"SB 25-4155, Rev. 1
EQUIPMENT AND FURNISHINGS - INSPECTION / REPLACEMENT OF CABIN SEAT BELT BUCKLES",,,"Not applicable as504443 Series end release buckle assemblies not installed. No further action required. (Refer Airframe log book no.02,Page No.109)",,,4245:39 H,,,,4245:39 H,,,,,,
157b8d12-c115-446e-a4dc-d12077751fe2,91aa63f8-13f1-4d97-9495-50fa7818a72b,HAWKER 900XP,ade4f248-2697-470e-aecb-27eba921ad0b,Tmplt HAWKER 900XP,25fd5b9e-034e-40a0-950f-e98f5c2e9369,VT-AJM,HA-0085,DGCA/NEW-MISC/175,FAA AD 2015-15-14,MIS#,26,"DGCA/NEW-MISC/175
Air Transport Association (ATA) of America Code 26, Fire Protection.",,,"Not applicable by aircraft model. No further action required.(Refer AF log book 2, Page no115)",,,4245:39 H,,,,4245:39 H,,,,,,
157b8d12-c115-446e-a4dc-d12077751fe2,91aa63f8-13f1-4d97-9495-50fa7818a72b,HAWKER 900XP,ade4f248-2697-470e-aecb-27eba921ad0b,Tmplt HAWKER 900XP,25fd5b9e-034e-40a0-950f-e98f5c2e9369,VT-AJM,HA-0085,DGCA/ NEW-MISC/ 246,FAA AD:2021-23-12,MIS,34,"DGCA/ NEW-MISC/ 246
Air Transport Association (ATA) of America Code 31, Indicating/Recording System; 34, Navigation.",,,"DGCA/NEW-MISC/246 23-Dec-21 AirTransport Association (ATA) of America Code 31,Indicating/Recording System; 34, Navigation FAAAD:2021-23-12 As per AD As identified in paragraph (G) of this AD 2021-23-12, copy is Inserted in Airplane Flight Manual.",,,4245:39 H,,,,4245:39 H,,,,,,
157b8d12-c115-446e-a4dc-d12077751fe2,91aa63f8-13f1-4d97-9495-50fa7818a72b,HAWKER 900XP,ade4f248-2697-470e-aecb-27eba921ad0b,Tmplt HAWKER 900XP,25fd5b9e-034e-40a0-950f-e98f5c2e9369,VT-AJM,HA-0085,DGCA/NEW-MISC/190,FAA AD 2017-04-06,MIS#,42,"DGCA/NEW-MISC/190
Joint Aircraft System Component (JASC)/Air Transport Association (ATA) of America Code 44, Cabin Systems.",,,"NOT APPLICABLE, AS ROCKWELL COLLINS AIR DATA SYSTEM INSTALLED.TYPE IS ADC-3000. (Refer AF logbook 3,Page no109)",,,4245:39 H,,,,4245:39 H,,,,,,
157b8d12-c115-446e-a4dc-d12077751fe2,91aa63f8-13f1-4d97-9495-50fa7818a72b,HAWKER 900XP,ade4f248-2697-470e-aecb-27eba921ad0b,Tmplt HAWKER 900XP,25fd5b9e-034e-40a0-950f-e98f5c2e9369,VT-AJM,HA-0085,DGCA/ NEW-MISC/ 237 R1,FAA AD 2024-26-02,MIS#,25,"DGCA/ NEW-MISC/ 237 R1
Joint Aircraft Service Component (JASC) Code:2500,Cabin Equipment/Furnishings",,,Not applicable as AM SAFE Seat belts Installed. No further action required,,,4245:39 H,,,,4245:39 H,,,,,,
157b8d12-c115-446e-a4dc-d12077751fe2,91aa63f8-13f1-4d97-9495-50fa7818a72b,HAWKER 900XP,ade4f248-2697-470e-aecb-27eba921ad0b,Tmplt HAWKER 900XP,25fd5b9e-034e-40a0-950f-e98f5c2e9369,VT-AJM,HA-0085,DGCA/NEW-MISC/207,EASA AD 2018-0247,MIS#,34,"DGCA/NEW-MISC/207
ATA 34 - Navigation - Transponders - Inspection / Modification",,,NOT APPLICABLE AND ROCKWELL COLLINS TDR94D INSTALLED.,,,4245:39 H,,,,4245:39 H,,,,,,
157b8d12-c115-446e-a4dc-d12077751fe2,91aa63f8-13f1-4d97-9495-50fa7818a72b,HAWKER 900XP,ade4f248-2697-470e-aecb-27eba921ad0b,Tmplt HAWKER 900XP,25fd5b9e-034e-40a0-950f-e98f5c2e9369,VT-AJM,HA-0085,DGCA/NEW-MISC/153 R14,EASA AD 2015-0226 R6,MIS#,25,"DGCA/NEW-MISC/153 R14
ATA-25 Equipment/Furnishing Hoist Test/ Replacement.",,,Not Applicable as Hoist not installed. Ref. AD is applicable for helicopters only,,,4245:39 H,,,,4245:39 H,,,,,,
157b8d12-c115-446e-a4dc-d12077751fe2,91aa63f8-13f1-4d97-9495-50fa7818a72b,HAWKER 900XP,ade4f248-2697-470e-aecb-27eba921ad0b,Tmplt HAWKER 900XP,25fd5b9e-034e-40a0-950f-e98f5c2e9369,VT-AJM,HA-0085,DGCA/NEW-MISC/85,FAA AD 2005-11-05.,MIS#,37,"DGCA/NEW-MISC/85
To correct problems with the standby vacuum systems (SVS) before failure or malfunction during instrument flight rules.",,,Not applicable as Vacuum System not installed.,,,4245:39 H,,,,4245:39 H,,,,,,
157b8d12-c115-446e-a4dc-d12077751fe2,91aa63f8-13f1-4d97-9495-50fa7818a72b,HAWKER 900XP,ade4f248-2697-470e-aecb-27eba921ad0b,Tmplt HAWKER 900XP,25fd5b9e-034e-40a0-950f-e98f5c2e9369,VT-AJM,HA-0085,DGCA/ NEW-MISC /235,FAA AD 2020-21-02,MIS#,26,"DGCA/ NEW-MISC /235
Air Transport Association (ATA) of America Code 26, Fire protection.",,,Not applicable as no Cargo/Luggage compartment Fire extinguisher currently installed.No further action required.,,,4245:39 H,,,,4245:39 H,,,,,,
157b8d12-c115-446e-a4dc-d12077751fe2,91aa63f8-13f1-4d97-9495-50fa7818a72b,HAWKER 900XP,ade4f248-2697-470e-aecb-27eba921ad0b,Tmplt HAWKER 900XP,25fd5b9e-034e-40a0-950f-e98f5c2e9369,VT-AJM,HA-0085,DGCA/NEW-MISC/160 R2,EASA AD 2014-0095 R1,MIS#,25,"DGCA/NEW-MISC/160 R2
Equipment / furnishings - crash position indicator-modification aircraft flight Manual - amendment",,,"Not Applicable as Crash Position Indicator not installed on aircraft.(Refer AF log book 1,Page no 122)",,,4245:39 H,,,,4245:39 H,,,,,,
157b8d12-c115-446e-a4dc-d12077751fe2,91aa63f8-13f1-4d97-9495-50fa7818a72b,HAWKER 900XP,ade4f248-2697-470e-aecb-27eba921ad0b,Tmplt HAWKER 900XP,25fd5b9e-034e-40a0-950f-e98f5c2e9369,VT-AJM,HA-0085,DGCA/NEW-MISC/216,EASA AD 2019-0010,MIS#,25,"DGCA/NEW-MISC/216
ATA 25 - Equipment / Furnishing - Life Jacket - Removal / Repair",,,NOT APPLICABLE ACCORDING TO PART NUMBERI NSTALLED ON THE AIRCRAFT.,,,4245:39 H,,,,4245:39 H,,,,,,
157b8d12-c115-446e-a4dc-d12077751fe2,91aa63f8-13f1-4d97-9495-50fa7818a72b,HAWKER 900XP,ade4f248-2697-470e-aecb-27eba921ad0b,Tmplt HAWKER 900XP,25fd5b9e-034e-40a0-950f-e98f5c2e9369,VT-AJM,HA-0085,DGCA/NEW-MISC/218,"""FAA AD 2019-07-03""",MOD#,25,"DGCA/NEW-MISC/218
Joint Aircraft System Component (JASC) Code 2500, Cabin Equipment/Furnishings.",,,NOT APPLICABLE AS MANUFACTURER OFSEAT IS HAWKER BEECHCRAFT,,,4245:39 H,,,,4245:39 H,,,,,,
157b8d12-c115-446e-a4dc-d12077751fe2,91aa63f8-13f1-4d97-9495-50fa7818a72b,HAWKER 900XP,ade4f248-2697-470e-aecb-27eba921ad0b,Tmplt HAWKER 900XP,25fd5b9e-034e-40a0-950f-e98f5c2e9369,VT-AJM,HA-0085,DGCA/NEW-MISC/147,FAA AD 2012-17-01,MIS#,32,"DGCA/NEW-MISC/147
Air Transport Association of America (ATA) Code 32: Landing gear.",,,Not applicable by Dunlop Tire PN DR 14628T installed.,,,4245:39 H,,,,4245:39 H,,,,,,
157b8d12-c115-446e-a4dc-d12077751fe2,91aa63f8-13f1-4d97-9495-50fa7818a72b,HAWKER 900XP,ade4f248-2697-470e-aecb-27eba921ad0b,Tmplt HAWKER 900XP,25fd5b9e-034e-40a0-950f-e98f5c2e9369,VT-AJM,HA-0085,DGCA/NEW-MISC/243R2,EASAAD:2021-0185R2,MIS#,25,"DGCA/NEW-MISC/243R2
Ata 25 - equipment / furnishings - emergency parachutes-removal from service/modification.",,,Not applicable as Hawker Beechcraft & Safex Fire extinguisher is installed.,,,4245:39 H,,,,4245:39 H,,,,,,
157b8d12-c115-446e-a4dc-d12077751fe2,91aa63f8-13f1-4d97-9495-50fa7818a72b,HAWKER 900XP,ade4f248-2697-470e-aecb-27eba921ad0b,Tmplt HAWKER 900XP,25fd5b9e-034e-40a0-950f-e98f5c2e9369,VT-AJM,HA-0085,SB 35-4081,SB 35-4081,SB,35,"SB 35-4081
OXYGEN - HARNESS ASSEMBLY - INSPECTION OF SILICON TUBING",,,Compliedwithon1048Hours/739Cyclesand With Reference to the DGCA/NEW- MISC/132R1 Not applicable to mask fitted as per intertechnique SB MXH 35-240 and installed OxygenCrewMaskMF10-03-02S/N102908 and S/N SE19735.,,,4245:39 H,,,,4245:39 H,,,,,,
157b8d12-c115-446e-a4dc-d12077751fe2,91aa63f8-13f1-4d97-9495-50fa7818a72b,HAWKER 900XP,ade4f248-2697-470e-aecb-27eba921ad0b,Tmplt HAWKER 900XP,25fd5b9e-034e-40a0-950f-e98f5c2e9369,VT-AJM,HA-0085,DGCA/NEW-MISC/196,FAA AD 2017-19-05,MIS#,26,"DGCA/NEW-MISC/196
Joint Aircraft System Component (JASC) Code 2611, Smoke Detection.",,,"NOT APPLICABLE, AS MANUFACTURER OF INSTALLED SMOKE DETECTORS IS KIDDE AEROSPACE,.(Refer AF log book 3, Page n112)",,,4245:39 H,,,,4245:39 H,,,,,,
157b8d12-c115-446e-a4dc-d12077751fe2,91aa63f8-13f1-4d97-9495-50fa7818a72b,HAWKER 900XP,ade4f248-2697-470e-aecb-27eba921ad0b,Tmplt HAWKER 900XP,25fd5b9e-034e-40a0-950f-e98f5c2e9369,VT-AJM,HA-0085,DGCA/NEW-MISC/86,DGACADF2005-135.,MIS#,25,"DGCA/NEW-MISC/86
Equipment / Furnishings-Inspection and Replacement of the reading lights electrical power supplies of some Sicma Aero Seats",,,Not applicable as Decrane Aircraft Seating Passenger seats Installed.,,,4245:39 H,,,,4245:39 H,,,,,,
157b8d12-c115-446e-a4dc-d12077751fe2,91aa63f8-13f1-4d97-9495-50fa7818a72b,HAWKER 900XP,ade4f248-2697-470e-aecb-27eba921ad0b,Tmplt HAWKER 900XP,25fd5b9e-034e-40a0-950f-e98f5c2e9369,VT-AJM,HA-0085,DGCA/NEW-MISC/135,EASA AD 2011-0098,MIS#,25,"DGCA/NEW-MISC/135
Equipment / Furnishing - Passenger seat -Replacement",,,N/A by aircraft model,,,4245:39 H,,,,4245:39 H,,,,,,
157b8d12-c115-446e-a4dc-d12077751fe2,91aa63f8-13f1-4d97-9495-50fa7818a72b,HAWKER 900XP,ade4f248-2697-470e-aecb-27eba921ad0b,Tmplt HAWKER 900XP,25fd5b9e-034e-40a0-950f-e98f5c2e9369,VT-AJM,HA-0085,DGCA/NEW-MISC/94,FAA AD 2006-18-08,MIS#,32,"DGCA/NEW-MISC/94
To prevent Tread Separation from a Nose wheel tire during take off or landing.",,,Not applicable as Dunlop Aircraft Tire Installed and Nose wheel tyre Part Number DR6387T Installed.,,,4245:39 H,,,,4245:39 H,,,,,,
157b8d12-c115-446e-a4dc-d12077751fe2,91aa63f8-13f1-4d97-9495-50fa7818a72b,HAWKER 900XP,ade4f248-2697-470e-aecb-27eba921ad0b,Tmplt HAWKER 900XP,25fd5b9e-034e-40a0-950f-e98f5c2e9369,VT-AJM,HA-0085,DGCA/NEW-MISC/132R1,EASA AD 2011-0090 R1,MIS#,35,"DGCA/NEW-MISC/132R1
Oxygen - Oxygen mask regulator inflatable harness -Identification / Replacement.",,,Not applicable to mask fitted as per inter technique SB MXH 35-240 and installed Oxygen Crew Mask MF10-03-02 S/N 102908and S/N SE19735.,,,4245:39 H,,,,4245:39 H,,,,,,
157b8d12-c115-446e-a4dc-d12077751fe2,91aa63f8-13f1-4d97-9495-50fa7818a72b,HAWKER 900XP,ade4f248-2697-470e-aecb-27eba921ad0b,Tmplt HAWKER 900XP,25fd5b9e-034e-40a0-950f-e98f5c2e9369,VT-AJM,HA-0085,SB 57-4123,SB 57-4123,SB$,57,"SB 57-4123
WINGS - WINGLET ASSEMBLY RIB 16 AND SPAR FITTING INSPECTION FOR CORROSION",,,"Applicable and found complied on 27/11/2013.(Refer Airframe logbook no.01,PageNo.115)",,,4245:39 H,,,,4245:39 H,,,,,,
157b8d12-c115-446e-a4dc-d12077751fe2,91aa63f8-13f1-4d97-9495-50fa7818a72b,HAWKER 900XP,ade4f248-2697-470e-aecb-27eba921ad0b,Tmplt HAWKER 900XP,25fd5b9e-034e-40a0-950f-e98f5c2e9369,VT-AJM,HA-0085,DGCA/NEW-MISC/121,TCADCF2009-44,MIS#,25,"DGCA/NEW-MISC/121
Emergency Locator Transmitter -Potential failure to transmit the required 406 Mhz coded Signal",,,"Not Applicable as ELT modelC-406-N, P/No.-453-5060,S/No-10263installed.",,,4245:39 H,,,,4245:39 H,,,,,,
157b8d12-c115-446e-a4dc-d12077751fe2,91aa63f8-13f1-4d97-9495-50fa7818a72b,HAWKER 900XP,ade4f248-2697-470e-aecb-27eba921ad0b,Tmplt HAWKER 900XP,25fd5b9e-034e-40a0-950f-e98f5c2e9369,VT-AJM,HA-0085,DGCA/NEW-MISC/189,FAA AD 2016-22-04,MIS#,25,"DGCA/NEW-MISC/189
Air Transport Association (ATA) of America Code 32, Landing Gear; 53, Fuselage; 54, Nacelles/Pylons; 55, Stabilizers; and 57, Wings.",,,"Not applicableby aircraft model. Ref AD is applicable to Gulfstreamairplanes.(Refer AF log book 2, Page no 117)",,,4245:39 H,,,,4245:39 H,,,,,,
157b8d12-c115-446e-a4dc-d12077751fe2,91aa63f8-13f1-4d97-9495-50fa7818a72b,HAWKER 900XP,ade4f248-2697-470e-aecb-27eba921ad0b,Tmplt HAWKER 900XP,25fd5b9e-034e-40a0-950f-e98f5c2e9369,VT-AJM,HA-0085,DGCA/ NEW-MISC/ 255,G-2022-0009,MIS#,25,"DGCA/ NEW-MISC/ 255
ATA 25 - Equipment / Furnishings - Lifejackets - Inspection",,,NOT APPLICABLE AS LIFE JACKET MF GAIR CRUISER P/N;63600-105 ARE INSTALLED FOR PASSENGER & 63600-505 IS INSTALLED FOR CREW.,,,4245:39 H,,,,4245:39 H,,,,,,
157b8d12-c115-446e-a4dc-d12077751fe2,91aa63f8-13f1-4d97-9495-50fa7818a72b,HAWKER 900XP,ade4f248-2697-470e-aecb-27eba921ad0b,Tmplt HAWKER 900XP,25fd5b9e-034e-40a0-950f-e98f5c2e9369,VT-AJM,HA-0085,DGCA/NEW-MISC/136,FAA AD 2011-11-04,MIS#,26,"DGCA/NEW-MISC/136
Joint Aircraft System / component (JASC) Code2622: Fire Bottle, portable.",,,N/A by aircraft model,,,4245:39 H,,,,4245:39 H,,,,,,
157b8d12-c115-446e-a4dc-d12077751fe2,91aa63f8-13f1-4d97-9495-50fa7818a72b,HAWKER 900XP,ade4f248-2697-470e-aecb-27eba921ad0b,Tmplt HAWKER 900XP,25fd5b9e-034e-40a0-950f-e98f5c2e9369,VT-AJM,HA-0085,DGCA/NEW-MISC/204,FAA AD 2018-17-11,MIS#,28,"DGCA/NEW-MISC/204
Air Transport Association of America (ATA) Code 28: Fuel.",,,NOT APPLICABLE AS AD IS APPLICABLE TO HOT AIR BALLON,,,4245:39 H,,,,4245:39 H,,,,,,
157b8d12-c115-446e-a4dc-d12077751fe2,91aa63f8-13f1-4d97-9495-50fa7818a72b,HAWKER 900XP,ade4f248-2697-470e-aecb-27eba921ad0b,Tmplt HAWKER 900XP,25fd5b9e-034e-40a0-950f-e98f5c2e9369,VT-AJM,HA-0085,DGCA/NEW-MISC/114R1,EASAAD2010-03-02,MIS#,25,"DGCA/NEW-MISC/114R1
Equipment / Furnishing - Lifesaving Systems ""D-LokHook of Rescue Hoist - Inspection / Replacement",,,Not applicable .Applicable to Helicopters only.,,,4245:39 H,,,,4245:39 H,,,,,,
157b8d12-c115-446e-a4dc-d12077751fe2,91aa63f8-13f1-4d97-9495-50fa7818a72b,HAWKER 900XP,ade4f248-2697-470e-aecb-27eba921ad0b,Tmplt HAWKER 900XP,25fd5b9e-034e-40a0-950f-e98f5c2e9369,VT-AJM,HA-0085,SB 125-26-01 R1,SB 125-26-01 R1,SB$,26,"SB 125-26-01 R1
FIRE PROTECTION - ALTERNATE FIRE BELL INSTALLATION",,,"Applicable by aircraft serial number, Compliance upon customer Discretion.",,,4245:39 H,,,,4245:39 H,,,,,,
157b8d12-c115-446e-a4dc-d12077751fe2,91aa63f8-13f1-4d97-9495-50fa7818a72b,HAWKER 900XP,ade4f248-2697-470e-aecb-27eba921ad0b,Tmplt HAWKER 900XP,25fd5b9e-034e-40a0-950f-e98f5c2e9369,VT-AJM,HA-0085,DGCA/NEW-MISC/92,EASA AD 2007-0156,MIS#,34,"DGCA/NEW-MISC/92
To Prevent the Transponder of the COM Unit from going in to Standby Mode",,,Not applicable Rockwell Collins VHF 4000 Comm Unit and Rockwell Collins TDR 94D Transponder installed.,,,4245:39 H,,,,4245:39 H,,,,,,
157b8d12-c115-446e-a4dc-d12077751fe2,91aa63f8-13f1-4d97-9495-50fa7818a72b,HAWKER 900XP,ade4f248-2697-470e-aecb-27eba921ad0b,Tmplt HAWKER 900XP,25fd5b9e-034e-40a0-950f-e98f5c2e9369,VT-AJM,HA-0085,DGCA/NEW-MISC/152 R5,EASA AD 2013-0020 R4,MIS#,25,"DGCA/NEW-MISC/152 R5
ATA 25 - Equipment & Furnishings - Safety Belts /Torso Restraint Systems - Inspection / Replacement",,,"Not applicable. As no Maintenance or Repair work carried out on Seat Belt/ Torso restraint system as per AD.(Refer AF log book 1, Page no 120)",,,4245:39 H,,,,4245:39 H,,,,,,
157b8d12-c115-446e-a4dc-d12077751fe2,91aa63f8-13f1-4d97-9495-50fa7818a72b,HAWKER 900XP,ade4f248-2697-470e-aecb-27eba921ad0b,Tmplt HAWKER 900XP,25fd5b9e-034e-40a0-950f-e98f5c2e9369,VT-AJM,HA-0085,DGCA/ NEW-MISC/ 224R1,FAA AD 2021-05-17,MIS#,34,"DGCA/ NEW-MISC/ 224R1
Joint Aircraft System Component (JASC) Code 3400, NAVIGATION SYSTE?.",,,Not applicable as Flight Display System Application FDSA-6500 not installed. No futher action required.,,,4245:39 H,,,,4245:39 H,,,,,,
157b8d12-c115-446e-a4dc-d12077751fe2,91aa63f8-13f1-4d97-9495-50fa7818a72b,HAWKER 900XP,ade4f248-2697-470e-aecb-27eba921ad0b,Tmplt HAWKER 900XP,25fd5b9e-034e-40a0-950f-e98f5c2e9369,VT-AJM,HA-0085,DGCA/NEW-MISC/170,EASA AD 2014-0279,MIS#,25,"DGCA/NEW-MISC/170
Equipment / Furnishing - Restraint System Rotary Buckle Sub-Assembly - Identification / Replacement",,,"Not applicable as AMSAFE Seat belts Installed.Ref. AD is applicable to Romtex Anjou Aeronautique model 358 torso restraint systems.(Refer AF log book 2, Page no 109)",,,4245:39 H,,,,4245:39 H,,,,,,
157b8d12-c115-446e-a4dc-d12077751fe2,91aa63f8-13f1-4d97-9495-50fa7818a72b,HAWKER 900XP,ade4f248-2697-470e-aecb-27eba921ad0b,Tmplt HAWKER 900XP,25fd5b9e-034e-40a0-950f-e98f5c2e9369,VT-AJM,HA-0085,DGCA/NEW-MISC/214,FAA AD 2018-25-17,MIS#,21,"DGCA/NEW-MISC/214
Air conditioning System wiring the unsafe condition as an overheated connector",,,NOT APPLICABLE AS MENTIONED APPLICABLE FOR HELICOPTERS AND SAID AIRCOMM AIR CONDITIONING SYSTEM IS NOT INSTALLED,,,4245:39 H,,,,4245:39 H,,,,,,
157b8d12-c115-446e-a4dc-d12077751fe2,91aa63f8-13f1-4d97-9495-50fa7818a72b,HAWKER 900XP,ade4f248-2697-470e-aecb-27eba921ad0b,Tmplt HAWKER 900XP,25fd5b9e-034e-40a0-950f-e98f5c2e9369,VT-AJM,HA-0085,FAA AD 2012-16-14,SB 72-5221,AD#,62,"FAA AD 2012-16-14
Remove specific 2nd stage.LPT blades",,,Not Applicable by serial number of the aircraft.,,,4245:39 H,,,,4245:39 H,,,,,,
157b8d12-c115-446e-a4dc-d12077751fe2,91aa63f8-13f1-4d97-9495-50fa7818a72b,HAWKER 900XP,ade4f248-2697-470e-aecb-27eba921ad0b,Tmplt HAWKER 900XP,25fd5b9e-034e-40a0-950f-e98f5c2e9369,VT-AJM,HA-0085,DGCA/NEW-MISC/108,FAA AD 2008-22-01,MIS#,28,"DGCA/NEW-MISC/108
To prevent the potential of ignition sources inside fuel tanks which, in combination with flammable fuel vapor could result in fuel tank explosions and consequent loss of the airplane.",,,Not applicable due aircraft model.,,,4245:39 H,,,,4245:39 H,,,,,,
157b8d12-c115-446e-a4dc-d12077751fe2,91aa63f8-13f1-4d97-9495-50fa7818a72b,HAWKER 900XP,ade4f248-2697-470e-aecb-27eba921ad0b,Tmplt HAWKER 900XP,25fd5b9e-034e-40a0-950f-e98f5c2e9369,VT-AJM,HA-0085,DGCA/NEW-MISC/173,EASA AD 2015-0093,MIS#,34,"DGCA/NEW-MISC/173
ATA-34, Navigation - Attitude Heading Reference System - Modification/ Replacement.",,,"Not applicable as Rockwell Collins AHC 3000AHRS P/N. 822-1110-002 installed. Ref.AD is applicable to NORTHROPGRUMMAN LITEF GmbH AHRS.(Refer RD log book 1, Page no 116)",,,4245:39 H,,,,4245:39 H,,,,,,
157b8d12-c115-446e-a4dc-d12077751fe2,91aa63f8-13f1-4d97-9495-50fa7818a72b,HAWKER 900XP,ade4f248-2697-470e-aecb-27eba921ad0b,Tmplt HAWKER 900XP,25fd5b9e-034e-40a0-950f-e98f5c2e9369,VT-AJM,HA-0085,DGCA/NEW-MISC/219,FAA AD 2017-22-14,MIS#,34,"DGCA/NEW-MISC/219
Joint Aircraft System Component (JASC)/Air Transport Association (ATA) of America Code 34, Navigation.",,,NOT APPLICABLEASTSSISNOT INSTALLED,,,4245:39 H,,,,4245:39 H,,,,,,
157b8d12-c115-446e-a4dc-d12077751fe2,91aa63f8-13f1-4d97-9495-50fa7818a72b,HAWKER 900XP,ade4f248-2697-470e-aecb-27eba921ad0b,Tmplt HAWKER 900XP,25fd5b9e-034e-40a0-950f-e98f5c2e9369,VT-AJM,HA-0085,DGCA/NEW-MISC/215,FAA AD 2019-01-02,MIS#,34,"DGCA/NEW-MISC/215
Joint Aircraft System Component (JASC): 3410, Flight Environment Data; and 3420, Attitude and Direction Data System.",,,NOT APPLICABLE AS ROCKWELLS COLLINS SYSTEM IS INSTALLED,,,4245:39 H,,,,4245:39 H,,,,,,
157b8d12-c115-446e-a4dc-d12077751fe2,91aa63f8-13f1-4d97-9495-50fa7818a72b,HAWKER 900XP,ade4f248-2697-470e-aecb-27eba921ad0b,Tmplt HAWKER 900XP,25fd5b9e-034e-40a0-950f-e98f5c2e9369,VT-AJM,HA-0085,DGCA/ NEW-MISC/ 249,EASA AD :2022-0024,MIS#,34,"DGCA/ NEW-MISC/ 249
ATA 34 - Navigation - Flight Management Computer 2 / Navigation Modules - Operational Limitations / Amendment",,,Not applicable as Rockwell Collins FMCs P/No822-0868-083installed.,,,4245:39 H,,,,4245:39 H,,,,,,
157b8d12-c115-446e-a4dc-d12077751fe2,91aa63f8-13f1-4d97-9495-50fa7818a72b,HAWKER 900XP,ade4f248-2697-470e-aecb-27eba921ad0b,Tmplt HAWKER 900XP,25fd5b9e-034e-40a0-950f-e98f5c2e9369,VT-AJM,HA-0085,DGCA/NEW-MISC/163,EASA AD 2014-0125,MIS#,25,"DGCA/NEW-MISC/163
Equipment / Furnishings - Crash Position Indicator System - Replacement; Aircraft Flight Manual -Amendment",,,"Not applicable as Crash Position Indicator is not installed.(Refer AF log book 1, Page no 113)",,,4245:39 H,,,,4245:39 H,,,,,,
157b8d12-c115-446e-a4dc-d12077751fe2,91aa63f8-13f1-4d97-9495-50fa7818a72b,HAWKER 900XP,ade4f248-2697-470e-aecb-27eba921ad0b,Tmplt HAWKER 900XP,25fd5b9e-034e-40a0-950f-e98f5c2e9369,VT-AJM,HA-0085,DGCA/NEW-MISC/89,FAAAD2006-04-04,MIS#,26,"DGCA/NEW-MISC/89
To identify and provide corrective action for potentially inoperative. Smoke Detector.",,,Not applicable as Kidde Aerospace Smoke Detectors Part No. 473597-14 Installed,,,4245:39 H,,,,4245:39 H,,,,,,
157b8d12-c115-446e-a4dc-d12077751fe2,91aa63f8-13f1-4d97-9495-50fa7818a72b,HAWKER 900XP,ade4f248-2697-470e-aecb-27eba921ad0b,Tmplt HAWKER 900XP,25fd5b9e-034e-40a0-950f-e98f5c2e9369,VT-AJM,HA-0085,DGCA/ NEW-MISC/ 252,FAA AD 2022-04-09,MIS#,35,"DGCA/ NEW-MISC/ 252
Air Transport Association (ATA) of America Code 35, Oxygen System.",,,NOT APPLICABLE AS KIDDE GRAVINER LTD.OXYGENCYLINDERP/N.WKA37447INSTALLED,,,4245:39 H,,,,4245:39 H,,,,,,
157b8d12-c115-446e-a4dc-d12077751fe2,91aa63f8-13f1-4d97-9495-50fa7818a72b,HAWKER 900XP,ade4f248-2697-470e-aecb-27eba921ad0b,Tmplt HAWKER 900XP,25fd5b9e-034e-40a0-950f-e98f5c2e9369,VT-AJM,HA-0085,DGCA/NEW-MISC/156,FAA AD 2013-09-11,MIS#,21,"DGCA/NEW-MISC/156
Joint Aircraft System Component (JASC) /Air Transport Association (ATA) of America Code 21, Air Conditioning.",,,"Not Applicable by Aircraft Model. Applicable to Cessna models Airplanes.(Refer AF log book 1,Page no 113)",,,4245:39 H,,,,4245:39 H,,,,,,
157b8d12-c115-446e-a4dc-d12077751fe2,91aa63f8-13f1-4d97-9495-50fa7818a72b,HAWKER 900XP,ade4f248-2697-470e-aecb-27eba921ad0b,Tmplt HAWKER 900XP,25fd5b9e-034e-40a0-950f-e98f5c2e9369,VT-AJM,HA-0085,DGCA/NEW-MISC/206,FAA AD 2018-0223,MIS#,25,"DGCA/NEW-MISC/206
Joint Aircraft System Component (JASC) 2500 Code, Cabin Equipment/Furnishings.",,,"NOT APPLICABLE, CABIN ATTENDENT / JUMP SEAT MANUFACTURER IS HAWKER BEECHCRAFT",,,4245:39 H,,,,4245:39 H,,,,,,
157b8d12-c115-446e-a4dc-d12077751fe2,91aa63f8-13f1-4d97-9495-50fa7818a72b,HAWKER 900XP,ade4f248-2697-470e-aecb-27eba921ad0b,Tmplt HAWKER 900XP,25fd5b9e-034e-40a0-950f-e98f5c2e9369,VT-AJM,HA-0085,DGCA/NEW-MISC/105,FAA AD 2008-06-27,MIS#,25,"DGCA/NEW-MISC/105
To Prevent failure of an Evacuation System",,,Not applicable due Aircraft Model.,,,4245:39 H,,,,4245:39 H,,,,,,
157b8d12-c115-446e-a4dc-d12077751fe2,91aa63f8-13f1-4d97-9495-50fa7818a72b,HAWKER 900XP,ade4f248-2697-470e-aecb-27eba921ad0b,Tmplt HAWKER 900XP,25fd5b9e-034e-40a0-950f-e98f5c2e9369,VT-AJM,HA-0085,SB 57-4047 Rev 1,SB 57-4047 Rev 1,SB,57,"SB 57-4047 Rev 1
WINGS - WINGLET ASSEMBLY INSPECTION FOR FOREIGN OBJECTS AND SEALING OF END GAPS",,,Applicable and found complied at 804:12Hours /587Cycles.,,,4245:39 H,,,,4245:39 H,,,,,,
157b8d12-c115-446e-a4dc-d12077751fe2,91aa63f8-13f1-4d97-9495-50fa7818a72b,HAWKER 900XP,ade4f248-2697-470e-aecb-27eba921ad0b,Tmplt HAWKER 900XP,25fd5b9e-034e-40a0-950f-e98f5c2e9369,VT-AJM,HA-0085,DGCA/NEW-MISC/211R1,FAA AD 2018-23-12,MIS#,25,"DGCA/NEW-MISC/211R1
Air Transport Association (ATA) of America Code 25, Equipment/furnishings.",,,"NOT APPLICABLE AS NO EMERGENCY AVACUATION INSTALLED AND HENCE NO FUSEABLE PLUG P/N B13984-3 WITH LOT PA-21, PA 22 ISI NSTALLED ON AIRCRAFT",,,4245:39 H,,,,4245:39 H,,,,,,
157b8d12-c115-446e-a4dc-d12077751fe2,91aa63f8-13f1-4d97-9495-50fa7818a72b,HAWKER 900XP,ade4f248-2697-470e-aecb-27eba921ad0b,Tmplt HAWKER 900XP,25fd5b9e-034e-40a0-950f-e98f5c2e9369,VT-AJM,HA-0085,DGCA/NEW-MISC/118R1,FAAAD2009-21-10R1,MIS#,35,"DGCA/NEW-MISC/118R1
To prevent an Oxygen cylinder from rupturing ,which depending on the location, could result in structural damage & rapid decompression of the airplane.",,,"DGCA/NEW-MISC/118R1 29-Mar-10 To preventan Oxygen cylinderfrom rupturing ,whichdepending on the location, could result in structuraldamage & rapid decompression of the airplane. FAAAD2009-21-10R1 AsperAD Not applicable as KIDDE GRAVINER LTD WKA37447 Oxygen Cylinder Installed.",,,4245:39 H,,,,4245:39 H,,,,,,
157b8d12-c115-446e-a4dc-d12077751fe2,91aa63f8-13f1-4d97-9495-50fa7818a72b,HAWKER 900XP,ade4f248-2697-470e-aecb-27eba921ad0b,Tmplt HAWKER 900XP,25fd5b9e-034e-40a0-950f-e98f5c2e9369,VT-AJM,HA-0085,DGCA/NEW-MISC/140,FAA AD 2011-25-01,MIS#,11,"DGCA/NEW-MISC/140
To Install Placards To Aid In Locating & Deploying Life rafts To Prevent Further Injury Or Loss Of Life In the Event Of A Helicopter Landing In The Water.",,,"N/A by aircraft model, applicable to Helicopter only.",,,4245:39 H,,,,4245:39 H,,,,,,
157b8d12-c115-446e-a4dc-d12077751fe2,91aa63f8-13f1-4d97-9495-50fa7818a72b,HAWKER 900XP,ade4f248-2697-470e-aecb-27eba921ad0b,Tmplt HAWKER 900XP,25fd5b9e-034e-40a0-950f-e98f5c2e9369,VT-AJM,HA-0085,DGCA/NEW-MISC/154,EASA AD 2013-0106,MIS#,25,"DGCA/NEW-MISC/154
Equipment/furnishings ---varnish on veneered panels --- inspection / re -furbishing",,,"Not applicable by aircraft model. (Applicable for Falcon 2000 & Gulf stream G-V).(Refer AF log book 1, Page no 112)",,,4245:39 H,,,,4245:39 H,,,,,,
157b8d12-c115-446e-a4dc-d12077751fe2,91aa63f8-13f1-4d97-9495-50fa7818a72b,HAWKER 900XP,ade4f248-2697-470e-aecb-27eba921ad0b,Tmplt HAWKER 900XP,25fd5b9e-034e-40a0-950f-e98f5c2e9369,VT-AJM,HA-0085,DGCA/NEW-MISC/115R1,EASA AD 2009-0173 R1,MIS#,34,"DGCA/NEW-MISC/115R1
Navigation - Mode 'S' Transponder- Modification /Replacement",,,"Not applicable as Collins TDR94D,P/No. 622-9210-008 Mode 'S' Transponder and Collins ADC 3000 installed",,,4245:39 H,,,,4245:39 H,,,,,,
157b8d12-c115-446e-a4dc-d12077751fe2,91aa63f8-13f1-4d97-9495-50fa7818a72b,HAWKER 900XP,ade4f248-2697-470e-aecb-27eba921ad0b,Tmplt HAWKER 900XP,25fd5b9e-034e-40a0-950f-e98f5c2e9369,VT-AJM,HA-0085,DGCA /NEW-MISC /250,FAA AD: 2022-03-15,MIS#,28,"DGCA /NEW-MISC /250
Joint Aircraft System Component (JASC) Code 2841, Fuel Quantity Indicator.",,,"NOT APPLICABLE AS HAWKER 900XP AIRCRAFTMODELNOTLISTEDINTABLE1,PARAGRAPH(C)OFAD.",,,4245:39 H,,,,4245:39 H,,,,,,
157b8d12-c115-446e-a4dc-d12077751fe2,91aa63f8-13f1-4d97-9495-50fa7818a72b,HAWKER 900XP,ade4f248-2697-470e-aecb-27eba921ad0b,Tmplt HAWKER 900XP,25fd5b9e-034e-40a0-950f-e98f5c2e9369,VT-AJM,HA-0085,DGCA/NEW-MISC/180,EASA AD 2016-0044,MIS#,26,"DGCA/NEW-MISC/180
ATA 26 -Fire Protection -Engine and Auxiliary Power Unit Automatic Fire Extinguishers -Inspection/Overhaul",,,"Not Applicable as Pacific scientific engine & APU Fire Extinguisher installed. No further action required.(Refer AF log book 2,Page no 116)",,,4245:39 H,,,,4245:39 H,,,,,,
157b8d12-c115-446e-a4dc-d12077751fe2,91aa63f8-13f1-4d97-9495-50fa7818a72b,HAWKER 900XP,ade4f248-2697-470e-aecb-27eba921ad0b,Tmplt HAWKER 900XP,25fd5b9e-034e-40a0-950f-e98f5c2e9369,VT-AJM,HA-0085,DGCA/NEW-MISC/83,FAA AD 2004-22-01.,MIS#,50,"DGCA/NEW-MISC/83
To prevent shifting or unrestrained cargo in the cargo compartment, which could cause an unexpected change in the airplane's centre of gravity.",,,Not applicable as STC ST01004NY not incorporated.,,,4245:39 H,,,,4245:39 H,,,,,,
157b8d12-c115-446e-a4dc-d12077751fe2,91aa63f8-13f1-4d97-9495-50fa7818a72b,HAWKER 900XP,ade4f248-2697-470e-aecb-27eba921ad0b,Tmplt HAWKER 900XP,25fd5b9e-034e-40a0-950f-e98f5c2e9369,VT-AJM,HA-0085,DGCA/NEW-MISC/178,EASA AD 2016-0024,MIS#,26,"DGCA/NEW-MISC/178
ATA 26 - Fire Protection - Optical and Ambient Smoke Detectors-Identification/Replacement",,,"Not applicable as Kidde aerospace smoke detector is installed. No further action required.(Refer AF log book 2, Page no 116)",,,4245:39 H,,,,4245:39 H,,,,,,
157b8d12-c115-446e-a4dc-d12077751fe2,91aa63f8-13f1-4d97-9495-50fa7818a72b,HAWKER 900XP,ade4f248-2697-470e-aecb-27eba921ad0b,Tmplt HAWKER 900XP,25fd5b9e-034e-40a0-950f-e98f5c2e9369,VT-AJM,HA-0085,DGCA/ NEW-MISC /223,EASA AD 2019-0125,MIS#,25,"DGCA/ NEW-MISC /223
ATA 25 - Equipment / Furnishing - 9G NGS XL StepX Stretcher 1120050-Series - Modification",,,STRETCHER IS NOT INSTALLED IN AIRCRAFT HENCE NOT APPLICABLE,,,4245:39 H,,,,4245:39 H,,,,,,
157b8d12-c115-446e-a4dc-d12077751fe2,91aa63f8-13f1-4d97-9495-50fa7818a72b,HAWKER 900XP,ade4f248-2697-470e-aecb-27eba921ad0b,Tmplt HAWKER 900XP,25fd5b9e-034e-40a0-950f-e98f5c2e9369,VT-AJM,HA-0085,DGCA/NEW-MISC/187,FAA AD 2016-18-11,MIS#,32,"DGCA/NEW-MISC/187
Air Transport Association (ATA) of America Code 32, Landing gear.",,,"Not applicable by aircraft model. Ref AD is applicable to Gulfstream airplanes.(Refer AF log book 2, Page no 117)",,,4245:39 H,,,,4245:39 H,,,,,,
157b8d12-c115-446e-a4dc-d12077751fe2,91aa63f8-13f1-4d97-9495-50fa7818a72b,HAWKER 900XP,ade4f248-2697-470e-aecb-27eba921ad0b,Tmplt HAWKER 900XP,25fd5b9e-034e-40a0-950f-e98f5c2e9369,VT-AJM,HA-0085,DGCA/NEW-MISC/143,EASA AD 2012-0037,MIS#,26,"DGCA/NEW-MISC/143
ATA 26 -Fire protection -hand operated fire extinguisher - modification.",,,"Not applicable as COCKPIT Fire Extinguisher P/NBA51015G-3,S/N065785&CABINP/N: PA-H3 S/N. W-480470 fire extinguisher are installed",,,4245:39 H,,,,4245:39 H,,,,,,
157b8d12-c115-446e-a4dc-d12077751fe2,91aa63f8-13f1-4d97-9495-50fa7818a72b,HAWKER 900XP,ade4f248-2697-470e-aecb-27eba921ad0b,Tmplt HAWKER 900XP,25fd5b9e-034e-40a0-950f-e98f5c2e9369,VT-AJM,HA-0085,DGCA/NEW-MISC/181,EASA AD 2016-0151,MIS#,28,"DGCA/NEW-MISC/181
ATA 28 - Fuel - Burner and Fuel Hoses - Identification / Replacement",,,"Not applicable byaircraftmodel, applicable to hotair balloons.(Refer AF log book 2, Page no 116)",,,4245:39 H,,,,4245:39 H,,,,,,
157b8d12-c115-446e-a4dc-d12077751fe2,91aa63f8-13f1-4d97-9495-50fa7818a72b,HAWKER 900XP,ade4f248-2697-470e-aecb-27eba921ad0b,Tmplt HAWKER 900XP,25fd5b9e-034e-40a0-950f-e98f5c2e9369,VT-AJM,HA-0085,DGCA/NEW-MISC/183,EASA AD 2016-0210,MIS#,25,"DGCA/NEW-MISC/183
ATA 25 - Equipment / Furnishings - Seat Energy Absorber Assembly - Replacement",,,"Not applicable as cabin attendant seat P/N 7202-981-67 manufactured byHawker BeechcraftCorp& Pilot seat P/N 3A026-0013-00manufactured by IPECO Aerospace Ltd installed.(Refer AF log book 2, Page no 117)",,,4245:39 H,,,,4245:39 H,,,,,,
157b8d12-c115-446e-a4dc-d12077751fe2,91aa63f8-13f1-4d97-9495-50fa7818a72b,HAWKER 900XP,ade4f248-2697-470e-aecb-27eba921ad0b,Tmplt HAWKER 900XP,25fd5b9e-034e-40a0-950f-e98f5c2e9369,VT-AJM,HA-0085,DGCA/NEW-MISC/93,EASA AD 2006-0264,MIS#,25,"DGCA/NEW-MISC/93
Equipment & Furnishing-Passenger seats rear fitting assembly attachment-Replacement.",,,Not applicable as Decrane Aircraft Seating Passenger seats Installed.,,,4245:39 H,,,,4245:39 H,,,,,,
157b8d12-c115-446e-a4dc-d12077751fe2,91aa63f8-13f1-4d97-9495-50fa7818a72b,HAWKER 900XP,ade4f248-2697-470e-aecb-27eba921ad0b,Tmplt HAWKER 900XP,25fd5b9e-034e-40a0-950f-e98f5c2e9369,VT-AJM,HA-0085,DGCA/ NEW-MISC/ 222,FAA AD 2019-08-01,MIS#,25,"DGCA/ NEW-MISC/ 222
Joint Aircraft System Component (JASC) Code 2520, Passenger Compartment Equipment.",,,NOT APPLICABLE AS RECARO SEATS ARE NOT INSTALLED ON VT-AJM,,,4245:39 H,,,,4245:39 H,,,,,,
157b8d12-c115-446e-a4dc-d12077751fe2,91aa63f8-13f1-4d97-9495-50fa7818a72b,HAWKER 900XP,ade4f248-2697-470e-aecb-27eba921ad0b,Tmplt HAWKER 900XP,25fd5b9e-034e-40a0-950f-e98f5c2e9369,VT-AJM,HA-0085,DGCA/NEW-MISC/220,EASA AD 2019-0084,MIS#,26,"DGCA/NEW-MISC/220
ATA 26 - Fire Protection - Fire Extinguisher Percussion Cartridge - Life Limit",,,NOT APPLICABLE AS MEGGITT AND AIRBUSCOMPONENTS ARE NOT INSTALLED,,,4245:39 H,,,,4245:39 H,,,,,,
157b8d12-c115-446e-a4dc-d12077751fe2,91aa63f8-13f1-4d97-9495-50fa7818a72b,HAWKER 900XP,ade4f248-2697-470e-aecb-27eba921ad0b,Tmplt HAWKER 900XP,25fd5b9e-034e-40a0-950f-e98f5c2e9369,VT-AJM,HA-0085,DGCA/NEW-MISC/213,CF-2019-01,MIS#,20,"DGCA/NEW-MISC/213
Standard Practices - Helicopter External Transport System (HETS?) - Unapproved Parts, Inadequate Service Life Limits and Maintenance Requirements",,,NOT APPLICABLE ON HAWKER 900XP. AS IT IS ONLY APPLICABLE FOR HELICOPETERS.,,,4245:39 H,,,,4245:39 H,,,,,,
157b8d12-c115-446e-a4dc-d12077751fe2,91aa63f8-13f1-4d97-9495-50fa7818a72b,HAWKER 900XP,ade4f248-2697-470e-aecb-27eba921ad0b,Tmplt HAWKER 900XP,25fd5b9e-034e-40a0-950f-e98f5c2e9369,VT-AJM,HA-0085,DGCA/NEW-MISC/174,FAA AD 2015-16-04,MIS#,26,"DGCA/NEW-MISC/174
Air Transport Association (ATA) of America Code 26, Fire Protection.",,,"Not applicable as COCKPITFire ExtinguisherMfg. : Fire Extinguisher Enterprises Ltd., P/NBA51015G-3, S/N 065785 & CABIN Mfg. : Pem AllFire Extinguisher Corp., P/N :PA-H3, S/N :W-480470 fire extinguishers are installed. Ref. AD is applicable to Kidde Graviner hand-operated fire extinguishers having part numbers56412-001(34H),56411-001(35H),and56412- 002(38H).(Refer AFlogbook2,Pageno113)",,,4245:39 H,,,,4245:39 H,,,,,,
157b8d12-c115-446e-a4dc-d12077751fe2,91aa63f8-13f1-4d97-9495-50fa7818a72b,HAWKER 900XP,ade4f248-2697-470e-aecb-27eba921ad0b,Tmplt HAWKER 900XP,25fd5b9e-034e-40a0-950f-e98f5c2e9369,VT-AJM,HA-0085,DGCA/NEW-MISC/193,FAA AD 2017-11-11,MIS#,34,"DGCA/NEW-MISC/193
ATA-34, NAVIGATION, TO DEFINE THE UNSAFECONDITION",,,"NOT APPLICABLE BY MAKE AND MODEL.INSTALLED ONE IS OF ROCKWELL COLLINS.ATC TRANSPONDERS IS TDR-94D. (Refer AF logbook 3, Page no110)",,,4245:39 H,,,,4245:39 H,,,,,,
157b8d12-c115-446e-a4dc-d12077751fe2,91aa63f8-13f1-4d97-9495-50fa7818a72b,HAWKER 900XP,ade4f248-2697-470e-aecb-27eba921ad0b,Tmplt HAWKER 900XP,25fd5b9e-034e-40a0-950f-e98f5c2e9369,VT-AJM,HA-0085,DGCA/ NEW-MISC/ 254,FAA AD:2022-06-05,MIS#,62,"DGCA/ NEW-MISC/ 254
Joint Aircraft System Component (JASC) Code: 6200, Main Rotor System.",,,Not Applicable As Reference Ad Is Applicable To Helicopters Only. No Further Action Required.,,,4245:39 H,,,,4245:39 H,,,,,,
157b8d12-c115-446e-a4dc-d12077751fe2,91aa63f8-13f1-4d97-9495-50fa7818a72b,HAWKER 900XP,ade4f248-2697-470e-aecb-27eba921ad0b,Tmplt HAWKER 900XP,25fd5b9e-034e-40a0-950f-e98f5c2e9369,VT-AJM,HA-0085,DGCA/NEW-MISC/127R1,EASA AD 2010-0204,MIS#,34,"DGCA/NEW-MISC/127R1
Navigation Systems - Mode-S Transponder -Modification / Replacement",,,Not applicable as Transponder TDR-94D P/No622-9210-008withADCModel 3000Installed.,,,4245:39 H,,,,4245:39 H,,,,,,
157b8d12-c115-446e-a4dc-d12077751fe2,91aa63f8-13f1-4d97-9495-50fa7818a72b,HAWKER 900XP,ade4f248-2697-470e-aecb-27eba921ad0b,Tmplt HAWKER 900XP,25fd5b9e-034e-40a0-950f-e98f5c2e9369,VT-AJM,HA-0085,DGCA/ NEW-MISC/ 240,EASA AD G-2021-0003,MIS#,25,"DGCA/ NEW-MISC/ 240
Equipment / Furnishings - Life Jacket - Inspection",,,Not applicable as Zodiac Aerospace Life Jacket Part No. 63600-105 installed. No further actionrequired.,,,4245:39 H,,,,4245:39 H,,,,,,
157b8d12-c115-446e-a4dc-d12077751fe2,91aa63f8-13f1-4d97-9495-50fa7818a72b,HAWKER 900XP,ade4f248-2697-470e-aecb-27eba921ad0b,Tmplt HAWKER 900XP,25fd5b9e-034e-40a0-950f-e98f5c2e9369,VT-AJM,HA-0085,DGCA/NEW-MISC/137,FAA AD 2011-14-08,MIS#,35,"DGCA/NEW-MISC/137
ATA 35 - Oxygen. To prevent the in-line flow indicators of the oxygen mask assembly from fracturing and separating, which could inhibit oxygen flow to the masks.",,,"Not applicable as passenger oxygen mask of Scott Aviation & Avox, p/n. 289-601-228 is installed.",,,4245:39 H,,,,4245:39 H,,,,,,
157b8d12-c115-446e-a4dc-d12077751fe2,91aa63f8-13f1-4d97-9495-50fa7818a72b,HAWKER 900XP,ade4f248-2697-470e-aecb-27eba921ad0b,Tmplt HAWKER 900XP,25fd5b9e-034e-40a0-950f-e98f5c2e9369,VT-AJM,HA-0085,DGCA/NEW-MISC/176,FAA AD 2015-23-09,MIS#,35,"DGCA/NEW-MISC/176
Air Transport Association (ATA) of America Code 35, Oxygen.",,,"Not applicable to mask fitted and installed Oxygen crew mask MF10-03-02 S/N 102908 andS/N SE19735.(Refer AF logbook 2, Page no 115)",,,4245:39 H,,,,4245:39 H,,,,,,
157b8d12-c115-446e-a4dc-d12077751fe2,91aa63f8-13f1-4d97-9495-50fa7818a72b,HAWKER 900XP,ade4f248-2697-470e-aecb-27eba921ad0b,Tmplt HAWKER 900XP,25fd5b9e-034e-40a0-950f-e98f5c2e9369,VT-AJM,HA-0085,DGCA/NEW-MISC/194,FAA AD 2017-16-04,MIS#,25,"DGCA/NEW-MISC/194
ATA-25, EQUIPMENT/FURNISHINGS, THIS ADDEFINES THE UNSAFE CONDITION AS ABROKEN BUCKLE KNOB.",,,"NOT APPLICABLE, AS AM SAFE SEAT BELTS INSTALLED AND WHICH ARE OF CLIP TYPE NOT ROTORY BUCKLE TYPE.(Refer AF log book 3,Pagen o 111)",,,4245:39 H,,,,4245:39 H,,,,,,
157b8d12-c115-446e-a4dc-d12077751fe2,91aa63f8-13f1-4d97-9495-50fa7818a72b,HAWKER 900XP,ade4f248-2697-470e-aecb-27eba921ad0b,Tmplt HAWKER 900XP,25fd5b9e-034e-40a0-950f-e98f5c2e9369,VT-AJM,HA-0085,DGCA/NEW-MISC/172,FAA AD 2015-08-07,MIS#,35,"DGCA/NEW-MISC/172
Air Transport Association (ATA) of America Code 35, Oxygen.",,,"Not applicable to mask fitted as per inter technique SB MXH 35-240 and installed Oxygen Crew Mask MF10-03-02 S/N SE19244 and S/N 74199.(Refer AF log book 2, Page no 110)",,,4245:39 H,,,,4245:39 H,,,,,,
157b8d12-c115-446e-a4dc-d12077751fe2,91aa63f8-13f1-4d97-9495-50fa7818a72b,HAWKER 900XP,ade4f248-2697-470e-aecb-27eba921ad0b,Tmplt HAWKER 900XP,25fd5b9e-034e-40a0-950f-e98f5c2e9369,VT-AJM,HA-0085,DGCA/NEW-MISC/158,FAA AD 2013-06-51,MIS#,25,"DGCA/NEW-MISC/158
Joint Aircraft Service Component (JASC) Code: 2500, Equipment/Furnishings.",,,"Not Applicable as Hoist not installed.(Refer AF log book 1, Page no 114)",,,4245:39 H,,,,4245:39 H,,,,,,
157b8d12-c115-446e-a4dc-d12077751fe2,91aa63f8-13f1-4d97-9495-50fa7818a72b,HAWKER 900XP,ade4f248-2697-470e-aecb-27eba921ad0b,Tmplt HAWKER 900XP,25fd5b9e-034e-40a0-950f-e98f5c2e9369,VT-AJM,HA-0085,DGCA/NEW-MISC/151 R1,FAA AD 2012-26-15 R1,MIS#,34,"DGCA/NEW-MISC/151 R1
Air Transport Association (ATA) of America Code 34, Navigation.",,,"Not applicable Collins ADC-3000 Part No. 822-1109-015 & Serial No. 357XT & 3587H installed.(Refer AF logbook 1, Page no 122)",,,4245:39 H,,,,4245:39 H,,,,,,
157b8d12-c115-446e-a4dc-d12077751fe2,91aa63f8-13f1-4d97-9495-50fa7818a72b,HAWKER 900XP,ade4f248-2697-470e-aecb-27eba921ad0b,Tmplt HAWKER 900XP,25fd5b9e-034e-40a0-950f-e98f5c2e9369,VT-AJM,HA-0085,DGCA/NEW-MISC/162,EASA AD 2014-0088,MIS#,23,"DGCA/NEW-MISC/162
Communications - Cockpit Voice Recorder -Replacement",,,"Not applicable as Universal Avionics CVR-120 is installed. AD is applicable to TEAM, Cobham Avionics CVR, part no. AP71232101 andAP71231101. No further action required.(Refer RD log book 1, Page no 111)",,,4245:39 H,,,,4245:39 H,,,,,,
157b8d12-c115-446e-a4dc-d12077751fe2,91aa63f8-13f1-4d97-9495-50fa7818a72b,HAWKER 900XP,ade4f248-2697-470e-aecb-27eba921ad0b,Tmplt HAWKER 900XP,25fd5b9e-034e-40a0-950f-e98f5c2e9369,VT-AJM,HA-0085,DGCA/ NEW-MISC/ 234,FAA AD 2020-19-06,MIS#,61,"DGCA/ NEW-MISC/ 234
Joint Aircraft System Component (JASC)/Air Transport Association (ATA) of America Code 61, Propellers.",,,Not applicable as reference FAA AD 2020-19-06 is only applicable to propellers system.No further action required.,,,4245:39 H,,,,4245:39 H,,,,,,
157b8d12-c115-446e-a4dc-d12077751fe2,91aa63f8-13f1-4d97-9495-50fa7818a72b,HAWKER 900XP,ade4f248-2697-470e-aecb-27eba921ad0b,Tmplt HAWKER 900XP,25fd5b9e-034e-40a0-950f-e98f5c2e9369,VT-AJM,HA-0085,DGCA/NEW-MISC/125,FAA AD 2010-13-10,MIS#,61,"DGCA/NEW-MISC/125
To prevent loss of propeller pitch control damage to the propeller Governor and internal damage to the engine which could prevent continued safe flight or safe landing",,,Not applicable as Propeller Governor not installed.,,,4245:39 H,,,,4245:39 H,,,,,,
157b8d12-c115-446e-a4dc-d12077751fe2,91aa63f8-13f1-4d97-9495-50fa7818a72b,HAWKER 900XP,ade4f248-2697-470e-aecb-27eba921ad0b,Tmplt HAWKER 900XP,25fd5b9e-034e-40a0-950f-e98f5c2e9369,VT-AJM,HA-0085,DGCA/NEW-MISC/203,EASA AD 2018-0195,MIS#,25,"DGCA/NEW-MISC/203
ATA 25 - Equipment / Furnishings - Restraint Systems Rotary Buckle Sub Assembly- Removal from Service",,,"NOT APPLICABLE AS PER APPLICABILITY NOTE: PILOT SEATS MANUFACTURER IS IPECO (Refer AF logbook 3,Page no115)",,,4245:39 H,,,,4245:39 H,,,,,,
157b8d12-c115-446e-a4dc-d12077751fe2,91aa63f8-13f1-4d97-9495-50fa7818a72b,HAWKER 900XP,ade4f248-2697-470e-aecb-27eba921ad0b,Tmplt HAWKER 900XP,25fd5b9e-034e-40a0-950f-e98f5c2e9369,VT-AJM,HA-0085,DGCA/ NEW-MISC /241,EASA AD 2021-0137,MIS#,25,"DGCA/ NEW-MISC /241
ATA 25 - Equipment / Furnishings - Pilot and Co-pilot Seats / Longitudinal Locking System Pins - Measurement / Adjustment",,,Not applicable as Crew seat part number. IPECO Aerospace Ltd. Crew seat P/No. 3A026-0013-00 and 3A026-0014-00 installed. No further action required.,,,4245:39 H,,,,4245:39 H,,,,,,
157b8d12-c115-446e-a4dc-d12077751fe2,91aa63f8-13f1-4d97-9495-50fa7818a72b,HAWKER 900XP,ade4f248-2697-470e-aecb-27eba921ad0b,Tmplt HAWKER 900XP,25fd5b9e-034e-40a0-950f-e98f5c2e9369,VT-AJM,HA-0085,DGCA/NEW-MISC/197,FAA AD 2017-22-02,MIS#,25,"DGCA/NEW-MISC/197
oint Aircraft System Component (JASC) Code 2510, Flight Compartment Equipment.",,,"NOT APPLICABLE by Crew seat part number.IPECO Aerospace Ltd. Crew seat P/No. 3A026-0013-00 and 3A026-0014-00 installed. (Refer AFlog book 3, Page no 113)",,,4245:39 H,,,,4245:39 H,,,,,,
157b8d12-c115-446e-a4dc-d12077751fe2,91aa63f8-13f1-4d97-9495-50fa7818a72b,HAWKER 900XP,ade4f248-2697-470e-aecb-27eba921ad0b,Tmplt HAWKER 900XP,25fd5b9e-034e-40a0-950f-e98f5c2e9369,VT-AJM,HA-0085,DGCA/NEW-MISC/191,FAA AD 2017-06-03,MIS#,21,"DGCA/NEW-MISC/191
Joint Aircraft System Component (JASC)/Air Transport Association (ATA) of America Code 2140; Heating System.",,,"NOT APPLICABLE, AS COMBUSTION HEATER IS NOT INSTALLED.(Refer AF log book 3, Page no109)",,,4245:39 H,,,,4245:39 H,,,,,,
157b8d12-c115-446e-a4dc-d12077751fe2,91aa63f8-13f1-4d97-9495-50fa7818a72b,HAWKER 900XP,ade4f248-2697-470e-aecb-27eba921ad0b,Tmplt HAWKER 900XP,25fd5b9e-034e-40a0-950f-e98f5c2e9369,VT-AJM,HA-0085,DGCA/NEW-MISC/130R3,FAA AD 2012-11-09 R1,MIS#,35,"DGCA/NEW-MISC/130R3
Joint aircraft system component/ ATA of America code 35,oxygen.",,,"Not applicable as Chemical Oxygen Generator not installed.(Refer AF log book 1, Page no 112)",,,4245:39 H,,,,4245:39 H,,,,,,
157b8d12-c115-446e-a4dc-d12077751fe2,91aa63f8-13f1-4d97-9495-50fa7818a72b,HAWKER 900XP,ade4f248-2697-470e-aecb-27eba921ad0b,Tmplt HAWKER 900XP,25fd5b9e-034e-40a0-950f-e98f5c2e9369,VT-AJM,HA-0085,DGCA/NEW-MISC/210R1,EASA AD 2018-0264R1,MIS#,25,"DGCA/NEW-MISC/210R1
ATA 25 - Equipment / Furnishings - Life Vest Pouch - Inspection",,,Not applicable as per applicability. Note: Life Vest pouch p/n: 313907100004 and affected seats p/n mentioned in appendix1of AD 2018-0264R1are not installed in aircraft.,,,4245:39 H,,,,4245:39 H,,,,,,
157b8d12-c115-446e-a4dc-d12077751fe2,91aa63f8-13f1-4d97-9495-50fa7818a72b,HAWKER 900XP,ade4f248-2697-470e-aecb-27eba921ad0b,Tmplt HAWKER 900XP,25fd5b9e-034e-40a0-950f-e98f5c2e9369,VT-AJM,HA-0085,DGCA/NEW-MISC/171,FAA AD 2015-10-51,MIS#,34,"DGCA/NEW-MISC/171
Joint Aircraft System Component (JASC)/Air Transport Association (ATA) of America Code: 34, Navigation.",,,"Not applicable as Rockwell Collins AFD3010 P/N.822-1084-310 is installed. Ref.AD is applicable to Avidyne Integrated Flight Displays P/N. 700-00083.(Refer RD log book 1,Page no 116)",,,4245:39 H,,,,4245:39 H,,,,,,
157b8d12-c115-446e-a4dc-d12077751fe2,91aa63f8-13f1-4d97-9495-50fa7818a72b,HAWKER 900XP,ade4f248-2697-470e-aecb-27eba921ad0b,Tmplt HAWKER 900XP,25fd5b9e-034e-40a0-950f-e98f5c2e9369,VT-AJM,HA-0085,DGCA/NEW-MISC/123,FAAAD2010-07-08,MIS#,72,"DGCA/NEW-MISC/123
Kelly Aerospace Energy Systems, LLC Rebuilt Turbochargers.",,,Not applicable as affected component not installed.,,,4245:39 H,,,,4245:39 H,,,,,,
157b8d12-c115-446e-a4dc-d12077751fe2,91aa63f8-13f1-4d97-9495-50fa7818a72b,HAWKER 900XP,ade4f248-2697-470e-aecb-27eba921ad0b,Tmplt HAWKER 900XP,25fd5b9e-034e-40a0-950f-e98f5c2e9369,VT-AJM,HA-0085,DGCA/NEW-MISC/186,FAA AD 2016-16-11,MIS#,53,"DGCA/NEW-MISC/186
Air Transport Association (ATA) of America Code 57, Wings.",,,"Not applicable by aircraft model. Ref AD is applicable to BAE Systems Ltd , 3000A series and Avro.(Refer AF log book 2, Page no 117)",,,4245:39 H,,,,4245:39 H,,,,,,
157b8d12-c115-446e-a4dc-d12077751fe2,91aa63f8-13f1-4d97-9495-50fa7818a72b,HAWKER 900XP,ade4f248-2697-470e-aecb-27eba921ad0b,Tmplt HAWKER 900XP,25fd5b9e-034e-40a0-950f-e98f5c2e9369,VT-AJM,HA-0085,DGCA/NEW-MISC/200,FAA AD 2018-03-04,MIS#,34,"DGCA/NEW-MISC/200
Joint Aircraft System Component (JASC)/Air Transport Association (ATA) of America Code 3414, Airspeed/Mach Indicator.",,,"Not applicable as pitot head LH & RH P/N:853JF1 currently installed. No further action required. (Refer AF logbook 3,Page no114)",,,4245:39 H,,,,4245:39 H,,,,,,
157b8d12-c115-446e-a4dc-d12077751fe2,91aa63f8-13f1-4d97-9495-50fa7818a72b,HAWKER 900XP,ade4f248-2697-470e-aecb-27eba921ad0b,Tmplt HAWKER 900XP,25fd5b9e-034e-40a0-950f-e98f5c2e9369,VT-AJM,HA-0085,DGCA/NEW-MISC/99,EASA AD 2006-0286 R1,MIS#,35,"DGCA/NEW-MISC/99
Oxygen - Oxygen Reserve Cylinders - Removal-Emptying.",,,Not applicable as KIDDE GRAVINER LTD Oxygen cylinder P/n. WKA37447 Installed.,,,4245:39 H,,,,4245:39 H,,,,,,
157b8d12-c115-446e-a4dc-d12077751fe2,91aa63f8-13f1-4d97-9495-50fa7818a72b,HAWKER 900XP,ade4f248-2697-470e-aecb-27eba921ad0b,Tmplt HAWKER 900XP,25fd5b9e-034e-40a0-950f-e98f5c2e9369,VT-AJM,HA-0085,DGCA/NEW-MISC/167 R1,EASA AD 2014-0244,MIS#,25,"DGCA/NEW-MISC/167 R1
Equipment & Furnishings - Emergency Flotation System - Rotor craft Flight Manual (Supplement)Limitation",,,"Not Applicable by Aircraft Model. (Applicable to Helicopter only).(Refer AF log book 1, Page no 120)",,,4245:39 H,,,,4245:39 H,,,,,,
157b8d12-c115-446e-a4dc-d12077751fe2,91aa63f8-13f1-4d97-9495-50fa7818a72b,HAWKER 900XP,ade4f248-2697-470e-aecb-27eba921ad0b,Tmplt HAWKER 900XP,25fd5b9e-034e-40a0-950f-e98f5c2e9369,VT-AJM,HA-0085,DGCA/NEW-MISC/98R1,FAA AD 2007-04-19 (R1),MIS#,72,"DGCA/NEW-MISC/98R1
To Prevent Cylinder Separation.",,,Not applicable as Honeywell TFE 731-50R-1H Turbo fan Engines Installed.,,,4245:39 H,,,,4245:39 H,,,,,,
157b8d12-c115-446e-a4dc-d12077751fe2,91aa63f8-13f1-4d97-9495-50fa7818a72b,HAWKER 900XP,ade4f248-2697-470e-aecb-27eba921ad0b,Tmplt HAWKER 900XP,25fd5b9e-034e-40a0-950f-e98f5c2e9369,VT-AJM,HA-0085,SB 78-4048,SB 78-4048,SB,78,"SB 78-4048
EXHAUST - THRUST REVERSER ACCUMULATOR PRE-CHARGE CHECK",,,Applicable and found complied at 897:00 Hours / 636 Cycles.,,,4245:39 H,,,,4245:39 H,,,,,,
157b8d12-c115-446e-a4dc-d12077751fe2,91aa63f8-13f1-4d97-9495-50fa7818a72b,HAWKER 900XP,ade4f248-2697-470e-aecb-27eba921ad0b,Tmplt HAWKER 900XP,25fd5b9e-034e-40a0-950f-e98f5c2e9369,VT-AJM,HA-0085,DGCA/ NEW-MISC/ 248 R2,EASA AD:2022-0029-E,MIS#,25,"DGCA/ NEW-MISC/ 248 R2
ATA 25 - Equipment / Furnishings - Emergency Parachutes - Removal from Service",,,Not applicable as aircraft is not equipped with emergency parachute.,,,4245:39 H,,,,4245:39 H,,,,,,
157b8d12-c115-446e-a4dc-d12077751fe2,91aa63f8-13f1-4d97-9495-50fa7818a72b,HAWKER 900XP,ade4f248-2697-470e-aecb-27eba921ad0b,Tmplt HAWKER 900XP,25fd5b9e-034e-40a0-950f-e98f5c2e9369,VT-AJM,HA-0085,DGCA/NEW-MISC/70,FAA AD 2002-20-05,MIS#,25,"DGCA/NEW-MISC/70
To prevent mounting bracket failure and separation of the rescue hoist from the helicopter",,,Not applicable. Applicable to helicopters only,,,4245:39 H,,,,4245:39 H,,,,,,
157b8d12-c115-446e-a4dc-d12077751fe2,91aa63f8-13f1-4d97-9495-50fa7818a72b,HAWKER 900XP,ade4f248-2697-470e-aecb-27eba921ad0b,Tmplt HAWKER 900XP,25fd5b9e-034e-40a0-950f-e98f5c2e9369,VT-AJM,HA-0085,DGCA/NEW-MISC/217,FAA AD 2018-21-14,MIS#,35,"DGCA/NEW-MISC/217
Joint Aircraft System Component (JASC) Code 3510, Crew Oxygen System",,,NOT APPLICABLE AS P/N MF100302 CREWOXYGEN MASK INSTALLED,,,4245:39 H,,,,4245:39 H,,,,,,
157b8d12-c115-446e-a4dc-d12077751fe2,91aa63f8-13f1-4d97-9495-50fa7818a72b,HAWKER 900XP,ade4f248-2697-470e-aecb-27eba921ad0b,Tmplt HAWKER 900XP,25fd5b9e-034e-40a0-950f-e98f5c2e9369,VT-AJM,HA-0085,DGCA/NEW-MISC/228 R1,FAA AD:2022-15-08,MIS#,46,"DGCA/NEW-MISC/228 R1
Air Transport Association (ATA) of America Code 46, Information systems.",,,Not applicable by manufacturer as the manufacturer of this aircraft is textron.,,,4245:39 H,,,,4245:39 H,,,,,,
157b8d12-c115-446e-a4dc-d12077751fe2,91aa63f8-13f1-4d97-9495-50fa7818a72b,HAWKER 900XP,ade4f248-2697-470e-aecb-27eba921ad0b,Tmplt HAWKER 900XP,25fd5b9e-034e-40a0-950f-e98f5c2e9369,VT-AJM,HA-0085,FAA AD 2011-01-09,FAA AD 2011-01-09,AD#,35,"FAA AD 2011-01-09
Air Transport Association (ATA) of America Code 35: Oxygen.",,,Not Applicable due Vendor. Scott Aviation PBE P/N 802300-14 is installed.,,,4245:39 H,,,,4245:39 H,,,,,,
157b8d12-c115-446e-a4dc-d12077751fe2,91aa63f8-13f1-4d97-9495-50fa7818a72b,HAWKER 900XP,ade4f248-2697-470e-aecb-27eba921ad0b,Tmplt HAWKER 900XP,25fd5b9e-034e-40a0-950f-e98f5c2e9369,VT-AJM,HA-0085,DGCA /NEW-MISC/ 247,FAA AD:2021-23-13,MIS#,34,"DGCA /NEW-MISC/ 247
Joint Aircraft Service Component (JASC) Code: 3444, Ground Proximity System.",,,Ref.AD is applicable for helicopters only. No further action required.,,,4245:39 H,,,,4245:39 H,,,,,,
157b8d12-c115-446e-a4dc-d12077751fe2,91aa63f8-13f1-4d97-9495-50fa7818a72b,HAWKER 900XP,ade4f248-2697-470e-aecb-27eba921ad0b,Tmplt HAWKER 900XP,25fd5b9e-034e-40a0-950f-e98f5c2e9369,VT-AJM,HA-0085,DGCA/NEW-MISC/184,EASA AD 2016-0211,MIS#,28,"DGCA/NEW-MISC/184
ATA 28 - Fuel - Cross Feed Fuel Pipe - Replacement",,,"Within 2 months after the effective date of this AD, replace each affected cross feed fuel pipe assembly with a serviceable assembly P/N JD280J0152-000 (LH) or P/N JD280J0153-000 (RH), as applicable, in accordance with the instructions of BAE Systems (Operations) Ltd SB ATP-28-025.",,,4245:39 H,,,,4245:39 H,,,,,,
157b8d12-c115-446e-a4dc-d12077751fe2,91aa63f8-13f1-4d97-9495-50fa7818a72b,HAWKER 900XP,ade4f248-2697-470e-aecb-27eba921ad0b,Tmplt HAWKER 900XP,25fd5b9e-034e-40a0-950f-e98f5c2e9369,VT-AJM,HA-0085,DGCA/NEW-MISC/201,EASA AD 2018-0143-E,MIS#,25,"DGCA/NEW-MISC/201
ATA 25 - Equipment / Furnishings - Towing Release Mechanism - Inspection",,,"NOT APPLICABLE AS PER APPLICABILITY. NOTE: NOT EQUIPPED WITH CG TOWING RELEASE MECHANISM (Refer AF logbook 3, Page no115)",,,4245:39 H,,,,4245:39 H,,,,,,
157b8d12-c115-446e-a4dc-d12077751fe2,91aa63f8-13f1-4d97-9495-50fa7818a72b,HAWKER 900XP,ade4f248-2697-470e-aecb-27eba921ad0b,Tmplt HAWKER 900XP,25fd5b9e-034e-40a0-950f-e98f5c2e9369,VT-AJM,HA-0085,DGCA/NEW-MISC/96,EASA AD 2008-0135,MIS#,25,"DGCA/NEW-MISC/96
Equipment & Furnishings-Passenger Seat Backrest-Inspection/Replacement.",,,Not applicable as Decrane Aircraft Seating Passenger seats Installed.,,,4245:39 H,,,,4245:39 H,,,,,,
157b8d12-c115-446e-a4dc-d12077751fe2,91aa63f8-13f1-4d97-9495-50fa7818a72b,HAWKER 900XP,ade4f248-2697-470e-aecb-27eba921ad0b,Tmplt HAWKER 900XP,25fd5b9e-034e-40a0-950f-e98f5c2e9369,VT-AJM,HA-0085,DGCA/NEW-MISC/134,EASA AD 2011-0103,MIS#,25,"DGCA/NEW-MISC/134
Emergency Locator Transmitter (ELT) Antenna -Modification / Replacement",,,"Not applicable as the ELT Model No. C406-N, No1 ELT Antenna P/n. 110-340",,,4245:39 H,,,,4245:39 H,,,,,,
157b8d12-c115-446e-a4dc-d12077751fe2,91aa63f8-13f1-4d97-9495-50fa7818a72b,HAWKER 900XP,ade4f248-2697-470e-aecb-27eba921ad0b,Tmplt HAWKER 900XP,25fd5b9e-034e-40a0-950f-e98f5c2e9369,VT-AJM,HA-0085,DGCA/NEW-MISC/141,FAAAD2012-02-08,MIS#,34,"DGCA/NEW-MISC/141
Joint Aircraft System Component (JASC)/Air Transport Association (ATA) of America Code 34, Navigation",,,Not applicable as Rockwell Collins TCAS system is installed.,,,4245:39 H,,,,4245:39 H,,,,,,
157b8d12-c115-446e-a4dc-d12077751fe2,91aa63f8-13f1-4d97-9495-50fa7818a72b,HAWKER 900XP,ade4f248-2697-470e-aecb-27eba921ad0b,Tmplt HAWKER 900XP,25fd5b9e-034e-40a0-950f-e98f5c2e9369,VT-AJM,HA-0085,DGCA/NEW-MISC/110,FAAAD#2009-05-05,MIS#,34,"DGCA/NEW-MISC/110
To prevent certain conditions from existing when PFDs Display incorrect attitude, altitude & air speed information.",,,Not applicable as PFD Model No.Collins AFD3010 P/n. 822-1084-310 installed.,,,4245:39 H,,,,4245:39 H,,,,,,
157b8d12-c115-446e-a4dc-d12077751fe2,91aa63f8-13f1-4d97-9495-50fa7818a72b,HAWKER 900XP,ade4f248-2697-470e-aecb-27eba921ad0b,Tmplt HAWKER 900XP,25fd5b9e-034e-40a0-950f-e98f5c2e9369,VT-AJM,HA-0085,DGCA/NEW-MISC/111,EASA AD 2006-0334 R1,MIS#,23,"DGCA/NEW-MISC/111
Communications Thales Communication VHF DATA Radio Modification.",,,Not applicable as VHF 4000 P/n. 822-1468-102 installed.,,,4245:39 H,,,,4245:39 H,,,,,,
157b8d12-c115-446e-a4dc-d12077751fe2,91aa63f8-13f1-4d97-9495-50fa7818a72b,HAWKER 900XP,ade4f248-2697-470e-aecb-27eba921ad0b,Tmplt HAWKER 900XP,25fd5b9e-034e-40a0-950f-e98f5c2e9369,VT-AJM,HA-0085,DGCA/NEW-MISC/129,FAA AD 2011-01-09,MIS#,35,"DGCA/NEW-MISC/129
Inspection to determine the serial number of the PBE units and replacement (If required).",,,Not applicable by Aircraft Model. Applicable to CAP-10 aircraft. DGCA/NEW-MISC/129 24-Feb-11 Inspection to determine the serialnumber of the PBEunits and replacement (If required). FAAAD2011-01-09 As per AD Not applicable as Scott PBE P/n. 802300-14installed on the aircraft.,,,4245:39 H,,,,4245:39 H,,,,,,
157b8d12-c115-446e-a4dc-d12077751fe2,91aa63f8-13f1-4d97-9495-50fa7818a72b,HAWKER 900XP,ade4f248-2697-470e-aecb-27eba921ad0b,Tmplt HAWKER 900XP,25fd5b9e-034e-40a0-950f-e98f5c2e9369,VT-AJM,HA-0085,DGCA/NEW-MISC/199,FAA AD 2018-02-04,MIS#,78,"DGCA/NEW-MISC/199
Joint Aircraft System Component (JASC)/ Air Transport Association (ATA) of America Code 7820, Exhaust Noise Suppressor.",,,"NOT APPLICABLE AS AEROSPACE WELDING MINNEAPOLIS, INC. (AWI) MUFFLERS NOTINSTALLED IN AIRCRAFT, ALSO NOTAPPLICABLE BY AIRCRAFT MODEL NUMBER.(ReferAFlogbook3,Pageno114)",,,4245:39 H,,,,4245:39 H,,,,,,
157b8d12-c115-446e-a4dc-d12077751fe2,91aa63f8-13f1-4d97-9495-50fa7818a72b,HAWKER 900XP,ade4f248-2697-470e-aecb-27eba921ad0b,Tmplt HAWKER 900XP,25fd5b9e-034e-40a0-950f-e98f5c2e9369,VT-AJM,HA-0085,DGCA/NEW-MISC/117R1,FAAAD2010-01-03,MIS#,26,"DGCA/NEW-MISC/117R1
Air transport association of America (ATA) Code 26-Fire Protection",,,"Not applicable as COCKPIT Fire Extinguisher P/N BA51015G-3 , S/N 065785 & CABIN P/N : PA-H3 S/N. W-480470 fire extinguisher are installed.",,,4245:39 H,,,,4245:39 H,,,,,,
157b8d12-c115-446e-a4dc-d12077751fe2,91aa63f8-13f1-4d97-9495-50fa7818a72b,HAWKER 900XP,ade4f248-2697-470e-aecb-27eba921ad0b,Tmplt HAWKER 900XP,25fd5b9e-034e-40a0-950f-e98f5c2e9369,VT-AJM,HA-0085,DGCA/NEW-MISC/155,FAA AD 2013-10-01,MIS#,33,"DGCA/NEW-MISC/155
Joint Aircraft Service Component (JASC) Code: 3340, Exterior lighting.",,,"Not applicable as searchlight is not installed.(Refer AF log book 1, Page no 113)",,,4245:39 H,,,,4245:39 H,,,,,,
157b8d12-c115-446e-a4dc-d12077751fe2,91aa63f8-13f1-4d97-9495-50fa7818a72b,HAWKER 900XP,ade4f248-2697-470e-aecb-27eba921ad0b,Tmplt HAWKER 900XP,25fd5b9e-034e-40a0-950f-e98f5c2e9369,VT-AJM,HA-0085,DGCA /NEW-MISC /251,FAA AD: 2022-01-03,MIS#,26,"DGCA/NEW-MISC/251
Joint Aircraft Service Component (JASC) Code: 2622, Fire Bottle, Portable.",,,NOT APPLICABLE AS AMREX CORPORATION FIRE EXTINGUISHER PART NO. C354TS AND SERIAL NO. F-68185771 (CABIN) & PART NO.C352TSAND SERIAL NO. G-40530859 (COCKPIT)AREINSTALLED,,,4245:39 H,,,,4245:39 H,,,,,,
157b8d12-c115-446e-a4dc-d12077751fe2,91aa63f8-13f1-4d97-9495-50fa7818a72b,HAWKER 900XP,ade4f248-2697-470e-aecb-27eba921ad0b,Tmplt HAWKER 900XP,25fd5b9e-034e-40a0-950f-e98f5c2e9369,VT-AJM,HA-0085,DGCA/NEW-MISC/124,FAA AD 2010-11-05,MIS#,35,"DGCA/NEW-MISC/124
Oxygen cylinder - Inspection /replacement- To prevent oxygen cylinder from rupturing.",,,Not applicable as KIDDE GRAVINER LTD WKA37447 Oxygen Cylinder Installed.,,,4245:39 H,,,,4245:39 H,,,,,,
157b8d12-c115-446e-a4dc-d12077751fe2,91aa63f8-13f1-4d97-9495-50fa7818a72b,HAWKER 900XP,ade4f248-2697-470e-aecb-27eba921ad0b,Tmplt HAWKER 900XP,25fd5b9e-034e-40a0-950f-e98f5c2e9369,VT-AJM,HA-0085,DGCA/NEW-MISC/91R1,FAAAD2006-16-18R1,MIS#,34,"DGCA/NEW-MISC/91R1
SANDEL AVIONICS INCORPORATED MODELST3400 TERRAIN AWARENESS WARNINGSYSTEM/ RADIO MAGNETIC INDICATOR(TAWS/RMI) UNITS APPROVED UNDERTECHNICAL STANDARD ORDER(s) C113, C151a,OR C151b; INSTALLED ON VARIOUS SMALL ANDTRANSPORT CATEGORY AIRPLANES",,,NOT APPLICABLE AS TTR4000 INSTALLED,,,4245:39 H,,,,4245:39 H,,,,,,
157b8d12-c115-446e-a4dc-d12077751fe2,91aa63f8-13f1-4d97-9495-50fa7818a72b,HAWKER 900XP,ade4f248-2697-470e-aecb-27eba921ad0b,Tmplt HAWKER 900XP,25fd5b9e-034e-40a0-950f-e98f5c2e9369,VT-AJM,HA-0085,DGCA/ NEW-MISC /228,FAA AD 2019-20-03,MIS#,46,"DGCA/ NEW-MISC /228
Air Transport Association (ATA) of America Code 46, Information systems.",,,NOT APPLICABLE AS EFB USB NOT INSTALLED,,,4245:39 H,,,,4245:39 H,,,,,,
157b8d12-c115-446e-a4dc-d12077751fe2,91aa63f8-13f1-4d97-9495-50fa7818a72b,HAWKER 900XP,ade4f248-2697-470e-aecb-27eba921ad0b,Tmplt HAWKER 900XP,25fd5b9e-034e-40a0-950f-e98f5c2e9369,VT-AJM,HA-0085,DGCA/NEW-MISC/256,FAA AD 2022-16-03,MIS#,85,"DGCA/NEW-MISC/256
Joint Aircraft System Component (JASC) Code 8500, Engine (RECIPROCATING).",,,"Not applicable by manufacturer, as Honey well engine is installed.",,,4245:39 H,,,,4245:39 H,,,,,,
157b8d12-c115-446e-a4dc-d12077751fe2,91aa63f8-13f1-4d97-9495-50fa7818a72b,HAWKER 900XP,ade4f248-2697-470e-aecb-27eba921ad0b,Tmplt HAWKER 900XP,25fd5b9e-034e-40a0-950f-e98f5c2e9369,VT-AJM,HA-0085,DGCA/NEW-MISC/139,EASA AD 2011-0239,MIS#,34,"DGCA/NEW-MISC/139
ATA-34 Navigation ---Radio altimeter indicator ----modification.",,,"Not applicable as no dedicated Radio Altimeter System is installed, Rockwell Collins system is installed.",,,4245:39 H,,,,4245:39 H,,,,,,
157b8d12-c115-446e-a4dc-d12077751fe2,91aa63f8-13f1-4d97-9495-50fa7818a72b,HAWKER 900XP,ade4f248-2697-470e-aecb-27eba921ad0b,Tmplt HAWKER 900XP,25fd5b9e-034e-40a0-950f-e98f5c2e9369,VT-AJM,HA-0085,DGCA/NEW-MISC/126,EASA AD 2010-0186,MIS#,23,"DGCA/NEW-MISC/126
Communication - Very High Frequency (VHF / AM)Transceiver-Modification",,,Not applicable as Rockwell Collins VHF-4000Transceiver P/n. 822-1468-102 installed.,,,4245:39 H,,,,4245:39 H,,,,,,
157b8d12-c115-446e-a4dc-d12077751fe2,91aa63f8-13f1-4d97-9495-50fa7818a72b,HAWKER 900XP,ade4f248-2697-470e-aecb-27eba921ad0b,Tmplt HAWKER 900XP,25fd5b9e-034e-40a0-950f-e98f5c2e9369,VT-AJM,HA-0085,DGCA/ NEW-MISC /233,FAA AD 2020-18-51,MIS#,34,"DGCA/ NEW-MISC /233
Joint Airplane Service Component (JASC) Code: 3420, Attitude and Direction Data System.",,,Not applicable as Rockwell Collins System is currently Installed. No further action required.,,,4245:39 H,,,,4245:39 H,,,,,,
157b8d12-c115-446e-a4dc-d12077751fe2,91aa63f8-13f1-4d97-9495-50fa7818a72b,HAWKER 900XP,ade4f248-2697-470e-aecb-27eba921ad0b,Tmplt HAWKER 900XP,25fd5b9e-034e-40a0-950f-e98f5c2e9369,VT-AJM,HA-0085,DGCA/ NEW-MISC/ 227,EASA AD 2019-0235,MIS#,25,"DGCA/ NEW-MISC/ 227
ATA 25 - Equipment / Furnishings - Emergency Locator Transmitter - Inspection / Modification / Replacement",,,NOT APPLICABLE AS THE SAID PART NO. IS MANUFACTURED IN JULY 2017 AND THE SAME IS INSTALLED ON A FIXED WING IN 2009. NOT APPLICABLE AS PER DEFINATION OF THE EASA AD 2019-0235.,,,4245:39 H,,,,4245:39 H,,,,,,
157b8d12-c115-446e-a4dc-d12077751fe2,91aa63f8-13f1-4d97-9495-50fa7818a72b,HAWKER 900XP,ade4f248-2697-470e-aecb-27eba921ad0b,Tmplt HAWKER 900XP,25fd5b9e-034e-40a0-950f-e98f5c2e9369,VT-AJM,HA-0085,DGCA/ NEW-MISC/ 229,,MIS#,26,"DGCA/ NEW-MISC/ 229
ATA 26 - Fire Protection - Hand-held Fire Extinguishers - Replacement",,,Not applicable by aircraft type and model. No further action required.,,,4245:39 H,,,,4245:39 H,,,,,,
157b8d12-c115-446e-a4dc-d12077751fe2,91aa63f8-13f1-4d97-9495-50fa7818a72b,HAWKER 900XP,ade4f248-2697-470e-aecb-27eba921ad0b,Tmplt HAWKER 900XP,25fd5b9e-034e-40a0-950f-e98f5c2e9369,VT-AJM,HA-0085,DGCA/ NEW-MISC/ 226,FAA AD 2019-14-05,MIS#,25,"DGCA/ NEW-MISC /226
Joint Aircraft System Component (JASC) Code 2510, Flight Compartment Equipment.",,,THIS AD NOT APPLICABLE SINCE SEAT MAKERS SPECIFIED IS B/E AEROSPACE ANDOUR SEATS INSTALLED ARE FROM MANUFACTURES DECRANE AIRCRAFT,,,4245:39 H,,,,4245:39 H,,,,,,
157b8d12-c115-446e-a4dc-d12077751fe2,91aa63f8-13f1-4d97-9495-50fa7818a72b,HAWKER 900XP,ade4f248-2697-470e-aecb-27eba921ad0b,Tmplt HAWKER 900XP,25fd5b9e-034e-40a0-950f-e98f5c2e9369,VT-AJM,HA-0085,DGCA/NEW-MISC/169 R1,FAA AD 2015-10-02,MIS#,25,"DGCA/NEW-MISC/169 R1
Air Transport Association (ATA) of America Code 25, Equipment/Furnishings.",,,"Not applicable as Decrane AircraftSeatingpassenger seats are installed. Ref.AD is applicable toto Zodiac Seats France9140, 9166, 9173, 9174, 9184, 9188, 9196, 91B7,91B8,91C0,91C2,91C4,91C5,91C9, 9301, and 9501 series passenger seat assemblies.(Refer AF log book 2, Page no 111)",,,4245:39 H,,,,4245:39 H,,,,,,
157b8d12-c115-446e-a4dc-d12077751fe2,91aa63f8-13f1-4d97-9495-50fa7818a72b,HAWKER 900XP,ade4f248-2697-470e-aecb-27eba921ad0b,Tmplt HAWKER 900XP,25fd5b9e-034e-40a0-950f-e98f5c2e9369,VT-AJM,HA-0085,DGCA/NEW-MISC/119R1,EASAAD2009-262R1,MIS#,26,"DGCA/NEW-MISC/119R1
Fire protection -Halon 1211 Fire Extinguishers-Identification / Replacement",,,"Not applicable as COCKPIT Fire Extinguisher P/NBA51015G-3,S/N065785&CABINP/N: PA-H3 S/N. W-480470 fire extinguisher are installed",,,4245:39 H,,,,4245:39 H,,,,,,
157b8d12-c115-446e-a4dc-d12077751fe2,91aa63f8-13f1-4d97-9495-50fa7818a72b,HAWKER 900XP,ade4f248-2697-470e-aecb-27eba921ad0b,Tmplt HAWKER 900XP,25fd5b9e-034e-40a0-950f-e98f5c2e9369,VT-AJM,HA-0085,DGCA/NEW-MISC/159 R1,FAA AD 2014-17-02,MIS#,23,"DGCA/NEW-MISC/159 R1
Air Transport Association (ATA) of America Code 23, Communications.",,,"Not Applicable as ELT modelArtex P/No. 453-5060, S/No. 03507 installed. Ref. AD is applicable to Honeywell ASCa Inc.emergency locator transmitters (ELTs) Model RESCU 406 AF and 406AFN.(Refer RD log book 1, Page no 114)",,,4245:39 H,,,,4245:39 H,,,,,,
157b8d12-c115-446e-a4dc-d12077751fe2,91aa63f8-13f1-4d97-9495-50fa7818a72b,HAWKER 900XP,ade4f248-2697-470e-aecb-27eba921ad0b,Tmplt HAWKER 900XP,25fd5b9e-034e-40a0-950f-e98f5c2e9369,VT-AJM,HA-0085,DGCA/ NEW-MISC/ 253,FAA AD:2022-05-10,MIS#,25,"DGCA/ NEW-MISC/ 253
Joint Aircraft Service Component (JASC) Code: 2500, Cabin Equipment/Furnishings.",,,Not Applicable As Reference Ad Is Applicable To Helicopters Only. No Further Action Required.,,,4245:39 H,,,,4245:39 H,,,,,,
157b8d12-c115-446e-a4dc-d12077751fe2,91aa63f8-13f1-4d97-9495-50fa7818a72b,HAWKER 900XP,ade4f248-2697-470e-aecb-27eba921ad0b,Tmplt HAWKER 900XP,25fd5b9e-034e-40a0-950f-e98f5c2e9369,VT-AJM,HA-0085,DGCA/NEW-MISC/116,EASA AD 2009-0200,MIS#,34,"DGCA/NEW-MISC/116
Navigation - Mode A/C Transponder - check/Modification",,,"Not applicable as Collins TDR94D,P/No. 622-9210-008 Mode 'S' Transponder installed.",,,4245:39 H,,,,4245:39 H,,,,,,
157b8d12-c115-446e-a4dc-d12077751fe2,91aa63f8-13f1-4d97-9495-50fa7818a72b,HAWKER 900XP,ade4f248-2697-470e-aecb-27eba921ad0b,Tmplt HAWKER 900XP,25fd5b9e-034e-40a0-950f-e98f5c2e9369,VT-AJM,HA-0085,DGCA/NEW-MISC/182 R1,EASA AD 2016-0167 R1,MIS#,25,"DGCA/NEW-MISC/182 R1
ATA 25 - Equipment / Furnishings - Rear Cabin Attendant Seat - Inspection / Repair",,,Not applicable as cabin attendant seat P/N 7202-981-67 manufactured by Hawker Beechcraft Corp installed.,,,4245:39 H,,,,4245:39 H,,,,,,
157b8d12-c115-446e-a4dc-d12077751fe2,91aa63f8-13f1-4d97-9495-50fa7818a72b,HAWKER 900XP,ade4f248-2697-470e-aecb-27eba921ad0b,Tmplt HAWKER 900XP,25fd5b9e-034e-40a0-950f-e98f5c2e9369,VT-AJM,HA-0085,FAA AD 2014-15-08,SB 57-4112,AD#,28,"FAA AD 2014-15-08
Air Transport Association (ATA) of America Code 28, Fuel.",,,"Not applicable by aircraft serial number. No further action required.(REFERAF LOG BOOK NO. 1, PAGE-117)",,,4245:39 H,,,,4245:39 H,,,,,,
157b8d12-c115-446e-a4dc-d12077751fe2,91aa63f8-13f1-4d97-9495-50fa7818a72b,HAWKER 900XP,ade4f248-2697-470e-aecb-27eba921ad0b,Tmplt HAWKER 900XP,25fd5b9e-034e-40a0-950f-e98f5c2e9369,VT-AJM,HA-0085,DGCA/NEW-MISC/195,EASA AD 2017-0001,MIS#,25,"DGCA/NEW-MISC/195
ATA 25 - Equipment / Furnishings - Cabin Attendant Seat - Inspection",,,"NOT APPLICABLE, AS MANUFACTURER OFINSTALLED SEAT IS HAWKER BEECHCRAFT CORP.(Refer AF logbook 3, Pagen o111)",,,4245:39 H,,,,4245:39 H,,,,,,
157b8d12-c115-446e-a4dc-d12077751fe2,91aa63f8-13f1-4d97-9495-50fa7818a72b,HAWKER 900XP,ade4f248-2697-470e-aecb-27eba921ad0b,Tmplt HAWKER 900XP,25fd5b9e-034e-40a0-950f-e98f5c2e9369,VT-AJM,HA-0085,DGCA/NEW-MISC/192,FAA AD 2017-09-09,MIS#,25,"DGCA/NEW-MISC/192
Air Transport Association (ATA) of America Code 2520, Passenger Compartment Equipment.",,,"NOT APPLICABLE, AS MANUFACTURER OF INSTALLED SEAT SIDE CRANE AIRCRAFT SEATING.(Refer AF logbook 3,Page no110)",,,4245:39 H,,,,4245:39 H,,,,,,
157b8d12-c115-446e-a4dc-d12077751fe2,91aa63f8-13f1-4d97-9495-50fa7818a72b,HAWKER 900XP,ade4f248-2697-470e-aecb-27eba921ad0b,Tmplt HAWKER 900XP,25fd5b9e-034e-40a0-950f-e98f5c2e9369,VT-AJM,HA-0085,DGCA/NEW-MISC/87,FAA AD 2005-25-08.,MIS#,34,"DGCA/NEW-MISC/87
To prevent certain Air Data Computers (ADC) from display incorrect altitude information.",,,Not applicable as Rockwell Collins AD C 3000 P/No. 822-1109-015 installed.,,,4245:39 H,,,,4245:39 H,,,,,,
157b8d12-c115-446e-a4dc-d12077751fe2,91aa63f8-13f1-4d97-9495-50fa7818a72b,HAWKER 900XP,ade4f248-2697-470e-aecb-27eba921ad0b,Tmplt HAWKER 900XP,25fd5b9e-034e-40a0-950f-e98f5c2e9369,VT-AJM,HA-0085,DGCA/ NEW-MISC /230,FAA AD 2020-08-02,MIS#,34,"DGCA/ NEW-MISC /230
Joint Aircraft System Component (JASC) Code 3457, Global Positioning System.",,,Not applicable as Rockwell Collins GPS 4000 S currently Installed. No further action required.,,,4245:39 H,,,,4245:39 H,,,,,,
157b8d12-c115-446e-a4dc-d12077751fe2,91aa63f8-13f1-4d97-9495-50fa7818a72b,HAWKER 900XP,ade4f248-2697-470e-aecb-27eba921ad0b,Tmplt HAWKER 900XP,25fd5b9e-034e-40a0-950f-e98f5c2e9369,VT-AJM,HA-0085,DGCA/NEW-MISC/166 R3,EASA AD 2014-0188 R4,MIS#,25,"DGCA/NEW-MISC/166 R3
Equipment & Furnishings - Emergency Flotation System - Rotor craft Flight Manual (Supplement)Limitation",,,"Not Applicable by Aircraft Model. (Applicable to Helicopter only).(Refer AF log book 2, Page no 111)",,,4245:39 H,,,,4245:39 H,,,,,,
157b8d12-c115-446e-a4dc-d12077751fe2,91aa63f8-13f1-4d97-9495-50fa7818a72b,HAWKER 900XP,ade4f248-2697-470e-aecb-27eba921ad0b,Tmplt HAWKER 900XP,25fd5b9e-034e-40a0-950f-e98f5c2e9369,VT-AJM,HA-0085,SB 34-4148 R1,SB 34-4148 R1,SB$,34,"SB 34-4148 R1
NAVIGATION - INTRODUCTION OF AUTOMATIC DEPENDENT SURVEILLANCE - BROADCAST OUT (ADS-B OUT) INSTALLATION KIT",,,Applicable by aircraft serial number. Will be complied as per operator's decision. Not complied till date.,,,4245:39 H,,,,4245:39 H,,,,,,
157b8d12-c115-446e-a4dc-d12077751fe2,91aa63f8-13f1-4d97-9495-50fa7818a72b,HAWKER 900XP,ade4f248-2697-470e-aecb-27eba921ad0b,Tmplt HAWKER 900XP,25fd5b9e-034e-40a0-950f-e98f5c2e9369,VT-AJM,HA-0085,DGCA/NEW-MISC/149R1,EASA AD 2012-0254 R1,MIS#,35,"DGCA/NEW-MISC/149R1
Oxygen --- flight crew oxygen mask regulator---identification/operational procedure / replacement.",,,"Not applicable to mask fitted and installedOxygenCrewMaskMF10-03-02S/N102908and S/N SE19735.(Refer AF log book 1, Page no109)",,,4245:39 H,,,,4245:39 H,,,,,,
157b8d12-c115-446e-a4dc-d12077751fe2,91aa63f8-13f1-4d97-9495-50fa7818a72b,HAWKER 900XP,ade4f248-2697-470e-aecb-27eba921ad0b,Tmplt HAWKER 900XP,25fd5b9e-034e-40a0-950f-e98f5c2e9369,VT-AJM,HA-0085,DGCA/NEW-MISC/145,FAA AD 2012-10-52,MIS#,81,"DGCA/NEW-MISC/145
To prevent turbo charger, bearing seizure, failed turbo charger components, and damage to theairplane.",,,Not applicable as Turbo charger not installed.,,,4245:39 H,,,,4245:39 H,,,,,,
157b8d12-c115-446e-a4dc-d12077751fe2,91aa63f8-13f1-4d97-9495-50fa7818a72b,HAWKER 900XP,ade4f248-2697-470e-aecb-27eba921ad0b,Tmplt HAWKER 900XP,25fd5b9e-034e-40a0-950f-e98f5c2e9369,VT-AJM,HA-0085,DGCA/NEW-MISC/79R1,FAA AD 2005-01-19.,MIS#,34,"DGCA/NEW-MISC/79R1
To prevent interrogating aircraft from possibly receiving inaccurate replies .",,,Not applicable as TDR 94D Transponder Installed.,,,4245:39 H,,,,4245:39 H,,,,,,
157b8d12-c115-446e-a4dc-d12077751fe2,91aa63f8-13f1-4d97-9495-50fa7818a72b,HAWKER 900XP,ade4f248-2697-470e-aecb-27eba921ad0b,Tmplt HAWKER 900XP,25fd5b9e-034e-40a0-950f-e98f5c2e9369,VT-AJM,HA-0085,SB 72-4015,SB 72-4015,SB#,72,"SB 72-4015
ENGINE - LOW PRESSURE SECOND STAGE TURBINE ROTOR BLADES",,,Not applicable by Engine S/N. Ref. SB731-22- 5221,,,4245:39 H,,,,4245:39 H,,,,,,
157b8d12-c115-446e-a4dc-d12077751fe2,91aa63f8-13f1-4d97-9495-50fa7818a72b,HAWKER 900XP,ade4f248-2697-470e-aecb-27eba921ad0b,Tmplt HAWKER 900XP,25fd5b9e-034e-40a0-950f-e98f5c2e9369,VT-AJM,HA-0085,"SB 71-4080, Rev. 1","SB 71-4080, Rev. 1",SB$,71,"SB 71-4080, Rev. 1
POWER PLANT - INLET STRUCTURAL IMPROVEMENT",,,"Applicable and found complied on 27/11/2013.(Refer Airframe logbook no.01,PageNo.115)",,,4245:39 H,,,,4245:39 H,,,,,,
157b8d12-c115-446e-a4dc-d12077751fe2,91aa63f8-13f1-4d97-9495-50fa7818a72b,HAWKER 900XP,ade4f248-2697-470e-aecb-27eba921ad0b,Tmplt HAWKER 900XP,25fd5b9e-034e-40a0-950f-e98f5c2e9369,VT-AJM,HA-0085,DGCA/NEW-MISC/198,EASA AD 2017-0231,MIS#,25,"DGCA/NEW-MISC/198
ATA 25 - Equipment / Furnishings - Seat Restraint Systems - AFM Amendment / Modification",,,"NOT APPLICABLE AS REFERENCE AD ISAPPLICABLE TO AIRBUS FAMILY OF AEROPLANES ONLY.(Refer AF logbook3, Page no 113)",,,4245:39 H,,,,4245:39 H,,,,,,
157b8d12-c115-446e-a4dc-d12077751fe2,91aa63f8-13f1-4d97-9495-50fa7818a72b,HAWKER 900XP,ade4f248-2697-470e-aecb-27eba921ad0b,Tmplt HAWKER 900XP,25fd5b9e-034e-40a0-950f-e98f5c2e9369,VT-AJM,HA-0085,DGCA/ NEW-MISC /223,EASA AD 2019-0125,MIS#,25,"DGCA/ NEW-MISC /223
ATA 25 - Equipment / Furnishing - 9G NGS XL StepX Stretcher 1120050-Series - Modification",,,NOT APPLICABLE AS STRETCHER IS NOT INSTALLED IN AIRCRAFT.,,,4245:39 H,,,,4245:39 H,,,,,,
157b8d12-c115-446e-a4dc-d12077751fe2,91aa63f8-13f1-4d97-9495-50fa7818a72b,HAWKER 900XP,ade4f248-2697-470e-aecb-27eba921ad0b,Tmplt HAWKER 900XP,25fd5b9e-034e-40a0-950f-e98f5c2e9369,VT-AJM,HA-0085,DGCA/NEW-MISC/150 R1,FAA AD 2013-21-02,MIS#,72,"DGCA/NEW-MISC/150R1
To prevent turbocharger turbine wheel failure,reduction or complete loss of engine power,loss of engine oil, oil fire, and damage to the airplane",,,"Not Applicable as Aircraft not equipped with Lycoming Engines TIO-540-AK1A, and Continental Motors, Inc. TSIO-360-MB, TSIO-360-SB, and TSIO-360-RB reciprocating engines with Hartzell Engine Technologies (HET) turbochargers.",,,4245:39 H,,,,4245:39 H,,,,,,
157b8d12-c115-446e-a4dc-d12077751fe2,91aa63f8-13f1-4d97-9495-50fa7818a72b,HAWKER 900XP,ade4f248-2697-470e-aecb-27eba921ad0b,Tmplt HAWKER 900XP,25fd5b9e-034e-40a0-950f-e98f5c2e9369,VT-AJM,HA-0085,DGCA/ NEW-MISC/ 222,FAA AD 2019-08-01,MIS#,25,"DGCA /NEW-MISC/ 222
Joint Aircraft System Component (JASC) Code 2520, Passenger Compartment Equipment.",,,NOTAPPLICABLEASRECAROSEATSARE NOTINSTALLEDONVT-AJM,,,4245:39 H,,,,4245:39 H,,,,,,
157b8d12-c115-446e-a4dc-d12077751fe2,91aa63f8-13f1-4d97-9495-50fa7818a72b,HAWKER 900XP,ade4f248-2697-470e-aecb-27eba921ad0b,Tmplt HAWKER 900XP,25fd5b9e-034e-40a0-950f-e98f5c2e9369,VT-AJM,HA-0085,SB 76-3996,SB 76-3996,SB,76,"SB 76-3996
ENGINE CONTROLS - INSTALLATION OF IMPROVED ENGINE FUEL CONTROL UNIT P3 METAL TUBE ASSEMBLY",,,Applicable and found Complied at 262:52Hours / 219Cycles,,,4245:39 H,,,,4245:39 H,,,,,,
157b8d12-c115-446e-a4dc-d12077751fe2,91aa63f8-13f1-4d97-9495-50fa7818a72b,HAWKER 900XP,ade4f248-2697-470e-aecb-27eba921ad0b,Tmplt HAWKER 900XP,25fd5b9e-034e-40a0-950f-e98f5c2e9369,VT-AJM,HA-0085,DGCA/NEW-MISC/185,EASA AD 2016-0256,MIS#,25,"DGCA/NEW-MISC/185
ATA 25 - Equipment / Furnishings - Pilot & Co-Pilot Seats - Inspection / Modification",,,"Not applicable as Pilot and Co-pilot seat partnumber is 3A026-0013-00 and 3A026-0014-00 respectively, manufactured by IPECO AerospaceLtd installed.(Refer AF log book 2, Page no 117)",,,4245:39 H,,,,4245:39 H,,,,,,
157b8d12-c115-446e-a4dc-d12077751fe2,91aa63f8-13f1-4d97-9495-50fa7818a72b,HAWKER 900XP,ade4f248-2697-470e-aecb-27eba921ad0b,Tmplt HAWKER 900XP,25fd5b9e-034e-40a0-950f-e98f5c2e9369,VT-AJM,HA-0085,DGCA/NEW-MISC/221,FAA AD 2019-07-10,MIS#,34,"DGCA/NEW-MISC/221
Joint Aircraft Servic Component (JASC) Code (3420),Attitude andDirectional Data System",,,NOT APPLICABLE AS MENTIONED PART NOIS NOT INSTALLED. ROCKWELL COLLINS COMPONENT IS INSTALLED.,,,4245:39 H,,,,4245:39 H,,,,,,
157b8d12-c115-446e-a4dc-d12077751fe2,91aa63f8-13f1-4d97-9495-50fa7818a72b,HAWKER 900XP,ade4f248-2697-470e-aecb-27eba921ad0b,Tmplt HAWKER 900XP,25fd5b9e-034e-40a0-950f-e98f5c2e9369,VT-AJM,HA-0085,DGCA/NEW-MISC/104,FAA AD 2007-26-11,MIS#,35,"DGCA/NEW-MISC/104
Risk of High Pressure Oxygen Cylinder Tearing",,,Not applicable as KIDDE GRAVINER LTD.Oxygen cylinder Installed.,,,4245:39 H,,,,4245:39 H,,,,,,
157b8d12-c115-446e-a4dc-d12077751fe2,91aa63f8-13f1-4d97-9495-50fa7818a72b,HAWKER 900XP,ade4f248-2697-470e-aecb-27eba921ad0b,Tmplt HAWKER 900XP,25fd5b9e-034e-40a0-950f-e98f5c2e9369,VT-AJM,HA-0085,DGCA / HAWKER 900XP / 01,FAA AD 2014-15-08,MOD#,28,"DGCA / HAWKER 900XP / 01
Air Transport Association (ATA) of America Code 28, Fuel.",,,Not applicable by aircraft serial number. No further action required.,,,4245:39 H,,,,4245:39 H,,,,,,
157b8d12-c115-446e-a4dc-d12077751fe2,91aa63f8-13f1-4d97-9495-50fa7818a72b,HAWKER 900XP,ade4f248-2697-470e-aecb-27eba921ad0b,Tmplt HAWKER 900XP,25fd5b9e-034e-40a0-950f-e98f5c2e9369,VT-AJM,HA-0085,DGCA/NEW-MISC/179,EASA AD 2016-0026,MIS#,25,"DGCA/NEW-MISC/179
ATA 25 - Equipment / Furnishings - Emergency Parachute Rubber Bands - Replacement",,,"Not applicable as emergency parachutes not installed. No further action required.(Refer AF logbook 2,Page no 116)",,,4245:39 H,,,,4245:39 H,,,,,,
157b8d12-c115-446e-a4dc-d12077751fe2,91aa63f8-13f1-4d97-9495-50fa7818a72b,HAWKER 900XP,ade4f248-2697-470e-aecb-27eba921ad0b,Tmplt HAWKER 900XP,25fd5b9e-034e-40a0-950f-e98f5c2e9369,VT-AJM,HA-0085,DGCA/NEW-MISC/188,FAA AD 2016-20-06,MIS#,27,"DGCA/NEW-MISC/188
Air Transport Association (ATA) of America Code 27, Flight controls.",,,"Not applicable by aircraft model. Ref AD is applicable to Gulf stream airplanes.(Refer AF log book 2, Page no 117)",,,4245:39 H,,,,4245:39 H,,,,,,
157b8d12-c115-446e-a4dc-d12077751fe2,91aa63f8-13f1-4d97-9495-50fa7818a72b,HAWKER 900XP,ade4f248-2697-470e-aecb-27eba921ad0b,Tmplt HAWKER 900XP,25fd5b9e-034e-40a0-950f-e98f5c2e9369,VT-AJM,HA-0085,DGCA/NEW-MISC/142,EASA AD 2012-0038,MIS#,25,"DGCA/NEW-MISC/142
ATA 25 - Equipment & furnishings -passenger seat backrest link - inspection/replacement.",,,Not applicable as Decrane Aircrarft Passenger Seat Installed,,,4245:39 H,,,,4245:39 H,,,,,,
157b8d12-c115-446e-a4dc-d12077751fe2,91aa63f8-13f1-4d97-9495-50fa7818a72b,HAWKER 900XP,ade4f248-2697-470e-aecb-27eba921ad0b,Tmplt HAWKER 900XP,25fd5b9e-034e-40a0-950f-e98f5c2e9369,VT-AJM,HA-0085,DGCA/ NEW-MISC/ 242,EASA AD G-2021-0004,MOD#,25,"DGCA/ NEW-MISC/ 242
Equipment / Furnishings - Life Raft - Inspection",,,"Not applicable as Winslow Life Raft, P/N:69FAUL-6KO-1-125 & 69FAUL-6KO-1-100 currently installed.No further action required.",,,4245:39 H,,,,4245:39 H,,,,,,
157b8d12-c115-446e-a4dc-d12077751fe2,91aa63f8-13f1-4d97-9495-50fa7818a72b,HAWKER 900XP,ade4f248-2697-470e-aecb-27eba921ad0b,Tmplt HAWKER 900XP,25fd5b9e-034e-40a0-950f-e98f5c2e9369,VT-AJM,HA-0085,DGCA/NEW-MISC/146,FAA AD 2012-14-15,MIS#,34,"DGCA/NEW-MISC/146
Joint Aircraft System Component (JASC)/Air Transport Association (ATA) of America Code 3457, Navigation.",,,Not Applicable as Collins GPS 4000S System Installed.,,,4245:39 H,,,,4245:39 H,,,,,,
157b8d12-c115-446e-a4dc-d12077751fe2,91aa63f8-13f1-4d97-9495-50fa7818a72b,HAWKER 900XP,ade4f248-2697-470e-aecb-27eba921ad0b,Tmplt HAWKER 900XP,25fd5b9e-034e-40a0-950f-e98f5c2e9369,VT-AJM,HA-0085,FAA AD 2023-10-02,FAA AD 2023-10-02,AD,34,"FAA AD 2023-10-02
Air Transport Association (ATA) of America Code 31, Indicating/Recording System; 34, Navigation.",,,Applicable and Updated in Aircraft onboard document awating for spares.,35 Dy,16-Jan-2009,10-May-2026,6323 Dy,,20-Feb-2009,20-Feb-2009,-6288 Dy,,,,,
157b8d12-c115-446e-a4dc-d12077751fe2,91aa63f8-13f1-4d97-9495-50fa7818a72b,HAWKER 900XP,ade4f248-2697-470e-aecb-27eba921ad0b,Tmplt HAWKER 900XP,25fd5b9e-034e-40a0-950f-e98f5c2e9369,VT-AJM,HA-0085,DGCA/NEW-MISC/202,FAA AD 2018-16-01,MIS#,25,"DGCA/NEW-MISC/202
Joint Aircraft System Component (JASC) Code 2510, Flight Compartment Equipment.",,,"NOT APPLICABLE AS PER APPLICABILITY PART NUMBER (Refer AF log book 3, Page no115)",,,4245:39 H,,,,4245:39 H,,,,,,
157b8d12-c115-446e-a4dc-d12077751fe2,91aa63f8-13f1-4d97-9495-50fa7818a72b,HAWKER 900XP,ade4f248-2697-470e-aecb-27eba921ad0b,Tmplt HAWKER 900XP,25fd5b9e-034e-40a0-950f-e98f5c2e9369,VT-AJM,HA-0085,DGCA/ NEW-MISC/71 R2,FAA AD 2010-07-02,MIS#,25,"DGCA/NEW-MISC/71R2
To ensure that the flight crew has an accurate glide slope deviation indication.",,,Not applicable as Integrated Navigation Unit not installed.VHF Nav 4000 & 4500 Installed.,,,4245:39 H,,,,4245:39 H,,,,,,
157b8d12-c115-446e-a4dc-d12077751fe2,91aa63f8-13f1-4d97-9495-50fa7818a72b,HAWKER 900XP,ade4f248-2697-470e-aecb-27eba921ad0b,Tmplt HAWKER 900XP,25fd5b9e-034e-40a0-950f-e98f5c2e9369,VT-AJM,HA-0085,DGCA/NEW-MISC/165,EASA AD 2014-187,MIS#,25,"DGCA/NEW-MISC/165
Equipment & Furnishings - Safety Belt Attachment Bolts - Inspection / Replacement",,,"Not applicable as Decrane Aircraft Seatingpassenger seats &IPECO Aerospace Ltd. crewseats are installed. Ref. AD is applicable toGeven S.p.A. type D1-02 and D1-03 seatsonly.(Refer AF log book 1, Page no 117)",,,4245:39 H,,,,4245:39 H,,,,,,
157b8d12-c115-446e-a4dc-d12077751fe2,91aa63f8-13f1-4d97-9495-50fa7818a72b,HAWKER 900XP,ade4f248-2697-470e-aecb-27eba921ad0b,Tmplt HAWKER 900XP,25fd5b9e-034e-40a0-950f-e98f5c2e9369,VT-AJM,HA-0085,SB 25-3874 Rev 1,SB 25-3874 Rev 1,SB,25,"SB 25-3874 Rev 1
EQUIPMENT/FURNISHINGS - INSPECTION OF LEFT DIVAN RESTRAINT SYSTEM ASSEMBLY",,,Not Applicable by Part Number of Restraint system assembly.,,,4245:39 H,,,,4245:39 H,,,,,,
157b8d12-c115-446e-a4dc-d12077751fe2,91aa63f8-13f1-4d97-9495-50fa7818a72b,HAWKER 900XP,ade4f248-2697-470e-aecb-27eba921ad0b,Tmplt HAWKER 900XP,25fd5b9e-034e-40a0-950f-e98f5c2e9369,VT-AJM,HA-0085,DGCA/NEW-MISC/148,FAA AD 2012-18-14,MIS#,49,"DGCA/NEW-MISC/148
To prevent separation of the rear gas generator case and release of high energy debris ,which could result in injury and damage to the airplane",,,Not applicable as Honeywell APU GTCP36-150 [W] installed.,,,4245:39 H,,,,4245:39 H,,,,,,
157b8d12-c115-446e-a4dc-d12077751fe2,91aa63f8-13f1-4d97-9495-50fa7818a72b,HAWKER 900XP,ade4f248-2697-470e-aecb-27eba921ad0b,Tmplt HAWKER 900XP,25fd5b9e-034e-40a0-950f-e98f5c2e9369,VT-AJM,HA-0085,DGCA/NEW-MISC/205,EASA AD 2018-0223,MIS#,25,"DGCA/NEW-MISC/205
ATA 25 - Equipment / Furnishing - Seat Energy Absorber Assembly - Modification",,,"NOT APPLICABLE, AS PER ANNEXTURE , P/N 3A026-0013-00, 3A026-0014-00, DOES NOT FALL UNDER APPLICABILITY",,,4245:39 H,,,,4245:39 H,,,,,,
157b8d12-c115-446e-a4dc-d12077751fe2,91aa63f8-13f1-4d97-9495-50fa7818a72b,HAWKER 900XP,ade4f248-2697-470e-aecb-27eba921ad0b,Tmplt HAWKER 900XP,25fd5b9e-034e-40a0-950f-e98f5c2e9369,VT-AJM,HA-0085,DGCA/NEW-MISC/106,EASA AD 2008-0159,MIS#,34,"DGCA/NEW-MISC/106
ATA 34- Navigation Systems Mode - S Transponder Modification / replacement.",,,Not applicable as Collins TDR94D Mode S Transponder installed.,,,4245:39 H,,,,4245:39 H,,,,,,
157b8d12-c115-446e-a4dc-d12077751fe2,91aa63f8-13f1-4d97-9495-50fa7818a72b,HAWKER 900XP,ade4f248-2697-470e-aecb-27eba921ad0b,Tmplt HAWKER 900XP,25fd5b9e-034e-40a0-950f-e98f5c2e9369,VT-AJM,HA-0085,DGCA/NEW-MISC/208R1,EASA AD 2018-0259 R1,MIS#,46,"DGCA/NEW-MISC/208R1
ATA 46 - Information Systems - Electronic Flight Bag Universal Serial Bus Receptacle - Modification",,,NOT APPLICABLE SINCE EFB USB MODE IS NOT THERE.,,,4245:39 H,,,,4245:39 H,,,,,,
157b8d12-c115-446e-a4dc-d12077751fe2,91aa63f8-13f1-4d97-9495-50fa7818a72b,HAWKER 900XP,ade4f248-2697-470e-aecb-27eba921ad0b,Tmplt HAWKER 900XP,25fd5b9e-034e-40a0-950f-e98f5c2e9369,VT-AJM,HA-0085,DGCA/ NEW-MISC/ 232,FAA AD 2020-16-08,MIS#,34,"DGCA/ NEW-MISC/ 232
Joint Aircraft System Component (JASC)/Air Transport Association (ATA) of America Code 3410, FLIGHT ENVIRONMENT DATA; 3420, ATTITUDE AND DIRECTION DATA SYSTEM.",,,Not applicable as PFD Model No. Collins AFD 3010 P/n. 822-1084-310 installed. No further action required.,,,4245:39 H,,,,4245:39 H,,,,,,
157b8d12-c115-446e-a4dc-d12077751fe2,91aa63f8-13f1-4d97-9495-50fa7818a72b,HAWKER 900XP,ade4f248-2697-470e-aecb-27eba921ad0b,Tmplt HAWKER 900XP,25fd5b9e-034e-40a0-950f-e98f5c2e9369,VT-AJM,HA-0085,DGCA/NEW-MISC/157,FAA AD 2013-11-04,MIS#,25,"DGCA/NEW-MISC/157
Joint Aircraft System Component (JASC)/Air Transport Association (ATA) of America Code 25, Equipment/furnishings.",,,"Not applicable by Aircraft Model. Applicable to Boeing Company Airplanes.(Refer AF log book 1,Page no 114)",,,4245:39 H,,,,4245:39 H,,,,,,
157b8d12-c115-446e-a4dc-d12077751fe2,91aa63f8-13f1-4d97-9495-50fa7818a72b,HAWKER 900XP,ade4f248-2697-470e-aecb-27eba921ad0b,Tmplt HAWKER 900XP,25fd5b9e-034e-40a0-950f-e98f5c2e9369,VT-AJM,HA-0085,DGCA/NEW-MISC/78,FAA AD 2004-08-15.,MIS#,31,"DGCA/NEW-MISC/78
To prevent the loading of the Baroset potentiometer which could result in an unacceptable altitude error.",,,Not applicable as TAWS not installed. EGPWS MK Vis installed.,,,4245:39 H,,,,4245:39 H,,,,,,
157b8d12-c115-446e-a4dc-d12077751fe2,91aa63f8-13f1-4d97-9495-50fa7818a72b,HAWKER 900XP,ade4f248-2697-470e-aecb-27eba921ad0b,Tmplt HAWKER 900XP,25fd5b9e-034e-40a0-950f-e98f5c2e9369,VT-AJM,HA-0085,DGCA/NEW-MISC/84,FAA AD 2005-12-06.,MIS#,72,"DGCA/NEW-MISC/84
To prevent failure of the magneto impulse coupling assembly and possible engine failure.",,,Not applicable as magneto not installed.,,,4245:39 H,,,,4245:39 H,,,,,,
157b8d12-c115-446e-a4dc-d12077751fe2,91aa63f8-13f1-4d97-9495-50fa7818a72b,HAWKER 900XP,ade4f248-2697-470e-aecb-27eba921ad0b,Tmplt HAWKER 900XP,25fd5b9e-034e-40a0-950f-e98f5c2e9369,VT-AJM,HA-0085,DGCA /NEW-MISC /239,FAA AD 2021-08-15,MIS#,34,"DGCA /NEW-MISC /239
Joint Aircraft System Component (JASC) Code 3445, AIR COLLISION AVOIDANCE? SYSTEM (TCAS).",,,Not applicable as Rockwell Collins TCASTTR4000 system P/N: 822-1294-032 is installed.No further action required.,,,4245:39 H,,,,4245:39 H,,,,,,
157b8d12-c115-446e-a4dc-d12077751fe2,91aa63f8-13f1-4d97-9495-50fa7818a72b,HAWKER 900XP,ade4f248-2697-470e-aecb-27eba921ad0b,Tmplt HAWKER 900XP,25fd5b9e-034e-40a0-950f-e98f5c2e9369,VT-AJM,HA-0085,DGCA/NEW-MISC/75,FAA AD 2003-15-07.,MIS#,49,"DGCA/NEW-MISC/75
To prevent APU compartment fires and fuel vapour explosion.",,,Not applicable as Honeywell GTCP 36-150(W) APU Installed.,,,4245:39 H,,,,4245:39 H,,,,,,
157b8d12-c115-446e-a4dc-d12077751fe2,91aa63f8-13f1-4d97-9495-50fa7818a72b,HAWKER 900XP,ade4f248-2697-470e-aecb-27eba921ad0b,Tmplt HAWKER 900XP,25fd5b9e-034e-40a0-950f-e98f5c2e9369,VT-AJM,HA-0085,DGCA/NEW-MISC/120,EASA AD 2009-0278,MIS#,26,"DGCA/NEW-MISC/120
Fire protection - Portable Halon 1211 Fire Extinguishers-Identification /Replacement",,,"Not applicable as COCKPIT Fire Extinguisher P/NBA51015G-3,S/N065785&CABINP/N: PA-H3 S/N. W-480470 fire extinguisher are installed.",,,4245:39 H,,,,4245:39 H,,,,,,
157b8d12-c115-446e-a4dc-d12077751fe2,91aa63f8-13f1-4d97-9495-50fa7818a72b,HAWKER 900XP,ade4f248-2697-470e-aecb-27eba921ad0b,Tmplt HAWKER 900XP,25fd5b9e-034e-40a0-950f-e98f5c2e9369,VT-AJM,HA-0085,DGCA/NEW-MISC/97,FAA AD 2007-04-15,MIS#,25,"DGCA/NEW-MISC/97
To Prevent Detachment of Passenger Seat Assemblies During Emergency Condition.",,,Not applicable as Decrane Aircraft Seating Passenger seats Installed.,,,4245:39 H,,,,4245:39 H,,,,,,
157b8d12-c115-446e-a4dc-d12077751fe2,91aa63f8-13f1-4d97-9495-50fa7818a72b,HAWKER 900XP,ade4f248-2697-470e-aecb-27eba921ad0b,Tmplt HAWKER 900XP,25fd5b9e-034e-40a0-950f-e98f5c2e9369,VT-AJM,HA-0085,DGCA/NEW-MISC/100,FAA AD 2009-08-01,MIS#,34,"DGCA/NEW-MISC/100
To prevent shift in FMS computed position",,,Not Applicable as Rockwell Collins FMS 6000 P/N 822-0868-083 Installed.,,,4245:39 H,,,,4245:39 H,,,,,,
157b8d12-c115-446e-a4dc-d12077751fe2,91aa63f8-13f1-4d97-9495-50fa7818a72b,HAWKER 900XP,ade4f248-2697-470e-aecb-27eba921ad0b,Tmplt HAWKER 900XP,25fd5b9e-034e-40a0-950f-e98f5c2e9369,VT-AJM,HA-0085,DGCA/ NEW-MISC/ 248 R3,EASA AD 2022-0029 R1,MIS#,25,"DGCA/ NEW-MISC/ 248 R3
ATA 25 - Equipment / Furnishings - Emergency Parachutes - Removal from Service / Modification",,,Not applicable as aircraft is not equipped with emergency parachute.,,,4245:39 H,,,,4245:39 H,,,,,,
157b8d12-c115-446e-a4dc-d12077751fe2,91aa63f8-13f1-4d97-9495-50fa7818a72b,HAWKER 900XP,ade4f248-2697-470e-aecb-27eba921ad0b,Tmplt HAWKER 900XP,25fd5b9e-034e-40a0-950f-e98f5c2e9369,VT-AJM,HA-0085,DGCA/NEW-MISC/128,EASA AD 2010-0233,MIS#,27,"DGCA/NEW-MISC/128
Flight Controls-Turnbuckles- Inspection",,,Not applicable by Aircraft Model .Applicable to CAP-10aircraft.,,,4245:39 H,,,,4245:39 H,,,,,,
157b8d12-c115-446e-a4dc-d12077751fe2,91aa63f8-13f1-4d97-9495-50fa7818a72b,HAWKER 900XP,ade4f248-2697-470e-aecb-27eba921ad0b,Tmplt HAWKER 900XP,25fd5b9e-034e-40a0-950f-e98f5c2e9369,VT-AJM,HA-0085,DGCA/NEW-MISC/177 R1,FAA AD 2017-18-12,MIS#,35,"DGCA/NEW-MISC/177 R1
Joint Aircraft System Component (JASC)/Air Transport Association (ATA) of America Code 35; Oxygen.",,,"Not applicable, as manufacturer of installed PBE is Scott and P/N: 802300-14, S/N: E08020144.(Refer AF log book 3, Page no 112)",,,4245:39 H,,,,4245:39 H,,,,,,
157b8d12-c115-446e-a4dc-d12077751fe2,91aa63f8-13f1-4d97-9495-50fa7818a72b,HAWKER 900XP,ade4f248-2697-470e-aecb-27eba921ad0b,Tmplt HAWKER 900XP,25fd5b9e-034e-40a0-950f-e98f5c2e9369,VT-AJM,HA-0085,DGCA/NEW-MISC/161,FAA AD 2014-05-27,MIS#,34,"DGCA/NEW-MISC/161
Joint Aircraft System Component (JASC)/Air Transport Association (ATA) of America Code 34, Navigation.",,,"Not applicable as Collins TDR-94D Mode 'S'transponder Installed.(Refer RD log book 1, Pageno112)",,,4245:39 H,,,,4245:39 H,,,,,,
157b8d12-c115-446e-a4dc-d12077751fe2,91aa63f8-13f1-4d97-9495-50fa7818a72b,HAWKER 900XP,ade4f248-2697-470e-aecb-27eba921ad0b,Tmplt HAWKER 900XP,25fd5b9e-034e-40a0-950f-e98f5c2e9369,VT-AJM,HA-0085,DGCA/ NEW-MISC/ 153 R15,EASA AD 2015-0226 R7,MIS#,25,"DGCA/ NEW-MISC/ 153 R15
ATA 25 - Equipment / Furnishings - Hoist - Test / Replacement",,,Not Applicable as Hoist not installed. Ref. AD is applicable for helicopters only.,,,4245:39 H,,,,4245:39 H,,,,,,
157b8d12-c115-446e-a4dc-d12077751fe2,91aa63f8-13f1-4d97-9495-50fa7818a72b,HAWKER 900XP,ade4f248-2697-470e-aecb-27eba921ad0b,Tmplt HAWKER 900XP,25fd5b9e-034e-40a0-950f-e98f5c2e9369,VT-AJM,HA-0085,DGCA/NEW-MISC/88,FAA AD 2006-03-08,MIS#,37,"DGCA/NEW-MISC/88
To prevent vacuum Pump failure or malfunction during instrument flight Rule (IFR) flight.",,,Not applicable as Vacuum System not installed.,,,4245:39 H,,,,4245:39 H,,,,,,
157b8d12-c115-446e-a4dc-d12077751fe2,91aa63f8-13f1-4d97-9495-50fa7818a72b,HAWKER 900XP,ade4f248-2697-470e-aecb-27eba921ad0b,Tmplt HAWKER 900XP,25fd5b9e-034e-40a0-950f-e98f5c2e9369,VT-AJM,HA-0085,DGCA/NEW-MISC/107,EASA AD 2006-0140 R4,MIS#,21,"DGCA/NEW-MISC/107
Air Conditioning- Zonal Drying system Deactivation.",,,Not applicable as Zonal Drying System not installed in this aircraft and none of the STC listed in the EASA AD 2006-0140 R4 is not incorporated.,,,4245:39 H,,,,4245:39 H,,,,,,
157b8d12-c115-446e-a4dc-d12077751fe2,91aa63f8-13f1-4d97-9495-50fa7818a72b,HAWKER 900XP,ade4f248-2697-470e-aecb-27eba921ad0b,Tmplt HAWKER 900XP,25fd5b9e-034e-40a0-950f-e98f5c2e9369,VT-AJM,HA-0085,DGCA/NEW-MISC/122R1,EASAAD2010-0003R2,MIS,34,"DGCA/NEW-MISC/122R1
Navigation - Mode S Transponder Aircraft Type Mode Strapping -Check/ Modification",,,"Transponder model TDR-94D P/No 622-9210-008 is Installed. Checked and found AircraftTypecode category strapping value is set to '0'. ADalready complied with on both Transponders. Nofurther action required. (ReferRDlogbook1,Pageno.115) AsperAD Transponder model TDR-94D P/No 622-9210-008 is Installed. Checked and found Aircraft Type code category strapping value is set to '0'. AD already complied with on both Transponders. No further action required. (ReferRDlogbook1,Pageno.115)",,,4245:39 H,,,,4245:39 H,,,,,,
157b8d12-c115-446e-a4dc-d12077751fe2,91aa63f8-13f1-4d97-9495-50fa7818a72b,HAWKER 900XP,ade4f248-2697-470e-aecb-27eba921ad0b,Tmplt HAWKER 900XP,25fd5b9e-034e-40a0-950f-e98f5c2e9369,VT-AJM,HA-0085,DGCA/NEW-MISC/225,FAA AD 2019-13-03,MIS#,34,"DGCA/ NEW-MISC/ 225
Joint Aircraft System Component (JASC) Code 3452, ATC transponder system.",,,NOT APPLICABLE AS ROCKWELL COLLINS TDR94D INSTALLED.,,,4245:39 H,,,,4245:39 H,,,,,,
157b8d12-c115-446e-a4dc-d12077751fe2,91aa63f8-13f1-4d97-9495-50fa7818a72b,HAWKER 800XP,838697ff-b6ab-46e4-9aad-def266b918bc,Tmplt HAWKER 800XP,43148239-26c4-4712-81de-969da8d80cf3,VT-VPA,258415,FAA AD 2021-23-12,FAA AD 2021-23-12,AD,34,"FAA AD 2021-23-12
Air Transport Association (ATA) of America Code 31, Indicating/Recording System; 34, Navigation.",28-Dec-2021,VT-VPA/2021/12/28/059,,26 Dy,28-Dec-2021,10-May-2026,1594 Dy,,23-Jan-2022,23-Jan-2022,-1568 Dy,,,,,
157b8d12-c115-446e-a4dc-d12077751fe2,91aa63f8-13f1-4d97-9495-50fa7818a72b,HAWKER 800XP,838697ff-b6ab-46e4-9aad-def266b918bc,Tmplt HAWKER 800XP,43148239-26c4-4712-81de-969da8d80cf3,VT-VPA,258415,DGCA/New-Misc /03R1,FAA AD 74-08-09R3,MIS*,25,"Misc/03 R1
""No Smoking"" placard to be installed on lavatory door to prevent fires from smoking materials being dropped in to lavatory paper orlenin awaste receptacles",14-Dec-2021,VT-VPA/2021/12/14/058 & CRS:040,,1000:00 H,4954:23 H,5439:59 H,485:36 H,,5954:23 H,5954:23 H,514:24 H,,,,,
157b8d12-c115-446e-a4dc-d12077751fe2,91aa63f8-13f1-4d97-9495-50fa7818a72b,HAWKER 800XP,838697ff-b6ab-46e4-9aad-def266b918bc,Tmplt HAWKER 800XP,43148239-26c4-4712-81de-969da8d80cf3,VT-VPA,258415,FAA AD 74-08-09 R3,DGCA / NEW- MISC/03 R1,AD*,25,"74-08-09 R3
Air Transport Association (ATA) of America Code 25: Equipment/furnishings.",14-Dec-2021,VT-VPA/2021/12/14/058 & CRS:040,,1000:00 H,4954:23 H,5439:59 H,485:36 H,,5954:23 H,5954:23 H,514:24 H,,,,,
157b8d12-c115-446e-a4dc-d12077751fe2,91aa63f8-13f1-4d97-9495-50fa7818a72b,HAWKER 800XP,838697ff-b6ab-46e4-9aad-def266b918bc,Tmplt HAWKER 800XP,43148239-26c4-4712-81de-969da8d80cf3,VT-VPA,258415,SB 32-3777,SB 32-3777,SB,32,"32-3777
LANDING GEAR - MAIN LANDING GEAR JACK IMPROVED SERVO BLOCK MOUNTING",17-Apr-2016,,Complied on 17-04-2016.,,17-Apr-2016,10-May-2026,,,,10-May-2026,,,,,,
157b8d12-c115-446e-a4dc-d12077751fe2,91aa63f8-13f1-4d97-9495-50fa7818a72b,HAWKER 800XP,838697ff-b6ab-46e4-9aad-def266b918bc,Tmplt HAWKER 800XP,43148239-26c4-4712-81de-969da8d80cf3,VT-VPA,258415,SB 25-4103,SB 25-4103,SB,25,"25-4103
: EQUIPMENT/FURNISHINGS - DISPOSITION OF FIBERGLASS COMPONENTS THAT DO NOT MEET REQUIREMENTS FOR NON-PROPAGATION OF FIRE",12-Aug-2013,,Complied with on 12-08-2013.,"2400:00 H
24 Mt",12-Aug-2013,"5439:59 H
10-May-2026","5439:59 H
4654 Dy",,"2400:00 H
12-Aug-2015","2400:00 H
12-Aug-2015","-3039:59 H
-3924 Dy",,,,,
157b8d12-c115-446e-a4dc-d12077751fe2,91aa63f8-13f1-4d97-9495-50fa7818a72b,HAWKER 800XP,838697ff-b6ab-46e4-9aad-def266b918bc,Tmplt HAWKER 800XP,43148239-26c4-4712-81de-969da8d80cf3,VT-VPA,258415,SB 32-3962 R3,SB 32-3962 R3,SB,32,"32-3962
LANDING GEAR - LANDING GEAR COMPONENT REPLACEMENT FOR HYDROGEN EMBRITTLEMENT, 200-HOUR REQUIREMENT",29-Mar-2012,,complied on 29-03-2012.,"200:00 H
6 Mt",29-Mar-2012,"5439:59 H
10-May-2026","5439:59 H
5155 Dy",,"200:00 H
29-Sep-2012","200:00 H
29-Sep-2012","-5239:59 H
-4971 Dy",,,,,
157b8d12-c115-446e-a4dc-d12077751fe2,91aa63f8-13f1-4d97-9495-50fa7818a72b,HAWKER 800XP,838697ff-b6ab-46e4-9aad-def266b918bc,Tmplt HAWKER 800XP,43148239-26c4-4712-81de-969da8d80cf3,VT-VPA,258415,SB 32-4068,SB 32-4068,SB,32,"SB 32-4068
LANDING GEAR - NOSE LANDING GEAR DRAG STAY ASSEMBLY DESIGN IMPROVEMENT",17-Nov-2011,,Complied with on 17-11-2011,"800:00 H
48 Mt",17-Nov-2011,"5439:59 H
10-May-2026","5439:59 H
5288 Dy",,"800:00 H
17-Nov-2015","800:00 H
17-Nov-2015","-4639:59 H
-3827 Dy",,,,,
157b8d12-c115-446e-a4dc-d12077751fe2,91aa63f8-13f1-4d97-9495-50fa7818a72b,HAWKER 800XP,838697ff-b6ab-46e4-9aad-def266b918bc,Tmplt HAWKER 800XP,43148239-26c4-4712-81de-969da8d80cf3,VT-VPA,258415,SB 78-4048,SB 78-4048,SB,78,"SB 78-4048
EXHAUST - THRUST REVERSER ACCUMULATOR PRE-CHARGE CHECK",16-Sep-2011,,Complied with on 16-09-2011.,"400:00 H
12 Mt",16-Sep-2011,"5439:59 H
10-May-2026","5439:59 H
5350 Dy",,"400:00 H
16-Sep-2012","400:00 H
16-Sep-2012","-5039:59 H
-4984 Dy",,,,,
157b8d12-c115-446e-a4dc-d12077751fe2,91aa63f8-13f1-4d97-9495-50fa7818a72b,HAWKER 800XP,838697ff-b6ab-46e4-9aad-def266b918bc,Tmplt HAWKER 800XP,43148239-26c4-4712-81de-969da8d80cf3,VT-VPA,258415,SB 32-3746 R2,SB 32-3746 R2,SB,32,"32-3746
LANDING GEAR - MAIN LANDING GEAR (MLG) WHEEL TIE BOLT AND NUT RETIREMENT LIFE",09-Apr-2011,,"Complied with on #2, #3, & #4 wheels 9 Apr 2011.#1 wheel outstanding",,09-Apr-2011,10-May-2026,,,,10-May-2026,,,,,,
157b8d12-c115-446e-a4dc-d12077751fe2,91aa63f8-13f1-4d97-9495-50fa7818a72b,HAWKER 800XP,838697ff-b6ab-46e4-9aad-def266b918bc,Tmplt HAWKER 800XP,43148239-26c4-4712-81de-969da8d80cf3,VT-VPA,258415,SB 32-3697,SB 32-3697,SB,32,"32-3697
LANDING GEAR- HAWKER 800XP MAIN LEG ASSEMBLY PLUNGER TUBE RE-IDENTIFICATION",09-Apr-2011,,Complied with 9 Apr 2011.,,,3821 L,,,,3821 L,,,,,,
157b8d12-c115-446e-a4dc-d12077751fe2,91aa63f8-13f1-4d97-9495-50fa7818a72b,HAWKER 800XP,838697ff-b6ab-46e4-9aad-def266b918bc,Tmplt HAWKER 800XP,43148239-26c4-4712-81de-969da8d80cf3,VT-VPA,258415,SB 32-3696,SB 32-3696,SB,32,"32-3696
LANDING GEAR - HAWKER 800XP/1000 MAIN LANDING GEAR (MLG) UPPER/LOWER ARM AND SIDESTAY ASSEMBLY RE-IDENTIFICATION",09-Apr-2011,,Complied with on 09.04.2011 at 1958 landings,,,5439:59 H,,,,5439:59 H,,,,,,
157b8d12-c115-446e-a4dc-d12077751fe2,91aa63f8-13f1-4d97-9495-50fa7818a72b,HAWKER 800XP,838697ff-b6ab-46e4-9aad-def266b918bc,Tmplt HAWKER 800XP,43148239-26c4-4712-81de-969da8d80cf3,VT-VPA,258415,SB 32-3979 R1,SB 32-3979 R1,SB,32,"32-3979
LANDING GEAR - LANDING GEAR COMPONENT REPLACEMENT FOR HYDROGEN EMBRITTLEMENT, 800-HOUR REQUIREMENT",20-Jan-2011,,Basic issue complied on 20-01-2011. No further action required.,"800:00 H
12 Mt",20-Jan-2011,"5439:59 H
10-May-2026","5439:59 H
5589 Dy",,"800:00 H
20-Jan-2012","800:00 H
20-Jan-2012","-4639:59 H
-5224 Dy",,,,,
157b8d12-c115-446e-a4dc-d12077751fe2,91aa63f8-13f1-4d97-9495-50fa7818a72b,HAWKER 800XP,838697ff-b6ab-46e4-9aad-def266b918bc,Tmplt HAWKER 800XP,43148239-26c4-4712-81de-969da8d80cf3,VT-VPA,258415,FAA AD 2010-07-02,Honeywell Alert Service Bulletin 7510100-34-A0035,AD,34,"2010-07-02
Integrated navigation units (INUs)",20-Oct-2010,,Complied with 3164:5 Hours on 20-10-2010.,30 Mt,20-Oct-2010,10-May-2026,5681 Dy,,20-Apr-2013,20-Apr-2013,-4768 Dy,,,,,
157b8d12-c115-446e-a4dc-d12077751fe2,91aa63f8-13f1-4d97-9495-50fa7818a72b,HAWKER 800XP,838697ff-b6ab-46e4-9aad-def266b918bc,Tmplt HAWKER 800XP,43148239-26c4-4712-81de-969da8d80cf3,VT-VPA,258415,SB 26-4013,FAA AD 2010-01-03,SB,26,"26-4013
FIRE PROTECTION - HALON 1211 PORTABLE FIRE EXTINGUISHER INSPECTION/ REPLENISHMENT/REPLACEMENT",09-Mar-2010,,Complied with on 09-03-2010.,,09-Mar-2010,10-May-2026,,,,10-May-2026,,,,,,
157b8d12-c115-446e-a4dc-d12077751fe2,91aa63f8-13f1-4d97-9495-50fa7818a72b,HAWKER 800XP,838697ff-b6ab-46e4-9aad-def266b918bc,Tmplt HAWKER 800XP,43148239-26c4-4712-81de-969da8d80cf3,VT-VPA,258415,SB 35-3989,SB 35-3989,SB,35,"35-3989
OXYGEN - INSPECTION FOR CLEARANCE BETWEEN UPPER RIGHT OXYGEN CYLINDER AND PRIMARY RUDDER CABLE",12-Jan-2010,,Complied with on 12-01-2010.,"200:00 H
6 Mt",12-Jan-2010,"5439:59 H
10-May-2026","5439:59 H
5962 Dy",,"200:00 H
12-Jul-2010","200:00 H
12-Jul-2010","-5239:59 H
-5781 Dy",,,,,
157b8d12-c115-446e-a4dc-d12077751fe2,91aa63f8-13f1-4d97-9495-50fa7818a72b,HAWKER 800XP,838697ff-b6ab-46e4-9aad-def266b918bc,Tmplt HAWKER 800XP,43148239-26c4-4712-81de-969da8d80cf3,VT-VPA,258415,FAA AD 2004-11-01,"Raytheon Service Bulletin SB 26-3610, Revision 1",AD,26,"2004-11-01
Engine fire extinguishing wiring",13-Jul-2009,,Complied with SB 26-3610 on 13 Jul 2009.,"70:00 H
30 Dy",13-Jul-2009,"5439:59 H
10-May-2026","5439:59 H
6145 Dy",,"70:00 H
12-Aug-2009","70:00 H
12-Aug-2009","-5369:59 H
-6115 Dy",,,,,
157b8d12-c115-446e-a4dc-d12077751fe2,91aa63f8-13f1-4d97-9495-50fa7818a72b,HAWKER 800XP,838697ff-b6ab-46e4-9aad-def266b918bc,Tmplt HAWKER 800XP,43148239-26c4-4712-81de-969da8d80cf3,VT-VPA,258415,SB 78-3487,SB 78-3487,SB,78,"78-3487
Exhaust - Fan Duct - Inspection and Repair",13-Jul-2009,,Complied with on 13-07-2009,"600:00 H
12 Mt",13-Jul-2009,"5439:59 H
10-May-2026","5439:59 H
6145 Dy",,"600:00 H
13-Jul-2010","600:00 H
13-Jul-2010","-4839:59 H
-5780 Dy",,,,,
157b8d12-c115-446e-a4dc-d12077751fe2,91aa63f8-13f1-4d97-9495-50fa7818a72b,HAWKER 800XP,838697ff-b6ab-46e4-9aad-def266b918bc,Tmplt HAWKER 800XP,43148239-26c4-4712-81de-969da8d80cf3,VT-VPA,258415,SB 26-3610 R1,SB 26-3610 R1,SB,26,"SB 26-3610
FIRE PROTECTION - ADDITION OF FIRE EXTINGUISHER MARKER BANDS FOR IMPROVED IDENTIFICATION",13-Jul-2009,,Complied with on 13-07-2009,"70:00 H
30 Dy",13-Jul-2009,"5439:59 H
10-May-2026","5439:59 H
6145 Dy",,"70:00 H
12-Aug-2009","70:00 H
12-Aug-2009","-5369:59 H
-6115 Dy",,,,,
157b8d12-c115-446e-a4dc-d12077751fe2,91aa63f8-13f1-4d97-9495-50fa7818a72b,HAWKER 800XP,838697ff-b6ab-46e4-9aad-def266b918bc,Tmplt HAWKER 800XP,43148239-26c4-4712-81de-969da8d80cf3,VT-VPA,258415,SB 35-3886 R1,SB 35-3886 R1,SB,35,"35-3886
OXYGEN - REPLACEMENT OF BURST DISC ASSEMBLY IN P/N WKA27942 SERIES FILTER ASSEMBLIES",14-Jan-2009,,Complied with on 14-01-2009,3 Mt,14-Jan-2009,10-May-2026,6325 Dy,,14-Apr-2009,14-Apr-2009,-6235 Dy,,,,,
157b8d12-c115-446e-a4dc-d12077751fe2,91aa63f8-13f1-4d97-9495-50fa7818a72b,HAWKER 800XP,838697ff-b6ab-46e4-9aad-def266b918bc,Tmplt HAWKER 800XP,43148239-26c4-4712-81de-969da8d80cf3,VT-VPA,258415,SB 24-3772,SB 24-3772,SB,24,"24-3772
ELECTRICAL POWER - INSPECTION OF PANEL DA WIRING",27-Aug-2008,,Complied with on 27-08-2008.,"600:00 H
12 Mt",27-Aug-2008,"5439:59 H
10-May-2026","5439:59 H
6465 Dy",,"600:00 H
27-Aug-2009","600:00 H
27-Aug-2009","-4839:59 H
-6100 Dy",,,,,
157b8d12-c115-446e-a4dc-d12077751fe2,91aa63f8-13f1-4d97-9495-50fa7818a72b,HAWKER 800XP,838697ff-b6ab-46e4-9aad-def266b918bc,Tmplt HAWKER 800XP,43148239-26c4-4712-81de-969da8d80cf3,VT-VPA,258415,SB 25-3823 R1,SB 25-3823 R1,SB,25,"25-3823
EQUIPMENT/FURNISHINGS - INSPECTION/REPLACEMENT OF SEAT BELT SHACKLE",11-Mar-2008,,Complied with 11 Mar 2008,"300:00 H
6 Mt",11-Mar-2008,"5439:59 H
10-May-2026","5439:59 H
6634 Dy",,"300:00 H
11-Sep-2008","300:00 H
11-Sep-2008","-5139:59 H
-6450 Dy",,,,,
157b8d12-c115-446e-a4dc-d12077751fe2,91aa63f8-13f1-4d97-9495-50fa7818a72b,HAWKER 800XP,838697ff-b6ab-46e4-9aad-def266b918bc,Tmplt HAWKER 800XP,43148239-26c4-4712-81de-969da8d80cf3,VT-VPA,258415,SB 11-3652 R1,SB 11-3652 R1,SB,11,"11-3652
PLACARDS AND MARKINGS - ENGINE OPERATING LIMITATIONS PLACARD REPLACEMENT",03-Aug-2007,,Complied with on 03-08-2007,"600:00 H
12 Mt",03-Aug-2007,"5439:59 H
10-May-2026","5439:59 H
6855 Dy",,"600:00 H
03-Aug-2008","600:00 H
03-Aug-2008","-4839:59 H
-6489 Dy",,,,,
157b8d12-c115-446e-a4dc-d12077751fe2,91aa63f8-13f1-4d97-9495-50fa7818a72b,HAWKER 800XP,838697ff-b6ab-46e4-9aad-def266b918bc,Tmplt HAWKER 800XP,43148239-26c4-4712-81de-969da8d80cf3,VT-VPA,258415,FAA AD 2006-12-20,Raytheon Service Bulletin SB 24- 3793,AD,24,"2006-12-20
Current limiters for the PE, PS1, and PS2 busses",23-Aug-2006,,Complied with SB 24-3793 on 23 Aug 2006.,"25:00 H
30 Dy",23-Aug-2006,"5439:59 H
10-May-2026","5439:59 H
7200 Dy",,"25:00 H
22-Sep-2006","25:00 H
22-Sep-2006","-5414:59 H
-7170 Dy",,,,,
157b8d12-c115-446e-a4dc-d12077751fe2,91aa63f8-13f1-4d97-9495-50fa7818a72b,HAWKER 800XP,838697ff-b6ab-46e4-9aad-def266b918bc,Tmplt HAWKER 800XP,43148239-26c4-4712-81de-969da8d80cf3,VT-VPA,258415,DGCA/HAWKER 800/09,FAA AD 2006-12-20,MOD,24,"MM 09
TO PREVENT LOSS OF ALL PRIMARY ELECTRICAL POWER",23-Aug-2006,,COMPLIED WITH AS PER SB 24-3793 ON 23-08-2006 AT 2438: HRS/ 1497 FC,"25:00 H
30 Dy","2438:00 H
23-Aug-2006","5439:59 H
10-May-2026","3001:59 H
7200 Dy",,"2463:00 H
22-Sep-2006","2463:00 H
22-Sep-2006","-2976:59 H
-7170 Dy",,,,,
157b8d12-c115-446e-a4dc-d12077751fe2,91aa63f8-13f1-4d97-9495-50fa7818a72b,HAWKER 800XP,838697ff-b6ab-46e4-9aad-def266b918bc,Tmplt HAWKER 800XP,43148239-26c4-4712-81de-969da8d80cf3,VT-VPA,258415,SB 24-3793,SB 24-3793,SB,24,"24-3793
ELECTRICAL POWER - INSPECTION AND REPLACEMENT OF UAM100 LIMITERS",23-Aug-2006,,Complied with on 23-08-2006.,"25:00 H
30 Dy",23-Aug-2006,"5439:59 H
10-May-2026","5439:59 H
7200 Dy",,"25:00 H
22-Sep-2006","25:00 H
22-Sep-2006","-5414:59 H
-7170 Dy",,,,,
157b8d12-c115-446e-a4dc-d12077751fe2,91aa63f8-13f1-4d97-9495-50fa7818a72b,HAWKER 800XP,838697ff-b6ab-46e4-9aad-def266b918bc,Tmplt HAWKER 800XP,43148239-26c4-4712-81de-969da8d80cf3,VT-VPA,258415,FAA AD 2007-21-08,Raytheon Service Bulletin SB 24-3772,AD,24,"2007-21-08
Inspection of panel DA wiring",23-Aug-2006,,Complied with 24-3772 on 23 Aug 2006,"600:00 H
12 Mt",23-Aug-2006,"5439:59 H
10-May-2026","5439:59 H
7200 Dy",,"600:00 H
23-Aug-2007","600:00 H
23-Aug-2007","-4839:59 H
-6835 Dy",,,,,
157b8d12-c115-446e-a4dc-d12077751fe2,91aa63f8-13f1-4d97-9495-50fa7818a72b,HAWKER 800XP,838697ff-b6ab-46e4-9aad-def266b918bc,Tmplt HAWKER 800XP,43148239-26c4-4712-81de-969da8d80cf3,VT-VPA,258415,SB 53-3734,SB 53-3734,SB,53,"53-3734
FUSELAGE - INSPECTION FOR DRAINAGE AT FRAME 17A",23-Aug-2006,,Complied with on 23-08-2006.,"300:00 H
6 Mt",23-Aug-2006,"5439:59 H
10-May-2026","5439:59 H
7200 Dy",,"300:00 H
23-Feb-2007","300:00 H
23-Feb-2007","-5139:59 H
-7016 Dy",,,,,
157b8d12-c115-446e-a4dc-d12077751fe2,91aa63f8-13f1-4d97-9495-50fa7818a72b,HAWKER 800XP,838697ff-b6ab-46e4-9aad-def266b918bc,Tmplt HAWKER 800XP,43148239-26c4-4712-81de-969da8d80cf3,VT-VPA,258415,SB 27-3589 R1,SB 27-3589 R1,SB,27,"27-3589
FLIGHT CONTROLS - REMOVAL OF CORROSION FROM AIRBRAKE JACK VALVE BODY",19-Jul-2005,,Complied with on 19-07-2005.,"300:00 H
6 Mt",19-Jul-2005,"5439:59 H
10-May-2026","5439:59 H
7600 Dy",,"300:00 H
19-Jan-2006","300:00 H
19-Jan-2006","-5139:59 H
-7416 Dy",,,,,
157b8d12-c115-446e-a4dc-d12077751fe2,91aa63f8-13f1-4d97-9495-50fa7818a72b,HAWKER 800XP,838697ff-b6ab-46e4-9aad-def266b918bc,Tmplt HAWKER 800XP,43148239-26c4-4712-81de-969da8d80cf3,VT-VPA,258415,SB 76-3480,SB 76-3480,SB,76,"76-3480
Engine Controls - Installation of jumper wire on computer control switches",19-Jul-2005,,Complied with 19-07-2005.,"300:00 H
3 Mt",19-Jul-2005,"5439:59 H
10-May-2026","5439:59 H
7600 Dy",,"300:00 H
19-Oct-2005","300:00 H
19-Oct-2005","-5139:59 H
-7508 Dy",,,,,
157b8d12-c115-446e-a4dc-d12077751fe2,91aa63f8-13f1-4d97-9495-50fa7818a72b,HAWKER 800XP,838697ff-b6ab-46e4-9aad-def266b918bc,Tmplt HAWKER 800XP,43148239-26c4-4712-81de-969da8d80cf3,VT-VPA,258415,SB 22-3577 R1,SB 22-3577 R1,SB,22,"22-3577
AUTO FLIGHT - INTRODUCTION OF IMPROVEMENTS TO HONEYWELL FZ-800 FLIGHT GUIDANCE COMPUTER",19-Jul-2005,,Complied with on 19-07-2005,12 Mt,19-Jul-2005,10-May-2026,7600 Dy,,19-Jul-2006,19-Jul-2006,-7235 Dy,,,,,
157b8d12-c115-446e-a4dc-d12077751fe2,91aa63f8-13f1-4d97-9495-50fa7818a72b,HAWKER 800XP,838697ff-b6ab-46e4-9aad-def266b918bc,Tmplt HAWKER 800XP,43148239-26c4-4712-81de-969da8d80cf3,VT-VPA,258415,SB 26-3496,SB 26-3496,SB,26,"26-3496
FIRE PROTECTION - INTRODUCTION OF ELECTRICAL WIRE PROTECTION KIT",19-Jul-2005,,Complied with on 19-07-2005.,12 Mt,19-Jul-2005,10-May-2026,7600 Dy,,19-Jul-2006,19-Jul-2006,-7235 Dy,,,,,
157b8d12-c115-446e-a4dc-d12077751fe2,91aa63f8-13f1-4d97-9495-50fa7818a72b,HAWKER 800XP,838697ff-b6ab-46e4-9aad-def266b918bc,Tmplt HAWKER 800XP,43148239-26c4-4712-81de-969da8d80cf3,VT-VPA,258415,SB 32-3522,SB 32-3522,SB,32,"32-3522
LANDING GEAR - DUNLOP WHEEL TIE-BOLT NUTS INSPECTION/REPLACEMENT",19-Jul-2005,,Complied with on 19-07-2005,10 L,,3821 L,3821 L,,10 L,10 L,-3811 L,,,,,
157b8d12-c115-446e-a4dc-d12077751fe2,91aa63f8-13f1-4d97-9495-50fa7818a72b,HAWKER 800XP,838697ff-b6ab-46e4-9aad-def266b918bc,Tmplt HAWKER 800XP,43148239-26c4-4712-81de-969da8d80cf3,VT-VPA,258415,FAA AD 2005-03-16,Raytheon Service Bulletin SB 26-3496,AD,26,"2005-03-16
Engine compartment firewall",19-Jul-2005,,Complied with SB 26-3496 on 19 Jul 2005.,12 Mt,19-Jul-2005,10-May-2026,7600 Dy,,19-Jul-2006,19-Jul-2006,-7235 Dy,,,,,
157b8d12-c115-446e-a4dc-d12077751fe2,91aa63f8-13f1-4d97-9495-50fa7818a72b,HAWKER 800XP,838697ff-b6ab-46e4-9aad-def266b918bc,Tmplt HAWKER 800XP,43148239-26c4-4712-81de-969da8d80cf3,VT-VPA,258415,FAA AD 2003-07-07,Raytheon Service Bulletin SB 32-3522,AD,32,"2003-07-07
Tie-bolt Nuts of Main Landing Gear (MLG) Wheels",19-Jul-2005,,Complied with SB 32-3522 on 19 Jul 2005.,"12 Dy
10 L",19-Jul-2005,"10-May-2026
3821 L","7600 Dy
3821 L",,"31-Jul-2005
10 L","31-Jul-2005
10 L","-7588 Dy
-3811 L",,,,,
157b8d12-c115-446e-a4dc-d12077751fe2,91aa63f8-13f1-4d97-9495-50fa7818a72b,HAWKER 800XP,838697ff-b6ab-46e4-9aad-def266b918bc,Tmplt HAWKER 800XP,43148239-26c4-4712-81de-969da8d80cf3,VT-VPA,258415,SB 53-3623 R1,SB 53-3623 R1,SB,53,"53-3623
FUSELAGE - WING-TO-FUSELAGE ATTACHMENT LINK INSPECTION FOR PROPER WASHER INSTALLATION",19-Jul-2005,,Complied with on 19-07-2005.,"600:00 H
12 Mt",19-Jul-2005,"5439:59 H
10-May-2026","5439:59 H
7600 Dy",,"600:00 H
19-Jul-2006","600:00 H
19-Jul-2006","-4839:59 H
-7235 Dy",,,,,
157b8d12-c115-446e-a4dc-d12077751fe2,91aa63f8-13f1-4d97-9495-50fa7818a72b,HAWKER 800XP,838697ff-b6ab-46e4-9aad-def266b918bc,Tmplt HAWKER 800XP,43148239-26c4-4712-81de-969da8d80cf3,VT-VPA,258415,SB 34-3651,SB 34-3651,SB,34,"34-3651
NAVIGATION - ELIMINATION OF POSSIBLE ERRONEOUS GLIDE SLOPE INDICATIONS ON THE RNZ-850 INTEGRATED NAV UNIT",19-Jul-2005,,Complied with on 19-07-2005,"2400:00 H
24 Mt",19-Jul-2005,"5439:59 H
10-May-2026","5439:59 H
7600 Dy",,"2400:00 H
19-Jul-2007","2400:00 H
19-Jul-2007","-3039:59 H
-6870 Dy",,,,,
157b8d12-c115-446e-a4dc-d12077751fe2,91aa63f8-13f1-4d97-9495-50fa7818a72b,HAWKER 800XP,838697ff-b6ab-46e4-9aad-def266b918bc,Tmplt HAWKER 800XP,43148239-26c4-4712-81de-969da8d80cf3,VT-VPA,258415,SB 32-3614,SB 32-3614,SB,32,"32-3614
LANDING GEAR - HAWKER 800XP MAIN LEG ASSEMBLY IDENTIFICATION",19-Jul-2005,,Complied with on 19-07-2005,12 Mt,19-Jul-2005,10-May-2026,7600 Dy,,19-Jul-2006,19-Jul-2006,-7235 Dy,,,,,
157b8d12-c115-446e-a4dc-d12077751fe2,91aa63f8-13f1-4d97-9495-50fa7818a72b,HAWKER 800XP,838697ff-b6ab-46e4-9aad-def266b918bc,Tmplt HAWKER 800XP,43148239-26c4-4712-81de-969da8d80cf3,VT-VPA,258415,SB 44-3565,SB 44-3565,SB,44,"44-3565
CABIN SYSTEMS - DEACTIVATION/MODIFICATION OF CABIN ENTERTAINMENT SYSTEM",19-Jul-2005,,complied with on 19-07-2005.,10:00 H,,5439:59 H,5439:59 H,,10:00 H,10:00 H,-5429:59 H,,,,,
157b8d12-c115-446e-a4dc-d12077751fe2,91aa63f8-13f1-4d97-9495-50fa7818a72b,HAWKER 800XP,838697ff-b6ab-46e4-9aad-def266b918bc,Tmplt HAWKER 800XP,43148239-26c4-4712-81de-969da8d80cf3,VT-VPA,258415,SB 35-3495 R1,SB 35-3495 R1,SB,35,"35-3495
OXYGEN - INTRODUCTION OF SCOTT PROTECTIVE BREATHING EQUIPMENT (PBE)",19-Jul-2005,,Rev.01 Complied with on 19-07-2005.,12 Mt,19-Jul-2005,10-May-2026,7600 Dy,,19-Jul-2006,19-Jul-2006,-7235 Dy,,,,,
157b8d12-c115-446e-a4dc-d12077751fe2,91aa63f8-13f1-4d97-9495-50fa7818a72b,HAWKER 800XP,838697ff-b6ab-46e4-9aad-def266b918bc,Tmplt HAWKER 800XP,43148239-26c4-4712-81de-969da8d80cf3,VT-VPA,258415,SB 21-3485 R1,SB 21-3485 R1,SB,21,"21-3485
AIR CONDITIONING - INTRODUCTION OF AN INLINE FILTER TO THE LOW TEMPERATURE CONTROL VALVE",19-Jul-2005,,Rev.1 complied on 19-07-2005,"300:00 H
6 Mt",19-Jul-2005,"5439:59 H
10-May-2026","5439:59 H
7600 Dy",,"300:00 H
19-Jan-2006","300:00 H
19-Jan-2006","-5139:59 H
-7416 Dy",,,,,
157b8d12-c115-446e-a4dc-d12077751fe2,91aa63f8-13f1-4d97-9495-50fa7818a72b,HAWKER 800XP,838697ff-b6ab-46e4-9aad-def266b918bc,Tmplt HAWKER 800XP,43148239-26c4-4712-81de-969da8d80cf3,VT-VPA,258415,SB 31-3385 R1,SB 31-3385 R1,SB,31,"31-3385
INDICATING/RECORDING SYSTEMS - INSTALLATION OF TRANSIENT SUPPRESSION ASSEMBLIES ACROSS APU RELAYS",19-Jul-2005,,Complied with on 19-07-2005,300:00 H,,5439:59 H,5439:59 H,,300:00 H,300:00 H,-5139:59 H,,,,,
157b8d12-c115-446e-a4dc-d12077751fe2,91aa63f8-13f1-4d97-9495-50fa7818a72b,HAWKER 800XP,838697ff-b6ab-46e4-9aad-def266b918bc,Tmplt HAWKER 800XP,43148239-26c4-4712-81de-969da8d80cf3,VT-VPA,258415,SB 32-3615,SB 32-3615,SB,32,"32-3615
LANDING GEAR - HAWKER 800XP/1000 MLG SIDESTAY ASSEMBLY IDENTIFICATION",19-Jul-2005,,Complied with on 19-07-2005,12 Mt,19-Jul-2005,10-May-2026,7600 Dy,,19-Jul-2006,19-Jul-2006,-7235 Dy,,,,,
157b8d12-c115-446e-a4dc-d12077751fe2,91aa63f8-13f1-4d97-9495-50fa7818a72b,HAWKER 800XP,838697ff-b6ab-46e4-9aad-def266b918bc,Tmplt HAWKER 800XP,43148239-26c4-4712-81de-969da8d80cf3,VT-VPA,258415,SB 30-3442 R1,SB 30-3442 R1,SB,30,"30-3442
ICE AND RAIN PROTECTION - INTRODUCTION OF A TKS HOSE REPLACEMENT",19-Jul-2005,,Complied with on 19-07-2005,12 Mt,19-Jul-2005,10-May-2026,7600 Dy,,19-Jul-2006,19-Jul-2006,-7235 Dy,,,,,
157b8d12-c115-446e-a4dc-d12077751fe2,91aa63f8-13f1-4d97-9495-50fa7818a72b,HAWKER 800XP,838697ff-b6ab-46e4-9aad-def266b918bc,Tmplt HAWKER 800XP,43148239-26c4-4712-81de-969da8d80cf3,VT-VPA,258415,DGCA/HAWKER 800/03,FAA AD 2005-03-16,MOD,26,"MM 03
ENGINE COMPARTMENT FIREWALL",12-Jul-2005,,COMPLIED AT JET AVIATION ZURICH ON 12- JUL-2005 (REFER RECORD OF AIRWROTHINESS DIRECTIVED - ENTRY DT. 12- JUL-2005),12 Mt,12-Jul-2005,10-May-2026,7607 Dy,,12-Jul-2006,12-Jul-2006,-7242 Dy,,,,,
157b8d12-c115-446e-a4dc-d12077751fe2,91aa63f8-13f1-4d97-9495-50fa7818a72b,HAWKER 800XP,838697ff-b6ab-46e4-9aad-def266b918bc,Tmplt HAWKER 800XP,43148239-26c4-4712-81de-969da8d80cf3,VT-VPA,258415,SB 53-3438 R1,SB 53-3438 R1,SB,53,"53-3438
FUSELAGE - INSPECTION OF 4 MISSING RIVETS AT THE TOP CENTER OF FRAME 13 ON HONEYWELL EQUIPPED AIRPLANES",12-Jun-2002,,Complied with on 12-06-2002.,"600:00 H
12 Mt",12-Jun-2002,"5439:59 H
10-May-2026","5439:59 H
8733 Dy",,"600:00 H
12-Jun-2003","600:00 H
12-Jun-2003","-4839:59 H
-8368 Dy",,,,,
157b8d12-c115-446e-a4dc-d12077751fe2,91aa63f8-13f1-4d97-9495-50fa7818a72b,HAWKER 800XP,838697ff-b6ab-46e4-9aad-def266b918bc,Tmplt HAWKER 800XP,43148239-26c4-4712-81de-969da8d80cf3,VT-VPA,258415,SB 32-3439 R1,SB 32-3439 R1,SB,32,"32-3439
LANDING GEAR - INTRODUCTION OF CUTOUTS TO CLEAR THE FORWARD NOSE LANDING GEAR (NLG) DOOR HINGES",12-Jun-2002,,Complied with on 12-06-2002.,"600:00 H
12 Mt",12-Jun-2002,"5439:59 H
10-May-2026","5439:59 H
8733 Dy",,"600:00 H
12-Jun-2003","600:00 H
12-Jun-2003","-4839:59 H
-8368 Dy",,,,,
157b8d12-c115-446e-a4dc-d12077751fe2,91aa63f8-13f1-4d97-9495-50fa7818a72b,HAWKER 800XP,838697ff-b6ab-46e4-9aad-def266b918bc,Tmplt HAWKER 800XP,43148239-26c4-4712-81de-969da8d80cf3,VT-VPA,258415,FAA AD 2004-09-26,Raytheon Service Bulletin SB 34-3412,AD,34,"2004-09-26
Pitot probes",21-Nov-2001,,Complied with SB 34-3412 on 21 Nov 2001,6 Mt,21-Nov-2001,10-May-2026,8936 Dy,,21-May-2002,21-May-2002,-8755 Dy,,,,,
157b8d12-c115-446e-a4dc-d12077751fe2,91aa63f8-13f1-4d97-9495-50fa7818a72b,HAWKER 800XP,838697ff-b6ab-46e4-9aad-def266b918bc,Tmplt HAWKER 800XP,43148239-26c4-4712-81de-969da8d80cf3,VT-VPA,258415,FAA AD 2002-26-22,Raytheon Service Bulletin SB 76-3480,AD,76,"2002-26-22
Digital electronic engine",21-Nov-2001,,Complied with SB 76-3480 on 21 Nov 2001,"300:00 H
3 Mt",21-Nov-2001,"5439:59 H
10-May-2026","5439:59 H
8936 Dy",,"300:00 H
21-Feb-2002","300:00 H
21-Feb-2002","-5139:59 H
-8844 Dy",,,,,
157b8d12-c115-446e-a4dc-d12077751fe2,91aa63f8-13f1-4d97-9495-50fa7818a72b,HAWKER 800XP,838697ff-b6ab-46e4-9aad-def266b918bc,Tmplt HAWKER 800XP,43148239-26c4-4712-81de-969da8d80cf3,VT-VPA,258415,SB 29-3441,SB 29-3441,SB,29,"29-3441
HYDRAULIC POWER - INTRODUCTION OF A COMBINED RESTRICTOR/PRESSURE RELIEF VALVE IN THE AIRBRAKE BYPASS SYSTEM",21-Nov-2001,,Complied with on 21-11-2001,24 Mt,21-Nov-2001,10-May-2026,8936 Dy,,21-Nov-2003,21-Nov-2003,-8206 Dy,,,,,
157b8d12-c115-446e-a4dc-d12077751fe2,91aa63f8-13f1-4d97-9495-50fa7818a72b,HAWKER 800XP,838697ff-b6ab-46e4-9aad-def266b918bc,Tmplt HAWKER 800XP,43148239-26c4-4712-81de-969da8d80cf3,VT-VPA,258415,SB 34-3412,SB 34-3412,SB,34,"34-3412
NAVIGATION - REPLACEMENT OF ROSEMOUNT PITOT PROBES",21-Nov-2001,,Complied with on 21-11-2001.,24 Mt,21-Nov-2001,10-May-2026,8936 Dy,,21-Nov-2003,21-Nov-2003,-8206 Dy,,,,,
157b8d12-c115-446e-a4dc-d12077751fe2,91aa63f8-13f1-4d97-9495-50fa7818a72b,HAWKER 800XP,838697ff-b6ab-46e4-9aad-def266b918bc,Tmplt HAWKER 800XP,43148239-26c4-4712-81de-969da8d80cf3,VT-VPA,258415,SB 21-3419,SB 21-3419,SB,21,"21-3419
AIR CONDITIONING - REPLACEMENT OF LOW LIMIT TEMPERATURE CONTROL SENSOR",27-Apr-2001,,Complied with on 27-04-2001,6 Mt,27-Apr-2001,10-May-2026,9144 Dy,,27-Oct-2001,27-Oct-2001,-8961 Dy,,,,,
157b8d12-c115-446e-a4dc-d12077751fe2,91aa63f8-13f1-4d97-9495-50fa7818a72b,HAWKER 800XP,838697ff-b6ab-46e4-9aad-def266b918bc,Tmplt HAWKER 800XP,43148239-26c4-4712-81de-969da8d80cf3,VT-VPA,258415,SB 34-3236 R3,SB 34-3236 R3,SB,34,"SB 34-3236
NAVIGATION - YEAR 2000 SOFTWARE ANOMALY",01-Dec-2000,,Rev. 03 Complied with on 01-12-2000.,300:00 H,,5439:59 H,5439:59 H,,300:00 H,300:00 H,-5139:59 H,,,,,
157b8d12-c115-446e-a4dc-d12077751fe2,91aa63f8-13f1-4d97-9495-50fa7818a72b,HAWKER 800XP,838697ff-b6ab-46e4-9aad-def266b918bc,Tmplt HAWKER 800XP,43148239-26c4-4712-81de-969da8d80cf3,VT-VPA,258415,SB 21-3377 R1,SB 21-3377 R1,SB,21,"21-3377
AIR CONDITIONING - INSTALLATION OF IMPROVED AIR CONDITIONING DUCT SLEEVES AND CLAMPS",01-Dec-2000,,Complied with on 01-12-2000.,"300:00 H
6 Mt",01-Dec-2000,"5439:59 H
10-May-2026","5439:59 H
9291 Dy",,"300:00 H
01-Jun-2001","300:00 H
01-Jun-2001","-5139:59 H
-9109 Dy",,,,,
157b8d12-c115-446e-a4dc-d12077751fe2,91aa63f8-13f1-4d97-9495-50fa7818a72b,HAWKER 800XP,838697ff-b6ab-46e4-9aad-def266b918bc,Tmplt HAWKER 800XP,43148239-26c4-4712-81de-969da8d80cf3,VT-VPA,258415,FAA AD 2001-13-05,"Raytheon Service Bulletin SB 21-3377, Revision 1",AD,21,"2001-13-05
Turbine Air Discharge Duct and Water Separator Outlet Duct",01-Dec-2000,,Complied with SB 21-3377 on 1 Dec 2000,"300:00 H
6 Mt",01-Dec-2000,"5439:59 H
10-May-2026","5439:59 H
9291 Dy",,"300:00 H
01-Jun-2001","300:00 H
01-Jun-2001","-5139:59 H
-9109 Dy",,,,,
157b8d12-c115-446e-a4dc-d12077751fe2,91aa63f8-13f1-4d97-9495-50fa7818a72b,HAWKER 800XP,838697ff-b6ab-46e4-9aad-def266b918bc,Tmplt HAWKER 800XP,43148239-26c4-4712-81de-969da8d80cf3,VT-VPA,258415,SB 24-3272 R1,SB 24-3272 R1,SB,24,"24-3272
Electrical Power - Inspection / Relocation of Power Source forInstrument Panel and LH and RH Cockpit Blowers",01-Dec-2000,,Complied with on 01-12-2000.,"600:00 H
6 Mt",01-Dec-2000,"5439:59 H
10-May-2026","5439:59 H
9291 Dy",,"600:00 H
01-Jun-2001","600:00 H
01-Jun-2001","-4839:59 H
-9109 Dy",,,,,
157b8d12-c115-446e-a4dc-d12077751fe2,91aa63f8-13f1-4d97-9495-50fa7818a72b,HAWKER 800XP,838697ff-b6ab-46e4-9aad-def266b918bc,Tmplt HAWKER 800XP,43148239-26c4-4712-81de-969da8d80cf3,VT-VPA,258415,DGCA/HAWKER 800/05,FAA AD 2005-16-02,MOD,24,"MM 05
COCKPIT VENTILATION AND AVIONICS COOLING SYSTEM BLOWERS",01-Dec-2000,,COMPLIED WITH AS PER SB 24-3272 ON DT. 01 DEC-2000 AT TSN 600:36 HRS/ 299 FC,"600:00 H
6 Mt","600:36 H
01-Dec-2000","5439:59 H
10-May-2026","4839:23 H
9291 Dy",,"1200:36 H
01-Jun-2001","1200:36 H
01-Jun-2001","-4239:23 H
-9109 Dy",,,,,
157b8d12-c115-446e-a4dc-d12077751fe2,91aa63f8-13f1-4d97-9495-50fa7818a72b,HAWKER 800XP,838697ff-b6ab-46e4-9aad-def266b918bc,Tmplt HAWKER 800XP,43148239-26c4-4712-81de-969da8d80cf3,VT-VPA,258415,FAA AD 2005-16-02,"Raytheon Service Bulletin SB 24-3272, Revision 1",AD,24,"2005-16-02
Cockpit ventilation and avionics cooling system blowers",01-Dec-2000,,Complied with SB 24-3272 on 1 Dec 2000.,"600:00 H
6 Mt",01-Dec-2000,"5439:59 H
10-May-2026","5439:59 H
9291 Dy",,"600:00 H
01-Jun-2001","600:00 H
01-Jun-2001","-4839:59 H
-9109 Dy",,,,,
157b8d12-c115-446e-a4dc-d12077751fe2,91aa63f8-13f1-4d97-9495-50fa7818a72b,HAWKER 800XP,838697ff-b6ab-46e4-9aad-def266b918bc,Tmplt HAWKER 800XP,43148239-26c4-4712-81de-969da8d80cf3,VT-VPA,258415,SB 32-3391,SB 32-3391,SB,32,"32-3391
LANDING GEAR - MAIN LANDING GEAR (MLG) ACTUATOR CYLINDER HEAD INSPECTION",01-Dec-2000,,Complied with on 01-12-2000.,6 Mt,01-Dec-2000,10-May-2026,9291 Dy,,01-Jun-2001,01-Jun-2001,-9109 Dy,,,,,
157b8d12-c115-446e-a4dc-d12077751fe2,91aa63f8-13f1-4d97-9495-50fa7818a72b,HAWKER 800XP,838697ff-b6ab-46e4-9aad-def266b918bc,Tmplt HAWKER 800XP,43148239-26c4-4712-81de-969da8d80cf3,VT-VPA,258415,SB 21-3414 R1,SB 21-3414 R1,SB,21,"SB 21-3414
AIR CONDITIONING - REMOVAL OF AIR CONDITIONING DUCT SLEEVE BEDDING STRIPS",01-Dec-2000,,Complied with on 01-12-2000.,"300:00 H
6 Mt",01-Dec-2000,"5439:59 H
10-May-2026","5439:59 H
9291 Dy",,"300:00 H
01-Jun-2001","300:00 H
01-Jun-2001","-5139:59 H
-9109 Dy",,,,,
157b8d12-c115-446e-a4dc-d12077751fe2,91aa63f8-13f1-4d97-9495-50fa7818a72b,HAWKER 800XP,838697ff-b6ab-46e4-9aad-def266b918bc,Tmplt HAWKER 800XP,43148239-26c4-4712-81de-969da8d80cf3,VT-VPA,258415,FAA AD 2003-04-20,Raytheon Service Bulletin 32-3391,AD,32,"2003-04-20
Cylinder Head Lugs of Main Landing Gear (MLG) Actuator",30-Nov-2000,,Complied with SB 32-3391 on 31/11/2000 at Jet Aviation Zurich (refer : Record of Airworthiness Directive Entry 31/11/2000).,24 Mt,30-Nov-2000,10-May-2026,9292 Dy,,30-Nov-2002,30-Nov-2002,-8562 Dy,,,,,
157b8d12-c115-446e-a4dc-d12077751fe2,91aa63f8-13f1-4d97-9495-50fa7818a72b,HAWKER 800XP,838697ff-b6ab-46e4-9aad-def266b918bc,Tmplt HAWKER 800XP,43148239-26c4-4712-81de-969da8d80cf3,VT-VPA,258415,SB 32-3386,SB 32-3386,SB,32,"32-3386
LANDING GEAR - MAIN LANDING GEAR DOOR UPLOCK THREAD INSPECTION",13-Jul-2000,,Complied with on 13-07-2000.,"100:00 H
3 Mt",13-Jul-2000,"5439:59 H
10-May-2026","5439:59 H
9432 Dy",,"100:00 H
13-Oct-2000","100:00 H
13-Oct-2000","-5339:59 H
-9340 Dy",,,,,
157b8d12-c115-446e-a4dc-d12077751fe2,91aa63f8-13f1-4d97-9495-50fa7818a72b,HAWKER 800XP,838697ff-b6ab-46e4-9aad-def266b918bc,Tmplt HAWKER 800XP,43148239-26c4-4712-81de-969da8d80cf3,VT-VPA,258415,FAA AD 2001-15-25,Raytheon Service Bulletin SB 32-3386,AD,32,"2001-15-25
Attachment Bolt in the Main Landing Gear Door System",13-Jul-2000,,Complied with SB 32-3386 on 13 Jul 2000.,100:00 H,,5439:59 H,5439:59 H,,100:00 H,100:00 H,-5339:59 H,,,,,
157b8d12-c115-446e-a4dc-d12077751fe2,91aa63f8-13f1-4d97-9495-50fa7818a72b,HAWKER 800XP,838697ff-b6ab-46e4-9aad-def266b918bc,Tmplt HAWKER 800XP,43148239-26c4-4712-81de-969da8d80cf3,VT-VPA,258415,SB 34-3282,SB 34-3282,SB,34,"34-3282
Navigation - Modification of pitot/static and stall vent drain valves",13-Jul-2000,,Complied with on 13-07-2000.,300:00 H,,5439:59 H,5439:59 H,,300:00 H,300:00 H,-5139:59 H,,,,,
157b8d12-c115-446e-a4dc-d12077751fe2,91aa63f8-13f1-4d97-9495-50fa7818a72b,HAWKER 800XP,838697ff-b6ab-46e4-9aad-def266b918bc,Tmplt HAWKER 800XP,43148239-26c4-4712-81de-969da8d80cf3,VT-VPA,258415,SB 78-3262,SB 78-3262,SB,78,"78-3262
EXHAUST - INSPECTION/REPLACEMENT OF LH THRUST REVERSER MICROSWITCH WIRING",13-Jul-2000,,Complied with on 13-07-2000.,100:00 H,,5439:59 H,5439:59 H,,100:00 H,100:00 H,-5339:59 H,,,,,
157b8d12-c115-446e-a4dc-d12077751fe2,91aa63f8-13f1-4d97-9495-50fa7818a72b,HAWKER 800XP,838697ff-b6ab-46e4-9aad-def266b918bc,Tmplt HAWKER 800XP,43148239-26c4-4712-81de-969da8d80cf3,VT-VPA,258415,FAA AD 2000-08-07,Raytheon Service Bulletin SB.54-1-3815 B,AD,54,"2000-08-07
Tooling Holes",10-Jul-2000,,Complied at Jet Aviation Zurich on 10.07.2000 (Refer : Record of Airworthiness Directive Entry Dt. 10.07.2000).,6 Mt,10-Jul-2000,10-May-2026,9435 Dy,,10-Jan-2001,10-Jan-2001,-9251 Dy,,,,,
157b8d12-c115-446e-a4dc-d12077751fe2,91aa63f8-13f1-4d97-9495-50fa7818a72b,HAWKER 800XP,838697ff-b6ab-46e4-9aad-def266b918bc,Tmplt HAWKER 800XP,43148239-26c4-4712-81de-969da8d80cf3,VT-VPA,258415,DGCA/HAWKER 800/02,FAA AD 2000-22-03,MOD,34,"MM 02
PITOT/STATIC AND STALL VENT DRAIN VALVES",29-Feb-2000,,COMPLIED AT RAS BOUGHTON ON 29-FEB-2000 (REFER RECORD OF AIRWORTHINESS DIRECTIVES - ENTRY DT. 29-FEB-2000),300:00 H,,5439:59 H,5439:59 H,,300:00 H,300:00 H,-5139:59 H,,,,,
157b8d12-c115-446e-a4dc-d12077751fe2,91aa63f8-13f1-4d97-9495-50fa7818a72b,HAWKER 800XP,838697ff-b6ab-46e4-9aad-def266b918bc,Tmplt HAWKER 800XP,43148239-26c4-4712-81de-969da8d80cf3,VT-VPA,258415,FAA AD 2000-22-22,Raytheon Service Bulletin SB 24-3212,AD,24,"2000-22-22
Wire Bundle Exiting Panel",29-Feb-2000,,Complied with SB 24-3212 on 29 Feb 2000,"50:00 H
6 Mt",29-Feb-2000,"5439:59 H
10-May-2026","5439:59 H
9567 Dy",,"50:00 H
29-Aug-2000","50:00 H
29-Aug-2000","-5389:59 H
-9385 Dy",,,,,
157b8d12-c115-446e-a4dc-d12077751fe2,91aa63f8-13f1-4d97-9495-50fa7818a72b,HAWKER 800XP,838697ff-b6ab-46e4-9aad-def266b918bc,Tmplt HAWKER 800XP,43148239-26c4-4712-81de-969da8d80cf3,VT-VPA,258415,SB 24-3212,SB 24-3212,SB,24,"24-3212
ELECTRICAL POWER - INSPECTION/REPAIR OF WIRE BUNDLE FROM PANEL 'JA",29-Feb-2000,,Complied with on 29-02-2000.,50:00 H,,5439:59 H,5439:59 H,,50:00 H,50:00 H,-5389:59 H,,,,,
157b8d12-c115-446e-a4dc-d12077751fe2,91aa63f8-13f1-4d97-9495-50fa7818a72b,HAWKER 800XP,838697ff-b6ab-46e4-9aad-def266b918bc,Tmplt HAWKER 800XP,43148239-26c4-4712-81de-969da8d80cf3,VT-VPA,258415,FAA AD 2000-22-03,Raytheon Aircraft Service Bulletin SB 34-3207,AD,34,"2000-22-03
Pitot/Static and Stall Vent Drain Valves",29-Feb-2000,,Complied with SB 34-3207 on 29 Feb 2000,300:00 H,,5439:59 H,5439:59 H,,300:00 H,300:00 H,-5139:59 H,,,,,
157b8d12-c115-446e-a4dc-d12077751fe2,91aa63f8-13f1-4d97-9495-50fa7818a72b,HAWKER 800XP,838697ff-b6ab-46e4-9aad-def266b918bc,Tmplt HAWKER 800XP,43148239-26c4-4712-81de-969da8d80cf3,VT-VPA,258415,SB 34-3207,SB 34-3207,SB,34,"SB 34-3207
NAVIGATION - INSPECTION OF PITOT/STATIC AND STALL VENT DRAIN VALVES",29-Feb-2000,,Complied with on 29-02-2000.,300:00 H,,5439:59 H,5439:59 H,,300:00 H,300:00 H,-5139:59 H,,,,,
157b8d12-c115-446e-a4dc-d12077751fe2,91aa63f8-13f1-4d97-9495-50fa7818a72b,HAWKER 800XP,838697ff-b6ab-46e4-9aad-def266b918bc,Tmplt HAWKER 800XP,43148239-26c4-4712-81de-969da8d80cf3,VT-VPA,258415,SB 25-54 Rev 1,SB 25-54 Rev 1,SB,25,"25-54 Rev 1
Equipment and furnishing-warming oven- introduce warming oven part nos.255d-LH-28/115, 255D-RH-28/115 and 255-362 A with over heat protection.",21-Jan-1999,,Complied with on 21-01-1999,,,5439:59 H,,,,5439:59 H,,,,,,
157b8d12-c115-446e-a4dc-d12077751fe2,91aa63f8-13f1-4d97-9495-50fa7818a72b,HAWKER 800XP,838697ff-b6ab-46e4-9aad-def266b918bc,Tmplt HAWKER 800XP,43148239-26c4-4712-81de-969da8d80cf3,VT-VPA,258415,SB 35-45,SB 35-45,SB,35,"35-45
Oxygen System- Inspection of aircraft oxygen cylinder, hoses, regulators, panels, valves and masks for serviceability.",21-Jan-1999,,Complied with on 21-01-1999,,,5439:59 H,,,,5439:59 H,,,,,,
157b8d12-c115-446e-a4dc-d12077751fe2,91aa63f8-13f1-4d97-9495-50fa7818a72b,HAWKER 800XP,838697ff-b6ab-46e4-9aad-def266b918bc,Tmplt HAWKER 800XP,43148239-26c4-4712-81de-969da8d80cf3,VT-VPA,258415,SB 26-39,SB 26-39,SB,26,"26-39
Fire Protection- Inspection of aircraft fire extinguishers, fire bottles, fire detectors and smoke detectors for serviceability.",21-Jan-1999,,Complied with on 21-01-1999,,,5439:59 H,,,,5439:59 H,,,,,,
157b8d12-c115-446e-a4dc-d12077751fe2,91aa63f8-13f1-4d97-9495-50fa7818a72b,HAWKER 800XP,838697ff-b6ab-46e4-9aad-def266b918bc,Tmplt HAWKER 800XP,43148239-26c4-4712-81de-969da8d80cf3,VT-VPA,258415,SB 27-3840 R2,SB 27-3840 R2,SB$,27,"SB 27-3840
FLIGHT CONTROLS - IMPROVED GREASE FOR TRIM JACKS",,,Optional SB not yet applied on the aircraft,,16-Apr-1999,10-May-2026,,,,10-May-2026,,,,,,
157b8d12-c115-446e-a4dc-d12077751fe2,91aa63f8-13f1-4d97-9495-50fa7818a72b,HAWKER 800XP,838697ff-b6ab-46e4-9aad-def266b918bc,Tmplt HAWKER 800XP,43148239-26c4-4712-81de-969da8d80cf3,VT-VPA,258415,SB 34-3503 R1,SB 34-3503 R1,SB#,34,"34-3503
NAVIGATION - RESTORATION OF RVSM GROUP APPROVAL",,,Not Applicable due to Aircraft Serial no. 258415,,16-Apr-1999,10-May-2026,,,,10-May-2026,,,,,,
157b8d12-c115-446e-a4dc-d12077751fe2,91aa63f8-13f1-4d97-9495-50fa7818a72b,HAWKER 800XP,838697ff-b6ab-46e4-9aad-def266b918bc,Tmplt HAWKER 800XP,43148239-26c4-4712-81de-969da8d80cf3,VT-VPA,258415,SB 33-3395 R3,SB 33-3395 R3,SB$,33,"33-3395
LIGHTS - TO INTRODUCE ROUGH RUNWAY PROTECTION FOR LOWER ANTI-COLLISION BEACON.",,,Optional SB not yet applied on the aircraft,,16-Apr-1999,10-May-2026,,,,10-May-2026,,,,,,
157b8d12-c115-446e-a4dc-d12077751fe2,91aa63f8-13f1-4d97-9495-50fa7818a72b,HAWKER 800XP,838697ff-b6ab-46e4-9aad-def266b918bc,Tmplt HAWKER 800XP,43148239-26c4-4712-81de-969da8d80cf3,VT-VPA,258415,DGCA/NEW-MISC/227,EASA AD 2019-0235,MIS*,25,"M 227
ATA 25 - Equipment / Furnishings - Emergency Locator Transmitter - Inspection / Modification / Replacement",,,Not applicable by the aircraft model Hawker 800 xp.,3 Mt,16-Apr-1999,10-May-2026,9886 Dy,,16-Jul-1999,16-Jul-1999,-9795 Dy,,,,,
157b8d12-c115-446e-a4dc-d12077751fe2,91aa63f8-13f1-4d97-9495-50fa7818a72b,HAWKER 800XP,838697ff-b6ab-46e4-9aad-def266b918bc,Tmplt HAWKER 800XP,43148239-26c4-4712-81de-969da8d80cf3,VT-VPA,258415,DGCA/HAWKER 800/12,FAA AD 2014-15-08,MOD#,28,"MM 12
TO DETECT AND CORRECT MISSING SEALANT, WHICH, DURING A LIGHTNING STRIKE, COULD RESULT IN A POTENTIAL SOURCE OF IGNITION IN A FUEL TANK AND CONSEQUENT EXPLOSION OR FIRE AND SUBSEQUENT IN-FLIGHT BREAKUP OF THE AIRPLANE",,,SB 57-4112 AS MENTIONED IN REF. AD IS NOT APPLICABLE AS AIRCRAFT IS NOT EQUIPPED WITH WINGLETS OR KIT 140-1701.NO FURTHER ACTION REQUIRED.,,16-Apr-1999,"5439:59 H
10-May-2026",,,,"5439:59 H
10-May-2026",,,,,,
157b8d12-c115-446e-a4dc-d12077751fe2,91aa63f8-13f1-4d97-9495-50fa7818a72b,HAWKER 800XP,838697ff-b6ab-46e4-9aad-def266b918bc,Tmplt HAWKER 800XP,43148239-26c4-4712-81de-969da8d80cf3,VT-VPA,258415,SB 49-3018,SB 49-3018,SB#,49,"49-3018
Auxiliary Power - Inspection of auxiliary power unit (APU) fuel feed hose assemblies for possible collapse of inner casing and replacement with new",,,Not Applicable due Aircraft Serial no. 258415,,16-Apr-1999,"5439:59 H
10-May-2026",,,,"5439:59 H
10-May-2026",,,,,,
157b8d12-c115-446e-a4dc-d12077751fe2,91aa63f8-13f1-4d97-9495-50fa7818a72b,HAWKER 800XP,838697ff-b6ab-46e4-9aad-def266b918bc,Tmplt HAWKER 800XP,43148239-26c4-4712-81de-969da8d80cf3,VT-VPA,258415,DGCA/New-Misc/46,FAA AD 99-04-04,MIS#,80,"M046
To prevent the failure of the magneto impulse coupling assembly,resulting in seizure of the engine",,,Not applicable as magneto is not installed. aircraft is fitted with turbo fan engine.,,,5439:59 H,,,,5439:59 H,,,,,,
157b8d12-c115-446e-a4dc-d12077751fe2,91aa63f8-13f1-4d97-9495-50fa7818a72b,HAWKER 800XP,838697ff-b6ab-46e4-9aad-def266b918bc,Tmplt HAWKER 800XP,43148239-26c4-4712-81de-969da8d80cf3,VT-VPA,258415,SB 31-3702,SB 31-3702,SB#,31,"31-3702
INDICATING/RECORDING - INSTALLATION OF TURBINE VIBRATION INDICATION SYSTEM",,,Not Applicable due to Aircraft Serial no. 258415,,16-Apr-1999,10-May-2026,,,,10-May-2026,,,,,,
157b8d12-c115-446e-a4dc-d12077751fe2,91aa63f8-13f1-4d97-9495-50fa7818a72b,HAWKER 800XP,838697ff-b6ab-46e4-9aad-def266b918bc,Tmplt HAWKER 800XP,43148239-26c4-4712-81de-969da8d80cf3,VT-VPA,258415,DGCA/New-Misc/41,DGAC AD 2002-505(AB),MIS#,1,"M041
IFE electric harness protection in central foldable armrest.",,,Not applicable as ERDA Inc (Decrane) manufactured passenger seats are installed in this aircraft.,,,5439:59 H,,,,5439:59 H,,,,,,
157b8d12-c115-446e-a4dc-d12077751fe2,91aa63f8-13f1-4d97-9495-50fa7818a72b,HAWKER 800XP,838697ff-b6ab-46e4-9aad-def266b918bc,Tmplt HAWKER 800XP,43148239-26c4-4712-81de-969da8d80cf3,VT-VPA,258415,DGCA/New-Misc/26,FAA AD 96-25-12,MIS#,49,"M026
To prevent compressor wheel rupture ,which could result in an uncontained APU failure and damage to the a/c",,,Not applicable as Honeywell GTCP36-150(W) APU is installed in this aircraft.,,,5439:59 H,,,,5439:59 H,,,,,,
157b8d12-c115-446e-a4dc-d12077751fe2,91aa63f8-13f1-4d97-9495-50fa7818a72b,HAWKER 800XP,838697ff-b6ab-46e4-9aad-def266b918bc,Tmplt HAWKER 800XP,43148239-26c4-4712-81de-969da8d80cf3,VT-VPA,258415,DGCA/New-Misc/70,FAA AD 2002-20-05,MIS#,100,"M070
To prevent mounting bracket failure and seperation of the rescue hoistfrom the helicopter",,,Not Applicable as rescue hoist not installed.,,,5439:59 H,,,,5439:59 H,,,,,,
157b8d12-c115-446e-a4dc-d12077751fe2,91aa63f8-13f1-4d97-9495-50fa7818a72b,HAWKER 800XP,838697ff-b6ab-46e4-9aad-def266b918bc,Tmplt HAWKER 800XP,43148239-26c4-4712-81de-969da8d80cf3,VT-VPA,258415,DGCA/New-Misc/200,FAA AD 2018-03-04,MIS,34,"M 200
TO PREVENT INCORRECT AIRSPEED INDICATIONS DURING FLIGHT,WHICH COULD TO LEAD LOSS OF CONTROL.DUE TO DESIGN REDUNDANCY,THIS IS ONLY APPLICABLE IF MORE THAN ONE DEFICIENT PROBE IS INSTALLED",,,"Not applicable by Installed Pitot tube model . Installed is Model:863JF1, S/N is: 10376 (LH) & Model: 853JF1, S/N is 10305(RH) .",,,5439:59 H,,,,5439:59 H,,,,,,
157b8d12-c115-446e-a4dc-d12077751fe2,91aa63f8-13f1-4d97-9495-50fa7818a72b,HAWKER 800XP,838697ff-b6ab-46e4-9aad-def266b918bc,Tmplt HAWKER 800XP,43148239-26c4-4712-81de-969da8d80cf3,VT-VPA,258415,SB 32-184 Rev 5,SB 32-184 Rev 5,SB*,32,"32-184 Rev 5
Landing gear-nose leg drag stay assembly-cracking of bridge casting",,,Complied with on 21-01-1999,"900:00 H
2 Yr",16-Apr-1999,"5439:59 H
10-May-2026","5439:59 H
9886 Dy",,"900:00 H
16-Apr-2001","900:00 H
16-Apr-2001","-4539:59 H
-9155 Dy",,,,,
157b8d12-c115-446e-a4dc-d12077751fe2,91aa63f8-13f1-4d97-9495-50fa7818a72b,HAWKER 800XP,838697ff-b6ab-46e4-9aad-def266b918bc,Tmplt HAWKER 800XP,43148239-26c4-4712-81de-969da8d80cf3,VT-VPA,258415,SB 53-3279,SB 53-3279,SB#,53,"53-3279
FUSELAGE - FUSELAGE DRAINAGE - INTRODUCTION OF RETAINING RING ON KEEL DRAINAGE VALVE",,,Not Applicable due Aircraft Serial no. 258415,,16-Apr-1999,10-May-2026,,,,10-May-2026,,,,,,
157b8d12-c115-446e-a4dc-d12077751fe2,91aa63f8-13f1-4d97-9495-50fa7818a72b,HAWKER 800XP,838697ff-b6ab-46e4-9aad-def266b918bc,Tmplt HAWKER 800XP,43148239-26c4-4712-81de-969da8d80cf3,VT-VPA,258415,DGCA/New Misc/123,FAA AD 2010-07-08,MIS,72,"M123
To prevent separation or seizure of the turbocharger turbine, which could result in full or partial engine power loss, loss of engine oil, and smoke in the airplane cabin.",,,Not applicable as turbocharger is not installed in the aircraft.,10:00 H,,5439:59 H,5439:59 H,,10:00 H,10:00 H,-5429:59 H,,,,,
157b8d12-c115-446e-a4dc-d12077751fe2,91aa63f8-13f1-4d97-9495-50fa7818a72b,HAWKER 800XP,838697ff-b6ab-46e4-9aad-def266b918bc,Tmplt HAWKER 800XP,43148239-26c4-4712-81de-969da8d80cf3,VT-VPA,258415,DGCA/New-Misc/05,DGCA let no.78/111/75 AI,MIS,51,"M005
Painting of Helicopter Engaged in Agro Operations with 'Day Glow' Paint",,,Not Applicable by the operation of this aircraft.,1:00 H,,5439:59 H,5439:59 H,,1:00 H,1:00 H,-5438:59 H,,,,,
157b8d12-c115-446e-a4dc-d12077751fe2,91aa63f8-13f1-4d97-9495-50fa7818a72b,HAWKER 800XP,838697ff-b6ab-46e4-9aad-def266b918bc,Tmplt HAWKER 800XP,43148239-26c4-4712-81de-969da8d80cf3,VT-VPA,258415,DGCA/New-Misc/58,FAA AD 2002-03-09-R1,MIS,72,"M058
To prevent impeller failure from cracks in the impeller back face area",,,Not applicable as aircraft is equipped with turbofan TFE 731-5BR-1H engine.,50:00 H,,5439:59 H,5439:59 H,,50:00 H,50:00 H,-5389:59 H,,,,,
157b8d12-c115-446e-a4dc-d12077751fe2,91aa63f8-13f1-4d97-9495-50fa7818a72b,HAWKER 800XP,838697ff-b6ab-46e4-9aad-def266b918bc,Tmplt HAWKER 800XP,43148239-26c4-4712-81de-969da8d80cf3,VT-VPA,258415,SL125-32-01,SL125-32-01,SB,32,"SL125-32-01
LANDING GEAR - INSPECTION OF THE LEFT AND RIGHT MAIN LANDING GEAR (MLG) RETRACTION JACK ASSEMBLIES.",,,Not Applicable by landing gear retraction jack P/N and S/N Listed in table 1 of this SL. Installed is LH- P/N AIR48502-7 & S/N APB941447 and RH- P/N AIR48503-7 & S/N LK1100673,"800:00 H
1 Yr","4959:20 H
15-Dec-2021","5439:59 H
10-May-2026","480:39 H
1607 Dy",,"5759:20 H
15-Dec-2022","5759:20 H
15-Dec-2022","319:21 H
-1242 Dy",,,,,
157b8d12-c115-446e-a4dc-d12077751fe2,91aa63f8-13f1-4d97-9495-50fa7818a72b,HAWKER 800XP,838697ff-b6ab-46e4-9aad-def266b918bc,Tmplt HAWKER 800XP,43148239-26c4-4712-81de-969da8d80cf3,VT-VPA,258415,SB 11-3624 R1,SB 11-3624 R1,SB#,11,"11-3624
PLACARDS AND MARKINGS - MODIFICATION OF MAXIMUM TAKE-OFF WEIGHT FOR ALTITUDE AND TEMPERATURE (WAT) CHART",,,Not Applicable due to Aircraft Serial no. 258415,,16-Apr-1999,10-May-2026,,,,10-May-2026,,,,,,
157b8d12-c115-446e-a4dc-d12077751fe2,91aa63f8-13f1-4d97-9495-50fa7818a72b,HAWKER 800XP,838697ff-b6ab-46e4-9aad-def266b918bc,Tmplt HAWKER 800XP,43148239-26c4-4712-81de-969da8d80cf3,VT-VPA,258415,DGCA/NEW -MISC/63,DGCA/NEW -MISC/63,MIS,31,"DGCA/NEW -MISC/63
INSTALLATION OF CVR",,,,,5165:12 H,5439:59 H,,,,5439:59 H,,,,,,
157b8d12-c115-446e-a4dc-d12077751fe2,91aa63f8-13f1-4d97-9495-50fa7818a72b,HAWKER 800XP,838697ff-b6ab-46e4-9aad-def266b918bc,Tmplt HAWKER 800XP,43148239-26c4-4712-81de-969da8d80cf3,VT-VPA,258415,SB 24-280 Rev 1,SB 24-280 Rev 1,SB$,24,"24-280 Rev 1
electrical power -landing lamp control circuit - introduction of replacement relays leach part no.M520-U5N.",,,Complied with Mod # 253258A at Production,,,5439:59 H,,,,5439:59 H,,,,,,
157b8d12-c115-446e-a4dc-d12077751fe2,91aa63f8-13f1-4d97-9495-50fa7818a72b,HAWKER 800XP,838697ff-b6ab-46e4-9aad-def266b918bc,Tmplt HAWKER 800XP,43148239-26c4-4712-81de-969da8d80cf3,VT-VPA,258415,SB 32-233 - INSP R2,SB 32-233 - INSP R2,SB,32,"SB 32-233 - INSP
Landing gear - Inspection of RH and LH M.L.G. sidestay jack pivot for possible cracking.",,,Complied with Mod # 253597A at Production,,,5439:59 H,,,,5439:59 H,,,,,,
157b8d12-c115-446e-a4dc-d12077751fe2,91aa63f8-13f1-4d97-9495-50fa7818a72b,HAWKER 800XP,838697ff-b6ab-46e4-9aad-def266b918bc,Tmplt HAWKER 800XP,43148239-26c4-4712-81de-969da8d80cf3,VT-VPA,258415,DGCA/NEW-MISC/238,FAA AD 2021-08-07,MIS,34,"DGCA/NEW-MISC/238
Joint Aircraft System Component (JASC)/Air Transport Association (ATA) of America Code 3400, NAVIGATION SYSTEM.",,,Not Applicable as Honeywell GPS/FMS-FMZ2000 Computer is Installed.,,4825:15 H,5439:59 H,,,,5439:59 H,,,,,,
157b8d12-c115-446e-a4dc-d12077751fe2,91aa63f8-13f1-4d97-9495-50fa7818a72b,HAWKER 800XP,838697ff-b6ab-46e4-9aad-def266b918bc,Tmplt HAWKER 800XP,43148239-26c4-4712-81de-969da8d80cf3,VT-VPA,258415,SB 34-3642,SB 34-3642,SB#,34,"34-3642
NAVIGATION - COLLINS FMS-6000 VERSION 2.2 UPGRADE",,,Not Applicable due to Aircraft Serial no. 258415,,16-Apr-1999,10-May-2026,,,,10-May-2026,,,,,,
157b8d12-c115-446e-a4dc-d12077751fe2,91aa63f8-13f1-4d97-9495-50fa7818a72b,HAWKER 800XP,838697ff-b6ab-46e4-9aad-def266b918bc,Tmplt HAWKER 800XP,43148239-26c4-4712-81de-969da8d80cf3,VT-VPA,258415,DGCA/NEW-MISC/209R1,UK CAA AD: G-2022-0011,MIS,25,"DGCA/NEW -MISC/209R 1
ATA 25 - Equipment /Furnishings - Pilot &Co-Pilot Seats - Inspection/ Modification.",,,,,5158:49 H,5439:59 H,,,,5439:59 H,,,,,,
157b8d12-c115-446e-a4dc-d12077751fe2,91aa63f8-13f1-4d97-9495-50fa7818a72b,HAWKER 800XP,838697ff-b6ab-46e4-9aad-def266b918bc,Tmplt HAWKER 800XP,43148239-26c4-4712-81de-969da8d80cf3,VT-VPA,258415,SB 27-143 Rev 2,SB 27-143 Rev 2,SB$,27,"27-143 Rev 2
Flight controls-rudder- to introduce new rudder quadrant spider assembly",,,Complied with Mod # 253119A at Production,,,5439:59 H,,,,5439:59 H,,,,,,
157b8d12-c115-446e-a4dc-d12077751fe2,91aa63f8-13f1-4d97-9495-50fa7818a72b,HAWKER 800XP,838697ff-b6ab-46e4-9aad-def266b918bc,Tmplt HAWKER 800XP,43148239-26c4-4712-81de-969da8d80cf3,VT-VPA,258415,SB 32-3908,SB 32-3908,SB#,32,"32-3908
LANDING GEAR - MAIN LANDING GEAR (MLG) SIDE STAY ASSEMBLY LOWER ARM LIGHTENING HOLE PROTECTION",,,Not Applicable due to Aircraft Serial no. 258415,,16-Apr-1999,10-May-2026,,,,10-May-2026,,,,,,
157b8d12-c115-446e-a4dc-d12077751fe2,91aa63f8-13f1-4d97-9495-50fa7818a72b,HAWKER 800XP,838697ff-b6ab-46e4-9aad-def266b918bc,Tmplt HAWKER 800XP,43148239-26c4-4712-81de-969da8d80cf3,VT-VPA,258415,SB 24-322,SB 24-322,SB,24,"24-322
Electrical Power - To introduce covers to the flight deck terminal blocks 'CQ' and 'CR'",,,Complied with Mod # 253831A at Production,6 Mt,16-Apr-1999,10-May-2026,9886 Dy,,16-Oct-1999,16-Oct-1999,-9703 Dy,,,,,
157b8d12-c115-446e-a4dc-d12077751fe2,91aa63f8-13f1-4d97-9495-50fa7818a72b,HAWKER 800XP,838697ff-b6ab-46e4-9aad-def266b918bc,Tmplt HAWKER 800XP,43148239-26c4-4712-81de-969da8d80cf3,VT-VPA,258415,DGCA/HAWKER 800/06,FAA AD 2006-01-04,MOD#,21,"MM 06
TO PREVENT HEAT AND FIRE DAMAGE TO EQUIPMENT ADJACENT TO THE FAN VENTURI",,,NOT APPLICABLE BY AIRCRAFT MODEL HAWKER 800XP.,,16-Apr-1999,"5439:59 H
10-May-2026",,,,"5439:59 H
10-May-2026",,,,,,
157b8d12-c115-446e-a4dc-d12077751fe2,91aa63f8-13f1-4d97-9495-50fa7818a72b,HAWKER 800XP,838697ff-b6ab-46e4-9aad-def266b918bc,Tmplt HAWKER 800XP,43148239-26c4-4712-81de-969da8d80cf3,VT-VPA,258415,SB 53-3314,SB 53-3314,SB#,53,"53-3314
Installation of doublers on fuselage skins",,,Not Applicable due Aircraft Serial no. 258415,,16-Apr-1999,10-May-2026,,,,10-May-2026,,,,,,
157b8d12-c115-446e-a4dc-d12077751fe2,91aa63f8-13f1-4d97-9495-50fa7818a72b,HAWKER 800XP,838697ff-b6ab-46e4-9aad-def266b918bc,Tmplt HAWKER 800XP,43148239-26c4-4712-81de-969da8d80cf3,VT-VPA,258415,SB 33-57,SB 33-57,SB$,33,"33-57
Lights- Cabin and Toilet Fluorescent Lighting- to replace obsolete ""66"" series Fluorescent tubes with AL-""12"" series tubes.",,,Optional SB Shall be complied as & when required,,,5439:59 H,,,,5439:59 H,,,,,,
157b8d12-c115-446e-a4dc-d12077751fe2,91aa63f8-13f1-4d97-9495-50fa7818a72b,HAWKER 800XP,838697ff-b6ab-46e4-9aad-def266b918bc,Tmplt HAWKER 800XP,43148239-26c4-4712-81de-969da8d80cf3,VT-VPA,258415,DGCA/New-Misc/189,FAA AD 2016-22-04,MIS,32,"M189
To ensure fatigue cracking of principal structural elements (PSEs) is detected and corrected; such fatigue cracking could result in reduced structural integrity of the PSEs and critical components.",,,Not applicable by the aircraft model Hawker 800 Xp.,,,5439:59 H,,,,5439:59 H,,,,,,
157b8d12-c115-446e-a4dc-d12077751fe2,91aa63f8-13f1-4d97-9495-50fa7818a72b,HAWKER 800XP,838697ff-b6ab-46e4-9aad-def266b918bc,Tmplt HAWKER 800XP,43148239-26c4-4712-81de-969da8d80cf3,VT-VPA,258415,SB 46-3894,SB 46-3894,SB#,46,"46-3894
INFORMATION SYSTEMS - UPGRADE FROM DBU-4100 TO DBU-5000",,,Not Applicable due to Aircraft Serial no. 258415,,16-Apr-1999,10-May-2026,,,,10-May-2026,,,,,,
157b8d12-c115-446e-a4dc-d12077751fe2,91aa63f8-13f1-4d97-9495-50fa7818a72b,HAWKER 800XP,838697ff-b6ab-46e4-9aad-def266b918bc,Tmplt HAWKER 800XP,43148239-26c4-4712-81de-969da8d80cf3,VT-VPA,258415,SB 49-3819,SB 49-3819,SB$,49,"SB 49-3819
AIRBORNE AUXILIARY POWER - APU GEARBOX DRAIN MODIFICATION",,,Optional SB not yet applied on the aircraft.,,16-Apr-1999,10-May-2026,,,,10-May-2026,,,,,,
157b8d12-c115-446e-a4dc-d12077751fe2,91aa63f8-13f1-4d97-9495-50fa7818a72b,HAWKER 800XP,838697ff-b6ab-46e4-9aad-def266b918bc,Tmplt HAWKER 800XP,43148239-26c4-4712-81de-969da8d80cf3,VT-VPA,258415,SB 26-3197,SB 26-3197,SB,26,"26-3197
Fire Protection- Inspection of engine fire extinguisher discharge tubes.",,,Not applicable by the serial number of the aircraft 258415.,,,5439:59 H,,,,5439:59 H,,,,,,
157b8d12-c115-446e-a4dc-d12077751fe2,91aa63f8-13f1-4d97-9495-50fa7818a72b,HAWKER 800XP,838697ff-b6ab-46e4-9aad-def266b918bc,Tmplt HAWKER 800XP,43148239-26c4-4712-81de-969da8d80cf3,VT-VPA,258415,SB 33-3586 R1,SB 33-3586 R1,SB#,33,"33-3586
LIGHTS - PULSELITE® SYSTEM DEACTIVATION",,,Not Applicable due to Aircraft Serial no. 258415,,16-Apr-1999,10-May-2026,,,,10-May-2026,,,,,,
157b8d12-c115-446e-a4dc-d12077751fe2,91aa63f8-13f1-4d97-9495-50fa7818a72b,HAWKER 800XP,838697ff-b6ab-46e4-9aad-def266b918bc,Tmplt HAWKER 800XP,43148239-26c4-4712-81de-969da8d80cf3,VT-VPA,258415,SB 21-3136,SB 21-3136,SB$,21,"21-3136
Air Conditioning- Pressurization Control- To permit operations in high Altitude Airfields.",,,This is an optional SB and is to be complied as per Owner/Opertor's desire.,,,5439:59 H,,,,5439:59 H,,,,,,
157b8d12-c115-446e-a4dc-d12077751fe2,91aa63f8-13f1-4d97-9495-50fa7818a72b,HAWKER 800XP,838697ff-b6ab-46e4-9aad-def266b918bc,Tmplt HAWKER 800XP,43148239-26c4-4712-81de-969da8d80cf3,VT-VPA,258415,SB 78-3677 R1,SB 78-3677 R1,SB#,78,"78-3677
EXHAUST - ADDITION OF DRAIN HOLES IN THRUST REVERSER DOORS",,,Optional SB,,16-Apr-1999,10-May-2026,,,,10-May-2026,,,,,,
157b8d12-c115-446e-a4dc-d12077751fe2,91aa63f8-13f1-4d97-9495-50fa7818a72b,HAWKER 800XP,838697ff-b6ab-46e4-9aad-def266b918bc,Tmplt HAWKER 800XP,43148239-26c4-4712-81de-969da8d80cf3,VT-VPA,258415,SB 34-3714,SB 34-3714,SB$,34,"34-3714
NAVIGATION - AVIONICS MODIFICATION FOR UPDATED FLIGHT IDENTIFICATION",,,Complied with on 27-03-2007,,,5439:59 H,,,,5439:59 H,,,,,,
157b8d12-c115-446e-a4dc-d12077751fe2,91aa63f8-13f1-4d97-9495-50fa7818a72b,HAWKER 800XP,838697ff-b6ab-46e4-9aad-def266b918bc,Tmplt HAWKER 800XP,43148239-26c4-4712-81de-969da8d80cf3,VT-VPA,258415,SB 26-32,SB 26-32,SB,26,"26-32
Fire Protection- Auxiliary Power Unit- Introduction of revised terminal identification at the APU firebottle positive terminals.",,,"Not applicable as per the aircraft model hawker 800XP, Aircraft is PRE MOD 259404B",,,5439:59 H,,,,5439:59 H,,,,,,
157b8d12-c115-446e-a4dc-d12077751fe2,91aa63f8-13f1-4d97-9495-50fa7818a72b,HAWKER 800XP,838697ff-b6ab-46e4-9aad-def266b918bc,Tmplt HAWKER 800XP,43148239-26c4-4712-81de-969da8d80cf3,VT-VPA,258415,DGCA/New-Misc/28,FAA AD 98-14-03,MIS#,31,"M028
To prevent transmission of misleading encoding altimeter information between affected A/C",,,Not applicable as Honeywell manufactured RCZ-833 Transponder is installed in aircraft.,,,5439:59 H,,,,5439:59 H,,,,,,
157b8d12-c115-446e-a4dc-d12077751fe2,91aa63f8-13f1-4d97-9495-50fa7818a72b,HAWKER 800XP,838697ff-b6ab-46e4-9aad-def266b918bc,Tmplt HAWKER 800XP,43148239-26c4-4712-81de-969da8d80cf3,VT-VPA,258415,SB 57-4123,SB 57-4123,SB#,57,"57-4123
WINGS - WINGLET ASSEMBLY RIB 16 AND SPAR FITTING INSPECTION FOR CORROSION",,,Not applicable as winglet not installed.,,16-Apr-1999,10-May-2026,,,,10-May-2026,,,,,,
157b8d12-c115-446e-a4dc-d12077751fe2,91aa63f8-13f1-4d97-9495-50fa7818a72b,HAWKER 800XP,838697ff-b6ab-46e4-9aad-def266b918bc,Tmplt HAWKER 800XP,43148239-26c4-4712-81de-969da8d80cf3,VT-VPA,258415,DGCA/ NEW MISC/ 234,FAA AD No.: 2020-19-06,MIS,61,"DGCA/ NEW MISC/ 234
Joint Aircraft System Component (JASC)/Air Transport Association (ATA) of America Code 61, Propellers.",,,Not Applicable As Turbo fan engine is Installed in aircraft .,"50:00 H
24 Mt","4746:33 H
11-Nov-2020","5439:59 H
10-May-2026","693:26 H
2006 Dy",,"4796:33 H
11-Nov-2022","4796:33 H
11-Nov-2022","-643:26 H
-1276 Dy",,,,,
157b8d12-c115-446e-a4dc-d12077751fe2,91aa63f8-13f1-4d97-9495-50fa7818a72b,HAWKER 800XP,838697ff-b6ab-46e4-9aad-def266b918bc,Tmplt HAWKER 800XP,43148239-26c4-4712-81de-969da8d80cf3,VT-VPA,258415,DGCA/New-Misc/22,DGAC AD 1994-085(AB)R2,MIS#,25,"M022
SICMA Aero seat-passenger seats-aft track fittings",,,Not applicable as Decrane (ERDA Inc) manufactured passenger seats are installed in this aircraft.,,,5439:59 H,,,,5439:59 H,,,,,,
157b8d12-c115-446e-a4dc-d12077751fe2,91aa63f8-13f1-4d97-9495-50fa7818a72b,HAWKER 800XP,838697ff-b6ab-46e4-9aad-def266b918bc,Tmplt HAWKER 800XP,43148239-26c4-4712-81de-969da8d80cf3,VT-VPA,258415,SB 31-01,,SB$,31,"SB 31-01
INDICATING/RECORDING SYSTEMS - HOUR METER REPLACEMENT",,,Applicable and will be complied as per customer's choice.,,,5439:59 H,,,,5439:59 H,,,,,,
157b8d12-c115-446e-a4dc-d12077751fe2,91aa63f8-13f1-4d97-9495-50fa7818a72b,HAWKER 800XP,838697ff-b6ab-46e4-9aad-def266b918bc,Tmplt HAWKER 800XP,43148239-26c4-4712-81de-969da8d80cf3,VT-VPA,258415,DGCA / NEW MISCELLANEOUS / 270R1,EASA AD No.: 2025-0294R1,MIS#,25,"DGCA / NEW MISCELLANEOUS / 270R1
ATA 25 - Equipment / Furnishings - Medical Seats - Modification",,,Not applicable as medical seats are not installed on the aircraft.,,,5439:59 H,,,,5439:59 H,,,,,,
157b8d12-c115-446e-a4dc-d12077751fe2,91aa63f8-13f1-4d97-9495-50fa7818a72b,HAWKER 800XP,838697ff-b6ab-46e4-9aad-def266b918bc,Tmplt HAWKER 800XP,43148239-26c4-4712-81de-969da8d80cf3,VT-VPA,258415,DGCA/New-Misc/172,FAA AD 2015-08-07,MIS#,35,"M172
To detect and correct defective harness, which could lead in case of a sudden depressurization event, to a harness rupture thereby providing inadequate protection against hypoxia and possibly resulting in unconsciousness of the affected flight crew member and consequent reduced control of the airplane",,,"EASA AD 2011-0090 R1 as mentioned in ref .FAA AD is complied with on 12/07/2011. crew oxygen ,ask pilot & co-pilot replaced with serviceable P/N.MF10-03-02 and S/N.93510 & 96131.",,,5439:59 H,,,,5439:59 H,,,,,,
157b8d12-c115-446e-a4dc-d12077751fe2,91aa63f8-13f1-4d97-9495-50fa7818a72b,HAWKER 800XP,838697ff-b6ab-46e4-9aad-def266b918bc,Tmplt HAWKER 800XP,43148239-26c4-4712-81de-969da8d80cf3,VT-VPA,258415,SB 44-3597,SB 44-3597,SB#,44,"44-3597
CABIN SYSTEMS - TIME-TO-DESTINATION (TTD) AND DESTINATION IDENTIFICATION (ID) IN THE AIRSHOW OR GENESYS DISPLAY MODIFICATION",,,Not Applicable due to Aircraft Serial no.258415,,16-Apr-1999,10-May-2026,,,,10-May-2026,,,,,,
157b8d12-c115-446e-a4dc-d12077751fe2,91aa63f8-13f1-4d97-9495-50fa7818a72b,HAWKER 800XP,838697ff-b6ab-46e4-9aad-def266b918bc,Tmplt HAWKER 800XP,43148239-26c4-4712-81de-969da8d80cf3,VT-VPA,258415,FAA AD 2005-09-03,"Raytheon Service Bulletin SB 24-3555, Revision 1",AD#,24,"2005-09-03
Wiring in the flight compartment",,,Not applicable by Aircraft Serial No. 258415,,16-Apr-1999,"5439:59 H
10-May-2026",,,,"5439:59 H
10-May-2026",,,,,,
157b8d12-c115-446e-a4dc-d12077751fe2,91aa63f8-13f1-4d97-9495-50fa7818a72b,HAWKER 800XP,838697ff-b6ab-46e4-9aad-def266b918bc,Tmplt HAWKER 800XP,43148239-26c4-4712-81de-969da8d80cf3,VT-VPA,258415,DGCA/New-Misc/12,DGCA letter no.9-414/81-A(II),MIS,61,"M012
Examination of engine involed in propeller strike incidents.",,,Not applicable as this aircraft is fitted with Turbo fan engine. (Model:TFE 731-5BR-1H),50:00 H,,5439:59 H,5439:59 H,,50:00 H,50:00 H,-5389:59 H,,,,,
157b8d12-c115-446e-a4dc-d12077751fe2,91aa63f8-13f1-4d97-9495-50fa7818a72b,HAWKER 800XP,838697ff-b6ab-46e4-9aad-def266b918bc,Tmplt HAWKER 800XP,43148239-26c4-4712-81de-969da8d80cf3,VT-VPA,258415,DGCA/New-Misc/63,DGCA Letter No.9-414/2002-AI(2),MIS#,23,"M063
Installation of FDR",,,Complied with FDR P/N. S603-1000-00 Installed.,,,5439:59 H,,,,5439:59 H,,,,,,
157b8d12-c115-446e-a4dc-d12077751fe2,91aa63f8-13f1-4d97-9495-50fa7818a72b,HAWKER 800XP,838697ff-b6ab-46e4-9aad-def266b918bc,Tmplt HAWKER 800XP,43148239-26c4-4712-81de-969da8d80cf3,VT-VPA,258415,SB 25-3874 R1,SB 25-3874 R1,SB#,25,"25-3874
EQUIPMENT/FURNISHINGS - INSPECTION OF LEFT DIVAN RESTRAINT SYSTEM ASSEMBLY",,,Not Applicable due to Aircraft Serial no. 258415,,16-Apr-1999,10-May-2026,,,,10-May-2026,,,,,,
157b8d12-c115-446e-a4dc-d12077751fe2,91aa63f8-13f1-4d97-9495-50fa7818a72b,HAWKER 800XP,838697ff-b6ab-46e4-9aad-def266b918bc,Tmplt HAWKER 800XP,43148239-26c4-4712-81de-969da8d80cf3,VT-VPA,258415,FAA AD 98-11-13,Raytheon Service Bulletin SB.26-3197,AD#,26,"98-11-13
Fire Extinguisher Assemblies",,,Not Applicable by aircraft serial number 258415.,,16-Apr-1999,10-May-2026,,,,10-May-2026,,,,,,
157b8d12-c115-446e-a4dc-d12077751fe2,91aa63f8-13f1-4d97-9495-50fa7818a72b,HAWKER 800XP,838697ff-b6ab-46e4-9aad-def266b918bc,Tmplt HAWKER 800XP,43148239-26c4-4712-81de-969da8d80cf3,VT-VPA,258415,DGCA/New-Misc/78,FAA AD 2004-08-15,MIS#,100,"M078
To prevent the landing of the baroset potentiometer, which could result in an acceptable altitude error",,,Not applicable as Honeywell EGPWS Mark VII installed on the Aircraft.,,,5439:59 H,,,,5439:59 H,,,,,,
157b8d12-c115-446e-a4dc-d12077751fe2,91aa63f8-13f1-4d97-9495-50fa7818a72b,HAWKER 800XP,838697ff-b6ab-46e4-9aad-def266b918bc,Tmplt HAWKER 800XP,43148239-26c4-4712-81de-969da8d80cf3,VT-VPA,258415,SB 49-3261,SB 49-3261,SB#,49,"49-3261
AIRBORNE AUXILIARY POWER - INSPECTION/REPLACEMENT OF AUXILIARY POWER UNIT (APU) MOUNT FITTINGS",,,Not Applicable due to Aircraft Serial no.258415,,,5439:59 H,,,,5439:59 H,,,,,,
157b8d12-c115-446e-a4dc-d12077751fe2,91aa63f8-13f1-4d97-9495-50fa7818a72b,HAWKER 800XP,838697ff-b6ab-46e4-9aad-def266b918bc,Tmplt HAWKER 800XP,43148239-26c4-4712-81de-969da8d80cf3,VT-VPA,258415,SB 29-98,SB 29-98,SB$,29,"29-98
Hydraulic Power- To introduce new non-return valve.",,,Not applicable by the aircraft serial number 258415.,,,5439:59 H,,,,5439:59 H,,,,,,
157b8d12-c115-446e-a4dc-d12077751fe2,91aa63f8-13f1-4d97-9495-50fa7818a72b,HAWKER 800XP,838697ff-b6ab-46e4-9aad-def266b918bc,Tmplt HAWKER 800XP,43148239-26c4-4712-81de-969da8d80cf3,VT-VPA,258415,SB 35-3170,SB 35-3170,SB#,35,"35-3170
OXYGEN - TO INTRODUCE REPLACEMENT OXYGEN FITTING IN LIEU OF FITTING INCOMPATIBLE WITH THE OXYGEN SYSTEM",,,Not Applicable due to Aircraft Serial no. 258415,,16-Apr-1999,10-May-2026,,,,10-May-2026,,,,,,
157b8d12-c115-446e-a4dc-d12077751fe2,91aa63f8-13f1-4d97-9495-50fa7818a72b,HAWKER 800XP,838697ff-b6ab-46e4-9aad-def266b918bc,Tmplt HAWKER 800XP,43148239-26c4-4712-81de-969da8d80cf3,VT-VPA,258415,DGCA/NEW-MISC/237,FAA AD 2021-07-13,MIS,25,"DGCA/NEW-MISC/237
Joint Aircraft Service Component (JASC) Code: 2500, Cabin Equipment/Furnishin gs.",,,Not Applicable to Fixed Wing Aircraft.,,4825:15 H,5439:59 H,,,,5439:59 H,,,,,,
157b8d12-c115-446e-a4dc-d12077751fe2,91aa63f8-13f1-4d97-9495-50fa7818a72b,HAWKER 800XP,838697ff-b6ab-46e4-9aad-def266b918bc,Tmplt HAWKER 800XP,43148239-26c4-4712-81de-969da8d80cf3,VT-VPA,258415,SB-34-4148 R1,SB-34-4148 R1,SB#,34,"34-4148
NAVIGATION - INTRODUCTION OF AUTOMATIC DEPENDENT SURVEILLANCE - BROADCAST OUT (ADS-B OUT) INSTALLATION KIT",,,Not Applicable by Aircraft Serial no. 258415,,16-Apr-1999,10-May-2026,,,,10-May-2026,,,,,,
157b8d12-c115-446e-a4dc-d12077751fe2,91aa63f8-13f1-4d97-9495-50fa7818a72b,HAWKER 800XP,838697ff-b6ab-46e4-9aad-def266b918bc,Tmplt HAWKER 800XP,43148239-26c4-4712-81de-969da8d80cf3,VT-VPA,258415,SB 53-95 R1,SB 53-95 R1,SB#,53,"53-95
Fuselage - Inspection/Introduction of rivets at frame 19",,,Not Applicable due Aircraft Serial no. 258415,,16-Apr-1999,"5439:59 H
10-May-2026",,,,"5439:59 H
10-May-2026",,,,,,
157b8d12-c115-446e-a4dc-d12077751fe2,91aa63f8-13f1-4d97-9495-50fa7818a72b,HAWKER 800XP,838697ff-b6ab-46e4-9aad-def266b918bc,Tmplt HAWKER 800XP,43148239-26c4-4712-81de-969da8d80cf3,VT-VPA,258415,DGCA/NEW-MISC/223,EASA AD 2019-0125,MIS,25,"M 223
ATA 25 - Equipment / Furnishing - 9G NGS XL StepX Stretcher 1120050-Series - Modification.",,,Not applicable by aircraft model HAWKER 800XP.,,,5439:59 H,,,,5439:59 H,,,,,,
157b8d12-c115-446e-a4dc-d12077751fe2,91aa63f8-13f1-4d97-9495-50fa7818a72b,HAWKER 800XP,838697ff-b6ab-46e4-9aad-def266b918bc,Tmplt HAWKER 800XP,43148239-26c4-4712-81de-969da8d80cf3,VT-VPA,258415,DGCA/New-Misc/34,DGAC AD 1999-298(AB) R2,MIS#,34,"M034
Allied Signal-VHF COM receiver bandwidth reduction",,,The referred AD cancelled by DGCA .,,,5439:59 H,,,,5439:59 H,,,,,,
157b8d12-c115-446e-a4dc-d12077751fe2,91aa63f8-13f1-4d97-9495-50fa7818a72b,HAWKER 800XP,838697ff-b6ab-46e4-9aad-def266b918bc,Tmplt HAWKER 800XP,43148239-26c4-4712-81de-969da8d80cf3,VT-VPA,258415,DGCA/NEW-MISC/230,FAA AD 2020-0802,MIS,34,"M 230
Joint Aircraft System Component (JASC) Code 3457, Global Positioning System.",,,Not applicable as Honeywell manufactured GPS unit is installed in aircraft.,,4746:33 H,5439:59 H,,,,5439:59 H,,,,,,
157b8d12-c115-446e-a4dc-d12077751fe2,91aa63f8-13f1-4d97-9495-50fa7818a72b,HAWKER 800XP,838697ff-b6ab-46e4-9aad-def266b918bc,Tmplt HAWKER 800XP,43148239-26c4-4712-81de-969da8d80cf3,VT-VPA,258415,SB 57-4047 R1,SB 57-4047 R1,SB#,57,"SB 57-4047
WINGS - WINGLET ASSEMBLY INSPECTION FOR FOREIGN OBJECTS AND SEALING OF END GAPS",,,Not applicable as winglet not installed.,,16-Apr-1999,"5439:59 H
10-May-2026",,,,"5439:59 H
10-May-2026",,,,,,
157b8d12-c115-446e-a4dc-d12077751fe2,91aa63f8-13f1-4d97-9495-50fa7818a72b,HAWKER 800XP,838697ff-b6ab-46e4-9aad-def266b918bc,Tmplt HAWKER 800XP,43148239-26c4-4712-81de-969da8d80cf3,VT-VPA,258415,DGCA/New-Misc/170,EASA AD 2014-0279,MIS#,25,"M170
Equipment / Furnishing - Restraint System Rotary Buckle Sub-Assembly - Identification / Replacement",,,Not applicable as AM-SAFE manufactured Restraint system is installed in this aircraft.,,,10-May-2026,,,,10-May-2026,,,,,,
157b8d12-c115-446e-a4dc-d12077751fe2,91aa63f8-13f1-4d97-9495-50fa7818a72b,HAWKER 800XP,838697ff-b6ab-46e4-9aad-def266b918bc,Tmplt HAWKER 800XP,43148239-26c4-4712-81de-969da8d80cf3,VT-VPA,258415,SB 31-3030 R1,SB 31-3030 R1,SB$,31,"31-3030
INDICATING/RECORDING SYSTEMS - INTRODUCTION OF TRANSIENT SUPPRESSORS TO RELAY COILS",,,Optional SB Shall be complied as & when required,,16-Apr-1999,10-May-2026,,,,10-May-2026,,,,,,
157b8d12-c115-446e-a4dc-d12077751fe2,91aa63f8-13f1-4d97-9495-50fa7818a72b,HAWKER 800XP,838697ff-b6ab-46e4-9aad-def266b918bc,Tmplt HAWKER 800XP,43148239-26c4-4712-81de-969da8d80cf3,VT-VPA,258415,SB 24-268 Rev 3,SB 24-268 Rev 3,SB,24,"24-268 Rev 3
electrical power-starting -hartman contractor A848MAS , A848KHS, A848KSS Mounting arrangement revised.",,,Not applicable by the aircraft model hawker 800Xp.,,,5439:59 H,,,,5439:59 H,,,,,,
157b8d12-c115-446e-a4dc-d12077751fe2,91aa63f8-13f1-4d97-9495-50fa7818a72b,HAWKER 800XP,838697ff-b6ab-46e4-9aad-def266b918bc,Tmplt HAWKER 800XP,43148239-26c4-4712-81de-969da8d80cf3,VT-VPA,258415,DGCA/New-Misc/91 R1,FAA AD 2006-16-18 R1,MIS#,100,"M091 1
To prevent a bearing error,which could lead to an aeroplane departing from its scheduled flight path.",,,Not applicable as Honeywell Mark-VII EGPWS Installed.,,,10-May-2026,,,,10-May-2026,,,,,,
157b8d12-c115-446e-a4dc-d12077751fe2,91aa63f8-13f1-4d97-9495-50fa7818a72b,HAWKER 800XP,838697ff-b6ab-46e4-9aad-def266b918bc,Tmplt HAWKER 800XP,43148239-26c4-4712-81de-969da8d80cf3,VT-VPA,258415,DGCA/New-Misc/09,Cancelled,MIS#,100,"M009
Cancelled in view of DGCA/New Misc/84 vide letter no. 9-414/04 dated 06/10/05",,,Cancelled In View Of DGCA/New Misc/84 VideLetter No. 9-414/04 Dated06/10/05.,,,5439:59 H,,,,5439:59 H,,,,,,
157b8d12-c115-446e-a4dc-d12077751fe2,91aa63f8-13f1-4d97-9495-50fa7818a72b,HAWKER 800XP,838697ff-b6ab-46e4-9aad-def266b918bc,Tmplt HAWKER 800XP,43148239-26c4-4712-81de-969da8d80cf3,VT-VPA,258415,DGCA/New-Misc/114 Rev.1,FAA AD 2010-03-02,MIS,25,"M114
To prevent failure of a hook during rescue hoist operations, loss of the rescued passenger, and subsequent serious injury or fatality.",,,"Not applicable to airplanes, this MOD is only applicable to helicopter.",1 Dy,16-Apr-1999,10-May-2026,9886 Dy,,17-Apr-1999,17-Apr-1999,-9885 Dy,,,,,
157b8d12-c115-446e-a4dc-d12077751fe2,91aa63f8-13f1-4d97-9495-50fa7818a72b,HAWKER 800XP,838697ff-b6ab-46e4-9aad-def266b918bc,Tmplt HAWKER 800XP,43148239-26c4-4712-81de-969da8d80cf3,VT-VPA,258415,DGCA / NEW MISCELLANEOUS / 270,EASA AD 2025-0294,MIS#,25,"DGCA / NEW MISCELLANEOUS / 270
ATA 25 - Equipment / Furnishings - Medical Seats - Modification.",,,Not Applicable as Medical Seats are not installed on aircraft.,,,5439:59 H,,,,5439:59 H,,,,,,
157b8d12-c115-446e-a4dc-d12077751fe2,91aa63f8-13f1-4d97-9495-50fa7818a72b,HAWKER 800XP,838697ff-b6ab-46e4-9aad-def266b918bc,Tmplt HAWKER 800XP,43148239-26c4-4712-81de-969da8d80cf3,VT-VPA,258415,SB 23-3357 R1,SB 23-3357 R1,SB$,23,"23-3357
COMMUNICATIONS - INTERNATIONAL CIVIL AVIATION ORGANIZATION (ICAO) REQUIREMENT FOR 8.33 KHZ VHF COMM SPACING (RAYTHEON AIRCRAFT COMPANY STC ST09571SC) (COLLINS)",,,Optional SB Shall be complied as & when required,,16-Apr-1999,10-May-2026,,,,10-May-2026,,,,,,
157b8d12-c115-446e-a4dc-d12077751fe2,91aa63f8-13f1-4d97-9495-50fa7818a72b,HAWKER 800XP,838697ff-b6ab-46e4-9aad-def266b918bc,Tmplt HAWKER 800XP,43148239-26c4-4712-81de-969da8d80cf3,VT-VPA,258415,DGCA/NEW -MISC/247R 1,FAA AD 2023-11-07,MIS,34,"DGCA/NEW -MISC/247R 1
Air Transport Association (ATA) of America Code 3444, Ground Proximity System.",,,,,5323:10 H,5439:59 H,,,,5439:59 H,,,,,,
157b8d12-c115-446e-a4dc-d12077751fe2,91aa63f8-13f1-4d97-9495-50fa7818a72b,HAWKER 800XP,838697ff-b6ab-46e4-9aad-def266b918bc,Tmplt HAWKER 800XP,43148239-26c4-4712-81de-969da8d80cf3,VT-VPA,258415,DGCA/NEW-MISC/207,EASA AD 2018-0247,MIS,34,"M 207
ATA 34 - Navigation - Transponders - Inspection / Modification",,,"Not applicable as Honeywell Manufactured Mode ""S"" is installed in this aircarft.",,,5439:59 H,,,,5439:59 H,,,,,,
157b8d12-c115-446e-a4dc-d12077751fe2,91aa63f8-13f1-4d97-9495-50fa7818a72b,HAWKER 800XP,838697ff-b6ab-46e4-9aad-def266b918bc,Tmplt HAWKER 800XP,43148239-26c4-4712-81de-969da8d80cf3,VT-VPA,258415,SB 00-2001 R6,SB 00-2001 R6,SB$,20,"00-2001
GENERAL - HAWKER BEECHCRAFT PUBLICATIONS - WHAT IS AVAILABLE AND HOW TO OBTAIN IT",,,Informational SB,,16-Apr-1999,10-May-2026,,,,10-May-2026,,,,,,
157b8d12-c115-446e-a4dc-d12077751fe2,91aa63f8-13f1-4d97-9495-50fa7818a72b,HAWKER 800XP,838697ff-b6ab-46e4-9aad-def266b918bc,Tmplt HAWKER 800XP,43148239-26c4-4712-81de-969da8d80cf3,VT-VPA,258415,DGCA/New-Misc/74,LBA AD 2002-303,MIS#,52,"M074
Air Cargo pallets and air cargo nets.",,,Not Applicable by the Type of Aircraft.,,,5439:59 H,,,,5439:59 H,,,,,,
157b8d12-c115-446e-a4dc-d12077751fe2,91aa63f8-13f1-4d97-9495-50fa7818a72b,HAWKER 800XP,838697ff-b6ab-46e4-9aad-def266b918bc,Tmplt HAWKER 800XP,43148239-26c4-4712-81de-969da8d80cf3,VT-VPA,258415,DGCA/New-Misc/147,FAA AD 2012-17-01,MIS,32,"M147
To Prevent Failure Of The Main Landing Gear Tires During Take Off Or Landing, Which Could Cause Damage To The Airplane Structure, Flaps, Engine, And Wheel Well And Result In Reduces Controllability Of The Airplane.",,,Not applicable by Dunlop Tire PN DR 14628T installed.,1 Dy,16-Apr-1999,10-May-2026,9886 Dy,,17-Apr-1999,17-Apr-1999,-9885 Dy,,,,,
157b8d12-c115-446e-a4dc-d12077751fe2,91aa63f8-13f1-4d97-9495-50fa7818a72b,HAWKER 800XP,838697ff-b6ab-46e4-9aad-def266b918bc,Tmplt HAWKER 800XP,43148239-26c4-4712-81de-969da8d80cf3,VT-VPA,258415,DGCA/New-Misc/119 Rev.1,EASA AD 2009-0262 R1,MIS,26,"M119
Fire Protection - Halon 1211 Fire Extinguishers - Identification / Replacement",,,Cancelled Vide DGCA Letter No Mod/Misc/1154 Dated 11-May-2010.,30 Dy,16-Apr-1999,10-May-2026,9886 Dy,,16-May-1999,16-May-1999,-9856 Dy,,,,,
157b8d12-c115-446e-a4dc-d12077751fe2,91aa63f8-13f1-4d97-9495-50fa7818a72b,HAWKER 800XP,838697ff-b6ab-46e4-9aad-def266b918bc,Tmplt HAWKER 800XP,43148239-26c4-4712-81de-969da8d80cf3,VT-VPA,258415,FAA AD 2002-20-09,"Rockwell Collins Service Bulletin 12, Revision No. 2 (AFD-3010-31-12)",AD#,31,"2002-20-09
Adaptive flight display units",,,N/A as Rockwell collins AFDs not installed.,,16-Apr-1999,10-May-2026,,,,10-May-2026,,,,,,
157b8d12-c115-446e-a4dc-d12077751fe2,91aa63f8-13f1-4d97-9495-50fa7818a72b,HAWKER 800XP,838697ff-b6ab-46e4-9aad-def266b918bc,Tmplt HAWKER 800XP,43148239-26c4-4712-81de-969da8d80cf3,VT-VPA,258415,SB 33-3755,SB 33-3755,SB#,33,"33-3755
LIGHTS - INSPECTION OF EMERGENCY LIGHTING FUSES",,,Not Applicable due to Aircraft Serial no. 258415,,16-Apr-1999,"5439:59 H
10-May-2026",,,,"5439:59 H
10-May-2026",,,,,,
157b8d12-c115-446e-a4dc-d12077751fe2,91aa63f8-13f1-4d97-9495-50fa7818a72b,HAWKER 800XP,838697ff-b6ab-46e4-9aad-def266b918bc,Tmplt HAWKER 800XP,43148239-26c4-4712-81de-969da8d80cf3,VT-VPA,258415,DGCA/NEW-MISC/254,FAA AD 2022-06-05,MIS,62,"DGCA/NEW-MISC/254
Joint Aircraft System Component (JASC) Code: 6200, Main Rotor System.",,,Not Applicable to Airplanes as reference AD applies only to helicopters.,,5092:10 H,5439:59 H,,,,5439:59 H,,,,,,
157b8d12-c115-446e-a4dc-d12077751fe2,91aa63f8-13f1-4d97-9495-50fa7818a72b,HAWKER 800XP,838697ff-b6ab-46e4-9aad-def266b918bc,Tmplt HAWKER 800XP,43148239-26c4-4712-81de-969da8d80cf3,VT-VPA,258415,SB 78-22,SB 78-22,SB,78,"78-22
Engine Exhaust- change of hardware that attaches the thrust reverser assembly to the aircraft body assembly.",,,Complied with on 21-01-1999,,,5439:59 H,,,,5439:59 H,,,,,,
157b8d12-c115-446e-a4dc-d12077751fe2,91aa63f8-13f1-4d97-9495-50fa7818a72b,HAWKER 800XP,838697ff-b6ab-46e4-9aad-def266b918bc,Tmplt HAWKER 800XP,43148239-26c4-4712-81de-969da8d80cf3,VT-VPA,258415,DGCA/NEW-MISC/201,EASA AD 2018-0143-E,MIS,25,"M 201
ATA 25 - Equipment / Furnishings - Towing Release Mechanism - Inspection",,,Not applicable by the aircraft model Hawker 800 XP.,,,5439:59 H,,,,5439:59 H,,,,,,
157b8d12-c115-446e-a4dc-d12077751fe2,91aa63f8-13f1-4d97-9495-50fa7818a72b,HAWKER 800XP,838697ff-b6ab-46e4-9aad-def266b918bc,Tmplt HAWKER 800XP,43148239-26c4-4712-81de-969da8d80cf3,VT-VPA,258415,SB 52-3644,SB 52-3644,SB#,52,"52-3644
DOORS - MAIN ENTRY DOOR HANDRAIL REPAIR/REPLACEMENT",,,Optional SB shall be complied as & when required,,16-Apr-1999,10-May-2026,,,,10-May-2026,,,,,,
157b8d12-c115-446e-a4dc-d12077751fe2,91aa63f8-13f1-4d97-9495-50fa7818a72b,HAWKER 800XP,838697ff-b6ab-46e4-9aad-def266b918bc,Tmplt HAWKER 800XP,43148239-26c4-4712-81de-969da8d80cf3,VT-VPA,258415,SB 33-3754 R1,SB 33-3754 R1,SB$,33,"SB 33-3754
LIGHTING - REPLACEMENT OF PULSELITE® CONTROL UNIT P/N 2400-25-4-4 WITH P/N 2401S",,,Optional SB shall be complied as & when required,,16-Apr-1999,10-May-2026,,,,10-May-2026,,,,,,
157b8d12-c115-446e-a4dc-d12077751fe2,91aa63f8-13f1-4d97-9495-50fa7818a72b,HAWKER 800XP,838697ff-b6ab-46e4-9aad-def266b918bc,Tmplt HAWKER 800XP,43148239-26c4-4712-81de-969da8d80cf3,VT-VPA,258415,DGCA/New-Misc/19,BV AD NO.93-050(AB)RI,MIS,11,"M019
Collins- VHF-20 B Transreceivers Identification Plate.",,,Not applicable as Honeywell Inc manufactured RT-300 transceiver is installed in aircraft.,30 Dy,,10-May-2026,46152 Dy,,29-Jan-1900,29-Jan-1900,-46122 Dy,,,,,
157b8d12-c115-446e-a4dc-d12077751fe2,91aa63f8-13f1-4d97-9495-50fa7818a72b,HAWKER 800XP,838697ff-b6ab-46e4-9aad-def266b918bc,Tmplt HAWKER 800XP,43148239-26c4-4712-81de-969da8d80cf3,VT-VPA,258415,DGCA/New-Misc/178,EASA AD 2016-0024,MIS#,26,"M178
ATA 26 - Fire Protection - Optical and Ambient Smoke Detectors - Identification / Replacement",,,Not applicable as Kidde aerospace manufactured smoke detector is installed in this aircraft.,,,5439:59 H,,,,5439:59 H,,,,,,
157b8d12-c115-446e-a4dc-d12077751fe2,91aa63f8-13f1-4d97-9495-50fa7818a72b,HAWKER 800XP,838697ff-b6ab-46e4-9aad-def266b918bc,Tmplt HAWKER 800XP,43148239-26c4-4712-81de-969da8d80cf3,VT-VPA,258415,DGCA/New-Misc/163,EASA AD 2014-0125,MIS,25,"M163
Crash Position Indicator - Modification Aircraft Flight Manual - Amendment",,,Not applicable as crash position indicator is not installed in this aircraft.,30 Dy,,10-May-2026,46152 Dy,,29-Jan-1900,29-Jan-1900,-46122 Dy,,,,,
157b8d12-c115-446e-a4dc-d12077751fe2,91aa63f8-13f1-4d97-9495-50fa7818a72b,HAWKER 800XP,838697ff-b6ab-46e4-9aad-def266b918bc,Tmplt HAWKER 800XP,43148239-26c4-4712-81de-969da8d80cf3,VT-VPA,258415,SB 21-126,SB 21-126,SB$,21,"21-126
air conditioning - to introduce air hoses of increased stiffness to the cabin pressure controller and differential pressure gauge",,,Not Applicable due to Aircraft Serial no. 258415,,,5439:59 H,,,,5439:59 H,,,,,,
157b8d12-c115-446e-a4dc-d12077751fe2,91aa63f8-13f1-4d97-9495-50fa7818a72b,HAWKER 800XP,838697ff-b6ab-46e4-9aad-def266b918bc,Tmplt HAWKER 800XP,43148239-26c4-4712-81de-969da8d80cf3,VT-VPA,258415,DGCA/New-Misc/168,FAA AD 2014-18-01,MIS,34,"M168
Detect And Correct Mode S Transponders",,,Not applicable as Honeywell manufactured RCZ-833 Transponder is installed in this aircraft.,2 Yr,,10-May-2026,46152 Dy,,30-Dec-1901,30-Dec-1901,-45422 Dy,,,,,
157b8d12-c115-446e-a4dc-d12077751fe2,91aa63f8-13f1-4d97-9495-50fa7818a72b,HAWKER 800XP,838697ff-b6ab-46e4-9aad-def266b918bc,Tmplt HAWKER 800XP,43148239-26c4-4712-81de-969da8d80cf3,VT-VPA,258415,DGCA/New Misc/131,EASA AD 2011-0043,MIS,34,"M131
Navigation Systems - Mode-S Transponder Control Panels - Modification",,,Not Applicable by Aircraft Model Hawker 800XP.,24 Mt,16-Apr-1999,10-May-2026,9886 Dy,,16-Apr-2001,16-Apr-2001,-9155 Dy,,,,,
157b8d12-c115-446e-a4dc-d12077751fe2,91aa63f8-13f1-4d97-9495-50fa7818a72b,HAWKER 800XP,838697ff-b6ab-46e4-9aad-def266b918bc,Tmplt HAWKER 800XP,43148239-26c4-4712-81de-969da8d80cf3,VT-VPA,258415,DGCA/New Misc/146,FAA AD 2012-14-15,MIS,24,"M146
""To prevent misleading information during Localizer performance(LP), Localizer performance with Vertical guidance (LPV), or SBAS Lateral Navigation/ Vertical Navigation(LNAV/VNAV) approached due to software problem in Honeywell Wide Area Augmentation System(WASS) Global Navigation Satellite Sensor Unit (GNSSU)"".",,,Not applicable as per Honeywell GPS HG 2021 P/N: HG2021GD02 is installed for both GPS.,1 Dy,,10-May-2026,46152 Dy,,31-Dec-1899,31-Dec-1899,-46151 Dy,,,,,
157b8d12-c115-446e-a4dc-d12077751fe2,91aa63f8-13f1-4d97-9495-50fa7818a72b,HAWKER 800XP,838697ff-b6ab-46e4-9aad-def266b918bc,Tmplt HAWKER 800XP,43148239-26c4-4712-81de-969da8d80cf3,VT-VPA,258415,DGCA/HAWKER 800/07,FAA AD 2006-02-03,MOD#,24,"MM 07
TO PREVENT A SHORT CIRCUIT IN THE FUSE AND CONSEUENT HEAT DAMAGE TO ASSOCIATED WIRING AND SURROUNDING EQUIPMENT",,,NOT APPLICABLE DUE TO AIRCRAFT SERIAL NUMBER 258415.,,16-Apr-1999,"5439:59 H
10-May-2026",,,,"5439:59 H
10-May-2026",,,,,,
157b8d12-c115-446e-a4dc-d12077751fe2,91aa63f8-13f1-4d97-9495-50fa7818a72b,HAWKER 800XP,838697ff-b6ab-46e4-9aad-def266b918bc,Tmplt HAWKER 800XP,43148239-26c4-4712-81de-969da8d80cf3,VT-VPA,258415,DGCA/New-Misc/29,FAA AD 98-23-01 & BLA AD 1998-141/2,MIS#,37,"M029
Vaccum dry air pump flexible coupling-Inspection/Replacement",,,Not applicable as vaccum dry air pump is not installed.,,,5439:59 H,,,,5439:59 H,,,,,,
157b8d12-c115-446e-a4dc-d12077751fe2,91aa63f8-13f1-4d97-9495-50fa7818a72b,HAWKER 800XP,838697ff-b6ab-46e4-9aad-def266b918bc,Tmplt HAWKER 800XP,43148239-26c4-4712-81de-969da8d80cf3,VT-VPA,258415,DGCA/New-Misc/175,FAA AD 2015-15-14,MIS,26,"M175
Fire Protection, To detect and correct solder deposited on the frangible plug of the fire extinguisher, which could result in failure of the fire extinguisher to discharge, and consequent inability to put out a fire in an engine or in the APU.",,,Not applicable as Fire Fighting enterprises manufactured fire extinguisher is installed in this aircraft.,12 Mt,,10-May-2026,46152 Dy,,30-Dec-1900,30-Dec-1900,-45787 Dy,,,,,
157b8d12-c115-446e-a4dc-d12077751fe2,91aa63f8-13f1-4d97-9495-50fa7818a72b,HAWKER 800XP,838697ff-b6ab-46e4-9aad-def266b918bc,Tmplt HAWKER 800XP,43148239-26c4-4712-81de-969da8d80cf3,VT-VPA,258415,DGCA/New-Misc/04,DGCA let no. 4/26/73 AI,MIS,31,"M004
Installation of ""G"" Meter During Cloud Seeding Operations",,,Not Applicable by operation.,1:00 H,,5439:59 H,5439:59 H,,1:00 H,1:00 H,-5438:59 H,,,,,
157b8d12-c115-446e-a4dc-d12077751fe2,91aa63f8-13f1-4d97-9495-50fa7818a72b,HAWKER 800XP,838697ff-b6ab-46e4-9aad-def266b918bc,Tmplt HAWKER 800XP,43148239-26c4-4712-81de-969da8d80cf3,VT-VPA,258415,DGCA/NEW-MISC/212,EASA AD 2019-0004,MIS,34,"M 212
ATA 34 - Navigation - Global Navigation Satellite System - Operational Limitations",,,Not applicable as Honeywell manufactured GPS unit is installed in aircraft.,,,5439:59 H,,,,5439:59 H,,,,,,
157b8d12-c115-446e-a4dc-d12077751fe2,91aa63f8-13f1-4d97-9495-50fa7818a72b,HAWKER 800XP,838697ff-b6ab-46e4-9aad-def266b918bc,Tmplt HAWKER 800XP,43148239-26c4-4712-81de-969da8d80cf3,VT-VPA,258415,SB 29-3225,SB 29-3225,SB$,29,"29-3225
HYDRAULIC POWER - INTRODUCTION OF MANUALLY OPERATED PRESSURE RELEASE VALVES",,,Optional SB Shall be complied as & when required,,16-Apr-1999,10-May-2026,,,,10-May-2026,,,,,,
157b8d12-c115-446e-a4dc-d12077751fe2,91aa63f8-13f1-4d97-9495-50fa7818a72b,HAWKER 800XP,838697ff-b6ab-46e4-9aad-def266b918bc,Tmplt HAWKER 800XP,43148239-26c4-4712-81de-969da8d80cf3,VT-VPA,258415,SB 21-152,SB 21-152,SB,21,"21-152
Air Conditioning- To introduce replacement cabin altitude warning switch.",,,Not Applicable due Aircraft Serial no. 258415,,,5439:59 H,,,,5439:59 H,,,,,,
157b8d12-c115-446e-a4dc-d12077751fe2,91aa63f8-13f1-4d97-9495-50fa7818a72b,HAWKER 800XP,838697ff-b6ab-46e4-9aad-def266b918bc,Tmplt HAWKER 800XP,43148239-26c4-4712-81de-969da8d80cf3,VT-VPA,258415,DGCA/NEW-MIS C/180,EASA AD 2016-0044,MIS,26,"M 180
ATA 26 - Fire Protection - Engine and Auxiliary Power Unit Automatic Fire Extinguishers - Inspection/Overhau",,,Not applicable as Automatic fire extinguisher is not installed in this aircraft.,,,5439:59 H,,,,5439:59 H,,,,,,
157b8d12-c115-446e-a4dc-d12077751fe2,91aa63f8-13f1-4d97-9495-50fa7818a72b,HAWKER 800XP,838697ff-b6ab-46e4-9aad-def266b918bc,Tmplt HAWKER 800XP,43148239-26c4-4712-81de-969da8d80cf3,VT-VPA,258415,SB 32-3779,SB 32-3779,SB$,32,"32-3779
LANDING GEAR - SIDE STAY ASSEMBLY LOWER ARM GREASE FITTING REINTRODUCTION",,,Optional SB shall be complied as & when required,,16-Apr-1999,10-May-2026,,,,10-May-2026,,,,,,
157b8d12-c115-446e-a4dc-d12077751fe2,91aa63f8-13f1-4d97-9495-50fa7818a72b,HAWKER 800XP,838697ff-b6ab-46e4-9aad-def266b918bc,Tmplt HAWKER 800XP,43148239-26c4-4712-81de-969da8d80cf3,VT-VPA,258415,SB 53-3310,SB 53-3310,SB,53,"53-3310
FUSELAGE - INTRODUCTION OF MODIFIED GUTTER ARRANGEMENT IN RADOME MOUNTING AREA",,,Recommended SB Shall be complied as & when required,,16-Apr-1999,10-May-2026,,,,10-May-2026,,,,,,
157b8d12-c115-446e-a4dc-d12077751fe2,91aa63f8-13f1-4d97-9495-50fa7818a72b,HAWKER 800XP,838697ff-b6ab-46e4-9aad-def266b918bc,Tmplt HAWKER 800XP,43148239-26c4-4712-81de-969da8d80cf3,VT-VPA,258415,DGCA/New Misc/135,EASA AD 2011-0098,MIS,25,"M135
Equipment & Furnishings - Passenger Seat - Replacement",,,Not Applicable by Aircraft Model Hawker 800XP.,2 Yr,16-Apr-1999,10-May-2026,9886 Dy,,16-Apr-2001,16-Apr-2001,-9155 Dy,,,,,
157b8d12-c115-446e-a4dc-d12077751fe2,91aa63f8-13f1-4d97-9495-50fa7818a72b,HAWKER 800XP,838697ff-b6ab-46e4-9aad-def266b918bc,Tmplt HAWKER 800XP,43148239-26c4-4712-81de-969da8d80cf3,VT-VPA,258415,DGCA/New-Misc/185,EASA AD 2016-0256,MIS#,25,"M185
Equipment / Furnishings - Pilot and Co-pilot Seats - Modification",,,Not applicable by the installed pilot and co-pilot seat Part number. installed P/N is :3A026-0013-00-2 (LH) & 3A026-0014-00-2 (RH).,,,5439:59 H,,,,5439:59 H,,,,,,
157b8d12-c115-446e-a4dc-d12077751fe2,91aa63f8-13f1-4d97-9495-50fa7818a72b,HAWKER 800XP,838697ff-b6ab-46e4-9aad-def266b918bc,Tmplt HAWKER 800XP,43148239-26c4-4712-81de-969da8d80cf3,VT-VPA,258415,DGCA/New-Misc/82,DGAC AD F 2004-132,MIS#,25,"M082
Equipment/Furnishings -LERMER GMBH water boilers.",,,Not Applicable As Water Boiler Is Not Installed On Aircraft,,,10-May-2026,,,,10-May-2026,,,,,,
157b8d12-c115-446e-a4dc-d12077751fe2,91aa63f8-13f1-4d97-9495-50fa7818a72b,HAWKER 800XP,838697ff-b6ab-46e4-9aad-def266b918bc,Tmplt HAWKER 800XP,43148239-26c4-4712-81de-969da8d80cf3,VT-VPA,258415,DGCA/New-Misc/52,DGAC AD2001-17-15,MIS#,73,"M052
To prevent engine fuel pump failure.",,,Not applicable as Turbofan Engine installed.,,,5439:59 H,,,,5439:59 H,,,,,,
157b8d12-c115-446e-a4dc-d12077751fe2,91aa63f8-13f1-4d97-9495-50fa7818a72b,HAWKER 800XP,838697ff-b6ab-46e4-9aad-def266b918bc,Tmplt HAWKER 800XP,43148239-26c4-4712-81de-969da8d80cf3,VT-VPA,258415,DGCA/New-Misc/36,FAA A 99-12-06,MIS#,34,"M036
To prevent VHF Navigation receiver interference from FM radio station broadcast frequencies",,,Not applicable as Honeywell Inc manufactured RT-300 transceiver is installed in aircraft.,,,5439:59 H,,,,5439:59 H,,,,,,
157b8d12-c115-446e-a4dc-d12077751fe2,91aa63f8-13f1-4d97-9495-50fa7818a72b,HAWKER 800XP,838697ff-b6ab-46e4-9aad-def266b918bc,Tmplt HAWKER 800XP,43148239-26c4-4712-81de-969da8d80cf3,VT-VPA,258415,DGCA/New-Misc/49,FAA AD 2001-14-51,MIS#,34,"M049
To prevent inaccurate navigation due to incorrect bearing information.",,,Not applicable as Honeywell Inc manufactured RT-300 transceiver is installed in aircraft.,,,5439:59 H,,,,5439:59 H,,,,,,
157b8d12-c115-446e-a4dc-d12077751fe2,91aa63f8-13f1-4d97-9495-50fa7818a72b,HAWKER 800XP,838697ff-b6ab-46e4-9aad-def266b918bc,Tmplt HAWKER 800XP,43148239-26c4-4712-81de-969da8d80cf3,VT-VPA,258415,SB 27-147,SB 27-147,SB,27,"27-147
Flight Controls- to introduce rudder quadrant within 2.82 in. rudder bias strut pick-up radius, superseding the current radius of 2.72 in.",,,Not applicable by the aircraft model Hawrker 800XP.,,,5439:59 H,,,,5439:59 H,,,,,,
157b8d12-c115-446e-a4dc-d12077751fe2,91aa63f8-13f1-4d97-9495-50fa7818a72b,HAWKER 800XP,838697ff-b6ab-46e4-9aad-def266b918bc,Tmplt HAWKER 800XP,43148239-26c4-4712-81de-969da8d80cf3,VT-VPA,258415,DGCA/New-Misc/145,FAA AD 2012-10-52,MIS,72,"M145
To prevent turbocharger bearing seizure, failed turbocharger components, and damage to the airplane.",,,Not Applicable as Turbocharger is not installed in aircraft.,,,5439:59 H,,,,5439:59 H,,,,,,
157b8d12-c115-446e-a4dc-d12077751fe2,91aa63f8-13f1-4d97-9495-50fa7818a72b,HAWKER 800XP,838697ff-b6ab-46e4-9aad-def266b918bc,Tmplt HAWKER 800XP,43148239-26c4-4712-81de-969da8d80cf3,VT-VPA,258415,DGCA/NEWMISC/199,FAA AD 2018-02-04,MIS,78,"M199
Joint Aircraft system component - Muffler/Cuff Spot Weld Failure",,,Not applicable as Muffler is not installed in this aircraft.,,,5439:59 H,,,,5439:59 H,,,,,,
157b8d12-c115-446e-a4dc-d12077751fe2,91aa63f8-13f1-4d97-9495-50fa7818a72b,HAWKER 800XP,838697ff-b6ab-46e4-9aad-def266b918bc,Tmplt HAWKER 800XP,43148239-26c4-4712-81de-969da8d80cf3,VT-VPA,258415,DGCA/NEW-MISC/249,EASA AD : 2022-0024,MIS,34,"DGCA/NEW-MISC/249
ATA 34 - Navigation - Flight Management Computer 2 / Navigation Modules - Operational Limitations / Amendment.",,,Not applicable as Honeywell Inc. Manufactured flight management computer is installed in the aircraft.,30 Dy,02-Mar-2022,10-May-2026,1530 Dy,,01-Apr-2022,01-Apr-2022,-1500 Dy,,,,,
157b8d12-c115-446e-a4dc-d12077751fe2,91aa63f8-13f1-4d97-9495-50fa7818a72b,HAWKER 800XP,838697ff-b6ab-46e4-9aad-def266b918bc,Tmplt HAWKER 800XP,43148239-26c4-4712-81de-969da8d80cf3,VT-VPA,258415,SB 46-3792,SB 46-3792,SB#,46,"46-3792
INFORMATION SYSTEMS - UPGRADE TO FSA-5000 SOFTWARE",,,Not Applicable due to Aircraft Serial no. 258415,,16-Apr-1999,10-May-2026,,,,10-May-2026,,,,,,
157b8d12-c115-446e-a4dc-d12077751fe2,91aa63f8-13f1-4d97-9495-50fa7818a72b,HAWKER 800XP,838697ff-b6ab-46e4-9aad-def266b918bc,Tmplt HAWKER 800XP,43148239-26c4-4712-81de-969da8d80cf3,VT-VPA,258415,SB 25-3687,SB 25-3687,SB#,25,"25-3687
EQUIPMENT/FURNISHINGS - MICROWAVE OVEN MODIFICATION",,,Not Applicable due to Aircraft Serial no. 258415,,,5439:59 H,,,,5439:59 H,,,,,,
157b8d12-c115-446e-a4dc-d12077751fe2,91aa63f8-13f1-4d97-9495-50fa7818a72b,HAWKER 800XP,838697ff-b6ab-46e4-9aad-def266b918bc,Tmplt HAWKER 800XP,43148239-26c4-4712-81de-969da8d80cf3,VT-VPA,258415,SB 56-25-9602B R2,SB 56-25-9602B R2,SB$,56,"SB 56-25-9602B
WINDOWS - WINDSHIELD PANEL A - TO INTRODUCE EXTERNAL STATIC DRAIN WEDGES",,,Optional SB not yet applied on the aircraft.,,16-Apr-1999,10-May-2026,,,,10-May-2026,,,,,,
157b8d12-c115-446e-a4dc-d12077751fe2,91aa63f8-13f1-4d97-9495-50fa7818a72b,HAWKER 800XP,838697ff-b6ab-46e4-9aad-def266b918bc,Tmplt HAWKER 800XP,43148239-26c4-4712-81de-969da8d80cf3,VT-VPA,258415,SB 73-3021,SB 73-3021,SB#,73,"73-3021
Engine Fuel and Control - Introduction of extended LP cock and cross feed valve connecting rods",,,Not Applicable due Aircraft Serial no. 258415,,16-Apr-1999,"5439:59 H
10-May-2026",,,,"5439:59 H
10-May-2026",,,,,,
157b8d12-c115-446e-a4dc-d12077751fe2,91aa63f8-13f1-4d97-9495-50fa7818a72b,HAWKER 800XP,838697ff-b6ab-46e4-9aad-def266b918bc,Tmplt HAWKER 800XP,43148239-26c4-4712-81de-969da8d80cf3,VT-VPA,258415,SB 34-3463,SB 34-3463,SB$,34,"34-3463
NAVIGATION - INTRODUCTION OF TRAFFIC ALERT AND COLLISION AVOIDANCE SYSTEM (TCAS) CHANGE 7",,,Optional SB Shall be complied as & when required,,16-Apr-1999,10-May-2026,,,,10-May-2026,,,,,,
157b8d12-c115-446e-a4dc-d12077751fe2,91aa63f8-13f1-4d97-9495-50fa7818a72b,HAWKER 800XP,838697ff-b6ab-46e4-9aad-def266b918bc,Tmplt HAWKER 800XP,43148239-26c4-4712-81de-969da8d80cf3,VT-VPA,258415,DGCA / NEW MISCELLAN EOUS /259,FAA AD 2024-14-03,MIS,22,"DGCA / NEW MISCELLAN EOUS /259
Joint Aircraft System Component (JASC) Code 2210, Autopilot System.",,,,,5430:47 H,5439:59 H,,,,5439:59 H,,,,,,
157b8d12-c115-446e-a4dc-d12077751fe2,91aa63f8-13f1-4d97-9495-50fa7818a72b,HAWKER 800XP,838697ff-b6ab-46e4-9aad-def266b918bc,Tmplt HAWKER 800XP,43148239-26c4-4712-81de-969da8d80cf3,VT-VPA,258415,DGCA/NEW-MISC/228,FAA AD 2019-20-03,MIS,46,"M 228
Air Transport Association (ATA) of America Code 46, Information systems",,,Not applicable by aircraft model: HAWKER 800XP.,12 Mt,,10-May-2026,46152 Dy,,30-Dec-1900,30-Dec-1900,-45787 Dy,,,,,
157b8d12-c115-446e-a4dc-d12077751fe2,91aa63f8-13f1-4d97-9495-50fa7818a72b,HAWKER 800XP,838697ff-b6ab-46e4-9aad-def266b918bc,Tmplt HAWKER 800XP,43148239-26c4-4712-81de-969da8d80cf3,VT-VPA,258415,DGCA/HAWKER 800/08,FAA AD 2006-11-07,MOD#,24,"MM 08
TO PREVENT INSUFFICIENT ELECTRICAL ISOLATION FOR THE ELECTRICAL BUS CONFIGURATION AND INABILITY OF THE FLIGHTCREW TO ISOLATE THE BUS BARSIN AN EMERGENCY SITUATION",,,NOT APPLICABLE BY AIRCRAFT SERIAL NUMBER 258415.,,16-Apr-1999,10-May-2026,,,,10-May-2026,,,,,,
157b8d12-c115-446e-a4dc-d12077751fe2,91aa63f8-13f1-4d97-9495-50fa7818a72b,HAWKER 800XP,838697ff-b6ab-46e4-9aad-def266b918bc,Tmplt HAWKER 800XP,43148239-26c4-4712-81de-969da8d80cf3,VT-VPA,258415,SB 24-4034,SB 24-4034,SB#,24,"24-4034
ELECTRICAL POWER - INSPECTION/REWORK OF ZL PANEL DIODES WITH FLEXIBLE BRAIDED LEADS",,,N/A by Aircraft S/N 258415,,16-Apr-1999,"5439:59 H
10-May-2026",,,,"5439:59 H
10-May-2026",,,,,,
157b8d12-c115-446e-a4dc-d12077751fe2,91aa63f8-13f1-4d97-9495-50fa7818a72b,HAWKER 800XP,838697ff-b6ab-46e4-9aad-def266b918bc,Tmplt HAWKER 800XP,43148239-26c4-4712-81de-969da8d80cf3,VT-VPA,258415,DGCA/New-Misc/193,FAA AD 2017-11-11,MIS#,23,"M193
TO DEFINES THE UNSAFE CONDITION AS AN ADSB UNIT INCORRECTLY BROADCASTING A SOURCE INTEGRITY LEVEL (SIL) OF 3 INSTEAD OF ITS AUTHORIZED SIL OF 0. THIS CONDITION COULD RESULT IN THE UNIT COMMUNICATING UNRELIABLE POSITION INFORMATION TO AIR TRAFFIC CONTROL",,,Not applicable as ADS-B is not installed.,,,5439:59 H,,,,5439:59 H,,,,,,
157b8d12-c115-446e-a4dc-d12077751fe2,91aa63f8-13f1-4d97-9495-50fa7818a72b,HAWKER 800XP,838697ff-b6ab-46e4-9aad-def266b918bc,Tmplt HAWKER 800XP,43148239-26c4-4712-81de-969da8d80cf3,VT-VPA,258415,DGCA/New-Misc/75,FAA AD 2003-15-07,MIS,49,"M075
To prevent APU compartment fires and fuel vapour explosion.",,,Not Applicable by APU Model GTCP36-150(W).,"1:00 H
6 Mt",,"5439:59 H
10-May-2026","5439:59 H
46152 Dy",,"1:00 H
30-Jun-1900","1:00 H
30-Jun-1900","-5438:59 H
-45970 Dy",,,,,
157b8d12-c115-446e-a4dc-d12077751fe2,91aa63f8-13f1-4d97-9495-50fa7818a72b,HAWKER 800XP,838697ff-b6ab-46e4-9aad-def266b918bc,Tmplt HAWKER 800XP,43148239-26c4-4712-81de-969da8d80cf3,VT-VPA,258415,DGCA/New-Misc/23,BV AD 94-116(B),MIS#,32,"M023
Up limit portion security",,,Not Applicable As Hoists system is Not Installed in this aircraft.,,,5439:59 H,,,,5439:59 H,,,,,,
157b8d12-c115-446e-a4dc-d12077751fe2,91aa63f8-13f1-4d97-9495-50fa7818a72b,HAWKER 800XP,838697ff-b6ab-46e4-9aad-def266b918bc,Tmplt HAWKER 800XP,43148239-26c4-4712-81de-969da8d80cf3,VT-VPA,258415,SB 27-152 R2,SB 27-152 R2,SB,27,"27-152
FLIGHT CONTROLS- INTRODUCTION OF SIGNAL SUMMING UNIT WITH IMPROVED TRANSIENT PROTECTION",,,Recommended SB Shall be complied as & when required,,,5439:59 H,,,,5439:59 H,,,,,,
157b8d12-c115-446e-a4dc-d12077751fe2,91aa63f8-13f1-4d97-9495-50fa7818a72b,HAWKER 800XP,838697ff-b6ab-46e4-9aad-def266b918bc,Tmplt HAWKER 800XP,43148239-26c4-4712-81de-969da8d80cf3,VT-VPA,258415,DGCA/NEW-MISC/225,,MIS,34,"M 225
Joint Aircraft System Component (JASC) Code 3452, ATC transponder system.",,,Not applicable as Honeywell manufactured RCZ-833 Transponder is installed in aircraft.,90 Dy,,10-May-2026,46152 Dy,,30-Mar-1900,30-Mar-1900,-46062 Dy,,,,,
157b8d12-c115-446e-a4dc-d12077751fe2,91aa63f8-13f1-4d97-9495-50fa7818a72b,HAWKER 800XP,838697ff-b6ab-46e4-9aad-def266b918bc,Tmplt HAWKER 800XP,43148239-26c4-4712-81de-969da8d80cf3,VT-VPA,258415,DGCA/New-Misc/17,CAA AD No.001-02-93,MIS,100,"M017
Precautionary check for correct location of bridge pieces inside the main buoyancy tubes",,,Not applicable as Easter Aero marine Life raft P/No. R0103A103RB7 Installed.,50:00 H,,5439:59 H,5439:59 H,,50:00 H,50:00 H,-5389:59 H,,,,,
157b8d12-c115-446e-a4dc-d12077751fe2,91aa63f8-13f1-4d97-9495-50fa7818a72b,HAWKER 800XP,838697ff-b6ab-46e4-9aad-def266b918bc,Tmplt HAWKER 800XP,43148239-26c4-4712-81de-969da8d80cf3,VT-VPA,258415,SB 25-3736,SB 25-3736,SB$,25,"25-3736
EQUIPMENT/FURNISHINGS - CABIN MONITOR REPLACEMENT",,,Optional SB shall be complied as & when required,,16-Apr-1999,10-May-2026,,,,10-May-2026,,,,,,
157b8d12-c115-446e-a4dc-d12077751fe2,91aa63f8-13f1-4d97-9495-50fa7818a72b,HAWKER 800XP,838697ff-b6ab-46e4-9aad-def266b918bc,Tmplt HAWKER 800XP,43148239-26c4-4712-81de-969da8d80cf3,VT-VPA,258415,DGCA/New Misc/132 R1,EASA AD 2011-0090R1,MIS,35,"M132
Oxygen - Oxygen Mask Regulator Inflatable Harness - Identification / Replacement",,,Found complied with on installed Crew Oxyegn Mask P/n. MF10-03-02 and S/N. 39073 (Pilot) & SE57480 (Co-pilot). (Refer FAA 8130-3. # 297153 & 292379 Respectively),24 Mt,,10-May-2026,46152 Dy,,30-Dec-1901,30-Dec-1901,-45422 Dy,,,,,
157b8d12-c115-446e-a4dc-d12077751fe2,91aa63f8-13f1-4d97-9495-50fa7818a72b,HAWKER 800XP,838697ff-b6ab-46e4-9aad-def266b918bc,Tmplt HAWKER 800XP,43148239-26c4-4712-81de-969da8d80cf3,VT-VPA,258415,DGCA/New-Misc/151 R1,FAA AD 2012-26-15 R1,MIS,34,"M151
To detect and correct inaccurancies of the pressure sensors,which could result in altitude, computed airspeed,true airspeed and mach computation errors.",,,Not applicable as ADC Part No. 7000700-668& Serial No. 98088156& 9812863 is installed.,30 Dy,16-Apr-1999,10-May-2026,9886 Dy,,16-May-1999,16-May-1999,-9856 Dy,,,,,
157b8d12-c115-446e-a4dc-d12077751fe2,91aa63f8-13f1-4d97-9495-50fa7818a72b,HAWKER 800XP,838697ff-b6ab-46e4-9aad-def266b918bc,Tmplt HAWKER 800XP,43148239-26c4-4712-81de-969da8d80cf3,VT-VPA,258415,DGCA/New-Misc/71 R2,FAA AD 2010-07-02,MIS,34,"M071
To ensure that the flight crew has an accurate glideslope deviation indication",,,Not applicable as already complied with by SB24-3772 on 23/08/2006 at TSN 2438.4Hrs.,5 Dy,,10-May-2026,46152 Dy,,04-Jan-1900,04-Jan-1900,-46147 Dy,,,,,
157b8d12-c115-446e-a4dc-d12077751fe2,91aa63f8-13f1-4d97-9495-50fa7818a72b,HAWKER 800XP,838697ff-b6ab-46e4-9aad-def266b918bc,Tmplt HAWKER 800XP,43148239-26c4-4712-81de-969da8d80cf3,VT-VPA,258415,DGCA/New-Misc/79(R1),FAA AD 2005-01-19,MIS#,23,"M079
To prevent interrogating aircraft from possibly receiving inaccurate replies",,,Not applicable as Honeywell transponder is installed in the aircraft.,,,5439:59 H,,,,5439:59 H,,,,,,
157b8d12-c115-446e-a4dc-d12077751fe2,91aa63f8-13f1-4d97-9495-50fa7818a72b,HAWKER 800XP,838697ff-b6ab-46e4-9aad-def266b918bc,Tmplt HAWKER 800XP,43148239-26c4-4712-81de-969da8d80cf3,VT-VPA,258415,SB 34-3655,SB 34-3655,SB#,34,"34-3655
NAVIGATION - UPDATE OF FMS VSPEEDS DATABASE",,,Not Applicable due to Aircraft Serial no. 258415,,16-Apr-1999,10-May-2026,,,,10-May-2026,,,,,,
157b8d12-c115-446e-a4dc-d12077751fe2,91aa63f8-13f1-4d97-9495-50fa7818a72b,HAWKER 800XP,838697ff-b6ab-46e4-9aad-def266b918bc,Tmplt HAWKER 800XP,43148239-26c4-4712-81de-969da8d80cf3,VT-VPA,258415,SB 23-4085 R1,SB 23-4085 R1,SB$,23,"23-4085
COMMUNICATIONS - REPLACEMENT OF HONEYWELL RM850 RADIO MANAGEMENT UNIT WITH RM855",,,Optional SB not yet applied on the aircraft.,,,5439:59 H,,,,5439:59 H,,,,,,
157b8d12-c115-446e-a4dc-d12077751fe2,91aa63f8-13f1-4d97-9495-50fa7818a72b,HAWKER 800XP,838697ff-b6ab-46e4-9aad-def266b918bc,Tmplt HAWKER 800XP,43148239-26c4-4712-81de-969da8d80cf3,VT-VPA,258415,DGCA / NEW MISCELLANEOUS / 268,"DGCA letter reference no.: DGCA-21011/2/2022-AW, dated 19/11/2025",MIS,34,"DGCA / NEW MISCELLANEOUS / 268
5G C-Band (3300 - 3600 MHz) - Fitment of modified Radio Altimeters on aircraft - reg",,,Applicable and will be complied on or before 31st Dec 2027,,5439:59 H,5439:59 H,,,,5439:59 H,,,,,,
157b8d12-c115-446e-a4dc-d12077751fe2,91aa63f8-13f1-4d97-9495-50fa7818a72b,HAWKER 800XP,838697ff-b6ab-46e4-9aad-def266b918bc,Tmplt HAWKER 800XP,43148239-26c4-4712-81de-969da8d80cf3,VT-VPA,258415,SB 35-35,SB 35-35,SB$,35,"35-35
Oxygen- Barometric Valve- Introduction of an alternative barometric valve permitting operation into high altitude airfields.",,,This SB is optional and is to be complied as per Owner/Operator's desire.,,,5439:59 H,,,,5439:59 H,,,,,,
157b8d12-c115-446e-a4dc-d12077751fe2,91aa63f8-13f1-4d97-9495-50fa7818a72b,HAWKER 800XP,838697ff-b6ab-46e4-9aad-def266b918bc,Tmplt HAWKER 800XP,43148239-26c4-4712-81de-969da8d80cf3,VT-VPA,258415,SB 35-3014,SB 35-3014,SB,35,"35-3014
Oxygen- Inspection of passenger oxygen face mask for possible tears in the face cushion.",,,Not Applicable by the serial number of the aircraft 258415.,,,5439:59 H,,,,5439:59 H,,,,,,
157b8d12-c115-446e-a4dc-d12077751fe2,91aa63f8-13f1-4d97-9495-50fa7818a72b,HAWKER 800XP,838697ff-b6ab-46e4-9aad-def266b918bc,Tmplt HAWKER 800XP,43148239-26c4-4712-81de-969da8d80cf3,VT-VPA,258415,DGCA/New-Misc/93,EASA AD 2006-0264,MIS#,25,"M093
Equipment & Furnishing-Passenger seats rear fitting assembly attachment -replacement",,,Not applicable as Decrane Aircraft Seating Company passenger seats are installed in the aircraft.,,,10-May-2026,,,,10-May-2026,,,,,,
157b8d12-c115-446e-a4dc-d12077751fe2,91aa63f8-13f1-4d97-9495-50fa7818a72b,HAWKER 800XP,838697ff-b6ab-46e4-9aad-def266b918bc,Tmplt HAWKER 800XP,43148239-26c4-4712-81de-969da8d80cf3,VT-VPA,258415,DGCA/New-Misc/14,FAR 121.310(c),MIS,100,"M014
Lighting for interior emergency exit markings",,,"Not Applicable As This aircraft is having 10 Seating capacity, aircraft not operated as scheduled air transport.",1:00 H,,5439:59 H,5439:59 H,,1:00 H,1:00 H,-5438:59 H,,,,,
157b8d12-c115-446e-a4dc-d12077751fe2,91aa63f8-13f1-4d97-9495-50fa7818a72b,HAWKER 800XP,838697ff-b6ab-46e4-9aad-def266b918bc,Tmplt HAWKER 800XP,43148239-26c4-4712-81de-969da8d80cf3,VT-VPA,258415,SB 22-14,SB 22-14,SB,22,"SB 22-14
Auto Flight - To introduce a modified Mach trim computer, Part Number 822-0872-001 Mod. 1",,,Complied with Mod # 25F523A at Production,3 Mt,16-Apr-1999,10-May-2026,9886 Dy,,16-Jul-1999,16-Jul-1999,-9795 Dy,,,,,
157b8d12-c115-446e-a4dc-d12077751fe2,91aa63f8-13f1-4d97-9495-50fa7818a72b,HAWKER 800XP,838697ff-b6ab-46e4-9aad-def266b918bc,Tmplt HAWKER 800XP,43148239-26c4-4712-81de-969da8d80cf3,VT-VPA,258415,SB 23-3694 R1,SB 23-3694 R1,SB#,23,"23-3694
COMMUNICATIONS - COCKPIT AUDIO MODIFICATION",,,Not Applicable due to Aircraft Serial no. 258415,,16-Apr-1999,"5439:59 H
10-May-2026",,,,"5439:59 H
10-May-2026",,,,,,
157b8d12-c115-446e-a4dc-d12077751fe2,91aa63f8-13f1-4d97-9495-50fa7818a72b,HAWKER 800XP,838697ff-b6ab-46e4-9aad-def266b918bc,Tmplt HAWKER 800XP,43148239-26c4-4712-81de-969da8d80cf3,VT-VPA,258415,SB 24-3971,SB 24-3971,SB#,24,"24-3971
ELECTRICAL POWER - INSPECTION OF CONNECTORS FOR PROPER SOCKET CONTACT SEATING",,,Not Applicable due to Aircraft Serial no. 258415,,16-Apr-1999,10-May-2026,,,,10-May-2026,,,,,,
157b8d12-c115-446e-a4dc-d12077751fe2,91aa63f8-13f1-4d97-9495-50fa7818a72b,HAWKER 800XP,838697ff-b6ab-46e4-9aad-def266b918bc,Tmplt HAWKER 800XP,43148239-26c4-4712-81de-969da8d80cf3,VT-VPA,258415,DGCA/New-Misc/158,FAA AD 2013-06-51,MIS,50,"M158
Unsafe Condition Failure Of The Overload Clutch Resulting In In Flight Failure Of The Hoist, Which Could Result In Injury To Person Being Lifted.",,,Not Applicable by the Aircraft Model Hawker 800 XP.,10:00 H,,5439:59 H,5439:59 H,,10:00 H,10:00 H,-5429:59 H,,,,,
157b8d12-c115-446e-a4dc-d12077751fe2,91aa63f8-13f1-4d97-9495-50fa7818a72b,HAWKER 800XP,838697ff-b6ab-46e4-9aad-def266b918bc,Tmplt HAWKER 800XP,43148239-26c4-4712-81de-969da8d80cf3,VT-VPA,258415,SB 34-188 Rev.1,SB 34-188 Rev.1,SB,34,"34-188
To check the total air temperature (TAT) probe wiring to the Air Data Computer (ADC) at the connector ""RWF"".",,,This SB is not applicable by the Serial No. of the aircraft.,,,5439:59 H,,,,5439:59 H,,,,,,
157b8d12-c115-446e-a4dc-d12077751fe2,91aa63f8-13f1-4d97-9495-50fa7818a72b,HAWKER 800XP,838697ff-b6ab-46e4-9aad-def266b918bc,Tmplt HAWKER 800XP,43148239-26c4-4712-81de-969da8d80cf3,VT-VPA,258415,DGCA/New-Misc/ 156,FAA AD 2013-09-11,MIS,26,"M156
To Prevent the Brushes in the A/C Motor from wearing down, which could result in the Rivet in the Brush contacting the commutator causing sparks and consequent fire and or smoke in the tail cone with no means to detect or extinguish the fire and or smoke",,,Not Applicable by the Aircraft Model Hawker 800 XP.,"10:00 H
30 Dy",,"5439:59 H
10-May-2026","5439:59 H
46152 Dy",,"10:00 H
29-Jan-1900","10:00 H
29-Jan-1900","-5429:59 H
-46122 Dy",,,,,
157b8d12-c115-446e-a4dc-d12077751fe2,91aa63f8-13f1-4d97-9495-50fa7818a72b,HAWKER 800XP,838697ff-b6ab-46e4-9aad-def266b918bc,Tmplt HAWKER 800XP,43148239-26c4-4712-81de-969da8d80cf3,VT-VPA,258415,SB 24-3724,SB 24-3724,SB#,24,"24-3724
ELECTRICAL POWER - INSPECTION/REPLACEMENT OF HYDRAULIC OVERTEMPERATURE SWITCH FUSE",,,Not Applicable due to Aircraft Serial no. 258415,,16-Apr-1999,"5439:59 H
10-May-2026",,,,"5439:59 H
10-May-2026",,,,,,
157b8d12-c115-446e-a4dc-d12077751fe2,91aa63f8-13f1-4d97-9495-50fa7818a72b,HAWKER 800XP,838697ff-b6ab-46e4-9aad-def266b918bc,Tmplt HAWKER 800XP,43148239-26c4-4712-81de-969da8d80cf3,VT-VPA,258415,DGCA/HAWKER 800/11,FAA AD 2013-11-16,MOD#,57,"MM 11
TO PREVENT VIBRATION & WING / AILERON OSCILLATIONS,WHICH COULD CAUSE STRUCTURAL DAMAGE OR LEAD TO DIVERGENT FLUTTER,AND RESULT IN LOSS OF INTEGRITY OF THE WING ,LOSS OF CONTROL OF THE AIRPLANE & INFLIGHT BREAKUP",,,NOT APPLICABLE AS WINGLET NOT INSTALLED AND STC 01411SE IS NOT COMPLIED WITH.,,16-Apr-1999,10-May-2026,,,,10-May-2026,,,,,,
157b8d12-c115-446e-a4dc-d12077751fe2,91aa63f8-13f1-4d97-9495-50fa7818a72b,HAWKER 800XP,838697ff-b6ab-46e4-9aad-def266b918bc,Tmplt HAWKER 800XP,43148239-26c4-4712-81de-969da8d80cf3,VT-VPA,258415,DGCA / NEW MISCELLAN EOUS / 264,EASA AD 2025-0088,MIS,34,"DGCA / NEW MISCELLAN EOUS / 264
ATA 34 - Navigation - Satellite Based Augmentation Systems / Global Positioning System Receiver - Replacement.",,,Not applicable as Rockwell Collins GPS is not installed on the aircraft.,,5439:59 H,5439:59 H,,,,5439:59 H,,,,,,
157b8d12-c115-446e-a4dc-d12077751fe2,91aa63f8-13f1-4d97-9495-50fa7818a72b,HAWKER 800XP,838697ff-b6ab-46e4-9aad-def266b918bc,Tmplt HAWKER 800XP,43148239-26c4-4712-81de-969da8d80cf3,VT-VPA,258415,DGCA / NEW MISCELLAN EOUS / 263,UK CAA AD No. G-2025-0002,MIS,25,"DGCA / NEW MISCELLAN EOUS / 263
ATA: 25 - Equipment /Furnishings - Pilot & Co-Pilot Seats - Inspection /Modification.",,,Not applicable as type 3A063 pilot and co-pilot crew seats are not installed.,,5439:59 H,5439:59 H,,,,5439:59 H,,,,,,
157b8d12-c115-446e-a4dc-d12077751fe2,91aa63f8-13f1-4d97-9495-50fa7818a72b,HAWKER 800XP,838697ff-b6ab-46e4-9aad-def266b918bc,Tmplt HAWKER 800XP,43148239-26c4-4712-81de-969da8d80cf3,VT-VPA,258415,DGCA/NEW-MISC/218,FAA AD 2018-07-03,MIS,25,"M 218
Joint Aircraft System Component (JASC) Code 2500, Cabin Equipment/Furnishings.",,,Not applicable as cabin attendant seats are not installed in this aircraft.,,,5439:59 H,,,,5439:59 H,,,,,,
157b8d12-c115-446e-a4dc-d12077751fe2,91aa63f8-13f1-4d97-9495-50fa7818a72b,HAWKER 800XP,838697ff-b6ab-46e4-9aad-def266b918bc,Tmplt HAWKER 800XP,43148239-26c4-4712-81de-969da8d80cf3,VT-VPA,258415,FAA AD 2006-19-04,Honeywell Alert Service Bulletin 7510700-23-A0048,AD#,23,"2006-19-04
Honeywell COM unit and Mode S transponder",,,Not applicable as Installed Mode S Transponder P/N 7510700-665.,,16-Apr-1999,10-May-2026,,,,10-May-2026,,,,,,
157b8d12-c115-446e-a4dc-d12077751fe2,91aa63f8-13f1-4d97-9495-50fa7818a72b,HAWKER 800XP,838697ff-b6ab-46e4-9aad-def266b918bc,Tmplt HAWKER 800XP,43148239-26c4-4712-81de-969da8d80cf3,VT-VPA,258415,SB 24-3751,SB 24-3751,SB#,24,"24-3751
FUEL - REFUEL PANEL UPGRADE WITH LOWER BATTERY CONSUMPTION FOR AIRCRAFT EQUIPPED WITH WEATHER GRAPHICS CDU(S)",,,Not Applicable due to Aircraft Serial no. 258415,,16-Apr-1999,10-May-2026,,,,10-May-2026,,,,,,
157b8d12-c115-446e-a4dc-d12077751fe2,91aa63f8-13f1-4d97-9495-50fa7818a72b,HAWKER 800XP,838697ff-b6ab-46e4-9aad-def266b918bc,Tmplt HAWKER 800XP,43148239-26c4-4712-81de-969da8d80cf3,VT-VPA,258415,SB 34-3717,SB 34-3717,SB#,34,"34-3717
NAVIGATION - AVIONICS MODIFICATION FOR ENHANCED FLIGHT IDENTIFICATION",,,Not Applicable due to Aircraft Serial no. 258415,,16-Apr-1999,10-May-2026,,,,10-May-2026,,,,,,
157b8d12-c115-446e-a4dc-d12077751fe2,91aa63f8-13f1-4d97-9495-50fa7818a72b,HAWKER 800XP,838697ff-b6ab-46e4-9aad-def266b918bc,Tmplt HAWKER 800XP,43148239-26c4-4712-81de-969da8d80cf3,VT-VPA,258415,SB 34-3381 R5,SB 34-3381 R5,SB$,34,"34-3381
NAVIGATION - AIR DATA COMPUTER INCREASED ACCURACY (ROCKWELL COLLINS)",,,Optional SB Shall be complied as & when required,,,5439:59 H,,,,5439:59 H,,,,,,
157b8d12-c115-446e-a4dc-d12077751fe2,91aa63f8-13f1-4d97-9495-50fa7818a72b,HAWKER 800XP,838697ff-b6ab-46e4-9aad-def266b918bc,Tmplt HAWKER 800XP,43148239-26c4-4712-81de-969da8d80cf3,VT-VPA,258415,DGCA/New-Misc/104,FAA AD 2007-26-11,MIS,35,"M104
Risk Of High Pressure Oxygen Cylinder Tearing.",,,Not applicable as Walter Kidde Aerospace WKA 37447 Oxygen Cylinder installed.,30 Dy,,10-May-2026,46152 Dy,,29-Jan-1900,29-Jan-1900,-46122 Dy,,,,,
157b8d12-c115-446e-a4dc-d12077751fe2,91aa63f8-13f1-4d97-9495-50fa7818a72b,HAWKER 800XP,838697ff-b6ab-46e4-9aad-def266b918bc,Tmplt HAWKER 800XP,43148239-26c4-4712-81de-969da8d80cf3,VT-VPA,258415,DGCA/New-Misc/ 157,FAA AD 2013-11-04,MIS,26,"M157
To prevent the failure of urethane seals to maintain sufficient halon concentration in the cargo compartments to extinguish or contain fire or smoke",,,Not Applicable by the Aircraft Model Hawker 800 XP.,72 Mt,,10-May-2026,46152 Dy,,30-Dec-1905,30-Dec-1905,-43961 Dy,,,,,
157b8d12-c115-446e-a4dc-d12077751fe2,91aa63f8-13f1-4d97-9495-50fa7818a72b,HAWKER 800XP,838697ff-b6ab-46e4-9aad-def266b918bc,Tmplt HAWKER 800XP,43148239-26c4-4712-81de-969da8d80cf3,VT-VPA,258415,DGCA/ NEW MISC/ 243,EASA AD :2021-0185 R1,MIS,26,"DGCA/ NEW MISC/ 243
ATA 26 - Fire Protection - Hand-operated Fire Extinguishers - Inspection / Replacement",,,Not applicable as Fire Fighting Enterprises Ltd. manufactured fire extinguisher is installed in the aircraft.,,4939:15 H,5439:59 H,,,,5439:59 H,,,,,,
157b8d12-c115-446e-a4dc-d12077751fe2,91aa63f8-13f1-4d97-9495-50fa7818a72b,HAWKER 800XP,838697ff-b6ab-46e4-9aad-def266b918bc,Tmplt HAWKER 800XP,43148239-26c4-4712-81de-969da8d80cf3,VT-VPA,258415,SB 32-3516,SB 32-3516,SB,32,"32-3516
LANDING GEAR - NOSE LANDING GEAR TORQUE LINK BUSHING REPLACEMENT",,,Recmmended SB Shall be complied as & when required,,,"5439:59 H
3821 L",,,,"5439:59 H
3821 L",,,,,,
157b8d12-c115-446e-a4dc-d12077751fe2,91aa63f8-13f1-4d97-9495-50fa7818a72b,HAWKER 800XP,838697ff-b6ab-46e4-9aad-def266b918bc,Tmplt HAWKER 800XP,43148239-26c4-4712-81de-969da8d80cf3,VT-VPA,258415,DGCA/New Misc/136,FAA AD 2011-11-04,MIS,26,"M136
The Joint Aircraft System/Component (JASC) Code is 2622: Fire Bottle, Portable.",,,"Not applicable to airplanes, only applicable to helicopters.",60 Dy,16-Apr-1999,10-May-2026,9886 Dy,,15-Jun-1999,15-Jun-1999,-9826 Dy,,,,,
157b8d12-c115-446e-a4dc-d12077751fe2,91aa63f8-13f1-4d97-9495-50fa7818a72b,HAWKER 800XP,838697ff-b6ab-46e4-9aad-def266b918bc,Tmplt HAWKER 800XP,43148239-26c4-4712-81de-969da8d80cf3,VT-VPA,258415,FAA AD 97-18-07,Raytheon Service Bulletin SB.55-36-25F017A&B,AD,55,"97-18-07
Rudder",,,Production complied.,"100:00 H
6 Mt",16-Apr-1999,"5439:59 H
10-May-2026","5439:59 H
9886 Dy",,"100:00 H
16-Oct-1999","100:00 H
16-Oct-1999","-5339:59 H
-9703 Dy",,,,,
157b8d12-c115-446e-a4dc-d12077751fe2,91aa63f8-13f1-4d97-9495-50fa7818a72b,HAWKER 800XP,838697ff-b6ab-46e4-9aad-def266b918bc,Tmplt HAWKER 800XP,43148239-26c4-4712-81de-969da8d80cf3,VT-VPA,258415,DGCA/NEW-MISC/220,EASA AD 2019-0084,MIS,26,"M 220
ATA 26 - Fire Protection - Fire Extinguisher Percussion Cartridge - Life Limit",,,Not applicable by the aircraft model Hawker 800XP.,,,5439:59 H,,,,5439:59 H,,,,,,
157b8d12-c115-446e-a4dc-d12077751fe2,91aa63f8-13f1-4d97-9495-50fa7818a72b,HAWKER 800XP,838697ff-b6ab-46e4-9aad-def266b918bc,Tmplt HAWKER 800XP,43148239-26c4-4712-81de-969da8d80cf3,VT-VPA,258415,DGCA/New-Misc/167 R1,EASA AD 2014-0244,MIS,25,"M167
Equipment & Furnishings - Emergency Flotation System - Rotorcraft Flight Manual (Supplement) Limitation",,,Not Applicable by the Aircraft Model Hawker 800XP.,3 Mt,16-Apr-1999,10-May-2026,9886 Dy,,16-Jul-1999,16-Jul-1999,-9795 Dy,,,,,
157b8d12-c115-446e-a4dc-d12077751fe2,91aa63f8-13f1-4d97-9495-50fa7818a72b,HAWKER 800XP,838697ff-b6ab-46e4-9aad-def266b918bc,Tmplt HAWKER 800XP,43148239-26c4-4712-81de-969da8d80cf3,VT-VPA,258415,DGCA/New Misc/112 Rev.1,EASA AD 2010-0067,MIS,34,"M112
Navigation-Mode S Transponder -Check / Modification",,,Not applicable as Honeywell manufactured RCZ-833 Transponder is installed in aircraft.,365 Dy,,10-May-2026,46152 Dy,,30-Dec-1900,30-Dec-1900,-45787 Dy,,,,,
157b8d12-c115-446e-a4dc-d12077751fe2,91aa63f8-13f1-4d97-9495-50fa7818a72b,HAWKER 800XP,838697ff-b6ab-46e4-9aad-def266b918bc,Tmplt HAWKER 800XP,43148239-26c4-4712-81de-969da8d80cf3,VT-VPA,258415,DGCA/ NEW MISC/ 224R1,FAA AD No.: 2021-05-17,MIS,34,"DGCA/ NEW MISC/ 224R1
Joint Aircraft System Component (JASC) Code 3400, NAVIGATION SYSTEM.",,,Not applicable by Honeywell manufactured ED-800 MFD is installed in our aircraft.,30 Dy,19-Apr-2021,10-May-2026,1847 Dy,,19-May-2021,19-May-2021,-1817 Dy,,,,,
157b8d12-c115-446e-a4dc-d12077751fe2,91aa63f8-13f1-4d97-9495-50fa7818a72b,HAWKER 800XP,838697ff-b6ab-46e4-9aad-def266b918bc,Tmplt HAWKER 800XP,43148239-26c4-4712-81de-969da8d80cf3,VT-VPA,258415,SB 34-3752,SB 34-3752,SB#,34,"34-3752
NAVIGATION - AVIONICS MODIFICATION FOR UPDATED FLIGHT IDENTIFICATION FOR AIRCRAFT EQUIPPED WITH WEATHER GRAPHICS CDU(S) (COLLINS PRO LINE 21)",,,Not Applicable due to Aircraft Serial no. 258415,,16-Apr-1999,10-May-2026,,,,10-May-2026,,,,,,
157b8d12-c115-446e-a4dc-d12077751fe2,91aa63f8-13f1-4d97-9495-50fa7818a72b,HAWKER 800XP,838697ff-b6ab-46e4-9aad-def266b918bc,Tmplt HAWKER 800XP,43148239-26c4-4712-81de-969da8d80cf3,VT-VPA,258415,SB 28-3031,SB 28-3031,SB$,28,"28-3031
Fuel - Introduction of a damping restrictor at the engine fuel low pressure warning switch",,,Optional SB Shall be complied as & when required,,16-Apr-1999,10-May-2026,,,,10-May-2026,,,,,,
157b8d12-c115-446e-a4dc-d12077751fe2,91aa63f8-13f1-4d97-9495-50fa7818a72b,HAWKER 800XP,838697ff-b6ab-46e4-9aad-def266b918bc,Tmplt HAWKER 800XP,43148239-26c4-4712-81de-969da8d80cf3,VT-VPA,258415,SB 30-3455,SB 30-3455,SB$,30,"30-3455
ICE AND RAIN PROTECTION - INTRODUCTION OF AN ALTERNATIVE TKS TIMER",,,Optional SB Shall be complied as & when required,,16-Apr-1999,10-May-2026,,,,10-May-2026,,,,,,
157b8d12-c115-446e-a4dc-d12077751fe2,91aa63f8-13f1-4d97-9495-50fa7818a72b,HAWKER 800XP,838697ff-b6ab-46e4-9aad-def266b918bc,Tmplt HAWKER 800XP,43148239-26c4-4712-81de-969da8d80cf3,VT-VPA,258415,SB 32-241 R1,SB 32-241 R1,SB$,32,"32-241
Introduction of replacement main landing gear downlock microswitch assembly(s).",,,Complied with Mod # 25F512A at Production,,16-Apr-1999,10-May-2026,,,,10-May-2026,,,,,,
157b8d12-c115-446e-a4dc-d12077751fe2,91aa63f8-13f1-4d97-9495-50fa7818a72b,HAWKER 800XP,838697ff-b6ab-46e4-9aad-def266b918bc,Tmplt HAWKER 800XP,43148239-26c4-4712-81de-969da8d80cf3,VT-VPA,258415,SB 23-3969 R1,SB 23-3969 R1,SB#,23,"23-3969
COMMUNICATIONS - MODIFICATION OF INTERPHONE VOX WIRING",,,N/A by Aircraft S/N 258415,,16-Apr-1999,10-May-2026,,,,10-May-2026,,,,,,
157b8d12-c115-446e-a4dc-d12077751fe2,91aa63f8-13f1-4d97-9495-50fa7818a72b,HAWKER 800XP,838697ff-b6ab-46e4-9aad-def266b918bc,Tmplt HAWKER 800XP,43148239-26c4-4712-81de-969da8d80cf3,VT-VPA,258415,DGCA/New-Misc/106,EASA AD 2008-0159,MIS#,34,"M106
Navigation Systems - Mode-S Transponder - Modification / Replacement",,,Not applicable as Honeywell RCZ-833 model Transponder in installed in aircraft.,,,5439:59 H,,,,5439:59 H,,,,,,
157b8d12-c115-446e-a4dc-d12077751fe2,91aa63f8-13f1-4d97-9495-50fa7818a72b,HAWKER 800XP,838697ff-b6ab-46e4-9aad-def266b918bc,Tmplt HAWKER 800XP,43148239-26c4-4712-81de-969da8d80cf3,VT-VPA,258415,DGCA/New-Misc/97,FAA AS 2007-04-15,MIS#,1,"M097
To prevent detachment of passenger seats assemblies during emergency conditions",,,Not applicable as Decrane Aircraft Seating Company passenger seats are installed.,,,5439:59 H,,,,5439:59 H,,,,,,
157b8d12-c115-446e-a4dc-d12077751fe2,91aa63f8-13f1-4d97-9495-50fa7818a72b,HAWKER 800XP,838697ff-b6ab-46e4-9aad-def266b918bc,Tmplt HAWKER 800XP,43148239-26c4-4712-81de-969da8d80cf3,VT-VPA,258415,DGCA/NEW-MISC/174,FAA AD 2015-16-04,MIS,26,"M174
To prevent fire extinguishers from failing to operate in the event of a fire, which could jeopardize occupants' safety and continuation of safe flight and landing",,,Not applicable as Fire Fighting enterprises manufactured fire extinguisher is installed in this aircraft.,,,5439:59 H,,,,5439:59 H,,,,,,
157b8d12-c115-446e-a4dc-d12077751fe2,91aa63f8-13f1-4d97-9495-50fa7818a72b,HAWKER 800XP,838697ff-b6ab-46e4-9aad-def266b918bc,Tmplt HAWKER 800XP,43148239-26c4-4712-81de-969da8d80cf3,VT-VPA,258415,SB 24-3664,SB 24-3664,SB#,24,"24-3664
ELECTRICAL POWER - WIRING MODIFICATION FOR AIRSHOW® CABIN DISPLAY",,,Not Applicable due to Aircraft Serial no. 258415,,16-Apr-1999,"5439:59 H
10-May-2026",,,,"5439:59 H
10-May-2026",,,,,,
157b8d12-c115-446e-a4dc-d12077751fe2,91aa63f8-13f1-4d97-9495-50fa7818a72b,HAWKER 800XP,838697ff-b6ab-46e4-9aad-def266b918bc,Tmplt HAWKER 800XP,43148239-26c4-4712-81de-969da8d80cf3,VT-VPA,258415,SB 49-3018,SB 49-3018,SB,49,"49-3018
Auxiliary Power- Inspection of Auxiliary Power Unit (APU) fuel feed hose assemblies for possible collapse of inner casting and replacement with new.",,,Not applicable by the serial number of Aircraft.,,,5439:59 H,,,,5439:59 H,,,,,,
157b8d12-c115-446e-a4dc-d12077751fe2,91aa63f8-13f1-4d97-9495-50fa7818a72b,HAWKER 800XP,838697ff-b6ab-46e4-9aad-def266b918bc,Tmplt HAWKER 800XP,43148239-26c4-4712-81de-969da8d80cf3,VT-VPA,258415,SB 34-3794 R1,SB 34-3794 R1,SB$,34,"SB 34-3794
NAVIGATION - REDEFINITION AND IDENTIFICATION OF RVSM CRITICAL AREA",,,Optional SB shall be complied as & when required,,16-Apr-1999,10-May-2026,,,,10-May-2026,,,,,,
157b8d12-c115-446e-a4dc-d12077751fe2,91aa63f8-13f1-4d97-9495-50fa7818a72b,HAWKER 800XP,838697ff-b6ab-46e4-9aad-def266b918bc,Tmplt HAWKER 800XP,43148239-26c4-4712-81de-969da8d80cf3,VT-VPA,258415,DGCA/New-Misc/187,FAA AD 2016-18-11,MIS,32,"M187
To prevent such cracking, which could result in depletion of the combined (left) and utility hydraulic system fluid and the nitrogen emergency blowdown system, failure of the combined (left) hydraulic system (all phrases) to provide adequate hydraulic pressure, and failure of the MLG to extend when commanded.",,,Not applicable by the aircraft model Hawker 800 Xp.,,,5439:59 H,,,,5439:59 H,,,,,,
157b8d12-c115-446e-a4dc-d12077751fe2,91aa63f8-13f1-4d97-9495-50fa7818a72b,HAWKER 800XP,838697ff-b6ab-46e4-9aad-def266b918bc,Tmplt HAWKER 800XP,43148239-26c4-4712-81de-969da8d80cf3,VT-VPA,258415,SB 25-3665,SB 25-3665,SB$,25,"25-3665
EQUIPMENT/FURNISHINGS - LAVATORY WATER SWITCH MODIFICATION",,,Optional SB not yet applied on the aircraft,,16-Apr-1999,10-May-2026,,,,10-May-2026,,,,,,
157b8d12-c115-446e-a4dc-d12077751fe2,91aa63f8-13f1-4d97-9495-50fa7818a72b,HAWKER 800XP,838697ff-b6ab-46e4-9aad-def266b918bc,Tmplt HAWKER 800XP,43148239-26c4-4712-81de-969da8d80cf3,VT-VPA,258415,SB 26-37 Rev.1,SB 26-37 Rev.1,SB$,26,"26-37
Fire Bottles- Extinguishing- Introduction of main engine fire bottles with visual pressure indication.",,,This is an Optional SB and will be complied as per Operators discretion.,,,5439:59 H,,,,5439:59 H,,,,,,
157b8d12-c115-446e-a4dc-d12077751fe2,91aa63f8-13f1-4d97-9495-50fa7818a72b,HAWKER 800XP,838697ff-b6ab-46e4-9aad-def266b918bc,Tmplt HAWKER 800XP,43148239-26c4-4712-81de-969da8d80cf3,VT-VPA,258415,SB 27-3554 R4,SB 27-3554 R4,SB#,27,"27-3554
FLIGHT CONTROLS - PROLINE 21 AIR BRAKE BAULK FOR CANADIAN CERTIFICATION",,,Not Applicable due to Aircraft Serial no. 258415,,16-Apr-1999,10-May-2026,,,,10-May-2026,,,,,,
157b8d12-c115-446e-a4dc-d12077751fe2,91aa63f8-13f1-4d97-9495-50fa7818a72b,HAWKER 800XP,838697ff-b6ab-46e4-9aad-def266b918bc,Tmplt HAWKER 800XP,43148239-26c4-4712-81de-969da8d80cf3,VT-VPA,258415,DGCA/New-Misc/61,FAA AD 2002-15-02,MIS#,32,"M061
To replace affected compressor wheels",,,Not applicable as installed APU is manufacturer is HONEYWELL.,,,5439:59 H,,,,5439:59 H,,,,,,
157b8d12-c115-446e-a4dc-d12077751fe2,91aa63f8-13f1-4d97-9495-50fa7818a72b,HAWKER 800XP,838697ff-b6ab-46e4-9aad-def266b918bc,Tmplt HAWKER 800XP,43148239-26c4-4712-81de-969da8d80cf3,VT-VPA,258415,SB 01-23 R1,SB 01-23 R1,SB#,100,"01-23
CERTIFICATION DOCUMENTS - GENERAL - TO INTRODUCE CHANGES TO MEET ISRAELI CERTIFICATION REQUIREMENTS",,,Not Applicable due to Aircraft Serial no. 258415,,16-Apr-1999,10-May-2026,,,,10-May-2026,,,,,,
157b8d12-c115-446e-a4dc-d12077751fe2,91aa63f8-13f1-4d97-9495-50fa7818a72b,HAWKER 800XP,838697ff-b6ab-46e4-9aad-def266b918bc,Tmplt HAWKER 800XP,43148239-26c4-4712-81de-969da8d80cf3,VT-VPA,258415,DGCA/New-Misc/173,EASA AD 2015-0093,MIS#,34,"M173
Navigation - Attitude Heading Reference System - Modification / Replacement",,,Not Applicable as Honeywell Manufactured AHRS is installed in this aircraft.,,,5439:59 H,,,,5439:59 H,,,,,,
157b8d12-c115-446e-a4dc-d12077751fe2,91aa63f8-13f1-4d97-9495-50fa7818a72b,HAWKER 800XP,838697ff-b6ab-46e4-9aad-def266b918bc,Tmplt HAWKER 800XP,43148239-26c4-4712-81de-969da8d80cf3,VT-VPA,258415,SB 29-101 R3,SB 29-101 R3,SB#,29,"29-101
Hydraulic Power - Introduction of a bypass with a flow restrictor in the air brake hydraulic system",,,Not Applicable due Aircraft Serial no. 258415,,16-Apr-1999,10-May-2026,,,,10-May-2026,,,,,,
157b8d12-c115-446e-a4dc-d12077751fe2,91aa63f8-13f1-4d97-9495-50fa7818a72b,HAWKER 800XP,838697ff-b6ab-46e4-9aad-def266b918bc,Tmplt HAWKER 800XP,43148239-26c4-4712-81de-969da8d80cf3,VT-VPA,258415,FAA AD 2014-15-08,SB 57-4112,AD#,28,"2014-15-08
Air Transport Association (ATA) of America Code 28, Fuel.",,,Ref. SB 57-4112 is not applicable as aircraft is not equipped with winglets or kit 140-1701. No further action required.,,16-Apr-1999,"5439:59 H
10-May-2026",,,,"5439:59 H
10-May-2026",,,,,,
157b8d12-c115-446e-a4dc-d12077751fe2,91aa63f8-13f1-4d97-9495-50fa7818a72b,HAWKER 800XP,838697ff-b6ab-46e4-9aad-def266b918bc,Tmplt HAWKER 800XP,43148239-26c4-4712-81de-969da8d80cf3,VT-VPA,258415,DGCA/New-Misc/31,FAA AD 98-25-10 R1,MIS#,25,"M031
To prevent failure of seat restraint system",,,Not applicable as AM-SAFE manufactured seat restraint system is installed in this aircraft.,,,5439:59 H,,,,5439:59 H,,,,,,
157b8d12-c115-446e-a4dc-d12077751fe2,91aa63f8-13f1-4d97-9495-50fa7818a72b,HAWKER 800XP,838697ff-b6ab-46e4-9aad-def266b918bc,Tmplt HAWKER 800XP,43148239-26c4-4712-81de-969da8d80cf3,VT-VPA,258415,SB 34-3517 R1,SB 34-3517 R1,SB#,34,"SB 34-3517
NAVIGATION - AIR DATA COMPUTER INCREASED ACCURACY (COLLINS)",,,Not Applicable due to Aircraft Serial no. 258415,,16-Apr-1999,10-May-2026,,,,10-May-2026,,,,,,
157b8d12-c115-446e-a4dc-d12077751fe2,91aa63f8-13f1-4d97-9495-50fa7818a72b,HAWKER 800XP,838697ff-b6ab-46e4-9aad-def266b918bc,Tmplt HAWKER 800XP,43148239-26c4-4712-81de-969da8d80cf3,VT-VPA,258415,SB 53-3186,SB 53-3186,SB,53,"53-3186
Fuselage- Sealing of the fuselage keel stringers.",,,Not applicable by the Serial Number of the aircraft 258415.,,,5439:59 H,,,,5439:59 H,,,,,,
157b8d12-c115-446e-a4dc-d12077751fe2,91aa63f8-13f1-4d97-9495-50fa7818a72b,HAWKER 800XP,838697ff-b6ab-46e4-9aad-def266b918bc,Tmplt HAWKER 800XP,43148239-26c4-4712-81de-969da8d80cf3,VT-VPA,258415,SB 21-3443 R4,SB 21-3443 R4,SB,21,"21-3443
AIR CONDITIONING - INSTALLATION OF REINFORCING BANDS IN AIR CONDITIONING DUCTS",,,Recommended SB shall be complied as & when required.,,16-Apr-1999,10-May-2026,,,,10-May-2026,,,,,,
157b8d12-c115-446e-a4dc-d12077751fe2,91aa63f8-13f1-4d97-9495-50fa7818a72b,HAWKER 800XP,838697ff-b6ab-46e4-9aad-def266b918bc,Tmplt HAWKER 800XP,43148239-26c4-4712-81de-969da8d80cf3,VT-VPA,258415,SB 32-222 Rev 1,SB 32-222 Rev 1,SB,32,"32-222 Rev 1
landing gear- main gear- introduction of improved torque link pivot arrangement.",,,Complied with Mod # 253244A at Production,,,5439:59 H,,,,5439:59 H,,,,,,
157b8d12-c115-446e-a4dc-d12077751fe2,91aa63f8-13f1-4d97-9495-50fa7818a72b,HAWKER 800XP,838697ff-b6ab-46e4-9aad-def266b918bc,Tmplt HAWKER 800XP,43148239-26c4-4712-81de-969da8d80cf3,VT-VPA,258415,SB 53-74 Rev 1,SB 53-74 Rev 1,SB,53,"53-74 Rev 1
Fuselage- Firings- Introduction of drain masts at rear equipment by vent outlets.",,,"Not applicable by the aircraft model Hawker 800XP,Not Applicable as Aircraft is POST MOD 253193B",,,5439:59 H,,,,5439:59 H,,,,,,
157b8d12-c115-446e-a4dc-d12077751fe2,91aa63f8-13f1-4d97-9495-50fa7818a72b,HAWKER 800XP,838697ff-b6ab-46e4-9aad-def266b918bc,Tmplt HAWKER 800XP,43148239-26c4-4712-81de-969da8d80cf3,VT-VPA,258415,SB 27-162 R2,SB 27-162 R2,SB$,27,"27-162
FLIGHT CONTROLS - AIRBRAKE - TO INTRODUCE REPLACEMENT MICROSWITCHES BY OTTO CONTROLS FOR AIRBRAKE POSITION SENSING",,,Optional SB Shall be complied as & when required,,16-Apr-1999,10-May-2026,,,,10-May-2026,,,,,,
157b8d12-c115-446e-a4dc-d12077751fe2,91aa63f8-13f1-4d97-9495-50fa7818a72b,HAWKER 800XP,838697ff-b6ab-46e4-9aad-def266b918bc,Tmplt HAWKER 800XP,43148239-26c4-4712-81de-969da8d80cf3,VT-VPA,258415,DGCA/New-Misc/92,FAA AD 2006-19-04,MIS#,23,"M092
Communication - COMM Units & Transponders - Modification/ Replacement",,,Not applicable as Transponder Model RCZ-833K Part No. 7510700-665 is installed.,,,10-May-2026,,,,10-May-2026,,,,,,
157b8d12-c115-446e-a4dc-d12077751fe2,91aa63f8-13f1-4d97-9495-50fa7818a72b,HAWKER 800XP,838697ff-b6ab-46e4-9aad-def266b918bc,Tmplt HAWKER 800XP,43148239-26c4-4712-81de-969da8d80cf3,VT-VPA,258415,DGCA/NEW -MISC/257,FAA AD 2023-12-25,MIS,25,"DGCA/NEW -MISC/257
Air Transport Association (ATA) of America Code 25, Equipment/Furnishings.",,,,,5362:29 H,5439:59 H,,,,5439:59 H,,,,,,
157b8d12-c115-446e-a4dc-d12077751fe2,91aa63f8-13f1-4d97-9495-50fa7818a72b,HAWKER 800XP,838697ff-b6ab-46e4-9aad-def266b918bc,Tmplt HAWKER 800XP,43148239-26c4-4712-81de-969da8d80cf3,VT-VPA,258415,DGCA/New Misc/122 R1,EASA AD 2010-0003 R2,MIS,34,"M122
Navigation - Mode S Transponder Aircraft Type Mode Strapping - Check / Modification",,,Not applicable as Mode S Transponder RCZ-833K is installed in this aircraft.,90 Dy,,10-May-2026,46152 Dy,,30-Mar-1900,30-Mar-1900,-46062 Dy,,,,,
157b8d12-c115-446e-a4dc-d12077751fe2,91aa63f8-13f1-4d97-9495-50fa7818a72b,HAWKER 800XP,838697ff-b6ab-46e4-9aad-def266b918bc,Tmplt HAWKER 800XP,43148239-26c4-4712-81de-969da8d80cf3,VT-VPA,258415,SB 21-3136,SB 21-3136,SB$,21,"21-3136
Pressurization control. To permit operations into high altitude airfields.",,,Optional SB Shall be complied as & when required,,16-Apr-1999,10-May-2026,,,,10-May-2026,,,,,,
157b8d12-c115-446e-a4dc-d12077751fe2,91aa63f8-13f1-4d97-9495-50fa7818a72b,HAWKER 800XP,838697ff-b6ab-46e4-9aad-def266b918bc,Tmplt HAWKER 800XP,43148239-26c4-4712-81de-969da8d80cf3,VT-VPA,258415,SB 21-160,SB 21-160,SB$,21,"21-160
Cabin Pressure Relief/Outflow Valves - Introduction of valve part numbers 103278-13 and 103278-17, series 2.",,,Optional SB shall be complied as & when required,,16-Apr-1999,10-May-2026,,,,10-May-2026,,,,,,
157b8d12-c115-446e-a4dc-d12077751fe2,91aa63f8-13f1-4d97-9495-50fa7818a72b,HAWKER 800XP,838697ff-b6ab-46e4-9aad-def266b918bc,Tmplt HAWKER 800XP,43148239-26c4-4712-81de-969da8d80cf3,VT-VPA,258415,DGCA/New-Misc/51 R1,FAA AD 2004-25-16 R1,MIS#,28,"M051
To prevent failure of the fuel regulator shutoff valve",,,Not applicable as combustion heater not installed.,,16-Apr-1999,10-May-2026,,,,10-May-2026,,,,,,
157b8d12-c115-446e-a4dc-d12077751fe2,91aa63f8-13f1-4d97-9495-50fa7818a72b,HAWKER 800XP,838697ff-b6ab-46e4-9aad-def266b918bc,Tmplt HAWKER 800XP,43148239-26c4-4712-81de-969da8d80cf3,VT-VPA,258415,DGCA / NEW MISCELLANEOUS / 269,EASA AD 2025-0295,MIS#,25,"DGCA / NEW MISCELLANEOUS / 269
ATA 25 - Equipment / Furnishings - Pallet Net - Limitation",,,Not Applicable as Pallet Net not Installed on aircraft.,,,5439:59 H,,,,5439:59 H,,,,,,
157b8d12-c115-446e-a4dc-d12077751fe2,91aa63f8-13f1-4d97-9495-50fa7818a72b,HAWKER 800XP,838697ff-b6ab-46e4-9aad-def266b918bc,Tmplt HAWKER 800XP,43148239-26c4-4712-81de-969da8d80cf3,VT-VPA,258415,DGCA/New Misc/128,EASA AD 2010-0233,MIS,27,"M128
Flight Controls - Turnbuckles - Inspection",,,Not applicable due to Aircraft Model. Applicable to Helicopter only.,2 Mt,,10-May-2026,46152 Dy,,28-Feb-1900,28-Feb-1900,-46092 Dy,,,,,
157b8d12-c115-446e-a4dc-d12077751fe2,91aa63f8-13f1-4d97-9495-50fa7818a72b,HAWKER 800XP,838697ff-b6ab-46e4-9aad-def266b918bc,Tmplt HAWKER 800XP,43148239-26c4-4712-81de-969da8d80cf3,VT-VPA,258415,DGCA/NEW-MISC/239,FAA AD 2021-08-15,MIS,31,"DGCA/NEW-MISC/239
Joint Aircraft System Component (JASC) Code 3445, AIR COLLISION AVOIDANCE SYSTEM (TCAS).",,,: Not applicable as Honeywell manufactured TCAS System is Installed.,,4836:44 H,5439:59 H,,,,5439:59 H,,,,,,
157b8d12-c115-446e-a4dc-d12077751fe2,91aa63f8-13f1-4d97-9495-50fa7818a72b,HAWKER 800XP,838697ff-b6ab-46e4-9aad-def266b918bc,Tmplt HAWKER 800XP,43148239-26c4-4712-81de-969da8d80cf3,VT-VPA,258415,SB 125-26-01 R1,,SB$,26,"SB 125-26-01 R1
FIRE PROTECTION - ALTERNATE FIRE BELL INSTALLATION",,,Applicable and will be complied as per customer's choice.,,,5439:59 H,,,,5439:59 H,,,,,,
157b8d12-c115-446e-a4dc-d12077751fe2,91aa63f8-13f1-4d97-9495-50fa7818a72b,HAWKER 800XP,838697ff-b6ab-46e4-9aad-def266b918bc,Tmplt HAWKER 800XP,43148239-26c4-4712-81de-969da8d80cf3,VT-VPA,258415,DGCA/NEW-MISC/206,FAA AD : 2018-16-13,MIS,25,"M 206
Joint Aircraft System Component (JASC) 2500 Code, Cabin Equipment/Furnishings.",,,Not applicable as Cabin attendant seats are not installed in this aircraft.,,,5439:59 H,,,,5439:59 H,,,,,,
157b8d12-c115-446e-a4dc-d12077751fe2,91aa63f8-13f1-4d97-9495-50fa7818a72b,HAWKER 800XP,838697ff-b6ab-46e4-9aad-def266b918bc,Tmplt HAWKER 800XP,43148239-26c4-4712-81de-969da8d80cf3,VT-VPA,258415,SB 27-3150,SB 27-3150,SB$,27,"27-3150
Flight Controls - Airbrakes - To introduce airbrake selector lever baulk",,,Optional SB shall be complied as & when required,,16-Apr-1999,10-May-2026,,,,10-May-2026,,,,,,
157b8d12-c115-446e-a4dc-d12077751fe2,91aa63f8-13f1-4d97-9495-50fa7818a72b,HAWKER 800XP,838697ff-b6ab-46e4-9aad-def266b918bc,Tmplt HAWKER 800XP,43148239-26c4-4712-81de-969da8d80cf3,VT-VPA,258415,DGCA/New-Misc/103,DGCA let 9-414/96-AI(2),MIS#,34,"M103
CVR-The bulk Erase facility should be deactivated by removing the relevant card from the CVR unit",,,Checked and found CVR Bulk Erase Facility deactivated.,,,5439:59 H,,,,5439:59 H,,,,,,
157b8d12-c115-446e-a4dc-d12077751fe2,91aa63f8-13f1-4d97-9495-50fa7818a72b,HAWKER 800XP,838697ff-b6ab-46e4-9aad-def266b918bc,Tmplt HAWKER 800XP,43148239-26c4-4712-81de-969da8d80cf3,VT-VPA,258415,DGCA /New-Misc/16,FAA AD 90-09-08,MIS,1,"M016
Inspection of IPECO crew seats.",,,"Not applicable as IPECO Crew Seats P/No.3A026-0013-00-2 , S/N : 32081 & 3A026-0014-00-2, S/N 32091 Installed dated 17-08-2013","1:00 H
30 Dy",16-Apr-1999,"5439:59 H
10-May-2026","5439:59 H
9886 Dy",,"1:00 H
16-May-1999","1:00 H
16-May-1999","-5438:59 H
-9856 Dy",,,,,
157b8d12-c115-446e-a4dc-d12077751fe2,91aa63f8-13f1-4d97-9495-50fa7818a72b,HAWKER 800XP,838697ff-b6ab-46e4-9aad-def266b918bc,Tmplt HAWKER 800XP,43148239-26c4-4712-81de-969da8d80cf3,VT-VPA,258415,SB 21-3621,SB 21-3621,SB$,21,"21-3621
AIR CONDITIONING - PRESSURIZATION CONTROL SYSTEM MODIFICATION",,,Optional SB shall be complied as & when required,,16-Apr-1999,10-May-2026,,,,10-May-2026,,,,,,
157b8d12-c115-446e-a4dc-d12077751fe2,91aa63f8-13f1-4d97-9495-50fa7818a72b,HAWKER 800XP,838697ff-b6ab-46e4-9aad-def266b918bc,Tmplt HAWKER 800XP,43148239-26c4-4712-81de-969da8d80cf3,VT-VPA,258415,SB 29-97,SB 29-97,SB$,29,"29-97
Hydraulic Power- To introduce Hydraulic pump, part no. 42022-05.",,,Not applicable by the serial no. of the aircraft 258415.,,,5439:59 H,,,,5439:59 H,,,,,,
157b8d12-c115-446e-a4dc-d12077751fe2,91aa63f8-13f1-4d97-9495-50fa7818a72b,HAWKER 800XP,838697ff-b6ab-46e4-9aad-def266b918bc,Tmplt HAWKER 800XP,43148239-26c4-4712-81de-969da8d80cf3,VT-VPA,258415,DGCA / NEW MISCELLAN EOUS / 258,DGCA-25012(05)/103/2 023-AW,MIS,28,"DGCA / NEW MISCELLAN EOUS / 258
Use of Indian MOGAS on Indian registered Aircraft.",,,,,5418:24 H,5439:59 H,,,,5439:59 H,,,,,,
157b8d12-c115-446e-a4dc-d12077751fe2,91aa63f8-13f1-4d97-9495-50fa7818a72b,HAWKER 800XP,838697ff-b6ab-46e4-9aad-def266b918bc,Tmplt HAWKER 800XP,43148239-26c4-4712-81de-969da8d80cf3,VT-VPA,258415,DGCA/New-Misc/184,EASA AD 2016-0211,MIS,28,"M184
Fuel-Cross Feed Fuel Pipe-Replacement",,,Not applicable by the aircraft model Hawker 800XP.,,,5439:59 H,,,,5439:59 H,,,,,,
157b8d12-c115-446e-a4dc-d12077751fe2,91aa63f8-13f1-4d97-9495-50fa7818a72b,HAWKER 800XP,838697ff-b6ab-46e4-9aad-def266b918bc,Tmplt HAWKER 800XP,43148239-26c4-4712-81de-969da8d80cf3,VT-VPA,258415,FAA AD 2009-08-01,"Honeywell Technical Newsletter A23-6111-008, Revision 001",AD#,34,"2009-08-01
Honeywell Flight Management Systems (FMSs) Equipped With Honeywell NZ-2000 Navigation Computers and Honeywell IC-800 or IC-800E Integrated Avionics Computers; as Installed on Various Transport Category Airplanes",,,Not applicable by equipment fit (IC-800) & NZ-2000 Installed P/N 7018879-03014. Found Not Applicable as per Honeywell TNL A23-6111-008.,,16-Apr-1999,10-May-2026,,,,10-May-2026,,,,,,
157b8d12-c115-446e-a4dc-d12077751fe2,91aa63f8-13f1-4d97-9495-50fa7818a72b,HAWKER 800XP,838697ff-b6ab-46e4-9aad-def266b918bc,Tmplt HAWKER 800XP,43148239-26c4-4712-81de-969da8d80cf3,VT-VPA,258415,SB 32-221,SB 32-221,SB$,32,"32-221
landing gear - brakes- improved alignment of brake control valve input mechanism.",,,Complied with Mod # 253227A at Production,,,5439:59 H,,,,5439:59 H,,,,,,
157b8d12-c115-446e-a4dc-d12077751fe2,91aa63f8-13f1-4d97-9495-50fa7818a72b,HAWKER 800XP,838697ff-b6ab-46e4-9aad-def266b918bc,Tmplt HAWKER 800XP,43148239-26c4-4712-81de-969da8d80cf3,VT-VPA,258415,SB 57-4112,SB 57-4112,SB#,57,"57-4112
WINGS - SEALING OF FUEL VENT SURGE TANK FOR LIGHTNING PROTECTION IN WINGLET INSTALLATION",,,Not applicable as aircraft is not equiped with winglets or kit 140-1701.,,16-Apr-1999,"5439:59 H
10-May-2026",,,,"5439:59 H
10-May-2026",,,,,,
157b8d12-c115-446e-a4dc-d12077751fe2,91aa63f8-13f1-4d97-9495-50fa7818a72b,HAWKER 800XP,838697ff-b6ab-46e4-9aad-def266b918bc,Tmplt HAWKER 800XP,43148239-26c4-4712-81de-969da8d80cf3,VT-VPA,258415,SB 57-3214 R1,SB 57-3214 R1,SB,57,"57-3214
WINGS - INTRODUCTION OF ADDITIONAL VORTEX GENERATORS",,,Recommended Service Bulletin be accomplished during the next wing paint.,,16-Apr-1999,10-May-2026,,,,10-May-2026,,,,,,
157b8d12-c115-446e-a4dc-d12077751fe2,91aa63f8-13f1-4d97-9495-50fa7818a72b,HAWKER 800XP,838697ff-b6ab-46e4-9aad-def266b918bc,Tmplt HAWKER 800XP,43148239-26c4-4712-81de-969da8d80cf3,VT-VPA,258415,DGCA / NEW MISCELLANEOUS / 271,EASA AD 2025-0297,MIS#,35,"DGCA / NEW MISCELLANEOUS / 271
ATA 35 - Oxygen - Portable Breathing Equipment - Removal From Service",,,Not applicable as per Portable Breathing Equipment - P/N. P/N of the Portable Breathing Equipment installed on the aircraft is 802300-14.,,5439:59 H,5439:59 H,,,,5439:59 H,,,,,,
157b8d12-c115-446e-a4dc-d12077751fe2,91aa63f8-13f1-4d97-9495-50fa7818a72b,HAWKER 800XP,838697ff-b6ab-46e4-9aad-def266b918bc,Tmplt HAWKER 800XP,43148239-26c4-4712-81de-969da8d80cf3,VT-VPA,258415,SB 31-3756,SB 31-3756,SB$,31,"31-3756
INDICATING/RECORDING SYSTEMS - TIME DELAY RELAY SPARES REPLACEMENT",,,Optional SB not yet applied on the aircraft,,16-Apr-1999,10-May-2026,,,,10-May-2026,,,,,,
157b8d12-c115-446e-a4dc-d12077751fe2,91aa63f8-13f1-4d97-9495-50fa7818a72b,HAWKER 800XP,838697ff-b6ab-46e4-9aad-def266b918bc,Tmplt HAWKER 800XP,43148239-26c4-4712-81de-969da8d80cf3,VT-VPA,258415,SB 24-3338,SB 24-3338,SB$,24,"24-3338
ELECTRICAL POWER - INTRODUCTION OF REPLACEMENT CIRCUIT BREAKERS",,,Optional SB Shall be complied as & when required,,16-Apr-1999,10-May-2026,,,,10-May-2026,,,,,,
157b8d12-c115-446e-a4dc-d12077751fe2,91aa63f8-13f1-4d97-9495-50fa7818a72b,HAWKER 800XP,838697ff-b6ab-46e4-9aad-def266b918bc,Tmplt HAWKER 800XP,43148239-26c4-4712-81de-969da8d80cf3,VT-VPA,258415,SB 24-3641,SB 24-3641,SB#,24,"24-3641
FUEL - REFUEL PANEL UPGRADE WITH LOWER BATTERY CONSUMPTION",,,Not Applicable due to Aircraft Serial no. 258415,,16-Apr-1999,10-May-2026,,,,10-May-2026,,,,,,
157b8d12-c115-446e-a4dc-d12077751fe2,91aa63f8-13f1-4d97-9495-50fa7818a72b,HAWKER 800XP,838697ff-b6ab-46e4-9aad-def266b918bc,Tmplt HAWKER 800XP,43148239-26c4-4712-81de-969da8d80cf3,VT-VPA,258415,DGCA/New-Misc/11,FAA AD 82-13-01 and Bendix SB no.,MIS*,80,"M011
Inspection /Replacement of gear distributor of block of Bendix D-1200 series magnetos.",,,Not Applicable as magnetos are not installed in this aircraft.,25:00 H,,5439:59 H,5439:59 H,,25:00 H,25:00 H,-5414:59 H,,,,,
157b8d12-c115-446e-a4dc-d12077751fe2,91aa63f8-13f1-4d97-9495-50fa7818a72b,HAWKER 800XP,838697ff-b6ab-46e4-9aad-def266b918bc,Tmplt HAWKER 800XP,43148239-26c4-4712-81de-969da8d80cf3,VT-VPA,258415,DGCA/New-Misc/84,FAA AD 2005-12-06,MIS,80,"M084
To prevent failure of magneto impulse coupling assy and possible engine failure.",,,Not Applicable as turbofan engine is installed on the aircraft.,50:00 H,,5439:59 H,5439:59 H,,50:00 H,50:00 H,-5389:59 H,,,,,
157b8d12-c115-446e-a4dc-d12077751fe2,91aa63f8-13f1-4d97-9495-50fa7818a72b,HAWKER 800XP,838697ff-b6ab-46e4-9aad-def266b918bc,Tmplt HAWKER 800XP,43148239-26c4-4712-81de-969da8d80cf3,VT-VPA,258415,DGCA/New-Misc/142,EASA AD 2012-0038,MIS,25,"M142
""Equipment & Furnishings - Passenger Seat Backrest Link - Inspection / Replacement'",,,Not applicable as Decrane aircraft seating company passenger seats& IPECO crew seats are installed.,"6000:00 H
2 Yr",16-Apr-1999,"5439:59 H
10-May-2026","5439:59 H
9886 Dy",,"6000:00 H
16-Apr-2001","6000:00 H
16-Apr-2001","560:01 H
-9155 Dy",,,,,
157b8d12-c115-446e-a4dc-d12077751fe2,91aa63f8-13f1-4d97-9495-50fa7818a72b,HAWKER 800XP,838697ff-b6ab-46e4-9aad-def266b918bc,Tmplt HAWKER 800XP,43148239-26c4-4712-81de-969da8d80cf3,VT-VPA,258415,DGCA/New-Misc/150 Rev 1,FAA AD 2013-21-02,MIS,72,"M150
To Prevent Turbocharger wheel failure , reduction or complete loss of engine power, loss of engine oil, oil fire and damage to the aircraft.",,,Not Applicable by the Engine Model installed on aircraft.(Honeywell TFE731-5BR-1H),1 Dy,16-Apr-1999,10-May-2026,9886 Dy,,17-Apr-1999,17-Apr-1999,-9885 Dy,,,,,
157b8d12-c115-446e-a4dc-d12077751fe2,91aa63f8-13f1-4d97-9495-50fa7818a72b,HAWKER 800XP,838697ff-b6ab-46e4-9aad-def266b918bc,Tmplt HAWKER 800XP,43148239-26c4-4712-81de-969da8d80cf3,VT-VPA,258415,SB 33-3444,SB 33-3444,SB$,33,"33-3444
LIGHTS - INTRODUCTION OF 20 AMP FUSE INTO ENTRY LIGHT CIRCUIT AND RELOCATION OF 7 AMP FUSE FOR EASE OF FUSE REPLACEMENT",,,Optional SB Shall be complied as & when required,,16-Apr-1999,10-May-2026,,,,10-May-2026,,,,,,
157b8d12-c115-446e-a4dc-d12077751fe2,91aa63f8-13f1-4d97-9495-50fa7818a72b,HAWKER 800XP,838697ff-b6ab-46e4-9aad-def266b918bc,Tmplt HAWKER 800XP,43148239-26c4-4712-81de-969da8d80cf3,VT-VPA,258415,DGCA/New-Misc/90,FAA AD 2006-12-08,MIS#,32,"M090
To prevent loss of pressure in the skid slides/rafts after an emergency evacuation.",,,Not applicable by the aircraft model.(Hawker 800xp).,,,10-May-2026,,,,10-May-2026,,,,,,
157b8d12-c115-446e-a4dc-d12077751fe2,91aa63f8-13f1-4d97-9495-50fa7818a72b,HAWKER 800XP,838697ff-b6ab-46e4-9aad-def266b918bc,Tmplt HAWKER 800XP,43148239-26c4-4712-81de-969da8d80cf3,VT-VPA,258415,SB 24-3224 R1,SB 24-3224 R1,SB#,24,"24-3224
ELECTRICAL POWER - INSPECTION OF WIRING HARNESS FOR CHAFING AND MODIFICATION IF REQUIRED",,,Not Applicable due to Aircraft Serial no. 258415,,,5439:59 H,,,,5439:59 H,,,,,,
157b8d12-c115-446e-a4dc-d12077751fe2,91aa63f8-13f1-4d97-9495-50fa7818a72b,HAWKER 800XP,838697ff-b6ab-46e4-9aad-def266b918bc,Tmplt HAWKER 800XP,43148239-26c4-4712-81de-969da8d80cf3,VT-VPA,258415,DGCA/NEW-MISC/217,FAA AD 2018-21-14,MIS,35,"M 217
Joint Aircraft System Component (JASC) Code 3510, Crew Oxygen System.",,,Not applicable by the crew oxygen mask part number.Installed part number is : MF10-03-02 and S/N:39073 (Pilot) & SE57480(Co-pilot).,,,5439:59 H,,,,5439:59 H,,,,,,
157b8d12-c115-446e-a4dc-d12077751fe2,91aa63f8-13f1-4d97-9495-50fa7818a72b,HAWKER 800XP,838697ff-b6ab-46e4-9aad-def266b918bc,Tmplt HAWKER 800XP,43148239-26c4-4712-81de-969da8d80cf3,VT-VPA,258415,FAA AD 2008-21-01,Hawker Beechcraft Mandatory Service Bulletin SB 32-3920,AD#,32,"2008-21-01
Main landing gear (MLG)",,,Not applicable by Aircraft Serial No. 258415,,16-Apr-1999,10-May-2026,,,,10-May-2026,,,,,,
157b8d12-c115-446e-a4dc-d12077751fe2,91aa63f8-13f1-4d97-9495-50fa7818a72b,HAWKER 800XP,838697ff-b6ab-46e4-9aad-def266b918bc,Tmplt HAWKER 800XP,43148239-26c4-4712-81de-969da8d80cf3,VT-VPA,258415,SB 35-3014,SB 35-3014,SB#,35,"35-3014
Inspection of passenger oxygen face mask for possible tears in face cushion",,,Not Applicable due Aircraft Serial no. 258415,,16-Apr-1999,"5439:59 H
10-May-2026",,,,"5439:59 H
10-May-2026",,,,,,
157b8d12-c115-446e-a4dc-d12077751fe2,91aa63f8-13f1-4d97-9495-50fa7818a72b,HAWKER 800XP,838697ff-b6ab-46e4-9aad-def266b918bc,Tmplt HAWKER 800XP,43148239-26c4-4712-81de-969da8d80cf3,VT-VPA,258415,DGCA/New-Misc/02,DGCA Let No.9-414AI(II) Dt.11/11/74,MIS,5,"M002
M-3 Type Generator Insp. of Support Lugs at Commutator Front End Housing for Cracks",,,Not Applicable as M-3 type generators are not installed.,50:00 H,,5439:59 H,5439:59 H,,50:00 H,50:00 H,-5389:59 H,,,,,
157b8d12-c115-446e-a4dc-d12077751fe2,91aa63f8-13f1-4d97-9495-50fa7818a72b,HAWKER 800XP,838697ff-b6ab-46e4-9aad-def266b918bc,Tmplt HAWKER 800XP,43148239-26c4-4712-81de-969da8d80cf3,VT-VPA,258415,DGCA/New-Misc/39,FAA AD 99-24-10,MIS#,37,"M039
Revised operating limitations for the affected standby vaccum systems in to the airoplane flight manual",,,Not Applicable as vacuum pump is not installed in this aircraft.,,,5439:59 H,,,,5439:59 H,,,,,,
157b8d12-c115-446e-a4dc-d12077751fe2,91aa63f8-13f1-4d97-9495-50fa7818a72b,HAWKER 800XP,838697ff-b6ab-46e4-9aad-def266b918bc,Tmplt HAWKER 800XP,43148239-26c4-4712-81de-969da8d80cf3,VT-VPA,258415,DGCA/New-Misc/18,CAA AD 006-03-93 and Flight Equipment and Engg SB 25-20-1287R2,MIS,25,"M018
Inspection / Replacement -Equipment and furnishing -passenger compartment.",,,Not applicable as Decrane (ERDA . INC) manufactured passenger seats are installed in this aircraft.,,,5439:59 H,,,,5439:59 H,,,,,,
157b8d12-c115-446e-a4dc-d12077751fe2,91aa63f8-13f1-4d97-9495-50fa7818a72b,HAWKER 800XP,838697ff-b6ab-46e4-9aad-def266b918bc,Tmplt HAWKER 800XP,43148239-26c4-4712-81de-969da8d80cf3,VT-VPA,258415,DGCA/New-Misc/35 Rev 1,EASA AD 2006-0265 CN,MIS*,23,"M035
Check of Mode 'C' or Mode 'S' Transponder System(s)",,,CANCELLED,24 Mt,16-Apr-1999,10-May-2026,9886 Dy,,16-Apr-2001,16-Apr-2001,-9155 Dy,,,,,
157b8d12-c115-446e-a4dc-d12077751fe2,91aa63f8-13f1-4d97-9495-50fa7818a72b,HAWKER 800XP,838697ff-b6ab-46e4-9aad-def266b918bc,Tmplt HAWKER 800XP,43148239-26c4-4712-81de-969da8d80cf3,VT-VPA,258415,SB 01-6 Rev. 02,SB 01-6 Rev. 02.,SB,1,"01-6 Rev. 02
Certification Documents- General- To complete the embodiment of U.K. Mods in the U.S.A. and delete ferry provisions for an aircraft ferried on special category certificate of airworthiness.",,,Not applicable by the aircraft model Hawker 800XP.,,,5439:59 H,,,,5439:59 H,,,,,,
157b8d12-c115-446e-a4dc-d12077751fe2,91aa63f8-13f1-4d97-9495-50fa7818a72b,HAWKER 800XP,838697ff-b6ab-46e4-9aad-def266b918bc,Tmplt HAWKER 800XP,43148239-26c4-4712-81de-969da8d80cf3,VT-VPA,258415,DGCA/New-Misc/89,FAA AD 2006-04-04,MIS#,100,"M089
To identify and provide correct action for potentially inoperative smoke detector.",,,Not applicable as Kidde aerospace smoke detector P/N: 473054 installed.,,,10-May-2026,,,,10-May-2026,,,,,,
157b8d12-c115-446e-a4dc-d12077751fe2,91aa63f8-13f1-4d97-9495-50fa7818a72b,HAWKER 800XP,838697ff-b6ab-46e4-9aad-def266b918bc,Tmplt HAWKER 800XP,43148239-26c4-4712-81de-969da8d80cf3,VT-VPA,258415,DGCA/New-Misc/27,BV AD 97-134(AB),MIS#,25,"M027
SICMA AERO-SEAT(Pax Seat) Leg Collar",,,Not applicable as IPECO manufactured crew seats and Decrane manufactured (ERDA.INC) passenger seats are installed in this aircraft.,,,5439:59 H,,,,5439:59 H,,,,,,
157b8d12-c115-446e-a4dc-d12077751fe2,91aa63f8-13f1-4d97-9495-50fa7818a72b,HAWKER 800XP,838697ff-b6ab-46e4-9aad-def266b918bc,Tmplt HAWKER 800XP,43148239-26c4-4712-81de-969da8d80cf3,VT-VPA,258415,DGCA/New-Misc/100 (R),FAA AD 2009-08-01,MIS,34,"M100
To prevent a shift in the FMS computed position, which could result in uncommanded deviations from the intended flight path of the airplane.",,,Not applicable by equipment Fit (IC-800) & by Mod. Standard of NZ-2000 installed. (A/C is AHRS equipped).,14 Dy,,10-May-2026,46152 Dy,,13-Jan-1900,13-Jan-1900,-46138 Dy,,,,,
157b8d12-c115-446e-a4dc-d12077751fe2,91aa63f8-13f1-4d97-9495-50fa7818a72b,HAWKER 800XP,838697ff-b6ab-46e4-9aad-def266b918bc,Tmplt HAWKER 800XP,43148239-26c4-4712-81de-969da8d80cf3,VT-VPA,258415,DGCA/New Misc/116,EASA AD 2009-0200,MIS,34,"M116
Navigation - Mode A/C Transponder - Check/ Replacement",,,Not applicable as Honeywell manufactured Transponder is installed in aircaft.,,,5439:59 H,,,,5439:59 H,,,,,,
157b8d12-c115-446e-a4dc-d12077751fe2,91aa63f8-13f1-4d97-9495-50fa7818a72b,HAWKER 800XP,838697ff-b6ab-46e4-9aad-def266b918bc,Tmplt HAWKER 800XP,43148239-26c4-4712-81de-969da8d80cf3,VT-VPA,258415,DGCA/New-Misc/120,EASA AD 2009-0278,MIS,26,"M120
Fire Protection - Portable Halon 1211 Fire Extinguishers - Identification / Replacement",,,"Not applicable Fire Fighting P/N. BA51015G-3, S/N. 75405 & 75406 Fire extinguisher are installed.",30 Dy,,10-May-2026,46152 Dy,,29-Jan-1900,29-Jan-1900,-46122 Dy,,,,,
157b8d12-c115-446e-a4dc-d12077751fe2,91aa63f8-13f1-4d97-9495-50fa7818a72b,HAWKER 800XP,838697ff-b6ab-46e4-9aad-def266b918bc,Tmplt HAWKER 800XP,43148239-26c4-4712-81de-969da8d80cf3,VT-VPA,258415,DGCA/New-Misc/121,TC AD CF-2009-44,MIS,23,"M121
Emergency Locator Transmitter - Potential Failure To Transmit The Required 406MHz Coded Signal",,,Not applicable as Artex manufactured ELT is installed in the aircraft.,7 Dy,16-Apr-1999,10-May-2026,9886 Dy,,23-Apr-1999,23-Apr-1999,-9879 Dy,,,,,
157b8d12-c115-446e-a4dc-d12077751fe2,91aa63f8-13f1-4d97-9495-50fa7818a72b,HAWKER 800XP,838697ff-b6ab-46e4-9aad-def266b918bc,Tmplt HAWKER 800XP,43148239-26c4-4712-81de-969da8d80cf3,VT-VPA,258415,SB 28-88,SB 28-88,SB,28,"28-88
Fuel- Booster pump- Introduction of Airborne pump pt. no. 2040-2.",,,Complied with Mod # 253256A at Production,,,5439:59 H,,,,5439:59 H,,,,,,
157b8d12-c115-446e-a4dc-d12077751fe2,91aa63f8-13f1-4d97-9495-50fa7818a72b,HAWKER 800XP,838697ff-b6ab-46e4-9aad-def266b918bc,Tmplt HAWKER 800XP,43148239-26c4-4712-81de-969da8d80cf3,VT-VPA,258415,DGCA/NEW -MISC/246R 1,FAA AD : 2023-10-02,MIS,31,"DGCA/NEW -MISC/246R 1
Air Transport Association (ATA) of America Code 31, Indicating/Recording System; 34, Navigation.",,,,,5362:29 H,5439:59 H,,,,5439:59 H,,,,,,
157b8d12-c115-446e-a4dc-d12077751fe2,91aa63f8-13f1-4d97-9495-50fa7818a72b,HAWKER 800XP,838697ff-b6ab-46e4-9aad-def266b918bc,Tmplt HAWKER 800XP,43148239-26c4-4712-81de-969da8d80cf3,VT-VPA,258415,DGCA/New-Misc/24,BLA AD 95-053(AB),MIS#,34,"M024
Naviagation VHF/NAV receiver modification",,,Not applicable as Honeywell manufactured Receiver is installed in this aircraft.,,,5439:59 H,,,,5439:59 H,,,,,,
157b8d12-c115-446e-a4dc-d12077751fe2,91aa63f8-13f1-4d97-9495-50fa7818a72b,HAWKER 800XP,838697ff-b6ab-46e4-9aad-def266b918bc,Tmplt HAWKER 800XP,43148239-26c4-4712-81de-969da8d80cf3,VT-VPA,258415,SB 24-3278,SB 24-3278,SB#,24,"24-3278
ELECTRICAL POWER - INTRODUCTION OF LELAND STATIC INVERTERS P/N ASH664-5 AND MODIFICATIONS TO BUS LINKS XS1 AND XS2",,,Not applicable by aircraft serial no. 258415,,16-Apr-1999,10-May-2026,,,,10-May-2026,,,,,,
157b8d12-c115-446e-a4dc-d12077751fe2,91aa63f8-13f1-4d97-9495-50fa7818a72b,HAWKER 800XP,838697ff-b6ab-46e4-9aad-def266b918bc,Tmplt HAWKER 800XP,43148239-26c4-4712-81de-969da8d80cf3,VT-VPA,258415,DGCA/New-Misc/65,DGAC AD 2002-20-09,MIS#,100,"M065
To prevent display of erroneous primary flight and engine parameter information",,,Not applicable as Honeywell manufactured display is installed in the aircraft.,,,10-May-2026,,,,10-May-2026,,,,,,
157b8d12-c115-446e-a4dc-d12077751fe2,91aa63f8-13f1-4d97-9495-50fa7818a72b,HAWKER 800XP,838697ff-b6ab-46e4-9aad-def266b918bc,Tmplt HAWKER 800XP,43148239-26c4-4712-81de-969da8d80cf3,VT-VPA,258415,DGCA/New-Misc/107,EASA AD 2006-0140 R4,MIS,21,"M107
Air Conditioning - Zonal Drying System Deactivation",,,Not applicable as Zonal Drying System not installed on Aircraft.,"1:00 H
1 Dy",,"5439:59 H
10-May-2026","5439:59 H
46152 Dy",,"1:00 H
31-Dec-1899","1:00 H
31-Dec-1899","-5438:59 H
-46151 Dy",,,,,
157b8d12-c115-446e-a4dc-d12077751fe2,91aa63f8-13f1-4d97-9495-50fa7818a72b,HAWKER 800XP,838697ff-b6ab-46e4-9aad-def266b918bc,Tmplt HAWKER 800XP,43148239-26c4-4712-81de-969da8d80cf3,VT-VPA,258415,DGCA/New-Misc/109,FAA AD 2003-15-07,MIS,49,"M109
To Prevent APU Compartment Fires and Fuel Vapour, Explosion",,,Not applicable by the installed APU model GTCP 36-150W.,6 Mt,16-Apr-1999,10-May-2026,9886 Dy,,16-Oct-1999,16-Oct-1999,-9703 Dy,,,,,
157b8d12-c115-446e-a4dc-d12077751fe2,91aa63f8-13f1-4d97-9495-50fa7818a72b,HAWKER 800XP,838697ff-b6ab-46e4-9aad-def266b918bc,Tmplt HAWKER 800XP,43148239-26c4-4712-81de-969da8d80cf3,VT-VPA,258415,DGCA/New-Misc/13,FAA AD 84-26-02,MIS,61,"M013
Replacement of paper induction air filters",,,Not applicable as this aircraft is fitted with Turbo fan engine. (Model:TFE 731-5BR-1H),50:00 H,,5439:59 H,5439:59 H,,50:00 H,50:00 H,-5389:59 H,,,,,
157b8d12-c115-446e-a4dc-d12077751fe2,91aa63f8-13f1-4d97-9495-50fa7818a72b,HAWKER 800XP,838697ff-b6ab-46e4-9aad-def266b918bc,Tmplt HAWKER 800XP,43148239-26c4-4712-81de-969da8d80cf3,VT-VPA,258415,DGCA/NEW-MISC/144,FAA AD 2012-06-25,MIS,99,"M144
To prevent loss of pressure in the escape slides/rafts after an emergency evacuation.",,,Not Applicable as Aircraft Model Hawker 800XP.,36 Mt,16-Apr-1999,10-May-2026,9886 Dy,,16-Apr-2002,16-Apr-2002,-8790 Dy,,,,,
157b8d12-c115-446e-a4dc-d12077751fe2,91aa63f8-13f1-4d97-9495-50fa7818a72b,HAWKER 800XP,838697ff-b6ab-46e4-9aad-def266b918bc,Tmplt HAWKER 800XP,43148239-26c4-4712-81de-969da8d80cf3,VT-VPA,258415,DGCA/New-Misc/85,FAA AD 2005-11-05,MIS#,37,"M085
To correct problems with standby vaccum systems(SVS) before failure or malfunction during instrument flight rules(IFR).",,,Not applicable as Vacuum System not installed.,,,10-May-2026,,,,10-May-2026,,,,,,
157b8d12-c115-446e-a4dc-d12077751fe2,91aa63f8-13f1-4d97-9495-50fa7818a72b,HAWKER 800XP,838697ff-b6ab-46e4-9aad-def266b918bc,Tmplt HAWKER 800XP,43148239-26c4-4712-81de-969da8d80cf3,VT-VPA,258415,DGCA/New-Misc/40,DGAC AD 2000-042(AB),MIS#,25,"M040
Third Occupant Seat Head Rest Locking Point",,,Not applicable by the Aircraft Model Hawker 800XP.,,,10-May-2026,,,,10-May-2026,,,,,,
157b8d12-c115-446e-a4dc-d12077751fe2,91aa63f8-13f1-4d97-9495-50fa7818a72b,HAWKER 800XP,838697ff-b6ab-46e4-9aad-def266b918bc,Tmplt HAWKER 800XP,43148239-26c4-4712-81de-969da8d80cf3,VT-VPA,258415,DGCA/New-Misc/183,EASA AD No. 2016-0210,MIS#,25,"M183
Equipment / Furnishings - Seat Energy Absorber Assembly - Replacement",,,Not applicable as IPECO manufactured crew seats are installed in this aircraft.,,,5439:59 H,,,,5439:59 H,,,,,,
157b8d12-c115-446e-a4dc-d12077751fe2,91aa63f8-13f1-4d97-9495-50fa7818a72b,HAWKER 800XP,838697ff-b6ab-46e4-9aad-def266b918bc,Tmplt HAWKER 800XP,43148239-26c4-4712-81de-969da8d80cf3,VT-VPA,258415,SB 53-3797,SB 53-3797,SB$,53,"53-3797
FUSELAGE - STATIC PLATE MOUNTING MODIFICATION",,,Optional SB not yet applied on the aircraft,,16-Apr-1999,10-May-2026,,,,10-May-2026,,,,,,
157b8d12-c115-446e-a4dc-d12077751fe2,91aa63f8-13f1-4d97-9495-50fa7818a72b,HAWKER 800XP,838697ff-b6ab-46e4-9aad-def266b918bc,Tmplt HAWKER 800XP,43148239-26c4-4712-81de-969da8d80cf3,VT-VPA,258415,DGCA/New Misc/129,FAA AD 2011-01-09,MIS,35,"M129
Air Transport Association (ATA) of America Code 35: Oxygen.",,,Not applicable by Aircraft Model.,,,10-May-2026,,,,10-May-2026,,,,,,
157b8d12-c115-446e-a4dc-d12077751fe2,91aa63f8-13f1-4d97-9495-50fa7818a72b,HAWKER 800XP,838697ff-b6ab-46e4-9aad-def266b918bc,Tmplt HAWKER 800XP,43148239-26c4-4712-81de-969da8d80cf3,VT-VPA,258415,DGCA/NEW-MISC/253,FAA AD: 2022-05-10,MIS,25,"DGCA/NEW-MISC/253
Joint Aircraft Service Component (JASC) Code: 2500, Cabin Equipment/Furnishings.",,,Not Applicable as External Hoist is not installed in our Aircraft.,,5092:10 H,5439:59 H,,,,5439:59 H,,,,,,
157b8d12-c115-446e-a4dc-d12077751fe2,91aa63f8-13f1-4d97-9495-50fa7818a72b,HAWKER 800XP,838697ff-b6ab-46e4-9aad-def266b918bc,Tmplt HAWKER 800XP,43148239-26c4-4712-81de-969da8d80cf3,VT-VPA,258415,DGCA/New-Misc/171,"FAA AD 2015-10-51,Emergency AD",MIS#,34,"M171
ATA 34-Navigation,to prevent such incorrect display of lateral deviations,which could result in the pilot making flight decisions that put the aircraft in unsafe flight conditions,flying into airspace that was , by the GPS approach design,to be avoided was,by the GPS approach design,to be avoided (TERRIN, OBSTACLE, TRAFFIC, RESTRICTED)",,,Not applicable as Honeywell manufactured ED-800 MFD is installed in this aircraft.,,,5439:59 H,,,,5439:59 H,,,,,,
157b8d12-c115-446e-a4dc-d12077751fe2,91aa63f8-13f1-4d97-9495-50fa7818a72b,HAWKER 800XP,838697ff-b6ab-46e4-9aad-def266b918bc,Tmplt HAWKER 800XP,43148239-26c4-4712-81de-969da8d80cf3,VT-VPA,258415,DGCA/New-Misc/88,FAA AD 2006-03-08,MIS#,37,"M088
To prevent vaccum pump failure or malfunction during instrument flight rules (IFR)Flight.",,,Not applicable as Vacuum System not installed.,,,5439:59 H,,,,5439:59 H,,,,,,
157b8d12-c115-446e-a4dc-d12077751fe2,91aa63f8-13f1-4d97-9495-50fa7818a72b,HAWKER 800XP,838697ff-b6ab-46e4-9aad-def266b918bc,Tmplt HAWKER 800XP,43148239-26c4-4712-81de-969da8d80cf3,VT-VPA,258415,SB 35-34,SB 35-34,SB$,35,"35-34
Oxygen-passenger/therapeutic masks-introduction of new headtraps.",,,Not applicable by the aircraft model Hawker 800 Xp.,,,5439:59 H,,,,5439:59 H,,,,,,
157b8d12-c115-446e-a4dc-d12077751fe2,91aa63f8-13f1-4d97-9495-50fa7818a72b,HAWKER 800XP,838697ff-b6ab-46e4-9aad-def266b918bc,Tmplt HAWKER 800XP,43148239-26c4-4712-81de-969da8d80cf3,VT-VPA,258415,DGCA/NEW-MISC/181,EASA AD 2016-0151,MIS,28,"M 181
ATA 28 - Fuel - Burner and Fuel Hoses - Identification / Replaceme",,,Not applicable as this MOD is only applicable to balloons.,,,5439:59 H,,,,5439:59 H,,,,,,
157b8d12-c115-446e-a4dc-d12077751fe2,91aa63f8-13f1-4d97-9495-50fa7818a72b,HAWKER 800XP,838697ff-b6ab-46e4-9aad-def266b918bc,Tmplt HAWKER 800XP,43148239-26c4-4712-81de-969da8d80cf3,VT-VPA,258415,SB 21-3802,SB 21-3802,SB$,21,"21-3802
AIR CONDITIONING - INSTALLATION OF DRAIN IN PILOT'S AIR OUTLET DUCT",,,Optional SB shall be complied as & when required,,16-Apr-1999,10-May-2026,,,,10-May-2026,,,,,,
157b8d12-c115-446e-a4dc-d12077751fe2,91aa63f8-13f1-4d97-9495-50fa7818a72b,HAWKER 800XP,838697ff-b6ab-46e4-9aad-def266b918bc,Tmplt HAWKER 800XP,43148239-26c4-4712-81de-969da8d80cf3,VT-VPA,258415,SB 49-45,SB 49-45,SB,49,"49-45
Auxiliary Poer- Inspection of APU fuel feed hose assemblies for clearance with adjacent LH mixer valve/main air valve assemblies and for signs of overheating.",,,Complied with on 21-01-1999,,,5439:59 H,,,,5439:59 H,,,,,,
157b8d12-c115-446e-a4dc-d12077751fe2,91aa63f8-13f1-4d97-9495-50fa7818a72b,HAWKER 800XP,838697ff-b6ab-46e4-9aad-def266b918bc,Tmplt HAWKER 800XP,43148239-26c4-4712-81de-969da8d80cf3,VT-VPA,258415,SB 29-89,SB 29-89,SB,29,"29-89
Hydraulic Power- Rear Fuselage- Introduction of Charging instruction label for Hydraulic system accumulators.",,,Complied with Mod # 253269A at Production,,,5439:59 H,,,,5439:59 H,,,,,,
157b8d12-c115-446e-a4dc-d12077751fe2,91aa63f8-13f1-4d97-9495-50fa7818a72b,HAWKER 800XP,838697ff-b6ab-46e4-9aad-def266b918bc,Tmplt HAWKER 800XP,43148239-26c4-4712-81de-969da8d80cf3,VT-VPA,258415,DGCA/NEW -MISC/228,FAA AD: 2022-15-08,MIS,46,"DGCA/NEW -MISC/228
Air Transport Association(ATA) of America Code 46, Information systems.",,,,,5168:21 H,5439:59 H,,,,5439:59 H,,,,,,
157b8d12-c115-446e-a4dc-d12077751fe2,91aa63f8-13f1-4d97-9495-50fa7818a72b,HAWKER 800XP,838697ff-b6ab-46e4-9aad-def266b918bc,Tmplt HAWKER 800XP,43148239-26c4-4712-81de-969da8d80cf3,VT-VPA,258415,SB 25-3704,SB 25-3704,SB#,25,"25-3704
EQUIPMENT/FURNISHINGS - PREVENTION OF MOISTURE INGRESS INTO EMERGENCY LOCATOR TRANSMITTER (ELT)",,,Not Applicable due to Aircraft Serial no. 258415,,16-Apr-1999,"5439:59 H
10-May-2026",,,,"5439:59 H
10-May-2026",,,,,,
157b8d12-c115-446e-a4dc-d12077751fe2,91aa63f8-13f1-4d97-9495-50fa7818a72b,HAWKER 800XP,838697ff-b6ab-46e4-9aad-def266b918bc,Tmplt HAWKER 800XP,43148239-26c4-4712-81de-969da8d80cf3,VT-VPA,258415,FAA AD 2011-01-09,B/E Aerospace Service Bulletin 119003-35-5,AD#,35,"2011-01-09
Air Transport Association (ATA) of America Code 35: Oxygen.",,,Not applicable as Chemical Oxygen Generator not installed.,,16-Apr-1999,10-May-2026,,,,10-May-2026,,,,,,
157b8d12-c115-446e-a4dc-d12077751fe2,91aa63f8-13f1-4d97-9495-50fa7818a72b,HAWKER 800XP,838697ff-b6ab-46e4-9aad-def266b918bc,Tmplt HAWKER 800XP,43148239-26c4-4712-81de-969da8d80cf3,VT-VPA,258415,FAA AD 2006-02-03,,AD#,24,"2006-02-03
Hydraulic over-temperature switch",,,Not applicable by Aircraft Serial No. 258415,,16-Apr-1999,"5439:59 H
10-May-2026",,,,"5439:59 H
10-May-2026",,,,,,
157b8d12-c115-446e-a4dc-d12077751fe2,91aa63f8-13f1-4d97-9495-50fa7818a72b,HAWKER 800XP,838697ff-b6ab-46e4-9aad-def266b918bc,Tmplt HAWKER 800XP,43148239-26c4-4712-81de-969da8d80cf3,VT-VPA,258415,SB 35-46,SB 35-46,SB#,35,"35-46
Oxygen System - Inspection of oxygen system for possible installation of unqualified flexible hoses",,,Not Applicable as Aircraft is PRE MOD 252036 & 259086A,,16-Apr-1999,10-May-2026,,,,10-May-2026,,,,,,
157b8d12-c115-446e-a4dc-d12077751fe2,91aa63f8-13f1-4d97-9495-50fa7818a72b,HAWKER 800XP,838697ff-b6ab-46e4-9aad-def266b918bc,Tmplt HAWKER 800XP,43148239-26c4-4712-81de-969da8d80cf3,VT-VPA,258415,SB 57-3810 R2,SB 57-3810 R2,SB$,57,"57-3810
WINGS - INSTALLATION OF WINGLET ASSEMBLIES",,,Optional SB not yet applied on the aircraft.,,16-Apr-1999,10-May-2026,,,,10-May-2026,,,,,,
157b8d12-c115-446e-a4dc-d12077751fe2,91aa63f8-13f1-4d97-9495-50fa7818a72b,HAWKER 800XP,838697ff-b6ab-46e4-9aad-def266b918bc,Tmplt HAWKER 800XP,43148239-26c4-4712-81de-969da8d80cf3,VT-VPA,258415,SB 34-3535,SB 34-3535,SB#,34,"34-3535
NAVIGATION & PITOT/STATIC - MODIFICATION TO CORRECT ERRONEOUS OPERATION OF THE COLLINS ALT-4000 RADIO ALTIMETER",,,Not Applicable due to Aircraft Serial no. 258415,,16-Apr-1999,"5439:59 H
10-May-2026",,,,"5439:59 H
10-May-2026",,,,,,
157b8d12-c115-446e-a4dc-d12077751fe2,91aa63f8-13f1-4d97-9495-50fa7818a72b,HAWKER 800XP,838697ff-b6ab-46e4-9aad-def266b918bc,Tmplt HAWKER 800XP,43148239-26c4-4712-81de-969da8d80cf3,VT-VPA,258415,DGCA/NEW-MISC/221,FAA AD 2019-07-10,MIS,34,"M 221
Joint Aircraft Service Component (JASC) Code: 3420, Attitude and Directional Data System.",,,Not Applicable as Honeywell Manufactured AHRS is installed in aircraft.,,,5439:59 H,,,,5439:59 H,,,,,,
157b8d12-c115-446e-a4dc-d12077751fe2,91aa63f8-13f1-4d97-9495-50fa7818a72b,HAWKER 800XP,838697ff-b6ab-46e4-9aad-def266b918bc,Tmplt HAWKER 800XP,43148239-26c4-4712-81de-969da8d80cf3,VT-VPA,258415,DGCA/New-Misc/95,EASA AD 2006-0328,MIS,32,"M095
Landing Gear--Main Landing Gear Wheel Assembly--Inspection / Repair",,,Not applicable as Dunlop manufactured MLG is installed in the aircraft.,1 Dy,,10-May-2026,46152 Dy,,31-Dec-1899,31-Dec-1899,-46151 Dy,,,,,
157b8d12-c115-446e-a4dc-d12077751fe2,91aa63f8-13f1-4d97-9495-50fa7818a72b,HAWKER 800XP,838697ff-b6ab-46e4-9aad-def266b918bc,Tmplt HAWKER 800XP,43148239-26c4-4712-81de-969da8d80cf3,VT-VPA,258415,DGCA/New-Misc/44,DGAC AD 2002-471(AB)R1,MIS#,1,"M044
SICMA AERO SEAT-Modification of seat belt attachment fitting",,,Not applicable as Decrane Aircraft Seating Company Passenger Seats Installed.,,,5439:59 H,,,,5439:59 H,,,,,,
157b8d12-c115-446e-a4dc-d12077751fe2,91aa63f8-13f1-4d97-9495-50fa7818a72b,HAWKER 800XP,838697ff-b6ab-46e4-9aad-def266b918bc,Tmplt HAWKER 800XP,43148239-26c4-4712-81de-969da8d80cf3,VT-VPA,258415,SB 27-3676,SB 27-3676,SB#,27,"27-3676
FLIGHT CONTROLS - ELEVATOR CONTROL QUADRANT SUPPORT FITTING FORWARD BOLT INSPECTION",,,Not Applicable due to Aircraft Serial no. 258415,,,5439:59 H,,,,5439:59 H,,,,,,
157b8d12-c115-446e-a4dc-d12077751fe2,91aa63f8-13f1-4d97-9495-50fa7818a72b,HAWKER 800XP,838697ff-b6ab-46e4-9aad-def266b918bc,Tmplt HAWKER 800XP,43148239-26c4-4712-81de-969da8d80cf3,VT-VPA,258415,SB 53-66 Rev 2,SB 53-66 Rev 2,SB,53,"53-66 Rev 2
fuselage-entry door surround- to introduce improved attachment of handrail support casing.",,,Complied with Mod # 253197A at Production,,,5439:59 H,,,,5439:59 H,,,,,,
157b8d12-c115-446e-a4dc-d12077751fe2,91aa63f8-13f1-4d97-9495-50fa7818a72b,HAWKER 800XP,838697ff-b6ab-46e4-9aad-def266b918bc,Tmplt HAWKER 800XP,43148239-26c4-4712-81de-969da8d80cf3,VT-VPA,258415,DGCA/New-Misc/186,FAA AD 2016-16-11,MIS,57,"M186
To detect and correct corrosion and cracking of the wing fixed leading edge and front spar structure, which could result in reduced structural integrity of the airplane",,,Not applicable by the aircraft model Hawker 800 Xp.,,,5439:59 H,,,,5439:59 H,,,,,,
157b8d12-c115-446e-a4dc-d12077751fe2,91aa63f8-13f1-4d97-9495-50fa7818a72b,HAWKER 800XP,838697ff-b6ab-46e4-9aad-def266b918bc,Tmplt HAWKER 800XP,43148239-26c4-4712-81de-969da8d80cf3,VT-VPA,258415,DGCA/New-Misc/37,FAA AD 99-23-22R2,MIS#,34,"M037
To prevent false traffic alert collision avoidance system (TCAS II)",,,Not applicable as Honeywell manufactured RCZ-833 Transponder is installed in aircraft.,,,5439:59 H,,,,5439:59 H,,,,,,
157b8d12-c115-446e-a4dc-d12077751fe2,91aa63f8-13f1-4d97-9495-50fa7818a72b,HAWKER 800XP,838697ff-b6ab-46e4-9aad-def266b918bc,Tmplt HAWKER 800XP,43148239-26c4-4712-81de-969da8d80cf3,VT-VPA,258415,DGCA/New Misc/125,FAA AD 2010-13-10,MIS,61,"M125
To Prevent Loss Of Propeller Pitch Control, Damage To The Engine Which Could Prevent Continued Safe Flight Or Safe Landing.",,,Not Applicable As Turbo fan engine is Installed in aircraft .,100:00 H,,5439:59 H,5439:59 H,,100:00 H,100:00 H,-5339:59 H,,,,,
157b8d12-c115-446e-a4dc-d12077751fe2,91aa63f8-13f1-4d97-9495-50fa7818a72b,HAWKER 800XP,838697ff-b6ab-46e4-9aad-def266b918bc,Tmplt HAWKER 800XP,43148239-26c4-4712-81de-969da8d80cf3,VT-VPA,258415,DGCA/New-Misc/32,FAA AD 97-05-03(R1),MIS#,100,"M032
To prevent deviation from intended flight path during a non precision approach.",,,Not applicable as Honeywell manufactured HG 2021 GPS is installed in aircraft.,,,5439:59 H,,,,5439:59 H,,,,,,
157b8d12-c115-446e-a4dc-d12077751fe2,91aa63f8-13f1-4d97-9495-50fa7818a72b,HAWKER 800XP,838697ff-b6ab-46e4-9aad-def266b918bc,Tmplt HAWKER 800XP,43148239-26c4-4712-81de-969da8d80cf3,VT-VPA,258415,SB 32-3920,SB 32-3920,SB#,32,"32-3920
LANDING GEAR - MAIN LANDING GEAR (MLG) UPPER CASING REPLACEMENT",,,Not Applicable due to Aircraft Serial no. 258415,,16-Apr-1999,10-May-2026,,,,10-May-2026,,,,,,
157b8d12-c115-446e-a4dc-d12077751fe2,91aa63f8-13f1-4d97-9495-50fa7818a72b,HAWKER 800XP,838697ff-b6ab-46e4-9aad-def266b918bc,Tmplt HAWKER 800XP,43148239-26c4-4712-81de-969da8d80cf3,VT-VPA,258415,DGCA/New Misc/134,EASA AD 2011-0103,MIS,25,"M134
Equipment / Furnishings - Emergency Locator Transmitter (ELT) Antenna - Modification / Replacement",,,Not applicable as Blade antenna is installed on the aircraft.,1 Dy,,10-May-2026,46152 Dy,,31-Dec-1899,31-Dec-1899,-46151 Dy,,,,,
157b8d12-c115-446e-a4dc-d12077751fe2,91aa63f8-13f1-4d97-9495-50fa7818a72b,HAWKER 800XP,838697ff-b6ab-46e4-9aad-def266b918bc,Tmplt HAWKER 800XP,43148239-26c4-4712-81de-969da8d80cf3,VT-VPA,258415,SB 73-3021,SB 73-3021,SB,73,"73-3021
Engine Fuel and Control- Introduction of extended LP cock and cross feed valve connecting rods.",,,This SB is not applicable by the serial number of the Aircraft.,,,5439:59 H,,,,5439:59 H,,,,,,
157b8d12-c115-446e-a4dc-d12077751fe2,91aa63f8-13f1-4d97-9495-50fa7818a72b,HAWKER 800XP,838697ff-b6ab-46e4-9aad-def266b918bc,Tmplt HAWKER 800XP,43148239-26c4-4712-81de-969da8d80cf3,VT-VPA,258415,SB 38-14,SB 38-14,SB$,38,"38-14
water/waste-wash-modification of herman smith water heater part no:HO800 MOD.1,HE71001 AND HE 71005.",,,SB is for information purpose only.,,,5439:59 H,,,,5439:59 H,,,,,,
157b8d12-c115-446e-a4dc-d12077751fe2,91aa63f8-13f1-4d97-9495-50fa7818a72b,HAWKER 800XP,838697ff-b6ab-46e4-9aad-def266b918bc,Tmplt HAWKER 800XP,43148239-26c4-4712-81de-969da8d80cf3,VT-VPA,258415,SB 34-3368 R3,SB 34-3368 R3,SB$,34,"34-3368
NAVIGATION - MODIFICATION OF WIRING TO ENABLE THE AUTOPILOT DISCONNECT HORN TO BE ON IN A CONTINUOUS STATE",,,Optional SB Shall be complied as & when required,,16-Apr-1999,10-May-2026,,,,10-May-2026,,,,,,
157b8d12-c115-446e-a4dc-d12077751fe2,91aa63f8-13f1-4d97-9495-50fa7818a72b,HAWKER 800XP,838697ff-b6ab-46e4-9aad-def266b918bc,Tmplt HAWKER 800XP,43148239-26c4-4712-81de-969da8d80cf3,VT-VPA,258415,DGCA/New Misc/126,EASA AD 2010-0186,MIS,23,"M126
Communication - Very High Frequency (VHF/AM) Transceiver - Modification",,,Transceiver Modification. EASA AD 2010-0186 As per AD Not applicable as Honeywell RCZ 833K VHF Comm. Installed.,6 Mt,,10-May-2026,46152 Dy,,30-Jun-1900,30-Jun-1900,-45970 Dy,,,,,
157b8d12-c115-446e-a4dc-d12077751fe2,91aa63f8-13f1-4d97-9495-50fa7818a72b,HAWKER 800XP,838697ff-b6ab-46e4-9aad-def266b918bc,Tmplt HAWKER 800XP,43148239-26c4-4712-81de-969da8d80cf3,VT-VPA,258415,DGCA/New Misc/141,FAA 2012-02-08,MIS,34,"M141
""To Prevent TCAS units from dropping tracks which could compromise separation of air traffic and lead to subsequent Mid Air Collisions"".",,,Complied with on 21/10/2014. TCAS 2000 unit P/N: 7517900-55020 S/N: 98110929 is installed.,36 Mt,,10-May-2026,46152 Dy,,30-Dec-1902,30-Dec-1902,-45057 Dy,,,,,
157b8d12-c115-446e-a4dc-d12077751fe2,91aa63f8-13f1-4d97-9495-50fa7818a72b,HAWKER 800XP,838697ff-b6ab-46e4-9aad-def266b918bc,Tmplt HAWKER 800XP,43148239-26c4-4712-81de-969da8d80cf3,VT-VPA,258415,DGCA/NEW -MISC/103 CN,DGCA/NEW -MISC/103 CN,MIS,31,"DGCA/NEW -MISC/103 CN
CVR- THE BULK ERASE FACILITY SHOULD BE DEACTIVATED BY REMOVING THE RELEVANT CARD FROM THE CVR UNIT.",,,,,5247:12 H,5439:59 H,,,,5439:59 H,,,,,,
157b8d12-c115-446e-a4dc-d12077751fe2,91aa63f8-13f1-4d97-9495-50fa7818a72b,HAWKER 800XP,838697ff-b6ab-46e4-9aad-def266b918bc,Tmplt HAWKER 800XP,43148239-26c4-4712-81de-969da8d80cf3,VT-VPA,258415,SB 35-3034 R1,SB 35-3034 R1,SB#,35,"35-3034
OXYGEN - TO INTRODUCE REPLACEMENT OXYGEN FITTINGS IN LIEU OF FITTINGS INCOMPATIBLE WITH THE OXYGEN SYSTEM",,,Not applicable by aircraft s/n 258415. aircraft post mod 253596A,,16-Apr-1999,10-May-2026,,,,10-May-2026,,,,,,
157b8d12-c115-446e-a4dc-d12077751fe2,91aa63f8-13f1-4d97-9495-50fa7818a72b,HAWKER 800XP,838697ff-b6ab-46e4-9aad-def266b918bc,Tmplt HAWKER 800XP,43148239-26c4-4712-81de-969da8d80cf3,VT-VPA,258415,DGCA/New-Misc/67,FAA AD 2002-22-12,MIS#,26,"M067
To prevent failure of hose when exposed to fire",,,Not applicable by aircraft model Hawker 800XP.,,,10-May-2026,,,,10-May-2026,,,,,,
157b8d12-c115-446e-a4dc-d12077751fe2,91aa63f8-13f1-4d97-9495-50fa7818a72b,HAWKER 800XP,838697ff-b6ab-46e4-9aad-def266b918bc,Tmplt HAWKER 800XP,43148239-26c4-4712-81de-969da8d80cf3,VT-VPA,258415,DGCA/New Misc/138 R1,FAA AD 2012-08-07,MIS*,25,"M138
To detect and correct cracking of the central and lateral spreaders, which could lead to further cracking of the seat spreaders, causing injury to passengers or crew members during heavy turbulence in flight or in the event of an emergency landing.",,,Not applicable as Decrane aircraft Seating Company passenger seats are installed.,550:00 H,,5439:59 H,5439:59 H,,550:00 H,550:00 H,-4889:59 H,,,,,
157b8d12-c115-446e-a4dc-d12077751fe2,91aa63f8-13f1-4d97-9495-50fa7818a72b,HAWKER 800XP,838697ff-b6ab-46e4-9aad-def266b918bc,Tmplt HAWKER 800XP,43148239-26c4-4712-81de-969da8d80cf3,VT-VPA,258415,DGCA/New-Misc/80,FAA AD 2004-13-20,MIS,34,"M080
To prevent the GPS NAVIGATION unit under certain condition, from providing erroneous cross deviation information",,,Not Applicable as Honeywell HG2021 model GPS is installed in Aircraft.,"50:00 H
6 Mt",,"5439:59 H
10-May-2026","5439:59 H
46152 Dy",,"50:00 H
30-Jun-1900","50:00 H
30-Jun-1900","-5389:59 H
-45970 Dy",,,,,
157b8d12-c115-446e-a4dc-d12077751fe2,91aa63f8-13f1-4d97-9495-50fa7818a72b,HAWKER 800XP,838697ff-b6ab-46e4-9aad-def266b918bc,Tmplt HAWKER 800XP,43148239-26c4-4712-81de-969da8d80cf3,VT-VPA,258415,SB 46-3817,SB 46-3817,SB#,46,"SB 46-3817
INFORMATION SYSTEMS - INTEGRATED FLIGHT INFORMATION SYSTEM (IFIS) WIRE HARNESS CHAFING INSPECTION/REPAIR",,,Not Applicable due to Aircraft Serial no. 258415,,16-Apr-1999,"5439:59 H
10-May-2026",,,,"5439:59 H
10-May-2026",,,,,,
157b8d12-c115-446e-a4dc-d12077751fe2,91aa63f8-13f1-4d97-9495-50fa7818a72b,HAWKER 800XP,838697ff-b6ab-46e4-9aad-def266b918bc,Tmplt HAWKER 800XP,43148239-26c4-4712-81de-969da8d80cf3,VT-VPA,258415,DGCA/New-Misc/59,FAA AD 2002-06-05,MIS,23,"M059
To prevent transmission of inaccurate data concerning altitude from one airplane to another",,,Not applicable as Honeywell manufactured transponder is installed in the aircraft.,,,5439:59 H,,,,5439:59 H,,,,,,
157b8d12-c115-446e-a4dc-d12077751fe2,91aa63f8-13f1-4d97-9495-50fa7818a72b,HAWKER 800XP,838697ff-b6ab-46e4-9aad-def266b918bc,Tmplt HAWKER 800XP,43148239-26c4-4712-81de-969da8d80cf3,VT-VPA,258415,DGCA/NEW-MISC/251,FAA AD 2022-01-03,MIS,26,"DGCA/NEW-MISC/251
Joint Aircraft Service Component (JASC) Code: 2622, Fire Bottle, Portable.",,,Not Applicable as Fire Fighting Enterprises Manufacturer Fire Extinguisher is Installed.,12 Mt,23-Mar-2022,10-May-2026,1509 Dy,,23-Mar-2023,23-Mar-2023,-1144 Dy,,,,,
157b8d12-c115-446e-a4dc-d12077751fe2,91aa63f8-13f1-4d97-9495-50fa7818a72b,HAWKER 800XP,838697ff-b6ab-46e4-9aad-def266b918bc,Tmplt HAWKER 800XP,43148239-26c4-4712-81de-969da8d80cf3,VT-VPA,258415,SB 34-3502,SB 34-3502,SB#,34,"34-3502
NAVIGATION - SUSPENSION OF APPROVAL TO OPERATE IN RVSM AIRSPACE.",,,Not Applicable due to Aircraft Serial no. 258415,,16-Apr-1999,"5439:59 H
10-May-2026",,,,"5439:59 H
10-May-2026",,,,,,
157b8d12-c115-446e-a4dc-d12077751fe2,91aa63f8-13f1-4d97-9495-50fa7818a72b,HAWKER 800XP,838697ff-b6ab-46e4-9aad-def266b918bc,Tmplt HAWKER 800XP,43148239-26c4-4712-81de-969da8d80cf3,VT-VPA,258415,SB 26-3002 Rev. 1,SB 26-3002 Rev. 1,SB,26,"26-3002
Fire Protection- Removal of fire extinguisher pipe to the APU fuel control enclosure.",,,Not applicable as Sunstrand APU is not fitted in the aircraft.,,,5439:59 H,,,,5439:59 H,,,,,,
157b8d12-c115-446e-a4dc-d12077751fe2,91aa63f8-13f1-4d97-9495-50fa7818a72b,HAWKER 800XP,838697ff-b6ab-46e4-9aad-def266b918bc,Tmplt HAWKER 800XP,43148239-26c4-4712-81de-969da8d80cf3,VT-VPA,258415,SB 34-3661 R1,SB 34-3661 R1,SB#,34,"34-3661
NAVIGATION - JAR AWO 268 WIRING MODIFICATION OF RADIO ALTIMETER",,,Not Applicable due to Aircraft Serial no. 258415,,,5439:59 H,,,,5439:59 H,,,,,,
157b8d12-c115-446e-a4dc-d12077751fe2,91aa63f8-13f1-4d97-9495-50fa7818a72b,HAWKER 800XP,838697ff-b6ab-46e4-9aad-def266b918bc,Tmplt HAWKER 800XP,43148239-26c4-4712-81de-969da8d80cf3,VT-VPA,258415,DGCA/New Misc/113 Rev.1,FAR PART 121.311,MIS,25,"M113
Implementation of Federal Aviation Administration (FAA) Regarding crashworthiness Standard for Passenger Operations",,,Held in abeyance until further intimation.,1 Dy,,10-May-2026,46152 Dy,,31-Dec-1899,31-Dec-1899,-46151 Dy,,,,,
157b8d12-c115-446e-a4dc-d12077751fe2,91aa63f8-13f1-4d97-9495-50fa7818a72b,HAWKER 800XP,838697ff-b6ab-46e4-9aad-def266b918bc,Tmplt HAWKER 800XP,43148239-26c4-4712-81de-969da8d80cf3,VT-VPA,258415,SB 27-173,SB 27-173,SB,27,"27-173
Flight Controls- Inspection of rudder control system for possible satisfactory circuit loads and their cause(s).",,,Complied with Mod # 25F017A & 25F017B at Production,,,5439:59 H,,,,5439:59 H,,,,,,
157b8d12-c115-446e-a4dc-d12077751fe2,91aa63f8-13f1-4d97-9495-50fa7818a72b,HAWKER 800XP,838697ff-b6ab-46e4-9aad-def266b918bc,Tmplt HAWKER 800XP,43148239-26c4-4712-81de-969da8d80cf3,VT-VPA,258415,DGCA/New-Misc/48,FAA AD 2001-10-09,MIS,22,"M048
To prevent undesirable auto trim command.",,,Not applicable by the aircraft model Hawker 800Xp.,200:00 H,,5439:59 H,5439:59 H,,200:00 H,200:00 H,-5239:59 H,,,,,
157b8d12-c115-446e-a4dc-d12077751fe2,91aa63f8-13f1-4d97-9495-50fa7818a72b,HAWKER 800XP,838697ff-b6ab-46e4-9aad-def266b918bc,Tmplt HAWKER 800XP,43148239-26c4-4712-81de-969da8d80cf3,VT-VPA,258415,SB 29-3440,SB 29-3440,SB$,29,"29-3440
HYDRAULIC POWER - INTRODUCTION OF A COMBINED RESTRICTOR AND PRESSURE RELIEF VALVE IN EACH WING AIRBRAKE HYDRAULIC CIRCUIT",,,Optional SB shall be complied as & when required,,16-Apr-1999,10-May-2026,,,,10-May-2026,,,,,,
157b8d12-c115-446e-a4dc-d12077751fe2,91aa63f8-13f1-4d97-9495-50fa7818a72b,HAWKER 800XP,838697ff-b6ab-46e4-9aad-def266b918bc,Tmplt HAWKER 800XP,43148239-26c4-4712-81de-969da8d80cf3,VT-VPA,258415,DGCA/ NEW MISC/ 241,EASA AD : 2021-0137,MIS,25,"DGCA/ NEW MISC/ 241
ATA 25 - Equipment / Furnishings - Pilot and Co-pilot Seats / Longitudinal Locking System Pins - Measurement / Adjustment",,,Not Applicable by IPECO pilot and Co-pilot seats are Installed.,,4859:34 H,5439:59 H,,,,5439:59 H,,,,,,
157b8d12-c115-446e-a4dc-d12077751fe2,91aa63f8-13f1-4d97-9495-50fa7818a72b,HAWKER 800XP,838697ff-b6ab-46e4-9aad-def266b918bc,Tmplt HAWKER 800XP,43148239-26c4-4712-81de-969da8d80cf3,VT-VPA,258415,SB 21-155,SB 21-155,SB$,21,"21-155
Air Conditioning- To introduce the silencer to the CAU exhaust of the 3-Wheel ECS.",,,Complied with Mod # 253563J at Production,,,5439:59 H,,,,5439:59 H,,,,,,
157b8d12-c115-446e-a4dc-d12077751fe2,91aa63f8-13f1-4d97-9495-50fa7818a72b,HAWKER 800XP,838697ff-b6ab-46e4-9aad-def266b918bc,Tmplt HAWKER 800XP,43148239-26c4-4712-81de-969da8d80cf3,VT-VPA,258415,DGCA/New-Misc/25,FAA AD 96-12-22,MIS#,79,"M025
Cessna engine oil filter adapter assembly",,,Not Applicable by the aircraft model Hawker 800 XP.,,,5439:59 H,,,,5439:59 H,,,,,,
157b8d12-c115-446e-a4dc-d12077751fe2,91aa63f8-13f1-4d97-9495-50fa7818a72b,HAWKER 800XP,838697ff-b6ab-46e4-9aad-def266b918bc,Tmplt HAWKER 800XP,43148239-26c4-4712-81de-969da8d80cf3,VT-VPA,258415,DGCA/New-Misc/06,"DGCA Let. No.4-18/79AI(1), Dt 27-Feb. 1992",MIS,23,"M006
Frequency Tolerance Limit for Transmitter Rev.1",,,Complied with as equipment installed meets tolerance values.,50:00 H,,5439:59 H,5439:59 H,,50:00 H,50:00 H,-5389:59 H,,,,,
157b8d12-c115-446e-a4dc-d12077751fe2,91aa63f8-13f1-4d97-9495-50fa7818a72b,HAWKER 800XP,838697ff-b6ab-46e4-9aad-def266b918bc,Tmplt HAWKER 800XP,43148239-26c4-4712-81de-969da8d80cf3,VT-VPA,258415,SB 25-4155 R1,AmSafe Service Bulletin No. SB504443-25-02,SB#,25,"25-4155
EQUIPMENT AND FURNISHINGS - INSPECTION / REPLACEMENT OF CABIN SEAT BELT BUCKLES",,,Not applicable as aircarft belts are pacific scientific seat belts installed. No further action required.,,16-Apr-1999,"5439:59 H
10-May-2026",,,,"5439:59 H
10-May-2026",,,,,,
157b8d12-c115-446e-a4dc-d12077751fe2,91aa63f8-13f1-4d97-9495-50fa7818a72b,HAWKER 800XP,838697ff-b6ab-46e4-9aad-def266b918bc,Tmplt HAWKER 800XP,43148239-26c4-4712-81de-969da8d80cf3,VT-VPA,258415,DGCA/New-Misc/117 Rev.1,FAA AD 2010-01-03,MIS,26,"M117
Fire Fighting Enterprises Limited Portable Halon 1211 Fire Extinguishers as Installed on Various Transport Airplanes, Small Airplanes, and Rotorcraft",,,"Fire Protection FAA AD 2010-01-03 As per AD Not applicable Fire Fighting P/N. BA51015G-3, S/N. 75405 & 75406 Fire extinguisher are installed.",90 Dy,,10-May-2026,46152 Dy,,30-Mar-1900,30-Mar-1900,-46062 Dy,,,,,
157b8d12-c115-446e-a4dc-d12077751fe2,91aa63f8-13f1-4d97-9495-50fa7818a72b,HAWKER 800XP,838697ff-b6ab-46e4-9aad-def266b918bc,Tmplt HAWKER 800XP,43148239-26c4-4712-81de-969da8d80cf3,VT-VPA,258415,DGCA/NEW-MISC/215,FAA AD 2019-01-02,MIS,34,"M 215
Joint Aircraft System Component (JASC): 3410, Flight Environment Data; and 3420, Attitude and Direction Data System.",,,Not applicable as Honeywell manufactured ED-800 MFD is installed in aircraft.,,,5439:59 H,,,,5439:59 H,,,,,,
157b8d12-c115-446e-a4dc-d12077751fe2,91aa63f8-13f1-4d97-9495-50fa7818a72b,HAWKER 800XP,838697ff-b6ab-46e4-9aad-def266b918bc,Tmplt HAWKER 800XP,43148239-26c4-4712-81de-969da8d80cf3,VT-VPA,258415,SB 49-3322,SB 49-3322,SB$,49,"49-3322
AIRBORNE AUXILIARY POWER - REPLACEMENT OF THE AUXILIARY POWER UNIT (APU) EXHAUST HEATSHIELD",,,Optional SB,,16-Apr-1999,10-May-2026,,,,10-May-2026,,,,,,
157b8d12-c115-446e-a4dc-d12077751fe2,91aa63f8-13f1-4d97-9495-50fa7818a72b,HAWKER 800XP,838697ff-b6ab-46e4-9aad-def266b918bc,Tmplt HAWKER 800XP,43148239-26c4-4712-81de-969da8d80cf3,VT-VPA,258415,DGCA/New-Misc/161,FAA AD 2014-05-27,MIS*,23,"M 161
To correct possible misalignment issues with transponders that could result in increased pilot and air traffic controller workload as well reduced separation of Airplanes",,,"Not applicable as Honeywell manufactured RCZ 833K Mode ""S"" is installed in this aircraft.",2 Yr,,10-May-2026,46152 Dy,,30-Dec-1901,30-Dec-1901,-45422 Dy,,,,,
157b8d12-c115-446e-a4dc-d12077751fe2,91aa63f8-13f1-4d97-9495-50fa7818a72b,HAWKER 800XP,838697ff-b6ab-46e4-9aad-def266b918bc,Tmplt HAWKER 800XP,43148239-26c4-4712-81de-969da8d80cf3,VT-VPA,258415,DGCA / NEW MISC / 261,EASA AD 2024-0221,MIS,78,"DGCA / NEW MISC / 261
ATA 78 - Exhaust - Engine/ Turbocharger Exhaust System / Components -Inspection.",,,,,5439:59 H,5439:59 H,,,,5439:59 H,,,,,,
157b8d12-c115-446e-a4dc-d12077751fe2,91aa63f8-13f1-4d97-9495-50fa7818a72b,HAWKER 800XP,838697ff-b6ab-46e4-9aad-def266b918bc,Tmplt HAWKER 800XP,43148239-26c4-4712-81de-969da8d80cf3,VT-VPA,258415,SB 34-3248 R1,SB 34-3248 R1,SB$,34,"34-3248
NAVIGATION - INTRODUCTION OF INTERPOSERS (FILTERS) ON MULTI-FUNCTION DISPLAY (MFD) SYMBOL GENERATOR AND SYMBOL GENERATORS 1 AND 2",,,Optional SB,,16-Apr-1999,10-May-2026,,,,10-May-2026,,,,,,
157b8d12-c115-446e-a4dc-d12077751fe2,91aa63f8-13f1-4d97-9495-50fa7818a72b,HAWKER 800XP,838697ff-b6ab-46e4-9aad-def266b918bc,Tmplt HAWKER 800XP,43148239-26c4-4712-81de-969da8d80cf3,VT-VPA,258415,DGCA / NEW MISCELLANEOUS /265,FAA AD 2025-16-09,MIS,25,"DGCA / NEW MISCELLANEOUS / 265
Air Transport Association (ATA) of America Code:25, Equipment/Furnishings, or Joint Aircraft System Component (JASC) Code 2500, Cabin Equipment/Furnishing; and 2510, flight Compartment Equipment.",,,Not applicable as aircraft is equiped with metal rotary buckle.,,,5439:59 H,,,,5439:59 H,,,,,,
157b8d12-c115-446e-a4dc-d12077751fe2,91aa63f8-13f1-4d97-9495-50fa7818a72b,HAWKER 800XP,838697ff-b6ab-46e4-9aad-def266b918bc,Tmplt HAWKER 800XP,43148239-26c4-4712-81de-969da8d80cf3,VT-VPA,258415,SB 32-3015 R1,SB 32-3015 R1,SB$,32,"32-3015
LANDING GEAR - NOSE WHEEL - TO REVISE THE NOSE WHEEL AXLE SHIMMING",,,Optional SB,,16-Apr-1999,10-May-2026,,,,10-May-2026,,,,,,
157b8d12-c115-446e-a4dc-d12077751fe2,91aa63f8-13f1-4d97-9495-50fa7818a72b,HAWKER 800XP,838697ff-b6ab-46e4-9aad-def266b918bc,Tmplt HAWKER 800XP,43148239-26c4-4712-81de-969da8d80cf3,VT-VPA,258415,DGCA/NEW-MISC/213,CF-2019-01,MIS,20,"M 213
Standard Practices - Helicopter External Transport System (HETS?) - Unapproved Parts, Inadequate Service Life Limits and Maintenance Requirements",,,Not applicable by the aircraft model Hawker 800XP.,,,5439:59 H,,,,5439:59 H,,,,,,
157b8d12-c115-446e-a4dc-d12077751fe2,91aa63f8-13f1-4d97-9495-50fa7818a72b,HAWKER 800XP,838697ff-b6ab-46e4-9aad-def266b918bc,Tmplt HAWKER 800XP,43148239-26c4-4712-81de-969da8d80cf3,VT-VPA,258415,SB 24-3555 R1,SB 24-3555R1,SB#,24,"SB 24-3555
ELECTRICAL POWER - 'DA-A' PANEL WIRING MODIFICATION FOR EMERGENCY RADIO",,,Not Applicable due to Aircraft Serial no. 258415,,16-Apr-1999,"5439:59 H
10-May-2026",,,,"5439:59 H
10-May-2026",,,,,,
157b8d12-c115-446e-a4dc-d12077751fe2,91aa63f8-13f1-4d97-9495-50fa7818a72b,HAWKER 800XP,838697ff-b6ab-46e4-9aad-def266b918bc,Tmplt HAWKER 800XP,43148239-26c4-4712-81de-969da8d80cf3,VT-VPA,258415,SB 35-4081,Zodiac Aerospace Service Bulletin MXH-35-240,SB,35,"35-4081
OXYGEN - HARNESS ASSEMBLY - INSPECTION OF SILICON TUBING",,,Found complied with on installed Crew Oxyegn Mask P/n. MF10-03-02 and S/N. 39073 (Pilot) & SE57480 (Co-pilot). (Refer FAA 8130-3. # 297153 & 292379 Respectively),,,5439:59 H,,,,5439:59 H,,,,,,
157b8d12-c115-446e-a4dc-d12077751fe2,91aa63f8-13f1-4d97-9495-50fa7818a72b,HAWKER 800XP,838697ff-b6ab-46e4-9aad-def266b918bc,Tmplt HAWKER 800XP,43148239-26c4-4712-81de-969da8d80cf3,VT-VPA,258415,DGCA/New-Misc/177 R1,FAA AD 2017-18-12,MIS,35,"M177
ATA 35, Oxygen - To correct the unsafe condition on B/E Aerospace protective breathing equipment (PBE), P/N 119003-11.",,,Not applicable as AVOX (soctt) manufactured PBE is installed in this aircraft. (P/N : 802300-14 & S/N: E14100055).,3 Mt,,10-May-2026,46152 Dy,,30-Mar-1900,30-Mar-1900,-46062 Dy,,,,,
157b8d12-c115-446e-a4dc-d12077751fe2,91aa63f8-13f1-4d97-9495-50fa7818a72b,HAWKER 800XP,838697ff-b6ab-46e4-9aad-def266b918bc,Tmplt HAWKER 800XP,43148239-26c4-4712-81de-969da8d80cf3,VT-VPA,258415,DGCA / NEW MISCELLAN EOUS / 263R1,UK CAA AD No. G-2025-0002 -Correction,MIS,25,"DGCA / NEW MISCELLAN EOUS / 263R1
ATA: 25 - Equipment / Furnishings - Pilot & Co-Pilot Seats - Inspection/ Modification",,,Not applicable as type 3A063 pilot and co-pilot crew seats are not installed.,,5439:59 H,5439:59 H,,,,5439:59 H,,,,,,
157b8d12-c115-446e-a4dc-d12077751fe2,91aa63f8-13f1-4d97-9495-50fa7818a72b,HAWKER 800XP,838697ff-b6ab-46e4-9aad-def266b918bc,Tmplt HAWKER 800XP,43148239-26c4-4712-81de-969da8d80cf3,VT-VPA,258415,SB 44-3773,SB 44-3773,SB#,25,"44-3773
EQUIPMENT/FURNISHINGS - DUAL DVD PLAYER INSTALLATION",,,Not Applicable due to Aircraft Serial no.258415,,16-Apr-1999,10-May-2026,,,,10-May-2026,,,,,,
157b8d12-c115-446e-a4dc-d12077751fe2,91aa63f8-13f1-4d97-9495-50fa7818a72b,HAWKER 800XP,838697ff-b6ab-46e4-9aad-def266b918bc,Tmplt HAWKER 800XP,43148239-26c4-4712-81de-969da8d80cf3,VT-VPA,258415,DGCA/New-Misc/30,FAA AD 98-21-21R1,MIS#,26,"M030
To prevent smoke and a possible fire in the cockpit caused by overheating of the electric door seal inflation systems",,,Not applicable by the aircraft model Hawker 800Xp.,,,5439:59 H,,,,5439:59 H,,,,,,
157b8d12-c115-446e-a4dc-d12077751fe2,91aa63f8-13f1-4d97-9495-50fa7818a72b,HAWKER 800XP,838697ff-b6ab-46e4-9aad-def266b918bc,Tmplt HAWKER 800XP,43148239-26c4-4712-81de-969da8d80cf3,VT-VPA,258415,DGCA/NEW-MISC/209,EASA AD 2018-0262,MIS*,25,"M 209
ATA 25 - Equipment / Furnishings - Pilot and Co-pilot Seats - Modification / Inspection",,,Not applicable as IPECO Aerospace manufactured Pilot and Co-pilot seats are installed in this aircraft.,750:00 H,,5439:59 H,5439:59 H,,750:00 H,750:00 H,-4689:59 H,,,,,
157b8d12-c115-446e-a4dc-d12077751fe2,91aa63f8-13f1-4d97-9495-50fa7818a72b,HAWKER 800XP,838697ff-b6ab-46e4-9aad-def266b918bc,Tmplt HAWKER 800XP,43148239-26c4-4712-81de-969da8d80cf3,VT-VPA,258415,SB 28-3031,SB 28-3031,SB$,28,"28-3031
`Fuel- Introduction of the damping restrictor at the engine fuel low low pressure warning switch.",,,This SB is to be complied by the owner/operators desire.,,,5439:59 H,,,,5439:59 H,,,,,,
157b8d12-c115-446e-a4dc-d12077751fe2,91aa63f8-13f1-4d97-9495-50fa7818a72b,HAWKER 800XP,838697ff-b6ab-46e4-9aad-def266b918bc,Tmplt HAWKER 800XP,43148239-26c4-4712-81de-969da8d80cf3,VT-VPA,258415,DGCA/NEW-MISC/247,FAA AD 2021-23-13,MIS,34,"DGCA/NEW-MISC/247
Joint Aircraft Service Component (JASC) Code: 3444, Ground Proximity System.",,,Not Applicable to Aeroplanes Reference AD is only Applicable to Helicopters Fitted with Radio Radar Altimeter.,12 Dy,23-Dec-2021,10-May-2026,1599 Dy,,04-Jan-2022,04-Jan-2022,-1587 Dy,,,,,
157b8d12-c115-446e-a4dc-d12077751fe2,91aa63f8-13f1-4d97-9495-50fa7818a72b,HAWKER 800XP,838697ff-b6ab-46e4-9aad-def266b918bc,Tmplt HAWKER 800XP,43148239-26c4-4712-81de-969da8d80cf3,VT-VPA,258415,DGCA/New-Misc/07,Bendix SB. No 551 &556,MIS,80,"M007
Improved lubrication and installation of modified distributor block in Bendix Scintilla ""S"" type magnetos",,,Not Applicable by type of aircraft. (Aircraft is fitted with turbine engine),200:00 H,,5439:59 H,5439:59 H,,200:00 H,200:00 H,-5239:59 H,,,,,
157b8d12-c115-446e-a4dc-d12077751fe2,91aa63f8-13f1-4d97-9495-50fa7818a72b,HAWKER 800XP,838697ff-b6ab-46e4-9aad-def266b918bc,Tmplt HAWKER 800XP,43148239-26c4-4712-81de-969da8d80cf3,VT-VPA,258415,SB 34-3454,SB 34-3454,SB$,34,"34-3454
NAVIGATION - INTRODUCTION OF TRAFFIC ALERT AND COLLISION AVOIDANCE SYSTEM (TCAS) CHANGE 7",,,Optional SB Shall be complied as & when required,,16-Apr-1999,10-May-2026,,,,10-May-2026,,,,,,
157b8d12-c115-446e-a4dc-d12077751fe2,91aa63f8-13f1-4d97-9495-50fa7818a72b,HAWKER 800XP,838697ff-b6ab-46e4-9aad-def266b918bc,Tmplt HAWKER 800XP,43148239-26c4-4712-81de-969da8d80cf3,VT-VPA,258415,SB 34-3750,SB 34-3750,SB#,34,"34-3750
NAVIGATION - COLLINS FMS-6000 VERSION 2.2 UPGRADE WITH WEATHER GRAPHICS CDU(S)",,,Not Applicable due to Aircraft Serial no. 258415,,16-Apr-1999,10-May-2026,,,,10-May-2026,,,,,,
157b8d12-c115-446e-a4dc-d12077751fe2,91aa63f8-13f1-4d97-9495-50fa7818a72b,HAWKER 800XP,838697ff-b6ab-46e4-9aad-def266b918bc,Tmplt HAWKER 800XP,43148239-26c4-4712-81de-969da8d80cf3,VT-VPA,258415,FAA AD 2023-10-02,FAA AD 2023-10-02,AD,34,"FAA AD 2023-10-02
Air Transport Association (ATA) of America Code 31, Indicating/Recording System; 34, Navigation.",,,Applicable and found complied on the aircraft.,35 Dy,16-Apr-1999,10-May-2026,9886 Dy,,21-May-1999,21-May-1999,-9851 Dy,,,,,
157b8d12-c115-446e-a4dc-d12077751fe2,91aa63f8-13f1-4d97-9495-50fa7818a72b,HAWKER 800XP,838697ff-b6ab-46e4-9aad-def266b918bc,Tmplt HAWKER 800XP,43148239-26c4-4712-81de-969da8d80cf3,VT-VPA,258415,SB 57-80 R4,SB 57-80 R4,SB$,57,"57-80
WINGS - TO INTRODUCE PROTECTIVE SKINS ON THE FLAP INBOARD UNDERSIDES",,,Optional SB not yet applied on the aircraft,,16-Apr-1999,10-May-2026,,,,10-May-2026,,,,,,
157b8d12-c115-446e-a4dc-d12077751fe2,91aa63f8-13f1-4d97-9495-50fa7818a72b,HAWKER 800XP,838697ff-b6ab-46e4-9aad-def266b918bc,Tmplt HAWKER 800XP,43148239-26c4-4712-81de-969da8d80cf3,VT-VPA,258415,SB 34-190,SB 34-190,SB,34,"34-190
Navigation- Display processor unit (DPU-86S) part number CPN 622-9285-003/004 and multifunction processor 622-9286-003/004 correction to map course line orientation for off screen VOR2.",,,Complied with on 21-01-1999,,,5439:59 H,,,,5439:59 H,,,,,,
157b8d12-c115-446e-a4dc-d12077751fe2,91aa63f8-13f1-4d97-9495-50fa7818a72b,HAWKER 800XP,838697ff-b6ab-46e4-9aad-def266b918bc,Tmplt HAWKER 800XP,43148239-26c4-4712-81de-969da8d80cf3,VT-VPA,258415,DGCA/NEW-MISC/224,FAA AD 2019-12-09,MIS,34,"M 224
Joint Aircraft System Component (JASC)/Air Transport Association (ATA) of America Code 34; Navigation.",,,Not applicable by Honeywell manufactured ED-800 MFD is installed in the aircraft.,30 Dy,,10-May-2026,46152 Dy,,29-Jan-1900,29-Jan-1900,-46122 Dy,,,,,
157b8d12-c115-446e-a4dc-d12077751fe2,91aa63f8-13f1-4d97-9495-50fa7818a72b,HAWKER 800XP,838697ff-b6ab-46e4-9aad-def266b918bc,Tmplt HAWKER 800XP,43148239-26c4-4712-81de-969da8d80cf3,VT-VPA,258415,SB 23-3749,SB 23-3749,SB#,23,"23-3749
COMMUNICATION - VHF COMMUNICATION (COMM) 2 ANTENNA KIT",,,Not Applicable due to Aircraft Serial no. 258415,,16-Apr-1999,10-May-2026,,,,10-May-2026,,,,,,
157b8d12-c115-446e-a4dc-d12077751fe2,91aa63f8-13f1-4d97-9495-50fa7818a72b,HAWKER 800XP,838697ff-b6ab-46e4-9aad-def266b918bc,Tmplt HAWKER 800XP,43148239-26c4-4712-81de-969da8d80cf3,VT-VPA,258415,SB 25-3808,SB 25-3808,SB#,25,"25-3808
EQUIPMENT/FURNISHINGS - INSPECTION OF SEAT BELT RESTRAINT SYSTEM END RELEASE BUCKLE",,,Not Applicable due to Aircraft Serial no. 258415,,,5439:59 H,,,,5439:59 H,,,,,,
157b8d12-c115-446e-a4dc-d12077751fe2,91aa63f8-13f1-4d97-9495-50fa7818a72b,HAWKER 800XP,838697ff-b6ab-46e4-9aad-def266b918bc,Tmplt HAWKER 800XP,43148239-26c4-4712-81de-969da8d80cf3,VT-VPA,258415,DGCA/New-Misc/64,DGAC AD 2002-504(AB,MIS#,25,"M064
Passengers Seats - Central Spreaders Mod",,,Not applicable as DECRANE Aircraft seating company passenger seats are installed.,,,5439:59 H,,,,5439:59 H,,,,,,
157b8d12-c115-446e-a4dc-d12077751fe2,91aa63f8-13f1-4d97-9495-50fa7818a72b,HAWKER 800XP,838697ff-b6ab-46e4-9aad-def266b918bc,Tmplt HAWKER 800XP,43148239-26c4-4712-81de-969da8d80cf3,VT-VPA,258415,SB 33-3682 R1,SB 33-3682 R1,SB#,33,"SB 33-3682
LIGHTS - REACTIVATION OF PRECISE FLIGHT PULSELITE® SYSTEM",,,Not Applicable due to Aircraft Serial no. 258415,,16-Apr-1999,"5439:59 H
10-May-2026",,,,"5439:59 H
10-May-2026",,,,,,
157b8d12-c115-446e-a4dc-d12077751fe2,91aa63f8-13f1-4d97-9495-50fa7818a72b,HAWKER 800XP,838697ff-b6ab-46e4-9aad-def266b918bc,Tmplt HAWKER 800XP,43148239-26c4-4712-81de-969da8d80cf3,VT-VPA,258415,SB 49-3346,SB 49-3346,SB#,49,"49-3346
AIRBORNE AUXILIARY POWER - CONTROL PANEL - EXHAUST GAS TEMPERATURE (EGT) INDICATOR MODIFICATION",,,Not Applicable due to Aircraft Serial no. 258415,,16-Apr-1999,"5439:59 H
10-May-2026",,,,"5439:59 H
10-May-2026",,,,,,
157b8d12-c115-446e-a4dc-d12077751fe2,91aa63f8-13f1-4d97-9495-50fa7818a72b,HAWKER 800XP,838697ff-b6ab-46e4-9aad-def266b918bc,Tmplt HAWKER 800XP,43148239-26c4-4712-81de-969da8d80cf3,VT-VPA,258415,DGCA/NEW -MISC/243 R2,EASA AD 2021-0185R2,MIS,26,"DGCA/NEW -MISC/243 R2
ATA 26 - Fire Protection - Hand-operated Fire Extinguishers - Inspection / Replacement.",,,,,5168:21 H,5439:59 H,,,,5439:59 H,,,,,,
157b8d12-c115-446e-a4dc-d12077751fe2,91aa63f8-13f1-4d97-9495-50fa7818a72b,HAWKER 800XP,838697ff-b6ab-46e4-9aad-def266b918bc,Tmplt HAWKER 800XP,43148239-26c4-4712-81de-969da8d80cf3,VT-VPA,258415,DGCA/New-Misc/45,FAA AD 2000-07-27,MIS#,34,"M045
To prevent loss of the main sources of attitude data",,,Not applicable as ADIRU system is not installed in this aircraft.,,,5439:59 H,,,,5439:59 H,,,,,,
157b8d12-c115-446e-a4dc-d12077751fe2,91aa63f8-13f1-4d97-9495-50fa7818a72b,HAWKER 800XP,838697ff-b6ab-46e4-9aad-def266b918bc,Tmplt HAWKER 800XP,43148239-26c4-4712-81de-969da8d80cf3,VT-VPA,258415,SB 01-3776,SB 01-3776,SB#,100,"SB 01-3776
CERTIFICATION DOCUMENTS - GENERAL - TO INTRODUCE THE CONVERSION OF A MODEL 800XP AIRCRAFT TO A MODEL 850XP AIRCRAFT",,,Not Applicable due to Aircraft Serial no. 258415,,16-Apr-1999,10-May-2026,,,,10-May-2026,,,,,,
157b8d12-c115-446e-a4dc-d12077751fe2,91aa63f8-13f1-4d97-9495-50fa7818a72b,HAWKER 800XP,838697ff-b6ab-46e4-9aad-def266b918bc,Tmplt HAWKER 800XP,43148239-26c4-4712-81de-969da8d80cf3,VT-VPA,258415,DGCA/NEW-MISC/203,EASA AD No.: 2018-0195,MIS,25,"M 203
ATA 25 - Equipment / Furnishings - Restraint Systems Rotary Buckle Sub Assembly - Removal from Service",,,Not applicable as passenger and crew Seat belts and restraint systems are manufactured by AM-SAFE.,,,5439:59 H,,,,5439:59 H,,,,,,
157b8d12-c115-446e-a4dc-d12077751fe2,91aa63f8-13f1-4d97-9495-50fa7818a72b,HAWKER 800XP,838697ff-b6ab-46e4-9aad-def266b918bc,Tmplt HAWKER 800XP,43148239-26c4-4712-81de-969da8d80cf3,VT-VPA,258415,DGCA/New-Misc/60,FAA AD 2002-14-19,MIS#,34,"M060
To prevent unwarranted display of the ADC flag",,,Not applicable as Honeywell manufactured ADC is installed in the aircraft.,,,10-May-2026,,,,10-May-2026,,,,,,
157b8d12-c115-446e-a4dc-d12077751fe2,91aa63f8-13f1-4d97-9495-50fa7818a72b,HAWKER 800XP,838697ff-b6ab-46e4-9aad-def266b918bc,Tmplt HAWKER 800XP,43148239-26c4-4712-81de-969da8d80cf3,VT-VPA,258415,DGCA/New-Misc/87,FAA AD 2005-25-08,MIS#,34,"M087
To prevent certain air data computers( ADC) from displaying in correct altitude information (SHADINADC2000)",,,Not applicable as Honeywell manufactured ADC is installed in the aircraft.,,,10-May-2026,,,,10-May-2026,,,,,,
157b8d12-c115-446e-a4dc-d12077751fe2,91aa63f8-13f1-4d97-9495-50fa7818a72b,HAWKER 800XP,838697ff-b6ab-46e4-9aad-def266b918bc,Tmplt HAWKER 800XP,43148239-26c4-4712-81de-969da8d80cf3,VT-VPA,258415,SB 25-3493,SB 25-3493,SB#,25,"25-3493
EQUIPMENT FURNISHINGS - INTRODUCTION OF NEW ALLOWABLE LOAD PLACARDS",,,Not Applicable due to Aircraft Serial no. 258415,,16-Apr-1999,"5439:59 H
10-May-2026",,,,"5439:59 H
10-May-2026",,,,,,
157b8d12-c115-446e-a4dc-d12077751fe2,91aa63f8-13f1-4d97-9495-50fa7818a72b,HAWKER 800XP,838697ff-b6ab-46e4-9aad-def266b918bc,Tmplt HAWKER 800XP,43148239-26c4-4712-81de-969da8d80cf3,VT-VPA,258415,DGCA / NEW MISCELLANEOUS / 267,EASA AD No.: 2025-0222,MIS,35,"DGCA / NEW MISCELLANEOUS / 267
Oxygen - Portable Breathing Equipment - Operational Instructions",,,Not applicable as PBE is not installed on the aircraft.,,,5439:59 H,,,,5439:59 H,,,,,,
157b8d12-c115-446e-a4dc-d12077751fe2,91aa63f8-13f1-4d97-9495-50fa7818a72b,HAWKER 800XP,838697ff-b6ab-46e4-9aad-def266b918bc,Tmplt HAWKER 800XP,43148239-26c4-4712-81de-969da8d80cf3,VT-VPA,258415,DGCA/New Misc/118 Rev.1,FAA AD 2009-21-10 R1,MIS,35,"M118
To Prevent An Oxgen Cylinder from Rupturing, Which Depending on the Location Could REsult in Structural Damage & Rapid Decompression Of the Airplane",,,Not applicable as Walter Kidde A WKA 37447 Oxygen Cylinder Installed.,90 Dy,,10-May-2026,46152 Dy,,30-Mar-1900,30-Mar-1900,-46062 Dy,,,,,
157b8d12-c115-446e-a4dc-d12077751fe2,91aa63f8-13f1-4d97-9495-50fa7818a72b,HAWKER 800XP,838697ff-b6ab-46e4-9aad-def266b918bc,Tmplt HAWKER 800XP,43148239-26c4-4712-81de-969da8d80cf3,VT-VPA,258415,DGCA/NEW-MIS C/179,EASA AD 2016-0026,MIS,25,"M179
ATA 25 - Equipment / Furnishings - Emergency Parachute Rubber Bands - Replacement",,,Not applicable as parachutes are not installed in this aircraft.,,,5439:59 H,,,,5439:59 H,,,,,,
157b8d12-c115-446e-a4dc-d12077751fe2,91aa63f8-13f1-4d97-9495-50fa7818a72b,HAWKER 800XP,838697ff-b6ab-46e4-9aad-def266b918bc,Tmplt HAWKER 800XP,43148239-26c4-4712-81de-969da8d80cf3,VT-VPA,258415,SB 53-3822,SB 53-3822,SB#,53,"SB 53-3822
FUSELAGE - FORWARD PRESSURE BULKHEAD RUDDER PEDAL PRESSINGS CHAFING INSPECTION",,,Not Applicable due to Aircraft Serial no. 258415,,16-Apr-1999,"5439:59 H
10-May-2026",,,,"5439:59 H
10-May-2026",,,,,,
157b8d12-c115-446e-a4dc-d12077751fe2,91aa63f8-13f1-4d97-9495-50fa7818a72b,HAWKER 800XP,838697ff-b6ab-46e4-9aad-def266b918bc,Tmplt HAWKER 800XP,43148239-26c4-4712-81de-969da8d80cf3,VT-VPA,258415,DGCA/New-Misc/94,FAA AD 2006-18-08,MIS#,100,"M094
To prevent tread seperation from nose wheel tire during takeoff or landing.",,,Not applicable as Dunlop manufactured tyre is installed in the aircraft.,,,10-May-2026,,,,10-May-2026,,,,,,
157b8d12-c115-446e-a4dc-d12077751fe2,91aa63f8-13f1-4d97-9495-50fa7818a72b,HAWKER 800XP,838697ff-b6ab-46e4-9aad-def266b918bc,Tmplt HAWKER 800XP,43148239-26c4-4712-81de-969da8d80cf3,VT-VPA,258415,DGCA/NEW-MISC/204,FAA AD 2018-17-11,MIS,28,"M 204
Air Transport Association of America (ATA) Code 28: Fuel.",,,Not applicable by the aircraft model Hawker 800 XP.,,,5439:59 H,,,,5439:59 H,,,,,,
157b8d12-c115-446e-a4dc-d12077751fe2,91aa63f8-13f1-4d97-9495-50fa7818a72b,HAWKER 800XP,838697ff-b6ab-46e4-9aad-def266b918bc,Tmplt HAWKER 800XP,43148239-26c4-4712-81de-969da8d80cf3,VT-VPA,258415,DGCA/HAWKER 800/04,FAA AD 2005-09-03,MOD,24,"MM 04
WIRING IN THE FLIGHT COMPARTMENT",,,NOT APPLICABLE DUE AIRCRAFT SERIAL NUMBER 258415.,"50:00 H
30 Dy",16-Apr-1999,"5439:59 H
10-May-2026","5439:59 H
9886 Dy",,"50:00 H
16-May-1999","50:00 H
16-May-1999","-5389:59 H
-9856 Dy",,,,,
157b8d12-c115-446e-a4dc-d12077751fe2,91aa63f8-13f1-4d97-9495-50fa7818a72b,HAWKER 800XP,838697ff-b6ab-46e4-9aad-def266b918bc,Tmplt HAWKER 800XP,43148239-26c4-4712-81de-969da8d80cf3,VT-VPA,258415,SB 34-3223,SB 34-3223,SB$,34,"SB 34-3223
NAVIGATION - TEMPORARY SEALING PITOT/STATIC AND STALL VENT DRAIN VALVES WITH RTV SEALANT",,,Optional SB shall be complied as & when required,,,5439:59 H,,,,5439:59 H,,,,,,
157b8d12-c115-446e-a4dc-d12077751fe2,91aa63f8-13f1-4d97-9495-50fa7818a72b,HAWKER 800XP,838697ff-b6ab-46e4-9aad-def266b918bc,Tmplt HAWKER 800XP,43148239-26c4-4712-81de-969da8d80cf3,VT-VPA,258415,SB 34-3166 R5,SB 34-3166 R5,SB#,34,"34-3166
NAVIGATION - AIR DATA COMPUTER INCREASED ACCURACY (COLLINS)",,,Not Applicable due to Aircraft Serial no.258415,,16-Apr-1999,10-May-2026,,,,10-May-2026,,,,,,
157b8d12-c115-446e-a4dc-d12077751fe2,91aa63f8-13f1-4d97-9495-50fa7818a72b,HAWKER 800XP,838697ff-b6ab-46e4-9aad-def266b918bc,Tmplt HAWKER 800XP,43148239-26c4-4712-81de-969da8d80cf3,VT-VPA,258415,DGCA/NEW-MISC/245 R1,UK CAA AD: G-2021-0014,MIS,28,"DGCA/NEW-MISC/245 R1
ATA 28 - Fuel -Cylinder Quick Shut-off Valve Mounting Flange - Inspection / Replacement.",,,Not Applicable to Airplanes. As Reference AD is only Applies to Cameron Balloons Ltd.,,4954:23 H,5439:59 H,,,,5439:59 H,,,,,,
157b8d12-c115-446e-a4dc-d12077751fe2,91aa63f8-13f1-4d97-9495-50fa7818a72b,HAWKER 800XP,838697ff-b6ab-46e4-9aad-def266b918bc,Tmplt HAWKER 800XP,43148239-26c4-4712-81de-969da8d80cf3,VT-VPA,258415,SB 34-3292 R1,SB 34-3292 R1,SB#,34,"34-3292
NAVIGATION - INSPECTION/REPLACEMENT OF THE HONEYWELL ATTITUDE HEADING REFERENCE SYSTEM (AHRS) RESISTORS",,,Not Applicable due to Aircraft Serial no. 258415,,,5439:59 H,,,,5439:59 H,,,,,,
157b8d12-c115-446e-a4dc-d12077751fe2,91aa63f8-13f1-4d97-9495-50fa7818a72b,HAWKER 800XP,838697ff-b6ab-46e4-9aad-def266b918bc,Tmplt HAWKER 800XP,43148239-26c4-4712-81de-969da8d80cf3,VT-VPA,258415,FAA AD 2013-11-16,"Aviation Partners Service Bulletin SBH-13-001, Revision A",AD#,57,"2013-11-16
Joint Aircraft System Component (JASC)/Air Transport Association (ATA) of America Code 27, Flight Controls; and Code 57, Wings.",,,Not applicable as Winglet not installed and STC 01411SE is not complied with.,,16-Apr-1999,10-May-2026,,,,10-May-2026,,,,,,
157b8d12-c115-446e-a4dc-d12077751fe2,91aa63f8-13f1-4d97-9495-50fa7818a72b,HAWKER 800XP,838697ff-b6ab-46e4-9aad-def266b918bc,Tmplt HAWKER 800XP,43148239-26c4-4712-81de-969da8d80cf3,VT-VPA,258415,DGCA/New-Misc/38,FAA AD 99-23-24,MIS#,34,"M038
To ensure the ILS receiver provide the flight crew with accurate glide slope path.",,,Not Applicable as Honeywell manufactured RNZ-850 ILS System is installed in this aircraft.,,,5439:59 H,,,,5439:59 H,,,,,,
157b8d12-c115-446e-a4dc-d12077751fe2,91aa63f8-13f1-4d97-9495-50fa7818a72b,HAWKER 800XP,838697ff-b6ab-46e4-9aad-def266b918bc,Tmplt HAWKER 800XP,43148239-26c4-4712-81de-969da8d80cf3,VT-VPA,258415,SB 21-3699,SB 21-3699,SB#,21,"21-3699
AIR CONDITIONING - OUTFLOW/SAFETY VALVE ADAPTOR INSPECTION/REPLACEMENT",,,Not Applicable due to Aircraft Serial no. 258415,,16-Apr-1999,"5439:59 H
10-May-2026",,,,"5439:59 H
10-May-2026",,,,,,
157b8d12-c115-446e-a4dc-d12077751fe2,91aa63f8-13f1-4d97-9495-50fa7818a72b,HAWKER 800XP,838697ff-b6ab-46e4-9aad-def266b918bc,Tmplt HAWKER 800XP,43148239-26c4-4712-81de-969da8d80cf3,VT-VPA,258415,DGCA/NEW-MISC/233,FAA AD : 2020-18-51,MIS,34,"M 233
Joint Airplane Service Component (JASC) Code: 3420, Attitude and Direction Data System.",,,Not Applicable as B.F.Good rich manufactured attitude indicator is installed.,,4746:33 H,5439:59 H,,,,5439:59 H,,,,,,
157b8d12-c115-446e-a4dc-d12077751fe2,91aa63f8-13f1-4d97-9495-50fa7818a72b,HAWKER 800XP,838697ff-b6ab-46e4-9aad-def266b918bc,Tmplt HAWKER 800XP,43148239-26c4-4712-81de-969da8d80cf3,VT-VPA,258415,DGCA/New-Misc/166 R3,EASA AD 2014-0188 R4,MIS,25,"M166
Equipment & Furnishings - Emergency Flotation System - Rotorcraft Flight Manual (Supplement) Limitation",,,Not Applicable by the Aircraft Model Hawker 800XP.,3 Mt,,10-May-2026,46152 Dy,,30-Mar-1900,30-Mar-1900,-46062 Dy,,,,,
157b8d12-c115-446e-a4dc-d12077751fe2,91aa63f8-13f1-4d97-9495-50fa7818a72b,HAWKER 800XP,838697ff-b6ab-46e4-9aad-def266b918bc,Tmplt HAWKER 800XP,43148239-26c4-4712-81de-969da8d80cf3,VT-VPA,258415,DGCA / NEW MISCELLANEOUS / 153 R16,EASA AD 2015-0226 R8,MIS#,25,"DGCA / NEW MISCELLANEOUS / 153 R16
ATA 25 - Equipment / Furnishings - Hoist - Test / Replacement.",,,Not applicable as Hoist system is not installed on the aircraft.,,,5439:59 H,,,,5439:59 H,,,,,,
157b8d12-c115-446e-a4dc-d12077751fe2,91aa63f8-13f1-4d97-9495-50fa7818a72b,HAWKER 800XP,838697ff-b6ab-46e4-9aad-def266b918bc,Tmplt HAWKER 800XP,43148239-26c4-4712-81de-969da8d80cf3,VT-VPA,258415,DGCA/New Misc/69,DGAC AD 2001-351(B) R1,MIS#,25,"M069
Equipment; Babies Bassinets",,,The Referenced AD cancelled by DGAC Authority.,,,5439:59 H,,,,5439:59 H,,,,,,
157b8d12-c115-446e-a4dc-d12077751fe2,91aa63f8-13f1-4d97-9495-50fa7818a72b,HAWKER 800XP,838697ff-b6ab-46e4-9aad-def266b918bc,Tmplt HAWKER 800XP,43148239-26c4-4712-81de-969da8d80cf3,VT-VPA,258415,DGCA/ NEW MISC/ 242,EASA AD :G-2021-0004,MIS,25,"DGCA/ NEW MISC/ 242
Equipment / Furnishings - Life Raft - Inspection",,,Not Applicable as Easter Aero marine Life raft P/No. R0103A103RB7 Installed.,,4902:18 H,5439:59 H,,,,5439:59 H,,,,,,
157b8d12-c115-446e-a4dc-d12077751fe2,91aa63f8-13f1-4d97-9495-50fa7818a72b,HAWKER 800XP,838697ff-b6ab-46e4-9aad-def266b918bc,Tmplt HAWKER 800XP,43148239-26c4-4712-81de-969da8d80cf3,VT-VPA,258415,DGCA/NEW-MISC/255,UK CAA AD: G-2022-0009,MIS,25,"DGCA/NEW-MISC/255
ATA 25 - Equipment / Furnishings - Lifejackets - Inspection.",,,Not Applicable as Lifejackets installed in our Aircraft is Manufactured by Aman Aviation & Aerospace Solutions Pvt Ltd.,4 Mt,13-May-2022,10-May-2026,1458 Dy,,13-Sep-2022,13-Sep-2022,-1335 Dy,,,,,
157b8d12-c115-446e-a4dc-d12077751fe2,91aa63f8-13f1-4d97-9495-50fa7818a72b,HAWKER 800XP,838697ff-b6ab-46e4-9aad-def266b918bc,Tmplt HAWKER 800XP,43148239-26c4-4712-81de-969da8d80cf3,VT-VPA,258415,DGCA/New-Misc/160 Rev 2,EASA AD 2014-0095 Rev 1,MIS,25,"M160
ATA 25 Equipment / Furnishings - Crash Position Indicator - Modification Aircraft Flight Manual - Amendment",,,Not applicable as crash position indicator is not installed in this aircraft.,30 Dy,,10-May-2026,46152 Dy,,29-Jan-1900,29-Jan-1900,-46122 Dy,,,,,
157b8d12-c115-446e-a4dc-d12077751fe2,91aa63f8-13f1-4d97-9495-50fa7818a72b,HAWKER 800XP,838697ff-b6ab-46e4-9aad-def266b918bc,Tmplt HAWKER 800XP,43148239-26c4-4712-81de-969da8d80cf3,VT-VPA,258415,DGCA/HAWKER 800/01,FAA AD 97-03-07,AD,32,"MM 01
MAIN LANDING GEAR SIDESTAY ASSEMBLIES",,,SATISFIED AT BUILD BY MOD 253597A DATED 16-APRIL-1999,28 Dy,16-Apr-1999,10-May-2026,9886 Dy,,14-May-1999,14-May-1999,-9858 Dy,,,,,
157b8d12-c115-446e-a4dc-d12077751fe2,91aa63f8-13f1-4d97-9495-50fa7818a72b,HAWKER 800XP,838697ff-b6ab-46e4-9aad-def266b918bc,Tmplt HAWKER 800XP,43148239-26c4-4712-81de-969da8d80cf3,VT-VPA,258415,SB 46-3786,SB 46-3786,SB#,46,"SB 46-3786
ATION SYSTEMS - UPGRADE TO FSA-5000 SOFTWARE",,,Not Applicable due to Aircraft Serial no. 258415,,,5439:59 H,,,,5439:59 H,,,,,,
157b8d12-c115-446e-a4dc-d12077751fe2,91aa63f8-13f1-4d97-9495-50fa7818a72b,HAWKER 800XP,838697ff-b6ab-46e4-9aad-def266b918bc,Tmplt HAWKER 800XP,43148239-26c4-4712-81de-969da8d80cf3,VT-VPA,258415,SB 33-3748,SB 33-3748,SB#,33,"33-3748
LIGHTS - EMERGENCY LIGHTING WIRE MODIFICATION",,,Not Applicable due to Aircraft Serial no. 258415,,16-Apr-1999,"5439:59 H
10-May-2026",,,,"5439:59 H
10-May-2026",,,,,,
157b8d12-c115-446e-a4dc-d12077751fe2,91aa63f8-13f1-4d97-9495-50fa7818a72b,HAWKER 800XP,838697ff-b6ab-46e4-9aad-def266b918bc,Tmplt HAWKER 800XP,43148239-26c4-4712-81de-969da8d80cf3,VT-VPA,258415,SB 30-67,SB 30-67,SB,30,"30-67
Ice and rain protection - Introduction of the 38ltrs tks Tank of improved design.",,,Not applicable by the aircraft model Hawker 800XP.,,,5439:59 H,,,,5439:59 H,,,,,,
157b8d12-c115-446e-a4dc-d12077751fe2,91aa63f8-13f1-4d97-9495-50fa7818a72b,HAWKER 800XP,838697ff-b6ab-46e4-9aad-def266b918bc,Tmplt HAWKER 800XP,43148239-26c4-4712-81de-969da8d80cf3,VT-VPA,258415,DGCA/New Misc/124,FAA AD 2010-11-05,MIS,35,"M124
Oxygen Cylinder - Inspection/ Replacement - To Prevent Oxygen Cylinder From Rupturing,",,,Not applicable as Walter Kidde Aerospace WKA 37447 Oxygen Cylinder installed,60 Dy,,10-May-2026,46152 Dy,,28-Feb-1900,28-Feb-1900,-46092 Dy,,,,,
157b8d12-c115-446e-a4dc-d12077751fe2,91aa63f8-13f1-4d97-9495-50fa7818a72b,HAWKER 800XP,838697ff-b6ab-46e4-9aad-def266b918bc,Tmplt HAWKER 800XP,43148239-26c4-4712-81de-969da8d80cf3,VT-VPA,258415,SB 51-3426 R1,SB 51-3426 R1,SB#,51,"SB 51-3426
STRUCTURES GENERAL - INSPECTION AND REPLACEMENT OF SUSPECT DHS RAVENSTONE JACKSON BOLTS",,,Not Applicable due to Aircraft Serial no. 258415,,,5439:59 H,,,,5439:59 H,,,,,,
157b8d12-c115-446e-a4dc-d12077751fe2,91aa63f8-13f1-4d97-9495-50fa7818a72b,HAWKER 800XP,838697ff-b6ab-46e4-9aad-def266b918bc,Tmplt HAWKER 800XP,43148239-26c4-4712-81de-969da8d80cf3,VT-VPA,258415,DGCA/New-Misc/99,EASA AD 2006-0286R1,MIS,35,"M099
Oxygen-Oxygen Reserve Cylinders--Removal / Emptying.",,,Not applicable as Walter Kidde A WKA 37447 Oxygen Cylinder Installed.,15 Dy,,10-May-2026,46152 Dy,,14-Jan-1900,14-Jan-1900,-46137 Dy,,,,,
157b8d12-c115-446e-a4dc-d12077751fe2,91aa63f8-13f1-4d97-9495-50fa7818a72b,HAWKER 800XP,838697ff-b6ab-46e4-9aad-def266b918bc,Tmplt HAWKER 800XP,43148239-26c4-4712-81de-969da8d80cf3,VT-VPA,258415,SB 24-3968 R1,SB 24-3968 R1,SB#,24,"SB 24-3968
ELECTRICAL POWER - INTRODUCTION OF IN-LINE FUSES",,,Not Applicable due to Aircraft Serial no. 258415,,16-Apr-1999,"5439:59 H
10-May-2026",,,,"5439:59 H
10-May-2026",,,,,,
157b8d12-c115-446e-a4dc-d12077751fe2,91aa63f8-13f1-4d97-9495-50fa7818a72b,HAWKER 800XP,838697ff-b6ab-46e4-9aad-def266b918bc,Tmplt HAWKER 800XP,43148239-26c4-4712-81de-969da8d80cf3,VT-VPA,258415,DGCA/New-Misc/47,FAR 121.314 (c),MIS#,25,"M047
Cargo and baggage compartment",,,Not applicable as aircraft not engaged in scheduled air transport services.,,,5439:59 H,,,,5439:59 H,,,,,,
157b8d12-c115-446e-a4dc-d12077751fe2,91aa63f8-13f1-4d97-9495-50fa7818a72b,HAWKER 800XP,838697ff-b6ab-46e4-9aad-def266b918bc,Tmplt HAWKER 800XP,43148239-26c4-4712-81de-969da8d80cf3,VT-VPA,258415,SB 27-174,SB 27-174,SB,27,"27-174
To introduce rudder quadrant with 2.82'' rudder bias strut pick up radius superseding the current radius of 2.72''",,,Complied with Mod # 25F017C at Production,8 Mt,16-Apr-1999,10-May-2026,9886 Dy,,16-Dec-1999,16-Dec-1999,-9642 Dy,,,,,
157b8d12-c115-446e-a4dc-d12077751fe2,91aa63f8-13f1-4d97-9495-50fa7818a72b,HAWKER 800XP,838697ff-b6ab-46e4-9aad-def266b918bc,Tmplt HAWKER 800XP,43148239-26c4-4712-81de-969da8d80cf3,VT-VPA,258415,DGCA/New-Misc/192,FAA AD 2017-09-09,MIS#,100,"M192
TO PREVENT SERIOUS INJURY TO THE OCCUPANT DURING FORWARD IMPACTS IN EMERGENCY LANDING CONDITIONS",,,Not applicable as ERDA Inc (Decrane) manufactured passenger seats are installed in this aircraft.,,,5439:59 H,,,,5439:59 H,,,,,,
157b8d12-c115-446e-a4dc-d12077751fe2,91aa63f8-13f1-4d97-9495-50fa7818a72b,HAWKER 800XP,838697ff-b6ab-46e4-9aad-def266b918bc,Tmplt HAWKER 800XP,43148239-26c4-4712-81de-969da8d80cf3,VT-VPA,258415,DGCA/New-Misc/21,FAA priority let 94-06-09 &TCM critical SB 641,MIS#,80,"M021
Inspection/Replacement affected magneto capacitors.",,,Not applicable as aircraft is fitted with turbo fan engine. (Model :TFE 731-5BR-1H),,,5439:59 H,,,,5439:59 H,,,,,,
157b8d12-c115-446e-a4dc-d12077751fe2,91aa63f8-13f1-4d97-9495-50fa7818a72b,HAWKER 800XP,838697ff-b6ab-46e4-9aad-def266b918bc,Tmplt HAWKER 800XP,43148239-26c4-4712-81de-969da8d80cf3,VT-VPA,258415,DGCA/NEW MISC/235,FAA AD 2020-21-02],MIS,26,"DGCA/NEW MISC/235
AIR TRANSPORT ASSOCIATION(ATA) OF AMERICA CODE 26 FIRE PROTECTION.",,,Not Applicable by the Aircraft Model Hawker 800XP(Passenger aircraft).,24 Mt,13-Jan-2021,10-May-2026,1943 Dy,,13-Jan-2023,13-Jan-2023,-1213 Dy,,,,,
157b8d12-c115-446e-a4dc-d12077751fe2,91aa63f8-13f1-4d97-9495-50fa7818a72b,HAWKER 800XP,838697ff-b6ab-46e4-9aad-def266b918bc,Tmplt HAWKER 800XP,43148239-26c4-4712-81de-969da8d80cf3,VT-VPA,258415,DGCA/New Misc/115 R1,EASA AD 2009-0173,MIS,34,"M115
Navigation - Mode S Transponder - Modification / Replacement",,,Not applicable as Honeywell manufactured Transponder is installed.,1 Dy,16-Apr-1999,10-May-2026,9886 Dy,,17-Apr-1999,17-Apr-1999,-9885 Dy,,,,,
157b8d12-c115-446e-a4dc-d12077751fe2,91aa63f8-13f1-4d97-9495-50fa7818a72b,HAWKER 800XP,838697ff-b6ab-46e4-9aad-def266b918bc,Tmplt HAWKER 800XP,43148239-26c4-4712-81de-969da8d80cf3,VT-VPA,258415,SB 46-3893,SB 46-3893,SB#,46,"46-3893
INFORMATION SYSTEMS - ADDITION OF ""MCDU MENU"" SOFT-KEY TO CDU INDEX PAGE",,,Not Applicable due to Aircraft Serial no. 258415,,16-Apr-1999,10-May-2026,,,,10-May-2026,,,,,,
157b8d12-c115-446e-a4dc-d12077751fe2,91aa63f8-13f1-4d97-9495-50fa7818a72b,HAWKER 800XP,838697ff-b6ab-46e4-9aad-def266b918bc,Tmplt HAWKER 800XP,43148239-26c4-4712-81de-969da8d80cf3,VT-VPA,258415,DGCA/NEW-MISC/205,EASA AD No.: 2018-0223,MIS,25,"M 205
ATA 25 - Equipment / Furnishing - Seat Energy Absorber Assembly - Modification",,,Not applicable as IPECO manufactured crew seats and Decrane manufactured (ERDA.INC) passenger seats are installed in this aircraft.,,,5439:59 H,,,,5439:59 H,,,,,,
157b8d12-c115-446e-a4dc-d12077751fe2,91aa63f8-13f1-4d97-9495-50fa7818a72b,HAWKER 800XP,838697ff-b6ab-46e4-9aad-def266b918bc,Tmplt HAWKER 800XP,43148239-26c4-4712-81de-969da8d80cf3,VT-VPA,258415,DGCA/New-Misc/101,FAA AD 2007-14-06,MIS#,34,"M101
Air Transport Association of America (ATA) Code 34: Navigation.",,,Not applicable as TCAS 2000 installed.,,,5439:59 H,,,,5439:59 H,,,,,,
157b8d12-c115-446e-a4dc-d12077751fe2,91aa63f8-13f1-4d97-9495-50fa7818a72b,HAWKER 800XP,838697ff-b6ab-46e4-9aad-def266b918bc,Tmplt HAWKER 800XP,43148239-26c4-4712-81de-969da8d80cf3,VT-VPA,258415,DGCA/New Misc/140,FAA AD 2011-25-01,MIS#,25,"M140
To install Placards to Aid in Locating and deploying Life rafts to Prevent Further Injury Or Loss Of Life In the Event Of a Helicopter Landing in the Water",,,"Not applicable to airplanes, this mod is only applicable to Helicopters.",,,5439:59 H,,,,5439:59 H,,,,,,
157b8d12-c115-446e-a4dc-d12077751fe2,91aa63f8-13f1-4d97-9495-50fa7818a72b,HAWKER 800XP,838697ff-b6ab-46e4-9aad-def266b918bc,Tmplt HAWKER 800XP,43148239-26c4-4712-81de-969da8d80cf3,VT-VPA,258415,DGCA/New-Misc/159 Rev 1,FAA AD 2014-17-02,MIS,96,"M159
To detect and correct discrepancies of the battery wiring installation inside the TU, which could result in an electrical short and possible ignition source.",,,"not applicable by the installed ELT model.Installed is Artex-C 406-1, P/N:453-5002,S/N:170-10523.",120 Dy,,10-May-2026,46152 Dy,,29-Apr-1900,29-Apr-1900,-46032 Dy,,,,,
157b8d12-c115-446e-a4dc-d12077751fe2,91aa63f8-13f1-4d97-9495-50fa7818a72b,HAWKER 800XP,838697ff-b6ab-46e4-9aad-def266b918bc,Tmplt HAWKER 800XP,43148239-26c4-4712-81de-969da8d80cf3,VT-VPA,258415,DGCA/New-Misc/42,FAA AD 2000-05-24,MIS#,34,"M042
Inspect the autopilot servo actuator for a loose fastener.",,,Not applicable as DFZ-800 Automatic Flight Control System Installed.,,,5439:59 H,,,,5439:59 H,,,,,,
157b8d12-c115-446e-a4dc-d12077751fe2,91aa63f8-13f1-4d97-9495-50fa7818a72b,HAWKER 800XP,838697ff-b6ab-46e4-9aad-def266b918bc,Tmplt HAWKER 800XP,43148239-26c4-4712-81de-969da8d80cf3,VT-VPA,258415,DGCA/NEW-MISC/211R1,FAA AD 2018-23-12,MIS,25,"M 211 R1
Air Transport Association (ATA) of America Code 25, Equipment/furnishings.",,,Not applicable by the aircraft model Hwaker 800 Xp.,,,5439:59 H,,,,5439:59 H,,,,,,
157b8d12-c115-446e-a4dc-d12077751fe2,91aa63f8-13f1-4d97-9495-50fa7818a72b,HAWKER 800XP,838697ff-b6ab-46e4-9aad-def266b918bc,Tmplt HAWKER 800XP,43148239-26c4-4712-81de-969da8d80cf3,VT-VPA,258415,SB 32-3023 R1,SB 32-3023 R1,SB#,32,"32-3023
LANDING GEAR - REPLACEMENT OF 'LE' GREASE AND INSTALLATION OF A CORROSION RESISTANT STEEL SPRING IN THE MAIN LANDING GEAR SIDESTAY SPRING STRUT",,,Not Applicable du e to Aircraft Serial no. 258415,,16-Apr-1999,10-May-2026,,,,10-May-2026,,,,,,
157b8d12-c115-446e-a4dc-d12077751fe2,91aa63f8-13f1-4d97-9495-50fa7818a72b,HAWKER 800XP,838697ff-b6ab-46e4-9aad-def266b918bc,Tmplt HAWKER 800XP,43148239-26c4-4712-81de-969da8d80cf3,VT-VPA,258415,DGCA/New-Misc/176,FAA AD 2015-23-09,MIS,35,"M176
ATA 35, OXYGEN - To detect and correct affected oxygen mask regulators, which could lead, In case of mask usage at or above 10,000 feet after a depressurization event, To the inhalation of air with improper content of oxygen, Due to the bad dilution settings, thereby providing inadequate protection to the affected flightcrew against hypoxia. Hypoxia can start from a headache and drowsiness and lead eventually to unconsciousness with severe consequence in terms of airplane controllability.",,,Not applicable by the crew oxygen mask part number.Installed part number is : MF10-03-02 and S/N:39073 (Pilot) & SE57480(Co-pilot).,30 Dy,,10-May-2026,46152 Dy,,29-Jan-1900,29-Jan-1900,-46122 Dy,,,,,
157b8d12-c115-446e-a4dc-d12077751fe2,91aa63f8-13f1-4d97-9495-50fa7818a72b,HAWKER 800XP,838697ff-b6ab-46e4-9aad-def266b918bc,Tmplt HAWKER 800XP,43148239-26c4-4712-81de-969da8d80cf3,VT-VPA,258415,DGCA / NEW MISCELLANEOUS / 266,UK CAA AD Number: G-2025-0005,MIS,25,"DGCA / NEW MISCELLANEOUS / 266
Equipment / Furnishings -Passenger Seats - Modification",,,Not applicable as Seat is not manufactured by the said manufacturer.,,,5439:59 H,,,,5439:59 H,,,,,,
157b8d12-c115-446e-a4dc-d12077751fe2,91aa63f8-13f1-4d97-9495-50fa7818a72b,HAWKER 800XP,838697ff-b6ab-46e4-9aad-def266b918bc,Tmplt HAWKER 800XP,43148239-26c4-4712-81de-969da8d80cf3,VT-VPA,258415,FAA AD 97-21-05,Raytheon Service Bulletin SB.35-46,AD#,35,"97-21-05
High Pressure Oxygen Hose Assemblies",,,Not applicable by aircraft serial number 258415.,,16-Apr-1999,10-May-2026,,,,10-May-2026,,,,,,
157b8d12-c115-446e-a4dc-d12077751fe2,91aa63f8-13f1-4d97-9495-50fa7818a72b,HAWKER 800XP,838697ff-b6ab-46e4-9aad-def266b918bc,Tmplt HAWKER 800XP,43148239-26c4-4712-81de-969da8d80cf3,VT-VPA,258415,DGCA/ NEW MISC/ 243R1,EASA AD : 2021-0185R1,MIS,26,"DGCA/ NEW MISC/ 243R1
Fire Protection - Hand-operated Fire Extinguishers - Inspection / Replacement",,,Not Applicable as Fire Fighting Enterprises Manufacturer Fire Extinguisher is Installed.,30 Dy,27-Sep-2021,10-May-2026,1686 Dy,,27-Oct-2021,27-Oct-2021,-1656 Dy,,,,,
157b8d12-c115-446e-a4dc-d12077751fe2,91aa63f8-13f1-4d97-9495-50fa7818a72b,HAWKER 800XP,838697ff-b6ab-46e4-9aad-def266b918bc,Tmplt HAWKER 800XP,43148239-26c4-4712-81de-969da8d80cf3,VT-VPA,258415,DGCA/ NEW MISC/ 240,EASA AD :G-2021-0003,MIS,25,"DGCA/ NEW MISC/ 240
Equipment / Furnishings - Life Jacket - Inspection",,,Not Applicable as Life Jacket P/N : P01074-101 Installed.,,4859:34 H,5439:59 H,,,,5439:59 H,,,,,,
157b8d12-c115-446e-a4dc-d12077751fe2,91aa63f8-13f1-4d97-9495-50fa7818a72b,HAWKER 800XP,838697ff-b6ab-46e4-9aad-def266b918bc,Tmplt HAWKER 800XP,43148239-26c4-4712-81de-969da8d80cf3,VT-VPA,258415,DGCA/New-Misc/153 Rev 12,EASA AD 2015-0226 R5,MIS,25,"M153 R12
ATA 25-Equipment / Furnishing - Hoist - Test / Replacement",,,Not Applicable as Hoist not installed.,30 Dy,,10-May-2026,46152 Dy,,29-Jan-1900,29-Jan-1900,-46122 Dy,,,,,
157b8d12-c115-446e-a4dc-d12077751fe2,91aa63f8-13f1-4d97-9495-50fa7818a72b,HAWKER 800XP,838697ff-b6ab-46e4-9aad-def266b918bc,Tmplt HAWKER 800XP,43148239-26c4-4712-81de-969da8d80cf3,VT-VPA,258415,SB 24-3453,SB 24-3453,SB,24,"24-3453
ELECTRICAL POWER/INSPECTION OF ELECTRICAL CONNECTIONS ON PANELS 'GG', 'CG' AND 'DA'.",,,Not Applicable due to Aircraft Serial no. 258415,,,5439:59 H,,,,5439:59 H,,,,,,
157b8d12-c115-446e-a4dc-d12077751fe2,91aa63f8-13f1-4d97-9495-50fa7818a72b,HAWKER 800XP,838697ff-b6ab-46e4-9aad-def266b918bc,Tmplt HAWKER 800XP,43148239-26c4-4712-81de-969da8d80cf3,VT-VPA,258415,SB 33-56 Rev.01,SB 33-56 Rev.01,SB$,33,"33-56
Lights- Anti Collision Beacon- To introduce rough runway protection to the Anti Collision Beacon.",,,Optional SB. Not yet applied on Aircraft.;,,,5439:59 H,,,,5439:59 H,,,,,,
157b8d12-c115-446e-a4dc-d12077751fe2,91aa63f8-13f1-4d97-9495-50fa7818a72b,HAWKER 800XP,838697ff-b6ab-46e4-9aad-def266b918bc,Tmplt HAWKER 800XP,43148239-26c4-4712-81de-969da8d80cf3,VT-VPA,258415,SB 25-3707,SB 25-3707,SB#,25,"25-3707
EQUIPMENT/FURNISHINGS - ARTEX EMERGENCY LOCATOR TRANSMITTER (ELT) WIRING MODIFICATIONS",,,Not Applicable due to Aircraft Serial no. 258415,,,5439:59 H,,,,5439:59 H,,,,,,
157b8d12-c115-446e-a4dc-d12077751fe2,91aa63f8-13f1-4d97-9495-50fa7818a72b,HAWKER 800XP,838697ff-b6ab-46e4-9aad-def266b918bc,Tmplt HAWKER 800XP,43148239-26c4-4712-81de-969da8d80cf3,VT-VPA,258415,DGCA/New-Misc/162,EASA AD 2014-0088,MIS,34,"M162
Communications - Cockpit Voice Recorder - Replacement",,,Not applicable as Universal navigation manufactured CVR-120 is installed in this aircraft.,18 Mt,,10-May-2026,46152 Dy,,30-Jun-1901,30-Jun-1901,-45605 Dy,,,,,
157b8d12-c115-446e-a4dc-d12077751fe2,91aa63f8-13f1-4d97-9495-50fa7818a72b,HAWKER 800XP,838697ff-b6ab-46e4-9aad-def266b918bc,Tmplt HAWKER 800XP,43148239-26c4-4712-81de-969da8d80cf3,VT-VPA,258415,DGCA / NEW MISCELLANEOUS / 271R1,EASA AD No.: 2025-0297R1,MIS#,35,"DGCA / NEW MISCELLANEOUS / 271R1
ATA 35 - Oxygen - Portable Breathing Equipment - Removal from Service",,,Not Applicable as Installed Portable breathing equipment is from another manufacturer (Scott),,5439:59 H,5439:59 H,,,,5439:59 H,,,,,,
157b8d12-c115-446e-a4dc-d12077751fe2,91aa63f8-13f1-4d97-9495-50fa7818a72b,HAWKER 800XP,838697ff-b6ab-46e4-9aad-def266b918bc,Tmplt HAWKER 800XP,43148239-26c4-4712-81de-969da8d80cf3,VT-VPA,258415,FAA AD 2001-12-17,"Raytheon Service Bulletin 51-3336, Revision 1",AD#,53,"2001-12-17
Rivets at Fuselage Stations",,,Not applicable by aircraft serial number 258415.,,16-Apr-1999,"5439:59 H
10-May-2026",,,,"5439:59 H
10-May-2026",,,,,,
157b8d12-c115-446e-a4dc-d12077751fe2,91aa63f8-13f1-4d97-9495-50fa7818a72b,HAWKER 800XP,838697ff-b6ab-46e4-9aad-def266b918bc,Tmplt HAWKER 800XP,43148239-26c4-4712-81de-969da8d80cf3,VT-VPA,258415,DGCA/NEW-MISC/214,FAA AD 2018-25-17,MIS,21,"M 214
Joint Aircraft Service Component (JASC) Code: 2197, Air Conditioning System Wiring.",,,Not applicable by the aircraft model Hawker 800 XP.,,,5439:59 H,,,,5439:59 H,,,,,,
157b8d12-c115-446e-a4dc-d12077751fe2,91aa63f8-13f1-4d97-9495-50fa7818a72b,HAWKER 800XP,838697ff-b6ab-46e4-9aad-def266b918bc,Tmplt HAWKER 800XP,43148239-26c4-4712-81de-969da8d80cf3,VT-VPA,258415,DGCA/NEW-MISC/252,FAA AD 2022-04-09,MIS,35,"DGCA/NEW-MISC/252
Air Transport Association (ATA) of America Code 35, Oxygen System.",,,Not applicable as Walter Kidde A WKA 37447 Oxygen Cylinder Installed.,60 Dy,31-Mar-2022,10-May-2026,1501 Dy,,30-May-2022,30-May-2022,-1441 Dy,,,,,
157b8d12-c115-446e-a4dc-d12077751fe2,91aa63f8-13f1-4d97-9495-50fa7818a72b,HAWKER 800XP,838697ff-b6ab-46e4-9aad-def266b918bc,Tmplt HAWKER 800XP,43148239-26c4-4712-81de-969da8d80cf3,VT-VPA,258415,DGCA/New-Misc/196,FAA AD 2017-19-05,MIS#,26,"M196
TO PREVENT FAILURE OF THE SMOKE DETECTOR, ON-BOARD UNCONTROLLED FIRE, AND DAMAGE TO THE AIRPLANE",,,Not applicable by the installed smoke detector part number. installed is : Kidde smoke detector p/n : 473054.,,,5439:59 H,,,,5439:59 H,,,,,,
157b8d12-c115-446e-a4dc-d12077751fe2,91aa63f8-13f1-4d97-9495-50fa7818a72b,HAWKER 800XP,838697ff-b6ab-46e4-9aad-def266b918bc,Tmplt HAWKER 800XP,43148239-26c4-4712-81de-969da8d80cf3,VT-VPA,258415,SB 24-3745 R1,,SB#,24,"SB 24-3745
ELECTRICAL POWER - INSPECTION OF 'DA-A' PANEL BUSSING",,,Not Applicable due to Aircraft Serial no. 258415,,16-Apr-1999,10-May-2026,,,,10-May-2026,,,,,,
157b8d12-c115-446e-a4dc-d12077751fe2,91aa63f8-13f1-4d97-9495-50fa7818a72b,HAWKER 800XP,838697ff-b6ab-46e4-9aad-def266b918bc,Tmplt HAWKER 800XP,43148239-26c4-4712-81de-969da8d80cf3,VT-VPA,258415,DGCA /New-Misc/105,FAA AD 2008-06-27,MIS,52,"M105
To prevent failure of an evacuation system.",,,Not applicable by aircraft model Hawker 800XP.,18:00 H,,5439:59 H,5439:59 H,,18:00 H,18:00 H,-5421:59 H,,,,,
157b8d12-c115-446e-a4dc-d12077751fe2,91aa63f8-13f1-4d97-9495-50fa7818a72b,HAWKER 800XP,838697ff-b6ab-46e4-9aad-def266b918bc,Tmplt HAWKER 800XP,43148239-26c4-4712-81de-969da8d80cf3,VT-VPA,258415,DGCA/New-Misc/83,FAA AD 2004-22-01,MIS#,52,"M083
To prevent shifting or unrestrained cargo in the cargo compartment,which could cause an unexpectedchange in the airplanes center of gravity.",,,Not Applicable by Aircraft Model Hawker 800XP.,,,10-May-2026,,,,10-May-2026,,,,,,
157b8d12-c115-446e-a4dc-d12077751fe2,91aa63f8-13f1-4d97-9495-50fa7818a72b,HAWKER 800XP,838697ff-b6ab-46e4-9aad-def266b918bc,Tmplt HAWKER 800XP,43148239-26c4-4712-81de-969da8d80cf3,VT-VPA,258415,DGCA/NEW-MISC/210 R1,EASA AD 2018-0264 R1,MIS,25,"M 210 R1
ATA 25 - Equipment / Furnishings - Life Vest Pouch - Inspection",,,Not applicable as ERDA .Inc ( Decrane) Manufactured passenger seats are installed in this aircraft.,,,5439:59 H,,,,5439:59 H,,,,,,
157b8d12-c115-446e-a4dc-d12077751fe2,91aa63f8-13f1-4d97-9495-50fa7818a72b,HAWKER 800XP,838697ff-b6ab-46e4-9aad-def266b918bc,Tmplt HAWKER 800XP,43148239-26c4-4712-81de-969da8d80cf3,VT-VPA,258415,DGCA/New-Misc/149 Rev 1,EASA AD 2012-0254 Rev 1,MIS,35,"M149
ATA-35 Oxygen - Flight Crew Oxygen Mask Regulator - Identification / Operational Procedure / Replacement",,,Not applicable as oxygen mask regulator part no. MF10-03-02 is installed.,30 Dy,16-Apr-1999,10-May-2026,9886 Dy,,16-May-1999,16-May-1999,-9856 Dy,,,,,
157b8d12-c115-446e-a4dc-d12077751fe2,91aa63f8-13f1-4d97-9495-50fa7818a72b,HAWKER 800XP,838697ff-b6ab-46e4-9aad-def266b918bc,Tmplt HAWKER 800XP,43148239-26c4-4712-81de-969da8d80cf3,VT-VPA,258415,DGCA/New-Misc/164,EASA AD 2014-0142Rev 1,MIS,35,"M164
Oxygen - Oxygen Mask Regulator Inflatable Harness / Inflation Hose - Identification / Replacement",,,Not applicable by the installed oxygen mask part number. Installed is :MF10-03-02 and S/N.93510 & 96131.,24 Mt,,10-May-2026,46152 Dy,,30-Dec-1901,30-Dec-1901,-45422 Dy,,,,,
157b8d12-c115-446e-a4dc-d12077751fe2,91aa63f8-13f1-4d97-9495-50fa7818a72b,HAWKER 800XP,838697ff-b6ab-46e4-9aad-def266b918bc,Tmplt HAWKER 800XP,43148239-26c4-4712-81de-969da8d80cf3,VT-VPA,258415,DGCA / NEW MISCELLAN EOUS / 262,FAA AD 2025-07-01,MIS,34,"DGCA / NEW MISCELLAN EOUS / 262
Joint Aircraft System Component (JASC) Code 3417, Air Data Computer",,,Not applicable as Thommen Aircraft Equipment. AC 32 ADC not installed.,,5439:59 H,5439:59 H,,,,5439:59 H,,,,,,
157b8d12-c115-446e-a4dc-d12077751fe2,91aa63f8-13f1-4d97-9495-50fa7818a72b,HAWKER 800XP,838697ff-b6ab-46e4-9aad-def266b918bc,Tmplt HAWKER 800XP,43148239-26c4-4712-81de-969da8d80cf3,VT-VPA,258415,SL 125-32-01 R1,SL 125-32-01 R1,SB,32,"SL 125-32-01 R1
LANDING GEAR - INSPECTION OF THE LEFT AND RIGHT MAIN LANDING GEAR (MLG) RETRACTION JACK ASSEMBLIES.",,,Not Applicable by landing gear retraction jack P/N and S/N Listed in table 1 of this SL.,"800:00 H
1 Yr","5059:28 H
11-Mar-2022","5439:59 H
10-May-2026","380:31 H
1521 Dy",,"5859:28 H
11-Mar-2023","5859:28 H
11-Mar-2023","419:29 H
-1156 Dy",,,,,
157b8d12-c115-446e-a4dc-d12077751fe2,91aa63f8-13f1-4d97-9495-50fa7818a72b,HAWKER 800XP,838697ff-b6ab-46e4-9aad-def266b918bc,Tmplt HAWKER 800XP,43148239-26c4-4712-81de-969da8d80cf3,VT-VPA,258415,DGCA/New Misc/111,EASA AD 2006-0334R1,MIS,23,"M111
Communications - Thales Communications VHF Data Radio - Modification",,,Not applicable as Thales-Communication VHF is not installed.,42 Mt,,10-May-2026,46152 Dy,,30-Jun-1903,30-Jun-1903,-44875 Dy,,,,,
157b8d12-c115-446e-a4dc-d12077751fe2,91aa63f8-13f1-4d97-9495-50fa7818a72b,HAWKER 800XP,838697ff-b6ab-46e4-9aad-def266b918bc,Tmplt HAWKER 800XP,43148239-26c4-4712-81de-969da8d80cf3,VT-VPA,258415,SB 01-22 R2,SB 01-22 R2,SB#,20,"01-22
CERTIFICATION DOCUMENTS - GENERAL - TO INTRODUCE CHANGES TO MEET ISRAELI CERTIFICATION REQUIREMENTS",,,Not Applicable due to Aircraft Serial no. 258415,,,5439:59 H,,,,5439:59 H,,,,,,
157b8d12-c115-446e-a4dc-d12077751fe2,91aa63f8-13f1-4d97-9495-50fa7818a72b,HAWKER 800XP,838697ff-b6ab-46e4-9aad-def266b918bc,Tmplt HAWKER 800XP,43148239-26c4-4712-81de-969da8d80cf3,VT-VPA,258415,SB 34-3556,SB 34-3556,SB#,34,"34-3556
NAVIGATION - INTRODUCE FLIGHT MANAGEMENT SYSTEM (FMS) PERFORMANCE",,,Not Applicable due to Aircraft Serial no. 258415,,16-Apr-1999,10-May-2026,,,,10-May-2026,,,,,,
157b8d12-c115-446e-a4dc-d12077751fe2,91aa63f8-13f1-4d97-9495-50fa7818a72b,HAWKER 800XP,838697ff-b6ab-46e4-9aad-def266b918bc,Tmplt HAWKER 800XP,43148239-26c4-4712-81de-969da8d80cf3,VT-VPA,258415,DGCA/NEW-MISC/231,FAA AD 2020-10-05,MIS,23,"M 231
Joint Aircraft System Component (JASC)/Air Transport Association (ATA) of America Code 3460, Flight Management Computing Hardware System.",,,Not applicable as Honeywell Inc. manufactured flight management computer is installed in the aircraft.,,4746:33 H,5439:59 H,,,,5439:59 H,,,,,,
157b8d12-c115-446e-a4dc-d12077751fe2,91aa63f8-13f1-4d97-9495-50fa7818a72b,HAWKER 800XP,838697ff-b6ab-46e4-9aad-def266b918bc,Tmplt HAWKER 800XP,43148239-26c4-4712-81de-969da8d80cf3,VT-VPA,258415,DGCA/New Misc/130 R3,FAA AD 2012-11-09 R1,MIS,35,"M130
Air Transport Association (ATA) of America Code 35, Oxygen.",,,Not Applicable As Chemical Oxygen Generator is Not Installed.,21 Dy,16-Apr-1999,10-May-2026,9886 Dy,,07-May-1999,07-May-1999,-9865 Dy,,,,,
157b8d12-c115-446e-a4dc-d12077751fe2,91aa63f8-13f1-4d97-9495-50fa7818a72b,HAWKER 800XP,838697ff-b6ab-46e4-9aad-def266b918bc,Tmplt HAWKER 800XP,43148239-26c4-4712-81de-969da8d80cf3,VT-VPA,258415,SL125-34-01,,SB,34,"SL125-34-01
NAVIGATION - IMPLEMENT AIRPLANE FLIGHT MANUAL CHANGES AFTER DISABLING LNAV/VNAV",,,Not Applicable by MSN,,4846:57 H,5439:59 H,,,,5439:59 H,,,,,,
157b8d12-c115-446e-a4dc-d12077751fe2,91aa63f8-13f1-4d97-9495-50fa7818a72b,HAWKER 800XP,838697ff-b6ab-46e4-9aad-def266b918bc,Tmplt HAWKER 800XP,43148239-26c4-4712-81de-969da8d80cf3,VT-VPA,258415,DGCA/New-Misc/77,DGAC AD F-2004-053,MIS#,34,"M077
TA/RA VSI TCAS Indicator Thales Aionics.",,,Not applicable as Honeywell manufactured TCAS is installed in the aircraft.,,16-Apr-1999,10-May-2026,,,,10-May-2026,,,,,,
157b8d12-c115-446e-a4dc-d12077751fe2,91aa63f8-13f1-4d97-9495-50fa7818a72b,HAWKER 800XP,838697ff-b6ab-46e4-9aad-def266b918bc,Tmplt HAWKER 800XP,43148239-26c4-4712-81de-969da8d80cf3,VT-VPA,258415,DGCA/New-Misc/50,FAA AD 2001-15-17,MIS#,23,"M050
To modify the altitude encoder inputs of the CTL-92 transponder control panels.",,,Not applicable as Honeywell manufactured RCZ-833 Transponder is installed in this aircraft.,,,5439:59 H,,,,5439:59 H,,,,,,
157b8d12-c115-446e-a4dc-d12077751fe2,91aa63f8-13f1-4d97-9495-50fa7818a72b,HAWKER 800XP,838697ff-b6ab-46e4-9aad-def266b918bc,Tmplt HAWKER 800XP,43148239-26c4-4712-81de-969da8d80cf3,VT-VPA,258415,DGCA/New-Misc/152 Rev 5,EASA AD 2013-0020 Rev 4,MIS,25,"M152
ATA 25-Equipment & Furnishings - Safety Belts / Torso Restraint Systems - Inspection / Replacement",,,Not applicable as no maintenance or repair work carried out on seat belt/ Torso restraint system.,6 Mt,,10-May-2026,46152 Dy,,30-Jun-1900,30-Jun-1900,-45970 Dy,,,,,
157b8d12-c115-446e-a4dc-d12077751fe2,91aa63f8-13f1-4d97-9495-50fa7818a72b,HAWKER 800XP,838697ff-b6ab-46e4-9aad-def266b918bc,Tmplt HAWKER 800XP,43148239-26c4-4712-81de-969da8d80cf3,VT-VPA,258415,SB 26-3323,SB 26-3323,SB$,26,"26-3323
FIRE PROTECTION - INTRODUCTION OF A REPLACEMENT FIRE WARNING BELL",,,Optional SB shall be complied as & when required,,16-Apr-1999,10-May-2026,,,,10-May-2026,,,,,,
157b8d12-c115-446e-a4dc-d12077751fe2,91aa63f8-13f1-4d97-9495-50fa7818a72b,HAWKER 800XP,838697ff-b6ab-46e4-9aad-def266b918bc,Tmplt HAWKER 800XP,43148239-26c4-4712-81de-969da8d80cf3,VT-VPA,258415,SB 34-3836,SB 34-3836,SB#,34,"34-3836
NAVIGATION - COLLINS FMS-6000 VERSION 3.3.1 SOFTWARE UPGRADE FROM VERSION 3.0.3",,,Not Applicable due to Aircraft Serial no. 258415,,16-Apr-1999,10-May-2026,,,,10-May-2026,,,,,,
157b8d12-c115-446e-a4dc-d12077751fe2,91aa63f8-13f1-4d97-9495-50fa7818a72b,HAWKER 800XP,838697ff-b6ab-46e4-9aad-def266b918bc,Tmplt HAWKER 800XP,43148239-26c4-4712-81de-969da8d80cf3,VT-VPA,258415,DGCA/New-Misc/10,FAR PART 121.317(b),MIS,11,"M010
""Fasten Seat Belt While Seated"" sign or playcard on each forward bulkhead and on each passenger seat back.",,,Complied with.,1 Dy,16-Apr-1999,10-May-2026,9886 Dy,,17-Apr-1999,17-Apr-1999,-9885 Dy,,,,,
157b8d12-c115-446e-a4dc-d12077751fe2,91aa63f8-13f1-4d97-9495-50fa7818a72b,HAWKER 800XP,838697ff-b6ab-46e4-9aad-def266b918bc,Tmplt HAWKER 800XP,43148239-26c4-4712-81de-969da8d80cf3,VT-VPA,258415,SB 35-3316 R1,SB 35-3316 R1,SB#,35,"35-3316
OXYGEN - REPLACEMENT OXYGEN CONTENTS GAUGES IN THE FLIGHT COMPARTMENT AND THE OXYGEN CHARGING BOX",,,Not Applicable due to Aircraft Serial no. 258415,,16-Apr-1999,10-May-2026,,,,10-May-2026,,,,,,
157b8d12-c115-446e-a4dc-d12077751fe2,91aa63f8-13f1-4d97-9495-50fa7818a72b,HAWKER 800XP,838697ff-b6ab-46e4-9aad-def266b918bc,Tmplt HAWKER 800XP,43148239-26c4-4712-81de-969da8d80cf3,VT-VPA,258415,DGCA/New-Misc/20,FAA AD 98-01-06 and BLA AD 1998-007-AB,MIS,28,"M020
To prevent disruption of the fuel to the engine resulting in failure attain related power.",,,Not applicable as aircraft is fitted with turbo fan engine. (Model :TFE 731-5BR-1H),1 Yr,16-Apr-1999,10-May-2026,9886 Dy,,16-Apr-2000,16-Apr-2000,-9520 Dy,,,,,
157b8d12-c115-446e-a4dc-d12077751fe2,91aa63f8-13f1-4d97-9495-50fa7818a72b,HAWKER 800XP,838697ff-b6ab-46e4-9aad-def266b918bc,Tmplt HAWKER 800XP,43148239-26c4-4712-81de-969da8d80cf3,VT-VPA,258415,SB 29-101 Rev.3,SB 29-101 Rev.3,SB$,29,"29-101
Hydraulic Power- Introduction of a bypass with a flow restrictor in the air brake hydraulic system.",,,Not applicable by the serial number of the aircraft.,,,5439:59 H,,,,5439:59 H,,,,,,
157b8d12-c115-446e-a4dc-d12077751fe2,91aa63f8-13f1-4d97-9495-50fa7818a72b,HAWKER 800XP,838697ff-b6ab-46e4-9aad-def266b918bc,Tmplt HAWKER 800XP,43148239-26c4-4712-81de-969da8d80cf3,VT-VPA,258415,DGCA/New-Misc/190,FAA AD 2017-04-06,MIS#,23,"M190
TO PREVENT DISPLAY OF MISLEADING ALTITUDE DATA, WHICH COULD RESULT IN INADVERTENT FLIGHT INTO TERRAIN",,,Not applicable as installed Altimeter is not manufactured between January 2015 to February 2016,,,5439:59 H,,,,5439:59 H,,,,,,
157b8d12-c115-446e-a4dc-d12077751fe2,91aa63f8-13f1-4d97-9495-50fa7818a72b,HAWKER 800XP,838697ff-b6ab-46e4-9aad-def266b918bc,Tmplt HAWKER 800XP,43148239-26c4-4712-81de-969da8d80cf3,VT-VPA,258415,SB 55-35,SB 55-35,SB,55,"55-35
Lower vertical stabilizer- Inspection of lower vertical stabilizer upper closing rib (Fin Rib 6) for possible oversized or elongated fin rib 6 attachment holes.",,,Not applicable by the aircraft model Hawker 800XP.,,,5439:59 H,,,,5439:59 H,,,,,,
157b8d12-c115-446e-a4dc-d12077751fe2,91aa63f8-13f1-4d97-9495-50fa7818a72b,HAWKER 800XP,838697ff-b6ab-46e4-9aad-def266b918bc,Tmplt HAWKER 800XP,43148239-26c4-4712-81de-969da8d80cf3,VT-VPA,258415,DGCA/New-Misc/165,EASA AD 2014-0187,MIS,25,"M165
Equipment & Furnishings - Safety Belt Attachment Bolts - Inspection / Replacement",,,Not applicable as IPECO manufactured crew seats and Decrane manufactured (ERDA.INC) passenger seats are installed in this aircraft.,6 Mt,,10-May-2026,46152 Dy,,30-Jun-1900,30-Jun-1900,-45970 Dy,,,,,
157b8d12-c115-446e-a4dc-d12077751fe2,91aa63f8-13f1-4d97-9495-50fa7818a72b,HAWKER 800XP,838697ff-b6ab-46e4-9aad-def266b918bc,Tmplt HAWKER 800XP,43148239-26c4-4712-81de-969da8d80cf3,VT-VPA,258415,DGCA/NEW-MISC/208 R1,EASA AD 2018-0259 R1,MIS,46,"M 208 R1
ATA 46 - Information Systems - Electronic Flight Bag Universal Serial Bus Receptacle - Modification",,,Not applicable by the aircraft model Hawker 800 Xp.,,,5439:59 H,,,,5439:59 H,,,,,,
157b8d12-c115-446e-a4dc-d12077751fe2,91aa63f8-13f1-4d97-9495-50fa7818a72b,HAWKER 800XP,838697ff-b6ab-46e4-9aad-def266b918bc,Tmplt HAWKER 800XP,43148239-26c4-4712-81de-969da8d80cf3,VT-VPA,258415,FAA AD 98-23-15,Raytheon Aircraft Service Bulletin SB.49-3018,AD#,49,"98-23-15
Fuel Feed Hose Assemblies",,,Not Applicable by aircraft serial number 258415,,16-Apr-1999,"5439:59 H
10-May-2026",,,,"5439:59 H
10-May-2026",,,,,,
157b8d12-c115-446e-a4dc-d12077751fe2,91aa63f8-13f1-4d97-9495-50fa7818a72b,HAWKER 800XP,838697ff-b6ab-46e4-9aad-def266b918bc,Tmplt HAWKER 800XP,43148239-26c4-4712-81de-969da8d80cf3,VT-VPA,258415,DGCA/NEW-MISC/245,UK CAA AD: G-2021-0010-E,MIS,28,"DGCA/NEW-MISC/245
ATA 28 - Fuel -Cylinder Quick Shut-off Valve Mounting Flange - Inspection / Replacement.",,,Not Applicable to Airplanes. As Reference AD is only Applies to Cameron Balloons Ltd.,,4954:23 H,5439:59 H,,,,5439:59 H,,,,,,
157b8d12-c115-446e-a4dc-d12077751fe2,91aa63f8-13f1-4d97-9495-50fa7818a72b,HAWKER 800XP,838697ff-b6ab-46e4-9aad-def266b918bc,Tmplt HAWKER 800XP,43148239-26c4-4712-81de-969da8d80cf3,VT-VPA,258415,DGCA/NEW MISC/229,EASA AD No.: 2020-0013,MIS,26,"M 229
ATA 26 - Fire Protection - Hand-held Fire Extinguishers - Replacement",,,Not applicable by aircraft model Hawker 800XP.,4 Mt,16-Apr-1999,10-May-2026,9886 Dy,,16-Aug-1999,16-Aug-1999,-9764 Dy,,,,,
157b8d12-c115-446e-a4dc-d12077751fe2,91aa63f8-13f1-4d97-9495-50fa7818a72b,HAWKER 800XP,838697ff-b6ab-46e4-9aad-def266b918bc,Tmplt HAWKER 800XP,43148239-26c4-4712-81de-969da8d80cf3,VT-VPA,258415,SB 24-312 Rev. 1,SB 24-312 Rev. 1,SB$,24,"24-312
Electrical Power- Main Batteries- To introduce Hawker type 25 Ah capacity sealed lead acid batteries.",,,The SB is optional.and not yet applied on Aircraft.,,,5439:59 H,,,,5439:59 H,,,,,,
157b8d12-c115-446e-a4dc-d12077751fe2,91aa63f8-13f1-4d97-9495-50fa7818a72b,HAWKER 800XP,838697ff-b6ab-46e4-9aad-def266b918bc,Tmplt HAWKER 800XP,43148239-26c4-4712-81de-969da8d80cf3,VT-VPA,258415,SB 34-3462,SB 34-3462,SB$,34,"34-3462
NAVIGATION - INTRODUCTION OF TRAFFIC ALERT AND COLLISION AVOIDANCE SYSTEM (TCAS) CHANGE 7",,,Complied with on 19-07-2005.,,16-Apr-1999,10-May-2026,,,,10-May-2026,,,,,,
157b8d12-c115-446e-a4dc-d12077751fe2,91aa63f8-13f1-4d97-9495-50fa7818a72b,HAWKER 800XP,838697ff-b6ab-46e4-9aad-def266b918bc,Tmplt HAWKER 800XP,43148239-26c4-4712-81de-969da8d80cf3,VT-VPA,258415,DGCA/NEW-MISC/153 R15,DGCA/NEW-MISC/153 R15,MIS,25,"DGCA/NEW-MISC/153 R15
ATA 25 - Equipment / Furnishings - Hoist - Test / Replacement.",,,Not Applicable as External Hoist is not installed in our Aircraft.,10 Dy,03-Jun-2022,10-May-2026,1437 Dy,,13-Jun-2022,13-Jun-2022,-1427 Dy,,,,,
157b8d12-c115-446e-a4dc-d12077751fe2,91aa63f8-13f1-4d97-9495-50fa7818a72b,HAWKER 800XP,838697ff-b6ab-46e4-9aad-def266b918bc,Tmplt HAWKER 800XP,43148239-26c4-4712-81de-969da8d80cf3,VT-VPA,258415,DGCA/New-Misc/ 155,FAA AD 2013-10-01,MIS,33,"M155
Unsafe Condition as the search Light / Gimbal Disconnecting from the helicopter and remaining attached solely by the internal cable harness or separating totally.",,,Not applicable as searchlight is not installed in aircrfat.,10:00 H,,5439:59 H,5439:59 H,,10:00 H,10:00 H,-5429:59 H,,,,,
157b8d12-c115-446e-a4dc-d12077751fe2,91aa63f8-13f1-4d97-9495-50fa7818a72b,HAWKER 800XP,838697ff-b6ab-46e4-9aad-def266b918bc,Tmplt HAWKER 800XP,43148239-26c4-4712-81de-969da8d80cf3,VT-VPA,258415,DGCA/NEW-MISC /169R1,FAA AD 2015-10-02,MIS#,25,"M169
TO DETECT AND CORRECT CRACKS IN THE BACKREST LINKS, WHICH COULD AFFECT THE STRUCTURAL INTEGRITY OF SEAT BACKRESTS. FAILURE OF THE BACKREST LINKS COULD RESULT IN INJURY TO AN OCCUPANT DURING EMERGENCY LANDING CONDITIONS",,,Not applicable as IPECO manufactured crew seats and Decrane manufactured (ERDA.INC) passenger seats are installed in this aircraft.,,,5439:59 H,,,,5439:59 H,,,,,,
157b8d12-c115-446e-a4dc-d12077751fe2,91aa63f8-13f1-4d97-9495-50fa7818a72b,HAWKER 800XP,838697ff-b6ab-46e4-9aad-def266b918bc,Tmplt HAWKER 800XP,43148239-26c4-4712-81de-969da8d80cf3,VT-VPA,258415,DGCA/New-Misc/68,FAA AD 2003-03-11,MIS,25,"M068
To prevent failure of the emergency evacuation slide raft.",,,Not applicable by the Emergency Evacuation system manufacturer.,2 Mt,16-Apr-1999,10-May-2026,9886 Dy,,16-Jun-1999,16-Jun-1999,-9825 Dy,,,,,
157b8d12-c115-446e-a4dc-d12077751fe2,91aa63f8-13f1-4d97-9495-50fa7818a72b,HAWKER 800XP,838697ff-b6ab-46e4-9aad-def266b918bc,Tmplt HAWKER 800XP,43148239-26c4-4712-81de-969da8d80cf3,VT-VPA,258415,SB 55-35,SB 55-35,SB#,55,"SB 55-35
Lower vertical stabilizer - Inspection of lower vertical stabilizer upper closing rib (Fin Rib 6) for possible oversized or elongated Fin Rib 6 attachment holes",,,Not Applicable due Aircraft Serial no. 258415,,16-Apr-1999,"5439:59 H
10-May-2026",,,,"5439:59 H
10-May-2026",,,,,,
157b8d12-c115-446e-a4dc-d12077751fe2,91aa63f8-13f1-4d97-9495-50fa7818a72b,HAWKER 800XP,838697ff-b6ab-46e4-9aad-def266b918bc,Tmplt HAWKER 800XP,43148239-26c4-4712-81de-969da8d80cf3,VT-VPA,258415,DGCA/New-Misc/96,EASA AD 2008-0135,MIS#,25,"M096
Equipment and furnishings passenger seat backrest -inspection/replacement",,,Not applicable as Decrane Aircraft Seating Company passenger seats are installed.,,,10-May-2026,,,,10-May-2026,,,,,,
157b8d12-c115-446e-a4dc-d12077751fe2,91aa63f8-13f1-4d97-9495-50fa7818a72b,HAWKER 800XP,838697ff-b6ab-46e4-9aad-def266b918bc,Tmplt HAWKER 800XP,43148239-26c4-4712-81de-969da8d80cf3,VT-VPA,258415,DGCA/New-Misc/76,FAA AD 2003-26-06,MIS#,1,"M076
To detect and correct defective safety belts and restraint systems.",,,Not applicable as AMSAFE Passenger seat belt and crew seat belts are installed.,,,10-May-2026,,,,10-May-2026,,,,,,
157b8d12-c115-446e-a4dc-d12077751fe2,91aa63f8-13f1-4d97-9495-50fa7818a72b,HAWKER 800XP,838697ff-b6ab-46e4-9aad-def266b918bc,Tmplt HAWKER 800XP,43148239-26c4-4712-81de-969da8d80cf3,VT-VPA,258415,SB 32-3135 R2,SB 32-3135 R2,SB,32,"32-3135
LANDING GEAR - INTRODUCTION OF IMPROVED TORQUE LINK BUSHES",,,Recommended SB shall be complied as & when required,,16-Apr-1999,"10-May-2026
3821 L",,,,"10-May-2026
3821 L",,,,,,
157b8d12-c115-446e-a4dc-d12077751fe2,91aa63f8-13f1-4d97-9495-50fa7818a72b,HAWKER 800XP,838697ff-b6ab-46e4-9aad-def266b918bc,Tmplt HAWKER 800XP,43148239-26c4-4712-81de-969da8d80cf3,VT-VPA,258415,SB 53-3569,SB 53-3569,SB#,53,"53-3569
FUSELAGE - FRAMES 12 AND 14 GROUND STUD MODIFICATION",,,Not Applicable due to Aircraft Serial no. 258415,,16-Apr-1999,"5439:59 H
10-May-2026",,,,"5439:59 H
10-May-2026",,,,,,
157b8d12-c115-446e-a4dc-d12077751fe2,91aa63f8-13f1-4d97-9495-50fa7818a72b,HAWKER 800XP,838697ff-b6ab-46e4-9aad-def266b918bc,Tmplt HAWKER 800XP,43148239-26c4-4712-81de-969da8d80cf3,VT-VPA,258415,SB 34-4001,SB 34-4001,SB#,34,"34-4001
NAVIGATION - ROCKWELL COLLINS FMS-6000 VERSION 4.0 SOFTWARE UPGRADE FROM VERSION 3.3.1",,,Not Applicable due to Aircraft Serial no. 258415,,,5439:59 H,,,,5439:59 H,,,,,,
157b8d12-c115-446e-a4dc-d12077751fe2,91aa63f8-13f1-4d97-9495-50fa7818a72b,HAWKER 800XP,838697ff-b6ab-46e4-9aad-def266b918bc,Tmplt HAWKER 800XP,43148239-26c4-4712-81de-969da8d80cf3,VT-VPA,258415,DGCA / NEW MISCELLANEOUS / 271,EASA AD 2025-0297,MIS#,35,"DGCA / NEW MISCELLANEOUS / 271
ATA 35 - Oxygen - Portable Breathing Equipment - Removal From Service",,,Not Applicable as Installed Portable breathing equipment is from another manufacturer (Scott),,,5439:59 H,,,,5439:59 H,,,,,,
157b8d12-c115-446e-a4dc-d12077751fe2,91aa63f8-13f1-4d97-9495-50fa7818a72b,HAWKER 800XP,838697ff-b6ab-46e4-9aad-def266b918bc,Tmplt HAWKER 800XP,43148239-26c4-4712-81de-969da8d80cf3,VT-VPA,258415,DGCA/New-Misc/110,FAA AD 2009-05-05,MIS,100,"M110
To prevent certain conditions from existing when PFDs display incorrect attitude,altitude information",,,Not applicable as Thales-Communication VHF is not installed.,1 Dy,,10-May-2026,46152 Dy,,31-Dec-1899,31-Dec-1899,-46151 Dy,,,,,
157b8d12-c115-446e-a4dc-d12077751fe2,91aa63f8-13f1-4d97-9495-50fa7818a72b,HAWKER 800XP,838697ff-b6ab-46e4-9aad-def266b918bc,Tmplt HAWKER 800XP,43148239-26c4-4712-81de-969da8d80cf3,VT-VPA,258415,SB 34-3695 R1,SB 34-3695 R1,SB#,34,"34-3695
NAVIGATION - DISABLEMENT OF FL180 ALERT",,,Not Applicable due to Aircraft Serial no. 258415,,16-Apr-1999,10-May-2026,,,,10-May-2026,,,,,,
157b8d12-c115-446e-a4dc-d12077751fe2,91aa63f8-13f1-4d97-9495-50fa7818a72b,HAWKER 800XP,838697ff-b6ab-46e4-9aad-def266b918bc,Tmplt HAWKER 800XP,43148239-26c4-4712-81de-969da8d80cf3,VT-VPA,258415,FAA AD 2003-06-06,Raytheon Service Bulletin SB 51-3408,AD#,51,"2003-06-06
Attachment bolts",,,Not Applicable by aircraft serial number 258415.,,16-Apr-1999,10-May-2026,,,,10-May-2026,,,,,,
157b8d12-c115-446e-a4dc-d12077751fe2,91aa63f8-13f1-4d97-9495-50fa7818a72b,HAWKER 800XP,838697ff-b6ab-46e4-9aad-def266b918bc,Tmplt HAWKER 800XP,43148239-26c4-4712-81de-969da8d80cf3,VT-VPA,258415,SB 32-3274,SB 32-3274,SB#,32,"32-3274
LANDING GEAR - NOSE LANDING GEAR DRAG STAY RIGGING INSPECTION",,,Not Applicable due to Aircraft Serial no. 258415,,,5439:59 H,,,,5439:59 H,,,,,,
157b8d12-c115-446e-a4dc-d12077751fe2,91aa63f8-13f1-4d97-9495-50fa7818a72b,HAWKER 800XP,838697ff-b6ab-46e4-9aad-def266b918bc,Tmplt HAWKER 800XP,43148239-26c4-4712-81de-969da8d80cf3,VT-VPA,258415,DGCA/NEW MISC/154,EASA AD 2013-0106,MIS,25,"M154
Equipment / Furnishings - Varnish on Veneered Panels - Inspection / Re-furbishing",,,"Not applicable by aircraft model, applicable for Falcon 2000& Gulfstream G-V.",,,5439:59 H,,,,5439:59 H,,,,,,
157b8d12-c115-446e-a4dc-d12077751fe2,91aa63f8-13f1-4d97-9495-50fa7818a72b,HAWKER 800XP,838697ff-b6ab-46e4-9aad-def266b918bc,Tmplt HAWKER 800XP,43148239-26c4-4712-81de-969da8d80cf3,VT-VPA,258415,DGCA / NEW MISCELLAN EOUS / 237R1,FAA AD 2024-26-02,MIS,25,"DGCA / NEW MISCELLAN EOUS / 237R1
Joint Aircraft System Component (JASC) Code: 2500, Cabin Equipment/Furnishings",,,Not applicable as item not installed on the aircraft.,,5439:59 H,5439:59 H,,,,5439:59 H,,,,,,
157b8d12-c115-446e-a4dc-d12077751fe2,91aa63f8-13f1-4d97-9495-50fa7818a72b,HAWKER 800XP,838697ff-b6ab-46e4-9aad-def266b918bc,Tmplt HAWKER 800XP,43148239-26c4-4712-81de-969da8d80cf3,VT-VPA,258415,DGCA/NEW-MISC/198,EASA AD FAA AD 2017-0225,MIS,1,"M198
Seat Restraint Systems",,,Not applicable as AM-SAFE Manufactured Restraint system is installed in this aircraft.,,,5439:59 H,,,,5439:59 H,,,,,,
157b8d12-c115-446e-a4dc-d12077751fe2,91aa63f8-13f1-4d97-9495-50fa7818a72b,HAWKER 800XP,838697ff-b6ab-46e4-9aad-def266b918bc,Tmplt HAWKER 800XP,43148239-26c4-4712-81de-969da8d80cf3,VT-VPA,258415,DGCA/New-Misc/98 R1,FAA AD 2007-04-19R1,MIS,100,"M098
To Prevent Cylinder Seperation",,,Not applicable as turbofan engine is installed on aircraft.,1:00 H,,5439:59 H,5439:59 H,,1:00 H,1:00 H,-5438:59 H,,,,,
157b8d12-c115-446e-a4dc-d12077751fe2,91aa63f8-13f1-4d97-9495-50fa7818a72b,HAWKER 800XP,838697ff-b6ab-46e4-9aad-def266b918bc,Tmplt HAWKER 800XP,43148239-26c4-4712-81de-969da8d80cf3,VT-VPA,258415,DGCA/ NEW MISC/ 232,FAA AD No.: 2020-16-08,MIS,34,"M 232
Joint Aircraft System Component (JASC)/Air Transport Association (ATA) of America Code 3410, FLIGHT ENVIRONMENT DATA; 3420, ATTITUDE AND DIRECTION DATA SYSTEM.",,,Not applicable as Honeywell manufactured ED-800 MFD is installed in aircraft.,,4746:33 H,5439:59 H,,,,5439:59 H,,,,,,
157b8d12-c115-446e-a4dc-d12077751fe2,91aa63f8-13f1-4d97-9495-50fa7818a72b,HAWKER 800XP,838697ff-b6ab-46e4-9aad-def266b918bc,Tmplt HAWKER 800XP,43148239-26c4-4712-81de-969da8d80cf3,VT-VPA,258415,SB 34-3643,SB 34-3643,SB#,34,"34-3643
NAVIGATION - AVIONICS MODIFICATION FOR UPDATED FLIGHT IDENTIFICATION",,,Not Applicable due to Aircraft Serial no. 258415,,16-Apr-1999,10-May-2026,,,,10-May-2026,,,,,,
157b8d12-c115-446e-a4dc-d12077751fe2,91aa63f8-13f1-4d97-9495-50fa7818a72b,HAWKER 800XP,838697ff-b6ab-46e4-9aad-def266b918bc,Tmplt HAWKER 800XP,43148239-26c4-4712-81de-969da8d80cf3,VT-VPA,258415,FAA AD 2006-16-18R1,"Sandel ST3400 Service Bulletin SB3400-01, Revision B",AD#,34,"2006-16-18R1
Installing a warning placard on the TAWS/RMI",,,Not applicable as TAWS/ RMI Not installed.,,16-Apr-1999,10-May-2026,,,,10-May-2026,,,,,,
157b8d12-c115-446e-a4dc-d12077751fe2,91aa63f8-13f1-4d97-9495-50fa7818a72b,HAWKER 800XP,838697ff-b6ab-46e4-9aad-def266b918bc,Tmplt HAWKER 800XP,43148239-26c4-4712-81de-969da8d80cf3,VT-VPA,258415,DGCA/NEW-MISC/226,FAA AD 2019-14-05,MIS,25,"M 226
Joint Aircraft System Component (JASC) Code 2510, Flight Compartment Equipment.",,,Not applicable as decrane (ERDA) seating company manufactured passenger seats are installed in aircraft.,"1000:00 H
12 Mt",,"5439:59 H
10-May-2026","5439:59 H
46152 Dy",,"1000:00 H
30-Dec-1900","1000:00 H
30-Dec-1900","-4439:59 H
-45787 Dy",,,,,
157b8d12-c115-446e-a4dc-d12077751fe2,91aa63f8-13f1-4d97-9495-50fa7818a72b,HAWKER 800XP,838697ff-b6ab-46e4-9aad-def266b918bc,Tmplt HAWKER 800XP,43148239-26c4-4712-81de-969da8d80cf3,VT-VPA,258415,SB 33-3818,SB 33-3818,SB$,33,"SB 33-3818
LIGHTS - INTRODUCTION OF LED TAIL POSITION LIGHT",,,Optional SB not yet applied on the aircraft,,16-Apr-1999,10-May-2026,,,,10-May-2026,,,,,,
157b8d12-c115-446e-a4dc-d12077751fe2,91aa63f8-13f1-4d97-9495-50fa7818a72b,HAWKER 800XP,838697ff-b6ab-46e4-9aad-def266b918bc,Tmplt HAWKER 800XP,43148239-26c4-4712-81de-969da8d80cf3,VT-VPA,258415,DGCA/NEW-MISC/222,FAA AD 2019-08-01,MIS,25,"M 222
Joint Aircraft System Component (JASC) Code 2520, Passenger Compartment Equipment",,,Not applicable as decrane (ERDA) manufactures passenger seats are installed in aircraft.,,,5439:59 H,,,,5439:59 H,,,,,,
157b8d12-c115-446e-a4dc-d12077751fe2,91aa63f8-13f1-4d97-9495-50fa7818a72b,HAWKER 800XP,838697ff-b6ab-46e4-9aad-def266b918bc,Tmplt HAWKER 800XP,43148239-26c4-4712-81de-969da8d80cf3,VT-VPA,258415,DGCA/New-Misc/195,EASA AD 2017-0001,MIS#,25,"M195
EQUIPMENT / FURNISHINGS - CABIN ATTENDANT SEAT - INSPECTION",,,Not applicable as cabin attendant seats are installed not installed in this aircraft.,,,5439:59 H,,,,5439:59 H,,,,,,
157b8d12-c115-446e-a4dc-d12077751fe2,91aa63f8-13f1-4d97-9495-50fa7818a72b,HAWKER 800XP,838697ff-b6ab-46e4-9aad-def266b918bc,Tmplt HAWKER 800XP,43148239-26c4-4712-81de-969da8d80cf3,VT-VPA,258415,DGCA/NEW-MISC/244,FAA AD : 2021-22-07,MIS,26,"DGCA/NEW-MISC/244
Joint Aircraft Service Component (JASC) Code: 2622, Fire Bottle, Portable.",,,Not Applicable by Aircraft model and Fire Fighting Enterprises Manufacturer Fire Extinguisher is Installed.,30 Dy,14-Dec-2021,10-May-2026,1608 Dy,,13-Jan-2022,13-Jan-2022,-1578 Dy,,,,,
157b8d12-c115-446e-a4dc-d12077751fe2,91aa63f8-13f1-4d97-9495-50fa7818a72b,HAWKER 800XP,838697ff-b6ab-46e4-9aad-def266b918bc,Tmplt HAWKER 800XP,43148239-26c4-4712-81de-969da8d80cf3,VT-VPA,258415,SB 32-233,SB 32-233,SB,32,"32-233
Landing Gear- Main Landing Gear- To introduce a replacement sidestay jack pivot aasembly.",,,Complied with Mod # 253597A at Production.,,,5439:59 H,,,,5439:59 H,,,,,,
157b8d12-c115-446e-a4dc-d12077751fe2,91aa63f8-13f1-4d97-9495-50fa7818a72b,HAWKER 800XP,838697ff-b6ab-46e4-9aad-def266b918bc,Tmplt HAWKER 800XP,43148239-26c4-4712-81de-969da8d80cf3,VT-VPA,258415,SB 54-1 SB 54-1,SB 54-1 SB 54-1,SB,54,"54-1
Pylons- To introduce filling o\f unused tooling holes on the LH and RH engine pylon firewalls.",,,Not applicable by the aircraft serial number 258415.,,,5439:59 H,,,,5439:59 H,,,,,,
157b8d12-c115-446e-a4dc-d12077751fe2,91aa63f8-13f1-4d97-9495-50fa7818a72b,HAWKER 800XP,838697ff-b6ab-46e4-9aad-def266b918bc,Tmplt HAWKER 800XP,43148239-26c4-4712-81de-969da8d80cf3,VT-VPA,258415,SB 51-3336 R1,SB 51-3336 R1,SB#,51,"51-3336
STRUCTURES - INSPECTION FOR/INSTALLATION OF POSSIBLE MISSING RIVETS BETWEEN FRAME 10A AND FRAME 12",,,Not Applicable by Serial number 258415,,16-Apr-1999,"5439:59 H
10-May-2026",,,,"5439:59 H
10-May-2026",,,,,,
157b8d12-c115-446e-a4dc-d12077751fe2,91aa63f8-13f1-4d97-9495-50fa7818a72b,HAWKER 800XP,838697ff-b6ab-46e4-9aad-def266b918bc,Tmplt HAWKER 800XP,43148239-26c4-4712-81de-969da8d80cf3,VT-VPA,258415,DGCA/New-Misc/102,EASA AD 2007-0256,MIS#,25,"M102
Equipment and Furnishing - Seat Restraint System Plastic Rotary Buckle Handle - Inspection/Replacement",,,Not applicable to airplanes as this mod is only applicable to helicopter.,,16-Apr-1999,10-May-2026,,,,10-May-2026,,,,,,
157b8d12-c115-446e-a4dc-d12077751fe2,91aa63f8-13f1-4d97-9495-50fa7818a72b,HAWKER 800XP,838697ff-b6ab-46e4-9aad-def266b918bc,Tmplt HAWKER 800XP,43148239-26c4-4712-81de-969da8d80cf3,VT-VPA,258415,DGCA/New Misc/108,EASA AD 2008-22-01,MIS,100,"M108
To prevent the potential of ignition sources inside fuel tanks, which, in combination with flammable fuel vapors, could result in fuel tank explosions and consequent loss of the airplane.",,,Not Applicable by Aircraft Model Hawker 800XP.,1 Dy,16-Apr-1999,10-May-2026,9886 Dy,,17-Apr-1999,17-Apr-1999,-9885 Dy,,,,,
157b8d12-c115-446e-a4dc-d12077751fe2,91aa63f8-13f1-4d97-9495-50fa7818a72b,HAWKER 800XP,838697ff-b6ab-46e4-9aad-def266b918bc,Tmplt HAWKER 800XP,43148239-26c4-4712-81de-969da8d80cf3,VT-VPA,258415,DGCA/New Misc/127 R1,EASA AD 2010-0204 [Correction: 07 June 2011],MIS,34,"M127
Navigation Systems - Mode-S Transponder - Modification / Replacement",,,Not applicable as Honeywell manufactured transponder is installed in aircraft.,12 Mt,,10-May-2026,46152 Dy,,30-Dec-1900,30-Dec-1900,-45787 Dy,,,,,
157b8d12-c115-446e-a4dc-d12077751fe2,91aa63f8-13f1-4d97-9495-50fa7818a72b,HAWKER 800XP,838697ff-b6ab-46e4-9aad-def266b918bc,Tmplt HAWKER 800XP,43148239-26c4-4712-81de-969da8d80cf3,VT-VPA,258415,SB 34-3557,SB 34-3557,SB#,34,"34-3557
NAVIGATION - REDUCE N1 AMBER ANNUNCIATIONS",,,Not Applicable due to Aircraft Serial no. 258415,,16-Apr-1999,10-May-2026,,,,10-May-2026,,,,,,
157b8d12-c115-446e-a4dc-d12077751fe2,91aa63f8-13f1-4d97-9495-50fa7818a72b,HAWKER 800XP,838697ff-b6ab-46e4-9aad-def266b918bc,Tmplt HAWKER 800XP,43148239-26c4-4712-81de-969da8d80cf3,VT-VPA,258415,DGCA/New-Misc/54,"FAR121.583, FAR25.795 & FAR 121.313",MIS#,52,"M054
Modification of aircraft cockpit door",,,Not applicable as cockpit door not installed.,,,5439:59 H,,,,5439:59 H,,,,,,
157b8d12-c115-446e-a4dc-d12077751fe2,91aa63f8-13f1-4d97-9495-50fa7818a72b,HAWKER 800XP,838697ff-b6ab-46e4-9aad-def266b918bc,Tmplt HAWKER 800XP,43148239-26c4-4712-81de-969da8d80cf3,VT-VPA,258415,SB 32-3165 R1,SB 32-3165 R1,SB,32,"SB 32-3165
LANDING GEAR - NOSE LANDING GEAR STEERING JACK RIVET INSPECTION AND CORROSION REMOVAL FROM VALVE BODY",,,This Service Bulletin has been revised because the original issue of this Service Bulletin has been rendered inactive and superseded by Service Bulletins SB 32-3604 and SB 32-3605.,,16-Apr-1999,"5439:59 H
10-May-2026",,,,"5439:59 H
10-May-2026",,,,,,
157b8d12-c115-446e-a4dc-d12077751fe2,91aa63f8-13f1-4d97-9495-50fa7818a72b,HAWKER 800XP,838697ff-b6ab-46e4-9aad-def266b918bc,Tmplt HAWKER 800XP,43148239-26c4-4712-81de-969da8d80cf3,VT-VPA,258415,DGCA/NEW-MISC/219,FAA AD 2017-22-14,MIS,34,"M 219
Joint Aircraft System Component (JASC)/Air Transport Association (ATA) of America Code 34, Navigation.",,,Not applicable as Honeywell manufactured TCAS (RT-951) is installed in aircraft.,,,5439:59 H,,,,5439:59 H,,,,,,
157b8d12-c115-446e-a4dc-d12077751fe2,91aa63f8-13f1-4d97-9495-50fa7818a72b,HAWKER 800XP,838697ff-b6ab-46e4-9aad-def266b918bc,Tmplt HAWKER 800XP,43148239-26c4-4712-81de-969da8d80cf3,VT-VPA,258415,DGCA / NEW MISCELLANEOUS / 270,EASA AD 2025-0294,MIS#,25,"DGCA / NEW MISCELLANEOUS / 270
ATA 25 - Equipment / Furnishings - Medical Seats - Modification",,,Not applicable as medical seats are not installed on the aircraft.,,5439:59 H,5439:59 H,,,,5439:59 H,,,,,,
157b8d12-c115-446e-a4dc-d12077751fe2,91aa63f8-13f1-4d97-9495-50fa7818a72b,HAWKER 800XP,838697ff-b6ab-46e4-9aad-def266b918bc,Tmplt HAWKER 800XP,43148239-26c4-4712-81de-969da8d80cf3,VT-VPA,258415,DGCA/New-Misc/72,DGCA Letter no.9-414/2003-AI(2),MIS#,26,"M072
Kidde Aerospace hand held halon fire extinguisher.",,,Not applicable as Fire Fighting Enterprises Ltd. manufactured fire extinguisher is installed in the aircraft.,,,10-May-2026,,,,10-May-2026,,,,,,
157b8d12-c115-446e-a4dc-d12077751fe2,91aa63f8-13f1-4d97-9495-50fa7818a72b,HAWKER 800XP,838697ff-b6ab-46e4-9aad-def266b918bc,Tmplt HAWKER 800XP,43148239-26c4-4712-81de-969da8d80cf3,VT-VPA,258415,DGCA/New-Misc/81,DGAC AD F-2004-083,MIS#,25,"M081
Operational order on instruction for continued airworthiness for large airplanes cerfied under JAR 25",,,Airworthiness Limitation and CMR if recommended made part of approved COSL and Schedules,,,10-May-2026,,,,10-May-2026,,,,,,
157b8d12-c115-446e-a4dc-d12077751fe2,91aa63f8-13f1-4d97-9495-50fa7818a72b,HAWKER 800XP,838697ff-b6ab-46e4-9aad-def266b918bc,Tmplt HAWKER 800XP,43148239-26c4-4712-81de-969da8d80cf3,VT-VPA,258415,DGCA / NEW MISCELLANEOUS / 269,EASA AD 2025-0295,MIS#,25,"DGCA / NEW MISCELLANEOUS / 269
ATA 25 - Equipment / Furnishings - Pallet Net - Limitation",,,Not applicable as pallet net is not installed on the aircraft.,,5439:59 H,5439:59 H,,,,5439:59 H,,,,,,
157b8d12-c115-446e-a4dc-d12077751fe2,91aa63f8-13f1-4d97-9495-50fa7818a72b,HAWKER 800XP,838697ff-b6ab-46e4-9aad-def266b918bc,Tmplt HAWKER 800XP,43148239-26c4-4712-81de-969da8d80cf3,VT-VPA,258415,DGCA/New-Misc/56 R1,FAA AD 2011-21-08,MIS#,25,"M056
Equipment passenger seats",,,Not applicable as Decrane aircraft seating company passenger seats are installed in the aircraft.,,,5439:59 H,,,,5439:59 H,,,,,,
157b8d12-c115-446e-a4dc-d12077751fe2,91aa63f8-13f1-4d97-9495-50fa7818a72b,HAWKER 800XP,838697ff-b6ab-46e4-9aad-def266b918bc,Tmplt HAWKER 800XP,43148239-26c4-4712-81de-969da8d80cf3,VT-VPA,258415,SB 32-3128,SB 32-3128,SB,32,"32-3128
LANDING GEAR - INTRODUCTION OF KAMATICS ""KD"" BUSHINGS AT THE MAIN LANDING GEAR SIDE STAY PIVOTS",,,Recommended SB complied at landing gear overhaul,12 Yr,16-Apr-1999,10-May-2026,9886 Dy,,16-Apr-2011,16-Apr-2011,-5503 Dy,,,,,
157b8d12-c115-446e-a4dc-d12077751fe2,91aa63f8-13f1-4d97-9495-50fa7818a72b,HAWKER 800XP,838697ff-b6ab-46e4-9aad-def266b918bc,Tmplt HAWKER 800XP,43148239-26c4-4712-81de-969da8d80cf3,VT-VPA,258415,DGCA/New-Misc/57,FAA AD 2001-23-17,MIS#,34,"M057
GNS 430 units prevent inaccurate course deviation displays.",,,Not Applicable as GNS 430 units prevent inaccurate course deviation display is not installed.,,16-Apr-1999,10-May-2026,,,,10-May-2026,,,,,,
157b8d12-c115-446e-a4dc-d12077751fe2,91aa63f8-13f1-4d97-9495-50fa7818a72b,HAWKER 800XP,838697ff-b6ab-46e4-9aad-def266b918bc,Tmplt HAWKER 800XP,43148239-26c4-4712-81de-969da8d80cf3,VT-VPA,258415,DGCA/NEW-MISC/216,EASA AD 2019-0010,MIS,25,"M 216
ATA 25 - Equipment / Furnishing - Life Jacket - Removal / Repair",,,Not applicable by the part number of the Life Jacket. Installed P/N is: P01074.,,,5439:59 H,,,,5439:59 H,,,,,,
157b8d12-c115-446e-a4dc-d12077751fe2,91aa63f8-13f1-4d97-9495-50fa7818a72b,HAWKER 800XP,838697ff-b6ab-46e4-9aad-def266b918bc,Tmplt HAWKER 800XP,43148239-26c4-4712-81de-969da8d80cf3,VT-VPA,258415,DGCA/New Misc/133,EASA AD 2011-0094,MIS,25,"M133
Equipment and Furnishing - Life Jacket Vacuum Bag - Modification",,,Not applicable as Life Jacket part no.P01074101 installed.,6 Mt,,10-May-2026,46152 Dy,,30-Jun-1900,30-Jun-1900,-45970 Dy,,,,,
157b8d12-c115-446e-a4dc-d12077751fe2,91aa63f8-13f1-4d97-9495-50fa7818a72b,HAWKER 800XP,838697ff-b6ab-46e4-9aad-def266b918bc,Tmplt HAWKER 800XP,43148239-26c4-4712-81de-969da8d80cf3,VT-VPA,258415,DGCA/New-Misc/188,FAA AD 2016-20-06,MIS,27,"M 188
To prevent failure of the elevator assembly and consequent loss of control of the airplane.",,,Not applicable by the aircraft model Hawker 800 Xp.,,,5439:59 H,,,,5439:59 H,,,,,,
157b8d12-c115-446e-a4dc-d12077751fe2,91aa63f8-13f1-4d97-9495-50fa7818a72b,HAWKER 800XP,838697ff-b6ab-46e4-9aad-def266b918bc,Tmplt HAWKER 800XP,43148239-26c4-4712-81de-969da8d80cf3,VT-VPA,258415,DGCA/New-Misc/148,FAA AD 2012-18-14,MIS,72,"M148
To prevent separation of the rear gas generator case and release of high energy debris, which could Result in injury and damage to the airplane.",,,Not Applicable as installed APU Model is Honeywell GTCP36-150(W).,42 Mt,16-Apr-1999,10-May-2026,9886 Dy,,16-Oct-2002,16-Oct-2002,-8607 Dy,,,,,
157b8d12-c115-446e-a4dc-d12077751fe2,91aa63f8-13f1-4d97-9495-50fa7818a72b,HAWKER 800XP,838697ff-b6ab-46e4-9aad-def266b918bc,Tmplt HAWKER 800XP,43148239-26c4-4712-81de-969da8d80cf3,VT-VPA,258415,DGCA/NEW-MISC/248R3,EASA AD : 2022-0029 R1,MIS,25,"DGCA/NEW-MISC/248R3
ATA 25 - Equipment / Furnishings - Emergency Parachutes - Removal from Service / Modification.",,,Not Applicable as our Aircraft is not having Emergency parachutes.,,5108:57 H,5439:59 H,,,,5439:59 H,,,,,,
157b8d12-c115-446e-a4dc-d12077751fe2,91aa63f8-13f1-4d97-9495-50fa7818a72b,HAWKER 800XP,838697ff-b6ab-46e4-9aad-def266b918bc,Tmplt HAWKER 800XP,43148239-26c4-4712-81de-969da8d80cf3,VT-VPA,258415,SB 25-3568,SB 25-3568,SB#,25,"25-3568
EQUIPMENT/FURNISHINGS - MODIFICATION OF DA CIRCUIT BREAKER PANEL DOOR",,,Not Applicable due to Aircraft Serial no. 258415,,,5439:59 H,,,,5439:59 H,,,,,,
157b8d12-c115-446e-a4dc-d12077751fe2,91aa63f8-13f1-4d97-9495-50fa7818a72b,HAWKER 800XP,838697ff-b6ab-46e4-9aad-def266b918bc,Tmplt HAWKER 800XP,43148239-26c4-4712-81de-969da8d80cf3,VT-VPA,258415,SB 23-3264,SB 23-3264,SB$,23,"23-3264
COMMUNICATIONS - INTERNATIONAL CIVIL AVIATION ORGANIZATION (ICAO) REQUIREMENT FOR 8.33 KHZ VHF COMM SPACING (RAYTHEON AIRCRAFT COMPANY STC ST00780WI-D) (COLLINS)",,,Not applicable by aircraft model Hawker 800XP,,16-Apr-1999,10-May-2026,,,,10-May-2026,,,,,,
157b8d12-c115-446e-a4dc-d12077751fe2,91aa63f8-13f1-4d97-9495-50fa7818a72b,HAWKER 800XP,838697ff-b6ab-46e4-9aad-def266b918bc,Tmplt HAWKER 800XP,43148239-26c4-4712-81de-969da8d80cf3,VT-VPA,258415,DGCA/NEW -MISC/252 R1,FAA AD : 2023-13-11,MIS,35,"DGCA/NEW -MISC/252 R1
Air Transport Association (ATA) of America Code 35, Oxygen System.",,,,,5362:29 H,5439:59 H,,,,5439:59 H,,,,,,
157b8d12-c115-446e-a4dc-d12077751fe2,91aa63f8-13f1-4d97-9495-50fa7818a72b,HAWKER 800XP,838697ff-b6ab-46e4-9aad-def266b918bc,Tmplt HAWKER 800XP,43148239-26c4-4712-81de-969da8d80cf3,VT-VPA,258415,DGCA/New-Misc/191,FAA AD 2017-06-03,MIS#,100,"M191
TO DETECT AND CORRECT A HAZARDOUS CONDITION CAUSED BY DETERIORATION OF THE COMBUSTION HEATER, WHICH COULD LEAD TO IGNITION OF COMPONENTS AND RESULT IN SMOKE AND FUMES IN THE CABIN",,,Not applicable as Combustion heater is not installed in this aircraft.,,,5439:59 H,,,,5439:59 H,,,,,,
157b8d12-c115-446e-a4dc-d12077751fe2,91aa63f8-13f1-4d97-9495-50fa7818a72b,HAWKER 800XP,838697ff-b6ab-46e4-9aad-def266b918bc,Tmplt HAWKER 800XP,43148239-26c4-4712-81de-969da8d80cf3,VT-VPA,258415,SB 24-322,SB 24-322,SB,24,"24-322
Electrical Power- To introduce covers to the flight deck terminal blocks 'CQ' and 'CR'.",,,Production complied as the Mod.253831A is embodied in aircraft.,,,5439:59 H,,,,5439:59 H,,,,,,
157b8d12-c115-446e-a4dc-d12077751fe2,91aa63f8-13f1-4d97-9495-50fa7818a72b,HAWKER 800XP,838697ff-b6ab-46e4-9aad-def266b918bc,Tmplt HAWKER 800XP,43148239-26c4-4712-81de-969da8d80cf3,VT-VPA,258415,SB 23-3190,SB 23-3190,SB#,23,"23-3190
COMMUNICATIONS - REDUCTION OF INTER-COM AUDIO NOISE IN AIRCRAFT EQUIPPED WITH HONEYWELL AUDIO SYSTEMS",,,Not Applicable due to Aircraft Serial no. 258415,,16-Apr-1999,10-May-2026,,,,10-May-2026,,,,,,
157b8d12-c115-446e-a4dc-d12077751fe2,91aa63f8-13f1-4d97-9495-50fa7818a72b,HAWKER 800XP,838697ff-b6ab-46e4-9aad-def266b918bc,Tmplt HAWKER 800XP,43148239-26c4-4712-81de-969da8d80cf3,VT-VPA,258415,DGCA/New-Misc/33,FAA AD 99-08-21,MIS#,35,"M033
To prevent reduced Oxygen consumption when passengers are required to use defective oxygen masks which could result in passenger injury",,,Not applicable as passenger oxygen mask is not installed n this aircraft.,,,5439:59 H,,,,5439:59 H,,,,,,
157b8d12-c115-446e-a4dc-d12077751fe2,91aa63f8-13f1-4d97-9495-50fa7818a72b,HAWKER 800XP,838697ff-b6ab-46e4-9aad-def266b918bc,Tmplt HAWKER 800XP,43148239-26c4-4712-81de-969da8d80cf3,VT-VPA,258415,SB 32-3016 R1,SB 32-3016 R1,SB$,32,"SB 32-3016
Landing Gear - Nose Wheel - To Remove the Nose Wheel Spin Brake",,,Complied with on 13-07-2009,,16-Apr-1999,10-May-2026,,,,10-May-2026,,,,,,
157b8d12-c115-446e-a4dc-d12077751fe2,91aa63f8-13f1-4d97-9495-50fa7818a72b,HAWKER 800XP,838697ff-b6ab-46e4-9aad-def266b918bc,Tmplt HAWKER 800XP,43148239-26c4-4712-81de-969da8d80cf3,VT-VPA,258415,DGCA/New-Misc/194,FAA AD 2017-16-04,MIS#,1,"M194
THIS AD DEFINES THE UNSAFE CONDITION AS A BROKEN BUCKLE KNOB. THIS CONDITION COULD RESULT IN A RESTRAINT SYSTEM STRAP FAILING TO RELEASE FROM THE BUCKLE, PREVENTING OCCUPANTS FROM EXITING THE HELICOPTER DURING AN EMERGENCY",,,Not applicable as AM-SAFE manufactured seat restraint system is installed in this aircraft.,,,5439:59 H,,,,5439:59 H,,,,,,
157b8d12-c115-446e-a4dc-d12077751fe2,91aa63f8-13f1-4d97-9495-50fa7818a72b,HAWKER 800XP,838697ff-b6ab-46e4-9aad-def266b918bc,Tmplt HAWKER 800XP,43148239-26c4-4712-81de-969da8d80cf3,VT-VPA,258415,DGCA/New-Misc/66,DGAC AD 2002-22-13,MIS,34,"M066
To prevent the FMC from retaining incorrect information.",,,Not applicable as Honeywell Inc. manufactured flight management computer is installed in the aircraft.,24 Mt,,10-May-2026,46152 Dy,,30-Dec-1901,30-Dec-1901,-45422 Dy,,,,,
157b8d12-c115-446e-a4dc-d12077751fe2,91aa63f8-13f1-4d97-9495-50fa7818a72b,HAWKER 800XP,838697ff-b6ab-46e4-9aad-def266b918bc,Tmplt HAWKER 800XP,43148239-26c4-4712-81de-969da8d80cf3,VT-VPA,258415,FAA AD 2006-11-07,"Raytheon Service Bulletin SB 24-3745, Revision 1",AD#,24,"2006-11-07
Bus bars in the DA-A panel",,,Not applicable by Aircraft Serial No. 258415.,,16-Apr-1999,10-May-2026,,,,10-May-2026,,,,,,
157b8d12-c115-446e-a4dc-d12077751fe2,91aa63f8-13f1-4d97-9495-50fa7818a72b,HAWKER 800XP,838697ff-b6ab-46e4-9aad-def266b918bc,Tmplt HAWKER 800XP,43148239-26c4-4712-81de-969da8d80cf3,VT-VPA,258415,SB 51-3408,SB 51-3408,SB#,51,"51-3408
STRUCTURES GENERAL - INSPECTION AND REPLACEMENT OF SUSPECT DHS RAVENSTONE JACKSON BOLTS",,,Not Applicable due to Aircraft Serial no. 258415,,16-Apr-1999,10-May-2026,,,,10-May-2026,,,,,,
157b8d12-c115-446e-a4dc-d12077751fe2,91aa63f8-13f1-4d97-9495-50fa7818a72b,HAWKER 800XP,838697ff-b6ab-46e4-9aad-def266b918bc,Tmplt HAWKER 800XP,43148239-26c4-4712-81de-969da8d80cf3,VT-VPA,258415,DGCA/NEW-MISC/236,EASA AD No.: 2020-0272,MIS,25,"DGCA/NEW-MISC/236
ATA 25 - Equipment / Furnishings - Buckle - Modification / Replacement.",,,Not applicable as AM-SAFE manufactured seat restrainsystem is installed in this aircraft.,,4757:05 H,5439:59 H,,,,5439:59 H,,,,,,
157b8d12-c115-446e-a4dc-d12077751fe2,91aa63f8-13f1-4d97-9495-50fa7818a72b,HAWKER 800XP,838697ff-b6ab-46e4-9aad-def266b918bc,Tmplt HAWKER 800XP,43148239-26c4-4712-81de-969da8d80cf3,VT-VPA,258415,SB 21-133 Rev. 01,SB 21-133 Rev. 01,SB,21,"21-133
Air conditioning- Pressurizing control- to permit operations into high altitude airfields.",,,Not Applicable due Aircraft Serial no. 258415,,,5439:59 H,,,,5439:59 H,,,,,,
157b8d12-c115-446e-a4dc-d12077751fe2,91aa63f8-13f1-4d97-9495-50fa7818a72b,HAWKER 800XP,838697ff-b6ab-46e4-9aad-def266b918bc,Tmplt HAWKER 800XP,43148239-26c4-4712-81de-969da8d80cf3,VT-VPA,258415,SB 21-160,SB 21-160,SB$,21,"21-160
Air conditioning- cabin air pressure relief valves- Introduction of valve part numbers 182378-17, series 2.",,,Production complied as MOD. 25F586C is embodied in the aircraft.,,,5439:59 H,,,,5439:59 H,,,,,,
157b8d12-c115-446e-a4dc-d12077751fe2,91aa63f8-13f1-4d97-9495-50fa7818a72b,HAWKER 800XP,838697ff-b6ab-46e4-9aad-def266b918bc,Tmplt HAWKER 800XP,43148239-26c4-4712-81de-969da8d80cf3,VT-VPA,258415,SB 24-287,SB 24-287,SB$,24,"24-287
electrical power-landing lamp control circuit-introduction of replacement relays part number M520-U5N-L.",,,Complied with Mod # 253287A at Production,,,5439:59 H,,,,5439:59 H,,,,,,
157b8d12-c115-446e-a4dc-d12077751fe2,91aa63f8-13f1-4d97-9495-50fa7818a72b,HAWKER 800XP,838697ff-b6ab-46e4-9aad-def266b918bc,Tmplt HAWKER 800XP,43148239-26c4-4712-81de-969da8d80cf3,VT-VPA,258415,DGCA/NEW-MISC/248R2,EASA AD : 2022-0029-E,MIS,25,"DGCA/NEW-MISC/248R2
ATA 25 - Equipment / Furnishings - Emergency Parachutes - Removal from Service.",,,Not Applicable as our Aircraft is not having Emergency parachutes.,,5065:31 H,5439:59 H,,,,5439:59 H,,,,,,
157b8d12-c115-446e-a4dc-d12077751fe2,91aa63f8-13f1-4d97-9495-50fa7818a72b,HAWKER 800XP,838697ff-b6ab-46e4-9aad-def266b918bc,Tmplt HAWKER 800XP,43148239-26c4-4712-81de-969da8d80cf3,VT-VPA,258415,SB 34-3722 R1,SB 34-3722 R1,SB#,34,"SB 34-3722
NAVIGATION - COLLINS FMS-6000 VERSION 3.0.3 UPGRADE FROM VERSION 2.2",,,Not Applicable due to Aircraft Serial no. 258415,,16-Apr-1999,10-May-2026,,,,10-May-2026,,,,,,
157b8d12-c115-446e-a4dc-d12077751fe2,91aa63f8-13f1-4d97-9495-50fa7818a72b,HAWKER 800XP,838697ff-b6ab-46e4-9aad-def266b918bc,Tmplt HAWKER 800XP,43148239-26c4-4712-81de-969da8d80cf3,VT-VPA,258415,DGCA/New-Misc/15,FAA AD 87-08-09,MIS,32,"M015
Serivicing of aircraft tyres with Nitrogen gas.",,,Not Applicable By the Aircraft Model HAWKER 800XP.,180 Dy,16-Apr-1999,10-May-2026,9886 Dy,,13-Oct-1999,13-Oct-1999,-9706 Dy,,,,,
157b8d12-c115-446e-a4dc-d12077751fe2,91aa63f8-13f1-4d97-9495-50fa7818a72b,HAWKER 800XP,838697ff-b6ab-46e4-9aad-def266b918bc,Tmplt HAWKER 800XP,43148239-26c4-4712-81de-969da8d80cf3,VT-VPA,258415,SB 01-24 R2,SB 01-24 R2,SB#,20,"SB 01-24
CERTIFICATION DOCUMENTS - GENERAL - TO INTRODUCE CHANGES TO MEET ISRAELI CERTIFICATION REQUIREMENTS",,,Not Applicable due to Aircraft Serial no. 258415,,,5439:59 H,,,,5439:59 H,,,,,,
157b8d12-c115-446e-a4dc-d12077751fe2,91aa63f8-13f1-4d97-9495-50fa7818a72b,HAWKER 800XP,838697ff-b6ab-46e4-9aad-def266b918bc,Tmplt HAWKER 800XP,43148239-26c4-4712-81de-969da8d80cf3,VT-VPA,258415,DGCA/New Misc/139,EASA AD 2011-0239,MIS,34,"M139
ATA-34-Navigation- RadioAltimeter Indicator-Modification",,,Not applicable as Honeywell manufactured radio altimeter is installed in the aircraft.,6 Mt,16-Apr-1999,10-May-2026,9886 Dy,,16-Oct-1999,16-Oct-1999,-9703 Dy,,,,,
157b8d12-c115-446e-a4dc-d12077751fe2,91aa63f8-13f1-4d97-9495-50fa7818a72b,HAWKER 800XP,838697ff-b6ab-46e4-9aad-def266b918bc,Tmplt HAWKER 800XP,43148239-26c4-4712-81de-969da8d80cf3,VT-VPA,258415,DGCA / NEW MISCELLAN EOUS / 260,FAA AD 2024-20-07,MIS,78,"DGCA / NEW MISCELLAN EOUS / 260
Joint Aircraft System Component (JASC) Code: 2560, Emergency Equipment; and 3212,Emergency FlotationSection.",,,,,5439:59 H,5439:59 H,,,,5439:59 H,,,,,,
157b8d12-c115-446e-a4dc-d12077751fe2,91aa63f8-13f1-4d97-9495-50fa7818a72b,HAWKER 800XP,838697ff-b6ab-46e4-9aad-def266b918bc,Tmplt HAWKER 800XP,43148239-26c4-4712-81de-969da8d80cf3,VT-VPA,258415,DGCA/New-Misc/182,EASA AD 2016-0167,MIS#,25,"M182
Equipment / Furnishing - Rear Cabin Attachment Seat- Inspection / Repair",,,Not applicable as cabin attendant seat is not installed in this aircraft.,,,5439:59 H,,,,5439:59 H,,,,,,
157b8d12-c115-446e-a4dc-d12077751fe2,91aa63f8-13f1-4d97-9495-50fa7818a72b,HAWKER 800XP,838697ff-b6ab-46e4-9aad-def266b918bc,Tmplt HAWKER 800XP,43148239-26c4-4712-81de-969da8d80cf3,VT-VPA,258415,DGCA/New-Misc/143,EASA AD 2012-0037,MIS,25,"M143
""Fire Protection - Hand Operated Fire Extinguisher - Modification""",,,Not applicable as Fire Fighting Enterprises Ltd. fire extinguisher is installed. Ref. AD is applicable to Kidde Graviner hand operated fire extinguishers.,6 Mt,16-Apr-1999,10-May-2026,9886 Dy,,16-Oct-1999,16-Oct-1999,-9703 Dy,,,,,
157b8d12-c115-446e-a4dc-d12077751fe2,91aa63f8-13f1-4d97-9495-50fa7818a72b,HAWKER 800XP,838697ff-b6ab-46e4-9aad-def266b918bc,Tmplt HAWKER 800XP,43148239-26c4-4712-81de-969da8d80cf3,VT-VPA,258415,SB 23-3263 R1,SB 23-3263 R1,SB$,23,"SB 23-3263
COMMUNICATIONS - INTERNATIONAL CIVIL AVIATION ORGANIZATION (ICAO) REQUIREMENT FOR 8.33 kHz VHF COMM SPACING (HONEYWELL)",,,Optional SB,,16-Apr-1999,10-May-2026,,,,10-May-2026,,,,,,
157b8d12-c115-446e-a4dc-d12077751fe2,91aa63f8-13f1-4d97-9495-50fa7818a72b,HAWKER 800XP,838697ff-b6ab-46e4-9aad-def266b918bc,Tmplt HAWKER 800XP,43148239-26c4-4712-81de-969da8d80cf3,VT-VPA,258415,DGCA/New Misc/137,FAA AD 2011-14-08,MIS,35,"M137
Air Transport Association (ATA) of America Code 35: Oxygen",,,Not applicable as Passenger Oxygen Mask P/N: 289-601-228 installed.,36 Mt,,10-May-2026,46152 Dy,,30-Dec-1902,30-Dec-1902,-45057 Dy,,,,,
157b8d12-c115-446e-a4dc-d12077751fe2,91aa63f8-13f1-4d97-9495-50fa7818a72b,HAWKER 800XP,838697ff-b6ab-46e4-9aad-def266b918bc,Tmplt HAWKER 800XP,43148239-26c4-4712-81de-969da8d80cf3,VT-VPA,258415,DGCA/NEW-MISC/250,FAA AD 2022-03-15,MIS,28,"DGCA/NEW-MISC/250
Joint Aircraft System Component (JASC) Code 2841, Fuel Quantity Indicator.",,,Not Applicable by Model of Aircraft Listed in table 1 of Reference AD.,"100:00 H
12 Mt","5065:31 H
23-Mar-2022","5439:59 H
10-May-2026","374:28 H
1509 Dy",,"5165:31 H
23-Mar-2023","5165:31 H
23-Mar-2023","-274:28 H
-1144 Dy",,,,,
157b8d12-c115-446e-a4dc-d12077751fe2,91aa63f8-13f1-4d97-9495-50fa7818a72b,HAWKER 800XP,838697ff-b6ab-46e4-9aad-def266b918bc,Tmplt HAWKER 800XP,43148239-26c4-4712-81de-969da8d80cf3,VT-VPA,258415,SB 35-35 R2,SB 35-35 R2,SB$,35,"35-35
Oxygen - Barometric valve - Introduction of an alternative barometric valve permitting operation into high altitude airfields",,,Optional SB Shall be complied as & when required,,16-Apr-1999,10-May-2026,,,,10-May-2026,,,,,,
157b8d12-c115-446e-a4dc-d12077751fe2,91aa63f8-13f1-4d97-9495-50fa7818a72b,HAWKER 800XP,838697ff-b6ab-46e4-9aad-def266b918bc,Tmplt HAWKER 800XP,43148239-26c4-4712-81de-969da8d80cf3,VT-VPA,258415,DGCA/NEW -MISC/62,DGCA/NEW-MISC/62,MIS,31,"DGCA/NEW -MISC/62
INSTALLATION OF CVR",,,,,5165:12 H,5439:59 H,,,,5439:59 H,,,,,,
157b8d12-c115-446e-a4dc-d12077751fe2,91aa63f8-13f1-4d97-9495-50fa7818a72b,HAWKER 800XP,838697ff-b6ab-46e4-9aad-def266b918bc,Tmplt HAWKER 800XP,43148239-26c4-4712-81de-969da8d80cf3,VT-VPA,258415,SB 25-3494,SB 25-3494,SB#,25,"25-3494
EQUIPMENT FURNISHINGS - INTRODUCTION OF IMPROVED CARGO STRAP ASSEMBLY FOR THE THREE PLACE DIVAN",,,Not Applicable due to Aircraft Serial no. 258415,,16-Apr-1999,10-May-2026,,,,10-May-2026,,,,,,
157b8d12-c115-446e-a4dc-d12077751fe2,91aa63f8-13f1-4d97-9495-50fa7818a72b,HAWKER 800XP,838697ff-b6ab-46e4-9aad-def266b918bc,Tmplt HAWKER 800XP,43148239-26c4-4712-81de-969da8d80cf3,VT-VPA,258415,DGCA/NEW-MISC/202,FAA AD 2018-16-01,MIS,25,"M 202
Joint Aircraft System Component (JASC) Code 2510, Flight Compartment Equipment",,,Not applicable as IPECO manufactured pilot and co-pilot seats are installed in aircraft.,,,5439:59 H,,,,5439:59 H,,,,,,
157b8d12-c115-446e-a4dc-d12077751fe2,91aa63f8-13f1-4d97-9495-50fa7818a72b,HAWKER 800XP,838697ff-b6ab-46e4-9aad-def266b918bc,Tmplt HAWKER 800XP,43148239-26c4-4712-81de-969da8d80cf3,VT-VPA,258415,SB 32-241 Rev.1,SB 32-241 Rev.1,SB$,32,"32-241
Landing Gear- Introduction of replacement landing gear downlock microswitch assembly(s).",,,"Optional SB, it will be complied as per operators discretion.",,,5439:59 H,,,,5439:59 H,,,,,,
157b8d12-c115-446e-a4dc-d12077751fe2,91aa63f8-13f1-4d97-9495-50fa7818a72b,HAWKER 800XP,838697ff-b6ab-46e4-9aad-def266b918bc,Tmplt HAWKER 800XP,43148239-26c4-4712-81de-969da8d80cf3,VT-VPA,258415,DGCA/New-Misc/73,FAA AD 2003-13-17,MIS#,61,"M073
To detect unsafe conditions that could result in seperation of a propeller blade.",,,Not applicable as propeller is not installed in the aircraft.,,,5439:59 H,,,,5439:59 H,,,,,,
157b8d12-c115-446e-a4dc-d12077751fe2,91aa63f8-13f1-4d97-9495-50fa7818a72b,HAWKER 800XP,838697ff-b6ab-46e4-9aad-def266b918bc,Tmplt HAWKER 800XP,43148239-26c4-4712-81de-969da8d80cf3,VT-VPA,258415,DGCA/New-Misc/55,CAA AD 002-11-2001,MIS#,100,"M055
Hydrolok Pin Orientation",,,Not applicable as ERDA .Inc ( Decrane) Manufactured passenger seats are installed in this aircraft.,,,5439:59 H,,,,5439:59 H,,,,,,
157b8d12-c115-446e-a4dc-d12077751fe2,91aa63f8-13f1-4d97-9495-50fa7818a72b,HAWKER 800XP,838697ff-b6ab-46e4-9aad-def266b918bc,Tmplt HAWKER 800XP,43148239-26c4-4712-81de-969da8d80cf3,VT-VPA,258415,FAA AD 97-05-03 R1,"GlobalWulfsberg Software Bulletin No: GNS-XL-SW1, dated February 1997, and BENDIX/KING Software Bulletin No: GNS-XLS-SW2, dated February 1997",AD#,34,"97-05-03
Global Positioning Systems",,,N/A as Allied Signal FMS not installed.,,16-Apr-1999,10-May-2026,,,,10-May-2026,,,,,,
157b8d12-c115-446e-a4dc-d12077751fe2,91aa63f8-13f1-4d97-9495-50fa7818a72b,HAWKER 800XP,838697ff-b6ab-46e4-9aad-def266b918bc,Tmplt HAWKER 800XP,43148239-26c4-4712-81de-969da8d80cf3,VT-VPA,258415,SB 33-3234,SB 33-3234,SB$,33,"SB 33-3234
LIGHTS - REPLACEMENT OF ANTI-COLLISION BEACONS",,,Optional SB Shall be complied as & when required,,16-Apr-1999,10-May-2026,,,,10-May-2026,,,,,,
157b8d12-c115-446e-a4dc-d12077751fe2,91aa63f8-13f1-4d97-9495-50fa7818a72b,HAWKER 800XP,838697ff-b6ab-46e4-9aad-def266b918bc,Tmplt HAWKER 800XP,43148239-26c4-4712-81de-969da8d80cf3,VT-VPA,258415,SB 27-3150,SB 27-3150,SB$,27,"27-3150
Flight Controls- Airbrake- To introduce airbrake selector level baulk.",,,This SB is to be complied by owner/operators desire.,,,5439:59 H,,,,5439:59 H,,,,,,
157b8d12-c115-446e-a4dc-d12077751fe2,91aa63f8-13f1-4d97-9495-50fa7818a72b,HAWKER 800XP,838697ff-b6ab-46e4-9aad-def266b918bc,Tmplt HAWKER 800XP,43148239-26c4-4712-81de-969da8d80cf3,VT-VPA,258415,SB 31-3622,SB 31-3622,SB,31,"31-3622
INDICATING/RECORDING SYSTEMS - MEGGITT MK1 SECONDARY FLIGHT DISPLAY (SFD) REPLACEMENT",,,Not Applicable due to Aircraft Serial no. 258415,,16-Apr-1999,"5439:59 H
10-May-2026",,,,"5439:59 H
10-May-2026",,,,,,
157b8d12-c115-446e-a4dc-d12077751fe2,91aa63f8-13f1-4d97-9495-50fa7818a72b,HAWKER 800XP,838697ff-b6ab-46e4-9aad-def266b918bc,Tmplt HAWKER 800XP,43148239-26c4-4712-81de-969da8d80cf3,VT-VPA,258415,DGCA/ NEW MISC/246,FAA AD 2021-23-12,MIS,34,"DGCA/ NEW MISC/ 246
Air Transport Association (ATA) of America Code 31, Indicating/Recording System; 34, Navigation.",,,"Applicable MAN MOD and Reference AD, FAA AD 2021-23-12 Found Complied via WO: VT-VPA/2021/12/28/059 .",12 Dy,23-Dec-2021,10-May-2026,1599 Dy,,04-Jan-2022,04-Jan-2022,-1587 Dy,,,,,
157b8d12-c115-446e-a4dc-d12077751fe2,91aa63f8-13f1-4d97-9495-50fa7818a72b,HAWKER 800XP,838697ff-b6ab-46e4-9aad-def266b918bc,Tmplt HAWKER 800XP,43148239-26c4-4712-81de-969da8d80cf3,VT-VPA,258415,SB 55-36,SB 55-36,SB,55,"55-36
Stabilizers- To introduce rudder flow seperation triggers and a revised installation procedure for the rudder spring strut.",,,Complied with Mod # 25F017A & 25F017B at Production,,,5439:59 H,,,,5439:59 H,,,,,,
157b8d12-c115-446e-a4dc-d12077751fe2,91aa63f8-13f1-4d97-9495-50fa7818a72b,HAWKER 800XP,838697ff-b6ab-46e4-9aad-def266b918bc,Tmplt HAWKER 800XP,43148239-26c4-4712-81de-969da8d80cf3,VT-VPA,258415,FAA AD 2000-24-25,Raytheon Aircraft Service Bulletin SB 32-3274,AD#,32,"2000-24-25
Nose Landing Gear Drag Stay Roller Clearance Inspection",,,Not applicable by Aircraft Serial No. 258415.,,,5439:59 H,,,,5439:59 H,,,,,,
157b8d12-c115-446e-a4dc-d12077751fe2,91aa63f8-13f1-4d97-9495-50fa7818a72b,HAWKER 800XP,838697ff-b6ab-46e4-9aad-def266b918bc,Tmplt HAWKER 800XP,43148239-26c4-4712-81de-969da8d80cf3,VT-VPA,258415,DGCA/New-Misc/08,ISI Spec.no.6753-1972,MIS,100,"M008
Identification of aircraft pipelines",,,Not Applicable as aircraft AUW is less than 15000 Kgs. (Aircraft all Up weight is 12701 Kg),50:00 H,,5439:59 H,5439:59 H,,50:00 H,50:00 H,-5389:59 H,,,,,
157b8d12-c115-446e-a4dc-d12077751fe2,91aa63f8-13f1-4d97-9495-50fa7818a72b,HAWKER 800XP,838697ff-b6ab-46e4-9aad-def266b918bc,Tmplt HAWKER 800XP,43148239-26c4-4712-81de-969da8d80cf3,VT-VPA,258415,SB 57-3518,SB 57-3518,SB,57,"57-3518
WINGS - ADDITION OF A FIFTH DRAIN HOLE ON AILERONS",,,Recmmended SB Shall be complied as & when required,,16-Apr-1999,"5439:59 H
10-May-2026",,,,"5439:59 H
10-May-2026",,,,,,
157b8d12-c115-446e-a4dc-d12077751fe2,91aa63f8-13f1-4d97-9495-50fa7818a72b,HAWKER 800XP,838697ff-b6ab-46e4-9aad-def266b918bc,Tmplt HAWKER 800XP,43148239-26c4-4712-81de-969da8d80cf3,VT-VPA,258415,DGCA/New-Misc/62,DGCA Let No.9-414/2002-AI(2),MIS,34,"M062
Installation of CVR",,,Complied with CVR P/N. 1603-02-12 Installed.,1 Mt,,10-May-2026,46152 Dy,,30-Jan-1900,30-Jan-1900,-46121 Dy,,,,,
157b8d12-c115-446e-a4dc-d12077751fe2,91aa63f8-13f1-4d97-9495-50fa7818a72b,HAWKER 800XP,838697ff-b6ab-46e4-9aad-def266b918bc,Tmplt HAWKER 800XP,43148239-26c4-4712-81de-969da8d80cf3,VT-VPA,258415,SB 34-3249 R1,SB 34-3249 R1,SB#,34,"34-3249
NAVIGATION - INSTALLATION OF NOSE AVIONICS EXHAUST FAN FILTER TO REDUCE ELECTRO-MAGNETIC INTERFERENCE",,,Not Applicable due to Aircraft Serial no.258415,,,5439:59 H,,,,5439:59 H,,,,,,
157b8d12-c115-446e-a4dc-d12077751fe2,91aa63f8-13f1-4d97-9495-50fa7818a72b,HAWKER 800XP,838697ff-b6ab-46e4-9aad-def266b918bc,Tmplt HAWKER 800XP,43148239-26c4-4712-81de-969da8d80cf3,VT-VPA,258415,DGCA / NEW MISCELLANEOUS / 272,EASA AD No 2026-0044,MIS#,25,"DGCA / NEW MISCELLANEOUS / 272
ATA 25 - Equipment / Furnishings - Emergency Locator Transmitter - Modification",,,Not applicable as per ELT model. Installed ELT model is ARTEX C406-2.,,5439:59 H,5439:59 H,,,,5439:59 H,,,,,,
157b8d12-c115-446e-a4dc-d12077751fe2,91aa63f8-13f1-4d97-9495-50fa7818a72b,HAWKER 800XP,838697ff-b6ab-46e4-9aad-def266b918bc,Tmplt HAWKER 800XP,43148239-26c4-4712-81de-969da8d80cf3,VT-VPA,258415,SB 27-176,SB 27-176,SB,27,"27-176
Flight Controls- Inspection of LH and RH wing stall detector vent pipes for presence of identification labels and debris in fuel booster pump screens.",,,Complied with on 21-01-1999,,,5439:59 H,,,,5439:59 H,,,,,,
157b8d12-c115-446e-a4dc-d12077751fe2,91aa63f8-13f1-4d97-9495-50fa7818a72b,HAWKER 800XP,838697ff-b6ab-46e4-9aad-def266b918bc,Tmplt HAWKER 800XP,43148239-26c4-4712-81de-969da8d80cf3,VT-VPA,258415,SB 57-3781,SB 57-3781,SB#,57,"SB 57-3781
WINGS - INSTALLATION OF WINGLET ASSEMBLIES",,,Not Applicable due to Aircraft Serial no. 258415,,16-Apr-1999,10-May-2026,,,,10-May-2026,,,,,,
157b8d12-c115-446e-a4dc-d12077751fe2,91aa63f8-13f1-4d97-9495-50fa7818a72b,HAWKER 800XP,838697ff-b6ab-46e4-9aad-def266b918bc,Tmplt HAWKER 800XP,43148239-26c4-4712-81de-969da8d80cf3,VT-VPA,258415,SB 25-3760,SB 25-3760,SB$,25,"25-3760
EQUIPMENT/FURNISHINGS - SPARES REPLACEMENT OF LAVATORY WATER TIMER RELAY",,,Optional SB Shall be complied as & when required,,16-Apr-1999,10-May-2026,,,,10-May-2026,,,,,,
157b8d12-c115-446e-a4dc-d12077751fe2,91aa63f8-13f1-4d97-9495-50fa7818a72b,HAWKER 800XP,838697ff-b6ab-46e4-9aad-def266b918bc,Tmplt HAWKER 800XP,43148239-26c4-4712-81de-969da8d80cf3,VT-VPA,258415,DGCA/HAWKER 800/10,FAA AD 2008 -21-01,MOD#,32,"MM 10
TO PREVENT A FRACTURE OF THE MLG CASINGS & A COLLAPSE OF THE AFFECTED MLG WHICH COULD ADVERSELY AFFECT THE AIRPLANES CONTINUED SAFE FLIGHT & LANDING",,,Not applicable by the aircraft serial number mentioned in SB 32-3920.,,16-Apr-1999,10-May-2026,,,,10-May-2026,,,,,,
157b8d12-c115-446e-a4dc-d12077751fe2,91aa63f8-13f1-4d97-9495-50fa7818a72b,HAWKER 800XP,838697ff-b6ab-46e4-9aad-def266b918bc,Tmplt HAWKER 800XP,43148239-26c4-4712-81de-969da8d80cf3,VT-VPA,258415,FAA AD : 2021-23-12,FAA AD : 2021-23-12,AD,34,"FAA AD : 2021-23-12
Air Transport Association (ATA) of America Code 31, Indicating/Recording System; 34, Navigation.",,,Applicable and found complied on the aircraft.,26 Dy,16-Apr-1999,10-May-2026,9886 Dy,,12-May-1999,12-May-1999,-9860 Dy,,,,,
157b8d12-c115-446e-a4dc-d12077751fe2,91aa63f8-13f1-4d97-9495-50fa7818a72b,HAWKER 800XP,838697ff-b6ab-46e4-9aad-def266b918bc,Tmplt HAWKER 800XP,43148239-26c4-4712-81de-969da8d80cf3,VT-VPA,258415,DGCA/NEW-MISC/197,FAA AD 2017-22-02,MIS,1,"M197
To prevent unexpected movement of pilot and co-pilot seatson take off and landing. The unsafe condition if not corrected could result in reduced control of the airplane.",,,Not applicable by the installed Pilot and co-pilot seat part number. installed Pilot seat P/N: 3A026-0013-2 & co-pilot seat P/N:-3A026-0014-2.,,,5439:59 H,,,,5439:59 H,,,,,,
157b8d12-c115-446e-a4dc-d12077751fe2,91aa63f8-13f1-4d97-9495-50fa7818a72b,HAWKER 800XP,838697ff-b6ab-46e4-9aad-def266b918bc,Tmplt HAWKER 800XP,43148239-26c4-4712-81de-969da8d80cf3,VT-VPA,258415,SB 31-3703 R2,SB 31-3703 R2,SB#,31,"SB 31-3703
INDICATING/RECORDING - INSTALLATION OF AURAL WARNING KIT FOR FLAP, AILERON AND ELEVATOR POSITION",,,Not Applicable due to Aircraft Serial no. 258415,,16-Apr-1999,10-May-2026,,,,10-May-2026,,,,,,
157b8d12-c115-446e-a4dc-d12077751fe2,91aa63f8-13f1-4d97-9495-50fa7818a72b,HAWKER 800XP,838697ff-b6ab-46e4-9aad-def266b918bc,Tmplt HAWKER 800XP,43148239-26c4-4712-81de-969da8d80cf3,VT-VPA,258415,DGCA/NEW -MISC/256,FAA AD: 2022-16-03,MIS,72,"DGCA/NEW -MISC/256
Joint Aircraft System Component (JASC) Code 8500, Engine (RECIPROCATING).",,,,,5168:21 H,5439:59 H,,,,5439:59 H,,,,,,
157b8d12-c115-446e-a4dc-d12077751fe2,91aa63f8-13f1-4d97-9495-50fa7818a72b,HAWKER 800XP,838697ff-b6ab-46e4-9aad-def266b918bc,Tmplt HAWKER 800XP,43148239-26c4-4712-81de-969da8d80cf3,VT-VPA,258415,DGCA/New-Misc/01,"DGCA Let.No.77-5/69- A1(I), Dt.24/5/1969",MIS#,5,"M001
Magnetic Particle Inspection of Undercarriage Bolts of Agricultural Aircraft",,,Not Applicable By Type Of Operation Not Applicable By Type Of Operation .,,,5439:59 H,,,,5439:59 H,,,,,,
157b8d12-c115-446e-a4dc-d12077751fe2,91aa63f8-13f1-4d97-9495-50fa7818a72b,HAWKER 800XP,838697ff-b6ab-46e4-9aad-def266b918bc,Tmplt HAWKER 800XP,43148239-26c4-4712-81de-969da8d80cf3,VT-VPA,258415,DGCA/New-Misc/43,FAA AD 2000-04-24,MIS#,49,"M043
To prevent an uncontained APU failure and damage to the Airplane",,,Not applicable by the installed APU model GTCP 36-150W.,,,5439:59 H,,,,5439:59 H,,,,,,
157b8d12-c115-446e-a4dc-d12077751fe2,91aa63f8-13f1-4d97-9495-50fa7818a72b,HAWKER 800XP,838697ff-b6ab-46e4-9aad-def266b918bc,Tmplt HAWKER 800XP,43148239-26c4-4712-81de-969da8d80cf3,VT-VPA,258415,DGCA/New-Misc/86,DGAC AD F 2005-135,MIS#,26,"M086
Equipment /Furnishingsinspection and replacement of the reading lights electrical power supplies of some sicma aero seats",,,Not applicable as Decrane aircraft seating company passenger seats are installed.,,,10-May-2026,,,,10-May-2026,,,,,,
