log_type,aircraft_id,flight_date,log_selection_no,log_page_no,flight_number,time_out,departure_airport,time_in,arrival_airport,flight_hours,cycles_landings,total_airframe_hours_at_landing,total_cycles_at_landing,flight_log_insert_status,flight_log_insert_notice
Journey,VT-AGP,17-Mar-26,VT-AGP/76,76,,3/17/26 9:30,VIDP,3/17/26 10:00,VIDP,0:00,0,5605:45 H,4892 L,failed,Insert failed for log_selection_no VT-AGP/76: No row inserted (conflict or duplicate)
Journey,VT-AGP,15-Mar-26,VT-AGP/73,73,,3/15/26 4:22,VAAH,3/15/26 6:24,vohs,1:38,1,5603:30 H,4890 L,failed,Insert failed for log_selection_no VT-AGP/73: No row inserted (conflict or duplicate)
Journey,VT-AGP,13-Mar-26,VT-AGP/70,70,,3/13/26 11:51,VOHY,3/13/26 12:54,VAPO,0:54,1,5600:29 H,4887 L,failed,Insert failed for log_selection_no VT-AGP/70: No row inserted (conflict or duplicate)
Journey,VT-AGP,13-Mar-26,VT-AGP/69,69,,3/13/26 6:55,VABB,3/13/26 8:18,VOHY,1:01,1,5599:35 H,4886 L,failed,Insert failed for log_selection_no VT-AGP/69: No row inserted (conflict or duplicate)
Journey,VT-AGP,13-Mar-26,VT-AGP/68,68,,3/13/26 4:40,vohs,3/13/26 6:13,VABB,1:15,1,5598:34 H,4885 L,failed,Insert failed for log_selection_no VT-AGP/68: No row inserted (conflict or duplicate)
Journey,VT-AGP,13-Mar-26,VT-AGP/67,67,,3/13/26 3:45,VOHY,3/13/26 4:15,vohs,0:19,1,5597:19 H,4884 L,failed,Insert failed for log_selection_no VT-AGP/67: No row inserted (conflict or duplicate)
Journey,VT-AGP,8-Mar-26,VT-AGP/65,65,,3/8/26 8:24,VOBG,3/8/26 9:28,vohs,0:55,1,5596:45 H,4882 L,failed,Insert failed for log_selection_no VT-AGP/65: No row inserted (conflict or duplicate)
Journey,VT-AGP,8-Mar-26,VT-AGP/64,64,,3/8/26 2:25,vohs,3/8/26 3:31,VOBG,0:53,1,5595:50 H,4881 L,failed,Insert failed for log_selection_no VT-AGP/64: No row inserted (conflict or duplicate)
Journey,VT-AGP,7-Mar-26,VT-AGP/63,63,,3/7/26 8:02,VAKP,3/7/26 9:00,vohs,0:45,1,5594:57 H,4880 L,success,
Journey,VT-AGP,7-Mar-26,VT-AGP/62,62,,3/7/26 3:45,vohs,3/7/26 4:50,VAKP,0:46,1,5594:12 H,4879 L,failed,Insert failed for log_selection_no VT-AGP/62: No row inserted (conflict or duplicate)
Journey,VT-AGP,6-Mar-26,VT-AGP/61,61,,3/6/26 9:40,VERP,3/6/26 11:03,vohs,1:11,1,5593:26 H,4878 L,success,
Journey,VT-AGP,6-Mar-26,VT-AGP/60,60,,3/6/26 6:58,VOCB,3/6/26 9:20,VERP,2:13,1,5592:15 H,4877 L,failed,Insert failed for log_selection_no VT-AGP/60: No row inserted (conflict or duplicate)
Journey,VT-AGP,6-Mar-26,VT-AGP/59,59,,3/6/26 4:55,VOMM,3/6/26 5:50,VOCB,0:39,1,5590:02 H,4876 L,failed,Insert failed for log_selection_no VT-AGP/59: No row inserted (conflict or duplicate)
Journey,VT-AGP,5-Mar-26,VT-AGP/58,58,,3/5/26 6:40,VOTR,3/5/26 7:40,VOMM,0:40,1,5589:23 H,4875 L,success,
Journey,VT-AGP,4-Mar-26,VT-AGP/57,57,,3/4/26 11:00,VOMM,3/4/26 12:00,VOTR,0:43,1,5588:43 H,4874 L,failed,Insert failed for log_selection_no VT-AGP/57: No row inserted (conflict or duplicate)
Journey,VT-AGP,3-Mar-26,VT-AGP/54,54,,3/3/26 3:40,vohs,3/3/26 4:50,VOMM,0:53,1,5586:02 H,4871 L,failed,Insert failed for log_selection_no VT-AGP/54: No row inserted (conflict or duplicate)
Journey,VT-AGP,3-Mar-26,VT-AGP/53,53,,3/3/26 2:05,VOHY,3/3/26 2:30,vohs,0:15,1,5585:09 H,4870 L,failed,Insert failed for log_selection_no VT-AGP/53: No row inserted (conflict or duplicate)
Journey,VT-AGP,1-Mar-26,VT-AGP/51,51,,3/1/26 2:50,vohs,3/1/26 4:55,VAAH,1:38,1,5583:16 H,4868 L,failed,Insert failed for log_selection_no VT-AGP/51: No row inserted (conflict or duplicate)
Journey,VT-AGP,28-Feb-26,VT-AGP/50,50,,2/28/26 11:20,VOTP,2/28/26 12:25,vohs,0:54,1,5581:38 H,4867 L,failed,Insert failed for log_selection_no VT-AGP/50: No row inserted (conflict or duplicate)
Journey,VT-AGP,28-Feb-26,VT-AGP/49,49,,2/28/26 10:04,vohs,2/28/26 11:05,VOTP,0:47,1,5580:44 H,4866 L,failed,Insert failed for log_selection_no VT-AGP/49: No row inserted (conflict or duplicate)
Journey,VT-AGP,26-Feb-26,VT-AGP/46,46,,2/26/26 11:05,VOKU,2/26/26 11:40,vohs,0:27,1,5576:03 H,4863 L,success,
Journey,VT-AGP,26-Feb-26,VT-AGP/45,45,,2/26/26 7:05,vohs,2/26/26 7:51,VOKU,0:35,1,5575:36 H,4862 L,failed,Insert failed for log_selection_no VT-AGP/45: No row inserted (conflict or duplicate)
Journey,VT-AGP,25-Feb-26,VT-AGP/43,43,,2/25/26 13:20,vohs,2/25/26 14:45,VOVZ,1:00,1,5574:03 H,4860 L,failed,Insert failed for log_selection_no VT-AGP/43: No row inserted (conflict or duplicate)
Journey,VT-AGP,25-Feb-26,VT-AGP/42,42,,2/25/26 12:35,VOHY,2/25/26 12:55,vohs,0:10,1,5573:03 H,4859 L,failed,Insert failed for log_selection_no VT-AGP/42: No row inserted (conflict or duplicate)
Journey,VT-AGP,25-Feb-26,VT-AGP/41,41,,2/25/26 10:55,VOVZ,2/25/26 12:10,VOHY,1:02,1,5572:53 H,4858 L,failed,Insert failed for log_selection_no VT-AGP/41: No row inserted (conflict or duplicate)
Journey,VT-AGP,25-Feb-26,VT-AGP/40,40,,2/25/26 9:25,vohs,2/25/26 10:40,VOVZ,1:02,1,5571:51 H,4857 L,failed,Insert failed for log_selection_no VT-AGP/40: No row inserted (conflict or duplicate)
Journey,VT-AGP,24-Feb-26,VT-AGP/39,39,,2/24/26 11:55,HAL Airport,2/24/26 13:05,vohs,0:51,1,5570:49 H,4856 L,failed,"Insert failed for log_selection_no VT-AGP/39: Missing references (aircraft VT-AGP, departure HAL Airport, arrival vohs)"
Journey,VT-AGP,24-Feb-26,VT-AGP/38,38,,2/24/26 7:50,vohs,2/24/26 9:10,HAL Airport,0:56,1,5569:58 H,4855 L,failed,"Insert failed for log_selection_no VT-AGP/38: Missing references (aircraft VT-AGP, departure vohs, arrival HAL Airport)"
Journey,VT-AGP,24-Feb-26,VT-AGP/37,37,,2/24/26 6:45,VOBZ,2/24/26 7:35,vohs,0:42,1,5569:02 H,4854 L,success,
Journey,VT-AGP,24-Feb-26,VT-AGP/36,36,,2/24/26 5:40,vohs,2/24/26 6:30,VOBZ,0:32,1,5568:20 H,4853 L,failed,Insert failed for log_selection_no VT-AGP/36: No row inserted (conflict or duplicate)
Journey,VT-AGP,23-Feb-26,VT-AGP/35,35,,2/23/26 14:00,VOCB,2/23/26 15:30,vohs,1:19,1,5567:48 H,4852 L,success,
Journey,VT-AGP,23-Feb-26,VT-AGP/34,34,,2/23/26 11:05,VERP,2/23/26 13:40,VOCB,2:18,1,5566:29 H,4851 L,failed,Insert failed for log_selection_no VT-AGP/34: No row inserted (conflict or duplicate)
Journey,VT-AGP,23-Feb-26,VT-AGP/33,33,,2/23/26 8:55,VOHY,2/23/26 10:05,VERP,0:57,1,5564:11 H,4850 L,failed,Insert failed for log_selection_no VT-AGP/33: No row inserted (conflict or duplicate)
Journey,VT-AGP,22-Feb-26,VT-AGP/32,32,,2/22/26 16:35,HAL Airport,2/22/26 17:40,VOHY,0:52,1,5563:14 H,4849 L,failed,"Insert failed for log_selection_no VT-AGP/32: Missing references (aircraft VT-AGP, departure HAL Airport, arrival VOHY)"
Journey,VT-AGP,22-Feb-26,VT-AGP/31,31,,2/22/26 7:45,VOHY,2/22/26 9:00,HAL Airport,0:55,1,5562:22 H,4848 L,failed,"Insert failed for log_selection_no VT-AGP/31: Missing references (aircraft VT-AGP, departure VOHY, arrival HAL Airport)"
Journey,VT-AGP,21-Feb-26,VT-AGP/29,29,,2/21/26 11:55,VOHY,2/21/26 13:05,VOVZ,0:54,1,5560:27 H,4846 L,failed,Insert failed for log_selection_no VT-AGP/29: No row inserted (conflict or duplicate)
Journey,VT-AGP,9-Feb-26,VT-AGP/25,25,,2/9/26 8:20,VAAH,2/9/26 10:20,VIDP,1:27,1,5553:43 H,4842 L,failed,Insert failed for log_selection_no VT-AGP/25: No row inserted (conflict or duplicate)
Journey,VT-AGP,9-Feb-26,VT-AGP/24,24,,2/9/26 1:55,VOHY,2/9/26 4:05,VAAH,1:45,1,5552:16 H,4841 L,failed,Insert failed for log_selection_no VT-AGP/24: No row inserted (conflict or duplicate)
Journey,VT-AGP,6-Feb-26,VT-AGP/20,20,,2/6/26 4:25,VOHY,2/6/26 5:00,vohs,0:22,1,5548:34 H,4837 L,failed,Insert failed for log_selection_no VT-AGP/20: No row inserted (conflict or duplicate)
Journey,VT-AGP,VOID,VT-AGP/19,19,,VOID,VOID,VOID,VOID,VOID,0,5548:12 H,4836 L,failed,Insert failed for log_selection_no VT-AGP/19: Invalid flight date
Journey,VT-AGP,27-Jan-26,VT-AGP/17,17,,1/27/26 4:25,VOHY,1/27/26 6:10,VABB,1:45,1,5547:13 H,4835 L,failed,Insert failed for log_selection_no VT-AGP/17: No row inserted (conflict or duplicate)
Journey,VT-AGP,25-Jan-26,VT-AGP/16,16,,1/25/26 15:00,VOBZ,1/25/26 15:52,VOHY,0:39,1,5545:28 H,4834 L,success,
Journey,VT-AGP,25-Jan-26,VT-AGP/15,15,,1/25/26 9:20,VORY,1/25/26 10:00,VOBZ,0:26,1,5544:49 H,4833 L,failed,Insert failed for log_selection_no VT-AGP/15: No row inserted (conflict or duplicate)
Journey,VT-AGP,25-Jan-26,VT-AGP/14,14,,1/25/26 7:30,VOBZ,1/25/26 7:56,VORY,0:16,1,5544:23 H,4832 L,failed,Insert failed for log_selection_no VT-AGP/14: No row inserted (conflict or duplicate)
Journey,VT-AGP,24-Jan-26,VT-AGP/13,13,,1/24/26 8:35,VOHY,1/24/26 9:30,VOBZ,0:38,1,5544:07 H,4831 L,success,
Journey,VT-AGP,19-Jan-26,VT-AGP/11,11,,1/19/26 9:39,HAL Airport,1/19/26 11:11,VOHY,1:01,1,5542:45 H,4824 L,failed,"Insert failed for log_selection_no VT-AGP/11: Missing references (aircraft VT-AGP, departure HAL Airport, arrival VOHY)"
Journey,VT-AGP,18-Jan-26,VT-AGP/10,10,,1/18/26 15:52,VIDP,1/18/26 18:43,HAL Airport,2:28,1,5541:44 H,4823 L,failed,"Insert failed for log_selection_no VT-AGP/10: Missing references (aircraft VT-AGP, departure VIDP, arrival HAL Airport)"
Journey,VT-AGP,18-Jan-26,VT-AGP/9,9,,1/18/26 13:47,viar,1/18/26 15:05,VIDP,0:48,1,5539:16 H,4822 L,success,
Journey,VT-AGP,18-Jan-26,VT-AGP/8,8,,1/18/26 6:10,VIDP,1/18/26 7:37,viar,0:50,1,5538:28 H,4821 L,failed,Insert failed for log_selection_no VT-AGP/8: No row inserted (conflict or duplicate)
Journey,VT-AGP,16-Jan-26,VT-AGP/6,6,,1/16/26 12:44,VEGT,1/16/26 17:08,VIDP,3:53,1,5537:38 H,4820 L,failed,"Insert failed for log_selection_no VT-AGP/6: Missing references (aircraft VT-AGP, departure VEGT, arrival VIDP)"
Journey,VT-AGP,16-Jan-26,VT-AGP/5,5,,1/16/26 6:30,vohs,1/16/26 9:10,VEGT,2:23,1,5533:45 H,4819 L,failed,"Insert failed for log_selection_no VT-AGP/5: Missing references (aircraft VT-AGP, departure vohs, arrival VEGT)"
Journey,VT-AGP,15-Jan-26,VT-AGP/3,3,,1/15/26 2:30,VOHY,1/15/26 3:45,VAPO,0:50,1,5530:30 H,4817 L,failed,Insert failed for log_selection_no VT-AGP/3: No row inserted (conflict or duplicate)
Journey,VT-AJM,21-Feb-26,VT-AJM/59,2668,,2/21/26 12:45,vcbi,2/21/26 14:50,vohs,1:46,1,4241:47 H,3490 L,failed,"Insert failed for log_selection_no VT-AJM/59: Missing references (aircraft VT-AJM, departure vcbi, arrival vohs)"
Journey,VT-AJM,21-Feb-26,VT-AJM/58,2667,,2/21/26 2:00,vohs,2/21/26 4:05,vcbi,1:44,1,4240:01 H,3489 L,failed,"Insert failed for log_selection_no VT-AJM/58: Missing references (aircraft VT-AJM, departure vohs, arrival vcbi)"
Journey,VT-AJM,20-Feb-26,VT-AJM/56,2665,,2/20/26 3:15,VIJP,2/20/26 5:10,VOHY,1:33,1,4238:05 H,3487 L,failed,Insert failed for log_selection_no VT-AJM/56: No row inserted (conflict or duplicate)
Journey,VT-AJM,16-Feb-26,VT-AJM/53,2662,,2/16/26 7:15,VOHY,2/16/26 9:38,VIDP,2:00,1,4232:56 H,3484 L,failed,Insert failed for log_selection_no VT-AJM/53: No row inserted (conflict or duplicate)
Journey,VT-AJM,11-Feb-26,VT-AJM/49,2658,,2/11/26 6:59,VOGA,2/11/26 8:07,VOHY,0:53,1,4227:13 H,3480 L,failed,Insert failed for log_selection_no VT-AJM/49: No row inserted (conflict or duplicate)
Journey,VT-AJM,11-Feb-26,VT-AJM/48,2657,,2/11/26 5:32,VOHY,2/11/26 6:38,VOGA,0:56,1,4226:20 H,3479 L,failed,Insert failed for log_selection_no VT-AJM/48: No row inserted (conflict or duplicate)
Journey,VT-AJM,9-Feb-26,VT-AJM/47,2656,,2/9/26 15:25,VOBZ,2/9/26 16:20,VOHY,0:35,1,4225:24 H,3478 L,success,
Journey,VT-AJM,9-Feb-26,VT-AJM/46,2655,,2/9/26 13:45,vohs,2/9/26 14:30,VOBZ,0:31,1,4224:49 H,3477 L,failed,Insert failed for log_selection_no VT-AJM/46: No row inserted (conflict or duplicate)
Journey,VT-AJM,8-Feb-26,VT-AJM/45,2654,,2/8/26 16:40,VOBZ,2/8/26 17:50,vohs,0:52,1,4224:18 H,3476 L,success,
Journey,VT-AJM,8-Feb-26,VT-AJM/44,2653,,2/8/26 15:45,VOHY,2/8/26 16:30,VOBZ,0:29,1,4223:26 H,3475 L,failed,Insert failed for log_selection_no VT-AJM/44: No row inserted (conflict or duplicate)
Journey,VT-AJM,8-Feb-26,VT-AJM/43,2652,,2/8/26 14:15,VOTR,2/8/26 15:35,VOHY,1:14,1,4222:57 H,3474 L,failed,Insert failed for log_selection_no VT-AJM/43: No row inserted (conflict or duplicate)
Journey,VT-AJM,8-Feb-26,VT-AJM/42,2651,,2/8/26 12:20,vohs,2/8/26 13:55,VOTR,1:11,1,4221:43 H,3473 L,failed,Insert failed for log_selection_no VT-AJM/42: No row inserted (conflict or duplicate)
Journey,VT-AJM,8-Feb-26,VT-AJM/41,2650,,2/8/26 4:15,votr,2/8/26 5:40,vohs,1:06,1,4220:32 H,3472 L,failed,Insert failed for log_selection_no VT-AJM/41: No row inserted (conflict or duplicate)
Journey,VT-AJM,8-Feb-26,VT-AJM/40,2649,,2/8/26 2:32,VOHY,2/8/26 3:58,votr,1:17,1,4219:26 H,3471 L,failed,Insert failed for log_selection_no VT-AJM/40: No row inserted (conflict or duplicate)
Journey,VT-AJM,6-Feb-26,VT-AJM/39,2648,,2/6/26 9:05,VOKU,2/6/26 9:50,VOHY,0:33,1,4218:09 H,3470 L,success,
Journey,VT-AJM,6-Feb-26,VT-AJM/38,2647,,2/6/26 4:30,VOHY,2/6/26 5:15,VOKU,0:31,1,4217:36 H,3469 L,failed,Insert failed for log_selection_no VT-AJM/38: No row inserted (conflict or duplicate)
Journey,VT-AJM,3-Feb-26,VT-AJM/37,2646,,2/3/26 12:43,VOBZ,2/3/26 13:31,VOHY,0:40,1,4217:05 H,3468 L,success,
Journey,VT-AJM,3-Feb-26,VT-AJM/36,2645,,2/3/26 9:51,VOHY,2/3/26 10:32,VOBZ,0:31,1,4216:25 H,3467 L,failed,Insert failed for log_selection_no VT-AJM/36: No row inserted (conflict or duplicate)
Journey,VT-AJM,3-Feb-26,VT-AJM/35,2644,,2/3/26 8:00,HAL Airport,2/3/26 9:00,VOHY,0:47,1,4215:54 H,3466 L,failed,"Insert failed for log_selection_no VT-AJM/35: Missing references (aircraft VT-AJM, departure HAL Airport, arrival VOHY)"
Journey,VT-AJM,3-Feb-26,VT-AJM/34,2643,,2/3/26 2:39,VOHY,2/3/26 3:48,HAL Airport,0:58,1,4215:07 H,3465 L,failed,"Insert failed for log_selection_no VT-AJM/34: Missing references (aircraft VT-AJM, departure VOHY, arrival HAL Airport)"
Journey,VT-AJM,2-Feb-26,VT-AJM/33,2642,,2/2/26 11:28,VOKU,2/2/26 12:03,VOHY,0:29,1,4214:09 H,3464 L,success,
Journey,VT-AJM,2-Feb-26,VT-AJM/32,2641,,2/2/26 8:55,VOHY,2/2/26 9:32,VOKU,0:28,1,4213:40 H,3463 L,failed,Insert failed for log_selection_no VT-AJM/32: No row inserted (conflict or duplicate)
Journey,VT-AJM,1-Feb-26,VT-AJM/30,2639,,2/1/26 12:40,VOHY,2/1/26 13:50,VOGA,0:57,1,4212:20 H,3461 L,failed,Insert failed for log_selection_no VT-AJM/30: No row inserted (conflict or duplicate)
Journey,VT-AJM,1-Feb-26,VT-AJM/29,2638,,2/1/26 11:25,VOGA,2/1/26 12:30,VOHY,0:53,1,4211:23 H,3460 L,failed,Insert failed for log_selection_no VT-AJM/29: No row inserted (conflict or duplicate)
Journey,VT-AJM,31-Jan-26,VT-AJM/27,2636,,1/31/26 10:00,VOHY,1/31/26 11:15,SHIRDI,0:57,1,4209:42 H,3458 L,failed,Insert failed for log_selection_no VT-AJM/27: No row inserted (conflict or duplicate)
Journey,VT-AJM,30-Jan-26,VT-AJM/26,2635,,1/30/26 15:35,VORY,1/30/26 16:30,VOHY,0:40,1,4208:45 H,3457 L,success,
Journey,VT-AJM,30-Jan-26,VT-AJM/25,2634,,1/30/26 3:15,VOBZ,1/30/26 3:50,VORY,0:22,1,4208:05 H,3456 L,failed,Insert failed for log_selection_no VT-AJM/25: No row inserted (conflict or duplicate)
Journey,VT-AJM,29-Jan-26,VT-AJM/24,2633,,1/29/26 11:30,VOHY,1/29/26 12:15,VOBZ,0:31,1,4207:43 H,3455 L,failed,Insert failed for log_selection_no VT-AJM/24: No row inserted (conflict or duplicate)
Journey,VT-AJM,27-Jan-26,VT-AJM/21,2630,,1/27/26 18:55,VOBZ,1/27/26 19:35,VOHY,0:32,1,4203:31 H,3452 L,success,
Journey,VT-AJM,27-Jan-26,VT-AJM/20,2629,,1/27/26 18:10,VOHY,1/27/26 18:50,VOBZ,0:28,1,4202:59 H,3451 L,failed,Insert failed for log_selection_no VT-AJM/20: No row inserted (conflict or duplicate)
Journey,VT-AJM,27-Jan-26,VT-AJM/19,2628,,1/27/26 12:15,VOBZ,1/27/26 13:15,VOHY,0:50,1,4202:31 H,3450 L,failed,Insert failed for log_selection_no VT-AJM/19: No row inserted (conflict or duplicate)
Journey,VT-AJM,27-Jan-26,VT-AJM/18,2627,,1/27/26 11:25,vohs,1/27/26 12:10,VOBZ,0:30,1,4201:41 H,3449 L,failed,Insert failed for log_selection_no VT-AJM/18: No row inserted (conflict or duplicate)
Journey,VT-AJM,23-Jan-26,VT-AJM/17,2626,,1/23/26 11:40,vosh,1/23/26 12:40,vohs,0:49,1,4201:11 H,3448 L,failed,"Insert failed for log_selection_no VT-AJM/17: Missing references (aircraft VT-AJM, departure vosh, arrival vohs)"
Journey,VT-AJM,23-Jan-26,VT-AJM/16,2625,,1/23/26 10:20,VOHY,1/23/26 11:25,vosh,0:55,1,4200:22 H,3447 L,failed,"Insert failed for log_selection_no VT-AJM/16: Missing references (aircraft VT-AJM, departure VOHY, arrival vosh)"
Journey,VT-AJM,22-Jan-26,VT-AJM/14,2623,,1/22/26 5:40,VAAH,1/22/26 7:35,vohs,1:21,1,4199:15 H,3445 L,failed,Insert failed for log_selection_no VT-AJM/14: No row inserted (conflict or duplicate)
Journey,VT-AJM,21-Jan-26,VT-AJM/12,2621,,1/21/26 0:50,VOBG,1/21/26 2:00,vohs,0:48,1,4196:20 H,3443 L,failed,Insert failed for log_selection_no VT-AJM/12: No row inserted (conflict or duplicate)
Journey,VT-AJM,20-Jan-26,VT-AJM/10,2619,,1/20/26 3:55,VOBG,1/20/26 5:55,VABB,1:43,1,4194:11 H,3441 L,failed,Insert failed for log_selection_no VT-AJM/10: No row inserted (conflict or duplicate)
Journey,VT-AJM,20-Jan-26,VT-AJM/9,2618,,1/20/26 2:35,VOHY,1/20/26 3:40,VOBG,0:57,1,4192:28 H,3440 L,failed,Insert failed for log_selection_no VT-AJM/9: No row inserted (conflict or duplicate)
Journey,VT-AJM,17-Jan-26,VT-AJM/8,2617,,1/17/26 12:15,VORY,1/17/26 13:05,VOHY,0:41,1,4191:31 H,3439 L,success,
Journey,VT-AJM,17-Jan-26,VT-AJM/7,2616,,1/17/26 3:25,vohs,1/17/26 4:35,VORY,0:47,1,4190:50 H,3438 L,failed,Insert failed for log_selection_no VT-AJM/7: No row inserted (conflict or duplicate)
Journey,VT-AJM,16-Jan-26,VT-AJM/6,2615,,1/16/26 18:15,VORY,1/16/26 19:15,vohs,0:46,1,4190:03 H,3437 L,success,
Journey,VT-AJM,16-Jan-26,VT-AJM/5,2614,,1/16/26 14:50,VOHY,1/16/26 15:50,VORY,0:45,1,4189:17 H,3436 L,failed,Insert failed for log_selection_no VT-AJM/5: No row inserted (conflict or duplicate)
Journey,VT-AJM,16-Jan-26,VT-AJM/4,2613,,1/16/26 11:55,VORY,1/16/26 12:50,VOHY,0:43,1,4188:32 H,3435 L,failed,Insert failed for log_selection_no VT-AJM/4: No row inserted (conflict or duplicate)
Journey,VT-AJM,16-Jan-26,VT-AJM/3,2612,,1/16/26 10:40,VOHY,1/16/26 11:40,VORY,0:40,1,4187:49 H,3434 L,failed,Insert failed for log_selection_no VT-AJM/3: No row inserted (conflict or duplicate)
Journey,VT-AJM,15-Jan-26,VT-AJM/1,2610,,1/15/26 4:35,VOHY,1/15/26 6:40,VEBN,1:47,1,4185:25 H,3432 L,failed,Insert failed for log_selection_no VT-AJM/1: No row inserted (conflict or duplicate)
Journey,VT-VPA,VOID,VT-VPA/569,13,,VOID,VOID,VOID,VOID,VOID,0,5439:59 H,3821 L,failed,Insert failed for log_selection_no VT-VPA/569: Invalid flight date
Journey,VT-VPA,23-Oct-24,VT-VPA/564,8,,10/23/24 4:20,VABP,10/23/24 5:20,REWA,0:45,1,5438:10 H,3819 L,failed,Insert failed for log_selection_no VT-VPA/564: No row inserted (conflict or duplicate)
Journey,VT-VPA,23-Oct-24,VT-VPA/563,7,,10/23/24 1:25,VIDP,10/23/24 2:50,VABP,0:59,1,5437:25 H,3818 L,failed,Insert failed for log_selection_no VT-VPA/563: No row inserted (conflict or duplicate)
Journey,VT-VPA,28-Sep-24,VT-VPA/559,3,,9/28/24 10:55,VAUD,9/28/24 12:30,VABP,1:15,3,5435:16 H,3814 L,failed,Insert failed for log_selection_no VT-VPA/559: No row inserted (conflict or duplicate)
Journey,VT-VPA,28-Sep-24,VT-VPA/558,2,,9/28/24 9:00,VIDP,9/28/24 10:40,VAUD,1:11,3,5434:01 H,3811 L,failed,Insert failed for log_selection_no VT-VPA/558: No row inserted (conflict or duplicate)
Journey,VT-VPA,31-Aug-24,VT-VPA/554,22,,8/31/24 8:05,VIKG,8/31/24 8:50,VIKG,0:34,6,5432:04 H,3807 L,failed,Insert failed for log_selection_no VT-VPA/554: No row inserted (conflict or duplicate)
Journey,VT-VPA,31-Aug-24,VT-VPA/553,21,,8/31/24 6:45,VIDP,8/31/24 7:45,VIKG,0:43,1,5431:30 H,3801 L,failed,Insert failed for log_selection_no VT-VPA/553: No row inserted (conflict or duplicate)
Journey,VT-VPA,8-Jun-24,VT-VPA/543,11,,6/8/24 11:00,VAPO,6/8/24 12:15,VABP,1:00,1,5429:47 H,3799 L,failed,Insert failed for log_selection_no VT-VPA/543: No row inserted (conflict or duplicate)
Journey,VT-VPA,7-Jun-24,VT-VPA/541,9,,6/7/24 12:40,VIJP,6/7/24 14:25,VAID,1:30,1,5427:52 H,3797 L,failed,Insert failed for log_selection_no VT-VPA/541: No row inserted (conflict or duplicate)
Journey,VT-VPA,21-May-24,VT-VPA/537,5,,5/21/24 8:55,VIDP,5/21/24 11:40,VOBG,2:35,1,5423:17 H,3794 L,failed,Insert failed for log_selection_no VT-VPA/537: No row inserted (conflict or duplicate)
Journey,VT-VPA,VOID,VT-VPA/536,4,,VOID,VOID,VOID,VOID,VOID,0,5420:42 H,3793 L,failed,Insert failed for log_selection_no VT-VPA/536: Invalid flight date
Journey,VT-VPA,13-Feb-24,VT-VPA/527,137,,2/13/24 10:55,VAID,2/13/24 12:25,VOHY,1:17,1,5417:36 H,3791 L,failed,Insert failed for log_selection_no VT-VPA/527: No row inserted (conflict or duplicate)
Journey,VT-VPA,13-Feb-24,VT-VPA/526,137,,2/13/24 8:20,VIDN,2/13/24 10:00,VAID,1:28,1,5416:19 H,3790 L,failed,Insert failed for log_selection_no VT-VPA/526: No row inserted (conflict or duplicate)
Journey,VT-VPA,12-Feb-24,VT-VPA/524,136,,2/12/24 10:20,VIDP,2/12/24 11:55,VAID,1:12,1,5413:30 H,3788 L,failed,Insert failed for log_selection_no VT-VPA/524: No row inserted (conflict or duplicate)
Journey,VT-VPA,VOID,VT-VPA/522,134,,VOID,VOID,VOID,VOID,VOID,0,5410:21 H,3786 L,failed,Insert failed for log_selection_no VT-VPA/522: Invalid flight date
Journey,VT-VPA,30-Jan-24,VT-VPA/521,133,,1/30/24 12:20,VOCB,1/30/24 13:50,vohs,1:20,1,5410:21 H,3786 L,failed,Insert failed for log_selection_no VT-VPA/521: No row inserted (conflict or duplicate)
Journey,VT-VPA,30-Jan-24,VT-VPA/520,133,,1/30/24 11:15,VOCI,1/30/24 12:05,VOCB,0:34,1,5409:01 H,3785 L,failed,"Insert failed for log_selection_no VT-VPA/520: Missing references (aircraft VT-VPA, departure VOCI, arrival VOCB)"
Journey,VT-VPA,30-Jan-24,VT-VPA/519,133,,1/30/24 6:40,VAUD,1/30/24 9:10,VOCI,2:16,1,5408:27 H,3784 L,failed,"Insert failed for log_selection_no VT-VPA/519: Missing references (aircraft VT-VPA, departure VAUD, arrival VOCI)"
Journey,VT-VPA,5-Nov-23,VT-VPA/509,124,,11/5/23 5:00,VIDP,11/5/23 6:10,VABP,0:59,1,5403:18 H,3780 L,failed,Insert failed for log_selection_no VT-VPA/509: No row inserted (conflict or duplicate)
Journey,VT-VPA,4-Nov-23,VT-VPA/508,123,,11/4/23 10:55,viar,11/4/23 12:15,VIDP,0:59,1,5402:19 H,3779 L,success,
Journey,VT-VPA,4-Nov-23,VT-VPA/507,122,,11/4/23 3:40,VIDP,11/4/23 4:50,viar,0:46,1,5401:20 H,3778 L,failed,Insert failed for log_selection_no VT-VPA/507: No row inserted (conflict or duplicate)
Journey,VT-VPA,2-Nov-23,VT-VPA/505,120,,11/2/23 0:00,VOMM,11/2/23 0:00,VOMM,0:00,0,5397:56 H,3776 L,failed,Insert failed for log_selection_no VT-VPA/505: No row inserted (conflict or duplicate)
Journey,VT-VPA,27-Sep-23,VT-VPA/501,117,,9/27/23 7:45,VAID,9/27/23 8:30,VABP,0:28,1,5396:01 H,3775 L,failed,Insert failed for log_selection_no VT-VPA/501: No row inserted (conflict or duplicate)
Journey,VT-VPA,27-Sep-23,VT-VPA/500,117,,9/27/23 5:40,VIDP,9/27/23 7:15,VAID,1:11,1,5395:33 H,3774 L,failed,Insert failed for log_selection_no VT-VPA/500: No row inserted (conflict or duplicate)
Journey,VT-VPA,15-Sep-23,VT-VPA/495,113,,9/15/23 0:40,VOMM,9/15/23 3:15,VIJP,2:20,1,5388:34 H,3769 L,failed,Insert failed for log_selection_no VT-VPA/495: No row inserted (conflict or duplicate)
Journey,VT-VPA,10-Sep-23,VT-VPA/493,111,,9/10/23 6:00,VAGD,9/10/23 8:05,VEBS,1:53,1,5384:42 H,3767 L,failed,"Insert failed for log_selection_no VT-VPA/493: Missing references (aircraft VT-VPA, departure VAGD, arrival VEBS)"
Journey,VT-VPA,9-Sep-23,VT-VPA/492,110,,9/9/23 10:30,VABB,9/9/23 11:30,VAGD,0:34,1,5382:49 H,3766 L,failed,"Insert failed for log_selection_no VT-VPA/492: Missing references (aircraft VT-VPA, departure VABB, arrival VAGD)"
Journey,VT-VPA,24-Aug-23,VT-VPA/485,104,,8/24/23 1:30,VOMM,8/24/23 4:30,VIDP,2:33,1,5374:01 H,3759 L,failed,Insert failed for log_selection_no VT-VPA/485: No row inserted (conflict or duplicate)
Journey,VT-VPA,23-Aug-23,VT-VPA/483,103,,8/23/23 7:50,VOMM,8/23/23 10:50,VIDP,2:30,1,5368:58 H,3757 L,failed,Insert failed for log_selection_no VT-VPA/483: No row inserted (conflict or duplicate)
Journey,VT-VPA,22-Aug-23,VT-VPA/481,102,,8/22/23 9:05,VOMM,8/22/23 10:55,VABB,1:36,1,5364:43 H,3755 L,failed,Insert failed for log_selection_no VT-VPA/481: No row inserted (conflict or duplicate)
Journey,VT-VPA,22-Aug-23,VT-VPA/480,102,,8/22/23 7:10,VOMM,8/22/23 8:10,VOMM,0:38,1,5363:07 H,3754 L,failed,Insert failed for log_selection_no VT-VPA/480: No row inserted (conflict or duplicate)
Journey,VT-VPA,21-Jul-23,VT-VPA/473,96,,7/21/23 10:35,VOBG,7/21/23 11:45,VOMM,0:42,1,5353:17 H,3749 L,failed,Insert failed for log_selection_no VT-VPA/473: No row inserted (conflict or duplicate)
Journey,VT-VPA,19-Jul-23,VT-VPA/471,95,,7/19/23 1:35,VOMM,7/19/23 3:50,VABB,1:59,1,5351:14 H,3747 L,failed,Insert failed for log_selection_no VT-VPA/471: No row inserted (conflict or duplicate)
Journey,VT-VPA,19-Jul-23,VT-VPA/470,95,,7/19/23 1:10,VOMM,7/19/23 1:25,VOMM,0:00,0,5349:15 H,3746 L,failed,Insert failed for log_selection_no VT-VPA/470: No row inserted (conflict or duplicate)
Journey,VT-VPA,VOID,VT-VPA/468,93,,VOID,VOID,VOID,VOID,VOID,0,5346:36 H,3745 L,failed,Insert failed for log_selection_no VT-VPA/468: Invalid flight date
Journey,VT-VPA,10-Jul-23,VT-VPA/464,90,,7/10/23 2:15,VOMM,7/10/23 5:10,VIDP,2:35,1,5340:38 H,3742 L,failed,Insert failed for log_selection_no VT-VPA/464: No row inserted (conflict or duplicate)
Journey,VT-VPA,2-Jul-23,VT-VPA/461,87,,7/2/23 9:45,VOTP,7/2/23 10:20,VOMM,0:21,1,5336:51 H,3739 L,success,
Journey,VT-VPA,2-Jul-23,VT-VPA/460,87,,7/2/23 1:40,VOMM,7/2/23 2:25,VOTP,0:26,1,5336:30 H,3738 L,failed,Insert failed for log_selection_no VT-VPA/460: No row inserted (conflict or duplicate)
Journey,VT-VPA,30-Jun-23,VT-VPA/458,86,,6/30/23 1:20,VOMM,6/30/23 4:25,VIDP,2:43,1,5333:14 H,3736 L,failed,Insert failed for log_selection_no VT-VPA/458: No row inserted (conflict or duplicate)
Journey,VT-VPA,19-Jun-23,VT-VPA/453,81,,6/19/23 3:15,VOTP,6/19/23 4:40,VOMM,0:32,1,5326:00 H,3731 L,success,
Journey,VT-VPA,18-Jun-23,VT-VPA/452,80,,6/18/23 12:15,VOMM,6/18/23 13:10,VOTP,0:22,1,5325:28 H,3730 L,success,
Journey,VT-VPA,16-Jun-23,VT-VPA/450,79,,6/16/23 3:00,VOMM,6/16/23 4:45,VOHY,0:56,1,5324:06 H,3728 L,failed,Insert failed for log_selection_no VT-VPA/450: No row inserted (conflict or duplicate)
Journey,VT-VPA,6-Jun-23,VT-VPA/447,77,,6/6/23 13:50,VOMM,6/6/23 15:05,VOMM,1:05,2,5322:14 H,3724 L,failed,Insert failed for log_selection_no VT-VPA/447: No row inserted (conflict or duplicate)
Journey,VT-VPA,6-Jun-23,VT-VPA/446,77,,6/6/23 12:15,VOMM,6/6/23 13:10,VOMM,0:45,2,5321:09 H,3722 L,failed,Insert failed for log_selection_no VT-VPA/446: No row inserted (conflict or duplicate)
Journey,VT-VPA,6-Jun-23,VT-VPA/445,77,,6/6/23 11:05,VOMM,6/6/23 12:10,VOMM,0:55,2,5320:24 H,3720 L,failed,Insert failed for log_selection_no VT-VPA/445: No row inserted (conflict or duplicate)
Journey,VT-VPA,5-Jun-23,VT-VPA/443,76,,6/5/23 9:20,VOMM,6/5/23 11:45,VAAH,2:10,1,5317:19 H,3717 L,failed,Insert failed for log_selection_no VT-VPA/443: No row inserted (conflict or duplicate)
Journey,VT-VPA,4-Jun-23,VT-VPA/441,75,,6/4/23 7:35,VANP,6/4/23 8:40,VOHY,0:55,1,5314:14 H,3715 L,failed,"Insert failed for log_selection_no VT-VPA/441: Missing references (aircraft VT-VPA, departure VANP, arrival VOHY)"
Journey,VT-VPA,4-Jun-23,VT-VPA/440,75,,6/4/23 6:05,VOHY,6/4/23 7:05,VANP,0:50,1,5313:19 H,3714 L,failed,"Insert failed for log_selection_no VT-VPA/440: Missing references (aircraft VT-VPA, departure VOHY, arrival VANP)"
Journey,VT-VPA,4-Jun-23,VT-VPA/439,75,,6/4/23 4:45,VOMM,6/4/23 6:00,VOHY,0:55,1,5312:29 H,3713 L,failed,Insert failed for log_selection_no VT-VPA/439: No row inserted (conflict or duplicate)
Journey,VT-VPA,3-Jun-23,VT-VPA/437,74,,6/3/23 9:30,VOMM,6/3/23 10:15,VOBG,0:30,1,5310:59 H,3711 L,failed,Insert failed for log_selection_no VT-VPA/437: No row inserted (conflict or duplicate)
Journey,VT-VPA,3-Jun-23,VT-VPA/436,74,,6/3/23 8:05,VOMM,6/3/23 8:45,VOMM,0:24,3,5310:29 H,3710 L,failed,Insert failed for log_selection_no VT-VPA/436: No row inserted (conflict or duplicate)
Journey,VT-VPA,29-May-23,VT-VPA/431,70,,5/29/23 1:45,VOMM,5/29/23 4:15,VAAH,2:08,1,5306:35 H,3704 L,failed,Insert failed for log_selection_no VT-VPA/431: No row inserted (conflict or duplicate)
Journey,VT-VPA,29-May-23,VT-VPA/430,69,,5/29/23 1:30,VOMM,5/29/23 1:40,VOMM,0:00,0,5304:27 H,3703 L,failed,Insert failed for log_selection_no VT-VPA/430: No row inserted (conflict or duplicate)
Journey,VT-VPA,27-May-23,VT-VPA/429,68,,5/27/23 11:30,vosm,5/27/23 12:35,VOMM,0:35,1,5304:27 H,3703 L,failed,"Insert failed for log_selection_no VT-VPA/429: Missing references (aircraft VT-VPA, departure vosm, arrival VOMM)"
Journey,VT-VPA,27-May-23,VT-VPA/428,68,,5/27/23 4:15,VOMM,5/27/23 5:15,vosm,0:38,1,5303:52 H,3702 L,failed,"Insert failed for log_selection_no VT-VPA/428: Missing references (aircraft VT-VPA, departure VOMM, arrival vosm)"
Journey,VT-VPA,9-May-23,VT-VPA/424,65,,5/9/23 4:10,VICG,5/9/23 5:20,VIDP,0:46,1,5299:52 H,3699 L,failed,"Insert failed for log_selection_no VT-VPA/424: Missing references (aircraft VT-VPA, departure VICG, arrival VIDP)"
Journey,VT-VPA,8-May-23,VT-VPA/423,64,,5/8/23 11:55,VIDP,5/8/23 13:10,VICG,0:55,1,5299:06 H,3698 L,failed,"Insert failed for log_selection_no VT-VPA/423: Missing references (aircraft VT-VPA, departure VIDP, arrival VICG)"
Journey,VT-VPA,7-May-23,VT-VPA/420,63,,5/7/23 5:55,VOMM,5/7/23 6:45,VOBG,0:34,1,5294:56 H,3695 L,failed,Insert failed for log_selection_no VT-VPA/420: No row inserted (conflict or duplicate)
Journey,VT-VPA,7-May-23,VT-VPA/419,62,,5/7/23 4:40,VOMM,5/7/23 4:50,VOMM,0:00,0,5294:22 H,3694 L,failed,Insert failed for log_selection_no VT-VPA/419: No row inserted (conflict or duplicate)
Journey,VT-VPA,25-Mar-23,VT-VPA/416,59,,3/25/23 5:20,VAJB,3/25/23 6:30,VAID,0:53,1,5292:04 H,3692 L,failed,"Insert failed for log_selection_no VT-VPA/416: Missing references (aircraft VT-VPA, departure VAJB, arrival VAID)"
Journey,VT-VPA,23-Mar-23,VT-VPA/415,28,,3/23/23 12:00,VOBG,3/23/23 14:05,VAJB,1:42,1,5291:11 H,3691 L,failed,"Insert failed for log_selection_no VT-VPA/415: Missing references (aircraft VT-VPA, departure VOBG, arrival VAJB)"
Journey,VT-VPA,13-Mar-23,VT-VPA/413,57,,3/13/23 9:55,VOTP,3/13/23 10:40,VOMM,0:19,1,5288:54 H,3689 L,success,
Journey,VT-VPA,12-Mar-23,VT-VPA/412,56,,3/12/23 13:00,VOMM,3/12/23 14:15,VOTP,0:29,1,5288:35 H,3688 L,success,
Journey,VT-VPA,5-Mar-23,VT-VPA/408,53,,3/5/23 6:30,VOMM,3/5/23 9:05,VAAH,2:08,1,5281:35 H,3684 L,failed,Insert failed for log_selection_no VT-VPA/408: No row inserted (conflict or duplicate)
Journey,VT-VPA,5-Mar-23,VT-VPA/407,52,,3/5/23 3:55,VABB,3/5/23 5:55,VOMM,1:37,1,5279:27 H,3683 L,failed,Insert failed for log_selection_no VT-VPA/407: No row inserted (conflict or duplicate)
Journey,VT-VPA,18-Feb-23,VT-VPA/400,46,,2/18/23 7:15,VOMM,2/18/23 9:40,VAAH,2:05,1,5266:26 H,3676 L,failed,Insert failed for log_selection_no VT-VPA/400: No row inserted (conflict or duplicate)
Journey,VT-VPA,18-Feb-23,VT-VPA/399,45,,2/18/23 4:10,VAAH,2/18/23 6:40,VOMM,2:07,1,5264:21 H,3675 L,failed,Insert failed for log_selection_no VT-VPA/399: No row inserted (conflict or duplicate)
Journey,VT-VPA,15-Feb-23,VT-VPA/396,43,,2/15/23 7:20,VOMM,2/15/23 10:15,VAAH,2:23,1,5261:09 H,3672 L,failed,Insert failed for log_selection_no VT-VPA/396: No row inserted (conflict or duplicate)
Journey,VT-VPA,11-Feb-23,VT-VPA/395,42,,2/11/23 7:05,VIUT,2/11/23 10:10,VOMM,2:45,1,5258:46 H,3671 L,failed,"Insert failed for log_selection_no VT-VPA/395: Missing references (aircraft VT-VPA, departure VIUT, arrival VOMM)"
Journey,VT-VPA,11-Feb-23,VT-VPA/394,42,,2/11/23 3:00,VOMM,2/11/23 6:05,VIUT,2:38,1,5256:01 H,3670 L,failed,"Insert failed for log_selection_no VT-VPA/394: Missing references (aircraft VT-VPA, departure VOMM, arrival VIUT)"
Journey,VT-VPA,2-Feb-23,VT-VPA/392,41,,2/2/23 12:20,VOHY,2/2/23 12:50,vohs,0:16,1,5252:29 H,3668 L,failed,Insert failed for log_selection_no VT-VPA/392: No row inserted (conflict or duplicate)
Journey,VT-VPA,2-Feb-23,VT-VPA/391,41,,2/2/23 8:45,VIDN,2/2/23 11:00,VOHY,2:02,1,5252:13 H,3667 L,failed,Insert failed for log_selection_no VT-VPA/391: No row inserted (conflict or duplicate)
Journey,VT-VPA,2-Feb-23,VT-VPA/390,41,,2/2/23 4:35,VOMM,2/2/23 8:00,VIDN,2:59,1,5250:11 H,3666 L,failed,Insert failed for log_selection_no VT-VPA/390: No row inserted (conflict or duplicate)
Journey,VT-VPA,1-Feb-23,VT-VPA/388,40,,2/1/23 1:20,VOMM,2/1/23 3:40,VABB,1:53,1,5245:41 H,3664 L,failed,Insert failed for log_selection_no VT-VPA/388: No row inserted (conflict or duplicate)
Journey,VT-VPA,31-Jan-23,VT-VPA/386,39,,1/31/23 2:05,VOMM,1/31/23 3:00,VOBG,0:32,1,5242:36 H,3662 L,failed,Insert failed for log_selection_no VT-VPA/386: No row inserted (conflict or duplicate)
Journey,VT-VPA,26-Jan-23,VT-VPA/384,38,,1/26/23 1:55,VOBG,1/26/23 3:25,VAPO,1:08,1,5240:30 H,3660 L,failed,Insert failed for log_selection_no VT-VPA/384: No row inserted (conflict or duplicate)
Journey,VT-VPA,23-Jan-23,VT-VPA/381,36,,1/23/23 2:25,VOMM,1/23/23 4:50,VECC,1:50,1,5236:35 H,3657 L,failed,Insert failed for log_selection_no VT-VPA/381: No row inserted (conflict or duplicate)
Journey,VT-VPA,2-Jan-23,VT-VPA/376,23,,1/2/23 6:15,VAAH,1/2/23 7:00,VAUD,0:30,1,5230:54 H,3653 L,failed,Insert failed for log_selection_no VT-VPA/376: No row inserted (conflict or duplicate)
Journey,VT-VPA,VOID,VT-VPA/372,28,,VOID,VOID,VOID,VOID,VOID,0,5227:33 H,3650 L,failed,Insert failed for log_selection_no VT-VPA/372: Invalid flight date
Journey,VT-VPA,15-Dec-22,VT-VPA/371,27,,12/15/22 9:05,vocp,12/15/22 10:00,VOMM,0:33,1,5227:33 H,3650 L,failed,"Insert failed for log_selection_no VT-VPA/371: Missing references (aircraft VT-VPA, departure vocp, arrival VOMM)"
Journey,VT-VPA,15-Dec-22,VT-VPA/370,27,,12/15/22 6:00,VOMM,12/15/22 7:00,vocp,0:30,1,5227:00 H,3649 L,failed,"Insert failed for log_selection_no VT-VPA/370: Missing references (aircraft VT-VPA, departure VOMM, arrival vocp)"
Journey,VT-VPA,12-Dec-22,VT-VPA/368,26,,12/12/22 0:50,VOMM,12/12/22 3:10,VECC,1:54,1,5224:28 H,3647 L,failed,Insert failed for log_selection_no VT-VPA/368: No row inserted (conflict or duplicate)
Journey,VT-VPA,10-Dec-22,VT-VPA/366,25,,12/10/22 9:05,VOMM,12/10/22 10:15,VOHY,0:52,1,5221:37 H,3645 L,failed,Insert failed for log_selection_no VT-VPA/366: No row inserted (conflict or duplicate)
Journey,VT-VPA,3-Dec-22,VT-VPA/364,23,,12/3/22 13:10,VOMD,12/3/22 14:10,VOMM,0:45,1,5220:45 H,3644 L,failed,"Insert failed for log_selection_no VT-VPA/364: Missing references (aircraft VT-VPA, departure VOMD, arrival VOMM)"
Journey,VT-VPA,3-Dec-22,VT-VPA/363,23,,12/3/22 12:10,VOCB,12/3/22 12:55,VOMD,0:28,1,5220:00 H,3643 L,failed,"Insert failed for log_selection_no VT-VPA/363: Missing references (aircraft VT-VPA, departure VOCB, arrival VOMD)"
Journey,VT-VPA,3-Dec-22,VT-VPA/362,23,,12/3/22 10:30,VOMM,12/3/22 11:40,VOCB,0:51,1,5219:32 H,3642 L,success,
Journey,VT-VPA,2-Dec-22,VT-VPA/360,22,,12/2/22 3:50,vabv,12/2/22 5:00,VABB,0:52,1,5217:06 H,3640 L,failed,"Insert failed for log_selection_no VT-VPA/360: Missing references (aircraft VT-VPA, departure vabv, arrival VABB)"
Journey,VT-VPA,2-Dec-22,VT-VPA/359,22,,12/2/22 1:20,VOMM,12/2/22 3:35,vabv,1:57,1,5216:14 H,3639 L,failed,"Insert failed for log_selection_no VT-VPA/359: Missing references (aircraft VT-VPA, departure VOMM, arrival vabv)"
Journey,VT-VPA,25-Nov-22,VT-VPA/357,21,,11/25/22 2:40,VOMM,11/25/22 5:40,VIDP,2:28,1,5211:52 H,3637 L,failed,Insert failed for log_selection_no VT-VPA/357: No row inserted (conflict or duplicate)
Journey,VT-VPA,24-Nov-22,VT-VPA/355,20,,11/24/22 1:15,VOMM,11/24/22 3:35,VECC,1:58,1,5207:18 H,3635 L,failed,Insert failed for log_selection_no VT-VPA/355: No row inserted (conflict or duplicate)
Journey,VT-VPA,22-Nov-22,VT-VPA/354,19,,11/22/22 8:15,VIJO,11/22/22 11:00,VOMM,2:19,1,5205:20 H,3634 L,failed,"Insert failed for log_selection_no VT-VPA/354: Missing references (aircraft VT-VPA, departure VIJO, arrival VOMM)"
Journey,VT-VPA,22-Nov-22,VT-VPA/353,19,,11/22/22 1:35,VOMM,11/22/22 4:35,VIJO,2:32,1,5203:01 H,3633 L,failed,"Insert failed for log_selection_no VT-VPA/353: Missing references (aircraft VT-VPA, departure VOMM, arrival VIJO)"
Journey,VT-VPA,12-Nov-22,VT-VPA/351,18,,11/12/22 17:50,VIDP,11/12/22 19:50,VABB,1:43,1,5198:52 H,3631 L,failed,Insert failed for log_selection_no VT-VPA/351: No row inserted (conflict or duplicate)
Journey,VT-VPA,10-Nov-22,VT-VPA/348,16,,11/10/22 2:20,VOMM,11/10/22 4:25,VABB,1:36,1,5193:20 H,3628 L,failed,Insert failed for log_selection_no VT-VPA/348: No row inserted (conflict or duplicate)
Journey,VT-VPA,7-Nov-22,VT-VPA/346,15,,11/7/22 8:00,VOMM,11/7/22 11:00,VIDP,2:31,1,5189:09 H,3626 L,failed,Insert failed for log_selection_no VT-VPA/346: No row inserted (conflict or duplicate)
Journey,VT-VPA,5-Nov-22,VT-VPA/343,13,,11/5/22 3:50,VOMM,11/5/22 5:50,VABB,1:34,1,5183:27 H,3623 L,failed,Insert failed for log_selection_no VT-VPA/343: No row inserted (conflict or duplicate)
Journey,VT-VPA,28-Oct-22,VT-VPA/341,12,,10/28/22 1:20,VOMM,10/28/22 4:20,VIDP,2:29,1,5179:25 H,3621 L,failed,Insert failed for log_selection_no VT-VPA/341: No row inserted (conflict or duplicate)
Journey,VT-VPA,12-Oct-22,VT-VPA/339,10,,10/12/22 7:40,VIAG,10/12/22 10:45,VOMM,2:32,1,5176:56 H,3620 L,failed,"Insert failed for log_selection_no VT-VPA/339: Missing references (aircraft VT-VPA, departure VIAG, arrival VOMM)"
Journey,VT-VPA,12-Oct-22,VT-VPA/338,10,,10/12/22 4:40,VIDP,10/12/22 5:40,VIAG,0:33,1,5174:24 H,3619 L,failed,"Insert failed for log_selection_no VT-VPA/338: Missing references (aircraft VT-VPA, departure VIDP, arrival VIAG)"
Journey,VT-VPA,6-Oct-22,VT-VPA/335,9,,10/6/22 3:25,VOMM,10/6/22 5:15,VABB,1:28,1,5169:49 H,3616 L,failed,Insert failed for log_selection_no VT-VPA/335: No row inserted (conflict or duplicate)
Journey,VT-VPA,2-Sep-22,VT-VPA/332,7,,9/2/22 6:00,VOMM,9/2/22 7:15,vohs,0:56,1,5167:26 H,3614 L,failed,Insert failed for log_selection_no VT-VPA/332: No row inserted (conflict or duplicate)
Journey,VT-VPA,VOID,VT-VPA/330,5,,VOID,VOID,VOID,VOID,VOID,0,5165:45 H,3612 L,failed,Insert failed for log_selection_no VT-VPA/330: Invalid flight date
Journey,VT-VPA,30-Jun-22,VT-VPA/324,190,,6/30/22 11:25,VOCB,6/30/22 13:20,VABB,1:36,1,5163:31 H,3610 L,failed,Insert failed for log_selection_no VT-VPA/324: No row inserted (conflict or duplicate)
Journey,VT-VPA,30-Jun-22,VT-VPA/323,190,,6/30/22 7:40,VICG,6/30/22 11:10,VOCB,3:06,1,5161:55 H,3609 L,failed,"Insert failed for log_selection_no VT-VPA/323: Missing references (aircraft VT-VPA, departure VICG, arrival VOCB)"
Journey,VT-VPA,28-Jun-22,VT-VPA/322,189,,6/28/22 1:50,VOMM,6/28/22 5:00,VICG,2:45,1,5158:49 H,3608 L,failed,"Insert failed for log_selection_no VT-VPA/322: Missing references (aircraft VT-VPA, departure VOMM, arrival VICG)"
Journey,VT-VPA,26-Jun-22,VT-VPA/320,188,,6/26/22 1:20,VOMM,6/26/22 4:30,VIDP,2:47,1,5153:34 H,3606 L,failed,Insert failed for log_selection_no VT-VPA/320: No row inserted (conflict or duplicate)
Journey,VT-VPA,22-Jun-22,VT-VPA/319,187,,6/22/22 15:50,HAL Airport,6/22/22 17:05,VOMM,0:37,1,5150:47 H,3605 L,failed,"Insert failed for log_selection_no VT-VPA/319: Missing references (aircraft VT-VPA, departure HAL Airport, arrival VOMM)"
Journey,VT-VPA,22-Jun-22,VT-VPA/318,187,,6/22/22 11:50,VOMM,6/22/22 12:50,HAL Airport,0:30,1,5150:10 H,3604 L,failed,"Insert failed for log_selection_no VT-VPA/318: Missing references (aircraft VT-VPA, departure VOMM, arrival HAL Airport)"
Journey,VT-VPA,20-Jun-22,VT-VPA/317,186,,6/20/22 12:05,vosm,6/20/22 13:00,VOMM,0:32,1,5149:40 H,3603 L,failed,"Insert failed for log_selection_no VT-VPA/317: Missing references (aircraft VT-VPA, departure vosm, arrival VOMM)"
Journey,VT-VPA,20-Jun-22,VT-VPA/316,186,,6/20/22 10:40,VOHY,6/20/22 11:55,vosm,1:02,1,5149:08 H,3602 L,failed,"Insert failed for log_selection_no VT-VPA/316: Missing references (aircraft VT-VPA, departure VOHY, arrival vosm)"
Journey,VT-VPA,18-Jun-22,VT-VPA/314,185,,6/18/22 11:55,vosm,6/18/22 12:55,VOMM,0:41,1,5147:13 H,3600 L,failed,"Insert failed for log_selection_no VT-VPA/314: Missing references (aircraft VT-VPA, departure vosm, arrival VOMM)"
Journey,VT-VPA,18-Jun-22,VT-VPA/313,185,,6/18/22 10:40,VOMM,6/18/22 11:40,vosm,0:35,1,5146:32 H,3599 L,failed,"Insert failed for log_selection_no VT-VPA/313: Missing references (aircraft VT-VPA, departure VOMM, arrival vosm)"
Journey,VT-VPA,17-Jun-22,VT-VPA/312,184,,6/17/22 10:55,vosm,6/17/22 12:05,VOMM,0:46,1,5145:57 H,3598 L,failed,"Insert failed for log_selection_no VT-VPA/312: Missing references (aircraft VT-VPA, departure vosm, arrival VOMM)"
Journey,VT-VPA,17-Jun-22,VT-VPA/311,184,,6/17/22 8:40,VOMM,6/17/22 9:40,vosm,0:40,1,5145:11 H,3597 L,failed,"Insert failed for log_selection_no VT-VPA/311: Missing references (aircraft VT-VPA, departure VOMM, arrival vosm)"
Journey,VT-VPA,13-Jun-22,VT-VPA/309,183,,6/13/22 1:55,VOMM,6/13/22 4:50,VIDP,2:25,1,5141:56 H,3595 L,failed,Insert failed for log_selection_no VT-VPA/309: No row inserted (conflict or duplicate)
Journey,VT-VPA,11-Jun-22,VT-VPA/307,182,,6/11/22 5:50,VOMM,6/11/22 7:45,VABB,1:33,1,5137:55 H,3593 L,failed,Insert failed for log_selection_no VT-VPA/307: No row inserted (conflict or duplicate)
Journey,VT-VPA,9-Jun-22,VT-VPA/306,181,,6/9/22 6:35,VOTP,6/9/22 7:35,VOMM,0:33,1,5136:22 H,3592 L,success,
Journey,VT-VPA,8-Jun-22,VT-VPA/305,180,,6/8/22 11:25,VAAH,6/8/22 14:00,VOTP,2:14,1,5135:49 H,3591 L,failed,Insert failed for log_selection_no VT-VPA/305: No row inserted (conflict or duplicate)
Journey,VT-VPA,1-Jun-22,VT-VPA/303,179,,6/1/22 8:50,vosm,6/1/22 9:55,VOMM,0:39,1,5131:32 H,3589 L,failed,"Insert failed for log_selection_no VT-VPA/303: Missing references (aircraft VT-VPA, departure vosm, arrival VOMM)"
Journey,VT-VPA,1-Jun-22,VT-VPA/302,179,,6/1/22 7:30,VOMM,6/1/22 8:35,vosm,0:47,1,5130:53 H,3588 L,failed,"Insert failed for log_selection_no VT-VPA/302: Missing references (aircraft VT-VPA, departure VOMM, arrival vosm)"
Journey,VT-VPA,30-May-22,VT-VPA/300,177,,5/30/22 7:00,VIJO,5/30/22 8:10,VIDP,0:51,1,5127:38 H,3586 L,failed,"Insert failed for log_selection_no VT-VPA/300: Missing references (aircraft VT-VPA, departure VIJO, arrival VIDP)"
Journey,VT-VPA,30-May-22,VT-VPA/299,177,,5/30/22 1:40,VOMM,5/30/22 4:20,VIJO,2:15,1,5126:47 H,3585 L,failed,"Insert failed for log_selection_no VT-VPA/299: Missing references (aircraft VT-VPA, departure VOMM, arrival VIJO)"
Journey,VT-VPA,28-May-22,VT-VPA/298,176,,5/28/22 13:00,HAL Airport,5/28/22 14:05,VOMM,0:40,1,5124:32 H,3584 L,failed,"Insert failed for log_selection_no VT-VPA/298: Missing references (aircraft VT-VPA, departure HAL Airport, arrival VOMM)"
Journey,VT-VPA,28-May-22,VT-VPA/297,176,,5/28/22 0:25,VIDP,5/28/22 3:15,HAL Airport,2:29,1,5123:52 H,3583 L,failed,"Insert failed for log_selection_no VT-VPA/297: Missing references (aircraft VT-VPA, departure VIDP, arrival HAL Airport)"
Journey,VT-VPA,9-May-22,VT-VPA/294,173,,5/9/22 3:45,vosm,5/9/22 4:45,VOMM,0:41,1,5118:49 H,3581 L,failed,"Insert failed for log_selection_no VT-VPA/294: Missing references (aircraft VT-VPA, departure vosm, arrival VOMM)"
Journey,VT-VPA,9-May-22,VT-VPA/293,173,,5/9/22 2:25,VOMM,5/9/22 3:25,vosm,0:35,1,5118:08 H,3580 L,failed,"Insert failed for log_selection_no VT-VPA/293: Missing references (aircraft VT-VPA, departure VOMM, arrival vosm)"
Journey,VT-VPA,7-May-22,VT-VPA/291,172,,5/7/22 9:10,VOMM,5/7/22 10:45,VAPO,1:19,1,5116:08 H,3578 L,failed,Insert failed for log_selection_no VT-VPA/291: No row inserted (conflict or duplicate)
Journey,VT-VPA,6-May-22,VT-VPA/290,171,,5/6/22 11:50,vosm,5/6/22 12:50,VOMM,0:34,1,5114:49 H,3577 L,failed,"Insert failed for log_selection_no VT-VPA/290: Missing references (aircraft VT-VPA, departure vosm, arrival VOMM)"
Journey,VT-VPA,6-May-22,VT-VPA/289,171,,5/6/22 10:30,VOMM,5/6/22 11:20,vosm,0:37,1,5114:15 H,3576 L,failed,"Insert failed for log_selection_no VT-VPA/289: Missing references (aircraft VT-VPA, departure VOMM, arrival vosm)"
Journey,VT-VPA,5-May-22,VT-VPA/287,170,,5/5/22 7:45,VOMM,5/5/22 9:35,VAPO,1:25,1,5112:08 H,3574 L,failed,Insert failed for log_selection_no VT-VPA/287: No row inserted (conflict or duplicate)
Journey,VT-VPA,29-Apr-22,VT-VPA/284,167,,4/29/22 12:05,HAL Airport,4/29/22 13:05,VOMM,0:33,1,5107:15 H,3571 L,failed,"Insert failed for log_selection_no VT-VPA/284: Missing references (aircraft VT-VPA, departure HAL Airport, arrival VOMM)"
Journey,VT-VPA,28-Apr-22,VT-VPA/283,166,,4/28/22 11:05,VIDP,4/28/22 14:20,HAL Airport,2:52,1,5106:42 H,3570 L,failed,"Insert failed for log_selection_no VT-VPA/283: Missing references (aircraft VT-VPA, departure VIDP, arrival HAL Airport)"
Journey,VT-VPA,26-Apr-22,VT-VPA/280,164,,4/26/22 1:20,VOMM,4/26/22 3:20,VABB,1:35,1,5099:36 H,3567 L,failed,Insert failed for log_selection_no VT-VPA/280: No row inserted (conflict or duplicate)
Journey,VT-VPA,24-Apr-22,VT-VPA/279,163,,4/24/22 13:00,VOCB,4/24/22 14:00,VOMM,0:42,1,5098:01 H,3566 L,success,
Journey,VT-VPA,24-Apr-22,VT-VPA/278,163,,4/24/22 3:20,VOMM,4/24/22 4:35,VOCB,0:42,1,5097:19 H,3565 L,failed,Insert failed for log_selection_no VT-VPA/278: No row inserted (conflict or duplicate)
Journey,VT-VPA,23-Apr-22,VT-VPA/277,162,,4/23/22 7:00,VOTV,4/23/22 8:25,VOMM,1:01,1,5096:37 H,3564 L,failed,"Insert failed for log_selection_no VT-VPA/277: Missing references (aircraft VT-VPA, departure VOTV, arrival VOMM)"
Journey,VT-VPA,23-Apr-22,VT-VPA/276,162,,4/23/22 3:20,VOMD,4/23/22 4:10,VOTV,0:31,1,5095:36 H,3563 L,failed,"Insert failed for log_selection_no VT-VPA/276: Missing references (aircraft VT-VPA, departure VOMD, arrival VOTV)"
Journey,VT-VPA,22-Apr-22,VT-VPA/275,161,,4/22/22 9:45,VOMM,4/22/22 11:00,VOMD,0:50,1,5095:05 H,3562 L,failed,"Insert failed for log_selection_no VT-VPA/275: Missing references (aircraft VT-VPA, departure VOMM, arrival VOMD)"
Journey,VT-VPA,10-Apr-22,VT-VPA/269,155,,4/10/22 8:00,VOCB,4/10/22 9:10,VOMM,0:44,1,5086:58 H,3557 L,success,
Journey,VT-VPA,10-Apr-22,VT-VPA/268,155,,4/10/22 1:30,VOMM,4/10/22 2:45,VOCB,0:42,1,5086:14 H,3556 L,failed,Insert failed for log_selection_no VT-VPA/268: No row inserted (conflict or duplicate)
Journey,VT-VPA,1-Apr-22,VT-VPA/265,152,,4/1/22 18:55,VOGO,4/1/22 20:30,VOMM,1:11,1,5080:31 H,3553 L,failed,"Insert failed for log_selection_no VT-VPA/265: Missing references (aircraft VT-VPA, departure VOGO, arrival VOMM)"
Journey,VT-VPA,1-Apr-22,VT-VPA/264,152,,4/1/22 17:15,VOMM,4/1/22 18:40,VOGO,1:07,1,5079:20 H,3552 L,failed,"Insert failed for log_selection_no VT-VPA/264: Missing references (aircraft VT-VPA, departure VOMM, arrival VOGO)"
Journey,VT-VPA,31-Mar-22,VT-VPA/263,151,,3/31/22 12:10,VOGO,3/31/22 13:40,VOMM,1:15,1,5078:13 H,3551 L,failed,"Insert failed for log_selection_no VT-VPA/263: Missing references (aircraft VT-VPA, departure VOGO, arrival VOMM)"
Journey,VT-VPA,31-Mar-22,VT-VPA/262,151,,3/31/22 10:35,VOMM,3/31/22 12:00,VOGO,1:05,1,5076:58 H,3550 L,failed,"Insert failed for log_selection_no VT-VPA/262: Missing references (aircraft VT-VPA, departure VOMM, arrival VOGO)"
Journey,VT-VPA,28-Mar-22,VT-VPA/260,150,,3/28/22 2:20,VOMM,3/28/22 3:40,VOHY,0:53,1,5074:58 H,3548 L,failed,Insert failed for log_selection_no VT-VPA/260: No row inserted (conflict or duplicate)
Journey,VT-VPA,24-Mar-22,VT-VPA/257,147,,3/24/22 10:05,VICG,3/24/22 13:20,VOMM,2:47,1,5071:03 H,3545 L,failed,"Insert failed for log_selection_no VT-VPA/257: Missing references (aircraft VT-VPA, departure VICG, arrival VOMM)"
Journey,VT-VPA,24-Mar-22,VT-VPA/256,147,,3/24/22 2:20,VOMM,3/24/22 5:30,VICG,2:45,1,5068:16 H,3544 L,failed,"Insert failed for log_selection_no VT-VPA/256: Missing references (aircraft VT-VPA, departure VOMM, arrival VICG)"
Journey,VT-VPA,22-Mar-22,VT-VPA/255,146,,3/22/22 10:50,HAL Airport,3/22/22 12:05,VOMM,0:45,1,5065:31 H,3543 L,failed,"Insert failed for log_selection_no VT-VPA/255: Missing references (aircraft VT-VPA, departure HAL Airport, arrival VOMM)"
Journey,VT-VPA,22-Mar-22,VT-VPA/254,146,,3/22/22 2:30,VOMM,3/22/22 3:30,HAL Airport,0:35,1,5064:46 H,3542 L,failed,"Insert failed for log_selection_no VT-VPA/254: Missing references (aircraft VT-VPA, departure VOMM, arrival HAL Airport)"
Journey,VT-VPA,20-Mar-22,VT-VPA/253,145,,3/20/22 14:15,VOCB,3/20/22 15:30,VOMM,0:46,1,5064:11 H,3541 L,failed,Insert failed for log_selection_no VT-VPA/253: No row inserted (conflict or duplicate)
Journey,VT-VPA,20-Mar-22,VT-VPA/252,145,,3/20/22 11:10,VOMM,3/20/22 12:15,VOCB,0:42,1,5063:25 H,3540 L,failed,Insert failed for log_selection_no VT-VPA/252: No row inserted (conflict or duplicate)
Journey,VT-VPA,20-Mar-22,VT-VPA/250,144,,3/20/22 6:05,VOCB,3/20/22 7:35,VOHY,1:08,1,5061:49 H,3538 L,failed,Insert failed for log_selection_no VT-VPA/250: No row inserted (conflict or duplicate)
Journey,VT-VPA,19-Mar-22,VT-VPA/249,143,,3/19/22 13:10,VOMD,3/19/22 13:50,VOCB,0:29,1,5060:41 H,3537 L,failed,"Insert failed for log_selection_no VT-VPA/249: Missing references (aircraft VT-VPA, departure VOMD, arrival VOCB)"
Journey,VT-VPA,19-Mar-22,VT-VPA/248,143,,3/19/22 8:35,VOMM,3/19/22 9:45,VOMD,0:44,1,5060:12 H,3536 L,failed,"Insert failed for log_selection_no VT-VPA/248: Missing references (aircraft VT-VPA, departure VOMM, arrival VOMD)"
Journey,VT-VPA,4-Mar-22,VT-VPA/247,142,,3/4/22 8:20,VOMD,3/4/22 9:35,VOMM,0:48,1,5059:28 H,3535 L,failed,"Insert failed for log_selection_no VT-VPA/247: Missing references (aircraft VT-VPA, departure VOMD, arrival VOMM)"
Journey,VT-VPA,4-Mar-22,VT-VPA/246,142,,3/4/22 4:00,VOMM,3/4/22 5:15,VOMD,0:48,1,5058:40 H,3534 L,failed,"Insert failed for log_selection_no VT-VPA/246: Missing references (aircraft VT-VPA, departure VOMM, arrival VOMD)"
Journey,VT-VPA,3-Mar-22,VT-VPA/245,141,,3/3/22 12:05,vosm,3/3/22 12:55,VOMM,0:34,1,5057:52 H,3533 L,failed,"Insert failed for log_selection_no VT-VPA/245: Missing references (aircraft VT-VPA, departure vosm, arrival VOMM)"
Journey,VT-VPA,3-Mar-22,VT-VPA/244,141,,3/3/22 10:30,VOMM,3/3/22 11:40,vosm,0:37,1,5057:18 H,3532 L,failed,"Insert failed for log_selection_no VT-VPA/244: Missing references (aircraft VT-VPA, departure VOMM, arrival vosm)"
Journey,VT-VPA,2-Mar-22,VT-VPA/242,140,,3/2/22 11:25,VOMM,3/2/22 12:40,vohs,0:52,1,5055:41 H,3530 L,failed,Insert failed for log_selection_no VT-VPA/242: No row inserted (conflict or duplicate)
Journey,VT-VPA,1-Mar-22,VT-VPA/240,139,,3/1/22 10:35,VOMM,3/1/22 12:25,VEBS,1:30,1,5053:13 H,3528 L,failed,Insert failed for log_selection_no VT-VPA/240: No row inserted (conflict or duplicate)
Journey,VT-VPA,23-Feb-22,VT-VPA/239,138,,2/23/22 11:15,HAL Airport,2/23/22 12:20,VOMM,0:35,1,5051:43 H,3527 L,failed,"Insert failed for log_selection_no VT-VPA/239: Missing references (aircraft VT-VPA, departure HAL Airport, arrival VOMM)"
Journey,VT-VPA,23-Feb-22,VT-VPA/238,137,,2/23/22 10:15,VOMM,2/23/22 11:05,HAL Airport,0:34,1,5051:08 H,3526 L,failed,"Insert failed for log_selection_no VT-VPA/238: Missing references (aircraft VT-VPA, departure VOMM, arrival HAL Airport)"
Journey,VT-VPA,23-Feb-22,VT-VPA/236,137,,2/23/22 4:10,VOMM,2/23/22 6:00,VEBS,1:28,1,5048:59 H,3524 L,failed,Insert failed for log_selection_no VT-VPA/236: No row inserted (conflict or duplicate)
Journey,VT-VPA,22-Feb-22,VT-VPA/235,136,,2/22/22 11:25,VOCI,2/22/22 12:40,VOMM,0:58,1,5047:31 H,3523 L,failed,"Insert failed for log_selection_no VT-VPA/235: Missing references (aircraft VT-VPA, departure VOCI, arrival VOMM)"
Journey,VT-VPA,22-Feb-22,VT-VPA/234,136,,2/22/22 6:05,VOMM,2/22/22 7:25,VOCI,1:02,1,5046:33 H,3522 L,failed,"Insert failed for log_selection_no VT-VPA/234: Missing references (aircraft VT-VPA, departure VOMM, arrival VOCI)"
Journey,VT-VPA,18-Feb-22,VT-VPA/233,135,,2/18/22 12:20,VOCB,2/18/22 13:30,VOMM,0:43,1,5045:31 H,3521 L,success,
Journey,VT-VPA,18-Feb-22,VT-VPA/232,135,,2/18/22 10:30,VOMM,2/18/22 11:45,VOCB,0:59,1,5044:48 H,3520 L,failed,Insert failed for log_selection_no VT-VPA/232: No row inserted (conflict or duplicate)
Journey,VT-VPA,17-Feb-22,VT-VPA/231,134,,2/17/22 15:05,VOCB,2/17/22 16:30,VOMM,0:46,1,5043:49 H,3519 L,success,
Journey,VT-VPA,17-Feb-22,VT-VPA/230,133,,2/17/22 11:40,VECC,2/17/22 14:30,VOCB,2:25,1,5043:03 H,3518 L,failed,Insert failed for log_selection_no VT-VPA/230: No row inserted (conflict or duplicate)
Journey,VT-VPA,17-Feb-22,VT-VPA/229,133,,2/17/22 8:25,HAL Airport,2/17/22 10:55,VECC,2:02,1,5040:38 H,3517 L,failed,"Insert failed for log_selection_no VT-VPA/229: Missing references (aircraft VT-VPA, departure HAL Airport, arrival VECC)"
Journey,VT-VPA,17-Feb-22,VT-VPA/228,133,,2/17/22 6:50,VOMM,2/17/22 7:50,HAL Airport,0:36,1,5038:36 H,3516 L,failed,"Insert failed for log_selection_no VT-VPA/228: Missing references (aircraft VT-VPA, departure VOMM, arrival HAL Airport)"
Journey,VT-VPA,15-Feb-22,VT-VPA/227,132,,2/15/22 5:10,HAL Airport,2/15/22 6:10,VOMM,0:32,1,5038:00 H,3515 L,failed,"Insert failed for log_selection_no VT-VPA/227: Missing references (aircraft VT-VPA, departure HAL Airport, arrival VOMM)"
Journey,VT-VPA,15-Feb-22,VT-VPA/226,132,,2/15/22 2:50,VOMM,2/15/22 3:50,HAL Airport,0:35,1,5037:28 H,3514 L,failed,"Insert failed for log_selection_no VT-VPA/226: Missing references (aircraft VT-VPA, departure VOMM, arrival HAL Airport)"
Journey,VT-VPA,14-Feb-22,VT-VPA/225,131,,2/14/22 6:45,HAL Airport,2/14/22 7:45,VOMM,0:33,1,5036:53 H,3513 L,failed,"Insert failed for log_selection_no VT-VPA/225: Missing references (aircraft VT-VPA, departure HAL Airport, arrival VOMM)"
Journey,VT-VPA,13-Feb-22,VT-VPA/224,130,,2/13/22 14:35,VOTV,2/13/22 15:45,HAL Airport,0:53,1,5036:20 H,3512 L,failed,"Insert failed for log_selection_no VT-VPA/224: Missing references (aircraft VT-VPA, departure VOTV, arrival HAL Airport)"
Journey,VT-VPA,13-Feb-22,VT-VPA/223,130,,2/13/22 12:40,VOMM,2/13/22 14:15,VOTV,1:01,1,5035:27 H,3511 L,failed,"Insert failed for log_selection_no VT-VPA/223: Missing references (aircraft VT-VPA, departure VOMM, arrival VOTV)"
Journey,VT-VPA,12-Feb-22,VT-VPA/221,129,,2/12/22 1:35,VOMM,2/12/22 4:45,VIDP,2:35,1,5032:02 H,3509 L,failed,Insert failed for log_selection_no VT-VPA/221: No row inserted (conflict or duplicate)
Journey,VT-VPA,10-Feb-22,VT-VPA/219,128,,2/10/22 2:20,VOMM,2/10/22 4:25,VABB,1:33,1,5027:58 H,3507 L,failed,Insert failed for log_selection_no VT-VPA/219: No row inserted (conflict or duplicate)
Journey,VT-VPA,8-Feb-22,VT-VPA/218,127,,2/8/22 15:15,VOTR,2/8/22 16:10,VOMM,0:41,1,5026:25 H,3506 L,success,
Journey,VT-VPA,8-Feb-22,VT-VPA/217,127,,2/8/22 13:45,VOMM,2/8/22 15:00,VOTR,0:40,1,5025:44 H,3505 L,failed,Insert failed for log_selection_no VT-VPA/217: No row inserted (conflict or duplicate)
Journey,VT-VPA,1-Feb-22,VT-VPA/215,126,,2/1/22 2:25,VOMM,2/1/22 6:05,VIDP,3:07,1,5022:44 H,3503 L,failed,Insert failed for log_selection_no VT-VPA/215: No row inserted (conflict or duplicate)
Journey,VT-VPA,30-Jan-22,VT-VPA/213,125,,1/30/22 3:15,VOMM,1/30/22 5:20,VABB,1:32,1,5018:08 H,3501 L,failed,Insert failed for log_selection_no VT-VPA/213: No row inserted (conflict or duplicate)
Journey,VT-VPA,22-Jan-22,VT-VPA/210,122,,1/22/22 12:40,HAL Airport,1/22/22 13:40,VOMM,0:36,1,5012:22 H,3498 L,failed,"Insert failed for log_selection_no VT-VPA/210: Missing references (aircraft VT-VPA, departure HAL Airport, arrival VOMM)"
Journey,VT-VPA,22-Jan-22,VT-VPA/209,122,,1/22/22 5:35,VOMM,1/22/22 6:40,HAL Airport,0:36,1,5011:46 H,3497 L,failed,"Insert failed for log_selection_no VT-VPA/209: Missing references (aircraft VT-VPA, departure VOMM, arrival HAL Airport)"
Journey,VT-VPA,21-Jan-22,VT-VPA/207,121,,1/21/22 7:25,VIDP,1/21/22 8:35,VIJP,0:44,1,5009:03 H,3495 L,failed,Insert failed for log_selection_no VT-VPA/207: No row inserted (conflict or duplicate)
Journey,VT-VPA,19-Jan-22,VT-VPA/205,120,,1/19/22 4:15,VOMM,1/19/22 6:15,VABB,1:35,1,5006:31 H,3493 L,failed,Insert failed for log_selection_no VT-VPA/205: No row inserted (conflict or duplicate)
Journey,VT-VPA,18-Jan-22,VT-VPA/204,119,,1/18/22 11:40,VOGO,1/18/22 13:20,VOMM,1:24,1,5004:56 H,3492 L,failed,"Insert failed for log_selection_no VT-VPA/204: Missing references (aircraft VT-VPA, departure VOGO, arrival VOMM)"
Journey,VT-VPA,18-Jan-22,VT-VPA/203,119,,1/18/22 9:35,VOMM,1/18/22 11:25,VOGO,1:27,1,5003:32 H,3491 L,failed,"Insert failed for log_selection_no VT-VPA/203: Missing references (aircraft VT-VPA, departure VOMM, arrival VOGO)"
Journey,VT-VPA,13-Jan-22,VT-VPA/199,116,,1/13/22 3:00,VOMM,1/13/22 5:20,VAAH,1:45,1,4995:58 H,3487 L,failed,Insert failed for log_selection_no VT-VPA/199: No row inserted (conflict or duplicate)
Journey,VT-VPA,3-Jan-22,VT-VPA/197,115,,1/3/22 10:45,VOMM,1/3/22 13:55,VIDP,2:36,1,4991:49 H,3485 L,failed,Insert failed for log_selection_no VT-VPA/197: No row inserted (conflict or duplicate)
Journey,VT-VPA,2-Jan-22,VT-VPA/195,114,,1/2/22 9:25,VICG,1/2/22 10:25,VIDP,0:36,1,4986:51 H,3483 L,failed,"Insert failed for log_selection_no VT-VPA/195: Missing references (aircraft VT-VPA, departure VICG, arrival VIDP)"
Journey,VT-VPA,1-Jan-22,VT-VPA/194,113,,1/1/22 6:45,VOMD,1/1/22 10:30,VICG,3:13,1,4986:15 H,3482 L,failed,"Insert failed for log_selection_no VT-VPA/194: Missing references (aircraft VT-VPA, departure VOMD, arrival VICG)"
Journey,VT-VPA,31-Dec-21,VT-VPA/193,112,,12/31/21 9:30,VIDP,12/31/21 13:00,VOMD,3:01,1,4983:02 H,3481 L,failed,"Insert failed for log_selection_no VT-VPA/193: Missing references (aircraft VT-VPA, departure VIDP, arrival VOMD)"
Journey,VT-VPA,31-Dec-21,VT-VPA/192,112,,12/31/21 6:15,VICG,12/31/21 8:50,VIDP,2:07,1,4980:01 H,3480 L,failed,"Insert failed for log_selection_no VT-VPA/192: Missing references (aircraft VT-VPA, departure VICG, arrival VIDP)"
Journey,VT-VPA,29-Dec-21,VT-VPA/191,111,,12/29/21 2:50,VOMM,12/29/21 6:30,VICG,2:53,1,4977:54 H,3479 L,failed,"Insert failed for log_selection_no VT-VPA/191: Missing references (aircraft VT-VPA, departure VOMM, arrival VICG)"
Journey,VT-VPA,26-Dec-21,VT-VPA/189,110,,12/26/21 5:40,VOMM,12/26/21 6:55,VOCB,0:42,1,4974:15 H,3477 L,failed,Insert failed for log_selection_no VT-VPA/189: No row inserted (conflict or duplicate)
Journey,VT-VPA,24-Dec-21,VT-VPA/187,109,,12/24/21 1:50,VOMM,12/24/21 4:50,VAAH,2:21,1,4971:36 H,3475 L,failed,Insert failed for log_selection_no VT-VPA/187: No row inserted (conflict or duplicate)
Journey,VT-VPA,19-Dec-21,VT-VPA/184,106,,12/19/21 4:10,VOGO,12/19/21 5:55,VOMM,1:08,1,4964:03 H,3472 L,failed,"Insert failed for log_selection_no VT-VPA/184: Missing references (aircraft VT-VPA, departure VOGO, arrival VOMM)"
Journey,VT-VPA,19-Dec-21,VT-VPA/183,106,,12/19/21 1:50,VOMM,12/19/21 3:30,VOGO,1:15,1,4962:55 H,3471 L,failed,"Insert failed for log_selection_no VT-VPA/183: Missing references (aircraft VT-VPA, departure VOMM, arrival VOGO)"
Journey,VT-VPA,16-Dec-21,VT-VPA/182,105,,12/16/21 14:35,VOGO,12/16/21 16:05,VOMM,1:05,1,4961:40 H,3470 L,failed,"Insert failed for log_selection_no VT-VPA/182: Missing references (aircraft VT-VPA, departure VOGO, arrival VOMM)"
Journey,VT-VPA,16-Dec-21,VT-VPA/181,105,,12/16/21 12:25,VOMM,12/16/21 14:15,VOGO,1:15,1,4960:35 H,3469 L,failed,"Insert failed for log_selection_no VT-VPA/181: Missing references (aircraft VT-VPA, departure VOMM, arrival VOGO)"
Journey,VT-VPA,15-Dec-21,VT-VPA/179,104,,12/15/21 2:45,VOMM,12/15/21 5:50,VIDP,2:28,1,4956:51 H,3467 L,failed,Insert failed for log_selection_no VT-VPA/179: No row inserted (conflict or duplicate)
Journey,VT-VPA,5-Dec-21,VT-VPA/178,103,,12/5/21 11:35,VOGO,12/5/21 13:00,VOMM,1:08,1,4954:23 H,3466 L,failed,"Insert failed for log_selection_no VT-VPA/178: Missing references (aircraft VT-VPA, departure VOGO, arrival VOMM)"
Journey,VT-VPA,5-Dec-21,VT-VPA/177,103,,12/5/21 10:00,VABB,12/5/21 11:15,VOGO,0:48,1,4953:15 H,3465 L,failed,"Insert failed for log_selection_no VT-VPA/177: Missing references (aircraft VT-VPA, departure VABB, arrival VOGO)"
Journey,VT-VPA,4-Dec-21,VT-VPA/174,101,,12/4/21 2:25,VABB,12/4/21 4:35,VOMM,1:35,1,4950:55 H,3463 L,failed,Insert failed for log_selection_no VT-VPA/174: No row inserted (conflict or duplicate)
Journey,VT-VPA,2-Dec-21,VT-VPA/173,100,,12/2/21 9:00,VEAT,12/2/21 12:25,VABB,3:02,1,4949:20 H,3462 L,failed,"Insert failed for log_selection_no VT-VPA/173: Missing references (aircraft VT-VPA, departure VEAT, arrival VABB)"
Journey,VT-VPA,2-Dec-21,VT-VPA/172,100,,12/2/21 2:20,VOMM,12/2/21 5:20,VEAT,2:20,1,4946:18 H,3461 L,failed,"Insert failed for log_selection_no VT-VPA/172: Missing references (aircraft VT-VPA, departure VOMM, arrival VEAT)"
Journey,VT-VPA,30-Nov-21,VT-VPA/171,99,,11/30/21 3:35,HAL Airport,11/30/21 4:45,VOMM,0:35,1,4943:58 H,3460 L,failed,"Insert failed for log_selection_no VT-VPA/171: Missing references (aircraft VT-VPA, departure HAL Airport, arrival VOMM)"
Journey,VT-VPA,29-Nov-21,VT-VPA/170,98,,11/29/21 9:05,VOMM,11/29/21 10:05,HAL Airport,0:37,1,4943:23 H,3459 L,failed,"Insert failed for log_selection_no VT-VPA/170: Missing references (aircraft VT-VPA, departure VOMM, arrival HAL Airport)"
Journey,VT-VPA,28-Nov-21,VT-VPA/169,97,,11/28/21 17:10,HAL Airport,11/28/21 18:10,VOMM,0:34,1,4942:46 H,3458 L,failed,"Insert failed for log_selection_no VT-VPA/169: Missing references (aircraft VT-VPA, departure HAL Airport, arrival VOMM)"
Journey,VT-VPA,27-Nov-21,VT-VPA/168,96,,11/27/21 4:25,VOMM,11/27/21 5:25,HAL Airport,0:39,1,4942:12 H,3457 L,failed,"Insert failed for log_selection_no VT-VPA/168: Missing references (aircraft VT-VPA, departure VOMM, arrival HAL Airport)"
Journey,VT-VPA,27-Nov-21,VT-VPA/167,96,,11/27/21 2:15,HAL Airport,11/27/21 3:15,VOMM,0:28,1,4941:33 H,3456 L,failed,"Insert failed for log_selection_no VT-VPA/167: Missing references (aircraft VT-VPA, departure HAL Airport, arrival VOMM)"
Journey,VT-VPA,26-Nov-21,VT-VPA/166,95,,11/26/21 7:30,HAL Airport,11/26/21 9:50,HAL Airport,1:50,1,4941:05 H,3455 L,failed,"Insert failed for log_selection_no VT-VPA/166: Missing references (aircraft VT-VPA, departure HAL Airport, arrival HAL Airport)"
Journey,VT-VPA,25-Nov-21,VT-VPA/165,94,,11/25/21 15:00,HAL Airport,11/25/21 15:00,HAL Airport,0:00,0,4939:15 H,3454 L,failed,"Insert failed for log_selection_no VT-VPA/165: Missing references (aircraft VT-VPA, departure HAL Airport, arrival HAL Airport)"
Journey,VT-VPA,24-Nov-21,VT-VPA/164,93,,11/24/21 9:00,HAL Airport,11/24/21 9:00,HAL Airport,0:00,0,4939:15 H,3454 L,failed,"Insert failed for log_selection_no VT-VPA/164: Missing references (aircraft VT-VPA, departure HAL Airport, arrival HAL Airport)"
Journey,VT-VPA,22-Nov-21,VT-VPA/163,92,,11/22/21 17:00,HAL Airport,11/22/21 17:00,HAL Airport,0:00,0,4939:15 H,3454 L,failed,"Insert failed for log_selection_no VT-VPA/163: Missing references (aircraft VT-VPA, departure HAL Airport, arrival HAL Airport)"
Journey,VT-VPA,1-Sep-21,VT-VPA/162,91,,MAINT. LOG,MAINT. LOG,MAINT. LOG,MAINT. LOG,0:00,0,4939:15 H,3454 L,failed,"Insert failed for log_selection_no VT-VPA/162: Missing references (aircraft VT-VPA, departure MAINT. LOG, arrival MAINT. LOG)"
Journey,VT-VPA,31-Aug-21,VT-VPA/161,90,,8/31/21 23:59,HAL Airport,8/31/21 23:59,HAL Airport,0:00,0,4939:15 H,3454 L,failed,"Insert failed for log_selection_no VT-VPA/161: Missing references (aircraft VT-VPA, departure HAL Airport, arrival HAL Airport)"
Journey,VT-VPA,10-Aug-21,VT-VPA/160,89,,8/10/21 13:45,VOHY,8/10/21 15:05,HAL Airport,0:53,1,4939:15 H,3454 L,failed,"Insert failed for log_selection_no VT-VPA/160: Missing references (aircraft VT-VPA, departure VOHY, arrival HAL Airport)"
Journey,VT-VPA,10-Aug-21,VT-VPA/158,89,,8/10/21 6:55,HAL Airport,8/10/21 9:55,VIDP,2:34,1,4936:28 H,3452 L,failed,"Insert failed for log_selection_no VT-VPA/158: Missing references (aircraft VT-VPA, departure HAL Airport, arrival VIDP)"
Journey,VT-VPA,9-Aug-21,VT-VPA/157,88,,8/9/21 11:00,VOHY,8/9/21 12:25,HAL Airport,0:54,1,4933:54 H,3451 L,failed,"Insert failed for log_selection_no VT-VPA/157: Missing references (aircraft VT-VPA, departure VOHY, arrival HAL Airport)"
Journey,VT-VPA,7-Aug-21,VT-VPA/154,87,,8/7/21 12:25,VOMM,8/7/21 14:25,VABB,1:35,1,4930:30 H,3448 L,failed,Insert failed for log_selection_no VT-VPA/154: No row inserted (conflict or duplicate)
Journey,VT-VPA,5-Aug-21,VT-VPA/152,86,,8/5/21 5:20,VABB,8/5/21 7:30,VIDP,1:46,1,4926:23 H,3446 L,failed,Insert failed for log_selection_no VT-VPA/152: No row inserted (conflict or duplicate)
Journey,VT-VPA,5-Aug-21,VT-VPA/151,86,,8/5/21 2:35,VOMM,8/5/21 4:50,VABB,1:38,1,4924:37 H,3445 L,failed,Insert failed for log_selection_no VT-VPA/151: No row inserted (conflict or duplicate)
Journey,VT-VPA,4-Aug-21,VT-VPA/150,85,,8/4/21 9:45,vosm,8/4/21 11:00,VOMM,0:40,1,4922:59 H,3444 L,failed,"Insert failed for log_selection_no VT-VPA/150: Missing references (aircraft VT-VPA, departure vosm, arrival VOMM)"
Journey,VT-VPA,4-Aug-21,VT-VPA/149,85,,8/4/21 8:15,VOMM,8/4/21 9:15,vosm,0:39,1,4922:19 H,3443 L,failed,"Insert failed for log_selection_no VT-VPA/149: Missing references (aircraft VT-VPA, departure VOMM, arrival vosm)"
Journey,VT-VPA,2-Aug-21,VT-VPA/146,83,,8/2/21 13:10,VABB,8/2/21 14:25,VAAH,0:51,1,4919:14 H,3440 L,failed,Insert failed for log_selection_no VT-VPA/146: No row inserted (conflict or duplicate)
Journey,VT-VPA,2-Aug-21,VT-VPA/145,83,,8/2/21 10:45,VOMM,8/2/21 12:45,VABB,1:38,1,4918:23 H,3439 L,failed,Insert failed for log_selection_no VT-VPA/145: No row inserted (conflict or duplicate)
Journey,VT-VPA,1-Aug-21,VT-VPA/144,82,,8/1/21 8:55,vosm,8/1/21 9:55,VOMM,0:38,1,4916:45 H,3438 L,failed,"Insert failed for log_selection_no VT-VPA/144: Missing references (aircraft VT-VPA, departure vosm, arrival VOMM)"
Journey,VT-VPA,1-Aug-21,VT-VPA/143,82,,8/1/21 7:25,VOMM,8/1/21 8:40,vosm,0:38,1,4916:07 H,3437 L,failed,"Insert failed for log_selection_no VT-VPA/143: Missing references (aircraft VT-VPA, departure VOMM, arrival vosm)"
Journey,VT-VPA,30-Jul-21,VT-VPA/142,81,,7/30/21 14:20,VERP,7/30/21 16:25,VOMM,1:29,1,4915:29 H,3436 L,success,
Journey,VT-VPA,30-Jul-21,VT-VPA/141,81,,7/30/21 2:40,VOMM,7/30/21 4:40,VERP,1:32,1,4914:00 H,3435 L,failed,Insert failed for log_selection_no VT-VPA/141: No row inserted (conflict or duplicate)
Journey,VT-VPA,26-Jul-21,VT-VPA/136,77,,7/26/21 3:10,VOMM,7/26/21 5:50,VAAH,2:07,1,4904:25 H,3430 L,failed,Insert failed for log_selection_no VT-VPA/136: No row inserted (conflict or duplicate)
Journey,VT-VPA,20-Jul-21,VT-VPA/134,76,,7/20/21 5:45,VOMM,7/20/21 9:00,VIDP,2:38,1,4899:52 H,3428 L,failed,Insert failed for log_selection_no VT-VPA/134: No row inserted (conflict or duplicate)
Journey,VT-VPA,19-Jul-21,VT-VPA/132,75,,7/19/21 8:40,VISR,7/19/21 11:10,VABP,2:10,1,4895:27 H,3426 L,failed,Insert failed for log_selection_no VT-VPA/132: No row inserted (conflict or duplicate)
Journey,VT-VPA,19-Jul-21,VT-VPA/131,75,,7/19/21 7:05,VIAR,7/19/21 8:05,VISR,0:37,1,4893:17 H,3425 L,failed,Insert failed for log_selection_no VT-VPA/131: No row inserted (conflict or duplicate)
Journey,VT-VPA,18-Jul-21,VT-VPA/130,74,,7/18/21 9:30,VISR,7/18/21 10:30,VIAR,0:39,1,4892:40 H,3424 L,failed,Insert failed for log_selection_no VT-VPA/130: No row inserted (conflict or duplicate)
Journey,VT-VPA,17-Jul-21,VT-VPA/127,73,,7/17/21 9:30,VISR,7/17/21 11:10,VIDP,1:13,1,4886:08 H,3421 L,failed,Insert failed for log_selection_no VT-VPA/127: No row inserted (conflict or duplicate)
Journey,VT-VPA,17-Jul-21,VT-VPA/126,73,,7/17/21 3:40,VIDP,7/17/21 5:25,VISR,1:11,1,4884:55 H,3420 L,failed,Insert failed for log_selection_no VT-VPA/126: No row inserted (conflict or duplicate)
Journey,VT-VPA,16-Jul-21,VT-VPA/125,72,,7/16/21 4:05,VOBZ,7/16/21 6:30,VIDP,2:01,1,4883:44 H,3419 L,success,
Journey,VT-VPA,16-Jul-21,VT-VPA/124,72,,7/16/21 2:30,VOMM,7/16/21 3:45,VOBZ,0:54,1,4881:43 H,3418 L,failed,Insert failed for log_selection_no VT-VPA/124: No row inserted (conflict or duplicate)
Journey,VT-VPA,10-Jul-21,VT-VPA/122,71,,7/10/21 11:55,vohs,7/10/21 12:35,VOHY,0:15,1,4879:51 H,3416 L,failed,Insert failed for log_selection_no VT-VPA/122: No row inserted (conflict or duplicate)
Journey,VT-VPA,9-Jul-21,VT-VPA/121,70,,7/9/21 14:05,HAL Airport,7/9/21 15:25,vohs,0:54,1,4879:36 H,3415 L,failed,"Insert failed for log_selection_no VT-VPA/121: Missing references (aircraft VT-VPA, departure HAL Airport, arrival vohs)"
Journey,VT-VPA,9-Jul-21,VT-VPA/120,70,,7/9/21 3:20,VOHY,7/9/21 4:40,HAL Airport,0:58,1,4878:42 H,3414 L,failed,"Insert failed for log_selection_no VT-VPA/120: Missing references (aircraft VT-VPA, departure VOHY, arrival HAL Airport)"
Journey,VT-VPA,6-Jul-21,VT-VPA/116,67,,7/6/21 3:10,VIDP,7/6/21 6:20,VOMM,2:29,1,4872:35 H,3410 L,failed,Insert failed for log_selection_no VT-VPA/116: No row inserted (conflict or duplicate)
Journey,VT-VPA,3-Jul-21,VT-VPA/113,65,,7/3/21 12:30,VOMM,7/3/21 13:40,VOHY,0:54,1,4866:46 H,3407 L,failed,Insert failed for log_selection_no VT-VPA/113: No row inserted (conflict or duplicate)
Journey,VT-VPA,3-Jul-21,VT-VPA/112,64,,7/3/21 3:45,vohs,7/3/21 5:30,VOMM,0:54,1,4865:52 H,3406 L,failed,Insert failed for log_selection_no VT-VPA/112: No row inserted (conflict or duplicate)
Journey,VT-VPA,1-Jul-21,VT-VPA/111,63,,7/1/21 12:05,HAL Airport,7/1/21 13:20,vohs,0:55,1,4864:58 H,3405 L,failed,"Insert failed for log_selection_no VT-VPA/111: Missing references (aircraft VT-VPA, departure HAL Airport, arrival vohs)"
Journey,VT-VPA,1-Jul-21,VT-VPA/110,63,,7/1/21 10:35,VOCB,7/1/21 11:35,HAL Airport,0:56,1,4864:03 H,3404 L,failed,"Insert failed for log_selection_no VT-VPA/110: Missing references (aircraft VT-VPA, departure VOCB, arrival HAL Airport)"
Journey,VT-VPA,1-Jul-21,VT-VPA/109,63,,7/1/21 9:00,VOMM,7/1/21 10:15,VOCB,0:44,1,4863:07 H,3403 L,success,
Journey,VT-VPA,29-Jun-21,VT-VPA/107,62,,6/29/21 9:25,VIDP,6/29/21 11:50,VOHY,1:56,1,4861:30 H,3401 L,failed,Insert failed for log_selection_no VT-VPA/107: No row inserted (conflict or duplicate)
Journey,VT-VPA,27-Jun-21,VT-VPA/105,61,,6/27/21 1:20,VOMM,6/27/21 2:25,vohs,0:48,1,4857:35 H,3399 L,failed,Insert failed for log_selection_no VT-VPA/105: No row inserted (conflict or duplicate)
Journey,VT-VPA,26-Jun-21,VT-VPA/103,60,,6/26/21 2:30,VABB,6/26/21 3:45,VAAH,0:52,1,4854:32 H,3397 L,failed,Insert failed for log_selection_no VT-VPA/103: No row inserted (conflict or duplicate)
Journey,VT-VPA,24-Jun-21,VT-VPA/100,58,,6/24/21 4:55,vohs,6/24/21 7:20,VIDP,2:00,1,4849:48 H,3394 L,failed,Insert failed for log_selection_no VT-VPA/100: No row inserted (conflict or duplicate)
Journey,VT-VPA,24-Jun-21,VT-VPA/99,58,,6/24/21 1:05,VOMM,6/24/21 2:15,vohs,0:51,1,4847:48 H,3393 L,failed,Insert failed for log_selection_no VT-VPA/99: No row inserted (conflict or duplicate)
Journey,VT-VPA,10-Jun-21,VT-VPA/98,57,,6/10/21 8:45,VOCB,6/10/21 9:55,VOMM,0:51,1,4846:57 H,3392 L,success,
Journey,VT-VPA,9-Jun-21,VT-VPA/97,56,,6/9/21 8:45,VOMM,6/9/21 10:10,VOCB,0:51,1,4846:06 H,3391 L,success,
Journey,VT-VPA,8-Jun-21,VT-VPA/96,55,,6/8/21 9:35,VOMD,6/8/21 11:00,VOMM,0:53,1,4845:15 H,3390 L,failed,"Insert failed for log_selection_no VT-VPA/96: Missing references (aircraft VT-VPA, departure VOMD, arrival VOMM)"
Journey,VT-VPA,8-Jun-21,VT-VPA/95,55,,6/8/21 7:10,VOMM,6/8/21 8:10,VOMD,0:45,1,4844:22 H,3389 L,failed,"Insert failed for log_selection_no VT-VPA/95: Missing references (aircraft VT-VPA, departure VOMM, arrival VOMD)"
Journey,VT-VPA,3-Jun-21,VT-VPA/94,54,,6/3/21 6:00,VOMD,6/3/21 7:15,VOMM,0:52,1,4843:37 H,3388 L,failed,"Insert failed for log_selection_no VT-VPA/94: Missing references (aircraft VT-VPA, departure VOMD, arrival VOMM)"
Journey,VT-VPA,3-Jun-21,VT-VPA/93,54,,6/3/21 4:00,VOMM,6/3/21 5:25,VOMD,0:44,1,4842:45 H,3387 L,failed,"Insert failed for log_selection_no VT-VPA/93: Missing references (aircraft VT-VPA, departure VOMM, arrival VOMD)"
Journey,VT-VPA,1-Jun-21,VT-VPA/92,53,,6/1/21 14:10,VABB,6/1/21 16:20,VOMM,1:36,1,4842:01 H,3386 L,failed,Insert failed for log_selection_no VT-VPA/92: No row inserted (conflict or duplicate)
Journey,VT-VPA,1-Jun-21,VT-VPA/91,53,,6/1/21 10:30,vohs,6/1/21 12:00,VABB,1:09,1,4840:25 H,3385 L,failed,Insert failed for log_selection_no VT-VPA/91: No row inserted (conflict or duplicate)
Journey,VT-VPA,1-Jun-21,VT-VPA/90,53,,6/1/21 2:15,VABB,6/1/21 3:45,vohs,1:04,1,4839:16 H,3384 L,failed,Insert failed for log_selection_no VT-VPA/90: No row inserted (conflict or duplicate)
Journey,VT-VPA,24-May-21,VT-VPA/87,51,,5/24/21 5:45,VOMM,5/24/21 7:35,VABB,1:30,1,4835:11 H,3381 L,failed,Insert failed for log_selection_no VT-VPA/87: No row inserted (conflict or duplicate)
Journey,VT-VPA,23-May-21,VT-VPA/86,50,,5/23/21 14:30,VOCB,5/23/21 15:40,VOMM,0:48,1,4833:41 H,3380 L,success,
Journey,VT-VPA,23-May-21,VT-VPA/85,50,,5/23/21 11:15,VOMM,5/23/21 12:15,VOCB,0:42,1,4832:53 H,3379 L,failed,Insert failed for log_selection_no VT-VPA/85: No row inserted (conflict or duplicate)
Journey,VT-VPA,21-May-21,VT-VPA/83,49,,5/21/21 11:00,VOMM,5/21/21 12:35,VOHY,0:54,1,4831:13 H,3377 L,failed,Insert failed for log_selection_no VT-VPA/83: No row inserted (conflict or duplicate)
Journey,VT-VPA,21-May-21,VT-VPA/82,48,,5/21/21 5:25,VOHY,5/21/21 7:00,VOMM,0:54,1,4830:19 H,3376 L,failed,Insert failed for log_selection_no VT-VPA/82: No row inserted (conflict or duplicate)
Journey,VT-VPA,20-May-21,VT-VPA/81,47,,5/20/21 6:25,VOCB,5/20/21 7:55,VOHY,1:09,1,4829:25 H,3375 L,success,
Journey,VT-VPA,20-May-21,VT-VPA/80,47,,5/20/21 5:10,VOMM,5/20/21 6:10,VOCB,0:41,1,4828:16 H,3374 L,failed,Insert failed for log_selection_no VT-VPA/80: No row inserted (conflict or duplicate)
Journey,VT-VPA,17-May-21,VT-VPA/79,46,,5/17/21 12:45,HAL Airport,5/17/21 13:35,VOMM,0:34,1,4827:35 H,3373 L,failed,"Insert failed for log_selection_no VT-VPA/79: Missing references (aircraft VT-VPA, departure HAL Airport, arrival VOMM)"
Journey,VT-VPA,17-May-21,VT-VPA/78,46,,5/17/21 11:20,VOMM,5/17/21 12:35,HAL Airport,0:36,1,4827:01 H,3372 L,failed,"Insert failed for log_selection_no VT-VPA/78: Missing references (aircraft VT-VPA, departure VOMM, arrival HAL Airport)"
Journey,VT-VPA,17-May-21,VT-VPA/77,45,,5/17/21 4:00,HAL Airport,5/17/21 5:20,VOMM,0:36,1,4826:25 H,3371 L,failed,"Insert failed for log_selection_no VT-VPA/77: Missing references (aircraft VT-VPA, departure HAL Airport, arrival VOMM)"
Journey,VT-VPA,17-May-21,VT-VPA/76,45,,5/17/21 2:05,VOMM,5/17/21 2:55,HAL Airport,0:34,1,4825:49 H,3370 L,failed,"Insert failed for log_selection_no VT-VPA/76: Missing references (aircraft VT-VPA, departure VOMM, arrival HAL Airport)"
Journey,VT-VPA,VOID,VT-VPA/75,44,,VOID,VOID,VOID,VOID,VOID,0,4825:15 H,3369 L,failed,Insert failed for log_selection_no VT-VPA/75: Invalid flight date
Journey,VT-VPA,13-Apr-21,VT-VPA/74,43,,4/13/21 7:50,VOTP,4/13/21 8:40,VOMM,0:19,1,4825:15 H,3369 L,success,
Journey,VT-VPA,12-Apr-21,VT-VPA/73,42,,4/12/21 12:45,VOMM,4/12/21 13:50,VOTP,0:30,1,4824:56 H,3368 L,success,
Journey,VT-VPA,10-Apr-21,VT-VPA/72,41,,4/10/21 11:15,VOCI,4/10/21 12:45,VOMM,0:52,1,4824:26 H,3367 L,failed,"Insert failed for log_selection_no VT-VPA/72: Missing references (aircraft VT-VPA, departure VOCI, arrival VOMM)"
Journey,VT-VPA,10-Apr-21,VT-VPA/71,41,,4/10/21 9:15,VOMM,4/10/21 10:50,VOCI,0:53,1,4823:34 H,3366 L,failed,"Insert failed for log_selection_no VT-VPA/71: Missing references (aircraft VT-VPA, departure VOMM, arrival VOCI)"
Journey,VT-VPA,9-Apr-21,VT-VPA/70,40,,4/9/21 17:25,HAL Airport,4/9/21 18:30,VOMM,0:34,1,4822:41 H,3365 L,failed,"Insert failed for log_selection_no VT-VPA/70: Missing references (aircraft VT-VPA, departure HAL Airport, arrival VOMM)"
Journey,VT-VPA,9-Apr-21,VT-VPA/69,40,,4/9/21 8:05,VOMM,4/9/21 9:00,HAL Airport,0:32,1,4822:07 H,3364 L,failed,"Insert failed for log_selection_no VT-VPA/69: Missing references (aircraft VT-VPA, departure VOMM, arrival HAL Airport)"
Journey,VT-VPA,6-Apr-21,VT-VPA/67,38,,4/6/21 12:35,VERP,4/6/21 14:00,VOHY,1:00,1,4820:32 H,3362 L,success,
Journey,VT-VPA,5-Apr-21,VT-VPA/66,37,,4/5/21 12:55,VEBS,4/5/21 14:20,VERP,1:00,1,4819:32 H,3361 L,failed,Insert failed for log_selection_no VT-VPA/66: No row inserted (conflict or duplicate)
Journey,VT-VPA,4-Apr-21,VT-VPA/63,36,,4/4/21 6:35,VOGO,4/4/21 8:05,VOMM,1:08,1,4816:12 H,3358 L,failed,"Insert failed for log_selection_no VT-VPA/63: Missing references (aircraft VT-VPA, departure VOGO, arrival VOMM)"
Journey,VT-VPA,4-Apr-21,VT-VPA/62,36,,4/4/21 4:25,VOMM,4/4/21 6:00,VOGO,1:10,1,4815:04 H,3357 L,failed,"Insert failed for log_selection_no VT-VPA/62: Missing references (aircraft VT-VPA, departure VOMM, arrival VOGO)"
Journey,VT-VPA,2-Apr-21,VT-VPA/61,35,,4/2/21 17:05,VOCB,4/2/21 18:35,VOMM,0:45,1,4813:54 H,3356 L,success,
Journey,VT-VPA,2-Apr-21,VT-VPA/60,35,,4/2/21 13:55,VOMM,4/2/21 15:05,VOCB,0:45,1,4813:09 H,3355 L,failed,Insert failed for log_selection_no VT-VPA/60: No row inserted (conflict or duplicate)
Journey,VT-VPA,1-Apr-21,VT-VPA/59,34,,4/1/21 3:10,VOGO,4/1/21 4:50,VOMM,1:18,1,4812:24 H,3354 L,failed,"Insert failed for log_selection_no VT-VPA/59: Missing references (aircraft VT-VPA, departure VOGO, arrival VOMM)"
Journey,VT-VPA,1-Apr-21,VT-VPA/58,34,,4/1/21 0:50,VOMM,4/1/21 2:25,VOGO,1:12,1,4811:06 H,3353 L,failed,"Insert failed for log_selection_no VT-VPA/58: Missing references (aircraft VT-VPA, departure VOMM, arrival VOGO)"
Journey,VT-VPA,25-Mar-21,VT-VPA/56,33,,3/25/21 11:40,VOMM,3/25/21 13:45,VABB,1:37,1,4808:24 H,3351 L,failed,Insert failed for log_selection_no VT-VPA/56: No row inserted (conflict or duplicate)
Journey,VT-VPA,22-Mar-21,VT-VPA/55,32,,3/22/21 13:35,VOMD,3/22/21 14:55,VOMM,0:43,1,4806:47 H,3350 L,failed,"Insert failed for log_selection_no VT-VPA/55: Missing references (aircraft VT-VPA, departure VOMD, arrival VOMM)"
Journey,VT-VPA,22-Mar-21,VT-VPA/54,32,,3/22/21 4:05,VOMM,3/22/21 5:15,VOMD,0:51,1,4806:04 H,3349 L,failed,"Insert failed for log_selection_no VT-VPA/54: Missing references (aircraft VT-VPA, departure VOMM, arrival VOMD)"
Journey,VT-VPA,21-Mar-21,VT-VPA/52,31,,3/21/21 3:00,VOHY,3/21/21 5:15,VIDP,1:50,1,4802:37 H,3347 L,failed,Insert failed for log_selection_no VT-VPA/52: No row inserted (conflict or duplicate)
Journey,VT-VPA,19-Mar-21,VT-VPA/50,30,,3/19/21 3:30,VOHY,3/19/21 5:00,VABB,1:11,1,4799:48 H,3345 L,failed,Insert failed for log_selection_no VT-VPA/50: No row inserted (conflict or duplicate)
Journey,VT-VPA,19-Mar-21,VT-VPA/49,30,,3/19/21 1:35,VOMM,3/19/21 3:05,VOHY,0:53,1,4798:37 H,3344 L,failed,Insert failed for log_selection_no VT-VPA/49: No row inserted (conflict or duplicate)
Journey,VT-VPA,16-Mar-21,VT-VPA/47,29,,3/16/21 14:35,VIDP,3/16/21 16:45,vohs,1:51,1,4796:54 H,3342 L,failed,Insert failed for log_selection_no VT-VPA/47: No row inserted (conflict or duplicate)
Journey,VT-VPA,15-Mar-21,VT-VPA/45,28,,3/15/21 3:55,VOHY,3/15/21 6:00,VIJP,1:43,1,4794:28 H,3340 L,failed,Insert failed for log_selection_no VT-VPA/45: No row inserted (conflict or duplicate)
Journey,VT-VPA,13-Mar-21,VT-VPA/42,26,,3/13/21 1:30,VOMM,3/13/21 4:15,VIJP,2:21,1,4789:40 H,3337 L,failed,Insert failed for log_selection_no VT-VPA/42: No row inserted (conflict or duplicate)
Journey,VT-VPA,12-Mar-21,VT-VPA/41,25,,3/12/21 10:00,HAL Airport,3/12/21 11:10,VOMM,0:32,1,4787:19 H,3336 L,failed,"Insert failed for log_selection_no VT-VPA/41: Missing references (aircraft VT-VPA, departure HAL Airport, arrival VOMM)"
Journey,VT-VPA,12-Mar-21,VT-VPA/40,25,,3/12/21 2:35,VOMM,3/12/21 3:45,HAL Airport,0:34,1,4786:47 H,3335 L,failed,"Insert failed for log_selection_no VT-VPA/40: Missing references (aircraft VT-VPA, departure VOMM, arrival HAL Airport)"
Journey,VT-VPA,10-Feb-21,VT-VPA/39,24,,2/10/21 13:35,HAL Airport,2/10/21 14:40,VOMM,0:37,1,4786:13 H,3334 L,failed,"Insert failed for log_selection_no VT-VPA/39: Missing references (aircraft VT-VPA, departure HAL Airport, arrival VOMM)"
Journey,VT-VPA,10-Feb-21,VT-VPA/38,24,,2/10/21 5:05,VOMM,2/10/21 6:05,HAL Airport,0:34,1,4785:36 H,3333 L,failed,"Insert failed for log_selection_no VT-VPA/38: Missing references (aircraft VT-VPA, departure VOMM, arrival HAL Airport)"
Journey,VT-VPA,9-Feb-21,VT-VPA/36,23,,2/9/21 7:05,VOMM,2/9/21 10:10,VIDP,2:42,1,4782:23 H,3331 L,failed,Insert failed for log_selection_no VT-VPA/36: No row inserted (conflict or duplicate)
Journey,VT-VPA,9-Feb-21,VT-VPA/35,23,,2/9/21 3:55,VAAH,2/9/21 6:25,VOMM,2:08,1,4779:41 H,3330 L,failed,Insert failed for log_selection_no VT-VPA/35: No row inserted (conflict or duplicate)
Journey,VT-VPA,7-Feb-21,VT-VPA/32,21,,2/7/21 1:15,VOMM,2/7/21 2:35,VOHY,0:57,1,4774:18 H,3327 L,failed,Insert failed for log_selection_no VT-VPA/32: No row inserted (conflict or duplicate)
Journey,VT-VPA,6-Feb-21,VT-VPA/31,20,,2/6/21 6:35,VABB,2/6/21 8:20,VOMM,1:30,1,4773:21 H,3326 L,failed,Insert failed for log_selection_no VT-VPA/31: No row inserted (conflict or duplicate)
Journey,VT-VPA,6-Feb-21,VT-VPA/30,20,,2/6/21 3:35,HAL Airport,2/6/21 5:30,VABB,1:30,1,4771:51 H,3325 L,failed,"Insert failed for log_selection_no VT-VPA/30: Missing references (aircraft VT-VPA, departure HAL Airport, arrival VABB)"
Journey,VT-VPA,5-Feb-21,VT-VPA/29,19,,2/5/21 11:45,VOMM,2/5/21 12:45,HAL Airport,0:36,1,4770:21 H,3324 L,failed,"Insert failed for log_selection_no VT-VPA/29: Missing references (aircraft VT-VPA, departure VOMM, arrival HAL Airport)"
Journey,VT-VPA,4-Feb-21,VT-VPA/28,18,,2/4/21 18:25,HAL Airport,2/4/21 19:10,VOMM,0:32,1,4769:45 H,3323 L,failed,"Insert failed for log_selection_no VT-VPA/28: Missing references (aircraft VT-VPA, departure HAL Airport, arrival VOMM)"
Journey,VT-VPA,4-Feb-21,VT-VPA/27,17,,2/4/21 17:15,VOCL,2/4/21 18:10,HAL Airport,0:30,1,4769:13 H,3322 L,failed,"Insert failed for log_selection_no VT-VPA/27: Missing references (aircraft VT-VPA, departure VOCL, arrival HAL Airport)"
Journey,VT-VPA,4-Feb-21,VT-VPA/26,17,,2/4/21 8:10,HAL Airport,2/4/21 9:10,VOCL,0:38,1,4768:43 H,3321 L,failed,"Insert failed for log_selection_no VT-VPA/26: Missing references (aircraft VT-VPA, departure HAL Airport, arrival VOCL)"
Journey,VT-VPA,4-Feb-21,VT-VPA/25,17,,2/4/21 6:40,VOMM,2/4/21 7:35,HAL Airport,0:39,1,4768:05 H,3320 L,failed,"Insert failed for log_selection_no VT-VPA/25: Missing references (aircraft VT-VPA, departure VOMM, arrival HAL Airport)"
Journey,VT-VPA,2-Feb-21,VT-VPA/23,16,,2/2/21 3:10,VOMM,2/2/21 5:00,VABB,1:35,1,4765:51 H,3318 L,failed,Insert failed for log_selection_no VT-VPA/23: No row inserted (conflict or duplicate)
Journey,VT-VPA,1-Feb-21,VT-VPA/22,15,,2/1/21 8:30,VICG,2/1/21 11:45,VOMM,2:56,1,4764:16 H,3317 L,failed,"Insert failed for log_selection_no VT-VPA/22: Missing references (aircraft VT-VPA, departure VICG, arrival VOMM)"
Journey,VT-VPA,1-Feb-21,VT-VPA/21,15,,2/1/21 4:35,VOMM,2/1/21 7:55,VICG,2:56,1,4761:20 H,3316 L,failed,"Insert failed for log_selection_no VT-VPA/21: Missing references (aircraft VT-VPA, departure VOMM, arrival VICG)"
Journey,VT-VPA,4-Jan-21,VT-VPA/17,11,,1/4/21 11:50,VOTP,1/4/21 12:20,VOMM,0:17,1,4757:05 H,3313 L,success,
Journey,VT-VPA,4-Jan-21,VT-VPA/16,10,,1/4/21 10:50,HAL Airport,1/4/21 11:40,VOTP,0:41,1,4756:48 H,3312 L,failed,"Insert failed for log_selection_no VT-VPA/16: Missing references (aircraft VT-VPA, departure HAL Airport, arrival VOTP)"
Journey,VT-VPA,4-Jan-21,VT-VPA/15,10,,1/4/21 7:50,VOTP,1/4/21 8:30,HAL Airport,0:30,1,4756:07 H,3311 L,failed,"Insert failed for log_selection_no VT-VPA/15: Missing references (aircraft VT-VPA, departure VOTP, arrival HAL Airport)"
Journey,VT-VPA,4-Jan-21,VT-VPA/14,10,,1/4/21 6:50,VOMM,1/4/21 7:35,VOTP,0:29,1,4755:37 H,3310 L,failed,Insert failed for log_selection_no VT-VPA/14: No row inserted (conflict or duplicate)
Journey,VT-VPA,3-Jan-21,VT-VPA/12,8,,1/3/21 9:40,VOMM,1/3/21 11:30,VABB,1:32,1,4753:27 H,3308 L,failed,Insert failed for log_selection_no VT-VPA/12: No row inserted (conflict or duplicate)
Journey,VT-VPA,3-Jan-21,VT-VPA/11,8,,1/3/21 8:20,HAL Airport,1/3/21 9:10,VOMM,0:35,1,4751:55 H,3307 L,failed,"Insert failed for log_selection_no VT-VPA/11: Missing references (aircraft VT-VPA, departure HAL Airport, arrival VOMM)"
Journey,VT-VPA,3-Jan-21,VT-VPA/10,8,,1/3/21 4:10,VIDP,1/3/21 7:15,HAL Airport,2:48,1,4751:20 H,3306 L,failed,"Insert failed for log_selection_no VT-VPA/10: Missing references (aircraft VT-VPA, departure VIDP, arrival HAL Airport)"
Journey,VT-VPA,28-Nov-20,VT-VPA/5,3,,11/28/20 9:00,VIDP,11/28/20 9:10,VIDP,0:00,0,4746:33 H,3304 L,failed,Insert failed for log_selection_no VT-VPA/5: No row inserted (conflict or duplicate)
Journey,VT-VPA,4-May-19,VT-VPA/2,1027,,5/4/19 11:10,HAL Airport,5/4/19 14:10,VIDP,2:30,1,4746:33 H,3304 L,failed,"Insert failed for log_selection_no VT-VPA/2: Missing references (aircraft VT-VPA, departure HAL Airport, arrival VIDP)"
Journey,VT-VPA,4-May-19,VT-VPA/1,1026,,5/4/19 5:25,VAPO,5/4/19 6:45,HAL Airport,1:10,1,4744:03 H,3303 L,failed,"Insert failed for log_selection_no VT-VPA/1: Missing references (aircraft VT-VPA, departure VAPO, arrival HAL Airport)"
Journey,VT-ACG,16-Mar-26,VT-ACG/30,32,,3/16/26 13:35,VIJP,3/16/26 14:25,VIJP,0:30,1,9892:01 H,5727 L,failed,Insert failed for log_selection_no VT-ACG/30: No row inserted (conflict or duplicate)
Journey,VT-ACG,16-Mar-26,VT-ACG/29,32,,3/16/26 12:15,VIJP,3/16/26 13:25,VIJP,0:30,1,9891:31 H,5726 L,failed,Insert failed for log_selection_no VT-ACG/29: No row inserted (conflict or duplicate)
Journey,VT-ACG,16-Mar-26,VT-ACG/28,31,,3/16/26 11:05,VIKG,3/16/26 11:45,VIJP,0:30,1,9891:01 H,5725 L,failed,Insert failed for log_selection_no VT-ACG/28: No row inserted (conflict or duplicate)
Journey,VT-ACG,16-Mar-26,VT-ACG/27,31,,3/16/26 10:05,VIJP,3/16/26 10:55,VIKG,0:18,1,9890:31 H,5724 L,failed,Insert failed for log_selection_no VT-ACG/27: No row inserted (conflict or duplicate)
Journey,VT-ACG,15-Mar-26,VT-ACG/26,30,,3/15/26 7:45,VIJP,3/15/26 8:45,VIJP,0:45,3,9890:13 H,5723 L,failed,Insert failed for log_selection_no VT-ACG/26: No row inserted (conflict or duplicate)
Journey,VT-ACG,15-Mar-26,VT-ACG/25,30,,3/15/26 6:00,VIJP,3/15/26 7:15,VIJP,1:00,3,9889:28 H,5720 L,failed,Insert failed for log_selection_no VT-ACG/25: No row inserted (conflict or duplicate)
Journey,VT-ACG,11-Mar-26,VT-ACG/23,29,,3/11/26 8:00,VIJP,3/11/26 8:40,VIKG,0:26,1,9887:36 H,5716 L,failed,Insert failed for log_selection_no VT-ACG/23: No row inserted (conflict or duplicate)
Journey,VT-ACG,10-Mar-26,VT-ACG/21,28,,3/10/26 13:25,VIDP,3/10/26 14:40,VIJP,1:00,3,9886:10 H,5712 L,failed,Insert failed for log_selection_no VT-ACG/21: No row inserted (conflict or duplicate)
Journey,VT-ACG,10-Mar-26,VT-ACG/20,27,,3/10/26 0:00,VIDP,3/10/26 0:00,VIDP,0:00,0,9885:10 H,5709 L,failed,Insert failed for log_selection_no VT-ACG/20: No row inserted (conflict or duplicate)
Journey,VT-ACG,5-Feb-26,VT-ACG/13,20,,2/5/26 10:00,VIDP,2/5/26 11:35,VIDP,1:12,1,9885:10 H,5709 L,failed,Insert failed for log_selection_no VT-ACG/13: No row inserted (conflict or duplicate)
Journey,VT-ACG,VOID,VT-ACG/11,18,,VOID,VOID,VOID,VOID,VOID,0,9883:58 H,5708 L,failed,Insert failed for log_selection_no VT-ACG/11: Invalid flight date
Journey,VT-ACG,11-Mar-26,VT-ACG/24,29,,3/11/26 8:50,VIKG,3/11/26 9:50,VIJP,0:52,1,9888:28 H,5717 L,success,
Journey,VT-ACG,10-Mar-26,VT-ACG/22,28,,3/10/26 14:50,VIJP,3/10/26 16:00,VIJP,1:00,3,9887:10 H,5715 L,success,
Journey,VT-ACG,8-Mar-26,VT-ACG/19,26,,3/8/26 11:10,VIDP,3/8/26 11:30,VIDP,0:00,0,9885:10 H,5709 L,success,
Journey,VT-ACG,3-Mar-26,VT-ACG/18,25,,3/3/26 8:40,VIDP,3/3/26 9:00,VIDP,0:00,0,9885:10 H,5709 L,success,
Journey,VT-ACG,24-Feb-26,VT-ACG/17,24,,2/24/26 9:10,VIDP,2/24/26 9:40,VIDP,0:00,0,9885:10 H,5709 L,success,
Journey,VT-ACG,19-Feb-26,VT-ACG/16,23,,2/19/26 10:30,VIDP,2/19/26 11:00,VIDP,0:00,0,9885:10 H,5709 L,success,
Journey,VT-ACG,12-Feb-26,VT-ACG/15,22,,2/12/26 7:30,VIDP,2/12/26 8:00,VIDP,0:00,0,9885:10 H,5709 L,success,
Journey,VT-ACG,5-Feb-26,VT-ACG/14,21,,2/5/26 12:00,VIDP,2/5/26 12:30,VIDP,0:00,0,9885:10 H,5709 L,success,
Journey,VT-ACG,1-Feb-26,VT-ACG/12,19,,2/1/26 10:00,VIDP,2/1/26 10:30,VIDP,0:00,0,9883:58 H,5708 L,success,
Journey,VT-ACG,25-Jan-26,VT-ACG/10,17,,1/25/26 10:30,VIDP,1/25/26 11:00,VIDP,0:00,0,9883:58 H,5708 L,success,
Journey,VT-ACG,18-Jan-26,VT-ACG/9,16,,1/18/26 9:30,VIDP,1/18/26 10:00,VIDP,0:00,0,9883:58 H,5708 L,success,
Journey,VT-ACG,11-Jan-26,VT-ACG/8,15,,1/11/26 16:00,VIDP,1/11/26 16:30,VIDP,0:00,0,9883:58 H,5708 L,success,
Journey,VT-ACG,4-Jan-26,VT-ACG/7,14,,1/4/26 10:30,VIDP,1/4/26 11:00,VIDP,0:00,0,9883:58 H,5708 L,success,
Journey,VT-ACG,28-Dec-25,VT-ACG/6,13,,12/28/25 10:30,VIDP,12/28/25 11:00,VIDP,0:00,0,9883:58 H,5708 L,success,
Journey,VT-ACG,21-Dec-25,VT-ACG/5,12,,12/21/25 12:30,VIDP,12/21/25 13:00,VIDP,0:00,0,9883:58 H,5708 L,success,
Journey,VT-ACG,14-Dec-25,VT-ACG/4,11,,12/14/25 10:30,VIDP,12/14/25 11:00,VIDP,0:00,0,9883:58 H,5708 L,success,
Journey,VT-ACG,8-Dec-25,VT-ACG/3,10,,12/8/25 6:30,VIDP,12/8/25 7:00,VIDP,0:00,0,9883:58 H,5708 L,success,
Journey,VT-ACG,2-Dec-25,VT-ACG/2,9,,12/2/25 8:30,VIDP,12/2/25 9:00,VIDP,0:00,0,9883:58 H,5708 L,success,
Journey,VT-ACG,25-Nov-25,VT-ACG/1,8,,11/25/25 9:30,VIDP,11/25/25 10:00,VIDP,0:00,0,9883:58 H,5708 L,success,
Journey,VT-AGP,17-Mar-26,VT-AGP/77,77,,3/17/26 13:10,VIDP,3/17/26 15:35,VIDP,2:07,1,5607:52 H,4893 L,success,
Journey,VT-AGP,16-Mar-26,VT-AGP/75,75,,3/16/26 4:17,VOHY,3/16/26 6:50,VIDP,2:05,1,5605:45 H,4892 L,success,
Journey,VT-AGP,15-Mar-26,VT-AGP/74,74,,3/15/26 7:36,vohs,3/15/26 7:58,VOHY,0:10,1,5603:40 H,4891 L,success,
Journey,VT-AGP,14-Mar-26,VT-AGP/72,72,,3/14/26 4:40,VABB,3/14/26 5:57,VAAH,0:51,1,5601:52 H,4889 L,success,
Journey,VT-AGP,13-Mar-26,VT-AGP/71,71,,3/13/26 13:39,VAPO,3/13/26 14:34,VABB,0:32,1,5601:01 H,4888 L,success,
Journey,VT-AGP,8-Mar-26,VT-AGP/66,66,,3/8/26 9:41,vohs,3/8/26 10:12,VOHY,0:15,1,5597:00 H,4883 L,success,
Journey,VT-AGP,4-Mar-26,VT-AGP/56,56,,3/4/26 5:15,VOHY,3/4/26 6:30,VOMM,1:01,1,5588:00 H,4873 L,success,
Journey,VT-AGP,3-Mar-26,VT-AGP/55,55,,3/3/26 5:25,VOMM,3/3/26 6:35,VOHY,0:57,1,5586:59 H,4872 L,success,
Journey,VT-AGP,1-Mar-26,VT-AGP/52,52,,3/1/26 5:40,VAAH,3/1/26 7:35,VOHY,1:38,1,5584:54 H,4869 L,success,
Journey,VT-AGP,28-Feb-26,VT-AGP/48,48,,2/28/26 6:27,VIDP,2/28/26 8:45,vohs,1:52,1,5579:57 H,4865 L,success,
Journey,VT-AGP,27-Feb-26,VT-AGP/47,47,,2/27/26 9:40,vohs,2/27/26 12:03,VIDP,2:02,1,5578:05 H,4864 L,success,
Journey,VT-AGP,25-Feb-26,VT-AGP/44,44,,2/25/26 17:00,VOVZ,2/25/26 18:10,vohs,0:58,1,5575:01 H,4861 L,success,
Journey,VT-AGP,21-Feb-26,VT-AGP/30,30,,2/21/26 13:25,VOVZ,2/21/26 14:50,VOHY,1:00,1,5561:27 H,4847 L,success,
Journey,VT-AGP,20-Feb-26,VT-AGP/28,28,,2/20/26 12:20,VIDP,2/20/26 14:55,VOHY,1:50,1,5559:33 H,4845 L,success,
Journey,VT-AGP,19-Feb-26,VT-AGP/27,27,,2/19/26 8:09,VOHY,2/19/26 10:29,VIDP,2:00,1,5557:43 H,4844 L,success,
Journey,VT-AGP,9-Feb-26,VT-AGP/26,26,,2/9/26 10:35,VIDP,2/9/26 13:00,VOHY,2:00,1,5555:43 H,4843 L,success,
Journey,VT-AGP,8-Feb-26,VT-AGP/23,23,,2/8/26 6:45,vohs,2/8/26 7:20,VOHY,0:14,1,5550:31 H,4840 L,success,
Journey,VT-AGP,7-Feb-26,VT-AGP/22,22,,2/7/26 8:30,VOBL,2/7/26 9:55,vohs,0:49,1,5550:17 H,4839 L,success,
Journey,VT-AGP,6-Feb-26,VT-AGP/21,21,,2/6/26 5:40,vohs,2/6/26 6:50,VOBL,0:54,1,5549:28 H,4838 L,success,
Journey,VT-AGP,27-Jan-26,VT-AGP/18,18,,1/27/26 11:00,VABB,1/27/26 12:25,VOHY,0:59,1,5548:12 H,4836 L,success,
Journey,VT-AGP,23-Jan-26,VT-AGP/12,12,,1/23/26 7:30,VOHY,1/23/26 9:10,VOHY,0:44,6,5543:29 H,4830 L,success,
Journey,VT-VPA,18-Dec-25,VT-VPA/577,7,,12/18/25 12:00,VIDP,12/18/25 12:30,VIDP,0:00,0,5439:59 H,3821 L,success,
Journey,VT-AGP,17-Jan-26,VT-AGP/7,7,,1/17/26 12:30,VIDP,1/17/26 13:30,VIDP,0:00,0,5537:38 H,4820 L,success,
Journey,VT-AGP,15-Jan-26,VT-AGP/4,4,,1/15/26 9:30,VAPO,1/15/26 10:45,vohs,0:52,1,5531:22 H,4818 L,success,
Journey,VT-AGP,14-Jan-26,VT-AGP/2,2,,1/14/26 8:45,VOHY,1/14/26 10:05,VOHY,0:55,6,5529:40 H,4816 L,success,
Journey,VT-AGP,15-Dec-25,VT-AGP/1,1,,12/15/25 5:40,VOHY,12/15/25 7:25,VOHY,1:34,1,5528:45 H,4810 L,success,
Journey,VT-AJM,24-Feb-26,VT-AJM/61,2670,,2/24/26 13:50,VIDP,2/24/26 15:55,VOHY,1:46,1,4245:39 H,3492 L,success,
Journey,VT-AJM,23-Feb-26,VT-AJM/60,2669,,2/23/26 16:40,vohs,2/23/26 19:20,VIDP,2:06,1,4243:53 H,3491 L,success,
Journey,VT-AJM,20-Feb-26,VT-AJM/57,2666,,2/20/26 5:30,VOHY,2/20/26 5:50,vohs,0:12,1,4238:17 H,3488 L,success,
Journey,VT-AJM,19-Feb-26,VT-AJM/55,2664,,2/19/26 9:50,VOHY,2/19/26 11:50,VIJP,1:44,1,4236:32 H,3486 L,success,
Journey,VT-AJM,16-Feb-26,VT-AJM/54,2663,,2/16/26 15:20,VIDP,2/16/26 17:29,VOHY,1:52,1,4234:48 H,3485 L,success,
Journey,VT-AJM,13-Feb-26,VT-AJM/52,2661,,2/13/26 8:35,vohs,2/13/26 8:55,VOHY,0:10,1,4230:56 H,3483 L,success,
Journey,VT-AJM,12-Feb-26,VT-AJM/51,2660,,2/12/26 14:30,VIDP,2/12/26 16:30,vohs,1:47,1,4230:46 H,3482 L,success,
Journey,VT-AJM,11-Feb-26,VT-AJM/50,2659,,2/11/26 12:45,VOHY,2/11/26 14:50,VIDP,1:46,1,4228:59 H,3481 L,success,
Journey,VT-AJM,1-Feb-26,VT-AJM/31,2640,,2/1/26 14:50,VOGA,2/1/26 16:10,VOHY,0:52,1,4213:12 H,3462 L,success,
Journey,VT-AJM,31-Jan-26,VT-AJM/28,2637,,1/31/26 12:40,SHIRDI,1/31/26 13:50,VOGA,0:48,1,4210:30 H,3459 L,success,
Journey,VT-AJM,29-Jan-26,VT-AJM/23,2632,,1/29/26 8:25,VIDP,1/29/26 10:26,VOHY,1:48,1,4207:12 H,3454 L,success,
Journey,VT-AJM,28-Jan-26,VT-AJM/22,2631,,1/28/26 2:40,VOHY,1/28/26 4:55,VIDP,1:53,1,4205:24 H,3453 L,success,
Journey,VT-AJM,22-Jan-26,VT-AJM/15,2624,,1/22/26 7:57,vohs,1/22/26 8:17,VOHY,0:12,1,4199:27 H,3446 L,success,
Journey,VT-AJM,21-Jan-26,VT-AJM/13,2622,,1/21/26 2:30,vohs,1/21/26 4:25,VAAH,1:34,1,4197:54 H,3444 L,success,
Journey,VT-AJM,20-Jan-26,VT-AJM/11,2620,,1/20/26 14:20,VABB,1/20/26 16:00,VOBG,1:21,1,4195:32 H,3442 L,success,
Journey,VT-AJM,15-Jan-26,VT-AJM/2,2611,,1/15/26 12:50,VEBN,1/15/26 14:45,VOHY,1:44,1,4187:09 H,3433 L,success,
Journey,VT-VPA,30-Jan-26,VT-VPA/581,11,,1/30/26 9:30,VIDP,1/30/26 10:30,VIDP,0:00,0,5439:59 H,3821 L,success,
Journey,VT-VPA,28-Jan-26,VT-VPA/580,10,,1/28/26 12:30,VIDP,1/28/26 13:00,VIDP,0:00,0,5439:59 H,3821 L,success,
Journey,VT-VPA,14-Jan-26,VT-VPA/579,9,,1/14/26 11:30,VIDP,1/14/26 12:00,VIDP,0:00,0,5439:59 H,3821 L,success,
Journey,VT-VPA,31-Dec-25,VT-VPA/578,8,,12/31/25 12:00,VIDP,12/31/25 12:30,VIDP,0:00,0,5439:59 H,3821 L,success,
Journey,VT-VPA,4-Dec-25,VT-VPA/576,6,,12/4/25 10:30,VIDP,12/4/25 11:30,VIDP,0:00,0,5439:59 H,3821 L,success,
Journey,VT-VPA,21-Nov-25,VT-VPA/575,5,,11/21/25 10:00,VIDP,11/21/25 12:00,VIDP,0:00,0,5439:59 H,3821 L,success,
Journey,VT-VPA,14-Nov-25,VT-VPA/574,4,,11/14/25 7:30,VIDP,11/14/25 8:15,VIDP,0:00,0,5439:59 H,3821 L,success,
Journey,VT-VPA,12-Nov-25,VT-VPA/573,3,,11/12/25 11:30,VIDP,11/12/25 12:20,VIDP,0:00,0,5439:59 H,3821 L,success,
Journey,VT-VPA,31-Dec-24,VT-VPA/572,16,,12/31/24 15:00,VIDP,12/31/24 16:00,VIDP,0:00,0,5439:59 H,3821 L,success,
Journey,VT-VPA,18-Dec-24,VT-VPA/571,15,,12/18/24 16:00,VIDP,12/18/24 17:00,VIDP,0:00,0,5439:59 H,3821 L,success,
Journey,VT-VPA,4-Dec-24,VT-VPA/570,14,,12/4/24 16:00,VIDP,12/4/24 17:00,VIDP,0:00,0,5439:59 H,3821 L,success,
Journey,VT-VPA,20-Nov-24,VT-VPA/568,12,,11/20/24 23:59,VIDP,11/20/24 23:59,VIDP,0:00,0,5439:59 H,3821 L,success,
Journey,VT-VPA,8-Nov-24,VT-VPA/567,11,,11/8/24 23:59,VIDP,11/8/24 23:59,VIDP,0:00,0,5439:59 H,3821 L,success,
Journey,VT-VPA,25-Oct-24,VT-VPA/566,10,,10/25/24 11:35,VABP,10/25/24 13:00,VIDP,1:01,1,5439:59 H,3821 L,success,
Journey,VT-VPA,23-Oct-24,VT-VPA/565,9,,10/23/24 13:20,REWA,10/23/24 14:30,VABP,0:48,1,5438:58 H,3820 L,success,
Journey,VT-VPA,20-Oct-24,VT-VPA/562,6,,10/20/24 23:59,VIDP,10/20/24 23:59,VIDP,0:00,0,5436:26 H,3817 L,success,
Journey,VT-VPA,7-Oct-24,VT-VPA/561,5,,10/7/24 23:59,VIDP,10/7/24 23:59,VIDP,0:00,0,5436:26 H,3817 L,success,
Journey,VT-VPA,28-Sep-24,VT-VPA/560,4,,9/28/24 12:40,VABP,9/28/24 14:20,VIDP,1:10,3,5436:26 H,3817 L,success,
Journey,VT-VPA,27-Sep-24,VT-VPA/557,1,,9/27/24 23:59,VIDP,9/27/24 23:59,VIDP,0:00,0,5432:50 H,3808 L,success,
Journey,VT-VPA,14-Sep-24,VT-VPA/556,24,,9/14/24 23:59,VIDP,9/14/24 23:59,VIDP,0:00,0,5432:50 H,3808 L,success,
Journey,VT-VPA,31-Aug-24,VT-VPA/555,23,,8/31/24 9:00,VIKG,8/31/24 10:25,VIDP,0:46,1,5432:50 H,3808 L,success,
Journey,VT-VPA,29-Aug-24,VT-VPA/552,20,,8/29/24 23:59,VIDP,8/29/24 23:59,VIDP,0:00,0,5430:47 H,3800 L,success,
Journey,VT-VPA,21-Aug-24,VT-VPA/551,19,,8/21/24 0:00,VIDP,8/21/24 0:00,VIDP,0:00,0,5430:47 H,3800 L,success,
Journey,VT-VPA,7-Aug-24,VT-VPA/550,18,,8/7/24 0:00,VIDP,8/7/24 0:00,VIDP,0:00,0,5430:47 H,3800 L,success,
Journey,VT-VPA,24-Jul-24,VT-VPA/549,17,,7/24/24 0:00,VIDP,7/24/24 0:00,VIDP,0:00,0,5430:47 H,3800 L,success,
Journey,VT-VPA,14-Jul-24,VT-VPA/548,16,,7/14/24 0:00,VIDP,7/14/24 0:00,VIDP,0:00,0,5430:47 H,3800 L,success,
Journey,VT-VPA,30-Jun-24,VT-VPA/547,15,,6/30/24 0:00,VIDP,6/30/24 0:00,VIDP,0:00,0,5430:47 H,3800 L,success,
Journey,VT-VPA,22-Jun-24,VT-VPA/546,14,,6/22/24 0:00,VIDP,6/22/24 0:00,VIDP,0:00,0,5430:47 H,3800 L,success,
Journey,VT-VPA,9-Jun-24,VT-VPA/545,13,,6/9/24 0:00,VIDP,6/9/24 0:00,VIDP,0:00,0,5430:47 H,3800 L,success,
Journey,VT-VPA,8-Jun-24,VT-VPA/544,12,,6/8/24 12:25,VABP,6/8/24 13:45,VIDP,1:00,1,5430:47 H,3800 L,success,
Journey,VT-VPA,7-Jun-24,VT-VPA/542,10,,6/7/24 14:55,VAID,6/7/24 16:00,VAPO,0:55,1,5428:47 H,3798 L,success,
Journey,VT-VPA,28-May-24,VT-VPA/540,8,,5/28/24 0:00,VIJP,5/28/24 0:00,VIJP,0:00,0,5426:22 H,3796 L,success,
Journey,VT-VPA,23-May-24,VT-VPA/539,7,,5/23/24 11:40,VIDP,5/23/24 12:40,VIJP,0:30,1,5426:22 H,3796 L,success,
Journey,VT-VPA,21-May-24,VT-VPA/538,6,,5/21/24 12:05,VOBG,5/21/24 14:55,VIDP,2:35,1,5425:52 H,3795 L,success,
Journey,VT-VPA,8-May-24,VT-VPA/535,3,,5/8/24 0:00,VIDP,5/8/24 0:00,VIDP,0:00,0,5420:42 H,3793 L,success,
Journey,VT-VPA,24-Apr-24,VT-VPA/534,2,,4/24/24 0:00,VIDP,4/24/24 0:00,VIDP,0:00,0,5420:42 H,3793 L,success,
Journey,VT-VPA,10-Apr-24,VT-VPA/533,1,,4/10/24 0:00,VIDP,4/10/24 0:00,VIDP,0:00,0,5420:42 H,3793 L,success,
Journey,VT-VPA,28-Mar-24,VT-VPA/532,141,,3/28/24 0:00,VIDP,3/28/24 0:00,VIDP,0:00,0,5420:42 H,3793 L,success,
Journey,VT-VPA,14-Mar-24,VT-VPA/531,140,,3/14/24 0:00,VIDP,3/14/24 0:00,VIDP,0:00,0,5420:42 H,3793 L,success,
Journey,VT-VPA,24-Feb-24,VT-VPA/530,139,,2/24/24 0:00,VIDP,2/24/24 0:00,VIDP,0:00,0,5420:42 H,3793 L,success,
Journey,VT-VPA,15-Feb-24,VT-VPA/529,138,,2/15/24 6:40,VOVZ,2/15/24 9:15,VIDP,2:18,1,5420:42 H,3793 L,success,
Journey,VT-VPA,13-Feb-24,VT-VPA/528,137,,2/13/24 12:45,VOHY,2/13/24 13:55,VOVZ,0:48,1,5418:24 H,3792 L,success,
Journey,VT-VPA,12-Feb-24,VT-VPA/525,136,,2/12/24 12:15,VAID,2/12/24 13:50,VIDN,1:21,1,5414:51 H,3789 L,success,
Journey,VT-VPA,11-Feb-24,VT-VPA/523,135,,2/11/24 11:55,vohs,2/11/24 14:20,VIDP,1:57,1,5412:18 H,3787 L,success,
Journey,VT-VPA,30-Jan-24,VT-VPA/518,133,,1/30/24 5:00,VIDP,1/30/24 6:15,VAUD,1:00,1,5406:11 H,3783 L,success,
Journey,VT-VPA,22-Jan-24,VT-VPA/517,132,,1/22/24 0:00,VIDP,1/22/24 0:00,VIDP,0:00,0,5405:11 H,3782 L,success,
Journey,VT-VPA,8-Jan-24,VT-VPA/516,131,,1/8/24 0:00,VIDP,1/8/24 0:00,VIDP,0:00,0,5405:11 H,3782 L,success,
Journey,VT-VPA,5-Jan-24,VT-VPA/515,130,,1/5/24 0:00,VIDP,1/5/24 0:00,VIDP,0:00,0,5405:11 H,3782 L,success,
Journey,VT-VPA,25-Dec-23,VT-VPA/514,129,,12/25/23 7:30,VIDP,12/25/23 8:50,VIDP,0:52,1,5405:11 H,3782 L,success,
Journey,VT-VPA,14-Dec-23,VT-VPA/513,128,,12/14/23 0:00,VIDP,12/14/23 0:00,VIDP,0:00,0,5404:19 H,3781 L,success,
Journey,VT-VPA,2-Dec-23,VT-VPA/512,127,,12/2/23 0:00,VIDP,12/2/23 0:00,VIDP,0:00,0,5404:19 H,3781 L,success,
Journey,VT-VPA,16-Nov-23,VT-VPA/511,126,,11/16/23 0:00,VIDP,11/16/23 0:00,VIDP,0:00,0,5404:19 H,3781 L,success,
Journey,VT-VPA,5-Nov-23,VT-VPA/510,125,,11/5/23 12:05,VABP,11/5/23 13:20,VIDP,1:01,1,5404:19 H,3781 L,success,
Journey,VT-VPA,2-Nov-23,VT-VPA/506,121,,11/2/23 11:05,VOMM,11/2/23 14:10,VIDP,2:38,1,5400:34 H,3777 L,success,
Journey,VT-VPA,21-Oct-23,VT-VPA/504,119,,10/21/23 23:59,VOMM,10/21/23 23:59,VOMM,0:00,0,5397:56 H,3776 L,success,
Journey,VT-VPA,10-Oct-23,VT-VPA/503,118,,10/10/23 23:59,VOMM,10/10/23 23:59,VOMM,0:00,0,5397:56 H,3776 L,success,
Journey,VT-VPA,27-Sep-23,VT-VPA/502,117,,9/27/23 12:45,VABP,9/27/23 15:00,VOMM,1:55,1,5397:56 H,3776 L,success,
Journey,VT-VPA,19-Sep-23,VT-VPA/499,119,,9/19/23 8:30,VABB,9/19/23 10:55,VIDP,2:01,1,5394:22 H,3773 L,success,
Journey,VT-VPA,17-Sep-23,VT-VPA/498,115,,9/17/23 17:35,vohs,9/17/23 19:05,VABB,1:08,1,5392:21 H,3772 L,success,
Journey,VT-VPA,16-Sep-23,VT-VPA/497,114,,9/16/23 4:25,VABB,9/16/23 5:55,vohs,1:07,1,5391:13 H,3771 L,success,
Journey,VT-VPA,15-Sep-23,VT-VPA/496,113,,9/15/23 5:20,VIJP,9/15/23 7:05,VABB,1:32,1,5390:06 H,3770 L,success,
Journey,VT-VPA,11-Sep-23,VT-VPA/494,112,,9/11/23 4:30,VEBS,9/11/23 6:25,VOMM,1:32,1,5386:14 H,3768 L,success,
Journey,VT-VPA,8-Sep-23,VT-VPA/491,109,,9/8/23 6:40,VEBS,9/8/23 9:30,VABB,2:36,1,5382:15 H,3765 L,success,
Journey,VT-VPA,5-Sep-23,VT-VPA/490,108,,9/5/23 8:35,VEBN,9/5/23 10:00,VEBS,1:07,1,5379:39 H,3764 L,success,
Journey,VT-VPA,4-Sep-23,VT-VPA/489,107,,9/4/23 8:00,VEBS,9/4/23 9:35,VEBN,1:13,1,5378:32 H,3763 L,success,
Journey,VT-VPA,30-Aug-23,VT-VPA/488,106,,8/30/23 4:25,VIDP,8/30/23 7:00,VEBS,2:05,1,5377:19 H,3762 L,success,
Journey,VT-VPA,25-Aug-23,VT-VPA/487,105,,8/25/23 10:50,VIJP,8/25/23 12:00,VIDP,0:41,1,5375:14 H,3761 L,success,
Journey,VT-VPA,24-Aug-23,VT-VPA/486,104,,8/24/23 13:20,VIDP,8/24/23 14:15,VIJP,0:32,1,5374:33 H,3760 L,success,
Journey,VT-VPA,23-Aug-23,VT-VPA/484,103,,8/23/23 17:25,VIDP,8/23/23 20:25,VOMM,2:30,1,5371:28 H,3758 L,success,
Journey,VT-VPA,22-Aug-23,VT-VPA/482,102,,8/22/23 11:40,VABB,8/22/23 14:10,VOMM,1:45,1,5366:28 H,3756 L,success,
Journey,VT-VPA,11-Aug-23,VT-VPA/479,101,,8/11/23 23:59,VOMM,8/11/23 23:59,VOMM,0:00,0,5362:29 H,3753 L,success,
Journey,VT-VPA,29-Jul-23,VT-VPA/478,100,,7/29/23 9:05,VIDP,7/29/23 12:15,VOMM,2:36,1,5362:29 H,3753 L,success,
Journey,VT-VPA,27-Jul-23,VT-VPA/477,99,,7/27/23 12:50,VABB,7/27/23 15:10,VIDP,1:51,1,5359:53 H,3752 L,success,
Journey,VT-VPA,26-Jul-23,VT-VPA/476,98,,7/26/23 15:45,VIDP,7/26/23 18:10,VABB,2:02,1,5358:02 H,3751 L,success,
Journey,VT-VPA,25-Jul-23,VT-VPA/475,97,,7/25/23 13:40,VOMM,7/25/23 16:50,VIDP,2:43,1,5356:00 H,3750 L,success,
Journey,VT-VPA,21-Jul-23,VT-VPA/474,96,,7/21/23 11:55,VOMM,7/21/23 12:00,VOMM,0:00,0,5353:17 H,3749 L,success,
Journey,VT-VPA,19-Jul-23,VT-VPA/472,95,,7/19/23 12:50,VABB,7/19/23 14:35,VOBG,1:21,1,5352:35 H,3748 L,success,
Journey,VT-VPA,14-Jul-23,VT-VPA/469,94,,7/14/23 11:50,VIDP,7/14/23 15:00,VOMM,2:39,1,5349:15 H,3746 L,success,
Journey,VT-VPA,13-Jul-23,VT-VPA/467,92,,7/13/23 3:00,VOBG,7/13/23 6:05,VIDP,2:40,1,5346:36 H,3745 L,success,
Journey,VT-VPA,12-Jul-23,VT-VPA/466,91,,7/12/23 3:00,VOMM,7/12/23 3:55,VOBG,0:32,1,5343:56 H,3744 L,success,
Journey,VT-VPA,10-Jul-23,VT-VPA/465,90,,7/10/23 11:35,VIDP,7/10/23 14:50,VOMM,2:46,1,5343:24 H,3743 L,success,
Journey,VT-VPA,6-Jul-23,VT-VPA/463,89,,7/6/23 10:10,VOBG,7/6/23 11:10,VOMM,0:37,1,5338:03 H,3741 L,success,
Journey,VT-VPA,4-Jul-23,VT-VPA/462,88,,7/4/23 14:30,VOMM,7/4/23 15:35,VOBG,0:35,1,5337:26 H,3740 L,success,
Journey,VT-VPA,30-Jun-23,VT-VPA/459,86,,6/30/23 10:35,VIDP,6/30/23 14:00,VOMM,2:50,1,5336:04 H,3737 L,success,
Journey,VT-VPA,25-Jun-23,VT-VPA/457,85,,6/25/23 3:25,VABB,6/25/23 5:30,VOMM,1:39,1,5330:31 H,3735 L,success,
Journey,VT-VPA,23-Jun-23,VT-VPA/456,84,,6/23/23 1:30,VOMM,6/23/23 3:20,VABB,1:34,1,5328:52 H,3734 L,success,
Journey,VT-VPA,21-Jun-23,VT-VPA/455,83,,6/21/23 3:35,VOBG,6/21/23 4:30,VOMM,0:38,1,5327:18 H,3733 L,success,
Journey,VT-VPA,20-Jun-23,VT-VPA/454,82,,6/20/23 2:50,VOMM,6/20/23 3:45,VOBG,0:40,1,5326:40 H,3732 L,success,
Journey,VT-VPA,16-Jun-23,VT-VPA/451,79,,6/16/23 10:30,VOHY,6/16/23 11:50,VOMM,1:00,1,5325:06 H,3729 L,success,
Journey,VT-VPA,15-Jun-23,VT-VPA/449,78,,6/15/23 5:15,VOMM,6/15/23 5:45,VOMM,0:16,1,5323:10 H,3727 L,success,
Journey,VT-VPA,6-Jun-23,VT-VPA/448,77,,6/6/23 17:20,VOMM,6/6/23 18:15,VOMM,0:40,2,5322:54 H,3726 L,success,
Journey,VT-VPA,5-Jun-23,VT-VPA/444,76,,6/5/23 12:35,VAAH,6/5/23 15:10,VOMM,2:10,1,5319:29 H,3718 L,success,
Journey,VT-VPA,4-Jun-23,VT-VPA/442,75,,6/4/23 8:45,VOHY,6/4/23 9:50,VOMM,0:55,1,5315:09 H,3716 L,success,
Journey,VT-VPA,3-Jun-23,VT-VPA/438,74,,6/3/23 10:20,VOBG,6/3/23 11:05,VOMM,0:35,1,5311:34 H,3712 L,success,
Journey,VT-VPA,2-Jun-23,VT-VPA/435,73,,6/2/23 23:59,VOMM,6/2/23 23:59,VOMM,0:00,0,5310:05 H,3707 L,success,
Journey,VT-VPA,1-Jun-23,VT-VPA/434,72,,6/1/23 3:50,VOBG,6/1/23 5:15,VOMM,0:46,1,5310:05 H,3707 L,success,
Journey,VT-VPA,31-May-23,VT-VPA/433,71,,5/31/23 5:10,VOMM,5/31/23 6:15,VOBG,0:32,1,5309:19 H,3706 L,success,
Journey,VT-VPA,29-May-23,VT-VPA/432,70,,5/29/23 11:45,VAAH,5/29/23 14:35,VOMM,2:12,1,5308:47 H,3705 L,success,
Journey,VT-VPA,27-May-23,VT-VPA/427,68,,5/27/23 1:25,VABB,5/27/23 3:50,VOMM,1:41,1,5303:14 H,3701 L,success,
Journey,VT-VPA,26-May-23,VT-VPA/426,67,,5/26/23 23:59,VABB,5/26/23 23:59,VABB,0:00,0,5301:33 H,3700 L,success,
Journey,VT-VPA,10-May-23,VT-VPA/425,66,,5/10/23 16:55,VIDP,5/10/23 19:00,VABB,1:41,1,5301:33 H,3700 L,success,
Journey,VT-VPA,8-May-23,VT-VPA/422,64,,5/8/23 1:30,VOMM,5/8/23 4:25,VIDP,2:37,1,5298:11 H,3697 L,success,
Journey,VT-VPA,7-May-23,VT-VPA/421,63,,5/7/23 6:50,VOBG,5/7/23 7:40,VOMM,0:38,1,5295:34 H,3696 L,success,
Journey,VT-VPA,28-Mar-23,VT-VPA/418,61,,3/28/23 5:55,VOBG,3/28/23 6:55,VOMM,0:36,1,5294:22 H,3694 L,success,
Journey,VT-VPA,27-Mar-23,VT-VPA/417,60,,3/27/23 9:10,VAID,3/27/23 11:10,VOBG,1:42,1,5293:46 H,3693 L,success,
Journey,VT-VPA,23-Mar-23,VT-VPA/414,58,,3/23/23 9:45,VOMM,3/23/23 10:40,VOBG,0:35,1,5289:29 H,3690 L,success,
Journey,VT-VPA,9-Mar-23,VT-VPA/411,55,,3/9/23 3:30,VAAH,3/9/23 6:20,VOMM,2:14,1,5288:06 H,3687 L,success,
Journey,VT-VPA,6-Mar-23,VT-VPA/410,54,,3/6/23 2:55,VOMM,3/6/23 5:30,VAAH,2:02,1,5285:52 H,3686 L,success,
Journey,VT-VPA,5-Mar-23,VT-VPA/409,53,,3/5/23 9:25,VAAH,3/5/23 12:00,VOMM,2:15,1,5283:50 H,3685 L,success,
Journey,VT-VPA,3-Mar-23,VT-VPA/406,51,,3/3/23 2:55,VOMM,3/3/23 5:00,VABB,1:35,1,5277:50 H,3682 L,success,
Journey,VT-VPA,1-Mar-23,VT-VPA/405,50,,3/1/23 11:25,VABB,3/1/23 13:20,VOMM,1:32,1,5276:15 H,3681 L,success,
Journey,VT-VPA,28-Feb-23,VT-VPA/404,49,,2/28/23 3:55,VOMM,2/28/23 6:00,VABB,1:43,1,5274:43 H,3680 L,success,
Journey,VT-VPA,26-Feb-23,VT-VPA/403,48,,2/26/23 8:20,VIJP,2/26/23 10:55,VOMM,2:12,1,5273:00 H,3679 L,success,
Journey,VT-VPA,25-Feb-23,VT-VPA/402,47,,2/25/23 1:40,VOMM,2/25/23 4:30,VIJP,2:21,1,5270:48 H,3678 L,success,
Journey,VT-VPA,18-Feb-23,VT-VPA/401,46,,2/18/23 10:30,VAAH,2/18/23 13:00,VOMM,2:01,1,5268:27 H,3677 L,success,
Journey,VT-VPA,16-Feb-23,VT-VPA/398,44,,2/16/23 4:35,VAUD,2/16/23 5:20,VAAH,0:26,1,5262:14 H,3674 L,success,
Journey,VT-VPA,15-Feb-23,VT-VPA/397,43,,2/15/23 10:35,VAAH,2/15/23 11:30,VAUD,0:39,1,5261:48 H,3673 L,success,
Journey,VT-VPA,2-Feb-23,VT-VPA/393,41,,2/2/23 14:15,vohs,2/2/23 15:30,VOMM,0:54,1,5253:23 H,3669 L,success,
Journey,VT-VPA,1-Feb-23,VT-VPA/389,40,,2/1/23 11:40,VABB,2/1/23 13:45,VOMM,1:31,1,5247:12 H,3665 L,success,
Journey,VT-VPA,31-Jan-23,VT-VPA/387,39,,1/31/23 8:50,VOBG,1/31/23 10:30,VOMM,1:12,1,5243:48 H,3663 L,success,
Journey,VT-VPA,26-Jan-23,VT-VPA/385,38,,1/26/23 15:25,VAPO,1/26/23 17:25,VOMM,1:34,1,5242:04 H,3661 L,success,
Journey,VT-VPA,25-Jan-23,VT-VPA/383,37,,1/25/23 2:10,VOMM,1/25/23 3:20,VOBG,0:41,1,5239:22 H,3659 L,success,
Journey,VT-VPA,23-Jan-23,VT-VPA/382,36,,1/23/23 11:20,VECC,1/23/23 13:55,VOMM,2:06,1,5238:41 H,3658 L,success,
Journey,VT-VPA,21-Jan-23,VT-VPA/380,35,,1/21/23 6:00,VOMM,1/21/23 7:10,VOMM,0:48,1,5234:45 H,3656 L,success,
Journey,VT-VPA,16-Jan-23,VT-VPA/379,34,,1/16/23 4:05,VOMM,1/16/23 5:30,VOMM,1:02,1,5233:57 H,3655 L,success,
Journey,VT-VPA,14-Jan-23,VT-VPA/378,33,,1/14/23 10:45,VOMM,1/14/23 11:00,VOMM,0:00,0,5232:55 H,3654 L,success,
Journey,VT-VPA,2-Jan-23,VT-VPA/377,32,,1/2/23 7:25,VAUD,1/2/23 9:55,VOMM,2:01,1,5232:55 H,3654 L,success,
Journey,VT-VPA,1-Jan-23,VT-VPA/375,31,,1/1/23 6:20,VAUD,1/1/23 7:20,VAAH,0:32,1,5230:24 H,3652 L,success,
Journey,VT-VPA,30-Dec-22,VT-VPA/374,30,,12/30/22 2:25,VOMM,12/30/22 5:10,VAUD,2:19,1,5229:52 H,3651 L,success,
Journey,VT-VPA,27-Dec-22,VT-VPA/373,29,,12/27/22 13:00,VOMM,12/27/22 13:15,VOMM,0:00,0,5227:33 H,3650 L,success,
Journey,VT-VPA,12-Dec-22,VT-VPA/369,26,,12/12/22 10:45,VECC,12/12/22 13:15,VOMM,2:02,1,5226:30 H,3648 L,success,
Journey,VT-VPA,10-Dec-22,VT-VPA/367,25,,12/10/22 10:40,VOHY,12/10/22 12:00,VOMM,0:57,1,5222:34 H,3646 L,success,
Journey,VT-VPA,8-Dec-22,VT-VPA/365,24,,12/8/22 12:35,VOMM,12/8/22 12:45,VOMM,0:00,0,5220:45 H,3644 L,success,
Journey,VT-VPA,2-Dec-22,VT-VPA/361,22,,12/2/22 5:25,VABB,12/2/22 7:25,VOMM,1:35,1,5218:41 H,3641 L,success,
Journey,VT-VPA,25-Nov-22,VT-VPA/358,21,,11/25/22 12:20,VIDP,11/25/22 15:15,VOMM,2:25,1,5214:17 H,3638 L,success,
Journey,VT-VPA,24-Nov-22,VT-VPA/356,20,,11/24/22 9:30,VECC,11/24/22 12:00,VOMM,2:06,1,5209:24 H,3636 L,success,
Journey,VT-VPA,12-Nov-22,VT-VPA/352,18,,11/12/22 20:25,VABB,11/12/22 22:35,VOMM,1:37,1,5200:29 H,3632 L,success,
Journey,VT-VPA,11-Nov-22,VT-VPA/350,17,,11/11/22 11:35,VOBG,11/11/22 14:35,VIDP,2:32,1,5197:09 H,3630 L,success,
Journey,VT-VPA,10-Nov-22,VT-VPA/349,16,,11/10/22 13:00,VABB,11/10/22 14:45,VOBG,1:17,1,5194:37 H,3629 L,success,
Journey,VT-VPA,7-Nov-22,VT-VPA/347,15,,11/7/22 11:25,VIDP,11/7/22 14:20,VOMM,2:35,1,5191:44 H,3627 L,success,
Journey,VT-VPA,6-Nov-22,VT-VPA/345,14,,11/6/22 14:20,VAAH,11/6/22 17:10,VOMM,2:21,1,5186:38 H,3625 L,success,
Journey,VT-VPA,5-Nov-22,VT-VPA/344,13,,11/5/22 6:45,VABB,11/5/22 7:45,VAAH,0:50,1,5184:17 H,3624 L,success,
Journey,VT-VPA,28-Oct-22,VT-VPA/342,12,,10/28/22 6:20,VIDP,10/28/22 9:15,VOMM,2:28,1,5181:53 H,3622 L,success,
Journey,VT-VPA,27-Oct-22,VT-VPA/340,11,,10/27/22 11:30,VOMM,10/27/22 11:45,VOMM,0:00,0,5176:56 H,3620 L,success,
Journey,VT-VPA,12-Oct-22,VT-VPA/337,10,,10/12/22 0:20,VOMM,10/12/22 3:25,VIDP,2:27,1,5173:51 H,3618 L,success,
Journey,VT-VPA,6-Oct-22,VT-VPA/336,9,,10/6/22 15:05,VABB,10/6/22 17:10,VOMM,1:35,1,5171:24 H,3617 L,success,
Journey,VT-VPA,16-Sep-22,VT-VPA/334,8,,9/16/22 16:00,VOMM,9/16/22 16:15,VOMM,0:00,0,5168:21 H,3615 L,success,
Journey,VT-VPA,2-Sep-22,VT-VPA/333,7,,9/2/22 8:05,vohs,9/2/22 9:20,VOMM,0:55,1,5168:21 H,3615 L,success,
Journey,VT-VPA,29-Aug-22,VT-VPA/331,6,,8/29/22 10:45,VOBL,8/29/22 11:55,VOMM,0:45,1,5166:30 H,3613 L,success,
Journey,VT-VPA,23-Aug-22,VT-VPA/329,4,,8/23/22 11:30,VOMM,8/23/22 12:20,VOBL,0:33,1,5165:45 H,3612 L,success,
Journey,VT-VPA,7-Aug-22,VT-VPA/328,3,,8/7/22 23:59,VOMM,8/7/22 23:59,VOMM,0:00,0,5165:12 H,3611 L,success,
Journey,VT-VPA,27-Jul-22,VT-VPA/327,2,,7/27/22 15:30,VOMM,7/27/22 15:50,VOMM,0:00,0,5165:12 H,3611 L,success,
Journey,VT-VPA,13-Jul-22,VT-VPA/326,1,,7/13/22 5:30,VOMM,7/13/22 5:45,VOMM,0:00,0,5165:12 H,3611 L,success,
Journey,VT-VPA,30-Jun-22,VT-VPA/325,190,,6/30/22 14:35,VABB,6/30/22 16:55,VOMM,1:41,1,5165:12 H,3611 L,success,
Journey,VT-VPA,26-Jun-22,VT-VPA/321,188,,6/26/22 10:10,VIDP,6/26/22 13:10,VOMM,2:30,1,5156:04 H,3607 L,success,
Journey,VT-VPA,20-Jun-22,VT-VPA/315,186,,6/20/22 1:15,VOMM,6/20/22 2:30,VOHY,0:53,1,5148:06 H,3601 L,success,
Journey,VT-VPA,13-Jun-22,VT-VPA/310,183,,6/13/22 14:15,VIDP,6/13/22 17:15,VOMM,2:35,1,5144:31 H,3596 L,success,
Journey,VT-VPA,11-Jun-22,VT-VPA/308,182,,6/11/22 8:55,VABB,6/11/22 11:15,VOMM,1:36,1,5139:31 H,3594 L,success,
Journey,VT-VPA,8-Jun-22,VT-VPA/304,180,,6/8/22 8:15,VOMM,6/8/22 10:40,VAAH,2:03,1,5133:35 H,3590 L,success,
Journey,VT-VPA,31-May-22,VT-VPA/301,178,,5/31/22 0:35,VIDP,5/31/22 3:35,VOMM,2:28,1,5130:06 H,3587 L,success,
Journey,VT-VPA,27-May-22,VT-VPA/296,175,,5/27/22 6:35,VOMM,5/27/22 9:35,VIDP,2:34,1,5121:23 H,3582 L,success,
Journey,VT-VPA,24-May-22,VT-VPA/295,174,,5/24/22 12:00,VOMM,5/24/22 12:15,VOMM,0:00,0,5118:49 H,3581 L,success,
Journey,VT-VPA,7-May-22,VT-VPA/292,172,,5/7/22 12:45,VAPO,5/7/22 14:40,VOMM,1:25,1,5117:33 H,3579 L,success,
Journey,VT-VPA,5-May-22,VT-VPA/288,170,,5/5/22 10:15,VAPO,5/5/22 12:10,VOMM,1:30,1,5113:38 H,3575 L,success,
Journey,VT-VPA,3-May-22,VT-VPA/286,169,,5/3/22 3:25,VAID,5/3/22 5:40,VOMM,1:46,1,5110:43 H,3573 L,success,
Journey,VT-VPA,2-May-22,VT-VPA/285,168,,5/2/22 10:40,VOMM,5/2/22 12:40,VAID,1:42,1,5108:57 H,3572 L,success,
Journey,VT-VPA,27-Apr-22,VT-VPA/282,165,,4/27/22 1:20,VOMM,4/27/22 4:15,VIDP,2:27,1,5103:50 H,3569 L,success,
Journey,VT-VPA,26-Apr-22,VT-VPA/281,164,,4/26/22 8:10,VABB,4/26/22 10:20,VOMM,1:47,1,5101:23 H,3568 L,success,
Journey,VT-VPA,19-Apr-22,VT-VPA/274,160,,4/19/22 16:55,VAAH,4/19/22 19:35,VOMM,2:05,1,5094:15 H,3561 L,success,
Journey,VT-VPA,18-Apr-22,VT-VPA/273,159,,4/18/22 8:30,VOMM,4/18/22 11:05,VAAH,2:05,1,5092:10 H,3560 L,success,
Journey,VT-VPA,17-Apr-22,VT-VPA/272,158,,4/17/22 5:05,VABB,4/17/22 7:05,VOMM,1:31,1,5090:05 H,3559 L,success,
Journey,VT-VPA,16-Apr-22,VT-VPA/271,157,,4/16/22 2:30,VOMM,4/16/22 4:30,VABB,1:36,1,5088:34 H,3558 L,success,
Journey,VT-VPA,13-Apr-22,VT-VPA/270,156,,4/13/22 12:00,VOMM,4/13/22 12:00,VOMM,0:00,0,5086:58 H,3557 L,success,
Journey,VT-VPA,9-Apr-22,VT-VPA/267,154,,4/9/22 0:40,VIDP,4/9/22 3:40,VOMM,2:30,1,5085:32 H,3555 L,success,
Journey,VT-VPA,8-Apr-22,VT-VPA/266,153,,4/8/22 0:35,VOMM,4/8/22 3:35,VIDP,2:31,1,5083:02 H,3554 L,success,
Journey,VT-VPA,28-Mar-22,VT-VPA/261,150,,3/28/22 10:10,VOHY,3/28/22 11:35,VOMM,0:55,1,5075:53 H,3549 L,success,
Journey,VT-VPA,26-Mar-22,VT-VPA/259,149,,3/26/22 10:40,VABB,3/26/22 12:45,VOMM,1:32,1,5074:05 H,3547 L,success,
Journey,VT-VPA,25-Mar-22,VT-VPA/258,148,,3/25/22 3:40,VOMM,3/25/22 5:40,VABB,1:30,1,5072:33 H,3546 L,success,
Journey,VT-VPA,20-Mar-22,VT-VPA/251,144,,3/20/22 9:00,VOHY,3/20/22 10:15,VOMM,0:54,1,5062:43 H,3539 L,success,
Journey,VT-VPA,2-Mar-22,VT-VPA/243,140,,3/2/22 14:40,vohs,3/2/22 16:10,VOMM,1:00,1,5056:41 H,3531 L,success,
Journey,VT-VPA,1-Mar-22,VT-VPA/241,139,,3/1/22 12:50,VEBS,3/1/22 14:45,VOMM,1:36,1,5054:49 H,3529 L,success,
Journey,VT-VPA,23-Feb-22,VT-VPA/237,137,,2/23/22 6:55,VEBS,2/23/22 8:55,VOMM,1:35,1,5050:34 H,3525 L,success,
Journey,VT-VPA,12-Feb-22,VT-VPA/222,129,,2/12/22 9:25,VIDP,2/12/22 12:25,VOMM,2:24,1,5034:26 H,3510 L,success,
Journey,VT-VPA,10-Feb-22,VT-VPA/220,128,,2/10/22 12:40,VABB,2/10/22 14:40,VOMM,1:29,1,5029:27 H,3508 L,success,
Journey,VT-VPA,1-Feb-22,VT-VPA/216,126,,2/1/22 13:15,VIDP,2/1/22 16:05,VOMM,2:20,1,5025:04 H,3504 L,success,
Journey,VT-VPA,30-Jan-22,VT-VPA/214,125,,1/30/22 12:20,VABB,1/30/22 14:20,VOMM,1:29,1,5019:37 H,3502 L,success,
Journey,VT-VPA,27-Jan-22,VT-VPA/212,124,,1/27/22 2:45,VAAH,1/27/22 5:20,VOMM,2:03,1,5016:36 H,3500 L,success,
Journey,VT-VPA,24-Jan-22,VT-VPA/211,123,,1/24/22 11:00,VOMM,1/24/22 13:45,VAAH,2:11,1,5014:33 H,3499 L,success,
Journey,VT-VPA,21-Jan-22,VT-VPA/208,121,,1/21/22 11:40,VIJP,1/21/22 14:20,VOMM,2:07,1,5011:10 H,3496 L,success,
Journey,VT-VPA,19-Jan-22,VT-VPA/206,120,,1/19/22 9:55,VABB,1/19/22 12:15,VIDP,1:48,1,5008:19 H,3494 L,success,
Journey,VT-VPA,17-Jan-22,VT-VPA/202,118,,1/17/22 8:05,VAUD,1/17/22 10:50,VOMM,2:10,1,5002:05 H,3490 L,success,
Journey,VT-VPA,15-Jan-22,VT-VPA/201,117,,1/15/22 2:20,VOMM,1/15/22 5:20,VAUD,2:22,1,4999:55 H,3489 L,success,
Journey,VT-VPA,13-Jan-22,VT-VPA/200,116,,1/13/22 12:40,VAAH,1/13/22 15:10,VOMM,1:35,1,4997:33 H,3488 L,success,
Journey,VT-VPA,3-Jan-22,VT-VPA/198,115,,1/3/22 14:35,VIDP,1/3/22 17:45,VOMM,2:24,1,4994:13 H,3486 L,success,
Journey,VT-VPA,2-Jan-22,VT-VPA/196,114,,1/2/22 11:10,VIDP,1/2/22 14:10,VOMM,2:22,1,4989:13 H,3484 L,success,
Journey,VT-VPA,24-Dec-21,VT-VPA/188,109,,12/24/21 13:40,VAAH,12/24/21 16:10,VOMM,1:57,1,4973:33 H,3476 L,success,
Journey,VT-VPA,23-Dec-21,VT-VPA/186,108,,12/23/21 5:55,VIDP,12/23/21 9:00,VOMM,2:24,1,4969:15 H,3474 L,success,
Journey,VT-VPA,21-Dec-21,VT-VPA/185,107,,12/21/21 12:10,VOMM,12/21/21 15:45,VIDP,2:48,1,4966:51 H,3473 L,success,
Journey,VT-VPA,15-Dec-21,VT-VPA/180,104,,12/15/21 10:30,VIDP,12/15/21 13:35,VOMM,2:29,1,4959:20 H,3468 L,success,
Journey,VT-VPA,5-Dec-21,VT-VPA/176,103,,12/5/21 2:00,VOMM,12/5/21 4:10,VABB,1:32,1,4952:27 H,3464 L,success,
Journey,VT-VPA,4-Dec-21,VT-VPA/175,102,,12/4/21 12:00,VOMM,12/4/21 12:00,VOMM,0:00,0,4950:55 H,3463 L,success,
Journey,VT-VPA,26-Dec-21,VT-VPA/190,110,,12/26/21 14:10,VOCB,12/26/21 15:30,VOMM,0:46,1,4975:01 H,3478 L,success,
Journey,VT-VPA,10-Aug-21,VT-VPA/159,89,,8/10/21 10:55,VIDP,8/10/21 13:25,VOHY,1:54,1,4938:22 H,3453 L,success,
Journey,VT-VPA,9-Aug-21,VT-VPA/156,88,,8/9/21 8:25,VOMM,8/9/21 9:40,VOHY,0:53,1,4933:00 H,3450 L,success,
Journey,VT-VPA,7-Aug-21,VT-VPA/155,87,,8/7/21 14:45,VABB,8/7/21 17:05,VOMM,1:37,1,4932:07 H,3449 L,success,
Journey,VT-VPA,5-Aug-21,VT-VPA/153,86,,8/5/21 8:20,VIDP,8/5/21 11:20,VOMM,2:32,1,4928:55 H,3447 L,success,
Journey,VT-VPA,3-Aug-21,VT-VPA/148,84,,8/3/21 6:25,VABB,8/3/21 8:25,VOMM,1:35,1,4921:40 H,3442 L,success,
Journey,VT-VPA,2-Aug-21,VT-VPA/147,83,,8/2/21 14:40,VAAH,8/2/21 15:55,VABB,0:51,1,4920:05 H,3441 L,success,
Journey,VT-VPA,29-Jul-21,VT-VPA/140,80,,7/29/21 8:25,VIDP,7/29/21 11:30,VOMM,2:31,1,4912:28 H,3434 L,success,
Journey,VT-VPA,28-Jul-21,VT-VPA/139,79,,7/28/21 10:30,VABB,7/28/21 12:45,VIDP,1:46,1,4909:57 H,3433 L,success,
Journey,VT-VPA,27-Jul-21,VT-VPA/138,78,,7/27/21 2:50,VOMM,7/27/21 5:10,VABB,1:39,1,4908:11 H,3432 L,success,
Journey,VT-VPA,26-Jul-21,VT-VPA/137,77,,7/26/21 6:20,VAAH,7/26/21 8:50,VOMM,2:07,1,4906:32 H,3431 L,success,
Journey,VT-VPA,20-Jul-21,VT-VPA/135,76,,7/20/21 9:25,VIDP,7/20/21 12:20,VOMM,2:26,1,4902:18 H,3429 L,success,
Journey,VT-VPA,19-Jul-21,VT-VPA/133,75,,7/19/21 11:25,VABP,7/19/21 13:35,VOMM,1:47,1,4897:14 H,3427 L,success,
Journey,VT-VPA,18-Jul-21,VT-VPA/129,74,,7/18/21 5:20,VOMM,7/18/21 9:10,VISR,3:22,1,4892:01 H,3423 L,success,
Journey,VT-VPA,17-Jul-21,VT-VPA/128,73,,7/17/21 11:25,VIDP,7/17/21 14:25,VOMM,2:31,1,4888:39 H,3422 L,success,
Journey,VT-VPA,10-Jul-21,VT-VPA/123,71,,7/10/21 14:00,VOHY,7/10/21 15:35,VOMM,0:58,1,4880:49 H,3417 L,success,
Journey,VT-VPA,9-Jul-21,VT-VPA/119,70,,7/9/21 1:55,VOMM,7/9/21 3:10,VOHY,0:55,1,4877:44 H,3413 L,success,
Journey,VT-VPA,7-Jul-21,VT-VPA/118,69,,7/7/21 6:05,VAAH,7/7/21 8:40,VOMM,2:12,1,4876:49 H,3412 L,success,
Journey,VT-VPA,6-Jul-21,VT-VPA/117,68,,7/6/21 12:20,VOMM,7/6/21 15:05,VAAH,2:02,1,4874:37 H,3411 L,success,
Journey,VT-VPA,5-Jul-21,VT-VPA/115,66,,7/5/21 9:45,VOMM,7/5/21 13:00,VIDP,2:24,1,4870:06 H,3409 L,success,
Journey,VT-VPA,3-Jul-21,VT-VPA/114,65,,7/3/21 13:50,VOHY,7/3/21 15:10,VOMM,0:56,1,4867:42 H,3408 L,success,
Journey,VT-VPA,29-Jun-21,VT-VPA/108,62,,6/29/21 12:05,VOHY,6/29/21 13:20,VOMM,0:53,1,4862:23 H,3402 L,success,
Journey,VT-VPA,27-Jun-21,VT-VPA/106,61,,6/27/21 2:55,vohs,6/27/21 5:25,VIDP,1:59,1,4859:34 H,3400 L,success,
Journey,VT-VPA,26-Jun-21,VT-VPA/104,60,,6/26/21 11:45,VAAH,6/26/21 14:45,VOMM,2:15,1,4856:47 H,3398 L,success,
Journey,VT-VPA,25-Jun-21,VT-VPA/102,59,,6/25/21 9:45,VOMM,6/25/21 11:40,VABB,1:32,1,4853:40 H,3396 L,success,
Journey,VT-VPA,24-Jun-21,VT-VPA/101,58,,6/24/21 11:10,VIDP,6/24/21 14:00,VOMM,2:20,1,4852:08 H,3395 L,success,
Journey,VT-VPA,31-May-21,VT-VPA/89,52,,5/31/21 3:15,VOMM,5/31/21 5:25,VABB,1:28,1,4838:12 H,3383 L,success,
Journey,VT-VPA,24-May-21,VT-VPA/88,51,,5/24/21 8:05,VABB,5/24/21 10:00,VOMM,1:33,1,4836:44 H,3382 L,success,
Journey,VT-VPA,21-May-21,VT-VPA/84,49,,5/21/21 12:50,VOHY,5/21/21 14:10,VOMM,0:58,1,4832:11 H,3378 L,success,
Journey,VT-VPA,8-Apr-21,VT-VPA/68,39,,4/8/21 11:55,VOHY,4/8/21 13:25,VOMM,1:03,1,4821:35 H,3363 L,success,
Journey,VT-VPA,5-Apr-21,VT-VPA/65,37,,4/5/21 2:30,VOHY,4/5/21 4:15,VEBS,1:24,1,4818:32 H,3360 L,success,
Journey,VT-VPA,4-Apr-21,VT-VPA/64,36,,4/4/21 9:05,VOMM,4/4/21 10:30,VOHY,0:56,1,4817:08 H,3359 L,success,
Journey,VT-VPA,25-Mar-21,VT-VPA/57,33,,3/25/21 15:05,VABB,3/25/21 17:20,VOMM,1:30,1,4809:54 H,3352 L,success,
Journey,VT-VPA,21-Mar-21,VT-VPA/53,31,,3/21/21 9:50,VIDP,3/21/21 13:05,VOMM,2:36,1,4805:13 H,3348 L,success,
Journey,VT-VPA,19-Mar-21,VT-VPA/51,30,,3/19/21 8:10,VABB,3/19/21 9:30,VOHY,0:59,1,4800:47 H,3346 L,success,
Journey,VT-VPA,16-Mar-21,VT-VPA/48,29,,3/16/21 17:00,vohs,3/16/21 18:10,VOMM,0:50,1,4797:44 H,3343 L,success,
Journey,VT-VPA,15-Mar-21,VT-VPA/46,28,,3/15/21 15:50,VIJP,3/15/21 16:50,VIDP,0:35,1,4795:03 H,3341 L,success,
Journey,VT-VPA,14-Mar-21,VT-VPA/44,27,,3/14/21 7:25,VOMM,3/14/21 8:40,VOHY,0:55,1,4792:45 H,3339 L,success,
Journey,VT-VPA,13-Mar-21,VT-VPA/43,26,,3/13/21 11:50,VIJP,3/13/21 14:40,VOMM,2:10,1,4791:50 H,3338 L,success,
Journey,VT-VPA,9-Feb-21,VT-VPA/37,23,,2/9/21 10:55,VIDP,2/9/21 14:05,VOMM,2:39,1,4785:02 H,3332 L,success,
Journey,VT-VPA,8-Feb-21,VT-VPA/34,22,,2/8/21 9:20,VIDP,2/8/21 11:00,VAAH,1:16,1,4777:33 H,3329 L,success,
Journey,VT-VPA,7-Feb-21,VT-VPA/33,21,,2/7/21 2:55,VOHY,2/7/21 5:20,VIDP,1:59,1,4776:17 H,3328 L,success,
Journey,VT-VPA,2-Feb-21,VT-VPA/24,16,,2/2/21 14:05,VABB,2/2/21 15:55,VOMM,1:35,1,4767:26 H,3319 L,success,
Journey,VT-VPA,29-Jan-21,VT-VPA/20,14,,1/29/21 12:30,VOMM,1/29/21 13:40,VOMM,0:42,1,4758:24 H,3315 L,success,
Journey,VT-VPA,25-Jan-21,VT-VPA/19,13,,1/25/21 4:30,VOMM,1/25/21 5:30,VOMM,0:37,1,4757:42 H,3314 L,success,
Journey,VT-VPA,5-Jan-21,VT-VPA/18,12,,1/5/21 1:30,VOMM,1/5/21 1:30,VOMM,0:00,0,4757:05 H,3313 L,success,
Journey,VT-VPA,3-Jan-21,VT-VPA/13,9,,1/3/21 12:20,VABB,1/3/21 14:25,VOMM,1:41,1,4755:08 H,3309 L,success,
Journey,VT-VPA,2-Jan-21,VT-VPA/9,7,,1/2/21 16:00,VIDP,1/2/21 16:10,VIDP,0:00,0,4748:32 H,3305 L,success,
Journey,VT-VPA,25-Dec-20,VT-VPA/8,6,,12/25/20 12:00,VIDP,12/25/20 12:10,VIDP,0:00,0,4748:32 H,3305 L,success,
Journey,VT-VPA,11-Dec-20,VT-VPA/7,5,,12/11/20 11:00,VIDP,12/11/20 11:10,VIDP,0:00,0,4748:32 H,3305 L,success,
Journey,VT-VPA,28-Nov-20,VT-VPA/6,4,,11/28/20 9:35,VIDP,11/28/20 12:00,VIDP,1:59,1,4748:32 H,3305 L,success,
Journey,VT-VPA,20-Nov-20,VT-VPA/4,2,,11/20/20 16:00,VIDP,11/20/20 16:10,VIDP,0:00,0,4746:33 H,3304 L,success,
Journey,VT-VPA,6-Nov-20,VT-VPA/3,1,,11/6/20 16:30,VIDP,11/6/20 16:40,VIDP,0:00,0,4746:33 H,3304 L,success,
Maintenance Log,VT-VPA,30-Jan-26,VT-VPA/581,11,,1/30/26 9:30,VIDP,1/30/26 10:30,VIDP,0:00,0,5439:59 H,3821 L,failed,Insert failed for log_selection_no VT-VPA/581: No row inserted (conflict or duplicate)
Maintenance Log,VT-VPA,28-Jan-26,VT-VPA/580,10,,1/28/26 12:30,VIDP,1/28/26 13:00,VIDP,0:00,0,5439:59 H,3821 L,failed,Insert failed for log_selection_no VT-VPA/580: No row inserted (conflict or duplicate)
Maintenance Log,VT-VPA,14-Jan-26,VT-VPA/579,9,,1/14/26 11:30,VIDP,1/14/26 12:00,VIDP,0:00,0,5439:59 H,3821 L,failed,Insert failed for log_selection_no VT-VPA/579: No row inserted (conflict or duplicate)
Maintenance Log,VT-VPA,31-Dec-25,VT-VPA/578,8,,12/31/25 12:00,VIDP,12/31/25 12:30,VIDP,0:00,0,5439:59 H,3821 L,failed,Insert failed for log_selection_no VT-VPA/578: No row inserted (conflict or duplicate)
Maintenance Log,VT-VPA,18-Dec-25,VT-VPA/577,7,,12/18/25 12:00,VIDP,12/18/25 12:30,VIDP,0:00,0,5439:59 H,3821 L,failed,Insert failed for log_selection_no VT-VPA/577: No row inserted (conflict or duplicate)
Maintenance Log,VT-VPA,4-Dec-25,VT-VPA/576,6,,12/4/25 10:30,VIDP,12/4/25 11:30,VIDP,0:00,0,5439:59 H,3821 L,failed,Insert failed for log_selection_no VT-VPA/576: No row inserted (conflict or duplicate)
Maintenance Log,VT-VPA,21-Nov-25,VT-VPA/575,5,,11/21/25 10:00,VIDP,11/21/25 12:00,VIDP,0:00,0,5439:59 H,3821 L,failed,Insert failed for log_selection_no VT-VPA/575: No row inserted (conflict or duplicate)
Maintenance Log,VT-VPA,14-Nov-25,VT-VPA/574,4,,11/14/25 7:30,VIDP,11/14/25 8:15,VIDP,0:00,0,5439:59 H,3821 L,failed,Insert failed for log_selection_no VT-VPA/574: No row inserted (conflict or duplicate)
Maintenance Log,VT-VPA,12-Nov-25,VT-VPA/573,3,,11/12/25 11:30,VIDP,11/12/25 12:20,VIDP,0:00,0,5439:59 H,3821 L,failed,Insert failed for log_selection_no VT-VPA/573: No row inserted (conflict or duplicate)
Maintenance Log,VT-VPA,31-Dec-24,VT-VPA/572,16,,12/31/24 15:00,VIDP,12/31/24 16:00,VIDP,0:00,0,5439:59 H,3821 L,failed,Insert failed for log_selection_no VT-VPA/572: No row inserted (conflict or duplicate)
Maintenance Log,VT-VPA,18-Dec-24,VT-VPA/571,15,,12/18/24 16:00,VIDP,12/18/24 17:00,VIDP,0:00,0,5439:59 H,3821 L,failed,Insert failed for log_selection_no VT-VPA/571: No row inserted (conflict or duplicate)
Maintenance Log,VT-VPA,4-Dec-24,VT-VPA/570,14,,12/4/24 16:00,VIDP,12/4/24 17:00,VIDP,0:00,0,5439:59 H,3821 L,failed,Insert failed for log_selection_no VT-VPA/570: No row inserted (conflict or duplicate)
Maintenance Log,VT-VPA,20-Nov-24,VT-VPA/568,12,,11/20/24 23:59,VIDP,11/20/24 23:59,VIDP,0:00,0,5439:59 H,3821 L,failed,Insert failed for log_selection_no VT-VPA/568: No row inserted (conflict or duplicate)
Maintenance Log,VT-VPA,8-Nov-24,VT-VPA/567,11,,11/8/24 23:59,VIDP,11/8/24 23:59,VIDP,0:00,0,5439:59 H,3821 L,failed,Insert failed for log_selection_no VT-VPA/567: No row inserted (conflict or duplicate)
Maintenance Log,VT-VPA,25-Oct-24,VT-VPA/566,10,,10/25/24 11:35,VABP,10/25/24 13:00,VIDP,1:01,1,5439:59 H,3821 L,failed,Insert failed for log_selection_no VT-VPA/566: No row inserted (conflict or duplicate)
Maintenance Log,VT-VPA,23-Oct-24,VT-VPA/565,9,,10/23/24 13:20,REWA,10/23/24 14:30,VABP,0:48,1,5438:58 H,3820 L,failed,Insert failed for log_selection_no VT-VPA/565: No row inserted (conflict or duplicate)
Maintenance Log,VT-VPA,23-Oct-24,VT-VPA/564,8,,10/23/24 4:20,VABP,10/23/24 5:20,REWA,0:45,1,5438:10 H,3819 L,failed,Insert failed for log_selection_no VT-VPA/564: No row inserted (conflict or duplicate)
Maintenance Log,VT-VPA,23-Oct-24,VT-VPA/563,7,,10/23/24 1:25,VIDP,10/23/24 2:50,VABP,0:59,1,5437:25 H,3818 L,failed,Insert failed for log_selection_no VT-VPA/563: No row inserted (conflict or duplicate)
Maintenance Log,VT-VPA,20-Oct-24,VT-VPA/562,6,,10/20/24 23:59,VIDP,10/20/24 23:59,VIDP,0:00,0,5436:26 H,3817 L,failed,Insert failed for log_selection_no VT-VPA/562: No row inserted (conflict or duplicate)
Maintenance Log,VT-VPA,7-Oct-24,VT-VPA/561,5,,10/7/24 23:59,VIDP,10/7/24 23:59,VIDP,0:00,0,5436:26 H,3817 L,failed,Insert failed for log_selection_no VT-VPA/561: No row inserted (conflict or duplicate)
Maintenance Log,VT-VPA,28-Sep-24,VT-VPA/560,4,,9/28/24 12:40,VABP,9/28/24 14:20,VIDP,1:10,3,5436:26 H,3817 L,failed,Insert failed for log_selection_no VT-VPA/560: No row inserted (conflict or duplicate)
Maintenance Log,VT-VPA,28-Sep-24,VT-VPA/559,3,,9/28/24 10:55,VAUD,9/28/24 12:30,VABP,1:15,3,5435:16 H,3814 L,failed,Insert failed for log_selection_no VT-VPA/559: No row inserted (conflict or duplicate)
Maintenance Log,VT-VPA,28-Sep-24,VT-VPA/558,2,,9/28/24 9:00,VIDP,9/28/24 10:40,VAUD,1:11,3,5434:01 H,3811 L,failed,Insert failed for log_selection_no VT-VPA/558: No row inserted (conflict or duplicate)
Maintenance Log,VT-VPA,27-Sep-24,VT-VPA/557,1,,9/27/24 23:59,VIDP,9/27/24 23:59,VIDP,0:00,0,5432:50 H,3808 L,failed,Insert failed for log_selection_no VT-VPA/557: No row inserted (conflict or duplicate)
Maintenance Log,VT-VPA,14-Sep-24,VT-VPA/556,24,,9/14/24 23:59,VIDP,9/14/24 23:59,VIDP,0:00,0,5432:50 H,3808 L,failed,Insert failed for log_selection_no VT-VPA/556: No row inserted (conflict or duplicate)
Maintenance Log,VT-VPA,31-Aug-24,VT-VPA/555,23,,8/31/24 9:00,VIKG,8/31/24 10:25,VIDP,0:46,1,5432:50 H,3808 L,failed,Insert failed for log_selection_no VT-VPA/555: No row inserted (conflict or duplicate)
Maintenance Log,VT-VPA,31-Aug-24,VT-VPA/554,22,,8/31/24 8:05,VIKG,8/31/24 8:50,VIKG,0:34,6,5432:04 H,3807 L,failed,Insert failed for log_selection_no VT-VPA/554: No row inserted (conflict or duplicate)
Maintenance Log,VT-VPA,31-Aug-24,VT-VPA/553,21,,8/31/24 6:45,VIDP,8/31/24 7:45,VIKG,0:43,1,5431:30 H,3801 L,failed,Insert failed for log_selection_no VT-VPA/553: No row inserted (conflict or duplicate)
Maintenance Log,VT-VPA,29-Aug-24,VT-VPA/552,20,,8/29/24 23:59,VIDP,8/29/24 23:59,VIDP,0:00,0,5430:47 H,3800 L,failed,Insert failed for log_selection_no VT-VPA/552: No row inserted (conflict or duplicate)
Maintenance Log,VT-VPA,21-Aug-24,VT-VPA/551,19,,8/21/24 0:00,VIDP,8/21/24 0:00,VIDP,0:00,0,5430:47 H,3800 L,failed,Insert failed for log_selection_no VT-VPA/551: No row inserted (conflict or duplicate)
Maintenance Log,VT-VPA,7-Aug-24,VT-VPA/550,18,,8/7/24 0:00,VIDP,8/7/24 0:00,VIDP,0:00,0,5430:47 H,3800 L,failed,Insert failed for log_selection_no VT-VPA/550: No row inserted (conflict or duplicate)
Maintenance Log,VT-VPA,24-Jul-24,VT-VPA/549,17,,7/24/24 0:00,VIDP,7/24/24 0:00,VIDP,0:00,0,5430:47 H,3800 L,failed,Insert failed for log_selection_no VT-VPA/549: No row inserted (conflict or duplicate)
Maintenance Log,VT-VPA,14-Jul-24,VT-VPA/548,16,,7/14/24 0:00,VIDP,7/14/24 0:00,VIDP,0:00,0,5430:47 H,3800 L,failed,Insert failed for log_selection_no VT-VPA/548: No row inserted (conflict or duplicate)
Maintenance Log,VT-VPA,30-Jun-24,VT-VPA/547,15,,6/30/24 0:00,VIDP,6/30/24 0:00,VIDP,0:00,0,5430:47 H,3800 L,failed,Insert failed for log_selection_no VT-VPA/547: No row inserted (conflict or duplicate)
Maintenance Log,VT-VPA,22-Jun-24,VT-VPA/546,14,,6/22/24 0:00,VIDP,6/22/24 0:00,VIDP,0:00,0,5430:47 H,3800 L,failed,Insert failed for log_selection_no VT-VPA/546: No row inserted (conflict or duplicate)
Maintenance Log,VT-VPA,9-Jun-24,VT-VPA/545,13,,6/9/24 0:00,VIDP,6/9/24 0:00,VIDP,0:00,0,5430:47 H,3800 L,failed,Insert failed for log_selection_no VT-VPA/545: No row inserted (conflict or duplicate)
Maintenance Log,VT-VPA,8-Jun-24,VT-VPA/544,12,,6/8/24 12:25,VABP,6/8/24 13:45,VIDP,1:00,1,5430:47 H,3800 L,failed,Insert failed for log_selection_no VT-VPA/544: No row inserted (conflict or duplicate)
Maintenance Log,VT-VPA,8-Jun-24,VT-VPA/543,11,,6/8/24 11:00,VAPO,6/8/24 12:15,VABP,1:00,1,5429:47 H,3799 L,failed,Insert failed for log_selection_no VT-VPA/543: No row inserted (conflict or duplicate)
Maintenance Log,VT-VPA,7-Jun-24,VT-VPA/542,10,,6/7/24 14:55,VAID,6/7/24 16:00,VAPO,0:55,1,5428:47 H,3798 L,failed,Insert failed for log_selection_no VT-VPA/542: No row inserted (conflict or duplicate)
Maintenance Log,VT-VPA,7-Jun-24,VT-VPA/541,9,,6/7/24 12:40,VIJP,6/7/24 14:25,VAID,1:30,1,5427:52 H,3797 L,failed,Insert failed for log_selection_no VT-VPA/541: No row inserted (conflict or duplicate)
Maintenance Log,VT-VPA,28-May-24,VT-VPA/540,8,,5/28/24 0:00,VIJP,5/28/24 0:00,VIJP,0:00,0,5426:22 H,3796 L,failed,Insert failed for log_selection_no VT-VPA/540: No row inserted (conflict or duplicate)
Maintenance Log,VT-VPA,23-May-24,VT-VPA/539,7,,5/23/24 11:40,VIDP,5/23/24 12:40,VIJP,0:30,1,5426:22 H,3796 L,failed,Insert failed for log_selection_no VT-VPA/539: No row inserted (conflict or duplicate)
Maintenance Log,VT-VPA,21-May-24,VT-VPA/538,6,,5/21/24 12:05,VOBG,5/21/24 14:55,VIDP,2:35,1,5425:52 H,3795 L,failed,Insert failed for log_selection_no VT-VPA/538: No row inserted (conflict or duplicate)
Maintenance Log,VT-VPA,21-May-24,VT-VPA/537,5,,5/21/24 8:55,VIDP,5/21/24 11:40,VOBG,2:35,1,5423:17 H,3794 L,failed,Insert failed for log_selection_no VT-VPA/537: No row inserted (conflict or duplicate)
Maintenance Log,VT-VPA,VOID,VT-VPA/536,4,,VOID,VOID,VOID,VOID,VOID,0,5420:42 H,3793 L,failed,Insert failed for log_selection_no VT-VPA/536: Invalid flight date
Maintenance Log,VT-VPA,8-May-24,VT-VPA/535,3,,5/8/24 0:00,VIDP,5/8/24 0:00,VIDP,0:00,0,5420:42 H,3793 L,failed,Insert failed for log_selection_no VT-VPA/535: No row inserted (conflict or duplicate)
Maintenance Log,VT-VPA,24-Apr-24,VT-VPA/534,2,,4/24/24 0:00,VIDP,4/24/24 0:00,VIDP,0:00,0,5420:42 H,3793 L,failed,Insert failed for log_selection_no VT-VPA/534: No row inserted (conflict or duplicate)
Maintenance Log,VT-VPA,10-Apr-24,VT-VPA/533,1,,4/10/24 0:00,VIDP,4/10/24 0:00,VIDP,0:00,0,5420:42 H,3793 L,failed,Insert failed for log_selection_no VT-VPA/533: No row inserted (conflict or duplicate)
Maintenance Log,VT-VPA,28-Mar-24,VT-VPA/532,141,,3/28/24 0:00,VIDP,3/28/24 0:00,VIDP,0:00,0,5420:42 H,3793 L,failed,Insert failed for log_selection_no VT-VPA/532: No row inserted (conflict or duplicate)
Maintenance Log,VT-VPA,14-Mar-24,VT-VPA/531,140,,3/14/24 0:00,VIDP,3/14/24 0:00,VIDP,0:00,0,5420:42 H,3793 L,failed,Insert failed for log_selection_no VT-VPA/531: No row inserted (conflict or duplicate)
Maintenance Log,VT-VPA,24-Feb-24,VT-VPA/530,139,,2/24/24 0:00,VIDP,2/24/24 0:00,VIDP,0:00,0,5420:42 H,3793 L,failed,Insert failed for log_selection_no VT-VPA/530: No row inserted (conflict or duplicate)
Maintenance Log,VT-VPA,15-Feb-24,VT-VPA/529,138,,2/15/24 6:40,VOVZ,2/15/24 9:15,VIDP,2:18,1,5420:42 H,3793 L,failed,Insert failed for log_selection_no VT-VPA/529: No row inserted (conflict or duplicate)
Maintenance Log,VT-VPA,13-Feb-24,VT-VPA/528,137,,2/13/24 12:45,VOHY,2/13/24 13:55,VOVZ,0:48,1,5418:24 H,3792 L,failed,Insert failed for log_selection_no VT-VPA/528: No row inserted (conflict or duplicate)
Maintenance Log,VT-VPA,13-Feb-24,VT-VPA/527,137,,2/13/24 10:55,VAID,2/13/24 12:25,VOHY,1:17,1,5417:36 H,3791 L,failed,Insert failed for log_selection_no VT-VPA/527: No row inserted (conflict or duplicate)
Maintenance Log,VT-VPA,13-Feb-24,VT-VPA/526,137,,2/13/24 8:20,VIDN,2/13/24 10:00,VAID,1:28,1,5416:19 H,3790 L,failed,Insert failed for log_selection_no VT-VPA/526: No row inserted (conflict or duplicate)
Maintenance Log,VT-VPA,12-Feb-24,VT-VPA/525,136,,2/12/24 12:15,VAID,2/12/24 13:50,VIDN,1:21,1,5414:51 H,3789 L,failed,Insert failed for log_selection_no VT-VPA/525: No row inserted (conflict or duplicate)
Maintenance Log,VT-VPA,12-Feb-24,VT-VPA/524,136,,2/12/24 10:20,VIDP,2/12/24 11:55,VAID,1:12,1,5413:30 H,3788 L,failed,Insert failed for log_selection_no VT-VPA/524: No row inserted (conflict or duplicate)
Maintenance Log,VT-VPA,11-Feb-24,VT-VPA/523,135,,2/11/24 11:55,vohs,2/11/24 14:20,VIDP,1:57,1,5412:18 H,3787 L,failed,Insert failed for log_selection_no VT-VPA/523: No row inserted (conflict or duplicate)
Maintenance Log,VT-VPA,VOID,VT-VPA/522,134,,VOID,VOID,VOID,VOID,VOID,0,5410:21 H,3786 L,failed,Insert failed for log_selection_no VT-VPA/522: Invalid flight date
Maintenance Log,VT-VPA,30-Jan-24,VT-VPA/521,133,,1/30/24 12:20,VOCB,1/30/24 13:50,vohs,1:20,1,5410:21 H,3786 L,failed,Insert failed for log_selection_no VT-VPA/521: No row inserted (conflict or duplicate)
Maintenance Log,VT-VPA,30-Jan-24,VT-VPA/520,133,,1/30/24 11:15,VOCI,1/30/24 12:05,VOCB,0:34,1,5409:01 H,3785 L,failed,"Insert failed for log_selection_no VT-VPA/520: Missing references (aircraft VT-VPA, departure VOCI, arrival VOCB)"
Maintenance Log,VT-VPA,30-Jan-24,VT-VPA/519,133,,1/30/24 6:40,VAUD,1/30/24 9:10,VOCI,2:16,1,5408:27 H,3784 L,failed,"Insert failed for log_selection_no VT-VPA/519: Missing references (aircraft VT-VPA, departure VAUD, arrival VOCI)"
Maintenance Log,VT-VPA,30-Jan-24,VT-VPA/518,133,,1/30/24 5:00,VIDP,1/30/24 6:15,VAUD,1:00,1,5406:11 H,3783 L,failed,Insert failed for log_selection_no VT-VPA/518: No row inserted (conflict or duplicate)
Maintenance Log,VT-VPA,22-Jan-24,VT-VPA/517,132,,1/22/24 0:00,VIDP,1/22/24 0:00,VIDP,0:00,0,5405:11 H,3782 L,failed,Insert failed for log_selection_no VT-VPA/517: No row inserted (conflict or duplicate)
Maintenance Log,VT-VPA,8-Jan-24,VT-VPA/516,131,,1/8/24 0:00,VIDP,1/8/24 0:00,VIDP,0:00,0,5405:11 H,3782 L,failed,Insert failed for log_selection_no VT-VPA/516: No row inserted (conflict or duplicate)
Maintenance Log,VT-VPA,5-Jan-24,VT-VPA/515,130,,1/5/24 0:00,VIDP,1/5/24 0:00,VIDP,0:00,0,5405:11 H,3782 L,failed,Insert failed for log_selection_no VT-VPA/515: No row inserted (conflict or duplicate)
Maintenance Log,VT-VPA,25-Dec-23,VT-VPA/514,129,,12/25/23 7:30,VIDP,12/25/23 8:50,VIDP,0:52,1,5405:11 H,3782 L,failed,Insert failed for log_selection_no VT-VPA/514: No row inserted (conflict or duplicate)
Maintenance Log,VT-VPA,14-Dec-23,VT-VPA/513,128,,12/14/23 0:00,VIDP,12/14/23 0:00,VIDP,0:00,0,5404:19 H,3781 L,failed,Insert failed for log_selection_no VT-VPA/513: No row inserted (conflict or duplicate)
Maintenance Log,VT-VPA,2-Dec-23,VT-VPA/512,127,,12/2/23 0:00,VIDP,12/2/23 0:00,VIDP,0:00,0,5404:19 H,3781 L,failed,Insert failed for log_selection_no VT-VPA/512: No row inserted (conflict or duplicate)
Maintenance Log,VT-VPA,16-Nov-23,VT-VPA/511,126,,11/16/23 0:00,VIDP,11/16/23 0:00,VIDP,0:00,0,5404:19 H,3781 L,failed,Insert failed for log_selection_no VT-VPA/511: No row inserted (conflict or duplicate)
Maintenance Log,VT-VPA,5-Nov-23,VT-VPA/510,125,,11/5/23 12:05,VABP,11/5/23 13:20,VIDP,1:01,1,5404:19 H,3781 L,failed,Insert failed for log_selection_no VT-VPA/510: No row inserted (conflict or duplicate)
Maintenance Log,VT-VPA,5-Nov-23,VT-VPA/509,124,,11/5/23 5:00,VIDP,11/5/23 6:10,VABP,0:59,1,5403:18 H,3780 L,failed,Insert failed for log_selection_no VT-VPA/509: No row inserted (conflict or duplicate)
Maintenance Log,VT-VPA,4-Nov-23,VT-VPA/508,123,,11/4/23 10:55,viar,11/4/23 12:15,VIDP,0:59,1,5402:19 H,3779 L,failed,Insert failed for log_selection_no VT-VPA/508: No row inserted (conflict or duplicate)
Maintenance Log,VT-VPA,4-Nov-23,VT-VPA/507,122,,11/4/23 3:40,VIDP,11/4/23 4:50,viar,0:46,1,5401:20 H,3778 L,failed,Insert failed for log_selection_no VT-VPA/507: No row inserted (conflict or duplicate)
Maintenance Log,VT-VPA,2-Nov-23,VT-VPA/506,121,,11/2/23 11:05,VOMM,11/2/23 14:10,VIDP,2:38,1,5400:34 H,3777 L,failed,Insert failed for log_selection_no VT-VPA/506: No row inserted (conflict or duplicate)
Maintenance Log,VT-VPA,2-Nov-23,VT-VPA/505,120,,11/2/23 0:00,VOMM,11/2/23 0:00,VOMM,0:00,0,5397:56 H,3776 L,failed,Insert failed for log_selection_no VT-VPA/505: No row inserted (conflict or duplicate)
Maintenance Log,VT-VPA,21-Oct-23,VT-VPA/504,119,,10/21/23 23:59,VOMM,10/21/23 23:59,VOMM,0:00,0,5397:56 H,3776 L,failed,Insert failed for log_selection_no VT-VPA/504: No row inserted (conflict or duplicate)
Maintenance Log,VT-VPA,10-Oct-23,VT-VPA/503,118,,10/10/23 23:59,VOMM,10/10/23 23:59,VOMM,0:00,0,5397:56 H,3776 L,failed,Insert failed for log_selection_no VT-VPA/503: No row inserted (conflict or duplicate)
Maintenance Log,VT-VPA,27-Sep-23,VT-VPA/502,117,,9/27/23 12:45,VABP,9/27/23 15:00,VOMM,1:55,1,5397:56 H,3776 L,failed,Insert failed for log_selection_no VT-VPA/502: No row inserted (conflict or duplicate)
Maintenance Log,VT-VPA,27-Sep-23,VT-VPA/501,117,,9/27/23 7:45,VAID,9/27/23 8:30,VABP,0:28,1,5396:01 H,3775 L,failed,Insert failed for log_selection_no VT-VPA/501: No row inserted (conflict or duplicate)
Maintenance Log,VT-VPA,27-Sep-23,VT-VPA/500,117,,9/27/23 5:40,VIDP,9/27/23 7:15,VAID,1:11,1,5395:33 H,3774 L,failed,Insert failed for log_selection_no VT-VPA/500: No row inserted (conflict or duplicate)
Maintenance Log,VT-VPA,19-Sep-23,VT-VPA/499,119,,9/19/23 8:30,VABB,9/19/23 10:55,VIDP,2:01,1,5394:22 H,3773 L,failed,Insert failed for log_selection_no VT-VPA/499: No row inserted (conflict or duplicate)
Maintenance Log,VT-VPA,17-Sep-23,VT-VPA/498,115,,9/17/23 17:35,vohs,9/17/23 19:05,VABB,1:08,1,5392:21 H,3772 L,failed,Insert failed for log_selection_no VT-VPA/498: No row inserted (conflict or duplicate)
Maintenance Log,VT-VPA,16-Sep-23,VT-VPA/497,114,,9/16/23 4:25,VABB,9/16/23 5:55,vohs,1:07,1,5391:13 H,3771 L,failed,Insert failed for log_selection_no VT-VPA/497: No row inserted (conflict or duplicate)
Maintenance Log,VT-VPA,15-Sep-23,VT-VPA/496,113,,9/15/23 5:20,VIJP,9/15/23 7:05,VABB,1:32,1,5390:06 H,3770 L,failed,Insert failed for log_selection_no VT-VPA/496: No row inserted (conflict or duplicate)
Maintenance Log,VT-VPA,15-Sep-23,VT-VPA/495,113,,9/15/23 0:40,VOMM,9/15/23 3:15,VIJP,2:20,1,5388:34 H,3769 L,failed,Insert failed for log_selection_no VT-VPA/495: No row inserted (conflict or duplicate)
Maintenance Log,VT-VPA,11-Sep-23,VT-VPA/494,112,,9/11/23 4:30,VEBS,9/11/23 6:25,VOMM,1:32,1,5386:14 H,3768 L,failed,Insert failed for log_selection_no VT-VPA/494: No row inserted (conflict or duplicate)
Maintenance Log,VT-VPA,10-Sep-23,VT-VPA/493,111,,9/10/23 6:00,VAGD,9/10/23 8:05,VEBS,1:53,1,5384:42 H,3767 L,failed,"Insert failed for log_selection_no VT-VPA/493: Missing references (aircraft VT-VPA, departure VAGD, arrival VEBS)"
Maintenance Log,VT-VPA,9-Sep-23,VT-VPA/492,110,,9/9/23 10:30,VABB,9/9/23 11:30,VAGD,0:34,1,5382:49 H,3766 L,failed,"Insert failed for log_selection_no VT-VPA/492: Missing references (aircraft VT-VPA, departure VABB, arrival VAGD)"
Maintenance Log,VT-VPA,8-Sep-23,VT-VPA/491,109,,9/8/23 6:40,VEBS,9/8/23 9:30,VABB,2:36,1,5382:15 H,3765 L,failed,Insert failed for log_selection_no VT-VPA/491: No row inserted (conflict or duplicate)
Maintenance Log,VT-VPA,5-Sep-23,VT-VPA/490,108,,9/5/23 8:35,VEBN,9/5/23 10:00,VEBS,1:07,1,5379:39 H,3764 L,failed,Insert failed for log_selection_no VT-VPA/490: No row inserted (conflict or duplicate)
Maintenance Log,VT-VPA,4-Sep-23,VT-VPA/489,107,,9/4/23 8:00,VEBS,9/4/23 9:35,VEBN,1:13,1,5378:32 H,3763 L,failed,Insert failed for log_selection_no VT-VPA/489: No row inserted (conflict or duplicate)
Maintenance Log,VT-VPA,30-Aug-23,VT-VPA/488,106,,8/30/23 4:25,VIDP,8/30/23 7:00,VEBS,2:05,1,5377:19 H,3762 L,failed,Insert failed for log_selection_no VT-VPA/488: No row inserted (conflict or duplicate)
Maintenance Log,VT-VPA,25-Aug-23,VT-VPA/487,105,,8/25/23 10:50,VIJP,8/25/23 12:00,VIDP,0:41,1,5375:14 H,3761 L,failed,Insert failed for log_selection_no VT-VPA/487: No row inserted (conflict or duplicate)
Maintenance Log,VT-VPA,24-Aug-23,VT-VPA/486,104,,8/24/23 13:20,VIDP,8/24/23 14:15,VIJP,0:32,1,5374:33 H,3760 L,failed,Insert failed for log_selection_no VT-VPA/486: No row inserted (conflict or duplicate)
Maintenance Log,VT-VPA,24-Aug-23,VT-VPA/485,104,,8/24/23 1:30,VOMM,8/24/23 4:30,VIDP,2:33,1,5374:01 H,3759 L,failed,Insert failed for log_selection_no VT-VPA/485: No row inserted (conflict or duplicate)
Maintenance Log,VT-VPA,23-Aug-23,VT-VPA/484,103,,8/23/23 17:25,VIDP,8/23/23 20:25,VOMM,2:30,1,5371:28 H,3758 L,failed,Insert failed for log_selection_no VT-VPA/484: No row inserted (conflict or duplicate)
Maintenance Log,VT-VPA,23-Aug-23,VT-VPA/483,103,,8/23/23 7:50,VOMM,8/23/23 10:50,VIDP,2:30,1,5368:58 H,3757 L,failed,Insert failed for log_selection_no VT-VPA/483: No row inserted (conflict or duplicate)
Maintenance Log,VT-VPA,22-Aug-23,VT-VPA/482,102,,8/22/23 11:40,VABB,8/22/23 14:10,VOMM,1:45,1,5366:28 H,3756 L,failed,Insert failed for log_selection_no VT-VPA/482: No row inserted (conflict or duplicate)
Maintenance Log,VT-VPA,22-Aug-23,VT-VPA/481,102,,8/22/23 9:05,VOMM,8/22/23 10:55,VABB,1:36,1,5364:43 H,3755 L,failed,Insert failed for log_selection_no VT-VPA/481: No row inserted (conflict or duplicate)
Maintenance Log,VT-VPA,22-Aug-23,VT-VPA/480,102,,8/22/23 7:10,VOMM,8/22/23 8:10,VOMM,0:38,1,5363:07 H,3754 L,failed,Insert failed for log_selection_no VT-VPA/480: No row inserted (conflict or duplicate)
Maintenance Log,VT-VPA,11-Aug-23,VT-VPA/479,101,,8/11/23 23:59,VOMM,8/11/23 23:59,VOMM,0:00,0,5362:29 H,3753 L,failed,Insert failed for log_selection_no VT-VPA/479: No row inserted (conflict or duplicate)
Maintenance Log,VT-VPA,29-Jul-23,VT-VPA/478,100,,7/29/23 9:05,VIDP,7/29/23 12:15,VOMM,2:36,1,5362:29 H,3753 L,failed,Insert failed for log_selection_no VT-VPA/478: No row inserted (conflict or duplicate)
Maintenance Log,VT-VPA,27-Jul-23,VT-VPA/477,99,,7/27/23 12:50,VABB,7/27/23 15:10,VIDP,1:51,1,5359:53 H,3752 L,failed,Insert failed for log_selection_no VT-VPA/477: No row inserted (conflict or duplicate)
Maintenance Log,VT-VPA,26-Jul-23,VT-VPA/476,98,,7/26/23 15:45,VIDP,7/26/23 18:10,VABB,2:02,1,5358:02 H,3751 L,failed,Insert failed for log_selection_no VT-VPA/476: No row inserted (conflict or duplicate)
Maintenance Log,VT-VPA,25-Jul-23,VT-VPA/475,97,,7/25/23 13:40,VOMM,7/25/23 16:50,VIDP,2:43,1,5356:00 H,3750 L,failed,Insert failed for log_selection_no VT-VPA/475: No row inserted (conflict or duplicate)
Maintenance Log,VT-VPA,21-Jul-23,VT-VPA/474,96,,7/21/23 11:55,VOMM,7/21/23 12:00,VOMM,0:00,0,5353:17 H,3749 L,failed,Insert failed for log_selection_no VT-VPA/474: No row inserted (conflict or duplicate)
Maintenance Log,VT-VPA,21-Jul-23,VT-VPA/473,96,,7/21/23 10:35,VOBG,7/21/23 11:45,VOMM,0:42,1,5353:17 H,3749 L,failed,Insert failed for log_selection_no VT-VPA/473: No row inserted (conflict or duplicate)
Maintenance Log,VT-VPA,19-Jul-23,VT-VPA/472,95,,7/19/23 12:50,VABB,7/19/23 14:35,VOBG,1:21,1,5352:35 H,3748 L,failed,Insert failed for log_selection_no VT-VPA/472: No row inserted (conflict or duplicate)
Maintenance Log,VT-VPA,19-Jul-23,VT-VPA/471,95,,7/19/23 1:35,VOMM,7/19/23 3:50,VABB,1:59,1,5351:14 H,3747 L,failed,Insert failed for log_selection_no VT-VPA/471: No row inserted (conflict or duplicate)
Maintenance Log,VT-VPA,19-Jul-23,VT-VPA/470,95,,7/19/23 1:10,VOMM,7/19/23 1:25,VOMM,0:00,0,5349:15 H,3746 L,failed,Insert failed for log_selection_no VT-VPA/470: No row inserted (conflict or duplicate)
Maintenance Log,VT-VPA,14-Jul-23,VT-VPA/469,94,,7/14/23 11:50,VIDP,7/14/23 15:00,VOMM,2:39,1,5349:15 H,3746 L,failed,Insert failed for log_selection_no VT-VPA/469: No row inserted (conflict or duplicate)
Maintenance Log,VT-VPA,VOID,VT-VPA/468,93,,VOID,VOID,VOID,VOID,VOID,0,5346:36 H,3745 L,failed,Insert failed for log_selection_no VT-VPA/468: Invalid flight date
Maintenance Log,VT-VPA,13-Jul-23,VT-VPA/467,92,,7/13/23 3:00,VOBG,7/13/23 6:05,VIDP,2:40,1,5346:36 H,3745 L,failed,Insert failed for log_selection_no VT-VPA/467: No row inserted (conflict or duplicate)
Maintenance Log,VT-VPA,12-Jul-23,VT-VPA/466,91,,7/12/23 3:00,VOMM,7/12/23 3:55,VOBG,0:32,1,5343:56 H,3744 L,failed,Insert failed for log_selection_no VT-VPA/466: No row inserted (conflict or duplicate)
Maintenance Log,VT-VPA,10-Jul-23,VT-VPA/465,90,,7/10/23 11:35,VIDP,7/10/23 14:50,VOMM,2:46,1,5343:24 H,3743 L,failed,Insert failed for log_selection_no VT-VPA/465: No row inserted (conflict or duplicate)
Maintenance Log,VT-VPA,10-Jul-23,VT-VPA/464,90,,7/10/23 2:15,VOMM,7/10/23 5:10,VIDP,2:35,1,5340:38 H,3742 L,failed,Insert failed for log_selection_no VT-VPA/464: No row inserted (conflict or duplicate)
Maintenance Log,VT-VPA,6-Jul-23,VT-VPA/463,89,,7/6/23 10:10,VOBG,7/6/23 11:10,VOMM,0:37,1,5338:03 H,3741 L,failed,Insert failed for log_selection_no VT-VPA/463: No row inserted (conflict or duplicate)
Maintenance Log,VT-VPA,4-Jul-23,VT-VPA/462,88,,7/4/23 14:30,VOMM,7/4/23 15:35,VOBG,0:35,1,5337:26 H,3740 L,failed,Insert failed for log_selection_no VT-VPA/462: No row inserted (conflict or duplicate)
Maintenance Log,VT-VPA,2-Jul-23,VT-VPA/461,87,,7/2/23 9:45,VOTP,7/2/23 10:20,VOMM,0:21,1,5336:51 H,3739 L,failed,Insert failed for log_selection_no VT-VPA/461: No row inserted (conflict or duplicate)
Maintenance Log,VT-VPA,2-Jul-23,VT-VPA/460,87,,7/2/23 1:40,VOMM,7/2/23 2:25,VOTP,0:26,1,5336:30 H,3738 L,failed,Insert failed for log_selection_no VT-VPA/460: No row inserted (conflict or duplicate)
Maintenance Log,VT-VPA,30-Jun-23,VT-VPA/459,86,,6/30/23 10:35,VIDP,6/30/23 14:00,VOMM,2:50,1,5336:04 H,3737 L,failed,Insert failed for log_selection_no VT-VPA/459: No row inserted (conflict or duplicate)
Maintenance Log,VT-VPA,30-Jun-23,VT-VPA/458,86,,6/30/23 1:20,VOMM,6/30/23 4:25,VIDP,2:43,1,5333:14 H,3736 L,failed,Insert failed for log_selection_no VT-VPA/458: No row inserted (conflict or duplicate)
Maintenance Log,VT-VPA,25-Jun-23,VT-VPA/457,85,,6/25/23 3:25,VABB,6/25/23 5:30,VOMM,1:39,1,5330:31 H,3735 L,failed,Insert failed for log_selection_no VT-VPA/457: No row inserted (conflict or duplicate)
Maintenance Log,VT-VPA,23-Jun-23,VT-VPA/456,84,,6/23/23 1:30,VOMM,6/23/23 3:20,VABB,1:34,1,5328:52 H,3734 L,failed,Insert failed for log_selection_no VT-VPA/456: No row inserted (conflict or duplicate)
Maintenance Log,VT-VPA,21-Jun-23,VT-VPA/455,83,,6/21/23 3:35,VOBG,6/21/23 4:30,VOMM,0:38,1,5327:18 H,3733 L,failed,Insert failed for log_selection_no VT-VPA/455: No row inserted (conflict or duplicate)
Maintenance Log,VT-VPA,20-Jun-23,VT-VPA/454,82,,6/20/23 2:50,VOMM,6/20/23 3:45,VOBG,0:40,1,5326:40 H,3732 L,failed,Insert failed for log_selection_no VT-VPA/454: No row inserted (conflict or duplicate)
Maintenance Log,VT-VPA,19-Jun-23,VT-VPA/453,81,,6/19/23 3:15,VOTP,6/19/23 4:40,VOMM,0:32,1,5326:00 H,3731 L,failed,Insert failed for log_selection_no VT-VPA/453: No row inserted (conflict or duplicate)
Maintenance Log,VT-VPA,18-Jun-23,VT-VPA/452,80,,6/18/23 12:15,VOMM,6/18/23 13:10,VOTP,0:22,1,5325:28 H,3730 L,failed,Insert failed for log_selection_no VT-VPA/452: No row inserted (conflict or duplicate)
Maintenance Log,VT-VPA,16-Jun-23,VT-VPA/451,79,,6/16/23 10:30,VOHY,6/16/23 11:50,VOMM,1:00,1,5325:06 H,3729 L,failed,Insert failed for log_selection_no VT-VPA/451: No row inserted (conflict or duplicate)
Maintenance Log,VT-VPA,16-Jun-23,VT-VPA/450,79,,6/16/23 3:00,VOMM,6/16/23 4:45,VOHY,0:56,1,5324:06 H,3728 L,failed,Insert failed for log_selection_no VT-VPA/450: No row inserted (conflict or duplicate)
Maintenance Log,VT-VPA,15-Jun-23,VT-VPA/449,78,,6/15/23 5:15,VOMM,6/15/23 5:45,VOMM,0:16,1,5323:10 H,3727 L,failed,Insert failed for log_selection_no VT-VPA/449: No row inserted (conflict or duplicate)
Maintenance Log,VT-VPA,6-Jun-23,VT-VPA/448,77,,6/6/23 17:20,VOMM,6/6/23 18:15,VOMM,0:40,2,5322:54 H,3726 L,failed,Insert failed for log_selection_no VT-VPA/448: No row inserted (conflict or duplicate)
Maintenance Log,VT-VPA,6-Jun-23,VT-VPA/447,77,,6/6/23 13:50,VOMM,6/6/23 15:05,VOMM,1:05,2,5322:14 H,3724 L,failed,Insert failed for log_selection_no VT-VPA/447: No row inserted (conflict or duplicate)
Maintenance Log,VT-VPA,6-Jun-23,VT-VPA/446,77,,6/6/23 12:15,VOMM,6/6/23 13:10,VOMM,0:45,2,5321:09 H,3722 L,failed,Insert failed for log_selection_no VT-VPA/446: No row inserted (conflict or duplicate)
Maintenance Log,VT-VPA,6-Jun-23,VT-VPA/445,77,,6/6/23 11:05,VOMM,6/6/23 12:10,VOMM,0:55,2,5320:24 H,3720 L,failed,Insert failed for log_selection_no VT-VPA/445: No row inserted (conflict or duplicate)
Maintenance Log,VT-VPA,5-Jun-23,VT-VPA/444,76,,6/5/23 12:35,VAAH,6/5/23 15:10,VOMM,2:10,1,5319:29 H,3718 L,failed,Insert failed for log_selection_no VT-VPA/444: No row inserted (conflict or duplicate)
Maintenance Log,VT-VPA,5-Jun-23,VT-VPA/443,76,,6/5/23 9:20,VOMM,6/5/23 11:45,VAAH,2:10,1,5317:19 H,3717 L,failed,Insert failed for log_selection_no VT-VPA/443: No row inserted (conflict or duplicate)
Maintenance Log,VT-VPA,4-Jun-23,VT-VPA/442,75,,6/4/23 8:45,VOHY,6/4/23 9:50,VOMM,0:55,1,5315:09 H,3716 L,failed,Insert failed for log_selection_no VT-VPA/442: No row inserted (conflict or duplicate)
Maintenance Log,VT-VPA,4-Jun-23,VT-VPA/441,75,,6/4/23 7:35,VANP,6/4/23 8:40,VOHY,0:55,1,5314:14 H,3715 L,failed,"Insert failed for log_selection_no VT-VPA/441: Missing references (aircraft VT-VPA, departure VANP, arrival VOHY)"
Maintenance Log,VT-VPA,4-Jun-23,VT-VPA/440,75,,6/4/23 6:05,VOHY,6/4/23 7:05,VANP,0:50,1,5313:19 H,3714 L,failed,"Insert failed for log_selection_no VT-VPA/440: Missing references (aircraft VT-VPA, departure VOHY, arrival VANP)"
Maintenance Log,VT-VPA,4-Jun-23,VT-VPA/439,75,,6/4/23 4:45,VOMM,6/4/23 6:00,VOHY,0:55,1,5312:29 H,3713 L,failed,Insert failed for log_selection_no VT-VPA/439: No row inserted (conflict or duplicate)
Maintenance Log,VT-VPA,3-Jun-23,VT-VPA/438,74,,6/3/23 10:20,VOBG,6/3/23 11:05,VOMM,0:35,1,5311:34 H,3712 L,failed,Insert failed for log_selection_no VT-VPA/438: No row inserted (conflict or duplicate)
Maintenance Log,VT-VPA,3-Jun-23,VT-VPA/437,74,,6/3/23 9:30,VOMM,6/3/23 10:15,VOBG,0:30,1,5310:59 H,3711 L,failed,Insert failed for log_selection_no VT-VPA/437: No row inserted (conflict or duplicate)
Maintenance Log,VT-VPA,3-Jun-23,VT-VPA/436,74,,6/3/23 8:05,VOMM,6/3/23 8:45,VOMM,0:24,3,5310:29 H,3710 L,failed,Insert failed for log_selection_no VT-VPA/436: No row inserted (conflict or duplicate)
Maintenance Log,VT-VPA,2-Jun-23,VT-VPA/435,73,,6/2/23 23:59,VOMM,6/2/23 23:59,VOMM,0:00,0,5310:05 H,3707 L,failed,Insert failed for log_selection_no VT-VPA/435: No row inserted (conflict or duplicate)
Maintenance Log,VT-VPA,1-Jun-23,VT-VPA/434,72,,6/1/23 3:50,VOBG,6/1/23 5:15,VOMM,0:46,1,5310:05 H,3707 L,failed,Insert failed for log_selection_no VT-VPA/434: No row inserted (conflict or duplicate)
Maintenance Log,VT-VPA,31-May-23,VT-VPA/433,71,,5/31/23 5:10,VOMM,5/31/23 6:15,VOBG,0:32,1,5309:19 H,3706 L,failed,Insert failed for log_selection_no VT-VPA/433: No row inserted (conflict or duplicate)
Maintenance Log,VT-VPA,29-May-23,VT-VPA/432,70,,5/29/23 11:45,VAAH,5/29/23 14:35,VOMM,2:12,1,5308:47 H,3705 L,failed,Insert failed for log_selection_no VT-VPA/432: No row inserted (conflict or duplicate)
Maintenance Log,VT-VPA,29-May-23,VT-VPA/431,70,,5/29/23 1:45,VOMM,5/29/23 4:15,VAAH,2:08,1,5306:35 H,3704 L,failed,Insert failed for log_selection_no VT-VPA/431: No row inserted (conflict or duplicate)
Maintenance Log,VT-VPA,29-May-23,VT-VPA/430,69,,5/29/23 1:30,VOMM,5/29/23 1:40,VOMM,0:00,0,5304:27 H,3703 L,failed,Insert failed for log_selection_no VT-VPA/430: No row inserted (conflict or duplicate)
Maintenance Log,VT-VPA,27-May-23,VT-VPA/429,68,,5/27/23 11:30,vosm,5/27/23 12:35,VOMM,0:35,1,5304:27 H,3703 L,failed,"Insert failed for log_selection_no VT-VPA/429: Missing references (aircraft VT-VPA, departure vosm, arrival VOMM)"
Maintenance Log,VT-VPA,27-May-23,VT-VPA/428,68,,5/27/23 4:15,VOMM,5/27/23 5:15,vosm,0:38,1,5303:52 H,3702 L,failed,"Insert failed for log_selection_no VT-VPA/428: Missing references (aircraft VT-VPA, departure VOMM, arrival vosm)"
Maintenance Log,VT-VPA,27-May-23,VT-VPA/427,68,,5/27/23 1:25,VABB,5/27/23 3:50,VOMM,1:41,1,5303:14 H,3701 L,failed,Insert failed for log_selection_no VT-VPA/427: No row inserted (conflict or duplicate)
Maintenance Log,VT-VPA,26-May-23,VT-VPA/426,67,,5/26/23 23:59,VABB,5/26/23 23:59,VABB,0:00,0,5301:33 H,3700 L,failed,Insert failed for log_selection_no VT-VPA/426: No row inserted (conflict or duplicate)
Maintenance Log,VT-VPA,10-May-23,VT-VPA/425,66,,5/10/23 16:55,VIDP,5/10/23 19:00,VABB,1:41,1,5301:33 H,3700 L,failed,Insert failed for log_selection_no VT-VPA/425: No row inserted (conflict or duplicate)
Maintenance Log,VT-VPA,9-May-23,VT-VPA/424,65,,5/9/23 4:10,VICG,5/9/23 5:20,VIDP,0:46,1,5299:52 H,3699 L,failed,"Insert failed for log_selection_no VT-VPA/424: Missing references (aircraft VT-VPA, departure VICG, arrival VIDP)"
Maintenance Log,VT-VPA,8-May-23,VT-VPA/423,64,,5/8/23 11:55,VIDP,5/8/23 13:10,VICG,0:55,1,5299:06 H,3698 L,failed,"Insert failed for log_selection_no VT-VPA/423: Missing references (aircraft VT-VPA, departure VIDP, arrival VICG)"
Maintenance Log,VT-VPA,8-May-23,VT-VPA/422,64,,5/8/23 1:30,VOMM,5/8/23 4:25,VIDP,2:37,1,5298:11 H,3697 L,failed,Insert failed for log_selection_no VT-VPA/422: No row inserted (conflict or duplicate)
Maintenance Log,VT-VPA,7-May-23,VT-VPA/421,63,,5/7/23 6:50,VOBG,5/7/23 7:40,VOMM,0:38,1,5295:34 H,3696 L,failed,Insert failed for log_selection_no VT-VPA/421: No row inserted (conflict or duplicate)
Maintenance Log,VT-VPA,7-May-23,VT-VPA/420,63,,5/7/23 5:55,VOMM,5/7/23 6:45,VOBG,0:34,1,5294:56 H,3695 L,failed,Insert failed for log_selection_no VT-VPA/420: No row inserted (conflict or duplicate)
Maintenance Log,VT-VPA,7-May-23,VT-VPA/419,62,,5/7/23 4:40,VOMM,5/7/23 4:50,VOMM,0:00,0,5294:22 H,3694 L,failed,Insert failed for log_selection_no VT-VPA/419: No row inserted (conflict or duplicate)
Maintenance Log,VT-VPA,28-Mar-23,VT-VPA/418,61,,3/28/23 5:55,VOBG,3/28/23 6:55,VOMM,0:36,1,5294:22 H,3694 L,failed,Insert failed for log_selection_no VT-VPA/418: No row inserted (conflict or duplicate)
Maintenance Log,VT-VPA,27-Mar-23,VT-VPA/417,60,,3/27/23 9:10,VAID,3/27/23 11:10,VOBG,1:42,1,5293:46 H,3693 L,failed,Insert failed for log_selection_no VT-VPA/417: No row inserted (conflict or duplicate)
Maintenance Log,VT-VPA,25-Mar-23,VT-VPA/416,59,,3/25/23 5:20,VAJB,3/25/23 6:30,VAID,0:53,1,5292:04 H,3692 L,failed,"Insert failed for log_selection_no VT-VPA/416: Missing references (aircraft VT-VPA, departure VAJB, arrival VAID)"
Maintenance Log,VT-VPA,23-Mar-23,VT-VPA/415,28,,3/23/23 12:00,VOBG,3/23/23 14:05,VAJB,1:42,1,5291:11 H,3691 L,failed,"Insert failed for log_selection_no VT-VPA/415: Missing references (aircraft VT-VPA, departure VOBG, arrival VAJB)"
Maintenance Log,VT-VPA,23-Mar-23,VT-VPA/414,58,,3/23/23 9:45,VOMM,3/23/23 10:40,VOBG,0:35,1,5289:29 H,3690 L,failed,Insert failed for log_selection_no VT-VPA/414: No row inserted (conflict or duplicate)
Maintenance Log,VT-VPA,13-Mar-23,VT-VPA/413,57,,3/13/23 9:55,VOTP,3/13/23 10:40,VOMM,0:19,1,5288:54 H,3689 L,failed,Insert failed for log_selection_no VT-VPA/413: No row inserted (conflict or duplicate)
Maintenance Log,VT-VPA,12-Mar-23,VT-VPA/412,56,,3/12/23 13:00,VOMM,3/12/23 14:15,VOTP,0:29,1,5288:35 H,3688 L,failed,Insert failed for log_selection_no VT-VPA/412: No row inserted (conflict or duplicate)
Maintenance Log,VT-VPA,9-Mar-23,VT-VPA/411,55,,3/9/23 3:30,VAAH,3/9/23 6:20,VOMM,2:14,1,5288:06 H,3687 L,failed,Insert failed for log_selection_no VT-VPA/411: No row inserted (conflict or duplicate)
Maintenance Log,VT-VPA,6-Mar-23,VT-VPA/410,54,,3/6/23 2:55,VOMM,3/6/23 5:30,VAAH,2:02,1,5285:52 H,3686 L,failed,Insert failed for log_selection_no VT-VPA/410: No row inserted (conflict or duplicate)
Maintenance Log,VT-VPA,5-Mar-23,VT-VPA/409,53,,3/5/23 9:25,VAAH,3/5/23 12:00,VOMM,2:15,1,5283:50 H,3685 L,failed,Insert failed for log_selection_no VT-VPA/409: No row inserted (conflict or duplicate)
Maintenance Log,VT-VPA,5-Mar-23,VT-VPA/408,53,,3/5/23 6:30,VOMM,3/5/23 9:05,VAAH,2:08,1,5281:35 H,3684 L,failed,Insert failed for log_selection_no VT-VPA/408: No row inserted (conflict or duplicate)
Maintenance Log,VT-VPA,5-Mar-23,VT-VPA/407,52,,3/5/23 3:55,VABB,3/5/23 5:55,VOMM,1:37,1,5279:27 H,3683 L,failed,Insert failed for log_selection_no VT-VPA/407: No row inserted (conflict or duplicate)
Maintenance Log,VT-VPA,3-Mar-23,VT-VPA/406,51,,3/3/23 2:55,VOMM,3/3/23 5:00,VABB,1:35,1,5277:50 H,3682 L,failed,Insert failed for log_selection_no VT-VPA/406: No row inserted (conflict or duplicate)
Maintenance Log,VT-VPA,1-Mar-23,VT-VPA/405,50,,3/1/23 11:25,VABB,3/1/23 13:20,VOMM,1:32,1,5276:15 H,3681 L,failed,Insert failed for log_selection_no VT-VPA/405: No row inserted (conflict or duplicate)
Maintenance Log,VT-VPA,28-Feb-23,VT-VPA/404,49,,2/28/23 3:55,VOMM,2/28/23 6:00,VABB,1:43,1,5274:43 H,3680 L,failed,Insert failed for log_selection_no VT-VPA/404: No row inserted (conflict or duplicate)
Maintenance Log,VT-VPA,26-Feb-23,VT-VPA/403,48,,2/26/23 8:20,VIJP,2/26/23 10:55,VOMM,2:12,1,5273:00 H,3679 L,failed,Insert failed for log_selection_no VT-VPA/403: No row inserted (conflict or duplicate)
Maintenance Log,VT-VPA,25-Feb-23,VT-VPA/402,47,,2/25/23 1:40,VOMM,2/25/23 4:30,VIJP,2:21,1,5270:48 H,3678 L,failed,Insert failed for log_selection_no VT-VPA/402: No row inserted (conflict or duplicate)
Maintenance Log,VT-VPA,18-Feb-23,VT-VPA/401,46,,2/18/23 10:30,VAAH,2/18/23 13:00,VOMM,2:01,1,5268:27 H,3677 L,failed,Insert failed for log_selection_no VT-VPA/401: No row inserted (conflict or duplicate)
Maintenance Log,VT-VPA,18-Feb-23,VT-VPA/400,46,,2/18/23 7:15,VOMM,2/18/23 9:40,VAAH,2:05,1,5266:26 H,3676 L,failed,Insert failed for log_selection_no VT-VPA/400: No row inserted (conflict or duplicate)
Maintenance Log,VT-VPA,18-Feb-23,VT-VPA/399,45,,2/18/23 4:10,VAAH,2/18/23 6:40,VOMM,2:07,1,5264:21 H,3675 L,failed,Insert failed for log_selection_no VT-VPA/399: No row inserted (conflict or duplicate)
Maintenance Log,VT-VPA,16-Feb-23,VT-VPA/398,44,,2/16/23 4:35,VAUD,2/16/23 5:20,VAAH,0:26,1,5262:14 H,3674 L,failed,Insert failed for log_selection_no VT-VPA/398: No row inserted (conflict or duplicate)
Maintenance Log,VT-VPA,15-Feb-23,VT-VPA/397,43,,2/15/23 10:35,VAAH,2/15/23 11:30,VAUD,0:39,1,5261:48 H,3673 L,failed,Insert failed for log_selection_no VT-VPA/397: No row inserted (conflict or duplicate)
Maintenance Log,VT-VPA,15-Feb-23,VT-VPA/396,43,,2/15/23 7:20,VOMM,2/15/23 10:15,VAAH,2:23,1,5261:09 H,3672 L,failed,Insert failed for log_selection_no VT-VPA/396: No row inserted (conflict or duplicate)
Maintenance Log,VT-VPA,11-Feb-23,VT-VPA/395,42,,2/11/23 7:05,VIUT,2/11/23 10:10,VOMM,2:45,1,5258:46 H,3671 L,failed,"Insert failed for log_selection_no VT-VPA/395: Missing references (aircraft VT-VPA, departure VIUT, arrival VOMM)"
Maintenance Log,VT-VPA,11-Feb-23,VT-VPA/394,42,,2/11/23 3:00,VOMM,2/11/23 6:05,VIUT,2:38,1,5256:01 H,3670 L,failed,"Insert failed for log_selection_no VT-VPA/394: Missing references (aircraft VT-VPA, departure VOMM, arrival VIUT)"
Maintenance Log,VT-VPA,2-Feb-23,VT-VPA/393,41,,2/2/23 14:15,vohs,2/2/23 15:30,VOMM,0:54,1,5253:23 H,3669 L,failed,Insert failed for log_selection_no VT-VPA/393: No row inserted (conflict or duplicate)
Maintenance Log,VT-VPA,2-Feb-23,VT-VPA/392,41,,2/2/23 12:20,VOHY,2/2/23 12:50,vohs,0:16,1,5252:29 H,3668 L,failed,Insert failed for log_selection_no VT-VPA/392: No row inserted (conflict or duplicate)
Maintenance Log,VT-VPA,2-Feb-23,VT-VPA/391,41,,2/2/23 8:45,VIDN,2/2/23 11:00,VOHY,2:02,1,5252:13 H,3667 L,failed,Insert failed for log_selection_no VT-VPA/391: No row inserted (conflict or duplicate)
Maintenance Log,VT-VPA,2-Feb-23,VT-VPA/390,41,,2/2/23 4:35,VOMM,2/2/23 8:00,VIDN,2:59,1,5250:11 H,3666 L,failed,Insert failed for log_selection_no VT-VPA/390: No row inserted (conflict or duplicate)
Maintenance Log,VT-VPA,1-Feb-23,VT-VPA/389,40,,2/1/23 11:40,VABB,2/1/23 13:45,VOMM,1:31,1,5247:12 H,3665 L,failed,Insert failed for log_selection_no VT-VPA/389: No row inserted (conflict or duplicate)
Maintenance Log,VT-VPA,1-Feb-23,VT-VPA/388,40,,2/1/23 1:20,VOMM,2/1/23 3:40,VABB,1:53,1,5245:41 H,3664 L,failed,Insert failed for log_selection_no VT-VPA/388: No row inserted (conflict or duplicate)
Maintenance Log,VT-VPA,31-Jan-23,VT-VPA/387,39,,1/31/23 8:50,VOBG,1/31/23 10:30,VOMM,1:12,1,5243:48 H,3663 L,failed,Insert failed for log_selection_no VT-VPA/387: No row inserted (conflict or duplicate)
Maintenance Log,VT-VPA,31-Jan-23,VT-VPA/386,39,,1/31/23 2:05,VOMM,1/31/23 3:00,VOBG,0:32,1,5242:36 H,3662 L,failed,Insert failed for log_selection_no VT-VPA/386: No row inserted (conflict or duplicate)
Maintenance Log,VT-VPA,26-Jan-23,VT-VPA/385,38,,1/26/23 15:25,VAPO,1/26/23 17:25,VOMM,1:34,1,5242:04 H,3661 L,failed,Insert failed for log_selection_no VT-VPA/385: No row inserted (conflict or duplicate)
Maintenance Log,VT-VPA,26-Jan-23,VT-VPA/384,38,,1/26/23 1:55,VOBG,1/26/23 3:25,VAPO,1:08,1,5240:30 H,3660 L,failed,Insert failed for log_selection_no VT-VPA/384: No row inserted (conflict or duplicate)
Maintenance Log,VT-VPA,25-Jan-23,VT-VPA/383,37,,1/25/23 2:10,VOMM,1/25/23 3:20,VOBG,0:41,1,5239:22 H,3659 L,failed,Insert failed for log_selection_no VT-VPA/383: No row inserted (conflict or duplicate)
Maintenance Log,VT-VPA,23-Jan-23,VT-VPA/382,36,,1/23/23 11:20,VECC,1/23/23 13:55,VOMM,2:06,1,5238:41 H,3658 L,failed,Insert failed for log_selection_no VT-VPA/382: No row inserted (conflict or duplicate)
Maintenance Log,VT-VPA,23-Jan-23,VT-VPA/381,36,,1/23/23 2:25,VOMM,1/23/23 4:50,VECC,1:50,1,5236:35 H,3657 L,failed,Insert failed for log_selection_no VT-VPA/381: No row inserted (conflict or duplicate)
Maintenance Log,VT-VPA,21-Jan-23,VT-VPA/380,35,,1/21/23 6:00,VOMM,1/21/23 7:10,VOMM,0:48,1,5234:45 H,3656 L,failed,Insert failed for log_selection_no VT-VPA/380: No row inserted (conflict or duplicate)
Maintenance Log,VT-VPA,16-Jan-23,VT-VPA/379,34,,1/16/23 4:05,VOMM,1/16/23 5:30,VOMM,1:02,1,5233:57 H,3655 L,failed,Insert failed for log_selection_no VT-VPA/379: No row inserted (conflict or duplicate)
Maintenance Log,VT-VPA,14-Jan-23,VT-VPA/378,33,,1/14/23 10:45,VOMM,1/14/23 11:00,VOMM,0:00,0,5232:55 H,3654 L,failed,Insert failed for log_selection_no VT-VPA/378: No row inserted (conflict or duplicate)
Maintenance Log,VT-VPA,2-Jan-23,VT-VPA/377,32,,1/2/23 7:25,VAUD,1/2/23 9:55,VOMM,2:01,1,5232:55 H,3654 L,failed,Insert failed for log_selection_no VT-VPA/377: No row inserted (conflict or duplicate)
Maintenance Log,VT-VPA,2-Jan-23,VT-VPA/376,23,,1/2/23 6:15,VAAH,1/2/23 7:00,VAUD,0:30,1,5230:54 H,3653 L,failed,Insert failed for log_selection_no VT-VPA/376: No row inserted (conflict or duplicate)
Maintenance Log,VT-VPA,1-Jan-23,VT-VPA/375,31,,1/1/23 6:20,VAUD,1/1/23 7:20,VAAH,0:32,1,5230:24 H,3652 L,failed,Insert failed for log_selection_no VT-VPA/375: No row inserted (conflict or duplicate)
Maintenance Log,VT-VPA,30-Dec-22,VT-VPA/374,30,,12/30/22 2:25,VOMM,12/30/22 5:10,VAUD,2:19,1,5229:52 H,3651 L,failed,Insert failed for log_selection_no VT-VPA/374: No row inserted (conflict or duplicate)
Maintenance Log,VT-VPA,27-Dec-22,VT-VPA/373,29,,12/27/22 13:00,VOMM,12/27/22 13:15,VOMM,0:00,0,5227:33 H,3650 L,failed,Insert failed for log_selection_no VT-VPA/373: No row inserted (conflict or duplicate)
Maintenance Log,VT-VPA,15-Dec-22,VT-VPA/371,27,,12/15/22 9:05,vocp,12/15/22 10:00,VOMM,0:33,1,5227:33 H,3650 L,failed,"Insert failed for log_selection_no VT-VPA/371: Missing references (aircraft VT-VPA, departure vocp, arrival VOMM)"
Maintenance Log,VT-VPA,15-Dec-22,VT-VPA/370,27,,12/15/22 6:00,VOMM,12/15/22 7:00,vocp,0:30,1,5227:00 H,3649 L,failed,"Insert failed for log_selection_no VT-VPA/370: Missing references (aircraft VT-VPA, departure VOMM, arrival vocp)"
Maintenance Log,VT-VPA,12-Dec-22,VT-VPA/369,26,,12/12/22 10:45,VECC,12/12/22 13:15,VOMM,2:02,1,5226:30 H,3648 L,failed,Insert failed for log_selection_no VT-VPA/369: No row inserted (conflict or duplicate)
Maintenance Log,VT-VPA,12-Dec-22,VT-VPA/368,26,,12/12/22 0:50,VOMM,12/12/22 3:10,VECC,1:54,1,5224:28 H,3647 L,failed,Insert failed for log_selection_no VT-VPA/368: No row inserted (conflict or duplicate)
Maintenance Log,VT-VPA,10-Dec-22,VT-VPA/367,25,,12/10/22 10:40,VOHY,12/10/22 12:00,VOMM,0:57,1,5222:34 H,3646 L,failed,Insert failed for log_selection_no VT-VPA/367: No row inserted (conflict or duplicate)
Maintenance Log,VT-VPA,10-Dec-22,VT-VPA/366,25,,12/10/22 9:05,VOMM,12/10/22 10:15,VOHY,0:52,1,5221:37 H,3645 L,failed,Insert failed for log_selection_no VT-VPA/366: No row inserted (conflict or duplicate)
Maintenance Log,VT-VPA,8-Dec-22,VT-VPA/365,24,,12/8/22 12:35,VOMM,12/8/22 12:45,VOMM,0:00,0,5220:45 H,3644 L,failed,Insert failed for log_selection_no VT-VPA/365: No row inserted (conflict or duplicate)
Maintenance Log,VT-VPA,3-Dec-22,VT-VPA/364,23,,12/3/22 13:10,VOMD,12/3/22 14:10,VOMM,0:45,1,5220:45 H,3644 L,failed,"Insert failed for log_selection_no VT-VPA/364: Missing references (aircraft VT-VPA, departure VOMD, arrival VOMM)"
Maintenance Log,VT-VPA,3-Dec-22,VT-VPA/363,23,,12/3/22 12:10,VOCB,12/3/22 12:55,VOMD,0:28,1,5220:00 H,3643 L,failed,"Insert failed for log_selection_no VT-VPA/363: Missing references (aircraft VT-VPA, departure VOCB, arrival VOMD)"
Maintenance Log,VT-VPA,3-Dec-22,VT-VPA/362,23,,12/3/22 10:30,VOMM,12/3/22 11:40,VOCB,0:51,1,5219:32 H,3642 L,failed,Insert failed for log_selection_no VT-VPA/362: No row inserted (conflict or duplicate)
Maintenance Log,VT-VPA,2-Dec-22,VT-VPA/361,22,,12/2/22 5:25,VABB,12/2/22 7:25,VOMM,1:35,1,5218:41 H,3641 L,failed,Insert failed for log_selection_no VT-VPA/361: No row inserted (conflict or duplicate)
Maintenance Log,VT-VPA,2-Dec-22,VT-VPA/360,22,,12/2/22 3:50,vabv,12/2/22 5:00,VABB,0:52,1,5217:06 H,3640 L,failed,"Insert failed for log_selection_no VT-VPA/360: Missing references (aircraft VT-VPA, departure vabv, arrival VABB)"
Maintenance Log,VT-VPA,2-Dec-22,VT-VPA/359,22,,12/2/22 1:20,VOMM,12/2/22 3:35,vabv,1:57,1,5216:14 H,3639 L,failed,"Insert failed for log_selection_no VT-VPA/359: Missing references (aircraft VT-VPA, departure VOMM, arrival vabv)"
Maintenance Log,VT-VPA,25-Nov-22,VT-VPA/358,21,,11/25/22 12:20,VIDP,11/25/22 15:15,VOMM,2:25,1,5214:17 H,3638 L,failed,Insert failed for log_selection_no VT-VPA/358: No row inserted (conflict or duplicate)
Maintenance Log,VT-VPA,25-Nov-22,VT-VPA/357,21,,11/25/22 2:40,VOMM,11/25/22 5:40,VIDP,2:28,1,5211:52 H,3637 L,failed,Insert failed for log_selection_no VT-VPA/357: No row inserted (conflict or duplicate)
Maintenance Log,VT-VPA,24-Nov-22,VT-VPA/356,20,,11/24/22 9:30,VECC,11/24/22 12:00,VOMM,2:06,1,5209:24 H,3636 L,failed,Insert failed for log_selection_no VT-VPA/356: No row inserted (conflict or duplicate)
Maintenance Log,VT-VPA,24-Nov-22,VT-VPA/355,20,,11/24/22 1:15,VOMM,11/24/22 3:35,VECC,1:58,1,5207:18 H,3635 L,failed,Insert failed for log_selection_no VT-VPA/355: No row inserted (conflict or duplicate)
Maintenance Log,VT-VPA,22-Nov-22,VT-VPA/354,19,,11/22/22 8:15,VIJO,11/22/22 11:00,VOMM,2:19,1,5205:20 H,3634 L,failed,"Insert failed for log_selection_no VT-VPA/354: Missing references (aircraft VT-VPA, departure VIJO, arrival VOMM)"
Maintenance Log,VT-VPA,22-Nov-22,VT-VPA/353,19,,11/22/22 1:35,VOMM,11/22/22 4:35,VIJO,2:32,1,5203:01 H,3633 L,failed,"Insert failed for log_selection_no VT-VPA/353: Missing references (aircraft VT-VPA, departure VOMM, arrival VIJO)"
Maintenance Log,VT-VPA,12-Nov-22,VT-VPA/352,18,,11/12/22 20:25,VABB,11/12/22 22:35,VOMM,1:37,1,5200:29 H,3632 L,failed,Insert failed for log_selection_no VT-VPA/352: No row inserted (conflict or duplicate)
Maintenance Log,VT-VPA,12-Nov-22,VT-VPA/351,18,,11/12/22 17:50,VIDP,11/12/22 19:50,VABB,1:43,1,5198:52 H,3631 L,failed,Insert failed for log_selection_no VT-VPA/351: No row inserted (conflict or duplicate)
Maintenance Log,VT-VPA,11-Nov-22,VT-VPA/350,17,,11/11/22 11:35,VOBG,11/11/22 14:35,VIDP,2:32,1,5197:09 H,3630 L,failed,Insert failed for log_selection_no VT-VPA/350: No row inserted (conflict or duplicate)
Maintenance Log,VT-VPA,10-Nov-22,VT-VPA/349,16,,11/10/22 13:00,VABB,11/10/22 14:45,VOBG,1:17,1,5194:37 H,3629 L,failed,Insert failed for log_selection_no VT-VPA/349: No row inserted (conflict or duplicate)
Maintenance Log,VT-VPA,10-Nov-22,VT-VPA/348,16,,11/10/22 2:20,VOMM,11/10/22 4:25,VABB,1:36,1,5193:20 H,3628 L,failed,Insert failed for log_selection_no VT-VPA/348: No row inserted (conflict or duplicate)
Maintenance Log,VT-VPA,7-Nov-22,VT-VPA/347,15,,11/7/22 11:25,VIDP,11/7/22 14:20,VOMM,2:35,1,5191:44 H,3627 L,failed,Insert failed for log_selection_no VT-VPA/347: No row inserted (conflict or duplicate)
Maintenance Log,VT-VPA,7-Nov-22,VT-VPA/346,15,,11/7/22 8:00,VOMM,11/7/22 11:00,VIDP,2:31,1,5189:09 H,3626 L,failed,Insert failed for log_selection_no VT-VPA/346: No row inserted (conflict or duplicate)
Maintenance Log,VT-VPA,6-Nov-22,VT-VPA/345,14,,11/6/22 14:20,VAAH,11/6/22 17:10,VOMM,2:21,1,5186:38 H,3625 L,failed,Insert failed for log_selection_no VT-VPA/345: No row inserted (conflict or duplicate)
Maintenance Log,VT-VPA,5-Nov-22,VT-VPA/344,13,,11/5/22 6:45,VABB,11/5/22 7:45,VAAH,0:50,1,5184:17 H,3624 L,failed,Insert failed for log_selection_no VT-VPA/344: No row inserted (conflict or duplicate)
Maintenance Log,VT-VPA,5-Nov-22,VT-VPA/343,13,,11/5/22 3:50,VOMM,11/5/22 5:50,VABB,1:34,1,5183:27 H,3623 L,failed,Insert failed for log_selection_no VT-VPA/343: No row inserted (conflict or duplicate)
Maintenance Log,VT-VPA,28-Oct-22,VT-VPA/342,12,,10/28/22 6:20,VIDP,10/28/22 9:15,VOMM,2:28,1,5181:53 H,3622 L,failed,Insert failed for log_selection_no VT-VPA/342: No row inserted (conflict or duplicate)
Maintenance Log,VT-VPA,28-Oct-22,VT-VPA/341,12,,10/28/22 1:20,VOMM,10/28/22 4:20,VIDP,2:29,1,5179:25 H,3621 L,failed,Insert failed for log_selection_no VT-VPA/341: No row inserted (conflict or duplicate)
Maintenance Log,VT-VPA,27-Oct-22,VT-VPA/340,11,,10/27/22 11:30,VOMM,10/27/22 11:45,VOMM,0:00,0,5176:56 H,3620 L,failed,Insert failed for log_selection_no VT-VPA/340: No row inserted (conflict or duplicate)
Maintenance Log,VT-VPA,12-Oct-22,VT-VPA/339,10,,10/12/22 7:40,VIAG,10/12/22 10:45,VOMM,2:32,1,5176:56 H,3620 L,failed,"Insert failed for log_selection_no VT-VPA/339: Missing references (aircraft VT-VPA, departure VIAG, arrival VOMM)"
Maintenance Log,VT-VPA,12-Oct-22,VT-VPA/338,10,,10/12/22 4:40,VIDP,10/12/22 5:40,VIAG,0:33,1,5174:24 H,3619 L,failed,"Insert failed for log_selection_no VT-VPA/338: Missing references (aircraft VT-VPA, departure VIDP, arrival VIAG)"
Maintenance Log,VT-VPA,12-Oct-22,VT-VPA/337,10,,10/12/22 0:20,VOMM,10/12/22 3:25,VIDP,2:27,1,5173:51 H,3618 L,failed,Insert failed for log_selection_no VT-VPA/337: No row inserted (conflict or duplicate)
Maintenance Log,VT-VPA,6-Oct-22,VT-VPA/336,9,,10/6/22 15:05,VABB,10/6/22 17:10,VOMM,1:35,1,5171:24 H,3617 L,failed,Insert failed for log_selection_no VT-VPA/336: No row inserted (conflict or duplicate)
Maintenance Log,VT-VPA,6-Oct-22,VT-VPA/335,9,,10/6/22 3:25,VOMM,10/6/22 5:15,VABB,1:28,1,5169:49 H,3616 L,failed,Insert failed for log_selection_no VT-VPA/335: No row inserted (conflict or duplicate)
Maintenance Log,VT-VPA,16-Sep-22,VT-VPA/334,8,,9/16/22 16:00,VOMM,9/16/22 16:15,VOMM,0:00,0,5168:21 H,3615 L,failed,Insert failed for log_selection_no VT-VPA/334: No row inserted (conflict or duplicate)
Maintenance Log,VT-VPA,2-Sep-22,VT-VPA/333,7,,9/2/22 8:05,vohs,9/2/22 9:20,VOMM,0:55,1,5168:21 H,3615 L,failed,Insert failed for log_selection_no VT-VPA/333: No row inserted (conflict or duplicate)
Maintenance Log,VT-VPA,2-Sep-22,VT-VPA/332,7,,9/2/22 6:00,VOMM,9/2/22 7:15,vohs,0:56,1,5167:26 H,3614 L,failed,Insert failed for log_selection_no VT-VPA/332: No row inserted (conflict or duplicate)
Maintenance Log,VT-VPA,29-Aug-22,VT-VPA/331,6,,8/29/22 10:45,VOBL,8/29/22 11:55,VOMM,0:45,1,5166:30 H,3613 L,failed,Insert failed for log_selection_no VT-VPA/331: No row inserted (conflict or duplicate)
Maintenance Log,VT-VPA,VOID,VT-VPA/330,5,,VOID,VOID,VOID,VOID,VOID,0,5165:45 H,3612 L,failed,Insert failed for log_selection_no VT-VPA/330: Invalid flight date
Maintenance Log,VT-VPA,23-Aug-22,VT-VPA/329,4,,8/23/22 11:30,VOMM,8/23/22 12:20,VOBL,0:33,1,5165:45 H,3612 L,failed,Insert failed for log_selection_no VT-VPA/329: No row inserted (conflict or duplicate)
Maintenance Log,VT-VPA,7-Aug-22,VT-VPA/328,3,,8/7/22 23:59,VOMM,8/7/22 23:59,VOMM,0:00,0,5165:12 H,3611 L,failed,Insert failed for log_selection_no VT-VPA/328: No row inserted (conflict or duplicate)
Maintenance Log,VT-VPA,27-Jul-22,VT-VPA/327,2,,7/27/22 15:30,VOMM,7/27/22 15:50,VOMM,0:00,0,5165:12 H,3611 L,failed,Insert failed for log_selection_no VT-VPA/327: No row inserted (conflict or duplicate)
Maintenance Log,VT-VPA,13-Jul-22,VT-VPA/326,1,,7/13/22 5:30,VOMM,7/13/22 5:45,VOMM,0:00,0,5165:12 H,3611 L,failed,Insert failed for log_selection_no VT-VPA/326: No row inserted (conflict or duplicate)
Maintenance Log,VT-VPA,30-Jun-22,VT-VPA/325,190,,6/30/22 14:35,VABB,6/30/22 16:55,VOMM,1:41,1,5165:12 H,3611 L,failed,Insert failed for log_selection_no VT-VPA/325: No row inserted (conflict or duplicate)
Maintenance Log,VT-VPA,30-Jun-22,VT-VPA/324,190,,6/30/22 11:25,VOCB,6/30/22 13:20,VABB,1:36,1,5163:31 H,3610 L,failed,Insert failed for log_selection_no VT-VPA/324: No row inserted (conflict or duplicate)
Maintenance Log,VT-VPA,30-Jun-22,VT-VPA/323,190,,6/30/22 7:40,VICG,6/30/22 11:10,VOCB,3:06,1,5161:55 H,3609 L,failed,"Insert failed for log_selection_no VT-VPA/323: Missing references (aircraft VT-VPA, departure VICG, arrival VOCB)"
Maintenance Log,VT-VPA,28-Jun-22,VT-VPA/322,189,,6/28/22 1:50,VOMM,6/28/22 5:00,VICG,2:45,1,5158:49 H,3608 L,failed,"Insert failed for log_selection_no VT-VPA/322: Missing references (aircraft VT-VPA, departure VOMM, arrival VICG)"
Maintenance Log,VT-VPA,26-Jun-22,VT-VPA/321,188,,6/26/22 10:10,VIDP,6/26/22 13:10,VOMM,2:30,1,5156:04 H,3607 L,failed,Insert failed for log_selection_no VT-VPA/321: No row inserted (conflict or duplicate)
Maintenance Log,VT-VPA,26-Jun-22,VT-VPA/320,188,,6/26/22 1:20,VOMM,6/26/22 4:30,VIDP,2:47,1,5153:34 H,3606 L,failed,Insert failed for log_selection_no VT-VPA/320: No row inserted (conflict or duplicate)
Maintenance Log,VT-VPA,22-Jun-22,VT-VPA/319,187,,6/22/22 15:50,HAL Airport,6/22/22 17:05,VOMM,0:37,1,5150:47 H,3605 L,failed,"Insert failed for log_selection_no VT-VPA/319: Missing references (aircraft VT-VPA, departure HAL Airport, arrival VOMM)"
Maintenance Log,VT-VPA,22-Jun-22,VT-VPA/318,187,,6/22/22 11:50,VOMM,6/22/22 12:50,HAL Airport,0:30,1,5150:10 H,3604 L,failed,"Insert failed for log_selection_no VT-VPA/318: Missing references (aircraft VT-VPA, departure VOMM, arrival HAL Airport)"
Maintenance Log,VT-VPA,20-Jun-22,VT-VPA/317,186,,6/20/22 12:05,vosm,6/20/22 13:00,VOMM,0:32,1,5149:40 H,3603 L,failed,"Insert failed for log_selection_no VT-VPA/317: Missing references (aircraft VT-VPA, departure vosm, arrival VOMM)"
Maintenance Log,VT-VPA,20-Jun-22,VT-VPA/316,186,,6/20/22 10:40,VOHY,6/20/22 11:55,vosm,1:02,1,5149:08 H,3602 L,failed,"Insert failed for log_selection_no VT-VPA/316: Missing references (aircraft VT-VPA, departure VOHY, arrival vosm)"
Maintenance Log,VT-VPA,20-Jun-22,VT-VPA/315,186,,6/20/22 1:15,VOMM,6/20/22 2:30,VOHY,0:53,1,5148:06 H,3601 L,failed,Insert failed for log_selection_no VT-VPA/315: No row inserted (conflict or duplicate)
Maintenance Log,VT-VPA,18-Jun-22,VT-VPA/314,185,,6/18/22 11:55,vosm,6/18/22 12:55,VOMM,0:41,1,5147:13 H,3600 L,failed,"Insert failed for log_selection_no VT-VPA/314: Missing references (aircraft VT-VPA, departure vosm, arrival VOMM)"
Maintenance Log,VT-VPA,18-Jun-22,VT-VPA/313,185,,6/18/22 10:40,VOMM,6/18/22 11:40,vosm,0:35,1,5146:32 H,3599 L,failed,"Insert failed for log_selection_no VT-VPA/313: Missing references (aircraft VT-VPA, departure VOMM, arrival vosm)"
Maintenance Log,VT-VPA,17-Jun-22,VT-VPA/312,184,,6/17/22 10:55,vosm,6/17/22 12:05,VOMM,0:46,1,5145:57 H,3598 L,failed,"Insert failed for log_selection_no VT-VPA/312: Missing references (aircraft VT-VPA, departure vosm, arrival VOMM)"
Maintenance Log,VT-VPA,17-Jun-22,VT-VPA/311,184,,6/17/22 8:40,VOMM,6/17/22 9:40,vosm,0:40,1,5145:11 H,3597 L,failed,"Insert failed for log_selection_no VT-VPA/311: Missing references (aircraft VT-VPA, departure VOMM, arrival vosm)"
Maintenance Log,VT-VPA,13-Jun-22,VT-VPA/310,183,,6/13/22 14:15,VIDP,6/13/22 17:15,VOMM,2:35,1,5144:31 H,3596 L,failed,Insert failed for log_selection_no VT-VPA/310: No row inserted (conflict or duplicate)
Maintenance Log,VT-VPA,13-Jun-22,VT-VPA/309,183,,6/13/22 1:55,VOMM,6/13/22 4:50,VIDP,2:25,1,5141:56 H,3595 L,failed,Insert failed for log_selection_no VT-VPA/309: No row inserted (conflict or duplicate)
Maintenance Log,VT-VPA,11-Jun-22,VT-VPA/308,182,,6/11/22 8:55,VABB,6/11/22 11:15,VOMM,1:36,1,5139:31 H,3594 L,failed,Insert failed for log_selection_no VT-VPA/308: No row inserted (conflict or duplicate)
Maintenance Log,VT-VPA,11-Jun-22,VT-VPA/307,182,,6/11/22 5:50,VOMM,6/11/22 7:45,VABB,1:33,1,5137:55 H,3593 L,failed,Insert failed for log_selection_no VT-VPA/307: No row inserted (conflict or duplicate)
Maintenance Log,VT-VPA,9-Jun-22,VT-VPA/306,181,,6/9/22 6:35,VOTP,6/9/22 7:35,VOMM,0:33,1,5136:22 H,3592 L,failed,Insert failed for log_selection_no VT-VPA/306: No row inserted (conflict or duplicate)
Maintenance Log,VT-VPA,8-Jun-22,VT-VPA/305,180,,6/8/22 11:25,VAAH,6/8/22 14:00,VOTP,2:14,1,5135:49 H,3591 L,failed,Insert failed for log_selection_no VT-VPA/305: No row inserted (conflict or duplicate)
Maintenance Log,VT-VPA,8-Jun-22,VT-VPA/304,180,,6/8/22 8:15,VOMM,6/8/22 10:40,VAAH,2:03,1,5133:35 H,3590 L,failed,Insert failed for log_selection_no VT-VPA/304: No row inserted (conflict or duplicate)
Maintenance Log,VT-VPA,1-Jun-22,VT-VPA/303,179,,6/1/22 8:50,vosm,6/1/22 9:55,VOMM,0:39,1,5131:32 H,3589 L,failed,"Insert failed for log_selection_no VT-VPA/303: Missing references (aircraft VT-VPA, departure vosm, arrival VOMM)"
Maintenance Log,VT-VPA,1-Jun-22,VT-VPA/302,179,,6/1/22 7:30,VOMM,6/1/22 8:35,vosm,0:47,1,5130:53 H,3588 L,failed,"Insert failed for log_selection_no VT-VPA/302: Missing references (aircraft VT-VPA, departure VOMM, arrival vosm)"
Maintenance Log,VT-VPA,31-May-22,VT-VPA/301,178,,5/31/22 0:35,VIDP,5/31/22 3:35,VOMM,2:28,1,5130:06 H,3587 L,failed,Insert failed for log_selection_no VT-VPA/301: No row inserted (conflict or duplicate)
Maintenance Log,VT-VPA,30-May-22,VT-VPA/300,177,,5/30/22 7:00,VIJO,5/30/22 8:10,VIDP,0:51,1,5127:38 H,3586 L,failed,"Insert failed for log_selection_no VT-VPA/300: Missing references (aircraft VT-VPA, departure VIJO, arrival VIDP)"
Maintenance Log,VT-VPA,30-May-22,VT-VPA/299,177,,5/30/22 1:40,VOMM,5/30/22 4:20,VIJO,2:15,1,5126:47 H,3585 L,failed,"Insert failed for log_selection_no VT-VPA/299: Missing references (aircraft VT-VPA, departure VOMM, arrival VIJO)"
Maintenance Log,VT-VPA,28-May-22,VT-VPA/298,176,,5/28/22 13:00,HAL Airport,5/28/22 14:05,VOMM,0:40,1,5124:32 H,3584 L,failed,"Insert failed for log_selection_no VT-VPA/298: Missing references (aircraft VT-VPA, departure HAL Airport, arrival VOMM)"
Maintenance Log,VT-VPA,28-May-22,VT-VPA/297,176,,5/28/22 0:25,VIDP,5/28/22 3:15,HAL Airport,2:29,1,5123:52 H,3583 L,failed,"Insert failed for log_selection_no VT-VPA/297: Missing references (aircraft VT-VPA, departure VIDP, arrival HAL Airport)"
Maintenance Log,VT-VPA,27-May-22,VT-VPA/296,175,,5/27/22 6:35,VOMM,5/27/22 9:35,VIDP,2:34,1,5121:23 H,3582 L,failed,Insert failed for log_selection_no VT-VPA/296: No row inserted (conflict or duplicate)
Maintenance Log,VT-VPA,24-May-22,VT-VPA/295,174,,5/24/22 12:00,VOMM,5/24/22 12:15,VOMM,0:00,0,5118:49 H,3581 L,failed,Insert failed for log_selection_no VT-VPA/295: No row inserted (conflict or duplicate)
Maintenance Log,VT-VPA,9-May-22,VT-VPA/294,173,,5/9/22 3:45,vosm,5/9/22 4:45,VOMM,0:41,1,5118:49 H,3581 L,failed,"Insert failed for log_selection_no VT-VPA/294: Missing references (aircraft VT-VPA, departure vosm, arrival VOMM)"
Maintenance Log,VT-VPA,9-May-22,VT-VPA/293,173,,5/9/22 2:25,VOMM,5/9/22 3:25,vosm,0:35,1,5118:08 H,3580 L,failed,"Insert failed for log_selection_no VT-VPA/293: Missing references (aircraft VT-VPA, departure VOMM, arrival vosm)"
Maintenance Log,VT-VPA,7-May-22,VT-VPA/292,172,,5/7/22 12:45,VAPO,5/7/22 14:40,VOMM,1:25,1,5117:33 H,3579 L,failed,Insert failed for log_selection_no VT-VPA/292: No row inserted (conflict or duplicate)
Maintenance Log,VT-VPA,7-May-22,VT-VPA/291,172,,5/7/22 9:10,VOMM,5/7/22 10:45,VAPO,1:19,1,5116:08 H,3578 L,failed,Insert failed for log_selection_no VT-VPA/291: No row inserted (conflict or duplicate)
Maintenance Log,VT-VPA,6-May-22,VT-VPA/290,171,,5/6/22 11:50,vosm,5/6/22 12:50,VOMM,0:34,1,5114:49 H,3577 L,failed,"Insert failed for log_selection_no VT-VPA/290: Missing references (aircraft VT-VPA, departure vosm, arrival VOMM)"
Maintenance Log,VT-VPA,6-May-22,VT-VPA/289,171,,5/6/22 10:30,VOMM,5/6/22 11:20,vosm,0:37,1,5114:15 H,3576 L,failed,"Insert failed for log_selection_no VT-VPA/289: Missing references (aircraft VT-VPA, departure VOMM, arrival vosm)"
Maintenance Log,VT-VPA,5-May-22,VT-VPA/288,170,,5/5/22 10:15,VAPO,5/5/22 12:10,VOMM,1:30,1,5113:38 H,3575 L,failed,Insert failed for log_selection_no VT-VPA/288: No row inserted (conflict or duplicate)
Maintenance Log,VT-VPA,5-May-22,VT-VPA/287,170,,5/5/22 7:45,VOMM,5/5/22 9:35,VAPO,1:25,1,5112:08 H,3574 L,failed,Insert failed for log_selection_no VT-VPA/287: No row inserted (conflict or duplicate)
Maintenance Log,VT-VPA,3-May-22,VT-VPA/286,169,,5/3/22 3:25,VAID,5/3/22 5:40,VOMM,1:46,1,5110:43 H,3573 L,failed,Insert failed for log_selection_no VT-VPA/286: No row inserted (conflict or duplicate)
Maintenance Log,VT-VPA,2-May-22,VT-VPA/285,168,,5/2/22 10:40,VOMM,5/2/22 12:40,VAID,1:42,1,5108:57 H,3572 L,failed,Insert failed for log_selection_no VT-VPA/285: No row inserted (conflict or duplicate)
Maintenance Log,VT-VPA,29-Apr-22,VT-VPA/284,167,,4/29/22 12:05,HAL Airport,4/29/22 13:05,VOMM,0:33,1,5107:15 H,3571 L,failed,"Insert failed for log_selection_no VT-VPA/284: Missing references (aircraft VT-VPA, departure HAL Airport, arrival VOMM)"
Maintenance Log,VT-VPA,28-Apr-22,VT-VPA/283,166,,4/28/22 11:05,VIDP,4/28/22 14:20,HAL Airport,2:52,1,5106:42 H,3570 L,failed,"Insert failed for log_selection_no VT-VPA/283: Missing references (aircraft VT-VPA, departure VIDP, arrival HAL Airport)"
Maintenance Log,VT-VPA,27-Apr-22,VT-VPA/282,165,,4/27/22 1:20,VOMM,4/27/22 4:15,VIDP,2:27,1,5103:50 H,3569 L,failed,Insert failed for log_selection_no VT-VPA/282: No row inserted (conflict or duplicate)
Maintenance Log,VT-VPA,26-Apr-22,VT-VPA/281,164,,4/26/22 8:10,VABB,4/26/22 10:20,VOMM,1:47,1,5101:23 H,3568 L,failed,Insert failed for log_selection_no VT-VPA/281: No row inserted (conflict or duplicate)
Maintenance Log,VT-VPA,26-Apr-22,VT-VPA/280,164,,4/26/22 1:20,VOMM,4/26/22 3:20,VABB,1:35,1,5099:36 H,3567 L,failed,Insert failed for log_selection_no VT-VPA/280: No row inserted (conflict or duplicate)
Maintenance Log,VT-VPA,24-Apr-22,VT-VPA/279,163,,4/24/22 13:00,VOCB,4/24/22 14:00,VOMM,0:42,1,5098:01 H,3566 L,failed,Insert failed for log_selection_no VT-VPA/279: No row inserted (conflict or duplicate)
Maintenance Log,VT-VPA,24-Apr-22,VT-VPA/278,163,,4/24/22 3:20,VOMM,4/24/22 4:35,VOCB,0:42,1,5097:19 H,3565 L,failed,Insert failed for log_selection_no VT-VPA/278: No row inserted (conflict or duplicate)
Maintenance Log,VT-VPA,23-Apr-22,VT-VPA/277,162,,4/23/22 7:00,VOTV,4/23/22 8:25,VOMM,1:01,1,5096:37 H,3564 L,failed,"Insert failed for log_selection_no VT-VPA/277: Missing references (aircraft VT-VPA, departure VOTV, arrival VOMM)"
Maintenance Log,VT-VPA,23-Apr-22,VT-VPA/276,162,,4/23/22 3:20,VOMD,4/23/22 4:10,VOTV,0:31,1,5095:36 H,3563 L,failed,"Insert failed for log_selection_no VT-VPA/276: Missing references (aircraft VT-VPA, departure VOMD, arrival VOTV)"
Maintenance Log,VT-VPA,22-Apr-22,VT-VPA/275,161,,4/22/22 9:45,VOMM,4/22/22 11:00,VOMD,0:50,1,5095:05 H,3562 L,failed,"Insert failed for log_selection_no VT-VPA/275: Missing references (aircraft VT-VPA, departure VOMM, arrival VOMD)"
Maintenance Log,VT-VPA,19-Apr-22,VT-VPA/274,160,,4/19/22 16:55,VAAH,4/19/22 19:35,VOMM,2:05,1,5094:15 H,3561 L,failed,Insert failed for log_selection_no VT-VPA/274: No row inserted (conflict or duplicate)
Maintenance Log,VT-VPA,18-Apr-22,VT-VPA/273,159,,4/18/22 8:30,VOMM,4/18/22 11:05,VAAH,2:05,1,5092:10 H,3560 L,failed,Insert failed for log_selection_no VT-VPA/273: No row inserted (conflict or duplicate)
Maintenance Log,VT-VPA,17-Apr-22,VT-VPA/272,158,,4/17/22 5:05,VABB,4/17/22 7:05,VOMM,1:31,1,5090:05 H,3559 L,failed,Insert failed for log_selection_no VT-VPA/272: No row inserted (conflict or duplicate)
Maintenance Log,VT-VPA,16-Apr-22,VT-VPA/271,157,,4/16/22 2:30,VOMM,4/16/22 4:30,VABB,1:36,1,5088:34 H,3558 L,failed,Insert failed for log_selection_no VT-VPA/271: No row inserted (conflict or duplicate)
Maintenance Log,VT-VPA,13-Apr-22,VT-VPA/270,156,,4/13/22 12:00,VOMM,4/13/22 12:00,VOMM,0:00,0,5086:58 H,3557 L,failed,Insert failed for log_selection_no VT-VPA/270: No row inserted (conflict or duplicate)
Maintenance Log,VT-VPA,10-Apr-22,VT-VPA/269,155,,4/10/22 8:00,VOCB,4/10/22 9:10,VOMM,0:44,1,5086:58 H,3557 L,failed,Insert failed for log_selection_no VT-VPA/269: No row inserted (conflict or duplicate)
Maintenance Log,VT-VPA,10-Apr-22,VT-VPA/268,155,,4/10/22 1:30,VOMM,4/10/22 2:45,VOCB,0:42,1,5086:14 H,3556 L,failed,Insert failed for log_selection_no VT-VPA/268: No row inserted (conflict or duplicate)
Maintenance Log,VT-VPA,9-Apr-22,VT-VPA/267,154,,4/9/22 0:40,VIDP,4/9/22 3:40,VOMM,2:30,1,5085:32 H,3555 L,failed,Insert failed for log_selection_no VT-VPA/267: No row inserted (conflict or duplicate)
Maintenance Log,VT-VPA,8-Apr-22,VT-VPA/266,153,,4/8/22 0:35,VOMM,4/8/22 3:35,VIDP,2:31,1,5083:02 H,3554 L,failed,Insert failed for log_selection_no VT-VPA/266: No row inserted (conflict or duplicate)
Maintenance Log,VT-VPA,1-Apr-22,VT-VPA/265,152,,4/1/22 18:55,VOGO,4/1/22 20:30,VOMM,1:11,1,5080:31 H,3553 L,failed,"Insert failed for log_selection_no VT-VPA/265: Missing references (aircraft VT-VPA, departure VOGO, arrival VOMM)"
Maintenance Log,VT-VPA,1-Apr-22,VT-VPA/264,152,,4/1/22 17:15,VOMM,4/1/22 18:40,VOGO,1:07,1,5079:20 H,3552 L,failed,"Insert failed for log_selection_no VT-VPA/264: Missing references (aircraft VT-VPA, departure VOMM, arrival VOGO)"
Maintenance Log,VT-VPA,31-Mar-22,VT-VPA/263,151,,3/31/22 12:10,VOGO,3/31/22 13:40,VOMM,1:15,1,5078:13 H,3551 L,failed,"Insert failed for log_selection_no VT-VPA/263: Missing references (aircraft VT-VPA, departure VOGO, arrival VOMM)"
Maintenance Log,VT-VPA,31-Mar-22,VT-VPA/262,151,,3/31/22 10:35,VOMM,3/31/22 12:00,VOGO,1:05,1,5076:58 H,3550 L,failed,"Insert failed for log_selection_no VT-VPA/262: Missing references (aircraft VT-VPA, departure VOMM, arrival VOGO)"
Maintenance Log,VT-VPA,28-Mar-22,VT-VPA/261,150,,3/28/22 10:10,VOHY,3/28/22 11:35,VOMM,0:55,1,5075:53 H,3549 L,failed,Insert failed for log_selection_no VT-VPA/261: No row inserted (conflict or duplicate)
Maintenance Log,VT-VPA,28-Mar-22,VT-VPA/260,150,,3/28/22 2:20,VOMM,3/28/22 3:40,VOHY,0:53,1,5074:58 H,3548 L,failed,Insert failed for log_selection_no VT-VPA/260: No row inserted (conflict or duplicate)
Maintenance Log,VT-VPA,26-Mar-22,VT-VPA/259,149,,3/26/22 10:40,VABB,3/26/22 12:45,VOMM,1:32,1,5074:05 H,3547 L,failed,Insert failed for log_selection_no VT-VPA/259: No row inserted (conflict or duplicate)
Maintenance Log,VT-VPA,25-Mar-22,VT-VPA/258,148,,3/25/22 3:40,VOMM,3/25/22 5:40,VABB,1:30,1,5072:33 H,3546 L,failed,Insert failed for log_selection_no VT-VPA/258: No row inserted (conflict or duplicate)
Maintenance Log,VT-VPA,24-Mar-22,VT-VPA/257,147,,3/24/22 10:05,VICG,3/24/22 13:20,VOMM,2:47,1,5071:03 H,3545 L,failed,"Insert failed for log_selection_no VT-VPA/257: Missing references (aircraft VT-VPA, departure VICG, arrival VOMM)"
Maintenance Log,VT-VPA,24-Mar-22,VT-VPA/256,147,,3/24/22 2:20,VOMM,3/24/22 5:30,VICG,2:45,1,5068:16 H,3544 L,failed,"Insert failed for log_selection_no VT-VPA/256: Missing references (aircraft VT-VPA, departure VOMM, arrival VICG)"
Maintenance Log,VT-VPA,22-Mar-22,VT-VPA/255,146,,3/22/22 10:50,HAL Airport,3/22/22 12:05,VOMM,0:45,1,5065:31 H,3543 L,failed,"Insert failed for log_selection_no VT-VPA/255: Missing references (aircraft VT-VPA, departure HAL Airport, arrival VOMM)"
Maintenance Log,VT-VPA,22-Mar-22,VT-VPA/254,146,,3/22/22 2:30,VOMM,3/22/22 3:30,HAL Airport,0:35,1,5064:46 H,3542 L,failed,"Insert failed for log_selection_no VT-VPA/254: Missing references (aircraft VT-VPA, departure VOMM, arrival HAL Airport)"
Maintenance Log,VT-VPA,20-Mar-22,VT-VPA/253,145,,3/20/22 14:15,VOCB,3/20/22 15:30,VOMM,0:46,1,5064:11 H,3541 L,failed,Insert failed for log_selection_no VT-VPA/253: No row inserted (conflict or duplicate)
Maintenance Log,VT-VPA,20-Mar-22,VT-VPA/252,145,,3/20/22 11:10,VOMM,3/20/22 12:15,VOCB,0:42,1,5063:25 H,3540 L,failed,Insert failed for log_selection_no VT-VPA/252: No row inserted (conflict or duplicate)
Maintenance Log,VT-VPA,20-Mar-22,VT-VPA/251,144,,3/20/22 9:00,VOHY,3/20/22 10:15,VOMM,0:54,1,5062:43 H,3539 L,failed,Insert failed for log_selection_no VT-VPA/251: No row inserted (conflict or duplicate)
Maintenance Log,VT-VPA,20-Mar-22,VT-VPA/250,144,,3/20/22 6:05,VOCB,3/20/22 7:35,VOHY,1:08,1,5061:49 H,3538 L,failed,Insert failed for log_selection_no VT-VPA/250: No row inserted (conflict or duplicate)
Maintenance Log,VT-VPA,19-Mar-22,VT-VPA/249,143,,3/19/22 13:10,VOMD,3/19/22 13:50,VOCB,0:29,1,5060:41 H,3537 L,failed,"Insert failed for log_selection_no VT-VPA/249: Missing references (aircraft VT-VPA, departure VOMD, arrival VOCB)"
Maintenance Log,VT-VPA,19-Mar-22,VT-VPA/248,143,,3/19/22 8:35,VOMM,3/19/22 9:45,VOMD,0:44,1,5060:12 H,3536 L,failed,"Insert failed for log_selection_no VT-VPA/248: Missing references (aircraft VT-VPA, departure VOMM, arrival VOMD)"
Maintenance Log,VT-VPA,4-Mar-22,VT-VPA/247,142,,3/4/22 8:20,VOMD,3/4/22 9:35,VOMM,0:48,1,5059:28 H,3535 L,failed,"Insert failed for log_selection_no VT-VPA/247: Missing references (aircraft VT-VPA, departure VOMD, arrival VOMM)"
Maintenance Log,VT-VPA,4-Mar-22,VT-VPA/246,142,,3/4/22 4:00,VOMM,3/4/22 5:15,VOMD,0:48,1,5058:40 H,3534 L,failed,"Insert failed for log_selection_no VT-VPA/246: Missing references (aircraft VT-VPA, departure VOMM, arrival VOMD)"
Maintenance Log,VT-VPA,3-Mar-22,VT-VPA/245,141,,3/3/22 12:05,vosm,3/3/22 12:55,VOMM,0:34,1,5057:52 H,3533 L,failed,"Insert failed for log_selection_no VT-VPA/245: Missing references (aircraft VT-VPA, departure vosm, arrival VOMM)"
Maintenance Log,VT-VPA,3-Mar-22,VT-VPA/244,141,,3/3/22 10:30,VOMM,3/3/22 11:40,vosm,0:37,1,5057:18 H,3532 L,failed,"Insert failed for log_selection_no VT-VPA/244: Missing references (aircraft VT-VPA, departure VOMM, arrival vosm)"
Maintenance Log,VT-VPA,2-Mar-22,VT-VPA/243,140,,3/2/22 14:40,vohs,3/2/22 16:10,VOMM,1:00,1,5056:41 H,3531 L,failed,Insert failed for log_selection_no VT-VPA/243: No row inserted (conflict or duplicate)
Maintenance Log,VT-VPA,2-Mar-22,VT-VPA/242,140,,3/2/22 11:25,VOMM,3/2/22 12:40,vohs,0:52,1,5055:41 H,3530 L,failed,Insert failed for log_selection_no VT-VPA/242: No row inserted (conflict or duplicate)
Maintenance Log,VT-VPA,1-Mar-22,VT-VPA/241,139,,3/1/22 12:50,VEBS,3/1/22 14:45,VOMM,1:36,1,5054:49 H,3529 L,failed,Insert failed for log_selection_no VT-VPA/241: No row inserted (conflict or duplicate)
Maintenance Log,VT-VPA,1-Mar-22,VT-VPA/240,139,,3/1/22 10:35,VOMM,3/1/22 12:25,VEBS,1:30,1,5053:13 H,3528 L,failed,Insert failed for log_selection_no VT-VPA/240: No row inserted (conflict or duplicate)
Maintenance Log,VT-VPA,23-Feb-22,VT-VPA/239,138,,2/23/22 11:15,HAL Airport,2/23/22 12:20,VOMM,0:35,1,5051:43 H,3527 L,failed,"Insert failed for log_selection_no VT-VPA/239: Missing references (aircraft VT-VPA, departure HAL Airport, arrival VOMM)"
Maintenance Log,VT-VPA,23-Feb-22,VT-VPA/238,137,,2/23/22 10:15,VOMM,2/23/22 11:05,HAL Airport,0:34,1,5051:08 H,3526 L,failed,"Insert failed for log_selection_no VT-VPA/238: Missing references (aircraft VT-VPA, departure VOMM, arrival HAL Airport)"
Maintenance Log,VT-VPA,23-Feb-22,VT-VPA/237,137,,2/23/22 6:55,VEBS,2/23/22 8:55,VOMM,1:35,1,5050:34 H,3525 L,failed,Insert failed for log_selection_no VT-VPA/237: No row inserted (conflict or duplicate)
Maintenance Log,VT-VPA,23-Feb-22,VT-VPA/236,137,,2/23/22 4:10,VOMM,2/23/22 6:00,VEBS,1:28,1,5048:59 H,3524 L,failed,Insert failed for log_selection_no VT-VPA/236: No row inserted (conflict or duplicate)
Maintenance Log,VT-VPA,22-Feb-22,VT-VPA/235,136,,2/22/22 11:25,VOCI,2/22/22 12:40,VOMM,0:58,1,5047:31 H,3523 L,failed,"Insert failed for log_selection_no VT-VPA/235: Missing references (aircraft VT-VPA, departure VOCI, arrival VOMM)"
Maintenance Log,VT-VPA,22-Feb-22,VT-VPA/234,136,,2/22/22 6:05,VOMM,2/22/22 7:25,VOCI,1:02,1,5046:33 H,3522 L,failed,"Insert failed for log_selection_no VT-VPA/234: Missing references (aircraft VT-VPA, departure VOMM, arrival VOCI)"
Maintenance Log,VT-VPA,18-Feb-22,VT-VPA/233,135,,2/18/22 12:20,VOCB,2/18/22 13:30,VOMM,0:43,1,5045:31 H,3521 L,failed,Insert failed for log_selection_no VT-VPA/233: No row inserted (conflict or duplicate)
Maintenance Log,VT-VPA,18-Feb-22,VT-VPA/232,135,,2/18/22 10:30,VOMM,2/18/22 11:45,VOCB,0:59,1,5044:48 H,3520 L,failed,Insert failed for log_selection_no VT-VPA/232: No row inserted (conflict or duplicate)
Maintenance Log,VT-VPA,17-Feb-22,VT-VPA/231,134,,2/17/22 15:05,VOCB,2/17/22 16:30,VOMM,0:46,1,5043:49 H,3519 L,failed,Insert failed for log_selection_no VT-VPA/231: No row inserted (conflict or duplicate)
Maintenance Log,VT-VPA,17-Feb-22,VT-VPA/230,133,,2/17/22 11:40,VECC,2/17/22 14:30,VOCB,2:25,1,5043:03 H,3518 L,failed,Insert failed for log_selection_no VT-VPA/230: No row inserted (conflict or duplicate)
Maintenance Log,VT-VPA,17-Feb-22,VT-VPA/229,133,,2/17/22 8:25,HAL Airport,2/17/22 10:55,VECC,2:02,1,5040:38 H,3517 L,failed,"Insert failed for log_selection_no VT-VPA/229: Missing references (aircraft VT-VPA, departure HAL Airport, arrival VECC)"
Maintenance Log,VT-VPA,17-Feb-22,VT-VPA/228,133,,2/17/22 6:50,VOMM,2/17/22 7:50,HAL Airport,0:36,1,5038:36 H,3516 L,failed,"Insert failed for log_selection_no VT-VPA/228: Missing references (aircraft VT-VPA, departure VOMM, arrival HAL Airport)"
Maintenance Log,VT-VPA,15-Feb-22,VT-VPA/227,132,,2/15/22 5:10,HAL Airport,2/15/22 6:10,VOMM,0:32,1,5038:00 H,3515 L,failed,"Insert failed for log_selection_no VT-VPA/227: Missing references (aircraft VT-VPA, departure HAL Airport, arrival VOMM)"
Maintenance Log,VT-VPA,15-Feb-22,VT-VPA/226,132,,2/15/22 2:50,VOMM,2/15/22 3:50,HAL Airport,0:35,1,5037:28 H,3514 L,failed,"Insert failed for log_selection_no VT-VPA/226: Missing references (aircraft VT-VPA, departure VOMM, arrival HAL Airport)"
Maintenance Log,VT-VPA,14-Feb-22,VT-VPA/225,131,,2/14/22 6:45,HAL Airport,2/14/22 7:45,VOMM,0:33,1,5036:53 H,3513 L,failed,"Insert failed for log_selection_no VT-VPA/225: Missing references (aircraft VT-VPA, departure HAL Airport, arrival VOMM)"
Maintenance Log,VT-VPA,13-Feb-22,VT-VPA/224,130,,2/13/22 14:35,VOTV,2/13/22 15:45,HAL Airport,0:53,1,5036:20 H,3512 L,failed,"Insert failed for log_selection_no VT-VPA/224: Missing references (aircraft VT-VPA, departure VOTV, arrival HAL Airport)"
Maintenance Log,VT-VPA,13-Feb-22,VT-VPA/223,130,,2/13/22 12:40,VOMM,2/13/22 14:15,VOTV,1:01,1,5035:27 H,3511 L,failed,"Insert failed for log_selection_no VT-VPA/223: Missing references (aircraft VT-VPA, departure VOMM, arrival VOTV)"
Maintenance Log,VT-VPA,12-Feb-22,VT-VPA/222,129,,2/12/22 9:25,VIDP,2/12/22 12:25,VOMM,2:24,1,5034:26 H,3510 L,failed,Insert failed for log_selection_no VT-VPA/222: No row inserted (conflict or duplicate)
Maintenance Log,VT-VPA,12-Feb-22,VT-VPA/221,129,,2/12/22 1:35,VOMM,2/12/22 4:45,VIDP,2:35,1,5032:02 H,3509 L,failed,Insert failed for log_selection_no VT-VPA/221: No row inserted (conflict or duplicate)
Maintenance Log,VT-VPA,10-Feb-22,VT-VPA/220,128,,2/10/22 12:40,VABB,2/10/22 14:40,VOMM,1:29,1,5029:27 H,3508 L,failed,Insert failed for log_selection_no VT-VPA/220: No row inserted (conflict or duplicate)
Maintenance Log,VT-VPA,10-Feb-22,VT-VPA/219,128,,2/10/22 2:20,VOMM,2/10/22 4:25,VABB,1:33,1,5027:58 H,3507 L,failed,Insert failed for log_selection_no VT-VPA/219: No row inserted (conflict or duplicate)
Maintenance Log,VT-VPA,8-Feb-22,VT-VPA/218,127,,2/8/22 15:15,VOTR,2/8/22 16:10,VOMM,0:41,1,5026:25 H,3506 L,failed,Insert failed for log_selection_no VT-VPA/218: No row inserted (conflict or duplicate)
Maintenance Log,VT-VPA,8-Feb-22,VT-VPA/217,127,,2/8/22 13:45,VOMM,2/8/22 15:00,VOTR,0:40,1,5025:44 H,3505 L,failed,Insert failed for log_selection_no VT-VPA/217: No row inserted (conflict or duplicate)
Maintenance Log,VT-VPA,1-Feb-22,VT-VPA/216,126,,2/1/22 13:15,VIDP,2/1/22 16:05,VOMM,2:20,1,5025:04 H,3504 L,failed,Insert failed for log_selection_no VT-VPA/216: No row inserted (conflict or duplicate)
Maintenance Log,VT-VPA,1-Feb-22,VT-VPA/215,126,,2/1/22 2:25,VOMM,2/1/22 6:05,VIDP,3:07,1,5022:44 H,3503 L,failed,Insert failed for log_selection_no VT-VPA/215: No row inserted (conflict or duplicate)
Maintenance Log,VT-VPA,30-Jan-22,VT-VPA/214,125,,1/30/22 12:20,VABB,1/30/22 14:20,VOMM,1:29,1,5019:37 H,3502 L,failed,Insert failed for log_selection_no VT-VPA/214: No row inserted (conflict or duplicate)
Maintenance Log,VT-VPA,30-Jan-22,VT-VPA/213,125,,1/30/22 3:15,VOMM,1/30/22 5:20,VABB,1:32,1,5018:08 H,3501 L,failed,Insert failed for log_selection_no VT-VPA/213: No row inserted (conflict or duplicate)
Maintenance Log,VT-VPA,27-Jan-22,VT-VPA/212,124,,1/27/22 2:45,VAAH,1/27/22 5:20,VOMM,2:03,1,5016:36 H,3500 L,failed,Insert failed for log_selection_no VT-VPA/212: No row inserted (conflict or duplicate)
Maintenance Log,VT-VPA,24-Jan-22,VT-VPA/211,123,,1/24/22 11:00,VOMM,1/24/22 13:45,VAAH,2:11,1,5014:33 H,3499 L,failed,Insert failed for log_selection_no VT-VPA/211: No row inserted (conflict or duplicate)
Maintenance Log,VT-VPA,22-Jan-22,VT-VPA/210,122,,1/22/22 12:40,HAL Airport,1/22/22 13:40,VOMM,0:36,1,5012:22 H,3498 L,failed,"Insert failed for log_selection_no VT-VPA/210: Missing references (aircraft VT-VPA, departure HAL Airport, arrival VOMM)"
Maintenance Log,VT-VPA,22-Jan-22,VT-VPA/209,122,,1/22/22 5:35,VOMM,1/22/22 6:40,HAL Airport,0:36,1,5011:46 H,3497 L,failed,"Insert failed for log_selection_no VT-VPA/209: Missing references (aircraft VT-VPA, departure VOMM, arrival HAL Airport)"
Maintenance Log,VT-VPA,21-Jan-22,VT-VPA/208,121,,1/21/22 11:40,VIJP,1/21/22 14:20,VOMM,2:07,1,5011:10 H,3496 L,failed,Insert failed for log_selection_no VT-VPA/208: No row inserted (conflict or duplicate)
Maintenance Log,VT-VPA,21-Jan-22,VT-VPA/207,121,,1/21/22 7:25,VIDP,1/21/22 8:35,VIJP,0:44,1,5009:03 H,3495 L,failed,Insert failed for log_selection_no VT-VPA/207: No row inserted (conflict or duplicate)
Maintenance Log,VT-VPA,19-Jan-22,VT-VPA/206,120,,1/19/22 9:55,VABB,1/19/22 12:15,VIDP,1:48,1,5008:19 H,3494 L,failed,Insert failed for log_selection_no VT-VPA/206: No row inserted (conflict or duplicate)
Maintenance Log,VT-VPA,19-Jan-22,VT-VPA/205,120,,1/19/22 4:15,VOMM,1/19/22 6:15,VABB,1:35,1,5006:31 H,3493 L,failed,Insert failed for log_selection_no VT-VPA/205: No row inserted (conflict or duplicate)
Maintenance Log,VT-VPA,18-Jan-22,VT-VPA/204,119,,1/18/22 11:40,VOGO,1/18/22 13:20,VOMM,1:24,1,5004:56 H,3492 L,failed,"Insert failed for log_selection_no VT-VPA/204: Missing references (aircraft VT-VPA, departure VOGO, arrival VOMM)"
Maintenance Log,VT-VPA,18-Jan-22,VT-VPA/203,119,,1/18/22 9:35,VOMM,1/18/22 11:25,VOGO,1:27,1,5003:32 H,3491 L,failed,"Insert failed for log_selection_no VT-VPA/203: Missing references (aircraft VT-VPA, departure VOMM, arrival VOGO)"
Maintenance Log,VT-VPA,17-Jan-22,VT-VPA/202,118,,1/17/22 8:05,VAUD,1/17/22 10:50,VOMM,2:10,1,5002:05 H,3490 L,failed,Insert failed for log_selection_no VT-VPA/202: No row inserted (conflict or duplicate)
Maintenance Log,VT-VPA,15-Jan-22,VT-VPA/201,117,,1/15/22 2:20,VOMM,1/15/22 5:20,VAUD,2:22,1,4999:55 H,3489 L,failed,Insert failed for log_selection_no VT-VPA/201: No row inserted (conflict or duplicate)
Maintenance Log,VT-VPA,13-Jan-22,VT-VPA/200,116,,1/13/22 12:40,VAAH,1/13/22 15:10,VOMM,1:35,1,4997:33 H,3488 L,failed,Insert failed for log_selection_no VT-VPA/200: No row inserted (conflict or duplicate)
Maintenance Log,VT-VPA,13-Jan-22,VT-VPA/199,116,,1/13/22 3:00,VOMM,1/13/22 5:20,VAAH,1:45,1,4995:58 H,3487 L,failed,Insert failed for log_selection_no VT-VPA/199: No row inserted (conflict or duplicate)
Maintenance Log,VT-VPA,3-Jan-22,VT-VPA/198,115,,1/3/22 14:35,VIDP,1/3/22 17:45,VOMM,2:24,1,4994:13 H,3486 L,failed,Insert failed for log_selection_no VT-VPA/198: No row inserted (conflict or duplicate)
Maintenance Log,VT-VPA,3-Jan-22,VT-VPA/197,115,,1/3/22 10:45,VOMM,1/3/22 13:55,VIDP,2:36,1,4991:49 H,3485 L,failed,Insert failed for log_selection_no VT-VPA/197: No row inserted (conflict or duplicate)
Maintenance Log,VT-VPA,2-Jan-22,VT-VPA/196,114,,1/2/22 11:10,VIDP,1/2/22 14:10,VOMM,2:22,1,4989:13 H,3484 L,failed,Insert failed for log_selection_no VT-VPA/196: No row inserted (conflict or duplicate)
Maintenance Log,VT-VPA,2-Jan-22,VT-VPA/195,114,,1/2/22 9:25,VICG,1/2/22 10:25,VIDP,0:36,1,4986:51 H,3483 L,failed,"Insert failed for log_selection_no VT-VPA/195: Missing references (aircraft VT-VPA, departure VICG, arrival VIDP)"
Maintenance Log,VT-VPA,1-Jan-22,VT-VPA/194,113,,1/1/22 6:45,VOMD,1/1/22 10:30,VICG,3:13,1,4986:15 H,3482 L,failed,"Insert failed for log_selection_no VT-VPA/194: Missing references (aircraft VT-VPA, departure VOMD, arrival VICG)"
Maintenance Log,VT-VPA,31-Dec-21,VT-VPA/193,112,,12/31/21 9:30,VIDP,12/31/21 13:00,VOMD,3:01,1,4983:02 H,3481 L,failed,"Insert failed for log_selection_no VT-VPA/193: Missing references (aircraft VT-VPA, departure VIDP, arrival VOMD)"
Maintenance Log,VT-VPA,31-Dec-21,VT-VPA/192,112,,12/31/21 6:15,VICG,12/31/21 8:50,VIDP,2:07,1,4980:01 H,3480 L,failed,"Insert failed for log_selection_no VT-VPA/192: Missing references (aircraft VT-VPA, departure VICG, arrival VIDP)"
Maintenance Log,VT-VPA,29-Dec-21,VT-VPA/191,111,,12/29/21 2:50,VOMM,12/29/21 6:30,VICG,2:53,1,4977:54 H,3479 L,failed,"Insert failed for log_selection_no VT-VPA/191: Missing references (aircraft VT-VPA, departure VOMM, arrival VICG)"
Maintenance Log,VT-VPA,26-Dec-21,VT-VPA/190,110,,12/26/21 14:10,VOCB,12/26/21 15:30,VOMM,0:46,1,4975:01 H,3478 L,failed,Insert failed for log_selection_no VT-VPA/190: No row inserted (conflict or duplicate)
Maintenance Log,VT-VPA,26-Dec-21,VT-VPA/189,110,,12/26/21 5:40,VOMM,12/26/21 6:55,VOCB,0:42,1,4974:15 H,3477 L,failed,Insert failed for log_selection_no VT-VPA/189: No row inserted (conflict or duplicate)
Maintenance Log,VT-VPA,24-Dec-21,VT-VPA/188,109,,12/24/21 13:40,VAAH,12/24/21 16:10,VOMM,1:57,1,4973:33 H,3476 L,failed,Insert failed for log_selection_no VT-VPA/188: No row inserted (conflict or duplicate)
Maintenance Log,VT-VPA,24-Dec-21,VT-VPA/187,109,,12/24/21 1:50,VOMM,12/24/21 4:50,VAAH,2:21,1,4971:36 H,3475 L,failed,Insert failed for log_selection_no VT-VPA/187: No row inserted (conflict or duplicate)
Maintenance Log,VT-VPA,23-Dec-21,VT-VPA/186,108,,12/23/21 5:55,VIDP,12/23/21 9:00,VOMM,2:24,1,4969:15 H,3474 L,failed,Insert failed for log_selection_no VT-VPA/186: No row inserted (conflict or duplicate)
Maintenance Log,VT-VPA,21-Dec-21,VT-VPA/185,107,,12/21/21 12:10,VOMM,12/21/21 15:45,VIDP,2:48,1,4966:51 H,3473 L,failed,Insert failed for log_selection_no VT-VPA/185: No row inserted (conflict or duplicate)
Maintenance Log,VT-VPA,19-Dec-21,VT-VPA/184,106,,12/19/21 4:10,VOGO,12/19/21 5:55,VOMM,1:08,1,4964:03 H,3472 L,failed,"Insert failed for log_selection_no VT-VPA/184: Missing references (aircraft VT-VPA, departure VOGO, arrival VOMM)"
Maintenance Log,VT-VPA,19-Dec-21,VT-VPA/183,106,,12/19/21 1:50,VOMM,12/19/21 3:30,VOGO,1:15,1,4962:55 H,3471 L,failed,"Insert failed for log_selection_no VT-VPA/183: Missing references (aircraft VT-VPA, departure VOMM, arrival VOGO)"
Maintenance Log,VT-VPA,16-Dec-21,VT-VPA/182,105,,12/16/21 14:35,VOGO,12/16/21 16:05,VOMM,1:05,1,4961:40 H,3470 L,failed,"Insert failed for log_selection_no VT-VPA/182: Missing references (aircraft VT-VPA, departure VOGO, arrival VOMM)"
Maintenance Log,VT-VPA,16-Dec-21,VT-VPA/181,105,,12/16/21 12:25,VOMM,12/16/21 14:15,VOGO,1:15,1,4960:35 H,3469 L,failed,"Insert failed for log_selection_no VT-VPA/181: Missing references (aircraft VT-VPA, departure VOMM, arrival VOGO)"
Maintenance Log,VT-VPA,15-Dec-21,VT-VPA/180,104,,12/15/21 10:30,VIDP,12/15/21 13:35,VOMM,2:29,1,4959:20 H,3468 L,failed,Insert failed for log_selection_no VT-VPA/180: No row inserted (conflict or duplicate)
Maintenance Log,VT-VPA,15-Dec-21,VT-VPA/179,104,,12/15/21 2:45,VOMM,12/15/21 5:50,VIDP,2:28,1,4956:51 H,3467 L,failed,Insert failed for log_selection_no VT-VPA/179: No row inserted (conflict or duplicate)
Maintenance Log,VT-VPA,5-Dec-21,VT-VPA/178,103,,12/5/21 11:35,VOGO,12/5/21 13:00,VOMM,1:08,1,4954:23 H,3466 L,failed,"Insert failed for log_selection_no VT-VPA/178: Missing references (aircraft VT-VPA, departure VOGO, arrival VOMM)"
Maintenance Log,VT-VPA,5-Dec-21,VT-VPA/177,103,,12/5/21 10:00,VABB,12/5/21 11:15,VOGO,0:48,1,4953:15 H,3465 L,failed,"Insert failed for log_selection_no VT-VPA/177: Missing references (aircraft VT-VPA, departure VABB, arrival VOGO)"
Maintenance Log,VT-VPA,5-Dec-21,VT-VPA/176,103,,12/5/21 2:00,VOMM,12/5/21 4:10,VABB,1:32,1,4952:27 H,3464 L,failed,Insert failed for log_selection_no VT-VPA/176: No row inserted (conflict or duplicate)
Maintenance Log,VT-VPA,4-Dec-21,VT-VPA/175,102,,12/4/21 12:00,VOMM,12/4/21 12:00,VOMM,0:00,0,4950:55 H,3463 L,failed,Insert failed for log_selection_no VT-VPA/175: No row inserted (conflict or duplicate)
Maintenance Log,VT-VPA,4-Dec-21,VT-VPA/174,101,,12/4/21 2:25,VABB,12/4/21 4:35,VOMM,1:35,1,4950:55 H,3463 L,failed,Insert failed for log_selection_no VT-VPA/174: No row inserted (conflict or duplicate)
Maintenance Log,VT-VPA,2-Dec-21,VT-VPA/173,100,,12/2/21 9:00,VEAT,12/2/21 12:25,VABB,3:02,1,4949:20 H,3462 L,failed,"Insert failed for log_selection_no VT-VPA/173: Missing references (aircraft VT-VPA, departure VEAT, arrival VABB)"
Maintenance Log,VT-VPA,2-Dec-21,VT-VPA/172,100,,12/2/21 2:20,VOMM,12/2/21 5:20,VEAT,2:20,1,4946:18 H,3461 L,failed,"Insert failed for log_selection_no VT-VPA/172: Missing references (aircraft VT-VPA, departure VOMM, arrival VEAT)"
Maintenance Log,VT-VPA,30-Nov-21,VT-VPA/171,99,,11/30/21 3:35,HAL Airport,11/30/21 4:45,VOMM,0:35,1,4943:58 H,3460 L,failed,"Insert failed for log_selection_no VT-VPA/171: Missing references (aircraft VT-VPA, departure HAL Airport, arrival VOMM)"
Maintenance Log,VT-VPA,29-Nov-21,VT-VPA/170,98,,11/29/21 9:05,VOMM,11/29/21 10:05,HAL Airport,0:37,1,4943:23 H,3459 L,failed,"Insert failed for log_selection_no VT-VPA/170: Missing references (aircraft VT-VPA, departure VOMM, arrival HAL Airport)"
Maintenance Log,VT-VPA,28-Nov-21,VT-VPA/169,97,,11/28/21 17:10,HAL Airport,11/28/21 18:10,VOMM,0:34,1,4942:46 H,3458 L,failed,"Insert failed for log_selection_no VT-VPA/169: Missing references (aircraft VT-VPA, departure HAL Airport, arrival VOMM)"
Maintenance Log,VT-VPA,27-Nov-21,VT-VPA/168,96,,11/27/21 4:25,VOMM,11/27/21 5:25,HAL Airport,0:39,1,4942:12 H,3457 L,failed,"Insert failed for log_selection_no VT-VPA/168: Missing references (aircraft VT-VPA, departure VOMM, arrival HAL Airport)"
Maintenance Log,VT-VPA,27-Nov-21,VT-VPA/167,96,,11/27/21 2:15,HAL Airport,11/27/21 3:15,VOMM,0:28,1,4941:33 H,3456 L,failed,"Insert failed for log_selection_no VT-VPA/167: Missing references (aircraft VT-VPA, departure HAL Airport, arrival VOMM)"
Maintenance Log,VT-VPA,26-Nov-21,VT-VPA/166,95,,11/26/21 7:30,HAL Airport,11/26/21 9:50,HAL Airport,1:50,1,4941:05 H,3455 L,failed,"Insert failed for log_selection_no VT-VPA/166: Missing references (aircraft VT-VPA, departure HAL Airport, arrival HAL Airport)"
Maintenance Log,VT-VPA,25-Nov-21,VT-VPA/165,94,,11/25/21 15:00,HAL Airport,11/25/21 15:00,HAL Airport,0:00,0,4939:15 H,3454 L,failed,"Insert failed for log_selection_no VT-VPA/165: Missing references (aircraft VT-VPA, departure HAL Airport, arrival HAL Airport)"
Maintenance Log,VT-VPA,24-Nov-21,VT-VPA/164,93,,11/24/21 9:00,HAL Airport,11/24/21 9:00,HAL Airport,0:00,0,4939:15 H,3454 L,failed,"Insert failed for log_selection_no VT-VPA/164: Missing references (aircraft VT-VPA, departure HAL Airport, arrival HAL Airport)"
Maintenance Log,VT-VPA,22-Nov-21,VT-VPA/163,92,,11/22/21 17:00,HAL Airport,11/22/21 17:00,HAL Airport,0:00,0,4939:15 H,3454 L,failed,"Insert failed for log_selection_no VT-VPA/163: Missing references (aircraft VT-VPA, departure HAL Airport, arrival HAL Airport)"
Maintenance Log,VT-VPA,1-Sep-21,VT-VPA/162,91,,MAINT. LOG,MAINT. LOG,MAINT. LOG,MAINT. LOG,0:00,0,4939:15 H,3454 L,failed,"Insert failed for log_selection_no VT-VPA/162: Missing references (aircraft VT-VPA, departure MAINT. LOG, arrival MAINT. LOG)"
Maintenance Log,VT-VPA,31-Aug-21,VT-VPA/161,90,,8/31/21 23:59,HAL Airport,8/31/21 23:59,HAL Airport,0:00,0,4939:15 H,3454 L,failed,"Insert failed for log_selection_no VT-VPA/161: Missing references (aircraft VT-VPA, departure HAL Airport, arrival HAL Airport)"
Maintenance Log,VT-VPA,10-Aug-21,VT-VPA/160,89,,8/10/21 13:45,VOHY,8/10/21 15:05,HAL Airport,0:53,1,4939:15 H,3454 L,failed,"Insert failed for log_selection_no VT-VPA/160: Missing references (aircraft VT-VPA, departure VOHY, arrival HAL Airport)"
Maintenance Log,VT-VPA,10-Aug-21,VT-VPA/159,89,,8/10/21 10:55,VIDP,8/10/21 13:25,VOHY,1:54,1,4938:22 H,3453 L,failed,Insert failed for log_selection_no VT-VPA/159: No row inserted (conflict or duplicate)
Maintenance Log,VT-VPA,10-Aug-21,VT-VPA/158,89,,8/10/21 6:55,HAL Airport,8/10/21 9:55,VIDP,2:34,1,4936:28 H,3452 L,failed,"Insert failed for log_selection_no VT-VPA/158: Missing references (aircraft VT-VPA, departure HAL Airport, arrival VIDP)"
Maintenance Log,VT-VPA,9-Aug-21,VT-VPA/157,88,,8/9/21 11:00,VOHY,8/9/21 12:25,HAL Airport,0:54,1,4933:54 H,3451 L,failed,"Insert failed for log_selection_no VT-VPA/157: Missing references (aircraft VT-VPA, departure VOHY, arrival HAL Airport)"
Maintenance Log,VT-VPA,9-Aug-21,VT-VPA/156,88,,8/9/21 8:25,VOMM,8/9/21 9:40,VOHY,0:53,1,4933:00 H,3450 L,failed,Insert failed for log_selection_no VT-VPA/156: No row inserted (conflict or duplicate)
Maintenance Log,VT-VPA,7-Aug-21,VT-VPA/155,87,,8/7/21 14:45,VABB,8/7/21 17:05,VOMM,1:37,1,4932:07 H,3449 L,failed,Insert failed for log_selection_no VT-VPA/155: No row inserted (conflict or duplicate)
Maintenance Log,VT-VPA,7-Aug-21,VT-VPA/154,87,,8/7/21 12:25,VOMM,8/7/21 14:25,VABB,1:35,1,4930:30 H,3448 L,failed,Insert failed for log_selection_no VT-VPA/154: No row inserted (conflict or duplicate)
Maintenance Log,VT-VPA,5-Aug-21,VT-VPA/153,86,,8/5/21 8:20,VIDP,8/5/21 11:20,VOMM,2:32,1,4928:55 H,3447 L,failed,Insert failed for log_selection_no VT-VPA/153: No row inserted (conflict or duplicate)
Maintenance Log,VT-VPA,5-Aug-21,VT-VPA/152,86,,8/5/21 5:20,VABB,8/5/21 7:30,VIDP,1:46,1,4926:23 H,3446 L,failed,Insert failed for log_selection_no VT-VPA/152: No row inserted (conflict or duplicate)
Maintenance Log,VT-VPA,5-Aug-21,VT-VPA/151,86,,8/5/21 2:35,VOMM,8/5/21 4:50,VABB,1:38,1,4924:37 H,3445 L,failed,Insert failed for log_selection_no VT-VPA/151: No row inserted (conflict or duplicate)
Maintenance Log,VT-VPA,4-Aug-21,VT-VPA/150,85,,8/4/21 9:45,vosm,8/4/21 11:00,VOMM,0:40,1,4922:59 H,3444 L,failed,"Insert failed for log_selection_no VT-VPA/150: Missing references (aircraft VT-VPA, departure vosm, arrival VOMM)"
Maintenance Log,VT-VPA,4-Aug-21,VT-VPA/149,85,,8/4/21 8:15,VOMM,8/4/21 9:15,vosm,0:39,1,4922:19 H,3443 L,failed,"Insert failed for log_selection_no VT-VPA/149: Missing references (aircraft VT-VPA, departure VOMM, arrival vosm)"
Maintenance Log,VT-VPA,3-Aug-21,VT-VPA/148,84,,8/3/21 6:25,VABB,8/3/21 8:25,VOMM,1:35,1,4921:40 H,3442 L,failed,Insert failed for log_selection_no VT-VPA/148: No row inserted (conflict or duplicate)
Maintenance Log,VT-VPA,2-Aug-21,VT-VPA/147,83,,8/2/21 14:40,VAAH,8/2/21 15:55,VABB,0:51,1,4920:05 H,3441 L,failed,Insert failed for log_selection_no VT-VPA/147: No row inserted (conflict or duplicate)
Maintenance Log,VT-VPA,2-Aug-21,VT-VPA/146,83,,8/2/21 13:10,VABB,8/2/21 14:25,VAAH,0:51,1,4919:14 H,3440 L,failed,Insert failed for log_selection_no VT-VPA/146: No row inserted (conflict or duplicate)
Maintenance Log,VT-VPA,2-Aug-21,VT-VPA/145,83,,8/2/21 10:45,VOMM,8/2/21 12:45,VABB,1:38,1,4918:23 H,3439 L,failed,Insert failed for log_selection_no VT-VPA/145: No row inserted (conflict or duplicate)
Maintenance Log,VT-VPA,1-Aug-21,VT-VPA/144,82,,8/1/21 8:55,vosm,8/1/21 9:55,VOMM,0:38,1,4916:45 H,3438 L,failed,"Insert failed for log_selection_no VT-VPA/144: Missing references (aircraft VT-VPA, departure vosm, arrival VOMM)"
Maintenance Log,VT-VPA,1-Aug-21,VT-VPA/143,82,,8/1/21 7:25,VOMM,8/1/21 8:40,vosm,0:38,1,4916:07 H,3437 L,failed,"Insert failed for log_selection_no VT-VPA/143: Missing references (aircraft VT-VPA, departure VOMM, arrival vosm)"
Maintenance Log,VT-VPA,30-Jul-21,VT-VPA/142,81,,7/30/21 14:20,VERP,7/30/21 16:25,VOMM,1:29,1,4915:29 H,3436 L,failed,Insert failed for log_selection_no VT-VPA/142: No row inserted (conflict or duplicate)
Maintenance Log,VT-VPA,30-Jul-21,VT-VPA/141,81,,7/30/21 2:40,VOMM,7/30/21 4:40,VERP,1:32,1,4914:00 H,3435 L,failed,Insert failed for log_selection_no VT-VPA/141: No row inserted (conflict or duplicate)
Maintenance Log,VT-VPA,29-Jul-21,VT-VPA/140,80,,7/29/21 8:25,VIDP,7/29/21 11:30,VOMM,2:31,1,4912:28 H,3434 L,failed,Insert failed for log_selection_no VT-VPA/140: No row inserted (conflict or duplicate)
Maintenance Log,VT-VPA,28-Jul-21,VT-VPA/139,79,,7/28/21 10:30,VABB,7/28/21 12:45,VIDP,1:46,1,4909:57 H,3433 L,failed,Insert failed for log_selection_no VT-VPA/139: No row inserted (conflict or duplicate)
Maintenance Log,VT-VPA,27-Jul-21,VT-VPA/138,78,,7/27/21 2:50,VOMM,7/27/21 5:10,VABB,1:39,1,4908:11 H,3432 L,failed,Insert failed for log_selection_no VT-VPA/138: No row inserted (conflict or duplicate)
Maintenance Log,VT-VPA,26-Jul-21,VT-VPA/137,77,,7/26/21 6:20,VAAH,7/26/21 8:50,VOMM,2:07,1,4906:32 H,3431 L,failed,Insert failed for log_selection_no VT-VPA/137: No row inserted (conflict or duplicate)
Maintenance Log,VT-VPA,26-Jul-21,VT-VPA/136,77,,7/26/21 3:10,VOMM,7/26/21 5:50,VAAH,2:07,1,4904:25 H,3430 L,failed,Insert failed for log_selection_no VT-VPA/136: No row inserted (conflict or duplicate)
Maintenance Log,VT-VPA,20-Jul-21,VT-VPA/135,76,,7/20/21 9:25,VIDP,7/20/21 12:20,VOMM,2:26,1,4902:18 H,3429 L,failed,Insert failed for log_selection_no VT-VPA/135: No row inserted (conflict or duplicate)
Maintenance Log,VT-VPA,20-Jul-21,VT-VPA/134,76,,7/20/21 5:45,VOMM,7/20/21 9:00,VIDP,2:38,1,4899:52 H,3428 L,failed,Insert failed for log_selection_no VT-VPA/134: No row inserted (conflict or duplicate)
Maintenance Log,VT-VPA,19-Jul-21,VT-VPA/133,75,,7/19/21 11:25,VABP,7/19/21 13:35,VOMM,1:47,1,4897:14 H,3427 L,failed,Insert failed for log_selection_no VT-VPA/133: No row inserted (conflict or duplicate)
Maintenance Log,VT-VPA,19-Jul-21,VT-VPA/132,75,,7/19/21 8:40,VISR,7/19/21 11:10,VABP,2:10,1,4895:27 H,3426 L,failed,Insert failed for log_selection_no VT-VPA/132: No row inserted (conflict or duplicate)
Maintenance Log,VT-VPA,19-Jul-21,VT-VPA/131,75,,7/19/21 7:05,VIAR,7/19/21 8:05,VISR,0:37,1,4893:17 H,3425 L,failed,Insert failed for log_selection_no VT-VPA/131: No row inserted (conflict or duplicate)
Maintenance Log,VT-VPA,18-Jul-21,VT-VPA/130,74,,7/18/21 9:30,VISR,7/18/21 10:30,VIAR,0:39,1,4892:40 H,3424 L,failed,Insert failed for log_selection_no VT-VPA/130: No row inserted (conflict or duplicate)
Maintenance Log,VT-VPA,18-Jul-21,VT-VPA/129,74,,7/18/21 5:20,VOMM,7/18/21 9:10,VISR,3:22,1,4892:01 H,3423 L,failed,Insert failed for log_selection_no VT-VPA/129: No row inserted (conflict or duplicate)
Maintenance Log,VT-VPA,17-Jul-21,VT-VPA/128,73,,7/17/21 11:25,VIDP,7/17/21 14:25,VOMM,2:31,1,4888:39 H,3422 L,failed,Insert failed for log_selection_no VT-VPA/128: No row inserted (conflict or duplicate)
Maintenance Log,VT-VPA,17-Jul-21,VT-VPA/127,73,,7/17/21 9:30,VISR,7/17/21 11:10,VIDP,1:13,1,4886:08 H,3421 L,failed,Insert failed for log_selection_no VT-VPA/127: No row inserted (conflict or duplicate)
Maintenance Log,VT-VPA,17-Jul-21,VT-VPA/126,73,,7/17/21 3:40,VIDP,7/17/21 5:25,VISR,1:11,1,4884:55 H,3420 L,failed,Insert failed for log_selection_no VT-VPA/126: No row inserted (conflict or duplicate)
Maintenance Log,VT-VPA,16-Jul-21,VT-VPA/125,72,,7/16/21 4:05,VOBZ,7/16/21 6:30,VIDP,2:01,1,4883:44 H,3419 L,failed,Insert failed for log_selection_no VT-VPA/125: No row inserted (conflict or duplicate)
Maintenance Log,VT-VPA,16-Jul-21,VT-VPA/124,72,,7/16/21 2:30,VOMM,7/16/21 3:45,VOBZ,0:54,1,4881:43 H,3418 L,failed,Insert failed for log_selection_no VT-VPA/124: No row inserted (conflict or duplicate)
Maintenance Log,VT-VPA,10-Jul-21,VT-VPA/123,71,,7/10/21 14:00,VOHY,7/10/21 15:35,VOMM,0:58,1,4880:49 H,3417 L,failed,Insert failed for log_selection_no VT-VPA/123: No row inserted (conflict or duplicate)
Maintenance Log,VT-VPA,10-Jul-21,VT-VPA/122,71,,7/10/21 11:55,vohs,7/10/21 12:35,VOHY,0:15,1,4879:51 H,3416 L,failed,Insert failed for log_selection_no VT-VPA/122: No row inserted (conflict or duplicate)
Maintenance Log,VT-VPA,9-Jul-21,VT-VPA/121,70,,7/9/21 14:05,HAL Airport,7/9/21 15:25,vohs,0:54,1,4879:36 H,3415 L,failed,"Insert failed for log_selection_no VT-VPA/121: Missing references (aircraft VT-VPA, departure HAL Airport, arrival vohs)"
Maintenance Log,VT-VPA,9-Jul-21,VT-VPA/120,70,,7/9/21 3:20,VOHY,7/9/21 4:40,HAL Airport,0:58,1,4878:42 H,3414 L,failed,"Insert failed for log_selection_no VT-VPA/120: Missing references (aircraft VT-VPA, departure VOHY, arrival HAL Airport)"
Maintenance Log,VT-VPA,9-Jul-21,VT-VPA/119,70,,7/9/21 1:55,VOMM,7/9/21 3:10,VOHY,0:55,1,4877:44 H,3413 L,failed,Insert failed for log_selection_no VT-VPA/119: No row inserted (conflict or duplicate)
Maintenance Log,VT-VPA,7-Jul-21,VT-VPA/118,69,,7/7/21 6:05,VAAH,7/7/21 8:40,VOMM,2:12,1,4876:49 H,3412 L,failed,Insert failed for log_selection_no VT-VPA/118: No row inserted (conflict or duplicate)
Maintenance Log,VT-VPA,6-Jul-21,VT-VPA/117,68,,7/6/21 12:20,VOMM,7/6/21 15:05,VAAH,2:02,1,4874:37 H,3411 L,failed,Insert failed for log_selection_no VT-VPA/117: No row inserted (conflict or duplicate)
Maintenance Log,VT-VPA,6-Jul-21,VT-VPA/116,67,,7/6/21 3:10,VIDP,7/6/21 6:20,VOMM,2:29,1,4872:35 H,3410 L,failed,Insert failed for log_selection_no VT-VPA/116: No row inserted (conflict or duplicate)
Maintenance Log,VT-VPA,5-Jul-21,VT-VPA/115,66,,7/5/21 9:45,VOMM,7/5/21 13:00,VIDP,2:24,1,4870:06 H,3409 L,failed,Insert failed for log_selection_no VT-VPA/115: No row inserted (conflict or duplicate)
Maintenance Log,VT-VPA,3-Jul-21,VT-VPA/114,65,,7/3/21 13:50,VOHY,7/3/21 15:10,VOMM,0:56,1,4867:42 H,3408 L,failed,Insert failed for log_selection_no VT-VPA/114: No row inserted (conflict or duplicate)
Maintenance Log,VT-VPA,3-Jul-21,VT-VPA/113,65,,7/3/21 12:30,VOMM,7/3/21 13:40,VOHY,0:54,1,4866:46 H,3407 L,failed,Insert failed for log_selection_no VT-VPA/113: No row inserted (conflict or duplicate)
Maintenance Log,VT-VPA,3-Jul-21,VT-VPA/112,64,,7/3/21 3:45,vohs,7/3/21 5:30,VOMM,0:54,1,4865:52 H,3406 L,failed,Insert failed for log_selection_no VT-VPA/112: No row inserted (conflict or duplicate)
Maintenance Log,VT-VPA,1-Jul-21,VT-VPA/111,63,,7/1/21 12:05,HAL Airport,7/1/21 13:20,vohs,0:55,1,4864:58 H,3405 L,failed,"Insert failed for log_selection_no VT-VPA/111: Missing references (aircraft VT-VPA, departure HAL Airport, arrival vohs)"
Maintenance Log,VT-VPA,1-Jul-21,VT-VPA/110,63,,7/1/21 10:35,VOCB,7/1/21 11:35,HAL Airport,0:56,1,4864:03 H,3404 L,failed,"Insert failed for log_selection_no VT-VPA/110: Missing references (aircraft VT-VPA, departure VOCB, arrival HAL Airport)"
Maintenance Log,VT-VPA,1-Jul-21,VT-VPA/109,63,,7/1/21 9:00,VOMM,7/1/21 10:15,VOCB,0:44,1,4863:07 H,3403 L,failed,Insert failed for log_selection_no VT-VPA/109: No row inserted (conflict or duplicate)
Maintenance Log,VT-VPA,29-Jun-21,VT-VPA/108,62,,6/29/21 12:05,VOHY,6/29/21 13:20,VOMM,0:53,1,4862:23 H,3402 L,failed,Insert failed for log_selection_no VT-VPA/108: No row inserted (conflict or duplicate)
Maintenance Log,VT-VPA,29-Jun-21,VT-VPA/107,62,,6/29/21 9:25,VIDP,6/29/21 11:50,VOHY,1:56,1,4861:30 H,3401 L,failed,Insert failed for log_selection_no VT-VPA/107: No row inserted (conflict or duplicate)
Maintenance Log,VT-VPA,27-Jun-21,VT-VPA/106,61,,6/27/21 2:55,vohs,6/27/21 5:25,VIDP,1:59,1,4859:34 H,3400 L,failed,Insert failed for log_selection_no VT-VPA/106: No row inserted (conflict or duplicate)
Maintenance Log,VT-VPA,27-Jun-21,VT-VPA/105,61,,6/27/21 1:20,VOMM,6/27/21 2:25,vohs,0:48,1,4857:35 H,3399 L,failed,Insert failed for log_selection_no VT-VPA/105: No row inserted (conflict or duplicate)
Maintenance Log,VT-VPA,26-Jun-21,VT-VPA/104,60,,6/26/21 11:45,VAAH,6/26/21 14:45,VOMM,2:15,1,4856:47 H,3398 L,failed,Insert failed for log_selection_no VT-VPA/104: No row inserted (conflict or duplicate)
Maintenance Log,VT-VPA,26-Jun-21,VT-VPA/103,60,,6/26/21 2:30,VABB,6/26/21 3:45,VAAH,0:52,1,4854:32 H,3397 L,failed,Insert failed for log_selection_no VT-VPA/103: No row inserted (conflict or duplicate)
Maintenance Log,VT-VPA,25-Jun-21,VT-VPA/102,59,,6/25/21 9:45,VOMM,6/25/21 11:40,VABB,1:32,1,4853:40 H,3396 L,failed,Insert failed for log_selection_no VT-VPA/102: No row inserted (conflict or duplicate)
Maintenance Log,VT-VPA,24-Jun-21,VT-VPA/101,58,,6/24/21 11:10,VIDP,6/24/21 14:00,VOMM,2:20,1,4852:08 H,3395 L,failed,Insert failed for log_selection_no VT-VPA/101: No row inserted (conflict or duplicate)
Maintenance Log,VT-VPA,24-Jun-21,VT-VPA/100,58,,6/24/21 4:55,vohs,6/24/21 7:20,VIDP,2:00,1,4849:48 H,3394 L,failed,Insert failed for log_selection_no VT-VPA/100: No row inserted (conflict or duplicate)
Maintenance Log,VT-VPA,24-Jun-21,VT-VPA/99,58,,6/24/21 1:05,VOMM,6/24/21 2:15,vohs,0:51,1,4847:48 H,3393 L,failed,Insert failed for log_selection_no VT-VPA/99: No row inserted (conflict or duplicate)
Maintenance Log,VT-VPA,10-Jun-21,VT-VPA/98,57,,6/10/21 8:45,VOCB,6/10/21 9:55,VOMM,0:51,1,4846:57 H,3392 L,failed,Insert failed for log_selection_no VT-VPA/98: No row inserted (conflict or duplicate)
Maintenance Log,VT-VPA,9-Jun-21,VT-VPA/97,56,,6/9/21 8:45,VOMM,6/9/21 10:10,VOCB,0:51,1,4846:06 H,3391 L,failed,Insert failed for log_selection_no VT-VPA/97: No row inserted (conflict or duplicate)
Maintenance Log,VT-VPA,8-Jun-21,VT-VPA/96,55,,6/8/21 9:35,VOMD,6/8/21 11:00,VOMM,0:53,1,4845:15 H,3390 L,failed,"Insert failed for log_selection_no VT-VPA/96: Missing references (aircraft VT-VPA, departure VOMD, arrival VOMM)"
Maintenance Log,VT-VPA,8-Jun-21,VT-VPA/95,55,,6/8/21 7:10,VOMM,6/8/21 8:10,VOMD,0:45,1,4844:22 H,3389 L,failed,"Insert failed for log_selection_no VT-VPA/95: Missing references (aircraft VT-VPA, departure VOMM, arrival VOMD)"
Maintenance Log,VT-VPA,3-Jun-21,VT-VPA/94,54,,6/3/21 6:00,VOMD,6/3/21 7:15,VOMM,0:52,1,4843:37 H,3388 L,failed,"Insert failed for log_selection_no VT-VPA/94: Missing references (aircraft VT-VPA, departure VOMD, arrival VOMM)"
Maintenance Log,VT-VPA,3-Jun-21,VT-VPA/93,54,,6/3/21 4:00,VOMM,6/3/21 5:25,VOMD,0:44,1,4842:45 H,3387 L,failed,"Insert failed for log_selection_no VT-VPA/93: Missing references (aircraft VT-VPA, departure VOMM, arrival VOMD)"
Maintenance Log,VT-VPA,1-Jun-21,VT-VPA/92,53,,6/1/21 14:10,VABB,6/1/21 16:20,VOMM,1:36,1,4842:01 H,3386 L,failed,Insert failed for log_selection_no VT-VPA/92: No row inserted (conflict or duplicate)
Maintenance Log,VT-VPA,1-Jun-21,VT-VPA/91,53,,6/1/21 10:30,vohs,6/1/21 12:00,VABB,1:09,1,4840:25 H,3385 L,failed,Insert failed for log_selection_no VT-VPA/91: No row inserted (conflict or duplicate)
Maintenance Log,VT-VPA,1-Jun-21,VT-VPA/90,53,,6/1/21 2:15,VABB,6/1/21 3:45,vohs,1:04,1,4839:16 H,3384 L,failed,Insert failed for log_selection_no VT-VPA/90: No row inserted (conflict or duplicate)
Maintenance Log,VT-VPA,31-May-21,VT-VPA/89,52,,5/31/21 3:15,VOMM,5/31/21 5:25,VABB,1:28,1,4838:12 H,3383 L,failed,Insert failed for log_selection_no VT-VPA/89: No row inserted (conflict or duplicate)
Maintenance Log,VT-VPA,24-May-21,VT-VPA/88,51,,5/24/21 8:05,VABB,5/24/21 10:00,VOMM,1:33,1,4836:44 H,3382 L,failed,Insert failed for log_selection_no VT-VPA/88: No row inserted (conflict or duplicate)
Maintenance Log,VT-VPA,24-May-21,VT-VPA/87,51,,5/24/21 5:45,VOMM,5/24/21 7:35,VABB,1:30,1,4835:11 H,3381 L,failed,Insert failed for log_selection_no VT-VPA/87: No row inserted (conflict or duplicate)
Maintenance Log,VT-VPA,23-May-21,VT-VPA/86,50,,5/23/21 14:30,VOCB,5/23/21 15:40,VOMM,0:48,1,4833:41 H,3380 L,failed,Insert failed for log_selection_no VT-VPA/86: No row inserted (conflict or duplicate)
Maintenance Log,VT-VPA,23-May-21,VT-VPA/85,50,,5/23/21 11:15,VOMM,5/23/21 12:15,VOCB,0:42,1,4832:53 H,3379 L,failed,Insert failed for log_selection_no VT-VPA/85: No row inserted (conflict or duplicate)
Maintenance Log,VT-VPA,21-May-21,VT-VPA/84,49,,5/21/21 12:50,VOHY,5/21/21 14:10,VOMM,0:58,1,4832:11 H,3378 L,failed,Insert failed for log_selection_no VT-VPA/84: No row inserted (conflict or duplicate)
Maintenance Log,VT-VPA,21-May-21,VT-VPA/83,49,,5/21/21 11:00,VOMM,5/21/21 12:35,VOHY,0:54,1,4831:13 H,3377 L,failed,Insert failed for log_selection_no VT-VPA/83: No row inserted (conflict or duplicate)
Maintenance Log,VT-VPA,21-May-21,VT-VPA/82,48,,5/21/21 5:25,VOHY,5/21/21 7:00,VOMM,0:54,1,4830:19 H,3376 L,failed,Insert failed for log_selection_no VT-VPA/82: No row inserted (conflict or duplicate)
Maintenance Log,VT-VPA,20-May-21,VT-VPA/81,47,,5/20/21 6:25,VOCB,5/20/21 7:55,VOHY,1:09,1,4829:25 H,3375 L,failed,Insert failed for log_selection_no VT-VPA/81: No row inserted (conflict or duplicate)
Maintenance Log,VT-VPA,20-May-21,VT-VPA/80,47,,5/20/21 5:10,VOMM,5/20/21 6:10,VOCB,0:41,1,4828:16 H,3374 L,failed,Insert failed for log_selection_no VT-VPA/80: No row inserted (conflict or duplicate)
Maintenance Log,VT-VPA,17-May-21,VT-VPA/79,46,,5/17/21 12:45,HAL Airport,5/17/21 13:35,VOMM,0:34,1,4827:35 H,3373 L,failed,"Insert failed for log_selection_no VT-VPA/79: Missing references (aircraft VT-VPA, departure HAL Airport, arrival VOMM)"
Maintenance Log,VT-VPA,17-May-21,VT-VPA/78,46,,5/17/21 11:20,VOMM,5/17/21 12:35,HAL Airport,0:36,1,4827:01 H,3372 L,failed,"Insert failed for log_selection_no VT-VPA/78: Missing references (aircraft VT-VPA, departure VOMM, arrival HAL Airport)"
Maintenance Log,VT-VPA,17-May-21,VT-VPA/77,45,,5/17/21 4:00,HAL Airport,5/17/21 5:20,VOMM,0:36,1,4826:25 H,3371 L,failed,"Insert failed for log_selection_no VT-VPA/77: Missing references (aircraft VT-VPA, departure HAL Airport, arrival VOMM)"
Maintenance Log,VT-VPA,17-May-21,VT-VPA/76,45,,5/17/21 2:05,VOMM,5/17/21 2:55,HAL Airport,0:34,1,4825:49 H,3370 L,failed,"Insert failed for log_selection_no VT-VPA/76: Missing references (aircraft VT-VPA, departure VOMM, arrival HAL Airport)"
Maintenance Log,VT-VPA,13-Apr-21,VT-VPA/74,43,,4/13/21 7:50,VOTP,4/13/21 8:40,VOMM,0:19,1,4825:15 H,3369 L,failed,Insert failed for log_selection_no VT-VPA/74: No row inserted (conflict or duplicate)
Maintenance Log,VT-VPA,12-Apr-21,VT-VPA/73,42,,4/12/21 12:45,VOMM,4/12/21 13:50,VOTP,0:30,1,4824:56 H,3368 L,failed,Insert failed for log_selection_no VT-VPA/73: No row inserted (conflict or duplicate)
Maintenance Log,VT-VPA,10-Apr-21,VT-VPA/72,41,,4/10/21 11:15,VOCI,4/10/21 12:45,VOMM,0:52,1,4824:26 H,3367 L,failed,"Insert failed for log_selection_no VT-VPA/72: Missing references (aircraft VT-VPA, departure VOCI, arrival VOMM)"
Maintenance Log,VT-VPA,10-Apr-21,VT-VPA/71,41,,4/10/21 9:15,VOMM,4/10/21 10:50,VOCI,0:53,1,4823:34 H,3366 L,failed,"Insert failed for log_selection_no VT-VPA/71: Missing references (aircraft VT-VPA, departure VOMM, arrival VOCI)"
Maintenance Log,VT-VPA,9-Apr-21,VT-VPA/70,40,,4/9/21 17:25,HAL Airport,4/9/21 18:30,VOMM,0:34,1,4822:41 H,3365 L,failed,"Insert failed for log_selection_no VT-VPA/70: Missing references (aircraft VT-VPA, departure HAL Airport, arrival VOMM)"
Maintenance Log,VT-VPA,9-Apr-21,VT-VPA/69,40,,4/9/21 8:05,VOMM,4/9/21 9:00,HAL Airport,0:32,1,4822:07 H,3364 L,failed,"Insert failed for log_selection_no VT-VPA/69: Missing references (aircraft VT-VPA, departure VOMM, arrival HAL Airport)"
Maintenance Log,VT-VPA,8-Apr-21,VT-VPA/68,39,,4/8/21 11:55,VOHY,4/8/21 13:25,VOMM,1:03,1,4821:35 H,3363 L,failed,Insert failed for log_selection_no VT-VPA/68: No row inserted (conflict or duplicate)
Maintenance Log,VT-VPA,6-Apr-21,VT-VPA/67,38,,4/6/21 12:35,VERP,4/6/21 14:00,VOHY,1:00,1,4820:32 H,3362 L,failed,Insert failed for log_selection_no VT-VPA/67: No row inserted (conflict or duplicate)
Maintenance Log,VT-VPA,5-Apr-21,VT-VPA/66,37,,4/5/21 12:55,VEBS,4/5/21 14:20,VERP,1:00,1,4819:32 H,3361 L,failed,Insert failed for log_selection_no VT-VPA/66: No row inserted (conflict or duplicate)
Maintenance Log,VT-VPA,5-Apr-21,VT-VPA/65,37,,4/5/21 2:30,VOHY,4/5/21 4:15,VEBS,1:24,1,4818:32 H,3360 L,failed,Insert failed for log_selection_no VT-VPA/65: No row inserted (conflict or duplicate)
Maintenance Log,VT-VPA,4-Apr-21,VT-VPA/64,36,,4/4/21 9:05,VOMM,4/4/21 10:30,VOHY,0:56,1,4817:08 H,3359 L,failed,Insert failed for log_selection_no VT-VPA/64: No row inserted (conflict or duplicate)
Maintenance Log,VT-VPA,4-Apr-21,VT-VPA/63,36,,4/4/21 6:35,VOGO,4/4/21 8:05,VOMM,1:08,1,4816:12 H,3358 L,failed,"Insert failed for log_selection_no VT-VPA/63: Missing references (aircraft VT-VPA, departure VOGO, arrival VOMM)"
Maintenance Log,VT-VPA,4-Apr-21,VT-VPA/62,36,,4/4/21 4:25,VOMM,4/4/21 6:00,VOGO,1:10,1,4815:04 H,3357 L,failed,"Insert failed for log_selection_no VT-VPA/62: Missing references (aircraft VT-VPA, departure VOMM, arrival VOGO)"
Maintenance Log,VT-VPA,2-Apr-21,VT-VPA/61,35,,4/2/21 17:05,VOCB,4/2/21 18:35,VOMM,0:45,1,4813:54 H,3356 L,failed,Insert failed for log_selection_no VT-VPA/61: No row inserted (conflict or duplicate)
Maintenance Log,VT-VPA,2-Apr-21,VT-VPA/60,35,,4/2/21 13:55,VOMM,4/2/21 15:05,VOCB,0:45,1,4813:09 H,3355 L,failed,Insert failed for log_selection_no VT-VPA/60: No row inserted (conflict or duplicate)
Maintenance Log,VT-VPA,1-Apr-21,VT-VPA/59,34,,4/1/21 3:10,VOGO,4/1/21 4:50,VOMM,1:18,1,4812:24 H,3354 L,failed,"Insert failed for log_selection_no VT-VPA/59: Missing references (aircraft VT-VPA, departure VOGO, arrival VOMM)"
Maintenance Log,VT-VPA,1-Apr-21,VT-VPA/58,34,,4/1/21 0:50,VOMM,4/1/21 2:25,VOGO,1:12,1,4811:06 H,3353 L,failed,"Insert failed for log_selection_no VT-VPA/58: Missing references (aircraft VT-VPA, departure VOMM, arrival VOGO)"
Maintenance Log,VT-VPA,25-Mar-21,VT-VPA/57,33,,3/25/21 15:05,VABB,3/25/21 17:20,VOMM,1:30,1,4809:54 H,3352 L,failed,Insert failed for log_selection_no VT-VPA/57: No row inserted (conflict or duplicate)
Maintenance Log,VT-VPA,25-Mar-21,VT-VPA/56,33,,3/25/21 11:40,VOMM,3/25/21 13:45,VABB,1:37,1,4808:24 H,3351 L,failed,Insert failed for log_selection_no VT-VPA/56: No row inserted (conflict or duplicate)
Maintenance Log,VT-VPA,22-Mar-21,VT-VPA/55,32,,3/22/21 13:35,VOMD,3/22/21 14:55,VOMM,0:43,1,4806:47 H,3350 L,failed,"Insert failed for log_selection_no VT-VPA/55: Missing references (aircraft VT-VPA, departure VOMD, arrival VOMM)"
Maintenance Log,VT-VPA,22-Mar-21,VT-VPA/54,32,,3/22/21 4:05,VOMM,3/22/21 5:15,VOMD,0:51,1,4806:04 H,3349 L,failed,"Insert failed for log_selection_no VT-VPA/54: Missing references (aircraft VT-VPA, departure VOMM, arrival VOMD)"
Maintenance Log,VT-VPA,21-Mar-21,VT-VPA/53,31,,3/21/21 9:50,VIDP,3/21/21 13:05,VOMM,2:36,1,4805:13 H,3348 L,failed,Insert failed for log_selection_no VT-VPA/53: No row inserted (conflict or duplicate)
Maintenance Log,VT-VPA,21-Mar-21,VT-VPA/52,31,,3/21/21 3:00,VOHY,3/21/21 5:15,VIDP,1:50,1,4802:37 H,3347 L,failed,Insert failed for log_selection_no VT-VPA/52: No row inserted (conflict or duplicate)
Maintenance Log,VT-VPA,19-Mar-21,VT-VPA/51,30,,3/19/21 8:10,VABB,3/19/21 9:30,VOHY,0:59,1,4800:47 H,3346 L,failed,Insert failed for log_selection_no VT-VPA/51: No row inserted (conflict or duplicate)
Maintenance Log,VT-VPA,19-Mar-21,VT-VPA/50,30,,3/19/21 3:30,VOHY,3/19/21 5:00,VABB,1:11,1,4799:48 H,3345 L,failed,Insert failed for log_selection_no VT-VPA/50: No row inserted (conflict or duplicate)
Maintenance Log,VT-VPA,19-Mar-21,VT-VPA/49,30,,3/19/21 1:35,VOMM,3/19/21 3:05,VOHY,0:53,1,4798:37 H,3344 L,failed,Insert failed for log_selection_no VT-VPA/49: No row inserted (conflict or duplicate)
Maintenance Log,VT-VPA,16-Mar-21,VT-VPA/48,29,,3/16/21 17:00,vohs,3/16/21 18:10,VOMM,0:50,1,4797:44 H,3343 L,failed,Insert failed for log_selection_no VT-VPA/48: No row inserted (conflict or duplicate)
Maintenance Log,VT-VPA,16-Mar-21,VT-VPA/47,29,,3/16/21 14:35,VIDP,3/16/21 16:45,vohs,1:51,1,4796:54 H,3342 L,failed,Insert failed for log_selection_no VT-VPA/47: No row inserted (conflict or duplicate)
Maintenance Log,VT-VPA,15-Mar-21,VT-VPA/46,28,,3/15/21 15:50,VIJP,3/15/21 16:50,VIDP,0:35,1,4795:03 H,3341 L,failed,Insert failed for log_selection_no VT-VPA/46: No row inserted (conflict or duplicate)
Maintenance Log,VT-VPA,15-Mar-21,VT-VPA/45,28,,3/15/21 3:55,VOHY,3/15/21 6:00,VIJP,1:43,1,4794:28 H,3340 L,failed,Insert failed for log_selection_no VT-VPA/45: No row inserted (conflict or duplicate)
Maintenance Log,VT-VPA,14-Mar-21,VT-VPA/44,27,,3/14/21 7:25,VOMM,3/14/21 8:40,VOHY,0:55,1,4792:45 H,3339 L,failed,Insert failed for log_selection_no VT-VPA/44: No row inserted (conflict or duplicate)
Maintenance Log,VT-VPA,13-Mar-21,VT-VPA/43,26,,3/13/21 11:50,VIJP,3/13/21 14:40,VOMM,2:10,1,4791:50 H,3338 L,failed,Insert failed for log_selection_no VT-VPA/43: No row inserted (conflict or duplicate)
Maintenance Log,VT-VPA,13-Mar-21,VT-VPA/42,26,,3/13/21 1:30,VOMM,3/13/21 4:15,VIJP,2:21,1,4789:40 H,3337 L,failed,Insert failed for log_selection_no VT-VPA/42: No row inserted (conflict or duplicate)
Maintenance Log,VT-VPA,12-Mar-21,VT-VPA/41,25,,3/12/21 10:00,HAL Airport,3/12/21 11:10,VOMM,0:32,1,4787:19 H,3336 L,failed,"Insert failed for log_selection_no VT-VPA/41: Missing references (aircraft VT-VPA, departure HAL Airport, arrival VOMM)"
Maintenance Log,VT-VPA,12-Mar-21,VT-VPA/40,25,,3/12/21 2:35,VOMM,3/12/21 3:45,HAL Airport,0:34,1,4786:47 H,3335 L,failed,"Insert failed for log_selection_no VT-VPA/40: Missing references (aircraft VT-VPA, departure VOMM, arrival HAL Airport)"
Maintenance Log,VT-VPA,10-Feb-21,VT-VPA/39,24,,2/10/21 13:35,HAL Airport,2/10/21 14:40,VOMM,0:37,1,4786:13 H,3334 L,failed,"Insert failed for log_selection_no VT-VPA/39: Missing references (aircraft VT-VPA, departure HAL Airport, arrival VOMM)"
Maintenance Log,VT-VPA,10-Feb-21,VT-VPA/38,24,,2/10/21 5:05,VOMM,2/10/21 6:05,HAL Airport,0:34,1,4785:36 H,3333 L,failed,"Insert failed for log_selection_no VT-VPA/38: Missing references (aircraft VT-VPA, departure VOMM, arrival HAL Airport)"
Maintenance Log,VT-VPA,9-Feb-21,VT-VPA/37,23,,2/9/21 10:55,VIDP,2/9/21 14:05,VOMM,2:39,1,4785:02 H,3332 L,failed,Insert failed for log_selection_no VT-VPA/37: No row inserted (conflict or duplicate)
Maintenance Log,VT-VPA,9-Feb-21,VT-VPA/36,23,,2/9/21 7:05,VOMM,2/9/21 10:10,VIDP,2:42,1,4782:23 H,3331 L,failed,Insert failed for log_selection_no VT-VPA/36: No row inserted (conflict or duplicate)
Maintenance Log,VT-VPA,9-Feb-21,VT-VPA/35,23,,2/9/21 3:55,VAAH,2/9/21 6:25,VOMM,2:08,1,4779:41 H,3330 L,failed,Insert failed for log_selection_no VT-VPA/35: No row inserted (conflict or duplicate)
Maintenance Log,VT-VPA,8-Feb-21,VT-VPA/34,22,,2/8/21 9:20,VIDP,2/8/21 11:00,VAAH,1:16,1,4777:33 H,3329 L,failed,Insert failed for log_selection_no VT-VPA/34: No row inserted (conflict or duplicate)
Maintenance Log,VT-VPA,7-Feb-21,VT-VPA/33,21,,2/7/21 2:55,VOHY,2/7/21 5:20,VIDP,1:59,1,4776:17 H,3328 L,failed,Insert failed for log_selection_no VT-VPA/33: No row inserted (conflict or duplicate)
Maintenance Log,VT-VPA,7-Feb-21,VT-VPA/32,21,,2/7/21 1:15,VOMM,2/7/21 2:35,VOHY,0:57,1,4774:18 H,3327 L,failed,Insert failed for log_selection_no VT-VPA/32: No row inserted (conflict or duplicate)
Maintenance Log,VT-VPA,6-Feb-21,VT-VPA/31,20,,2/6/21 6:35,VABB,2/6/21 8:20,VOMM,1:30,1,4773:21 H,3326 L,failed,Insert failed for log_selection_no VT-VPA/31: No row inserted (conflict or duplicate)
Maintenance Log,VT-VPA,6-Feb-21,VT-VPA/30,20,,2/6/21 3:35,HAL Airport,2/6/21 5:30,VABB,1:30,1,4771:51 H,3325 L,failed,"Insert failed for log_selection_no VT-VPA/30: Missing references (aircraft VT-VPA, departure HAL Airport, arrival VABB)"
Maintenance Log,VT-VPA,5-Feb-21,VT-VPA/29,19,,2/5/21 11:45,VOMM,2/5/21 12:45,HAL Airport,0:36,1,4770:21 H,3324 L,failed,"Insert failed for log_selection_no VT-VPA/29: Missing references (aircraft VT-VPA, departure VOMM, arrival HAL Airport)"
Maintenance Log,VT-VPA,4-Feb-21,VT-VPA/28,18,,2/4/21 18:25,HAL Airport,2/4/21 19:10,VOMM,0:32,1,4769:45 H,3323 L,failed,"Insert failed for log_selection_no VT-VPA/28: Missing references (aircraft VT-VPA, departure HAL Airport, arrival VOMM)"
Maintenance Log,VT-VPA,4-Feb-21,VT-VPA/27,17,,2/4/21 17:15,VOCL,2/4/21 18:10,HAL Airport,0:30,1,4769:13 H,3322 L,failed,"Insert failed for log_selection_no VT-VPA/27: Missing references (aircraft VT-VPA, departure VOCL, arrival HAL Airport)"
Maintenance Log,VT-VPA,4-Feb-21,VT-VPA/26,17,,2/4/21 8:10,HAL Airport,2/4/21 9:10,VOCL,0:38,1,4768:43 H,3321 L,failed,"Insert failed for log_selection_no VT-VPA/26: Missing references (aircraft VT-VPA, departure HAL Airport, arrival VOCL)"
Maintenance Log,VT-VPA,4-Feb-21,VT-VPA/25,17,,2/4/21 6:40,VOMM,2/4/21 7:35,HAL Airport,0:39,1,4768:05 H,3320 L,failed,"Insert failed for log_selection_no VT-VPA/25: Missing references (aircraft VT-VPA, departure VOMM, arrival HAL Airport)"
Maintenance Log,VT-VPA,2-Feb-21,VT-VPA/24,16,,2/2/21 14:05,VABB,2/2/21 15:55,VOMM,1:35,1,4767:26 H,3319 L,failed,Insert failed for log_selection_no VT-VPA/24: No row inserted (conflict or duplicate)
Maintenance Log,VT-VPA,2-Feb-21,VT-VPA/23,16,,2/2/21 3:10,VOMM,2/2/21 5:00,VABB,1:35,1,4765:51 H,3318 L,failed,Insert failed for log_selection_no VT-VPA/23: No row inserted (conflict or duplicate)
Maintenance Log,VT-VPA,1-Feb-21,VT-VPA/22,15,,2/1/21 8:30,VICG,2/1/21 11:45,VOMM,2:56,1,4764:16 H,3317 L,failed,"Insert failed for log_selection_no VT-VPA/22: Missing references (aircraft VT-VPA, departure VICG, arrival VOMM)"
Maintenance Log,VT-VPA,1-Feb-21,VT-VPA/21,15,,2/1/21 4:35,VOMM,2/1/21 7:55,VICG,2:56,1,4761:20 H,3316 L,failed,"Insert failed for log_selection_no VT-VPA/21: Missing references (aircraft VT-VPA, departure VOMM, arrival VICG)"
Maintenance Log,VT-VPA,29-Jan-21,VT-VPA/20,14,,1/29/21 12:30,VOMM,1/29/21 13:40,VOMM,0:42,1,4758:24 H,3315 L,failed,Insert failed for log_selection_no VT-VPA/20: No row inserted (conflict or duplicate)
Maintenance Log,VT-VPA,25-Jan-21,VT-VPA/19,13,,1/25/21 4:30,VOMM,1/25/21 5:30,VOMM,0:37,1,4757:42 H,3314 L,failed,Insert failed for log_selection_no VT-VPA/19: No row inserted (conflict or duplicate)
Maintenance Log,VT-VPA,5-Jan-21,VT-VPA/18,12,,1/5/21 1:30,VOMM,1/5/21 1:30,VOMM,0:00,0,4757:05 H,3313 L,failed,Insert failed for log_selection_no VT-VPA/18: No row inserted (conflict or duplicate)
Maintenance Log,VT-VPA,4-Jan-21,VT-VPA/17,11,,1/4/21 11:50,VOTP,1/4/21 12:20,VOMM,0:17,1,4757:05 H,3313 L,failed,Insert failed for log_selection_no VT-VPA/17: No row inserted (conflict or duplicate)
Maintenance Log,VT-VPA,4-Jan-21,VT-VPA/16,10,,1/4/21 10:50,HAL Airport,1/4/21 11:40,VOTP,0:41,1,4756:48 H,3312 L,failed,"Insert failed for log_selection_no VT-VPA/16: Missing references (aircraft VT-VPA, departure HAL Airport, arrival VOTP)"
Maintenance Log,VT-VPA,4-Jan-21,VT-VPA/15,10,,1/4/21 7:50,VOTP,1/4/21 8:30,HAL Airport,0:30,1,4756:07 H,3311 L,failed,"Insert failed for log_selection_no VT-VPA/15: Missing references (aircraft VT-VPA, departure VOTP, arrival HAL Airport)"
Maintenance Log,VT-VPA,4-Jan-21,VT-VPA/14,10,,1/4/21 6:50,VOMM,1/4/21 7:35,VOTP,0:29,1,4755:37 H,3310 L,failed,Insert failed for log_selection_no VT-VPA/14: No row inserted (conflict or duplicate)
Maintenance Log,VT-VPA,3-Jan-21,VT-VPA/13,9,,1/3/21 12:20,VABB,1/3/21 14:25,VOMM,1:41,1,4755:08 H,3309 L,failed,Insert failed for log_selection_no VT-VPA/13: No row inserted (conflict or duplicate)
Maintenance Log,VT-VPA,3-Jan-21,VT-VPA/12,8,,1/3/21 9:40,VOMM,1/3/21 11:30,VABB,1:32,1,4753:27 H,3308 L,failed,Insert failed for log_selection_no VT-VPA/12: No row inserted (conflict or duplicate)
Maintenance Log,VT-VPA,3-Jan-21,VT-VPA/11,8,,1/3/21 8:20,HAL Airport,1/3/21 9:10,VOMM,0:35,1,4751:55 H,3307 L,failed,"Insert failed for log_selection_no VT-VPA/11: Missing references (aircraft VT-VPA, departure HAL Airport, arrival VOMM)"
Maintenance Log,VT-VPA,3-Jan-21,VT-VPA/10,8,,1/3/21 4:10,VIDP,1/3/21 7:15,HAL Airport,2:48,1,4751:20 H,3306 L,failed,"Insert failed for log_selection_no VT-VPA/10: Missing references (aircraft VT-VPA, departure VIDP, arrival HAL Airport)"
Maintenance Log,VT-VPA,2-Jan-21,VT-VPA/9,7,,1/2/21 16:00,VIDP,1/2/21 16:10,VIDP,0:00,0,4748:32 H,3305 L,failed,Insert failed for log_selection_no VT-VPA/9: No row inserted (conflict or duplicate)
Maintenance Log,VT-VPA,25-Dec-20,VT-VPA/8,6,,12/25/20 12:00,VIDP,12/25/20 12:10,VIDP,0:00,0,4748:32 H,3305 L,failed,Insert failed for log_selection_no VT-VPA/8: No row inserted (conflict or duplicate)
Maintenance Log,VT-VPA,11-Dec-20,VT-VPA/7,5,,12/11/20 11:00,VIDP,12/11/20 11:10,VIDP,0:00,0,4748:32 H,3305 L,failed,Insert failed for log_selection_no VT-VPA/7: No row inserted (conflict or duplicate)
Maintenance Log,VT-VPA,28-Nov-20,VT-VPA/6,4,,11/28/20 9:35,VIDP,11/28/20 12:00,VIDP,1:59,1,4748:32 H,3305 L,failed,Insert failed for log_selection_no VT-VPA/6: No row inserted (conflict or duplicate)
Maintenance Log,VT-VPA,28-Nov-20,VT-VPA/5,3,,11/28/20 9:00,VIDP,11/28/20 9:10,VIDP,0:00,0,4746:33 H,3304 L,failed,Insert failed for log_selection_no VT-VPA/5: No row inserted (conflict or duplicate)
Maintenance Log,VT-VPA,20-Nov-20,VT-VPA/4,2,,11/20/20 16:00,VIDP,11/20/20 16:10,VIDP,0:00,0,4746:33 H,3304 L,failed,Insert failed for log_selection_no VT-VPA/4: No row inserted (conflict or duplicate)
Maintenance Log,VT-VPA,6-Nov-20,VT-VPA/3,1,,11/6/20 16:30,VIDP,11/6/20 16:40,VIDP,0:00,0,4746:33 H,3304 L,failed,Insert failed for log_selection_no VT-VPA/3: No row inserted (conflict or duplicate)
Maintenance Log,VT-VPA,4-May-19,VT-VPA/2,1027,,5/4/19 11:10,HAL Airport,5/4/19 14:10,VIDP,2:30,1,4746:33 H,3304 L,failed,"Insert failed for log_selection_no VT-VPA/2: Missing references (aircraft VT-VPA, departure HAL Airport, arrival VIDP)"
Maintenance Log,VT-VPA,4-May-19,VT-VPA/1,1026,,5/4/19 5:25,VAPO,5/4/19 6:45,HAL Airport,1:10,1,4744:03 H,3303 L,failed,"Insert failed for log_selection_no VT-VPA/1: Missing references (aircraft VT-VPA, departure VAPO, arrival HAL Airport)"
Maintenance Log,VT-ACG,16-Mar-26,VT-ACG/30,32,,3/16/26 13:35,VIJP,3/16/26 14:25,VIJP,0:30,1,9892:01 H,5727 L,failed,Insert failed for log_selection_no VT-ACG/30: No row inserted (conflict or duplicate)
Maintenance Log,VT-ACG,16-Mar-26,VT-ACG/29,32,,3/16/26 12:15,VIJP,3/16/26 13:25,VIJP,0:30,1,9891:31 H,5726 L,failed,Insert failed for log_selection_no VT-ACG/29: No row inserted (conflict or duplicate)
Maintenance Log,VT-ACG,16-Mar-26,VT-ACG/28,31,,3/16/26 11:05,VIKG,3/16/26 11:45,VIJP,0:30,1,9891:01 H,5725 L,failed,Insert failed for log_selection_no VT-ACG/28: No row inserted (conflict or duplicate)
Maintenance Log,VT-ACG,16-Mar-26,VT-ACG/27,31,,3/16/26 10:05,VIJP,3/16/26 10:55,VIKG,0:18,1,9890:31 H,5724 L,failed,Insert failed for log_selection_no VT-ACG/27: No row inserted (conflict or duplicate)
Maintenance Log,VT-ACG,15-Mar-26,VT-ACG/26,30,,3/15/26 7:45,VIJP,3/15/26 8:45,VIJP,0:45,3,9890:13 H,5723 L,failed,Insert failed for log_selection_no VT-ACG/26: No row inserted (conflict or duplicate)
Maintenance Log,VT-ACG,15-Mar-26,VT-ACG/25,30,,3/15/26 6:00,VIJP,3/15/26 7:15,VIJP,1:00,3,9889:28 H,5720 L,failed,Insert failed for log_selection_no VT-ACG/25: No row inserted (conflict or duplicate)
Maintenance Log,VT-ACG,11-Mar-26,VT-ACG/24,29,,3/11/26 8:50,VIKG,3/11/26 9:50,VIJP,0:52,1,9888:28 H,5717 L,failed,Insert failed for log_selection_no VT-ACG/24: No row inserted (conflict or duplicate)
Maintenance Log,VT-ACG,11-Mar-26,VT-ACG/23,29,,3/11/26 8:00,VIJP,3/11/26 8:40,VIKG,0:26,1,9887:36 H,5716 L,failed,Insert failed for log_selection_no VT-ACG/23: No row inserted (conflict or duplicate)
Maintenance Log,VT-ACG,10-Mar-26,VT-ACG/22,28,,3/10/26 14:50,VIJP,3/10/26 16:00,VIJP,1:00,3,9887:10 H,5715 L,failed,Insert failed for log_selection_no VT-ACG/22: No row inserted (conflict or duplicate)
Maintenance Log,VT-ACG,10-Mar-26,VT-ACG/21,28,,3/10/26 13:25,VIDP,3/10/26 14:40,VIJP,1:00,3,9886:10 H,5712 L,failed,Insert failed for log_selection_no VT-ACG/21: No row inserted (conflict or duplicate)
Maintenance Log,VT-ACG,10-Mar-26,VT-ACG/20,27,,3/10/26 0:00,VIDP,3/10/26 0:00,VIDP,0:00,0,9885:10 H,5709 L,failed,Insert failed for log_selection_no VT-ACG/20: No row inserted (conflict or duplicate)
Maintenance Log,VT-ACG,8-Mar-26,VT-ACG/19,26,,3/8/26 11:10,VIDP,3/8/26 11:30,VIDP,0:00,0,9885:10 H,5709 L,failed,Insert failed for log_selection_no VT-ACG/19: No row inserted (conflict or duplicate)
Maintenance Log,VT-ACG,3-Mar-26,VT-ACG/18,25,,3/3/26 8:40,VIDP,3/3/26 9:00,VIDP,0:00,0,9885:10 H,5709 L,failed,Insert failed for log_selection_no VT-ACG/18: No row inserted (conflict or duplicate)
Maintenance Log,VT-ACG,24-Feb-26,VT-ACG/17,24,,2/24/26 9:10,VIDP,2/24/26 9:40,VIDP,0:00,0,9885:10 H,5709 L,failed,Insert failed for log_selection_no VT-ACG/17: No row inserted (conflict or duplicate)
Maintenance Log,VT-ACG,19-Feb-26,VT-ACG/16,23,,2/19/26 10:30,VIDP,2/19/26 11:00,VIDP,0:00,0,9885:10 H,5709 L,failed,Insert failed for log_selection_no VT-ACG/16: No row inserted (conflict or duplicate)
Maintenance Log,VT-ACG,12-Feb-26,VT-ACG/15,22,,2/12/26 7:30,VIDP,2/12/26 8:00,VIDP,0:00,0,9885:10 H,5709 L,failed,Insert failed for log_selection_no VT-ACG/15: No row inserted (conflict or duplicate)
Maintenance Log,VT-ACG,5-Feb-26,VT-ACG/14,21,,2/5/26 12:00,VIDP,2/5/26 12:30,VIDP,0:00,0,9885:10 H,5709 L,failed,Insert failed for log_selection_no VT-ACG/14: No row inserted (conflict or duplicate)
Maintenance Log,VT-ACG,5-Feb-26,VT-ACG/13,20,,2/5/26 10:00,VIDP,2/5/26 11:35,VIDP,1:12,1,9885:10 H,5709 L,failed,Insert failed for log_selection_no VT-ACG/13: No row inserted (conflict or duplicate)
Maintenance Log,VT-ACG,1-Feb-26,VT-ACG/12,19,,2/1/26 10:00,VIDP,2/1/26 10:30,VIDP,0:00,0,9883:58 H,5708 L,failed,Insert failed for log_selection_no VT-ACG/12: No row inserted (conflict or duplicate)
Maintenance Log,VT-ACG,VOID,VT-ACG/11,18,,VOID,VOID,VOID,VOID,VOID,0,9883:58 H,5708 L,failed,Insert failed for log_selection_no VT-ACG/11: Invalid flight date
Maintenance Log,VT-ACG,25-Jan-26,VT-ACG/10,17,,1/25/26 10:30,VIDP,1/25/26 11:00,VIDP,0:00,0,9883:58 H,5708 L,failed,Insert failed for log_selection_no VT-ACG/10: No row inserted (conflict or duplicate)
Maintenance Log,VT-ACG,18-Jan-26,VT-ACG/9,16,,1/18/26 9:30,VIDP,1/18/26 10:00,VIDP,0:00,0,9883:58 H,5708 L,failed,Insert failed for log_selection_no VT-ACG/9: No row inserted (conflict or duplicate)
Maintenance Log,VT-ACG,11-Jan-26,VT-ACG/8,15,,1/11/26 16:00,VIDP,1/11/26 16:30,VIDP,0:00,0,9883:58 H,5708 L,failed,Insert failed for log_selection_no VT-ACG/8: No row inserted (conflict or duplicate)
Maintenance Log,VT-ACG,4-Jan-26,VT-ACG/7,14,,1/4/26 10:30,VIDP,1/4/26 11:00,VIDP,0:00,0,9883:58 H,5708 L,failed,Insert failed for log_selection_no VT-ACG/7: No row inserted (conflict or duplicate)
Maintenance Log,VT-ACG,28-Dec-25,VT-ACG/6,13,,12/28/25 10:30,VIDP,12/28/25 11:00,VIDP,0:00,0,9883:58 H,5708 L,failed,Insert failed for log_selection_no VT-ACG/6: No row inserted (conflict or duplicate)
Maintenance Log,VT-ACG,21-Dec-25,VT-ACG/5,12,,12/21/25 12:30,VIDP,12/21/25 13:00,VIDP,0:00,0,9883:58 H,5708 L,failed,Insert failed for log_selection_no VT-ACG/5: No row inserted (conflict or duplicate)
Maintenance Log,VT-ACG,14-Dec-25,VT-ACG/4,11,,12/14/25 10:30,VIDP,12/14/25 11:00,VIDP,0:00,0,9883:58 H,5708 L,failed,Insert failed for log_selection_no VT-ACG/4: No row inserted (conflict or duplicate)
Maintenance Log,VT-ACG,8-Dec-25,VT-ACG/3,10,,12/8/25 6:30,VIDP,12/8/25 7:00,VIDP,0:00,0,9883:58 H,5708 L,failed,Insert failed for log_selection_no VT-ACG/3: No row inserted (conflict or duplicate)
Maintenance Log,VT-ACG,2-Dec-25,VT-ACG/2,9,,12/2/25 8:30,VIDP,12/2/25 9:00,VIDP,0:00,0,9883:58 H,5708 L,failed,Insert failed for log_selection_no VT-ACG/2: No row inserted (conflict or duplicate)
Maintenance Log,VT-ACG,25-Nov-25,VT-ACG/1,8,,11/25/25 9:30,VIDP,11/25/25 10:00,VIDP,0:00,0,9883:58 H,5708 L,failed,Insert failed for log_selection_no VT-ACG/1: No row inserted (conflict or duplicate)
Maintenance Log,VT-AGP,17-Mar-26,VT-AGP/77,77,,3/17/26 13:10,VIDP,3/17/26 15:35,VIDP,2:07,1,5607:52 H,4893 L,failed,Insert failed for log_selection_no VT-AGP/77: No row inserted (conflict or duplicate)
Maintenance Log,VT-AGP,17-Mar-26,VT-AGP/76,76,,3/17/26 9:30,VIDP,3/17/26 10:00,VIDP,0:00,0,5605:45 H,4892 L,failed,Insert failed for log_selection_no VT-AGP/76: No row inserted (conflict or duplicate)
Maintenance Log,VT-AGP,16-Mar-26,VT-AGP/75,75,,3/16/26 4:17,VOHY,3/16/26 6:50,VIDP,2:05,1,5605:45 H,4892 L,failed,Insert failed for log_selection_no VT-AGP/75: No row inserted (conflict or duplicate)
Maintenance Log,VT-AGP,15-Mar-26,VT-AGP/74,74,,3/15/26 7:36,vohs,3/15/26 7:58,VOHY,0:10,1,5603:40 H,4891 L,failed,Insert failed for log_selection_no VT-AGP/74: No row inserted (conflict or duplicate)
Maintenance Log,VT-AGP,15-Mar-26,VT-AGP/73,73,,3/15/26 4:22,VAAH,3/15/26 6:24,vohs,1:38,1,5603:30 H,4890 L,failed,Insert failed for log_selection_no VT-AGP/73: No row inserted (conflict or duplicate)
Maintenance Log,VT-AGP,14-Mar-26,VT-AGP/72,72,,3/14/26 4:40,VABB,3/14/26 5:57,VAAH,0:51,1,5601:52 H,4889 L,failed,Insert failed for log_selection_no VT-AGP/72: No row inserted (conflict or duplicate)
Maintenance Log,VT-AGP,13-Mar-26,VT-AGP/71,71,,3/13/26 13:39,VAPO,3/13/26 14:34,VABB,0:32,1,5601:01 H,4888 L,failed,Insert failed for log_selection_no VT-AGP/71: No row inserted (conflict or duplicate)
Maintenance Log,VT-AGP,13-Mar-26,VT-AGP/70,70,,3/13/26 11:51,VOHY,3/13/26 12:54,VAPO,0:54,1,5600:29 H,4887 L,failed,Insert failed for log_selection_no VT-AGP/70: No row inserted (conflict or duplicate)
Maintenance Log,VT-AGP,13-Mar-26,VT-AGP/69,69,,3/13/26 6:55,VABB,3/13/26 8:18,VOHY,1:01,1,5599:35 H,4886 L,failed,Insert failed for log_selection_no VT-AGP/69: No row inserted (conflict or duplicate)
Maintenance Log,VT-AGP,13-Mar-26,VT-AGP/68,68,,3/13/26 4:40,vohs,3/13/26 6:13,VABB,1:15,1,5598:34 H,4885 L,failed,Insert failed for log_selection_no VT-AGP/68: No row inserted (conflict or duplicate)
Maintenance Log,VT-AGP,13-Mar-26,VT-AGP/67,67,,3/13/26 3:45,VOHY,3/13/26 4:15,vohs,0:19,1,5597:19 H,4884 L,failed,Insert failed for log_selection_no VT-AGP/67: No row inserted (conflict or duplicate)
Maintenance Log,VT-AGP,8-Mar-26,VT-AGP/66,66,,3/8/26 9:41,vohs,3/8/26 10:12,VOHY,0:15,1,5597:00 H,4883 L,failed,Insert failed for log_selection_no VT-AGP/66: No row inserted (conflict or duplicate)
Maintenance Log,VT-AGP,8-Mar-26,VT-AGP/65,65,,3/8/26 8:24,VOBG,3/8/26 9:28,vohs,0:55,1,5596:45 H,4882 L,failed,Insert failed for log_selection_no VT-AGP/65: No row inserted (conflict or duplicate)
Maintenance Log,VT-AGP,8-Mar-26,VT-AGP/64,64,,3/8/26 2:25,vohs,3/8/26 3:31,VOBG,0:53,1,5595:50 H,4881 L,failed,Insert failed for log_selection_no VT-AGP/64: No row inserted (conflict or duplicate)
Maintenance Log,VT-AGP,7-Mar-26,VT-AGP/63,63,,3/7/26 8:02,VAKP,3/7/26 9:00,vohs,0:45,1,5594:57 H,4880 L,failed,Insert failed for log_selection_no VT-AGP/63: No row inserted (conflict or duplicate)
Maintenance Log,VT-AGP,7-Mar-26,VT-AGP/62,62,,3/7/26 3:45,vohs,3/7/26 4:50,VAKP,0:46,1,5594:12 H,4879 L,failed,Insert failed for log_selection_no VT-AGP/62: No row inserted (conflict or duplicate)
Maintenance Log,VT-AGP,6-Mar-26,VT-AGP/61,61,,3/6/26 9:40,VERP,3/6/26 11:03,vohs,1:11,1,5593:26 H,4878 L,failed,Insert failed for log_selection_no VT-AGP/61: No row inserted (conflict or duplicate)
Maintenance Log,VT-AGP,6-Mar-26,VT-AGP/60,60,,3/6/26 6:58,VOCB,3/6/26 9:20,VERP,2:13,1,5592:15 H,4877 L,failed,Insert failed for log_selection_no VT-AGP/60: No row inserted (conflict or duplicate)
Maintenance Log,VT-AGP,6-Mar-26,VT-AGP/59,59,,3/6/26 4:55,VOMM,3/6/26 5:50,VOCB,0:39,1,5590:02 H,4876 L,failed,Insert failed for log_selection_no VT-AGP/59: No row inserted (conflict or duplicate)
Maintenance Log,VT-AGP,5-Mar-26,VT-AGP/58,58,,3/5/26 6:40,VOTR,3/5/26 7:40,VOMM,0:40,1,5589:23 H,4875 L,failed,Insert failed for log_selection_no VT-AGP/58: No row inserted (conflict or duplicate)
Maintenance Log,VT-AGP,4-Mar-26,VT-AGP/57,57,,3/4/26 11:00,VOMM,3/4/26 12:00,VOTR,0:43,1,5588:43 H,4874 L,failed,Insert failed for log_selection_no VT-AGP/57: No row inserted (conflict or duplicate)
Maintenance Log,VT-AGP,4-Mar-26,VT-AGP/56,56,,3/4/26 5:15,VOHY,3/4/26 6:30,VOMM,1:01,1,5588:00 H,4873 L,failed,Insert failed for log_selection_no VT-AGP/56: No row inserted (conflict or duplicate)
Maintenance Log,VT-AGP,3-Mar-26,VT-AGP/55,55,,3/3/26 5:25,VOMM,3/3/26 6:35,VOHY,0:57,1,5586:59 H,4872 L,failed,Insert failed for log_selection_no VT-AGP/55: No row inserted (conflict or duplicate)
Maintenance Log,VT-AGP,3-Mar-26,VT-AGP/54,54,,3/3/26 3:40,vohs,3/3/26 4:50,VOMM,0:53,1,5586:02 H,4871 L,failed,Insert failed for log_selection_no VT-AGP/54: No row inserted (conflict or duplicate)
Maintenance Log,VT-AGP,3-Mar-26,VT-AGP/53,53,,3/3/26 2:05,VOHY,3/3/26 2:30,vohs,0:15,1,5585:09 H,4870 L,failed,Insert failed for log_selection_no VT-AGP/53: No row inserted (conflict or duplicate)
Maintenance Log,VT-AGP,1-Mar-26,VT-AGP/52,52,,3/1/26 5:40,VAAH,3/1/26 7:35,VOHY,1:38,1,5584:54 H,4869 L,failed,Insert failed for log_selection_no VT-AGP/52: No row inserted (conflict or duplicate)
Maintenance Log,VT-AGP,1-Mar-26,VT-AGP/51,51,,3/1/26 2:50,vohs,3/1/26 4:55,VAAH,1:38,1,5583:16 H,4868 L,failed,Insert failed for log_selection_no VT-AGP/51: No row inserted (conflict or duplicate)
Maintenance Log,VT-AGP,28-Feb-26,VT-AGP/50,50,,2/28/26 11:20,VOTP,2/28/26 12:25,vohs,0:54,1,5581:38 H,4867 L,failed,Insert failed for log_selection_no VT-AGP/50: No row inserted (conflict or duplicate)
Maintenance Log,VT-AGP,28-Feb-26,VT-AGP/49,49,,2/28/26 10:04,vohs,2/28/26 11:05,VOTP,0:47,1,5580:44 H,4866 L,failed,Insert failed for log_selection_no VT-AGP/49: No row inserted (conflict or duplicate)
Maintenance Log,VT-AGP,28-Feb-26,VT-AGP/48,48,,2/28/26 6:27,VIDP,2/28/26 8:45,vohs,1:52,1,5579:57 H,4865 L,failed,Insert failed for log_selection_no VT-AGP/48: No row inserted (conflict or duplicate)
Maintenance Log,VT-AGP,27-Feb-26,VT-AGP/47,47,,2/27/26 9:40,vohs,2/27/26 12:03,VIDP,2:02,1,5578:05 H,4864 L,failed,Insert failed for log_selection_no VT-AGP/47: No row inserted (conflict or duplicate)
Maintenance Log,VT-AGP,26-Feb-26,VT-AGP/46,46,,2/26/26 11:05,VOKU,2/26/26 11:40,vohs,0:27,1,5576:03 H,4863 L,failed,Insert failed for log_selection_no VT-AGP/46: No row inserted (conflict or duplicate)
Maintenance Log,VT-AGP,26-Feb-26,VT-AGP/45,45,,2/26/26 7:05,vohs,2/26/26 7:51,VOKU,0:35,1,5575:36 H,4862 L,failed,Insert failed for log_selection_no VT-AGP/45: No row inserted (conflict or duplicate)
Maintenance Log,VT-AGP,25-Feb-26,VT-AGP/44,44,,2/25/26 17:00,VOVZ,2/25/26 18:10,vohs,0:58,1,5575:01 H,4861 L,failed,Insert failed for log_selection_no VT-AGP/44: No row inserted (conflict or duplicate)
Maintenance Log,VT-AGP,25-Feb-26,VT-AGP/43,43,,2/25/26 13:20,vohs,2/25/26 14:45,VOVZ,1:00,1,5574:03 H,4860 L,failed,Insert failed for log_selection_no VT-AGP/43: No row inserted (conflict or duplicate)
Maintenance Log,VT-AGP,25-Feb-26,VT-AGP/42,42,,2/25/26 12:35,VOHY,2/25/26 12:55,vohs,0:10,1,5573:03 H,4859 L,failed,Insert failed for log_selection_no VT-AGP/42: No row inserted (conflict or duplicate)
Maintenance Log,VT-AGP,25-Feb-26,VT-AGP/41,41,,2/25/26 10:55,VOVZ,2/25/26 12:10,VOHY,1:02,1,5572:53 H,4858 L,failed,Insert failed for log_selection_no VT-AGP/41: No row inserted (conflict or duplicate)
Maintenance Log,VT-AGP,25-Feb-26,VT-AGP/40,40,,2/25/26 9:25,vohs,2/25/26 10:40,VOVZ,1:02,1,5571:51 H,4857 L,failed,Insert failed for log_selection_no VT-AGP/40: No row inserted (conflict or duplicate)
Maintenance Log,VT-AGP,24-Feb-26,VT-AGP/39,39,,2/24/26 11:55,HAL Airport,2/24/26 13:05,vohs,0:51,1,5570:49 H,4856 L,failed,"Insert failed for log_selection_no VT-AGP/39: Missing references (aircraft VT-AGP, departure HAL Airport, arrival vohs)"
Maintenance Log,VT-AGP,24-Feb-26,VT-AGP/38,38,,2/24/26 7:50,vohs,2/24/26 9:10,HAL Airport,0:56,1,5569:58 H,4855 L,failed,"Insert failed for log_selection_no VT-AGP/38: Missing references (aircraft VT-AGP, departure vohs, arrival HAL Airport)"
Maintenance Log,VT-AGP,24-Feb-26,VT-AGP/37,37,,2/24/26 6:45,VOBZ,2/24/26 7:35,vohs,0:42,1,5569:02 H,4854 L,failed,Insert failed for log_selection_no VT-AGP/37: No row inserted (conflict or duplicate)
Maintenance Log,VT-AGP,24-Feb-26,VT-AGP/36,36,,2/24/26 5:40,vohs,2/24/26 6:30,VOBZ,0:32,1,5568:20 H,4853 L,failed,Insert failed for log_selection_no VT-AGP/36: No row inserted (conflict or duplicate)
Maintenance Log,VT-AGP,23-Feb-26,VT-AGP/35,35,,2/23/26 14:00,VOCB,2/23/26 15:30,vohs,1:19,1,5567:48 H,4852 L,failed,Insert failed for log_selection_no VT-AGP/35: No row inserted (conflict or duplicate)
Maintenance Log,VT-AGP,23-Feb-26,VT-AGP/34,34,,2/23/26 11:05,VERP,2/23/26 13:40,VOCB,2:18,1,5566:29 H,4851 L,failed,Insert failed for log_selection_no VT-AGP/34: No row inserted (conflict or duplicate)
Maintenance Log,VT-AGP,23-Feb-26,VT-AGP/33,33,,2/23/26 8:55,VOHY,2/23/26 10:05,VERP,0:57,1,5564:11 H,4850 L,failed,Insert failed for log_selection_no VT-AGP/33: No row inserted (conflict or duplicate)
Maintenance Log,VT-AGP,22-Feb-26,VT-AGP/32,32,,2/22/26 16:35,HAL Airport,2/22/26 17:40,VOHY,0:52,1,5563:14 H,4849 L,failed,"Insert failed for log_selection_no VT-AGP/32: Missing references (aircraft VT-AGP, departure HAL Airport, arrival VOHY)"
Maintenance Log,VT-AGP,22-Feb-26,VT-AGP/31,31,,2/22/26 7:45,VOHY,2/22/26 9:00,HAL Airport,0:55,1,5562:22 H,4848 L,failed,"Insert failed for log_selection_no VT-AGP/31: Missing references (aircraft VT-AGP, departure VOHY, arrival HAL Airport)"
Maintenance Log,VT-AGP,21-Feb-26,VT-AGP/30,30,,2/21/26 13:25,VOVZ,2/21/26 14:50,VOHY,1:00,1,5561:27 H,4847 L,failed,Insert failed for log_selection_no VT-AGP/30: No row inserted (conflict or duplicate)
Maintenance Log,VT-AGP,21-Feb-26,VT-AGP/29,29,,2/21/26 11:55,VOHY,2/21/26 13:05,VOVZ,0:54,1,5560:27 H,4846 L,failed,Insert failed for log_selection_no VT-AGP/29: No row inserted (conflict or duplicate)
Maintenance Log,VT-AGP,20-Feb-26,VT-AGP/28,28,,2/20/26 12:20,VIDP,2/20/26 14:55,VOHY,1:50,1,5559:33 H,4845 L,failed,Insert failed for log_selection_no VT-AGP/28: No row inserted (conflict or duplicate)
Maintenance Log,VT-AGP,19-Feb-26,VT-AGP/27,27,,2/19/26 8:09,VOHY,2/19/26 10:29,VIDP,2:00,1,5557:43 H,4844 L,failed,Insert failed for log_selection_no VT-AGP/27: No row inserted (conflict or duplicate)
Maintenance Log,VT-AGP,9-Feb-26,VT-AGP/26,26,,2/9/26 10:35,VIDP,2/9/26 13:00,VOHY,2:00,1,5555:43 H,4843 L,failed,Insert failed for log_selection_no VT-AGP/26: No row inserted (conflict or duplicate)
Maintenance Log,VT-AGP,9-Feb-26,VT-AGP/25,25,,2/9/26 8:20,VAAH,2/9/26 10:20,VIDP,1:27,1,5553:43 H,4842 L,failed,Insert failed for log_selection_no VT-AGP/25: No row inserted (conflict or duplicate)
Maintenance Log,VT-AGP,9-Feb-26,VT-AGP/24,24,,2/9/26 1:55,VOHY,2/9/26 4:05,VAAH,1:45,1,5552:16 H,4841 L,failed,Insert failed for log_selection_no VT-AGP/24: No row inserted (conflict or duplicate)
Maintenance Log,VT-AGP,8-Feb-26,VT-AGP/23,23,,2/8/26 6:45,vohs,2/8/26 7:20,VOHY,0:14,1,5550:31 H,4840 L,failed,Insert failed for log_selection_no VT-AGP/23: No row inserted (conflict or duplicate)
Maintenance Log,VT-AGP,7-Feb-26,VT-AGP/22,22,,2/7/26 8:30,VOBL,2/7/26 9:55,vohs,0:49,1,5550:17 H,4839 L,failed,Insert failed for log_selection_no VT-AGP/22: No row inserted (conflict or duplicate)
Maintenance Log,VT-AGP,6-Feb-26,VT-AGP/21,21,,2/6/26 5:40,vohs,2/6/26 6:50,VOBL,0:54,1,5549:28 H,4838 L,failed,Insert failed for log_selection_no VT-AGP/21: No row inserted (conflict or duplicate)
Maintenance Log,VT-AGP,6-Feb-26,VT-AGP/20,20,,2/6/26 4:25,VOHY,2/6/26 5:00,vohs,0:22,1,5548:34 H,4837 L,failed,Insert failed for log_selection_no VT-AGP/20: No row inserted (conflict or duplicate)
Maintenance Log,VT-AGP,VOID,VT-AGP/19,19,,VOID,VOID,VOID,VOID,VOID,0,5548:12 H,4836 L,failed,Insert failed for log_selection_no VT-AGP/19: Invalid flight date
Maintenance Log,VT-AGP,27-Jan-26,VT-AGP/18,18,,1/27/26 11:00,VABB,1/27/26 12:25,VOHY,0:59,1,5548:12 H,4836 L,failed,Insert failed for log_selection_no VT-AGP/18: No row inserted (conflict or duplicate)
Maintenance Log,VT-AGP,27-Jan-26,VT-AGP/17,17,,1/27/26 4:25,VOHY,1/27/26 6:10,VABB,1:45,1,5547:13 H,4835 L,failed,Insert failed for log_selection_no VT-AGP/17: No row inserted (conflict or duplicate)
Maintenance Log,VT-AGP,25-Jan-26,VT-AGP/16,16,,1/25/26 15:00,VOBZ,1/25/26 15:52,VOHY,0:39,1,5545:28 H,4834 L,failed,Insert failed for log_selection_no VT-AGP/16: No row inserted (conflict or duplicate)
Maintenance Log,VT-AGP,25-Jan-26,VT-AGP/15,15,,1/25/26 9:20,VORY,1/25/26 10:00,VOBZ,0:26,1,5544:49 H,4833 L,failed,Insert failed for log_selection_no VT-AGP/15: No row inserted (conflict or duplicate)
Maintenance Log,VT-AGP,25-Jan-26,VT-AGP/14,14,,1/25/26 7:30,VOBZ,1/25/26 7:56,VORY,0:16,1,5544:23 H,4832 L,failed,Insert failed for log_selection_no VT-AGP/14: No row inserted (conflict or duplicate)
Maintenance Log,VT-AGP,24-Jan-26,VT-AGP/13,13,,1/24/26 8:35,VOHY,1/24/26 9:30,VOBZ,0:38,1,5544:07 H,4831 L,failed,Insert failed for log_selection_no VT-AGP/13: No row inserted (conflict or duplicate)
Maintenance Log,VT-AGP,23-Jan-26,VT-AGP/12,12,,1/23/26 7:30,VOHY,1/23/26 9:10,VOHY,0:44,6,5543:29 H,4830 L,failed,Insert failed for log_selection_no VT-AGP/12: No row inserted (conflict or duplicate)
Maintenance Log,VT-AGP,19-Jan-26,VT-AGP/11,11,,1/19/26 9:39,HAL Airport,1/19/26 11:11,VOHY,1:01,1,5542:45 H,4824 L,failed,"Insert failed for log_selection_no VT-AGP/11: Missing references (aircraft VT-AGP, departure HAL Airport, arrival VOHY)"
Maintenance Log,VT-AGP,18-Jan-26,VT-AGP/10,10,,1/18/26 15:52,VIDP,1/18/26 18:43,HAL Airport,2:28,1,5541:44 H,4823 L,failed,"Insert failed for log_selection_no VT-AGP/10: Missing references (aircraft VT-AGP, departure VIDP, arrival HAL Airport)"
Maintenance Log,VT-AGP,18-Jan-26,VT-AGP/9,9,,1/18/26 13:47,viar,1/18/26 15:05,VIDP,0:48,1,5539:16 H,4822 L,failed,Insert failed for log_selection_no VT-AGP/9: No row inserted (conflict or duplicate)
Maintenance Log,VT-AGP,18-Jan-26,VT-AGP/8,8,,1/18/26 6:10,VIDP,1/18/26 7:37,viar,0:50,1,5538:28 H,4821 L,failed,Insert failed for log_selection_no VT-AGP/8: No row inserted (conflict or duplicate)
Maintenance Log,VT-AGP,17-Jan-26,VT-AGP/7,7,,1/17/26 12:30,VIDP,1/17/26 13:30,VIDP,0:00,0,5537:38 H,4820 L,failed,Insert failed for log_selection_no VT-AGP/7: No row inserted (conflict or duplicate)
Maintenance Log,VT-AGP,16-Jan-26,VT-AGP/6,6,,1/16/26 12:44,VEGT,1/16/26 17:08,VIDP,3:53,1,5537:38 H,4820 L,failed,"Insert failed for log_selection_no VT-AGP/6: Missing references (aircraft VT-AGP, departure VEGT, arrival VIDP)"
Maintenance Log,VT-AGP,16-Jan-26,VT-AGP/5,5,,1/16/26 6:30,vohs,1/16/26 9:10,VEGT,2:23,1,5533:45 H,4819 L,failed,"Insert failed for log_selection_no VT-AGP/5: Missing references (aircraft VT-AGP, departure vohs, arrival VEGT)"
Maintenance Log,VT-AGP,15-Jan-26,VT-AGP/4,4,,1/15/26 9:30,VAPO,1/15/26 10:45,vohs,0:52,1,5531:22 H,4818 L,failed,Insert failed for log_selection_no VT-AGP/4: No row inserted (conflict or duplicate)
Maintenance Log,VT-AGP,15-Jan-26,VT-AGP/3,3,,1/15/26 2:30,VOHY,1/15/26 3:45,VAPO,0:50,1,5530:30 H,4817 L,failed,Insert failed for log_selection_no VT-AGP/3: No row inserted (conflict or duplicate)
Maintenance Log,VT-AGP,14-Jan-26,VT-AGP/2,2,,1/14/26 8:45,VOHY,1/14/26 10:05,VOHY,0:55,6,5529:40 H,4816 L,failed,Insert failed for log_selection_no VT-AGP/2: No row inserted (conflict or duplicate)
Maintenance Log,VT-AGP,15-Dec-25,VT-AGP/1,1,,12/15/25 5:40,VOHY,12/15/25 7:25,VOHY,1:34,1,5528:45 H,4810 L,failed,Insert failed for log_selection_no VT-AGP/1: No row inserted (conflict or duplicate)
Maintenance Log,VT-AJM,24-Feb-26,VT-AJM/61,2670,,2/24/26 13:50,VIDP,2/24/26 15:55,VOHY,1:46,1,4245:39 H,3492 L,failed,Insert failed for log_selection_no VT-AJM/61: No row inserted (conflict or duplicate)
Maintenance Log,VT-AJM,23-Feb-26,VT-AJM/60,2669,,2/23/26 16:40,vohs,2/23/26 19:20,VIDP,2:06,1,4243:53 H,3491 L,failed,Insert failed for log_selection_no VT-AJM/60: No row inserted (conflict or duplicate)
Maintenance Log,VT-AJM,21-Feb-26,VT-AJM/59,2668,,2/21/26 12:45,vcbi,2/21/26 14:50,vohs,1:46,1,4241:47 H,3490 L,failed,"Insert failed for log_selection_no VT-AJM/59: Missing references (aircraft VT-AJM, departure vcbi, arrival vohs)"
Maintenance Log,VT-AJM,21-Feb-26,VT-AJM/58,2667,,2/21/26 2:00,vohs,2/21/26 4:05,vcbi,1:44,1,4240:01 H,3489 L,failed,"Insert failed for log_selection_no VT-AJM/58: Missing references (aircraft VT-AJM, departure vohs, arrival vcbi)"
Maintenance Log,VT-AJM,20-Feb-26,VT-AJM/57,2666,,2/20/26 5:30,VOHY,2/20/26 5:50,vohs,0:12,1,4238:17 H,3488 L,failed,Insert failed for log_selection_no VT-AJM/57: No row inserted (conflict or duplicate)
Maintenance Log,VT-AJM,20-Feb-26,VT-AJM/56,2665,,2/20/26 3:15,VIJP,2/20/26 5:10,VOHY,1:33,1,4238:05 H,3487 L,failed,Insert failed for log_selection_no VT-AJM/56: No row inserted (conflict or duplicate)
Maintenance Log,VT-AJM,19-Feb-26,VT-AJM/55,2664,,2/19/26 9:50,VOHY,2/19/26 11:50,VIJP,1:44,1,4236:32 H,3486 L,failed,Insert failed for log_selection_no VT-AJM/55: No row inserted (conflict or duplicate)
Maintenance Log,VT-AJM,16-Feb-26,VT-AJM/54,2663,,2/16/26 15:20,VIDP,2/16/26 17:29,VOHY,1:52,1,4234:48 H,3485 L,failed,Insert failed for log_selection_no VT-AJM/54: No row inserted (conflict or duplicate)
Maintenance Log,VT-AJM,16-Feb-26,VT-AJM/53,2662,,2/16/26 7:15,VOHY,2/16/26 9:38,VIDP,2:00,1,4232:56 H,3484 L,failed,Insert failed for log_selection_no VT-AJM/53: No row inserted (conflict or duplicate)
Maintenance Log,VT-AJM,13-Feb-26,VT-AJM/52,2661,,2/13/26 8:35,vohs,2/13/26 8:55,VOHY,0:10,1,4230:56 H,3483 L,failed,Insert failed for log_selection_no VT-AJM/52: No row inserted (conflict or duplicate)
Maintenance Log,VT-AJM,12-Feb-26,VT-AJM/51,2660,,2/12/26 14:30,VIDP,2/12/26 16:30,vohs,1:47,1,4230:46 H,3482 L,failed,Insert failed for log_selection_no VT-AJM/51: No row inserted (conflict or duplicate)
Maintenance Log,VT-AJM,11-Feb-26,VT-AJM/50,2659,,2/11/26 12:45,VOHY,2/11/26 14:50,VIDP,1:46,1,4228:59 H,3481 L,failed,Insert failed for log_selection_no VT-AJM/50: No row inserted (conflict or duplicate)
Maintenance Log,VT-AJM,11-Feb-26,VT-AJM/49,2658,,2/11/26 6:59,VOGA,2/11/26 8:07,VOHY,0:53,1,4227:13 H,3480 L,failed,Insert failed for log_selection_no VT-AJM/49: No row inserted (conflict or duplicate)
Maintenance Log,VT-AJM,11-Feb-26,VT-AJM/48,2657,,2/11/26 5:32,VOHY,2/11/26 6:38,VOGA,0:56,1,4226:20 H,3479 L,failed,Insert failed for log_selection_no VT-AJM/48: No row inserted (conflict or duplicate)
Maintenance Log,VT-AJM,9-Feb-26,VT-AJM/47,2656,,2/9/26 15:25,VOBZ,2/9/26 16:20,VOHY,0:35,1,4225:24 H,3478 L,failed,Insert failed for log_selection_no VT-AJM/47: No row inserted (conflict or duplicate)
Maintenance Log,VT-AJM,9-Feb-26,VT-AJM/46,2655,,2/9/26 13:45,vohs,2/9/26 14:30,VOBZ,0:31,1,4224:49 H,3477 L,failed,Insert failed for log_selection_no VT-AJM/46: No row inserted (conflict or duplicate)
Maintenance Log,VT-AJM,8-Feb-26,VT-AJM/45,2654,,2/8/26 16:40,VOBZ,2/8/26 17:50,vohs,0:52,1,4224:18 H,3476 L,failed,Insert failed for log_selection_no VT-AJM/45: No row inserted (conflict or duplicate)
Maintenance Log,VT-AJM,8-Feb-26,VT-AJM/44,2653,,2/8/26 15:45,VOHY,2/8/26 16:30,VOBZ,0:29,1,4223:26 H,3475 L,failed,Insert failed for log_selection_no VT-AJM/44: No row inserted (conflict or duplicate)
Maintenance Log,VT-AJM,8-Feb-26,VT-AJM/43,2652,,2/8/26 14:15,VOTR,2/8/26 15:35,VOHY,1:14,1,4222:57 H,3474 L,failed,Insert failed for log_selection_no VT-AJM/43: No row inserted (conflict or duplicate)
Maintenance Log,VT-AJM,8-Feb-26,VT-AJM/42,2651,,2/8/26 12:20,vohs,2/8/26 13:55,VOTR,1:11,1,4221:43 H,3473 L,failed,Insert failed for log_selection_no VT-AJM/42: No row inserted (conflict or duplicate)
Maintenance Log,VT-AJM,8-Feb-26,VT-AJM/41,2650,,2/8/26 4:15,votr,2/8/26 5:40,vohs,1:06,1,4220:32 H,3472 L,failed,Insert failed for log_selection_no VT-AJM/41: No row inserted (conflict or duplicate)
Maintenance Log,VT-AJM,8-Feb-26,VT-AJM/40,2649,,2/8/26 2:32,VOHY,2/8/26 3:58,votr,1:17,1,4219:26 H,3471 L,failed,Insert failed for log_selection_no VT-AJM/40: No row inserted (conflict or duplicate)
Maintenance Log,VT-AJM,6-Feb-26,VT-AJM/39,2648,,2/6/26 9:05,VOKU,2/6/26 9:50,VOHY,0:33,1,4218:09 H,3470 L,failed,Insert failed for log_selection_no VT-AJM/39: No row inserted (conflict or duplicate)
Maintenance Log,VT-AJM,6-Feb-26,VT-AJM/38,2647,,2/6/26 4:30,VOHY,2/6/26 5:15,VOKU,0:31,1,4217:36 H,3469 L,failed,Insert failed for log_selection_no VT-AJM/38: No row inserted (conflict or duplicate)
Maintenance Log,VT-AJM,3-Feb-26,VT-AJM/37,2646,,2/3/26 12:43,VOBZ,2/3/26 13:31,VOHY,0:40,1,4217:05 H,3468 L,failed,Insert failed for log_selection_no VT-AJM/37: No row inserted (conflict or duplicate)
Maintenance Log,VT-AJM,3-Feb-26,VT-AJM/36,2645,,2/3/26 9:51,VOHY,2/3/26 10:32,VOBZ,0:31,1,4216:25 H,3467 L,failed,Insert failed for log_selection_no VT-AJM/36: No row inserted (conflict or duplicate)
Maintenance Log,VT-AJM,3-Feb-26,VT-AJM/35,2644,,2/3/26 8:00,HAL Airport,2/3/26 9:00,VOHY,0:47,1,4215:54 H,3466 L,failed,"Insert failed for log_selection_no VT-AJM/35: Missing references (aircraft VT-AJM, departure HAL Airport, arrival VOHY)"
Maintenance Log,VT-AJM,3-Feb-26,VT-AJM/34,2643,,2/3/26 2:39,VOHY,2/3/26 3:48,HAL Airport,0:58,1,4215:07 H,3465 L,failed,"Insert failed for log_selection_no VT-AJM/34: Missing references (aircraft VT-AJM, departure VOHY, arrival HAL Airport)"
Maintenance Log,VT-AJM,2-Feb-26,VT-AJM/33,2642,,2/2/26 11:28,VOKU,2/2/26 12:03,VOHY,0:29,1,4214:09 H,3464 L,failed,Insert failed for log_selection_no VT-AJM/33: No row inserted (conflict or duplicate)
Maintenance Log,VT-AJM,2-Feb-26,VT-AJM/32,2641,,2/2/26 8:55,VOHY,2/2/26 9:32,VOKU,0:28,1,4213:40 H,3463 L,failed,Insert failed for log_selection_no VT-AJM/32: No row inserted (conflict or duplicate)
Maintenance Log,VT-AJM,1-Feb-26,VT-AJM/31,2640,,2/1/26 14:50,VOGA,2/1/26 16:10,VOHY,0:52,1,4213:12 H,3462 L,failed,Insert failed for log_selection_no VT-AJM/31: No row inserted (conflict or duplicate)
Maintenance Log,VT-AJM,1-Feb-26,VT-AJM/30,2639,,2/1/26 12:40,VOHY,2/1/26 13:50,VOGA,0:57,1,4212:20 H,3461 L,failed,Insert failed for log_selection_no VT-AJM/30: No row inserted (conflict or duplicate)
Maintenance Log,VT-AJM,1-Feb-26,VT-AJM/29,2638,,2/1/26 11:25,VOGA,2/1/26 12:30,VOHY,0:53,1,4211:23 H,3460 L,failed,Insert failed for log_selection_no VT-AJM/29: No row inserted (conflict or duplicate)
Maintenance Log,VT-AJM,31-Jan-26,VT-AJM/28,2637,,1/31/26 12:40,SHIRDI,1/31/26 13:50,VOGA,0:48,1,4210:30 H,3459 L,failed,Insert failed for log_selection_no VT-AJM/28: No row inserted (conflict or duplicate)
Maintenance Log,VT-AJM,31-Jan-26,VT-AJM/27,2636,,1/31/26 10:00,VOHY,1/31/26 11:15,SHIRDI,0:57,1,4209:42 H,3458 L,failed,Insert failed for log_selection_no VT-AJM/27: No row inserted (conflict or duplicate)
Maintenance Log,VT-AJM,30-Jan-26,VT-AJM/26,2635,,1/30/26 15:35,VORY,1/30/26 16:30,VOHY,0:40,1,4208:45 H,3457 L,failed,Insert failed for log_selection_no VT-AJM/26: No row inserted (conflict or duplicate)
Maintenance Log,VT-AJM,30-Jan-26,VT-AJM/25,2634,,1/30/26 3:15,VOBZ,1/30/26 3:50,VORY,0:22,1,4208:05 H,3456 L,failed,Insert failed for log_selection_no VT-AJM/25: No row inserted (conflict or duplicate)
Maintenance Log,VT-AJM,29-Jan-26,VT-AJM/24,2633,,1/29/26 11:30,VOHY,1/29/26 12:15,VOBZ,0:31,1,4207:43 H,3455 L,failed,Insert failed for log_selection_no VT-AJM/24: No row inserted (conflict or duplicate)
Maintenance Log,VT-AJM,29-Jan-26,VT-AJM/23,2632,,1/29/26 8:25,VIDP,1/29/26 10:26,VOHY,1:48,1,4207:12 H,3454 L,failed,Insert failed for log_selection_no VT-AJM/23: No row inserted (conflict or duplicate)
Maintenance Log,VT-AJM,28-Jan-26,VT-AJM/22,2631,,1/28/26 2:40,VOHY,1/28/26 4:55,VIDP,1:53,1,4205:24 H,3453 L,failed,Insert failed for log_selection_no VT-AJM/22: No row inserted (conflict or duplicate)
Maintenance Log,VT-AJM,27-Jan-26,VT-AJM/21,2630,,1/27/26 18:55,VOBZ,1/27/26 19:35,VOHY,0:32,1,4203:31 H,3452 L,failed,Insert failed for log_selection_no VT-AJM/21: No row inserted (conflict or duplicate)
Maintenance Log,VT-AJM,27-Jan-26,VT-AJM/20,2629,,1/27/26 18:10,VOHY,1/27/26 18:50,VOBZ,0:28,1,4202:59 H,3451 L,failed,Insert failed for log_selection_no VT-AJM/20: No row inserted (conflict or duplicate)
Maintenance Log,VT-AJM,27-Jan-26,VT-AJM/19,2628,,1/27/26 12:15,VOBZ,1/27/26 13:15,VOHY,0:50,1,4202:31 H,3450 L,failed,Insert failed for log_selection_no VT-AJM/19: No row inserted (conflict or duplicate)
Maintenance Log,VT-AJM,27-Jan-26,VT-AJM/18,2627,,1/27/26 11:25,vohs,1/27/26 12:10,VOBZ,0:30,1,4201:41 H,3449 L,failed,Insert failed for log_selection_no VT-AJM/18: No row inserted (conflict or duplicate)
Maintenance Log,VT-AJM,23-Jan-26,VT-AJM/17,2626,,1/23/26 11:40,vosh,1/23/26 12:40,vohs,0:49,1,4201:11 H,3448 L,failed,"Insert failed for log_selection_no VT-AJM/17: Missing references (aircraft VT-AJM, departure vosh, arrival vohs)"
Maintenance Log,VT-AJM,23-Jan-26,VT-AJM/16,2625,,1/23/26 10:20,VOHY,1/23/26 11:25,vosh,0:55,1,4200:22 H,3447 L,failed,"Insert failed for log_selection_no VT-AJM/16: Missing references (aircraft VT-AJM, departure VOHY, arrival vosh)"
Maintenance Log,VT-AJM,22-Jan-26,VT-AJM/15,2624,,1/22/26 7:57,vohs,1/22/26 8:17,VOHY,0:12,1,4199:27 H,3446 L,failed,Insert failed for log_selection_no VT-AJM/15: No row inserted (conflict or duplicate)
Maintenance Log,VT-AJM,22-Jan-26,VT-AJM/14,2623,,1/22/26 5:40,VAAH,1/22/26 7:35,vohs,1:21,1,4199:15 H,3445 L,failed,Insert failed for log_selection_no VT-AJM/14: No row inserted (conflict or duplicate)
Maintenance Log,VT-AJM,21-Jan-26,VT-AJM/13,2622,,1/21/26 2:30,vohs,1/21/26 4:25,VAAH,1:34,1,4197:54 H,3444 L,failed,Insert failed for log_selection_no VT-AJM/13: No row inserted (conflict or duplicate)
Maintenance Log,VT-AJM,21-Jan-26,VT-AJM/12,2621,,1/21/26 0:50,VOBG,1/21/26 2:00,vohs,0:48,1,4196:20 H,3443 L,failed,Insert failed for log_selection_no VT-AJM/12: No row inserted (conflict or duplicate)
Maintenance Log,VT-AJM,20-Jan-26,VT-AJM/11,2620,,1/20/26 14:20,VABB,1/20/26 16:00,VOBG,1:21,1,4195:32 H,3442 L,failed,Insert failed for log_selection_no VT-AJM/11: No row inserted (conflict or duplicate)
Maintenance Log,VT-AJM,20-Jan-26,VT-AJM/10,2619,,1/20/26 3:55,VOBG,1/20/26 5:55,VABB,1:43,1,4194:11 H,3441 L,failed,Insert failed for log_selection_no VT-AJM/10: No row inserted (conflict or duplicate)
Maintenance Log,VT-AJM,20-Jan-26,VT-AJM/9,2618,,1/20/26 2:35,VOHY,1/20/26 3:40,VOBG,0:57,1,4192:28 H,3440 L,failed,Insert failed for log_selection_no VT-AJM/9: No row inserted (conflict or duplicate)
Maintenance Log,VT-AJM,17-Jan-26,VT-AJM/8,2617,,1/17/26 12:15,VORY,1/17/26 13:05,VOHY,0:41,1,4191:31 H,3439 L,failed,Insert failed for log_selection_no VT-AJM/8: No row inserted (conflict or duplicate)
Maintenance Log,VT-AJM,17-Jan-26,VT-AJM/7,2616,,1/17/26 3:25,vohs,1/17/26 4:35,VORY,0:47,1,4190:50 H,3438 L,failed,Insert failed for log_selection_no VT-AJM/7: No row inserted (conflict or duplicate)
Maintenance Log,VT-AJM,16-Jan-26,VT-AJM/6,2615,,1/16/26 18:15,VORY,1/16/26 19:15,vohs,0:46,1,4190:03 H,3437 L,failed,Insert failed for log_selection_no VT-AJM/6: No row inserted (conflict or duplicate)
Maintenance Log,VT-AJM,16-Jan-26,VT-AJM/5,2614,,1/16/26 14:50,VOHY,1/16/26 15:50,VORY,0:45,1,4189:17 H,3436 L,failed,Insert failed for log_selection_no VT-AJM/5: No row inserted (conflict or duplicate)
Maintenance Log,VT-AJM,16-Jan-26,VT-AJM/4,2613,,1/16/26 11:55,VORY,1/16/26 12:50,VOHY,0:43,1,4188:32 H,3435 L,failed,Insert failed for log_selection_no VT-AJM/4: No row inserted (conflict or duplicate)
Maintenance Log,VT-AJM,16-Jan-26,VT-AJM/3,2612,,1/16/26 10:40,VOHY,1/16/26 11:40,VORY,0:40,1,4187:49 H,3434 L,failed,Insert failed for log_selection_no VT-AJM/3: No row inserted (conflict or duplicate)
Maintenance Log,VT-AJM,15-Jan-26,VT-AJM/2,2611,,1/15/26 12:50,VEBN,1/15/26 14:45,VOHY,1:44,1,4187:09 H,3433 L,failed,Insert failed for log_selection_no VT-AJM/2: No row inserted (conflict or duplicate)
Maintenance Log,VT-AJM,15-Jan-26,VT-AJM/1,2610,,1/15/26 4:35,VOHY,1/15/26 6:40,VEBN,1:47,1,4185:25 H,3432 L,failed,Insert failed for log_selection_no VT-AJM/1: No row inserted (conflict or duplicate)
Maintenance Log,VT-VPA,VOID,VT-VPA/569,13,,VOID,VOID,VOID,VOID,VOID,0,5439:59 H,3821 L,failed,Insert failed for log_selection_no VT-VPA/569: Invalid flight date
Maintenance Log,VT-VPA,VOID,VT-VPA/372,28,,VOID,VOID,VOID,VOID,VOID,0,5227:33 H,3650 L,failed,Insert failed for log_selection_no VT-VPA/372: Invalid flight date
Maintenance Log,VT-VPA,VOID,VT-VPA/75,44,,VOID,VOID,VOID,VOID,VOID,0,4825:15 H,3369 L,failed,Insert failed for log_selection_no VT-VPA/75: Invalid flight date
VOID Log,VT-AGP,16-Mar-26,VT-AGP/75,75,,3/16/26 4:17,VOHY,3/16/26 6:50,VIDP,2:05,1,5605:45 H,4892 L,failed,Insert failed for log_selection_no VT-AGP/75: No row inserted (conflict or duplicate)
VOID Log,VT-AJM,28-Jan-26,VT-AJM/22,2631,,1/28/26 2:40,VOHY,1/28/26 4:55,VIDP,1:53,1,4205:24 H,3453 L,failed,Insert failed for log_selection_no VT-AJM/22: No row inserted (conflict or duplicate)
VOID Log,VT-AJM,27-Jan-26,VT-AJM/21,2630,,1/27/26 18:55,VOBZ,1/27/26 19:35,VOHY,0:32,1,4203:31 H,3452 L,failed,Insert failed for log_selection_no VT-AJM/21: No row inserted (conflict or duplicate)
VOID Log,VT-ACG,16-Mar-26,VT-ACG/30,32,,3/16/26 13:35,VIJP,3/16/26 14:25,VIJP,0:30,1,9892:01 H,5727 L,failed,Insert failed for log_selection_no VT-ACG/30: No row inserted (conflict or duplicate)
VOID Log,VT-ACG,16-Mar-26,VT-ACG/29,32,,3/16/26 12:15,VIJP,3/16/26 13:25,VIJP,0:30,1,9891:31 H,5726 L,failed,Insert failed for log_selection_no VT-ACG/29: No row inserted (conflict or duplicate)
VOID Log,VT-ACG,16-Mar-26,VT-ACG/28,31,,3/16/26 11:05,VIKG,3/16/26 11:45,VIJP,0:30,1,9891:01 H,5725 L,failed,Insert failed for log_selection_no VT-ACG/28: No row inserted (conflict or duplicate)
VOID Log,VT-ACG,16-Mar-26,VT-ACG/27,31,,3/16/26 10:05,VIJP,3/16/26 10:55,VIKG,0:18,1,9890:31 H,5724 L,failed,Insert failed for log_selection_no VT-ACG/27: No row inserted (conflict or duplicate)
VOID Log,VT-ACG,15-Mar-26,VT-ACG/26,30,,3/15/26 7:45,VIJP,3/15/26 8:45,VIJP,0:45,3,9890:13 H,5723 L,failed,Insert failed for log_selection_no VT-ACG/26: No row inserted (conflict or duplicate)
VOID Log,VT-ACG,15-Mar-26,VT-ACG/25,30,,3/15/26 6:00,VIJP,3/15/26 7:15,VIJP,1:00,3,9889:28 H,5720 L,failed,Insert failed for log_selection_no VT-ACG/25: No row inserted (conflict or duplicate)
VOID Log,VT-ACG,11-Mar-26,VT-ACG/24,29,,3/11/26 8:50,VIKG,3/11/26 9:50,VIJP,0:52,1,9888:28 H,5717 L,failed,Insert failed for log_selection_no VT-ACG/24: No row inserted (conflict or duplicate)
VOID Log,VT-ACG,11-Mar-26,VT-ACG/23,29,,3/11/26 8:00,VIJP,3/11/26 8:40,VIKG,0:26,1,9887:36 H,5716 L,failed,Insert failed for log_selection_no VT-ACG/23: No row inserted (conflict or duplicate)
VOID Log,VT-ACG,10-Mar-26,VT-ACG/22,28,,3/10/26 14:50,VIJP,3/10/26 16:00,VIJP,1:00,3,9887:10 H,5715 L,failed,Insert failed for log_selection_no VT-ACG/22: No row inserted (conflict or duplicate)
VOID Log,VT-ACG,10-Mar-26,VT-ACG/21,28,,3/10/26 13:25,VIDP,3/10/26 14:40,VIJP,1:00,3,9886:10 H,5712 L,failed,Insert failed for log_selection_no VT-ACG/21: No row inserted (conflict or duplicate)
VOID Log,VT-ACG,10-Mar-26,VT-ACG/20,27,,3/10/26 0:00,VIDP,3/10/26 0:00,VIDP,0:00,0,9885:10 H,5709 L,failed,Insert failed for log_selection_no VT-ACG/20: No row inserted (conflict or duplicate)
VOID Log,VT-ACG,8-Mar-26,VT-ACG/19,26,,3/8/26 11:10,VIDP,3/8/26 11:30,VIDP,0:00,0,9885:10 H,5709 L,failed,Insert failed for log_selection_no VT-ACG/19: No row inserted (conflict or duplicate)
VOID Log,VT-ACG,3-Mar-26,VT-ACG/18,25,,3/3/26 8:40,VIDP,3/3/26 9:00,VIDP,0:00,0,9885:10 H,5709 L,failed,Insert failed for log_selection_no VT-ACG/18: No row inserted (conflict or duplicate)
VOID Log,VT-ACG,24-Feb-26,VT-ACG/17,24,,2/24/26 9:10,VIDP,2/24/26 9:40,VIDP,0:00,0,9885:10 H,5709 L,failed,Insert failed for log_selection_no VT-ACG/17: No row inserted (conflict or duplicate)
VOID Log,VT-ACG,19-Feb-26,VT-ACG/16,23,,2/19/26 10:30,VIDP,2/19/26 11:00,VIDP,0:00,0,9885:10 H,5709 L,failed,Insert failed for log_selection_no VT-ACG/16: No row inserted (conflict or duplicate)
VOID Log,VT-ACG,12-Feb-26,VT-ACG/15,22,,2/12/26 7:30,VIDP,2/12/26 8:00,VIDP,0:00,0,9885:10 H,5709 L,failed,Insert failed for log_selection_no VT-ACG/15: No row inserted (conflict or duplicate)
VOID Log,VT-ACG,5-Feb-26,VT-ACG/14,21,,2/5/26 12:00,VIDP,2/5/26 12:30,VIDP,0:00,0,9885:10 H,5709 L,failed,Insert failed for log_selection_no VT-ACG/14: No row inserted (conflict or duplicate)
VOID Log,VT-ACG,5-Feb-26,VT-ACG/13,20,,2/5/26 10:00,VIDP,2/5/26 11:35,VIDP,1:12,1,9885:10 H,5709 L,failed,Insert failed for log_selection_no VT-ACG/13: No row inserted (conflict or duplicate)
VOID Log,VT-ACG,1-Feb-26,VT-ACG/12,19,,2/1/26 10:00,VIDP,2/1/26 10:30,VIDP,0:00,0,9883:58 H,5708 L,failed,Insert failed for log_selection_no VT-ACG/12: No row inserted (conflict or duplicate)
VOID Log,VT-ACG,VOID,VT-ACG/11,18,,VOID,VOID,VOID,VOID,VOID,0,9883:58 H,5708 L,failed,Insert failed for log_selection_no VT-ACG/11: Invalid flight date
VOID Log,VT-ACG,25-Jan-26,VT-ACG/10,17,,1/25/26 10:30,VIDP,1/25/26 11:00,VIDP,0:00,0,9883:58 H,5708 L,failed,Insert failed for log_selection_no VT-ACG/10: No row inserted (conflict or duplicate)
VOID Log,VT-ACG,18-Jan-26,VT-ACG/9,16,,1/18/26 9:30,VIDP,1/18/26 10:00,VIDP,0:00,0,9883:58 H,5708 L,failed,Insert failed for log_selection_no VT-ACG/9: No row inserted (conflict or duplicate)
VOID Log,VT-ACG,11-Jan-26,VT-ACG/8,15,,1/11/26 16:00,VIDP,1/11/26 16:30,VIDP,0:00,0,9883:58 H,5708 L,failed,Insert failed for log_selection_no VT-ACG/8: No row inserted (conflict or duplicate)
VOID Log,VT-ACG,4-Jan-26,VT-ACG/7,14,,1/4/26 10:30,VIDP,1/4/26 11:00,VIDP,0:00,0,9883:58 H,5708 L,failed,Insert failed for log_selection_no VT-ACG/7: No row inserted (conflict or duplicate)
VOID Log,VT-ACG,28-Dec-25,VT-ACG/6,13,,12/28/25 10:30,VIDP,12/28/25 11:00,VIDP,0:00,0,9883:58 H,5708 L,failed,Insert failed for log_selection_no VT-ACG/6: No row inserted (conflict or duplicate)
VOID Log,VT-ACG,21-Dec-25,VT-ACG/5,12,,12/21/25 12:30,VIDP,12/21/25 13:00,VIDP,0:00,0,9883:58 H,5708 L,failed,Insert failed for log_selection_no VT-ACG/5: No row inserted (conflict or duplicate)
VOID Log,VT-ACG,14-Dec-25,VT-ACG/4,11,,12/14/25 10:30,VIDP,12/14/25 11:00,VIDP,0:00,0,9883:58 H,5708 L,failed,Insert failed for log_selection_no VT-ACG/4: No row inserted (conflict or duplicate)
VOID Log,VT-ACG,8-Dec-25,VT-ACG/3,10,,12/8/25 6:30,VIDP,12/8/25 7:00,VIDP,0:00,0,9883:58 H,5708 L,failed,Insert failed for log_selection_no VT-ACG/3: No row inserted (conflict or duplicate)
VOID Log,VT-ACG,2-Dec-25,VT-ACG/2,9,,12/2/25 8:30,VIDP,12/2/25 9:00,VIDP,0:00,0,9883:58 H,5708 L,failed,Insert failed for log_selection_no VT-ACG/2: No row inserted (conflict or duplicate)
VOID Log,VT-ACG,25-Nov-25,VT-ACG/1,8,,11/25/25 9:30,VIDP,11/25/25 10:00,VIDP,0:00,0,9883:58 H,5708 L,failed,Insert failed for log_selection_no VT-ACG/1: No row inserted (conflict or duplicate)
VOID Log,VT-AGP,17-Mar-26,VT-AGP/77,77,,3/17/26 13:10,VIDP,3/17/26 15:35,VIDP,2:07,1,5607:52 H,4893 L,failed,Insert failed for log_selection_no VT-AGP/77: No row inserted (conflict or duplicate)
VOID Log,VT-AGP,17-Mar-26,VT-AGP/76,76,,3/17/26 9:30,VIDP,3/17/26 10:00,VIDP,0:00,0,5605:45 H,4892 L,failed,Insert failed for log_selection_no VT-AGP/76: No row inserted (conflict or duplicate)
VOID Log,VT-AGP,15-Mar-26,VT-AGP/74,74,,3/15/26 7:36,vohs,3/15/26 7:58,VOHY,0:10,1,5603:40 H,4891 L,failed,Insert failed for log_selection_no VT-AGP/74: No row inserted (conflict or duplicate)
VOID Log,VT-AGP,15-Mar-26,VT-AGP/73,73,,3/15/26 4:22,VAAH,3/15/26 6:24,vohs,1:38,1,5603:30 H,4890 L,failed,Insert failed for log_selection_no VT-AGP/73: No row inserted (conflict or duplicate)
VOID Log,VT-AGP,14-Mar-26,VT-AGP/72,72,,3/14/26 4:40,VABB,3/14/26 5:57,VAAH,0:51,1,5601:52 H,4889 L,failed,Insert failed for log_selection_no VT-AGP/72: No row inserted (conflict or duplicate)
VOID Log,VT-AGP,13-Mar-26,VT-AGP/71,71,,3/13/26 13:39,VAPO,3/13/26 14:34,VABB,0:32,1,5601:01 H,4888 L,failed,Insert failed for log_selection_no VT-AGP/71: No row inserted (conflict or duplicate)
VOID Log,VT-AGP,13-Mar-26,VT-AGP/70,70,,3/13/26 11:51,VOHY,3/13/26 12:54,VAPO,0:54,1,5600:29 H,4887 L,failed,Insert failed for log_selection_no VT-AGP/70: No row inserted (conflict or duplicate)
VOID Log,VT-AGP,13-Mar-26,VT-AGP/69,69,,3/13/26 6:55,VABB,3/13/26 8:18,VOHY,1:01,1,5599:35 H,4886 L,failed,Insert failed for log_selection_no VT-AGP/69: No row inserted (conflict or duplicate)
VOID Log,VT-AGP,13-Mar-26,VT-AGP/68,68,,3/13/26 4:40,vohs,3/13/26 6:13,VABB,1:15,1,5598:34 H,4885 L,failed,Insert failed for log_selection_no VT-AGP/68: No row inserted (conflict or duplicate)
VOID Log,VT-AGP,13-Mar-26,VT-AGP/67,67,,3/13/26 3:45,VOHY,3/13/26 4:15,vohs,0:19,1,5597:19 H,4884 L,failed,Insert failed for log_selection_no VT-AGP/67: No row inserted (conflict or duplicate)
VOID Log,VT-AGP,8-Mar-26,VT-AGP/66,66,,3/8/26 9:41,vohs,3/8/26 10:12,VOHY,0:15,1,5597:00 H,4883 L,failed,Insert failed for log_selection_no VT-AGP/66: No row inserted (conflict or duplicate)
VOID Log,VT-AGP,8-Mar-26,VT-AGP/65,65,,3/8/26 8:24,VOBG,3/8/26 9:28,vohs,0:55,1,5596:45 H,4882 L,failed,Insert failed for log_selection_no VT-AGP/65: No row inserted (conflict or duplicate)
VOID Log,VT-AGP,8-Mar-26,VT-AGP/64,64,,3/8/26 2:25,vohs,3/8/26 3:31,VOBG,0:53,1,5595:50 H,4881 L,failed,Insert failed for log_selection_no VT-AGP/64: No row inserted (conflict or duplicate)
VOID Log,VT-AGP,7-Mar-26,VT-AGP/63,63,,3/7/26 8:02,VAKP,3/7/26 9:00,vohs,0:45,1,5594:57 H,4880 L,failed,Insert failed for log_selection_no VT-AGP/63: No row inserted (conflict or duplicate)
VOID Log,VT-AGP,7-Mar-26,VT-AGP/62,62,,3/7/26 3:45,vohs,3/7/26 4:50,VAKP,0:46,1,5594:12 H,4879 L,failed,Insert failed for log_selection_no VT-AGP/62: No row inserted (conflict or duplicate)
VOID Log,VT-AGP,6-Mar-26,VT-AGP/61,61,,3/6/26 9:40,VERP,3/6/26 11:03,vohs,1:11,1,5593:26 H,4878 L,failed,Insert failed for log_selection_no VT-AGP/61: No row inserted (conflict or duplicate)
VOID Log,VT-AGP,6-Mar-26,VT-AGP/60,60,,3/6/26 6:58,VOCB,3/6/26 9:20,VERP,2:13,1,5592:15 H,4877 L,failed,Insert failed for log_selection_no VT-AGP/60: No row inserted (conflict or duplicate)
VOID Log,VT-AGP,6-Mar-26,VT-AGP/59,59,,3/6/26 4:55,VOMM,3/6/26 5:50,VOCB,0:39,1,5590:02 H,4876 L,failed,Insert failed for log_selection_no VT-AGP/59: No row inserted (conflict or duplicate)
VOID Log,VT-AGP,5-Mar-26,VT-AGP/58,58,,3/5/26 6:40,VOTR,3/5/26 7:40,VOMM,0:40,1,5589:23 H,4875 L,failed,Insert failed for log_selection_no VT-AGP/58: No row inserted (conflict or duplicate)
VOID Log,VT-AGP,4-Mar-26,VT-AGP/57,57,,3/4/26 11:00,VOMM,3/4/26 12:00,VOTR,0:43,1,5588:43 H,4874 L,failed,Insert failed for log_selection_no VT-AGP/57: No row inserted (conflict or duplicate)
VOID Log,VT-AGP,4-Mar-26,VT-AGP/56,56,,3/4/26 5:15,VOHY,3/4/26 6:30,VOMM,1:01,1,5588:00 H,4873 L,failed,Insert failed for log_selection_no VT-AGP/56: No row inserted (conflict or duplicate)
VOID Log,VT-AGP,3-Mar-26,VT-AGP/55,55,,3/3/26 5:25,VOMM,3/3/26 6:35,VOHY,0:57,1,5586:59 H,4872 L,failed,Insert failed for log_selection_no VT-AGP/55: No row inserted (conflict or duplicate)
VOID Log,VT-AGP,3-Mar-26,VT-AGP/54,54,,3/3/26 3:40,vohs,3/3/26 4:50,VOMM,0:53,1,5586:02 H,4871 L,failed,Insert failed for log_selection_no VT-AGP/54: No row inserted (conflict or duplicate)
VOID Log,VT-AGP,3-Mar-26,VT-AGP/53,53,,3/3/26 2:05,VOHY,3/3/26 2:30,vohs,0:15,1,5585:09 H,4870 L,failed,Insert failed for log_selection_no VT-AGP/53: No row inserted (conflict or duplicate)
VOID Log,VT-AGP,1-Mar-26,VT-AGP/52,52,,3/1/26 5:40,VAAH,3/1/26 7:35,VOHY,1:38,1,5584:54 H,4869 L,failed,Insert failed for log_selection_no VT-AGP/52: No row inserted (conflict or duplicate)
VOID Log,VT-AGP,1-Mar-26,VT-AGP/51,51,,3/1/26 2:50,vohs,3/1/26 4:55,VAAH,1:38,1,5583:16 H,4868 L,failed,Insert failed for log_selection_no VT-AGP/51: No row inserted (conflict or duplicate)
VOID Log,VT-AGP,28-Feb-26,VT-AGP/50,50,,2/28/26 11:20,VOTP,2/28/26 12:25,vohs,0:54,1,5581:38 H,4867 L,failed,Insert failed for log_selection_no VT-AGP/50: No row inserted (conflict or duplicate)
VOID Log,VT-AGP,28-Feb-26,VT-AGP/49,49,,2/28/26 10:04,vohs,2/28/26 11:05,VOTP,0:47,1,5580:44 H,4866 L,failed,Insert failed for log_selection_no VT-AGP/49: No row inserted (conflict or duplicate)
VOID Log,VT-AGP,28-Feb-26,VT-AGP/48,48,,2/28/26 6:27,VIDP,2/28/26 8:45,vohs,1:52,1,5579:57 H,4865 L,failed,Insert failed for log_selection_no VT-AGP/48: No row inserted (conflict or duplicate)
VOID Log,VT-AGP,27-Feb-26,VT-AGP/47,47,,2/27/26 9:40,vohs,2/27/26 12:03,VIDP,2:02,1,5578:05 H,4864 L,failed,Insert failed for log_selection_no VT-AGP/47: No row inserted (conflict or duplicate)
VOID Log,VT-AGP,26-Feb-26,VT-AGP/46,46,,2/26/26 11:05,VOKU,2/26/26 11:40,vohs,0:27,1,5576:03 H,4863 L,failed,Insert failed for log_selection_no VT-AGP/46: No row inserted (conflict or duplicate)
VOID Log,VT-AGP,26-Feb-26,VT-AGP/45,45,,2/26/26 7:05,vohs,2/26/26 7:51,VOKU,0:35,1,5575:36 H,4862 L,failed,Insert failed for log_selection_no VT-AGP/45: No row inserted (conflict or duplicate)
VOID Log,VT-AGP,25-Feb-26,VT-AGP/44,44,,2/25/26 17:00,VOVZ,2/25/26 18:10,vohs,0:58,1,5575:01 H,4861 L,failed,Insert failed for log_selection_no VT-AGP/44: No row inserted (conflict or duplicate)
VOID Log,VT-AGP,25-Feb-26,VT-AGP/43,43,,2/25/26 13:20,vohs,2/25/26 14:45,VOVZ,1:00,1,5574:03 H,4860 L,failed,Insert failed for log_selection_no VT-AGP/43: No row inserted (conflict or duplicate)
VOID Log,VT-AGP,25-Feb-26,VT-AGP/42,42,,2/25/26 12:35,VOHY,2/25/26 12:55,vohs,0:10,1,5573:03 H,4859 L,failed,Insert failed for log_selection_no VT-AGP/42: No row inserted (conflict or duplicate)
VOID Log,VT-AGP,25-Feb-26,VT-AGP/41,41,,2/25/26 10:55,VOVZ,2/25/26 12:10,VOHY,1:02,1,5572:53 H,4858 L,failed,Insert failed for log_selection_no VT-AGP/41: No row inserted (conflict or duplicate)
VOID Log,VT-AGP,25-Feb-26,VT-AGP/40,40,,2/25/26 9:25,vohs,2/25/26 10:40,VOVZ,1:02,1,5571:51 H,4857 L,failed,Insert failed for log_selection_no VT-AGP/40: No row inserted (conflict or duplicate)
VOID Log,VT-AGP,24-Feb-26,VT-AGP/39,39,,2/24/26 11:55,HAL Airport,2/24/26 13:05,vohs,0:51,1,5570:49 H,4856 L,failed,"Insert failed for log_selection_no VT-AGP/39: Missing references (aircraft VT-AGP, departure HAL Airport, arrival vohs)"
VOID Log,VT-AGP,24-Feb-26,VT-AGP/38,38,,2/24/26 7:50,vohs,2/24/26 9:10,HAL Airport,0:56,1,5569:58 H,4855 L,failed,"Insert failed for log_selection_no VT-AGP/38: Missing references (aircraft VT-AGP, departure vohs, arrival HAL Airport)"
VOID Log,VT-AGP,24-Feb-26,VT-AGP/37,37,,2/24/26 6:45,VOBZ,2/24/26 7:35,vohs,0:42,1,5569:02 H,4854 L,failed,Insert failed for log_selection_no VT-AGP/37: No row inserted (conflict or duplicate)
VOID Log,VT-AGP,24-Feb-26,VT-AGP/36,36,,2/24/26 5:40,vohs,2/24/26 6:30,VOBZ,0:32,1,5568:20 H,4853 L,failed,Insert failed for log_selection_no VT-AGP/36: No row inserted (conflict or duplicate)
VOID Log,VT-AGP,23-Feb-26,VT-AGP/35,35,,2/23/26 14:00,VOCB,2/23/26 15:30,vohs,1:19,1,5567:48 H,4852 L,failed,Insert failed for log_selection_no VT-AGP/35: No row inserted (conflict or duplicate)
VOID Log,VT-AGP,23-Feb-26,VT-AGP/34,34,,2/23/26 11:05,VERP,2/23/26 13:40,VOCB,2:18,1,5566:29 H,4851 L,failed,Insert failed for log_selection_no VT-AGP/34: No row inserted (conflict or duplicate)
VOID Log,VT-AGP,23-Feb-26,VT-AGP/33,33,,2/23/26 8:55,VOHY,2/23/26 10:05,VERP,0:57,1,5564:11 H,4850 L,failed,Insert failed for log_selection_no VT-AGP/33: No row inserted (conflict or duplicate)
VOID Log,VT-AGP,22-Feb-26,VT-AGP/32,32,,2/22/26 16:35,HAL Airport,2/22/26 17:40,VOHY,0:52,1,5563:14 H,4849 L,failed,"Insert failed for log_selection_no VT-AGP/32: Missing references (aircraft VT-AGP, departure HAL Airport, arrival VOHY)"
VOID Log,VT-AGP,22-Feb-26,VT-AGP/31,31,,2/22/26 7:45,VOHY,2/22/26 9:00,HAL Airport,0:55,1,5562:22 H,4848 L,failed,"Insert failed for log_selection_no VT-AGP/31: Missing references (aircraft VT-AGP, departure VOHY, arrival HAL Airport)"
VOID Log,VT-AGP,21-Feb-26,VT-AGP/30,30,,2/21/26 13:25,VOVZ,2/21/26 14:50,VOHY,1:00,1,5561:27 H,4847 L,failed,Insert failed for log_selection_no VT-AGP/30: No row inserted (conflict or duplicate)
VOID Log,VT-AGP,21-Feb-26,VT-AGP/29,29,,2/21/26 11:55,VOHY,2/21/26 13:05,VOVZ,0:54,1,5560:27 H,4846 L,failed,Insert failed for log_selection_no VT-AGP/29: No row inserted (conflict or duplicate)
VOID Log,VT-AGP,20-Feb-26,VT-AGP/28,28,,2/20/26 12:20,VIDP,2/20/26 14:55,VOHY,1:50,1,5559:33 H,4845 L,failed,Insert failed for log_selection_no VT-AGP/28: No row inserted (conflict or duplicate)
VOID Log,VT-AGP,19-Feb-26,VT-AGP/27,27,,2/19/26 8:09,VOHY,2/19/26 10:29,VIDP,2:00,1,5557:43 H,4844 L,failed,Insert failed for log_selection_no VT-AGP/27: No row inserted (conflict or duplicate)
VOID Log,VT-AGP,9-Feb-26,VT-AGP/26,26,,2/9/26 10:35,VIDP,2/9/26 13:00,VOHY,2:00,1,5555:43 H,4843 L,failed,Insert failed for log_selection_no VT-AGP/26: No row inserted (conflict or duplicate)
VOID Log,VT-AGP,9-Feb-26,VT-AGP/25,25,,2/9/26 8:20,VAAH,2/9/26 10:20,VIDP,1:27,1,5553:43 H,4842 L,failed,Insert failed for log_selection_no VT-AGP/25: No row inserted (conflict or duplicate)
VOID Log,VT-AGP,9-Feb-26,VT-AGP/24,24,,2/9/26 1:55,VOHY,2/9/26 4:05,VAAH,1:45,1,5552:16 H,4841 L,failed,Insert failed for log_selection_no VT-AGP/24: No row inserted (conflict or duplicate)
VOID Log,VT-AGP,8-Feb-26,VT-AGP/23,23,,2/8/26 6:45,vohs,2/8/26 7:20,VOHY,0:14,1,5550:31 H,4840 L,failed,Insert failed for log_selection_no VT-AGP/23: No row inserted (conflict or duplicate)
VOID Log,VT-AGP,7-Feb-26,VT-AGP/22,22,,2/7/26 8:30,VOBL,2/7/26 9:55,vohs,0:49,1,5550:17 H,4839 L,failed,Insert failed for log_selection_no VT-AGP/22: No row inserted (conflict or duplicate)
VOID Log,VT-AGP,6-Feb-26,VT-AGP/21,21,,2/6/26 5:40,vohs,2/6/26 6:50,VOBL,0:54,1,5549:28 H,4838 L,failed,Insert failed for log_selection_no VT-AGP/21: No row inserted (conflict or duplicate)
VOID Log,VT-AGP,6-Feb-26,VT-AGP/20,20,,2/6/26 4:25,VOHY,2/6/26 5:00,vohs,0:22,1,5548:34 H,4837 L,failed,Insert failed for log_selection_no VT-AGP/20: No row inserted (conflict or duplicate)
VOID Log,VT-AGP,VOID,VT-AGP/19,19,,VOID,VOID,VOID,VOID,VOID,0,5548:12 H,4836 L,failed,Insert failed for log_selection_no VT-AGP/19: Invalid flight date
VOID Log,VT-AGP,27-Jan-26,VT-AGP/18,18,,1/27/26 11:00,VABB,1/27/26 12:25,VOHY,0:59,1,5548:12 H,4836 L,failed,Insert failed for log_selection_no VT-AGP/18: No row inserted (conflict or duplicate)
VOID Log,VT-AGP,27-Jan-26,VT-AGP/17,17,,1/27/26 4:25,VOHY,1/27/26 6:10,VABB,1:45,1,5547:13 H,4835 L,failed,Insert failed for log_selection_no VT-AGP/17: No row inserted (conflict or duplicate)
VOID Log,VT-AGP,25-Jan-26,VT-AGP/16,16,,1/25/26 15:00,VOBZ,1/25/26 15:52,VOHY,0:39,1,5545:28 H,4834 L,failed,Insert failed for log_selection_no VT-AGP/16: No row inserted (conflict or duplicate)
VOID Log,VT-AGP,25-Jan-26,VT-AGP/15,15,,1/25/26 9:20,VORY,1/25/26 10:00,VOBZ,0:26,1,5544:49 H,4833 L,failed,Insert failed for log_selection_no VT-AGP/15: No row inserted (conflict or duplicate)
VOID Log,VT-AGP,25-Jan-26,VT-AGP/14,14,,1/25/26 7:30,VOBZ,1/25/26 7:56,VORY,0:16,1,5544:23 H,4832 L,failed,Insert failed for log_selection_no VT-AGP/14: No row inserted (conflict or duplicate)
VOID Log,VT-AGP,24-Jan-26,VT-AGP/13,13,,1/24/26 8:35,VOHY,1/24/26 9:30,VOBZ,0:38,1,5544:07 H,4831 L,failed,Insert failed for log_selection_no VT-AGP/13: No row inserted (conflict or duplicate)
VOID Log,VT-AGP,23-Jan-26,VT-AGP/12,12,,1/23/26 7:30,VOHY,1/23/26 9:10,VOHY,0:44,6,5543:29 H,4830 L,failed,Insert failed for log_selection_no VT-AGP/12: No row inserted (conflict or duplicate)
VOID Log,VT-AGP,19-Jan-26,VT-AGP/11,11,,1/19/26 9:39,HAL Airport,1/19/26 11:11,VOHY,1:01,1,5542:45 H,4824 L,failed,"Insert failed for log_selection_no VT-AGP/11: Missing references (aircraft VT-AGP, departure HAL Airport, arrival VOHY)"
VOID Log,VT-AGP,18-Jan-26,VT-AGP/10,10,,1/18/26 15:52,VIDP,1/18/26 18:43,HAL Airport,2:28,1,5541:44 H,4823 L,failed,"Insert failed for log_selection_no VT-AGP/10: Missing references (aircraft VT-AGP, departure VIDP, arrival HAL Airport)"
VOID Log,VT-AGP,18-Jan-26,VT-AGP/9,9,,1/18/26 13:47,viar,1/18/26 15:05,VIDP,0:48,1,5539:16 H,4822 L,failed,Insert failed for log_selection_no VT-AGP/9: No row inserted (conflict or duplicate)
VOID Log,VT-AGP,18-Jan-26,VT-AGP/8,8,,1/18/26 6:10,VIDP,1/18/26 7:37,viar,0:50,1,5538:28 H,4821 L,failed,Insert failed for log_selection_no VT-AGP/8: No row inserted (conflict or duplicate)
VOID Log,VT-AGP,17-Jan-26,VT-AGP/7,7,,1/17/26 12:30,VIDP,1/17/26 13:30,VIDP,0:00,0,5537:38 H,4820 L,failed,Insert failed for log_selection_no VT-AGP/7: No row inserted (conflict or duplicate)
VOID Log,VT-AGP,16-Jan-26,VT-AGP/6,6,,1/16/26 12:44,VEGT,1/16/26 17:08,VIDP,3:53,1,5537:38 H,4820 L,failed,"Insert failed for log_selection_no VT-AGP/6: Missing references (aircraft VT-AGP, departure VEGT, arrival VIDP)"
VOID Log,VT-AGP,16-Jan-26,VT-AGP/5,5,,1/16/26 6:30,vohs,1/16/26 9:10,VEGT,2:23,1,5533:45 H,4819 L,failed,"Insert failed for log_selection_no VT-AGP/5: Missing references (aircraft VT-AGP, departure vohs, arrival VEGT)"
VOID Log,VT-AGP,15-Jan-26,VT-AGP/4,4,,1/15/26 9:30,VAPO,1/15/26 10:45,vohs,0:52,1,5531:22 H,4818 L,failed,Insert failed for log_selection_no VT-AGP/4: No row inserted (conflict or duplicate)
VOID Log,VT-AGP,15-Jan-26,VT-AGP/3,3,,1/15/26 2:30,VOHY,1/15/26 3:45,VAPO,0:50,1,5530:30 H,4817 L,failed,Insert failed for log_selection_no VT-AGP/3: No row inserted (conflict or duplicate)
VOID Log,VT-AGP,14-Jan-26,VT-AGP/2,2,,1/14/26 8:45,VOHY,1/14/26 10:05,VOHY,0:55,6,5529:40 H,4816 L,failed,Insert failed for log_selection_no VT-AGP/2: No row inserted (conflict or duplicate)
VOID Log,VT-AGP,15-Dec-25,VT-AGP/1,1,,12/15/25 5:40,VOHY,12/15/25 7:25,VOHY,1:34,1,5528:45 H,4810 L,failed,Insert failed for log_selection_no VT-AGP/1: No row inserted (conflict or duplicate)
VOID Log,VT-AJM,24-Feb-26,VT-AJM/61,2670,,2/24/26 13:50,VIDP,2/24/26 15:55,VOHY,1:46,1,4245:39 H,3492 L,failed,Insert failed for log_selection_no VT-AJM/61: No row inserted (conflict or duplicate)
VOID Log,VT-AJM,23-Feb-26,VT-AJM/60,2669,,2/23/26 16:40,vohs,2/23/26 19:20,VIDP,2:06,1,4243:53 H,3491 L,failed,Insert failed for log_selection_no VT-AJM/60: No row inserted (conflict or duplicate)
VOID Log,VT-AJM,21-Feb-26,VT-AJM/59,2668,,2/21/26 12:45,vcbi,2/21/26 14:50,vohs,1:46,1,4241:47 H,3490 L,failed,"Insert failed for log_selection_no VT-AJM/59: Missing references (aircraft VT-AJM, departure vcbi, arrival vohs)"
VOID Log,VT-AJM,21-Feb-26,VT-AJM/58,2667,,2/21/26 2:00,vohs,2/21/26 4:05,vcbi,1:44,1,4240:01 H,3489 L,failed,"Insert failed for log_selection_no VT-AJM/58: Missing references (aircraft VT-AJM, departure vohs, arrival vcbi)"
VOID Log,VT-AJM,20-Feb-26,VT-AJM/57,2666,,2/20/26 5:30,VOHY,2/20/26 5:50,vohs,0:12,1,4238:17 H,3488 L,failed,Insert failed for log_selection_no VT-AJM/57: No row inserted (conflict or duplicate)
VOID Log,VT-AJM,20-Feb-26,VT-AJM/56,2665,,2/20/26 3:15,VIJP,2/20/26 5:10,VOHY,1:33,1,4238:05 H,3487 L,failed,Insert failed for log_selection_no VT-AJM/56: No row inserted (conflict or duplicate)
VOID Log,VT-AJM,19-Feb-26,VT-AJM/55,2664,,2/19/26 9:50,VOHY,2/19/26 11:50,VIJP,1:44,1,4236:32 H,3486 L,failed,Insert failed for log_selection_no VT-AJM/55: No row inserted (conflict or duplicate)
VOID Log,VT-AJM,16-Feb-26,VT-AJM/54,2663,,2/16/26 15:20,VIDP,2/16/26 17:29,VOHY,1:52,1,4234:48 H,3485 L,failed,Insert failed for log_selection_no VT-AJM/54: No row inserted (conflict or duplicate)
VOID Log,VT-AJM,16-Feb-26,VT-AJM/53,2662,,2/16/26 7:15,VOHY,2/16/26 9:38,VIDP,2:00,1,4232:56 H,3484 L,failed,Insert failed for log_selection_no VT-AJM/53: No row inserted (conflict or duplicate)
VOID Log,VT-AJM,13-Feb-26,VT-AJM/52,2661,,2/13/26 8:35,vohs,2/13/26 8:55,VOHY,0:10,1,4230:56 H,3483 L,failed,Insert failed for log_selection_no VT-AJM/52: No row inserted (conflict or duplicate)
VOID Log,VT-AJM,12-Feb-26,VT-AJM/51,2660,,2/12/26 14:30,VIDP,2/12/26 16:30,vohs,1:47,1,4230:46 H,3482 L,failed,Insert failed for log_selection_no VT-AJM/51: No row inserted (conflict or duplicate)
VOID Log,VT-AJM,11-Feb-26,VT-AJM/50,2659,,2/11/26 12:45,VOHY,2/11/26 14:50,VIDP,1:46,1,4228:59 H,3481 L,failed,Insert failed for log_selection_no VT-AJM/50: No row inserted (conflict or duplicate)
VOID Log,VT-AJM,11-Feb-26,VT-AJM/49,2658,,2/11/26 6:59,VOGA,2/11/26 8:07,VOHY,0:53,1,4227:13 H,3480 L,failed,Insert failed for log_selection_no VT-AJM/49: No row inserted (conflict or duplicate)
VOID Log,VT-AJM,11-Feb-26,VT-AJM/48,2657,,2/11/26 5:32,VOHY,2/11/26 6:38,VOGA,0:56,1,4226:20 H,3479 L,failed,Insert failed for log_selection_no VT-AJM/48: No row inserted (conflict or duplicate)
VOID Log,VT-AJM,9-Feb-26,VT-AJM/47,2656,,2/9/26 15:25,VOBZ,2/9/26 16:20,VOHY,0:35,1,4225:24 H,3478 L,failed,Insert failed for log_selection_no VT-AJM/47: No row inserted (conflict or duplicate)
VOID Log,VT-AJM,9-Feb-26,VT-AJM/46,2655,,2/9/26 13:45,vohs,2/9/26 14:30,VOBZ,0:31,1,4224:49 H,3477 L,failed,Insert failed for log_selection_no VT-AJM/46: No row inserted (conflict or duplicate)
VOID Log,VT-AJM,8-Feb-26,VT-AJM/45,2654,,2/8/26 16:40,VOBZ,2/8/26 17:50,vohs,0:52,1,4224:18 H,3476 L,failed,Insert failed for log_selection_no VT-AJM/45: No row inserted (conflict or duplicate)
VOID Log,VT-AJM,8-Feb-26,VT-AJM/44,2653,,2/8/26 15:45,VOHY,2/8/26 16:30,VOBZ,0:29,1,4223:26 H,3475 L,failed,Insert failed for log_selection_no VT-AJM/44: No row inserted (conflict or duplicate)
VOID Log,VT-AJM,8-Feb-26,VT-AJM/43,2652,,2/8/26 14:15,VOTR,2/8/26 15:35,VOHY,1:14,1,4222:57 H,3474 L,failed,Insert failed for log_selection_no VT-AJM/43: No row inserted (conflict or duplicate)
VOID Log,VT-AJM,8-Feb-26,VT-AJM/42,2651,,2/8/26 12:20,vohs,2/8/26 13:55,VOTR,1:11,1,4221:43 H,3473 L,failed,Insert failed for log_selection_no VT-AJM/42: No row inserted (conflict or duplicate)
VOID Log,VT-AJM,8-Feb-26,VT-AJM/41,2650,,2/8/26 4:15,votr,2/8/26 5:40,vohs,1:06,1,4220:32 H,3472 L,failed,Insert failed for log_selection_no VT-AJM/41: No row inserted (conflict or duplicate)
VOID Log,VT-AJM,8-Feb-26,VT-AJM/40,2649,,2/8/26 2:32,VOHY,2/8/26 3:58,votr,1:17,1,4219:26 H,3471 L,failed,Insert failed for log_selection_no VT-AJM/40: No row inserted (conflict or duplicate)
VOID Log,VT-AJM,6-Feb-26,VT-AJM/39,2648,,2/6/26 9:05,VOKU,2/6/26 9:50,VOHY,0:33,1,4218:09 H,3470 L,failed,Insert failed for log_selection_no VT-AJM/39: No row inserted (conflict or duplicate)
VOID Log,VT-AJM,6-Feb-26,VT-AJM/38,2647,,2/6/26 4:30,VOHY,2/6/26 5:15,VOKU,0:31,1,4217:36 H,3469 L,failed,Insert failed for log_selection_no VT-AJM/38: No row inserted (conflict or duplicate)
VOID Log,VT-AJM,3-Feb-26,VT-AJM/37,2646,,2/3/26 12:43,VOBZ,2/3/26 13:31,VOHY,0:40,1,4217:05 H,3468 L,failed,Insert failed for log_selection_no VT-AJM/37: No row inserted (conflict or duplicate)
VOID Log,VT-AJM,3-Feb-26,VT-AJM/36,2645,,2/3/26 9:51,VOHY,2/3/26 10:32,VOBZ,0:31,1,4216:25 H,3467 L,failed,Insert failed for log_selection_no VT-AJM/36: No row inserted (conflict or duplicate)
VOID Log,VT-AJM,3-Feb-26,VT-AJM/35,2644,,2/3/26 8:00,HAL Airport,2/3/26 9:00,VOHY,0:47,1,4215:54 H,3466 L,failed,"Insert failed for log_selection_no VT-AJM/35: Missing references (aircraft VT-AJM, departure HAL Airport, arrival VOHY)"
VOID Log,VT-AJM,3-Feb-26,VT-AJM/34,2643,,2/3/26 2:39,VOHY,2/3/26 3:48,HAL Airport,0:58,1,4215:07 H,3465 L,failed,"Insert failed for log_selection_no VT-AJM/34: Missing references (aircraft VT-AJM, departure VOHY, arrival HAL Airport)"
VOID Log,VT-VPA,1-Jun-21,VT-VPA/90,53,,6/1/21 2:15,VABB,6/1/21 3:45,vohs,1:04,1,4839:16 H,3384 L,success,
VOID Log,VT-VPA,6-Feb-21,VT-VPA/31,20,,2/6/21 6:35,VABB,2/6/21 8:20,VOMM,1:30,1,4773:21 H,3326 L,success,
VOID Log,VT-VPA,VOID,VT-VPA/536,4,,VOID,VOID,VOID,VOID,VOID,0,5420:42 H,3793 L,failed,Insert failed for log_selection_no VT-VPA/536: Invalid flight date
VOID Log,VT-VPA,VOID,VT-VPA/330,5,,VOID,VOID,VOID,VOID,VOID,0,5165:45 H,3612 L,failed,Insert failed for log_selection_no VT-VPA/330: Invalid flight date
VOID Log,VT-AJM,2-Feb-26,VT-AJM/33,2642,,2/2/26 11:28,VOKU,2/2/26 12:03,VOHY,0:29,1,4214:09 H,3464 L,failed,Insert failed for log_selection_no VT-AJM/33: No row inserted (conflict or duplicate)
VOID Log,VT-AJM,2-Feb-26,VT-AJM/32,2641,,2/2/26 8:55,VOHY,2/2/26 9:32,VOKU,0:28,1,4213:40 H,3463 L,failed,Insert failed for log_selection_no VT-AJM/32: No row inserted (conflict or duplicate)
VOID Log,VT-AJM,1-Feb-26,VT-AJM/31,2640,,2/1/26 14:50,VOGA,2/1/26 16:10,VOHY,0:52,1,4213:12 H,3462 L,failed,Insert failed for log_selection_no VT-AJM/31: No row inserted (conflict or duplicate)
VOID Log,VT-AJM,1-Feb-26,VT-AJM/30,2639,,2/1/26 12:40,VOHY,2/1/26 13:50,VOGA,0:57,1,4212:20 H,3461 L,failed,Insert failed for log_selection_no VT-AJM/30: No row inserted (conflict or duplicate)
VOID Log,VT-AJM,1-Feb-26,VT-AJM/29,2638,,2/1/26 11:25,VOGA,2/1/26 12:30,VOHY,0:53,1,4211:23 H,3460 L,failed,Insert failed for log_selection_no VT-AJM/29: No row inserted (conflict or duplicate)
VOID Log,VT-AJM,31-Jan-26,VT-AJM/28,2637,,1/31/26 12:40,SHIRDI,1/31/26 13:50,VOGA,0:48,1,4210:30 H,3459 L,failed,Insert failed for log_selection_no VT-AJM/28: No row inserted (conflict or duplicate)
VOID Log,VT-AJM,31-Jan-26,VT-AJM/27,2636,,1/31/26 10:00,VOHY,1/31/26 11:15,SHIRDI,0:57,1,4209:42 H,3458 L,failed,Insert failed for log_selection_no VT-AJM/27: No row inserted (conflict or duplicate)
VOID Log,VT-AJM,30-Jan-26,VT-AJM/26,2635,,1/30/26 15:35,VORY,1/30/26 16:30,VOHY,0:40,1,4208:45 H,3457 L,failed,Insert failed for log_selection_no VT-AJM/26: No row inserted (conflict or duplicate)
VOID Log,VT-AJM,30-Jan-26,VT-AJM/25,2634,,1/30/26 3:15,VOBZ,1/30/26 3:50,VORY,0:22,1,4208:05 H,3456 L,failed,Insert failed for log_selection_no VT-AJM/25: No row inserted (conflict or duplicate)
VOID Log,VT-AJM,29-Jan-26,VT-AJM/24,2633,,1/29/26 11:30,VOHY,1/29/26 12:15,VOBZ,0:31,1,4207:43 H,3455 L,failed,Insert failed for log_selection_no VT-AJM/24: No row inserted (conflict or duplicate)
VOID Log,VT-AJM,29-Jan-26,VT-AJM/23,2632,,1/29/26 8:25,VIDP,1/29/26 10:26,VOHY,1:48,1,4207:12 H,3454 L,failed,Insert failed for log_selection_no VT-AJM/23: No row inserted (conflict or duplicate)
VOID Log,VT-AJM,27-Jan-26,VT-AJM/20,2629,,1/27/26 18:10,VOHY,1/27/26 18:50,VOBZ,0:28,1,4202:59 H,3451 L,failed,Insert failed for log_selection_no VT-AJM/20: No row inserted (conflict or duplicate)
VOID Log,VT-AJM,27-Jan-26,VT-AJM/19,2628,,1/27/26 12:15,VOBZ,1/27/26 13:15,VOHY,0:50,1,4202:31 H,3450 L,failed,Insert failed for log_selection_no VT-AJM/19: No row inserted (conflict or duplicate)
VOID Log,VT-AJM,27-Jan-26,VT-AJM/18,2627,,1/27/26 11:25,vohs,1/27/26 12:10,VOBZ,0:30,1,4201:41 H,3449 L,failed,Insert failed for log_selection_no VT-AJM/18: No row inserted (conflict or duplicate)
VOID Log,VT-AJM,23-Jan-26,VT-AJM/17,2626,,1/23/26 11:40,vosh,1/23/26 12:40,vohs,0:49,1,4201:11 H,3448 L,failed,"Insert failed for log_selection_no VT-AJM/17: Missing references (aircraft VT-AJM, departure vosh, arrival vohs)"
VOID Log,VT-AJM,23-Jan-26,VT-AJM/16,2625,,1/23/26 10:20,VOHY,1/23/26 11:25,vosh,0:55,1,4200:22 H,3447 L,failed,"Insert failed for log_selection_no VT-AJM/16: Missing references (aircraft VT-AJM, departure VOHY, arrival vosh)"
VOID Log,VT-AJM,22-Jan-26,VT-AJM/15,2624,,1/22/26 7:57,vohs,1/22/26 8:17,VOHY,0:12,1,4199:27 H,3446 L,failed,Insert failed for log_selection_no VT-AJM/15: No row inserted (conflict or duplicate)
VOID Log,VT-AJM,22-Jan-26,VT-AJM/14,2623,,1/22/26 5:40,VAAH,1/22/26 7:35,vohs,1:21,1,4199:15 H,3445 L,failed,Insert failed for log_selection_no VT-AJM/14: No row inserted (conflict or duplicate)
VOID Log,VT-AJM,21-Jan-26,VT-AJM/13,2622,,1/21/26 2:30,vohs,1/21/26 4:25,VAAH,1:34,1,4197:54 H,3444 L,failed,Insert failed for log_selection_no VT-AJM/13: No row inserted (conflict or duplicate)
VOID Log,VT-AJM,21-Jan-26,VT-AJM/12,2621,,1/21/26 0:50,VOBG,1/21/26 2:00,vohs,0:48,1,4196:20 H,3443 L,failed,Insert failed for log_selection_no VT-AJM/12: No row inserted (conflict or duplicate)
VOID Log,VT-AJM,20-Jan-26,VT-AJM/11,2620,,1/20/26 14:20,VABB,1/20/26 16:00,VOBG,1:21,1,4195:32 H,3442 L,failed,Insert failed for log_selection_no VT-AJM/11: No row inserted (conflict or duplicate)
VOID Log,VT-AJM,20-Jan-26,VT-AJM/10,2619,,1/20/26 3:55,VOBG,1/20/26 5:55,VABB,1:43,1,4194:11 H,3441 L,failed,Insert failed for log_selection_no VT-AJM/10: No row inserted (conflict or duplicate)
VOID Log,VT-AJM,20-Jan-26,VT-AJM/9,2618,,1/20/26 2:35,VOHY,1/20/26 3:40,VOBG,0:57,1,4192:28 H,3440 L,failed,Insert failed for log_selection_no VT-AJM/9: No row inserted (conflict or duplicate)
VOID Log,VT-AJM,17-Jan-26,VT-AJM/8,2617,,1/17/26 12:15,VORY,1/17/26 13:05,VOHY,0:41,1,4191:31 H,3439 L,failed,Insert failed for log_selection_no VT-AJM/8: No row inserted (conflict or duplicate)
VOID Log,VT-AJM,17-Jan-26,VT-AJM/7,2616,,1/17/26 3:25,vohs,1/17/26 4:35,VORY,0:47,1,4190:50 H,3438 L,failed,Insert failed for log_selection_no VT-AJM/7: No row inserted (conflict or duplicate)
VOID Log,VT-AJM,16-Jan-26,VT-AJM/6,2615,,1/16/26 18:15,VORY,1/16/26 19:15,vohs,0:46,1,4190:03 H,3437 L,failed,Insert failed for log_selection_no VT-AJM/6: No row inserted (conflict or duplicate)
VOID Log,VT-AJM,16-Jan-26,VT-AJM/5,2614,,1/16/26 14:50,VOHY,1/16/26 15:50,VORY,0:45,1,4189:17 H,3436 L,failed,Insert failed for log_selection_no VT-AJM/5: No row inserted (conflict or duplicate)
VOID Log,VT-AJM,16-Jan-26,VT-AJM/4,2613,,1/16/26 11:55,VORY,1/16/26 12:50,VOHY,0:43,1,4188:32 H,3435 L,failed,Insert failed for log_selection_no VT-AJM/4: No row inserted (conflict or duplicate)
VOID Log,VT-AJM,16-Jan-26,VT-AJM/3,2612,,1/16/26 10:40,VOHY,1/16/26 11:40,VORY,0:40,1,4187:49 H,3434 L,failed,Insert failed for log_selection_no VT-AJM/3: No row inserted (conflict or duplicate)
VOID Log,VT-AJM,15-Jan-26,VT-AJM/2,2611,,1/15/26 12:50,VEBN,1/15/26 14:45,VOHY,1:44,1,4187:09 H,3433 L,failed,Insert failed for log_selection_no VT-AJM/2: No row inserted (conflict or duplicate)
VOID Log,VT-AJM,15-Jan-26,VT-AJM/1,2610,,1/15/26 4:35,VOHY,1/15/26 6:40,VEBN,1:47,1,4185:25 H,3432 L,failed,Insert failed for log_selection_no VT-AJM/1: No row inserted (conflict or duplicate)
VOID Log,VT-VPA,30-Jan-26,VT-VPA/581,11,,1/30/26 9:30,VIDP,1/30/26 10:30,VIDP,0:00,0,5439:59 H,3821 L,failed,Insert failed for log_selection_no VT-VPA/581: No row inserted (conflict or duplicate)
VOID Log,VT-VPA,28-Jan-26,VT-VPA/580,10,,1/28/26 12:30,VIDP,1/28/26 13:00,VIDP,0:00,0,5439:59 H,3821 L,failed,Insert failed for log_selection_no VT-VPA/580: No row inserted (conflict or duplicate)
VOID Log,VT-VPA,14-Jan-26,VT-VPA/579,9,,1/14/26 11:30,VIDP,1/14/26 12:00,VIDP,0:00,0,5439:59 H,3821 L,failed,Insert failed for log_selection_no VT-VPA/579: No row inserted (conflict or duplicate)
VOID Log,VT-VPA,31-Dec-25,VT-VPA/578,8,,12/31/25 12:00,VIDP,12/31/25 12:30,VIDP,0:00,0,5439:59 H,3821 L,failed,Insert failed for log_selection_no VT-VPA/578: No row inserted (conflict or duplicate)
VOID Log,VT-VPA,18-Dec-25,VT-VPA/577,7,,12/18/25 12:00,VIDP,12/18/25 12:30,VIDP,0:00,0,5439:59 H,3821 L,failed,Insert failed for log_selection_no VT-VPA/577: No row inserted (conflict or duplicate)
VOID Log,VT-VPA,4-Dec-25,VT-VPA/576,6,,12/4/25 10:30,VIDP,12/4/25 11:30,VIDP,0:00,0,5439:59 H,3821 L,failed,Insert failed for log_selection_no VT-VPA/576: No row inserted (conflict or duplicate)
VOID Log,VT-VPA,21-Nov-25,VT-VPA/575,5,,11/21/25 10:00,VIDP,11/21/25 12:00,VIDP,0:00,0,5439:59 H,3821 L,failed,Insert failed for log_selection_no VT-VPA/575: No row inserted (conflict or duplicate)
VOID Log,VT-VPA,14-Nov-25,VT-VPA/574,4,,11/14/25 7:30,VIDP,11/14/25 8:15,VIDP,0:00,0,5439:59 H,3821 L,failed,Insert failed for log_selection_no VT-VPA/574: No row inserted (conflict or duplicate)
VOID Log,VT-VPA,12-Nov-25,VT-VPA/573,3,,11/12/25 11:30,VIDP,11/12/25 12:20,VIDP,0:00,0,5439:59 H,3821 L,failed,Insert failed for log_selection_no VT-VPA/573: No row inserted (conflict or duplicate)
VOID Log,VT-VPA,31-Dec-24,VT-VPA/572,16,,12/31/24 15:00,VIDP,12/31/24 16:00,VIDP,0:00,0,5439:59 H,3821 L,failed,Insert failed for log_selection_no VT-VPA/572: No row inserted (conflict or duplicate)
VOID Log,VT-VPA,18-Dec-24,VT-VPA/571,15,,12/18/24 16:00,VIDP,12/18/24 17:00,VIDP,0:00,0,5439:59 H,3821 L,failed,Insert failed for log_selection_no VT-VPA/571: No row inserted (conflict or duplicate)
VOID Log,VT-VPA,4-Dec-24,VT-VPA/570,14,,12/4/24 16:00,VIDP,12/4/24 17:00,VIDP,0:00,0,5439:59 H,3821 L,failed,Insert failed for log_selection_no VT-VPA/570: No row inserted (conflict or duplicate)
VOID Log,VT-VPA,VOID,VT-VPA/569,13,,VOID,VOID,VOID,VOID,VOID,0,5439:59 H,3821 L,failed,Insert failed for log_selection_no VT-VPA/569: Invalid flight date
VOID Log,VT-VPA,20-Nov-24,VT-VPA/568,12,,11/20/24 23:59,VIDP,11/20/24 23:59,VIDP,0:00,0,5439:59 H,3821 L,failed,Insert failed for log_selection_no VT-VPA/568: No row inserted (conflict or duplicate)
VOID Log,VT-VPA,8-Nov-24,VT-VPA/567,11,,11/8/24 23:59,VIDP,11/8/24 23:59,VIDP,0:00,0,5439:59 H,3821 L,failed,Insert failed for log_selection_no VT-VPA/567: No row inserted (conflict or duplicate)
VOID Log,VT-VPA,25-Oct-24,VT-VPA/566,10,,10/25/24 11:35,VABP,10/25/24 13:00,VIDP,1:01,1,5439:59 H,3821 L,failed,Insert failed for log_selection_no VT-VPA/566: No row inserted (conflict or duplicate)
VOID Log,VT-VPA,23-Oct-24,VT-VPA/565,9,,10/23/24 13:20,REWA,10/23/24 14:30,VABP,0:48,1,5438:58 H,3820 L,failed,Insert failed for log_selection_no VT-VPA/565: No row inserted (conflict or duplicate)
VOID Log,VT-VPA,23-Oct-24,VT-VPA/564,8,,10/23/24 4:20,VABP,10/23/24 5:20,REWA,0:45,1,5438:10 H,3819 L,failed,Insert failed for log_selection_no VT-VPA/564: No row inserted (conflict or duplicate)
VOID Log,VT-VPA,23-Oct-24,VT-VPA/563,7,,10/23/24 1:25,VIDP,10/23/24 2:50,VABP,0:59,1,5437:25 H,3818 L,failed,Insert failed for log_selection_no VT-VPA/563: No row inserted (conflict or duplicate)
VOID Log,VT-VPA,20-Oct-24,VT-VPA/562,6,,10/20/24 23:59,VIDP,10/20/24 23:59,VIDP,0:00,0,5436:26 H,3817 L,failed,Insert failed for log_selection_no VT-VPA/562: No row inserted (conflict or duplicate)
VOID Log,VT-VPA,7-Oct-24,VT-VPA/561,5,,10/7/24 23:59,VIDP,10/7/24 23:59,VIDP,0:00,0,5436:26 H,3817 L,failed,Insert failed for log_selection_no VT-VPA/561: No row inserted (conflict or duplicate)
VOID Log,VT-VPA,28-Sep-24,VT-VPA/560,4,,9/28/24 12:40,VABP,9/28/24 14:20,VIDP,1:10,3,5436:26 H,3817 L,failed,Insert failed for log_selection_no VT-VPA/560: No row inserted (conflict or duplicate)
VOID Log,VT-VPA,28-Sep-24,VT-VPA/559,3,,9/28/24 10:55,VAUD,9/28/24 12:30,VABP,1:15,3,5435:16 H,3814 L,failed,Insert failed for log_selection_no VT-VPA/559: No row inserted (conflict or duplicate)
VOID Log,VT-VPA,28-Sep-24,VT-VPA/558,2,,9/28/24 9:00,VIDP,9/28/24 10:40,VAUD,1:11,3,5434:01 H,3811 L,failed,Insert failed for log_selection_no VT-VPA/558: No row inserted (conflict or duplicate)
VOID Log,VT-VPA,27-Sep-24,VT-VPA/557,1,,9/27/24 23:59,VIDP,9/27/24 23:59,VIDP,0:00,0,5432:50 H,3808 L,failed,Insert failed for log_selection_no VT-VPA/557: No row inserted (conflict or duplicate)
VOID Log,VT-VPA,14-Sep-24,VT-VPA/556,24,,9/14/24 23:59,VIDP,9/14/24 23:59,VIDP,0:00,0,5432:50 H,3808 L,failed,Insert failed for log_selection_no VT-VPA/556: No row inserted (conflict or duplicate)
VOID Log,VT-VPA,31-Aug-24,VT-VPA/555,23,,8/31/24 9:00,VIKG,8/31/24 10:25,VIDP,0:46,1,5432:50 H,3808 L,failed,Insert failed for log_selection_no VT-VPA/555: No row inserted (conflict or duplicate)
VOID Log,VT-VPA,31-Aug-24,VT-VPA/554,22,,8/31/24 8:05,VIKG,8/31/24 8:50,VIKG,0:34,6,5432:04 H,3807 L,failed,Insert failed for log_selection_no VT-VPA/554: No row inserted (conflict or duplicate)
VOID Log,VT-VPA,31-Aug-24,VT-VPA/553,21,,8/31/24 6:45,VIDP,8/31/24 7:45,VIKG,0:43,1,5431:30 H,3801 L,failed,Insert failed for log_selection_no VT-VPA/553: No row inserted (conflict or duplicate)
VOID Log,VT-VPA,29-Aug-24,VT-VPA/552,20,,8/29/24 23:59,VIDP,8/29/24 23:59,VIDP,0:00,0,5430:47 H,3800 L,failed,Insert failed for log_selection_no VT-VPA/552: No row inserted (conflict or duplicate)
VOID Log,VT-VPA,21-Aug-24,VT-VPA/551,19,,8/21/24 0:00,VIDP,8/21/24 0:00,VIDP,0:00,0,5430:47 H,3800 L,failed,Insert failed for log_selection_no VT-VPA/551: No row inserted (conflict or duplicate)
VOID Log,VT-VPA,7-Aug-24,VT-VPA/550,18,,8/7/24 0:00,VIDP,8/7/24 0:00,VIDP,0:00,0,5430:47 H,3800 L,failed,Insert failed for log_selection_no VT-VPA/550: No row inserted (conflict or duplicate)
VOID Log,VT-VPA,24-Jul-24,VT-VPA/549,17,,7/24/24 0:00,VIDP,7/24/24 0:00,VIDP,0:00,0,5430:47 H,3800 L,failed,Insert failed for log_selection_no VT-VPA/549: No row inserted (conflict or duplicate)
VOID Log,VT-VPA,14-Jul-24,VT-VPA/548,16,,7/14/24 0:00,VIDP,7/14/24 0:00,VIDP,0:00,0,5430:47 H,3800 L,failed,Insert failed for log_selection_no VT-VPA/548: No row inserted (conflict or duplicate)
VOID Log,VT-VPA,30-Jun-24,VT-VPA/547,15,,6/30/24 0:00,VIDP,6/30/24 0:00,VIDP,0:00,0,5430:47 H,3800 L,failed,Insert failed for log_selection_no VT-VPA/547: No row inserted (conflict or duplicate)
VOID Log,VT-VPA,22-Jun-24,VT-VPA/546,14,,6/22/24 0:00,VIDP,6/22/24 0:00,VIDP,0:00,0,5430:47 H,3800 L,failed,Insert failed for log_selection_no VT-VPA/546: No row inserted (conflict or duplicate)
VOID Log,VT-VPA,9-Jun-24,VT-VPA/545,13,,6/9/24 0:00,VIDP,6/9/24 0:00,VIDP,0:00,0,5430:47 H,3800 L,failed,Insert failed for log_selection_no VT-VPA/545: No row inserted (conflict or duplicate)
VOID Log,VT-VPA,8-Jun-24,VT-VPA/544,12,,6/8/24 12:25,VABP,6/8/24 13:45,VIDP,1:00,1,5430:47 H,3800 L,failed,Insert failed for log_selection_no VT-VPA/544: No row inserted (conflict or duplicate)
VOID Log,VT-VPA,8-Jun-24,VT-VPA/543,11,,6/8/24 11:00,VAPO,6/8/24 12:15,VABP,1:00,1,5429:47 H,3799 L,failed,Insert failed for log_selection_no VT-VPA/543: No row inserted (conflict or duplicate)
VOID Log,VT-VPA,7-Jun-24,VT-VPA/542,10,,6/7/24 14:55,VAID,6/7/24 16:00,VAPO,0:55,1,5428:47 H,3798 L,failed,Insert failed for log_selection_no VT-VPA/542: No row inserted (conflict or duplicate)
VOID Log,VT-VPA,7-Jun-24,VT-VPA/541,9,,6/7/24 12:40,VIJP,6/7/24 14:25,VAID,1:30,1,5427:52 H,3797 L,failed,Insert failed for log_selection_no VT-VPA/541: No row inserted (conflict or duplicate)
VOID Log,VT-VPA,28-May-24,VT-VPA/540,8,,5/28/24 0:00,VIJP,5/28/24 0:00,VIJP,0:00,0,5426:22 H,3796 L,failed,Insert failed for log_selection_no VT-VPA/540: No row inserted (conflict or duplicate)
VOID Log,VT-VPA,23-May-24,VT-VPA/539,7,,5/23/24 11:40,VIDP,5/23/24 12:40,VIJP,0:30,1,5426:22 H,3796 L,failed,Insert failed for log_selection_no VT-VPA/539: No row inserted (conflict or duplicate)
VOID Log,VT-VPA,21-May-24,VT-VPA/538,6,,5/21/24 12:05,VOBG,5/21/24 14:55,VIDP,2:35,1,5425:52 H,3795 L,failed,Insert failed for log_selection_no VT-VPA/538: No row inserted (conflict or duplicate)
VOID Log,VT-VPA,21-May-24,VT-VPA/537,5,,5/21/24 8:55,VIDP,5/21/24 11:40,VOBG,2:35,1,5423:17 H,3794 L,failed,Insert failed for log_selection_no VT-VPA/537: No row inserted (conflict or duplicate)
VOID Log,VT-VPA,8-May-24,VT-VPA/535,3,,5/8/24 0:00,VIDP,5/8/24 0:00,VIDP,0:00,0,5420:42 H,3793 L,failed,Insert failed for log_selection_no VT-VPA/535: No row inserted (conflict or duplicate)
VOID Log,VT-VPA,24-Apr-24,VT-VPA/534,2,,4/24/24 0:00,VIDP,4/24/24 0:00,VIDP,0:00,0,5420:42 H,3793 L,failed,Insert failed for log_selection_no VT-VPA/534: No row inserted (conflict or duplicate)
VOID Log,VT-VPA,10-Apr-24,VT-VPA/533,1,,4/10/24 0:00,VIDP,4/10/24 0:00,VIDP,0:00,0,5420:42 H,3793 L,failed,Insert failed for log_selection_no VT-VPA/533: No row inserted (conflict or duplicate)
VOID Log,VT-VPA,28-Mar-24,VT-VPA/532,141,,3/28/24 0:00,VIDP,3/28/24 0:00,VIDP,0:00,0,5420:42 H,3793 L,failed,Insert failed for log_selection_no VT-VPA/532: No row inserted (conflict or duplicate)
VOID Log,VT-VPA,14-Mar-24,VT-VPA/531,140,,3/14/24 0:00,VIDP,3/14/24 0:00,VIDP,0:00,0,5420:42 H,3793 L,failed,Insert failed for log_selection_no VT-VPA/531: No row inserted (conflict or duplicate)
VOID Log,VT-VPA,24-Feb-24,VT-VPA/530,139,,2/24/24 0:00,VIDP,2/24/24 0:00,VIDP,0:00,0,5420:42 H,3793 L,failed,Insert failed for log_selection_no VT-VPA/530: No row inserted (conflict or duplicate)
VOID Log,VT-VPA,15-Feb-24,VT-VPA/529,138,,2/15/24 6:40,VOVZ,2/15/24 9:15,VIDP,2:18,1,5420:42 H,3793 L,failed,Insert failed for log_selection_no VT-VPA/529: No row inserted (conflict or duplicate)
VOID Log,VT-VPA,13-Feb-24,VT-VPA/528,137,,2/13/24 12:45,VOHY,2/13/24 13:55,VOVZ,0:48,1,5418:24 H,3792 L,failed,Insert failed for log_selection_no VT-VPA/528: No row inserted (conflict or duplicate)
VOID Log,VT-VPA,13-Feb-24,VT-VPA/527,137,,2/13/24 10:55,VAID,2/13/24 12:25,VOHY,1:17,1,5417:36 H,3791 L,failed,Insert failed for log_selection_no VT-VPA/527: No row inserted (conflict or duplicate)
VOID Log,VT-VPA,13-Feb-24,VT-VPA/526,137,,2/13/24 8:20,VIDN,2/13/24 10:00,VAID,1:28,1,5416:19 H,3790 L,failed,Insert failed for log_selection_no VT-VPA/526: No row inserted (conflict or duplicate)
VOID Log,VT-VPA,12-Feb-24,VT-VPA/525,136,,2/12/24 12:15,VAID,2/12/24 13:50,VIDN,1:21,1,5414:51 H,3789 L,failed,Insert failed for log_selection_no VT-VPA/525: No row inserted (conflict or duplicate)
VOID Log,VT-VPA,12-Feb-24,VT-VPA/524,136,,2/12/24 10:20,VIDP,2/12/24 11:55,VAID,1:12,1,5413:30 H,3788 L,failed,Insert failed for log_selection_no VT-VPA/524: No row inserted (conflict or duplicate)
VOID Log,VT-VPA,11-Feb-24,VT-VPA/523,135,,2/11/24 11:55,vohs,2/11/24 14:20,VIDP,1:57,1,5412:18 H,3787 L,failed,Insert failed for log_selection_no VT-VPA/523: No row inserted (conflict or duplicate)
VOID Log,VT-VPA,VOID,VT-VPA/522,134,,VOID,VOID,VOID,VOID,VOID,0,5410:21 H,3786 L,failed,Insert failed for log_selection_no VT-VPA/522: Invalid flight date
VOID Log,VT-VPA,30-Jan-24,VT-VPA/521,133,,1/30/24 12:20,VOCB,1/30/24 13:50,vohs,1:20,1,5410:21 H,3786 L,failed,Insert failed for log_selection_no VT-VPA/521: No row inserted (conflict or duplicate)
VOID Log,VT-VPA,30-Jan-24,VT-VPA/520,133,,1/30/24 11:15,VOCI,1/30/24 12:05,VOCB,0:34,1,5409:01 H,3785 L,failed,"Insert failed for log_selection_no VT-VPA/520: Missing references (aircraft VT-VPA, departure VOCI, arrival VOCB)"
VOID Log,VT-VPA,30-Jan-24,VT-VPA/519,133,,1/30/24 6:40,VAUD,1/30/24 9:10,VOCI,2:16,1,5408:27 H,3784 L,failed,"Insert failed for log_selection_no VT-VPA/519: Missing references (aircraft VT-VPA, departure VAUD, arrival VOCI)"
VOID Log,VT-VPA,30-Jan-24,VT-VPA/518,133,,1/30/24 5:00,VIDP,1/30/24 6:15,VAUD,1:00,1,5406:11 H,3783 L,failed,Insert failed for log_selection_no VT-VPA/518: No row inserted (conflict or duplicate)
VOID Log,VT-VPA,22-Jan-24,VT-VPA/517,132,,1/22/24 0:00,VIDP,1/22/24 0:00,VIDP,0:00,0,5405:11 H,3782 L,failed,Insert failed for log_selection_no VT-VPA/517: No row inserted (conflict or duplicate)
VOID Log,VT-VPA,8-Jan-24,VT-VPA/516,131,,1/8/24 0:00,VIDP,1/8/24 0:00,VIDP,0:00,0,5405:11 H,3782 L,failed,Insert failed for log_selection_no VT-VPA/516: No row inserted (conflict or duplicate)
VOID Log,VT-VPA,5-Jan-24,VT-VPA/515,130,,1/5/24 0:00,VIDP,1/5/24 0:00,VIDP,0:00,0,5405:11 H,3782 L,failed,Insert failed for log_selection_no VT-VPA/515: No row inserted (conflict or duplicate)
VOID Log,VT-VPA,25-Dec-23,VT-VPA/514,129,,12/25/23 7:30,VIDP,12/25/23 8:50,VIDP,0:52,1,5405:11 H,3782 L,failed,Insert failed for log_selection_no VT-VPA/514: No row inserted (conflict or duplicate)
VOID Log,VT-VPA,14-Dec-23,VT-VPA/513,128,,12/14/23 0:00,VIDP,12/14/23 0:00,VIDP,0:00,0,5404:19 H,3781 L,failed,Insert failed for log_selection_no VT-VPA/513: No row inserted (conflict or duplicate)
VOID Log,VT-VPA,2-Dec-23,VT-VPA/512,127,,12/2/23 0:00,VIDP,12/2/23 0:00,VIDP,0:00,0,5404:19 H,3781 L,failed,Insert failed for log_selection_no VT-VPA/512: No row inserted (conflict or duplicate)
VOID Log,VT-VPA,16-Nov-23,VT-VPA/511,126,,11/16/23 0:00,VIDP,11/16/23 0:00,VIDP,0:00,0,5404:19 H,3781 L,failed,Insert failed for log_selection_no VT-VPA/511: No row inserted (conflict or duplicate)
VOID Log,VT-VPA,5-Nov-23,VT-VPA/510,125,,11/5/23 12:05,VABP,11/5/23 13:20,VIDP,1:01,1,5404:19 H,3781 L,failed,Insert failed for log_selection_no VT-VPA/510: No row inserted (conflict or duplicate)
VOID Log,VT-VPA,5-Nov-23,VT-VPA/509,124,,11/5/23 5:00,VIDP,11/5/23 6:10,VABP,0:59,1,5403:18 H,3780 L,failed,Insert failed for log_selection_no VT-VPA/509: No row inserted (conflict or duplicate)
VOID Log,VT-VPA,4-Nov-23,VT-VPA/508,123,,11/4/23 10:55,viar,11/4/23 12:15,VIDP,0:59,1,5402:19 H,3779 L,failed,Insert failed for log_selection_no VT-VPA/508: No row inserted (conflict or duplicate)
VOID Log,VT-VPA,4-Nov-23,VT-VPA/507,122,,11/4/23 3:40,VIDP,11/4/23 4:50,viar,0:46,1,5401:20 H,3778 L,failed,Insert failed for log_selection_no VT-VPA/507: No row inserted (conflict or duplicate)
VOID Log,VT-VPA,2-Nov-23,VT-VPA/506,121,,11/2/23 11:05,VOMM,11/2/23 14:10,VIDP,2:38,1,5400:34 H,3777 L,failed,Insert failed for log_selection_no VT-VPA/506: No row inserted (conflict or duplicate)
VOID Log,VT-VPA,2-Nov-23,VT-VPA/505,120,,11/2/23 0:00,VOMM,11/2/23 0:00,VOMM,0:00,0,5397:56 H,3776 L,failed,Insert failed for log_selection_no VT-VPA/505: No row inserted (conflict or duplicate)
VOID Log,VT-VPA,21-Oct-23,VT-VPA/504,119,,10/21/23 23:59,VOMM,10/21/23 23:59,VOMM,0:00,0,5397:56 H,3776 L,failed,Insert failed for log_selection_no VT-VPA/504: No row inserted (conflict or duplicate)
VOID Log,VT-VPA,10-Oct-23,VT-VPA/503,118,,10/10/23 23:59,VOMM,10/10/23 23:59,VOMM,0:00,0,5397:56 H,3776 L,failed,Insert failed for log_selection_no VT-VPA/503: No row inserted (conflict or duplicate)
VOID Log,VT-VPA,27-Sep-23,VT-VPA/502,117,,9/27/23 12:45,VABP,9/27/23 15:00,VOMM,1:55,1,5397:56 H,3776 L,failed,Insert failed for log_selection_no VT-VPA/502: No row inserted (conflict or duplicate)
VOID Log,VT-VPA,27-Sep-23,VT-VPA/501,117,,9/27/23 7:45,VAID,9/27/23 8:30,VABP,0:28,1,5396:01 H,3775 L,failed,Insert failed for log_selection_no VT-VPA/501: No row inserted (conflict or duplicate)
VOID Log,VT-VPA,27-Sep-23,VT-VPA/500,117,,9/27/23 5:40,VIDP,9/27/23 7:15,VAID,1:11,1,5395:33 H,3774 L,failed,Insert failed for log_selection_no VT-VPA/500: No row inserted (conflict or duplicate)
VOID Log,VT-VPA,19-Sep-23,VT-VPA/499,119,,9/19/23 8:30,VABB,9/19/23 10:55,VIDP,2:01,1,5394:22 H,3773 L,failed,Insert failed for log_selection_no VT-VPA/499: No row inserted (conflict or duplicate)
VOID Log,VT-VPA,17-Sep-23,VT-VPA/498,115,,9/17/23 17:35,vohs,9/17/23 19:05,VABB,1:08,1,5392:21 H,3772 L,failed,Insert failed for log_selection_no VT-VPA/498: No row inserted (conflict or duplicate)
VOID Log,VT-VPA,16-Sep-23,VT-VPA/497,114,,9/16/23 4:25,VABB,9/16/23 5:55,vohs,1:07,1,5391:13 H,3771 L,failed,Insert failed for log_selection_no VT-VPA/497: No row inserted (conflict or duplicate)
VOID Log,VT-VPA,15-Sep-23,VT-VPA/496,113,,9/15/23 5:20,VIJP,9/15/23 7:05,VABB,1:32,1,5390:06 H,3770 L,failed,Insert failed for log_selection_no VT-VPA/496: No row inserted (conflict or duplicate)
VOID Log,VT-VPA,15-Sep-23,VT-VPA/495,113,,9/15/23 0:40,VOMM,9/15/23 3:15,VIJP,2:20,1,5388:34 H,3769 L,failed,Insert failed for log_selection_no VT-VPA/495: No row inserted (conflict or duplicate)
VOID Log,VT-VPA,11-Sep-23,VT-VPA/494,112,,9/11/23 4:30,VEBS,9/11/23 6:25,VOMM,1:32,1,5386:14 H,3768 L,failed,Insert failed for log_selection_no VT-VPA/494: No row inserted (conflict or duplicate)
VOID Log,VT-VPA,10-Sep-23,VT-VPA/493,111,,9/10/23 6:00,VAGD,9/10/23 8:05,VEBS,1:53,1,5384:42 H,3767 L,failed,"Insert failed for log_selection_no VT-VPA/493: Missing references (aircraft VT-VPA, departure VAGD, arrival VEBS)"
VOID Log,VT-VPA,9-Sep-23,VT-VPA/492,110,,9/9/23 10:30,VABB,9/9/23 11:30,VAGD,0:34,1,5382:49 H,3766 L,failed,"Insert failed for log_selection_no VT-VPA/492: Missing references (aircraft VT-VPA, departure VABB, arrival VAGD)"
VOID Log,VT-VPA,8-Sep-23,VT-VPA/491,109,,9/8/23 6:40,VEBS,9/8/23 9:30,VABB,2:36,1,5382:15 H,3765 L,failed,Insert failed for log_selection_no VT-VPA/491: No row inserted (conflict or duplicate)
VOID Log,VT-VPA,5-Sep-23,VT-VPA/490,108,,9/5/23 8:35,VEBN,9/5/23 10:00,VEBS,1:07,1,5379:39 H,3764 L,failed,Insert failed for log_selection_no VT-VPA/490: No row inserted (conflict or duplicate)
VOID Log,VT-VPA,4-Sep-23,VT-VPA/489,107,,9/4/23 8:00,VEBS,9/4/23 9:35,VEBN,1:13,1,5378:32 H,3763 L,failed,Insert failed for log_selection_no VT-VPA/489: No row inserted (conflict or duplicate)
VOID Log,VT-VPA,30-Aug-23,VT-VPA/488,106,,8/30/23 4:25,VIDP,8/30/23 7:00,VEBS,2:05,1,5377:19 H,3762 L,failed,Insert failed for log_selection_no VT-VPA/488: No row inserted (conflict or duplicate)
VOID Log,VT-VPA,25-Aug-23,VT-VPA/487,105,,8/25/23 10:50,VIJP,8/25/23 12:00,VIDP,0:41,1,5375:14 H,3761 L,failed,Insert failed for log_selection_no VT-VPA/487: No row inserted (conflict or duplicate)
VOID Log,VT-VPA,24-Aug-23,VT-VPA/486,104,,8/24/23 13:20,VIDP,8/24/23 14:15,VIJP,0:32,1,5374:33 H,3760 L,failed,Insert failed for log_selection_no VT-VPA/486: No row inserted (conflict or duplicate)
VOID Log,VT-VPA,24-Aug-23,VT-VPA/485,104,,8/24/23 1:30,VOMM,8/24/23 4:30,VIDP,2:33,1,5374:01 H,3759 L,failed,Insert failed for log_selection_no VT-VPA/485: No row inserted (conflict or duplicate)
VOID Log,VT-VPA,23-Aug-23,VT-VPA/484,103,,8/23/23 17:25,VIDP,8/23/23 20:25,VOMM,2:30,1,5371:28 H,3758 L,failed,Insert failed for log_selection_no VT-VPA/484: No row inserted (conflict or duplicate)
VOID Log,VT-VPA,23-Aug-23,VT-VPA/483,103,,8/23/23 7:50,VOMM,8/23/23 10:50,VIDP,2:30,1,5368:58 H,3757 L,failed,Insert failed for log_selection_no VT-VPA/483: No row inserted (conflict or duplicate)
VOID Log,VT-VPA,22-Aug-23,VT-VPA/482,102,,8/22/23 11:40,VABB,8/22/23 14:10,VOMM,1:45,1,5366:28 H,3756 L,failed,Insert failed for log_selection_no VT-VPA/482: No row inserted (conflict or duplicate)
VOID Log,VT-VPA,22-Aug-23,VT-VPA/481,102,,8/22/23 9:05,VOMM,8/22/23 10:55,VABB,1:36,1,5364:43 H,3755 L,failed,Insert failed for log_selection_no VT-VPA/481: No row inserted (conflict or duplicate)
VOID Log,VT-VPA,22-Aug-23,VT-VPA/480,102,,8/22/23 7:10,VOMM,8/22/23 8:10,VOMM,0:38,1,5363:07 H,3754 L,failed,Insert failed for log_selection_no VT-VPA/480: No row inserted (conflict or duplicate)
VOID Log,VT-VPA,11-Aug-23,VT-VPA/479,101,,8/11/23 23:59,VOMM,8/11/23 23:59,VOMM,0:00,0,5362:29 H,3753 L,failed,Insert failed for log_selection_no VT-VPA/479: No row inserted (conflict or duplicate)
VOID Log,VT-VPA,29-Jul-23,VT-VPA/478,100,,7/29/23 9:05,VIDP,7/29/23 12:15,VOMM,2:36,1,5362:29 H,3753 L,failed,Insert failed for log_selection_no VT-VPA/478: No row inserted (conflict or duplicate)
VOID Log,VT-VPA,27-Jul-23,VT-VPA/477,99,,7/27/23 12:50,VABB,7/27/23 15:10,VIDP,1:51,1,5359:53 H,3752 L,failed,Insert failed for log_selection_no VT-VPA/477: No row inserted (conflict or duplicate)
VOID Log,VT-VPA,26-Jul-23,VT-VPA/476,98,,7/26/23 15:45,VIDP,7/26/23 18:10,VABB,2:02,1,5358:02 H,3751 L,failed,Insert failed for log_selection_no VT-VPA/476: No row inserted (conflict or duplicate)
VOID Log,VT-VPA,25-Jul-23,VT-VPA/475,97,,7/25/23 13:40,VOMM,7/25/23 16:50,VIDP,2:43,1,5356:00 H,3750 L,failed,Insert failed for log_selection_no VT-VPA/475: No row inserted (conflict or duplicate)
VOID Log,VT-VPA,21-Jul-23,VT-VPA/474,96,,7/21/23 11:55,VOMM,7/21/23 12:00,VOMM,0:00,0,5353:17 H,3749 L,failed,Insert failed for log_selection_no VT-VPA/474: No row inserted (conflict or duplicate)
VOID Log,VT-VPA,21-Jul-23,VT-VPA/473,96,,7/21/23 10:35,VOBG,7/21/23 11:45,VOMM,0:42,1,5353:17 H,3749 L,failed,Insert failed for log_selection_no VT-VPA/473: No row inserted (conflict or duplicate)
VOID Log,VT-VPA,19-Jul-23,VT-VPA/472,95,,7/19/23 12:50,VABB,7/19/23 14:35,VOBG,1:21,1,5352:35 H,3748 L,failed,Insert failed for log_selection_no VT-VPA/472: No row inserted (conflict or duplicate)
VOID Log,VT-VPA,19-Jul-23,VT-VPA/471,95,,7/19/23 1:35,VOMM,7/19/23 3:50,VABB,1:59,1,5351:14 H,3747 L,failed,Insert failed for log_selection_no VT-VPA/471: No row inserted (conflict or duplicate)
VOID Log,VT-VPA,19-Jul-23,VT-VPA/470,95,,7/19/23 1:10,VOMM,7/19/23 1:25,VOMM,0:00,0,5349:15 H,3746 L,failed,Insert failed for log_selection_no VT-VPA/470: No row inserted (conflict or duplicate)
VOID Log,VT-VPA,14-Jul-23,VT-VPA/469,94,,7/14/23 11:50,VIDP,7/14/23 15:00,VOMM,2:39,1,5349:15 H,3746 L,failed,Insert failed for log_selection_no VT-VPA/469: No row inserted (conflict or duplicate)
VOID Log,VT-VPA,VOID,VT-VPA/468,93,,VOID,VOID,VOID,VOID,VOID,0,5346:36 H,3745 L,failed,Insert failed for log_selection_no VT-VPA/468: Invalid flight date
VOID Log,VT-VPA,13-Jul-23,VT-VPA/467,92,,7/13/23 3:00,VOBG,7/13/23 6:05,VIDP,2:40,1,5346:36 H,3745 L,failed,Insert failed for log_selection_no VT-VPA/467: No row inserted (conflict or duplicate)
VOID Log,VT-VPA,12-Jul-23,VT-VPA/466,91,,7/12/23 3:00,VOMM,7/12/23 3:55,VOBG,0:32,1,5343:56 H,3744 L,failed,Insert failed for log_selection_no VT-VPA/466: No row inserted (conflict or duplicate)
VOID Log,VT-VPA,10-Jul-23,VT-VPA/465,90,,7/10/23 11:35,VIDP,7/10/23 14:50,VOMM,2:46,1,5343:24 H,3743 L,failed,Insert failed for log_selection_no VT-VPA/465: No row inserted (conflict or duplicate)
VOID Log,VT-VPA,10-Jul-23,VT-VPA/464,90,,7/10/23 2:15,VOMM,7/10/23 5:10,VIDP,2:35,1,5340:38 H,3742 L,failed,Insert failed for log_selection_no VT-VPA/464: No row inserted (conflict or duplicate)
VOID Log,VT-VPA,6-Jul-23,VT-VPA/463,89,,7/6/23 10:10,VOBG,7/6/23 11:10,VOMM,0:37,1,5338:03 H,3741 L,failed,Insert failed for log_selection_no VT-VPA/463: No row inserted (conflict or duplicate)
VOID Log,VT-VPA,4-Jul-23,VT-VPA/462,88,,7/4/23 14:30,VOMM,7/4/23 15:35,VOBG,0:35,1,5337:26 H,3740 L,failed,Insert failed for log_selection_no VT-VPA/462: No row inserted (conflict or duplicate)
VOID Log,VT-VPA,2-Jul-23,VT-VPA/461,87,,7/2/23 9:45,VOTP,7/2/23 10:20,VOMM,0:21,1,5336:51 H,3739 L,failed,Insert failed for log_selection_no VT-VPA/461: No row inserted (conflict or duplicate)
VOID Log,VT-VPA,2-Jul-23,VT-VPA/460,87,,7/2/23 1:40,VOMM,7/2/23 2:25,VOTP,0:26,1,5336:30 H,3738 L,failed,Insert failed for log_selection_no VT-VPA/460: No row inserted (conflict or duplicate)
VOID Log,VT-VPA,30-Jun-23,VT-VPA/459,86,,6/30/23 10:35,VIDP,6/30/23 14:00,VOMM,2:50,1,5336:04 H,3737 L,failed,Insert failed for log_selection_no VT-VPA/459: No row inserted (conflict or duplicate)
VOID Log,VT-VPA,30-Jun-23,VT-VPA/458,86,,6/30/23 1:20,VOMM,6/30/23 4:25,VIDP,2:43,1,5333:14 H,3736 L,failed,Insert failed for log_selection_no VT-VPA/458: No row inserted (conflict or duplicate)
VOID Log,VT-VPA,25-Jun-23,VT-VPA/457,85,,6/25/23 3:25,VABB,6/25/23 5:30,VOMM,1:39,1,5330:31 H,3735 L,failed,Insert failed for log_selection_no VT-VPA/457: No row inserted (conflict or duplicate)
VOID Log,VT-VPA,23-Jun-23,VT-VPA/456,84,,6/23/23 1:30,VOMM,6/23/23 3:20,VABB,1:34,1,5328:52 H,3734 L,failed,Insert failed for log_selection_no VT-VPA/456: No row inserted (conflict or duplicate)
VOID Log,VT-VPA,21-Jun-23,VT-VPA/455,83,,6/21/23 3:35,VOBG,6/21/23 4:30,VOMM,0:38,1,5327:18 H,3733 L,failed,Insert failed for log_selection_no VT-VPA/455: No row inserted (conflict or duplicate)
VOID Log,VT-VPA,20-Jun-23,VT-VPA/454,82,,6/20/23 2:50,VOMM,6/20/23 3:45,VOBG,0:40,1,5326:40 H,3732 L,failed,Insert failed for log_selection_no VT-VPA/454: No row inserted (conflict or duplicate)
VOID Log,VT-VPA,19-Jun-23,VT-VPA/453,81,,6/19/23 3:15,VOTP,6/19/23 4:40,VOMM,0:32,1,5326:00 H,3731 L,failed,Insert failed for log_selection_no VT-VPA/453: No row inserted (conflict or duplicate)
VOID Log,VT-VPA,18-Jun-23,VT-VPA/452,80,,6/18/23 12:15,VOMM,6/18/23 13:10,VOTP,0:22,1,5325:28 H,3730 L,failed,Insert failed for log_selection_no VT-VPA/452: No row inserted (conflict or duplicate)
VOID Log,VT-VPA,16-Jun-23,VT-VPA/451,79,,6/16/23 10:30,VOHY,6/16/23 11:50,VOMM,1:00,1,5325:06 H,3729 L,failed,Insert failed for log_selection_no VT-VPA/451: No row inserted (conflict or duplicate)
VOID Log,VT-VPA,16-Jun-23,VT-VPA/450,79,,6/16/23 3:00,VOMM,6/16/23 4:45,VOHY,0:56,1,5324:06 H,3728 L,failed,Insert failed for log_selection_no VT-VPA/450: No row inserted (conflict or duplicate)
VOID Log,VT-VPA,15-Jun-23,VT-VPA/449,78,,6/15/23 5:15,VOMM,6/15/23 5:45,VOMM,0:16,1,5323:10 H,3727 L,failed,Insert failed for log_selection_no VT-VPA/449: No row inserted (conflict or duplicate)
VOID Log,VT-VPA,6-Jun-23,VT-VPA/448,77,,6/6/23 17:20,VOMM,6/6/23 18:15,VOMM,0:40,2,5322:54 H,3726 L,failed,Insert failed for log_selection_no VT-VPA/448: No row inserted (conflict or duplicate)
VOID Log,VT-VPA,6-Jun-23,VT-VPA/447,77,,6/6/23 13:50,VOMM,6/6/23 15:05,VOMM,1:05,2,5322:14 H,3724 L,failed,Insert failed for log_selection_no VT-VPA/447: No row inserted (conflict or duplicate)
VOID Log,VT-VPA,6-Jun-23,VT-VPA/446,77,,6/6/23 12:15,VOMM,6/6/23 13:10,VOMM,0:45,2,5321:09 H,3722 L,failed,Insert failed for log_selection_no VT-VPA/446: No row inserted (conflict or duplicate)
VOID Log,VT-VPA,6-Jun-23,VT-VPA/445,77,,6/6/23 11:05,VOMM,6/6/23 12:10,VOMM,0:55,2,5320:24 H,3720 L,failed,Insert failed for log_selection_no VT-VPA/445: No row inserted (conflict or duplicate)
VOID Log,VT-VPA,5-Jun-23,VT-VPA/444,76,,6/5/23 12:35,VAAH,6/5/23 15:10,VOMM,2:10,1,5319:29 H,3718 L,failed,Insert failed for log_selection_no VT-VPA/444: No row inserted (conflict or duplicate)
VOID Log,VT-VPA,5-Jun-23,VT-VPA/443,76,,6/5/23 9:20,VOMM,6/5/23 11:45,VAAH,2:10,1,5317:19 H,3717 L,failed,Insert failed for log_selection_no VT-VPA/443: No row inserted (conflict or duplicate)
VOID Log,VT-VPA,4-Jun-23,VT-VPA/442,75,,6/4/23 8:45,VOHY,6/4/23 9:50,VOMM,0:55,1,5315:09 H,3716 L,failed,Insert failed for log_selection_no VT-VPA/442: No row inserted (conflict or duplicate)
VOID Log,VT-VPA,4-Jun-23,VT-VPA/441,75,,6/4/23 7:35,VANP,6/4/23 8:40,VOHY,0:55,1,5314:14 H,3715 L,failed,"Insert failed for log_selection_no VT-VPA/441: Missing references (aircraft VT-VPA, departure VANP, arrival VOHY)"
VOID Log,VT-VPA,4-Jun-23,VT-VPA/440,75,,6/4/23 6:05,VOHY,6/4/23 7:05,VANP,0:50,1,5313:19 H,3714 L,failed,"Insert failed for log_selection_no VT-VPA/440: Missing references (aircraft VT-VPA, departure VOHY, arrival VANP)"
VOID Log,VT-VPA,4-Jun-23,VT-VPA/439,75,,6/4/23 4:45,VOMM,6/4/23 6:00,VOHY,0:55,1,5312:29 H,3713 L,failed,Insert failed for log_selection_no VT-VPA/439: No row inserted (conflict or duplicate)
VOID Log,VT-VPA,3-Jun-23,VT-VPA/438,74,,6/3/23 10:20,VOBG,6/3/23 11:05,VOMM,0:35,1,5311:34 H,3712 L,failed,Insert failed for log_selection_no VT-VPA/438: No row inserted (conflict or duplicate)
VOID Log,VT-VPA,3-Jun-23,VT-VPA/437,74,,6/3/23 9:30,VOMM,6/3/23 10:15,VOBG,0:30,1,5310:59 H,3711 L,failed,Insert failed for log_selection_no VT-VPA/437: No row inserted (conflict or duplicate)
VOID Log,VT-VPA,3-Jun-23,VT-VPA/436,74,,6/3/23 8:05,VOMM,6/3/23 8:45,VOMM,0:24,3,5310:29 H,3710 L,failed,Insert failed for log_selection_no VT-VPA/436: No row inserted (conflict or duplicate)
VOID Log,VT-VPA,2-Jun-23,VT-VPA/435,73,,6/2/23 23:59,VOMM,6/2/23 23:59,VOMM,0:00,0,5310:05 H,3707 L,failed,Insert failed for log_selection_no VT-VPA/435: No row inserted (conflict or duplicate)
VOID Log,VT-VPA,1-Jun-23,VT-VPA/434,72,,6/1/23 3:50,VOBG,6/1/23 5:15,VOMM,0:46,1,5310:05 H,3707 L,failed,Insert failed for log_selection_no VT-VPA/434: No row inserted (conflict or duplicate)
VOID Log,VT-VPA,31-May-23,VT-VPA/433,71,,5/31/23 5:10,VOMM,5/31/23 6:15,VOBG,0:32,1,5309:19 H,3706 L,failed,Insert failed for log_selection_no VT-VPA/433: No row inserted (conflict or duplicate)
VOID Log,VT-VPA,29-May-23,VT-VPA/432,70,,5/29/23 11:45,VAAH,5/29/23 14:35,VOMM,2:12,1,5308:47 H,3705 L,failed,Insert failed for log_selection_no VT-VPA/432: No row inserted (conflict or duplicate)
VOID Log,VT-VPA,29-May-23,VT-VPA/431,70,,5/29/23 1:45,VOMM,5/29/23 4:15,VAAH,2:08,1,5306:35 H,3704 L,failed,Insert failed for log_selection_no VT-VPA/431: No row inserted (conflict or duplicate)
VOID Log,VT-VPA,29-May-23,VT-VPA/430,69,,5/29/23 1:30,VOMM,5/29/23 1:40,VOMM,0:00,0,5304:27 H,3703 L,failed,Insert failed for log_selection_no VT-VPA/430: No row inserted (conflict or duplicate)
VOID Log,VT-VPA,27-May-23,VT-VPA/429,68,,5/27/23 11:30,vosm,5/27/23 12:35,VOMM,0:35,1,5304:27 H,3703 L,failed,"Insert failed for log_selection_no VT-VPA/429: Missing references (aircraft VT-VPA, departure vosm, arrival VOMM)"
VOID Log,VT-VPA,27-May-23,VT-VPA/428,68,,5/27/23 4:15,VOMM,5/27/23 5:15,vosm,0:38,1,5303:52 H,3702 L,failed,"Insert failed for log_selection_no VT-VPA/428: Missing references (aircraft VT-VPA, departure VOMM, arrival vosm)"
VOID Log,VT-VPA,27-May-23,VT-VPA/427,68,,5/27/23 1:25,VABB,5/27/23 3:50,VOMM,1:41,1,5303:14 H,3701 L,failed,Insert failed for log_selection_no VT-VPA/427: No row inserted (conflict or duplicate)
VOID Log,VT-VPA,26-May-23,VT-VPA/426,67,,5/26/23 23:59,VABB,5/26/23 23:59,VABB,0:00,0,5301:33 H,3700 L,failed,Insert failed for log_selection_no VT-VPA/426: No row inserted (conflict or duplicate)
VOID Log,VT-VPA,10-May-23,VT-VPA/425,66,,5/10/23 16:55,VIDP,5/10/23 19:00,VABB,1:41,1,5301:33 H,3700 L,failed,Insert failed for log_selection_no VT-VPA/425: No row inserted (conflict or duplicate)
VOID Log,VT-VPA,9-May-23,VT-VPA/424,65,,5/9/23 4:10,VICG,5/9/23 5:20,VIDP,0:46,1,5299:52 H,3699 L,failed,"Insert failed for log_selection_no VT-VPA/424: Missing references (aircraft VT-VPA, departure VICG, arrival VIDP)"
VOID Log,VT-VPA,8-May-23,VT-VPA/423,64,,5/8/23 11:55,VIDP,5/8/23 13:10,VICG,0:55,1,5299:06 H,3698 L,failed,"Insert failed for log_selection_no VT-VPA/423: Missing references (aircraft VT-VPA, departure VIDP, arrival VICG)"
VOID Log,VT-VPA,8-May-23,VT-VPA/422,64,,5/8/23 1:30,VOMM,5/8/23 4:25,VIDP,2:37,1,5298:11 H,3697 L,failed,Insert failed for log_selection_no VT-VPA/422: No row inserted (conflict or duplicate)
VOID Log,VT-VPA,7-May-23,VT-VPA/421,63,,5/7/23 6:50,VOBG,5/7/23 7:40,VOMM,0:38,1,5295:34 H,3696 L,failed,Insert failed for log_selection_no VT-VPA/421: No row inserted (conflict or duplicate)
VOID Log,VT-VPA,7-May-23,VT-VPA/420,63,,5/7/23 5:55,VOMM,5/7/23 6:45,VOBG,0:34,1,5294:56 H,3695 L,failed,Insert failed for log_selection_no VT-VPA/420: No row inserted (conflict or duplicate)
VOID Log,VT-VPA,7-May-23,VT-VPA/419,62,,5/7/23 4:40,VOMM,5/7/23 4:50,VOMM,0:00,0,5294:22 H,3694 L,failed,Insert failed for log_selection_no VT-VPA/419: No row inserted (conflict or duplicate)
VOID Log,VT-VPA,28-Mar-23,VT-VPA/418,61,,3/28/23 5:55,VOBG,3/28/23 6:55,VOMM,0:36,1,5294:22 H,3694 L,failed,Insert failed for log_selection_no VT-VPA/418: No row inserted (conflict or duplicate)
VOID Log,VT-VPA,27-Mar-23,VT-VPA/417,60,,3/27/23 9:10,VAID,3/27/23 11:10,VOBG,1:42,1,5293:46 H,3693 L,failed,Insert failed for log_selection_no VT-VPA/417: No row inserted (conflict or duplicate)
VOID Log,VT-VPA,25-Mar-23,VT-VPA/416,59,,3/25/23 5:20,VAJB,3/25/23 6:30,VAID,0:53,1,5292:04 H,3692 L,failed,"Insert failed for log_selection_no VT-VPA/416: Missing references (aircraft VT-VPA, departure VAJB, arrival VAID)"
VOID Log,VT-VPA,23-Mar-23,VT-VPA/415,28,,3/23/23 12:00,VOBG,3/23/23 14:05,VAJB,1:42,1,5291:11 H,3691 L,failed,"Insert failed for log_selection_no VT-VPA/415: Missing references (aircraft VT-VPA, departure VOBG, arrival VAJB)"
VOID Log,VT-VPA,23-Mar-23,VT-VPA/414,58,,3/23/23 9:45,VOMM,3/23/23 10:40,VOBG,0:35,1,5289:29 H,3690 L,failed,Insert failed for log_selection_no VT-VPA/414: No row inserted (conflict or duplicate)
VOID Log,VT-VPA,13-Mar-23,VT-VPA/413,57,,3/13/23 9:55,VOTP,3/13/23 10:40,VOMM,0:19,1,5288:54 H,3689 L,failed,Insert failed for log_selection_no VT-VPA/413: No row inserted (conflict or duplicate)
VOID Log,VT-VPA,12-Mar-23,VT-VPA/412,56,,3/12/23 13:00,VOMM,3/12/23 14:15,VOTP,0:29,1,5288:35 H,3688 L,failed,Insert failed for log_selection_no VT-VPA/412: No row inserted (conflict or duplicate)
VOID Log,VT-VPA,9-Mar-23,VT-VPA/411,55,,3/9/23 3:30,VAAH,3/9/23 6:20,VOMM,2:14,1,5288:06 H,3687 L,failed,Insert failed for log_selection_no VT-VPA/411: No row inserted (conflict or duplicate)
VOID Log,VT-VPA,6-Mar-23,VT-VPA/410,54,,3/6/23 2:55,VOMM,3/6/23 5:30,VAAH,2:02,1,5285:52 H,3686 L,failed,Insert failed for log_selection_no VT-VPA/410: No row inserted (conflict or duplicate)
VOID Log,VT-VPA,5-Mar-23,VT-VPA/409,53,,3/5/23 9:25,VAAH,3/5/23 12:00,VOMM,2:15,1,5283:50 H,3685 L,failed,Insert failed for log_selection_no VT-VPA/409: No row inserted (conflict or duplicate)
VOID Log,VT-VPA,5-Mar-23,VT-VPA/408,53,,3/5/23 6:30,VOMM,3/5/23 9:05,VAAH,2:08,1,5281:35 H,3684 L,failed,Insert failed for log_selection_no VT-VPA/408: No row inserted (conflict or duplicate)
VOID Log,VT-VPA,5-Mar-23,VT-VPA/407,52,,3/5/23 3:55,VABB,3/5/23 5:55,VOMM,1:37,1,5279:27 H,3683 L,failed,Insert failed for log_selection_no VT-VPA/407: No row inserted (conflict or duplicate)
VOID Log,VT-VPA,3-Mar-23,VT-VPA/406,51,,3/3/23 2:55,VOMM,3/3/23 5:00,VABB,1:35,1,5277:50 H,3682 L,failed,Insert failed for log_selection_no VT-VPA/406: No row inserted (conflict or duplicate)
VOID Log,VT-VPA,1-Mar-23,VT-VPA/405,50,,3/1/23 11:25,VABB,3/1/23 13:20,VOMM,1:32,1,5276:15 H,3681 L,failed,Insert failed for log_selection_no VT-VPA/405: No row inserted (conflict or duplicate)
VOID Log,VT-VPA,28-Feb-23,VT-VPA/404,49,,2/28/23 3:55,VOMM,2/28/23 6:00,VABB,1:43,1,5274:43 H,3680 L,failed,Insert failed for log_selection_no VT-VPA/404: No row inserted (conflict or duplicate)
VOID Log,VT-VPA,26-Feb-23,VT-VPA/403,48,,2/26/23 8:20,VIJP,2/26/23 10:55,VOMM,2:12,1,5273:00 H,3679 L,failed,Insert failed for log_selection_no VT-VPA/403: No row inserted (conflict or duplicate)
VOID Log,VT-VPA,25-Feb-23,VT-VPA/402,47,,2/25/23 1:40,VOMM,2/25/23 4:30,VIJP,2:21,1,5270:48 H,3678 L,failed,Insert failed for log_selection_no VT-VPA/402: No row inserted (conflict or duplicate)
VOID Log,VT-VPA,18-Feb-23,VT-VPA/401,46,,2/18/23 10:30,VAAH,2/18/23 13:00,VOMM,2:01,1,5268:27 H,3677 L,failed,Insert failed for log_selection_no VT-VPA/401: No row inserted (conflict or duplicate)
VOID Log,VT-VPA,18-Feb-23,VT-VPA/400,46,,2/18/23 7:15,VOMM,2/18/23 9:40,VAAH,2:05,1,5266:26 H,3676 L,failed,Insert failed for log_selection_no VT-VPA/400: No row inserted (conflict or duplicate)
VOID Log,VT-VPA,18-Feb-23,VT-VPA/399,45,,2/18/23 4:10,VAAH,2/18/23 6:40,VOMM,2:07,1,5264:21 H,3675 L,failed,Insert failed for log_selection_no VT-VPA/399: No row inserted (conflict or duplicate)
VOID Log,VT-VPA,16-Feb-23,VT-VPA/398,44,,2/16/23 4:35,VAUD,2/16/23 5:20,VAAH,0:26,1,5262:14 H,3674 L,failed,Insert failed for log_selection_no VT-VPA/398: No row inserted (conflict or duplicate)
VOID Log,VT-VPA,15-Feb-23,VT-VPA/397,43,,2/15/23 10:35,VAAH,2/15/23 11:30,VAUD,0:39,1,5261:48 H,3673 L,failed,Insert failed for log_selection_no VT-VPA/397: No row inserted (conflict or duplicate)
VOID Log,VT-VPA,15-Feb-23,VT-VPA/396,43,,2/15/23 7:20,VOMM,2/15/23 10:15,VAAH,2:23,1,5261:09 H,3672 L,failed,Insert failed for log_selection_no VT-VPA/396: No row inserted (conflict or duplicate)
VOID Log,VT-VPA,11-Feb-23,VT-VPA/395,42,,2/11/23 7:05,VIUT,2/11/23 10:10,VOMM,2:45,1,5258:46 H,3671 L,failed,"Insert failed for log_selection_no VT-VPA/395: Missing references (aircraft VT-VPA, departure VIUT, arrival VOMM)"
VOID Log,VT-VPA,11-Feb-23,VT-VPA/394,42,,2/11/23 3:00,VOMM,2/11/23 6:05,VIUT,2:38,1,5256:01 H,3670 L,failed,"Insert failed for log_selection_no VT-VPA/394: Missing references (aircraft VT-VPA, departure VOMM, arrival VIUT)"
VOID Log,VT-VPA,2-Feb-23,VT-VPA/393,41,,2/2/23 14:15,vohs,2/2/23 15:30,VOMM,0:54,1,5253:23 H,3669 L,failed,Insert failed for log_selection_no VT-VPA/393: No row inserted (conflict or duplicate)
VOID Log,VT-VPA,2-Feb-23,VT-VPA/392,41,,2/2/23 12:20,VOHY,2/2/23 12:50,vohs,0:16,1,5252:29 H,3668 L,failed,Insert failed for log_selection_no VT-VPA/392: No row inserted (conflict or duplicate)
VOID Log,VT-VPA,2-Feb-23,VT-VPA/391,41,,2/2/23 8:45,VIDN,2/2/23 11:00,VOHY,2:02,1,5252:13 H,3667 L,failed,Insert failed for log_selection_no VT-VPA/391: No row inserted (conflict or duplicate)
VOID Log,VT-VPA,2-Feb-23,VT-VPA/390,41,,2/2/23 4:35,VOMM,2/2/23 8:00,VIDN,2:59,1,5250:11 H,3666 L,failed,Insert failed for log_selection_no VT-VPA/390: No row inserted (conflict or duplicate)
VOID Log,VT-VPA,1-Feb-23,VT-VPA/389,40,,2/1/23 11:40,VABB,2/1/23 13:45,VOMM,1:31,1,5247:12 H,3665 L,failed,Insert failed for log_selection_no VT-VPA/389: No row inserted (conflict or duplicate)
VOID Log,VT-VPA,1-Feb-23,VT-VPA/388,40,,2/1/23 1:20,VOMM,2/1/23 3:40,VABB,1:53,1,5245:41 H,3664 L,failed,Insert failed for log_selection_no VT-VPA/388: No row inserted (conflict or duplicate)
VOID Log,VT-VPA,31-Jan-23,VT-VPA/387,39,,1/31/23 8:50,VOBG,1/31/23 10:30,VOMM,1:12,1,5243:48 H,3663 L,failed,Insert failed for log_selection_no VT-VPA/387: No row inserted (conflict or duplicate)
VOID Log,VT-VPA,31-Jan-23,VT-VPA/386,39,,1/31/23 2:05,VOMM,1/31/23 3:00,VOBG,0:32,1,5242:36 H,3662 L,failed,Insert failed for log_selection_no VT-VPA/386: No row inserted (conflict or duplicate)
VOID Log,VT-VPA,26-Jan-23,VT-VPA/385,38,,1/26/23 15:25,VAPO,1/26/23 17:25,VOMM,1:34,1,5242:04 H,3661 L,failed,Insert failed for log_selection_no VT-VPA/385: No row inserted (conflict or duplicate)
VOID Log,VT-VPA,26-Jan-23,VT-VPA/384,38,,1/26/23 1:55,VOBG,1/26/23 3:25,VAPO,1:08,1,5240:30 H,3660 L,failed,Insert failed for log_selection_no VT-VPA/384: No row inserted (conflict or duplicate)
VOID Log,VT-VPA,25-Jan-23,VT-VPA/383,37,,1/25/23 2:10,VOMM,1/25/23 3:20,VOBG,0:41,1,5239:22 H,3659 L,failed,Insert failed for log_selection_no VT-VPA/383: No row inserted (conflict or duplicate)
VOID Log,VT-VPA,23-Jan-23,VT-VPA/382,36,,1/23/23 11:20,VECC,1/23/23 13:55,VOMM,2:06,1,5238:41 H,3658 L,failed,Insert failed for log_selection_no VT-VPA/382: No row inserted (conflict or duplicate)
VOID Log,VT-VPA,23-Jan-23,VT-VPA/381,36,,1/23/23 2:25,VOMM,1/23/23 4:50,VECC,1:50,1,5236:35 H,3657 L,failed,Insert failed for log_selection_no VT-VPA/381: No row inserted (conflict or duplicate)
VOID Log,VT-VPA,21-Jan-23,VT-VPA/380,35,,1/21/23 6:00,VOMM,1/21/23 7:10,VOMM,0:48,1,5234:45 H,3656 L,failed,Insert failed for log_selection_no VT-VPA/380: No row inserted (conflict or duplicate)
VOID Log,VT-VPA,16-Jan-23,VT-VPA/379,34,,1/16/23 4:05,VOMM,1/16/23 5:30,VOMM,1:02,1,5233:57 H,3655 L,failed,Insert failed for log_selection_no VT-VPA/379: No row inserted (conflict or duplicate)
VOID Log,VT-VPA,14-Jan-23,VT-VPA/378,33,,1/14/23 10:45,VOMM,1/14/23 11:00,VOMM,0:00,0,5232:55 H,3654 L,failed,Insert failed for log_selection_no VT-VPA/378: No row inserted (conflict or duplicate)
VOID Log,VT-VPA,2-Jan-23,VT-VPA/377,32,,1/2/23 7:25,VAUD,1/2/23 9:55,VOMM,2:01,1,5232:55 H,3654 L,failed,Insert failed for log_selection_no VT-VPA/377: No row inserted (conflict or duplicate)
VOID Log,VT-VPA,2-Jan-23,VT-VPA/376,23,,1/2/23 6:15,VAAH,1/2/23 7:00,VAUD,0:30,1,5230:54 H,3653 L,failed,Insert failed for log_selection_no VT-VPA/376: No row inserted (conflict or duplicate)
VOID Log,VT-VPA,1-Jan-23,VT-VPA/375,31,,1/1/23 6:20,VAUD,1/1/23 7:20,VAAH,0:32,1,5230:24 H,3652 L,failed,Insert failed for log_selection_no VT-VPA/375: No row inserted (conflict or duplicate)
VOID Log,VT-VPA,30-Dec-22,VT-VPA/374,30,,12/30/22 2:25,VOMM,12/30/22 5:10,VAUD,2:19,1,5229:52 H,3651 L,failed,Insert failed for log_selection_no VT-VPA/374: No row inserted (conflict or duplicate)
VOID Log,VT-VPA,27-Dec-22,VT-VPA/373,29,,12/27/22 13:00,VOMM,12/27/22 13:15,VOMM,0:00,0,5227:33 H,3650 L,failed,Insert failed for log_selection_no VT-VPA/373: No row inserted (conflict or duplicate)
VOID Log,VT-VPA,VOID,VT-VPA/372,28,,VOID,VOID,VOID,VOID,VOID,0,5227:33 H,3650 L,failed,Insert failed for log_selection_no VT-VPA/372: Invalid flight date
VOID Log,VT-VPA,15-Dec-22,VT-VPA/371,27,,12/15/22 9:05,vocp,12/15/22 10:00,VOMM,0:33,1,5227:33 H,3650 L,failed,"Insert failed for log_selection_no VT-VPA/371: Missing references (aircraft VT-VPA, departure vocp, arrival VOMM)"
VOID Log,VT-VPA,15-Dec-22,VT-VPA/370,27,,12/15/22 6:00,VOMM,12/15/22 7:00,vocp,0:30,1,5227:00 H,3649 L,failed,"Insert failed for log_selection_no VT-VPA/370: Missing references (aircraft VT-VPA, departure VOMM, arrival vocp)"
VOID Log,VT-VPA,12-Dec-22,VT-VPA/369,26,,12/12/22 10:45,VECC,12/12/22 13:15,VOMM,2:02,1,5226:30 H,3648 L,failed,Insert failed for log_selection_no VT-VPA/369: No row inserted (conflict or duplicate)
VOID Log,VT-VPA,12-Dec-22,VT-VPA/368,26,,12/12/22 0:50,VOMM,12/12/22 3:10,VECC,1:54,1,5224:28 H,3647 L,failed,Insert failed for log_selection_no VT-VPA/368: No row inserted (conflict or duplicate)
VOID Log,VT-VPA,10-Dec-22,VT-VPA/367,25,,12/10/22 10:40,VOHY,12/10/22 12:00,VOMM,0:57,1,5222:34 H,3646 L,failed,Insert failed for log_selection_no VT-VPA/367: No row inserted (conflict or duplicate)
VOID Log,VT-VPA,10-Dec-22,VT-VPA/366,25,,12/10/22 9:05,VOMM,12/10/22 10:15,VOHY,0:52,1,5221:37 H,3645 L,failed,Insert failed for log_selection_no VT-VPA/366: No row inserted (conflict or duplicate)
VOID Log,VT-VPA,8-Dec-22,VT-VPA/365,24,,12/8/22 12:35,VOMM,12/8/22 12:45,VOMM,0:00,0,5220:45 H,3644 L,failed,Insert failed for log_selection_no VT-VPA/365: No row inserted (conflict or duplicate)
VOID Log,VT-VPA,3-Dec-22,VT-VPA/364,23,,12/3/22 13:10,VOMD,12/3/22 14:10,VOMM,0:45,1,5220:45 H,3644 L,failed,"Insert failed for log_selection_no VT-VPA/364: Missing references (aircraft VT-VPA, departure VOMD, arrival VOMM)"
VOID Log,VT-VPA,3-Dec-22,VT-VPA/363,23,,12/3/22 12:10,VOCB,12/3/22 12:55,VOMD,0:28,1,5220:00 H,3643 L,failed,"Insert failed for log_selection_no VT-VPA/363: Missing references (aircraft VT-VPA, departure VOCB, arrival VOMD)"
VOID Log,VT-VPA,3-Dec-22,VT-VPA/362,23,,12/3/22 10:30,VOMM,12/3/22 11:40,VOCB,0:51,1,5219:32 H,3642 L,failed,Insert failed for log_selection_no VT-VPA/362: No row inserted (conflict or duplicate)
VOID Log,VT-VPA,2-Dec-22,VT-VPA/361,22,,12/2/22 5:25,VABB,12/2/22 7:25,VOMM,1:35,1,5218:41 H,3641 L,failed,Insert failed for log_selection_no VT-VPA/361: No row inserted (conflict or duplicate)
VOID Log,VT-VPA,2-Dec-22,VT-VPA/360,22,,12/2/22 3:50,vabv,12/2/22 5:00,VABB,0:52,1,5217:06 H,3640 L,failed,"Insert failed for log_selection_no VT-VPA/360: Missing references (aircraft VT-VPA, departure vabv, arrival VABB)"
VOID Log,VT-VPA,2-Dec-22,VT-VPA/359,22,,12/2/22 1:20,VOMM,12/2/22 3:35,vabv,1:57,1,5216:14 H,3639 L,failed,"Insert failed for log_selection_no VT-VPA/359: Missing references (aircraft VT-VPA, departure VOMM, arrival vabv)"
VOID Log,VT-VPA,25-Nov-22,VT-VPA/358,21,,11/25/22 12:20,VIDP,11/25/22 15:15,VOMM,2:25,1,5214:17 H,3638 L,failed,Insert failed for log_selection_no VT-VPA/358: No row inserted (conflict or duplicate)
VOID Log,VT-VPA,25-Nov-22,VT-VPA/357,21,,11/25/22 2:40,VOMM,11/25/22 5:40,VIDP,2:28,1,5211:52 H,3637 L,failed,Insert failed for log_selection_no VT-VPA/357: No row inserted (conflict or duplicate)
VOID Log,VT-VPA,24-Nov-22,VT-VPA/356,20,,11/24/22 9:30,VECC,11/24/22 12:00,VOMM,2:06,1,5209:24 H,3636 L,failed,Insert failed for log_selection_no VT-VPA/356: No row inserted (conflict or duplicate)
VOID Log,VT-VPA,24-Nov-22,VT-VPA/355,20,,11/24/22 1:15,VOMM,11/24/22 3:35,VECC,1:58,1,5207:18 H,3635 L,failed,Insert failed for log_selection_no VT-VPA/355: No row inserted (conflict or duplicate)
VOID Log,VT-VPA,22-Nov-22,VT-VPA/354,19,,11/22/22 8:15,VIJO,11/22/22 11:00,VOMM,2:19,1,5205:20 H,3634 L,failed,"Insert failed for log_selection_no VT-VPA/354: Missing references (aircraft VT-VPA, departure VIJO, arrival VOMM)"
VOID Log,VT-VPA,22-Nov-22,VT-VPA/353,19,,11/22/22 1:35,VOMM,11/22/22 4:35,VIJO,2:32,1,5203:01 H,3633 L,failed,"Insert failed for log_selection_no VT-VPA/353: Missing references (aircraft VT-VPA, departure VOMM, arrival VIJO)"
VOID Log,VT-VPA,12-Nov-22,VT-VPA/352,18,,11/12/22 20:25,VABB,11/12/22 22:35,VOMM,1:37,1,5200:29 H,3632 L,failed,Insert failed for log_selection_no VT-VPA/352: No row inserted (conflict or duplicate)
VOID Log,VT-VPA,12-Nov-22,VT-VPA/351,18,,11/12/22 17:50,VIDP,11/12/22 19:50,VABB,1:43,1,5198:52 H,3631 L,failed,Insert failed for log_selection_no VT-VPA/351: No row inserted (conflict or duplicate)
VOID Log,VT-VPA,11-Nov-22,VT-VPA/350,17,,11/11/22 11:35,VOBG,11/11/22 14:35,VIDP,2:32,1,5197:09 H,3630 L,failed,Insert failed for log_selection_no VT-VPA/350: No row inserted (conflict or duplicate)
VOID Log,VT-VPA,10-Nov-22,VT-VPA/349,16,,11/10/22 13:00,VABB,11/10/22 14:45,VOBG,1:17,1,5194:37 H,3629 L,failed,Insert failed for log_selection_no VT-VPA/349: No row inserted (conflict or duplicate)
VOID Log,VT-VPA,10-Nov-22,VT-VPA/348,16,,11/10/22 2:20,VOMM,11/10/22 4:25,VABB,1:36,1,5193:20 H,3628 L,failed,Insert failed for log_selection_no VT-VPA/348: No row inserted (conflict or duplicate)
VOID Log,VT-VPA,9-Aug-21,VT-VPA/156,88,,8/9/21 8:25,VOMM,8/9/21 9:40,VOHY,0:53,1,4933:00 H,3450 L,failed,Insert failed for log_selection_no VT-VPA/156: No row inserted (conflict or duplicate)
VOID Log,VT-VPA,7-Nov-22,VT-VPA/347,15,,11/7/22 11:25,VIDP,11/7/22 14:20,VOMM,2:35,1,5191:44 H,3627 L,failed,Insert failed for log_selection_no VT-VPA/347: No row inserted (conflict or duplicate)
VOID Log,VT-VPA,7-Nov-22,VT-VPA/346,15,,11/7/22 8:00,VOMM,11/7/22 11:00,VIDP,2:31,1,5189:09 H,3626 L,failed,Insert failed for log_selection_no VT-VPA/346: No row inserted (conflict or duplicate)
VOID Log,VT-VPA,6-Nov-22,VT-VPA/345,14,,11/6/22 14:20,VAAH,11/6/22 17:10,VOMM,2:21,1,5186:38 H,3625 L,failed,Insert failed for log_selection_no VT-VPA/345: No row inserted (conflict or duplicate)
VOID Log,VT-VPA,5-Nov-22,VT-VPA/344,13,,11/5/22 6:45,VABB,11/5/22 7:45,VAAH,0:50,1,5184:17 H,3624 L,failed,Insert failed for log_selection_no VT-VPA/344: No row inserted (conflict or duplicate)
VOID Log,VT-VPA,5-Nov-22,VT-VPA/343,13,,11/5/22 3:50,VOMM,11/5/22 5:50,VABB,1:34,1,5183:27 H,3623 L,failed,Insert failed for log_selection_no VT-VPA/343: No row inserted (conflict or duplicate)
VOID Log,VT-VPA,28-Oct-22,VT-VPA/342,12,,10/28/22 6:20,VIDP,10/28/22 9:15,VOMM,2:28,1,5181:53 H,3622 L,failed,Insert failed for log_selection_no VT-VPA/342: No row inserted (conflict or duplicate)
VOID Log,VT-VPA,28-Oct-22,VT-VPA/341,12,,10/28/22 1:20,VOMM,10/28/22 4:20,VIDP,2:29,1,5179:25 H,3621 L,failed,Insert failed for log_selection_no VT-VPA/341: No row inserted (conflict or duplicate)
VOID Log,VT-VPA,27-Oct-22,VT-VPA/340,11,,10/27/22 11:30,VOMM,10/27/22 11:45,VOMM,0:00,0,5176:56 H,3620 L,failed,Insert failed for log_selection_no VT-VPA/340: No row inserted (conflict or duplicate)
VOID Log,VT-VPA,12-Oct-22,VT-VPA/339,10,,10/12/22 7:40,VIAG,10/12/22 10:45,VOMM,2:32,1,5176:56 H,3620 L,failed,"Insert failed for log_selection_no VT-VPA/339: Missing references (aircraft VT-VPA, departure VIAG, arrival VOMM)"
VOID Log,VT-VPA,12-Oct-22,VT-VPA/338,10,,10/12/22 4:40,VIDP,10/12/22 5:40,VIAG,0:33,1,5174:24 H,3619 L,failed,"Insert failed for log_selection_no VT-VPA/338: Missing references (aircraft VT-VPA, departure VIDP, arrival VIAG)"
VOID Log,VT-VPA,12-Oct-22,VT-VPA/337,10,,10/12/22 0:20,VOMM,10/12/22 3:25,VIDP,2:27,1,5173:51 H,3618 L,failed,Insert failed for log_selection_no VT-VPA/337: No row inserted (conflict or duplicate)
VOID Log,VT-VPA,6-Oct-22,VT-VPA/336,9,,10/6/22 15:05,VABB,10/6/22 17:10,VOMM,1:35,1,5171:24 H,3617 L,failed,Insert failed for log_selection_no VT-VPA/336: No row inserted (conflict or duplicate)
VOID Log,VT-VPA,6-Oct-22,VT-VPA/335,9,,10/6/22 3:25,VOMM,10/6/22 5:15,VABB,1:28,1,5169:49 H,3616 L,failed,Insert failed for log_selection_no VT-VPA/335: No row inserted (conflict or duplicate)
VOID Log,VT-VPA,16-Sep-22,VT-VPA/334,8,,9/16/22 16:00,VOMM,9/16/22 16:15,VOMM,0:00,0,5168:21 H,3615 L,failed,Insert failed for log_selection_no VT-VPA/334: No row inserted (conflict or duplicate)
VOID Log,VT-VPA,2-Sep-22,VT-VPA/333,7,,9/2/22 8:05,vohs,9/2/22 9:20,VOMM,0:55,1,5168:21 H,3615 L,failed,Insert failed for log_selection_no VT-VPA/333: No row inserted (conflict or duplicate)
VOID Log,VT-VPA,2-Sep-22,VT-VPA/332,7,,9/2/22 6:00,VOMM,9/2/22 7:15,vohs,0:56,1,5167:26 H,3614 L,failed,Insert failed for log_selection_no VT-VPA/332: No row inserted (conflict or duplicate)
VOID Log,VT-VPA,29-Aug-22,VT-VPA/331,6,,8/29/22 10:45,VOBL,8/29/22 11:55,VOMM,0:45,1,5166:30 H,3613 L,failed,Insert failed for log_selection_no VT-VPA/331: No row inserted (conflict or duplicate)
VOID Log,VT-VPA,23-Aug-22,VT-VPA/329,4,,8/23/22 11:30,VOMM,8/23/22 12:20,VOBL,0:33,1,5165:45 H,3612 L,failed,Insert failed for log_selection_no VT-VPA/329: No row inserted (conflict or duplicate)
VOID Log,VT-VPA,7-Aug-22,VT-VPA/328,3,,8/7/22 23:59,VOMM,8/7/22 23:59,VOMM,0:00,0,5165:12 H,3611 L,failed,Insert failed for log_selection_no VT-VPA/328: No row inserted (conflict or duplicate)
VOID Log,VT-VPA,27-Jul-22,VT-VPA/327,2,,7/27/22 15:30,VOMM,7/27/22 15:50,VOMM,0:00,0,5165:12 H,3611 L,failed,Insert failed for log_selection_no VT-VPA/327: No row inserted (conflict or duplicate)
VOID Log,VT-VPA,13-Jul-22,VT-VPA/326,1,,7/13/22 5:30,VOMM,7/13/22 5:45,VOMM,0:00,0,5165:12 H,3611 L,failed,Insert failed for log_selection_no VT-VPA/326: No row inserted (conflict or duplicate)
VOID Log,VT-VPA,30-Jun-22,VT-VPA/325,190,,6/30/22 14:35,VABB,6/30/22 16:55,VOMM,1:41,1,5165:12 H,3611 L,failed,Insert failed for log_selection_no VT-VPA/325: No row inserted (conflict or duplicate)
VOID Log,VT-VPA,30-Jun-22,VT-VPA/324,190,,6/30/22 11:25,VOCB,6/30/22 13:20,VABB,1:36,1,5163:31 H,3610 L,failed,Insert failed for log_selection_no VT-VPA/324: No row inserted (conflict or duplicate)
VOID Log,VT-VPA,30-Jun-22,VT-VPA/323,190,,6/30/22 7:40,VICG,6/30/22 11:10,VOCB,3:06,1,5161:55 H,3609 L,failed,"Insert failed for log_selection_no VT-VPA/323: Missing references (aircraft VT-VPA, departure VICG, arrival VOCB)"
VOID Log,VT-VPA,28-Jun-22,VT-VPA/322,189,,6/28/22 1:50,VOMM,6/28/22 5:00,VICG,2:45,1,5158:49 H,3608 L,failed,"Insert failed for log_selection_no VT-VPA/322: Missing references (aircraft VT-VPA, departure VOMM, arrival VICG)"
VOID Log,VT-VPA,26-Jun-22,VT-VPA/321,188,,6/26/22 10:10,VIDP,6/26/22 13:10,VOMM,2:30,1,5156:04 H,3607 L,failed,Insert failed for log_selection_no VT-VPA/321: No row inserted (conflict or duplicate)
VOID Log,VT-VPA,26-Jun-22,VT-VPA/320,188,,6/26/22 1:20,VOMM,6/26/22 4:30,VIDP,2:47,1,5153:34 H,3606 L,failed,Insert failed for log_selection_no VT-VPA/320: No row inserted (conflict or duplicate)
VOID Log,VT-VPA,22-Jun-22,VT-VPA/319,187,,6/22/22 15:50,HAL Airport,6/22/22 17:05,VOMM,0:37,1,5150:47 H,3605 L,failed,"Insert failed for log_selection_no VT-VPA/319: Missing references (aircraft VT-VPA, departure HAL Airport, arrival VOMM)"
VOID Log,VT-VPA,22-Jun-22,VT-VPA/318,187,,6/22/22 11:50,VOMM,6/22/22 12:50,HAL Airport,0:30,1,5150:10 H,3604 L,failed,"Insert failed for log_selection_no VT-VPA/318: Missing references (aircraft VT-VPA, departure VOMM, arrival HAL Airport)"
VOID Log,VT-VPA,20-Jun-22,VT-VPA/317,186,,6/20/22 12:05,vosm,6/20/22 13:00,VOMM,0:32,1,5149:40 H,3603 L,failed,"Insert failed for log_selection_no VT-VPA/317: Missing references (aircraft VT-VPA, departure vosm, arrival VOMM)"
VOID Log,VT-VPA,20-Jun-22,VT-VPA/316,186,,6/20/22 10:40,VOHY,6/20/22 11:55,vosm,1:02,1,5149:08 H,3602 L,failed,"Insert failed for log_selection_no VT-VPA/316: Missing references (aircraft VT-VPA, departure VOHY, arrival vosm)"
VOID Log,VT-VPA,20-Jun-22,VT-VPA/315,186,,6/20/22 1:15,VOMM,6/20/22 2:30,VOHY,0:53,1,5148:06 H,3601 L,failed,Insert failed for log_selection_no VT-VPA/315: No row inserted (conflict or duplicate)
VOID Log,VT-VPA,18-Jun-22,VT-VPA/314,185,,6/18/22 11:55,vosm,6/18/22 12:55,VOMM,0:41,1,5147:13 H,3600 L,failed,"Insert failed for log_selection_no VT-VPA/314: Missing references (aircraft VT-VPA, departure vosm, arrival VOMM)"
VOID Log,VT-VPA,18-Jun-22,VT-VPA/313,185,,6/18/22 10:40,VOMM,6/18/22 11:40,vosm,0:35,1,5146:32 H,3599 L,failed,"Insert failed for log_selection_no VT-VPA/313: Missing references (aircraft VT-VPA, departure VOMM, arrival vosm)"
VOID Log,VT-VPA,17-Jun-22,VT-VPA/312,184,,6/17/22 10:55,vosm,6/17/22 12:05,VOMM,0:46,1,5145:57 H,3598 L,failed,"Insert failed for log_selection_no VT-VPA/312: Missing references (aircraft VT-VPA, departure vosm, arrival VOMM)"
VOID Log,VT-VPA,17-Jun-22,VT-VPA/311,184,,6/17/22 8:40,VOMM,6/17/22 9:40,vosm,0:40,1,5145:11 H,3597 L,failed,"Insert failed for log_selection_no VT-VPA/311: Missing references (aircraft VT-VPA, departure VOMM, arrival vosm)"
VOID Log,VT-VPA,13-Jun-22,VT-VPA/310,183,,6/13/22 14:15,VIDP,6/13/22 17:15,VOMM,2:35,1,5144:31 H,3596 L,failed,Insert failed for log_selection_no VT-VPA/310: No row inserted (conflict or duplicate)
VOID Log,VT-VPA,13-Jun-22,VT-VPA/309,183,,6/13/22 1:55,VOMM,6/13/22 4:50,VIDP,2:25,1,5141:56 H,3595 L,failed,Insert failed for log_selection_no VT-VPA/309: No row inserted (conflict or duplicate)
VOID Log,VT-VPA,11-Jun-22,VT-VPA/308,182,,6/11/22 8:55,VABB,6/11/22 11:15,VOMM,1:36,1,5139:31 H,3594 L,failed,Insert failed for log_selection_no VT-VPA/308: No row inserted (conflict or duplicate)
VOID Log,VT-VPA,11-Jun-22,VT-VPA/307,182,,6/11/22 5:50,VOMM,6/11/22 7:45,VABB,1:33,1,5137:55 H,3593 L,failed,Insert failed for log_selection_no VT-VPA/307: No row inserted (conflict or duplicate)
VOID Log,VT-VPA,9-Jun-22,VT-VPA/306,181,,6/9/22 6:35,VOTP,6/9/22 7:35,VOMM,0:33,1,5136:22 H,3592 L,failed,Insert failed for log_selection_no VT-VPA/306: No row inserted (conflict or duplicate)
VOID Log,VT-VPA,8-Jun-22,VT-VPA/305,180,,6/8/22 11:25,VAAH,6/8/22 14:00,VOTP,2:14,1,5135:49 H,3591 L,failed,Insert failed for log_selection_no VT-VPA/305: No row inserted (conflict or duplicate)
VOID Log,VT-VPA,8-Jun-22,VT-VPA/304,180,,6/8/22 8:15,VOMM,6/8/22 10:40,VAAH,2:03,1,5133:35 H,3590 L,failed,Insert failed for log_selection_no VT-VPA/304: No row inserted (conflict or duplicate)
VOID Log,VT-VPA,1-Jun-22,VT-VPA/303,179,,6/1/22 8:50,vosm,6/1/22 9:55,VOMM,0:39,1,5131:32 H,3589 L,failed,"Insert failed for log_selection_no VT-VPA/303: Missing references (aircraft VT-VPA, departure vosm, arrival VOMM)"
VOID Log,VT-VPA,1-Jun-22,VT-VPA/302,179,,6/1/22 7:30,VOMM,6/1/22 8:35,vosm,0:47,1,5130:53 H,3588 L,failed,"Insert failed for log_selection_no VT-VPA/302: Missing references (aircraft VT-VPA, departure VOMM, arrival vosm)"
VOID Log,VT-VPA,31-May-22,VT-VPA/301,178,,5/31/22 0:35,VIDP,5/31/22 3:35,VOMM,2:28,1,5130:06 H,3587 L,failed,Insert failed for log_selection_no VT-VPA/301: No row inserted (conflict or duplicate)
VOID Log,VT-VPA,30-May-22,VT-VPA/300,177,,5/30/22 7:00,VIJO,5/30/22 8:10,VIDP,0:51,1,5127:38 H,3586 L,failed,"Insert failed for log_selection_no VT-VPA/300: Missing references (aircraft VT-VPA, departure VIJO, arrival VIDP)"
VOID Log,VT-VPA,30-May-22,VT-VPA/299,177,,5/30/22 1:40,VOMM,5/30/22 4:20,VIJO,2:15,1,5126:47 H,3585 L,failed,"Insert failed for log_selection_no VT-VPA/299: Missing references (aircraft VT-VPA, departure VOMM, arrival VIJO)"
VOID Log,VT-VPA,28-May-22,VT-VPA/298,176,,5/28/22 13:00,HAL Airport,5/28/22 14:05,VOMM,0:40,1,5124:32 H,3584 L,failed,"Insert failed for log_selection_no VT-VPA/298: Missing references (aircraft VT-VPA, departure HAL Airport, arrival VOMM)"
VOID Log,VT-VPA,28-May-22,VT-VPA/297,176,,5/28/22 0:25,VIDP,5/28/22 3:15,HAL Airport,2:29,1,5123:52 H,3583 L,failed,"Insert failed for log_selection_no VT-VPA/297: Missing references (aircraft VT-VPA, departure VIDP, arrival HAL Airport)"
VOID Log,VT-VPA,27-May-22,VT-VPA/296,175,,5/27/22 6:35,VOMM,5/27/22 9:35,VIDP,2:34,1,5121:23 H,3582 L,failed,Insert failed for log_selection_no VT-VPA/296: No row inserted (conflict or duplicate)
VOID Log,VT-VPA,24-May-22,VT-VPA/295,174,,5/24/22 12:00,VOMM,5/24/22 12:15,VOMM,0:00,0,5118:49 H,3581 L,failed,Insert failed for log_selection_no VT-VPA/295: No row inserted (conflict or duplicate)
VOID Log,VT-VPA,9-May-22,VT-VPA/294,173,,5/9/22 3:45,vosm,5/9/22 4:45,VOMM,0:41,1,5118:49 H,3581 L,failed,"Insert failed for log_selection_no VT-VPA/294: Missing references (aircraft VT-VPA, departure vosm, arrival VOMM)"
VOID Log,VT-VPA,9-May-22,VT-VPA/293,173,,5/9/22 2:25,VOMM,5/9/22 3:25,vosm,0:35,1,5118:08 H,3580 L,failed,"Insert failed for log_selection_no VT-VPA/293: Missing references (aircraft VT-VPA, departure VOMM, arrival vosm)"
VOID Log,VT-VPA,7-May-22,VT-VPA/292,172,,5/7/22 12:45,VAPO,5/7/22 14:40,VOMM,1:25,1,5117:33 H,3579 L,failed,Insert failed for log_selection_no VT-VPA/292: No row inserted (conflict or duplicate)
VOID Log,VT-VPA,7-May-22,VT-VPA/291,172,,5/7/22 9:10,VOMM,5/7/22 10:45,VAPO,1:19,1,5116:08 H,3578 L,failed,Insert failed for log_selection_no VT-VPA/291: No row inserted (conflict or duplicate)
VOID Log,VT-VPA,6-May-22,VT-VPA/290,171,,5/6/22 11:50,vosm,5/6/22 12:50,VOMM,0:34,1,5114:49 H,3577 L,failed,"Insert failed for log_selection_no VT-VPA/290: Missing references (aircraft VT-VPA, departure vosm, arrival VOMM)"
VOID Log,VT-VPA,6-May-22,VT-VPA/289,171,,5/6/22 10:30,VOMM,5/6/22 11:20,vosm,0:37,1,5114:15 H,3576 L,failed,"Insert failed for log_selection_no VT-VPA/289: Missing references (aircraft VT-VPA, departure VOMM, arrival vosm)"
VOID Log,VT-VPA,5-May-22,VT-VPA/288,170,,5/5/22 10:15,VAPO,5/5/22 12:10,VOMM,1:30,1,5113:38 H,3575 L,failed,Insert failed for log_selection_no VT-VPA/288: No row inserted (conflict or duplicate)
VOID Log,VT-VPA,5-May-22,VT-VPA/287,170,,5/5/22 7:45,VOMM,5/5/22 9:35,VAPO,1:25,1,5112:08 H,3574 L,failed,Insert failed for log_selection_no VT-VPA/287: No row inserted (conflict or duplicate)
VOID Log,VT-VPA,3-May-22,VT-VPA/286,169,,5/3/22 3:25,VAID,5/3/22 5:40,VOMM,1:46,1,5110:43 H,3573 L,failed,Insert failed for log_selection_no VT-VPA/286: No row inserted (conflict or duplicate)
VOID Log,VT-VPA,2-May-22,VT-VPA/285,168,,5/2/22 10:40,VOMM,5/2/22 12:40,VAID,1:42,1,5108:57 H,3572 L,failed,Insert failed for log_selection_no VT-VPA/285: No row inserted (conflict or duplicate)
VOID Log,VT-VPA,29-Apr-22,VT-VPA/284,167,,4/29/22 12:05,HAL Airport,4/29/22 13:05,VOMM,0:33,1,5107:15 H,3571 L,failed,"Insert failed for log_selection_no VT-VPA/284: Missing references (aircraft VT-VPA, departure HAL Airport, arrival VOMM)"
VOID Log,VT-VPA,28-Apr-22,VT-VPA/283,166,,4/28/22 11:05,VIDP,4/28/22 14:20,HAL Airport,2:52,1,5106:42 H,3570 L,failed,"Insert failed for log_selection_no VT-VPA/283: Missing references (aircraft VT-VPA, departure VIDP, arrival HAL Airport)"
VOID Log,VT-VPA,27-Apr-22,VT-VPA/282,165,,4/27/22 1:20,VOMM,4/27/22 4:15,VIDP,2:27,1,5103:50 H,3569 L,failed,Insert failed for log_selection_no VT-VPA/282: No row inserted (conflict or duplicate)
VOID Log,VT-VPA,26-Apr-22,VT-VPA/281,164,,4/26/22 8:10,VABB,4/26/22 10:20,VOMM,1:47,1,5101:23 H,3568 L,failed,Insert failed for log_selection_no VT-VPA/281: No row inserted (conflict or duplicate)
VOID Log,VT-VPA,26-Apr-22,VT-VPA/280,164,,4/26/22 1:20,VOMM,4/26/22 3:20,VABB,1:35,1,5099:36 H,3567 L,failed,Insert failed for log_selection_no VT-VPA/280: No row inserted (conflict or duplicate)
VOID Log,VT-VPA,24-Apr-22,VT-VPA/279,163,,4/24/22 13:00,VOCB,4/24/22 14:00,VOMM,0:42,1,5098:01 H,3566 L,failed,Insert failed for log_selection_no VT-VPA/279: No row inserted (conflict or duplicate)
VOID Log,VT-VPA,24-Apr-22,VT-VPA/278,163,,4/24/22 3:20,VOMM,4/24/22 4:35,VOCB,0:42,1,5097:19 H,3565 L,failed,Insert failed for log_selection_no VT-VPA/278: No row inserted (conflict or duplicate)
VOID Log,VT-VPA,23-Apr-22,VT-VPA/277,162,,4/23/22 7:00,VOTV,4/23/22 8:25,VOMM,1:01,1,5096:37 H,3564 L,failed,"Insert failed for log_selection_no VT-VPA/277: Missing references (aircraft VT-VPA, departure VOTV, arrival VOMM)"
VOID Log,VT-VPA,23-Apr-22,VT-VPA/276,162,,4/23/22 3:20,VOMD,4/23/22 4:10,VOTV,0:31,1,5095:36 H,3563 L,failed,"Insert failed for log_selection_no VT-VPA/276: Missing references (aircraft VT-VPA, departure VOMD, arrival VOTV)"
VOID Log,VT-VPA,22-Apr-22,VT-VPA/275,161,,4/22/22 9:45,VOMM,4/22/22 11:00,VOMD,0:50,1,5095:05 H,3562 L,failed,"Insert failed for log_selection_no VT-VPA/275: Missing references (aircraft VT-VPA, departure VOMM, arrival VOMD)"
VOID Log,VT-VPA,19-Apr-22,VT-VPA/274,160,,4/19/22 16:55,VAAH,4/19/22 19:35,VOMM,2:05,1,5094:15 H,3561 L,failed,Insert failed for log_selection_no VT-VPA/274: No row inserted (conflict or duplicate)
VOID Log,VT-VPA,18-Apr-22,VT-VPA/273,159,,4/18/22 8:30,VOMM,4/18/22 11:05,VAAH,2:05,1,5092:10 H,3560 L,failed,Insert failed for log_selection_no VT-VPA/273: No row inserted (conflict or duplicate)
VOID Log,VT-VPA,17-Apr-22,VT-VPA/272,158,,4/17/22 5:05,VABB,4/17/22 7:05,VOMM,1:31,1,5090:05 H,3559 L,failed,Insert failed for log_selection_no VT-VPA/272: No row inserted (conflict or duplicate)
VOID Log,VT-VPA,16-Apr-22,VT-VPA/271,157,,4/16/22 2:30,VOMM,4/16/22 4:30,VABB,1:36,1,5088:34 H,3558 L,failed,Insert failed for log_selection_no VT-VPA/271: No row inserted (conflict or duplicate)
VOID Log,VT-VPA,13-Apr-22,VT-VPA/270,156,,4/13/22 12:00,VOMM,4/13/22 12:00,VOMM,0:00,0,5086:58 H,3557 L,failed,Insert failed for log_selection_no VT-VPA/270: No row inserted (conflict or duplicate)
VOID Log,VT-VPA,10-Apr-22,VT-VPA/269,155,,4/10/22 8:00,VOCB,4/10/22 9:10,VOMM,0:44,1,5086:58 H,3557 L,failed,Insert failed for log_selection_no VT-VPA/269: No row inserted (conflict or duplicate)
VOID Log,VT-VPA,10-Apr-22,VT-VPA/268,155,,4/10/22 1:30,VOMM,4/10/22 2:45,VOCB,0:42,1,5086:14 H,3556 L,failed,Insert failed for log_selection_no VT-VPA/268: No row inserted (conflict or duplicate)
VOID Log,VT-VPA,9-Apr-22,VT-VPA/267,154,,4/9/22 0:40,VIDP,4/9/22 3:40,VOMM,2:30,1,5085:32 H,3555 L,failed,Insert failed for log_selection_no VT-VPA/267: No row inserted (conflict or duplicate)
VOID Log,VT-VPA,8-Apr-22,VT-VPA/266,153,,4/8/22 0:35,VOMM,4/8/22 3:35,VIDP,2:31,1,5083:02 H,3554 L,failed,Insert failed for log_selection_no VT-VPA/266: No row inserted (conflict or duplicate)
VOID Log,VT-VPA,1-Apr-22,VT-VPA/265,152,,4/1/22 18:55,VOGO,4/1/22 20:30,VOMM,1:11,1,5080:31 H,3553 L,failed,"Insert failed for log_selection_no VT-VPA/265: Missing references (aircraft VT-VPA, departure VOGO, arrival VOMM)"
VOID Log,VT-VPA,1-Apr-22,VT-VPA/264,152,,4/1/22 17:15,VOMM,4/1/22 18:40,VOGO,1:07,1,5079:20 H,3552 L,failed,"Insert failed for log_selection_no VT-VPA/264: Missing references (aircraft VT-VPA, departure VOMM, arrival VOGO)"
VOID Log,VT-VPA,31-Mar-22,VT-VPA/263,151,,3/31/22 12:10,VOGO,3/31/22 13:40,VOMM,1:15,1,5078:13 H,3551 L,failed,"Insert failed for log_selection_no VT-VPA/263: Missing references (aircraft VT-VPA, departure VOGO, arrival VOMM)"
VOID Log,VT-VPA,31-Mar-22,VT-VPA/262,151,,3/31/22 10:35,VOMM,3/31/22 12:00,VOGO,1:05,1,5076:58 H,3550 L,failed,"Insert failed for log_selection_no VT-VPA/262: Missing references (aircraft VT-VPA, departure VOMM, arrival VOGO)"
VOID Log,VT-VPA,28-Mar-22,VT-VPA/261,150,,3/28/22 10:10,VOHY,3/28/22 11:35,VOMM,0:55,1,5075:53 H,3549 L,failed,Insert failed for log_selection_no VT-VPA/261: No row inserted (conflict or duplicate)
VOID Log,VT-VPA,28-Mar-22,VT-VPA/260,150,,3/28/22 2:20,VOMM,3/28/22 3:40,VOHY,0:53,1,5074:58 H,3548 L,failed,Insert failed for log_selection_no VT-VPA/260: No row inserted (conflict or duplicate)
VOID Log,VT-VPA,26-Mar-22,VT-VPA/259,149,,3/26/22 10:40,VABB,3/26/22 12:45,VOMM,1:32,1,5074:05 H,3547 L,failed,Insert failed for log_selection_no VT-VPA/259: No row inserted (conflict or duplicate)
VOID Log,VT-VPA,25-Mar-22,VT-VPA/258,148,,3/25/22 3:40,VOMM,3/25/22 5:40,VABB,1:30,1,5072:33 H,3546 L,failed,Insert failed for log_selection_no VT-VPA/258: No row inserted (conflict or duplicate)
VOID Log,VT-VPA,24-Mar-22,VT-VPA/257,147,,3/24/22 10:05,VICG,3/24/22 13:20,VOMM,2:47,1,5071:03 H,3545 L,failed,"Insert failed for log_selection_no VT-VPA/257: Missing references (aircraft VT-VPA, departure VICG, arrival VOMM)"
VOID Log,VT-VPA,24-Mar-22,VT-VPA/256,147,,3/24/22 2:20,VOMM,3/24/22 5:30,VICG,2:45,1,5068:16 H,3544 L,failed,"Insert failed for log_selection_no VT-VPA/256: Missing references (aircraft VT-VPA, departure VOMM, arrival VICG)"
VOID Log,VT-VPA,22-Mar-22,VT-VPA/255,146,,3/22/22 10:50,HAL Airport,3/22/22 12:05,VOMM,0:45,1,5065:31 H,3543 L,failed,"Insert failed for log_selection_no VT-VPA/255: Missing references (aircraft VT-VPA, departure HAL Airport, arrival VOMM)"
VOID Log,VT-VPA,22-Mar-22,VT-VPA/254,146,,3/22/22 2:30,VOMM,3/22/22 3:30,HAL Airport,0:35,1,5064:46 H,3542 L,failed,"Insert failed for log_selection_no VT-VPA/254: Missing references (aircraft VT-VPA, departure VOMM, arrival HAL Airport)"
VOID Log,VT-VPA,20-Mar-22,VT-VPA/253,145,,3/20/22 14:15,VOCB,3/20/22 15:30,VOMM,0:46,1,5064:11 H,3541 L,failed,Insert failed for log_selection_no VT-VPA/253: No row inserted (conflict or duplicate)
VOID Log,VT-VPA,20-Mar-22,VT-VPA/252,145,,3/20/22 11:10,VOMM,3/20/22 12:15,VOCB,0:42,1,5063:25 H,3540 L,failed,Insert failed for log_selection_no VT-VPA/252: No row inserted (conflict or duplicate)
VOID Log,VT-VPA,20-Mar-22,VT-VPA/251,144,,3/20/22 9:00,VOHY,3/20/22 10:15,VOMM,0:54,1,5062:43 H,3539 L,failed,Insert failed for log_selection_no VT-VPA/251: No row inserted (conflict or duplicate)
VOID Log,VT-VPA,20-Mar-22,VT-VPA/250,144,,3/20/22 6:05,VOCB,3/20/22 7:35,VOHY,1:08,1,5061:49 H,3538 L,failed,Insert failed for log_selection_no VT-VPA/250: No row inserted (conflict or duplicate)
VOID Log,VT-VPA,19-Mar-22,VT-VPA/249,143,,3/19/22 13:10,VOMD,3/19/22 13:50,VOCB,0:29,1,5060:41 H,3537 L,failed,"Insert failed for log_selection_no VT-VPA/249: Missing references (aircraft VT-VPA, departure VOMD, arrival VOCB)"
VOID Log,VT-VPA,19-Mar-22,VT-VPA/248,143,,3/19/22 8:35,VOMM,3/19/22 9:45,VOMD,0:44,1,5060:12 H,3536 L,failed,"Insert failed for log_selection_no VT-VPA/248: Missing references (aircraft VT-VPA, departure VOMM, arrival VOMD)"
VOID Log,VT-VPA,4-Mar-22,VT-VPA/247,142,,3/4/22 8:20,VOMD,3/4/22 9:35,VOMM,0:48,1,5059:28 H,3535 L,failed,"Insert failed for log_selection_no VT-VPA/247: Missing references (aircraft VT-VPA, departure VOMD, arrival VOMM)"
VOID Log,VT-VPA,4-Mar-22,VT-VPA/246,142,,3/4/22 4:00,VOMM,3/4/22 5:15,VOMD,0:48,1,5058:40 H,3534 L,failed,"Insert failed for log_selection_no VT-VPA/246: Missing references (aircraft VT-VPA, departure VOMM, arrival VOMD)"
VOID Log,VT-VPA,3-Mar-22,VT-VPA/245,141,,3/3/22 12:05,vosm,3/3/22 12:55,VOMM,0:34,1,5057:52 H,3533 L,failed,"Insert failed for log_selection_no VT-VPA/245: Missing references (aircraft VT-VPA, departure vosm, arrival VOMM)"
VOID Log,VT-VPA,3-Mar-22,VT-VPA/244,141,,3/3/22 10:30,VOMM,3/3/22 11:40,vosm,0:37,1,5057:18 H,3532 L,failed,"Insert failed for log_selection_no VT-VPA/244: Missing references (aircraft VT-VPA, departure VOMM, arrival vosm)"
VOID Log,VT-VPA,2-Mar-22,VT-VPA/243,140,,3/2/22 14:40,vohs,3/2/22 16:10,VOMM,1:00,1,5056:41 H,3531 L,failed,Insert failed for log_selection_no VT-VPA/243: No row inserted (conflict or duplicate)
VOID Log,VT-VPA,2-Mar-22,VT-VPA/242,140,,3/2/22 11:25,VOMM,3/2/22 12:40,vohs,0:52,1,5055:41 H,3530 L,failed,Insert failed for log_selection_no VT-VPA/242: No row inserted (conflict or duplicate)
VOID Log,VT-VPA,1-Mar-22,VT-VPA/241,139,,3/1/22 12:50,VEBS,3/1/22 14:45,VOMM,1:36,1,5054:49 H,3529 L,failed,Insert failed for log_selection_no VT-VPA/241: No row inserted (conflict or duplicate)
VOID Log,VT-VPA,1-Mar-22,VT-VPA/240,139,,3/1/22 10:35,VOMM,3/1/22 12:25,VEBS,1:30,1,5053:13 H,3528 L,failed,Insert failed for log_selection_no VT-VPA/240: No row inserted (conflict or duplicate)
VOID Log,VT-VPA,23-Feb-22,VT-VPA/239,138,,2/23/22 11:15,HAL Airport,2/23/22 12:20,VOMM,0:35,1,5051:43 H,3527 L,failed,"Insert failed for log_selection_no VT-VPA/239: Missing references (aircraft VT-VPA, departure HAL Airport, arrival VOMM)"
VOID Log,VT-VPA,23-Feb-22,VT-VPA/238,137,,2/23/22 10:15,VOMM,2/23/22 11:05,HAL Airport,0:34,1,5051:08 H,3526 L,failed,"Insert failed for log_selection_no VT-VPA/238: Missing references (aircraft VT-VPA, departure VOMM, arrival HAL Airport)"
VOID Log,VT-VPA,23-Feb-22,VT-VPA/237,137,,2/23/22 6:55,VEBS,2/23/22 8:55,VOMM,1:35,1,5050:34 H,3525 L,failed,Insert failed for log_selection_no VT-VPA/237: No row inserted (conflict or duplicate)
VOID Log,VT-VPA,23-Feb-22,VT-VPA/236,137,,2/23/22 4:10,VOMM,2/23/22 6:00,VEBS,1:28,1,5048:59 H,3524 L,failed,Insert failed for log_selection_no VT-VPA/236: No row inserted (conflict or duplicate)
VOID Log,VT-VPA,22-Feb-22,VT-VPA/235,136,,2/22/22 11:25,VOCI,2/22/22 12:40,VOMM,0:58,1,5047:31 H,3523 L,failed,"Insert failed for log_selection_no VT-VPA/235: Missing references (aircraft VT-VPA, departure VOCI, arrival VOMM)"
VOID Log,VT-VPA,22-Feb-22,VT-VPA/234,136,,2/22/22 6:05,VOMM,2/22/22 7:25,VOCI,1:02,1,5046:33 H,3522 L,failed,"Insert failed for log_selection_no VT-VPA/234: Missing references (aircraft VT-VPA, departure VOMM, arrival VOCI)"
VOID Log,VT-VPA,18-Feb-22,VT-VPA/233,135,,2/18/22 12:20,VOCB,2/18/22 13:30,VOMM,0:43,1,5045:31 H,3521 L,failed,Insert failed for log_selection_no VT-VPA/233: No row inserted (conflict or duplicate)
VOID Log,VT-VPA,18-Feb-22,VT-VPA/232,135,,2/18/22 10:30,VOMM,2/18/22 11:45,VOCB,0:59,1,5044:48 H,3520 L,failed,Insert failed for log_selection_no VT-VPA/232: No row inserted (conflict or duplicate)
VOID Log,VT-VPA,17-Feb-22,VT-VPA/231,134,,2/17/22 15:05,VOCB,2/17/22 16:30,VOMM,0:46,1,5043:49 H,3519 L,failed,Insert failed for log_selection_no VT-VPA/231: No row inserted (conflict or duplicate)
VOID Log,VT-VPA,17-Feb-22,VT-VPA/230,133,,2/17/22 11:40,VECC,2/17/22 14:30,VOCB,2:25,1,5043:03 H,3518 L,failed,Insert failed for log_selection_no VT-VPA/230: No row inserted (conflict or duplicate)
VOID Log,VT-VPA,17-Feb-22,VT-VPA/229,133,,2/17/22 8:25,HAL Airport,2/17/22 10:55,VECC,2:02,1,5040:38 H,3517 L,failed,"Insert failed for log_selection_no VT-VPA/229: Missing references (aircraft VT-VPA, departure HAL Airport, arrival VECC)"
VOID Log,VT-VPA,17-Feb-22,VT-VPA/228,133,,2/17/22 6:50,VOMM,2/17/22 7:50,HAL Airport,0:36,1,5038:36 H,3516 L,failed,"Insert failed for log_selection_no VT-VPA/228: Missing references (aircraft VT-VPA, departure VOMM, arrival HAL Airport)"
VOID Log,VT-VPA,15-Feb-22,VT-VPA/227,132,,2/15/22 5:10,HAL Airport,2/15/22 6:10,VOMM,0:32,1,5038:00 H,3515 L,failed,"Insert failed for log_selection_no VT-VPA/227: Missing references (aircraft VT-VPA, departure HAL Airport, arrival VOMM)"
VOID Log,VT-VPA,15-Feb-22,VT-VPA/226,132,,2/15/22 2:50,VOMM,2/15/22 3:50,HAL Airport,0:35,1,5037:28 H,3514 L,failed,"Insert failed for log_selection_no VT-VPA/226: Missing references (aircraft VT-VPA, departure VOMM, arrival HAL Airport)"
VOID Log,VT-VPA,14-Feb-22,VT-VPA/225,131,,2/14/22 6:45,HAL Airport,2/14/22 7:45,VOMM,0:33,1,5036:53 H,3513 L,failed,"Insert failed for log_selection_no VT-VPA/225: Missing references (aircraft VT-VPA, departure HAL Airport, arrival VOMM)"
VOID Log,VT-VPA,13-Feb-22,VT-VPA/224,130,,2/13/22 14:35,VOTV,2/13/22 15:45,HAL Airport,0:53,1,5036:20 H,3512 L,failed,"Insert failed for log_selection_no VT-VPA/224: Missing references (aircraft VT-VPA, departure VOTV, arrival HAL Airport)"
VOID Log,VT-VPA,13-Feb-22,VT-VPA/223,130,,2/13/22 12:40,VOMM,2/13/22 14:15,VOTV,1:01,1,5035:27 H,3511 L,failed,"Insert failed for log_selection_no VT-VPA/223: Missing references (aircraft VT-VPA, departure VOMM, arrival VOTV)"
VOID Log,VT-VPA,12-Feb-22,VT-VPA/222,129,,2/12/22 9:25,VIDP,2/12/22 12:25,VOMM,2:24,1,5034:26 H,3510 L,failed,Insert failed for log_selection_no VT-VPA/222: No row inserted (conflict or duplicate)
VOID Log,VT-VPA,12-Feb-22,VT-VPA/221,129,,2/12/22 1:35,VOMM,2/12/22 4:45,VIDP,2:35,1,5032:02 H,3509 L,failed,Insert failed for log_selection_no VT-VPA/221: No row inserted (conflict or duplicate)
VOID Log,VT-VPA,10-Feb-22,VT-VPA/220,128,,2/10/22 12:40,VABB,2/10/22 14:40,VOMM,1:29,1,5029:27 H,3508 L,failed,Insert failed for log_selection_no VT-VPA/220: No row inserted (conflict or duplicate)
VOID Log,VT-VPA,10-Feb-22,VT-VPA/219,128,,2/10/22 2:20,VOMM,2/10/22 4:25,VABB,1:33,1,5027:58 H,3507 L,failed,Insert failed for log_selection_no VT-VPA/219: No row inserted (conflict or duplicate)
VOID Log,VT-VPA,8-Feb-22,VT-VPA/218,127,,2/8/22 15:15,VOTR,2/8/22 16:10,VOMM,0:41,1,5026:25 H,3506 L,failed,Insert failed for log_selection_no VT-VPA/218: No row inserted (conflict or duplicate)
VOID Log,VT-VPA,8-Feb-22,VT-VPA/217,127,,2/8/22 13:45,VOMM,2/8/22 15:00,VOTR,0:40,1,5025:44 H,3505 L,failed,Insert failed for log_selection_no VT-VPA/217: No row inserted (conflict or duplicate)
VOID Log,VT-VPA,1-Feb-22,VT-VPA/216,126,,2/1/22 13:15,VIDP,2/1/22 16:05,VOMM,2:20,1,5025:04 H,3504 L,failed,Insert failed for log_selection_no VT-VPA/216: No row inserted (conflict or duplicate)
VOID Log,VT-VPA,1-Feb-22,VT-VPA/215,126,,2/1/22 2:25,VOMM,2/1/22 6:05,VIDP,3:07,1,5022:44 H,3503 L,failed,Insert failed for log_selection_no VT-VPA/215: No row inserted (conflict or duplicate)
VOID Log,VT-VPA,30-Jan-22,VT-VPA/214,125,,1/30/22 12:20,VABB,1/30/22 14:20,VOMM,1:29,1,5019:37 H,3502 L,failed,Insert failed for log_selection_no VT-VPA/214: No row inserted (conflict or duplicate)
VOID Log,VT-VPA,30-Jan-22,VT-VPA/213,125,,1/30/22 3:15,VOMM,1/30/22 5:20,VABB,1:32,1,5018:08 H,3501 L,failed,Insert failed for log_selection_no VT-VPA/213: No row inserted (conflict or duplicate)
VOID Log,VT-VPA,27-Jan-22,VT-VPA/212,124,,1/27/22 2:45,VAAH,1/27/22 5:20,VOMM,2:03,1,5016:36 H,3500 L,failed,Insert failed for log_selection_no VT-VPA/212: No row inserted (conflict or duplicate)
VOID Log,VT-VPA,24-Jan-22,VT-VPA/211,123,,1/24/22 11:00,VOMM,1/24/22 13:45,VAAH,2:11,1,5014:33 H,3499 L,failed,Insert failed for log_selection_no VT-VPA/211: No row inserted (conflict or duplicate)
VOID Log,VT-VPA,22-Jan-22,VT-VPA/210,122,,1/22/22 12:40,HAL Airport,1/22/22 13:40,VOMM,0:36,1,5012:22 H,3498 L,failed,"Insert failed for log_selection_no VT-VPA/210: Missing references (aircraft VT-VPA, departure HAL Airport, arrival VOMM)"
VOID Log,VT-VPA,22-Jan-22,VT-VPA/209,122,,1/22/22 5:35,VOMM,1/22/22 6:40,HAL Airport,0:36,1,5011:46 H,3497 L,failed,"Insert failed for log_selection_no VT-VPA/209: Missing references (aircraft VT-VPA, departure VOMM, arrival HAL Airport)"
VOID Log,VT-VPA,21-Jan-22,VT-VPA/208,121,,1/21/22 11:40,VIJP,1/21/22 14:20,VOMM,2:07,1,5011:10 H,3496 L,failed,Insert failed for log_selection_no VT-VPA/208: No row inserted (conflict or duplicate)
VOID Log,VT-VPA,21-Jan-22,VT-VPA/207,121,,1/21/22 7:25,VIDP,1/21/22 8:35,VIJP,0:44,1,5009:03 H,3495 L,failed,Insert failed for log_selection_no VT-VPA/207: No row inserted (conflict or duplicate)
VOID Log,VT-VPA,19-Jan-22,VT-VPA/206,120,,1/19/22 9:55,VABB,1/19/22 12:15,VIDP,1:48,1,5008:19 H,3494 L,failed,Insert failed for log_selection_no VT-VPA/206: No row inserted (conflict or duplicate)
VOID Log,VT-VPA,19-Jan-22,VT-VPA/205,120,,1/19/22 4:15,VOMM,1/19/22 6:15,VABB,1:35,1,5006:31 H,3493 L,failed,Insert failed for log_selection_no VT-VPA/205: No row inserted (conflict or duplicate)
VOID Log,VT-VPA,18-Jan-22,VT-VPA/204,119,,1/18/22 11:40,VOGO,1/18/22 13:20,VOMM,1:24,1,5004:56 H,3492 L,failed,"Insert failed for log_selection_no VT-VPA/204: Missing references (aircraft VT-VPA, departure VOGO, arrival VOMM)"
VOID Log,VT-VPA,18-Jan-22,VT-VPA/203,119,,1/18/22 9:35,VOMM,1/18/22 11:25,VOGO,1:27,1,5003:32 H,3491 L,failed,"Insert failed for log_selection_no VT-VPA/203: Missing references (aircraft VT-VPA, departure VOMM, arrival VOGO)"
VOID Log,VT-VPA,17-Jan-22,VT-VPA/202,118,,1/17/22 8:05,VAUD,1/17/22 10:50,VOMM,2:10,1,5002:05 H,3490 L,failed,Insert failed for log_selection_no VT-VPA/202: No row inserted (conflict or duplicate)
VOID Log,VT-VPA,15-Jan-22,VT-VPA/201,117,,1/15/22 2:20,VOMM,1/15/22 5:20,VAUD,2:22,1,4999:55 H,3489 L,failed,Insert failed for log_selection_no VT-VPA/201: No row inserted (conflict or duplicate)
VOID Log,VT-VPA,13-Jan-22,VT-VPA/200,116,,1/13/22 12:40,VAAH,1/13/22 15:10,VOMM,1:35,1,4997:33 H,3488 L,failed,Insert failed for log_selection_no VT-VPA/200: No row inserted (conflict or duplicate)
VOID Log,VT-VPA,5-Apr-21,VT-VPA/66,37,,4/5/21 12:55,VEBS,4/5/21 14:20,VERP,1:00,1,4819:32 H,3361 L,failed,Insert failed for log_selection_no VT-VPA/66: No row inserted (conflict or duplicate)
VOID Log,VT-VPA,13-Jan-22,VT-VPA/199,116,,1/13/22 3:00,VOMM,1/13/22 5:20,VAAH,1:45,1,4995:58 H,3487 L,failed,Insert failed for log_selection_no VT-VPA/199: No row inserted (conflict or duplicate)
VOID Log,VT-VPA,3-Jan-22,VT-VPA/198,115,,1/3/22 14:35,VIDP,1/3/22 17:45,VOMM,2:24,1,4994:13 H,3486 L,failed,Insert failed for log_selection_no VT-VPA/198: No row inserted (conflict or duplicate)
VOID Log,VT-VPA,3-Jan-22,VT-VPA/197,115,,1/3/22 10:45,VOMM,1/3/22 13:55,VIDP,2:36,1,4991:49 H,3485 L,failed,Insert failed for log_selection_no VT-VPA/197: No row inserted (conflict or duplicate)
VOID Log,VT-VPA,2-Jan-22,VT-VPA/196,114,,1/2/22 11:10,VIDP,1/2/22 14:10,VOMM,2:22,1,4989:13 H,3484 L,failed,Insert failed for log_selection_no VT-VPA/196: No row inserted (conflict or duplicate)
VOID Log,VT-VPA,2-Jan-22,VT-VPA/195,114,,1/2/22 9:25,VICG,1/2/22 10:25,VIDP,0:36,1,4986:51 H,3483 L,failed,"Insert failed for log_selection_no VT-VPA/195: Missing references (aircraft VT-VPA, departure VICG, arrival VIDP)"
VOID Log,VT-VPA,1-Jan-22,VT-VPA/194,113,,1/1/22 6:45,VOMD,1/1/22 10:30,VICG,3:13,1,4986:15 H,3482 L,failed,"Insert failed for log_selection_no VT-VPA/194: Missing references (aircraft VT-VPA, departure VOMD, arrival VICG)"
VOID Log,VT-VPA,31-Dec-21,VT-VPA/193,112,,12/31/21 9:30,VIDP,12/31/21 13:00,VOMD,3:01,1,4983:02 H,3481 L,failed,"Insert failed for log_selection_no VT-VPA/193: Missing references (aircraft VT-VPA, departure VIDP, arrival VOMD)"
VOID Log,VT-VPA,31-Dec-21,VT-VPA/192,112,,12/31/21 6:15,VICG,12/31/21 8:50,VIDP,2:07,1,4980:01 H,3480 L,failed,"Insert failed for log_selection_no VT-VPA/192: Missing references (aircraft VT-VPA, departure VICG, arrival VIDP)"
VOID Log,VT-VPA,29-Dec-21,VT-VPA/191,111,,12/29/21 2:50,VOMM,12/29/21 6:30,VICG,2:53,1,4977:54 H,3479 L,failed,"Insert failed for log_selection_no VT-VPA/191: Missing references (aircraft VT-VPA, departure VOMM, arrival VICG)"
VOID Log,VT-VPA,26-Dec-21,VT-VPA/190,110,,12/26/21 14:10,VOCB,12/26/21 15:30,VOMM,0:46,1,4975:01 H,3478 L,failed,Insert failed for log_selection_no VT-VPA/190: No row inserted (conflict or duplicate)
VOID Log,VT-VPA,26-Dec-21,VT-VPA/189,110,,12/26/21 5:40,VOMM,12/26/21 6:55,VOCB,0:42,1,4974:15 H,3477 L,failed,Insert failed for log_selection_no VT-VPA/189: No row inserted (conflict or duplicate)
VOID Log,VT-VPA,24-Dec-21,VT-VPA/188,109,,12/24/21 13:40,VAAH,12/24/21 16:10,VOMM,1:57,1,4973:33 H,3476 L,failed,Insert failed for log_selection_no VT-VPA/188: No row inserted (conflict or duplicate)
VOID Log,VT-VPA,24-Dec-21,VT-VPA/187,109,,12/24/21 1:50,VOMM,12/24/21 4:50,VAAH,2:21,1,4971:36 H,3475 L,failed,Insert failed for log_selection_no VT-VPA/187: No row inserted (conflict or duplicate)
VOID Log,VT-VPA,23-Dec-21,VT-VPA/186,108,,12/23/21 5:55,VIDP,12/23/21 9:00,VOMM,2:24,1,4969:15 H,3474 L,failed,Insert failed for log_selection_no VT-VPA/186: No row inserted (conflict or duplicate)
VOID Log,VT-VPA,21-Dec-21,VT-VPA/185,107,,12/21/21 12:10,VOMM,12/21/21 15:45,VIDP,2:48,1,4966:51 H,3473 L,failed,Insert failed for log_selection_no VT-VPA/185: No row inserted (conflict or duplicate)
VOID Log,VT-VPA,19-Dec-21,VT-VPA/184,106,,12/19/21 4:10,VOGO,12/19/21 5:55,VOMM,1:08,1,4964:03 H,3472 L,failed,"Insert failed for log_selection_no VT-VPA/184: Missing references (aircraft VT-VPA, departure VOGO, arrival VOMM)"
VOID Log,VT-VPA,19-Dec-21,VT-VPA/183,106,,12/19/21 1:50,VOMM,12/19/21 3:30,VOGO,1:15,1,4962:55 H,3471 L,failed,"Insert failed for log_selection_no VT-VPA/183: Missing references (aircraft VT-VPA, departure VOMM, arrival VOGO)"
VOID Log,VT-VPA,16-Dec-21,VT-VPA/182,105,,12/16/21 14:35,VOGO,12/16/21 16:05,VOMM,1:05,1,4961:40 H,3470 L,failed,"Insert failed for log_selection_no VT-VPA/182: Missing references (aircraft VT-VPA, departure VOGO, arrival VOMM)"
VOID Log,VT-VPA,16-Dec-21,VT-VPA/181,105,,12/16/21 12:25,VOMM,12/16/21 14:15,VOGO,1:15,1,4960:35 H,3469 L,failed,"Insert failed for log_selection_no VT-VPA/181: Missing references (aircraft VT-VPA, departure VOMM, arrival VOGO)"
VOID Log,VT-VPA,15-Dec-21,VT-VPA/180,104,,12/15/21 10:30,VIDP,12/15/21 13:35,VOMM,2:29,1,4959:20 H,3468 L,failed,Insert failed for log_selection_no VT-VPA/180: No row inserted (conflict or duplicate)
VOID Log,VT-VPA,15-Dec-21,VT-VPA/179,104,,12/15/21 2:45,VOMM,12/15/21 5:50,VIDP,2:28,1,4956:51 H,3467 L,failed,Insert failed for log_selection_no VT-VPA/179: No row inserted (conflict or duplicate)
VOID Log,VT-VPA,5-Dec-21,VT-VPA/178,103,,12/5/21 11:35,VOGO,12/5/21 13:00,VOMM,1:08,1,4954:23 H,3466 L,failed,"Insert failed for log_selection_no VT-VPA/178: Missing references (aircraft VT-VPA, departure VOGO, arrival VOMM)"
VOID Log,VT-VPA,5-Dec-21,VT-VPA/177,103,,12/5/21 10:00,VABB,12/5/21 11:15,VOGO,0:48,1,4953:15 H,3465 L,failed,"Insert failed for log_selection_no VT-VPA/177: Missing references (aircraft VT-VPA, departure VABB, arrival VOGO)"
VOID Log,VT-VPA,5-Dec-21,VT-VPA/176,103,,12/5/21 2:00,VOMM,12/5/21 4:10,VABB,1:32,1,4952:27 H,3464 L,failed,Insert failed for log_selection_no VT-VPA/176: No row inserted (conflict or duplicate)
VOID Log,VT-VPA,4-Dec-21,VT-VPA/175,102,,12/4/21 12:00,VOMM,12/4/21 12:00,VOMM,0:00,0,4950:55 H,3463 L,failed,Insert failed for log_selection_no VT-VPA/175: No row inserted (conflict or duplicate)
VOID Log,VT-VPA,4-Dec-21,VT-VPA/174,101,,12/4/21 2:25,VABB,12/4/21 4:35,VOMM,1:35,1,4950:55 H,3463 L,failed,Insert failed for log_selection_no VT-VPA/174: No row inserted (conflict or duplicate)
VOID Log,VT-VPA,2-Dec-21,VT-VPA/173,100,,12/2/21 9:00,VEAT,12/2/21 12:25,VABB,3:02,1,4949:20 H,3462 L,failed,"Insert failed for log_selection_no VT-VPA/173: Missing references (aircraft VT-VPA, departure VEAT, arrival VABB)"
VOID Log,VT-VPA,2-Dec-21,VT-VPA/172,100,,12/2/21 2:20,VOMM,12/2/21 5:20,VEAT,2:20,1,4946:18 H,3461 L,failed,"Insert failed for log_selection_no VT-VPA/172: Missing references (aircraft VT-VPA, departure VOMM, arrival VEAT)"
VOID Log,VT-VPA,30-Nov-21,VT-VPA/171,99,,11/30/21 3:35,HAL Airport,11/30/21 4:45,VOMM,0:35,1,4943:58 H,3460 L,failed,"Insert failed for log_selection_no VT-VPA/171: Missing references (aircraft VT-VPA, departure HAL Airport, arrival VOMM)"
VOID Log,VT-VPA,29-Nov-21,VT-VPA/170,98,,11/29/21 9:05,VOMM,11/29/21 10:05,HAL Airport,0:37,1,4943:23 H,3459 L,failed,"Insert failed for log_selection_no VT-VPA/170: Missing references (aircraft VT-VPA, departure VOMM, arrival HAL Airport)"
VOID Log,VT-VPA,28-Nov-21,VT-VPA/169,97,,11/28/21 17:10,HAL Airport,11/28/21 18:10,VOMM,0:34,1,4942:46 H,3458 L,failed,"Insert failed for log_selection_no VT-VPA/169: Missing references (aircraft VT-VPA, departure HAL Airport, arrival VOMM)"
VOID Log,VT-VPA,27-Nov-21,VT-VPA/168,96,,11/27/21 4:25,VOMM,11/27/21 5:25,HAL Airport,0:39,1,4942:12 H,3457 L,failed,"Insert failed for log_selection_no VT-VPA/168: Missing references (aircraft VT-VPA, departure VOMM, arrival HAL Airport)"
VOID Log,VT-VPA,27-Nov-21,VT-VPA/167,96,,11/27/21 2:15,HAL Airport,11/27/21 3:15,VOMM,0:28,1,4941:33 H,3456 L,failed,"Insert failed for log_selection_no VT-VPA/167: Missing references (aircraft VT-VPA, departure HAL Airport, arrival VOMM)"
VOID Log,VT-VPA,26-Nov-21,VT-VPA/166,95,,11/26/21 7:30,HAL Airport,11/26/21 9:50,HAL Airport,1:50,1,4941:05 H,3455 L,failed,"Insert failed for log_selection_no VT-VPA/166: Missing references (aircraft VT-VPA, departure HAL Airport, arrival HAL Airport)"
VOID Log,VT-VPA,25-Nov-21,VT-VPA/165,94,,11/25/21 15:00,HAL Airport,11/25/21 15:00,HAL Airport,0:00,0,4939:15 H,3454 L,failed,"Insert failed for log_selection_no VT-VPA/165: Missing references (aircraft VT-VPA, departure HAL Airport, arrival HAL Airport)"
VOID Log,VT-VPA,24-Nov-21,VT-VPA/164,93,,11/24/21 9:00,HAL Airport,11/24/21 9:00,HAL Airport,0:00,0,4939:15 H,3454 L,failed,"Insert failed for log_selection_no VT-VPA/164: Missing references (aircraft VT-VPA, departure HAL Airport, arrival HAL Airport)"
VOID Log,VT-VPA,22-Nov-21,VT-VPA/163,92,,11/22/21 17:00,HAL Airport,11/22/21 17:00,HAL Airport,0:00,0,4939:15 H,3454 L,failed,"Insert failed for log_selection_no VT-VPA/163: Missing references (aircraft VT-VPA, departure HAL Airport, arrival HAL Airport)"
VOID Log,VT-VPA,1-Sep-21,VT-VPA/162,91,,MAINT. LOG,MAINT. LOG,MAINT. LOG,MAINT. LOG,0:00,0,4939:15 H,3454 L,failed,"Insert failed for log_selection_no VT-VPA/162: Missing references (aircraft VT-VPA, departure MAINT. LOG, arrival MAINT. LOG)"
VOID Log,VT-VPA,31-Aug-21,VT-VPA/161,90,,8/31/21 23:59,HAL Airport,8/31/21 23:59,HAL Airport,0:00,0,4939:15 H,3454 L,failed,"Insert failed for log_selection_no VT-VPA/161: Missing references (aircraft VT-VPA, departure HAL Airport, arrival HAL Airport)"
VOID Log,VT-VPA,10-Aug-21,VT-VPA/160,89,,8/10/21 13:45,VOHY,8/10/21 15:05,HAL Airport,0:53,1,4939:15 H,3454 L,failed,"Insert failed for log_selection_no VT-VPA/160: Missing references (aircraft VT-VPA, departure VOHY, arrival HAL Airport)"
VOID Log,VT-VPA,10-Aug-21,VT-VPA/159,89,,8/10/21 10:55,VIDP,8/10/21 13:25,VOHY,1:54,1,4938:22 H,3453 L,failed,Insert failed for log_selection_no VT-VPA/159: No row inserted (conflict or duplicate)
VOID Log,VT-VPA,10-Aug-21,VT-VPA/158,89,,8/10/21 6:55,HAL Airport,8/10/21 9:55,VIDP,2:34,1,4936:28 H,3452 L,failed,"Insert failed for log_selection_no VT-VPA/158: Missing references (aircraft VT-VPA, departure HAL Airport, arrival VIDP)"
VOID Log,VT-VPA,9-Aug-21,VT-VPA/157,88,,8/9/21 11:00,VOHY,8/9/21 12:25,HAL Airport,0:54,1,4933:54 H,3451 L,failed,"Insert failed for log_selection_no VT-VPA/157: Missing references (aircraft VT-VPA, departure VOHY, arrival HAL Airport)"
VOID Log,VT-VPA,7-Aug-21,VT-VPA/155,87,,8/7/21 14:45,VABB,8/7/21 17:05,VOMM,1:37,1,4932:07 H,3449 L,failed,Insert failed for log_selection_no VT-VPA/155: No row inserted (conflict or duplicate)
VOID Log,VT-VPA,7-Aug-21,VT-VPA/154,87,,8/7/21 12:25,VOMM,8/7/21 14:25,VABB,1:35,1,4930:30 H,3448 L,failed,Insert failed for log_selection_no VT-VPA/154: No row inserted (conflict or duplicate)
VOID Log,VT-VPA,5-Aug-21,VT-VPA/153,86,,8/5/21 8:20,VIDP,8/5/21 11:20,VOMM,2:32,1,4928:55 H,3447 L,failed,Insert failed for log_selection_no VT-VPA/153: No row inserted (conflict or duplicate)
VOID Log,VT-VPA,5-Aug-21,VT-VPA/152,86,,8/5/21 5:20,VABB,8/5/21 7:30,VIDP,1:46,1,4926:23 H,3446 L,failed,Insert failed for log_selection_no VT-VPA/152: No row inserted (conflict or duplicate)
VOID Log,VT-VPA,5-Aug-21,VT-VPA/151,86,,8/5/21 2:35,VOMM,8/5/21 4:50,VABB,1:38,1,4924:37 H,3445 L,failed,Insert failed for log_selection_no VT-VPA/151: No row inserted (conflict or duplicate)
VOID Log,VT-VPA,4-Aug-21,VT-VPA/150,85,,8/4/21 9:45,vosm,8/4/21 11:00,VOMM,0:40,1,4922:59 H,3444 L,failed,"Insert failed for log_selection_no VT-VPA/150: Missing references (aircraft VT-VPA, departure vosm, arrival VOMM)"
VOID Log,VT-VPA,4-Aug-21,VT-VPA/149,85,,8/4/21 8:15,VOMM,8/4/21 9:15,vosm,0:39,1,4922:19 H,3443 L,failed,"Insert failed for log_selection_no VT-VPA/149: Missing references (aircraft VT-VPA, departure VOMM, arrival vosm)"
VOID Log,VT-VPA,3-Aug-21,VT-VPA/148,84,,8/3/21 6:25,VABB,8/3/21 8:25,VOMM,1:35,1,4921:40 H,3442 L,failed,Insert failed for log_selection_no VT-VPA/148: No row inserted (conflict or duplicate)
VOID Log,VT-VPA,2-Aug-21,VT-VPA/147,83,,8/2/21 14:40,VAAH,8/2/21 15:55,VABB,0:51,1,4920:05 H,3441 L,failed,Insert failed for log_selection_no VT-VPA/147: No row inserted (conflict or duplicate)
VOID Log,VT-VPA,2-Aug-21,VT-VPA/146,83,,8/2/21 13:10,VABB,8/2/21 14:25,VAAH,0:51,1,4919:14 H,3440 L,failed,Insert failed for log_selection_no VT-VPA/146: No row inserted (conflict or duplicate)
VOID Log,VT-VPA,2-Aug-21,VT-VPA/145,83,,8/2/21 10:45,VOMM,8/2/21 12:45,VABB,1:38,1,4918:23 H,3439 L,failed,Insert failed for log_selection_no VT-VPA/145: No row inserted (conflict or duplicate)
VOID Log,VT-VPA,1-Aug-21,VT-VPA/144,82,,8/1/21 8:55,vosm,8/1/21 9:55,VOMM,0:38,1,4916:45 H,3438 L,failed,"Insert failed for log_selection_no VT-VPA/144: Missing references (aircraft VT-VPA, departure vosm, arrival VOMM)"
VOID Log,VT-VPA,1-Aug-21,VT-VPA/143,82,,8/1/21 7:25,VOMM,8/1/21 8:40,vosm,0:38,1,4916:07 H,3437 L,failed,"Insert failed for log_selection_no VT-VPA/143: Missing references (aircraft VT-VPA, departure VOMM, arrival vosm)"
VOID Log,VT-VPA,30-Jul-21,VT-VPA/142,81,,7/30/21 14:20,VERP,7/30/21 16:25,VOMM,1:29,1,4915:29 H,3436 L,failed,Insert failed for log_selection_no VT-VPA/142: No row inserted (conflict or duplicate)
VOID Log,VT-VPA,30-Jul-21,VT-VPA/141,81,,7/30/21 2:40,VOMM,7/30/21 4:40,VERP,1:32,1,4914:00 H,3435 L,failed,Insert failed for log_selection_no VT-VPA/141: No row inserted (conflict or duplicate)
VOID Log,VT-VPA,29-Jul-21,VT-VPA/140,80,,7/29/21 8:25,VIDP,7/29/21 11:30,VOMM,2:31,1,4912:28 H,3434 L,failed,Insert failed for log_selection_no VT-VPA/140: No row inserted (conflict or duplicate)
VOID Log,VT-VPA,28-Jul-21,VT-VPA/139,79,,7/28/21 10:30,VABB,7/28/21 12:45,VIDP,1:46,1,4909:57 H,3433 L,failed,Insert failed for log_selection_no VT-VPA/139: No row inserted (conflict or duplicate)
VOID Log,VT-VPA,27-Jul-21,VT-VPA/138,78,,7/27/21 2:50,VOMM,7/27/21 5:10,VABB,1:39,1,4908:11 H,3432 L,failed,Insert failed for log_selection_no VT-VPA/138: No row inserted (conflict or duplicate)
VOID Log,VT-VPA,26-Jul-21,VT-VPA/137,77,,7/26/21 6:20,VAAH,7/26/21 8:50,VOMM,2:07,1,4906:32 H,3431 L,failed,Insert failed for log_selection_no VT-VPA/137: No row inserted (conflict or duplicate)
VOID Log,VT-VPA,26-Jul-21,VT-VPA/136,77,,7/26/21 3:10,VOMM,7/26/21 5:50,VAAH,2:07,1,4904:25 H,3430 L,failed,Insert failed for log_selection_no VT-VPA/136: No row inserted (conflict or duplicate)
VOID Log,VT-VPA,20-Jul-21,VT-VPA/135,76,,7/20/21 9:25,VIDP,7/20/21 12:20,VOMM,2:26,1,4902:18 H,3429 L,failed,Insert failed for log_selection_no VT-VPA/135: No row inserted (conflict or duplicate)
VOID Log,VT-VPA,20-Jul-21,VT-VPA/134,76,,7/20/21 5:45,VOMM,7/20/21 9:00,VIDP,2:38,1,4899:52 H,3428 L,failed,Insert failed for log_selection_no VT-VPA/134: No row inserted (conflict or duplicate)
VOID Log,VT-VPA,19-Jul-21,VT-VPA/133,75,,7/19/21 11:25,VABP,7/19/21 13:35,VOMM,1:47,1,4897:14 H,3427 L,failed,Insert failed for log_selection_no VT-VPA/133: No row inserted (conflict or duplicate)
VOID Log,VT-VPA,19-Jul-21,VT-VPA/132,75,,7/19/21 8:40,VISR,7/19/21 11:10,VABP,2:10,1,4895:27 H,3426 L,failed,Insert failed for log_selection_no VT-VPA/132: No row inserted (conflict or duplicate)
VOID Log,VT-VPA,19-Jul-21,VT-VPA/131,75,,7/19/21 7:05,VIAR,7/19/21 8:05,VISR,0:37,1,4893:17 H,3425 L,failed,Insert failed for log_selection_no VT-VPA/131: No row inserted (conflict or duplicate)
VOID Log,VT-VPA,18-Jul-21,VT-VPA/130,74,,7/18/21 9:30,VISR,7/18/21 10:30,VIAR,0:39,1,4892:40 H,3424 L,failed,Insert failed for log_selection_no VT-VPA/130: No row inserted (conflict or duplicate)
VOID Log,VT-VPA,18-Jul-21,VT-VPA/129,74,,7/18/21 5:20,VOMM,7/18/21 9:10,VISR,3:22,1,4892:01 H,3423 L,failed,Insert failed for log_selection_no VT-VPA/129: No row inserted (conflict or duplicate)
VOID Log,VT-VPA,17-Jul-21,VT-VPA/128,73,,7/17/21 11:25,VIDP,7/17/21 14:25,VOMM,2:31,1,4888:39 H,3422 L,failed,Insert failed for log_selection_no VT-VPA/128: No row inserted (conflict or duplicate)
VOID Log,VT-VPA,17-Jul-21,VT-VPA/127,73,,7/17/21 9:30,VISR,7/17/21 11:10,VIDP,1:13,1,4886:08 H,3421 L,failed,Insert failed for log_selection_no VT-VPA/127: No row inserted (conflict or duplicate)
VOID Log,VT-VPA,17-Jul-21,VT-VPA/126,73,,7/17/21 3:40,VIDP,7/17/21 5:25,VISR,1:11,1,4884:55 H,3420 L,failed,Insert failed for log_selection_no VT-VPA/126: No row inserted (conflict or duplicate)
VOID Log,VT-VPA,16-Jul-21,VT-VPA/125,72,,7/16/21 4:05,VOBZ,7/16/21 6:30,VIDP,2:01,1,4883:44 H,3419 L,failed,Insert failed for log_selection_no VT-VPA/125: No row inserted (conflict or duplicate)
VOID Log,VT-VPA,16-Jul-21,VT-VPA/124,72,,7/16/21 2:30,VOMM,7/16/21 3:45,VOBZ,0:54,1,4881:43 H,3418 L,failed,Insert failed for log_selection_no VT-VPA/124: No row inserted (conflict or duplicate)
VOID Log,VT-VPA,10-Jul-21,VT-VPA/123,71,,7/10/21 14:00,VOHY,7/10/21 15:35,VOMM,0:58,1,4880:49 H,3417 L,failed,Insert failed for log_selection_no VT-VPA/123: No row inserted (conflict or duplicate)
VOID Log,VT-VPA,10-Jul-21,VT-VPA/122,71,,7/10/21 11:55,vohs,7/10/21 12:35,VOHY,0:15,1,4879:51 H,3416 L,failed,Insert failed for log_selection_no VT-VPA/122: No row inserted (conflict or duplicate)
VOID Log,VT-VPA,9-Jul-21,VT-VPA/121,70,,7/9/21 14:05,HAL Airport,7/9/21 15:25,vohs,0:54,1,4879:36 H,3415 L,failed,"Insert failed for log_selection_no VT-VPA/121: Missing references (aircraft VT-VPA, departure HAL Airport, arrival vohs)"
VOID Log,VT-VPA,9-Jul-21,VT-VPA/120,70,,7/9/21 3:20,VOHY,7/9/21 4:40,HAL Airport,0:58,1,4878:42 H,3414 L,failed,"Insert failed for log_selection_no VT-VPA/120: Missing references (aircraft VT-VPA, departure VOHY, arrival HAL Airport)"
VOID Log,VT-VPA,9-Jul-21,VT-VPA/119,70,,7/9/21 1:55,VOMM,7/9/21 3:10,VOHY,0:55,1,4877:44 H,3413 L,failed,Insert failed for log_selection_no VT-VPA/119: No row inserted (conflict or duplicate)
VOID Log,VT-VPA,7-Jul-21,VT-VPA/118,69,,7/7/21 6:05,VAAH,7/7/21 8:40,VOMM,2:12,1,4876:49 H,3412 L,failed,Insert failed for log_selection_no VT-VPA/118: No row inserted (conflict or duplicate)
VOID Log,VT-VPA,6-Jul-21,VT-VPA/117,68,,7/6/21 12:20,VOMM,7/6/21 15:05,VAAH,2:02,1,4874:37 H,3411 L,failed,Insert failed for log_selection_no VT-VPA/117: No row inserted (conflict or duplicate)
VOID Log,VT-VPA,6-Jul-21,VT-VPA/116,67,,7/6/21 3:10,VIDP,7/6/21 6:20,VOMM,2:29,1,4872:35 H,3410 L,failed,Insert failed for log_selection_no VT-VPA/116: No row inserted (conflict or duplicate)
VOID Log,VT-VPA,5-Jul-21,VT-VPA/115,66,,7/5/21 9:45,VOMM,7/5/21 13:00,VIDP,2:24,1,4870:06 H,3409 L,failed,Insert failed for log_selection_no VT-VPA/115: No row inserted (conflict or duplicate)
VOID Log,VT-VPA,3-Jul-21,VT-VPA/114,65,,7/3/21 13:50,VOHY,7/3/21 15:10,VOMM,0:56,1,4867:42 H,3408 L,failed,Insert failed for log_selection_no VT-VPA/114: No row inserted (conflict or duplicate)
VOID Log,VT-VPA,3-Jul-21,VT-VPA/113,65,,7/3/21 12:30,VOMM,7/3/21 13:40,VOHY,0:54,1,4866:46 H,3407 L,failed,Insert failed for log_selection_no VT-VPA/113: No row inserted (conflict or duplicate)
VOID Log,VT-VPA,3-Jul-21,VT-VPA/112,64,,7/3/21 3:45,vohs,7/3/21 5:30,VOMM,0:54,1,4865:52 H,3406 L,failed,Insert failed for log_selection_no VT-VPA/112: No row inserted (conflict or duplicate)
VOID Log,VT-VPA,1-Jul-21,VT-VPA/111,63,,7/1/21 12:05,HAL Airport,7/1/21 13:20,vohs,0:55,1,4864:58 H,3405 L,failed,"Insert failed for log_selection_no VT-VPA/111: Missing references (aircraft VT-VPA, departure HAL Airport, arrival vohs)"
VOID Log,VT-VPA,1-Jul-21,VT-VPA/110,63,,7/1/21 10:35,VOCB,7/1/21 11:35,HAL Airport,0:56,1,4864:03 H,3404 L,failed,"Insert failed for log_selection_no VT-VPA/110: Missing references (aircraft VT-VPA, departure VOCB, arrival HAL Airport)"
VOID Log,VT-VPA,1-Jul-21,VT-VPA/109,63,,7/1/21 9:00,VOMM,7/1/21 10:15,VOCB,0:44,1,4863:07 H,3403 L,failed,Insert failed for log_selection_no VT-VPA/109: No row inserted (conflict or duplicate)
VOID Log,VT-VPA,29-Jun-21,VT-VPA/108,62,,6/29/21 12:05,VOHY,6/29/21 13:20,VOMM,0:53,1,4862:23 H,3402 L,failed,Insert failed for log_selection_no VT-VPA/108: No row inserted (conflict or duplicate)
VOID Log,VT-VPA,29-Jun-21,VT-VPA/107,62,,6/29/21 9:25,VIDP,6/29/21 11:50,VOHY,1:56,1,4861:30 H,3401 L,failed,Insert failed for log_selection_no VT-VPA/107: No row inserted (conflict or duplicate)
VOID Log,VT-VPA,27-Jun-21,VT-VPA/106,61,,6/27/21 2:55,vohs,6/27/21 5:25,VIDP,1:59,1,4859:34 H,3400 L,failed,Insert failed for log_selection_no VT-VPA/106: No row inserted (conflict or duplicate)
VOID Log,VT-VPA,27-Jun-21,VT-VPA/105,61,,6/27/21 1:20,VOMM,6/27/21 2:25,vohs,0:48,1,4857:35 H,3399 L,failed,Insert failed for log_selection_no VT-VPA/105: No row inserted (conflict or duplicate)
VOID Log,VT-VPA,26-Jun-21,VT-VPA/104,60,,6/26/21 11:45,VAAH,6/26/21 14:45,VOMM,2:15,1,4856:47 H,3398 L,failed,Insert failed for log_selection_no VT-VPA/104: No row inserted (conflict or duplicate)
VOID Log,VT-VPA,26-Jun-21,VT-VPA/103,60,,6/26/21 2:30,VABB,6/26/21 3:45,VAAH,0:52,1,4854:32 H,3397 L,failed,Insert failed for log_selection_no VT-VPA/103: No row inserted (conflict or duplicate)
VOID Log,VT-VPA,25-Jun-21,VT-VPA/102,59,,6/25/21 9:45,VOMM,6/25/21 11:40,VABB,1:32,1,4853:40 H,3396 L,failed,Insert failed for log_selection_no VT-VPA/102: No row inserted (conflict or duplicate)
VOID Log,VT-VPA,24-Jun-21,VT-VPA/101,58,,6/24/21 11:10,VIDP,6/24/21 14:00,VOMM,2:20,1,4852:08 H,3395 L,failed,Insert failed for log_selection_no VT-VPA/101: No row inserted (conflict or duplicate)
VOID Log,VT-VPA,24-Jun-21,VT-VPA/100,58,,6/24/21 4:55,vohs,6/24/21 7:20,VIDP,2:00,1,4849:48 H,3394 L,failed,Insert failed for log_selection_no VT-VPA/100: No row inserted (conflict or duplicate)
VOID Log,VT-VPA,24-Jun-21,VT-VPA/99,58,,6/24/21 1:05,VOMM,6/24/21 2:15,vohs,0:51,1,4847:48 H,3393 L,failed,Insert failed for log_selection_no VT-VPA/99: No row inserted (conflict or duplicate)
VOID Log,VT-VPA,10-Jun-21,VT-VPA/98,57,,6/10/21 8:45,VOCB,6/10/21 9:55,VOMM,0:51,1,4846:57 H,3392 L,failed,Insert failed for log_selection_no VT-VPA/98: No row inserted (conflict or duplicate)
VOID Log,VT-VPA,9-Jun-21,VT-VPA/97,56,,6/9/21 8:45,VOMM,6/9/21 10:10,VOCB,0:51,1,4846:06 H,3391 L,failed,Insert failed for log_selection_no VT-VPA/97: No row inserted (conflict or duplicate)
VOID Log,VT-VPA,8-Jun-21,VT-VPA/96,55,,6/8/21 9:35,VOMD,6/8/21 11:00,VOMM,0:53,1,4845:15 H,3390 L,failed,"Insert failed for log_selection_no VT-VPA/96: Missing references (aircraft VT-VPA, departure VOMD, arrival VOMM)"
VOID Log,VT-VPA,8-Jun-21,VT-VPA/95,55,,6/8/21 7:10,VOMM,6/8/21 8:10,VOMD,0:45,1,4844:22 H,3389 L,failed,"Insert failed for log_selection_no VT-VPA/95: Missing references (aircraft VT-VPA, departure VOMM, arrival VOMD)"
VOID Log,VT-VPA,3-Jun-21,VT-VPA/94,54,,6/3/21 6:00,VOMD,6/3/21 7:15,VOMM,0:52,1,4843:37 H,3388 L,failed,"Insert failed for log_selection_no VT-VPA/94: Missing references (aircraft VT-VPA, departure VOMD, arrival VOMM)"
VOID Log,VT-VPA,3-Jun-21,VT-VPA/93,54,,6/3/21 4:00,VOMM,6/3/21 5:25,VOMD,0:44,1,4842:45 H,3387 L,failed,"Insert failed for log_selection_no VT-VPA/93: Missing references (aircraft VT-VPA, departure VOMM, arrival VOMD)"
VOID Log,VT-VPA,1-Jun-21,VT-VPA/92,53,,6/1/21 14:10,VABB,6/1/21 16:20,VOMM,1:36,1,4842:01 H,3386 L,failed,Insert failed for log_selection_no VT-VPA/92: No row inserted (conflict or duplicate)
VOID Log,VT-VPA,1-Jun-21,VT-VPA/91,53,,6/1/21 10:30,vohs,6/1/21 12:00,VABB,1:09,1,4840:25 H,3385 L,failed,Insert failed for log_selection_no VT-VPA/91: No row inserted (conflict or duplicate)
VOID Log,VT-VPA,31-May-21,VT-VPA/89,52,,5/31/21 3:15,VOMM,5/31/21 5:25,VABB,1:28,1,4838:12 H,3383 L,failed,Insert failed for log_selection_no VT-VPA/89: No row inserted (conflict or duplicate)
VOID Log,VT-VPA,24-May-21,VT-VPA/88,51,,5/24/21 8:05,VABB,5/24/21 10:00,VOMM,1:33,1,4836:44 H,3382 L,failed,Insert failed for log_selection_no VT-VPA/88: No row inserted (conflict or duplicate)
VOID Log,VT-VPA,24-May-21,VT-VPA/87,51,,5/24/21 5:45,VOMM,5/24/21 7:35,VABB,1:30,1,4835:11 H,3381 L,failed,Insert failed for log_selection_no VT-VPA/87: No row inserted (conflict or duplicate)
VOID Log,VT-VPA,23-May-21,VT-VPA/86,50,,5/23/21 14:30,VOCB,5/23/21 15:40,VOMM,0:48,1,4833:41 H,3380 L,failed,Insert failed for log_selection_no VT-VPA/86: No row inserted (conflict or duplicate)
VOID Log,VT-VPA,23-May-21,VT-VPA/85,50,,5/23/21 11:15,VOMM,5/23/21 12:15,VOCB,0:42,1,4832:53 H,3379 L,failed,Insert failed for log_selection_no VT-VPA/85: No row inserted (conflict or duplicate)
VOID Log,VT-VPA,21-May-21,VT-VPA/84,49,,5/21/21 12:50,VOHY,5/21/21 14:10,VOMM,0:58,1,4832:11 H,3378 L,failed,Insert failed for log_selection_no VT-VPA/84: No row inserted (conflict or duplicate)
VOID Log,VT-VPA,21-May-21,VT-VPA/83,49,,5/21/21 11:00,VOMM,5/21/21 12:35,VOHY,0:54,1,4831:13 H,3377 L,failed,Insert failed for log_selection_no VT-VPA/83: No row inserted (conflict or duplicate)
VOID Log,VT-VPA,21-May-21,VT-VPA/82,48,,5/21/21 5:25,VOHY,5/21/21 7:00,VOMM,0:54,1,4830:19 H,3376 L,failed,Insert failed for log_selection_no VT-VPA/82: No row inserted (conflict or duplicate)
VOID Log,VT-VPA,20-May-21,VT-VPA/81,47,,5/20/21 6:25,VOCB,5/20/21 7:55,VOHY,1:09,1,4829:25 H,3375 L,failed,Insert failed for log_selection_no VT-VPA/81: No row inserted (conflict or duplicate)
VOID Log,VT-VPA,20-May-21,VT-VPA/80,47,,5/20/21 5:10,VOMM,5/20/21 6:10,VOCB,0:41,1,4828:16 H,3374 L,failed,Insert failed for log_selection_no VT-VPA/80: No row inserted (conflict or duplicate)
VOID Log,VT-VPA,17-May-21,VT-VPA/79,46,,5/17/21 12:45,HAL Airport,5/17/21 13:35,VOMM,0:34,1,4827:35 H,3373 L,failed,"Insert failed for log_selection_no VT-VPA/79: Missing references (aircraft VT-VPA, departure HAL Airport, arrival VOMM)"
VOID Log,VT-VPA,17-May-21,VT-VPA/78,46,,5/17/21 11:20,VOMM,5/17/21 12:35,HAL Airport,0:36,1,4827:01 H,3372 L,failed,"Insert failed for log_selection_no VT-VPA/78: Missing references (aircraft VT-VPA, departure VOMM, arrival HAL Airport)"
VOID Log,VT-VPA,17-May-21,VT-VPA/77,45,,5/17/21 4:00,HAL Airport,5/17/21 5:20,VOMM,0:36,1,4826:25 H,3371 L,failed,"Insert failed for log_selection_no VT-VPA/77: Missing references (aircraft VT-VPA, departure HAL Airport, arrival VOMM)"
VOID Log,VT-VPA,17-May-21,VT-VPA/76,45,,5/17/21 2:05,VOMM,5/17/21 2:55,HAL Airport,0:34,1,4825:49 H,3370 L,failed,"Insert failed for log_selection_no VT-VPA/76: Missing references (aircraft VT-VPA, departure VOMM, arrival HAL Airport)"
VOID Log,VT-VPA,VOID,VT-VPA/75,44,,VOID,VOID,VOID,VOID,VOID,0,4825:15 H,3369 L,failed,Insert failed for log_selection_no VT-VPA/75: Invalid flight date
VOID Log,VT-VPA,13-Apr-21,VT-VPA/74,43,,4/13/21 7:50,VOTP,4/13/21 8:40,VOMM,0:19,1,4825:15 H,3369 L,failed,Insert failed for log_selection_no VT-VPA/74: No row inserted (conflict or duplicate)
VOID Log,VT-VPA,12-Apr-21,VT-VPA/73,42,,4/12/21 12:45,VOMM,4/12/21 13:50,VOTP,0:30,1,4824:56 H,3368 L,failed,Insert failed for log_selection_no VT-VPA/73: No row inserted (conflict or duplicate)
VOID Log,VT-VPA,10-Apr-21,VT-VPA/72,41,,4/10/21 11:15,VOCI,4/10/21 12:45,VOMM,0:52,1,4824:26 H,3367 L,failed,"Insert failed for log_selection_no VT-VPA/72: Missing references (aircraft VT-VPA, departure VOCI, arrival VOMM)"
VOID Log,VT-VPA,10-Apr-21,VT-VPA/71,41,,4/10/21 9:15,VOMM,4/10/21 10:50,VOCI,0:53,1,4823:34 H,3366 L,failed,"Insert failed for log_selection_no VT-VPA/71: Missing references (aircraft VT-VPA, departure VOMM, arrival VOCI)"
VOID Log,VT-VPA,9-Apr-21,VT-VPA/70,40,,4/9/21 17:25,HAL Airport,4/9/21 18:30,VOMM,0:34,1,4822:41 H,3365 L,failed,"Insert failed for log_selection_no VT-VPA/70: Missing references (aircraft VT-VPA, departure HAL Airport, arrival VOMM)"
VOID Log,VT-VPA,9-Apr-21,VT-VPA/69,40,,4/9/21 8:05,VOMM,4/9/21 9:00,HAL Airport,0:32,1,4822:07 H,3364 L,failed,"Insert failed for log_selection_no VT-VPA/69: Missing references (aircraft VT-VPA, departure VOMM, arrival HAL Airport)"
VOID Log,VT-VPA,8-Apr-21,VT-VPA/68,39,,4/8/21 11:55,VOHY,4/8/21 13:25,VOMM,1:03,1,4821:35 H,3363 L,failed,Insert failed for log_selection_no VT-VPA/68: No row inserted (conflict or duplicate)
VOID Log,VT-VPA,6-Apr-21,VT-VPA/67,38,,4/6/21 12:35,VERP,4/6/21 14:00,VOHY,1:00,1,4820:32 H,3362 L,failed,Insert failed for log_selection_no VT-VPA/67: No row inserted (conflict or duplicate)
VOID Log,VT-VPA,5-Apr-21,VT-VPA/65,37,,4/5/21 2:30,VOHY,4/5/21 4:15,VEBS,1:24,1,4818:32 H,3360 L,failed,Insert failed for log_selection_no VT-VPA/65: No row inserted (conflict or duplicate)
VOID Log,VT-VPA,4-Apr-21,VT-VPA/64,36,,4/4/21 9:05,VOMM,4/4/21 10:30,VOHY,0:56,1,4817:08 H,3359 L,failed,Insert failed for log_selection_no VT-VPA/64: No row inserted (conflict or duplicate)
VOID Log,VT-VPA,4-Apr-21,VT-VPA/63,36,,4/4/21 6:35,VOGO,4/4/21 8:05,VOMM,1:08,1,4816:12 H,3358 L,failed,"Insert failed for log_selection_no VT-VPA/63: Missing references (aircraft VT-VPA, departure VOGO, arrival VOMM)"
VOID Log,VT-VPA,4-Apr-21,VT-VPA/62,36,,4/4/21 4:25,VOMM,4/4/21 6:00,VOGO,1:10,1,4815:04 H,3357 L,failed,"Insert failed for log_selection_no VT-VPA/62: Missing references (aircraft VT-VPA, departure VOMM, arrival VOGO)"
VOID Log,VT-VPA,2-Apr-21,VT-VPA/61,35,,4/2/21 17:05,VOCB,4/2/21 18:35,VOMM,0:45,1,4813:54 H,3356 L,failed,Insert failed for log_selection_no VT-VPA/61: No row inserted (conflict or duplicate)
VOID Log,VT-VPA,2-Apr-21,VT-VPA/60,35,,4/2/21 13:55,VOMM,4/2/21 15:05,VOCB,0:45,1,4813:09 H,3355 L,failed,Insert failed for log_selection_no VT-VPA/60: No row inserted (conflict or duplicate)
VOID Log,VT-VPA,1-Apr-21,VT-VPA/59,34,,4/1/21 3:10,VOGO,4/1/21 4:50,VOMM,1:18,1,4812:24 H,3354 L,failed,"Insert failed for log_selection_no VT-VPA/59: Missing references (aircraft VT-VPA, departure VOGO, arrival VOMM)"
VOID Log,VT-VPA,1-Apr-21,VT-VPA/58,34,,4/1/21 0:50,VOMM,4/1/21 2:25,VOGO,1:12,1,4811:06 H,3353 L,failed,"Insert failed for log_selection_no VT-VPA/58: Missing references (aircraft VT-VPA, departure VOMM, arrival VOGO)"
VOID Log,VT-VPA,25-Mar-21,VT-VPA/57,33,,3/25/21 15:05,VABB,3/25/21 17:20,VOMM,1:30,1,4809:54 H,3352 L,failed,Insert failed for log_selection_no VT-VPA/57: No row inserted (conflict or duplicate)
VOID Log,VT-VPA,25-Mar-21,VT-VPA/56,33,,3/25/21 11:40,VOMM,3/25/21 13:45,VABB,1:37,1,4808:24 H,3351 L,failed,Insert failed for log_selection_no VT-VPA/56: No row inserted (conflict or duplicate)
VOID Log,VT-VPA,22-Mar-21,VT-VPA/55,32,,3/22/21 13:35,VOMD,3/22/21 14:55,VOMM,0:43,1,4806:47 H,3350 L,failed,"Insert failed for log_selection_no VT-VPA/55: Missing references (aircraft VT-VPA, departure VOMD, arrival VOMM)"
VOID Log,VT-VPA,22-Mar-21,VT-VPA/54,32,,3/22/21 4:05,VOMM,3/22/21 5:15,VOMD,0:51,1,4806:04 H,3349 L,failed,"Insert failed for log_selection_no VT-VPA/54: Missing references (aircraft VT-VPA, departure VOMM, arrival VOMD)"
VOID Log,VT-VPA,21-Mar-21,VT-VPA/53,31,,3/21/21 9:50,VIDP,3/21/21 13:05,VOMM,2:36,1,4805:13 H,3348 L,failed,Insert failed for log_selection_no VT-VPA/53: No row inserted (conflict or duplicate)
VOID Log,VT-VPA,21-Mar-21,VT-VPA/52,31,,3/21/21 3:00,VOHY,3/21/21 5:15,VIDP,1:50,1,4802:37 H,3347 L,failed,Insert failed for log_selection_no VT-VPA/52: No row inserted (conflict or duplicate)
VOID Log,VT-VPA,19-Mar-21,VT-VPA/51,30,,3/19/21 8:10,VABB,3/19/21 9:30,VOHY,0:59,1,4800:47 H,3346 L,failed,Insert failed for log_selection_no VT-VPA/51: No row inserted (conflict or duplicate)
VOID Log,VT-VPA,19-Mar-21,VT-VPA/50,30,,3/19/21 3:30,VOHY,3/19/21 5:00,VABB,1:11,1,4799:48 H,3345 L,failed,Insert failed for log_selection_no VT-VPA/50: No row inserted (conflict or duplicate)
VOID Log,VT-VPA,19-Mar-21,VT-VPA/49,30,,3/19/21 1:35,VOMM,3/19/21 3:05,VOHY,0:53,1,4798:37 H,3344 L,failed,Insert failed for log_selection_no VT-VPA/49: No row inserted (conflict or duplicate)
VOID Log,VT-VPA,16-Mar-21,VT-VPA/48,29,,3/16/21 17:00,vohs,3/16/21 18:10,VOMM,0:50,1,4797:44 H,3343 L,failed,Insert failed for log_selection_no VT-VPA/48: No row inserted (conflict or duplicate)
VOID Log,VT-VPA,16-Mar-21,VT-VPA/47,29,,3/16/21 14:35,VIDP,3/16/21 16:45,vohs,1:51,1,4796:54 H,3342 L,failed,Insert failed for log_selection_no VT-VPA/47: No row inserted (conflict or duplicate)
VOID Log,VT-VPA,15-Mar-21,VT-VPA/46,28,,3/15/21 15:50,VIJP,3/15/21 16:50,VIDP,0:35,1,4795:03 H,3341 L,failed,Insert failed for log_selection_no VT-VPA/46: No row inserted (conflict or duplicate)
VOID Log,VT-VPA,15-Mar-21,VT-VPA/45,28,,3/15/21 3:55,VOHY,3/15/21 6:00,VIJP,1:43,1,4794:28 H,3340 L,failed,Insert failed for log_selection_no VT-VPA/45: No row inserted (conflict or duplicate)
VOID Log,VT-VPA,14-Mar-21,VT-VPA/44,27,,3/14/21 7:25,VOMM,3/14/21 8:40,VOHY,0:55,1,4792:45 H,3339 L,failed,Insert failed for log_selection_no VT-VPA/44: No row inserted (conflict or duplicate)
VOID Log,VT-VPA,13-Mar-21,VT-VPA/43,26,,3/13/21 11:50,VIJP,3/13/21 14:40,VOMM,2:10,1,4791:50 H,3338 L,failed,Insert failed for log_selection_no VT-VPA/43: No row inserted (conflict or duplicate)
VOID Log,VT-VPA,13-Mar-21,VT-VPA/42,26,,3/13/21 1:30,VOMM,3/13/21 4:15,VIJP,2:21,1,4789:40 H,3337 L,failed,Insert failed for log_selection_no VT-VPA/42: No row inserted (conflict or duplicate)
VOID Log,VT-VPA,12-Mar-21,VT-VPA/41,25,,3/12/21 10:00,HAL Airport,3/12/21 11:10,VOMM,0:32,1,4787:19 H,3336 L,failed,"Insert failed for log_selection_no VT-VPA/41: Missing references (aircraft VT-VPA, departure HAL Airport, arrival VOMM)"
VOID Log,VT-VPA,12-Mar-21,VT-VPA/40,25,,3/12/21 2:35,VOMM,3/12/21 3:45,HAL Airport,0:34,1,4786:47 H,3335 L,failed,"Insert failed for log_selection_no VT-VPA/40: Missing references (aircraft VT-VPA, departure VOMM, arrival HAL Airport)"
VOID Log,VT-VPA,10-Feb-21,VT-VPA/39,24,,2/10/21 13:35,HAL Airport,2/10/21 14:40,VOMM,0:37,1,4786:13 H,3334 L,failed,"Insert failed for log_selection_no VT-VPA/39: Missing references (aircraft VT-VPA, departure HAL Airport, arrival VOMM)"
VOID Log,VT-VPA,10-Feb-21,VT-VPA/38,24,,2/10/21 5:05,VOMM,2/10/21 6:05,HAL Airport,0:34,1,4785:36 H,3333 L,failed,"Insert failed for log_selection_no VT-VPA/38: Missing references (aircraft VT-VPA, departure VOMM, arrival HAL Airport)"
VOID Log,VT-VPA,9-Feb-21,VT-VPA/37,23,,2/9/21 10:55,VIDP,2/9/21 14:05,VOMM,2:39,1,4785:02 H,3332 L,failed,Insert failed for log_selection_no VT-VPA/37: No row inserted (conflict or duplicate)
VOID Log,VT-VPA,9-Feb-21,VT-VPA/36,23,,2/9/21 7:05,VOMM,2/9/21 10:10,VIDP,2:42,1,4782:23 H,3331 L,failed,Insert failed for log_selection_no VT-VPA/36: No row inserted (conflict or duplicate)
VOID Log,VT-VPA,9-Feb-21,VT-VPA/35,23,,2/9/21 3:55,VAAH,2/9/21 6:25,VOMM,2:08,1,4779:41 H,3330 L,failed,Insert failed for log_selection_no VT-VPA/35: No row inserted (conflict or duplicate)
VOID Log,VT-VPA,8-Feb-21,VT-VPA/34,22,,2/8/21 9:20,VIDP,2/8/21 11:00,VAAH,1:16,1,4777:33 H,3329 L,failed,Insert failed for log_selection_no VT-VPA/34: No row inserted (conflict or duplicate)
VOID Log,VT-VPA,7-Feb-21,VT-VPA/33,21,,2/7/21 2:55,VOHY,2/7/21 5:20,VIDP,1:59,1,4776:17 H,3328 L,failed,Insert failed for log_selection_no VT-VPA/33: No row inserted (conflict or duplicate)
VOID Log,VT-VPA,7-Feb-21,VT-VPA/32,21,,2/7/21 1:15,VOMM,2/7/21 2:35,VOHY,0:57,1,4774:18 H,3327 L,failed,Insert failed for log_selection_no VT-VPA/32: No row inserted (conflict or duplicate)
VOID Log,VT-VPA,6-Feb-21,VT-VPA/30,20,,2/6/21 3:35,HAL Airport,2/6/21 5:30,VABB,1:30,1,4771:51 H,3325 L,failed,"Insert failed for log_selection_no VT-VPA/30: Missing references (aircraft VT-VPA, departure HAL Airport, arrival VABB)"
VOID Log,VT-VPA,5-Feb-21,VT-VPA/29,19,,2/5/21 11:45,VOMM,2/5/21 12:45,HAL Airport,0:36,1,4770:21 H,3324 L,failed,"Insert failed for log_selection_no VT-VPA/29: Missing references (aircraft VT-VPA, departure VOMM, arrival HAL Airport)"
VOID Log,VT-VPA,4-Feb-21,VT-VPA/28,18,,2/4/21 18:25,HAL Airport,2/4/21 19:10,VOMM,0:32,1,4769:45 H,3323 L,failed,"Insert failed for log_selection_no VT-VPA/28: Missing references (aircraft VT-VPA, departure HAL Airport, arrival VOMM)"
VOID Log,VT-VPA,4-Feb-21,VT-VPA/27,17,,2/4/21 17:15,VOCL,2/4/21 18:10,HAL Airport,0:30,1,4769:13 H,3322 L,failed,"Insert failed for log_selection_no VT-VPA/27: Missing references (aircraft VT-VPA, departure VOCL, arrival HAL Airport)"
VOID Log,VT-VPA,4-Feb-21,VT-VPA/26,17,,2/4/21 8:10,HAL Airport,2/4/21 9:10,VOCL,0:38,1,4768:43 H,3321 L,failed,"Insert failed for log_selection_no VT-VPA/26: Missing references (aircraft VT-VPA, departure HAL Airport, arrival VOCL)"
VOID Log,VT-VPA,4-Feb-21,VT-VPA/25,17,,2/4/21 6:40,VOMM,2/4/21 7:35,HAL Airport,0:39,1,4768:05 H,3320 L,failed,"Insert failed for log_selection_no VT-VPA/25: Missing references (aircraft VT-VPA, departure VOMM, arrival HAL Airport)"
VOID Log,VT-VPA,2-Feb-21,VT-VPA/24,16,,2/2/21 14:05,VABB,2/2/21 15:55,VOMM,1:35,1,4767:26 H,3319 L,failed,Insert failed for log_selection_no VT-VPA/24: No row inserted (conflict or duplicate)
VOID Log,VT-VPA,2-Feb-21,VT-VPA/23,16,,2/2/21 3:10,VOMM,2/2/21 5:00,VABB,1:35,1,4765:51 H,3318 L,failed,Insert failed for log_selection_no VT-VPA/23: No row inserted (conflict or duplicate)
VOID Log,VT-VPA,1-Feb-21,VT-VPA/22,15,,2/1/21 8:30,VICG,2/1/21 11:45,VOMM,2:56,1,4764:16 H,3317 L,failed,"Insert failed for log_selection_no VT-VPA/22: Missing references (aircraft VT-VPA, departure VICG, arrival VOMM)"
VOID Log,VT-VPA,1-Feb-21,VT-VPA/21,15,,2/1/21 4:35,VOMM,2/1/21 7:55,VICG,2:56,1,4761:20 H,3316 L,failed,"Insert failed for log_selection_no VT-VPA/21: Missing references (aircraft VT-VPA, departure VOMM, arrival VICG)"
VOID Log,VT-VPA,29-Jan-21,VT-VPA/20,14,,1/29/21 12:30,VOMM,1/29/21 13:40,VOMM,0:42,1,4758:24 H,3315 L,failed,Insert failed for log_selection_no VT-VPA/20: No row inserted (conflict or duplicate)
VOID Log,VT-VPA,25-Jan-21,VT-VPA/19,13,,1/25/21 4:30,VOMM,1/25/21 5:30,VOMM,0:37,1,4757:42 H,3314 L,failed,Insert failed for log_selection_no VT-VPA/19: No row inserted (conflict or duplicate)
VOID Log,VT-VPA,5-Jan-21,VT-VPA/18,12,,1/5/21 1:30,VOMM,1/5/21 1:30,VOMM,0:00,0,4757:05 H,3313 L,failed,Insert failed for log_selection_no VT-VPA/18: No row inserted (conflict or duplicate)
VOID Log,VT-VPA,4-Jan-21,VT-VPA/17,11,,1/4/21 11:50,VOTP,1/4/21 12:20,VOMM,0:17,1,4757:05 H,3313 L,failed,Insert failed for log_selection_no VT-VPA/17: No row inserted (conflict or duplicate)
VOID Log,VT-VPA,4-Jan-21,VT-VPA/16,10,,1/4/21 10:50,HAL Airport,1/4/21 11:40,VOTP,0:41,1,4756:48 H,3312 L,failed,"Insert failed for log_selection_no VT-VPA/16: Missing references (aircraft VT-VPA, departure HAL Airport, arrival VOTP)"
VOID Log,VT-VPA,4-Jan-21,VT-VPA/15,10,,1/4/21 7:50,VOTP,1/4/21 8:30,HAL Airport,0:30,1,4756:07 H,3311 L,failed,"Insert failed for log_selection_no VT-VPA/15: Missing references (aircraft VT-VPA, departure VOTP, arrival HAL Airport)"
VOID Log,VT-VPA,4-Jan-21,VT-VPA/14,10,,1/4/21 6:50,VOMM,1/4/21 7:35,VOTP,0:29,1,4755:37 H,3310 L,failed,Insert failed for log_selection_no VT-VPA/14: No row inserted (conflict or duplicate)
VOID Log,VT-VPA,3-Jan-21,VT-VPA/13,9,,1/3/21 12:20,VABB,1/3/21 14:25,VOMM,1:41,1,4755:08 H,3309 L,failed,Insert failed for log_selection_no VT-VPA/13: No row inserted (conflict or duplicate)
VOID Log,VT-VPA,3-Jan-21,VT-VPA/12,8,,1/3/21 9:40,VOMM,1/3/21 11:30,VABB,1:32,1,4753:27 H,3308 L,failed,Insert failed for log_selection_no VT-VPA/12: No row inserted (conflict or duplicate)
VOID Log,VT-VPA,3-Jan-21,VT-VPA/11,8,,1/3/21 8:20,HAL Airport,1/3/21 9:10,VOMM,0:35,1,4751:55 H,3307 L,failed,"Insert failed for log_selection_no VT-VPA/11: Missing references (aircraft VT-VPA, departure HAL Airport, arrival VOMM)"
VOID Log,VT-VPA,3-Jan-21,VT-VPA/10,8,,1/3/21 4:10,VIDP,1/3/21 7:15,HAL Airport,2:48,1,4751:20 H,3306 L,failed,"Insert failed for log_selection_no VT-VPA/10: Missing references (aircraft VT-VPA, departure VIDP, arrival HAL Airport)"
VOID Log,VT-VPA,2-Jan-21,VT-VPA/9,7,,1/2/21 16:00,VIDP,1/2/21 16:10,VIDP,0:00,0,4748:32 H,3305 L,failed,Insert failed for log_selection_no VT-VPA/9: No row inserted (conflict or duplicate)
VOID Log,VT-VPA,25-Dec-20,VT-VPA/8,6,,12/25/20 12:00,VIDP,12/25/20 12:10,VIDP,0:00,0,4748:32 H,3305 L,failed,Insert failed for log_selection_no VT-VPA/8: No row inserted (conflict or duplicate)
VOID Log,VT-VPA,11-Dec-20,VT-VPA/7,5,,12/11/20 11:00,VIDP,12/11/20 11:10,VIDP,0:00,0,4748:32 H,3305 L,failed,Insert failed for log_selection_no VT-VPA/7: No row inserted (conflict or duplicate)
VOID Log,VT-VPA,28-Nov-20,VT-VPA/6,4,,11/28/20 9:35,VIDP,11/28/20 12:00,VIDP,1:59,1,4748:32 H,3305 L,failed,Insert failed for log_selection_no VT-VPA/6: No row inserted (conflict or duplicate)
VOID Log,VT-VPA,28-Nov-20,VT-VPA/5,3,,11/28/20 9:00,VIDP,11/28/20 9:10,VIDP,0:00,0,4746:33 H,3304 L,failed,Insert failed for log_selection_no VT-VPA/5: No row inserted (conflict or duplicate)
VOID Log,VT-VPA,20-Nov-20,VT-VPA/4,2,,11/20/20 16:00,VIDP,11/20/20 16:10,VIDP,0:00,0,4746:33 H,3304 L,failed,Insert failed for log_selection_no VT-VPA/4: No row inserted (conflict or duplicate)
VOID Log,VT-VPA,6-Nov-20,VT-VPA/3,1,,11/6/20 16:30,VIDP,11/6/20 16:40,VIDP,0:00,0,4746:33 H,3304 L,failed,Insert failed for log_selection_no VT-VPA/3: No row inserted (conflict or duplicate)
VOID Log,VT-VPA,4-May-19,VT-VPA/2,1027,,5/4/19 11:10,HAL Airport,5/4/19 14:10,VIDP,2:30,1,4746:33 H,3304 L,failed,"Insert failed for log_selection_no VT-VPA/2: Missing references (aircraft VT-VPA, departure HAL Airport, arrival VIDP)"
VOID Log,VT-VPA,4-May-19,VT-VPA/1,1026,,5/4/19 5:25,VAPO,5/4/19 6:45,HAL Airport,1:10,1,4744:03 H,3303 L,failed,"Insert failed for log_selection_no VT-VPA/1: Missing references (aircraft VT-VPA, departure VAPO, arrival HAL Airport)"
