EnquiryID,EnquiryDate,EnquiryNo,CompanyName,ShipmentMoveDate,PortOfOrigin,PortOfDischarge,NoOfContainer,EnquiryType,ReceivedBy,Remarks,Description,Class,UNNo,PackingType,HazRemarks,IsHaz,CreatedBy,CreatedOn,ModifiedOn,IsDeleted,Hazweight,HazVolume,OriginCountry,DestinationCountry,OrignState,DestinationState,OriginCity,DestinationCity,Department,IsDraft,OrgnRailRampId,DestnTerminalId,PickupType,PickupRemark,CustomerInqNo,DelRemarks,UpdatedBy,BillTo,BillToCompanyId,LicenseType,isapproved_enq,sourceofcontact,SitName,DestinationDoor,OriginDoor,GalRepID
121,2018-09-14 00:00:00.000,INQ107045,Junk Trucks  Wanted LLC1111,2018-09-14 00:00:00.000,Savannah,Port Said,1,By Email,NULL,NA,NULL,NULL,NULL,NULL,,0,NULL,2018-09-14 14:20:11.980,NULL,1,NULL,NULL,USA,Egypt,NULL,Florida,NULL,NULL,Ocean Export,1,NULL,NULL,0,NULL,NULL,NA,NULL,1,6517,1,NULL,NULL,MUMBAI (MUM),NULL,NULL,177
426,2021-04-27 00:00:00.000,INQ1010879,International Shipping Link INC,NULL,PORT OF RICHMOND,Riyadh Saudi,1,By Email,NULL,TEST INQ,NULL,NULL,NULL,NULL,NULL,0,NULL,2021-04-27 12:32:44.967,2024-07-18 00:24:16.747,0,NULL,NULL,USA,Saudi Arabia,NULL,NULL,NULL,NULL,Ocean Export,1,NULL,NULL,0,NULL,NULL,NULL,NULL,NULL,NULL,1,0,,Sales & Marketing,NULL,NULL,NULL
430,2021-05-05 00:00:00.000,INQ1010919,FCP Worldwide Logistics (Pvt.) Ltd,NULL,PORTSMOUTH OF NORTH HAMPSHIRE,KARACHI,1,By Email,NULL,ENQUIRY OF 5TH MAY  2021,NULL,NULL,NULL,NULL,NULL,0,NULL,2021-05-05 12:00:21.587,2024-07-18 00:23:45.813,0,NULL,NULL,USA,Pakistan,NULL,NULL,NULL,NULL,Ocean Export,1,NULL,NULL,0,NULL,NULL,NULL,NULL,NULL,NULL,1,0,,Sales & Marketing,NULL,NULL,NULL
434,2021-06-04 00:00:00.000,INQ1011096,FCP Worldwide Logistics (Pvt.) Ltd,NULL,NEW YORK HARBOR,KARACHI,1,By Email,NULL,ONE OUT OF TWO QUERIES. ADDED 40'FT ALSO,NULL,NULL,NULL,NULL,NULL,0,NULL,2021-06-04 14:05:01.430,2021-06-04 14:11:07.253,1,NULL,NULL,USA,Pakistan,NULL,NULL,NULL,NULL,Ocean Export,1,NULL,NULL,0,NULL,NULL,wrong query,NULL,NULL,NULL,1,NULL,NULL,New Jersey (EWR),NULL,NULL,NULL
442,2021-07-07 00:00:00.000,INQ1011277,M.G. Logistics,NULL,Minneapolis,KARACHI,1,By Email,NULL,HAS TO SEND THE QUTATION,NULL,NULL,NULL,NULL,NULL,0,NULL,2021-07-07 13:51:58.360,2024-07-17 03:38:28.660,0,NULL,NULL,USA,Pakistan,NULL,NULL,NULL,NULL,Ocean Export,1,NULL,NULL,0,NULL,NULL,NULL,NULL,NULL,NULL,1,0,,Sales & Marketing,NULL,NULL,NULL
443,2021-07-08 00:00:00.000,INQ1011285,Global Logistic Solutions Pakistan,NULL,Norfolk,KARACHI,1,By Email,NULL,QUOTATION HAS TO BE SEND,NULL,NULL,NULL,NULL,NULL,0,NULL,2021-07-08 10:04:46.033,2024-07-17 03:38:16.337,0,NULL,NULL,USA,Pakistan,NULL,NULL,NULL,NULL,Ocean Export,1,NULL,NULL,0,NULL,NULL,NULL,NULL,NULL,NULL,1,0,,Sales & Marketing,NULL,NULL,NULL
446,2021-07-22 00:00:00.000,INQ1011347,CJI LOGISTIC CHINA,NULL,Los Angeles,Lian Hua Shan,1,By Email,NULL,INQUIRY CREATED,NULL,NULL,NULL,NULL,NULL,0,NULL,2021-07-22 13:41:05.583,2024-07-17 03:36:31.820,0,NULL,NULL,USA,China,NULL,NULL,NULL,NULL,Ocean Export,1,NULL,NULL,0,NULL,NULL,NULL,NULL,NULL,NULL,1,0,,Sales & Marketing,NULL,NULL,NULL
451,2021-08-20 00:00:00.000,INQ1011538,SAP Global Logistics,NULL,None,None,1,By Email,NULL,TRIAL 1  HAS TO BE  COMPLETED,NULL,NULL,NULL,NULL,NULL,0,NULL,2021-08-20 13:05:09.480,2021-08-20 13:10:35.447,1,NULL,NULL,NULL,NULL,NULL,NULL,NULL,NULL,Ocean Export,1,NULL,NULL,0,NULL,NULL,gk' s client,NULL,NULL,NULL,1,NULL,NULL,Inside Sales Group,NULL,NULL,NULL
455,2021-08-30 00:00:00.000,INQ1011574,WEPORT,2021-09-01 00:00:00.000,DENVER,San Jose ,1,By Email,NULL,ARJUN ASKED JUST TO CREATE INQUIRY,NULL,NULL,NULL,NULL,NULL,0,NULL,2021-08-30 10:37:14.650,NULL,1,NULL,NULL,USA,Guatemala,NULL,NULL,NULL,NULL,Ocean Export,1,NULL,NULL,0,NULL,NULL,duplicate,NULL,NULL,NULL,1,NULL,NULL,Inside Sales Group,NULL,NULL,NULL
456,2021-08-30 00:00:00.000,INQ1011575,Vertex Express Freight Forwarder1111,2021-09-01 00:00:00.000,Long Beach,Port Said,NULL,By Email,NULL,ARJUN ASKED TO MAKE JUST INQUIRY,NULL,NULL,NULL,NULL,NULL,0,NULL,2021-08-30 10:49:28.653,NULL,1,NULL,NULL,USA,Egypt,NULL,NULL,NULL,NULL,Ocean Export,1,NULL,NULL,0,NULL,NULL,duplicate,NULL,NULL,NULL,1,NULL,NULL,Inside Sales Group,NULL,NULL,NULL
463,2022-03-26 00:00:00.000,INQ1012675,FLASH EXPRESS LOGISTICS,2022-04-02 00:00:00.000,NEW YORK,JAKARTA,2,By Email,NULL,Cargo details awaited refer mail dated 25 th March from HH to customer,NULL,NULL,NULL,NULL,NULL,0,NULL,2022-03-26 06:25:37.100,NULL,1,NULL,NULL,USA,Indonesia,NULL,NULL,NULL,NULL,Ocean Export,1,NULL,NULL,0,NULL,NULL,customer never came back with a reply,NULL,1,15393,1,NULL,NULL,Inside Sales Group,NULL,NULL,NULL
464,2022-04-12 00:00:00.000,INQ1012724,"SHANGHAI OJI INTERNATIONAL TRANSPORTATION CO.,LTD",2022-04-19 00:00:00.000,Norfolk,changsha,1,By Email,NULL,WAITING FOR ACTUAL DIMS & WEIGHT FROM THE CUSTOMER,NULL,NULL,NULL,NULL,NULL,0,NULL,2022-04-12 01:48:49.310,NULL,1,NULL,NULL,USA,China,NULL,NULL,NULL,NULL,Ocean Export,1,NULL,NULL,0,NULL,NULL,Customer never reply,NULL,1,15477,1,NULL,NULL,Inside Sales Group,NULL,NULL,NULL
466,2022-05-23 00:00:00.000,INQ1012880,ARIKAS LOGISTICS,2022-05-30 00:00:00.000,Minneapolis,Mumbai,1,By Email,NULL,INSUFFICIENT INFO BY THE AGENT.,NULL,NULL,NULL,NULL,,0,NULL,2022-05-23 08:08:44.230,NULL,1,NULL,NULL,USA,India,NULL,NULL,NULL,NULL,Ocean Export,1,NULL,NULL,0,NULL,NULL,Inactive,NULL,1,12990,1,NULL,NULL,Inside Sales Group,NULL,NULL,NULL
469,2022-06-01 00:00:00.000,INQ20108,VAT FORWARDING JSC.,2022-06-08 00:00:00.000,HO CHI MINH CITY,Atlanta,1,By Email,NULL,Waiting for customer feedback,NULL,NULL,NULL,NULL,NULL,0,NULL,2022-05-31 18:34:39.650,NULL,1,NULL,NULL,Vietnam,USA,NULL,NULL,NULL,NULL,Ocean Import,1,NULL,NULL,0,NULL,NULL,Duplicate,NULL,1,15606,1,NULL,NULL,Inside Sales Group,NULL,NULL,NULL
480,2022-09-09 00:00:00.000,INQ1013532,KRYSTAL LOGISTICS,2022-09-19 00:00:00.000,Los Angeles,SHANGHAI,2,By Email,NULL,QUOTATION TO BE CREATED BY WEAAM,NULL,NULL,NULL,NULL,NULL,0,NULL,2022-09-09 10:19:44.597,NULL,1,NULL,NULL,USA,China,NULL,NULL,NULL,NULL,Ocean Export,1,NULL,NULL,0,NULL,NULL,COMPANY  DETAILS WRONG,NULL,1,16104,1,NULL,NULL,Inside Sales Group,NULL,NULL,NULL
493,2023-02-16 00:00:00.000,INQ1014405,ATLAS LOGISTICS INTERNATIONAL,NULL,None,None,NULL,By Email,NULL,Tis is for marketing,NULL,NULL,NULL,NULL,NULL,0,NULL,2023-02-16 03:02:46.933,2023-02-16 03:15:14.970,1,NULL,NULL,NULL,NULL,NULL,NULL,NULL,NULL,Ocean Export,1,NULL,NULL,0,NULL,NULL,This was a test record captured by Chaks and hence deleted by him,NULL,NULL,NULL,1,NULL,NULL,CAM,NULL,NULL,240
509,2023-10-06 00:00:00.000,INQ1016279,STANDPRO INC,1900-01-01 00:00:00.000,"Laredo, TX",hong kong,1,By Email,NULL,"EXW- Major Texas Printing Company,  1500 W, Mockingbird Lane, Dallas, TX 75235",NULL,NULL,NULL,NULL,NULL,0,NULL,2023-10-06 11:55:09.450,2023-10-06 11:58:08.763,0,NULL,NULL,USA,China,NULL,NULL,NULL,NULL,Ocean Export,1,NULL,NULL,0,NULL,NULL,NULL,NULL,1,15062,1,NULL,NULL,CAM,NULL,NULL,NULL
719,2024-03-25 00:00:00.000,INQ1017763,MGL INQUIRY PURPOSE,2024-03-31 00:00:00.000,NEW YORK,MUNDRA,1,By Email,NULL,QUOTATION,NULL,NULL,NULL,NULL,NULL,0,NULL,2024-03-25 12:38:58.020,NULL,1,NULL,NULL,USA,India,NULL,NULL,NULL,NULL,Ocean Export,1,NULL,NULL,0,NULL,NULL,duplicate,NULL,1,18031,1,NULL,NULL,Inside Sales Group,NULL,NULL,NULL
720,2024-03-25 00:00:00.000,INQ1017765,PERUVIAN SUPPLY PARTNERS,2024-03-31 00:00:00.000,"PORT HURON, MI",MUNDRA,2,By Email,NULL,QUOTATION,NULL,NULL,NULL,NULL,NULL,0,NULL,2024-03-25 14:28:36.787,NULL,1,NULL,NULL,USA,India,NULL,NULL,NULL,NULL,Ocean Export,1,NULL,NULL,0,NULL,NULL,DUPLICATE,NULL,1,15782,1,NULL,NULL,Inside Sales Group,NULL,NULL,NULL
721,2024-03-25 00:00:00.000,INQ1017769,MGL INQUIRY PURPOSE,2024-03-31 00:00:00.000,"Laredo, TX",Callao,1,By Email,NULL,QUOTATION,NULL,NULL,NULL,NULL,NULL,0,NULL,2024-03-25 17:25:46.970,NULL,1,NULL,NULL,USA,Peru,NULL,NULL,NULL,NULL,Ocean Export,1,NULL,NULL,0,NULL,NULL,DUPLICATE,NULL,1,18031,1,NULL,NULL,Inside Sales Group,NULL,NULL,NULL
757,2024-06-14 00:00:00.000,INQ1018252,BRAVIA SUPPLY,2024-06-17 00:00:00.000,U.S.A.,Callao,1,By Email,NULL,QUOTATION,NULL,NULL,NULL,NULL,NULL,0,NULL,2024-06-14 09:28:26.770,NULL,0,NULL,NULL,USA,Peru,NULL,NULL,NULL,NULL,Ocean Export,1,NULL,NULL,0,NULL,NULL,NULL,NULL,1,16437,1,0,EMAIL,Inside Sales Group,NULL,NULL,NULL
758,2024-06-14 00:00:00.000,INQ1018253,BRAVIA SUPPLY,2024-06-17 00:00:00.000,U.S.A.,Callao,1,By Email,NULL,QUOTATION,NULL,NULL,NULL,NULL,NULL,0,NULL,2024-06-14 09:30:36.023,NULL,0,NULL,NULL,USA,Peru,NULL,NULL,NULL,NULL,Ocean Export,1,NULL,NULL,0,NULL,NULL,NULL,NULL,1,16437,1,0,EMAIL,Inside Sales Group,NULL,NULL,NULL
760,2024-06-24 00:00:00.000,INQ1018299,Shanghai Senting International Freight Forwarding ,2024-06-29 00:00:00.000,U.S.A.,SHANGHAI,2,By Email,NULL,QUOTATION,NULL,NULL,NULL,NULL,NULL,0,NULL,2024-06-24 10:09:20.800,NULL,0,NULL,NULL,USA,China,NULL,NULL,NULL,NULL,Ocean Export,1,NULL,NULL,0,NULL,NULL,NULL,NULL,1,18234,1,0,,Inside Sales Group,NULL,NULL,NULL
761,2024-06-24 00:00:00.000,INQ1018302,Preferred Tool & Die Inc,NULL,None,None,NULL,By Email,NULL,Auto Generated,NULL,NULL,NULL,NULL,NULL,0,NULL,2024-06-24 11:19:38.310,NULL,0,NULL,NULL,NULL,NULL,NULL,NULL,NULL,NULL,Ocean Export,1,NULL,NULL,0,NULL,,NULL,NULL,NULL,NULL,1,0,,Sales & Marketing,NULL,NULL,NULL
762,2024-06-24 00:00:00.000,INQ1018303,Gibbs Interwire,NULL,None,None,NULL,By Email,NULL,Auto Generated,NULL,NULL,NULL,NULL,NULL,0,NULL,2024-06-24 11:28:09.537,NULL,0,NULL,NULL,NULL,NULL,NULL,NULL,NULL,NULL,Ocean Export,1,NULL,NULL,0,NULL,,NULL,NULL,NULL,NULL,1,0,,Sales & Marketing,NULL,NULL,NULL
763,2024-06-24 00:00:00.000,INQ1018306,American Specialties Inc.,NULL,None,None,NULL,By Email,NULL,Auto Generated,NULL,NULL,NULL,NULL,NULL,0,NULL,2024-06-24 11:41:53.530,NULL,0,NULL,NULL,NULL,NULL,NULL,NULL,NULL,NULL,Ocean Export,1,NULL,NULL,0,NULL,,NULL,NULL,NULL,NULL,1,0,,Sales & Marketing,NULL,NULL,NULL
765,2024-06-25 00:00:00.000,INQ1018321,Sepro Mixing & Pumping,NULL,None,None,NULL,By Email,NULL,Auto Generated,NULL,NULL,NULL,NULL,NULL,0,NULL,2024-06-25 10:39:06.627,NULL,0,NULL,NULL,NULL,NULL,NULL,NULL,NULL,NULL,Ocean Export,1,NULL,NULL,0,NULL,,NULL,NULL,NULL,NULL,1,0,,Sales & Marketing,NULL,NULL,NULL
767,2024-06-25 00:00:00.000,INQ1018328,PANORAMA LOGISTICS,2024-06-30 00:00:00.000,U.S.A.,Santos,1,By Email,NULL,QUOTATION,NULL,NULL,NULL,NULL,NULL,0,NULL,2024-06-25 14:17:13.213,NULL,0,NULL,NULL,USA,Brazil,NULL,NULL,NULL,NULL,Ocean Export,1,NULL,NULL,0,NULL,NULL,NULL,NULL,1,17442,1,0,EMAIL,Inside Sales Group,NULL,NULL,NULL
768,2024-06-25 00:00:00.000,INQ1018333,Innglo Global Shipping LLC,NULL,None,None,NULL,By Email,NULL,Auto Generated,NULL,NULL,NULL,NULL,NULL,0,NULL,2024-06-25 16:52:15.017,NULL,0,NULL,NULL,NULL,NULL,NULL,NULL,NULL,NULL,Ocean Export,1,NULL,NULL,0,NULL,,NULL,NULL,NULL,NULL,1,0,,Sales & Marketing,NULL,NULL,NULL
769,2024-06-26 00:00:00.000,INQ1018335,American Auto Centers,2024-07-03 00:00:00.000,TEXAS,JEBEL ALI,2,By Email,NULL,QUOTATION,NULL,NULL,NULL,NULL,NULL,0,NULL,2024-06-26 09:43:34.240,NULL,0,NULL,NULL,    United States of America                      ,United Arab Emirates,NULL,NULL,NULL,NULL,Ocean Export,1,NULL,NULL,0,NULL,NULL,NULL,NULL,1,18243,1,0,,Inside Sales Group,NULL,NULL,NULL
770,2024-06-26 00:00:00.000,INQ1018337,Lefkas Inc. & Burnt Circuit Inc.,NULL,None,None,NULL,By Email,NULL,Auto Generated,NULL,NULL,NULL,NULL,NULL,0,NULL,2024-06-26 11:01:02.537,NULL,0,NULL,NULL,NULL,NULL,NULL,NULL,NULL,NULL,Ocean Export,1,NULL,NULL,0,NULL,,NULL,NULL,NULL,NULL,1,0,,Sales & Marketing,NULL,NULL,NULL
771,2024-06-26 00:00:00.000,INQ1018340,American Auto Centers,NULL,TEXAS,JEBEL ALI,2,By Email,NULL,QUOTATION,NULL,NULL,NULL,NULL,NULL,0,NULL,2024-06-26 11:26:33.453,NULL,0,NULL,NULL,    United States of America                      ,United Arab Emirates,NULL,NULL,NULL,NULL,Ocean Export,1,NULL,NULL,0,NULL,NULL,NULL,NULL,1,18243,1,0,,Inside Sales Group,NULL,NULL,NULL
772,2024-06-26 00:00:00.000,INQ1018341,American Auto Centers,NULL,TEXAS,JEBEL ALI,2,By Email,NULL,QUOTATION,NULL,NULL,NULL,NULL,NULL,0,NULL,2024-06-26 11:35:58.757,NULL,0,NULL,NULL,    United States of America                      ,United Arab Emirates,NULL,NULL,NULL,NULL,Ocean Export,1,NULL,NULL,0,NULL,NULL,NULL,NULL,1,18243,1,0,,Inside Sales Group,NULL,NULL,NULL
773,2024-06-26 00:00:00.000,INQ1018343,American Auto Centers,NULL,TEXAS,Jeddah,2,By Email,NULL,QUOTATION TO BE PREPARED,NULL,NULL,NULL,NULL,NULL,0,NULL,2024-06-26 11:42:54.893,NULL,0,NULL,NULL,    United States of America                      ,Saudi Arabia,NULL,NULL,NULL,NULL,Ocean Export,1,NULL,NULL,0,NULL,NULL,NULL,NULL,1,18243,1,0,,Inside Sales Group,NULL,NULL,NULL
774,2024-06-26 00:00:00.000,INQ1018345,AHMAD YOUSEFF M.AL MESNED TRADINGCO,NULL,None,None,NULL,By Email,NULL,Auto Generated,NULL,NULL,NULL,NULL,NULL,0,NULL,2024-06-26 11:51:09.153,NULL,0,NULL,NULL,NULL,NULL,NULL,NULL,NULL,NULL,Ocean Export,1,NULL,NULL,0,NULL,,NULL,NULL,NULL,NULL,1,0,,Sales & Marketing,NULL,NULL,NULL
775,2024-06-26 00:00:00.000,INQ1018348,Luminex Shipping LLC,NULL,None,None,NULL,By Email,NULL,Auto Generated,NULL,NULL,NULL,NULL,NULL,0,NULL,2024-06-26 14:38:15.993,NULL,0,NULL,NULL,NULL,NULL,NULL,NULL,NULL,NULL,Ocean Export,1,NULL,NULL,0,NULL,,NULL,NULL,NULL,NULL,1,0,,Hamid Hussaini,NULL,NULL,NULL
778,2024-06-28 00:00:00.000,INQ1018367,BRIAN  NGUYEN,NULL,None,None,NULL,By Email,NULL,Auto Generated,NULL,NULL,NULL,NULL,NULL,0,NULL,2024-06-28 13:17:55.473,NULL,0,NULL,NULL,NULL,NULL,NULL,NULL,NULL,NULL,Ocean Export,1,NULL,NULL,0,NULL,,NULL,NULL,NULL,NULL,1,0,,Inside Sales Group,NULL,NULL,NULL
780,2024-07-01 00:00:00.000,INQ1018383,SHANGHAI LIN YUAN TRADE LIMITED,NULL,None,None,NULL,By Email,NULL,Auto Generated,NULL,NULL,NULL,NULL,NULL,0,NULL,2024-07-01 13:43:41.970,NULL,0,NULL,NULL,NULL,NULL,NULL,NULL,NULL,NULL,Ocean Export,1,NULL,NULL,0,NULL,,NULL,NULL,NULL,NULL,1,0,,Inside Sales Group,NULL,NULL,NULL
781,2024-07-07 00:00:00.000,INQ1018404,GM Machinery Movers,NULL,None,None,NULL,By Email,NULL,Auto Generated,NULL,NULL,NULL,NULL,NULL,0,NULL,2024-07-07 02:55:22.837,NULL,0,NULL,NULL,NULL,NULL,NULL,NULL,NULL,NULL,Ocean Export,1,NULL,NULL,0,NULL,,NULL,NULL,NULL,NULL,1,0,,Sales & Marketing,NULL,NULL,NULL
783,2024-07-09 00:00:00.000,INQ1018427,HB Fuller Construction Products Inc,NULL,None,None,NULL,By Email,NULL,Auto Generated,NULL,NULL,NULL,NULL,NULL,0,NULL,2024-07-09 19:51:31.427,NULL,0,NULL,NULL,NULL,NULL,NULL,NULL,NULL,NULL,Ocean Export,1,NULL,NULL,0,NULL,,NULL,NULL,NULL,NULL,1,0,,Sales & Marketing,NULL,NULL,NULL
791,2024-07-12 00:00:00.000,INQ1018451,Shri Springlake LLC.,NULL,None,None,NULL,By Email,NULL,Auto Generated,NULL,NULL,NULL,NULL,NULL,0,NULL,2024-07-12 15:05:21.833,NULL,0,NULL,NULL,NULL,NULL,NULL,NULL,NULL,NULL,Ocean Export,1,NULL,NULL,0,NULL,,NULL,NULL,NULL,NULL,1,0,,MUMBAI (MUM),NULL,NULL,NULL
792,2024-07-15 00:00:00.000,INQ1018468,Feroleto Steel Co Inc,NULL,None,None,NULL,By Email,NULL,Auto Generated,NULL,NULL,NULL,NULL,NULL,0,NULL,2024-07-15 14:53:29.733,NULL,0,NULL,NULL,NULL,NULL,NULL,NULL,NULL,NULL,Ocean Export,1,NULL,NULL,0,NULL,,NULL,NULL,NULL,NULL,1,0,,Sales & Marketing,NULL,NULL,NULL
793,2024-07-16 00:00:00.000,INQ1018473,"City Ocean Logistics Co.,Ltd.",NULL,None,None,NULL,By Email,NULL,Auto Generated,NULL,NULL,NULL,NULL,NULL,0,NULL,2024-07-16 11:41:29.353,NULL,0,NULL,NULL,NULL,NULL,NULL,NULL,NULL,NULL,Ocean Export,1,NULL,NULL,0,NULL,,NULL,NULL,NULL,NULL,1,0,,Inside Sales Group,NULL,NULL,NULL
794,2024-07-16 00:00:00.000,INQ1018475,DONALDSON CO INC,NULL,None,None,NULL,By Email,NULL,Auto Generated,NULL,NULL,NULL,NULL,NULL,0,NULL,2024-07-16 12:45:28.660,NULL,0,NULL,NULL,NULL,NULL,NULL,NULL,NULL,NULL,Ocean Export,1,NULL,NULL,0,NULL,,NULL,NULL,NULL,NULL,1,0,,Inside Sales Group,NULL,NULL,NULL
795,2024-07-16 00:00:00.000,INQ1018478,DONALDSON MIDDLE EAST FILTRATION SYSTEMS LLC,NULL,None,None,NULL,By Email,NULL,Auto Generated,NULL,NULL,NULL,NULL,NULL,0,NULL,2024-07-16 13:07:30.377,NULL,0,NULL,NULL,NULL,NULL,NULL,NULL,NULL,NULL,Ocean Export,1,NULL,NULL,0,NULL,,NULL,NULL,NULL,NULL,1,0,,Sales & Marketing,NULL,NULL,NULL
796,2024-07-16 00:00:00.000,INQ1018485,AL JOAIB INTERNATIONAL COMPANY,NULL,None,None,NULL,By Email,NULL,Auto Generated,NULL,NULL,NULL,NULL,NULL,0,NULL,2024-07-16 14:51:28.590,NULL,0,NULL,NULL,NULL,NULL,NULL,NULL,NULL,NULL,Ocean Export,1,NULL,NULL,0,NULL,,NULL,NULL,NULL,NULL,1,0,,Sales & Marketing,NULL,NULL,NULL
797,2024-07-16 00:00:00.000,INQ1018494,Nishan Transport Inc.,NULL,None,None,NULL,By Email,NULL,Auto Generated,NULL,NULL,NULL,NULL,NULL,0,NULL,2024-07-16 16:03:29.020,NULL,0,NULL,NULL,NULL,NULL,NULL,NULL,NULL,NULL,Ocean Export,1,NULL,NULL,0,NULL,,NULL,NULL,NULL,NULL,1,0,,MUMBAI (MUM),NULL,NULL,NULL
798,2024-07-18 00:00:00.000,INQ1018512,ROADONE INTERMODALOGISTICS,NULL,None,None,NULL,By Email,NULL,Auto Generated,NULL,NULL,NULL,NULL,NULL,0,NULL,2024-07-18 17:54:33.410,NULL,0,NULL,NULL,NULL,NULL,NULL,NULL,NULL,NULL,Ocean Export,1,NULL,NULL,0,NULL,,NULL,NULL,NULL,NULL,1,0,,Inside Sales Group,NULL,NULL,NULL
801,2024-07-21 00:00:00.000,INQ1018524,"Energy Kinetics, LLC111111",NULL,None,None,NULL,By Email,NULL,Auto Generated,NULL,NULL,NULL,NULL,NULL,0,NULL,2024-07-21 04:24:35.313,2025-08-19 08:55:23.943,0,NULL,NULL,NULL,NULL,NULL,NULL,NULL,NULL,Ocean Export,1,NULL,NULL,0,NULL,,NULL,NULL,NULL,NULL,1,0,,CAIRO (CAI),NULL,NULL,NULL
802,2024-07-22 00:00:00.000,INQ1018527,FREIGHT WORLD GROUP,NULL,None,None,NULL,By Email,NULL,Auto Generated,NULL,NULL,NULL,NULL,NULL,0,NULL,2024-07-22 08:58:59.490,NULL,0,NULL,NULL,NULL,NULL,NULL,NULL,NULL,NULL,Ocean Export,1,NULL,NULL,0,NULL,,NULL,NULL,NULL,NULL,1,0,,Sales & Marketing,NULL,NULL,NULL
803,2024-07-22 00:00:00.000,INQ1018534,"123 Security Products, Inc.",NULL,None,None,NULL,By Email,NULL,Auto Generated,NULL,NULL,NULL,NULL,NULL,0,NULL,2024-07-22 15:16:15.990,NULL,1,NULL,NULL,NULL,NULL,NULL,NULL,NULL,NULL,Ocean Export,1,NULL,NULL,0,NULL,,This lead was a trial generation,NULL,NULL,NULL,1,0,,New Jersey (EWR),NULL,NULL,NULL
804,2024-07-22 00:00:00.000,INQ1018535,"123 Security Products, Inc.",NULL,None,None,NULL,By Email,NULL,Auto Generated,NULL,NULL,NULL,NULL,NULL,0,NULL,2024-07-22 15:19:26.853,NULL,1,NULL,NULL,NULL,NULL,NULL,NULL,NULL,NULL,Ocean Export,1,NULL,NULL,0,NULL,,Duplicate,NULL,NULL,NULL,1,0,,Sales & Marketing,NULL,NULL,NULL
805,2024-07-23 00:00:00.000,INQ1018539,Petersen Products,NULL,None,None,NULL,By Email,NULL,Auto Generated,NULL,NULL,NULL,NULL,NULL,0,NULL,2024-07-23 11:45:12.460,NULL,0,NULL,NULL,NULL,NULL,NULL,NULL,NULL,NULL,Ocean Export,1,NULL,NULL,0,NULL,,NULL,NULL,NULL,NULL,1,0,,Sales & Marketing,NULL,NULL,NULL
806,2024-07-23 00:00:00.000,INQ1018541,A&M Intermodal Inc.,NULL,None,None,NULL,By Email,NULL,Auto Generated,NULL,NULL,NULL,NULL,NULL,0,NULL,2024-07-23 12:36:44.527,NULL,0,NULL,NULL,NULL,NULL,NULL,NULL,NULL,NULL,Ocean Export,1,NULL,NULL,0,NULL,,NULL,NULL,NULL,NULL,1,0,,MUMBAI (MUM),NULL,NULL,NULL
807,2024-07-23 00:00:00.000,INQ1018544,Horus Trade LLC,NULL,None,None,NULL,By Email,NULL,Auto Generated,NULL,NULL,NULL,NULL,NULL,0,NULL,2024-07-23 14:36:17.557,NULL,0,NULL,NULL,NULL,NULL,NULL,NULL,NULL,NULL,Ocean Export,1,NULL,NULL,0,NULL,,NULL,NULL,NULL,NULL,1,0,,Sales & Marketing,NULL,NULL,NULL
808,2024-07-23 00:00:00.000,INQ1018545,Robeck International Freight SA Pty Ltd,NULL,None,None,NULL,By Email,NULL,Auto Generated,NULL,NULL,NULL,NULL,NULL,0,NULL,2024-07-23 14:52:48.530,2024-07-31 16:23:14.967,0,NULL,NULL,NULL,NULL,NULL,NULL,NULL,NULL,Ocean Export,1,NULL,NULL,0,NULL,,NULL,NULL,NULL,NULL,1,0,,Sales & Marketing,NULL,NULL,NULL
809,2024-07-23 00:00:00.000,INQ1018546,IBRAHIM Mohammed Nasr Elshaboury,NULL,None,None,NULL,By Email,NULL,Auto Generated,NULL,NULL,NULL,NULL,NULL,0,NULL,2024-07-23 14:53:22.667,2024-07-31 16:24:28.627,0,NULL,NULL,NULL,NULL,NULL,NULL,NULL,NULL,Ocean Export,1,NULL,NULL,0,NULL,,NULL,NULL,NULL,NULL,1,0,,Sales & Marketing,NULL,NULL,NULL
810,2024-07-23 00:00:00.000,INQ1018547,IT Global INC,NULL,None,None,NULL,By Email,NULL,Auto Generated,NULL,NULL,NULL,NULL,NULL,0,NULL,2024-07-23 14:57:32.323,2024-07-31 16:25:48.043,0,NULL,NULL,NULL,NULL,NULL,NULL,NULL,NULL,Ocean Export,1,NULL,NULL,0,NULL,,NULL,NULL,NULL,NULL,1,0,,Sales & Marketing,NULL,NULL,NULL
811,2024-07-23 00:00:00.000,INQ1018548,MACSONS SHIPPING AGENCIES PRIVATE LIMITED,NULL,None,None,NULL,By Email,NULL,Auto Generated,NULL,NULL,NULL,NULL,NULL,0,NULL,2024-07-23 15:07:31.927,2024-07-31 16:26:46.930,0,NULL,NULL,NULL,NULL,NULL,NULL,NULL,NULL,Ocean Export,1,NULL,NULL,0,NULL,,NULL,NULL,NULL,NULL,1,0,,Sales & Marketing,NULL,NULL,NULL
812,2024-07-23 00:00:00.000,INQ1018551,CHUMBLEY ENTERPRISES,NULL,None,None,NULL,By Email,NULL,Not i,NULL,NULL,NULL,NULL,NULL,0,NULL,2024-07-23 17:21:38.030,2025-12-01 12:03:19.427,0,NULL,NULL,NULL,NULL,NULL,NULL,NULL,NULL,Ocean Export,1,NULL,NULL,0,NULL,,NULL,NULL,NULL,NULL,1,0,,Sales & Marketing,NULL,NULL,NULL
813,2024-07-25 00:00:00.000,INQ1018557,MUX CORPORATION US,NULL,None,None,NULL,By Email,NULL,Auto Generated,NULL,NULL,NULL,NULL,NULL,0,NULL,2024-07-25 13:18:00.283,2024-07-31 16:32:56.967,0,NULL,NULL,NULL,NULL,NULL,NULL,NULL,NULL,Ocean Export,1,NULL,NULL,0,NULL,,NULL,NULL,NULL,NULL,1,0,,Sales & Marketing,NULL,NULL,NULL
814,2024-07-25 00:00:00.000,INQ1018558,Newport Express Corporation,NULL,None,None,NULL,By Email,NULL,Auto Generated,NULL,NULL,NULL,NULL,NULL,0,NULL,2024-07-25 13:19:56.567,2024-07-31 16:50:13.777,0,NULL,NULL,NULL,NULL,NULL,NULL,NULL,NULL,Ocean Export,1,NULL,NULL,0,NULL,,NULL,NULL,NULL,NULL,1,0,,Sales & Marketing,NULL,NULL,NULL
815,2024-07-25 00:00:00.000,INQ1018559,Newport Express Corporation,NULL,None,None,NULL,By Email,NULL,Auto Generated,NULL,NULL,NULL,NULL,NULL,0,NULL,2024-07-25 13:22:09.730,NULL,1,NULL,NULL,NULL,NULL,NULL,NULL,NULL,NULL,Ocean Export,1,NULL,NULL,0,NULL,,duplicate,NULL,NULL,NULL,1,0,,New Jersey (EWR),NULL,NULL,NULL
816,2024-07-25 00:00:00.000,INQ1018560,SWIFT WORLDWIDE FREIGHT & TRANSPORT LLC,NULL,None,None,NULL,By Email,NULL,Auto Generated,NULL,NULL,NULL,NULL,NULL,0,NULL,2024-07-25 13:25:44.507,2024-07-31 16:51:35.670,0,NULL,NULL,NULL,NULL,NULL,NULL,NULL,NULL,Ocean Export,1,NULL,NULL,0,NULL,,NULL,NULL,NULL,NULL,1,0,,Sales & Marketing,NULL,NULL,NULL
817,2024-07-25 00:00:00.000,INQ1018561,Tru-V Logistic Sdn Bhd,NULL,None,None,NULL,By Email,NULL,Auto Generated,NULL,NULL,NULL,NULL,NULL,0,NULL,2024-07-25 13:27:54.357,2024-07-31 16:53:10.960,0,NULL,NULL,NULL,NULL,NULL,NULL,NULL,NULL,Ocean Export,1,NULL,NULL,0,NULL,,NULL,NULL,NULL,NULL,1,0,,Sales & Marketing,NULL,NULL,NULL
818,2024-07-25 00:00:00.000,INQ1018562,Welcome Pacific Inc,NULL,None,None,NULL,By Email,NULL,Auto Generated,NULL,NULL,NULL,NULL,NULL,0,NULL,2024-07-25 14:31:57.187,2024-07-31 16:55:55.957,0,NULL,NULL,NULL,NULL,NULL,NULL,NULL,NULL,Ocean Export,1,NULL,NULL,0,NULL,,NULL,NULL,NULL,NULL,1,0,,Sales & Marketing,NULL,NULL,NULL
819,2024-07-26 00:00:00.000,INQ1018564,"Us Rigging, LLC",NULL,None,None,NULL,By Email,NULL,Auto Generated,NULL,NULL,NULL,NULL,NULL,0,NULL,2024-07-26 10:43:44.410,NULL,0,NULL,NULL,NULL,NULL,NULL,NULL,NULL,NULL,Ocean Export,1,NULL,NULL,0,NULL,,NULL,NULL,NULL,NULL,1,0,,Sales & Marketing,NULL,NULL,NULL
820,2024-07-26 00:00:00.000,INQ1018565,CHUMBLEY ENTERPRISES,NULL,None,None,NULL,By Email,NULL,Auto Generated,NULL,NULL,NULL,NULL,NULL,0,NULL,2024-07-26 10:44:19.997,NULL,1,NULL,NULL,NULL,NULL,NULL,NULL,NULL,NULL,Ocean Export,1,NULL,NULL,0,NULL,,duplicate,NULL,NULL,NULL,1,0,,Sales & Marketing,NULL,NULL,NULL
821,2024-07-26 00:00:00.000,INQ1018567,Africa Relief and Community Development Inc.11111,NULL,None,None,NULL,By Email,NULL,Auto Generated,NULL,NULL,NULL,NULL,NULL,0,NULL,2024-07-26 13:12:30.120,2024-07-31 16:57:59.590,0,NULL,NULL,NULL,NULL,NULL,NULL,NULL,NULL,Ocean Export,1,NULL,NULL,0,NULL,,NULL,NULL,NULL,NULL,1,0,,MUMBAI (MUM),NULL,NULL,NULL
822,2024-07-26 00:00:00.000,INQ1018568,Africom INTL LLC,NULL,None,None,NULL,By Email,NULL,Auto Generated,NULL,NULL,NULL,NULL,NULL,0,NULL,2024-07-26 13:13:56.600,2024-07-31 17:00:25.233,0,NULL,NULL,NULL,NULL,NULL,NULL,NULL,NULL,Ocean Export,1,NULL,NULL,0,NULL,,NULL,NULL,NULL,NULL,1,0,,Sales & Marketing,NULL,NULL,NULL
823,2024-07-26 00:00:00.000,INQ1018569,"ALPHA TRANS CO., LTD (ATL)",NULL,None,None,NULL,By Email,NULL,Auto Generated,NULL,NULL,NULL,NULL,NULL,0,NULL,2024-07-26 13:17:44.097,NULL,0,NULL,NULL,NULL,NULL,NULL,NULL,NULL,NULL,Ocean Export,1,NULL,NULL,0,NULL,,NULL,NULL,NULL,NULL,1,0,,Sales & Marketing,NULL,NULL,NULL
824,2024-07-26 00:00:00.000,INQ1018570,ALSARRAJ TEXTILE CORP,NULL,None,None,NULL,By Email,NULL,Auto Generated,NULL,NULL,NULL,NULL,NULL,0,NULL,2024-07-26 13:18:45.887,2024-08-08 16:16:49.500,0,NULL,NULL,NULL,NULL,NULL,NULL,NULL,NULL,Ocean Export,1,NULL,NULL,0,NULL,,NULL,NULL,NULL,NULL,1,0,,Sales & Marketing,NULL,NULL,NULL
825,2024-07-26 00:00:00.000,INQ1018571,Ariston Auto Spare Parts Trading L.L.C,NULL,None,None,NULL,By Email,NULL,Auto Generated,NULL,NULL,NULL,NULL,NULL,0,NULL,2024-07-26 13:19:47.360,NULL,0,NULL,NULL,NULL,NULL,NULL,NULL,NULL,NULL,Ocean Export,1,NULL,NULL,0,NULL,,NULL,NULL,NULL,NULL,1,0,,Sales & Marketing,NULL,NULL,NULL
826,2024-07-26 00:00:00.000,INQ1018572,Closeout Connection,NULL,None,None,NULL,By Email,NULL,Auto Generated,NULL,NULL,NULL,NULL,NULL,0,NULL,2024-07-26 13:21:57.610,2024-08-08 16:42:21.213,0,NULL,NULL,NULL,NULL,NULL,NULL,NULL,NULL,Ocean Export,1,NULL,NULL,0,NULL,,NULL,NULL,NULL,NULL,1,0,,Sales & Marketing,NULL,NULL,NULL
827,2024-07-26 00:00:00.000,INQ1018573,East Sea Global Logistics Private Limited (ESGL),NULL,None,None,NULL,By Email,NULL,Auto Generated,NULL,NULL,NULL,NULL,NULL,0,NULL,2024-07-26 13:23:59.133,NULL,0,NULL,NULL,NULL,NULL,NULL,NULL,NULL,NULL,Ocean Export,1,NULL,NULL,0,NULL,,NULL,NULL,NULL,NULL,1,0,,Sales & Marketing,NULL,NULL,NULL
828,2024-07-26 00:00:00.000,INQ1018574,Jet Freight Logistics Ltd,NULL,None,None,NULL,By Email,NULL,Auto Generated,NULL,NULL,NULL,NULL,NULL,0,NULL,2024-07-26 13:26:06.160,NULL,0,NULL,NULL,NULL,NULL,NULL,NULL,NULL,NULL,Ocean Export,1,NULL,NULL,0,NULL,,NULL,NULL,NULL,NULL,1,0,,Sales & Marketing,NULL,NULL,NULL
829,2024-07-26 00:00:00.000,INQ1018575,Joe's Quality Auto Repair LLC,NULL,None,None,NULL,By Email,NULL,Auto Generated,NULL,NULL,NULL,NULL,NULL,0,NULL,2024-07-26 13:28:27.717,NULL,0,NULL,NULL,NULL,NULL,NULL,NULL,NULL,NULL,Ocean Export,1,NULL,NULL,0,NULL,,NULL,NULL,NULL,NULL,1,0,,Sales & Marketing,NULL,NULL,NULL
830,2024-07-26 00:00:00.000,INQ1018576,Logistics Hub,NULL,None,None,NULL,By Email,NULL,Auto Generated,NULL,NULL,NULL,NULL,NULL,0,NULL,2024-07-26 13:30:14.377,NULL,0,NULL,NULL,NULL,NULL,NULL,NULL,NULL,NULL,Ocean Export,1,NULL,NULL,0,NULL,,NULL,NULL,NULL,NULL,1,0,,Sales & Marketing,NULL,NULL,NULL
831,2024-07-26 00:00:00.000,INQ1018577,MASTER SHIPPING LOGISTICS,NULL,None,None,NULL,By Email,NULL,Auto Generated,NULL,NULL,NULL,NULL,NULL,0,NULL,2024-07-26 13:32:23.737,NULL,0,NULL,NULL,NULL,NULL,NULL,NULL,NULL,NULL,Ocean Export,1,NULL,NULL,0,NULL,,NULL,NULL,NULL,NULL,1,0,,Sales & Marketing,NULL,NULL,NULL
832,2024-07-26 00:00:00.000,INQ1018578,Seacare Forwarders Maldives (PVT) Ltd.,NULL,None,None,NULL,By Email,NULL,Auto Generated,NULL,NULL,NULL,NULL,NULL,0,NULL,2024-07-26 13:36:12.930,NULL,0,NULL,NULL,NULL,NULL,NULL,NULL,NULL,NULL,Ocean Export,1,NULL,NULL,0,NULL,,NULL,NULL,NULL,NULL,1,0,,Sales & Marketing,NULL,NULL,NULL
833,2024-07-26 00:00:00.000,INQ1018579,Sevenskyz Global Logistics Private Limited,NULL,None,None,NULL,By Email,NULL,Auto Generated,NULL,NULL,NULL,NULL,NULL,0,NULL,2024-07-26 13:37:51.880,NULL,0,NULL,NULL,NULL,NULL,NULL,NULL,NULL,NULL,Ocean Export,1,NULL,NULL,0,NULL,,NULL,NULL,NULL,NULL,1,0,,Sales & Marketing,NULL,NULL,NULL
834,2024-07-26 00:00:00.000,INQ1018580,Sun Moon Global Shipping Services1,NULL,None,None,NULL,By Email,NULL,Auto Generated,NULL,NULL,NULL,NULL,NULL,0,NULL,2024-07-26 13:38:43.573,NULL,0,NULL,NULL,NULL,NULL,NULL,NULL,NULL,NULL,Ocean Export,1,NULL,NULL,0,NULL,,NULL,NULL,NULL,NULL,1,0,,Sales & Marketing,NULL,NULL,NULL
835,2024-07-26 00:00:00.000,INQ1018581,Swift Worldwide (Qatar),NULL,None,None,NULL,By Email,NULL,Auto Generated,NULL,NULL,NULL,NULL,NULL,0,NULL,2024-07-26 13:40:16.653,NULL,0,NULL,NULL,NULL,NULL,NULL,NULL,NULL,NULL,Ocean Export,1,NULL,NULL,0,NULL,,NULL,NULL,NULL,NULL,1,0,,Sales & Marketing,NULL,NULL,NULL
836,2024-07-26 00:00:00.000,INQ1018582,SY Group International,NULL,None,None,NULL,By Email,NULL,Auto Generated,NULL,NULL,NULL,NULL,NULL,0,NULL,2024-07-26 13:43:11.990,NULL,0,NULL,NULL,NULL,NULL,NULL,NULL,NULL,NULL,Ocean Export,1,NULL,NULL,0,NULL,,NULL,NULL,NULL,NULL,1,0,,Sales & Marketing,NULL,NULL,NULL
837,2024-07-26 00:00:00.000,INQ1018583,USAMA ABDALLA,NULL,None,None,NULL,By Email,NULL,Auto Generated,NULL,NULL,NULL,NULL,NULL,0,NULL,2024-07-26 13:50:54.850,NULL,0,NULL,NULL,NULL,NULL,NULL,NULL,NULL,NULL,Ocean Export,1,NULL,NULL,0,NULL,,NULL,NULL,NULL,NULL,1,0,,Sales & Marketing,NULL,NULL,NULL
838,2024-07-26 00:00:00.000,INQ1018584,Zains American Exporting,NULL,None,None,NULL,By Email,NULL,Auto Generated,NULL,NULL,NULL,NULL,NULL,0,NULL,2024-07-26 13:55:07.950,2024-08-08 16:50:00.467,0,NULL,NULL,NULL,NULL,NULL,NULL,NULL,NULL,Ocean Export,1,NULL,NULL,0,NULL,,NULL,NULL,NULL,NULL,1,0,,Sales & Marketing,NULL,NULL,NULL
839,2024-07-26 00:00:00.000,INQ1018585,SMG Trade LLC,NULL,None,None,NULL,By Email,NULL,Auto Generated,NULL,NULL,NULL,NULL,NULL,0,NULL,2024-07-26 14:02:51.537,2024-08-08 16:52:26.813,0,NULL,NULL,NULL,NULL,NULL,NULL,NULL,NULL,Ocean Export,1,NULL,NULL,0,NULL,,NULL,NULL,NULL,NULL,1,0,,Sales & Marketing,NULL,NULL,NULL
840,2024-07-26 00:00:00.000,INQ1018589,ACT MACHINERY,NULL,None,None,NULL,By Email,NULL,Auto Generated,NULL,NULL,NULL,NULL,NULL,0,NULL,2024-07-26 15:23:48.940,NULL,1,NULL,NULL,NULL,NULL,NULL,NULL,NULL,NULL,Ocean Export,1,NULL,NULL,0,NULL,,duplicate,NULL,NULL,NULL,1,0,,Sales & Marketing,NULL,NULL,NULL
841,2024-07-26 00:00:00.000,INQ1018591,ARIZONA AUCTIONERS,NULL,None,None,NULL,By Email,NULL,Auto Generated,NULL,NULL,NULL,NULL,NULL,0,NULL,2024-07-26 15:34:00.050,NULL,1,NULL,NULL,NULL,NULL,NULL,NULL,NULL,NULL,Ocean Export,1,NULL,NULL,0,NULL,,duplicate,NULL,NULL,NULL,1,0,,Sales & Marketing,NULL,NULL,NULL
842,2024-07-26 00:00:00.000,INQ1018593,ALAN ROSS MACHINERY CORP,NULL,None,None,NULL,By Email,NULL,For Mr. Hamid to reach out to,NULL,NULL,NULL,NULL,NULL,0,NULL,2024-07-26 17:17:49.190,2024-07-29 16:58:14.680,1,NULL,NULL,NULL,NULL,NULL,NULL,NULL,NULL,Ocean Export,1,NULL,NULL,0,NULL,,duplicate,NULL,NULL,NULL,1,0,,Sales & Marketing,NULL,NULL,NULL
845,2024-07-28 00:00:00.000,INQ1018597,HINDLEY MACHINE TOOL SALES,NULL,None,None,NULL,By Email,NULL,"MDNA member 616 916 5990   don@hindleymts.com    7976 Clyde Park Ave SW, Byron Center MI 49315  www.hindleymts.com",NULL,NULL,NULL,NULL,NULL,0,NULL,2024-07-28 11:10:23.293,2025-12-12 09:44:52.220,0,NULL,NULL,NULL,NULL,NULL,NULL,NULL,NULL,Ocean Export,1,NULL,NULL,0,NULL,,NULL,NULL,NULL,NULL,1,0,,Sales & Marketing,NULL,NULL,NULL
846,2024-07-29 00:00:00.000,INQ1018602,"HP LOGISTICS CO., LTD AUCTIONER",NULL,None,None,NULL,By Email,NULL,Auto Generated,NULL,NULL,NULL,NULL,NULL,0,NULL,2024-07-29 10:35:00.897,NULL,0,NULL,NULL,NULL,NULL,NULL,NULL,NULL,NULL,Ocean Export,1,NULL,NULL,0,NULL,,NULL,NULL,NULL,NULL,1,0,,Sales & Marketing,NULL,NULL,NULL
847,2024-07-29 00:00:00.000,INQ1018603,INNTEGRA INNDUSTRIES,NULL,None,None,NULL,By Email,NULL,Auto Generated,NULL,NULL,NULL,NULL,NULL,0,NULL,2024-07-29 10:37:48.903,NULL,0,NULL,NULL,NULL,NULL,NULL,NULL,NULL,NULL,Ocean Export,1,NULL,NULL,0,NULL,,NULL,NULL,NULL,NULL,1,0,,Sales & Marketing,NULL,NULL,NULL
848,2024-07-29 00:00:00.000,INQ1018605,MACHINERY INTERNATIONAL CORPORATION,NULL,None,None,NULL,By Email,NULL,Auto Generated,NULL,NULL,NULL,NULL,NULL,0,NULL,2024-07-29 10:41:49.547,NULL,0,NULL,NULL,NULL,NULL,NULL,NULL,NULL,NULL,Ocean Export,1,NULL,NULL,0,NULL,,NULL,NULL,NULL,NULL,1,0,,Sales & Marketing,NULL,NULL,NULL
849,2024-07-29 00:00:00.000,INQ1018606,NATIONAL RIGGING & TRANSPORTATION LTD.,NULL,None,None,NULL,By Email,NULL,Auto Generated,NULL,NULL,NULL,NULL,NULL,0,NULL,2024-07-29 10:44:08.323,NULL,0,NULL,NULL,NULL,NULL,NULL,NULL,NULL,NULL,Ocean Export,1,NULL,NULL,0,NULL,,NULL,NULL,NULL,NULL,1,0,,Sales & Marketing,NULL,NULL,NULL
850,2024-07-29 00:00:00.000,INQ1018607,Nesscampbell,NULL,None,None,NULL,By Email,NULL,Auto Generated,NULL,NULL,NULL,NULL,NULL,0,NULL,2024-07-29 10:45:49.953,NULL,0,NULL,NULL,NULL,NULL,NULL,NULL,NULL,NULL,Ocean Export,1,NULL,NULL,0,NULL,,NULL,NULL,NULL,NULL,1,0,,Sales & Marketing,NULL,NULL,NULL
852,2024-07-29 00:00:00.000,INQ1018609,TR WIGGLESWORTH MACHINERY,NULL,None,None,NULL,By Email,NULL,Auto Generated,NULL,NULL,NULL,NULL,NULL,0,NULL,2024-07-29 11:53:08.563,NULL,0,NULL,NULL,NULL,NULL,NULL,NULL,NULL,NULL,Ocean Export,1,NULL,NULL,0,NULL,,NULL,NULL,NULL,NULL,1,0,,Sales & Marketing,NULL,NULL,NULL
853,2024-07-29 00:00:00.000,INQ1018610,Mala Hakim Company,NULL,None,None,NULL,By Email,NULL,Auto Generated,NULL,NULL,NULL,NULL,NULL,0,NULL,2024-07-29 13:24:31.407,NULL,0,NULL,NULL,NULL,NULL,NULL,NULL,NULL,NULL,Ocean Export,1,NULL,NULL,0,NULL,,NULL,NULL,NULL,NULL,1,0,,MUMBAI (MUM),NULL,NULL,NULL
854,2024-07-29 00:00:00.000,INQ1018611,ABDEL ALAUSSOS,NULL,None,None,NULL,By Email,NULL,IS to follow,NULL,NULL,NULL,NULL,NULL,0,NULL,2024-07-29 13:48:02.110,2026-01-08 17:12:06.420,0,NULL,NULL,NULL,NULL,NULL,NULL,NULL,NULL,Ocean Export,1,NULL,NULL,0,NULL,,NULL,NULL,NULL,NULL,1,0,,Inside Sales Group,NULL,NULL,NULL
855,2024-07-29 00:00:00.000,INQ1018612,ALUBOND USA INC,NULL,None,None,NULL,By Email,NULL,Auto Generated,NULL,NULL,NULL,NULL,NULL,0,NULL,2024-07-29 13:49:49.337,2024-08-12 13:45:12.430,0,NULL,NULL,NULL,NULL,NULL,NULL,NULL,NULL,Ocean Export,1,NULL,NULL,0,NULL,,NULL,NULL,NULL,NULL,1,0,,Sales & Marketing,NULL,NULL,NULL
856,2024-07-29 00:00:00.000,INQ1018613,2 STARS BROTHERS EQUIPMENT,NULL,None,None,NULL,By Email,NULL,IS TO FOLLOW,NULL,NULL,NULL,NULL,NULL,0,NULL,2024-07-29 13:56:29.833,2026-01-08 17:02:10.990,0,NULL,NULL,NULL,NULL,NULL,NULL,NULL,NULL,Ocean Export,1,NULL,NULL,0,NULL,,NULL,NULL,NULL,NULL,1,0,,Inside Sales Group,NULL,NULL,NULL
857,2024-07-29 00:00:00.000,INQ1018614,Apple Solutions & Resources,NULL,None,None,NULL,By Email,NULL,Auto Generated,NULL,NULL,NULL,NULL,NULL,0,NULL,2024-07-29 13:57:19.313,2024-08-12 13:52:02.867,0,NULL,NULL,NULL,NULL,NULL,NULL,NULL,NULL,Ocean Export,1,NULL,NULL,0,NULL,,NULL,NULL,NULL,NULL,1,0,,Sales & Marketing,NULL,NULL,NULL
858,2024-07-29 00:00:00.000,INQ1018615,Aspiring Impex Inc.,NULL,None,None,NULL,By Email,NULL,Auto Generated,NULL,NULL,NULL,NULL,NULL,0,NULL,2024-07-29 14:00:15.300,NULL,0,NULL,NULL,NULL,NULL,NULL,NULL,NULL,NULL,Ocean Export,1,NULL,NULL,0,NULL,,NULL,NULL,NULL,NULL,1,0,,Sales & Marketing,NULL,NULL,NULL
859,2024-07-29 00:00:00.000,INQ1018616,BE Group,NULL,None,None,NULL,By Email,NULL,Auto Generated,NULL,NULL,NULL,NULL,NULL,0,NULL,2024-07-29 14:04:17.427,NULL,0,NULL,NULL,NULL,NULL,NULL,NULL,NULL,NULL,Ocean Export,1,NULL,NULL,0,NULL,,NULL,NULL,NULL,NULL,1,0,,Sales & Marketing,NULL,NULL,NULL
860,2024-07-29 00:00:00.000,INQ1018617,"CONNECTICUT METAL INDUSTRIES, INC.",NULL,None,None,NULL,By Email,NULL,Auto Generated,NULL,NULL,NULL,NULL,NULL,0,NULL,2024-07-29 14:09:50.213,NULL,1,NULL,NULL,NULL,NULL,NULL,NULL,NULL,NULL,Ocean Export,1,NULL,NULL,0,NULL,,duplicate,NULL,NULL,NULL,1,0,,Sales & Marketing,NULL,NULL,NULL
861,2024-07-29 00:00:00.000,INQ1018618,COPIER EXPORTER INC,NULL,None,None,NULL,By Email,NULL,Auto Generated,NULL,NULL,NULL,NULL,NULL,0,NULL,2024-07-29 14:14:50.580,2024-08-21 16:30:06.657,0,NULL,NULL,NULL,NULL,NULL,NULL,NULL,NULL,Ocean Export,1,NULL,NULL,0,NULL,,NULL,NULL,NULL,NULL,1,0,,Sales & Marketing,NULL,NULL,NULL
862,2024-07-29 00:00:00.000,INQ1018619,MACA Enterprises Corp.,NULL,None,None,NULL,By Email,NULL,Auto Generated,NULL,NULL,NULL,NULL,NULL,0,NULL,2024-07-29 14:44:50.553,NULL,0,NULL,NULL,NULL,NULL,NULL,NULL,NULL,NULL,Ocean Export,1,NULL,NULL,0,NULL,,NULL,NULL,NULL,NULL,1,0,,MUMBAI (MUM),NULL,NULL,NULL
863,2024-07-30 00:00:00.000,INQ1018626,DAR OF EQUIPMENT (F.Z.E),NULL,None,None,NULL,By Email,NULL,Auto Generated,NULL,NULL,NULL,NULL,NULL,0,NULL,2024-07-30 10:51:17.533,NULL,0,NULL,NULL,NULL,NULL,NULL,NULL,NULL,NULL,Ocean Export,1,NULL,NULL,0,NULL,,NULL,NULL,NULL,NULL,1,0,,Sales & Marketing,NULL,NULL,NULL
864,2024-07-30 00:00:00.000,INQ1018627,E2 Discount Deal LLC,NULL,None,None,NULL,By Email,NULL,Auto Generated,NULL,NULL,NULL,NULL,NULL,0,NULL,2024-07-30 10:53:43.700,2024-08-21 16:32:28.893,0,NULL,NULL,NULL,NULL,NULL,NULL,NULL,NULL,Ocean Export,1,NULL,NULL,0,NULL,,NULL,NULL,NULL,NULL,1,0,,Sales & Marketing,NULL,NULL,NULL
865,2024-07-30 00:00:00.000,INQ1018628,Speed Line Freight,NULL,None,None,NULL,By Email,NULL,Auto Generated,NULL,NULL,NULL,NULL,NULL,0,NULL,2024-07-30 10:56:47.570,NULL,0,NULL,NULL,NULL,NULL,NULL,NULL,NULL,NULL,Ocean Export,1,NULL,NULL,0,NULL,,NULL,NULL,NULL,NULL,1,0,,Sales & Marketing,NULL,NULL,NULL
869,2024-07-30 00:00:00.000,INQ1018631,DAI DANG KHOA COMPANY LTD,NULL,None,None,NULL,By Email,NULL,Auto Generated,NULL,NULL,NULL,NULL,NULL,0,NULL,2024-07-30 14:36:35.860,NULL,0,NULL,NULL,NULL,NULL,NULL,NULL,NULL,NULL,Ocean Export,1,NULL,NULL,0,NULL,,NULL,NULL,NULL,NULL,1,0,,Sales & Marketing,NULL,NULL,NULL
870,2024-07-30 00:00:00.000,INQ1018632,Elnaggar for custom clearance,NULL,None,None,NULL,By Email,NULL,Auto Generated,NULL,NULL,NULL,NULL,NULL,0,NULL,2024-07-30 14:40:40.353,2024-08-21 16:37:00.663,0,NULL,NULL,NULL,NULL,NULL,NULL,NULL,NULL,Ocean Export,1,NULL,NULL,0,NULL,,NULL,NULL,NULL,NULL,1,0,,Sales & Marketing,NULL,NULL,NULL
871,2024-07-30 00:00:00.000,INQ1018633,GOLDEN IMPEX INC,NULL,None,None,NULL,By Email,NULL,Auto Generated,NULL,NULL,NULL,NULL,NULL,0,NULL,2024-07-30 14:48:46.677,NULL,0,NULL,NULL,NULL,NULL,NULL,NULL,NULL,NULL,Ocean Export,1,NULL,NULL,0,NULL,,NULL,NULL,NULL,NULL,1,0,,Sales & Marketing,NULL,NULL,NULL
872,2024-07-30 00:00:00.000,INQ1018635,Harvey Prince Organic,NULL,None,None,NULL,By Email,NULL,Auto Generated,NULL,NULL,NULL,NULL,NULL,0,NULL,2024-07-30 14:50:52.007,NULL,0,NULL,NULL,NULL,NULL,NULL,NULL,NULL,NULL,Ocean Export,1,NULL,NULL,0,NULL,,NULL,NULL,NULL,NULL,1,0,,Sales & Marketing,NULL,NULL,NULL
873,2024-07-30 00:00:00.000,INQ1018636,KARIOTIS DISTRIBUTORS LLC,NULL,None,None,NULL,By Email,NULL,Auto Generated,NULL,NULL,NULL,NULL,NULL,0,NULL,2024-07-30 14:58:59.067,2024-08-21 16:43:08.060,0,NULL,NULL,NULL,NULL,NULL,NULL,NULL,NULL,Ocean Export,1,NULL,NULL,0,NULL,,NULL,NULL,NULL,NULL,1,0,,Sales & Marketing,NULL,NULL,NULL
874,2024-07-30 00:00:00.000,INQ1018637,MANTOAN TRASPORT,NULL,None,None,NULL,By Email,NULL,Auto Generated,NULL,NULL,NULL,NULL,NULL,0,NULL,2024-07-30 15:00:05.973,NULL,0,NULL,NULL,NULL,NULL,NULL,NULL,NULL,NULL,Ocean Export,1,NULL,NULL,0,NULL,,NULL,NULL,NULL,NULL,1,0,,Sales & Marketing,NULL,NULL,NULL
875,2024-07-30 00:00:00.000,INQ1018638,NEW HORIZON INTERNATIONAL FORWARDING & SHIPPING AG,NULL,None,None,NULL,By Email,NULL,Auto Generated,NULL,NULL,NULL,NULL,NULL,0,NULL,2024-07-30 15:01:59.510,NULL,0,NULL,NULL,NULL,NULL,NULL,NULL,NULL,NULL,Ocean Export,1,NULL,NULL,0,NULL,,NULL,NULL,NULL,NULL,1,0,,Sales & Marketing,NULL,NULL,NULL
876,2024-07-30 00:00:00.000,INQ1018639,OSTT LOGISTICS,NULL,None,None,NULL,By Email,NULL,Auto Generated,NULL,NULL,NULL,NULL,NULL,0,NULL,2024-07-30 15:04:14.730,2024-09-11 16:26:13.840,0,NULL,NULL,NULL,NULL,NULL,NULL,NULL,NULL,Ocean Export,1,NULL,NULL,0,NULL,,NULL,NULL,NULL,NULL,1,0,,Sales & Marketing,NULL,NULL,NULL
877,2024-07-30 00:00:00.000,INQ1018640,Rams Imports Inc,NULL,None,None,NULL,By Email,NULL,Auto Generated,NULL,NULL,NULL,NULL,NULL,0,NULL,2024-07-30 15:05:40.247,2024-09-11 16:30:00.790,0,NULL,NULL,NULL,NULL,NULL,NULL,NULL,NULL,Ocean Export,1,NULL,NULL,0,NULL,,NULL,NULL,NULL,NULL,1,0,,Sales & Marketing,NULL,NULL,NULL
878,2024-07-30 00:00:00.000,INQ1018641,RP Equipment Inc.,NULL,None,None,NULL,By Email,NULL,Auto Generated,NULL,NULL,NULL,NULL,NULL,0,NULL,2024-07-30 15:06:57.300,NULL,0,NULL,NULL,NULL,NULL,NULL,NULL,NULL,NULL,Ocean Export,1,NULL,NULL,0,NULL,,NULL,NULL,NULL,NULL,1,0,,Sales & Marketing,NULL,NULL,NULL
879,2024-07-30 00:00:00.000,INQ1018642,Shanur Corp,NULL,None,None,NULL,By Email,NULL,Auto Generated,NULL,NULL,NULL,NULL,NULL,0,NULL,2024-07-30 15:07:57.567,NULL,0,NULL,NULL,NULL,NULL,NULL,NULL,NULL,NULL,Ocean Export,1,NULL,NULL,0,NULL,,NULL,NULL,NULL,NULL,1,0,,Sales & Marketing,NULL,NULL,NULL
880,2024-07-30 00:00:00.000,INQ1018644,THREE LINE SHIPPING LLC,NULL,None,None,NULL,By Email,NULL,Auto Generated,NULL,NULL,NULL,NULL,NULL,0,NULL,2024-07-30 16:29:48.840,NULL,1,NULL,NULL,NULL,NULL,NULL,NULL,NULL,NULL,Ocean Export,1,NULL,NULL,0,NULL,,DUPLICATE,NULL,NULL,NULL,1,0,,Inside Sales Group,NULL,NULL,NULL
881,2024-07-30 00:00:00.000,INQ1018645,Us Heavy Machinery LLC,NULL,None,None,NULL,By Email,NULL,Auto Generated,NULL,NULL,NULL,NULL,NULL,0,NULL,2024-07-30 16:33:43.227,NULL,0,NULL,NULL,NULL,NULL,NULL,NULL,NULL,NULL,Ocean Export,1,NULL,NULL,0,NULL,,NULL,NULL,NULL,NULL,1,0,,Sales & Marketing,NULL,NULL,NULL
884,2024-07-30 00:00:00.000,INQ1018648,Crown discount store LLC,NULL,None,None,NULL,By Email,NULL,Auto Generated,NULL,NULL,NULL,NULL,NULL,0,NULL,2024-07-30 16:42:25.500,NULL,0,NULL,NULL,NULL,NULL,NULL,NULL,NULL,NULL,Ocean Export,1,NULL,NULL,0,NULL,,NULL,NULL,NULL,NULL,1,0,,Sales & Marketing,NULL,NULL,NULL
885,2024-07-30 00:00:00.000,INQ1018649,DAMASA PERFUME LLC,NULL,None,None,NULL,By Email,NULL,Auto Generated,NULL,NULL,NULL,NULL,NULL,0,NULL,2024-07-30 16:43:57.297,NULL,0,NULL,NULL,NULL,NULL,NULL,NULL,NULL,NULL,Ocean Export,1,NULL,NULL,0,NULL,,NULL,NULL,NULL,NULL,1,0,,Sales & Marketing,NULL,NULL,NULL
886,2024-07-30 00:00:00.000,INQ1018652,"MRI Auctions, Inc",NULL,None,None,NULL,By Email,NULL,Auto Generated,NULL,NULL,NULL,NULL,NULL,0,NULL,2024-07-30 18:01:12.787,NULL,1,NULL,NULL,NULL,NULL,NULL,NULL,NULL,NULL,Ocean Export,1,NULL,NULL,0,NULL,,duplicate,NULL,NULL,NULL,1,0,,Sales & Marketing,NULL,NULL,NULL
887,2024-07-30 00:00:00.000,INQ1018653,"MRI Auctions, Inc",NULL,None,None,NULL,By Email,NULL,Auto Generated,NULL,NULL,NULL,NULL,NULL,0,NULL,2024-07-30 18:01:40.060,NULL,0,NULL,NULL,NULL,NULL,NULL,NULL,NULL,NULL,Ocean Export,1,NULL,NULL,0,NULL,,NULL,NULL,NULL,NULL,1,0,,Sales & Marketing,NULL,NULL,NULL
888,2024-07-30 00:00:00.000,INQ1018654,Foreman’s Machinery Movers,NULL,None,None,NULL,By Email,NULL,Auto Generated,NULL,NULL,NULL,NULL,NULL,0,NULL,2024-07-30 18:09:17.340,NULL,0,NULL,NULL,NULL,NULL,NULL,NULL,NULL,NULL,Ocean Export,1,NULL,NULL,0,NULL,,NULL,NULL,NULL,NULL,1,0,,Sales & Marketing,NULL,NULL,NULL
889,2024-07-31 00:00:00.000,INQ1018655,Granja Pocha S.A.,NULL,None,None,NULL,By Email,NULL,Auto Generated,NULL,NULL,NULL,NULL,NULL,0,NULL,2024-07-31 09:24:39.933,NULL,0,NULL,NULL,NULL,NULL,NULL,NULL,NULL,NULL,Ocean Export,1,NULL,NULL,0,NULL,,NULL,NULL,NULL,NULL,1,0,,Sales & Marketing,NULL,NULL,NULL
890,2024-07-31 00:00:00.000,INQ1018656,Granja Pocha S.A.,NULL,None,None,NULL,By Email,NULL,Auto Generated,NULL,NULL,NULL,NULL,NULL,0,NULL,2024-07-31 09:24:49.130,NULL,1,NULL,NULL,NULL,NULL,NULL,NULL,NULL,NULL,Ocean Export,1,NULL,NULL,0,NULL,,duplicate,NULL,NULL,NULL,1,0,,Sales & Marketing,NULL,NULL,NULL
891,2024-07-31 00:00:00.000,INQ1018657,Kassam Kurban Impex,NULL,None,None,NULL,By Email,NULL,Auto Generated,NULL,NULL,NULL,NULL,NULL,0,NULL,2024-07-31 09:26:03.900,NULL,0,NULL,NULL,NULL,NULL,NULL,NULL,NULL,NULL,Ocean Export,1,NULL,NULL,0,NULL,,NULL,NULL,NULL,NULL,1,0,,Sales & Marketing,NULL,NULL,NULL
892,2024-07-31 00:00:00.000,INQ1018658,NUday,NULL,None,None,NULL,By Email,NULL,Auto Generated,NULL,NULL,NULL,NULL,NULL,0,NULL,2024-07-31 09:34:09.100,NULL,0,NULL,NULL,NULL,NULL,NULL,NULL,NULL,NULL,Ocean Export,1,NULL,NULL,0,NULL,,NULL,NULL,NULL,NULL,1,0,,Sales & Marketing,NULL,NULL,NULL
893,2024-07-31 00:00:00.000,INQ1018659,Premium Pepper LLC,NULL,None,None,NULL,By Email,NULL,Auto Generated,NULL,NULL,NULL,NULL,NULL,0,NULL,2024-07-31 09:37:44.850,NULL,0,NULL,NULL,NULL,NULL,NULL,NULL,NULL,NULL,Ocean Export,1,NULL,NULL,0,NULL,,NULL,NULL,NULL,NULL,1,0,,Sales & Marketing,NULL,NULL,NULL
894,2024-07-31 00:00:00.000,INQ1018660,SALMAN Alibiooani,NULL,None,None,NULL,By Email,NULL,Auto Generated,NULL,NULL,NULL,NULL,NULL,0,NULL,2024-07-31 09:44:39.630,NULL,0,NULL,NULL,NULL,NULL,NULL,NULL,NULL,NULL,Ocean Export,1,NULL,NULL,0,NULL,,NULL,NULL,NULL,NULL,1,0,,Sales & Marketing,NULL,NULL,NULL
895,2024-07-31 00:00:00.000,INQ1018661,SIGMA SHIPPING S.A,NULL,None,None,NULL,By Email,NULL,Auto Generated,NULL,NULL,NULL,NULL,NULL,0,NULL,2024-07-31 09:54:50.660,NULL,0,NULL,NULL,NULL,NULL,NULL,NULL,NULL,NULL,Ocean Export,1,NULL,NULL,0,NULL,,NULL,NULL,NULL,NULL,1,0,,Sales & Marketing,NULL,NULL,NULL
896,2024-07-31 00:00:00.000,INQ1018662,SMART LOGISTICS SOLUTIONS SIA,NULL,None,None,NULL,By Email,NULL,Auto Generated,NULL,NULL,NULL,NULL,NULL,0,NULL,2024-07-31 10:08:41.127,NULL,0,NULL,NULL,NULL,NULL,NULL,NULL,NULL,NULL,Ocean Export,1,NULL,NULL,0,NULL,,NULL,NULL,NULL,NULL,1,0,,Sales & Marketing,NULL,NULL,NULL
897,2024-07-31 00:00:00.000,INQ1018663,TRANS GLOBAL-TGP Projects India Pvt Ltd,NULL,None,None,NULL,By Email,NULL,Auto Generated,NULL,NULL,NULL,NULL,NULL,0,NULL,2024-07-31 10:13:30.683,NULL,1,NULL,NULL,NULL,NULL,NULL,NULL,NULL,NULL,Ocean Export,1,NULL,NULL,0,NULL,,duplicate,NULL,NULL,NULL,1,0,,Sales & Marketing,NULL,NULL,NULL
898,2024-07-31 00:00:00.000,INQ1018664,TRANS GLOBAL-TGP Projects India Pvt Ltd,NULL,None,None,NULL,By Email,NULL,Auto Generated,NULL,NULL,NULL,NULL,NULL,0,NULL,2024-07-31 10:14:17.410,NULL,0,NULL,NULL,NULL,NULL,NULL,NULL,NULL,NULL,Ocean Export,1,NULL,NULL,0,NULL,,NULL,NULL,NULL,NULL,1,0,,Sales & Marketing,NULL,NULL,NULL
899,2024-07-31 00:00:00.000,INQ1018665,Unique Market Place Inc,NULL,None,None,NULL,By Email,NULL,Auto Generated,NULL,NULL,NULL,NULL,NULL,0,NULL,2024-07-31 10:14:44.343,NULL,1,NULL,NULL,NULL,NULL,NULL,NULL,NULL,NULL,Ocean Export,1,NULL,NULL,0,NULL,,duplicate,NULL,NULL,NULL,1,0,,Sales & Marketing,NULL,NULL,NULL
900,2024-07-31 00:00:00.000,INQ1018666,Yasser Abdul Fattah Ibrahim,NULL,None,None,NULL,By Email,NULL,Auto Generated,NULL,NULL,NULL,NULL,NULL,0,NULL,2024-07-31 10:20:07.933,NULL,0,NULL,NULL,NULL,NULL,NULL,NULL,NULL,NULL,Ocean Export,1,NULL,NULL,0,NULL,,NULL,NULL,NULL,NULL,1,0,,Sales & Marketing,NULL,NULL,NULL
902,2024-07-31 00:00:00.000,INQ1018668,Global Tech Recycling LLC,NULL,None,None,NULL,By Email,NULL,Auto Generated,NULL,NULL,NULL,NULL,NULL,0,NULL,2024-07-31 10:28:09.357,NULL,0,NULL,NULL,NULL,NULL,NULL,NULL,NULL,NULL,Ocean Export,1,NULL,NULL,0,NULL,,NULL,NULL,NULL,NULL,1,0,,Sales & Marketing,NULL,NULL,NULL
903,2024-07-31 00:00:00.000,INQ1018669,SHAMS GROUP LLC,NULL,None,None,NULL,By Email,NULL,Auto Generated,NULL,NULL,NULL,NULL,NULL,0,NULL,2024-07-31 10:31:49.527,NULL,0,NULL,NULL,NULL,NULL,NULL,NULL,NULL,NULL,Ocean Export,1,NULL,NULL,0,NULL,,NULL,NULL,NULL,NULL,1,0,,Sales & Marketing,NULL,NULL,NULL
904,2024-07-31 00:00:00.000,INQ1018670,Solution Makers International Co.Ltd,NULL,None,None,NULL,By Email,NULL,Auto Generated,NULL,NULL,NULL,NULL,NULL,0,NULL,2024-07-31 10:33:48.147,NULL,0,NULL,NULL,NULL,NULL,NULL,NULL,NULL,NULL,Ocean Export,1,NULL,NULL,0,NULL,,NULL,NULL,NULL,NULL,1,0,,Sales & Marketing,NULL,NULL,NULL
905,2024-07-31 00:00:00.000,INQ1018671,Tactic Games Oy,NULL,None,None,NULL,By Email,NULL,Auto Generated,NULL,NULL,NULL,NULL,NULL,0,NULL,2024-07-31 10:38:03.800,NULL,0,NULL,NULL,NULL,NULL,NULL,NULL,NULL,NULL,Ocean Export,1,NULL,NULL,0,NULL,,NULL,NULL,NULL,NULL,1,0,,BHOPAL (BHO),NULL,NULL,NULL
906,2024-07-31 00:00:00.000,INQ1018672,Tactic Games Oy,NULL,None,None,NULL,By Email,NULL,Auto Generated,NULL,NULL,NULL,NULL,NULL,0,NULL,2024-07-31 10:38:12.503,NULL,0,NULL,NULL,NULL,NULL,NULL,NULL,NULL,NULL,Ocean Export,1,NULL,NULL,0,NULL,,NULL,NULL,NULL,NULL,1,0,,BHOPAL (BHO),NULL,NULL,NULL
907,2024-07-31 00:00:00.000,INQ1018673,USI freight solution,NULL,None,None,NULL,By Email,NULL,Auto Generated,NULL,NULL,NULL,NULL,NULL,0,NULL,2024-07-31 10:41:01.577,NULL,0,NULL,NULL,NULL,NULL,NULL,NULL,NULL,NULL,Ocean Export,1,NULL,NULL,0,NULL,,NULL,NULL,NULL,NULL,1,0,,Sales & Marketing,NULL,NULL,NULL
908,2024-07-31 00:00:00.000,INQ1018674,MMI Direct Acutions,NULL,None,None,NULL,By Email,NULL,Auto Generated,NULL,NULL,NULL,NULL,NULL,0,NULL,2024-07-31 12:33:09.010,NULL,1,NULL,NULL,NULL,NULL,NULL,NULL,NULL,NULL,Ocean Export,1,NULL,NULL,0,NULL,,duplicate,NULL,NULL,NULL,1,0,,Sales & Marketing,NULL,NULL,NULL
909,2024-07-31 00:00:00.000,INQ1018676,ACECENTRO,NULL,None,None,NULL,By Email,NULL,Auto Generated,NULL,NULL,NULL,NULL,NULL,0,NULL,2024-07-31 17:12:52.017,NULL,0,NULL,NULL,NULL,NULL,NULL,NULL,NULL,NULL,Ocean Export,1,NULL,NULL,0,NULL,,NULL,NULL,NULL,NULL,1,0,,Sales & Marketing,NULL,NULL,NULL
910,2024-07-31 00:00:00.000,INQ1018677,ACECENTRO,NULL,None,None,NULL,By Email,NULL,Auto Generated,NULL,NULL,NULL,NULL,NULL,0,NULL,2024-07-31 17:13:12.707,NULL,1,NULL,NULL,NULL,NULL,NULL,NULL,NULL,NULL,Ocean Export,1,NULL,NULL,0,NULL,,duplicate,NULL,NULL,NULL,1,0,,Sales & Marketing,NULL,NULL,NULL
911,2024-07-31 00:00:00.000,INQ1018678,ACT MACHINERY,NULL,None,None,NULL,By Email,NULL,,NULL,NULL,NULL,NULL,NULL,0,NULL,2024-07-31 17:13:43.510,2025-11-11 07:23:24.970,0,NULL,NULL,NULL,NULL,NULL,NULL,NULL,NULL,Ocean Export,1,NULL,NULL,0,NULL,,NULL,NULL,NULL,NULL,1,0,,Sales & Marketing,NULL,NULL,NULL
912,2024-07-31 00:00:00.000,INQ1018679,ALAN ROSS MACHINERY CORP,NULL,None,None,NULL,By Email,NULL,Auto Generated,NULL,NULL,NULL,NULL,NULL,0,NULL,2024-07-31 17:14:37.453,NULL,1,NULL,NULL,NULL,NULL,NULL,NULL,NULL,NULL,Ocean Export,1,NULL,NULL,0,NULL,,duplicate,NULL,NULL,NULL,1,0,,Sales & Marketing,NULL,NULL,NULL
915,2024-07-31 00:00:00.000,INQ1018682,BCN Technical Services,NULL,None,None,NULL,By Email,NULL,Auto Generated,NULL,NULL,NULL,NULL,NULL,0,NULL,2024-07-31 17:41:59.943,NULL,0,NULL,NULL,NULL,NULL,NULL,NULL,NULL,NULL,Ocean Export,1,NULL,NULL,0,NULL,,NULL,NULL,NULL,NULL,1,0,,Sales & Marketing,NULL,NULL,NULL
916,2024-07-31 00:00:00.000,INQ1018683,"Big Red Machinery Movers, Inc.",NULL,None,None,NULL,By Email,NULL,Auto Generated,NULL,NULL,NULL,NULL,NULL,0,NULL,2024-07-31 17:43:32.457,NULL,1,NULL,NULL,NULL,NULL,NULL,NULL,NULL,NULL,Ocean Export,1,NULL,NULL,0,NULL,,Duplicate,NULL,NULL,NULL,1,0,,Sales & Marketing,NULL,NULL,NULL
917,2024-07-31 00:00:00.000,INQ1018685,CINCINNATI INDUSTRIAL AUCTIONEERS,NULL,None,None,NULL,By Email,NULL,Auto Generated,NULL,NULL,NULL,NULL,NULL,0,NULL,2024-07-31 17:48:01.357,2024-12-11 14:43:27.190,1,NULL,NULL,NULL,NULL,NULL,NULL,NULL,NULL,Ocean Export,1,NULL,NULL,0,NULL,,duplicate entry,NULL,NULL,NULL,1,0,,Sales & Marketing,NULL,NULL,NULL
918,2024-08-01 00:00:00.000,INQ1018689,"TRX Great Lakes, Inc",NULL,None,None,NULL,By Email,NULL,Auto Generated,NULL,NULL,NULL,NULL,NULL,0,NULL,2024-08-01 11:45:53.513,NULL,0,NULL,NULL,NULL,NULL,NULL,NULL,NULL,NULL,Ocean Export,1,NULL,NULL,0,NULL,,NULL,NULL,NULL,NULL,1,0,,Inside Sales Group,NULL,NULL,NULL
919,2024-08-01 00:00:00.000,INQ1018691,CME EQUIPMENT SALES,NULL,None,None,NULL,By Email,NULL,Auto Generated,NULL,NULL,NULL,NULL,NULL,0,NULL,2024-08-01 12:03:29.930,NULL,0,NULL,NULL,NULL,NULL,NULL,NULL,NULL,NULL,Ocean Export,1,NULL,NULL,0,NULL,,NULL,NULL,NULL,NULL,1,0,,Sales & Marketing,NULL,NULL,NULL
920,2024-08-01 00:00:00.000,INQ1018692,CONTINENTAL AUCTIONEERS,NULL,None,None,NULL,By Email,NULL,Auto Generated,NULL,NULL,NULL,NULL,NULL,0,NULL,2024-08-01 12:10:43.413,2024-12-11 15:01:17.687,0,NULL,NULL,NULL,NULL,NULL,NULL,NULL,NULL,Ocean Export,1,NULL,NULL,0,NULL,,NULL,NULL,NULL,NULL,1,0,,Sales & Marketing,NULL,NULL,NULL
921,2024-08-01 00:00:00.000,INQ1018693,CORPORATE AUCTION GROUP,NULL,None,None,NULL,By Email,NULL,jasmine 701-745-3356    auctions@corporateauctiongroup.com                                                                              10.28 Didn’t receive email it was in her spam she will review it and clal me with any questions and next steps10.21 Jasmine will add uour info to the next auctions   10.7.25 Jefami auctions@coporateauctionsgroup.com send info they have a company they work with but she will review it follow up next week,NULL,NULL,NULL,NULL,NULL,0,NULL,2024-08-01 12:16:09.033,2025-12-05 15:39:35.630,0,NULL,NULL,NULL,NULL,NULL,NULL,NULL,NULL,Ocean Export,1,NULL,NULL,0,NULL,,NULL,NULL,NULL,NULL,1,0,,Sales & Marketing,NULL,NULL,NULL
922,2024-08-01 00:00:00.000,INQ1018695,MTM Intermodal Cowan Agent - Memphis,NULL,None,None,NULL,By Email,NULL,Auto Generated,NULL,NULL,NULL,NULL,NULL,0,NULL,2024-08-01 15:29:13.503,NULL,0,NULL,NULL,NULL,NULL,NULL,NULL,NULL,NULL,Ocean Export,1,NULL,NULL,0,NULL,,NULL,NULL,NULL,NULL,1,0,,Inside Sales Group,NULL,NULL,NULL
923,2024-08-02 00:00:00.000,INQ1018700,ADHOC LOGISTICS,NULL,None,None,NULL,By Email,NULL,Auto Generated,NULL,NULL,NULL,NULL,NULL,0,NULL,2024-08-02 16:58:25.323,NULL,0,NULL,NULL,NULL,NULL,NULL,NULL,NULL,NULL,Ocean Export,1,NULL,NULL,0,NULL,,NULL,NULL,NULL,NULL,1,0,,Inside Sales Group,NULL,NULL,NULL
924,2024-08-03 00:00:00.000,INQ1018704,GLOBAL HEAVY MACHINERY,NULL,None,None,NULL,By Email,NULL,Auto Generated,NULL,NULL,NULL,NULL,NULL,0,NULL,2024-08-03 16:09:10.833,NULL,0,NULL,NULL,NULL,NULL,NULL,NULL,NULL,NULL,Ocean Export,1,NULL,NULL,0,NULL,,NULL,NULL,NULL,NULL,1,0,,Sales & Marketing,NULL,NULL,NULL
927,2024-08-06 00:00:00.000,INQ1018714,LoadKarma INC,NULL,None,None,NULL,By Email,NULL,Auto Generated,NULL,NULL,NULL,NULL,NULL,0,NULL,2024-08-06 17:22:59.210,NULL,0,NULL,NULL,NULL,NULL,NULL,NULL,NULL,NULL,Ocean Export,1,NULL,NULL,0,NULL,,NULL,NULL,NULL,NULL,1,0,,Hamid Hussaini,NULL,NULL,NULL
928,2024-08-07 00:00:00.000,INQ1018718,"BPX Logistics, LLC",NULL,None,None,NULL,By Email,NULL,Auto Generated,NULL,NULL,NULL,NULL,NULL,0,NULL,2024-08-07 10:56:34.240,NULL,0,NULL,NULL,NULL,NULL,NULL,NULL,NULL,NULL,Ocean Export,1,NULL,NULL,0,NULL,,NULL,NULL,NULL,NULL,1,0,,Sales & Marketing,NULL,NULL,NULL
929,2024-08-07 00:00:00.000,INQ1018724,"Asia-Ton Machineries SDN, BHD",NULL,None,None,NULL,By Email,NULL,Auto Generated,NULL,NULL,NULL,NULL,NULL,0,NULL,2024-08-07 16:56:14.400,NULL,0,NULL,NULL,NULL,NULL,NULL,NULL,NULL,NULL,Ocean Export,1,NULL,NULL,0,NULL,,NULL,NULL,NULL,NULL,1,0,,Sales & Marketing,NULL,NULL,NULL
930,2024-08-08 00:00:00.000,INQ1018731,Freight Republic ll,NULL,None,None,NULL,By Email,NULL,Auto Generated,NULL,NULL,NULL,NULL,NULL,0,NULL,2024-08-08 12:37:29.547,NULL,0,NULL,NULL,NULL,NULL,NULL,NULL,NULL,NULL,Ocean Export,1,NULL,NULL,0,NULL,,NULL,NULL,NULL,NULL,1,0,,Sales & Marketing,NULL,NULL,NULL
931,2024-08-08 00:00:00.000,INQ1018733,Blue Dolphin Logistics,NULL,None,None,NULL,By Email,NULL,Auto Generated,NULL,NULL,NULL,NULL,NULL,0,NULL,2024-08-08 14:23:12.787,NULL,0,NULL,NULL,NULL,NULL,NULL,NULL,NULL,NULL,Ocean Export,1,NULL,NULL,0,NULL,,NULL,NULL,NULL,NULL,1,0,,Sales & Marketing,NULL,NULL,NULL
932,2024-08-09 00:00:00.000,INQ1018741,G1313 Logistics,NULL,None,None,NULL,By Email,NULL,Auto Generated,NULL,NULL,NULL,NULL,NULL,0,NULL,2024-08-09 15:53:25.690,NULL,0,NULL,NULL,NULL,NULL,NULL,NULL,NULL,NULL,Ocean Export,1,NULL,NULL,0,NULL,,NULL,NULL,NULL,NULL,1,0,,Sales & Marketing,NULL,NULL,NULL
934,2024-08-12 00:00:00.000,INQ1018748,SAUDI CARGO,NULL,None,None,NULL,By Email,NULL,Auto Generated,NULL,NULL,NULL,NULL,NULL,0,NULL,2024-08-12 11:27:21.873,NULL,0,NULL,NULL,NULL,NULL,NULL,NULL,NULL,NULL,Ocean Export,1,NULL,NULL,0,NULL,,NULL,NULL,NULL,NULL,1,0,,Inside Sales Group,NULL,NULL,NULL
935,2024-08-12 00:00:00.000,INQ1018750,"Circle Logistics, Inc.",NULL,None,None,NULL,By Email,NULL,Auto Generated,NULL,NULL,NULL,NULL,NULL,0,NULL,2024-08-12 11:45:13.637,NULL,0,NULL,NULL,NULL,NULL,NULL,NULL,NULL,NULL,Ocean Export,1,NULL,NULL,0,NULL,,NULL,NULL,NULL,NULL,1,0,,Hamid Hussaini,NULL,NULL,NULL
936,2024-08-12 00:00:00.000,INQ1018755,American Water Heaters,NULL,None,None,NULL,By Email,NULL,Auto Generated,NULL,NULL,NULL,NULL,NULL,0,NULL,2024-08-12 14:55:38.650,NULL,0,NULL,NULL,NULL,NULL,NULL,NULL,NULL,NULL,Ocean Export,1,NULL,NULL,0,NULL,,NULL,NULL,NULL,NULL,1,0,,Sales & Marketing,NULL,NULL,NULL
937,2024-08-12 00:00:00.000,INQ1018756,Amell Cargo & Courier 1111,NULL,None,None,NULL,By Email,NULL,Auto Generated,NULL,NULL,NULL,NULL,NULL,0,NULL,2024-08-12 15:00:28.620,NULL,1,NULL,NULL,NULL,NULL,NULL,NULL,NULL,NULL,Ocean Export,1,NULL,NULL,0,NULL,,duplicate,NULL,NULL,NULL,1,0,,Sales & Marketing,NULL,NULL,NULL
938,2024-08-12 00:00:00.000,INQ1018757,GLOBE AIR CARGO,NULL,None,None,NULL,By Email,NULL,Auto Generated,NULL,NULL,NULL,NULL,NULL,0,NULL,2024-08-12 16:00:46.850,NULL,0,NULL,NULL,NULL,NULL,NULL,NULL,NULL,NULL,Ocean Export,1,NULL,NULL,0,NULL,,NULL,NULL,NULL,NULL,1,0,,Sales & Marketing,NULL,NULL,NULL
939,2024-08-13 00:00:00.000,INQ1018760,emirates skycargo,NULL,None,None,NULL,By Email,NULL,Auto Generated,NULL,NULL,NULL,NULL,NULL,0,NULL,2024-08-13 12:38:19.867,NULL,0,NULL,NULL,NULL,NULL,NULL,NULL,NULL,NULL,Ocean Export,1,NULL,NULL,0,NULL,,NULL,NULL,NULL,NULL,1,0,,Sales & Marketing,NULL,NULL,NULL
940,2024-08-13 00:00:00.000,INQ1018761,Tri Star Freight System,NULL,None,None,NULL,By Email,NULL,Auto Generated,NULL,NULL,NULL,NULL,NULL,0,NULL,2024-08-13 16:02:44.213,NULL,0,NULL,NULL,NULL,NULL,NULL,NULL,NULL,NULL,Ocean Export,1,NULL,NULL,0,NULL,,NULL,NULL,NULL,NULL,1,0,,Inside Sales Group,NULL,NULL,NULL
941,2024-08-13 00:00:00.000,INQ1018766,"It’s in the Bag, llc",NULL,None,None,NULL,By Email,NULL,Auto Generated,NULL,NULL,NULL,NULL,NULL,0,NULL,2024-08-13 17:00:40.527,NULL,0,NULL,NULL,NULL,NULL,NULL,NULL,NULL,NULL,Ocean Export,1,NULL,NULL,0,NULL,,NULL,NULL,NULL,NULL,1,0,,Sales & Marketing,NULL,NULL,NULL
942,2024-08-13 00:00:00.000,INQ1018767,Excargo,NULL,None,None,NULL,By Email,NULL,Auto Generated,NULL,NULL,NULL,NULL,NULL,0,NULL,2024-08-13 17:25:31.067,NULL,0,NULL,NULL,NULL,NULL,NULL,NULL,NULL,NULL,Ocean Export,1,NULL,NULL,0,NULL,,NULL,NULL,NULL,NULL,1,0,,Sales & Marketing,NULL,NULL,NULL
943,2024-08-14 00:00:00.000,INQ1018777,Tiger Trans LLC,NULL,None,None,NULL,By Email,NULL,Auto Generated,NULL,NULL,NULL,NULL,NULL,0,NULL,2024-08-14 17:04:49.280,NULL,0,NULL,NULL,NULL,NULL,NULL,NULL,NULL,NULL,Ocean Export,1,NULL,NULL,0,NULL,,NULL,NULL,NULL,NULL,1,0,,Inside Sales Group,NULL,NULL,NULL
944,2024-08-14 00:00:00.000,INQ1018780,NDS,NULL,None,None,NULL,By Email,NULL,Auto Generated,NULL,NULL,NULL,NULL,NULL,0,NULL,2024-08-14 18:35:18.457,NULL,0,NULL,NULL,NULL,NULL,NULL,NULL,NULL,NULL,Ocean Export,1,NULL,NULL,0,NULL,,NULL,NULL,NULL,NULL,1,0,,Sales & Marketing,NULL,NULL,NULL
945,2024-08-14 00:00:00.000,INQ1018781,CP RAIL,NULL,None,None,NULL,By Email,NULL,Auto Generated,NULL,NULL,NULL,NULL,NULL,0,NULL,2024-08-14 19:51:02.130,NULL,0,NULL,NULL,NULL,NULL,NULL,NULL,NULL,NULL,Ocean Export,1,NULL,NULL,0,NULL,,NULL,NULL,NULL,NULL,1,0,,Sales & Marketing,NULL,NULL,NULL
946,2024-08-15 00:00:00.000,INQ1018787,CRANE COMPOSITES,NULL,None,None,NULL,By Email,NULL,Auto Generated,NULL,NULL,NULL,NULL,NULL,0,NULL,2024-08-15 14:50:46.987,NULL,0,NULL,NULL,NULL,NULL,NULL,NULL,NULL,NULL,Ocean Export,1,NULL,NULL,0,NULL,,NULL,NULL,NULL,NULL,1,0,,Sales & Marketing,NULL,NULL,NULL
947,2024-08-15 00:00:00.000,INQ1018788,CRITTENDEN MILLWRIGHT & FABRICATION,NULL,None,None,NULL,By Email,NULL,Auto Generated,NULL,NULL,NULL,NULL,NULL,0,NULL,2024-08-15 14:54:00.660,NULL,1,NULL,NULL,NULL,NULL,NULL,NULL,NULL,NULL,Ocean Export,1,NULL,NULL,0,NULL,,duplicate,NULL,NULL,NULL,1,0,,Sales & Marketing,NULL,NULL,NULL
948,2024-08-15 00:00:00.000,INQ1018789,CUSTOM MACHINE & TOLL LLC,NULL,None,None,NULL,By Email,NULL,Auto Generated,NULL,NULL,NULL,NULL,NULL,0,NULL,2024-08-15 14:58:18.483,NULL,1,NULL,NULL,NULL,NULL,NULL,NULL,NULL,NULL,Ocean Export,1,NULL,NULL,0,NULL,,duplicate,NULL,NULL,NULL,1,0,,Sales & Marketing,NULL,NULL,NULL
949,2024-08-15 00:00:00.000,INQ1018790,Dal Transport,NULL,None,None,NULL,By Email,NULL,Auto Generated,NULL,NULL,NULL,NULL,NULL,0,NULL,2024-08-15 14:59:37.140,NULL,0,NULL,NULL,NULL,NULL,NULL,NULL,NULL,NULL,Ocean Export,1,NULL,NULL,0,NULL,,NULL,NULL,NULL,NULL,1,0,,Sales & Marketing,NULL,NULL,NULL
951,2024-08-15 00:00:00.000,INQ1018792,Gilco Trucking,NULL,None,None,NULL,By Email,NULL,Auto Generated,NULL,NULL,NULL,NULL,NULL,0,NULL,2024-08-15 15:06:37.627,NULL,0,NULL,NULL,NULL,NULL,NULL,NULL,NULL,NULL,Ocean Export,1,NULL,NULL,0,NULL,,NULL,NULL,NULL,NULL,1,0,,MUMBAI (MUM),NULL,NULL,NULL
952,2024-08-15 00:00:00.000,INQ1018794,DEWEYS,NULL,None,None,NULL,By Email,NULL,Auto Generated,NULL,NULL,NULL,NULL,NULL,0,NULL,2024-08-15 15:09:38.857,NULL,0,NULL,NULL,NULL,NULL,NULL,NULL,NULL,NULL,Ocean Export,1,NULL,NULL,0,NULL,,NULL,NULL,NULL,NULL,1,0,,Sales & Marketing,NULL,NULL,NULL
953,2024-08-15 00:00:00.000,INQ1018796,DMG MORI,NULL,None,None,NULL,By Email,NULL,Auto Generated,NULL,NULL,NULL,NULL,NULL,0,NULL,2024-08-15 15:13:42.747,NULL,0,NULL,NULL,NULL,NULL,NULL,NULL,NULL,NULL,Ocean Export,1,NULL,NULL,0,NULL,,NULL,NULL,NULL,NULL,1,0,,Sales & Marketing,NULL,NULL,NULL
954,2024-08-15 00:00:00.000,INQ1018797,Dominican Island Oil Corp,NULL,None,None,NULL,By Email,NULL,Auto Generated,NULL,NULL,NULL,NULL,NULL,0,NULL,2024-08-15 15:18:44.490,NULL,0,NULL,NULL,NULL,NULL,NULL,NULL,NULL,NULL,Ocean Export,1,NULL,NULL,0,NULL,,NULL,NULL,NULL,NULL,1,0,,Sales & Marketing,NULL,NULL,NULL
955,2024-08-15 00:00:00.000,INQ1018798,ENGINEER FIRE,NULL,None,None,NULL,By Email,NULL,Auto Generated,NULL,NULL,NULL,NULL,NULL,0,NULL,2024-08-15 15:23:10.013,NULL,1,NULL,NULL,NULL,NULL,NULL,NULL,NULL,NULL,Ocean Export,1,NULL,NULL,0,NULL,,duplicate,NULL,NULL,NULL,1,0,,Sales & Marketing,NULL,NULL,NULL
956,2024-08-15 00:00:00.000,INQ1018799,ENGINEER FIRE,NULL,None,None,NULL,By Email,NULL,Auto Generated,NULL,NULL,NULL,NULL,NULL,0,NULL,2024-08-15 15:23:48.567,NULL,1,NULL,NULL,NULL,NULL,NULL,NULL,NULL,NULL,Ocean Export,1,NULL,NULL,0,NULL,,duplicate,NULL,NULL,NULL,1,0,,Sales & Marketing,NULL,NULL,NULL
957,2024-08-15 00:00:00.000,INQ1018801,ENGINEERED TRANSPORT INTL (Heil),NULL,None,None,NULL,By Email,NULL,Auto Generated,NULL,NULL,NULL,NULL,NULL,0,NULL,2024-08-15 15:31:11.060,NULL,1,NULL,NULL,NULL,NULL,NULL,NULL,NULL,NULL,Ocean Export,1,NULL,NULL,0,NULL,,duplicate,NULL,NULL,NULL,1,0,,Sales & Marketing,NULL,NULL,NULL
959,2024-08-15 00:00:00.000,INQ1018806,ENGINEERED TRANSPORT INTL,NULL,None,None,NULL,By Email,NULL,Auto Generated,NULL,NULL,NULL,NULL,NULL,0,NULL,2024-08-15 18:23:00.810,NULL,1,NULL,NULL,NULL,NULL,NULL,NULL,NULL,NULL,Ocean Export,1,NULL,NULL,0,NULL,,duplicate,NULL,NULL,NULL,1,0,,New Jersey (EWR),NULL,NULL,NULL
960,2024-08-15 00:00:00.000,INQ1018807,ENGINEERED TRANSPORT INTL,NULL,None,None,NULL,By Email,NULL,Auto Generated,NULL,NULL,NULL,NULL,NULL,0,NULL,2024-08-15 18:23:11.207,NULL,1,NULL,NULL,NULL,NULL,NULL,NULL,NULL,NULL,Ocean Export,1,NULL,NULL,0,NULL,,duplicate,NULL,NULL,NULL,1,0,,Sales & Marketing,NULL,NULL,NULL
961,2024-08-15 00:00:00.000,INQ1018808,Federal Equipment Company,NULL,None,None,NULL,By Email,NULL,Auto Generated,NULL,NULL,NULL,NULL,NULL,0,NULL,2024-08-15 18:26:17.430,NULL,1,NULL,NULL,NULL,NULL,NULL,NULL,NULL,NULL,Ocean Export,1,NULL,NULL,0,NULL,,duplicate,NULL,NULL,NULL,1,0,,Sales & Marketing,NULL,NULL,NULL
962,2024-08-16 00:00:00.000,INQ1018811,Cargo Convoy Inc.,NULL,None,None,NULL,By Email,NULL,Auto Generated,NULL,NULL,NULL,NULL,NULL,0,NULL,2024-08-16 12:14:27.790,NULL,0,NULL,NULL,NULL,NULL,NULL,NULL,NULL,NULL,Ocean Export,1,NULL,NULL,0,NULL,,NULL,NULL,NULL,NULL,1,0,,Sales & Marketing,NULL,NULL,NULL
963,2024-08-16 00:00:00.000,INQ1018814,EQUIPMENT BUYERS GROUP,NULL,None,None,NULL,By Email,NULL,Auto Generated,NULL,NULL,NULL,NULL,NULL,0,NULL,2024-08-16 15:38:44.503,NULL,1,NULL,NULL,NULL,NULL,NULL,NULL,NULL,NULL,Ocean Export,1,NULL,NULL,0,NULL,,duplicate,NULL,NULL,NULL,1,0,,Sales & Marketing,NULL,NULL,NULL
964,2024-08-16 00:00:00.000,INQ1018815,EQUIPMENT RELOCATION SERVICES,NULL,None,None,NULL,By Email,NULL,Auto Generated,NULL,NULL,NULL,NULL,NULL,0,NULL,2024-08-16 15:39:58.067,NULL,1,NULL,NULL,NULL,NULL,NULL,NULL,NULL,NULL,Ocean Export,1,NULL,NULL,0,NULL,,duplicate,NULL,NULL,NULL,1,0,,Sales & Marketing,NULL,NULL,NULL
966,2024-08-16 00:00:00.000,INQ1018817,EX FACTORY US,NULL,None,None,NULL,By Email,NULL,Auto Generated,NULL,NULL,NULL,NULL,NULL,0,NULL,2024-08-16 15:55:18.787,NULL,1,NULL,NULL,NULL,NULL,NULL,NULL,NULL,NULL,Ocean Export,1,NULL,NULL,0,NULL,,duplicate,NULL,NULL,NULL,1,0,,Sales & Marketing,NULL,NULL,NULL
967,2024-08-16 00:00:00.000,INQ1018818,Federal Equipment Company,NULL,None,None,NULL,By Email,NULL,Auto Generated,NULL,NULL,NULL,NULL,NULL,0,NULL,2024-08-16 15:56:57.463,NULL,1,NULL,NULL,NULL,NULL,NULL,NULL,NULL,NULL,Ocean Export,1,NULL,NULL,0,NULL,,duplicate,NULL,NULL,NULL,1,0,,Sales & Marketing,NULL,NULL,NULL
968,2024-08-16 00:00:00.000,INQ1018819,"Fine Line Transport & Rigging, Inc",NULL,None,None,NULL,By Email,NULL,Auto Generated,NULL,NULL,NULL,NULL,NULL,0,NULL,2024-08-16 16:22:40.230,2024-10-27 04:15:44.410,0,NULL,NULL,NULL,NULL,NULL,NULL,NULL,NULL,Ocean Export,1,NULL,NULL,0,NULL,,NULL,NULL,NULL,NULL,1,0,,Sales & Marketing,NULL,NULL,NULL
969,2024-08-16 00:00:00.000,INQ1018820,"Fine Line Transport & Rigging, Inc",NULL,None,None,NULL,By Email,NULL,Auto Generated,NULL,NULL,NULL,NULL,NULL,0,NULL,2024-08-16 16:22:55.870,NULL,1,NULL,NULL,NULL,NULL,NULL,NULL,NULL,NULL,Ocean Export,1,NULL,NULL,0,NULL,,duplicate,NULL,NULL,NULL,1,0,,Sales & Marketing,NULL,NULL,NULL
970,2024-08-16 00:00:00.000,INQ1018821,Ship Secure Inc,NULL,None,None,NULL,By Email,NULL,Auto Generated,NULL,NULL,NULL,NULL,NULL,0,NULL,2024-08-16 17:04:25.110,NULL,0,NULL,NULL,NULL,NULL,NULL,NULL,NULL,NULL,Ocean Export,1,NULL,NULL,0,NULL,,NULL,NULL,NULL,NULL,1,0,,Inside Sales Group,NULL,NULL,NULL
971,2024-08-16 00:00:00.000,INQ1018822,ARON INDUSTRIAL SOLUTIONS,NULL,None,None,NULL,By Email,NULL,,NULL,NULL,NULL,NULL,NULL,0,NULL,2024-08-16 17:25:39.087,2025-12-01 11:02:21.263,0,NULL,NULL,NULL,NULL,NULL,NULL,NULL,NULL,Ocean Export,1,NULL,NULL,0,NULL,,NULL,NULL,NULL,NULL,1,0,,Sales & Marketing,NULL,NULL,NULL
972,2024-08-16 00:00:00.000,INQ1018823,TRX SOUTHEAST INC,NULL,None,None,NULL,By Email,NULL,Auto Generated,NULL,NULL,NULL,NULL,NULL,0,NULL,2024-08-16 17:37:48.480,NULL,0,NULL,NULL,NULL,NULL,NULL,NULL,NULL,NULL,Ocean Export,1,NULL,NULL,0,NULL,,NULL,NULL,NULL,NULL,1,0,,Inside Sales Group,NULL,NULL,NULL
973,2024-08-16 00:00:00.000,INQ1018825,"Northwest Carriers, Inc.",NULL,None,None,NULL,By Email,NULL,Auto Generated,NULL,NULL,NULL,NULL,NULL,0,NULL,2024-08-16 18:56:38.877,NULL,0,NULL,NULL,NULL,NULL,NULL,NULL,NULL,NULL,Ocean Export,1,NULL,NULL,0,NULL,,NULL,NULL,NULL,NULL,1,0,,Inside Sales Group,NULL,NULL,NULL
974,2024-08-18 00:00:00.000,INQ1018828,GTLS - Global Transport & Logistics Services LTD.,NULL,None,None,NULL,By Email,NULL,Auto Generated,NULL,NULL,NULL,NULL,NULL,0,NULL,2024-08-18 19:46:24.890,NULL,0,NULL,NULL,NULL,NULL,NULL,NULL,NULL,NULL,Ocean Export,1,NULL,NULL,0,NULL,,NULL,NULL,NULL,NULL,1,0,,Sales & Marketing,NULL,NULL,NULL
975,2024-08-19 00:00:00.000,INQ1018829,Millennium Solutions Group,NULL,None,None,NULL,By Email,NULL,Auto Generated,NULL,NULL,NULL,NULL,NULL,0,NULL,2024-08-19 13:06:22.580,NULL,0,NULL,NULL,NULL,NULL,NULL,NULL,NULL,NULL,Ocean Export,1,NULL,NULL,0,NULL,,NULL,NULL,NULL,NULL,1,0,,Hamid Hussaini,NULL,NULL,NULL
976,2024-08-20 00:00:00.000,INQ1018836,AUJAN INDUSTRIAL SOLUTION,NULL,None,None,NULL,By Email,NULL,Auto Generated,NULL,NULL,NULL,NULL,NULL,0,NULL,2024-08-20 17:16:27.497,NULL,0,NULL,NULL,NULL,NULL,NULL,NULL,NULL,NULL,Ocean Export,1,NULL,NULL,0,NULL,,NULL,NULL,NULL,NULL,1,0,,Inside Sales Group,NULL,NULL,NULL
977,2024-08-21 00:00:00.000,INQ1018837,TREALSHIP SERVICES INC.,NULL,None,None,NULL,By Email,NULL,Auto Generated,NULL,NULL,NULL,NULL,NULL,0,NULL,2024-08-21 14:55:47.390,NULL,0,NULL,NULL,NULL,NULL,NULL,NULL,NULL,NULL,Ocean Export,1,NULL,NULL,0,NULL,,NULL,NULL,NULL,NULL,1,0,,Inside Sales Group,NULL,NULL,NULL
978,2024-08-21 00:00:00.000,INQ1018838,HERITUS LOGISTICS,NULL,None,None,NULL,By Email,NULL,Auto Generated,NULL,NULL,NULL,NULL,NULL,0,NULL,2024-08-21 15:57:36.640,NULL,0,NULL,NULL,NULL,NULL,NULL,NULL,NULL,NULL,Ocean Export,1,NULL,NULL,0,NULL,,NULL,NULL,NULL,NULL,1,0,,Sales & Marketing,NULL,NULL,NULL
979,2024-08-21 00:00:00.000,INQ1018841,AMB LOGISTICS,NULL,None,None,NULL,By Email,NULL,Auto Generated,NULL,NULL,NULL,NULL,NULL,0,NULL,2024-08-21 16:59:51.227,NULL,0,NULL,NULL,NULL,NULL,NULL,NULL,NULL,NULL,Ocean Export,1,NULL,NULL,0,NULL,,NULL,NULL,NULL,NULL,1,0,,Sales & Marketing,NULL,NULL,NULL
980,2024-08-21 00:00:00.000,INQ1018842,Dowdy Ferry Transportation Inc.,NULL,None,None,NULL,By Email,NULL,Auto Generated,NULL,NULL,NULL,NULL,NULL,0,NULL,2024-08-21 18:25:57.187,NULL,0,NULL,NULL,NULL,NULL,NULL,NULL,NULL,NULL,Ocean Export,1,NULL,NULL,0,NULL,,NULL,NULL,NULL,NULL,1,0,,Sales & Marketing,NULL,NULL,NULL
981,2024-08-22 00:00:00.000,INQ1018845,KING BROKERS INC.,NULL,None,None,NULL,By Email,NULL,Auto Generated,NULL,NULL,NULL,NULL,NULL,0,NULL,2024-08-22 14:09:30.270,NULL,0,NULL,NULL,NULL,NULL,NULL,NULL,NULL,NULL,Ocean Export,1,NULL,NULL,0,NULL,,NULL,NULL,NULL,NULL,1,0,,Sales & Marketing,NULL,NULL,NULL
982,2024-08-22 00:00:00.000,INQ1018847,SIXSENSE,NULL,None,None,NULL,By Email,NULL,Auto Generated,NULL,NULL,NULL,NULL,NULL,0,NULL,2024-08-22 17:18:40.907,2025-10-01 14:00:20.550,0,NULL,NULL,NULL,NULL,NULL,NULL,NULL,NULL,Ocean Export,1,NULL,NULL,0,NULL,,NULL,NULL,NULL,NULL,1,0,,New Jersey (EWR),NULL,NULL,NULL
983,2024-08-23 00:00:00.000,INQ1018851,"PB Express, Inc",NULL,None,None,NULL,By Email,NULL,Auto Generated,NULL,NULL,NULL,NULL,NULL,0,NULL,2024-08-23 15:50:30.633,NULL,0,NULL,NULL,NULL,NULL,NULL,NULL,NULL,NULL,Ocean Export,1,NULL,NULL,0,NULL,,NULL,NULL,NULL,NULL,1,0,,Inside Sales Group,NULL,NULL,NULL
984,2024-08-23 00:00:00.000,INQ1018852,ClearFreight,NULL,None,None,NULL,By Email,NULL,Auto Generated,NULL,NULL,NULL,NULL,NULL,0,NULL,2024-08-23 16:14:29.417,NULL,0,NULL,NULL,NULL,NULL,NULL,NULL,NULL,NULL,Ocean Export,1,NULL,NULL,0,NULL,,NULL,NULL,NULL,NULL,1,0,,Hamid Hussaini,NULL,NULL,NULL
985,2024-08-23 00:00:00.000,INQ1018854,Black Star! ACA,NULL,None,None,NULL,By Email,NULL,Auto Generated,NULL,NULL,NULL,NULL,NULL,0,NULL,2024-08-23 17:39:01.060,NULL,0,NULL,NULL,NULL,NULL,NULL,NULL,NULL,NULL,Ocean Export,1,NULL,NULL,0,NULL,,NULL,NULL,NULL,NULL,1,0,,Sales & Marketing,NULL,NULL,NULL
986,2024-08-23 00:00:00.000,INQ1018856,LMI Aerospace,NULL,None,None,NULL,By Email,NULL,Auto Generated,NULL,NULL,NULL,NULL,NULL,0,NULL,2024-08-23 18:13:39.963,NULL,0,NULL,NULL,NULL,NULL,NULL,NULL,NULL,NULL,Ocean Export,1,NULL,NULL,0,NULL,,NULL,NULL,NULL,NULL,1,0,,Sales & Marketing,NULL,NULL,NULL
987,2024-08-25 00:00:00.000,INQ1018857,LONGWAY LOGISTICS,NULL,None,None,NULL,By Email,NULL,Auto Generated,NULL,NULL,NULL,NULL,NULL,0,NULL,2024-08-25 14:53:32.667,NULL,0,NULL,NULL,NULL,NULL,NULL,NULL,NULL,NULL,Ocean Export,1,NULL,NULL,0,NULL,,NULL,NULL,NULL,NULL,1,0,,New Jersey (EWR),NULL,NULL,NULL
988,2024-08-26 00:00:00.000,INQ1018865,HARLYN  TRANSPORT,NULL,None,None,NULL,By Email,NULL,Auto Generated,NULL,NULL,NULL,NULL,NULL,0,NULL,2024-08-26 12:04:30.447,NULL,0,NULL,NULL,NULL,NULL,NULL,NULL,NULL,NULL,Ocean Export,1,NULL,NULL,0,NULL,,NULL,NULL,NULL,NULL,1,0,,Sales & Marketing,NULL,NULL,NULL
989,2024-08-26 00:00:00.000,INQ1018882,EASY PEASY TRUCKING LLC (EP TRUCKING),NULL,None,None,NULL,By Email,NULL,Auto Generated,NULL,NULL,NULL,NULL,NULL,0,NULL,2024-08-26 16:26:29.463,NULL,0,NULL,NULL,NULL,NULL,NULL,NULL,NULL,NULL,Ocean Export,1,NULL,NULL,0,NULL,,NULL,NULL,NULL,NULL,1,0,,Inside Sales Group,NULL,NULL,NULL
990,2024-08-27 00:00:00.000,INQ1018891,Golden Bridge International Inc,NULL,None,None,NULL,By Email,NULL,Auto Generated,NULL,NULL,NULL,NULL,NULL,0,NULL,2024-08-27 10:48:48.663,NULL,0,NULL,NULL,NULL,NULL,NULL,NULL,NULL,NULL,Ocean Export,1,NULL,NULL,0,NULL,,NULL,NULL,NULL,NULL,1,0,,Sales & Marketing,NULL,NULL,NULL
991,2024-08-27 00:00:00.000,INQ1018892,Super Noya Logistics LLC,NULL,None,None,NULL,By Email,NULL,Auto Generated,NULL,NULL,NULL,NULL,NULL,0,NULL,2024-08-27 13:42:29.437,NULL,0,NULL,NULL,NULL,NULL,NULL,NULL,NULL,NULL,Ocean Export,1,NULL,NULL,0,NULL,,NULL,NULL,NULL,NULL,1,0,,Inside Sales Group,NULL,NULL,NULL
994,2024-08-28 00:00:00.000,INQ1018898,Cowan Transport Services,NULL,None,None,NULL,By Email,NULL,Auto Generated,NULL,NULL,NULL,NULL,NULL,0,NULL,2024-08-28 12:40:31.640,NULL,0,NULL,NULL,NULL,NULL,NULL,NULL,NULL,NULL,Ocean Export,1,NULL,NULL,0,NULL,,NULL,NULL,NULL,NULL,1,0,,Hamid Hussaini,NULL,NULL,NULL
995,2024-09-03 00:00:00.000,INQ1018916,Coast to Coast Logistics Inc,NULL,None,None,NULL,By Email,NULL,Auto Generated,NULL,NULL,NULL,NULL,NULL,0,NULL,2024-09-03 14:09:09.180,NULL,0,NULL,NULL,NULL,NULL,NULL,NULL,NULL,NULL,Ocean Export,1,NULL,NULL,0,NULL,,NULL,NULL,NULL,NULL,1,0,,Inside Sales Group,NULL,NULL,NULL
996,2024-09-03 00:00:00.000,INQ1018917,Denver East Machinery,NULL,None,None,NULL,By Email,NULL,Auto Generated,NULL,NULL,NULL,NULL,NULL,0,NULL,2024-09-03 15:40:13.607,NULL,0,NULL,NULL,NULL,NULL,NULL,NULL,NULL,NULL,Ocean Export,1,NULL,NULL,0,NULL,,NULL,NULL,NULL,NULL,1,0,,Inside Sales Group,NULL,NULL,NULL
997,2024-09-05 00:00:00.000,INQ1018922,SEA-AIR Cargo,NULL,None,None,NULL,By Email,NULL,Auto Generated,NULL,NULL,NULL,NULL,NULL,0,NULL,2024-09-05 11:56:17.867,NULL,0,NULL,NULL,NULL,NULL,NULL,NULL,NULL,NULL,Ocean Export,1,NULL,NULL,0,NULL,,NULL,NULL,NULL,NULL,1,0,,Sales & Marketing,NULL,NULL,NULL
998,2024-09-05 00:00:00.000,INQ1018925,Golden Bear Services,NULL,None,None,NULL,By Email,NULL,Auto Generated,NULL,NULL,NULL,NULL,NULL,0,NULL,2024-09-05 12:54:10.550,NULL,0,NULL,NULL,NULL,NULL,NULL,NULL,NULL,NULL,Ocean Export,1,NULL,NULL,0,NULL,,NULL,NULL,NULL,NULL,1,0,,Sales & Marketing,NULL,NULL,NULL
999,2024-09-05 00:00:00.000,INQ1018928,BTM INDUSTRIAL,NULL,None,None,NULL,By Email,NULL,Auto Generated,NULL,NULL,NULL,NULL,NULL,0,NULL,2024-09-05 22:48:04.090,NULL,1,NULL,NULL,NULL,NULL,NULL,NULL,NULL,NULL,Ocean Export,1,NULL,NULL,0,NULL,,duplicate,NULL,NULL,NULL,1,0,,Sales & Marketing,NULL,NULL,NULL
1001,2024-09-05 00:00:00.000,INQ1018930,BURR OAK TOOLS,NULL,None,None,NULL,By Email,NULL,Auto Generated,NULL,NULL,NULL,NULL,NULL,0,NULL,2024-09-05 22:56:58.527,NULL,1,NULL,NULL,NULL,NULL,NULL,NULL,NULL,NULL,Ocean Export,1,NULL,NULL,0,NULL,,duplicate,NULL,NULL,NULL,1,0,,Sales & Marketing,NULL,NULL,NULL
1002,2024-09-05 00:00:00.000,INQ1018931,C & C MILLWRIGHT MAINATAINANCE,NULL,None,None,NULL,By Email,NULL,Auto Generated,NULL,NULL,NULL,NULL,NULL,0,NULL,2024-09-05 22:57:57.807,NULL,1,NULL,NULL,NULL,NULL,NULL,NULL,NULL,NULL,Ocean Export,1,NULL,NULL,0,NULL,,duplicate,NULL,NULL,NULL,1,0,,Sales & Marketing,NULL,NULL,NULL
1003,2024-09-05 00:00:00.000,INQ1018932,C.A.S. RIGGING,NULL,None,None,NULL,By Email,NULL,Auto Generated,NULL,NULL,NULL,NULL,NULL,0,NULL,2024-09-05 22:59:30.353,NULL,1,NULL,NULL,NULL,NULL,NULL,NULL,NULL,NULL,Ocean Export,1,NULL,NULL,0,NULL,,duplicate,NULL,NULL,NULL,1,0,,Sales & Marketing,NULL,NULL,NULL
1004,2024-09-05 00:00:00.000,INQ1018933,CAPITOL RECOVERY GROUP,NULL,None,None,NULL,By Email,NULL,Auto Generated,NULL,NULL,NULL,NULL,NULL,0,NULL,2024-09-05 23:01:00.703,NULL,1,NULL,NULL,NULL,NULL,NULL,NULL,NULL,NULL,Ocean Export,1,NULL,NULL,0,NULL,,duplicate,NULL,NULL,NULL,1,0,,Sales & Marketing,NULL,NULL,NULL
1005,2024-09-05 00:00:00.000,INQ1018934,CHARLESTON AUCTIONS,NULL,None,None,NULL,By Email,NULL,Auto Generated,NULL,NULL,NULL,NULL,NULL,0,NULL,2024-09-05 23:04:23.367,2024-09-19 13:29:50.823,1,NULL,NULL,NULL,NULL,NULL,NULL,NULL,NULL,Ocean Export,1,NULL,NULL,0,NULL,,duplicate,NULL,NULL,NULL,1,0,,Sales & Marketing,NULL,NULL,NULL
1006,2024-09-05 00:00:00.000,INQ1018935,CINCINNATI INDUSTRIAL AUCTIONEERS,NULL,None,None,NULL,By Email,NULL,"Not interested Primarily work with people on site  follow up 6 months
12/18/2024	FR.. Dec 11 - Spoke with Hillary. Said they are not looking for this but could email her the information on hillary@cia-auctions.com	12/11/2024",NULL,NULL,NULL,NULL,NULL,0,NULL,2024-09-05 23:05:50.080,2025-11-17 09:51:24.090,0,NULL,NULL,NULL,NULL,NULL,NULL,NULL,NULL,Ocean Export,1,NULL,NULL,0,NULL,,NULL,NULL,NULL,NULL,1,0,,Sales & Marketing,NULL,NULL,NULL
1007,2024-09-05 00:00:00.000,INQ1018936,CLOVER MACHINERY MOVERS,NULL,None,None,NULL,By Email,NULL,Auto Generated,NULL,NULL,NULL,NULL,NULL,0,NULL,2024-09-05 23:07:33.620,NULL,1,NULL,NULL,NULL,NULL,NULL,NULL,NULL,NULL,Ocean Export,1,NULL,NULL,0,NULL,,duplicate,NULL,NULL,NULL,1,0,,Sales & Marketing,NULL,NULL,NULL
1008,2024-09-05 00:00:00.000,INQ1018937,MMI Direct Acutions,NULL,None,None,NULL,By Email,NULL,Auto Generated,NULL,NULL,NULL,NULL,NULL,0,NULL,2024-09-05 23:09:05.153,NULL,1,NULL,NULL,NULL,NULL,NULL,NULL,NULL,NULL,Ocean Export,1,NULL,NULL,0,NULL,,duplicate,NULL,NULL,NULL,1,0,,Sales & Marketing,NULL,NULL,NULL
1009,2024-09-05 00:00:00.000,INQ1018938,NATIONAL RIGGING & TRANSPORTATION LTD.,NULL,None,None,NULL,By Email,NULL,Auto Generated,NULL,NULL,NULL,NULL,NULL,0,NULL,2024-09-05 23:17:47.060,NULL,1,NULL,NULL,NULL,NULL,NULL,NULL,NULL,NULL,Ocean Export,1,NULL,NULL,0,NULL,,duplicate,NULL,NULL,NULL,1,0,,Sales & Marketing,NULL,NULL,NULL
1010,2024-09-05 00:00:00.000,INQ1018939,ACT MACHINERY,NULL,None,None,NULL,By Email,NULL,Auto Generated,NULL,NULL,NULL,NULL,NULL,0,NULL,2024-09-05 23:25:40.960,NULL,1,NULL,NULL,NULL,NULL,NULL,NULL,NULL,NULL,Ocean Export,1,NULL,NULL,0,NULL,,Duplicate,NULL,NULL,NULL,1,0,,Sales & Marketing,NULL,NULL,NULL
1011,2024-09-05 00:00:00.000,INQ1018940,ADVANCED INDUSTRIAL SERVICES (AIS),NULL,None,None,NULL,By Email,NULL,Auto Generated,NULL,NULL,NULL,NULL,NULL,0,NULL,2024-09-05 23:27:34.607,NULL,1,NULL,NULL,NULL,NULL,NULL,NULL,NULL,NULL,Ocean Export,1,NULL,NULL,0,NULL,,Duplicate,NULL,NULL,NULL,1,0,,Sales & Marketing,NULL,NULL,NULL
1012,2024-09-05 00:00:00.000,INQ1018941,AFFORDABLE MACHINERY,NULL,None,None,NULL,By Email,NULL,Auto Generated,NULL,NULL,NULL,NULL,NULL,0,NULL,2024-09-05 23:29:42.497,NULL,1,NULL,NULL,NULL,NULL,NULL,NULL,NULL,NULL,Ocean Export,1,NULL,NULL,0,NULL,,duplicate entry,NULL,NULL,NULL,1,0,,Sales & Marketing,NULL,NULL,NULL
1013,2024-09-05 00:00:00.000,INQ1018942,ALAN ROSS MACHINERY CORP,NULL,None,None,NULL,By Email,NULL,Auto Generated,NULL,NULL,NULL,NULL,NULL,0,NULL,2024-09-05 23:30:59.330,NULL,1,NULL,NULL,NULL,NULL,NULL,NULL,NULL,NULL,Ocean Export,1,NULL,NULL,0,NULL,,duplicate,NULL,NULL,NULL,1,0,,Sales & Marketing,NULL,NULL,NULL
1014,2024-09-05 00:00:00.000,INQ1018943,ALL PRO MACHINERY MOVERS,NULL,None,None,NULL,By Email,NULL,Auto Generated,NULL,NULL,NULL,NULL,NULL,0,NULL,2024-09-05 23:32:51.727,NULL,1,NULL,NULL,NULL,NULL,NULL,NULL,NULL,NULL,Ocean Export,1,NULL,NULL,0,NULL,,duplicate entry,NULL,NULL,NULL,1,0,,Sales & Marketing,NULL,NULL,NULL
1015,2024-09-05 00:00:00.000,INQ1018944,ALL PRO MACHINERY MOVERS,NULL,None,None,NULL,By Email,NULL,Auto Generated,NULL,NULL,NULL,NULL,NULL,0,NULL,2024-09-05 23:36:34.227,NULL,1,NULL,NULL,NULL,NULL,NULL,NULL,NULL,NULL,Ocean Export,1,NULL,NULL,0,NULL,,duplicate entry,NULL,NULL,NULL,1,0,,Sales & Marketing,NULL,NULL,NULL
1016,2024-09-05 00:00:00.000,INQ1018945,BIDADOO AUCTIONS,NULL,None,None,NULL,By Email,NULL,Auto Generated,NULL,NULL,NULL,NULL,NULL,0,NULL,2024-09-05 23:54:44.633,NULL,1,NULL,NULL,NULL,NULL,NULL,NULL,NULL,NULL,Ocean Export,1,NULL,NULL,0,NULL,,duplicate,NULL,NULL,NULL,1,0,,Sales & Marketing,NULL,NULL,NULL
1017,2024-09-09 00:00:00.000,INQ1018952,Real Mining Supply,NULL,None,None,NULL,By Email,NULL,Auto Generated,NULL,NULL,NULL,NULL,NULL,0,NULL,2024-09-09 15:05:46.837,NULL,0,NULL,NULL,NULL,NULL,NULL,NULL,NULL,NULL,Ocean Export,1,NULL,NULL,0,NULL,,NULL,NULL,NULL,NULL,1,0,,Sales & Marketing,NULL,NULL,NULL
1018,2024-09-09 00:00:00.000,INQ1018953,SLPT Global Pump Group,NULL,None,None,NULL,By Email,NULL,Auto Generated,NULL,NULL,NULL,NULL,NULL,0,NULL,2024-09-09 16:11:07.470,NULL,0,NULL,NULL,NULL,NULL,NULL,NULL,NULL,NULL,Ocean Export,1,NULL,NULL,0,NULL,,NULL,NULL,NULL,NULL,1,0,,Sales & Marketing,NULL,NULL,NULL
1019,2024-09-11 00:00:00.000,INQ1018975,Amell Cargo & Courier 1111,NULL,None,None,NULL,By Email,NULL,Auto Generated,NULL,NULL,NULL,NULL,NULL,0,NULL,2024-09-11 13:00:24.573,NULL,0,NULL,NULL,NULL,NULL,NULL,NULL,NULL,NULL,Ocean Export,1,NULL,NULL,0,NULL,,NULL,NULL,NULL,NULL,1,0,,Sales & Marketing,NULL,NULL,NULL
1020,2024-09-18 00:00:00.000,INQ1018996,HARBOR SEAFOOD,NULL,None,None,NULL,By Email,NULL,Auto Generated,NULL,NULL,NULL,NULL,NULL,0,NULL,2024-09-18 13:15:13.227,NULL,0,NULL,NULL,NULL,NULL,NULL,NULL,NULL,NULL,Ocean Export,1,NULL,NULL,0,NULL,,NULL,NULL,NULL,NULL,1,0,,Sales & Marketing,NULL,NULL,NULL
1021,2024-09-18 00:00:00.000,INQ1018997,HARRIS AUCTIONS,NULL,None,None,NULL,By Email,NULL,Auto Generated,NULL,NULL,NULL,NULL,NULL,0,NULL,2024-09-18 13:32:26.850,NULL,1,NULL,NULL,NULL,NULL,NULL,NULL,NULL,NULL,Ocean Export,1,NULL,NULL,0,NULL,,duplicate entry,NULL,NULL,NULL,1,0,,Sales & Marketing,NULL,NULL,NULL
1022,2024-10-03 00:00:00.000,INQ1019044,Capsa Healthcare,NULL,None,None,NULL,By Email,NULL,Auto Generated,NULL,NULL,NULL,NULL,NULL,0,NULL,2024-10-03 20:51:38.050,NULL,0,NULL,NULL,NULL,NULL,NULL,NULL,NULL,NULL,Ocean Export,1,NULL,NULL,0,NULL,,NULL,NULL,NULL,NULL,1,0,,Sales & Marketing,NULL,NULL,NULL
1023,2024-10-03 00:00:00.000,INQ1019045,The Carlisle & Finch Co.,NULL,None,None,NULL,By Email,NULL,Auto Generated,NULL,NULL,NULL,NULL,NULL,0,NULL,2024-10-03 20:56:03.347,NULL,0,NULL,NULL,NULL,NULL,NULL,NULL,NULL,NULL,Ocean Export,1,NULL,NULL,0,NULL,,NULL,NULL,NULL,NULL,1,0,,Sales & Marketing,NULL,NULL,NULL
1024,2024-10-03 00:00:00.000,INQ1019046,Richards Industrials,NULL,None,None,NULL,By Email,NULL,Auto Generated,NULL,NULL,NULL,NULL,NULL,0,NULL,2024-10-03 21:03:51.940,NULL,0,NULL,NULL,NULL,NULL,NULL,NULL,NULL,NULL,Ocean Export,1,NULL,NULL,0,NULL,,NULL,NULL,NULL,NULL,1,0,,Sales & Marketing,NULL,NULL,NULL
1025,2024-10-03 00:00:00.000,INQ1019047,Settlemyre INDUSTRIES INC.,NULL,None,None,NULL,By Email,NULL,Auto Generated,NULL,NULL,NULL,NULL,NULL,0,NULL,2024-10-03 21:04:48.837,NULL,0,NULL,NULL,NULL,NULL,NULL,NULL,NULL,NULL,Ocean Export,1,NULL,NULL,0,NULL,,NULL,NULL,NULL,NULL,1,0,,Sales & Marketing,NULL,NULL,NULL
1026,2024-10-03 00:00:00.000,INQ1019048,Hirschvogel Incorporated USA,NULL,None,None,NULL,By Email,NULL,Auto Generated,NULL,NULL,NULL,NULL,NULL,0,NULL,2024-10-03 21:13:58.387,NULL,0,NULL,NULL,NULL,NULL,NULL,NULL,NULL,NULL,Ocean Export,1,NULL,NULL,0,NULL,,NULL,NULL,NULL,NULL,1,0,,Sales & Marketing,NULL,NULL,NULL
1027,2024-10-03 00:00:00.000,INQ1019049,"Consolidated Machinery Movers, Inc.",NULL,None,None,NULL,By Email,NULL,Auto Generated,NULL,NULL,NULL,NULL,NULL,0,NULL,2024-10-03 21:16:01.150,NULL,1,NULL,NULL,NULL,NULL,NULL,NULL,NULL,NULL,Ocean Export,1,NULL,NULL,0,NULL,,duplicate,NULL,NULL,NULL,1,0,,Sales & Marketing,NULL,NULL,NULL
1028,2024-10-03 00:00:00.000,INQ1019050,Valtris Specialty Chemicals,NULL,None,None,NULL,By Email,NULL,Auto Generated,NULL,NULL,NULL,NULL,NULL,0,NULL,2024-10-03 21:55:11.353,NULL,0,NULL,NULL,NULL,NULL,NULL,NULL,NULL,NULL,Ocean Export,1,NULL,NULL,0,NULL,,NULL,NULL,NULL,NULL,1,0,,Sales & Marketing,NULL,NULL,NULL
1029,2024-10-03 00:00:00.000,INQ1019051,Q-Lab Corporation,NULL,None,None,NULL,By Email,NULL,Auto Generated,NULL,NULL,NULL,NULL,NULL,0,NULL,2024-10-03 22:28:25.037,NULL,0,NULL,NULL,NULL,NULL,NULL,NULL,NULL,NULL,Ocean Export,1,NULL,NULL,0,NULL,,NULL,NULL,NULL,NULL,1,0,,Sales & Marketing,NULL,NULL,NULL
1030,2024-10-03 00:00:00.000,INQ1019052,Alliance Rubber Company,NULL,None,None,NULL,By Email,NULL,Auto Generated,NULL,NULL,NULL,NULL,NULL,0,NULL,2024-10-03 22:44:51.653,NULL,0,NULL,NULL,NULL,NULL,NULL,NULL,NULL,NULL,Ocean Export,1,NULL,NULL,0,NULL,,NULL,NULL,NULL,NULL,1,0,,Sales & Marketing,NULL,NULL,NULL
1031,2024-10-03 00:00:00.000,INQ1019053,Dynics Inc,NULL,None,None,NULL,By Email,NULL,Auto Generated,NULL,NULL,NULL,NULL,NULL,0,NULL,2024-10-03 23:16:05.307,NULL,0,NULL,NULL,NULL,NULL,NULL,NULL,NULL,NULL,Ocean Export,1,NULL,NULL,0,NULL,,NULL,NULL,NULL,NULL,1,0,,Sales & Marketing,NULL,NULL,NULL
1032,2024-10-03 00:00:00.000,INQ1019054,Purolea Cosmetics Lab,NULL,None,None,NULL,By Email,NULL,Auto Generated,NULL,NULL,NULL,NULL,NULL,0,NULL,2024-10-03 23:20:45.120,NULL,0,NULL,NULL,NULL,NULL,NULL,NULL,NULL,NULL,Ocean Export,1,NULL,NULL,0,NULL,,NULL,NULL,NULL,NULL,1,0,,Sales & Marketing,NULL,NULL,NULL
1033,2024-10-03 00:00:00.000,INQ1019055,CONDAT,NULL,None,None,NULL,By Email,NULL,Auto Generated,NULL,NULL,NULL,NULL,NULL,0,NULL,2024-10-03 23:22:54.370,NULL,0,NULL,NULL,NULL,NULL,NULL,NULL,NULL,NULL,Ocean Export,1,NULL,NULL,0,NULL,,NULL,NULL,NULL,NULL,1,0,,Sales & Marketing,NULL,NULL,NULL
1034,2024-10-03 00:00:00.000,INQ1019056,Tampico Beverages Inc.,NULL,None,None,NULL,By Email,NULL,Auto Generated,NULL,NULL,NULL,NULL,NULL,0,NULL,2024-10-03 23:28:54.257,NULL,0,NULL,NULL,NULL,NULL,NULL,NULL,NULL,NULL,Ocean Export,1,NULL,NULL,0,NULL,,NULL,NULL,NULL,NULL,1,0,,Sales & Marketing,NULL,NULL,NULL
1035,2024-10-03 00:00:00.000,INQ1019057,Industry Railway Suppliers Inc.,NULL,None,None,NULL,By Email,NULL,Auto Generated,NULL,NULL,NULL,NULL,NULL,0,NULL,2024-10-03 23:34:25.313,NULL,0,NULL,NULL,NULL,NULL,NULL,NULL,NULL,NULL,Ocean Export,1,NULL,NULL,0,NULL,,NULL,NULL,NULL,NULL,1,0,,Sales & Marketing,NULL,NULL,NULL
1036,2024-10-03 00:00:00.000,INQ1019058,AA Medical,NULL,None,None,NULL,By Email,NULL,Auto Generated,NULL,NULL,NULL,NULL,NULL,0,NULL,2024-10-03 23:40:29.360,NULL,0,NULL,NULL,NULL,NULL,NULL,NULL,NULL,NULL,Ocean Export,1,NULL,NULL,0,NULL,,NULL,NULL,NULL,NULL,1,0,,Sales & Marketing,NULL,NULL,NULL
1037,2024-10-04 00:00:00.000,INQ1019059,Seedburo Equipment Co,NULL,None,None,NULL,By Email,NULL,Auto Generated,NULL,NULL,NULL,NULL,NULL,0,NULL,2024-10-04 00:59:40.100,NULL,0,NULL,NULL,NULL,NULL,NULL,NULL,NULL,NULL,Ocean Export,1,NULL,NULL,0,NULL,,NULL,NULL,NULL,NULL,1,0,,Sales & Marketing,NULL,NULL,NULL
1038,2024-10-04 00:00:00.000,INQ1019060,Atlas Adhesive Tape Corporation,NULL,None,None,NULL,By Email,NULL,Auto Generated,NULL,NULL,NULL,NULL,NULL,0,NULL,2024-10-04 01:09:13.507,NULL,0,NULL,NULL,NULL,NULL,NULL,NULL,NULL,NULL,Ocean Export,1,NULL,NULL,0,NULL,,NULL,NULL,NULL,NULL,1,0,,Sales & Marketing,NULL,NULL,NULL
1039,2024-10-04 00:00:00.000,INQ1019061,Wisconsin Metalworking Machinery Inc.,NULL,None,None,NULL,By Email,NULL,Auto Generated,NULL,NULL,NULL,NULL,NULL,0,NULL,2024-10-04 01:16:06.017,NULL,1,NULL,NULL,NULL,NULL,NULL,NULL,NULL,NULL,Ocean Export,1,NULL,NULL,0,NULL,,duplicate,NULL,NULL,NULL,1,0,,Sales & Marketing,NULL,NULL,NULL
1040,2024-10-04 00:00:00.000,INQ1019062,HYPERAMS  ASSET MAXIMIZATION SERVICES,NULL,None,None,NULL,By Email,NULL,Auto Generated,NULL,NULL,NULL,NULL,NULL,0,NULL,2024-10-04 01:41:32.587,2024-12-18 13:50:50.387,1,NULL,NULL,NULL,NULL,NULL,NULL,NULL,NULL,Ocean Export,1,NULL,NULL,0,NULL,,duplicate entry,NULL,NULL,NULL,1,0,,Sales & Marketing,NULL,NULL,NULL
1041,2024-10-05 00:00:00.000,INQ1019069,Y International USA,NULL,None,None,NULL,By Email,NULL,Auto Generated,NULL,NULL,NULL,NULL,NULL,0,NULL,2024-10-05 21:35:52.803,NULL,0,NULL,NULL,NULL,NULL,NULL,NULL,NULL,NULL,Ocean Export,1,NULL,NULL,0,NULL,,NULL,NULL,NULL,NULL,1,0,,Sales & Marketing,NULL,NULL,NULL
1042,2024-10-14 00:00:00.000,INQ1019077,THE VISION SHIPPING L.L.C,NULL,None,None,NULL,By Email,NULL,Auto Generated,NULL,NULL,NULL,NULL,NULL,0,NULL,2024-10-14 15:37:09.980,NULL,0,NULL,NULL,NULL,NULL,NULL,NULL,NULL,NULL,Ocean Export,1,NULL,NULL,0,NULL,,NULL,NULL,NULL,NULL,1,0,,Hamid Hussaini,NULL,NULL,NULL
1043,2024-10-17 00:00:00.000,INQ1019083,BAHRI LINE,NULL,None,None,NULL,By Email,NULL,Auto Generated,NULL,NULL,NULL,NULL,NULL,0,NULL,2024-10-17 11:05:40.957,NULL,0,NULL,NULL,NULL,NULL,NULL,NULL,NULL,NULL,Ocean Export,1,NULL,NULL,0,NULL,,NULL,NULL,NULL,NULL,1,0,,Inside Sales Group,NULL,NULL,NULL
1046,2024-10-17 00:00:00.000,INQ1019086,SPLIETHOFF,NULL,None,None,NULL,By Email,NULL,Auto Generated,NULL,NULL,NULL,NULL,NULL,0,NULL,2024-10-17 12:47:17.477,NULL,0,NULL,NULL,NULL,NULL,NULL,NULL,NULL,NULL,Ocean Export,1,NULL,NULL,0,NULL,,NULL,NULL,NULL,NULL,1,0,,Hamid Hussaini,NULL,NULL,NULL
1048,2024-10-17 00:00:00.000,INQ1019093,NATIONAL DRAYAGE SERVICES  NDS,NULL,None,None,NULL,By Email,NULL,Auto Generated,NULL,NULL,NULL,NULL,NULL,0,NULL,2024-10-17 17:37:05.763,NULL,0,NULL,NULL,NULL,NULL,NULL,NULL,NULL,NULL,Ocean Export,1,NULL,NULL,0,NULL,,NULL,NULL,NULL,NULL,1,0,,Inside Sales Group,NULL,NULL,NULL
1049,2024-10-17 00:00:00.000,INQ1019094,ADVANCED FREIGHT DYNAMICS,NULL,None,None,NULL,By Email,NULL,Auto Generated,NULL,NULL,NULL,NULL,NULL,0,NULL,2024-10-17 18:04:48.310,NULL,0,NULL,NULL,NULL,NULL,NULL,NULL,NULL,NULL,Ocean Export,1,NULL,NULL,0,NULL,,NULL,NULL,NULL,NULL,1,0,,Inside Sales Group,NULL,NULL,NULL
1050,2024-10-17 00:00:00.000,INQ1019095,TRAK  TRANSPORTACIONES,NULL,None,None,NULL,By Email,NULL,Auto Generated,NULL,NULL,NULL,NULL,NULL,0,NULL,2024-10-17 18:45:15.547,NULL,0,NULL,NULL,NULL,NULL,NULL,NULL,NULL,NULL,Ocean Export,1,NULL,NULL,0,NULL,,NULL,NULL,NULL,NULL,1,0,,Inside Sales Group,NULL,NULL,NULL
1051,2024-10-29 00:00:00.000,INQ1019130,PREMIER EQUIPMENT,NULL,None,None,NULL,By Email,NULL,Auto Generated,NULL,NULL,NULL,NULL,NULL,0,NULL,2024-10-29 17:51:00.667,NULL,1,NULL,NULL,NULL,NULL,NULL,NULL,NULL,NULL,Ocean Export,1,NULL,NULL,0,NULL,,duplicate,NULL,NULL,NULL,1,0,,Sales & Marketing,NULL,NULL,NULL
1053,2024-10-31 00:00:00.000,INQ1019133,PEDOWITZ MACHINERY MOVERS,NULL,None,None,NULL,By Email,NULL,Auto Generated,NULL,NULL,NULL,NULL,NULL,0,NULL,2024-10-31 08:46:38.280,NULL,1,NULL,NULL,NULL,NULL,NULL,NULL,NULL,NULL,Ocean Export,1,NULL,NULL,0,NULL,,Duplicate,NULL,NULL,NULL,1,0,,Sales & Marketing,NULL,NULL,NULL
1054,2024-10-31 00:00:00.000,INQ1019134,"#1HeavyEquipment Loading, Inc.",NULL,None,None,NULL,By Email,NULL,Auto Generated,NULL,NULL,NULL,NULL,NULL,0,NULL,2024-10-31 08:54:15.440,NULL,1,NULL,NULL,NULL,NULL,NULL,NULL,NULL,NULL,Ocean Export,1,NULL,NULL,0,NULL,,duplicate,NULL,NULL,NULL,1,0,,Hamid Hussaini,NULL,NULL,NULL
1055,2024-10-31 00:00:00.000,INQ1019135,Omega Morgan Machinery Movers,NULL,None,None,NULL,By Email,NULL,Auto Generated,NULL,NULL,NULL,NULL,NULL,0,NULL,2024-10-31 08:57:16.843,NULL,0,NULL,NULL,NULL,NULL,NULL,NULL,NULL,NULL,Ocean Export,1,NULL,NULL,0,NULL,,NULL,NULL,NULL,NULL,1,0,,Sales & Marketing,NULL,NULL,NULL
1056,2024-10-31 00:00:00.000,INQ1019136,Olinger Rigging & Machine Moving,NULL,None,None,NULL,By Email,NULL,Auto Generated,NULL,NULL,NULL,NULL,NULL,0,NULL,2024-10-31 08:59:20.287,NULL,0,NULL,NULL,NULL,NULL,NULL,NULL,NULL,NULL,Ocean Export,1,NULL,NULL,0,NULL,,NULL,NULL,NULL,NULL,1,0,,Sales & Marketing,NULL,NULL,NULL
1057,2024-10-31 00:00:00.000,INQ1019137,NorthernSigs Mfg. LLC,NULL,None,None,NULL,By Email,NULL,Auto Generated,NULL,NULL,NULL,NULL,NULL,0,NULL,2024-10-31 11:34:05.580,NULL,0,NULL,NULL,NULL,NULL,NULL,NULL,NULL,NULL,Ocean Export,1,NULL,NULL,0,NULL,,NULL,NULL,NULL,NULL,1,0,,Sales & Marketing,NULL,NULL,NULL
1058,2024-10-31 00:00:00.000,INQ1019138,NEW MILL CAPITAL,NULL,None,None,NULL,By Email,NULL,Auto Generated,NULL,NULL,NULL,NULL,NULL,0,NULL,2024-10-31 11:37:46.373,NULL,1,NULL,NULL,NULL,NULL,NULL,NULL,NULL,NULL,Ocean Export,1,NULL,NULL,0,NULL,,duplicate entry,NULL,NULL,NULL,1,0,,Sales & Marketing,NULL,NULL,NULL
1059,2024-11-01 00:00:00.000,INQ1019144,ASIA-PACIFIC IMPORT EXPORT,2024-11-11 00:00:00.000,Long Beach,HAIPHONG,1,By Email,NULL,TRIAL QUOTATION,NULL,NULL,NULL,NULL,NULL,0,NULL,2024-11-01 16:55:51.970,NULL,0,NULL,NULL,USA,Vietnam,NULL,NULL,NULL,NULL,Ocean Export,1,NULL,NULL,0,NULL,NULL,NULL,NULL,1,7301,1,0,EMAIL,Inside Sales Group,NULL,NULL,NULL
1060,2024-11-06 00:00:00.000,INQ1019171,ABJ LOGISTICS & BROKERAGE SERVICES,NULL,None,None,NULL,By Email,NULL,Auto Generated,NULL,NULL,NULL,NULL,NULL,0,NULL,2024-11-06 15:07:27.060,NULL,0,NULL,NULL,NULL,NULL,NULL,NULL,NULL,NULL,Ocean Export,1,NULL,NULL,0,NULL,,NULL,NULL,NULL,NULL,1,0,,MUMBAI (MUM),NULL,NULL,NULL
1061,2024-11-06 00:00:00.000,INQ1019173,Utech CNC,NULL,None,None,NULL,By Email,NULL,Machine Tool Distributor not an auction house follow up in 3 months,NULL,NULL,NULL,NULL,NULL,0,NULL,2024-11-06 21:45:49.470,2025-11-13 11:44:17.670,0,NULL,NULL,NULL,NULL,NULL,NULL,NULL,NULL,Ocean Export,1,NULL,NULL,0,NULL,,NULL,NULL,NULL,NULL,1,0,,Sales & Marketing,NULL,NULL,NULL
1063,2024-11-11 00:00:00.000,INQ1019189,AYAAT AUTO SALES LLC,NULL,None,None,NULL,By Email,NULL,Auto Generated,NULL,NULL,NULL,NULL,NULL,0,NULL,2024-11-11 15:47:27.503,NULL,0,NULL,NULL,NULL,NULL,NULL,NULL,NULL,NULL,Ocean Export,1,NULL,NULL,0,NULL,,NULL,NULL,NULL,NULL,1,0,,MUMBAI (MUM),NULL,NULL,NULL
1065,2024-11-11 00:00:00.000,INQ1019193,GOSIMPLEDESIGN,NULL,None,None,NULL,By Email,NULL,Auto Generated,NULL,NULL,NULL,NULL,NULL,0,NULL,2024-11-11 17:30:35.563,NULL,0,NULL,NULL,NULL,NULL,NULL,NULL,NULL,NULL,Ocean Export,1,NULL,NULL,0,NULL,,NULL,NULL,NULL,NULL,1,0,,Sales & Marketing,NULL,NULL,NULL
1066,2024-11-11 00:00:00.000,INQ1019194,Quanchen Laser Solution,NULL,None,None,NULL,By Email,NULL,Auto Generated,NULL,NULL,NULL,NULL,NULL,0,NULL,2024-11-11 17:37:48.287,NULL,0,NULL,NULL,NULL,NULL,NULL,NULL,NULL,NULL,Ocean Export,1,NULL,NULL,0,NULL,,NULL,NULL,NULL,NULL,1,0,,Sales & Marketing,NULL,NULL,NULL
1067,2024-11-11 00:00:00.000,INQ1019195,Mr. Mohamed Daud,NULL,None,None,NULL,By Email,NULL,Auto Generated,NULL,NULL,NULL,NULL,NULL,0,NULL,2024-11-11 17:39:37.557,NULL,0,NULL,NULL,NULL,NULL,NULL,NULL,NULL,NULL,Ocean Export,1,NULL,NULL,0,NULL,,NULL,NULL,NULL,NULL,1,0,,Sales & Marketing,NULL,NULL,NULL
1068,2024-11-12 00:00:00.000,INQ1019197,"Dunkel Bros Machinery Moving, An MEI Company",NULL,None,None,NULL,By Email,NULL,,NULL,NULL,NULL,NULL,NULL,0,NULL,2024-11-12 12:10:15.907,2025-11-12 13:56:10.497,0,NULL,NULL,NULL,NULL,NULL,NULL,NULL,NULL,Ocean Export,1,NULL,NULL,0,NULL,,NULL,NULL,NULL,NULL,1,0,,Sales & Marketing,NULL,NULL,NULL
1069,2024-11-12 00:00:00.000,INQ1019198,"Dunkel Bros Machinery Moving, An MEI Company",NULL,None,None,NULL,By Email,NULL,Auto Generated,NULL,NULL,NULL,NULL,NULL,0,NULL,2024-11-12 12:10:24.107,NULL,1,NULL,NULL,NULL,NULL,NULL,NULL,NULL,NULL,Ocean Export,1,NULL,NULL,0,NULL,,duplicate,NULL,NULL,NULL,1,0,,New Jersey (EWR),NULL,NULL,NULL
1070,2024-11-12 00:00:00.000,INQ1019199,"Dunkel Bros Machinery Moving, An MEI Company",NULL,None,None,NULL,By Email,NULL,Auto Generated,NULL,NULL,NULL,NULL,NULL,0,NULL,2024-11-12 12:12:29.890,NULL,1,NULL,NULL,NULL,NULL,NULL,NULL,NULL,NULL,Ocean Export,1,NULL,NULL,0,NULL,,duplicate entry,NULL,NULL,NULL,1,0,,Sales & Marketing,NULL,NULL,NULL
1071,2024-11-12 00:00:00.000,INQ1019200,Cook Equipment,NULL,None,None,NULL,By Email,NULL,Auto Generated,NULL,NULL,NULL,NULL,NULL,0,NULL,2024-11-12 12:51:30.273,NULL,0,NULL,NULL,NULL,NULL,NULL,NULL,NULL,NULL,Ocean Export,1,NULL,NULL,0,NULL,,NULL,NULL,NULL,NULL,1,0,,Sales & Marketing,NULL,NULL,NULL
1072,2024-11-12 00:00:00.000,INQ1019201,CORPORATE ASSETS INC.,NULL,None,None,NULL,By Email,NULL,Auto Generated,NULL,NULL,NULL,NULL,NULL,0,NULL,2024-11-12 13:57:02.873,NULL,1,NULL,NULL,NULL,NULL,NULL,NULL,NULL,NULL,Ocean Export,1,NULL,NULL,0,NULL,,duplicate,NULL,NULL,NULL,1,0,,Sales & Marketing,NULL,NULL,NULL
1073,2024-11-12 00:00:00.000,INQ1019202,HEALTHICA TIBBI SISTEMLER SANAYI VE TICARET ANONIM,NULL,None,None,NULL,By Email,NULL,Auto Generated,NULL,NULL,NULL,NULL,NULL,0,NULL,2024-11-12 14:49:36.423,NULL,0,NULL,NULL,NULL,NULL,NULL,NULL,NULL,NULL,Ocean Export,1,NULL,NULL,0,NULL,,NULL,NULL,NULL,NULL,1,0,,MUMBAI (MUM),NULL,NULL,NULL
1075,2024-11-15 00:00:00.000,INQ1019221,A.L. Wilson Chemical Co.,NULL,None,None,NULL,By Email,NULL,Auto Generated,NULL,NULL,NULL,NULL,NULL,0,NULL,2024-11-15 13:47:27.533,NULL,0,NULL,NULL,NULL,NULL,NULL,NULL,NULL,NULL,Ocean Export,1,NULL,NULL,0,NULL,,NULL,NULL,NULL,NULL,1,0,,Sales & Marketing,NULL,NULL,NULL
1076,2024-11-15 00:00:00.000,INQ1019223,TRISTATE AUCTIONS,NULL,None,None,NULL,By Email,NULL,Auto Generated,NULL,NULL,NULL,NULL,NULL,0,NULL,2024-11-15 18:06:31.770,NULL,1,NULL,NULL,NULL,NULL,NULL,NULL,NULL,NULL,Ocean Export,1,NULL,NULL,0,NULL,,duplicate,NULL,NULL,NULL,1,0,,Sales & Marketing,NULL,NULL,NULL
1077,2024-11-21 00:00:00.000,INQ1019241,Foreman’s Machinery Movers,NULL,None,None,NULL,By Email,NULL,Auto Generated,NULL,NULL,NULL,NULL,NULL,0,NULL,2024-11-21 13:32:33.620,NULL,1,NULL,NULL,NULL,NULL,NULL,NULL,NULL,NULL,Ocean Export,1,NULL,NULL,0,NULL,,duplicate,NULL,NULL,NULL,1,0,,Sales & Marketing,NULL,NULL,NULL
1078,2024-11-21 00:00:00.000,INQ1019242,Foreman’s Machinery Movers,NULL,None,None,NULL,By Email,NULL,Auto Generated,NULL,NULL,NULL,NULL,NULL,0,NULL,2024-11-21 13:32:43.443,NULL,1,NULL,NULL,NULL,NULL,NULL,NULL,NULL,NULL,Ocean Export,1,NULL,NULL,0,NULL,,duplicate,NULL,NULL,NULL,1,0,,Sales & Marketing,NULL,NULL,NULL
1079,2024-11-25 00:00:00.000,INQ1019252,VIKING RIGGING & Logistics Services Inc,NULL,None,None,NULL,By Email,NULL,Auto Generated,NULL,NULL,NULL,NULL,NULL,0,NULL,2024-11-25 17:43:25.297,NULL,1,NULL,NULL,NULL,NULL,NULL,NULL,NULL,NULL,Ocean Export,1,NULL,NULL,0,NULL,,duplicate,NULL,NULL,NULL,1,0,,Sales & Marketing,NULL,NULL,NULL
1080,2024-11-25 00:00:00.000,INQ1019253,F.C.WASHINGTON & SONS,NULL,None,None,NULL,By Email,NULL,Auto Generated,NULL,NULL,NULL,NULL,NULL,0,NULL,2024-11-25 20:41:10.443,NULL,0,NULL,NULL,NULL,NULL,NULL,NULL,NULL,NULL,Ocean Export,1,NULL,NULL,0,NULL,,NULL,NULL,NULL,NULL,1,0,,Sales & Marketing,NULL,NULL,NULL
1082,2024-11-27 00:00:00.000,INQ1019263,EQUIPMENT RELOCATION SERVICES,NULL,None,None,NULL,By Email,NULL,Auto Generated,NULL,NULL,NULL,NULL,NULL,0,NULL,2024-11-27 22:40:09.917,NULL,1,NULL,NULL,NULL,NULL,NULL,NULL,NULL,NULL,Ocean Export,1,NULL,NULL,0,NULL,,duplicate,NULL,NULL,NULL,1,0,,Sales & Marketing,NULL,NULL,NULL
1083,2024-11-27 00:00:00.000,INQ1019264,KEMPLER AUCTIONS,NULL,None,None,NULL,By Email,NULL,Auto Generated,NULL,NULL,NULL,NULL,NULL,0,NULL,2024-11-27 22:46:10.557,2024-12-19 15:32:09.990,0,NULL,NULL,NULL,NULL,NULL,NULL,NULL,NULL,Ocean Export,1,NULL,NULL,0,NULL,,NULL,NULL,NULL,NULL,1,0,,Sales & Marketing,NULL,NULL,NULL
1084,2024-11-27 00:00:00.000,INQ1019265,Perfection Global  LLC,NULL,None,None,NULL,By Email,NULL,"Jennifer Reiner 847-545-6374 jen@perfectionindustrial.com 
Have trucking contacts listed IMMEC Transport and All trans Service",NULL,NULL,NULL,NULL,NULL,0,NULL,2024-11-27 22:48:25.120,2025-12-10 15:35:22.750,0,NULL,NULL,NULL,NULL,NULL,NULL,NULL,NULL,Ocean Export,1,NULL,NULL,0,NULL,,NULL,NULL,NULL,NULL,1,0,,Sales & Marketing,NULL,NULL,NULL
1085,2024-11-27 00:00:00.000,INQ1019266,USA Export Inc.,NULL,None,None,NULL,By Email,NULL,Auto Generated,NULL,NULL,NULL,NULL,NULL,0,NULL,2024-11-27 23:00:24.670,NULL,0,NULL,NULL,NULL,NULL,NULL,NULL,NULL,NULL,Ocean Export,1,NULL,NULL,0,NULL,,NULL,NULL,NULL,NULL,1,0,,Sales & Marketing,NULL,NULL,NULL
1086,2024-11-27 00:00:00.000,INQ1019267,ARCO MACHINERY MOVERS,NULL,None,None,NULL,By Email,NULL,,NULL,NULL,NULL,NULL,NULL,0,NULL,2024-11-27 23:06:39.840,2025-12-01 10:54:17.233,0,NULL,NULL,NULL,NULL,NULL,NULL,NULL,NULL,Ocean Export,1,NULL,NULL,0,NULL,,NULL,NULL,NULL,NULL,1,0,,Sales & Marketing,NULL,NULL,NULL
1087,2024-11-27 00:00:00.000,INQ1019268,UPM LLC,NULL,None,None,NULL,By Email,NULL,Auto Generated,NULL,NULL,NULL,NULL,NULL,0,NULL,2024-11-27 23:26:53.753,NULL,0,NULL,NULL,NULL,NULL,NULL,NULL,NULL,NULL,Ocean Export,1,NULL,NULL,0,NULL,,NULL,NULL,NULL,NULL,1,0,,Sales & Marketing,NULL,NULL,NULL
1088,2024-11-27 00:00:00.000,INQ1019269,HARBOR MACHINERY INC,NULL,None,None,NULL,By Email,NULL,Auto Generated,NULL,NULL,NULL,NULL,NULL,0,NULL,2024-11-27 23:28:25.447,NULL,1,NULL,NULL,NULL,NULL,NULL,NULL,NULL,NULL,Ocean Export,1,NULL,NULL,0,NULL,,duplicate,NULL,NULL,NULL,1,0,,Sales & Marketing,NULL,NULL,NULL
1089,2024-11-27 00:00:00.000,INQ1019270,AIS Construction Equipment CORPORATION,NULL,None,None,NULL,By Email,NULL,Auto Generated,NULL,NULL,NULL,NULL,NULL,0,NULL,2024-11-27 23:31:56.727,NULL,0,NULL,NULL,NULL,NULL,NULL,NULL,NULL,NULL,Ocean Export,1,NULL,NULL,0,NULL,,NULL,NULL,NULL,NULL,1,0,,Sales & Marketing,NULL,NULL,NULL
1090,2024-11-28 00:00:00.000,INQ1019271,CLEVELAND MACHINERY SALES,NULL,None,None,NULL,By Email,NULL,Auto Generated,NULL,NULL,NULL,NULL,NULL,0,NULL,2024-11-28 20:24:18.617,NULL,0,NULL,NULL,NULL,NULL,NULL,NULL,NULL,NULL,Ocean Export,1,NULL,NULL,0,NULL,,NULL,NULL,NULL,NULL,1,0,,Sales & Marketing,NULL,NULL,NULL
1091,2024-11-28 00:00:00.000,INQ1019272,CLEVELAND MACHINERY SALES,NULL,None,None,NULL,By Email,NULL,Auto Generated,NULL,NULL,NULL,NULL,NULL,0,NULL,2024-11-28 20:24:37.550,NULL,1,NULL,NULL,NULL,NULL,NULL,NULL,NULL,NULL,Ocean Export,1,NULL,NULL,0,NULL,,duplicate,NULL,NULL,NULL,1,0,,Sales & Marketing,NULL,NULL,NULL
1092,2024-11-29 00:00:00.000,INQ1019285,SILK ROAD ENTERPRISES LTD.,NULL,None,None,NULL,By Email,NULL,Auto Generated,NULL,NULL,NULL,NULL,NULL,0,NULL,2024-11-29 12:37:38.100,NULL,0,NULL,NULL,NULL,NULL,NULL,NULL,NULL,NULL,Ocean Export,1,NULL,NULL,0,NULL,,NULL,NULL,NULL,NULL,1,0,,MUMBAI (MUM),NULL,NULL,NULL
1093,2024-12-01 00:00:00.000,INQ1019292,Denver East Machinery,NULL,None,None,NULL,By Email,NULL,Auto Generated,NULL,NULL,NULL,NULL,NULL,0,NULL,2024-12-01 20:21:26.840,NULL,0,NULL,NULL,NULL,NULL,NULL,NULL,NULL,NULL,Ocean Export,1,NULL,NULL,0,NULL,,NULL,NULL,NULL,NULL,1,0,,Sales & Marketing,NULL,NULL,NULL
1094,2024-12-01 00:00:00.000,INQ1019293,CORPORATE AUCTION GROUP,NULL,None,None,NULL,By Email,NULL,Auto Generated,NULL,NULL,NULL,NULL,NULL,0,NULL,2024-12-01 20:37:03.050,NULL,1,NULL,NULL,NULL,NULL,NULL,NULL,NULL,NULL,Ocean Export,1,NULL,NULL,0,NULL,,duplicate entry,NULL,NULL,NULL,1,0,,Sales & Marketing,NULL,NULL,NULL
1096,2024-12-04 00:00:00.000,INQ1019299,Able Machinery Movers,NULL,None,None,NULL,By Email,NULL,Auto Generated,NULL,NULL,NULL,NULL,NULL,0,NULL,2024-12-04 18:48:21.367,NULL,1,NULL,NULL,NULL,NULL,NULL,NULL,NULL,NULL,Ocean Export,1,NULL,NULL,0,NULL,,Duplicate,NULL,NULL,NULL,1,0,,Sales & Marketing,NULL,NULL,NULL
1097,2024-12-04 00:00:00.000,INQ1019300,DFW Movers,NULL,None,None,NULL,By Email,NULL,Auto Generated,NULL,NULL,NULL,NULL,NULL,0,NULL,2024-12-04 19:12:58.177,NULL,0,NULL,NULL,NULL,NULL,NULL,NULL,NULL,NULL,Ocean Export,1,NULL,NULL,0,NULL,,NULL,NULL,NULL,NULL,1,0,,Sales & Marketing,NULL,NULL,NULL
1098,2024-12-05 00:00:00.000,INQ1019303,Logimedex,NULL,None,None,NULL,By Email,NULL,Auto Generated,NULL,NULL,NULL,NULL,NULL,0,NULL,2024-12-05 19:28:18.127,NULL,0,NULL,NULL,NULL,NULL,NULL,NULL,NULL,NULL,Ocean Export,1,NULL,NULL,0,NULL,,NULL,NULL,NULL,NULL,1,0,,Sales & Marketing,NULL,NULL,NULL
1099,2024-12-06 00:00:00.000,INQ1019304,Affordable Erecting,NULL,None,None,NULL,By Email,NULL,,NULL,NULL,NULL,NULL,NULL,0,NULL,2024-12-06 09:54:16.877,2025-11-13 14:39:51.630,0,NULL,NULL,NULL,NULL,NULL,NULL,NULL,NULL,Ocean Export,1,NULL,NULL,0,NULL,,NULL,NULL,NULL,NULL,1,0,,Sales & Marketing,NULL,NULL,NULL
1100,2024-12-06 00:00:00.000,INQ1019307,Able Machinery Movers,NULL,None,None,NULL,By Email,NULL,Hector Napoleoni 713-539-0644 hector.napoleoni@meillc.com,NULL,NULL,NULL,NULL,NULL,0,NULL,2024-12-06 11:22:19.330,2025-12-05 14:29:27.670,0,NULL,NULL,NULL,NULL,NULL,NULL,NULL,NULL,Ocean Export,1,NULL,NULL,0,NULL,,NULL,NULL,NULL,NULL,1,0,,Sales & Marketing,NULL,NULL,NULL
1101,2024-12-06 00:00:00.000,INQ1019311,"Tektite Industries, Inc.",NULL,None,None,NULL,By Email,NULL,Auto Generated,NULL,NULL,NULL,NULL,NULL,0,NULL,2024-12-06 22:10:40.787,NULL,0,NULL,NULL,NULL,NULL,NULL,NULL,NULL,NULL,Ocean Export,1,NULL,NULL,0,NULL,,NULL,NULL,NULL,NULL,1,0,,Sales & Marketing,NULL,NULL,NULL
1102,2024-12-06 00:00:00.000,INQ1019312,Diamond Press Solutions,NULL,None,None,NULL,By Email,NULL,Auto Generated,NULL,NULL,NULL,NULL,NULL,0,NULL,2024-12-06 22:20:13.440,NULL,1,NULL,NULL,NULL,NULL,NULL,NULL,NULL,NULL,Ocean Export,1,NULL,NULL,0,NULL,,duplicate,NULL,NULL,NULL,1,0,,Sales & Marketing,NULL,NULL,NULL
1103,2024-12-09 00:00:00.000,INQ1019314,Alliance Shipping & Logistics Services LLC,NULL,None,None,NULL,By Email,NULL,Auto Generated,NULL,NULL,NULL,NULL,NULL,0,NULL,2024-12-09 12:30:00.320,NULL,1,NULL,NULL,NULL,NULL,NULL,NULL,NULL,NULL,Ocean Export,1,NULL,NULL,0,NULL,,duplicate,NULL,NULL,NULL,1,0,,Sales & Marketing,NULL,NULL,NULL
1104,2024-12-09 00:00:00.000,INQ1019315,AMCbid,NULL,None,None,NULL,By Email,NULL,no direct extension or email to send to anyone specific,NULL,NULL,NULL,NULL,NULL,0,NULL,2024-12-09 12:31:19.907,2025-11-17 10:26:12.230,0,NULL,NULL,NULL,NULL,NULL,NULL,NULL,NULL,Ocean Export,1,NULL,NULL,0,NULL,,NULL,NULL,NULL,NULL,1,0,,Sales & Marketing,NULL,NULL,NULL
1105,2024-12-09 00:00:00.000,INQ1019316,AMERICAN RIGGING,NULL,None,None,NULL,By Email,NULL,Auto Generated,NULL,NULL,NULL,NULL,NULL,0,NULL,2024-12-09 12:32:23.030,NULL,1,NULL,NULL,NULL,NULL,NULL,NULL,NULL,NULL,Ocean Export,1,NULL,NULL,0,NULL,,duplicate,NULL,NULL,NULL,1,0,,Sales & Marketing,NULL,NULL,NULL
1106,2024-12-09 00:00:00.000,INQ1019317,AR Eqipment Handling,NULL,None,None,NULL,By Email,NULL,Auto Generated,NULL,NULL,NULL,NULL,NULL,0,NULL,2024-12-09 12:39:35.703,NULL,0,NULL,NULL,NULL,NULL,NULL,NULL,NULL,NULL,Ocean Export,1,NULL,NULL,0,NULL,,NULL,NULL,NULL,NULL,1,0,,Sales & Marketing,NULL,NULL,NULL
1107,2024-12-09 00:00:00.000,INQ1019318,CINCINNATI INDUSTRIAL AUCTIONEERS,NULL,None,None,NULL,By Email,NULL,Auto Generated,NULL,NULL,NULL,NULL,NULL,0,NULL,2024-12-09 12:48:38.407,NULL,1,NULL,NULL,NULL,NULL,NULL,NULL,NULL,NULL,Ocean Export,1,NULL,NULL,0,NULL,,duplicate,NULL,NULL,NULL,1,0,,Sales & Marketing,NULL,NULL,NULL
1108,2024-12-09 00:00:00.000,INQ1019319,Cleveland Brothers Equipment Co,NULL,None,None,NULL,By Email,NULL,Auto Generated,NULL,NULL,NULL,NULL,NULL,0,NULL,2024-12-09 12:49:08.217,NULL,1,NULL,NULL,NULL,NULL,NULL,NULL,NULL,NULL,Ocean Export,1,NULL,NULL,0,NULL,,duplicate,NULL,NULL,NULL,1,0,,Sales & Marketing,NULL,NULL,NULL
1109,2024-12-09 00:00:00.000,INQ1019320,CLOVER MACHINERY MOVERS,NULL,None,None,NULL,By Email,NULL,Auto Generated,NULL,NULL,NULL,NULL,NULL,0,NULL,2024-12-09 12:50:28.690,NULL,1,NULL,NULL,NULL,NULL,NULL,NULL,NULL,NULL,Ocean Export,1,NULL,NULL,0,NULL,,duplicate,NULL,NULL,NULL,1,0,,Sales & Marketing,NULL,NULL,NULL
1110,2024-12-09 00:00:00.000,INQ1019321,Cook  Equipment,NULL,None,None,NULL,By Email,NULL,Auto Generated,NULL,NULL,NULL,NULL,NULL,0,NULL,2024-12-09 12:52:14.003,NULL,0,NULL,NULL,NULL,NULL,NULL,NULL,NULL,NULL,Ocean Export,1,NULL,NULL,0,NULL,,NULL,NULL,NULL,NULL,1,0,,Sales & Marketing,NULL,NULL,NULL
1111,2024-12-09 00:00:00.000,INQ1019322,CORPORATE AUCTION GROUP,NULL,None,None,NULL,By Email,NULL,Auto Generated,NULL,NULL,NULL,NULL,NULL,0,NULL,2024-12-09 12:54:23.367,NULL,1,NULL,NULL,NULL,NULL,NULL,NULL,NULL,NULL,Ocean Export,1,NULL,NULL,0,NULL,,duplicate,NULL,NULL,NULL,1,0,,Sales & Marketing,NULL,NULL,NULL
1112,2024-12-09 00:00:00.000,INQ1019323,CRANE COMPOSITES,NULL,None,None,NULL,By Email,NULL,Auto Generated,NULL,NULL,NULL,NULL,NULL,0,NULL,2024-12-09 12:55:19.557,NULL,1,NULL,NULL,NULL,NULL,NULL,NULL,NULL,NULL,Ocean Export,1,NULL,NULL,0,NULL,,duplicate,NULL,NULL,NULL,1,0,,Sales & Marketing,NULL,NULL,NULL
1113,2024-12-09 00:00:00.000,INQ1019324,Dal Transport,NULL,None,None,NULL,By Email,NULL,Auto Generated,NULL,NULL,NULL,NULL,NULL,0,NULL,2024-12-09 12:56:37.507,NULL,1,NULL,NULL,NULL,NULL,NULL,NULL,NULL,NULL,Ocean Export,1,NULL,NULL,0,NULL,,duplicate,NULL,NULL,NULL,1,0,,Sales & Marketing,NULL,NULL,NULL
1114,2024-12-09 00:00:00.000,INQ1019325,DALRYMPLE RIGGING AND TRANSPORT INC,NULL,None,None,NULL,By Email,NULL,Auto Generated,NULL,NULL,NULL,NULL,NULL,0,NULL,2024-12-09 12:57:37.597,NULL,1,NULL,NULL,NULL,NULL,NULL,NULL,NULL,NULL,Ocean Export,1,NULL,NULL,0,NULL,,duplicate,NULL,NULL,NULL,1,0,,Sales & Marketing,NULL,NULL,NULL
1115,2024-12-09 00:00:00.000,INQ1019326,DALRYMPLE RIGGING AND TRANSPORT INC,NULL,None,None,NULL,By Email,NULL,Looks like they are now a MEI company,NULL,NULL,NULL,NULL,NULL,0,NULL,2024-12-09 12:59:15.183,2025-12-01 12:18:22.190,0,NULL,NULL,NULL,NULL,NULL,NULL,NULL,NULL,Ocean Export,1,NULL,NULL,0,NULL,,NULL,NULL,NULL,NULL,1,0,,Sales & Marketing,NULL,NULL,NULL
1116,2024-12-09 00:00:00.000,INQ1019327,Denver East Machinery,NULL,None,None,NULL,By Email,NULL,Auto Generated,NULL,NULL,NULL,NULL,NULL,0,NULL,2024-12-09 12:59:56.650,NULL,1,NULL,NULL,NULL,NULL,NULL,NULL,NULL,NULL,Ocean Export,1,NULL,NULL,0,NULL,,duplicate,NULL,NULL,NULL,1,0,,Sales & Marketing,NULL,NULL,NULL
1117,2024-12-09 00:00:00.000,INQ1019328,Devino's Used Truck Parts,NULL,None,None,NULL,By Email,NULL,Auto Generated,NULL,NULL,NULL,NULL,NULL,0,NULL,2024-12-09 13:00:43.253,NULL,1,NULL,NULL,NULL,NULL,NULL,NULL,NULL,NULL,Ocean Export,1,NULL,NULL,0,NULL,,duplicate,NULL,NULL,NULL,1,0,,Sales & Marketing,NULL,NULL,NULL
1118,2024-12-09 00:00:00.000,INQ1019329,Devino's Used Truck Parts,NULL,None,None,NULL,By Email,NULL,Auto Generated,NULL,NULL,NULL,NULL,NULL,0,NULL,2024-12-09 13:07:48.870,NULL,0,NULL,NULL,NULL,NULL,NULL,NULL,NULL,NULL,Ocean Export,1,NULL,NULL,0,NULL,,NULL,NULL,NULL,NULL,1,0,,Sales & Marketing,NULL,NULL,NULL
1119,2024-12-09 00:00:00.000,INQ1019330,DEWEYS,NULL,None,None,NULL,By Email,NULL,Auto Generated,NULL,NULL,NULL,NULL,NULL,0,NULL,2024-12-09 13:12:12.310,NULL,1,NULL,NULL,NULL,NULL,NULL,NULL,NULL,NULL,Ocean Export,1,NULL,NULL,0,NULL,,duplicate,NULL,NULL,NULL,1,0,,Sales & Marketing,NULL,NULL,NULL
1120,2024-12-09 00:00:00.000,INQ1019331,DFW Movers,NULL,None,None,NULL,By Email,NULL,Auto Generated,NULL,NULL,NULL,NULL,NULL,0,NULL,2024-12-09 13:12:47.383,NULL,1,NULL,NULL,NULL,NULL,NULL,NULL,NULL,NULL,Ocean Export,1,NULL,NULL,0,NULL,,duplicate,NULL,NULL,NULL,1,0,,Sales & Marketing,NULL,NULL,NULL
1121,2024-12-09 00:00:00.000,INQ1019332,DMG MORI,NULL,None,None,NULL,By Email,NULL,Auto Generated,NULL,NULL,NULL,NULL,NULL,0,NULL,2024-12-09 13:13:27.140,NULL,1,NULL,NULL,NULL,NULL,NULL,NULL,NULL,NULL,Ocean Export,1,NULL,NULL,0,NULL,,duplicate,NULL,NULL,NULL,1,0,,Sales & Marketing,NULL,NULL,NULL
1122,2024-12-09 00:00:00.000,INQ1019333,"Dunkel Bros Machinery Moving, An MEI Company",NULL,None,None,NULL,By Email,NULL,Auto Generated,NULL,NULL,NULL,NULL,NULL,0,NULL,2024-12-09 13:14:54.420,NULL,1,NULL,NULL,NULL,NULL,NULL,NULL,NULL,NULL,Ocean Export,1,NULL,NULL,0,NULL,,duplicate,NULL,NULL,NULL,1,0,,Sales & Marketing,NULL,NULL,NULL
1123,2024-12-09 00:00:00.000,INQ1019334,ENGINEER FIRE,NULL,None,None,NULL,By Email,NULL,Auto Generated,NULL,NULL,NULL,NULL,NULL,0,NULL,2024-12-09 13:15:52.240,NULL,1,NULL,NULL,NULL,NULL,NULL,NULL,NULL,NULL,Ocean Export,1,NULL,NULL,0,NULL,,duplicate,NULL,NULL,NULL,1,0,,Sales & Marketing,NULL,NULL,NULL
1124,2024-12-09 00:00:00.000,INQ1019335,ENGINEERED TRANSPORT INTL (Heil),NULL,None,None,NULL,By Email,NULL,Auto Generated,NULL,NULL,NULL,NULL,NULL,0,NULL,2024-12-09 13:17:09.927,NULL,1,NULL,NULL,NULL,NULL,NULL,NULL,NULL,NULL,Ocean Export,1,NULL,NULL,0,NULL,,duplicate,NULL,NULL,NULL,1,0,,Sales & Marketing,NULL,NULL,NULL
1125,2024-12-09 00:00:00.000,INQ1019336,FBT EQUIPMENT LLC.,NULL,None,None,NULL,By Email,NULL,Auto Generated,NULL,NULL,NULL,NULL,NULL,0,NULL,2024-12-09 13:36:01.730,NULL,0,NULL,NULL,NULL,NULL,NULL,NULL,NULL,NULL,Ocean Export,1,NULL,NULL,0,NULL,,NULL,NULL,NULL,NULL,1,0,,Sales & Marketing,NULL,NULL,NULL
1126,2024-12-09 00:00:00.000,INQ1019337,Southwest Global,NULL,None,None,NULL,By Email,NULL,Auto Generated,NULL,NULL,NULL,NULL,NULL,0,NULL,2024-12-09 13:44:50.047,NULL,0,NULL,NULL,NULL,NULL,NULL,NULL,NULL,NULL,Ocean Export,1,NULL,NULL,0,NULL,,NULL,NULL,NULL,NULL,1,0,,Sales & Marketing,NULL,NULL,NULL
1127,2024-12-09 00:00:00.000,INQ1019338,Cleveland Brothers Equipment Co,NULL,None,None,NULL,By Email,NULL,Auto Generated,NULL,NULL,NULL,NULL,NULL,0,NULL,2024-12-09 14:08:52.597,NULL,0,NULL,NULL,NULL,NULL,NULL,NULL,NULL,NULL,Ocean Export,1,NULL,NULL,0,NULL,,NULL,NULL,NULL,NULL,1,0,,Sales & Marketing,NULL,NULL,NULL
1128,2024-12-09 00:00:00.000,INQ1019339,CLT AUCTIONS,NULL,None,None,NULL,By Email,NULL,Auto Generated,NULL,NULL,NULL,NULL,NULL,0,NULL,2024-12-09 14:11:32.227,NULL,1,NULL,NULL,NULL,NULL,NULL,NULL,NULL,NULL,Ocean Export,1,NULL,NULL,0,NULL,,duplicate,NULL,NULL,NULL,1,0,,Sales & Marketing,NULL,NULL,NULL
1129,2024-12-09 00:00:00.000,INQ1019340,Dayton Tractors and Cranes,NULL,None,None,NULL,By Email,NULL,Auto Generated,NULL,NULL,NULL,NULL,NULL,0,NULL,2024-12-09 14:18:27.577,NULL,1,NULL,NULL,NULL,NULL,NULL,NULL,NULL,NULL,Ocean Export,1,NULL,NULL,0,NULL,,duplicate,NULL,NULL,NULL,1,0,,Sales & Marketing,NULL,NULL,NULL
1130,2024-12-09 00:00:00.000,INQ1019341,Dayton Tractors and Cranes,NULL,None,None,NULL,By Email,NULL,Auto Generated,NULL,NULL,NULL,NULL,NULL,0,NULL,2024-12-09 14:19:38.127,NULL,1,NULL,NULL,NULL,NULL,NULL,NULL,NULL,NULL,Ocean Export,1,NULL,NULL,0,NULL,,Duplicate,NULL,NULL,NULL,1,0,,Sales & Marketing,NULL,NULL,NULL
1131,2024-12-09 00:00:00.000,INQ1019342,ENGINEERED TRANSPORT INTL,NULL,None,None,NULL,By Email,NULL,Auto Generated,NULL,NULL,NULL,NULL,NULL,0,NULL,2024-12-09 14:27:42.017,2025-12-01 12:26:21.370,0,NULL,NULL,NULL,NULL,NULL,NULL,NULL,NULL,Ocean Export,1,NULL,NULL,0,NULL,,NULL,NULL,NULL,NULL,1,0,,Sales & Marketing,NULL,NULL,NULL
1132,2024-12-09 00:00:00.000,INQ1019343,ENGINEERED TRANSPORT INTL (Heil),NULL,None,None,NULL,By Email,NULL,Auto Generated,NULL,NULL,NULL,NULL,NULL,0,NULL,2024-12-09 14:27:44.470,NULL,1,NULL,NULL,NULL,NULL,NULL,NULL,NULL,NULL,Ocean Export,1,NULL,NULL,0,NULL,,duplicate,NULL,NULL,NULL,1,0,,Sales & Marketing,NULL,NULL,NULL
1133,2024-12-09 00:00:00.000,INQ1019344,EQUIPMENT BUYERS GROUP,NULL,None,None,NULL,By Email,NULL,Auto Generated,NULL,NULL,NULL,NULL,NULL,0,NULL,2024-12-09 14:30:01.127,NULL,1,NULL,NULL,NULL,NULL,NULL,NULL,NULL,NULL,Ocean Export,1,NULL,NULL,0,NULL,,duplicate,NULL,NULL,NULL,1,0,,Sales & Marketing,NULL,NULL,NULL
1134,2024-12-09 00:00:00.000,INQ1019345,EQUIPMENT RELOCATION SERVICES,NULL,None,None,NULL,By Email,NULL,Auto Generated,NULL,NULL,NULL,NULL,NULL,0,NULL,2024-12-09 14:31:00.183,NULL,1,NULL,NULL,NULL,NULL,NULL,NULL,NULL,NULL,Ocean Export,1,NULL,NULL,0,NULL,,duplicate,NULL,NULL,NULL,1,0,,Sales & Marketing,NULL,NULL,NULL
1136,2024-12-09 00:00:00.000,INQ1019347,Glass Machinery Locator,NULL,None,None,NULL,By Email,NULL,Auto Generated,NULL,NULL,NULL,NULL,NULL,0,NULL,2024-12-09 14:41:15.360,NULL,0,NULL,NULL,NULL,NULL,NULL,NULL,NULL,NULL,Ocean Export,1,NULL,NULL,0,NULL,,NULL,NULL,NULL,NULL,1,0,,Sales & Marketing,NULL,NULL,NULL
1137,2024-12-09 00:00:00.000,INQ1019348,GM Machinery Movers,NULL,None,None,NULL,By Email,NULL,Auto Generated,NULL,NULL,NULL,NULL,NULL,0,NULL,2024-12-09 14:42:20.920,NULL,1,NULL,NULL,NULL,NULL,NULL,NULL,NULL,NULL,Ocean Export,1,NULL,NULL,0,NULL,,duplicate,NULL,NULL,NULL,1,0,,Sales & Marketing,NULL,NULL,NULL
1138,2024-12-09 00:00:00.000,INQ1019349,Golden Bear Services,NULL,None,None,NULL,By Email,NULL,Auto Generated,NULL,NULL,NULL,NULL,NULL,0,NULL,2024-12-09 14:42:52.783,NULL,1,NULL,NULL,NULL,NULL,NULL,NULL,NULL,NULL,Ocean Export,1,NULL,NULL,0,NULL,,duplicate,NULL,NULL,NULL,1,0,,Sales & Marketing,NULL,NULL,NULL
1139,2024-12-09 00:00:00.000,INQ1019350,GOSIMPLEDESIGN,NULL,None,None,NULL,By Email,NULL,Auto Generated,NULL,NULL,NULL,NULL,NULL,0,NULL,2024-12-09 14:43:28.187,NULL,1,NULL,NULL,NULL,NULL,NULL,NULL,NULL,NULL,Ocean Export,1,NULL,NULL,0,NULL,,duplicate,NULL,NULL,NULL,1,0,,Sales & Marketing,NULL,NULL,NULL
1140,2024-12-09 00:00:00.000,INQ1019351,Handlers Used Equipment Ltd.,NULL,None,None,NULL,By Email,NULL,Auto Generated,NULL,NULL,NULL,NULL,NULL,0,NULL,2024-12-09 14:44:55.033,NULL,0,NULL,NULL,NULL,NULL,NULL,NULL,NULL,NULL,Ocean Export,1,NULL,NULL,0,NULL,,NULL,NULL,NULL,NULL,1,0,,Sales & Marketing,NULL,NULL,NULL
1141,2024-12-09 00:00:00.000,INQ1019352,HARRIS AUCTIONS,NULL,None,None,NULL,By Email,NULL,Auto Generated,NULL,NULL,NULL,NULL,NULL,0,NULL,2024-12-09 14:45:52.697,NULL,1,NULL,NULL,NULL,NULL,NULL,NULL,NULL,NULL,Ocean Export,1,NULL,NULL,0,NULL,,duplicate entry,NULL,NULL,NULL,1,0,,Sales & Marketing,NULL,NULL,NULL
1143,2024-12-09 00:00:00.000,INQ1019355,Inland Machinery Moving,NULL,None,None,NULL,By Email,NULL,Auto Generated,NULL,NULL,NULL,NULL,NULL,0,NULL,2024-12-09 20:10:57.593,NULL,0,NULL,NULL,NULL,NULL,NULL,NULL,NULL,NULL,Ocean Export,1,NULL,NULL,0,NULL,,NULL,NULL,NULL,NULL,1,0,,Sales & Marketing,NULL,NULL,NULL
1144,2024-12-09 00:00:00.000,INQ1019356,Inland Rigging Safe & Machinery Moving,NULL,None,None,NULL,By Email,NULL,Auto Generated,NULL,NULL,NULL,NULL,NULL,0,NULL,2024-12-09 20:11:37.520,NULL,0,NULL,NULL,NULL,NULL,NULL,NULL,NULL,NULL,Ocean Export,1,NULL,NULL,0,NULL,,NULL,NULL,NULL,NULL,1,0,,Sales & Marketing,NULL,NULL,NULL
1145,2024-12-09 00:00:00.000,INQ1019357,INTEGRA ASSET SOLUTIONS CANADA,NULL,None,None,NULL,By Email,NULL,Auto Generated,NULL,NULL,NULL,NULL,NULL,0,NULL,2024-12-09 20:13:10.267,NULL,1,NULL,NULL,NULL,NULL,NULL,NULL,NULL,NULL,Ocean Export,1,NULL,NULL,0,NULL,,duplicate,NULL,NULL,NULL,1,0,,Sales & Marketing,NULL,NULL,NULL
1146,2024-12-09 00:00:00.000,INQ1019358,INTERNATIONAL MACHINERY EXCHANGE,NULL,None,None,NULL,By Email,NULL,Auto Generated,NULL,NULL,NULL,NULL,NULL,0,NULL,2024-12-09 20:13:43.907,NULL,0,NULL,NULL,NULL,NULL,NULL,NULL,NULL,NULL,Ocean Export,1,NULL,NULL,0,NULL,,NULL,NULL,NULL,NULL,1,0,,Sales & Marketing,NULL,NULL,NULL
1147,2024-12-09 00:00:00.000,INQ1019359,IronCo Equipment Inc,NULL,None,None,NULL,By Email,NULL,,NULL,NULL,NULL,NULL,NULL,0,NULL,2024-12-09 20:15:05.067,2025-12-03 10:39:20.133,0,NULL,NULL,NULL,NULL,NULL,NULL,NULL,NULL,Ocean Export,1,NULL,NULL,0,NULL,,NULL,NULL,NULL,NULL,1,0,,Sales & Marketing,NULL,NULL,NULL
1148,2024-12-09 00:00:00.000,INQ1019360,"J Mor Machinery Movers, Inc.",NULL,None,None,NULL,By Email,NULL,Auto Generated,NULL,NULL,NULL,NULL,NULL,0,NULL,2024-12-09 20:15:52.897,NULL,0,NULL,NULL,NULL,NULL,NULL,NULL,NULL,NULL,Ocean Export,1,NULL,NULL,0,NULL,,NULL,NULL,NULL,NULL,1,0,,Sales & Marketing,NULL,NULL,NULL
1149,2024-12-09 00:00:00.000,INQ1019361,J. Supor & Son,NULL,None,None,NULL,By Email,NULL,Auto Generated,NULL,NULL,NULL,NULL,NULL,0,NULL,2024-12-09 20:17:18.543,NULL,1,NULL,NULL,NULL,NULL,NULL,NULL,NULL,NULL,Ocean Export,1,NULL,NULL,0,NULL,,duplicate,NULL,NULL,NULL,1,0,,Sales & Marketing,NULL,NULL,NULL
1150,2024-12-09 00:00:00.000,INQ1019362,J. Supor & Son,NULL,None,None,NULL,By Email,NULL,Davidb@jsupor.com 201-299-1100,NULL,NULL,NULL,NULL,NULL,0,NULL,2024-12-09 20:19:02.517,2025-12-03 10:55:06.820,0,NULL,NULL,NULL,NULL,NULL,NULL,NULL,NULL,Ocean Export,1,NULL,NULL,0,NULL,,NULL,NULL,NULL,NULL,1,0,,Sales & Marketing,NULL,NULL,NULL
1151,2024-12-09 00:00:00.000,INQ1019363,"J.E.OSWALT & SONS HEAVY HAULING AND RIGGING, INC.",NULL,None,None,NULL,By Email,NULL,Auto Generated,NULL,NULL,NULL,NULL,NULL,0,NULL,2024-12-09 20:19:39.403,NULL,0,NULL,NULL,NULL,NULL,NULL,NULL,NULL,NULL,Ocean Export,1,NULL,NULL,0,NULL,,NULL,NULL,NULL,NULL,1,0,,Hamid Hussaini,NULL,NULL,NULL
1152,2024-12-09 00:00:00.000,INQ1019364,Jacked Co.,NULL,None,None,NULL,By Email,NULL,Auto Generated,NULL,NULL,NULL,NULL,NULL,0,NULL,2024-12-09 20:20:14.447,NULL,0,NULL,NULL,NULL,NULL,NULL,NULL,NULL,NULL,Ocean Export,1,NULL,NULL,0,NULL,,NULL,NULL,NULL,NULL,1,0,,Sales & Marketing,NULL,NULL,NULL
1154,2024-12-09 00:00:00.000,INQ1019366,"JH and Sons Logistics, LLC",NULL,None,None,NULL,By Email,NULL,Auto Generated,NULL,NULL,NULL,NULL,NULL,0,NULL,2024-12-09 20:21:37.270,NULL,0,NULL,NULL,NULL,NULL,NULL,NULL,NULL,NULL,Ocean Export,1,NULL,NULL,0,NULL,,NULL,NULL,NULL,NULL,1,0,,Sales & Marketing,NULL,NULL,NULL
1155,2024-12-09 00:00:00.000,INQ1019367,"JOEY MARTIN AUCTIONEERS, LLC",NULL,None,None,NULL,By Email,NULL,Not interested has inhouse guy who does all shipping. I suggested he might use us to handle stuff for him and he gets the 3% she will forward info to him follow up 6 months,NULL,NULL,NULL,NULL,NULL,0,NULL,2024-12-09 20:22:29.487,2025-12-03 11:58:51.713,0,NULL,NULL,NULL,NULL,NULL,NULL,NULL,NULL,Ocean Export,1,NULL,NULL,0,NULL,,NULL,NULL,NULL,NULL,1,0,,Sales & Marketing,NULL,NULL,NULL
1156,2024-12-09 00:00:00.000,INQ1019368,Keystone Heavy Equipment,NULL,None,None,NULL,By Email,NULL,Auto Generated,NULL,NULL,NULL,NULL,NULL,0,NULL,2024-12-09 20:23:42.797,NULL,0,NULL,NULL,NULL,NULL,NULL,NULL,NULL,NULL,Ocean Export,1,NULL,NULL,0,NULL,,NULL,NULL,NULL,NULL,1,0,,Sales & Marketing,NULL,NULL,NULL
1157,2024-12-09 00:00:00.000,INQ1019369,"Lawson Drayage, Inc.",NULL,None,None,NULL,By Email,NULL,Auto Generated,NULL,NULL,NULL,NULL,NULL,0,NULL,2024-12-09 20:24:39.087,NULL,0,NULL,NULL,NULL,NULL,NULL,NULL,NULL,NULL,Ocean Export,1,NULL,NULL,0,NULL,,NULL,NULL,NULL,NULL,1,0,,Sales & Marketing,NULL,NULL,NULL
1158,2024-12-09 00:00:00.000,INQ1019370,Lewis Machinery LLC,NULL,None,None,NULL,By Email,NULL,Auto Generated,NULL,NULL,NULL,NULL,NULL,0,NULL,2024-12-09 20:25:15.753,NULL,0,NULL,NULL,NULL,NULL,NULL,NULL,NULL,NULL,Ocean Export,1,NULL,NULL,0,NULL,,NULL,NULL,NULL,NULL,1,0,,Sales & Marketing,NULL,NULL,NULL
1159,2024-12-09 00:00:00.000,INQ1019371,LNA LASER TECHNOLOGY,NULL,None,None,NULL,By Email,NULL,Auto Generated,NULL,NULL,NULL,NULL,NULL,0,NULL,2024-12-09 20:26:24.930,NULL,0,NULL,NULL,NULL,NULL,NULL,NULL,NULL,NULL,Ocean Export,1,NULL,NULL,0,NULL,,NULL,NULL,NULL,NULL,1,0,,Sales & Marketing,NULL,NULL,NULL
1160,2024-12-09 00:00:00.000,INQ1019372,Machinery Auctioneers,NULL,None,None,NULL,By Email,NULL,Auto Generated,NULL,NULL,NULL,NULL,NULL,0,NULL,2024-12-09 20:27:35.753,NULL,1,NULL,NULL,NULL,NULL,NULL,NULL,NULL,NULL,Ocean Export,1,NULL,NULL,0,NULL,,duplicate,NULL,NULL,NULL,1,0,,Sales & Marketing,NULL,NULL,NULL
1161,2024-12-09 00:00:00.000,INQ1019373,"Machinery Management Service, INC",NULL,None,None,NULL,By Email,NULL,Auto Generated,NULL,NULL,NULL,NULL,NULL,0,NULL,2024-12-09 20:28:23.210,NULL,0,NULL,NULL,NULL,NULL,NULL,NULL,NULL,NULL,Ocean Export,1,NULL,NULL,0,NULL,,NULL,NULL,NULL,NULL,1,0,,Sales & Marketing,NULL,NULL,NULL
1162,2024-12-09 00:00:00.000,INQ1019374,"Inland Industrial & Rigging, Inc.   Machinery Movi",NULL,None,None,NULL,By Email,NULL,Auto Generated,NULL,NULL,NULL,NULL,NULL,0,NULL,2024-12-09 20:29:23.717,NULL,0,NULL,NULL,NULL,NULL,NULL,NULL,NULL,NULL,Ocean Export,1,NULL,NULL,0,NULL,,NULL,NULL,NULL,NULL,1,0,,Sales & Marketing,NULL,NULL,NULL
1163,2024-12-09 00:00:00.000,INQ1019375,McGrew Companies,NULL,None,None,NULL,By Email,NULL,Auto Generated,NULL,NULL,NULL,NULL,NULL,0,NULL,2024-12-09 20:30:18.017,NULL,0,NULL,NULL,NULL,NULL,NULL,NULL,NULL,NULL,Ocean Export,1,NULL,NULL,0,NULL,,NULL,NULL,NULL,NULL,1,0,,Sales & Marketing,NULL,NULL,NULL
1164,2024-12-09 00:00:00.000,INQ1019376,Mico Cranes & Equipment of Texas LLC.,NULL,None,None,NULL,By Email,NULL,Auto Generated,NULL,NULL,NULL,NULL,NULL,0,NULL,2024-12-09 20:31:02.980,NULL,0,NULL,NULL,NULL,NULL,NULL,NULL,NULL,NULL,Ocean Export,1,NULL,NULL,0,NULL,,NULL,NULL,NULL,NULL,1,0,,Sales & Marketing,NULL,NULL,NULL
1165,2024-12-09 00:00:00.000,INQ1019377,Mico Equipment,NULL,None,None,NULL,By Email,NULL,Auto Generated,NULL,NULL,NULL,NULL,NULL,0,NULL,2024-12-09 20:31:38.353,NULL,0,NULL,NULL,NULL,NULL,NULL,NULL,NULL,NULL,Ocean Export,1,NULL,NULL,0,NULL,,NULL,NULL,NULL,NULL,1,0,,Sales & Marketing,NULL,NULL,NULL
1166,2024-12-09 00:00:00.000,INQ1019378,MOHAWK MACHINERY,NULL,None,None,NULL,By Email,NULL,Auto Generated,NULL,NULL,NULL,NULL,NULL,0,NULL,2024-12-09 20:33:11.503,NULL,0,NULL,NULL,NULL,NULL,NULL,NULL,NULL,NULL,Ocean Export,1,NULL,NULL,0,NULL,,NULL,NULL,NULL,NULL,1,0,,Sales & Marketing,NULL,NULL,NULL
1167,2024-12-09 00:00:00.000,INQ1019379,"Moses B. Glick, LLC",NULL,None,None,NULL,By Email,NULL,Auto Generated,NULL,NULL,NULL,NULL,NULL,0,NULL,2024-12-09 20:33:30.590,NULL,1,NULL,NULL,NULL,NULL,NULL,NULL,NULL,NULL,Ocean Export,1,NULL,NULL,0,NULL,,duplicate,NULL,NULL,NULL,1,0,,Sales & Marketing,NULL,NULL,NULL
1168,2024-12-09 00:00:00.000,INQ1019380,MRI Auctions,NULL,None,None,NULL,By Email,NULL,Auto Generated,NULL,NULL,NULL,NULL,NULL,0,NULL,2024-12-09 20:39:07.947,NULL,1,NULL,NULL,NULL,NULL,NULL,NULL,NULL,NULL,Ocean Export,1,NULL,NULL,0,NULL,,duplicate,NULL,NULL,NULL,1,0,,Sales & Marketing,NULL,NULL,NULL
1169,2024-12-09 00:00:00.000,INQ1019381,MRI Auctions,NULL,None,None,NULL,By Email,NULL,Auto Generated,NULL,NULL,NULL,NULL,NULL,0,NULL,2024-12-09 20:39:16.993,NULL,0,NULL,NULL,NULL,NULL,NULL,NULL,NULL,NULL,Ocean Export,1,NULL,NULL,0,NULL,,NULL,NULL,NULL,NULL,1,0,,Sales & Marketing,NULL,NULL,NULL
1170,2024-12-09 00:00:00.000,INQ1019382,Myron Bowling Auctioneers,NULL,None,None,NULL,By Email,NULL,Auto Generated,NULL,NULL,NULL,NULL,NULL,0,NULL,2024-12-09 20:40:45.220,NULL,1,NULL,NULL,NULL,NULL,NULL,NULL,NULL,NULL,Ocean Export,1,NULL,NULL,0,NULL,,duplicate,NULL,NULL,NULL,1,0,,Sales & Marketing,NULL,NULL,NULL
1171,2024-12-09 00:00:00.000,INQ1019383,NATIONAL RIGGING & TRANSPORTATION LTD.,NULL,None,None,NULL,By Email,NULL,Auto Generated,NULL,NULL,NULL,NULL,NULL,0,NULL,2024-12-09 20:41:34.990,NULL,1,NULL,NULL,NULL,NULL,NULL,NULL,NULL,NULL,Ocean Export,1,NULL,NULL,0,NULL,,duplicate,NULL,NULL,NULL,1,0,,Sales & Marketing,NULL,NULL,NULL
1172,2024-12-09 00:00:00.000,INQ1019384,"Nationwide Transport Services, LLC",NULL,None,None,NULL,By Email,NULL,Auto Generated,NULL,NULL,NULL,NULL,NULL,0,NULL,2024-12-09 20:42:28.330,NULL,0,NULL,NULL,NULL,NULL,NULL,NULL,NULL,NULL,Ocean Export,1,NULL,NULL,0,NULL,,NULL,NULL,NULL,NULL,1,0,,Sales & Marketing,NULL,NULL,NULL
1173,2024-12-09 00:00:00.000,INQ1019385,N-Motion Freight,NULL,None,None,NULL,By Email,NULL,Auto Generated,NULL,NULL,NULL,NULL,NULL,0,NULL,2024-12-09 20:43:38.290,NULL,0,NULL,NULL,NULL,NULL,NULL,NULL,NULL,NULL,Ocean Export,1,NULL,NULL,0,NULL,,NULL,NULL,NULL,NULL,1,0,,Sales & Marketing,NULL,NULL,NULL
1174,2024-12-09 00:00:00.000,INQ1019386,NorthernSigs Mfg. LLC,NULL,None,None,NULL,By Email,NULL,Auto Generated,NULL,NULL,NULL,NULL,NULL,0,NULL,2024-12-09 20:44:37.277,NULL,1,NULL,NULL,NULL,NULL,NULL,NULL,NULL,NULL,Ocean Export,1,NULL,NULL,0,NULL,,duplicate,NULL,NULL,NULL,1,0,,Sales & Marketing,NULL,NULL,NULL
1175,2024-12-09 00:00:00.000,INQ1019387,Olinger Rigging & Machine Moving,NULL,None,None,NULL,By Email,NULL,Auto Generated,NULL,NULL,NULL,NULL,NULL,0,NULL,2024-12-09 20:45:16.240,NULL,1,NULL,NULL,NULL,NULL,NULL,NULL,NULL,NULL,Ocean Export,1,NULL,NULL,0,NULL,,duplicate,NULL,NULL,NULL,1,0,,Sales & Marketing,NULL,NULL,NULL
1176,2024-12-09 00:00:00.000,INQ1019388,PEDOWITS MACHINERY MOVERS,NULL,None,None,NULL,By Email,NULL,Auto Generated,NULL,NULL,NULL,NULL,NULL,0,NULL,2024-12-09 20:46:06.047,NULL,0,NULL,NULL,NULL,NULL,NULL,NULL,NULL,NULL,Ocean Export,1,NULL,NULL,0,NULL,,NULL,NULL,NULL,NULL,1,0,,Sales & Marketing,NULL,NULL,NULL
1177,2024-12-09 00:00:00.000,INQ1019389,PERFORMANCE MACHINE TOOLS,NULL,None,None,NULL,By Email,NULL,Auto Generated,NULL,NULL,NULL,NULL,NULL,0,NULL,2024-12-09 20:47:29.803,NULL,0,NULL,NULL,NULL,NULL,NULL,NULL,NULL,NULL,Ocean Export,1,NULL,NULL,0,NULL,,NULL,NULL,NULL,NULL,1,0,,Sales & Marketing,NULL,NULL,NULL
1178,2024-12-09 00:00:00.000,INQ1019390,R&R Machinery Moving,NULL,None,None,NULL,By Email,NULL,Auto Generated,NULL,NULL,NULL,NULL,NULL,0,NULL,2024-12-09 20:49:36.340,NULL,0,NULL,NULL,NULL,NULL,NULL,NULL,NULL,NULL,Ocean Export,1,NULL,NULL,0,NULL,,NULL,NULL,NULL,NULL,1,0,,Sales & Marketing,NULL,NULL,NULL
1179,2024-12-09 00:00:00.000,INQ1019391,ROACH CONVEYORS,NULL,None,None,NULL,By Email,NULL,Auto Generated,NULL,NULL,NULL,NULL,NULL,0,NULL,2024-12-09 20:50:59.820,NULL,0,NULL,NULL,NULL,NULL,NULL,NULL,NULL,NULL,Ocean Export,1,NULL,NULL,0,NULL,,NULL,NULL,NULL,NULL,1,0,,Sales & Marketing,NULL,NULL,NULL
1180,2024-12-09 00:00:00.000,INQ1019392,SALVADORE AUCTIONS,NULL,None,None,NULL,By Email,NULL,Auto Generated,NULL,NULL,NULL,NULL,NULL,0,NULL,2024-12-09 20:52:24.817,NULL,0,NULL,NULL,NULL,NULL,NULL,NULL,NULL,NULL,Ocean Export,1,NULL,NULL,0,NULL,,NULL,NULL,NULL,NULL,1,0,,Sales & Marketing,NULL,NULL,NULL
1181,2024-12-09 00:00:00.000,INQ1019393,SIGMA Auction,NULL,None,None,NULL,By Email,NULL,"Trace 812-308-6400 info@sigma-auction.com
10.15.25 general vm lm sent email to info follow up next week",NULL,NULL,NULL,NULL,NULL,0,NULL,2024-12-09 20:53:44.693,2025-12-08 13:44:03.753,0,NULL,NULL,NULL,NULL,NULL,NULL,NULL,NULL,Ocean Export,1,NULL,NULL,0,NULL,,NULL,NULL,NULL,NULL,1,0,,Sales & Marketing,NULL,NULL,NULL
1182,2024-12-09 00:00:00.000,INQ1019394,SOUTHERN MACHINERY & FABRICATION SALES,NULL,None,None,NULL,By Email,NULL,Auto Generated,NULL,NULL,NULL,NULL,NULL,0,NULL,2024-12-09 20:54:54.783,NULL,0,NULL,NULL,NULL,NULL,NULL,NULL,NULL,NULL,Ocean Export,1,NULL,NULL,0,NULL,,NULL,NULL,NULL,NULL,1,0,,Sales & Marketing,NULL,NULL,NULL
1183,2024-12-09 00:00:00.000,INQ1019395,STEEP HILL EQUIPMENT SOLUTIONS,NULL,None,None,NULL,By Email,NULL,Auto Generated,NULL,NULL,NULL,NULL,NULL,0,NULL,2024-12-09 20:55:49.043,NULL,0,NULL,NULL,NULL,NULL,NULL,NULL,NULL,NULL,Ocean Export,1,NULL,NULL,0,NULL,,NULL,NULL,NULL,NULL,1,0,,Sales & Marketing,NULL,NULL,NULL
1185,2024-12-09 00:00:00.000,INQ1019397,UNITED ASSET SALES,NULL,None,None,NULL,By Email,NULL,Auto Generated,NULL,NULL,NULL,NULL,NULL,0,NULL,2024-12-09 21:00:23.163,NULL,1,NULL,NULL,NULL,NULL,NULL,NULL,NULL,NULL,Ocean Export,1,NULL,NULL,0,NULL,,duplicate,NULL,NULL,NULL,1,0,,Sales & Marketing,NULL,NULL,NULL
1186,2024-12-09 00:00:00.000,INQ1019398,"Utah Track & Welding, Inc.",NULL,None,None,NULL,By Email,NULL,Auto Generated,NULL,NULL,NULL,NULL,NULL,0,NULL,2024-12-09 21:01:42.943,NULL,0,NULL,NULL,NULL,NULL,NULL,NULL,NULL,NULL,Ocean Export,1,NULL,NULL,0,NULL,,NULL,NULL,NULL,NULL,1,0,,Sales & Marketing,NULL,NULL,NULL
1187,2024-12-09 00:00:00.000,INQ1019399,Utech CNC,NULL,None,None,NULL,By Email,NULL,Auto Generated,NULL,NULL,NULL,NULL,NULL,0,NULL,2024-12-09 21:02:40.773,NULL,1,NULL,NULL,NULL,NULL,NULL,NULL,NULL,NULL,Ocean Export,1,NULL,NULL,0,NULL,,duplicate,NULL,NULL,NULL,1,0,,Sales & Marketing,NULL,NULL,NULL
1188,2024-12-09 00:00:00.000,INQ1019400,Valley Equipment Center,NULL,None,None,NULL,By Email,NULL,Auto Generated,NULL,NULL,NULL,NULL,NULL,0,NULL,2024-12-09 21:03:21.727,NULL,0,NULL,NULL,NULL,NULL,NULL,NULL,NULL,NULL,Ocean Export,1,NULL,NULL,0,NULL,,NULL,NULL,NULL,NULL,1,0,,Sales & Marketing,NULL,NULL,NULL
1189,2024-12-09 00:00:00.000,INQ1019401,WCS PERMIT SERVICES,NULL,None,None,NULL,By Email,NULL,Auto Generated,NULL,NULL,NULL,NULL,NULL,0,NULL,2024-12-09 21:04:28.440,NULL,0,NULL,NULL,NULL,NULL,NULL,NULL,NULL,NULL,Ocean Export,1,NULL,NULL,0,NULL,,NULL,NULL,NULL,NULL,1,0,,Sales & Marketing,NULL,NULL,NULL
1190,2024-12-09 00:00:00.000,INQ1019402,DEVINO TRUCKS AND PARTS,NULL,None,None,NULL,By Email,NULL,Auto Generated,NULL,NULL,NULL,NULL,NULL,0,NULL,2024-12-09 21:08:45.763,NULL,1,NULL,NULL,NULL,NULL,NULL,NULL,NULL,NULL,Ocean Export,1,NULL,NULL,0,NULL,,duplicate,NULL,NULL,NULL,1,0,,Sales & Marketing,NULL,NULL,NULL
1191,2024-12-09 00:00:00.000,INQ1019403,DEVINO TRUCKS AND PARTS,NULL,None,None,NULL,By Email,NULL,,NULL,NULL,NULL,NULL,NULL,0,NULL,2024-12-09 21:11:32.450,2025-11-14 11:37:23.133,0,NULL,NULL,NULL,NULL,NULL,NULL,NULL,NULL,Ocean Export,1,NULL,NULL,0,NULL,,NULL,NULL,NULL,NULL,1,0,,Sales & Marketing,NULL,NULL,NULL
1192,2024-12-09 00:00:00.000,INQ1019404,"Dimond Enterprises, LLC",NULL,None,None,NULL,By Email,NULL,Auto Generated,NULL,NULL,NULL,NULL,NULL,0,NULL,2024-12-09 21:17:29.840,NULL,1,NULL,NULL,NULL,NULL,NULL,NULL,NULL,NULL,Ocean Export,1,NULL,NULL,0,NULL,,duplicate,NULL,NULL,NULL,1,0,,Sales & Marketing,NULL,NULL,NULL
1193,2024-12-09 00:00:00.000,INQ1019405,"Dimond Enterprises, LLC",NULL,None,None,NULL,By Email,NULL,Auto Generated,NULL,NULL,NULL,NULL,NULL,0,NULL,2024-12-09 21:19:41.990,NULL,0,NULL,NULL,NULL,NULL,NULL,NULL,NULL,NULL,Ocean Export,1,NULL,NULL,0,NULL,,NULL,NULL,NULL,NULL,1,0,,Sales & Marketing,NULL,NULL,NULL
1194,2024-12-09 00:00:00.000,INQ1019406,Diamond Press Solutions,NULL,None,None,NULL,By Email,NULL,Auto Generated,NULL,NULL,NULL,NULL,NULL,0,NULL,2024-12-09 21:23:08.050,NULL,0,NULL,NULL,NULL,NULL,NULL,NULL,NULL,NULL,Ocean Export,1,NULL,NULL,0,NULL,,NULL,NULL,NULL,NULL,1,0,,Sales & Marketing,NULL,NULL,NULL
1195,2024-12-09 00:00:00.000,INQ1019407,"Bartell Machinery Systems, L.L.C.",NULL,None,None,NULL,By Email,NULL,Keep getting vm no connection yet,NULL,NULL,NULL,NULL,NULL,0,NULL,2024-12-09 21:31:03.920,2025-11-13 10:58:26.310,0,NULL,NULL,NULL,NULL,NULL,NULL,NULL,NULL,Ocean Export,1,NULL,NULL,0,NULL,,NULL,NULL,NULL,NULL,1,0,,Sales & Marketing,NULL,NULL,NULL
1196,2024-12-10 00:00:00.000,INQ1019409,Maurice Ward Group,NULL,None,None,NULL,By Email,NULL,Auto Generated,NULL,NULL,NULL,NULL,NULL,0,NULL,2024-12-10 13:01:16.277,NULL,0,NULL,NULL,NULL,NULL,NULL,NULL,NULL,NULL,Ocean Export,1,NULL,NULL,0,NULL,,NULL,NULL,NULL,NULL,1,0,,Sales & Marketing,NULL,NULL,NULL
1197,2024-12-10 00:00:00.000,INQ1019410,BIDEQUIP LLC,NULL,None,None,NULL,By Email,NULL,Auto Generated,NULL,NULL,NULL,NULL,NULL,0,NULL,2024-12-10 13:40:06.810,NULL,1,NULL,NULL,NULL,NULL,NULL,NULL,NULL,NULL,Ocean Export,1,NULL,NULL,0,NULL,,Duplicate,NULL,NULL,NULL,1,0,,Sales & Marketing,NULL,NULL,NULL
1198,2024-12-10 00:00:00.000,INQ1019411,BLACK STAR AUCTIONS,NULL,None,None,NULL,By Email,NULL,Auto Generated,NULL,NULL,NULL,NULL,NULL,0,NULL,2024-12-10 13:53:28.280,NULL,1,NULL,NULL,NULL,NULL,NULL,NULL,NULL,NULL,Ocean Export,1,NULL,NULL,0,NULL,,Duplicate,NULL,NULL,NULL,1,0,,Sales & Marketing,NULL,NULL,NULL
1199,2024-12-11 00:00:00.000,INQ1019428,Value Logistics Inc,NULL,None,None,NULL,By Email,NULL,Auto Generated,NULL,NULL,NULL,NULL,NULL,0,NULL,2024-12-11 12:01:59.407,NULL,0,NULL,NULL,NULL,NULL,NULL,NULL,NULL,NULL,Ocean Export,1,NULL,NULL,0,NULL,,NULL,NULL,NULL,NULL,1,0,,MUMBAI (MUM),NULL,NULL,NULL
1200,2024-12-12 00:00:00.000,INQ1019440,WORLDWIDE MULTIMODAL CARGO LLC,NULL,None,None,NULL,By Email,NULL,Auto Generated,NULL,NULL,NULL,NULL,NULL,0,NULL,2024-12-12 17:30:53.770,NULL,0,NULL,NULL,NULL,NULL,NULL,NULL,NULL,NULL,Ocean Export,1,NULL,NULL,0,NULL,,NULL,NULL,NULL,NULL,1,0,,Sales & Marketing,NULL,NULL,NULL
1201,2024-12-12 00:00:00.000,INQ1019441,Wilhelm Rosebrock GmbH & Co. KG,NULL,None,None,NULL,By Email,NULL,Auto Generated,NULL,NULL,NULL,NULL,NULL,0,NULL,2024-12-12 17:32:01.463,NULL,0,NULL,NULL,NULL,NULL,NULL,NULL,NULL,NULL,Ocean Export,1,NULL,NULL,0,NULL,,NULL,NULL,NULL,NULL,1,0,,Sales & Marketing,NULL,NULL,NULL
1202,2024-12-12 00:00:00.000,INQ1019442,WATAN LOGISTICS,NULL,None,None,NULL,By Email,NULL,Auto Generated,NULL,NULL,NULL,NULL,NULL,0,NULL,2024-12-12 17:34:16.087,NULL,0,NULL,NULL,NULL,NULL,NULL,NULL,NULL,NULL,Ocean Export,1,NULL,NULL,0,NULL,,NULL,NULL,NULL,NULL,1,0,,Sales & Marketing,NULL,NULL,NULL
1203,2024-12-12 00:00:00.000,INQ1019443,Vifor Pharma,NULL,None,None,NULL,By Email,NULL,Auto Generated,NULL,NULL,NULL,NULL,NULL,0,NULL,2024-12-12 17:39:25.800,NULL,0,NULL,NULL,NULL,NULL,NULL,NULL,NULL,NULL,Ocean Export,1,NULL,NULL,0,NULL,,NULL,NULL,NULL,NULL,1,0,,Sales & Marketing,NULL,NULL,NULL
1204,2024-12-12 00:00:00.000,INQ1019444,VERICHEM LABORATORIES INC.,NULL,None,None,NULL,By Email,NULL,Auto Generated,NULL,NULL,NULL,NULL,NULL,0,NULL,2024-12-12 17:40:38.650,NULL,0,NULL,NULL,NULL,NULL,NULL,NULL,NULL,NULL,Ocean Export,1,NULL,NULL,0,NULL,,NULL,NULL,NULL,NULL,1,0,,Sales & Marketing,NULL,NULL,NULL
1205,2024-12-12 00:00:00.000,INQ1019445,"Suzhou Shinmon Int'l Logistics Co.,Ltd",NULL,None,None,NULL,By Email,NULL,Auto Generated,NULL,NULL,NULL,NULL,NULL,0,NULL,2024-12-12 17:41:52.780,NULL,0,NULL,NULL,NULL,NULL,NULL,NULL,NULL,NULL,Ocean Export,1,NULL,NULL,0,NULL,,NULL,NULL,NULL,NULL,1,0,,Sales & Marketing,NULL,NULL,NULL
1206,2024-12-12 00:00:00.000,INQ1019446,SURE BIO PHARMACUTICALS AND DIAGNOSTICS,NULL,None,None,NULL,By Email,NULL,Auto Generated,NULL,NULL,NULL,NULL,NULL,0,NULL,2024-12-12 17:47:35.267,NULL,0,NULL,NULL,NULL,NULL,NULL,NULL,NULL,NULL,Ocean Export,1,NULL,NULL,0,NULL,,NULL,NULL,NULL,NULL,1,0,,Sales & Marketing,NULL,NULL,NULL
1207,2024-12-12 00:00:00.000,INQ1019447,Sun Automation Group,NULL,None,None,NULL,By Email,NULL,Auto Generated,NULL,NULL,NULL,NULL,NULL,0,NULL,2024-12-12 17:48:36.457,NULL,0,NULL,NULL,NULL,NULL,NULL,NULL,NULL,NULL,Ocean Export,1,NULL,NULL,0,NULL,,NULL,NULL,NULL,NULL,1,0,,New Jersey (EWR),NULL,NULL,NULL
1208,2024-12-12 00:00:00.000,INQ1019448,Structured Resource Business Ltd,NULL,None,None,NULL,By Email,NULL,Auto Generated,NULL,NULL,NULL,NULL,NULL,0,NULL,2024-12-12 17:49:25.000,NULL,0,NULL,NULL,NULL,NULL,NULL,NULL,NULL,NULL,Ocean Export,1,NULL,NULL,0,NULL,,NULL,NULL,NULL,NULL,1,0,,Sales & Marketing,NULL,NULL,NULL
1209,2024-12-12 00:00:00.000,INQ1019449,Stanley Black & Decker,NULL,None,None,NULL,By Email,NULL,Auto Generated,NULL,NULL,NULL,NULL,NULL,0,NULL,2024-12-12 17:53:17.270,NULL,0,NULL,NULL,NULL,NULL,NULL,NULL,NULL,NULL,Ocean Export,1,NULL,NULL,0,NULL,,NULL,NULL,NULL,NULL,1,0,,New Jersey (EWR),NULL,NULL,NULL
1210,2024-12-12 00:00:00.000,INQ1019450,STANLEY BLACK & DECKER DISTRIBUTION,NULL,None,None,NULL,By Email,NULL,Auto Generated,NULL,NULL,NULL,NULL,NULL,0,NULL,2024-12-12 17:53:39.310,NULL,0,NULL,NULL,NULL,NULL,NULL,NULL,NULL,NULL,Ocean Export,1,NULL,NULL,0,NULL,,NULL,NULL,NULL,NULL,1,0,,Sales & Marketing,NULL,NULL,NULL
1211,2024-12-12 00:00:00.000,INQ1019451,SPEDICON MALDIVES,NULL,None,None,NULL,By Email,NULL,Auto Generated,NULL,NULL,NULL,NULL,NULL,0,NULL,2024-12-12 17:54:28.023,NULL,0,NULL,NULL,NULL,NULL,NULL,NULL,NULL,NULL,Ocean Export,1,NULL,NULL,0,NULL,,NULL,NULL,NULL,NULL,1,0,,Sales & Marketing,NULL,NULL,NULL
1212,2024-12-12 00:00:00.000,INQ1019452,Space Cargo,NULL,None,None,NULL,By Email,NULL,Auto Generated,NULL,NULL,NULL,NULL,NULL,0,NULL,2024-12-12 17:55:16.610,NULL,0,NULL,NULL,NULL,NULL,NULL,NULL,NULL,NULL,Ocean Export,1,NULL,NULL,0,NULL,,NULL,NULL,NULL,NULL,1,0,,Sales & Marketing,NULL,NULL,NULL
1213,2024-12-12 00:00:00.000,INQ1019453,"Southeast Aerospace, Inc.",NULL,None,None,NULL,By Email,NULL,Auto Generated,NULL,NULL,NULL,NULL,NULL,0,NULL,2024-12-12 17:56:09.473,NULL,0,NULL,NULL,NULL,NULL,NULL,NULL,NULL,NULL,Ocean Export,1,NULL,NULL,0,NULL,,NULL,NULL,NULL,NULL,1,0,,New Jersey (EWR),NULL,NULL,NULL
1214,2024-12-12 00:00:00.000,INQ1019454,South Ocean Freight International L.L.C,NULL,None,None,NULL,By Email,NULL,Auto Generated,NULL,NULL,NULL,NULL,NULL,0,NULL,2024-12-12 17:56:52.760,NULL,0,NULL,NULL,NULL,NULL,NULL,NULL,NULL,NULL,Ocean Export,1,NULL,NULL,0,NULL,,NULL,NULL,NULL,NULL,1,0,,Sales & Marketing,NULL,NULL,NULL
1215,2024-12-12 00:00:00.000,INQ1019455,Sorigin Forwarding India,NULL,None,None,NULL,By Email,NULL,Auto Generated,NULL,NULL,NULL,NULL,NULL,0,NULL,2024-12-12 17:59:06.693,NULL,0,NULL,NULL,NULL,NULL,NULL,NULL,NULL,NULL,Ocean Export,1,NULL,NULL,0,NULL,,NULL,NULL,NULL,NULL,1,0,,Sales & Marketing,NULL,NULL,NULL
1216,2024-12-12 00:00:00.000,INQ1019456,"SITECH South, LLC",NULL,None,None,NULL,By Email,NULL,Auto Generated,NULL,NULL,NULL,NULL,NULL,0,NULL,2024-12-12 18:00:01.987,NULL,0,NULL,NULL,NULL,NULL,NULL,NULL,NULL,NULL,Ocean Export,1,NULL,NULL,0,NULL,,NULL,NULL,NULL,NULL,1,0,,New Jersey (EWR),NULL,NULL,NULL
1217,2024-12-12 00:00:00.000,INQ1019457,"SHENZHEN A-GLORY LOGISTICS CO.,LTD",NULL,None,None,NULL,By Email,NULL,Auto Generated,NULL,NULL,NULL,NULL,NULL,0,NULL,2024-12-12 18:00:53.357,NULL,0,NULL,NULL,NULL,NULL,NULL,NULL,NULL,NULL,Ocean Export,1,NULL,NULL,0,NULL,,NULL,NULL,NULL,NULL,1,0,,Sales & Marketing,NULL,NULL,NULL
1218,2024-12-12 00:00:00.000,INQ1019458,Sharaf Logistics LLC,NULL,None,None,NULL,By Email,NULL,Auto Generated,NULL,NULL,NULL,NULL,NULL,0,NULL,2024-12-12 18:01:51.690,NULL,0,NULL,NULL,NULL,NULL,NULL,NULL,NULL,NULL,Ocean Export,1,NULL,NULL,0,NULL,,NULL,NULL,NULL,NULL,1,0,,Sales & Marketing,NULL,NULL,NULL
1219,2024-12-12 00:00:00.000,INQ1019459,Shanghai Weiyi International Transportation Agency,NULL,None,None,NULL,By Email,NULL,Auto Generated,NULL,NULL,NULL,NULL,NULL,0,NULL,2024-12-12 18:02:37.643,NULL,0,NULL,NULL,NULL,NULL,NULL,NULL,NULL,NULL,Ocean Export,1,NULL,NULL,0,NULL,,NULL,NULL,NULL,NULL,1,0,,Sales & Marketing,NULL,NULL,NULL
1220,2024-12-12 00:00:00.000,INQ1019460,"SHANGHAI DGA GLOBAL LOGISTIC CO.,LTD",NULL,None,None,NULL,By Email,NULL,Auto Generated,NULL,NULL,NULL,NULL,NULL,0,NULL,2024-12-12 18:03:19.997,NULL,0,NULL,NULL,NULL,NULL,NULL,NULL,NULL,NULL,Ocean Export,1,NULL,NULL,0,NULL,,NULL,NULL,NULL,NULL,1,0,,Sales & Marketing,NULL,NULL,NULL
1221,2024-12-12 00:00:00.000,INQ1019461,SELOGISTIC,NULL,None,None,NULL,By Email,NULL,Auto Generated,NULL,NULL,NULL,NULL,NULL,0,NULL,2024-12-12 18:04:06.107,NULL,0,NULL,NULL,NULL,NULL,NULL,NULL,NULL,NULL,Ocean Export,1,NULL,NULL,0,NULL,,NULL,NULL,NULL,NULL,1,0,,Sales & Marketing,NULL,NULL,NULL
1222,2024-12-12 00:00:00.000,INQ1019462,Sea and Sky Logistics FZCO,NULL,None,None,NULL,By Email,NULL,Auto Generated,NULL,NULL,NULL,NULL,NULL,0,NULL,2024-12-12 18:04:51.970,NULL,0,NULL,NULL,NULL,NULL,NULL,NULL,NULL,NULL,Ocean Export,1,NULL,NULL,0,NULL,,NULL,NULL,NULL,NULL,1,0,,Sales & Marketing,NULL,NULL,NULL
1223,2024-12-12 00:00:00.000,INQ1019463,Sarah Global Logistics,NULL,None,None,NULL,By Email,NULL,Auto Generated,NULL,NULL,NULL,NULL,NULL,0,NULL,2024-12-12 18:05:38.527,NULL,0,NULL,NULL,NULL,NULL,NULL,NULL,NULL,NULL,Ocean Export,1,NULL,NULL,0,NULL,,NULL,NULL,NULL,NULL,1,0,,Sales & Marketing,NULL,NULL,NULL
1224,2024-12-12 00:00:00.000,INQ1019464,SAMACO MARINE,NULL,None,None,NULL,By Email,NULL,Auto Generated,NULL,NULL,NULL,NULL,NULL,0,NULL,2024-12-12 18:07:08.480,NULL,0,NULL,NULL,NULL,NULL,NULL,NULL,NULL,NULL,Ocean Export,1,NULL,NULL,0,NULL,,NULL,NULL,NULL,NULL,1,0,,New Jersey (EWR),NULL,NULL,NULL
1225,2024-12-12 00:00:00.000,INQ1019465,"Rhino, Inc.",NULL,None,None,NULL,By Email,NULL,Auto Generated,NULL,NULL,NULL,NULL,NULL,0,NULL,2024-12-12 20:38:15.000,NULL,0,NULL,NULL,NULL,NULL,NULL,NULL,NULL,NULL,Ocean Export,1,NULL,NULL,0,NULL,,NULL,NULL,NULL,NULL,1,0,,Sales & Marketing,NULL,NULL,NULL
1226,2024-12-12 00:00:00.000,INQ1019466,PT CAHAYA PUNDIMAS INDONUSA,NULL,None,None,NULL,By Email,NULL,Auto Generated,NULL,NULL,NULL,NULL,NULL,0,NULL,2024-12-12 20:42:41.990,NULL,0,NULL,NULL,NULL,NULL,NULL,NULL,NULL,NULL,Ocean Export,1,NULL,NULL,0,NULL,,NULL,NULL,NULL,NULL,1,0,,Hamid Hussaini,NULL,NULL,NULL
1227,2024-12-12 00:00:00.000,INQ1019467,PRR Trans Logistics Pvt. Ltd.,NULL,None,None,NULL,By Email,NULL,Auto Generated,NULL,NULL,NULL,NULL,NULL,0,NULL,2024-12-12 20:44:39.623,NULL,0,NULL,NULL,NULL,NULL,NULL,NULL,NULL,NULL,Ocean Export,1,NULL,NULL,0,NULL,,NULL,NULL,NULL,NULL,1,0,,Sales & Marketing,NULL,NULL,NULL
1228,2024-12-12 00:00:00.000,INQ1019468,"Pingye Foreign Transportation Corp.,Ltd.",NULL,None,None,NULL,By Email,NULL,Auto Generated,NULL,NULL,NULL,NULL,NULL,0,NULL,2024-12-12 20:46:30.430,NULL,0,NULL,NULL,NULL,NULL,NULL,NULL,NULL,NULL,Ocean Export,1,NULL,NULL,0,NULL,,NULL,NULL,NULL,NULL,1,0,,Sales & Marketing,NULL,NULL,NULL
1229,2024-12-12 00:00:00.000,INQ1019469,"ONE Heavy Equipment Loading, Inc 1111",NULL,None,None,NULL,By Email,NULL,Auto Generated,NULL,NULL,NULL,NULL,NULL,0,NULL,2024-12-12 20:49:10.847,NULL,1,NULL,NULL,NULL,NULL,NULL,NULL,NULL,NULL,Ocean Export,1,NULL,NULL,0,NULL,,duplicate,NULL,NULL,NULL,1,0,,Sales & Marketing,NULL,NULL,NULL
1230,2024-12-12 00:00:00.000,INQ1019470,Omnia Mousa,NULL,None,None,NULL,By Email,NULL,Auto Generated,NULL,NULL,NULL,NULL,NULL,0,NULL,2024-12-12 20:50:26.433,NULL,0,NULL,NULL,NULL,NULL,NULL,NULL,NULL,NULL,Ocean Export,1,NULL,NULL,0,NULL,,NULL,NULL,NULL,NULL,1,0,,Sales & Marketing,NULL,NULL,NULL
1231,2024-12-12 00:00:00.000,INQ1019471,NYWD Inc,NULL,None,None,NULL,By Email,NULL,Auto Generated,NULL,NULL,NULL,NULL,NULL,0,NULL,2024-12-12 20:51:32.153,NULL,0,NULL,NULL,NULL,NULL,NULL,NULL,NULL,NULL,Ocean Export,1,NULL,NULL,0,NULL,,NULL,NULL,NULL,NULL,1,0,,Sales & Marketing,NULL,NULL,NULL
1232,2024-12-12 00:00:00.000,INQ1019472,NIPPON TRANSPORT CORPORATION,NULL,None,None,NULL,By Email,NULL,Auto Generated,NULL,NULL,NULL,NULL,NULL,0,NULL,2024-12-12 20:53:31.773,NULL,0,NULL,NULL,NULL,NULL,NULL,NULL,NULL,NULL,Ocean Export,1,NULL,NULL,0,NULL,,NULL,NULL,NULL,NULL,1,0,,Sales & Marketing,NULL,NULL,NULL
1233,2024-12-12 00:00:00.000,INQ1019473,NIPPON TRANSPORT CORPORATION,NULL,None,None,NULL,By Email,NULL,Auto Generated,NULL,NULL,NULL,NULL,NULL,0,NULL,2024-12-12 20:54:34.253,NULL,1,NULL,NULL,NULL,NULL,NULL,NULL,NULL,NULL,Ocean Export,1,NULL,NULL,0,NULL,,duplicate,NULL,NULL,NULL,1,0,,Sales & Marketing,NULL,NULL,NULL
1234,2024-12-12 00:00:00.000,INQ1019474,"NINGBO HAPPYPORT LOGISTICS CO.,LTD.",NULL,None,None,NULL,By Email,NULL,Auto Generated,NULL,NULL,NULL,NULL,NULL,0,NULL,2024-12-12 20:56:34.410,NULL,0,NULL,NULL,NULL,NULL,NULL,NULL,NULL,NULL,Ocean Export,1,NULL,NULL,0,NULL,,NULL,NULL,NULL,NULL,1,0,,Sales & Marketing,NULL,NULL,NULL
1235,2024-12-12 00:00:00.000,INQ1019475,Neovia Logistics,NULL,None,None,NULL,By Email,NULL,Auto Generated,NULL,NULL,NULL,NULL,NULL,0,NULL,2024-12-12 20:57:45.273,NULL,0,NULL,NULL,NULL,NULL,NULL,NULL,NULL,NULL,Ocean Export,1,NULL,NULL,0,NULL,,NULL,NULL,NULL,NULL,1,0,,Sales & Marketing,NULL,NULL,NULL
1236,2024-12-12 00:00:00.000,INQ1019476,Mr. Momen & Mr. Maged,NULL,None,None,NULL,By Email,NULL,Auto Generated,NULL,NULL,NULL,NULL,NULL,0,NULL,2024-12-12 20:58:56.637,NULL,0,NULL,NULL,NULL,NULL,NULL,NULL,NULL,NULL,Ocean Export,1,NULL,NULL,0,NULL,,NULL,NULL,NULL,NULL,1,0,,Sales & Marketing,NULL,NULL,NULL
1237,2024-12-12 00:00:00.000,INQ1019477,Mr. Ali Khatri,NULL,None,None,NULL,By Email,NULL,Auto Generated,NULL,NULL,NULL,NULL,NULL,0,NULL,2024-12-12 21:02:33.090,NULL,0,NULL,NULL,NULL,NULL,NULL,NULL,NULL,NULL,Ocean Export,1,NULL,NULL,0,NULL,,NULL,NULL,NULL,NULL,1,0,,Sales & Marketing,NULL,NULL,NULL
1238,2024-12-12 00:00:00.000,INQ1019478,Mr. Ali,NULL,None,None,NULL,By Email,NULL,Auto Generated,NULL,NULL,NULL,NULL,NULL,0,NULL,2024-12-12 21:03:05.880,NULL,0,NULL,NULL,NULL,NULL,NULL,NULL,NULL,NULL,Ocean Export,1,NULL,NULL,0,NULL,,NULL,NULL,NULL,NULL,1,0,,Sales & Marketing,NULL,NULL,NULL
1239,2024-12-12 00:00:00.000,INQ1019479,Mohamed Qubaisi,NULL,None,None,NULL,By Email,NULL,Auto Generated,NULL,NULL,NULL,NULL,NULL,0,NULL,2024-12-12 21:04:45.807,NULL,0,NULL,NULL,NULL,NULL,NULL,NULL,NULL,NULL,Ocean Export,1,NULL,NULL,0,NULL,,NULL,NULL,NULL,NULL,1,0,,Sales & Marketing,NULL,NULL,NULL
1240,2024-12-12 00:00:00.000,INQ1019480,Modern Hot Point LLC,NULL,None,None,NULL,By Email,NULL,Auto Generated,NULL,NULL,NULL,NULL,NULL,0,NULL,2024-12-12 21:07:16.860,NULL,0,NULL,NULL,NULL,NULL,NULL,NULL,NULL,NULL,Ocean Export,1,NULL,NULL,0,NULL,,NULL,NULL,NULL,NULL,1,0,,Sales & Marketing,NULL,NULL,NULL
1241,2024-12-12 00:00:00.000,INQ1019481,MGL Shipping Co.,NULL,None,None,NULL,By Email,NULL,Auto Generated,NULL,NULL,NULL,NULL,NULL,0,NULL,2024-12-12 21:10:26.473,NULL,0,NULL,NULL,NULL,NULL,NULL,NULL,NULL,NULL,Ocean Export,1,NULL,NULL,0,NULL,,NULL,NULL,NULL,NULL,1,0,,Sales & Marketing,NULL,NULL,NULL
1242,2024-12-12 00:00:00.000,INQ1019482,"Metsen Supply Chain & Global Forwarding Co.,Ltd",NULL,None,None,NULL,By Email,NULL,Auto Generated,NULL,NULL,NULL,NULL,NULL,0,NULL,2024-12-12 21:12:12.050,NULL,0,NULL,NULL,NULL,NULL,NULL,NULL,NULL,NULL,Ocean Export,1,NULL,NULL,0,NULL,,NULL,NULL,NULL,NULL,1,0,,Sales & Marketing,NULL,NULL,NULL
1243,2024-12-12 00:00:00.000,INQ1019483,MEDICOR Elektronika Zrt.,NULL,None,None,NULL,By Email,NULL,Auto Generated,NULL,NULL,NULL,NULL,NULL,0,NULL,2024-12-12 21:13:11.257,NULL,0,NULL,NULL,NULL,NULL,NULL,NULL,NULL,NULL,Ocean Export,1,NULL,NULL,0,NULL,,NULL,NULL,NULL,NULL,1,0,,Sales & Marketing,NULL,NULL,NULL
1244,2024-12-12 00:00:00.000,INQ1019484,Maxland International Inc.dba : Sonic Max Inc.,NULL,None,None,NULL,By Email,NULL,Auto Generated,NULL,NULL,NULL,NULL,NULL,0,NULL,2024-12-12 21:14:11.320,NULL,0,NULL,NULL,NULL,NULL,NULL,NULL,NULL,NULL,Ocean Export,1,NULL,NULL,0,NULL,,NULL,NULL,NULL,NULL,1,0,,Sales & Marketing,NULL,NULL,NULL
1245,2024-12-12 00:00:00.000,INQ1019485,M.A. ENTERPRISES INC: Home,NULL,None,None,NULL,By Email,NULL,Auto Generated,NULL,NULL,NULL,NULL,NULL,0,NULL,2024-12-12 21:15:44.420,NULL,0,NULL,NULL,NULL,NULL,NULL,NULL,NULL,NULL,Ocean Export,1,NULL,NULL,0,NULL,,NULL,NULL,NULL,NULL,1,0,,Sales & Marketing,NULL,NULL,NULL
1246,2024-12-12 00:00:00.000,INQ1019486,LSI WALLCOVERING,NULL,None,None,NULL,By Email,NULL,Auto Generated,NULL,NULL,NULL,NULL,NULL,0,NULL,2024-12-12 21:16:54.220,NULL,0,NULL,NULL,NULL,NULL,NULL,NULL,NULL,NULL,Ocean Export,1,NULL,NULL,0,NULL,,NULL,NULL,NULL,NULL,1,0,,Sales & Marketing,NULL,NULL,NULL
1247,2024-12-12 00:00:00.000,INQ1019487,Lord krishna Container Leasing Pvt Limited,NULL,None,None,NULL,By Email,NULL,Auto Generated,NULL,NULL,NULL,NULL,NULL,0,NULL,2024-12-12 21:18:17.180,NULL,0,NULL,NULL,NULL,NULL,NULL,NULL,NULL,NULL,Ocean Export,1,NULL,NULL,0,NULL,,NULL,NULL,NULL,NULL,1,0,,Sales & Marketing,NULL,NULL,NULL
1248,2024-12-12 00:00:00.000,INQ1019488,LGM Pharma LLC,NULL,None,None,NULL,By Email,NULL,Auto Generated,NULL,NULL,NULL,NULL,NULL,0,NULL,2024-12-12 21:19:30.247,NULL,0,NULL,NULL,NULL,NULL,NULL,NULL,NULL,NULL,Ocean Export,1,NULL,NULL,0,NULL,,NULL,NULL,NULL,NULL,1,0,,Sales & Marketing,NULL,NULL,NULL
1249,2024-12-12 00:00:00.000,INQ1019489,"Joy Systems, Inc.",NULL,None,None,NULL,By Email,NULL,Auto Generated,NULL,NULL,NULL,NULL,NULL,0,NULL,2024-12-12 21:20:46.333,NULL,1,NULL,NULL,NULL,NULL,NULL,NULL,NULL,NULL,Ocean Export,1,NULL,NULL,0,NULL,,duplicate,NULL,NULL,NULL,1,0,,New Jersey (EWR),NULL,NULL,NULL
1250,2024-12-12 00:00:00.000,INQ1019490,Jojoba Desert Inc.,NULL,None,None,NULL,By Email,NULL,Auto Generated,NULL,NULL,NULL,NULL,NULL,0,NULL,2024-12-12 21:21:40.707,NULL,1,NULL,NULL,NULL,NULL,NULL,NULL,NULL,NULL,Ocean Export,1,NULL,NULL,0,NULL,,duplicate,NULL,NULL,NULL,1,0,,New Jersey (EWR),NULL,NULL,NULL
1251,2024-12-12 00:00:00.000,INQ1019491,J & L Tool & Machine Inc,NULL,None,None,NULL,By Email,NULL,Auto Generated,NULL,NULL,NULL,NULL,NULL,0,NULL,2024-12-12 21:22:37.973,NULL,0,NULL,NULL,NULL,NULL,NULL,NULL,NULL,NULL,Ocean Export,1,NULL,NULL,0,NULL,,NULL,NULL,NULL,NULL,1,0,,Sales & Marketing,NULL,NULL,NULL
1252,2024-12-12 00:00:00.000,INQ1019492,International Logistics Services,NULL,None,None,NULL,By Email,NULL,Auto Generated,NULL,NULL,NULL,NULL,NULL,0,NULL,2024-12-12 21:24:03.933,NULL,0,NULL,NULL,NULL,NULL,NULL,NULL,NULL,NULL,Ocean Export,1,NULL,NULL,0,NULL,,NULL,NULL,NULL,NULL,1,0,,Sales & Marketing,NULL,NULL,NULL
1253,2024-12-12 00:00:00.000,INQ1019493,INNOVATION COMPUTERS,NULL,None,None,NULL,By Email,NULL,Auto Generated,NULL,NULL,NULL,NULL,NULL,0,NULL,2024-12-12 21:25:09.590,NULL,0,NULL,NULL,NULL,NULL,NULL,NULL,NULL,NULL,Ocean Export,1,NULL,NULL,0,NULL,,NULL,NULL,NULL,NULL,1,0,,Hamid Hussaini,NULL,NULL,NULL
1254,2024-12-12 00:00:00.000,INQ1019494,Innovated Apparel,NULL,None,None,NULL,By Email,NULL,Auto Generated,NULL,NULL,NULL,NULL,NULL,0,NULL,2024-12-12 21:26:14.007,NULL,0,NULL,NULL,NULL,NULL,NULL,NULL,NULL,NULL,Ocean Export,1,NULL,NULL,0,NULL,,NULL,NULL,NULL,NULL,1,0,,New Jersey (EWR),NULL,NULL,NULL
1255,2024-12-12 00:00:00.000,INQ1019495,In Time Worldwide Express Ltd.,NULL,None,None,NULL,By Email,NULL,Auto Generated,NULL,NULL,NULL,NULL,NULL,0,NULL,2024-12-12 21:27:12.887,NULL,0,NULL,NULL,NULL,NULL,NULL,NULL,NULL,NULL,Ocean Export,1,NULL,NULL,0,NULL,,NULL,NULL,NULL,NULL,1,0,,Sales & Marketing,NULL,NULL,NULL
1256,2024-12-12 00:00:00.000,INQ1019496,IFB International Freightbridge Ltd.,NULL,None,None,NULL,By Email,NULL,Auto Generated,NULL,NULL,NULL,NULL,NULL,0,NULL,2024-12-12 21:28:34.147,NULL,0,NULL,NULL,NULL,NULL,NULL,NULL,NULL,NULL,Ocean Export,1,NULL,NULL,0,NULL,,NULL,NULL,NULL,NULL,1,0,,Sales & Marketing,NULL,NULL,NULL
1257,2024-12-12 00:00:00.000,INQ1019497,HPI FREIGHT AND LOGISTICS,NULL,None,None,NULL,By Email,NULL,Auto Generated,NULL,NULL,NULL,NULL,NULL,0,NULL,2024-12-12 21:29:53.787,NULL,0,NULL,NULL,NULL,NULL,NULL,NULL,NULL,NULL,Ocean Export,1,NULL,NULL,0,NULL,,NULL,NULL,NULL,NULL,1,0,,Sales & Marketing,NULL,NULL,NULL
1258,2024-12-12 00:00:00.000,INQ1019498,HOFFMAN ENCLOSURES INC.,NULL,None,None,NULL,By Email,NULL,Auto Generated,NULL,NULL,NULL,NULL,NULL,0,NULL,2024-12-12 21:31:34.087,NULL,0,NULL,NULL,NULL,NULL,NULL,NULL,NULL,NULL,Ocean Export,1,NULL,NULL,0,NULL,,NULL,NULL,NULL,NULL,1,0,,New Jersey (EWR),NULL,NULL,NULL
1259,2024-12-12 00:00:00.000,INQ1019499,Hobart Brothers LLC,NULL,None,None,NULL,By Email,NULL,Auto Generated,NULL,NULL,NULL,NULL,NULL,0,NULL,2024-12-12 21:32:58.720,NULL,0,NULL,NULL,NULL,NULL,NULL,NULL,NULL,NULL,Ocean Export,1,NULL,NULL,0,NULL,,NULL,NULL,NULL,NULL,1,0,,New Jersey (EWR),NULL,NULL,NULL
1260,2024-12-12 00:00:00.000,INQ1019500,Hikmah Transglobal Sdn Bhd.,NULL,None,None,NULL,By Email,NULL,Auto Generated,NULL,NULL,NULL,NULL,NULL,0,NULL,2024-12-12 21:34:00.517,NULL,0,NULL,NULL,NULL,NULL,NULL,NULL,NULL,NULL,Ocean Export,1,NULL,NULL,0,NULL,,NULL,NULL,NULL,NULL,1,0,,Sales & Marketing,NULL,NULL,NULL
1261,2024-12-12 00:00:00.000,INQ1019501,Hemaditya Impex & Shipping,NULL,None,None,NULL,By Email,NULL,Auto Generated,NULL,NULL,NULL,NULL,NULL,0,NULL,2024-12-12 21:35:18.117,NULL,0,NULL,NULL,NULL,NULL,NULL,NULL,NULL,NULL,Ocean Export,1,NULL,NULL,0,NULL,,NULL,NULL,NULL,NULL,1,0,,Sales & Marketing,NULL,NULL,NULL
1262,2024-12-12 00:00:00.000,INQ1019502,HAWK ELECTRONICS,NULL,None,None,NULL,By Email,NULL,Auto Generated,NULL,NULL,NULL,NULL,NULL,0,NULL,2024-12-12 21:36:34.297,NULL,0,NULL,NULL,NULL,NULL,NULL,NULL,NULL,NULL,Ocean Export,1,NULL,NULL,0,NULL,,NULL,NULL,NULL,NULL,1,0,,New Jersey (EWR),NULL,NULL,NULL
1263,2024-12-12 00:00:00.000,INQ1019503,Harbor Shipping SARL,NULL,None,None,NULL,By Email,NULL,Auto Generated,NULL,NULL,NULL,NULL,NULL,0,NULL,2024-12-12 21:37:42.143,NULL,0,NULL,NULL,NULL,NULL,NULL,NULL,NULL,NULL,Ocean Export,1,NULL,NULL,0,NULL,,NULL,NULL,NULL,NULL,1,0,,Sales & Marketing,NULL,NULL,NULL
1264,2024-12-12 00:00:00.000,INQ1019504,Gulf Worldwide Logistics,NULL,None,None,NULL,By Email,NULL,Auto Generated,NULL,NULL,NULL,NULL,NULL,0,NULL,2024-12-12 21:38:51.517,NULL,0,NULL,NULL,NULL,NULL,NULL,NULL,NULL,NULL,Ocean Export,1,NULL,NULL,0,NULL,,NULL,NULL,NULL,NULL,1,0,,Sales & Marketing,NULL,NULL,NULL
1265,2024-12-12 00:00:00.000,INQ1019505,Guangzhou Chinaway Logistics Ltd.,NULL,None,None,NULL,By Email,NULL,Auto Generated,NULL,NULL,NULL,NULL,NULL,0,NULL,2024-12-12 21:39:51.043,NULL,0,NULL,NULL,NULL,NULL,NULL,NULL,NULL,NULL,Ocean Export,1,NULL,NULL,0,NULL,,NULL,NULL,NULL,NULL,1,0,,Sales & Marketing,NULL,NULL,NULL
1266,2024-12-12 00:00:00.000,INQ1019506,Global Freight Connections Ltd,NULL,None,None,NULL,By Email,NULL,Auto Generated,NULL,NULL,NULL,NULL,NULL,0,NULL,2024-12-12 21:41:49.717,NULL,0,NULL,NULL,NULL,NULL,NULL,NULL,NULL,NULL,Ocean Export,1,NULL,NULL,0,NULL,,NULL,NULL,NULL,NULL,1,0,,Sales & Marketing,NULL,NULL,NULL
1267,2024-12-12 00:00:00.000,INQ1019507,Ghassan Automotive,NULL,None,None,NULL,By Email,NULL,Auto Generated,NULL,NULL,NULL,NULL,NULL,0,NULL,2024-12-12 21:43:04.320,NULL,0,NULL,NULL,NULL,NULL,NULL,NULL,NULL,NULL,Ocean Export,1,NULL,NULL,0,NULL,,NULL,NULL,NULL,NULL,1,0,,New Jersey (EWR),NULL,NULL,NULL
1268,2024-12-12 00:00:00.000,INQ1019508,Gazelle,NULL,None,None,NULL,By Email,NULL,Auto Generated,NULL,NULL,NULL,NULL,NULL,0,NULL,2024-12-12 21:44:22.780,NULL,0,NULL,NULL,NULL,NULL,NULL,NULL,NULL,NULL,Ocean Export,1,NULL,NULL,0,NULL,,NULL,NULL,NULL,NULL,1,0,,Sales & Marketing,NULL,NULL,NULL
1269,2024-12-12 00:00:00.000,INQ1019509,Gardner Denver Compressors,NULL,None,None,NULL,By Email,NULL,Auto Generated,NULL,NULL,NULL,NULL,NULL,0,NULL,2024-12-12 21:45:30.907,NULL,0,NULL,NULL,NULL,NULL,NULL,NULL,NULL,NULL,Ocean Export,1,NULL,NULL,0,NULL,,NULL,NULL,NULL,NULL,1,0,,Sales & Marketing,NULL,NULL,NULL
1270,2024-12-12 00:00:00.000,INQ1019510,Forsta Filters Inc.,NULL,None,None,NULL,By Email,NULL,Auto Generated,NULL,NULL,NULL,NULL,NULL,0,NULL,2024-12-12 21:46:57.450,NULL,0,NULL,NULL,NULL,NULL,NULL,NULL,NULL,NULL,Ocean Export,1,NULL,NULL,0,NULL,,NULL,NULL,NULL,NULL,1,0,,New Jersey (EWR),NULL,NULL,NULL
1271,2024-12-12 00:00:00.000,INQ1019511,Firmenich,NULL,None,None,NULL,By Email,NULL,Auto Generated,NULL,NULL,NULL,NULL,NULL,0,NULL,2024-12-12 21:47:59.010,NULL,0,NULL,NULL,NULL,NULL,NULL,NULL,NULL,NULL,Ocean Export,1,NULL,NULL,0,NULL,,NULL,NULL,NULL,NULL,1,0,,New Jersey (EWR),NULL,NULL,NULL
1272,2024-12-12 00:00:00.000,INQ1019512,Far Way Company,NULL,None,None,NULL,By Email,NULL,Auto Generated,NULL,NULL,NULL,NULL,NULL,0,NULL,2024-12-12 21:49:02.260,NULL,0,NULL,NULL,NULL,NULL,NULL,NULL,NULL,NULL,Ocean Export,1,NULL,NULL,0,NULL,,NULL,NULL,NULL,NULL,1,0,,Sales & Marketing,NULL,NULL,NULL
1273,2024-12-12 00:00:00.000,INQ1019513,Fabuwood Cabinetry Corp,NULL,None,None,NULL,By Email,NULL,Auto Generated,NULL,NULL,NULL,NULL,NULL,0,NULL,2024-12-12 21:50:45.150,NULL,0,NULL,NULL,NULL,NULL,NULL,NULL,NULL,NULL,Ocean Export,1,NULL,NULL,0,NULL,,NULL,NULL,NULL,NULL,1,0,,New Jersey (EWR),NULL,NULL,NULL
1274,2024-12-12 00:00:00.000,INQ1019514,Endries International Inc.,NULL,None,None,NULL,By Email,NULL,Auto Generated,NULL,NULL,NULL,NULL,NULL,0,NULL,2024-12-12 21:51:47.980,NULL,0,NULL,NULL,NULL,NULL,NULL,NULL,NULL,NULL,Ocean Export,1,NULL,NULL,0,NULL,,NULL,NULL,NULL,NULL,1,0,,New Jersey (EWR),NULL,NULL,NULL
1275,2024-12-12 00:00:00.000,INQ1019515,Emsig Manufacturing,NULL,None,None,NULL,By Email,NULL,Auto Generated,NULL,NULL,NULL,NULL,NULL,0,NULL,2024-12-12 21:53:15.623,NULL,0,NULL,NULL,NULL,NULL,NULL,NULL,NULL,NULL,Ocean Export,1,NULL,NULL,0,NULL,,NULL,NULL,NULL,NULL,1,0,,New Jersey (EWR),NULL,NULL,NULL
1276,2024-12-12 00:00:00.000,INQ1019516,Easton Technical Product,NULL,None,None,NULL,By Email,NULL,Auto Generated,NULL,NULL,NULL,NULL,NULL,0,NULL,2024-12-12 21:54:42.210,NULL,0,NULL,NULL,NULL,NULL,NULL,NULL,NULL,NULL,Ocean Export,1,NULL,NULL,0,NULL,,NULL,NULL,NULL,NULL,1,0,,New Jersey (EWR),NULL,NULL,NULL
1277,2024-12-12 00:00:00.000,INQ1019517,"Doors Trading, LLC",NULL,None,None,NULL,By Email,NULL,Auto Generated,NULL,NULL,NULL,NULL,NULL,0,NULL,2024-12-12 22:00:06.400,NULL,0,NULL,NULL,NULL,NULL,NULL,NULL,NULL,NULL,Ocean Export,1,NULL,NULL,0,NULL,,NULL,NULL,NULL,NULL,1,0,,Sales & Marketing,NULL,NULL,NULL
1278,2024-12-12 00:00:00.000,INQ1019518,Dharma Research,NULL,None,None,NULL,By Email,NULL,Auto Generated,NULL,NULL,NULL,NULL,NULL,0,NULL,2024-12-12 22:01:45.607,NULL,0,NULL,NULL,NULL,NULL,NULL,NULL,NULL,NULL,Ocean Export,1,NULL,NULL,0,NULL,,NULL,NULL,NULL,NULL,1,0,,Sales & Marketing,NULL,NULL,NULL
1279,2024-12-12 00:00:00.000,INQ1019519,DEWALT Industrial Tool Co,NULL,None,None,NULL,By Email,NULL,Auto Generated,NULL,NULL,NULL,NULL,NULL,0,NULL,2024-12-12 22:02:44.470,NULL,0,NULL,NULL,NULL,NULL,NULL,NULL,NULL,NULL,Ocean Export,1,NULL,NULL,0,NULL,,NULL,NULL,NULL,NULL,1,0,,New Jersey (EWR),NULL,NULL,NULL
1280,2024-12-12 00:00:00.000,INQ1019520,CCI Inc. Houston,NULL,None,None,NULL,By Email,NULL,Auto Generated,NULL,NULL,NULL,NULL,NULL,0,NULL,2024-12-12 22:14:59.057,NULL,0,NULL,NULL,NULL,NULL,NULL,NULL,NULL,NULL,Ocean Export,1,NULL,NULL,0,NULL,,NULL,NULL,NULL,NULL,1,0,,Sales & Marketing,NULL,NULL,NULL
1281,2024-12-12 00:00:00.000,INQ1019521,CargosClub FZCO.,NULL,None,None,NULL,By Email,NULL,Auto Generated,NULL,NULL,NULL,NULL,NULL,0,NULL,2024-12-12 22:16:18.893,NULL,0,NULL,NULL,NULL,NULL,NULL,NULL,NULL,NULL,Ocean Export,1,NULL,NULL,0,NULL,,NULL,NULL,NULL,NULL,1,0,,Inside Sales Group,NULL,NULL,NULL
1282,2024-12-12 00:00:00.000,INQ1019522,CARGO 47,NULL,None,None,NULL,By Email,NULL,Auto Generated,NULL,NULL,NULL,NULL,NULL,0,NULL,2024-12-12 22:17:34.037,NULL,0,NULL,NULL,NULL,NULL,NULL,NULL,NULL,NULL,Ocean Export,1,NULL,NULL,0,NULL,,NULL,NULL,NULL,NULL,1,0,,Inside Sales Group,NULL,NULL,NULL
1283,2024-12-12 00:00:00.000,INQ1019523,Capital One Arena,NULL,None,None,NULL,By Email,NULL,Auto Generated,NULL,NULL,NULL,NULL,NULL,0,NULL,2024-12-12 22:18:33.080,NULL,0,NULL,NULL,NULL,NULL,NULL,NULL,NULL,NULL,Ocean Export,1,NULL,NULL,0,NULL,,NULL,NULL,NULL,NULL,1,0,,New Jersey (EWR),NULL,NULL,NULL
1284,2024-12-12 00:00:00.000,INQ1019524,BRANKO PERÚ SAC,NULL,None,None,NULL,By Email,NULL,Auto Generated,NULL,NULL,NULL,NULL,NULL,0,NULL,2024-12-12 22:20:27.490,NULL,0,NULL,NULL,NULL,NULL,NULL,NULL,NULL,NULL,Ocean Export,1,NULL,NULL,0,NULL,,NULL,NULL,NULL,NULL,1,0,,Inside Sales Group,NULL,NULL,NULL
1285,2024-12-12 00:00:00.000,INQ1019525,Bordova Brand,NULL,None,None,NULL,By Email,NULL,Auto Generated,NULL,NULL,NULL,NULL,NULL,0,NULL,2024-12-12 22:21:32.960,NULL,0,NULL,NULL,NULL,NULL,NULL,NULL,NULL,NULL,Ocean Export,1,NULL,NULL,0,NULL,,NULL,NULL,NULL,NULL,1,0,,New Jersey (EWR),NULL,NULL,NULL
1286,2024-12-12 00:00:00.000,INQ1019526,Bhatia Shipping,NULL,None,None,NULL,By Email,NULL,Auto Generated,NULL,NULL,NULL,NULL,NULL,0,NULL,2024-12-12 22:22:31.880,NULL,0,NULL,NULL,NULL,NULL,NULL,NULL,NULL,NULL,Ocean Export,1,NULL,NULL,0,NULL,,NULL,NULL,NULL,NULL,1,0,,Inside Sales Group,NULL,NULL,NULL
1287,2024-12-12 00:00:00.000,INQ1019527,Beachside Lighting,NULL,None,None,NULL,By Email,NULL,Auto Generated,NULL,NULL,NULL,NULL,NULL,0,NULL,2024-12-12 22:23:40.463,NULL,0,NULL,NULL,NULL,NULL,NULL,NULL,NULL,NULL,Ocean Export,1,NULL,NULL,0,NULL,,NULL,NULL,NULL,NULL,1,0,,Sales & Marketing,NULL,NULL,NULL
1288,2024-12-12 00:00:00.000,INQ1019528,Bam Marine of Florida Inc,NULL,None,None,NULL,By Email,NULL,Auto Generated,NULL,NULL,NULL,NULL,NULL,0,NULL,2024-12-12 22:25:03.903,NULL,0,NULL,NULL,NULL,NULL,NULL,NULL,NULL,NULL,Ocean Export,1,NULL,NULL,0,NULL,,NULL,NULL,NULL,NULL,1,0,,New Jersey (EWR),NULL,NULL,NULL
1289,2024-12-12 00:00:00.000,INQ1019529,B&W Aviation,NULL,None,None,NULL,By Email,NULL,Auto Generated,NULL,NULL,NULL,NULL,NULL,0,NULL,2024-12-12 22:25:56.220,NULL,0,NULL,NULL,NULL,NULL,NULL,NULL,NULL,NULL,Ocean Export,1,NULL,NULL,0,NULL,,NULL,NULL,NULL,NULL,1,0,,New Jersey (EWR),NULL,NULL,NULL
1290,2024-12-12 00:00:00.000,INQ1019530,Arvelta Logistics,NULL,None,None,NULL,By Email,NULL,Auto Generated,NULL,NULL,NULL,NULL,NULL,0,NULL,2024-12-12 22:26:52.697,NULL,0,NULL,NULL,NULL,NULL,NULL,NULL,NULL,NULL,Ocean Export,1,NULL,NULL,0,NULL,,NULL,NULL,NULL,NULL,1,0,,Sales & Marketing,NULL,NULL,NULL
1291,2024-12-12 00:00:00.000,INQ1019531,Ammann,NULL,None,None,NULL,By Email,NULL,Auto Generated,NULL,NULL,NULL,NULL,NULL,0,NULL,2024-12-12 22:28:19.050,NULL,1,NULL,NULL,NULL,NULL,NULL,NULL,NULL,NULL,Ocean Export,1,NULL,NULL,0,NULL,,duplicate,NULL,NULL,NULL,1,0,,New Jersey (EWR),NULL,NULL,NULL
1292,2024-12-12 00:00:00.000,INQ1019532,Ammann,NULL,None,None,NULL,By Email,NULL,Auto Generated,NULL,NULL,NULL,NULL,NULL,0,NULL,2024-12-12 22:28:41.210,NULL,0,NULL,NULL,NULL,NULL,NULL,NULL,NULL,NULL,Ocean Export,1,NULL,NULL,0,NULL,,NULL,NULL,NULL,NULL,1,0,,New Jersey (EWR),NULL,NULL,NULL
1293,2024-12-12 00:00:00.000,INQ1019533,ALPHATRANS CO.TLD (ATL),NULL,None,None,NULL,By Email,NULL,Auto Generated,NULL,NULL,NULL,NULL,NULL,0,NULL,2024-12-12 22:30:19.707,NULL,0,NULL,NULL,NULL,NULL,NULL,NULL,NULL,NULL,Ocean Export,1,NULL,NULL,0,NULL,,NULL,NULL,NULL,NULL,1,0,,Sales & Marketing,NULL,NULL,NULL
1294,2024-12-12 00:00:00.000,INQ1019534,Aircraft & Engine Parts LLC,NULL,None,None,NULL,By Email,NULL,Auto Generated,NULL,NULL,NULL,NULL,NULL,0,NULL,2024-12-12 22:42:05.607,NULL,0,NULL,NULL,NULL,NULL,NULL,NULL,NULL,NULL,Ocean Export,1,NULL,NULL,0,NULL,,NULL,NULL,NULL,NULL,1,0,,New Jersey (EWR),NULL,NULL,NULL
1295,2024-12-12 00:00:00.000,INQ1019535,Air Zonex,NULL,None,None,NULL,By Email,NULL,Auto Generated,NULL,NULL,NULL,NULL,NULL,0,NULL,2024-12-12 22:44:26.637,NULL,0,NULL,NULL,NULL,NULL,NULL,NULL,NULL,NULL,Ocean Export,1,NULL,NULL,0,NULL,,NULL,NULL,NULL,NULL,1,0,,Inside Sales Group,NULL,NULL,NULL
1296,2024-12-12 00:00:00.000,INQ1019536,Air Filters Incorporated,NULL,None,None,NULL,By Email,NULL,Auto Generated,NULL,NULL,NULL,NULL,NULL,0,NULL,2024-12-12 22:46:33.987,NULL,0,NULL,NULL,NULL,NULL,NULL,NULL,NULL,NULL,Ocean Export,1,NULL,NULL,0,NULL,,NULL,NULL,NULL,NULL,1,0,,New Jersey (EWR),NULL,NULL,NULL
1297,2024-12-12 00:00:00.000,INQ1019537,"AHC LOGISTICS(XIAMEN) CO.,LTD",NULL,None,None,NULL,By Email,NULL,Auto Generated,NULL,NULL,NULL,NULL,NULL,0,NULL,2024-12-12 22:48:18.633,NULL,1,NULL,NULL,NULL,NULL,NULL,NULL,NULL,NULL,Ocean Export,1,NULL,NULL,0,NULL,,duplicate,NULL,NULL,NULL,1,0,,Hamid Hussaini,NULL,NULL,NULL
1298,2024-12-12 00:00:00.000,INQ1019538,"AHC LOGISTICS(XIAMEN) CO.,LTD",NULL,None,None,NULL,By Email,NULL,Auto Generated,NULL,NULL,NULL,NULL,NULL,0,NULL,2024-12-12 22:48:35.260,NULL,0,NULL,NULL,NULL,NULL,NULL,NULL,NULL,NULL,Ocean Export,1,NULL,NULL,0,NULL,,NULL,NULL,NULL,NULL,1,0,,Hamid Hussaini,NULL,NULL,NULL
1299,2024-12-12 00:00:00.000,INQ1019539,Acumen Freight Solutions,NULL,None,None,NULL,By Email,NULL,Auto Generated,NULL,NULL,NULL,NULL,NULL,0,NULL,2024-12-12 22:49:49.840,NULL,0,NULL,NULL,NULL,NULL,NULL,NULL,NULL,NULL,Ocean Export,1,NULL,NULL,0,NULL,,NULL,NULL,NULL,NULL,1,0,,Sales & Marketing,NULL,NULL,NULL
1300,2024-12-12 00:00:00.000,INQ1019540,ACUITY INTERNATIONAL SDN. BHD.,NULL,None,None,NULL,By Email,NULL,Auto Generated,NULL,NULL,NULL,NULL,NULL,0,NULL,2024-12-12 22:51:07.610,NULL,0,NULL,NULL,NULL,NULL,NULL,NULL,NULL,NULL,Ocean Export,1,NULL,NULL,0,NULL,,NULL,NULL,NULL,NULL,1,0,,Sales & Marketing,NULL,NULL,NULL
1301,2024-12-12 00:00:00.000,INQ1019541,Abboud Trading Corporation,NULL,None,None,NULL,By Email,NULL,Auto Generated,NULL,NULL,NULL,NULL,NULL,0,NULL,2024-12-12 22:53:08.910,NULL,1,NULL,NULL,NULL,NULL,NULL,NULL,NULL,NULL,Ocean Export,1,NULL,NULL,0,NULL,,duplicate,NULL,NULL,NULL,1,0,,Sales & Marketing,NULL,NULL,NULL
1302,2024-12-12 00:00:00.000,INQ1019542,A&A Cargo Transport,NULL,None,None,NULL,By Email,NULL,Auto Generated,NULL,NULL,NULL,NULL,NULL,0,NULL,2024-12-12 22:55:24.360,NULL,0,NULL,NULL,NULL,NULL,NULL,NULL,NULL,NULL,Ocean Export,1,NULL,NULL,0,NULL,,NULL,NULL,NULL,NULL,1,0,,Sales & Marketing,NULL,NULL,NULL
1303,2024-12-12 00:00:00.000,INQ1019543,5 stasr trading co.,NULL,None,None,NULL,By Email,NULL,Auto Generated,NULL,NULL,NULL,NULL,NULL,0,NULL,2024-12-12 22:56:46.240,NULL,0,NULL,NULL,NULL,NULL,NULL,NULL,NULL,NULL,Ocean Export,1,NULL,NULL,0,NULL,,NULL,NULL,NULL,NULL,1,0,,New Jersey (EWR),NULL,NULL,NULL
1304,2024-12-13 00:00:00.000,INQ1019544,Ashraf Arram,NULL,None,None,NULL,By Email,NULL,Auto Generated,NULL,NULL,NULL,NULL,NULL,0,NULL,2024-12-13 08:02:20.890,NULL,0,NULL,NULL,NULL,NULL,NULL,NULL,NULL,NULL,Ocean Export,1,NULL,NULL,0,NULL,,NULL,NULL,NULL,NULL,1,0,,Sales & Marketing,NULL,NULL,NULL
1305,2024-12-13 00:00:00.000,INQ1019545,AIDARA,NULL,None,None,NULL,By Email,NULL,Auto Generated,NULL,NULL,NULL,NULL,NULL,0,NULL,2024-12-13 08:02:47.927,NULL,0,NULL,NULL,NULL,NULL,NULL,NULL,NULL,NULL,Ocean Export,1,NULL,NULL,0,NULL,,NULL,NULL,NULL,NULL,1,0,,Sales & Marketing,NULL,NULL,NULL
1306,2024-12-13 00:00:00.000,INQ1019546,Infinity,NULL,None,None,NULL,By Email,NULL,Auto Generated,NULL,NULL,NULL,NULL,NULL,0,NULL,2024-12-13 08:03:36.383,NULL,0,NULL,NULL,NULL,NULL,NULL,NULL,NULL,NULL,Ocean Export,1,NULL,NULL,0,NULL,,NULL,NULL,NULL,NULL,1,0,,Sales & Marketing,NULL,NULL,NULL
1307,2024-12-13 00:00:00.000,INQ1019547,DANA INTERNATIONAL OU,NULL,None,None,NULL,By Email,NULL,Auto Generated,NULL,NULL,NULL,NULL,NULL,0,NULL,2024-12-13 08:05:38.810,NULL,0,NULL,NULL,NULL,NULL,NULL,NULL,NULL,NULL,Ocean Export,1,NULL,NULL,0,NULL,,NULL,NULL,NULL,NULL,1,0,,Sales & Marketing,NULL,NULL,NULL
1308,2024-12-13 00:00:00.000,INQ1019548,E-Cycle Green. LLC,NULL,None,None,NULL,By Email,NULL,Auto Generated,NULL,NULL,NULL,NULL,NULL,0,NULL,2024-12-13 08:06:50.460,NULL,0,NULL,NULL,NULL,NULL,NULL,NULL,NULL,NULL,Ocean Export,1,NULL,NULL,0,NULL,,NULL,NULL,NULL,NULL,1,0,,Sales & Marketing,NULL,NULL,NULL
1309,2024-12-13 00:00:00.000,INQ1019549,EUROPEAN FOR EXPORT,NULL,None,None,NULL,By Email,NULL,Auto Generated,NULL,NULL,NULL,NULL,NULL,0,NULL,2024-12-13 08:07:10.670,NULL,0,NULL,NULL,NULL,NULL,NULL,NULL,NULL,NULL,Ocean Export,1,NULL,NULL,0,NULL,,NULL,NULL,NULL,NULL,1,0,,Sales & Marketing,NULL,NULL,NULL
1310,2024-12-13 00:00:00.000,INQ1019550,Mercury Cargo Thailand Co. LTD,NULL,None,None,NULL,By Email,NULL,Auto Generated,NULL,NULL,NULL,NULL,NULL,0,NULL,2024-12-13 08:07:41.740,NULL,0,NULL,NULL,NULL,NULL,NULL,NULL,NULL,NULL,Ocean Export,1,NULL,NULL,0,NULL,,NULL,NULL,NULL,NULL,1,0,,Sales & Marketing,NULL,NULL,NULL
1311,2024-12-13 00:00:00.000,INQ1019551,Omar Kaied,NULL,None,None,NULL,By Email,NULL,Auto Generated,NULL,NULL,NULL,NULL,NULL,0,NULL,2024-12-13 08:09:04.437,NULL,0,NULL,NULL,NULL,NULL,NULL,NULL,NULL,NULL,Ocean Export,1,NULL,NULL,0,NULL,,NULL,NULL,NULL,NULL,1,0,,Sales & Marketing,NULL,NULL,NULL
1312,2024-12-13 00:00:00.000,INQ1019552,Petro Cycle 7 L.L.C,NULL,None,None,NULL,By Email,NULL,Auto Generated,NULL,NULL,NULL,NULL,NULL,0,NULL,2024-12-13 08:09:35.577,NULL,0,NULL,NULL,NULL,NULL,NULL,NULL,NULL,NULL,Ocean Export,1,NULL,NULL,0,NULL,,NULL,NULL,NULL,NULL,1,0,,Sales & Marketing,NULL,NULL,NULL
1313,2024-12-13 00:00:00.000,INQ1019553,Glaube Logistics for Shipping,NULL,None,None,NULL,By Email,NULL,Auto Generated,NULL,NULL,NULL,NULL,NULL,0,NULL,2024-12-13 08:12:23.557,NULL,0,NULL,NULL,NULL,NULL,NULL,NULL,NULL,NULL,Ocean Export,1,NULL,NULL,0,NULL,,NULL,NULL,NULL,NULL,1,0,,Hamid Hussaini,NULL,NULL,NULL
1314,2024-12-13 00:00:00.000,INQ1019554,All Auto Salvage Inc,NULL,None,None,NULL,By Email,NULL,Auto Generated,NULL,NULL,NULL,NULL,NULL,0,NULL,2024-12-13 08:13:05.660,NULL,1,NULL,NULL,NULL,NULL,NULL,NULL,NULL,NULL,Ocean Export,1,NULL,NULL,0,NULL,,duplicate,NULL,NULL,NULL,1,0,,Sales & Marketing,NULL,NULL,NULL
1315,2024-12-13 00:00:00.000,INQ1019555,TECHBIZ COMPUTERS LIMITED,NULL,None,None,NULL,By Email,NULL,Auto Generated,NULL,NULL,NULL,NULL,NULL,0,NULL,2024-12-13 08:13:40.380,NULL,0,NULL,NULL,NULL,NULL,NULL,NULL,NULL,NULL,Ocean Export,1,NULL,NULL,0,NULL,,NULL,NULL,NULL,NULL,1,0,,Sales & Marketing,NULL,NULL,NULL
1316,2024-12-13 00:00:00.000,INQ1019556,Truck Recycling,NULL,None,None,NULL,By Email,NULL,Auto Generated,NULL,NULL,NULL,NULL,NULL,0,NULL,2024-12-13 08:14:00.007,NULL,1,NULL,NULL,NULL,NULL,NULL,NULL,NULL,NULL,Ocean Export,1,NULL,NULL,0,NULL,,duplicate,NULL,NULL,NULL,1,0,,Sales & Marketing,NULL,NULL,NULL
1317,2024-12-13 00:00:00.000,INQ1019557,Tarek A Attia,NULL,None,None,NULL,By Email,NULL,Auto Generated,NULL,NULL,NULL,NULL,NULL,0,NULL,2024-12-13 08:17:47.730,NULL,0,NULL,NULL,NULL,NULL,NULL,NULL,NULL,NULL,Ocean Export,1,NULL,NULL,0,NULL,,NULL,NULL,NULL,NULL,1,0,,Sales & Marketing,NULL,NULL,NULL
1319,2024-12-13 00:00:00.000,INQ1019559,M&M PRODUCTS COMPANY,NULL,None,None,NULL,By Email,NULL,Auto Generated,NULL,NULL,NULL,NULL,NULL,0,NULL,2024-12-13 08:24:41.483,NULL,0,NULL,NULL,NULL,NULL,NULL,NULL,NULL,NULL,Ocean Export,1,NULL,NULL,0,NULL,,NULL,NULL,NULL,NULL,1,0,,Sales & Marketing,NULL,NULL,NULL
1320,2024-12-13 00:00:00.000,INQ1019560,Hassan A Mashal,NULL,None,None,NULL,By Email,NULL,Auto Generated,NULL,NULL,NULL,NULL,NULL,0,NULL,2024-12-13 08:26:48.193,NULL,0,NULL,NULL,NULL,NULL,NULL,NULL,NULL,NULL,Ocean Export,1,NULL,NULL,0,NULL,,NULL,NULL,NULL,NULL,1,0,,Sales & Marketing,NULL,NULL,NULL
1321,2024-12-13 00:00:00.000,INQ1019561,Mr. Mohamed Edries,NULL,None,None,NULL,By Email,NULL,Auto Generated,NULL,NULL,NULL,NULL,NULL,0,NULL,2024-12-13 08:27:34.707,NULL,0,NULL,NULL,NULL,NULL,NULL,NULL,NULL,NULL,Ocean Export,1,NULL,NULL,0,NULL,,NULL,NULL,NULL,NULL,1,0,,Sales & Marketing,NULL,NULL,NULL
1322,2024-12-13 00:00:00.000,INQ1019562,VIctory International Trading LLC,NULL,None,None,NULL,By Email,NULL,Auto Generated,NULL,NULL,NULL,NULL,NULL,0,NULL,2024-12-13 08:28:16.320,NULL,1,NULL,NULL,NULL,NULL,NULL,NULL,NULL,NULL,Ocean Export,1,NULL,NULL,0,NULL,,duplicate,NULL,NULL,NULL,1,0,,Sales & Marketing,NULL,NULL,NULL
1323,2024-12-13 00:00:00.000,INQ1019563,K2 Resources SDN BHD,NULL,None,None,NULL,By Email,NULL,Auto Generated,NULL,NULL,NULL,NULL,NULL,0,NULL,2024-12-13 08:29:59.780,NULL,0,NULL,NULL,NULL,NULL,NULL,NULL,NULL,NULL,Ocean Export,1,NULL,NULL,0,NULL,,NULL,NULL,NULL,NULL,1,0,,Sales & Marketing,NULL,NULL,NULL
1324,2024-12-13 00:00:00.000,INQ1019564,"Cal Micro, Inc",NULL,None,None,NULL,By Email,NULL,Auto Generated,NULL,NULL,NULL,NULL,NULL,0,NULL,2024-12-13 08:34:31.373,NULL,0,NULL,NULL,NULL,NULL,NULL,NULL,NULL,NULL,Ocean Export,1,NULL,NULL,0,NULL,,NULL,NULL,NULL,NULL,1,0,,Sales & Marketing,NULL,NULL,NULL
1325,2024-12-13 00:00:00.000,INQ1019565,M/S MASESTRO TECHNOLOGY SARL,NULL,None,None,NULL,By Email,NULL,Auto Generated,NULL,NULL,NULL,NULL,NULL,0,NULL,2024-12-13 08:35:41.947,NULL,0,NULL,NULL,NULL,NULL,NULL,NULL,NULL,NULL,Ocean Export,1,NULL,NULL,0,NULL,,NULL,NULL,NULL,NULL,1,0,,Sales & Marketing,NULL,NULL,NULL
1326,2024-12-13 00:00:00.000,INQ1019566,Keith Karyem,NULL,None,None,NULL,By Email,NULL,Auto Generated,NULL,NULL,NULL,NULL,NULL,0,NULL,2024-12-13 08:37:29.107,NULL,0,NULL,NULL,NULL,NULL,NULL,NULL,NULL,NULL,Ocean Export,1,NULL,NULL,0,NULL,,NULL,NULL,NULL,NULL,1,0,,Sales & Marketing,NULL,NULL,NULL
1327,2024-12-13 00:00:00.000,INQ1019567,GLOBAL LOGISTICS GROUP,NULL,None,None,NULL,By Email,NULL,Auto Generated,NULL,NULL,NULL,NULL,NULL,0,NULL,2024-12-13 08:40:05.827,NULL,1,NULL,NULL,NULL,NULL,NULL,NULL,NULL,NULL,Ocean Export,1,NULL,NULL,0,NULL,,duplicate,NULL,NULL,NULL,1,0,,Sales & Marketing,NULL,NULL,NULL
1328,2024-12-13 00:00:00.000,INQ1019568,ABDUL RAHMAN ABOUHALAWA,NULL,None,None,NULL,By Email,NULL,Auto Generated,NULL,NULL,NULL,NULL,NULL,0,NULL,2024-12-13 09:13:39.847,NULL,1,NULL,NULL,NULL,NULL,NULL,NULL,NULL,NULL,Ocean Export,1,NULL,NULL,0,NULL,,duplicate,NULL,NULL,NULL,1,0,,Sales & Marketing,NULL,NULL,NULL
1329,2024-12-13 00:00:00.000,INQ1019569,ABDUL RAHMAN ABOUHALAWA,NULL,None,None,NULL,By Email,NULL,Auto Generated,NULL,NULL,NULL,NULL,NULL,0,NULL,2024-12-13 09:14:53.807,NULL,1,NULL,NULL,NULL,NULL,NULL,NULL,NULL,NULL,Ocean Export,1,NULL,NULL,0,NULL,,duplicate,NULL,NULL,NULL,1,0,,Sales & Marketing,NULL,NULL,NULL
1330,2024-12-13 00:00:00.000,INQ1019570,Adwaa Al-Khalil for Contracting Co.,NULL,None,None,NULL,By Email,NULL,Auto Generated,NULL,NULL,NULL,NULL,NULL,0,NULL,2024-12-13 09:17:52.080,NULL,0,NULL,NULL,NULL,NULL,NULL,NULL,NULL,NULL,Ocean Export,1,NULL,NULL,0,NULL,,NULL,NULL,NULL,NULL,1,0,,New Jersey (EWR),NULL,NULL,NULL
1331,2024-12-13 00:00:00.000,INQ1019571,AL NAEEM FOR IMPORT AND EXPORT,NULL,None,None,NULL,By Email,NULL,Auto Generated,NULL,NULL,NULL,NULL,NULL,0,NULL,2024-12-13 09:24:54.547,NULL,0,NULL,NULL,NULL,NULL,NULL,NULL,NULL,NULL,Ocean Export,1,NULL,NULL,0,NULL,,NULL,NULL,NULL,NULL,1,0,,Sales & Marketing,NULL,NULL,NULL
1332,2024-12-13 00:00:00.000,INQ1019572,Fast Shipping Industry INC,NULL,None,None,NULL,By Email,NULL,Auto Generated,NULL,NULL,NULL,NULL,NULL,0,NULL,2024-12-13 09:52:37.430,NULL,0,NULL,NULL,NULL,NULL,NULL,NULL,NULL,NULL,Ocean Export,1,NULL,NULL,0,NULL,,NULL,NULL,NULL,NULL,1,0,,New Jersey (EWR),NULL,NULL,NULL
1333,2024-12-13 00:00:00.000,INQ1019573,Fast Shipping Industry INC,NULL,None,None,NULL,By Email,NULL,Auto Generated,NULL,NULL,NULL,NULL,NULL,0,NULL,2024-12-13 09:57:44.740,NULL,0,NULL,NULL,NULL,NULL,NULL,NULL,NULL,NULL,Ocean Export,1,NULL,NULL,0,NULL,,NULL,NULL,NULL,NULL,1,0,,New Jersey (EWR),NULL,NULL,NULL
1334,2024-12-13 00:00:00.000,INQ1019574,"CENTRAL SILVER STEEL, LLC",NULL,None,None,NULL,By Email,NULL,Auto Generated,NULL,NULL,NULL,NULL,NULL,0,NULL,2024-12-13 10:24:01.867,NULL,0,NULL,NULL,NULL,NULL,NULL,NULL,NULL,NULL,Ocean Export,1,NULL,NULL,0,NULL,,NULL,NULL,NULL,NULL,1,0,,New Jersey (EWR),NULL,NULL,NULL
1335,2024-12-13 00:00:00.000,INQ1019575,D. Reinbacher Solution,NULL,None,None,NULL,By Email,NULL,Auto Generated,NULL,NULL,NULL,NULL,NULL,0,NULL,2024-12-13 11:37:49.673,NULL,0,NULL,NULL,NULL,NULL,NULL,NULL,NULL,NULL,Ocean Export,1,NULL,NULL,0,NULL,,NULL,NULL,NULL,NULL,1,0,,Inside Sales Group,NULL,NULL,NULL
1336,2024-12-13 00:00:00.000,INQ1019576,Demara Limited,NULL,None,None,NULL,By Email,NULL,Auto Generated,NULL,NULL,NULL,NULL,NULL,0,NULL,2024-12-13 11:41:47.863,NULL,0,NULL,NULL,NULL,NULL,NULL,NULL,NULL,NULL,Ocean Export,1,NULL,NULL,0,NULL,,NULL,NULL,NULL,NULL,1,0,,New Jersey (EWR),NULL,NULL,NULL
1337,2024-12-13 00:00:00.000,INQ1019577,Fast Shipping Industry INC,NULL,None,None,NULL,By Email,NULL,Auto Generated,NULL,NULL,NULL,NULL,NULL,0,NULL,2024-12-13 12:02:00.627,NULL,0,NULL,NULL,NULL,NULL,NULL,NULL,NULL,NULL,Ocean Export,1,NULL,NULL,0,NULL,,NULL,NULL,NULL,NULL,1,0,,New Jersey (EWR),NULL,NULL,NULL
1338,2024-12-13 00:00:00.000,INQ1019578,Fike Corporation,NULL,None,None,NULL,By Email,NULL,Auto Generated,NULL,NULL,NULL,NULL,NULL,0,NULL,2024-12-13 12:09:12.530,NULL,0,NULL,NULL,NULL,NULL,NULL,NULL,NULL,NULL,Ocean Export,1,NULL,NULL,0,NULL,,NULL,NULL,NULL,NULL,1,0,,New Jersey (EWR),NULL,NULL,NULL
1339,2024-12-13 00:00:00.000,INQ1019579,Gaier Commodities LLC,NULL,None,None,NULL,By Email,NULL,Auto Generated,NULL,NULL,NULL,NULL,NULL,0,NULL,2024-12-13 12:14:00.253,NULL,0,NULL,NULL,NULL,NULL,NULL,NULL,NULL,NULL,Ocean Export,1,NULL,NULL,0,NULL,,NULL,NULL,NULL,NULL,1,0,,New Jersey (EWR),NULL,NULL,NULL
1340,2024-12-13 00:00:00.000,INQ1019580,Galaxie Diner,NULL,None,None,NULL,By Email,NULL,Auto Generated,NULL,NULL,NULL,NULL,NULL,0,NULL,2024-12-13 12:15:58.213,NULL,0,NULL,NULL,NULL,NULL,NULL,NULL,NULL,NULL,Ocean Export,1,NULL,NULL,0,NULL,,NULL,NULL,NULL,NULL,1,0,,New Jersey (EWR),NULL,NULL,NULL
1341,2024-12-13 00:00:00.000,INQ1019581,Healthy N Fit,NULL,None,None,NULL,By Email,NULL,Auto Generated,NULL,NULL,NULL,NULL,NULL,0,NULL,2024-12-13 12:28:44.893,NULL,0,NULL,NULL,NULL,NULL,NULL,NULL,NULL,NULL,Ocean Export,1,NULL,NULL,0,NULL,,NULL,NULL,NULL,NULL,1,0,,Inside Sales Group,NULL,NULL,NULL
1342,2024-12-13 00:00:00.000,INQ1019582,Zurn Wilkins,NULL,None,None,NULL,By Email,NULL,Auto Generated,NULL,NULL,NULL,NULL,NULL,0,NULL,2024-12-13 13:02:12.380,NULL,0,NULL,NULL,NULL,NULL,NULL,NULL,NULL,NULL,Ocean Export,1,NULL,NULL,0,NULL,,NULL,NULL,NULL,NULL,1,0,,Sales & Marketing,NULL,NULL,NULL
1343,2024-12-13 00:00:00.000,INQ1019583,Zurn Wilkins,NULL,None,None,NULL,By Email,NULL,Auto Generated,NULL,NULL,NULL,NULL,NULL,0,NULL,2024-12-13 13:02:55.203,NULL,1,NULL,NULL,NULL,NULL,NULL,NULL,NULL,NULL,Ocean Export,1,NULL,NULL,0,NULL,,duplicate,NULL,NULL,NULL,1,0,,New Jersey (EWR),NULL,NULL,NULL
1344,2024-12-13 00:00:00.000,INQ1019585,ZEIST GLOBAL SERVICE,NULL,None,None,NULL,By Email,NULL,Auto Generated,NULL,NULL,NULL,NULL,NULL,0,NULL,2024-12-13 13:12:04.293,NULL,0,NULL,NULL,NULL,NULL,NULL,NULL,NULL,NULL,Ocean Export,1,NULL,NULL,0,NULL,,NULL,NULL,NULL,NULL,1,0,,Sales & Marketing,NULL,NULL,NULL
1345,2024-12-13 00:00:00.000,INQ1019586,ZEIST GLOBAL SERVICE,NULL,None,None,NULL,By Email,NULL,Auto Generated,NULL,NULL,NULL,NULL,NULL,0,NULL,2024-12-13 13:25:13.780,NULL,1,NULL,NULL,NULL,NULL,NULL,NULL,NULL,NULL,Ocean Export,1,NULL,NULL,0,NULL,,duplicate,NULL,NULL,NULL,1,0,,New Jersey (EWR),NULL,NULL,NULL
1346,2024-12-13 00:00:00.000,INQ1019587,GLOBAL LOGISTICS GROUP,NULL,None,None,NULL,By Email,NULL,Auto Generated,NULL,NULL,NULL,NULL,NULL,0,NULL,2024-12-13 13:26:39.110,NULL,0,NULL,NULL,NULL,NULL,NULL,NULL,NULL,NULL,Ocean Export,1,NULL,NULL,0,NULL,,NULL,NULL,NULL,NULL,1,0,,Sales & Marketing,NULL,NULL,NULL
1347,2024-12-13 00:00:00.000,INQ1019588,Mohammed Abdou,NULL,None,None,NULL,By Email,NULL,Auto Generated,NULL,NULL,NULL,NULL,NULL,0,NULL,2024-12-13 13:33:57.943,NULL,0,NULL,NULL,NULL,NULL,NULL,NULL,NULL,NULL,Ocean Export,1,NULL,NULL,0,NULL,,NULL,NULL,NULL,NULL,1,0,,Sales & Marketing,NULL,NULL,NULL
1348,2024-12-13 00:00:00.000,INQ1019589,LA MAISON FURNISHINGS,NULL,None,None,NULL,By Email,NULL,Auto Generated,NULL,NULL,NULL,NULL,NULL,0,NULL,2024-12-13 13:36:18.983,NULL,0,NULL,NULL,NULL,NULL,NULL,NULL,NULL,NULL,Ocean Export,1,NULL,NULL,0,NULL,,NULL,NULL,NULL,NULL,1,0,,New Jersey (EWR),NULL,NULL,NULL
1349,2024-12-13 00:00:00.000,INQ1019590,DEV INTERNATIONAL,NULL,None,None,NULL,By Email,NULL,Auto Generated,NULL,NULL,NULL,NULL,NULL,0,NULL,2024-12-13 13:37:48.343,NULL,0,NULL,NULL,NULL,NULL,NULL,NULL,NULL,NULL,Ocean Export,1,NULL,NULL,0,NULL,,NULL,NULL,NULL,NULL,1,0,,Sales & Marketing,NULL,NULL,NULL
1350,2024-12-13 00:00:00.000,INQ1019591,M&T International LLC,NULL,None,None,NULL,By Email,NULL,Auto Generated,NULL,NULL,NULL,NULL,NULL,0,NULL,2024-12-13 13:38:20.510,NULL,0,NULL,NULL,NULL,NULL,NULL,NULL,NULL,NULL,Ocean Export,1,NULL,NULL,0,NULL,,NULL,NULL,NULL,NULL,1,0,,New Jersey (EWR),NULL,NULL,NULL
1351,2024-12-13 00:00:00.000,INQ1019592,M&T International LLC,NULL,None,None,NULL,By Email,NULL,Auto Generated,NULL,NULL,NULL,NULL,NULL,0,NULL,2024-12-13 13:38:28.877,NULL,0,NULL,NULL,NULL,NULL,NULL,NULL,NULL,NULL,Ocean Export,1,NULL,NULL,0,NULL,,NULL,NULL,NULL,NULL,1,0,,New Jersey (EWR),NULL,NULL,NULL
1352,2024-12-13 00:00:00.000,INQ1019593,Mohamed Mourad,NULL,None,None,NULL,By Email,NULL,Auto Generated,NULL,NULL,NULL,NULL,NULL,0,NULL,2024-12-13 13:38:33.110,NULL,0,NULL,NULL,NULL,NULL,NULL,NULL,NULL,NULL,Ocean Export,1,NULL,NULL,0,NULL,,NULL,NULL,NULL,NULL,1,0,,Sales & Marketing,NULL,NULL,NULL
1353,2024-12-13 00:00:00.000,INQ1019594,M&T International LLC,NULL,None,None,NULL,By Email,NULL,Auto Generated,NULL,NULL,NULL,NULL,NULL,0,NULL,2024-12-13 13:38:38.097,NULL,0,NULL,NULL,NULL,NULL,NULL,NULL,NULL,NULL,Ocean Export,1,NULL,NULL,0,NULL,,NULL,NULL,NULL,NULL,1,0,,New Jersey (EWR),NULL,NULL,NULL
1354,2024-12-13 00:00:00.000,INQ1019595,M&T International LLC,NULL,None,None,NULL,By Email,NULL,Auto Generated,NULL,NULL,NULL,NULL,NULL,0,NULL,2024-12-13 13:38:40.630,NULL,0,NULL,NULL,NULL,NULL,NULL,NULL,NULL,NULL,Ocean Export,1,NULL,NULL,0,NULL,,NULL,NULL,NULL,NULL,1,0,,New Jersey (EWR),NULL,NULL,NULL
1355,2024-12-13 00:00:00.000,INQ1019596,M&T International LLC,NULL,None,None,NULL,By Email,NULL,Auto Generated,NULL,NULL,NULL,NULL,NULL,0,NULL,2024-12-13 13:38:44.257,NULL,0,NULL,NULL,NULL,NULL,NULL,NULL,NULL,NULL,Ocean Export,1,NULL,NULL,0,NULL,,NULL,NULL,NULL,NULL,1,0,,New Jersey (EWR),NULL,NULL,NULL
1356,2024-12-13 00:00:00.000,INQ1019597,M&T International LLC,NULL,None,None,NULL,By Email,NULL,Auto Generated,NULL,NULL,NULL,NULL,NULL,0,NULL,2024-12-13 13:39:56.573,NULL,0,NULL,NULL,NULL,NULL,NULL,NULL,NULL,NULL,Ocean Export,1,NULL,NULL,0,NULL,,NULL,NULL,NULL,NULL,1,0,,New Jersey (EWR),NULL,NULL,NULL
1357,2024-12-13 00:00:00.000,INQ1019598,M&T International LLC,NULL,None,None,NULL,By Email,NULL,Auto Generated,NULL,NULL,NULL,NULL,NULL,0,NULL,2024-12-13 13:40:01.603,NULL,0,NULL,NULL,NULL,NULL,NULL,NULL,NULL,NULL,Ocean Export,1,NULL,NULL,0,NULL,,NULL,NULL,NULL,NULL,1,0,,New Jersey (EWR),NULL,NULL,NULL
1358,2024-12-13 00:00:00.000,INQ1019599,M&T International LLC,NULL,None,None,NULL,By Email,NULL,Auto Generated,NULL,NULL,NULL,NULL,NULL,0,NULL,2024-12-13 13:40:02.267,NULL,0,NULL,NULL,NULL,NULL,NULL,NULL,NULL,NULL,Ocean Export,1,NULL,NULL,0,NULL,,NULL,NULL,NULL,NULL,1,0,,New Jersey (EWR),NULL,NULL,NULL
1359,2024-12-13 00:00:00.000,INQ1019600,"5R Processors, Ltd.",NULL,None,None,NULL,By Email,NULL,Auto Generated,NULL,NULL,NULL,NULL,NULL,0,NULL,2024-12-13 13:40:34.217,NULL,1,NULL,NULL,NULL,NULL,NULL,NULL,NULL,NULL,Ocean Export,1,NULL,NULL,0,NULL,,Duplicate,NULL,NULL,NULL,1,0,,Sales & Marketing,NULL,NULL,NULL
1360,2024-12-13 00:00:00.000,INQ1019601,A&K TRADE LTD,NULL,None,None,NULL,By Email,NULL,Auto Generated,NULL,NULL,NULL,NULL,NULL,0,NULL,2024-12-13 13:44:40.170,NULL,0,NULL,NULL,NULL,NULL,NULL,NULL,NULL,NULL,Ocean Export,1,NULL,NULL,0,NULL,,NULL,NULL,NULL,NULL,1,0,,Sales & Marketing,NULL,NULL,NULL
1361,2024-12-13 00:00:00.000,INQ1019602,Maybeach,NULL,None,None,NULL,By Email,NULL,Auto Generated,NULL,NULL,NULL,NULL,NULL,0,NULL,2024-12-13 13:53:24.570,NULL,0,NULL,NULL,NULL,NULL,NULL,NULL,NULL,NULL,Ocean Export,1,NULL,NULL,0,NULL,,NULL,NULL,NULL,NULL,1,0,,New Jersey (EWR),NULL,NULL,NULL
1362,2024-12-13 00:00:00.000,INQ1019603,ADANBRAH TRADING LLC.,NULL,None,None,NULL,By Email,NULL,Auto Generated,NULL,NULL,NULL,NULL,NULL,0,NULL,2024-12-13 13:54:08.857,NULL,0,NULL,NULL,NULL,NULL,NULL,NULL,NULL,NULL,Ocean Export,1,NULL,NULL,0,NULL,,NULL,NULL,NULL,NULL,1,0,,Sales & Marketing,NULL,NULL,NULL
1363,2024-12-13 00:00:00.000,INQ1019604,Mouhamadou Moustapha Thioune,NULL,None,None,NULL,By Email,NULL,Auto Generated,NULL,NULL,NULL,NULL,NULL,0,NULL,2024-12-13 14:01:51.667,NULL,0,NULL,NULL,NULL,NULL,NULL,NULL,NULL,NULL,Ocean Export,1,NULL,NULL,0,NULL,,NULL,NULL,NULL,NULL,1,0,,New Jersey (EWR),NULL,NULL,NULL
1364,2024-12-13 00:00:00.000,INQ1019605,Salat Mohamed,NULL,None,None,NULL,By Email,NULL,Auto Generated,NULL,NULL,NULL,NULL,NULL,0,NULL,2024-12-13 14:07:28.063,NULL,0,NULL,NULL,NULL,NULL,NULL,NULL,NULL,NULL,Ocean Export,1,NULL,NULL,0,NULL,,NULL,NULL,NULL,NULL,1,0,,New Jersey (EWR),NULL,NULL,NULL
1365,2024-12-13 00:00:00.000,INQ1019606,Tunbosun Haruna,NULL,None,None,NULL,By Email,NULL,Auto Generated,NULL,NULL,NULL,NULL,NULL,0,NULL,2024-12-13 14:12:22.460,NULL,0,NULL,NULL,NULL,NULL,NULL,NULL,NULL,NULL,Ocean Export,1,NULL,NULL,0,NULL,,NULL,NULL,NULL,NULL,1,0,,New Jersey (EWR),NULL,NULL,NULL
1366,2024-12-13 00:00:00.000,INQ1019607,UNITED EXPORTS INT INC,NULL,None,None,NULL,By Email,NULL,Auto Generated,NULL,NULL,NULL,NULL,NULL,0,NULL,2024-12-13 14:15:59.377,NULL,0,NULL,NULL,NULL,NULL,NULL,NULL,NULL,NULL,Ocean Export,1,NULL,NULL,0,NULL,,NULL,NULL,NULL,NULL,1,0,,Toronto,NULL,NULL,NULL
1368,2024-12-13 00:00:00.000,INQ1019609,ELHOUSSINE BERRADA,NULL,None,None,NULL,By Email,NULL,Auto Generated,NULL,NULL,NULL,NULL,NULL,0,NULL,2024-12-13 14:40:28.767,NULL,0,NULL,NULL,NULL,NULL,NULL,NULL,NULL,NULL,Ocean Export,1,NULL,NULL,0,NULL,,NULL,NULL,NULL,NULL,1,0,,New Jersey (EWR),NULL,NULL,NULL
1369,2024-12-13 00:00:00.000,INQ1019610,P P BAFNA VENTURES PVT LTD,NULL,None,None,NULL,By Email,NULL,Auto Generated,NULL,NULL,NULL,NULL,NULL,0,NULL,2024-12-13 14:43:48.280,NULL,0,NULL,NULL,NULL,NULL,NULL,NULL,NULL,NULL,Ocean Export,1,NULL,NULL,0,NULL,,NULL,NULL,NULL,NULL,1,0,,New Jersey (EWR),NULL,NULL,NULL
1370,2024-12-13 00:00:00.000,INQ1019611,XYST TECHNOLOGY INC.,NULL,None,None,NULL,By Email,NULL,Auto Generated,NULL,NULL,NULL,NULL,NULL,0,NULL,2024-12-13 14:47:47.980,NULL,0,NULL,NULL,NULL,NULL,NULL,NULL,NULL,NULL,Ocean Export,1,NULL,NULL,0,NULL,,NULL,NULL,NULL,NULL,1,0,,New Jersey (EWR),NULL,NULL,NULL
1371,2024-12-13 00:00:00.000,INQ1019612,Process plant and machinery limited,NULL,None,None,NULL,By Email,NULL,Auto Generated,NULL,NULL,NULL,NULL,NULL,0,NULL,2024-12-13 14:51:51.053,NULL,0,NULL,NULL,NULL,NULL,NULL,NULL,NULL,NULL,Ocean Export,1,NULL,NULL,0,NULL,,NULL,NULL,NULL,NULL,1,0,,New Jersey (EWR),NULL,NULL,NULL
1372,2024-12-13 00:00:00.000,INQ1019613,"Didonna High Tech, LLC",NULL,None,None,NULL,By Email,NULL,Auto Generated,NULL,NULL,NULL,NULL,NULL,0,NULL,2024-12-13 14:55:40.943,NULL,0,NULL,NULL,NULL,NULL,NULL,NULL,NULL,NULL,Ocean Export,1,NULL,NULL,0,NULL,,NULL,NULL,NULL,NULL,1,0,,New Jersey (EWR),NULL,NULL,NULL
1373,2024-12-13 00:00:00.000,INQ1019614,Arlington Press,NULL,None,None,NULL,By Email,NULL,Auto Generated,NULL,NULL,NULL,NULL,NULL,0,NULL,2024-12-13 15:03:16.407,NULL,0,NULL,NULL,NULL,NULL,NULL,NULL,NULL,NULL,Ocean Export,1,NULL,NULL,0,NULL,,NULL,NULL,NULL,NULL,1,0,,Sales & Marketing,NULL,NULL,NULL
1374,2024-12-13 00:00:00.000,INQ1019615,Welbilt Deutschland GmbH,NULL,None,None,NULL,By Email,NULL,Auto Generated,NULL,NULL,NULL,NULL,NULL,0,NULL,2024-12-13 15:11:00.790,NULL,0,NULL,NULL,NULL,NULL,NULL,NULL,NULL,NULL,Ocean Export,1,NULL,NULL,0,NULL,,NULL,NULL,NULL,NULL,1,0,,Inside Sales Group,NULL,NULL,NULL
1375,2024-12-13 00:00:00.000,INQ1019616,B2B Shipping Services,NULL,None,None,NULL,By Email,NULL,Auto Generated,NULL,NULL,NULL,NULL,NULL,0,NULL,2024-12-13 15:13:47.840,NULL,0,NULL,NULL,NULL,NULL,NULL,NULL,NULL,NULL,Ocean Export,1,NULL,NULL,0,NULL,,NULL,NULL,NULL,NULL,1,0,,Inside Sales Group,NULL,NULL,NULL
1376,2024-12-13 00:00:00.000,INQ1019617,GEHAD ADEL MOHAMAD ALI ELNAGAR,NULL,None,None,NULL,By Email,NULL,Auto Generated,NULL,NULL,NULL,NULL,NULL,0,NULL,2024-12-13 15:18:04.777,NULL,0,NULL,NULL,NULL,NULL,NULL,NULL,NULL,NULL,Ocean Export,1,NULL,NULL,0,NULL,,NULL,NULL,NULL,NULL,1,0,,Inside Sales Group,NULL,NULL,NULL
1377,2024-12-13 00:00:00.000,INQ1019618,GTI Management LLC,NULL,None,None,NULL,By Email,NULL,Auto Generated,NULL,NULL,NULL,NULL,NULL,0,NULL,2024-12-13 15:20:06.403,NULL,0,NULL,NULL,NULL,NULL,NULL,NULL,NULL,NULL,Ocean Export,1,NULL,NULL,0,NULL,,NULL,NULL,NULL,NULL,1,0,,Inside Sales Group,NULL,NULL,NULL
1378,2024-12-13 00:00:00.000,INQ1019619,GTI Management LLC,NULL,None,None,NULL,By Email,NULL,Auto Generated,NULL,NULL,NULL,NULL,NULL,0,NULL,2024-12-13 15:22:40.420,NULL,0,NULL,NULL,NULL,NULL,NULL,NULL,NULL,NULL,Ocean Export,1,NULL,NULL,0,NULL,,NULL,NULL,NULL,NULL,1,0,,Inside Sales Group,NULL,NULL,NULL
1379,2024-12-13 00:00:00.000,INQ1019620,Real Mining / VR Truck Trays,NULL,None,None,NULL,By Email,NULL,Auto Generated,NULL,NULL,NULL,NULL,NULL,0,NULL,2024-12-13 15:35:22.093,NULL,0,NULL,NULL,NULL,NULL,NULL,NULL,NULL,NULL,Ocean Export,1,NULL,NULL,0,NULL,,NULL,NULL,NULL,NULL,1,0,,Inside Sales Group,NULL,NULL,NULL
1380,2024-12-13 00:00:00.000,INQ1019621,ALAA ABDOU TAWFIK HAMOUDA  FARGHALY,NULL,None,None,NULL,By Email,NULL,Auto Generated,NULL,NULL,NULL,NULL,NULL,0,NULL,2024-12-13 16:36:55.267,NULL,0,NULL,NULL,NULL,NULL,NULL,NULL,NULL,NULL,Ocean Export,1,NULL,NULL,0,NULL,,NULL,NULL,NULL,NULL,1,0,,Inside Sales Group,NULL,NULL,NULL
1381,2024-12-13 00:00:00.000,INQ1019622,ALPS COMPUTER,NULL,None,None,NULL,By Email,NULL,Auto Generated,NULL,NULL,NULL,NULL,NULL,0,NULL,2024-12-13 16:54:02.890,NULL,0,NULL,NULL,NULL,NULL,NULL,NULL,NULL,NULL,Ocean Export,1,NULL,NULL,0,NULL,,NULL,NULL,NULL,NULL,1,0,,Inside Sales Group,NULL,NULL,NULL
1382,2024-12-13 00:00:00.000,INQ1019623,ALPS COMPUTER,NULL,None,None,NULL,By Email,NULL,Auto Generated,NULL,NULL,NULL,NULL,NULL,0,NULL,2024-12-13 16:54:21.790,NULL,0,NULL,NULL,NULL,NULL,NULL,NULL,NULL,NULL,Ocean Export,1,NULL,NULL,0,NULL,,NULL,NULL,NULL,NULL,1,0,,Inside Sales Group,NULL,NULL,NULL
1383,2024-12-13 00:00:00.000,INQ1019624,FTI Cargo Services,NULL,None,None,NULL,By Email,NULL,Auto Generated,NULL,NULL,NULL,NULL,NULL,0,NULL,2024-12-13 17:09:16.033,NULL,0,NULL,NULL,NULL,NULL,NULL,NULL,NULL,NULL,Ocean Export,1,NULL,NULL,0,NULL,,NULL,NULL,NULL,NULL,1,0,,Sales & Marketing,NULL,NULL,NULL
1384,2024-12-13 00:00:00.000,INQ1019625,Globe Logistics Services Ltd,NULL,None,None,NULL,By Email,NULL,Auto Generated,NULL,NULL,NULL,NULL,NULL,0,NULL,2024-12-13 17:12:26.353,NULL,0,NULL,NULL,NULL,NULL,NULL,NULL,NULL,NULL,Ocean Export,1,NULL,NULL,0,NULL,,NULL,NULL,NULL,NULL,1,0,,MUMBAI (MUM),NULL,NULL,NULL
1385,2024-12-13 00:00:00.000,INQ1019626,ALPS COMPUTER,NULL,None,None,NULL,By Email,NULL,Auto Generated,NULL,NULL,NULL,NULL,NULL,0,NULL,2024-12-13 17:14:10.337,NULL,0,NULL,NULL,NULL,NULL,NULL,NULL,NULL,NULL,Ocean Export,1,NULL,NULL,0,NULL,,NULL,NULL,NULL,NULL,1,0,,Inside Sales Group,NULL,NULL,NULL
1386,2024-12-13 00:00:00.000,INQ1019627,Time Logistic Services Ltd.,NULL,None,None,NULL,By Email,NULL,Auto Generated,NULL,NULL,NULL,NULL,NULL,0,NULL,2024-12-13 17:16:01.533,NULL,0,NULL,NULL,NULL,NULL,NULL,NULL,NULL,NULL,Ocean Export,1,NULL,NULL,0,NULL,,NULL,NULL,NULL,NULL,1,0,,Sales & Marketing,NULL,NULL,NULL
1387,2024-12-13 00:00:00.000,INQ1019628,YSR Logistics Ltd,NULL,None,None,NULL,By Email,NULL,Auto Generated,NULL,NULL,NULL,NULL,NULL,0,NULL,2024-12-13 17:18:12.993,NULL,0,NULL,NULL,NULL,NULL,NULL,NULL,NULL,NULL,Ocean Export,1,NULL,NULL,0,NULL,,NULL,NULL,NULL,NULL,1,0,,Sales & Marketing,NULL,NULL,NULL
1388,2024-12-13 00:00:00.000,INQ1019629,Affirm Business Solutions,NULL,None,None,NULL,By Email,NULL,Auto Generated,NULL,NULL,NULL,NULL,NULL,0,NULL,2024-12-13 17:20:03.327,NULL,0,NULL,NULL,NULL,NULL,NULL,NULL,NULL,NULL,Ocean Export,1,NULL,NULL,0,NULL,,NULL,NULL,NULL,NULL,1,0,,Sales & Marketing,NULL,NULL,NULL
1389,2024-12-13 00:00:00.000,INQ1019630,ALWALI AUTOS EXPORT,NULL,None,None,NULL,By Email,NULL,Auto Generated,NULL,NULL,NULL,NULL,NULL,0,NULL,2024-12-13 17:24:43.527,NULL,1,NULL,NULL,NULL,NULL,NULL,NULL,NULL,NULL,Ocean Export,1,NULL,NULL,0,NULL,,duplicate,NULL,NULL,NULL,1,0,,Sales & Marketing,NULL,NULL,NULL
1390,2024-12-13 00:00:00.000,INQ1019631,ALWALI AUTOS EXPORT,NULL,None,None,NULL,By Email,NULL,Auto Generated,NULL,NULL,NULL,NULL,NULL,0,NULL,2024-12-13 17:25:56.860,NULL,0,NULL,NULL,NULL,NULL,NULL,NULL,NULL,NULL,Ocean Export,1,NULL,NULL,0,NULL,,NULL,NULL,NULL,NULL,1,0,,Sales & Marketing,NULL,NULL,NULL
1391,2024-12-13 00:00:00.000,INQ1019632,AMAZON COMPUTER TECHNOLOGY,NULL,None,None,NULL,By Email,NULL,Auto Generated,NULL,NULL,NULL,NULL,NULL,0,NULL,2024-12-13 17:26:34.927,NULL,0,NULL,NULL,NULL,NULL,NULL,NULL,NULL,NULL,Ocean Export,1,NULL,NULL,0,NULL,,NULL,NULL,NULL,NULL,1,0,,Sales & Marketing,NULL,NULL,NULL
1392,2024-12-13 00:00:00.000,INQ1019633,ALSARRAJ TEXTILE CORP,NULL,None,None,NULL,By Email,NULL,Auto Generated,NULL,NULL,NULL,NULL,NULL,0,NULL,2024-12-13 17:26:49.403,NULL,0,NULL,NULL,NULL,NULL,NULL,NULL,NULL,NULL,Ocean Export,1,NULL,NULL,0,NULL,,NULL,NULL,NULL,NULL,1,0,,Inside Sales Group,NULL,NULL,NULL
1393,2024-12-13 00:00:00.000,INQ1019634,Apollon  Computers,NULL,None,None,NULL,By Email,NULL,Auto Generated,NULL,NULL,NULL,NULL,NULL,0,NULL,2024-12-13 17:28:48.130,NULL,0,NULL,NULL,NULL,NULL,NULL,NULL,NULL,NULL,Ocean Export,1,NULL,NULL,0,NULL,,NULL,NULL,NULL,NULL,1,0,,Sales & Marketing,NULL,NULL,NULL
1394,2024-12-13 00:00:00.000,INQ1019635,ALSARRAJ TEXTILE CORP,NULL,None,None,NULL,By Email,NULL,Auto Generated,NULL,NULL,NULL,NULL,NULL,0,NULL,2024-12-13 17:33:35.317,NULL,0,NULL,NULL,NULL,NULL,NULL,NULL,NULL,NULL,Ocean Export,1,NULL,NULL,0,NULL,,NULL,NULL,NULL,NULL,1,0,,Inside Sales Group,NULL,NULL,NULL
1395,2024-12-13 00:00:00.000,INQ1019636,BLUE CONTAINERS INT. SHIPPING CO,NULL,None,None,NULL,By Email,NULL,Auto Generated,NULL,NULL,NULL,NULL,NULL,0,NULL,2024-12-13 17:35:06.313,NULL,0,NULL,NULL,NULL,NULL,NULL,NULL,NULL,NULL,Ocean Export,1,NULL,NULL,0,NULL,,NULL,NULL,NULL,NULL,1,0,,Sales & Marketing,NULL,NULL,NULL
1396,2024-12-13 00:00:00.000,INQ1019637,Broadwing company,NULL,None,None,NULL,By Email,NULL,Auto Generated,NULL,NULL,NULL,NULL,NULL,0,NULL,2024-12-13 17:35:40.030,NULL,0,NULL,NULL,NULL,NULL,NULL,NULL,NULL,NULL,Ocean Export,1,NULL,NULL,0,NULL,,NULL,NULL,NULL,NULL,1,0,,Sales & Marketing,NULL,NULL,NULL
1397,2024-12-13 00:00:00.000,INQ1019638,C-Tech,NULL,None,None,NULL,By Email,NULL,Auto Generated,NULL,NULL,NULL,NULL,NULL,0,NULL,2024-12-13 17:37:48.503,NULL,0,NULL,NULL,NULL,NULL,NULL,NULL,NULL,NULL,Ocean Export,1,NULL,NULL,0,NULL,,NULL,NULL,NULL,NULL,1,0,,Sales & Marketing,NULL,NULL,NULL
1398,2024-12-13 00:00:00.000,INQ1019639,Ammar Machinery Concept S.L.U.,NULL,None,None,NULL,By Email,NULL,Auto Generated,NULL,NULL,NULL,NULL,NULL,0,NULL,2024-12-13 17:38:25.277,NULL,0,NULL,NULL,NULL,NULL,NULL,NULL,NULL,NULL,Ocean Export,1,NULL,NULL,0,NULL,,NULL,NULL,NULL,NULL,1,0,,Hamid Hussaini,NULL,NULL,NULL
1399,2024-12-13 00:00:00.000,INQ1019640,"C-TECHNOLOGY SYSTEMS,INC.",NULL,None,None,NULL,By Email,NULL,Auto Generated,NULL,NULL,NULL,NULL,NULL,0,NULL,2024-12-13 17:39:06.700,NULL,0,NULL,NULL,NULL,NULL,NULL,NULL,NULL,NULL,Ocean Export,1,NULL,NULL,0,NULL,,NULL,NULL,NULL,NULL,1,0,,Sales & Marketing,NULL,NULL,NULL
1400,2024-12-13 00:00:00.000,INQ1019641,Christopher Yego,NULL,None,None,NULL,By Email,NULL,Auto Generated,NULL,NULL,NULL,NULL,NULL,0,NULL,2024-12-13 17:40:09.787,NULL,0,NULL,NULL,NULL,NULL,NULL,NULL,NULL,NULL,Ocean Export,1,NULL,NULL,0,NULL,,NULL,NULL,NULL,NULL,1,0,,Sales & Marketing,NULL,NULL,NULL
1401,2024-12-13 00:00:00.000,INQ1019642,DRICI PROPERTIES INC.,NULL,None,None,NULL,By Email,NULL,Auto Generated,NULL,NULL,NULL,NULL,NULL,0,NULL,2024-12-13 17:41:14.513,NULL,0,NULL,NULL,NULL,NULL,NULL,NULL,NULL,NULL,Ocean Export,1,NULL,NULL,0,NULL,,NULL,NULL,NULL,NULL,1,0,,Sales & Marketing,NULL,NULL,NULL
1402,2024-12-13 00:00:00.000,INQ1019643,Eagle Logistics LLC.,NULL,None,None,NULL,By Email,NULL,Auto Generated,NULL,NULL,NULL,NULL,NULL,0,NULL,2024-12-13 17:41:34.820,NULL,0,NULL,NULL,NULL,NULL,NULL,NULL,NULL,NULL,Ocean Export,1,NULL,NULL,0,NULL,,NULL,NULL,NULL,NULL,1,0,,Sales & Marketing,NULL,NULL,NULL
1403,2024-12-13 00:00:00.000,INQ1019644,FAITH CORPORATION PTE LTD,NULL,None,None,NULL,By Email,NULL,Auto Generated,NULL,NULL,NULL,NULL,NULL,0,NULL,2024-12-13 17:43:26.247,NULL,0,NULL,NULL,NULL,NULL,NULL,NULL,NULL,NULL,Ocean Export,1,NULL,NULL,0,NULL,,NULL,NULL,NULL,NULL,1,0,,Sales & Marketing,NULL,NULL,NULL
1404,2024-12-13 00:00:00.000,INQ1019645,FERDOUS ORIENTAL INC,NULL,None,None,NULL,By Email,NULL,Auto Generated,NULL,NULL,NULL,NULL,NULL,0,NULL,2024-12-13 17:44:49.503,NULL,0,NULL,NULL,NULL,NULL,NULL,NULL,NULL,NULL,Ocean Export,1,NULL,NULL,0,NULL,,NULL,NULL,NULL,NULL,1,0,,Sales & Marketing,NULL,NULL,NULL
1405,2024-12-13 00:00:00.000,INQ1019646,House Party Computer,NULL,None,None,NULL,By Email,NULL,Auto Generated,NULL,NULL,NULL,NULL,NULL,0,NULL,2024-12-13 17:46:34.100,NULL,0,NULL,NULL,NULL,NULL,NULL,NULL,NULL,NULL,Ocean Export,1,NULL,NULL,0,NULL,,NULL,NULL,NULL,NULL,1,0,,Sales & Marketing,NULL,NULL,NULL
1406,2024-12-13 00:00:00.000,INQ1019647,Ibrahim elsadig,NULL,None,None,NULL,By Email,NULL,Auto Generated,NULL,NULL,NULL,NULL,NULL,0,NULL,2024-12-13 17:46:58.753,NULL,0,NULL,NULL,NULL,NULL,NULL,NULL,NULL,NULL,Ocean Export,1,NULL,NULL,0,NULL,,NULL,NULL,NULL,NULL,1,0,,Sales & Marketing,NULL,NULL,NULL
1407,2024-12-13 00:00:00.000,INQ1019648,Baha Zhuman,NULL,None,None,NULL,By Email,NULL,Auto Generated,NULL,NULL,NULL,NULL,NULL,0,NULL,2024-12-13 17:47:10.890,NULL,0,NULL,NULL,NULL,NULL,NULL,NULL,NULL,NULL,Ocean Export,1,NULL,NULL,0,NULL,,NULL,NULL,NULL,NULL,1,0,,Inside Sales Group,NULL,NULL,NULL
1408,2024-12-13 00:00:00.000,INQ1019649,Impact Commission International LLC,NULL,None,None,NULL,By Email,NULL,Auto Generated,NULL,NULL,NULL,NULL,NULL,0,NULL,2024-12-13 17:48:32.000,NULL,0,NULL,NULL,NULL,NULL,NULL,NULL,NULL,NULL,Ocean Export,1,NULL,NULL,0,NULL,,NULL,NULL,NULL,NULL,1,0,,Sales & Marketing,NULL,NULL,NULL
1409,2024-12-13 00:00:00.000,INQ1019650,JSH HEAVY EQUIPMENT LLC,NULL,None,None,NULL,By Email,NULL,Auto Generated,NULL,NULL,NULL,NULL,NULL,0,NULL,2024-12-13 17:53:17.923,NULL,0,NULL,NULL,NULL,NULL,NULL,NULL,NULL,NULL,Ocean Export,1,NULL,NULL,0,NULL,,NULL,NULL,NULL,NULL,1,0,,Sales & Marketing,NULL,NULL,NULL
1410,2024-12-13 00:00:00.000,INQ1019651,Lanka Shipping & Logisitics,NULL,None,None,NULL,By Email,NULL,Auto Generated,NULL,NULL,NULL,NULL,NULL,0,NULL,2024-12-13 17:54:41.553,NULL,0,NULL,NULL,NULL,NULL,NULL,NULL,NULL,NULL,Ocean Export,1,NULL,NULL,0,NULL,,NULL,NULL,NULL,NULL,1,0,,Sales & Marketing,NULL,NULL,NULL
1411,2024-12-13 00:00:00.000,INQ1019652,Max Touch Computers LLC.,NULL,None,None,NULL,By Email,NULL,Auto Generated,NULL,NULL,NULL,NULL,NULL,0,NULL,2024-12-13 17:56:32.823,NULL,0,NULL,NULL,NULL,NULL,NULL,NULL,NULL,NULL,Ocean Export,1,NULL,NULL,0,NULL,,NULL,NULL,NULL,NULL,1,0,,Sales & Marketing,NULL,NULL,NULL
1412,2024-12-13 00:00:00.000,INQ1019653,MICHAEL KIPKEBUT,NULL,None,None,NULL,By Email,NULL,Auto Generated,NULL,NULL,NULL,NULL,NULL,0,NULL,2024-12-13 17:58:10.130,NULL,0,NULL,NULL,NULL,NULL,NULL,NULL,NULL,NULL,Ocean Export,1,NULL,NULL,0,NULL,,NULL,NULL,NULL,NULL,1,0,,Sales & Marketing,NULL,NULL,NULL
1413,2024-12-13 00:00:00.000,INQ1019654,MICROTECH,NULL,None,None,NULL,By Email,NULL,Auto Generated,NULL,NULL,NULL,NULL,NULL,0,NULL,2024-12-13 18:01:47.180,NULL,0,NULL,NULL,NULL,NULL,NULL,NULL,NULL,NULL,Ocean Export,1,NULL,NULL,0,NULL,,NULL,NULL,NULL,NULL,1,0,,Sales & Marketing,NULL,NULL,NULL
1414,2024-12-13 00:00:00.000,INQ1019655,"MITTELSTAEDT, GALAVIZ AND MYLIN",NULL,None,None,NULL,By Email,NULL,Auto Generated,NULL,NULL,NULL,NULL,NULL,0,NULL,2024-12-13 18:03:48.630,NULL,0,NULL,NULL,NULL,NULL,NULL,NULL,NULL,NULL,Ocean Export,1,NULL,NULL,0,NULL,,NULL,NULL,NULL,NULL,1,0,,Sales & Marketing,NULL,NULL,NULL
1415,2024-12-13 00:00:00.000,INQ1019656,MOHAMED MARAWAN,NULL,None,None,NULL,By Email,NULL,Auto Generated,NULL,NULL,NULL,NULL,NULL,0,NULL,2024-12-13 18:04:14.727,NULL,0,NULL,NULL,NULL,NULL,NULL,NULL,NULL,NULL,Ocean Export,1,NULL,NULL,0,NULL,,NULL,NULL,NULL,NULL,1,0,,Sales & Marketing,NULL,NULL,NULL
1416,2024-12-13 00:00:00.000,INQ1019657,MOHAMMED ZAKI,NULL,None,None,NULL,By Email,NULL,Auto Generated,NULL,NULL,NULL,NULL,NULL,0,NULL,2024-12-13 18:05:27.367,NULL,0,NULL,NULL,NULL,NULL,NULL,NULL,NULL,NULL,Ocean Export,1,NULL,NULL,0,NULL,,NULL,NULL,NULL,NULL,1,0,,Sales & Marketing,NULL,NULL,NULL
1417,2024-12-13 00:00:00.000,INQ1019658,NADEEM TRADERS,NULL,None,None,NULL,By Email,NULL,Auto Generated,NULL,NULL,NULL,NULL,NULL,0,NULL,2024-12-13 18:10:17.840,NULL,0,NULL,NULL,NULL,NULL,NULL,NULL,NULL,NULL,Ocean Export,1,NULL,NULL,0,NULL,,NULL,NULL,NULL,NULL,1,0,,Sales & Marketing,NULL,NULL,NULL
1418,2024-12-13 00:00:00.000,INQ1019659,NADEEM,NULL,None,None,NULL,By Email,NULL,Auto Generated,NULL,NULL,NULL,NULL,NULL,0,NULL,2024-12-13 18:14:02.833,NULL,0,NULL,NULL,NULL,NULL,NULL,NULL,NULL,NULL,Ocean Export,1,NULL,NULL,0,NULL,,NULL,NULL,NULL,NULL,1,0,,Sales & Marketing,NULL,NULL,NULL
1419,2024-12-13 00:00:00.000,INQ1019660,PAXOVISION INC,NULL,None,None,NULL,By Email,NULL,Auto Generated,NULL,NULL,NULL,NULL,NULL,0,NULL,2024-12-13 18:15:01.247,NULL,0,NULL,NULL,NULL,NULL,NULL,NULL,NULL,NULL,Ocean Export,1,NULL,NULL,0,NULL,,NULL,NULL,NULL,NULL,1,0,,Sales & Marketing,NULL,NULL,NULL
1420,2024-12-13 00:00:00.000,INQ1019661,Princephil Trading and computer services,NULL,None,None,NULL,By Email,NULL,Auto Generated,NULL,NULL,NULL,NULL,NULL,0,NULL,2024-12-13 18:15:22.347,NULL,0,NULL,NULL,NULL,NULL,NULL,NULL,NULL,NULL,Ocean Export,1,NULL,NULL,0,NULL,,NULL,NULL,NULL,NULL,1,0,,Sales & Marketing,NULL,NULL,NULL
1421,2024-12-13 00:00:00.000,INQ1019662,Quantum Servicing Corporation,NULL,None,None,NULL,By Email,NULL,Auto Generated,NULL,NULL,NULL,NULL,NULL,0,NULL,2024-12-13 18:16:48.690,NULL,0,NULL,NULL,NULL,NULL,NULL,NULL,NULL,NULL,Ocean Export,1,NULL,NULL,0,NULL,,NULL,NULL,NULL,NULL,1,0,,Sales & Marketing,NULL,NULL,NULL
1422,2024-12-13 00:00:00.000,INQ1019663,RGB Distribution,NULL,None,None,NULL,By Email,NULL,Auto Generated,NULL,NULL,NULL,NULL,NULL,0,NULL,2024-12-13 18:18:11.290,NULL,0,NULL,NULL,NULL,NULL,NULL,NULL,NULL,NULL,Ocean Export,1,NULL,NULL,0,NULL,,NULL,NULL,NULL,NULL,1,0,,Sales & Marketing,NULL,NULL,NULL
1423,2024-12-13 00:00:00.000,INQ1019664,S. Zaman & Company,NULL,None,None,NULL,By Email,NULL,Auto Generated,NULL,NULL,NULL,NULL,NULL,0,NULL,2024-12-13 18:19:13.037,NULL,0,NULL,NULL,NULL,NULL,NULL,NULL,NULL,NULL,Ocean Export,1,NULL,NULL,0,NULL,,NULL,NULL,NULL,NULL,1,0,,Sales & Marketing,NULL,NULL,NULL
1424,2024-12-13 00:00:00.000,INQ1019665,Saltech,NULL,None,None,NULL,By Email,NULL,Auto Generated,NULL,NULL,NULL,NULL,NULL,0,NULL,2024-12-13 18:19:56.937,NULL,0,NULL,NULL,NULL,NULL,NULL,NULL,NULL,NULL,Ocean Export,1,NULL,NULL,0,NULL,,NULL,NULL,NULL,NULL,1,0,,Sales & Marketing,NULL,NULL,NULL
1425,2024-12-13 00:00:00.000,INQ1019666,Shan traders,NULL,None,None,NULL,By Email,NULL,Auto Generated,NULL,NULL,NULL,NULL,NULL,0,NULL,2024-12-13 18:20:23.510,NULL,0,NULL,NULL,NULL,NULL,NULL,NULL,NULL,NULL,Ocean Export,1,NULL,NULL,0,NULL,,NULL,NULL,NULL,NULL,1,0,,Sales & Marketing,NULL,NULL,NULL
1426,2024-12-13 00:00:00.000,INQ1019667,SHERIF ABDEL WAHED,NULL,None,None,NULL,By Email,NULL,Auto Generated,NULL,NULL,NULL,NULL,NULL,0,NULL,2024-12-13 18:22:00.337,NULL,0,NULL,NULL,NULL,NULL,NULL,NULL,NULL,NULL,Ocean Export,1,NULL,NULL,0,NULL,,NULL,NULL,NULL,NULL,1,0,,Sales & Marketing,NULL,NULL,NULL
1427,2024-12-13 00:00:00.000,INQ1019668,Sm Papers,NULL,None,None,NULL,By Email,NULL,Auto Generated,NULL,NULL,NULL,NULL,NULL,0,NULL,2024-12-13 18:26:29.587,NULL,0,NULL,NULL,NULL,NULL,NULL,NULL,NULL,NULL,Ocean Export,1,NULL,NULL,0,NULL,,NULL,NULL,NULL,NULL,1,0,,Sales & Marketing,NULL,NULL,NULL
1428,2024-12-13 00:00:00.000,INQ1019669,Tariq Ismail,NULL,None,None,NULL,By Email,NULL,Auto Generated,NULL,NULL,NULL,NULL,NULL,0,NULL,2024-12-13 18:28:28.060,NULL,0,NULL,NULL,NULL,NULL,NULL,NULL,NULL,NULL,Ocean Export,1,NULL,NULL,0,NULL,,NULL,NULL,NULL,NULL,1,0,,Sales & Marketing,NULL,NULL,NULL
1429,2024-12-13 00:00:00.000,INQ1019670,Tariq Mahmood,NULL,None,None,NULL,By Email,NULL,Auto Generated,NULL,NULL,NULL,NULL,NULL,0,NULL,2024-12-13 18:29:42.903,NULL,0,NULL,NULL,NULL,NULL,NULL,NULL,NULL,NULL,Ocean Export,1,NULL,NULL,0,NULL,,NULL,NULL,NULL,NULL,1,0,,Sales & Marketing,NULL,NULL,NULL
1430,2024-12-13 00:00:00.000,INQ1019671,Yankee Exports,NULL,None,None,NULL,By Email,NULL,Auto Generated,NULL,NULL,NULL,NULL,NULL,0,NULL,2024-12-13 18:30:48.313,NULL,0,NULL,NULL,NULL,NULL,NULL,NULL,NULL,NULL,Ocean Export,1,NULL,NULL,0,NULL,,NULL,NULL,NULL,NULL,1,0,,Sales & Marketing,NULL,NULL,NULL
1431,2024-12-13 00:00:00.000,INQ1019672,Z Micro,NULL,None,None,NULL,By Email,NULL,Auto Generated,NULL,NULL,NULL,NULL,NULL,0,NULL,2024-12-13 18:31:09.527,NULL,1,NULL,NULL,NULL,NULL,NULL,NULL,NULL,NULL,Ocean Export,1,NULL,NULL,0,NULL,,duplicate,NULL,NULL,NULL,1,0,,Sales & Marketing,NULL,NULL,NULL
1432,2024-12-13 00:00:00.000,INQ1019673,INFOTHEEK GROEP B.V.,NULL,None,None,NULL,By Email,NULL,Auto Generated,NULL,NULL,NULL,NULL,NULL,0,NULL,2024-12-13 18:32:44.330,NULL,0,NULL,NULL,NULL,NULL,NULL,NULL,NULL,NULL,Ocean Export,1,NULL,NULL,0,NULL,,NULL,NULL,NULL,NULL,1,0,,Sales & Marketing,NULL,NULL,NULL
1433,2024-12-13 00:00:00.000,INQ1019674,QUALITY  DISCOUNT TURBOCHARGES,NULL,None,None,NULL,By Email,NULL,Auto Generated,NULL,NULL,NULL,NULL,NULL,0,NULL,2024-12-13 18:34:00.337,NULL,0,NULL,NULL,NULL,NULL,NULL,NULL,NULL,NULL,Ocean Export,1,NULL,NULL,0,NULL,,NULL,NULL,NULL,NULL,1,0,,Sales & Marketing,NULL,NULL,NULL
1434,2024-12-13 00:00:00.000,INQ1019675,Aga Tex Ltd,NULL,None,None,NULL,By Email,NULL,Auto Generated,NULL,NULL,NULL,NULL,NULL,0,NULL,2024-12-13 18:35:23.187,NULL,0,NULL,NULL,NULL,NULL,NULL,NULL,NULL,NULL,Ocean Export,1,NULL,NULL,0,NULL,,NULL,NULL,NULL,NULL,1,0,,Sales & Marketing,NULL,NULL,NULL
1435,2024-12-13 00:00:00.000,INQ1019676,BADAR GROUP LLC,NULL,None,None,NULL,By Email,NULL,Auto Generated,NULL,NULL,NULL,NULL,NULL,0,NULL,2024-12-13 18:35:48.333,NULL,0,NULL,NULL,NULL,NULL,NULL,NULL,NULL,NULL,Ocean Export,1,NULL,NULL,0,NULL,,NULL,NULL,NULL,NULL,1,0,,Sales & Marketing,NULL,NULL,NULL
1436,2024-12-13 00:00:00.000,INQ1019677,NDC EXPORTS,NULL,None,None,NULL,By Email,NULL,Auto Generated,NULL,NULL,NULL,NULL,NULL,0,NULL,2024-12-13 18:39:40.810,NULL,0,NULL,NULL,NULL,NULL,NULL,NULL,NULL,NULL,Ocean Export,1,NULL,NULL,0,NULL,,NULL,NULL,NULL,NULL,1,0,,Sales & Marketing,NULL,NULL,NULL
1437,2024-12-13 00:00:00.000,INQ1019678,MOCTAR WALED MKHAITRATT,NULL,None,None,NULL,By Email,NULL,Auto Generated,NULL,NULL,NULL,NULL,NULL,0,NULL,2024-12-13 18:41:29.200,NULL,0,NULL,NULL,NULL,NULL,NULL,NULL,NULL,NULL,Ocean Export,1,NULL,NULL,0,NULL,,NULL,NULL,NULL,NULL,1,0,,Sales & Marketing,NULL,NULL,NULL
1438,2024-12-13 00:00:00.000,INQ1019679,HATCH & KIRK INC.,NULL,None,None,NULL,By Email,NULL,Auto Generated,NULL,NULL,NULL,NULL,NULL,0,NULL,2024-12-13 18:42:48.380,NULL,0,NULL,NULL,NULL,NULL,NULL,NULL,NULL,NULL,Ocean Export,1,NULL,NULL,0,NULL,,NULL,NULL,NULL,NULL,1,0,,Sales & Marketing,NULL,NULL,NULL
1439,2024-12-13 00:00:00.000,INQ1019680,Frontier auto sales,NULL,None,None,NULL,By Email,NULL,Auto Generated,NULL,NULL,NULL,NULL,NULL,0,NULL,2024-12-13 18:44:12.170,NULL,0,NULL,NULL,NULL,NULL,NULL,NULL,NULL,NULL,Ocean Export,1,NULL,NULL,0,NULL,,NULL,NULL,NULL,NULL,1,0,,Sales & Marketing,NULL,NULL,NULL
1440,2024-12-13 00:00:00.000,INQ1019681,M&M wireless Inc.,NULL,None,None,NULL,By Email,NULL,Auto Generated,NULL,NULL,NULL,NULL,NULL,0,NULL,2024-12-13 18:45:27.060,NULL,1,NULL,NULL,NULL,NULL,NULL,NULL,NULL,NULL,Ocean Export,1,NULL,NULL,0,NULL,,duplicate,NULL,NULL,NULL,1,0,,Sales & Marketing,NULL,NULL,NULL
1441,2024-12-13 00:00:00.000,INQ1019682,"MCC Trading, Inc",NULL,None,None,NULL,By Email,NULL,Auto Generated,NULL,NULL,NULL,NULL,NULL,0,NULL,2024-12-13 18:46:30.717,NULL,0,NULL,NULL,NULL,NULL,NULL,NULL,NULL,NULL,Ocean Export,1,NULL,NULL,0,NULL,,NULL,NULL,NULL,NULL,1,0,,Sales & Marketing,NULL,NULL,NULL
1442,2024-12-13 00:00:00.000,INQ1019683,RAYMOND CORPORATION,NULL,None,None,NULL,By Email,NULL,Auto Generated,NULL,NULL,NULL,NULL,NULL,0,NULL,2024-12-13 18:49:43.770,NULL,1,NULL,NULL,NULL,NULL,NULL,NULL,NULL,NULL,Ocean Export,1,NULL,NULL,0,NULL,,duplicate,NULL,NULL,NULL,1,0,,Sales & Marketing,NULL,NULL,NULL
1443,2024-12-13 00:00:00.000,INQ1019684,JBT AeroTech,NULL,None,None,NULL,By Email,NULL,Auto Generated,NULL,NULL,NULL,NULL,NULL,0,NULL,2024-12-13 18:50:03.147,NULL,1,NULL,NULL,NULL,NULL,NULL,NULL,NULL,NULL,Ocean Export,1,NULL,NULL,0,NULL,,duplicate,NULL,NULL,NULL,1,0,,Sales & Marketing,NULL,NULL,NULL
1444,2024-12-13 00:00:00.000,INQ1019685,Bishop International Inc,NULL,None,None,NULL,By Email,NULL,Auto Generated,NULL,NULL,NULL,NULL,NULL,0,NULL,2024-12-13 18:50:26.060,NULL,1,NULL,NULL,NULL,NULL,NULL,NULL,NULL,NULL,Ocean Export,1,NULL,NULL,0,NULL,,duplicate,NULL,NULL,NULL,1,0,,Sales & Marketing,NULL,NULL,NULL
1445,2024-12-13 00:00:00.000,INQ1019686,Abboud Trading Corporation,NULL,None,None,NULL,By Email,NULL,Auto Generated,NULL,NULL,NULL,NULL,NULL,0,NULL,2024-12-13 18:51:41.420,NULL,1,NULL,NULL,NULL,NULL,NULL,NULL,NULL,NULL,Ocean Export,1,NULL,NULL,0,NULL,,duplicate,NULL,NULL,NULL,1,0,,New Jersey (EWR),NULL,NULL,NULL
1446,2024-12-13 00:00:00.000,INQ1019687,"All Balls Racing, Inc.",NULL,None,None,NULL,By Email,NULL,Auto Generated,NULL,NULL,NULL,NULL,NULL,0,NULL,2024-12-13 18:53:04.803,NULL,1,NULL,NULL,NULL,NULL,NULL,NULL,NULL,NULL,Ocean Export,1,NULL,NULL,0,NULL,,duplicate,NULL,NULL,NULL,1,0,,Sales & Marketing,NULL,NULL,NULL
1447,2024-12-13 00:00:00.000,INQ1019688,"ASCO Power Technologies, L.P.",NULL,None,None,NULL,By Email,NULL,Auto Generated,NULL,NULL,NULL,NULL,NULL,0,NULL,2024-12-13 18:55:25.827,NULL,0,NULL,NULL,NULL,NULL,NULL,NULL,NULL,NULL,Ocean Export,1,NULL,NULL,0,NULL,,NULL,NULL,NULL,NULL,1,0,,Sales & Marketing,NULL,NULL,NULL
1448,2024-12-13 00:00:00.000,INQ1019689,Elgin Sweeper Co,NULL,None,None,NULL,By Email,NULL,Auto Generated,NULL,NULL,NULL,NULL,NULL,0,NULL,2024-12-13 18:55:45.847,NULL,0,NULL,NULL,NULL,NULL,NULL,NULL,NULL,NULL,Ocean Export,1,NULL,NULL,0,NULL,,NULL,NULL,NULL,NULL,1,0,,Sales & Marketing,NULL,NULL,NULL
1449,2024-12-13 00:00:00.000,INQ1019690,"Hatch & Kirk, Inc",NULL,None,None,NULL,By Email,NULL,Auto Generated,NULL,NULL,NULL,NULL,NULL,0,NULL,2024-12-13 18:57:11.790,NULL,1,NULL,NULL,NULL,NULL,NULL,NULL,NULL,NULL,Ocean Export,1,NULL,NULL,0,NULL,,duplicate,NULL,NULL,NULL,1,0,,Sales & Marketing,NULL,NULL,NULL
1450,2024-12-13 00:00:00.000,INQ1019691,"Loresco International , Inc",NULL,None,None,NULL,By Email,NULL,Auto Generated,NULL,NULL,NULL,NULL,NULL,0,NULL,2024-12-13 18:58:18.937,NULL,0,NULL,NULL,NULL,NULL,NULL,NULL,NULL,NULL,Ocean Export,1,NULL,NULL,0,NULL,,NULL,NULL,NULL,NULL,1,0,,Sales & Marketing,NULL,NULL,NULL
1451,2024-12-13 00:00:00.000,INQ1019692,Midwest Finishing Systems,NULL,None,None,NULL,By Email,NULL,Auto Generated,NULL,NULL,NULL,NULL,NULL,0,NULL,2024-12-13 18:58:43.773,NULL,1,NULL,NULL,NULL,NULL,NULL,NULL,NULL,NULL,Ocean Export,1,NULL,NULL,0,NULL,,duplicate,NULL,NULL,NULL,1,0,,Sales & Marketing,NULL,NULL,NULL
1453,2024-12-13 00:00:00.000,INQ1019694,Nelson Manufacturing Company,NULL,None,None,NULL,By Email,NULL,Auto Generated,NULL,NULL,NULL,NULL,NULL,0,NULL,2024-12-13 19:00:35.600,NULL,1,NULL,NULL,NULL,NULL,NULL,NULL,NULL,NULL,Ocean Export,1,NULL,NULL,0,NULL,,duplicate,NULL,NULL,NULL,1,0,,Sales & Marketing,NULL,NULL,NULL
1454,2024-12-13 00:00:00.000,INQ1019695,"NOTRAX USA, INC.",NULL,None,None,NULL,By Email,NULL,Auto Generated,NULL,NULL,NULL,NULL,NULL,0,NULL,2024-12-13 19:01:46.900,NULL,1,NULL,NULL,NULL,NULL,NULL,NULL,NULL,NULL,Ocean Export,1,NULL,NULL,0,NULL,,duplicate,NULL,NULL,NULL,1,0,,Sales & Marketing,NULL,NULL,NULL
1455,2024-12-13 00:00:00.000,INQ1019696,"Mel Manasse & Son, Auctioneers",NULL,None,None,NULL,By Email,NULL,Auto Generated,NULL,NULL,NULL,NULL,NULL,0,NULL,2024-12-13 19:05:47.130,NULL,0,NULL,NULL,NULL,NULL,NULL,NULL,NULL,NULL,Ocean Export,1,NULL,NULL,0,NULL,,NULL,NULL,NULL,NULL,1,0,,Sales & Marketing,NULL,NULL,NULL
1456,2024-12-13 00:00:00.000,INQ1019697,Quaker City Auctioneers Inc,NULL,None,None,NULL,By Email,NULL,Auto Generated,NULL,NULL,NULL,NULL,NULL,0,NULL,2024-12-13 19:08:29.053,NULL,0,NULL,NULL,NULL,NULL,NULL,NULL,NULL,NULL,Ocean Export,1,NULL,NULL,0,NULL,,NULL,NULL,NULL,NULL,1,0,,Sales & Marketing,NULL,NULL,NULL
1457,2024-12-13 00:00:00.000,INQ1019698,Thomas Industries,NULL,None,None,NULL,By Email,NULL,"Tom Jr Gagliardy 203-458-0709 tomjr@thomasauction.com          
not interested in 3% would rather give back to customers send info",NULL,NULL,NULL,NULL,NULL,0,NULL,2024-12-13 19:10:46.780,2025-12-08 15:15:48.603,0,NULL,NULL,NULL,NULL,NULL,NULL,NULL,NULL,Ocean Export,1,NULL,NULL,0,NULL,,NULL,NULL,NULL,NULL,1,0,,Sales & Marketing,NULL,NULL,NULL
1458,2024-12-13 00:00:00.000,INQ1019699,M Davis Group LLC,NULL,None,None,NULL,By Email,NULL,Auto Generated,NULL,NULL,NULL,NULL,NULL,0,NULL,2024-12-13 19:13:16.663,NULL,0,NULL,NULL,NULL,NULL,NULL,NULL,NULL,NULL,Ocean Export,1,NULL,NULL,0,NULL,,NULL,NULL,NULL,NULL,1,0,,Sales & Marketing,NULL,NULL,NULL
1459,2024-12-13 00:00:00.000,INQ1019700,"Capital Recovery Group, LLC",NULL,None,None,NULL,By Email,NULL,Auto Generated,NULL,NULL,NULL,NULL,NULL,0,NULL,2024-12-13 19:16:02.610,2025-08-06 16:44:41.900,1,NULL,NULL,NULL,NULL,NULL,NULL,NULL,NULL,Ocean Export,1,NULL,NULL,0,NULL,,duplicate entry,NULL,NULL,NULL,1,0,,Sales & Marketing,NULL,NULL,NULL
1460,2024-12-13 00:00:00.000,INQ1019701,The Branford Group,NULL,None,None,NULL,By Email,NULL,Auto Generated,NULL,NULL,NULL,NULL,NULL,0,NULL,2024-12-13 19:16:24.803,NULL,1,NULL,NULL,NULL,NULL,NULL,NULL,NULL,NULL,Ocean Export,1,NULL,NULL,0,NULL,,duplicate,NULL,NULL,NULL,1,0,,Sales & Marketing,NULL,NULL,NULL
1461,2024-12-13 00:00:00.000,INQ1019702,A.J. Willner Auctions,NULL,None,None,NULL,By Email,NULL,Harry Brynes 973-332-8472 hbyrnes@ajwillner.com                                                                                                                   He will review and has no problem put our info up on site,NULL,NULL,NULL,NULL,NULL,0,NULL,2024-12-13 19:18:45.140,2025-12-05 13:16:48.403,0,NULL,NULL,NULL,NULL,NULL,NULL,NULL,NULL,Ocean Export,1,NULL,NULL,0,NULL,,NULL,NULL,NULL,NULL,1,0,,Sales & Marketing,NULL,NULL,NULL
1462,2024-12-16 00:00:00.000,INQ1019704,Hayco Equipment LTD,NULL,None,None,NULL,By Email,NULL,Auto Generated,NULL,NULL,NULL,NULL,NULL,0,NULL,2024-12-16 13:49:09.243,NULL,0,NULL,NULL,NULL,NULL,NULL,NULL,NULL,NULL,Ocean Export,1,NULL,NULL,0,NULL,,NULL,NULL,NULL,NULL,1,0,,Sales & Marketing,NULL,NULL,NULL
1464,2024-12-16 00:00:00.000,INQ1019706,J.E. Oswalt & Sons.,NULL,None,None,NULL,By Email,NULL,Auto Generated,NULL,NULL,NULL,NULL,NULL,0,NULL,2024-12-16 14:12:53.287,NULL,0,NULL,NULL,NULL,NULL,NULL,NULL,NULL,NULL,Ocean Export,1,NULL,NULL,0,NULL,,NULL,NULL,NULL,NULL,1,0,,Sales & Marketing,NULL,NULL,NULL
1465,2024-12-16 00:00:00.000,INQ1019707,Aultman Machinery,NULL,None,None,NULL,By Email,NULL,Auto Generated,NULL,NULL,NULL,NULL,NULL,0,NULL,2024-12-16 14:20:26.000,NULL,0,NULL,NULL,NULL,NULL,NULL,NULL,NULL,NULL,Ocean Export,1,NULL,NULL,0,NULL,,NULL,NULL,NULL,NULL,1,0,,Sales & Marketing,NULL,NULL,NULL
1467,2024-12-16 00:00:00.000,INQ1019709,C&C Machinery LLC,NULL,None,None,NULL,By Email,NULL,Auto Generated,NULL,NULL,NULL,NULL,NULL,0,NULL,2024-12-16 15:13:50.750,NULL,0,NULL,NULL,NULL,NULL,NULL,NULL,NULL,NULL,Ocean Export,1,NULL,NULL,0,NULL,,NULL,NULL,NULL,NULL,1,0,,Sales & Marketing,NULL,NULL,NULL
1468,2024-12-16 00:00:00.000,INQ1019711,NESS CAMBEL,NULL,None,None,NULL,By Email,NULL,Auto Generated,NULL,NULL,NULL,NULL,NULL,0,NULL,2024-12-16 15:35:33.140,NULL,0,NULL,NULL,NULL,NULL,NULL,NULL,NULL,NULL,Ocean Export,1,NULL,NULL,0,NULL,,NULL,NULL,NULL,NULL,1,0,,Sales & Marketing,NULL,NULL,NULL
1469,2024-12-16 00:00:00.000,INQ1019712,ALLPRO MACHINERY MOVERS,NULL,None,None,NULL,By Email,NULL,Auto Generated,NULL,NULL,NULL,NULL,NULL,0,NULL,2024-12-16 15:52:47.890,NULL,0,NULL,NULL,NULL,NULL,NULL,NULL,NULL,NULL,Ocean Export,1,NULL,NULL,0,NULL,,NULL,NULL,NULL,NULL,1,0,,Sales & Marketing,NULL,NULL,NULL
1470,2024-12-16 00:00:00.000,INQ1019713,"JD Machinery Moving and Rigging, LLC",NULL,None,None,NULL,By Email,NULL,Auto Generated,NULL,NULL,NULL,NULL,NULL,0,NULL,2024-12-16 15:55:27.563,NULL,0,NULL,NULL,NULL,NULL,NULL,NULL,NULL,NULL,Ocean Export,1,NULL,NULL,0,NULL,,NULL,NULL,NULL,NULL,1,0,,Sales & Marketing,NULL,NULL,NULL
1471,2024-12-16 00:00:00.000,INQ1019715,HEAVY EQUIPMENT EXPORT Services,NULL,None,None,NULL,By Email,NULL,Auto Generated,NULL,NULL,NULL,NULL,NULL,0,NULL,2024-12-16 17:25:04.067,NULL,0,NULL,NULL,NULL,NULL,NULL,NULL,NULL,NULL,Ocean Export,1,NULL,NULL,0,NULL,,NULL,NULL,NULL,NULL,1,0,,Sales & Marketing,NULL,NULL,NULL
1472,2024-12-16 00:00:00.000,INQ1019716,"SK Rigging Co., Inc.",NULL,None,None,NULL,By Email,NULL,Auto Generated,NULL,NULL,NULL,NULL,NULL,0,NULL,2024-12-16 17:40:52.343,NULL,0,NULL,NULL,NULL,NULL,NULL,NULL,NULL,NULL,Ocean Export,1,NULL,NULL,0,NULL,,NULL,NULL,NULL,NULL,1,0,,Sales & Marketing,NULL,NULL,NULL
1473,2024-12-17 00:00:00.000,INQ1019725,Alcor Scientific Inc.,NULL,None,None,NULL,By Email,NULL,Auto Generated,NULL,NULL,NULL,NULL,NULL,0,NULL,2024-12-17 16:22:53.387,NULL,0,NULL,NULL,NULL,NULL,NULL,NULL,NULL,NULL,Ocean Export,1,NULL,NULL,0,NULL,,NULL,NULL,NULL,NULL,1,0,,Sales & Marketing,NULL,NULL,NULL
1474,2024-12-17 00:00:00.000,INQ1019726,AMAZON COMPUTER TECHNOLOGY,NULL,None,None,NULL,By Email,NULL,Auto Generated,NULL,NULL,NULL,NULL,NULL,0,NULL,2024-12-17 16:24:08.740,NULL,1,NULL,NULL,NULL,NULL,NULL,NULL,NULL,NULL,Ocean Export,1,NULL,NULL,0,NULL,,duplicate,NULL,NULL,NULL,1,0,,Sales & Marketing,NULL,NULL,NULL
1475,2024-12-17 00:00:00.000,INQ1019727,ARROW ELECTRONICS,NULL,None,None,NULL,By Email,NULL,Auto Generated,NULL,NULL,NULL,NULL,NULL,0,NULL,2024-12-17 16:27:57.417,NULL,0,NULL,NULL,NULL,NULL,NULL,NULL,NULL,NULL,Ocean Export,1,NULL,NULL,0,NULL,,NULL,NULL,NULL,NULL,1,0,,Sales & Marketing,NULL,NULL,NULL
1476,2024-12-17 00:00:00.000,INQ1019728,"Barnett Outdoors, LLC",NULL,None,None,NULL,By Email,NULL,Auto Generated,NULL,NULL,NULL,NULL,NULL,0,NULL,2024-12-17 18:20:58.297,NULL,0,NULL,NULL,NULL,NULL,NULL,NULL,NULL,NULL,Ocean Export,1,NULL,NULL,0,NULL,,NULL,NULL,NULL,NULL,1,0,,Sales & Marketing,NULL,NULL,NULL
1477,2024-12-17 00:00:00.000,INQ1019729,BC Technical,NULL,None,None,NULL,By Email,NULL,Auto Generated,NULL,NULL,NULL,NULL,NULL,0,NULL,2024-12-17 18:23:05.500,NULL,0,NULL,NULL,NULL,NULL,NULL,NULL,NULL,NULL,Ocean Export,1,NULL,NULL,0,NULL,,NULL,NULL,NULL,NULL,1,0,,Sales & Marketing,NULL,NULL,NULL
1478,2024-12-17 00:00:00.000,INQ1019730,Bee Sales Company,NULL,None,None,NULL,By Email,NULL,Auto Generated,NULL,NULL,NULL,NULL,NULL,0,NULL,2024-12-17 18:24:39.520,NULL,0,NULL,NULL,NULL,NULL,NULL,NULL,NULL,NULL,Ocean Export,1,NULL,NULL,0,NULL,,NULL,NULL,NULL,NULL,1,0,,Sales & Marketing,NULL,NULL,NULL
1479,2024-12-17 00:00:00.000,INQ1019731,Blue Pacific Flavors Inc,NULL,None,None,NULL,By Email,NULL,Auto Generated,NULL,NULL,NULL,NULL,NULL,0,NULL,2024-12-17 18:26:07.947,NULL,0,NULL,NULL,NULL,NULL,NULL,NULL,NULL,NULL,Ocean Export,1,NULL,NULL,0,NULL,,NULL,NULL,NULL,NULL,1,0,,Sales & Marketing,NULL,NULL,NULL
1480,2024-12-17 00:00:00.000,INQ1019732,REGENCY TECHNOLOGIES,NULL,None,None,NULL,By Email,NULL,Auto Generated,NULL,NULL,NULL,NULL,NULL,0,NULL,2024-12-17 18:30:03.617,NULL,0,NULL,NULL,NULL,NULL,NULL,NULL,NULL,NULL,Ocean Export,1,NULL,NULL,0,NULL,,NULL,NULL,NULL,NULL,1,0,,Sales & Marketing,NULL,NULL,NULL
1481,2024-12-17 00:00:00.000,INQ1019733,COLUMBUS MICRO SYSTEM INC.,NULL,None,None,NULL,By Email,NULL,Auto Generated,NULL,NULL,NULL,NULL,NULL,0,NULL,2024-12-17 18:33:14.047,NULL,0,NULL,NULL,NULL,NULL,NULL,NULL,NULL,NULL,Ocean Export,1,NULL,NULL,0,NULL,,NULL,NULL,NULL,NULL,1,0,,Sales & Marketing,NULL,NULL,NULL
1482,2024-12-18 00:00:00.000,INQ1019734,"Computer Wholesalers, Inc.",NULL,None,None,NULL,By Email,NULL,Auto Generated,NULL,NULL,NULL,NULL,NULL,0,NULL,2024-12-18 09:58:25.817,2024-12-23 14:30:07.720,0,NULL,NULL,NULL,NULL,NULL,NULL,NULL,NULL,Ocean Export,1,NULL,NULL,0,NULL,,NULL,NULL,NULL,NULL,1,0,,Sales & Marketing,NULL,NULL,NULL
1483,2024-12-18 00:00:00.000,INQ1019735,"E-Cycle Green, LLC",NULL,None,None,NULL,By Email,NULL,Auto Generated,NULL,NULL,NULL,NULL,NULL,0,NULL,2024-12-18 10:01:07.680,NULL,0,NULL,NULL,NULL,NULL,NULL,NULL,NULL,NULL,Ocean Export,1,NULL,NULL,0,NULL,,NULL,NULL,NULL,NULL,1,0,,New Jersey (EWR),NULL,NULL,NULL
1484,2024-12-18 00:00:00.000,INQ1019736,"ESR Motor Systems, LLC",NULL,None,None,NULL,By Email,NULL,Auto Generated,NULL,NULL,NULL,NULL,NULL,0,NULL,2024-12-18 10:03:06.213,NULL,0,NULL,NULL,NULL,NULL,NULL,NULL,NULL,NULL,Ocean Export,1,NULL,NULL,0,NULL,,NULL,NULL,NULL,NULL,1,0,,Sales & Marketing,NULL,NULL,NULL
1485,2024-12-18 00:00:00.000,INQ1019737,Gold Medal Products Co.,NULL,None,None,NULL,By Email,NULL,Auto Generated,NULL,NULL,NULL,NULL,NULL,0,NULL,2024-12-18 10:12:35.940,NULL,0,NULL,NULL,NULL,NULL,NULL,NULL,NULL,NULL,Ocean Export,1,NULL,NULL,0,NULL,,NULL,NULL,NULL,NULL,1,0,,Sales & Marketing,NULL,NULL,NULL
1486,2024-12-18 00:00:00.000,INQ1019740,Regional Logistics Private Limited,NULL,None,None,NULL,By Email,NULL,Auto Generated,NULL,NULL,NULL,NULL,NULL,0,NULL,2024-12-18 11:52:32.967,NULL,0,NULL,NULL,NULL,NULL,NULL,NULL,NULL,NULL,Ocean Export,1,NULL,NULL,0,NULL,,NULL,NULL,NULL,NULL,1,0,,Sales & Marketing,NULL,NULL,NULL
1487,2024-12-18 00:00:00.000,INQ1019741,Pack N Move Co.,NULL,None,None,NULL,By Email,NULL,Auto Generated,NULL,NULL,NULL,NULL,NULL,0,NULL,2024-12-18 11:53:46.497,NULL,0,NULL,NULL,NULL,NULL,NULL,NULL,NULL,NULL,Ocean Export,1,NULL,NULL,0,NULL,,NULL,NULL,NULL,NULL,1,0,,Sales & Marketing,NULL,NULL,NULL
1488,2024-12-18 00:00:00.000,INQ1019742,Zinpro Corporation,NULL,None,None,NULL,By Email,NULL,Auto Generated,NULL,NULL,NULL,NULL,NULL,0,NULL,2024-12-18 11:54:28.753,NULL,0,NULL,NULL,NULL,NULL,NULL,NULL,NULL,NULL,Ocean Export,1,NULL,NULL,0,NULL,,NULL,NULL,NULL,NULL,1,0,,Sales & Marketing,NULL,NULL,NULL
1489,2024-12-18 00:00:00.000,INQ1019743,XPEL Operations & Training Center,NULL,None,None,NULL,By Email,NULL,Auto Generated,NULL,NULL,NULL,NULL,NULL,0,NULL,2024-12-18 11:55:13.990,NULL,1,NULL,NULL,NULL,NULL,NULL,NULL,NULL,NULL,Ocean Export,1,NULL,NULL,0,NULL,,duplicate,NULL,NULL,NULL,1,0,,Sales & Marketing,NULL,NULL,NULL
1490,2024-12-18 00:00:00.000,INQ1019744,XPEL Operations & Training Center,NULL,None,None,NULL,By Email,NULL,Auto Generated,NULL,NULL,NULL,NULL,NULL,0,NULL,2024-12-18 11:56:29.397,NULL,0,NULL,NULL,NULL,NULL,NULL,NULL,NULL,NULL,Ocean Export,1,NULL,NULL,0,NULL,,NULL,NULL,NULL,NULL,1,0,,Sales & Marketing,NULL,NULL,NULL
1491,2024-12-18 00:00:00.000,INQ1019745,Whiplash,NULL,None,None,NULL,By Email,NULL,Auto Generated,NULL,NULL,NULL,NULL,NULL,0,NULL,2024-12-18 12:16:07.603,NULL,0,NULL,NULL,NULL,NULL,NULL,NULL,NULL,NULL,Ocean Export,1,NULL,NULL,0,NULL,,NULL,NULL,NULL,NULL,1,0,,Sales & Marketing,NULL,NULL,NULL
1492,2024-12-18 00:00:00.000,INQ1019746,"Versalift, a Time Manufacturing Company",NULL,None,None,NULL,By Email,NULL,Auto Generated,NULL,NULL,NULL,NULL,NULL,0,NULL,2024-12-18 12:16:50.083,NULL,0,NULL,NULL,NULL,NULL,NULL,NULL,NULL,NULL,Ocean Export,1,NULL,NULL,0,NULL,,NULL,NULL,NULL,NULL,1,0,,Sales & Marketing,NULL,NULL,NULL
1493,2024-12-18 00:00:00.000,INQ1019747,Upcycle,NULL,None,None,NULL,By Email,NULL,Auto Generated,NULL,NULL,NULL,NULL,NULL,0,NULL,2024-12-18 12:17:12.227,NULL,0,NULL,NULL,NULL,NULL,NULL,NULL,NULL,NULL,Ocean Export,1,NULL,NULL,0,NULL,,NULL,NULL,NULL,NULL,1,0,,Sales & Marketing,NULL,NULL,NULL
1494,2024-12-18 00:00:00.000,INQ1019748,United Performance Metals,NULL,None,None,NULL,By Email,NULL,Auto Generated,NULL,NULL,NULL,NULL,NULL,0,NULL,2024-12-18 12:17:35.443,NULL,0,NULL,NULL,NULL,NULL,NULL,NULL,NULL,NULL,Ocean Export,1,NULL,NULL,0,NULL,,NULL,NULL,NULL,NULL,1,0,,Sales & Marketing,NULL,NULL,NULL
1495,2024-12-18 00:00:00.000,INQ1019749,TRIGA Life Safety System LLC,NULL,None,None,NULL,By Email,NULL,Auto Generated,NULL,NULL,NULL,NULL,NULL,0,NULL,2024-12-18 12:17:54.987,NULL,0,NULL,NULL,NULL,NULL,NULL,NULL,NULL,NULL,Ocean Export,1,NULL,NULL,0,NULL,,NULL,NULL,NULL,NULL,1,0,,Sales & Marketing,NULL,NULL,NULL
1496,2024-12-18 00:00:00.000,INQ1019750,Trex Company,NULL,None,None,NULL,By Email,NULL,Auto Generated,NULL,NULL,NULL,NULL,NULL,0,NULL,2024-12-18 12:19:46.877,NULL,0,NULL,NULL,NULL,NULL,NULL,NULL,NULL,NULL,Ocean Export,1,NULL,NULL,0,NULL,,NULL,NULL,NULL,NULL,1,0,,Sales & Marketing,NULL,NULL,NULL
1497,2024-12-18 00:00:00.000,INQ1019751,Theta Ridge Coffee LLC,NULL,None,None,NULL,By Email,NULL,Auto Generated,NULL,NULL,NULL,NULL,NULL,0,NULL,2024-12-18 12:20:15.837,NULL,0,NULL,NULL,NULL,NULL,NULL,NULL,NULL,NULL,Ocean Export,1,NULL,NULL,0,NULL,,NULL,NULL,NULL,NULL,1,0,,Sales & Marketing,NULL,NULL,NULL
1498,2024-12-18 00:00:00.000,INQ1019752,Telectron Store ICAD,NULL,None,None,NULL,By Email,NULL,Auto Generated,NULL,NULL,NULL,NULL,NULL,0,NULL,2024-12-18 12:20:38.377,NULL,0,NULL,NULL,NULL,NULL,NULL,NULL,NULL,NULL,Ocean Export,1,NULL,NULL,0,NULL,,NULL,NULL,NULL,NULL,1,0,,Sales & Marketing,NULL,NULL,NULL
1499,2024-12-18 00:00:00.000,INQ1019753,TBT International Inc,NULL,None,None,NULL,By Email,NULL,Auto Generated,NULL,NULL,NULL,NULL,NULL,0,NULL,2024-12-18 12:22:00.563,NULL,0,NULL,NULL,NULL,NULL,NULL,NULL,NULL,NULL,Ocean Export,1,NULL,NULL,0,NULL,,NULL,NULL,NULL,NULL,1,0,,Sales & Marketing,NULL,NULL,NULL
1500,2024-12-18 00:00:00.000,INQ1019754,SURE BIO PHARMACUTICALS AND DIAGNOSTICS,NULL,None,None,NULL,By Email,NULL,Auto Generated,NULL,NULL,NULL,NULL,NULL,0,NULL,2024-12-18 12:32:43.750,NULL,1,NULL,NULL,NULL,NULL,NULL,NULL,NULL,NULL,Ocean Export,1,NULL,NULL,0,NULL,,duplicate,NULL,NULL,NULL,1,0,,New Jersey (EWR),NULL,NULL,NULL
1501,2024-12-18 00:00:00.000,INQ1019755,Sun Automation Group,NULL,None,None,NULL,By Email,NULL,Auto Generated,NULL,NULL,NULL,NULL,NULL,0,NULL,2024-12-18 12:33:33.573,NULL,1,NULL,NULL,NULL,NULL,NULL,NULL,NULL,NULL,Ocean Export,1,NULL,NULL,0,NULL,,duplicate,NULL,NULL,NULL,1,0,,New Jersey (EWR),NULL,NULL,NULL
1502,2024-12-18 00:00:00.000,INQ1019756,Suburban Accessories,NULL,None,None,NULL,By Email,NULL,Auto Generated,NULL,NULL,NULL,NULL,NULL,0,NULL,2024-12-18 12:35:42.087,NULL,0,NULL,NULL,NULL,NULL,NULL,NULL,NULL,NULL,Ocean Export,1,NULL,NULL,0,NULL,,NULL,NULL,NULL,NULL,1,0,,Sales & Marketing,NULL,NULL,NULL
1503,2024-12-20 00:00:00.000,INQ1019770,Season Transportation Inc,NULL,None,None,NULL,By Email,NULL,Auto Generated,NULL,NULL,NULL,NULL,NULL,0,NULL,2024-12-20 11:42:10.283,NULL,0,NULL,NULL,NULL,NULL,NULL,NULL,NULL,NULL,Ocean Export,1,NULL,NULL,0,NULL,,NULL,NULL,NULL,NULL,1,0,,MUMBAI (MUM),NULL,NULL,NULL
1504,2024-12-20 00:00:00.000,INQ1019774,"Executive Personal Computers, Inc.",NULL,None,None,NULL,By Email,NULL,Auto Generated,NULL,NULL,NULL,NULL,NULL,0,NULL,2024-12-20 12:52:22.477,NULL,0,NULL,NULL,NULL,NULL,NULL,NULL,NULL,NULL,Ocean Export,1,NULL,NULL,0,NULL,,NULL,NULL,NULL,NULL,1,0,,Inside Sales Group,NULL,NULL,NULL
1505,2024-12-20 00:00:00.000,INQ1019775,"Filmar Technologies, LLC",NULL,None,None,NULL,By Email,NULL,Auto Generated,NULL,NULL,NULL,NULL,NULL,0,NULL,2024-12-20 13:15:36.787,NULL,0,NULL,NULL,NULL,NULL,NULL,NULL,NULL,NULL,Ocean Export,1,NULL,NULL,0,NULL,,NULL,NULL,NULL,NULL,1,0,,Inside Sales Group,NULL,NULL,NULL
1506,2024-12-20 00:00:00.000,INQ1019776,Asoftech Transportation,NULL,None,None,NULL,By Email,NULL,Auto Generated,NULL,NULL,NULL,NULL,NULL,0,NULL,2024-12-20 13:21:43.350,NULL,0,NULL,NULL,NULL,NULL,NULL,NULL,NULL,NULL,Ocean Export,1,NULL,NULL,0,NULL,,NULL,NULL,NULL,NULL,1,0,,MUMBAI (MUM),NULL,NULL,NULL
1507,2024-12-20 00:00:00.000,INQ1019777,Fleischmann's Vinegar Co,NULL,None,None,NULL,By Email,NULL,Auto Generated,NULL,NULL,NULL,NULL,NULL,0,NULL,2024-12-20 13:22:07.273,NULL,0,NULL,NULL,NULL,NULL,NULL,NULL,NULL,NULL,Ocean Export,1,NULL,NULL,0,NULL,,NULL,NULL,NULL,NULL,1,0,,Inside Sales Group,NULL,NULL,NULL
1508,2024-12-20 00:00:00.000,INQ1019779,"Gardner Denver, Inc.",NULL,None,None,NULL,By Email,NULL,Auto Generated,NULL,NULL,NULL,NULL,NULL,0,NULL,2024-12-20 14:39:34.033,NULL,0,NULL,NULL,NULL,NULL,NULL,NULL,NULL,NULL,Ocean Export,1,NULL,NULL,0,NULL,,NULL,NULL,NULL,NULL,1,0,,Inside Sales Group,NULL,NULL,NULL
1509,2024-12-20 00:00:00.000,INQ1019780,Gardner Denver Compressors,NULL,None,None,NULL,By Email,NULL,Auto Generated,NULL,NULL,NULL,NULL,NULL,0,NULL,2024-12-20 15:17:39.600,NULL,0,NULL,NULL,NULL,NULL,NULL,NULL,NULL,NULL,Ocean Export,1,NULL,NULL,0,NULL,,NULL,NULL,NULL,NULL,1,0,,Inside Sales Group,NULL,NULL,NULL
1510,2024-12-20 00:00:00.000,INQ1019781,Fleischmann's Vinegar Co,NULL,None,None,NULL,By Email,NULL,Auto Generated,NULL,NULL,NULL,NULL,NULL,0,NULL,2024-12-20 15:19:22.233,NULL,0,NULL,NULL,NULL,NULL,NULL,NULL,NULL,NULL,Ocean Export,1,NULL,NULL,0,NULL,,NULL,NULL,NULL,NULL,1,0,,Inside Sales Group,NULL,NULL,NULL
1511,2024-12-20 00:00:00.000,INQ1019782,"Filmar Technologies, LLC",NULL,None,None,NULL,By Email,NULL,Auto Generated,NULL,NULL,NULL,NULL,NULL,0,NULL,2024-12-20 15:19:52.033,NULL,0,NULL,NULL,NULL,NULL,NULL,NULL,NULL,NULL,Ocean Export,1,NULL,NULL,0,NULL,,NULL,NULL,NULL,NULL,1,0,,Inside Sales Group,NULL,NULL,NULL
1512,2024-12-20 00:00:00.000,INQ1019783,"Express Systems & Parts Network, Inc.",NULL,None,None,NULL,By Email,NULL,Auto Generated,NULL,NULL,NULL,NULL,NULL,0,NULL,2024-12-20 15:20:35.453,NULL,0,NULL,NULL,NULL,NULL,NULL,NULL,NULL,NULL,Ocean Export,1,NULL,NULL,0,NULL,,NULL,NULL,NULL,NULL,1,0,,Inside Sales Group,NULL,NULL,NULL
1513,2024-12-20 00:00:00.000,INQ1019784,"Express Systems & Parts Network, Inc.",NULL,None,None,NULL,By Email,NULL,Auto Generated,NULL,NULL,NULL,NULL,NULL,0,NULL,2024-12-20 15:21:32.693,NULL,0,NULL,NULL,NULL,NULL,NULL,NULL,NULL,NULL,Ocean Export,1,NULL,NULL,0,NULL,,NULL,NULL,NULL,NULL,1,0,,Inside Sales Group,NULL,NULL,NULL
1514,2024-12-20 00:00:00.000,INQ1019785,Genadyne Biotechnologies,NULL,None,None,NULL,By Email,NULL,Auto Generated,NULL,NULL,NULL,NULL,NULL,0,NULL,2024-12-20 16:17:47.853,NULL,0,NULL,NULL,NULL,NULL,NULL,NULL,NULL,NULL,Ocean Export,1,NULL,NULL,0,NULL,,NULL,NULL,NULL,NULL,1,0,,Inside Sales Group,NULL,NULL,NULL
1515,2024-12-20 00:00:00.000,INQ1019786,Glendale Warehouses,NULL,None,None,NULL,By Email,NULL,Auto Generated,NULL,NULL,NULL,NULL,NULL,0,NULL,2024-12-20 16:49:56.243,NULL,0,NULL,NULL,NULL,NULL,NULL,NULL,NULL,NULL,Ocean Export,1,NULL,NULL,0,NULL,,NULL,NULL,NULL,NULL,1,0,,Inside Sales Group,NULL,NULL,NULL
1516,2024-12-21 00:00:00.000,INQ1019788,Green Future NY Inc,NULL,None,None,NULL,By Email,NULL,Auto Generated,NULL,NULL,NULL,NULL,NULL,0,NULL,2024-12-21 12:45:41.683,NULL,0,NULL,NULL,NULL,NULL,NULL,NULL,NULL,NULL,Ocean Export,1,NULL,NULL,0,NULL,,NULL,NULL,NULL,NULL,1,0,,Inside Sales Group,NULL,NULL,NULL
1517,2024-12-21 00:00:00.000,INQ1019789,"H. D. Sheldon & Company, Inc.",NULL,None,None,NULL,By Email,NULL,Auto Generated,NULL,NULL,NULL,NULL,NULL,0,NULL,2024-12-21 13:17:31.867,NULL,0,NULL,NULL,NULL,NULL,NULL,NULL,NULL,NULL,Ocean Export,1,NULL,NULL,0,NULL,,NULL,NULL,NULL,NULL,1,0,,Inside Sales Group,NULL,NULL,NULL
1518,2024-12-22 00:00:00.000,INQ1019790,HOLE PRODUCTS,NULL,None,None,NULL,By Email,NULL,Auto Generated,NULL,NULL,NULL,NULL,NULL,0,NULL,2024-12-22 05:31:55.540,NULL,0,NULL,NULL,NULL,NULL,NULL,NULL,NULL,NULL,Ocean Export,1,NULL,NULL,0,NULL,,NULL,NULL,NULL,NULL,1,0,,Inside Sales Group,NULL,NULL,NULL
1519,2024-12-22 00:00:00.000,INQ1019791,Houma Valve service Inc.,NULL,None,None,NULL,By Email,NULL,Auto Generated,NULL,NULL,NULL,NULL,NULL,0,NULL,2024-12-22 06:00:57.117,NULL,0,NULL,NULL,NULL,NULL,NULL,NULL,NULL,NULL,Ocean Export,1,NULL,NULL,0,NULL,,NULL,NULL,NULL,NULL,1,0,,Inside Sales Group,NULL,NULL,NULL
1522,2024-12-23 00:00:00.000,INQ1019796,"Express Systems & Parts Network, Inc.",NULL,None,None,NULL,By Email,NULL,Auto Generated,NULL,NULL,NULL,NULL,NULL,0,NULL,2024-12-23 13:52:54.880,NULL,0,NULL,NULL,NULL,NULL,NULL,NULL,NULL,NULL,Ocean Export,1,NULL,NULL,0,NULL,,NULL,NULL,NULL,NULL,1,0,,Inside Sales Group,NULL,NULL,NULL
1525,2024-12-24 00:00:00.000,INQ1019808,WXJHGJ,NULL,None,None,NULL,By Email,NULL,Auto Generated,NULL,NULL,NULL,NULL,NULL,0,NULL,2024-12-24 11:12:27.353,NULL,0,NULL,NULL,NULL,NULL,NULL,NULL,NULL,NULL,Ocean Export,1,NULL,NULL,0,NULL,,NULL,NULL,NULL,NULL,1,0,,New Jersey (EWR),NULL,NULL,NULL
1526,2024-12-24 00:00:00.000,INQ1019809,"Worldlinx, Inc.",NULL,None,None,NULL,By Email,NULL,Auto Generated,NULL,NULL,NULL,NULL,NULL,0,NULL,2024-12-24 11:17:49.347,NULL,0,NULL,NULL,NULL,NULL,NULL,NULL,NULL,NULL,Ocean Export,1,NULL,NULL,0,NULL,,NULL,NULL,NULL,NULL,1,0,,New Jersey (EWR),NULL,NULL,NULL
1527,2024-12-24 00:00:00.000,INQ1019810,WORLD BIZ GROUP INC.,NULL,None,None,NULL,By Email,NULL,Auto Generated,NULL,NULL,NULL,NULL,NULL,0,NULL,2024-12-24 11:19:46.067,NULL,0,NULL,NULL,NULL,NULL,NULL,NULL,NULL,NULL,Ocean Export,1,NULL,NULL,0,NULL,,NULL,NULL,NULL,NULL,1,0,,New Jersey (EWR),NULL,NULL,NULL
1528,2024-12-24 00:00:00.000,INQ1019811,Taraz Teknolojileri Limited Sirketi,NULL,None,None,NULL,By Email,NULL,Auto Generated,NULL,NULL,NULL,NULL,NULL,0,NULL,2024-12-24 14:28:34.027,NULL,0,NULL,NULL,NULL,NULL,NULL,NULL,NULL,NULL,Ocean Export,1,NULL,NULL,0,NULL,,NULL,NULL,NULL,NULL,1,0,,Sales & Marketing,NULL,NULL,NULL
1529,2024-12-24 00:00:00.000,INQ1019812,Commercial Riggers 2222,NULL,None,None,NULL,By Email,NULL,Auto Generated,NULL,NULL,NULL,NULL,NULL,0,NULL,2024-12-24 14:29:05.380,NULL,1,NULL,NULL,NULL,NULL,NULL,NULL,NULL,NULL,Ocean Export,1,NULL,NULL,0,NULL,,duplicate,NULL,NULL,NULL,1,0,,Sales & Marketing,NULL,NULL,NULL
1530,2024-12-24 00:00:00.000,INQ1019814,Global Trading Import Co. Inc,NULL,None,None,NULL,By Email,NULL,Auto Generated,NULL,NULL,NULL,NULL,NULL,0,NULL,2024-12-24 15:13:44.790,NULL,1,NULL,NULL,NULL,NULL,NULL,NULL,NULL,NULL,Ocean Export,1,NULL,NULL,0,NULL,,duplicate,NULL,NULL,NULL,1,0,,Sales & Marketing,NULL,NULL,NULL
1531,2024-12-24 00:00:00.000,INQ1019816,Global Trading Import Co. Inc,NULL,None,None,NULL,By Email,NULL,Auto Generated,NULL,NULL,NULL,NULL,NULL,0,NULL,2024-12-24 15:15:21.513,NULL,0,NULL,NULL,NULL,NULL,NULL,NULL,NULL,NULL,Ocean Export,1,NULL,NULL,0,NULL,,NULL,NULL,NULL,NULL,1,0,,Sales & Marketing,NULL,NULL,NULL
1532,2024-12-24 00:00:00.000,INQ1019820,"ISO GROUP, INC",NULL,None,None,NULL,By Email,NULL,Auto Generated,NULL,NULL,NULL,NULL,NULL,0,NULL,2024-12-24 15:51:05.013,NULL,1,NULL,NULL,NULL,NULL,NULL,NULL,NULL,NULL,Ocean Export,1,NULL,NULL,0,NULL,,duplicate,NULL,NULL,NULL,1,0,,Sales & Marketing,NULL,NULL,NULL
1533,2024-12-24 00:00:00.000,INQ1019821,"ISO GROUP, INC",NULL,None,None,NULL,By Email,NULL,Auto Generated,NULL,NULL,NULL,NULL,NULL,0,NULL,2024-12-24 15:58:46.570,NULL,0,NULL,NULL,NULL,NULL,NULL,NULL,NULL,NULL,Ocean Export,1,NULL,NULL,0,NULL,,NULL,NULL,NULL,NULL,1,0,,Sales & Marketing,NULL,NULL,NULL
1534,2024-12-25 00:00:00.000,INQ1019827,JET INC.,NULL,None,None,NULL,By Email,NULL,Auto Generated,NULL,NULL,NULL,NULL,NULL,0,NULL,2024-12-25 12:14:16.673,NULL,0,NULL,NULL,NULL,NULL,NULL,NULL,NULL,NULL,Ocean Export,1,NULL,NULL,0,NULL,,NULL,NULL,NULL,NULL,1,0,,Sales & Marketing,NULL,NULL,NULL
1535,2024-12-25 00:00:00.000,INQ1019828,Jinny Beauty Supply,NULL,None,None,NULL,By Email,NULL,Auto Generated,NULL,NULL,NULL,NULL,NULL,0,NULL,2024-12-25 13:26:32.713,NULL,0,NULL,NULL,NULL,NULL,NULL,NULL,NULL,NULL,Ocean Export,1,NULL,NULL,0,NULL,,NULL,NULL,NULL,NULL,1,0,,Inside Sales Group,NULL,NULL,NULL
1537,2024-12-26 00:00:00.000,INQ1019830,"Lamer Trading Group, Inc",NULL,None,None,NULL,By Email,NULL,Auto Generated,NULL,NULL,NULL,NULL,NULL,0,NULL,2024-12-26 10:39:50.353,NULL,0,NULL,NULL,NULL,NULL,NULL,NULL,NULL,NULL,Ocean Export,1,NULL,NULL,0,NULL,,NULL,NULL,NULL,NULL,1,0,,Sales & Marketing,NULL,NULL,NULL
1538,2024-12-26 00:00:00.000,INQ1019832,LAPTOP SHOP,NULL,None,None,NULL,By Email,NULL,Auto Generated,NULL,NULL,NULL,NULL,NULL,0,NULL,2024-12-26 12:35:46.913,NULL,0,NULL,NULL,NULL,NULL,NULL,NULL,NULL,NULL,Ocean Export,1,NULL,NULL,0,NULL,,NULL,NULL,NULL,NULL,1,0,,Sales & Marketing,NULL,NULL,NULL
1539,2024-12-26 00:00:00.000,INQ1019834,"Leon & Bros.,Inc",NULL,None,None,NULL,By Email,NULL,Auto Generated,NULL,NULL,NULL,NULL,NULL,0,NULL,2024-12-26 12:57:20.860,NULL,0,NULL,NULL,NULL,NULL,NULL,NULL,NULL,NULL,Ocean Export,1,NULL,NULL,0,NULL,,NULL,NULL,NULL,NULL,1,0,,Sales & Marketing,NULL,NULL,NULL
1540,2024-12-26 00:00:00.000,INQ1019835,M&M wireless Inc.,NULL,None,None,NULL,By Email,NULL,Auto Generated,NULL,NULL,NULL,NULL,NULL,0,NULL,2024-12-26 13:00:03.327,NULL,1,NULL,NULL,NULL,NULL,NULL,NULL,NULL,NULL,Ocean Export,1,NULL,NULL,0,NULL,,duplicate,NULL,NULL,NULL,1,0,,Sales & Marketing,NULL,NULL,NULL
1541,2024-12-26 00:00:00.000,INQ1019836,MA United,NULL,None,None,NULL,By Email,NULL,Auto Generated,NULL,NULL,NULL,NULL,NULL,0,NULL,2024-12-26 13:05:54.307,NULL,0,NULL,NULL,NULL,NULL,NULL,NULL,NULL,NULL,Ocean Export,1,NULL,NULL,0,NULL,,NULL,NULL,NULL,NULL,1,0,,MUMBAI (MUM),NULL,NULL,NULL
1542,2024-12-26 00:00:00.000,INQ1019837,Master Tech Services,NULL,None,None,NULL,By Email,NULL,Auto Generated,NULL,NULL,NULL,NULL,NULL,0,NULL,2024-12-26 15:04:18.600,NULL,0,NULL,NULL,NULL,NULL,NULL,NULL,NULL,NULL,Ocean Export,1,NULL,NULL,0,NULL,,NULL,NULL,NULL,NULL,1,0,,Sales & Marketing,NULL,NULL,NULL
1543,2024-12-26 00:00:00.000,INQ1019838,MC DISTRIBUTORS,NULL,None,None,NULL,By Email,NULL,Auto Generated,NULL,NULL,NULL,NULL,NULL,0,NULL,2024-12-26 15:23:43.917,NULL,0,NULL,NULL,NULL,NULL,NULL,NULL,NULL,NULL,Ocean Export,1,NULL,NULL,0,NULL,,NULL,NULL,NULL,NULL,1,0,,Sales & Marketing,NULL,NULL,NULL
1544,2024-12-26 00:00:00.000,INQ1019839,MICRODOT LLC,NULL,None,None,NULL,By Email,NULL,Auto Generated,NULL,NULL,NULL,NULL,NULL,0,NULL,2024-12-26 15:32:54.820,NULL,0,NULL,NULL,NULL,NULL,NULL,NULL,NULL,NULL,Ocean Export,1,NULL,NULL,0,NULL,,NULL,NULL,NULL,NULL,1,0,,Sales & Marketing,NULL,NULL,NULL
1545,2024-12-26 00:00:00.000,INQ1019840,Mitsubishi Electric Automotive America,NULL,None,None,NULL,By Email,NULL,Auto Generated,NULL,NULL,NULL,NULL,NULL,0,NULL,2024-12-26 16:00:39.137,NULL,0,NULL,NULL,NULL,NULL,NULL,NULL,NULL,NULL,Ocean Export,1,NULL,NULL,0,NULL,,NULL,NULL,NULL,NULL,1,0,,Sales & Marketing,NULL,NULL,NULL
1546,2024-12-26 00:00:00.000,INQ1019841,"Netkraft, Inc T/A Nexports",NULL,None,None,NULL,By Email,NULL,Auto Generated,NULL,NULL,NULL,NULL,NULL,0,NULL,2024-12-26 16:17:22.450,NULL,0,NULL,NULL,NULL,NULL,NULL,NULL,NULL,NULL,Ocean Export,1,NULL,NULL,0,NULL,,NULL,NULL,NULL,NULL,1,0,,Sales & Marketing,NULL,NULL,NULL
1547,2024-12-27 00:00:00.000,INQ1019843,"Netkraft, Inc T/A Nexports",NULL,None,None,NULL,By Email,NULL,Auto Generated,NULL,NULL,NULL,NULL,NULL,0,NULL,2024-12-27 12:29:40.370,NULL,1,NULL,NULL,NULL,NULL,NULL,NULL,NULL,NULL,Ocean Export,1,NULL,NULL,0,NULL,,duplicate,NULL,NULL,NULL,1,0,,Sales & Marketing,NULL,NULL,NULL
1548,2024-12-27 00:00:00.000,INQ1019845,"Novotech Nutraceuticals, Inc.",NULL,None,None,NULL,By Email,NULL,Auto Generated,NULL,NULL,NULL,NULL,NULL,0,NULL,2024-12-27 12:40:00.000,NULL,0,NULL,NULL,NULL,NULL,NULL,NULL,NULL,NULL,Ocean Export,1,NULL,NULL,0,NULL,,NULL,NULL,NULL,NULL,1,0,,Sales & Marketing,NULL,NULL,NULL
1549,2024-12-27 00:00:00.000,INQ1019846,"Aquestia USA - A.R.I., DOROT, OCV",NULL,None,None,NULL,By Email,NULL,Auto Generated,NULL,NULL,NULL,NULL,NULL,0,NULL,2024-12-27 13:34:11.473,NULL,0,NULL,NULL,NULL,NULL,NULL,NULL,NULL,NULL,Ocean Export,1,NULL,NULL,0,NULL,,NULL,NULL,NULL,NULL,1,0,,Sales & Marketing,NULL,NULL,NULL
1550,2024-12-27 00:00:00.000,INQ1019847,"FAROUK SYSTEMS, INC.  HEADQUARTERS",NULL,None,None,NULL,By Email,NULL,Auto Generated,NULL,NULL,NULL,NULL,NULL,0,NULL,2024-12-27 14:03:53.270,NULL,0,NULL,NULL,NULL,NULL,NULL,NULL,NULL,NULL,Ocean Export,1,NULL,NULL,0,NULL,,NULL,NULL,NULL,NULL,1,0,,Sales & Marketing,NULL,NULL,NULL
1551,2024-12-27 00:00:00.000,INQ1019848,CHI Haircare,NULL,None,None,NULL,By Email,NULL,Auto Generated,NULL,NULL,NULL,NULL,NULL,0,NULL,2024-12-27 14:12:26.410,NULL,0,NULL,NULL,NULL,NULL,NULL,NULL,NULL,NULL,Ocean Export,1,NULL,NULL,0,NULL,,NULL,NULL,NULL,NULL,1,0,,Sales & Marketing,NULL,NULL,NULL
1552,2024-12-27 00:00:00.000,INQ1019849,BioSilk Haircare,NULL,None,None,NULL,By Email,NULL,Auto Generated,NULL,NULL,NULL,NULL,NULL,0,NULL,2024-12-27 14:18:40.270,NULL,0,NULL,NULL,NULL,NULL,NULL,NULL,NULL,NULL,Ocean Export,1,NULL,NULL,0,NULL,,NULL,NULL,NULL,NULL,1,0,,Sales & Marketing,NULL,NULL,NULL
1553,2024-12-27 00:00:00.000,INQ1019850,CHI Lone Star College,NULL,None,None,NULL,By Email,NULL,Auto Generated,NULL,NULL,NULL,NULL,NULL,0,NULL,2024-12-27 14:24:55.010,NULL,0,NULL,NULL,NULL,NULL,NULL,NULL,NULL,NULL,Ocean Export,1,NULL,NULL,0,NULL,,NULL,NULL,NULL,NULL,1,0,,Sales & Marketing,NULL,NULL,NULL
1554,2024-12-27 00:00:00.000,INQ1019852,ORAMCO CORPORATION,NULL,None,None,NULL,By Email,NULL,Auto Generated,NULL,NULL,NULL,NULL,NULL,0,NULL,2024-12-27 17:50:38.300,NULL,0,NULL,NULL,NULL,NULL,NULL,NULL,NULL,NULL,Ocean Export,1,NULL,NULL,0,NULL,,NULL,NULL,NULL,NULL,1,0,,Inside Sales Group,NULL,NULL,NULL
1555,2024-12-28 00:00:00.000,INQ1019853,Parson Adhesives Inc.,NULL,None,None,NULL,By Email,NULL,Auto Generated,NULL,NULL,NULL,NULL,NULL,0,NULL,2024-12-28 09:13:21.263,NULL,0,NULL,NULL,NULL,NULL,NULL,NULL,NULL,NULL,Ocean Export,1,NULL,NULL,0,NULL,,NULL,NULL,NULL,NULL,1,0,,Sales & Marketing,NULL,NULL,NULL
1556,2024-12-28 00:00:00.000,INQ1019854,Philadelphia Gear,NULL,None,None,NULL,By Email,NULL,Auto Generated,NULL,NULL,NULL,NULL,NULL,0,NULL,2024-12-28 10:20:28.243,NULL,0,NULL,NULL,NULL,NULL,NULL,NULL,NULL,NULL,Ocean Export,1,NULL,NULL,0,NULL,,NULL,NULL,NULL,NULL,1,0,,Sales & Marketing,NULL,NULL,NULL
1557,2024-12-29 00:00:00.000,INQ1019855,PRIME DENTAL MANUFACTURING INC,NULL,None,None,NULL,By Email,NULL,Auto Generated,NULL,NULL,NULL,NULL,NULL,0,NULL,2024-12-29 12:56:53.223,NULL,0,NULL,NULL,NULL,NULL,NULL,NULL,NULL,NULL,Ocean Export,1,NULL,NULL,0,NULL,,NULL,NULL,NULL,NULL,1,0,,Inside Sales Group,NULL,NULL,NULL
1558,2024-12-31 00:00:00.000,INQ1019860,R&A International Trading NY,NULL,None,None,NULL,By Email,NULL,Auto Generated,NULL,NULL,NULL,NULL,NULL,0,NULL,2024-12-31 14:46:23.113,NULL,0,NULL,NULL,NULL,NULL,NULL,NULL,NULL,NULL,Ocean Export,1,NULL,NULL,0,NULL,,NULL,NULL,NULL,NULL,1,0,,Sales & Marketing,NULL,NULL,NULL
1559,2024-12-31 00:00:00.000,INQ1019861,"Solberg International, Ltd",NULL,None,None,NULL,By Email,NULL,Auto Generated,NULL,NULL,NULL,NULL,NULL,0,NULL,2024-12-31 17:31:28.197,NULL,0,NULL,NULL,NULL,NULL,NULL,NULL,NULL,NULL,Ocean Export,1,NULL,NULL,0,NULL,,NULL,NULL,NULL,NULL,1,0,,Inside Sales Group,NULL,NULL,NULL
1560,2024-12-31 00:00:00.000,INQ1019862,Synergy Industrial Corporation,NULL,None,None,NULL,By Email,NULL,Auto Generated,NULL,NULL,NULL,NULL,NULL,0,NULL,2024-12-31 17:42:35.167,NULL,0,NULL,NULL,NULL,NULL,NULL,NULL,NULL,NULL,Ocean Export,1,NULL,NULL,0,NULL,,NULL,NULL,NULL,NULL,1,0,,Inside Sales Group,NULL,NULL,NULL
1561,2025-01-01 00:00:00.000,INQ1019863,Systems Services and warehousing,NULL,None,None,NULL,By Email,NULL,Auto Generated,NULL,NULL,NULL,NULL,NULL,0,NULL,2025-01-01 11:27:38.880,NULL,0,NULL,NULL,NULL,NULL,NULL,NULL,NULL,NULL,Ocean Export,1,NULL,NULL,0,NULL,,NULL,NULL,NULL,NULL,1,0,,Inside Sales Group,NULL,NULL,NULL
1562,2025-01-01 00:00:00.000,INQ1019864,Systems Services and warehousing,NULL,None,None,NULL,By Email,NULL,Auto Generated,NULL,NULL,NULL,NULL,NULL,0,NULL,2025-01-01 11:33:17.520,NULL,0,NULL,NULL,NULL,NULL,NULL,NULL,NULL,NULL,Ocean Export,1,NULL,NULL,0,NULL,,NULL,NULL,NULL,NULL,1,0,,Sales & Marketing,NULL,NULL,NULL
1563,2025-01-01 00:00:00.000,INQ1019865,"Tbs Industries, Incorporated",NULL,None,None,NULL,By Email,NULL,Auto Generated,NULL,NULL,NULL,NULL,NULL,0,NULL,2025-01-01 13:17:57.240,NULL,0,NULL,NULL,NULL,NULL,NULL,NULL,NULL,NULL,Ocean Export,1,NULL,NULL,0,NULL,,NULL,NULL,NULL,NULL,1,0,,Inside Sales Group,NULL,NULL,NULL
1564,2025-01-02 00:00:00.000,INQ1019866,H S Print Services PVT Ltd.,NULL,None,None,NULL,By Email,NULL,Auto Generated,NULL,NULL,NULL,NULL,NULL,0,NULL,2025-01-02 12:20:57.460,NULL,0,NULL,NULL,NULL,NULL,NULL,NULL,NULL,NULL,Ocean Export,1,NULL,NULL,0,NULL,,NULL,NULL,NULL,NULL,1,0,,Sales & Marketing,NULL,NULL,NULL
1566,2025-01-03 00:00:00.000,INQ1019871,CCU Logistics,NULL,None,None,NULL,By Email,NULL,Auto Generated,NULL,NULL,NULL,NULL,NULL,0,NULL,2025-01-03 13:13:59.480,NULL,0,NULL,NULL,NULL,NULL,NULL,NULL,NULL,NULL,Ocean Export,1,NULL,NULL,0,NULL,,NULL,NULL,NULL,NULL,1,0,,MUMBAI (MUM),NULL,NULL,NULL
1567,2025-01-03 00:00:00.000,INQ1019872,SPN IMPEX PTE. LTD.,NULL,None,None,NULL,By Email,NULL,Auto Generated,NULL,NULL,NULL,NULL,NULL,0,NULL,2025-01-03 13:25:51.263,NULL,0,NULL,NULL,NULL,NULL,NULL,NULL,NULL,NULL,Ocean Export,1,NULL,NULL,0,NULL,,NULL,NULL,NULL,NULL,1,0,,New Jersey (EWR),NULL,NULL,NULL
1568,2025-01-03 00:00:00.000,INQ1019873,WASALY LLC,NULL,None,None,NULL,By Email,NULL,Auto Generated,NULL,NULL,NULL,NULL,NULL,0,NULL,2025-01-03 13:36:42.880,NULL,0,NULL,NULL,NULL,NULL,NULL,NULL,NULL,NULL,Ocean Export,1,NULL,NULL,0,NULL,,NULL,NULL,NULL,NULL,1,0,,New Jersey (EWR),NULL,NULL,NULL
1569,2025-01-03 00:00:00.000,INQ1019874,Beyond Gourmet,NULL,None,None,NULL,By Email,NULL,Auto Generated,NULL,NULL,NULL,NULL,NULL,0,NULL,2025-01-03 13:41:10.923,NULL,0,NULL,NULL,NULL,NULL,NULL,NULL,NULL,NULL,Ocean Export,1,NULL,NULL,0,NULL,,NULL,NULL,NULL,NULL,1,0,,New Jersey (EWR),NULL,NULL,NULL
1570,2025-01-03 00:00:00.000,INQ1019875,Mega Equipment and Cranes Inc.,NULL,None,None,NULL,By Email,NULL,Auto Generated,NULL,NULL,NULL,NULL,NULL,0,NULL,2025-01-03 13:46:51.263,NULL,0,NULL,NULL,NULL,NULL,NULL,NULL,NULL,NULL,Ocean Export,1,NULL,NULL,0,NULL,,NULL,NULL,NULL,NULL,1,0,,Sales & Marketing,NULL,NULL,NULL
1572,2025-01-03 00:00:00.000,INQ1019877,SOUTHERN LOGISTICS,NULL,None,None,NULL,By Email,NULL,Auto Generated,NULL,NULL,NULL,NULL,NULL,0,NULL,2025-01-03 13:53:30.673,NULL,0,NULL,NULL,NULL,NULL,NULL,NULL,NULL,NULL,Ocean Export,1,NULL,NULL,0,NULL,,NULL,NULL,NULL,NULL,1,0,,New Jersey (EWR),NULL,NULL,NULL
1573,2025-01-03 00:00:00.000,INQ1019878,Swissmax machinery SDN BHD,NULL,None,None,NULL,By Email,NULL,Auto Generated,NULL,NULL,NULL,NULL,NULL,0,NULL,2025-01-03 13:55:57.573,NULL,0,NULL,NULL,NULL,NULL,NULL,NULL,NULL,NULL,Ocean Export,1,NULL,NULL,0,NULL,,NULL,NULL,NULL,NULL,1,0,,New Jersey (EWR),NULL,NULL,NULL
1574,2025-01-03 00:00:00.000,INQ1019879,Deepwater Truck Tire Inc,NULL,None,None,NULL,By Email,NULL,Auto Generated,NULL,NULL,NULL,NULL,NULL,0,NULL,2025-01-03 13:58:11.643,NULL,0,NULL,NULL,NULL,NULL,NULL,NULL,NULL,NULL,Ocean Export,1,NULL,NULL,0,NULL,,NULL,NULL,NULL,NULL,1,0,,New Jersey (EWR),NULL,NULL,NULL
1575,2025-01-03 00:00:00.000,INQ1019880,MR FREDERICK ALISTAIR NAUDE,NULL,None,None,NULL,By Email,NULL,Auto Generated,NULL,NULL,NULL,NULL,NULL,0,NULL,2025-01-03 14:01:28.633,NULL,0,NULL,NULL,NULL,NULL,NULL,NULL,NULL,NULL,Ocean Export,1,NULL,NULL,0,NULL,,NULL,NULL,NULL,NULL,1,0,,MUMBAI (MUM),NULL,NULL,NULL
1576,2025-01-03 00:00:00.000,INQ1019881,"Forbes Seed & Grain, Inc.",NULL,None,None,NULL,By Email,NULL,Auto Generated,NULL,NULL,NULL,NULL,NULL,0,NULL,2025-01-03 14:03:57.313,NULL,0,NULL,NULL,NULL,NULL,NULL,NULL,NULL,NULL,Ocean Export,1,NULL,NULL,0,NULL,,NULL,NULL,NULL,NULL,1,0,,New Jersey (EWR),NULL,NULL,NULL
1577,2025-01-03 00:00:00.000,INQ1019883,B.B. Minchem LLC,NULL,None,None,NULL,By Email,NULL,Auto Generated,NULL,NULL,NULL,NULL,NULL,0,NULL,2025-01-03 16:42:58.417,NULL,0,NULL,NULL,NULL,NULL,NULL,NULL,NULL,NULL,Ocean Export,1,NULL,NULL,0,NULL,,NULL,NULL,NULL,NULL,1,0,,New Jersey (EWR),NULL,NULL,NULL
1579,2025-01-03 00:00:00.000,INQ1019885,Speed Line Freight Logistic,NULL,None,None,NULL,By Email,NULL,Auto Generated,NULL,NULL,NULL,NULL,NULL,0,NULL,2025-01-03 20:23:27.857,NULL,0,NULL,NULL,NULL,NULL,NULL,NULL,NULL,NULL,Ocean Export,1,NULL,NULL,0,NULL,,NULL,NULL,NULL,NULL,1,0,,New Jersey (EWR),NULL,NULL,NULL
1580,2025-01-03 00:00:00.000,INQ1019886,Technology State LLC,NULL,None,None,NULL,By Email,NULL,Auto Generated,NULL,NULL,NULL,NULL,NULL,0,NULL,2025-01-03 20:29:51.837,NULL,0,NULL,NULL,NULL,NULL,NULL,NULL,NULL,NULL,Ocean Export,1,NULL,NULL,0,NULL,,NULL,NULL,NULL,NULL,1,0,,Sales & Marketing,NULL,NULL,NULL
1581,2025-01-03 00:00:00.000,INQ1019887,Three Lines Shipping LLC,NULL,None,None,NULL,By Email,NULL,Auto Generated,NULL,NULL,NULL,NULL,NULL,0,NULL,2025-01-03 20:33:01.230,NULL,0,NULL,NULL,NULL,NULL,NULL,NULL,NULL,NULL,Ocean Export,1,NULL,NULL,0,NULL,,NULL,NULL,NULL,NULL,1,0,,New Jersey (EWR),NULL,NULL,NULL
1583,2025-01-03 00:00:00.000,INQ1019889,Mohamed Hassan Hassanin,NULL,None,None,NULL,By Email,NULL,Auto Generated,NULL,NULL,NULL,NULL,NULL,0,NULL,2025-01-03 20:48:25.433,NULL,0,NULL,NULL,NULL,NULL,NULL,NULL,NULL,NULL,Ocean Export,1,NULL,NULL,0,NULL,,NULL,NULL,NULL,NULL,1,0,,New Jersey (EWR),NULL,NULL,NULL
1585,2025-01-07 00:00:00.000,INQ1019904,Black Pillar Machinery LLC,NULL,None,None,NULL,By Email,NULL,Auto Generated,NULL,NULL,NULL,NULL,NULL,0,NULL,2025-01-07 12:43:34.697,NULL,0,NULL,NULL,NULL,NULL,NULL,NULL,NULL,NULL,Ocean Export,1,NULL,NULL,0,NULL,,NULL,NULL,NULL,NULL,1,0,,New Jersey (EWR),NULL,NULL,NULL
1586,2025-01-07 00:00:00.000,INQ1019905,EGYPTIAN MARKET,NULL,None,None,NULL,By Email,NULL,Auto Generated,NULL,NULL,NULL,NULL,NULL,0,NULL,2025-01-07 12:44:38.437,NULL,0,NULL,NULL,NULL,NULL,NULL,NULL,NULL,NULL,Ocean Export,1,NULL,NULL,0,NULL,,NULL,NULL,NULL,NULL,1,0,,New Jersey (EWR),NULL,NULL,NULL
1587,2025-01-07 00:00:00.000,INQ1019906,EGYPTIAN MARKET,NULL,None,None,NULL,By Email,NULL,Auto Generated,NULL,NULL,NULL,NULL,NULL,0,NULL,2025-01-07 12:44:42.980,NULL,1,NULL,NULL,NULL,NULL,NULL,NULL,NULL,NULL,Ocean Export,1,NULL,NULL,0,NULL,,duplicate,NULL,NULL,NULL,1,0,,New Jersey (EWR),NULL,NULL,NULL
1588,2025-01-07 00:00:00.000,INQ1019908,Freight Coordinators,NULL,None,None,NULL,By Email,NULL,Auto Generated,NULL,NULL,NULL,NULL,NULL,0,NULL,2025-01-07 12:46:46.787,NULL,0,NULL,NULL,NULL,NULL,NULL,NULL,NULL,NULL,Ocean Export,1,NULL,NULL,0,NULL,,NULL,NULL,NULL,NULL,1,0,,New Jersey (EWR),NULL,NULL,NULL
1589,2025-01-07 00:00:00.000,INQ1019909,GIZMO Machine Tools Inc.,NULL,None,None,NULL,By Email,NULL,Auto Generated,NULL,NULL,NULL,NULL,NULL,0,NULL,2025-01-07 12:48:38.753,NULL,0,NULL,NULL,NULL,NULL,NULL,NULL,NULL,NULL,Ocean Export,1,NULL,NULL,0,NULL,,NULL,NULL,NULL,NULL,1,0,,New Jersey (EWR),NULL,NULL,NULL
1590,2025-01-07 00:00:00.000,INQ1019910,"Haman Construction, LLC.",NULL,None,None,NULL,By Email,NULL,Auto Generated,NULL,NULL,NULL,NULL,NULL,0,NULL,2025-01-07 12:51:33.733,NULL,1,NULL,NULL,NULL,NULL,NULL,NULL,NULL,NULL,Ocean Export,1,NULL,NULL,0,NULL,,duplicate,NULL,NULL,NULL,1,0,,New Jersey (EWR),NULL,NULL,NULL
1591,2025-01-07 00:00:00.000,INQ1019911,International Heavy Equipment,NULL,None,None,NULL,By Email,NULL,Auto Generated,NULL,NULL,NULL,NULL,NULL,0,NULL,2025-01-07 12:53:06.847,NULL,0,NULL,NULL,NULL,NULL,NULL,NULL,NULL,NULL,Ocean Export,1,NULL,NULL,0,NULL,,NULL,NULL,NULL,NULL,1,0,,Sales & Marketing,NULL,NULL,NULL
1592,2025-01-07 00:00:00.000,INQ1019912,Landfall Executive Suites,NULL,None,None,NULL,By Email,NULL,Auto Generated,NULL,NULL,NULL,NULL,NULL,0,NULL,2025-01-07 12:54:40.460,NULL,0,NULL,NULL,NULL,NULL,NULL,NULL,NULL,NULL,Ocean Export,1,NULL,NULL,0,NULL,,NULL,NULL,NULL,NULL,1,0,,New Jersey (EWR),NULL,NULL,NULL
1593,2025-01-07 00:00:00.000,INQ1019913,MY SWEET HOME FURNITURE INC,NULL,None,None,NULL,By Email,NULL,Auto Generated,NULL,NULL,NULL,NULL,NULL,0,NULL,2025-01-07 12:56:33.837,NULL,0,NULL,NULL,NULL,NULL,NULL,NULL,NULL,NULL,Ocean Export,1,NULL,NULL,0,NULL,,NULL,NULL,NULL,NULL,1,0,,New Jersey (EWR),NULL,NULL,NULL
1594,2025-01-07 00:00:00.000,INQ1019917,OPENTRADE BOLIVA SRL,NULL,None,None,NULL,By Email,NULL,Auto Generated,NULL,NULL,NULL,NULL,NULL,0,NULL,2025-01-07 13:23:01.047,NULL,0,NULL,NULL,NULL,NULL,NULL,NULL,NULL,NULL,Ocean Export,1,NULL,NULL,0,NULL,,NULL,NULL,NULL,NULL,1,0,,New Jersey (EWR),NULL,NULL,NULL
1595,2025-01-07 00:00:00.000,INQ1019919,Rise Tek Inc.,NULL,None,None,NULL,By Email,NULL,Auto Generated,NULL,NULL,NULL,NULL,NULL,0,NULL,2025-01-07 13:24:56.873,NULL,0,NULL,NULL,NULL,NULL,NULL,NULL,NULL,NULL,Ocean Export,1,NULL,NULL,0,NULL,,NULL,NULL,NULL,NULL,1,0,,New Jersey (EWR),NULL,NULL,NULL
1596,2025-01-07 00:00:00.000,INQ1019920,Rise Tek Inc.,NULL,None,None,NULL,By Email,NULL,Auto Generated,NULL,NULL,NULL,NULL,NULL,0,NULL,2025-01-07 13:26:14.000,NULL,0,NULL,NULL,NULL,NULL,NULL,NULL,NULL,NULL,Ocean Export,1,NULL,NULL,0,NULL,,NULL,NULL,NULL,NULL,1,0,,New Jersey (EWR),NULL,NULL,NULL
1597,2025-01-07 00:00:00.000,INQ1019921,ROYAL EXPORT INC,NULL,None,None,NULL,By Email,NULL,Auto Generated,NULL,NULL,NULL,NULL,NULL,0,NULL,2025-01-07 13:29:25.217,NULL,0,NULL,NULL,NULL,NULL,NULL,NULL,NULL,NULL,Ocean Export,1,NULL,NULL,0,NULL,,NULL,NULL,NULL,NULL,1,0,,New Jersey (EWR),NULL,NULL,NULL
1598,2025-01-07 00:00:00.000,INQ1019922,SHAH INTERNATIONAL INC.,NULL,None,None,NULL,By Email,NULL,Auto Generated,NULL,NULL,NULL,NULL,NULL,0,NULL,2025-01-07 13:30:41.487,NULL,0,NULL,NULL,NULL,NULL,NULL,NULL,NULL,NULL,Ocean Export,1,NULL,NULL,0,NULL,,NULL,NULL,NULL,NULL,1,0,,Sales & Marketing,NULL,NULL,NULL
1599,2025-01-07 00:00:00.000,INQ1019923,SHIP AIR LOGISTICS (PVT) LTD,NULL,None,None,NULL,By Email,NULL,Auto Generated,NULL,NULL,NULL,NULL,NULL,0,NULL,2025-01-07 13:32:39.937,NULL,0,NULL,NULL,NULL,NULL,NULL,NULL,NULL,NULL,Ocean Export,1,NULL,NULL,0,NULL,,NULL,NULL,NULL,NULL,1,0,,New Jersey (EWR),NULL,NULL,NULL
1600,2025-01-07 00:00:00.000,INQ1019925,SHIP AIR LOGISTICS (PVT) LTD,NULL,None,None,NULL,By Email,NULL,Auto Generated,NULL,NULL,NULL,NULL,NULL,0,NULL,2025-01-07 13:35:40.947,NULL,0,NULL,NULL,NULL,NULL,NULL,NULL,NULL,NULL,Ocean Export,1,NULL,NULL,0,NULL,,NULL,NULL,NULL,NULL,1,0,,New Jersey (EWR),NULL,NULL,NULL
1601,2025-01-07 00:00:00.000,INQ1019926,SOUTHERN LOGISTICS,NULL,None,None,NULL,By Email,NULL,Auto Generated,NULL,NULL,NULL,NULL,NULL,0,NULL,2025-01-07 13:36:38.503,NULL,0,NULL,NULL,NULL,NULL,NULL,NULL,NULL,NULL,Ocean Export,1,NULL,NULL,0,NULL,,NULL,NULL,NULL,NULL,1,0,,New Jersey (EWR),NULL,NULL,NULL
1602,2025-01-07 00:00:00.000,INQ1019928,THE MOES LLC,NULL,None,None,NULL,By Email,NULL,Auto Generated,NULL,NULL,NULL,NULL,NULL,0,NULL,2025-01-07 13:41:52.440,NULL,0,NULL,NULL,NULL,NULL,NULL,NULL,NULL,NULL,Ocean Export,1,NULL,NULL,0,NULL,,NULL,NULL,NULL,NULL,1,0,,New Jersey (EWR),NULL,NULL,NULL
1603,2025-01-07 00:00:00.000,INQ1019929,TOWN BUSINESS CENTER,NULL,None,None,NULL,By Email,NULL,Auto Generated,NULL,NULL,NULL,NULL,NULL,0,NULL,2025-01-07 13:46:47.060,NULL,0,NULL,NULL,NULL,NULL,NULL,NULL,NULL,NULL,Ocean Export,1,NULL,NULL,0,NULL,,NULL,NULL,NULL,NULL,1,0,,New Jersey (EWR),NULL,NULL,NULL
1604,2025-01-07 00:00:00.000,INQ1019931,YAQUBIAN INT'L TRADING CORP.,NULL,None,None,NULL,By Email,NULL,Auto Generated,NULL,NULL,NULL,NULL,NULL,0,NULL,2025-01-07 13:48:36.023,NULL,0,NULL,NULL,NULL,NULL,NULL,NULL,NULL,NULL,Ocean Export,1,NULL,NULL,0,NULL,,NULL,NULL,NULL,NULL,1,0,,New Jersey (EWR),NULL,NULL,NULL
1605,2025-01-07 00:00:00.000,INQ1019932,RMG ENTERPRISES,NULL,None,None,NULL,By Email,NULL,Auto Generated,NULL,NULL,NULL,NULL,NULL,0,NULL,2025-01-07 13:54:11.920,NULL,0,NULL,NULL,NULL,NULL,NULL,NULL,NULL,NULL,Ocean Export,1,NULL,NULL,0,NULL,,NULL,NULL,NULL,NULL,1,0,,New Jersey (EWR),NULL,NULL,NULL
1606,2025-01-07 00:00:00.000,INQ1019933,OM TRADING COMPANY LIMITED,NULL,None,None,NULL,By Email,NULL,Auto Generated,NULL,NULL,NULL,NULL,NULL,0,NULL,2025-01-07 13:55:09.080,NULL,0,NULL,NULL,NULL,NULL,NULL,NULL,NULL,NULL,Ocean Export,1,NULL,NULL,0,NULL,,NULL,NULL,NULL,NULL,1,0,,New Jersey (EWR),NULL,NULL,NULL
1607,2025-01-07 00:00:00.000,INQ1019934,AMAZON COMPUTER TECHNOLOGY,NULL,None,None,NULL,By Email,NULL,Auto Generated,NULL,NULL,NULL,NULL,NULL,0,NULL,2025-01-07 13:56:36.800,NULL,0,NULL,NULL,NULL,NULL,NULL,NULL,NULL,NULL,Ocean Export,1,NULL,NULL,0,NULL,,NULL,NULL,NULL,NULL,1,0,,New Jersey (EWR),NULL,NULL,NULL
1608,2025-01-07 00:00:00.000,INQ1019937,"RPC INTERNATIONAL, INC",NULL,None,None,NULL,By Email,NULL,Auto Generated,NULL,NULL,NULL,NULL,NULL,0,NULL,2025-01-07 14:06:36.413,NULL,0,NULL,NULL,NULL,NULL,NULL,NULL,NULL,NULL,Ocean Export,1,NULL,NULL,0,NULL,,NULL,NULL,NULL,NULL,1,0,,New Jersey (EWR),NULL,NULL,NULL
1609,2025-01-07 00:00:00.000,INQ1019938,Nazir sons.,NULL,None,None,NULL,By Email,NULL,Auto Generated,NULL,NULL,NULL,NULL,NULL,0,NULL,2025-01-07 14:09:17.050,NULL,0,NULL,NULL,NULL,NULL,NULL,NULL,NULL,NULL,Ocean Export,1,NULL,NULL,0,NULL,,NULL,NULL,NULL,NULL,1,0,,New Jersey (EWR),NULL,NULL,NULL
1610,2025-01-07 00:00:00.000,INQ1019939,MEDHAT ABAS,NULL,None,None,NULL,By Email,NULL,Auto Generated,NULL,NULL,NULL,NULL,NULL,0,NULL,2025-01-07 14:09:58.983,NULL,0,NULL,NULL,NULL,NULL,NULL,NULL,NULL,NULL,Ocean Export,1,NULL,NULL,0,NULL,,NULL,NULL,NULL,NULL,1,0,,New Jersey (EWR),NULL,NULL,NULL
1611,2025-01-07 00:00:00.000,INQ1019941,Innovations4u,NULL,None,None,NULL,By Email,NULL,Auto Generated,NULL,NULL,NULL,NULL,NULL,0,NULL,2025-01-07 14:12:47.443,NULL,0,NULL,NULL,NULL,NULL,NULL,NULL,NULL,NULL,Ocean Export,1,NULL,NULL,0,NULL,,NULL,NULL,NULL,NULL,1,0,,New Jersey (EWR),NULL,NULL,NULL
1612,2025-01-07 00:00:00.000,INQ1019942,ABDULAZIZ GHEDI,NULL,None,None,NULL,By Email,NULL,Auto Generated,NULL,NULL,NULL,NULL,NULL,0,NULL,2025-01-07 14:14:37.310,NULL,0,NULL,NULL,NULL,NULL,NULL,NULL,NULL,NULL,Ocean Export,1,NULL,NULL,0,NULL,,NULL,NULL,NULL,NULL,1,0,,New Jersey (EWR),NULL,NULL,NULL
1613,2025-01-07 00:00:00.000,INQ1019943,All City Equipment INC.,NULL,None,None,NULL,By Email,NULL,Auto Generated,NULL,NULL,NULL,NULL,NULL,0,NULL,2025-01-07 14:17:19.293,NULL,0,NULL,NULL,NULL,NULL,NULL,NULL,NULL,NULL,Ocean Export,1,NULL,NULL,0,NULL,,NULL,NULL,NULL,NULL,1,0,,New Jersey (EWR),NULL,NULL,NULL
1614,2025-01-07 00:00:00.000,INQ1019944,All City Equipment INC.,NULL,None,None,NULL,By Email,NULL,Auto Generated,NULL,NULL,NULL,NULL,NULL,0,NULL,2025-01-07 14:17:55.887,NULL,0,NULL,NULL,NULL,NULL,NULL,NULL,NULL,NULL,Ocean Export,1,NULL,NULL,0,NULL,,NULL,NULL,NULL,NULL,1,0,,New Jersey (EWR),NULL,NULL,NULL
1615,2025-01-07 00:00:00.000,INQ1019945,AM Beauty Distribution Inc.,NULL,None,None,NULL,By Email,NULL,Auto Generated,NULL,NULL,NULL,NULL,NULL,0,NULL,2025-01-07 14:18:37.950,NULL,0,NULL,NULL,NULL,NULL,NULL,NULL,NULL,NULL,Ocean Export,1,NULL,NULL,0,NULL,,NULL,NULL,NULL,NULL,1,0,,New Jersey (EWR),NULL,NULL,NULL
1616,2025-01-07 00:00:00.000,INQ1019946,B&Q LLC,NULL,None,None,NULL,By Email,NULL,Auto Generated,NULL,NULL,NULL,NULL,NULL,0,NULL,2025-01-07 14:20:50.177,NULL,0,NULL,NULL,NULL,NULL,NULL,NULL,NULL,NULL,Ocean Export,1,NULL,NULL,0,NULL,,NULL,NULL,NULL,NULL,1,0,,New Jersey (EWR),NULL,NULL,NULL
1617,2025-01-07 00:00:00.000,INQ1019948,CITY ACCOUNTING,NULL,None,None,NULL,By Email,NULL,Auto Generated,NULL,NULL,NULL,NULL,NULL,0,NULL,2025-01-07 14:24:37.580,NULL,0,NULL,NULL,NULL,NULL,NULL,NULL,NULL,NULL,Ocean Export,1,NULL,NULL,0,NULL,,NULL,NULL,NULL,NULL,1,0,,New Jersey (EWR),NULL,NULL,NULL
1618,2025-01-07 00:00:00.000,INQ1019949,"ELLERRE TECH, INC.",NULL,None,None,NULL,By Email,NULL,Auto Generated,NULL,NULL,NULL,NULL,NULL,0,NULL,2025-01-07 17:24:01.250,NULL,0,NULL,NULL,NULL,NULL,NULL,NULL,NULL,NULL,Ocean Export,1,NULL,NULL,0,NULL,,NULL,NULL,NULL,NULL,1,0,,Sales & Marketing,NULL,NULL,NULL
1619,2025-01-07 00:00:00.000,INQ1019950,Innovative Integrated Industries,NULL,None,None,NULL,By Email,NULL,Auto Generated,NULL,NULL,NULL,NULL,NULL,0,NULL,2025-01-07 17:26:24.177,NULL,0,NULL,NULL,NULL,NULL,NULL,NULL,NULL,NULL,Ocean Export,1,NULL,NULL,0,NULL,,NULL,NULL,NULL,NULL,1,0,,Sales & Marketing,NULL,NULL,NULL
1620,2025-01-07 00:00:00.000,INQ1019951,International Shipping Link INC,NULL,None,None,NULL,By Email,NULL,Auto Generated,NULL,NULL,NULL,NULL,NULL,0,NULL,2025-01-07 17:27:02.767,NULL,0,NULL,NULL,NULL,NULL,NULL,NULL,NULL,NULL,Ocean Export,1,NULL,NULL,0,NULL,,NULL,NULL,NULL,NULL,1,0,,New Jersey (EWR),NULL,NULL,NULL
1621,2025-01-07 00:00:00.000,INQ1019952,ONE STOP Import & Export LL,NULL,None,None,NULL,By Email,NULL,Auto Generated,NULL,NULL,NULL,NULL,NULL,0,NULL,2025-01-07 17:27:54.557,NULL,0,NULL,NULL,NULL,NULL,NULL,NULL,NULL,NULL,Ocean Export,1,NULL,NULL,0,NULL,,NULL,NULL,NULL,NULL,1,0,,MUMBAI (MUM),NULL,NULL,NULL
1622,2025-01-07 00:00:00.000,INQ1019953,Peter Harley,NULL,None,None,NULL,By Email,NULL,Auto Generated,NULL,NULL,NULL,NULL,NULL,0,NULL,2025-01-07 17:28:29.347,NULL,0,NULL,NULL,NULL,NULL,NULL,NULL,NULL,NULL,Ocean Export,1,NULL,NULL,0,NULL,,NULL,NULL,NULL,NULL,1,0,,New Jersey (EWR),NULL,NULL,NULL
1623,2025-01-07 00:00:00.000,INQ1019954,SAMA NBDA AL-HAYAT COMPANY,NULL,None,None,NULL,By Email,NULL,Auto Generated,NULL,NULL,NULL,NULL,NULL,0,NULL,2025-01-07 17:33:34.353,NULL,0,NULL,NULL,NULL,NULL,NULL,NULL,NULL,NULL,Ocean Export,1,NULL,NULL,0,NULL,,NULL,NULL,NULL,NULL,1,0,,Sales & Marketing,NULL,NULL,NULL
1625,2025-01-07 00:00:00.000,INQ1019956,SJ Computers,NULL,None,None,NULL,By Email,NULL,Auto Generated,NULL,NULL,NULL,NULL,NULL,0,NULL,2025-01-07 17:35:30.920,NULL,0,NULL,NULL,NULL,NULL,NULL,NULL,NULL,NULL,Ocean Export,1,NULL,NULL,0,NULL,,NULL,NULL,NULL,NULL,1,0,,New Jersey (EWR),NULL,NULL,NULL
1626,2025-01-07 00:00:00.000,INQ1019957,THREE LINE SHIPPING LLC,NULL,None,None,NULL,By Email,NULL,Auto Generated,NULL,NULL,NULL,NULL,NULL,0,NULL,2025-01-07 17:38:49.037,NULL,1,NULL,NULL,NULL,NULL,NULL,NULL,NULL,NULL,Ocean Export,1,NULL,NULL,0,NULL,,duplicate,NULL,NULL,NULL,1,0,,Inside Sales Group,NULL,NULL,NULL
1627,2025-01-07 00:00:00.000,INQ1019958,USI freight solution,NULL,None,None,NULL,By Email,NULL,Auto Generated,NULL,NULL,NULL,NULL,NULL,0,NULL,2025-01-07 17:39:57.597,NULL,0,NULL,NULL,NULL,NULL,NULL,NULL,NULL,NULL,Ocean Export,1,NULL,NULL,0,NULL,,NULL,NULL,NULL,NULL,1,0,,Sales & Marketing,NULL,NULL,NULL
1628,2025-01-07 00:00:00.000,INQ1019960,Kevins auto sales,NULL,None,None,NULL,By Email,NULL,Auto Generated,NULL,NULL,NULL,NULL,NULL,0,NULL,2025-01-07 17:40:43.380,NULL,0,NULL,NULL,NULL,NULL,NULL,NULL,NULL,NULL,Ocean Export,1,NULL,NULL,0,NULL,,NULL,NULL,NULL,NULL,1,0,,New Jersey (EWR),NULL,NULL,NULL
1629,2025-01-07 00:00:00.000,INQ1019961,SCM Inventure Pvt.,NULL,None,None,NULL,By Email,NULL,Auto Generated,NULL,NULL,NULL,NULL,NULL,0,NULL,2025-01-07 17:42:17.450,NULL,0,NULL,NULL,NULL,NULL,NULL,NULL,NULL,NULL,Ocean Export,1,NULL,NULL,0,NULL,,NULL,NULL,NULL,NULL,1,0,,New Jersey (EWR),NULL,NULL,NULL
1630,2025-01-07 00:00:00.000,INQ1019962,"AL-ANWAR TRANS WORLD, LLC",NULL,None,None,NULL,By Email,NULL,Auto Generated,NULL,NULL,NULL,NULL,NULL,0,NULL,2025-01-07 17:43:12.047,NULL,0,NULL,NULL,NULL,NULL,NULL,NULL,NULL,NULL,Ocean Export,1,NULL,NULL,0,NULL,,NULL,NULL,NULL,NULL,1,0,,New Jersey (EWR),NULL,NULL,NULL
1631,2025-01-07 00:00:00.000,INQ1019963,USTRG,NULL,None,None,NULL,By Email,NULL,Auto Generated,NULL,NULL,NULL,NULL,NULL,0,NULL,2025-01-07 17:43:45.120,NULL,0,NULL,NULL,NULL,NULL,NULL,NULL,NULL,NULL,Ocean Export,1,NULL,NULL,0,NULL,,NULL,NULL,NULL,NULL,1,0,,New Jersey (EWR),NULL,NULL,NULL
1632,2025-01-07 00:00:00.000,INQ1019964,USTRG,NULL,None,None,NULL,By Email,NULL,Auto Generated,NULL,NULL,NULL,NULL,NULL,0,NULL,2025-01-07 17:43:49.713,NULL,0,NULL,NULL,NULL,NULL,NULL,NULL,NULL,NULL,Ocean Export,1,NULL,NULL,0,NULL,,NULL,NULL,NULL,NULL,1,0,,New Jersey (EWR),NULL,NULL,NULL
1633,2025-01-07 00:00:00.000,INQ1019965,Fast-Linx,NULL,None,None,NULL,By Email,NULL,Auto Generated,NULL,NULL,NULL,NULL,NULL,0,NULL,2025-01-07 17:44:31.870,NULL,0,NULL,NULL,NULL,NULL,NULL,NULL,NULL,NULL,Ocean Export,1,NULL,NULL,0,NULL,,NULL,NULL,NULL,NULL,1,0,,New Jersey (EWR),NULL,NULL,NULL
1634,2025-01-07 00:00:00.000,INQ1019966,Asia Connex Inc.,NULL,None,None,NULL,By Email,NULL,Auto Generated,NULL,NULL,NULL,NULL,NULL,0,NULL,2025-01-07 17:45:05.847,NULL,0,NULL,NULL,NULL,NULL,NULL,NULL,NULL,NULL,Ocean Export,1,NULL,NULL,0,NULL,,NULL,NULL,NULL,NULL,1,0,,New Jersey (EWR),NULL,NULL,NULL
1635,2025-01-07 00:00:00.000,INQ1019967,Life Support Nutrients Pvt. Ltd,NULL,None,None,NULL,By Email,NULL,Auto Generated,NULL,NULL,NULL,NULL,NULL,0,NULL,2025-01-07 17:45:40.263,NULL,0,NULL,NULL,NULL,NULL,NULL,NULL,NULL,NULL,Ocean Export,1,NULL,NULL,0,NULL,,NULL,NULL,NULL,NULL,1,0,,New Jersey (EWR),NULL,NULL,NULL
1636,2025-01-07 00:00:00.000,INQ1019968,"AEL EQUIPMENT GROUP,INC.",NULL,None,None,NULL,By Email,NULL,Auto Generated,NULL,NULL,NULL,NULL,NULL,0,NULL,2025-01-07 17:46:16.500,NULL,0,NULL,NULL,NULL,NULL,NULL,NULL,NULL,NULL,Ocean Export,1,NULL,NULL,0,NULL,,NULL,NULL,NULL,NULL,1,0,,New Jersey (EWR),NULL,NULL,NULL
1637,2025-01-07 00:00:00.000,INQ1019969,Mondial international LLC.,NULL,None,None,NULL,By Email,NULL,Auto Generated,NULL,NULL,NULL,NULL,NULL,0,NULL,2025-01-07 17:46:53.863,2025-10-01 13:25:13.063,0,NULL,NULL,NULL,NULL,NULL,NULL,NULL,NULL,Ocean Export,1,NULL,NULL,0,NULL,,NULL,NULL,NULL,NULL,1,0,,New Jersey (EWR),NULL,NULL,NULL
1639,2025-01-07 00:00:00.000,INQ1019971,Sky For Import,NULL,None,None,NULL,By Email,NULL,Auto Generated,NULL,NULL,NULL,NULL,NULL,0,NULL,2025-01-07 18:34:10.640,NULL,0,NULL,NULL,NULL,NULL,NULL,NULL,NULL,NULL,Ocean Export,1,NULL,NULL,0,NULL,,NULL,NULL,NULL,NULL,1,0,,New Jersey (EWR),NULL,NULL,NULL
1640,2025-01-07 00:00:00.000,INQ1019972,CAT MEDANY MACHINES LLC,NULL,None,None,NULL,By Email,NULL,Auto Generated,NULL,NULL,NULL,NULL,NULL,0,NULL,2025-01-07 18:41:15.027,NULL,0,NULL,NULL,NULL,NULL,NULL,NULL,NULL,NULL,Ocean Export,1,NULL,NULL,0,NULL,,NULL,NULL,NULL,NULL,1,0,,New Jersey (EWR),NULL,NULL,NULL
1641,2025-01-07 00:00:00.000,INQ1019973,ALAA ABDOU TAWFIK HAMOUDA  FARGHALY,NULL,None,None,NULL,By Email,NULL,Auto Generated,NULL,NULL,NULL,NULL,NULL,0,NULL,2025-01-07 18:41:57.533,NULL,0,NULL,NULL,NULL,NULL,NULL,NULL,NULL,NULL,Ocean Export,1,NULL,NULL,0,NULL,,NULL,NULL,NULL,NULL,1,0,,New Jersey (EWR),NULL,NULL,NULL
1642,2025-01-07 00:00:00.000,INQ1019974,ALPS COMPUTER,NULL,None,None,NULL,By Email,NULL,Auto Generated,NULL,NULL,NULL,NULL,NULL,0,NULL,2025-01-07 18:42:59.287,NULL,0,NULL,NULL,NULL,NULL,NULL,NULL,NULL,NULL,Ocean Export,1,NULL,NULL,0,NULL,,NULL,NULL,NULL,NULL,1,0,,New Jersey (EWR),NULL,NULL,NULL
1643,2025-01-07 00:00:00.000,INQ1019975,ALSARRAJ TEXTILE CORP,NULL,None,None,NULL,By Email,NULL,Auto Generated,NULL,NULL,NULL,NULL,NULL,0,NULL,2025-01-07 18:43:19.020,NULL,0,NULL,NULL,NULL,NULL,NULL,NULL,NULL,NULL,Ocean Export,1,NULL,NULL,0,NULL,,NULL,NULL,NULL,NULL,1,0,,New Jersey (EWR),NULL,NULL,NULL
1644,2025-01-07 00:00:00.000,INQ1019976,Ammar Machinery Concept S.L.U.,NULL,None,None,NULL,By Email,NULL,Auto Generated,NULL,NULL,NULL,NULL,NULL,0,NULL,2025-01-07 18:43:43.607,NULL,0,NULL,NULL,NULL,NULL,NULL,NULL,NULL,NULL,Ocean Export,1,NULL,NULL,0,NULL,,NULL,NULL,NULL,NULL,1,0,,Hamid Hussaini,NULL,NULL,NULL
1645,2025-01-07 00:00:00.000,INQ1019977,Baha Zhuman,NULL,None,None,NULL,By Email,NULL,Auto Generated,NULL,NULL,NULL,NULL,NULL,0,NULL,2025-01-07 18:44:01.120,NULL,0,NULL,NULL,NULL,NULL,NULL,NULL,NULL,NULL,Ocean Export,1,NULL,NULL,0,NULL,,NULL,NULL,NULL,NULL,1,0,,New Jersey (EWR),NULL,NULL,NULL
1646,2025-01-07 00:00:00.000,INQ1019978,D Group International Consulting Services LLC.,NULL,None,None,NULL,By Email,NULL,Auto Generated,NULL,NULL,NULL,NULL,NULL,0,NULL,2025-01-07 18:44:40.967,NULL,1,NULL,NULL,NULL,NULL,NULL,NULL,NULL,NULL,Ocean Export,1,NULL,NULL,0,NULL,,duplicate,NULL,NULL,NULL,1,0,,Sales & Marketing,NULL,NULL,NULL
1647,2025-01-07 00:00:00.000,INQ1019979,D Group International Consulting Services LLC.,NULL,None,None,NULL,By Email,NULL,Auto Generated,NULL,NULL,NULL,NULL,NULL,0,NULL,2025-01-07 18:45:41.510,NULL,0,NULL,NULL,NULL,NULL,NULL,NULL,NULL,NULL,Ocean Export,1,NULL,NULL,0,NULL,,NULL,NULL,NULL,NULL,1,0,,Sales & Marketing,NULL,NULL,NULL
1648,2025-01-07 00:00:00.000,INQ1019980,DEVINO USED TRUCK AND PARTS,NULL,None,None,NULL,By Email,NULL,Auto Generated,NULL,NULL,NULL,NULL,NULL,0,NULL,2025-01-07 18:46:20.037,NULL,0,NULL,NULL,NULL,NULL,NULL,NULL,NULL,NULL,Ocean Export,1,NULL,NULL,0,NULL,,NULL,NULL,NULL,NULL,1,0,,New Jersey (EWR),NULL,NULL,NULL
1649,2025-01-07 00:00:00.000,INQ1019981,"Forbes Seed & Grain, Inc.",NULL,None,None,NULL,By Email,NULL,Auto Generated,NULL,NULL,NULL,NULL,NULL,0,NULL,2025-01-07 18:46:45.593,NULL,0,NULL,NULL,NULL,NULL,NULL,NULL,NULL,NULL,Ocean Export,1,NULL,NULL,0,NULL,,NULL,NULL,NULL,NULL,1,0,,New Jersey (EWR),NULL,NULL,NULL
1650,2025-01-07 00:00:00.000,INQ1019982,George Malcolm,NULL,None,None,NULL,By Email,NULL,Auto Generated,NULL,NULL,NULL,NULL,NULL,0,NULL,2025-01-07 18:48:17.433,NULL,0,NULL,NULL,NULL,NULL,NULL,NULL,NULL,NULL,Ocean Export,1,NULL,NULL,0,NULL,,NULL,NULL,NULL,NULL,1,0,,Sales & Marketing,NULL,NULL,NULL
1651,2025-01-07 00:00:00.000,INQ1019983,GLOBAL TRANSIT FZ LLC,NULL,None,None,NULL,By Email,NULL,Auto Generated,NULL,NULL,NULL,NULL,NULL,0,NULL,2025-01-07 18:49:33.070,NULL,0,NULL,NULL,NULL,NULL,NULL,NULL,NULL,NULL,Ocean Export,1,NULL,NULL,0,NULL,,NULL,NULL,NULL,NULL,1,0,,Sales & Marketing,NULL,NULL,NULL
1652,2025-01-07 00:00:00.000,INQ1019984,H S PRINT SERVICES PVT. LTD.,NULL,None,None,NULL,By Email,NULL,Auto Generated,NULL,NULL,NULL,NULL,NULL,0,NULL,2025-01-07 18:52:20.690,NULL,0,NULL,NULL,NULL,NULL,NULL,NULL,NULL,NULL,Ocean Export,1,NULL,NULL,0,NULL,,NULL,NULL,NULL,NULL,1,0,,Sales & Marketing,NULL,NULL,NULL
1653,2025-01-07 00:00:00.000,INQ1019985,IBRAHIM Mohammed Nasr Elshaboury,NULL,None,None,NULL,By Email,NULL,Auto Generated,NULL,NULL,NULL,NULL,NULL,0,NULL,2025-01-07 18:53:27.610,NULL,0,NULL,NULL,NULL,NULL,NULL,NULL,NULL,NULL,Ocean Export,1,NULL,NULL,0,NULL,,NULL,NULL,NULL,NULL,1,0,,New Jersey (EWR),NULL,NULL,NULL
1654,2025-01-07 00:00:00.000,INQ1019986,KETO FOODS,NULL,None,None,NULL,By Email,NULL,Auto Generated,NULL,NULL,NULL,NULL,NULL,0,NULL,2025-01-07 18:54:54.357,NULL,0,NULL,NULL,NULL,NULL,NULL,NULL,NULL,NULL,Ocean Export,1,NULL,NULL,0,NULL,,NULL,NULL,NULL,NULL,1,0,,Sales & Marketing,NULL,NULL,NULL
1655,2025-01-07 00:00:00.000,INQ1019987,Marvel Foods,NULL,None,None,NULL,By Email,NULL,Auto Generated,NULL,NULL,NULL,NULL,NULL,0,NULL,2025-01-07 18:57:54.430,NULL,0,NULL,NULL,NULL,NULL,NULL,NULL,NULL,NULL,Ocean Export,1,NULL,NULL,0,NULL,,NULL,NULL,NULL,NULL,1,0,,New Jersey (EWR),NULL,NULL,NULL
1656,2025-01-07 00:00:00.000,INQ1019988,MEGA EQUIPMENTS,NULL,None,None,NULL,By Email,NULL,Auto Generated,NULL,NULL,NULL,NULL,NULL,0,NULL,2025-01-07 18:59:26.210,NULL,0,NULL,NULL,NULL,NULL,NULL,NULL,NULL,NULL,Ocean Export,1,NULL,NULL,0,NULL,,NULL,NULL,NULL,NULL,1,0,,New Jersey (EWR),NULL,NULL,NULL
1657,2025-01-07 00:00:00.000,INQ1019989,Mega Equipment and Cranes Inc.,NULL,None,None,NULL,By Email,NULL,Auto Generated,NULL,NULL,NULL,NULL,NULL,0,NULL,2025-01-07 18:59:30.527,NULL,1,NULL,NULL,NULL,NULL,NULL,NULL,NULL,NULL,Ocean Export,1,NULL,NULL,0,NULL,,duplicate,NULL,NULL,NULL,1,0,,Sales & Marketing,NULL,NULL,NULL
1658,2025-01-07 00:00:00.000,INQ1019990,R Manubhai & Sons,NULL,None,None,NULL,By Email,NULL,Auto Generated,NULL,NULL,NULL,NULL,NULL,0,NULL,2025-01-07 19:01:11.680,NULL,0,NULL,NULL,NULL,NULL,NULL,NULL,NULL,NULL,Ocean Export,1,NULL,NULL,0,NULL,,NULL,NULL,NULL,NULL,1,0,,New Jersey (EWR),NULL,NULL,NULL
1659,2025-01-07 00:00:00.000,INQ1019991,Real Mining / VR Truck Trays,NULL,None,None,NULL,By Email,NULL,Auto Generated,NULL,NULL,NULL,NULL,NULL,0,NULL,2025-01-07 19:01:58.057,NULL,0,NULL,NULL,NULL,NULL,NULL,NULL,NULL,NULL,Ocean Export,1,NULL,NULL,0,NULL,,NULL,NULL,NULL,NULL,1,0,,New Jersey (EWR),NULL,NULL,NULL
1660,2025-01-07 00:00:00.000,INQ1019992,Style-N-Textile Inc,NULL,None,None,NULL,By Email,NULL,Auto Generated,NULL,NULL,NULL,NULL,NULL,0,NULL,2025-01-07 19:02:49.253,NULL,0,NULL,NULL,NULL,NULL,NULL,NULL,NULL,NULL,Ocean Export,1,NULL,NULL,0,NULL,,NULL,NULL,NULL,NULL,1,0,,New Jersey (EWR),NULL,NULL,NULL
1661,2025-01-07 00:00:00.000,INQ1019993,Style-N-Textile Inc,NULL,None,None,NULL,By Email,NULL,Auto Generated,NULL,NULL,NULL,NULL,NULL,0,NULL,2025-01-07 19:02:56.893,NULL,0,NULL,NULL,NULL,NULL,NULL,NULL,NULL,NULL,Ocean Export,1,NULL,NULL,0,NULL,,NULL,NULL,NULL,NULL,1,0,,New Jersey (EWR),NULL,NULL,NULL
1662,2025-01-07 00:00:00.000,INQ1019994,TAGAN COMPANY FOR IMPORT & EXPORT,NULL,None,None,NULL,By Email,NULL,Auto Generated,NULL,NULL,NULL,NULL,NULL,0,NULL,2025-01-07 19:03:58.890,NULL,0,NULL,NULL,NULL,NULL,NULL,NULL,NULL,NULL,Ocean Export,1,NULL,NULL,0,NULL,,NULL,NULL,NULL,NULL,1,0,,New Jersey (EWR),NULL,NULL,NULL
1663,2025-01-07 00:00:00.000,INQ1019995,TAGAN COMPANY FOR IMPORT & EXPORT,NULL,None,None,NULL,By Email,NULL,Auto Generated,NULL,NULL,NULL,NULL,NULL,0,NULL,2025-01-07 19:03:58.910,NULL,1,NULL,NULL,NULL,NULL,NULL,NULL,NULL,NULL,Ocean Export,1,NULL,NULL,0,NULL,,duplicate,NULL,NULL,NULL,1,0,,New Jersey (EWR),NULL,NULL,NULL
1664,2025-01-07 00:00:00.000,INQ1019996,TAGAN COMPANY FOR IMPORT & EXPORT,NULL,None,None,NULL,By Email,NULL,Auto Generated,NULL,NULL,NULL,NULL,NULL,0,NULL,2025-01-07 19:04:00.623,NULL,1,NULL,NULL,NULL,NULL,NULL,NULL,NULL,NULL,Ocean Export,1,NULL,NULL,0,NULL,,duplicate,NULL,NULL,NULL,1,0,,New Jersey (EWR),NULL,NULL,NULL
1665,2025-01-07 00:00:00.000,INQ1019997,Taraz Teknolojileri Limited Sirketi,NULL,None,None,NULL,By Email,NULL,Auto Generated,NULL,NULL,NULL,NULL,NULL,0,NULL,2025-01-07 19:05:51.423,NULL,0,NULL,NULL,NULL,NULL,NULL,NULL,NULL,NULL,Ocean Export,1,NULL,NULL,0,NULL,,NULL,NULL,NULL,NULL,1,0,,New Jersey (EWR),NULL,NULL,NULL
1666,2025-01-07 00:00:00.000,INQ1019998,TBF COMPUTING INC.,NULL,None,None,NULL,By Email,NULL,Auto Generated,NULL,NULL,NULL,NULL,NULL,0,NULL,2025-01-07 19:06:42.447,NULL,0,NULL,NULL,NULL,NULL,NULL,NULL,NULL,NULL,Ocean Export,1,NULL,NULL,0,NULL,,NULL,NULL,NULL,NULL,1,0,,New Jersey (EWR),NULL,NULL,NULL
1667,2025-01-07 00:00:00.000,INQ1019999,United Heavy Haul LLC,NULL,None,None,NULL,By Email,NULL,Auto Generated,NULL,NULL,NULL,NULL,NULL,0,NULL,2025-01-07 19:08:37.930,NULL,0,NULL,NULL,NULL,NULL,NULL,NULL,NULL,NULL,Ocean Export,1,NULL,NULL,0,NULL,,NULL,NULL,NULL,NULL,1,0,,New Jersey (EWR),NULL,NULL,NULL
1668,2025-01-07 00:00:00.000,INQ1020000,"Upstar Nutrition, Inc.",NULL,None,None,NULL,By Email,NULL,Auto Generated,NULL,NULL,NULL,NULL,NULL,0,NULL,2025-01-07 19:09:37.427,NULL,0,NULL,NULL,NULL,NULL,NULL,NULL,NULL,NULL,Ocean Export,1,NULL,NULL,0,NULL,,NULL,NULL,NULL,NULL,1,0,,New Jersey (EWR),NULL,NULL,NULL
1669,2025-01-07 00:00:00.000,INQ1020001,"Woosman Spiral,Turkey",NULL,None,None,NULL,By Email,NULL,Auto Generated,NULL,NULL,NULL,NULL,NULL,0,NULL,2025-01-07 19:10:22.070,NULL,0,NULL,NULL,NULL,NULL,NULL,NULL,NULL,NULL,Ocean Export,1,NULL,NULL,0,NULL,,NULL,NULL,NULL,NULL,1,0,,New Jersey (EWR),NULL,NULL,NULL
1670,2025-01-07 00:00:00.000,INQ1020002,Mohasher Auto Inc,NULL,None,None,NULL,By Email,NULL,Auto Generated,NULL,NULL,NULL,NULL,NULL,0,NULL,2025-01-07 19:11:06.637,NULL,0,NULL,NULL,NULL,NULL,NULL,NULL,NULL,NULL,Ocean Export,1,NULL,NULL,0,NULL,,NULL,NULL,NULL,NULL,1,0,,New Jersey (EWR),NULL,NULL,NULL
1671,2025-01-07 00:00:00.000,INQ1020003,MACHINERY AND EQUPMENT USA INC,NULL,None,None,NULL,By Email,NULL,Auto Generated,NULL,NULL,NULL,NULL,NULL,0,NULL,2025-01-07 19:11:54.733,NULL,0,NULL,NULL,NULL,NULL,NULL,NULL,NULL,NULL,Ocean Export,1,NULL,NULL,0,NULL,,NULL,NULL,NULL,NULL,1,0,,New Jersey (EWR),NULL,NULL,NULL
1672,2025-01-07 00:00:00.000,INQ1020004,Morgan Cosmetic LLC.,NULL,None,None,NULL,By Email,NULL,Auto Generated,NULL,NULL,NULL,NULL,NULL,0,NULL,2025-01-07 19:15:27.033,NULL,0,NULL,NULL,NULL,NULL,NULL,NULL,NULL,NULL,Ocean Export,1,NULL,NULL,0,NULL,,NULL,NULL,NULL,NULL,1,0,,Sales & Marketing,NULL,NULL,NULL
1673,2025-01-07 00:00:00.000,INQ1020005,ST. GEORGE PROJECTS INC.,NULL,None,None,NULL,By Email,NULL,Auto Generated,NULL,NULL,NULL,NULL,NULL,0,NULL,2025-01-07 19:17:17.233,NULL,0,NULL,NULL,NULL,NULL,NULL,NULL,NULL,NULL,Ocean Export,1,NULL,NULL,0,NULL,,NULL,NULL,NULL,NULL,1,0,,New Jersey (EWR),NULL,NULL,NULL
1674,2025-01-07 00:00:00.000,INQ1020006,Al FAROUK CORP,NULL,None,None,NULL,By Email,NULL,Auto Generated,NULL,NULL,NULL,NULL,NULL,0,NULL,2025-01-07 19:18:09.087,NULL,0,NULL,NULL,NULL,NULL,NULL,NULL,NULL,NULL,Ocean Export,1,NULL,NULL,0,NULL,,NULL,NULL,NULL,NULL,1,0,,New Jersey (EWR),NULL,NULL,NULL
1675,2025-01-07 00:00:00.000,INQ1020007,ST LUKES UNIVERSITY HEALTH NETWORK,NULL,None,None,NULL,By Email,NULL,Auto Generated,NULL,NULL,NULL,NULL,NULL,0,NULL,2025-01-07 19:19:49.917,NULL,0,NULL,NULL,NULL,NULL,NULL,NULL,NULL,NULL,Ocean Export,1,NULL,NULL,0,NULL,,NULL,NULL,NULL,NULL,1,0,,New Jersey (EWR),NULL,NULL,NULL
1676,2025-01-07 00:00:00.000,INQ1020008,GEHAD ADEL MOHAMAD ALI ELNAGAR,NULL,None,None,NULL,By Email,NULL,Auto Generated,NULL,NULL,NULL,NULL,NULL,0,NULL,2025-01-07 19:21:24.710,NULL,0,NULL,NULL,NULL,NULL,NULL,NULL,NULL,NULL,Ocean Export,1,NULL,NULL,0,NULL,,NULL,NULL,NULL,NULL,1,0,,New Jersey (EWR),NULL,NULL,NULL
1677,2025-01-07 00:00:00.000,INQ1020009,GTI Management LLC,NULL,None,None,NULL,By Email,NULL,Auto Generated,NULL,NULL,NULL,NULL,NULL,0,NULL,2025-01-07 19:23:25.773,NULL,0,NULL,NULL,NULL,NULL,NULL,NULL,NULL,NULL,Ocean Export,1,NULL,NULL,0,NULL,,NULL,NULL,NULL,NULL,1,0,,New Jersey (EWR),NULL,NULL,NULL
1678,2025-01-07 00:00:00.000,INQ1020010,B2B Shipping Services,NULL,None,None,NULL,By Email,NULL,Auto Generated,NULL,NULL,NULL,NULL,NULL,0,NULL,2025-01-07 19:24:15.927,NULL,0,NULL,NULL,NULL,NULL,NULL,NULL,NULL,NULL,Ocean Export,1,NULL,NULL,0,NULL,,NULL,NULL,NULL,NULL,1,0,,New Jersey (EWR),NULL,NULL,NULL
1679,2025-01-07 00:00:00.000,INQ1020011,Welbilt Deutschland GmbH,NULL,None,None,NULL,By Email,NULL,Auto Generated,NULL,NULL,NULL,NULL,NULL,0,NULL,2025-01-07 19:26:40.110,NULL,0,NULL,NULL,NULL,NULL,NULL,NULL,NULL,NULL,Ocean Export,1,NULL,NULL,0,NULL,,NULL,NULL,NULL,NULL,1,0,,New Jersey (EWR),NULL,NULL,NULL
1680,2025-01-08 00:00:00.000,INQ1020013,Morgan Cosmetics LLC.,NULL,None,None,NULL,By Email,NULL,Auto Generated,NULL,NULL,NULL,NULL,NULL,0,NULL,2025-01-08 09:10:21.987,NULL,0,NULL,NULL,NULL,NULL,NULL,NULL,NULL,NULL,Ocean Export,1,NULL,NULL,0,NULL,,NULL,NULL,NULL,NULL,1,0,,New Jersey (EWR),NULL,NULL,NULL
1681,2025-01-08 00:00:00.000,INQ1020014,Supravam International,NULL,None,None,NULL,By Email,NULL,Auto Generated,NULL,NULL,NULL,NULL,NULL,0,NULL,2025-01-08 09:23:37.843,NULL,0,NULL,NULL,NULL,NULL,NULL,NULL,NULL,NULL,Ocean Export,1,NULL,NULL,0,NULL,,NULL,NULL,NULL,NULL,1,0,,Sales & Marketing,NULL,NULL,NULL
1682,2025-01-08 00:00:00.000,INQ1020015,MICROSYSTEM,NULL,None,None,NULL,By Email,NULL,Auto Generated,NULL,NULL,NULL,NULL,NULL,0,NULL,2025-01-08 09:36:04.900,NULL,0,NULL,NULL,NULL,NULL,NULL,NULL,NULL,NULL,Ocean Export,1,NULL,NULL,0,NULL,,NULL,NULL,NULL,NULL,1,0,,New Jersey (EWR),NULL,NULL,NULL
1683,2025-01-08 00:00:00.000,INQ1020016,Mohammed Abdou,NULL,None,None,NULL,By Email,NULL,Auto Generated,NULL,NULL,NULL,NULL,NULL,0,NULL,2025-01-08 09:36:35.530,NULL,0,NULL,NULL,NULL,NULL,NULL,NULL,NULL,NULL,Ocean Export,1,NULL,NULL,0,NULL,,NULL,NULL,NULL,NULL,1,0,,New Jersey (EWR),NULL,NULL,NULL
1684,2025-01-08 00:00:00.000,INQ1020017,Mohammed Abdou,NULL,None,None,NULL,By Email,NULL,Auto Generated,NULL,NULL,NULL,NULL,NULL,0,NULL,2025-01-08 09:46:33.430,NULL,1,NULL,NULL,NULL,NULL,NULL,NULL,NULL,NULL,Ocean Export,1,NULL,NULL,0,NULL,,duplicate,NULL,NULL,NULL,1,0,,New Jersey (EWR),NULL,NULL,NULL
1685,2025-01-08 00:00:00.000,INQ1020018,TELHA FOUNDATION,NULL,None,None,NULL,By Email,NULL,Auto Generated,NULL,NULL,NULL,NULL,NULL,0,NULL,2025-01-08 09:49:38.460,NULL,0,NULL,NULL,NULL,NULL,NULL,NULL,NULL,NULL,Ocean Export,1,NULL,NULL,0,NULL,,NULL,NULL,NULL,NULL,1,0,,New Jersey (EWR),NULL,NULL,NULL
1686,2025-01-08 00:00:00.000,INQ1020019,Chris Le,NULL,None,None,NULL,By Email,NULL,Freddy to follow,NULL,NULL,NULL,NULL,NULL,0,NULL,2025-01-08 09:52:47.660,2025-01-08 13:30:38.323,0,NULL,NULL,NULL,NULL,NULL,NULL,NULL,NULL,Ocean Export,1,NULL,NULL,0,NULL,,NULL,NULL,NULL,NULL,1,0,,New Jersey (EWR),NULL,NULL,NULL
1687,2025-01-08 00:00:00.000,INQ1020020,Swasia Charity Foundation,NULL,None,None,NULL,By Email,NULL,Auto Generated,NULL,NULL,NULL,NULL,NULL,0,NULL,2025-01-08 09:55:35.513,NULL,1,NULL,NULL,NULL,NULL,NULL,NULL,NULL,NULL,Ocean Export,1,NULL,NULL,0,NULL,,duplicate,NULL,NULL,NULL,1,0,,New Jersey (EWR),NULL,NULL,NULL
1688,2025-01-08 00:00:00.000,INQ1020021,Swasia Charity Foundation,NULL,None,None,NULL,By Email,NULL,Auto Generated,NULL,NULL,NULL,NULL,NULL,0,NULL,2025-01-08 09:56:02.463,NULL,1,NULL,NULL,NULL,NULL,NULL,NULL,NULL,NULL,Ocean Export,1,NULL,NULL,0,NULL,,duplicate,NULL,NULL,NULL,1,0,,New Jersey (EWR),NULL,NULL,NULL
1689,2025-01-08 00:00:00.000,INQ1020022,Swasia Charity Foundation,NULL,None,None,NULL,By Email,NULL,Auto Generated,NULL,NULL,NULL,NULL,NULL,0,NULL,2025-01-08 09:56:02.523,NULL,1,NULL,NULL,NULL,NULL,NULL,NULL,NULL,NULL,Ocean Export,1,NULL,NULL,0,NULL,,duplicate,NULL,NULL,NULL,1,0,,New Jersey (EWR),NULL,NULL,NULL
1690,2025-01-08 00:00:00.000,INQ1020023,Swasia Charity Foundation,NULL,None,None,NULL,By Email,NULL,Auto Generated,NULL,NULL,NULL,NULL,NULL,0,NULL,2025-01-08 09:56:06.683,NULL,1,NULL,NULL,NULL,NULL,NULL,NULL,NULL,NULL,Ocean Export,1,NULL,NULL,0,NULL,,duplicate,NULL,NULL,NULL,1,0,,New Jersey (EWR),NULL,NULL,NULL
1691,2025-01-08 00:00:00.000,INQ1020024,Swasia Charity Foundation,NULL,None,None,NULL,By Email,NULL,Auto Generated,NULL,NULL,NULL,NULL,NULL,0,NULL,2025-01-08 09:56:11.870,NULL,0,NULL,NULL,NULL,NULL,NULL,NULL,NULL,NULL,Ocean Export,1,NULL,NULL,0,NULL,,NULL,NULL,NULL,NULL,1,0,,New Jersey (EWR),NULL,NULL,NULL
1692,2025-01-08 00:00:00.000,INQ1020025,"Tbs Industries, Incorporated",NULL,None,None,NULL,By Email,NULL,Auto Generated,NULL,NULL,NULL,NULL,NULL,0,NULL,2025-01-08 10:05:41.277,NULL,0,NULL,NULL,NULL,NULL,NULL,NULL,NULL,NULL,Ocean Export,1,NULL,NULL,0,NULL,,NULL,NULL,NULL,NULL,1,0,,Inside Sales Group,NULL,NULL,NULL
1693,2025-01-08 00:00:00.000,INQ1020026,The Protectivewire Co. Inc,NULL,None,None,NULL,By Email,NULL,Auto Generated,NULL,NULL,NULL,NULL,NULL,0,NULL,2025-01-08 10:37:53.213,NULL,0,NULL,NULL,NULL,NULL,NULL,NULL,NULL,NULL,Ocean Export,1,NULL,NULL,0,NULL,,NULL,NULL,NULL,NULL,1,0,,Sales & Marketing,NULL,NULL,NULL
1694,2025-01-08 00:00:00.000,INQ1020027,SPRINJENE11111,2025-01-20 00:00:00.000,NEW YORK,SHANGHAI,2,By Email,NULL,PERSONAL CARE PRODUCTS,NULL,NULL,NULL,NULL,PERSONAL CARE PRODUCTS,0,NULL,2025-01-08 11:33:56.067,NULL,0,NULL,NULL,USA,China,NULL,New Jersey,NULL,NULL,Ocean Export,1,NULL,NULL,1,NULL,NULL,NULL,NULL,NULL,NULL,1,1,,New Jersey (EWR),NULL,NULL,NULL
1695,2025-01-08 00:00:00.000,INQ1020029,The Viking Corporation,NULL,None,None,NULL,By Email,NULL,Auto Generated,NULL,NULL,NULL,NULL,NULL,0,NULL,2025-01-08 12:23:31.000,NULL,0,NULL,NULL,NULL,NULL,NULL,NULL,NULL,NULL,Ocean Export,1,NULL,NULL,0,NULL,,NULL,NULL,NULL,NULL,1,0,,Inside Sales Group,NULL,NULL,NULL
1696,2025-01-08 00:00:00.000,INQ1020030,"Haman Construction, LLC.",NULL,None,None,NULL,By Email,NULL,Auto Generated,NULL,NULL,NULL,NULL,NULL,0,NULL,2025-01-08 13:25:40.420,NULL,0,NULL,NULL,NULL,NULL,NULL,NULL,NULL,NULL,Ocean Export,1,NULL,NULL,0,NULL,,NULL,NULL,NULL,NULL,1,0,,New Jersey (EWR),NULL,NULL,NULL
1697,2025-01-08 00:00:00.000,INQ1020031,The Witte Co Inc,NULL,None,None,NULL,By Email,NULL,Auto Generated,NULL,NULL,NULL,NULL,NULL,0,NULL,2025-01-08 13:48:38.800,NULL,0,NULL,NULL,NULL,NULL,NULL,NULL,NULL,NULL,Ocean Export,1,NULL,NULL,0,NULL,,NULL,NULL,NULL,NULL,1,0,,New Jersey (EWR),NULL,NULL,NULL
1698,2025-01-08 00:00:00.000,INQ1020032,"Specialty RTP, Inc",NULL,None,None,NULL,By Email,NULL,Auto Generated,NULL,NULL,NULL,NULL,NULL,0,NULL,2025-01-08 15:03:53.993,NULL,0,NULL,NULL,NULL,NULL,NULL,NULL,NULL,NULL,Ocean Export,1,NULL,NULL,0,NULL,,NULL,NULL,NULL,NULL,1,0,,New Jersey (EWR),NULL,NULL,NULL
1699,2025-01-08 00:00:00.000,INQ1020033,"TXAM Pumps, LLC",NULL,None,None,NULL,By Email,NULL,Auto Generated,NULL,NULL,NULL,NULL,NULL,0,NULL,2025-01-08 15:05:28.200,NULL,0,NULL,NULL,NULL,NULL,NULL,NULL,NULL,NULL,Ocean Export,1,NULL,NULL,0,NULL,,NULL,NULL,NULL,NULL,1,0,,New Jersey (EWR),NULL,NULL,NULL
1700,2025-01-08 00:00:00.000,INQ1020034,Nabco Inc,NULL,None,None,NULL,By Email,NULL,Auto Generated,NULL,NULL,NULL,NULL,NULL,0,NULL,2025-01-08 15:21:54.630,NULL,0,NULL,NULL,NULL,NULL,NULL,NULL,NULL,NULL,Ocean Export,1,NULL,NULL,0,NULL,,NULL,NULL,NULL,NULL,1,0,,New Jersey (EWR),NULL,NULL,NULL
1701,2025-01-08 00:00:00.000,INQ1020035,Global Textile Supplies Pty Ltd,NULL,None,None,NULL,By Email,NULL,Auto Generated,NULL,NULL,NULL,NULL,NULL,0,NULL,2025-01-08 15:23:45.633,NULL,0,NULL,NULL,NULL,NULL,NULL,NULL,NULL,NULL,Ocean Export,1,NULL,NULL,0,NULL,,NULL,NULL,NULL,NULL,1,0,,New Jersey (EWR),NULL,NULL,NULL
1702,2025-01-08 00:00:00.000,INQ1020036,FEDERAL MOGUL MOTORPARTS CORP,NULL,None,None,NULL,By Email,NULL,Auto Generated,NULL,NULL,NULL,NULL,NULL,0,NULL,2025-01-08 15:26:39.333,NULL,0,NULL,NULL,NULL,NULL,NULL,NULL,NULL,NULL,Ocean Export,1,NULL,NULL,0,NULL,,NULL,NULL,NULL,NULL,1,0,,New Jersey (EWR),NULL,NULL,NULL
1703,2025-01-08 00:00:00.000,INQ1020037,AMS TRANSPORTES INTERNACIONAIS LTD,NULL,None,None,NULL,By Email,NULL,Auto Generated,NULL,NULL,NULL,NULL,NULL,0,NULL,2025-01-08 15:40:07.170,NULL,0,NULL,NULL,NULL,NULL,NULL,NULL,NULL,NULL,Ocean Export,1,NULL,NULL,0,NULL,,NULL,NULL,NULL,NULL,1,0,,Hamid Hussaini,NULL,NULL,NULL
1704,2025-01-08 00:00:00.000,INQ1020038,"Asset Recovery Specialists, Inc.",NULL,None,None,NULL,By Email,NULL,Auto Generated,NULL,NULL,NULL,NULL,NULL,0,NULL,2025-01-08 15:45:53.437,NULL,1,NULL,NULL,NULL,NULL,NULL,NULL,NULL,NULL,Ocean Export,1,NULL,NULL,0,NULL,,duplicate,NULL,NULL,NULL,1,0,,Sales & Marketing,NULL,NULL,NULL
1705,2025-01-08 00:00:00.000,INQ1020039,AUTO ADVENTURE,NULL,None,None,NULL,By Email,NULL,Auto Generated,NULL,NULL,NULL,NULL,NULL,0,NULL,2025-01-08 15:47:41.570,NULL,0,NULL,NULL,NULL,NULL,NULL,NULL,NULL,NULL,Ocean Export,1,NULL,NULL,0,NULL,,NULL,NULL,NULL,NULL,1,0,,Sales & Marketing,NULL,NULL,NULL
1706,2025-01-08 00:00:00.000,INQ1020041,ELHOUSSINE BERRADA,NULL,None,None,NULL,By Email,NULL,Auto Generated,NULL,NULL,NULL,NULL,NULL,0,NULL,2025-01-08 19:34:15.793,NULL,0,NULL,NULL,NULL,NULL,NULL,NULL,NULL,NULL,Ocean Export,1,NULL,NULL,0,NULL,,NULL,NULL,NULL,NULL,1,0,,New Jersey (EWR),NULL,NULL,NULL
1707,2025-01-08 00:00:00.000,INQ1020042,Process plant and machinery limited,NULL,None,None,NULL,By Email,NULL,Auto Generated,NULL,NULL,NULL,NULL,NULL,0,NULL,2025-01-08 19:35:33.203,NULL,0,NULL,NULL,NULL,NULL,NULL,NULL,NULL,NULL,Ocean Export,1,NULL,NULL,0,NULL,,NULL,NULL,NULL,NULL,1,0,,New Jersey (EWR),NULL,NULL,NULL
1708,2025-01-08 00:00:00.000,INQ1020043,M&T International LLC,NULL,None,None,NULL,By Email,NULL,Auto Generated,NULL,NULL,NULL,NULL,NULL,0,NULL,2025-01-08 19:37:16.840,NULL,0,NULL,NULL,NULL,NULL,NULL,NULL,NULL,NULL,Ocean Export,1,NULL,NULL,0,NULL,,NULL,NULL,NULL,NULL,1,0,,New Jersey (EWR),NULL,NULL,NULL
1709,2025-01-08 00:00:00.000,INQ1020044,Global Copiers,NULL,None,None,NULL,By Email,NULL,Auto Generated,NULL,NULL,NULL,NULL,NULL,0,NULL,2025-01-08 19:40:06.213,NULL,0,NULL,NULL,NULL,NULL,NULL,NULL,NULL,NULL,Ocean Export,1,NULL,NULL,0,NULL,,NULL,NULL,NULL,NULL,1,0,,New Jersey (EWR),NULL,NULL,NULL
1710,2025-01-08 00:00:00.000,INQ1020045,Freedom Grafix,NULL,None,None,NULL,By Email,NULL,Auto Generated,NULL,NULL,NULL,NULL,NULL,0,NULL,2025-01-08 19:46:50.407,NULL,0,NULL,NULL,NULL,NULL,NULL,NULL,NULL,NULL,Ocean Export,1,NULL,NULL,0,NULL,,NULL,NULL,NULL,NULL,1,0,,New Jersey (EWR),NULL,NULL,NULL
1711,2025-01-08 00:00:00.000,INQ1020046,Fike Corporation,NULL,None,None,NULL,By Email,NULL,Auto Generated,NULL,NULL,NULL,NULL,NULL,0,NULL,2025-01-08 19:50:01.400,NULL,0,NULL,NULL,NULL,NULL,NULL,NULL,NULL,NULL,Ocean Export,1,NULL,NULL,0,NULL,,NULL,NULL,NULL,NULL,1,0,,New Jersey (EWR),NULL,NULL,NULL
1712,2025-01-08 00:00:00.000,INQ1020047,UNITED EXPORTS INT INC,NULL,None,None,NULL,By Email,NULL,Auto Generated,NULL,NULL,NULL,NULL,NULL,0,NULL,2025-01-08 19:50:26.840,NULL,0,NULL,NULL,NULL,NULL,NULL,NULL,NULL,NULL,Ocean Export,1,NULL,NULL,0,NULL,,NULL,NULL,NULL,NULL,1,0,,Toronto,NULL,NULL,NULL
1713,2025-01-08 00:00:00.000,INQ1020048,Demara Limited,NULL,None,None,NULL,By Email,NULL,Auto Generated,NULL,NULL,NULL,NULL,NULL,0,NULL,2025-01-08 19:51:55.580,NULL,0,NULL,NULL,NULL,NULL,NULL,NULL,NULL,NULL,Ocean Export,1,NULL,NULL,0,NULL,,NULL,NULL,NULL,NULL,1,0,,New Jersey (EWR),NULL,NULL,NULL
1714,2025-01-08 00:00:00.000,INQ1020049,Justrite Safety Group,NULL,None,None,NULL,By Email,NULL,Auto Generated,NULL,NULL,NULL,NULL,NULL,0,NULL,2025-01-08 19:53:09.023,NULL,0,NULL,NULL,NULL,NULL,NULL,NULL,NULL,NULL,Ocean Export,1,NULL,NULL,0,NULL,,NULL,NULL,NULL,NULL,1,0,,New Jersey (EWR),NULL,NULL,NULL
1715,2025-01-08 00:00:00.000,INQ1020050,LA MAISON FURNISHINGS,NULL,None,None,NULL,By Email,NULL,Auto Generated,NULL,NULL,NULL,NULL,NULL,0,NULL,2025-01-08 19:54:35.477,NULL,0,NULL,NULL,NULL,NULL,NULL,NULL,NULL,NULL,Ocean Export,1,NULL,NULL,0,NULL,,NULL,NULL,NULL,NULL,1,0,,New Jersey (EWR),NULL,NULL,NULL
1716,2025-01-08 00:00:00.000,INQ1020051,Gaier Commodities LLC,NULL,None,None,NULL,By Email,NULL,Auto Generated,NULL,NULL,NULL,NULL,NULL,0,NULL,2025-01-08 19:58:00.780,NULL,0,NULL,NULL,NULL,NULL,NULL,NULL,NULL,NULL,Ocean Export,1,NULL,NULL,0,NULL,,NULL,NULL,NULL,NULL,1,0,,New Jersey (EWR),NULL,NULL,NULL
1717,2025-01-09 00:00:00.000,INQ1020058,U.S TECHNOLOGY RECYCLING GROUP,NULL,None,None,NULL,By Email,NULL,Auto Generated,NULL,NULL,NULL,NULL,NULL,0,NULL,2025-01-09 13:43:44.833,NULL,0,NULL,NULL,NULL,NULL,NULL,NULL,NULL,NULL,Ocean Export,1,NULL,NULL,0,NULL,,NULL,NULL,NULL,NULL,1,0,,Inside Sales Group,NULL,NULL,NULL
1718,2025-01-09 00:00:00.000,INQ1020059,UFP Technologies,NULL,None,None,NULL,By Email,NULL,Auto Generated,NULL,NULL,NULL,NULL,NULL,0,NULL,2025-01-09 17:36:01.167,NULL,0,NULL,NULL,NULL,NULL,NULL,NULL,NULL,NULL,Ocean Export,1,NULL,NULL,0,NULL,,NULL,NULL,NULL,NULL,1,0,,Inside Sales Group,NULL,NULL,NULL
1720,2025-01-10 00:00:00.000,INQ1020061,"Vantage Point ITAD, Inc.",NULL,None,None,NULL,By Email,NULL,Auto Generated,NULL,NULL,NULL,NULL,NULL,0,NULL,2025-01-10 05:14:13.163,NULL,0,NULL,NULL,NULL,NULL,NULL,NULL,NULL,NULL,Ocean Export,1,NULL,NULL,0,NULL,,NULL,NULL,NULL,NULL,1,0,,Inside Sales Group,NULL,NULL,NULL
1721,2025-01-10 00:00:00.000,INQ1020062,"VERTEX INDUSTRIES, INC,",NULL,None,None,NULL,By Email,NULL,Auto Generated,NULL,NULL,NULL,NULL,NULL,0,NULL,2025-01-10 05:26:25.263,NULL,0,NULL,NULL,NULL,NULL,NULL,NULL,NULL,NULL,Ocean Export,1,NULL,NULL,0,NULL,,NULL,NULL,NULL,NULL,1,0,,Inside Sales Group,NULL,NULL,NULL
1722,2025-01-10 00:00:00.000,INQ1020063,Vidtech Marketing Inc.,NULL,None,None,NULL,By Email,NULL,Auto Generated,NULL,NULL,NULL,NULL,NULL,0,NULL,2025-01-10 05:48:26.597,NULL,0,NULL,NULL,NULL,NULL,NULL,NULL,NULL,NULL,Ocean Export,1,NULL,NULL,0,NULL,,NULL,NULL,NULL,NULL,1,0,,Inside Sales Group,NULL,NULL,NULL
1723,2025-01-10 00:00:00.000,INQ1020064,WAPTECH INC,NULL,None,None,NULL,By Email,NULL,Auto Generated,NULL,NULL,NULL,NULL,NULL,0,NULL,2025-01-10 06:13:24.353,NULL,0,NULL,NULL,NULL,NULL,NULL,NULL,NULL,NULL,Ocean Export,1,NULL,NULL,0,NULL,,NULL,NULL,NULL,NULL,1,0,,Inside Sales Group,NULL,NULL,NULL
1724,2025-01-10 00:00:00.000,INQ1020065,SALMAN ALABIOOANI,NULL,None,None,NULL,By Email,NULL,Auto Generated,NULL,NULL,NULL,NULL,NULL,0,NULL,2025-01-10 09:53:01.237,NULL,0,NULL,NULL,NULL,NULL,NULL,NULL,NULL,NULL,Ocean Export,1,NULL,NULL,0,NULL,,NULL,NULL,NULL,NULL,1,0,,New Jersey (EWR),NULL,NULL,NULL
1726,2025-01-10 00:00:00.000,INQ1020067,ALDYAR ALARABIAA IMPORT AND EXPORT INC.,NULL,None,None,NULL,By Email,NULL,Auto Generated,NULL,NULL,NULL,NULL,NULL,0,NULL,2025-01-10 09:59:51.917,NULL,0,NULL,NULL,NULL,NULL,NULL,NULL,NULL,NULL,Ocean Export,1,NULL,NULL,0,NULL,,NULL,NULL,NULL,NULL,1,0,,New Jersey (EWR),NULL,NULL,NULL
1727,2025-01-10 00:00:00.000,INQ1020068,TACTIC,NULL,None,None,NULL,By Email,NULL,Auto Generated,NULL,NULL,NULL,NULL,NULL,0,NULL,2025-01-10 10:00:50.963,NULL,0,NULL,NULL,NULL,NULL,NULL,NULL,NULL,NULL,Ocean Export,1,NULL,NULL,0,NULL,,NULL,NULL,NULL,NULL,1,0,,New Jersey (EWR),NULL,NULL,NULL
1728,2025-01-10 00:00:00.000,INQ1020069,Kilani health care,NULL,None,None,NULL,By Email,NULL,Auto Generated,NULL,NULL,NULL,NULL,NULL,0,NULL,2025-01-10 10:04:31.080,NULL,0,NULL,NULL,NULL,NULL,NULL,NULL,NULL,NULL,Ocean Export,1,NULL,NULL,0,NULL,,NULL,NULL,NULL,NULL,1,0,,New Jersey (EWR),NULL,NULL,NULL
1729,2025-01-10 00:00:00.000,INQ1020070,KBA Group of Companies,NULL,None,None,NULL,By Email,NULL,Auto Generated,NULL,NULL,NULL,NULL,NULL,0,NULL,2025-01-10 10:08:24.180,NULL,0,NULL,NULL,NULL,NULL,NULL,NULL,NULL,NULL,Ocean Export,1,NULL,NULL,0,NULL,,NULL,NULL,NULL,NULL,1,0,,New Jersey (EWR),NULL,NULL,NULL
1730,2025-01-10 00:00:00.000,INQ1020071,Z Micro,NULL,None,None,NULL,By Email,NULL,Auto Generated,NULL,NULL,NULL,NULL,NULL,0,NULL,2025-01-10 10:10:07.673,NULL,0,NULL,NULL,NULL,NULL,NULL,NULL,NULL,NULL,Ocean Export,1,NULL,NULL,0,NULL,,NULL,NULL,NULL,NULL,1,0,,Inside Sales Group,NULL,NULL,NULL
1731,2025-01-10 00:00:00.000,INQ1020072,JMG International,NULL,None,None,NULL,By Email,NULL,Auto Generated,NULL,NULL,NULL,NULL,NULL,0,NULL,2025-01-10 10:12:18.777,NULL,0,NULL,NULL,NULL,NULL,NULL,NULL,NULL,NULL,Ocean Export,1,NULL,NULL,0,NULL,,NULL,NULL,NULL,NULL,1,0,,New Jersey (EWR),NULL,NULL,NULL
1732,2025-01-10 00:00:00.000,INQ1020073,ALWAYS INTERNATIONAL INC,NULL,None,None,NULL,By Email,NULL,Auto Generated,NULL,NULL,NULL,NULL,NULL,0,NULL,2025-01-10 11:00:08.180,NULL,0,NULL,NULL,NULL,NULL,NULL,NULL,NULL,NULL,Ocean Export,1,NULL,NULL,0,NULL,,NULL,NULL,NULL,NULL,1,0,,New Jersey (EWR),NULL,NULL,NULL
1733,2025-01-10 00:00:00.000,INQ1020074,System Liquidatior,NULL,None,None,NULL,By Email,NULL,Auto Generated,NULL,NULL,NULL,NULL,NULL,0,NULL,2025-01-10 11:01:59.967,NULL,0,NULL,NULL,NULL,NULL,NULL,NULL,NULL,NULL,Ocean Export,1,NULL,NULL,0,NULL,,NULL,NULL,NULL,NULL,1,0,,Sales & Marketing,NULL,NULL,NULL
1734,2025-01-10 00:00:00.000,INQ1020075,Dai,NULL,None,None,NULL,By Email,NULL,Auto Generated,NULL,NULL,NULL,NULL,NULL,0,NULL,2025-01-10 12:42:47.583,NULL,0,NULL,NULL,NULL,NULL,NULL,NULL,NULL,NULL,Ocean Export,1,NULL,NULL,0,NULL,,NULL,NULL,NULL,NULL,1,0,,Inside Sales Group,NULL,NULL,NULL
1735,2025-01-10 00:00:00.000,INQ1020077,Ma Labs,NULL,None,None,NULL,By Email,NULL,Auto Generated,NULL,NULL,NULL,NULL,NULL,0,NULL,2025-01-10 12:56:33.250,NULL,0,NULL,NULL,NULL,NULL,NULL,NULL,NULL,NULL,Ocean Export,1,NULL,NULL,0,NULL,,NULL,NULL,NULL,NULL,1,0,,Inside Sales Group,NULL,NULL,NULL
1736,2025-01-11 00:00:00.000,INQ1020082,Worldwide Computers LLC,NULL,None,None,NULL,By Email,NULL,Auto Generated,NULL,NULL,NULL,NULL,NULL,0,NULL,2025-01-11 13:11:58.167,NULL,0,NULL,NULL,NULL,NULL,NULL,NULL,NULL,NULL,Ocean Export,1,NULL,NULL,0,NULL,,NULL,NULL,NULL,NULL,1,0,,Inside Sales Group,NULL,NULL,NULL
1737,2025-01-11 00:00:00.000,INQ1020083,Amos America,NULL,None,None,NULL,By Email,NULL,Auto Generated,NULL,NULL,NULL,NULL,NULL,0,NULL,2025-01-11 13:38:19.173,NULL,0,NULL,NULL,NULL,NULL,NULL,NULL,NULL,NULL,Ocean Export,1,NULL,NULL,0,NULL,,NULL,NULL,NULL,NULL,1,0,,Inside Sales Group,NULL,NULL,NULL
1738,2025-01-11 00:00:00.000,INQ1020084,Aqua Systems inc,NULL,None,None,NULL,By Email,NULL,Auto Generated,NULL,NULL,NULL,NULL,NULL,0,NULL,2025-01-11 13:50:17.790,NULL,0,NULL,NULL,NULL,NULL,NULL,NULL,NULL,NULL,Ocean Export,1,NULL,NULL,0,NULL,,NULL,NULL,NULL,NULL,1,0,,Inside Sales Group,NULL,NULL,NULL
1739,2025-01-11 00:00:00.000,INQ1020085,"CAO, Inc",NULL,None,None,NULL,By Email,NULL,Auto Generated,NULL,NULL,NULL,NULL,NULL,0,NULL,2025-01-11 14:12:43.877,NULL,0,NULL,NULL,NULL,NULL,NULL,NULL,NULL,NULL,Ocean Export,1,NULL,NULL,0,NULL,,NULL,NULL,NULL,NULL,1,0,,Inside Sales Group,NULL,NULL,NULL
1740,2025-01-13 00:00:00.000,INQ1020088,LOEB EQUIPMENT,NULL,None,None,NULL,By Email,NULL,Auto Generated,NULL,NULL,NULL,NULL,NULL,0,NULL,2025-01-13 13:16:50.657,2025-04-10 20:48:04.200,1,NULL,NULL,NULL,NULL,NULL,NULL,NULL,NULL,Ocean Export,1,NULL,NULL,0,NULL,,duplicate entry,NULL,NULL,NULL,1,0,,Sales & Marketing,NULL,NULL,NULL
1741,2025-01-13 00:00:00.000,INQ1020089,MACHINE TOOL BIDS,NULL,None,None,NULL,By Email,NULL,Kyle 1626 W Lake Street 2nd fl Chicago  Il 60612   Kyle V 312-604-1850/312-754-1082  Olivia recpt,NULL,NULL,NULL,NULL,NULL,0,NULL,2025-01-13 13:23:37.730,2025-12-22 09:12:54.763,0,NULL,NULL,NULL,NULL,NULL,NULL,NULL,NULL,Ocean Export,1,NULL,NULL,0,NULL,,NULL,NULL,NULL,NULL,1,0,,Sales & Marketing,NULL,NULL,NULL
1742,2025-01-13 00:00:00.000,INQ1020090,Machinery Auctioneers,NULL,None,None,NULL,By Email,NULL,Auto Generated,NULL,NULL,NULL,NULL,NULL,0,NULL,2025-01-13 13:28:46.797,2025-01-13 13:29:20.143,0,NULL,NULL,NULL,NULL,NULL,NULL,NULL,NULL,Ocean Export,1,NULL,NULL,0,NULL,,NULL,NULL,NULL,NULL,1,0,,Sales & Marketing,NULL,NULL,NULL
1743,2025-01-13 00:00:00.000,INQ1020093,Metal Tech USA,NULL,None,None,NULL,By Email,NULL,Auto Generated,NULL,NULL,NULL,NULL,NULL,0,NULL,2025-01-13 17:22:25.170,NULL,0,NULL,NULL,NULL,NULL,NULL,NULL,NULL,NULL,Ocean Export,1,NULL,NULL,0,NULL,,NULL,NULL,NULL,NULL,1,0,,New Jersey (EWR),NULL,NULL,NULL
1744,2025-01-13 00:00:00.000,INQ1020094,METAL TECH USA,NULL,None,None,NULL,By Email,NULL,Auto Generated,NULL,NULL,NULL,NULL,NULL,0,NULL,2025-01-13 17:22:26.650,NULL,0,NULL,NULL,NULL,NULL,NULL,NULL,NULL,NULL,Ocean Export,1,NULL,NULL,0,NULL,,NULL,NULL,NULL,NULL,1,0,,New Jersey (EWR),NULL,NULL,NULL
1745,2025-01-13 00:00:00.000,INQ1020095,Global Corp Shipping Co. WLL,NULL,None,None,NULL,By Email,NULL,Auto Generated,NULL,NULL,NULL,NULL,NULL,0,NULL,2025-01-13 17:31:05.417,NULL,0,NULL,NULL,NULL,NULL,NULL,NULL,NULL,NULL,Ocean Export,1,NULL,NULL,0,NULL,,NULL,NULL,NULL,NULL,1,0,,Sales & Marketing,NULL,NULL,NULL
1746,2025-01-13 00:00:00.000,INQ1020096,Belgo Multimodal BV,NULL,None,None,NULL,By Email,NULL,Auto Generated,NULL,NULL,NULL,NULL,NULL,0,NULL,2025-01-13 17:34:45.993,NULL,0,NULL,NULL,NULL,NULL,NULL,NULL,NULL,NULL,Ocean Export,1,NULL,NULL,0,NULL,,NULL,NULL,NULL,NULL,1,0,,Sales & Marketing,NULL,NULL,NULL
1747,2025-01-13 00:00:00.000,INQ1020097,AFRICAN SALIHIYA CARGO,NULL,None,None,NULL,By Email,NULL,Auto Generated,NULL,NULL,NULL,NULL,NULL,0,NULL,2025-01-13 17:38:56.573,NULL,0,NULL,NULL,NULL,NULL,NULL,NULL,NULL,NULL,Ocean Export,1,NULL,NULL,0,NULL,,NULL,NULL,NULL,NULL,1,0,,New Jersey (EWR),NULL,NULL,NULL
1748,2025-01-13 00:00:00.000,INQ1020098,"Facilities Logistics, Inc",NULL,None,None,NULL,By Email,NULL,Auto Generated,NULL,NULL,NULL,NULL,NULL,0,NULL,2025-01-13 17:40:39.890,NULL,0,NULL,NULL,NULL,NULL,NULL,NULL,NULL,NULL,Ocean Export,1,NULL,NULL,0,NULL,,NULL,NULL,NULL,NULL,1,0,,Sales & Marketing,NULL,NULL,NULL
1749,2025-01-13 00:00:00.000,INQ1020099,KENLLOYD LOGISTICS,NULL,None,None,NULL,By Email,NULL,Auto Generated,NULL,NULL,NULL,NULL,NULL,0,NULL,2025-01-13 17:42:39.103,NULL,0,NULL,NULL,NULL,NULL,NULL,NULL,NULL,NULL,Ocean Export,1,NULL,NULL,0,NULL,,NULL,NULL,NULL,NULL,1,0,,New Jersey (EWR),NULL,NULL,NULL
1750,2025-01-13 00:00:00.000,INQ1020100,FRONTLINE LOGISTICS,NULL,None,None,NULL,By Email,NULL,Auto Generated,NULL,NULL,NULL,NULL,NULL,0,NULL,2025-01-13 17:52:42.213,NULL,0,NULL,NULL,NULL,NULL,NULL,NULL,NULL,NULL,Ocean Export,1,NULL,NULL,0,NULL,,NULL,NULL,NULL,NULL,1,0,,New Jersey (EWR),NULL,NULL,NULL
1751,2025-01-13 00:00:00.000,INQ1020101,S & S auction 62,NULL,None,None,NULL,By Email,NULL,Auto Generated,NULL,NULL,NULL,NULL,NULL,0,NULL,2025-01-13 18:12:59.097,NULL,0,NULL,NULL,NULL,NULL,NULL,NULL,NULL,NULL,Ocean Export,1,NULL,NULL,0,NULL,,NULL,NULL,NULL,NULL,1,0,,MUMBAI (MUM),NULL,NULL,NULL
1752,2025-01-13 00:00:00.000,INQ1020102,"GOLD PARTNER LOGISTICS CO., LTD",NULL,None,None,NULL,By Email,NULL,Auto Generated,NULL,NULL,NULL,NULL,NULL,0,NULL,2025-01-13 18:14:19.770,NULL,0,NULL,NULL,NULL,NULL,NULL,NULL,NULL,NULL,Ocean Export,1,NULL,NULL,0,NULL,,NULL,NULL,NULL,NULL,1,0,,New Jersey (EWR),NULL,NULL,NULL
1753,2025-01-13 00:00:00.000,INQ1020103,Sonaf Logistique,NULL,None,None,NULL,By Email,NULL,Auto Generated,NULL,NULL,NULL,NULL,NULL,0,NULL,2025-01-13 18:16:31.790,NULL,0,NULL,NULL,NULL,NULL,NULL,NULL,NULL,NULL,Ocean Export,1,NULL,NULL,0,NULL,,NULL,NULL,NULL,NULL,1,0,,MUMBAI (MUM),NULL,NULL,NULL
1754,2025-01-13 00:00:00.000,INQ1020104,Sonaf Logistique,NULL,None,None,NULL,By Email,NULL,Auto Generated,NULL,NULL,NULL,NULL,NULL,0,NULL,2025-01-13 21:52:07.910,NULL,0,NULL,NULL,NULL,NULL,NULL,NULL,NULL,NULL,Ocean Export,1,NULL,NULL,0,NULL,,NULL,NULL,NULL,NULL,1,0,,MUMBAI (MUM),NULL,NULL,NULL
1755,2025-01-13 00:00:00.000,INQ1020105,Ace Bangladesh Limited,NULL,None,None,NULL,By Email,NULL,Auto Generated,NULL,NULL,NULL,NULL,NULL,0,NULL,2025-01-13 21:55:43.663,NULL,1,NULL,NULL,NULL,NULL,NULL,NULL,NULL,NULL,Ocean Export,1,NULL,NULL,0,NULL,,duplicate,NULL,NULL,NULL,1,0,,New Jersey (EWR),NULL,NULL,NULL
1756,2025-01-13 00:00:00.000,INQ1020106,Tru-V Logistic Sdn Bhd,NULL,None,None,NULL,By Email,NULL,Auto Generated,NULL,NULL,NULL,NULL,NULL,0,NULL,2025-01-13 22:01:17.860,NULL,0,NULL,NULL,NULL,NULL,NULL,NULL,NULL,NULL,Ocean Export,1,NULL,NULL,0,NULL,,NULL,NULL,NULL,NULL,1,0,,New Jersey (EWR),NULL,NULL,NULL
1757,2025-01-13 00:00:00.000,INQ1020107,Seacare Forwarders Maldives (PVT) Ltd.,NULL,None,None,NULL,By Email,NULL,Auto Generated,NULL,NULL,NULL,NULL,NULL,0,NULL,2025-01-13 22:03:37.817,NULL,0,NULL,NULL,NULL,NULL,NULL,NULL,NULL,NULL,Ocean Export,1,NULL,NULL,0,NULL,,NULL,NULL,NULL,NULL,1,0,,New Jersey (EWR),NULL,NULL,NULL
1758,2025-01-13 00:00:00.000,INQ1020108,SWIFT WORLDWIDE FREIGHT & TRANSPORT LLC,NULL,None,None,NULL,By Email,NULL,Auto Generated,NULL,NULL,NULL,NULL,NULL,0,NULL,2025-01-13 22:05:34.943,NULL,0,NULL,NULL,NULL,NULL,NULL,NULL,NULL,NULL,Ocean Export,1,NULL,NULL,0,NULL,,NULL,NULL,NULL,NULL,1,0,,New Jersey (EWR),NULL,NULL,NULL
1759,2025-01-13 00:00:00.000,INQ1020109,Swift Worldwide (Qatar),NULL,None,None,NULL,By Email,NULL,Auto Generated,NULL,NULL,NULL,NULL,NULL,0,NULL,2025-01-13 22:07:58.127,NULL,0,NULL,NULL,NULL,NULL,NULL,NULL,NULL,NULL,Ocean Export,1,NULL,NULL,0,NULL,,NULL,NULL,NULL,NULL,1,0,,New Jersey (EWR),NULL,NULL,NULL
1760,2025-01-13 00:00:00.000,INQ1020110,Sevenskyz Global Logistics Private Limited,NULL,None,None,NULL,By Email,NULL,Auto Generated,NULL,NULL,NULL,NULL,NULL,0,NULL,2025-01-13 22:11:31.607,NULL,0,NULL,NULL,NULL,NULL,NULL,NULL,NULL,NULL,Ocean Export,1,NULL,NULL,0,NULL,,NULL,NULL,NULL,NULL,1,0,,New Jersey (EWR),NULL,NULL,NULL
1761,2025-01-13 00:00:00.000,INQ1020111,Newport Express Corporation,NULL,None,None,NULL,By Email,NULL,Auto Generated,NULL,NULL,NULL,NULL,NULL,0,NULL,2025-01-13 22:13:40.607,NULL,0,NULL,NULL,NULL,NULL,NULL,NULL,NULL,NULL,Ocean Export,1,NULL,NULL,0,NULL,,NULL,NULL,NULL,NULL,1,0,,New Jersey (EWR),NULL,NULL,NULL
1762,2025-01-13 00:00:00.000,INQ1020112,Newport Express Corporation,NULL,None,None,NULL,By Email,NULL,Auto Generated,NULL,NULL,NULL,NULL,NULL,0,NULL,2025-01-13 22:17:30.437,NULL,0,NULL,NULL,NULL,NULL,NULL,NULL,NULL,NULL,Ocean Export,1,NULL,NULL,0,NULL,,NULL,NULL,NULL,NULL,1,0,,New Jersey (EWR),NULL,NULL,NULL
1763,2025-01-13 00:00:00.000,INQ1020113,Freightello Maldives Pvt.Ltd.,NULL,None,None,NULL,By Email,NULL,Auto Generated,NULL,NULL,NULL,NULL,NULL,0,NULL,2025-01-13 22:19:31.317,NULL,0,NULL,NULL,NULL,NULL,NULL,NULL,NULL,NULL,Ocean Export,1,NULL,NULL,0,NULL,,NULL,NULL,NULL,NULL,1,0,,New Jersey (EWR),NULL,NULL,NULL
1764,2025-01-13 00:00:00.000,INQ1020114,East Sea Global Logistics Private Limited (ESGL),NULL,None,None,NULL,By Email,NULL,Auto Generated,NULL,NULL,NULL,NULL,NULL,0,NULL,2025-01-13 22:21:22.570,NULL,0,NULL,NULL,NULL,NULL,NULL,NULL,NULL,NULL,Ocean Export,1,NULL,NULL,0,NULL,,NULL,NULL,NULL,NULL,1,0,,New Jersey (EWR),NULL,NULL,NULL
1765,2025-01-13 00:00:00.000,INQ1020115,Dynamic Freight & Trading Co.,NULL,None,None,NULL,By Email,NULL,Auto Generated,NULL,NULL,NULL,NULL,NULL,0,NULL,2025-01-13 22:23:50.400,NULL,0,NULL,NULL,NULL,NULL,NULL,NULL,NULL,NULL,Ocean Export,1,NULL,NULL,0,NULL,,NULL,NULL,NULL,NULL,1,0,,New Jersey (EWR),NULL,NULL,NULL
1766,2025-01-13 00:00:00.000,INQ1020116,Closeout Connection,NULL,None,None,NULL,By Email,NULL,Auto Generated,NULL,NULL,NULL,NULL,NULL,0,NULL,2025-01-13 22:25:11.953,NULL,0,NULL,NULL,NULL,NULL,NULL,NULL,NULL,NULL,Ocean Export,1,NULL,NULL,0,NULL,,NULL,NULL,NULL,NULL,1,0,,New Jersey (EWR),NULL,NULL,NULL
1767,2025-01-13 00:00:00.000,INQ1020117,Callmasters Inc,NULL,None,None,NULL,By Email,NULL,Auto Generated,NULL,NULL,NULL,NULL,NULL,0,NULL,2025-01-13 22:26:39.597,NULL,0,NULL,NULL,NULL,NULL,NULL,NULL,NULL,NULL,Ocean Export,1,NULL,NULL,0,NULL,,NULL,NULL,NULL,NULL,1,0,,New Jersey (EWR),NULL,NULL,NULL
1768,2025-01-13 00:00:00.000,INQ1020118,Apollo Supply Chain Pvt. Ltd.,NULL,None,None,NULL,By Email,NULL,Auto Generated,NULL,NULL,NULL,NULL,NULL,0,NULL,2025-01-13 22:28:00.747,NULL,0,NULL,NULL,NULL,NULL,NULL,NULL,NULL,NULL,Ocean Export,1,NULL,NULL,0,NULL,,NULL,NULL,NULL,NULL,1,0,,New Jersey (EWR),NULL,NULL,NULL
1769,2025-01-13 00:00:00.000,INQ1020119,"ALPHA TRANS CO., LTD (ATL)",NULL,None,None,NULL,By Email,NULL,Auto Generated,NULL,NULL,NULL,NULL,NULL,0,NULL,2025-01-13 22:31:16.383,NULL,0,NULL,NULL,NULL,NULL,NULL,NULL,NULL,NULL,Ocean Export,1,NULL,NULL,0,NULL,,NULL,NULL,NULL,NULL,1,0,,New Jersey (EWR),NULL,NULL,NULL
1770,2025-01-13 00:00:00.000,INQ1020120,Africa Relief And Community Development Inc555555,NULL,None,None,NULL,By Email,NULL,Auto Generated,NULL,NULL,NULL,NULL,NULL,0,NULL,2025-01-13 22:36:19.310,NULL,0,NULL,NULL,NULL,NULL,NULL,NULL,NULL,NULL,Ocean Export,1,NULL,NULL,0,NULL,,NULL,NULL,NULL,NULL,1,0,,Sales & Marketing,NULL,NULL,NULL
1771,2025-01-13 00:00:00.000,INQ1020121,Africa Relief and Community Development Inc.11111,NULL,None,None,NULL,By Email,NULL,Auto Generated,NULL,NULL,NULL,NULL,NULL,0,NULL,2025-01-13 22:36:22.387,NULL,0,NULL,NULL,NULL,NULL,NULL,NULL,NULL,NULL,Ocean Export,1,NULL,NULL,0,NULL,,NULL,NULL,NULL,NULL,1,0,,MUMBAI (MUM),NULL,NULL,NULL
1772,2025-01-13 00:00:00.000,INQ1020122,BYT GROUP LLC,NULL,None,None,NULL,By Email,NULL,Auto Generated,NULL,NULL,NULL,NULL,NULL,0,NULL,2025-01-13 22:38:42.080,NULL,0,NULL,NULL,NULL,NULL,NULL,NULL,NULL,NULL,Ocean Export,1,NULL,NULL,0,NULL,,NULL,NULL,NULL,NULL,1,0,,New Jersey (EWR),NULL,NULL,NULL
1773,2025-01-13 00:00:00.000,INQ1020123,MGL SHIPPING COMPANY,NULL,None,None,NULL,By Email,NULL,Auto Generated,NULL,NULL,NULL,NULL,NULL,0,NULL,2025-01-13 22:42:32.717,NULL,0,NULL,NULL,NULL,NULL,NULL,NULL,NULL,NULL,Ocean Export,1,NULL,NULL,0,NULL,,NULL,NULL,NULL,NULL,1,0,,New Jersey (EWR),NULL,NULL,NULL
1774,2025-01-13 00:00:00.000,INQ1020124,MGL SHIPPING COMPANY,NULL,None,None,NULL,By Email,NULL,Auto Generated,NULL,NULL,NULL,NULL,NULL,0,NULL,2025-01-13 22:42:35.100,NULL,0,NULL,NULL,NULL,NULL,NULL,NULL,NULL,NULL,Ocean Export,1,NULL,NULL,0,NULL,,NULL,NULL,NULL,NULL,1,0,,New Jersey (EWR),NULL,NULL,NULL
1775,2025-01-13 00:00:00.000,INQ1020125,Pacavo Logistics INC,NULL,None,None,NULL,By Email,NULL,Auto Generated,NULL,NULL,NULL,NULL,NULL,0,NULL,2025-01-13 22:44:03.683,NULL,0,NULL,NULL,NULL,NULL,NULL,NULL,NULL,NULL,Ocean Export,1,NULL,NULL,0,NULL,,NULL,NULL,NULL,NULL,1,0,,New Jersey (EWR),NULL,NULL,NULL
1776,2025-01-13 00:00:00.000,INQ1020126,NY COMPUTER TRADING LLC,NULL,None,None,NULL,By Email,NULL,Auto Generated,NULL,NULL,NULL,NULL,NULL,0,NULL,2025-01-13 22:57:15.363,NULL,0,NULL,NULL,NULL,NULL,NULL,NULL,NULL,NULL,Ocean Export,1,NULL,NULL,0,NULL,,NULL,NULL,NULL,NULL,1,0,,Sales & Marketing,NULL,NULL,NULL
1777,2025-01-13 00:00:00.000,INQ1020127,"BOOM LOGISTICS CO., LTD",NULL,None,None,NULL,By Email,NULL,IS TO FOLLOWUP,NULL,NULL,NULL,NULL,NULL,0,NULL,2025-01-13 23:11:18.020,2026-01-09 16:39:32.637,0,NULL,NULL,NULL,NULL,NULL,NULL,NULL,NULL,Ocean Export,1,NULL,NULL,0,NULL,,NULL,NULL,NULL,NULL,1,0,,Inside Sales Group,NULL,NULL,NULL
1778,2025-01-13 00:00:00.000,INQ1020128,Meridian Specialty Yarn Group,NULL,None,None,NULL,By Email,NULL,Auto Generated,NULL,NULL,NULL,NULL,NULL,0,NULL,2025-01-13 23:11:59.540,NULL,0,NULL,NULL,NULL,NULL,NULL,NULL,NULL,NULL,Ocean Export,1,NULL,NULL,0,NULL,,NULL,NULL,NULL,NULL,1,0,,New Jersey (EWR),NULL,NULL,NULL
1779,2025-01-13 00:00:00.000,INQ1020129,X-Press Distribution Services,NULL,None,None,NULL,By Email,NULL,Auto Generated,NULL,NULL,NULL,NULL,NULL,0,NULL,2025-01-13 23:23:23.880,NULL,0,NULL,NULL,NULL,NULL,NULL,NULL,NULL,NULL,Ocean Export,1,NULL,NULL,0,NULL,,NULL,NULL,NULL,NULL,1,0,,New Jersey (EWR),NULL,NULL,NULL
1781,2025-01-13 00:00:00.000,INQ1020131,TOPASIA INTERNATIONAL LOGISTICS (NINGBO) CO. LTD,NULL,None,None,NULL,By Email,NULL,Auto Generated,NULL,NULL,NULL,NULL,NULL,0,NULL,2025-01-13 23:26:43.100,NULL,0,NULL,NULL,NULL,NULL,NULL,NULL,NULL,NULL,Ocean Export,1,NULL,NULL,0,NULL,,NULL,NULL,NULL,NULL,1,0,,New Jersey (EWR),NULL,NULL,NULL
1784,2025-01-13 00:00:00.000,INQ1020134,International Logistics of Cargo LLP,NULL,None,None,NULL,By Email,NULL,Auto Generated,NULL,NULL,NULL,NULL,NULL,0,NULL,2025-01-13 23:34:42.643,NULL,0,NULL,NULL,NULL,NULL,NULL,NULL,NULL,NULL,Ocean Export,1,NULL,NULL,0,NULL,,NULL,NULL,NULL,NULL,1,0,,New Jersey (EWR),NULL,NULL,NULL
1785,2025-01-13 00:00:00.000,INQ1020135,GREEN BOX LOGISTICS,NULL,None,None,NULL,By Email,NULL,IS TO FOLLOW,NULL,NULL,NULL,NULL,NULL,0,NULL,2025-01-13 23:38:06.880,2026-01-13 14:49:25.103,0,NULL,NULL,NULL,NULL,NULL,NULL,NULL,NULL,Ocean Export,1,NULL,NULL,0,NULL,,NULL,NULL,NULL,NULL,1,0,,Inside Sales Group,NULL,NULL,NULL
1786,2025-01-13 00:00:00.000,INQ1020136,ARROW LINE SHIPPING COMPANY,NULL,None,None,NULL,By Email,NULL,Auto Generated,NULL,NULL,NULL,NULL,NULL,0,NULL,2025-01-13 23:49:25.843,NULL,0,NULL,NULL,NULL,NULL,NULL,NULL,NULL,NULL,Ocean Export,1,NULL,NULL,0,NULL,,NULL,NULL,NULL,NULL,1,0,,New Jersey (EWR),NULL,NULL,NULL
1787,2025-01-14 00:00:00.000,INQ1020137,"Ste-Lar Textiles, Inc.,",NULL,None,None,NULL,By Email,NULL,Auto Generated,NULL,NULL,NULL,NULL,NULL,0,NULL,2025-01-14 10:01:54.707,NULL,0,NULL,NULL,NULL,NULL,NULL,NULL,NULL,NULL,Ocean Export,1,NULL,NULL,0,NULL,,NULL,NULL,NULL,NULL,1,0,,New Jersey (EWR),NULL,NULL,NULL
1788,2025-01-14 00:00:00.000,INQ1020138,SICTRA GROUP,NULL,None,None,NULL,By Email,NULL,Auto Generated,NULL,NULL,NULL,NULL,NULL,0,NULL,2025-01-14 10:17:37.943,NULL,0,NULL,NULL,NULL,NULL,NULL,NULL,NULL,NULL,Ocean Export,1,NULL,NULL,0,NULL,,NULL,NULL,NULL,NULL,1,0,,Sales & Marketing,NULL,NULL,NULL
1790,2025-01-14 00:00:00.000,INQ1020140,SD INVESTMENT,NULL,None,None,NULL,By Email,NULL,Auto Generated,NULL,NULL,NULL,NULL,NULL,0,NULL,2025-01-14 10:32:35.950,NULL,0,NULL,NULL,NULL,NULL,NULL,NULL,NULL,NULL,Ocean Export,1,NULL,NULL,0,NULL,,NULL,NULL,NULL,NULL,1,0,,New Jersey (EWR),NULL,NULL,NULL
1791,2025-01-14 00:00:00.000,INQ1020142,"RBD Electronics, Inc",NULL,None,None,NULL,By Email,NULL,Auto Generated,NULL,NULL,NULL,NULL,NULL,0,NULL,2025-01-14 10:38:09.003,NULL,0,NULL,NULL,NULL,NULL,NULL,NULL,NULL,NULL,Ocean Export,1,NULL,NULL,0,NULL,,NULL,NULL,NULL,NULL,1,0,,New Jersey (EWR),NULL,NULL,NULL
1792,2025-01-14 00:00:00.000,INQ1020143,Prime Global Logistics Pty Ltd,NULL,None,None,NULL,By Email,NULL,Auto Generated,NULL,NULL,NULL,NULL,NULL,0,NULL,2025-01-14 10:42:09.303,NULL,0,NULL,NULL,NULL,NULL,NULL,NULL,NULL,NULL,Ocean Export,1,NULL,NULL,0,NULL,,NULL,NULL,NULL,NULL,1,0,,New Jersey (EWR),NULL,NULL,NULL
1793,2025-01-14 00:00:00.000,INQ1020145,Steve,NULL,None,None,NULL,By Email,NULL,Auto Generated,NULL,NULL,NULL,NULL,NULL,0,NULL,2025-01-14 17:30:21.673,NULL,0,NULL,NULL,NULL,NULL,NULL,NULL,NULL,NULL,Ocean Export,1,NULL,NULL,0,NULL,,NULL,NULL,NULL,NULL,1,0,,New Jersey (EWR),NULL,NULL,NULL
1794,2025-01-14 00:00:00.000,INQ1020146,Salah,NULL,None,None,NULL,By Email,NULL,Auto Generated,NULL,NULL,NULL,NULL,NULL,0,NULL,2025-01-14 17:35:01.157,NULL,1,NULL,NULL,NULL,NULL,NULL,NULL,NULL,NULL,Ocean Export,1,NULL,NULL,0,NULL,,duplicate,NULL,NULL,NULL,1,0,,Sales & Marketing,NULL,NULL,NULL
1795,2025-01-14 00:00:00.000,INQ1020147,"CrossWorld Shipping Pte Ltd,",NULL,None,None,NULL,By Email,NULL,Auto Generated,NULL,NULL,NULL,NULL,NULL,0,NULL,2025-01-14 17:38:16.290,NULL,0,NULL,NULL,NULL,NULL,NULL,NULL,NULL,NULL,Ocean Export,1,NULL,NULL,0,NULL,,NULL,NULL,NULL,NULL,1,0,,Sales & Marketing,NULL,NULL,NULL
1796,2025-01-14 00:00:00.000,INQ1020148,ROYAL EXPORT INC,NULL,None,None,NULL,By Email,NULL,Auto Generated,NULL,NULL,NULL,NULL,NULL,0,NULL,2025-01-14 17:39:15.630,NULL,0,NULL,NULL,NULL,NULL,NULL,NULL,NULL,NULL,Ocean Export,1,NULL,NULL,0,NULL,,NULL,NULL,NULL,NULL,1,0,,New Jersey (EWR),NULL,NULL,NULL
1797,2025-01-14 00:00:00.000,INQ1020149,ZENKE AUCTION & REALTY INC,NULL,None,None,NULL,By Email,NULL,Auto Generated,NULL,NULL,NULL,NULL,NULL,0,NULL,2025-01-14 17:46:21.170,NULL,0,NULL,NULL,NULL,NULL,NULL,NULL,NULL,NULL,Ocean Export,1,NULL,NULL,0,NULL,,NULL,NULL,NULL,NULL,1,0,,New Jersey (EWR),NULL,NULL,NULL
1798,2025-01-14 00:00:00.000,INQ1020150,Zaid Fath,NULL,None,None,NULL,By Email,NULL,Auto Generated,NULL,NULL,NULL,NULL,NULL,0,NULL,2025-01-14 17:49:30.460,NULL,0,NULL,NULL,NULL,NULL,NULL,NULL,NULL,NULL,Ocean Export,1,NULL,NULL,0,NULL,,NULL,NULL,NULL,NULL,1,0,,New Jersey (EWR),NULL,NULL,NULL
1799,2025-01-14 00:00:00.000,INQ1020151,WW LOGISTICIANS PVT LTD,NULL,None,None,NULL,By Email,NULL,Auto Generated,NULL,NULL,NULL,NULL,NULL,0,NULL,2025-01-14 20:50:31.357,NULL,0,NULL,NULL,NULL,NULL,NULL,NULL,NULL,NULL,Ocean Export,1,NULL,NULL,0,NULL,,NULL,NULL,NULL,NULL,1,0,,New Jersey (EWR),NULL,NULL,NULL
1800,2025-01-14 00:00:00.000,INQ1020152,World Zone Logistics WLL,NULL,None,None,NULL,By Email,NULL,Auto Generated,NULL,NULL,NULL,NULL,NULL,0,NULL,2025-01-14 20:58:38.210,NULL,0,NULL,NULL,NULL,NULL,NULL,NULL,NULL,NULL,Ocean Export,1,NULL,NULL,0,NULL,,NULL,NULL,NULL,NULL,1,0,,New Jersey (EWR),NULL,NULL,NULL
1801,2025-01-14 00:00:00.000,INQ1020153,WEGOCHEM INTERNATIONAL LLC,NULL,None,None,NULL,By Email,NULL,Auto Generated,NULL,NULL,NULL,NULL,NULL,0,NULL,2025-01-14 21:10:06.643,NULL,0,NULL,NULL,NULL,NULL,NULL,NULL,NULL,NULL,Ocean Export,1,NULL,NULL,0,NULL,,NULL,NULL,NULL,NULL,1,0,,New Jersey (EWR),NULL,NULL,NULL
1803,2025-01-14 00:00:00.000,INQ1020155,STRATUS GENERAL TRADING LLC,NULL,None,None,NULL,By Email,NULL,Auto Generated,NULL,NULL,NULL,NULL,NULL,0,NULL,2025-01-14 21:50:42.767,NULL,0,NULL,NULL,NULL,NULL,NULL,NULL,NULL,NULL,Ocean Export,1,NULL,NULL,0,NULL,,NULL,NULL,NULL,NULL,1,0,,New Jersey (EWR),NULL,NULL,NULL
1804,2025-01-14 00:00:00.000,INQ1020156,Sky Star Logistics Llc,NULL,None,None,NULL,By Email,NULL,Auto Generated,NULL,NULL,NULL,NULL,NULL,0,NULL,2025-01-14 21:57:45.223,NULL,0,NULL,NULL,NULL,NULL,NULL,NULL,NULL,NULL,Ocean Export,1,NULL,NULL,0,NULL,,NULL,NULL,NULL,NULL,1,0,,New Jersey (EWR),NULL,NULL,NULL
1805,2025-01-14 00:00:00.000,INQ1020157,SPLIETHOFF,NULL,None,None,NULL,By Email,NULL,Auto Generated,NULL,NULL,NULL,NULL,NULL,0,NULL,2025-01-14 22:03:37.817,NULL,0,NULL,NULL,NULL,NULL,NULL,NULL,NULL,NULL,Ocean Export,1,NULL,NULL,0,NULL,,NULL,NULL,NULL,NULL,1,0,,Hamid Hussaini,NULL,NULL,NULL
1806,2025-01-14 00:00:00.000,INQ1020158,Source Trading Int.,NULL,None,None,NULL,By Email,NULL,Auto Generated,NULL,NULL,NULL,NULL,NULL,0,NULL,2025-01-14 22:08:54.200,NULL,0,NULL,NULL,NULL,NULL,NULL,NULL,NULL,NULL,Ocean Export,1,NULL,NULL,0,NULL,,NULL,NULL,NULL,NULL,1,0,,New Jersey (EWR),NULL,NULL,NULL
1807,2025-01-15 00:00:00.000,INQ1020159,MMI Direct Acutions,NULL,None,None,NULL,By Email,NULL,"312.226.4150  CEO Kyle   info@mmi-direct.com   1626 West Lake Street 2nd Floor, Chicago, IL 60612 https://mmi-direct.com/auction",NULL,NULL,NULL,NULL,NULL,0,NULL,2025-01-15 10:48:34.600,2025-12-22 09:17:57.537,0,NULL,NULL,NULL,NULL,NULL,NULL,NULL,NULL,Ocean Export,1,NULL,NULL,0,NULL,,NULL,NULL,NULL,NULL,1,0,,Sales & Marketing,NULL,NULL,NULL
1808,2025-01-15 00:00:00.000,INQ1020160,Myron Bowling Auctioneers,NULL,None,None,NULL,By Email,NULL,Auto Generated,NULL,NULL,NULL,NULL,NULL,0,NULL,2025-01-15 10:59:03.677,2025-09-08 16:29:27.507,1,NULL,NULL,NULL,NULL,NULL,NULL,NULL,NULL,Ocean Export,1,NULL,NULL,0,NULL,,duplicate entry,NULL,NULL,NULL,1,0,,Sales & Marketing,NULL,NULL,NULL
1809,2025-01-15 00:00:00.000,INQ1020161,NEW MILL CAPITAL,NULL,None,None,NULL,By Email,NULL,Not Interested Don't list shippers,NULL,NULL,NULL,NULL,NULL,0,NULL,2025-01-15 11:14:25.890,2025-10-31 09:22:04.690,0,NULL,NULL,NULL,NULL,NULL,NULL,NULL,NULL,Ocean Export,1,NULL,NULL,0,NULL,,NULL,NULL,NULL,NULL,1,0,,Sales & Marketing,NULL,NULL,NULL
1810,2025-01-15 00:00:00.000,INQ1020162,North Country Auctions LLC,NULL,None,None,NULL,By Email,NULL,Auto Generated,NULL,NULL,NULL,NULL,NULL,0,NULL,2025-01-15 11:19:49.447,2025-01-15 11:20:20.540,0,NULL,NULL,NULL,NULL,NULL,NULL,NULL,NULL,Ocean Export,1,NULL,NULL,0,NULL,,NULL,NULL,NULL,NULL,1,0,,Sales & Marketing,NULL,NULL,NULL
1811,2025-01-15 00:00:00.000,INQ1020163,"E&K TRADING,INC.",NULL,None,None,NULL,By Email,NULL,Auto Generated,NULL,NULL,NULL,NULL,NULL,0,NULL,2025-01-15 13:30:22.387,NULL,0,NULL,NULL,NULL,NULL,NULL,NULL,NULL,NULL,Ocean Export,1,NULL,NULL,0,NULL,,NULL,NULL,NULL,NULL,1,0,,Inside Sales Group,NULL,NULL,NULL
1812,2025-01-15 00:00:00.000,INQ1020164,NotebookLand Sales,NULL,None,None,NULL,By Email,NULL,Auto Generated,NULL,NULL,NULL,NULL,NULL,0,NULL,2025-01-15 13:50:26.357,NULL,0,NULL,NULL,NULL,NULL,NULL,NULL,NULL,NULL,Ocean Export,1,NULL,NULL,0,NULL,,NULL,NULL,NULL,NULL,1,0,,Inside Sales Group,NULL,NULL,NULL
1813,2025-01-15 00:00:00.000,INQ1020165,PC Wholesale a Division of Synnex Corporation,NULL,None,None,NULL,By Email,NULL,Auto Generated,NULL,NULL,NULL,NULL,NULL,0,NULL,2025-01-15 14:06:14.203,NULL,0,NULL,NULL,NULL,NULL,NULL,NULL,NULL,NULL,Ocean Export,1,NULL,NULL,0,NULL,,NULL,NULL,NULL,NULL,1,0,,Inside Sales Group,NULL,NULL,NULL
1814,2025-01-15 00:00:00.000,INQ1020167,WESCO,NULL,None,None,NULL,By Email,NULL,Auto Generated,NULL,NULL,NULL,NULL,NULL,0,NULL,2025-01-15 14:19:10.790,NULL,0,NULL,NULL,NULL,NULL,NULL,NULL,NULL,NULL,Ocean Export,1,NULL,NULL,0,NULL,,NULL,NULL,NULL,NULL,1,0,,Inside Sales Group,NULL,NULL,NULL
1815,2025-01-15 00:00:00.000,INQ1020168,Intertech Trading Corp,NULL,None,None,NULL,By Email,NULL,Auto Generated,NULL,NULL,NULL,NULL,NULL,0,NULL,2025-01-15 14:32:09.133,NULL,0,NULL,NULL,NULL,NULL,NULL,NULL,NULL,NULL,Ocean Export,1,NULL,NULL,0,NULL,,NULL,NULL,NULL,NULL,1,0,,Inside Sales Group,NULL,NULL,NULL
1816,2025-01-15 00:00:00.000,INQ1020169,Iintent Notebooks,NULL,None,None,NULL,By Email,NULL,Auto Generated,NULL,NULL,NULL,NULL,NULL,0,NULL,2025-01-15 14:44:31.550,NULL,0,NULL,NULL,NULL,NULL,NULL,NULL,NULL,NULL,Ocean Export,1,NULL,NULL,0,NULL,,NULL,NULL,NULL,NULL,1,0,,Inside Sales Group,NULL,NULL,NULL
1817,2025-01-15 00:00:00.000,INQ1020171,SKEEN TEXTILES AUTOMOTIVE FABRICS,NULL,None,None,NULL,By Email,NULL,Auto Generated,NULL,NULL,NULL,NULL,NULL,0,NULL,2025-01-15 16:03:55.403,NULL,0,NULL,NULL,NULL,NULL,NULL,NULL,NULL,NULL,Ocean Export,1,NULL,NULL,0,NULL,,NULL,NULL,NULL,NULL,1,0,,New Jersey (EWR),NULL,NULL,NULL
1818,2025-01-15 00:00:00.000,INQ1020172,SIAD GHANAIEM,NULL,None,None,NULL,By Email,NULL,Auto Generated,NULL,NULL,NULL,NULL,NULL,0,NULL,2025-01-15 16:07:53.277,NULL,0,NULL,NULL,NULL,NULL,NULL,NULL,NULL,NULL,Ocean Export,1,NULL,NULL,0,NULL,,NULL,NULL,NULL,NULL,1,0,,New Jersey (EWR),NULL,NULL,NULL
1819,2025-01-15 00:00:00.000,INQ1020173,"C&D TECHNOLOGIES, INC",NULL,None,None,NULL,By Email,NULL,Auto Generated,NULL,NULL,NULL,NULL,NULL,0,NULL,2025-01-15 16:14:46.830,NULL,0,NULL,NULL,NULL,NULL,NULL,NULL,NULL,NULL,Ocean Export,1,NULL,NULL,0,NULL,,NULL,NULL,NULL,NULL,1,0,,Inside Sales Group,NULL,NULL,NULL
1820,2025-01-15 00:00:00.000,INQ1020174,FAST LINX EST,NULL,None,None,NULL,By Email,NULL,Auto Generated,NULL,NULL,NULL,NULL,NULL,0,NULL,2025-01-15 16:16:02.437,NULL,0,NULL,NULL,NULL,NULL,NULL,NULL,NULL,NULL,Ocean Export,1,NULL,NULL,0,NULL,,NULL,NULL,NULL,NULL,1,0,,Inside Sales Group,NULL,NULL,NULL
1821,2025-01-15 00:00:00.000,INQ1020175,FAST LINX EST,NULL,None,None,NULL,By Email,NULL,Auto Generated,NULL,NULL,NULL,NULL,NULL,0,NULL,2025-01-15 16:16:11.817,NULL,0,NULL,NULL,NULL,NULL,NULL,NULL,NULL,NULL,Ocean Export,1,NULL,NULL,0,NULL,,NULL,NULL,NULL,NULL,1,0,,Inside Sales Group,NULL,NULL,NULL
1822,2025-01-15 00:00:00.000,INQ1020176,Iintent Notebooks,NULL,None,None,NULL,By Email,NULL,Auto Generated,NULL,NULL,NULL,NULL,NULL,0,NULL,2025-01-15 16:18:02.717,NULL,0,NULL,NULL,NULL,NULL,NULL,NULL,NULL,NULL,Ocean Export,1,NULL,NULL,0,NULL,,NULL,NULL,NULL,NULL,1,0,,Inside Sales Group,NULL,NULL,NULL
1823,2025-01-15 00:00:00.000,INQ1020177,Intertech Trading Corp,NULL,None,None,NULL,By Email,NULL,Auto Generated,NULL,NULL,NULL,NULL,NULL,0,NULL,2025-01-15 16:19:16.653,NULL,0,NULL,NULL,NULL,NULL,NULL,NULL,NULL,NULL,Ocean Export,1,NULL,NULL,0,NULL,,NULL,NULL,NULL,NULL,1,0,,Inside Sales Group,NULL,NULL,NULL
1824,2025-01-15 00:00:00.000,INQ1020178,Spruce international,NULL,None,None,NULL,By Email,NULL,Auto Generated,NULL,NULL,NULL,NULL,NULL,0,NULL,2025-01-15 16:19:52.190,NULL,0,NULL,NULL,NULL,NULL,NULL,NULL,NULL,NULL,Ocean Export,1,NULL,NULL,0,NULL,,NULL,NULL,NULL,NULL,1,0,,New Jersey (EWR),NULL,NULL,NULL
1825,2025-01-15 00:00:00.000,INQ1020179,WESCO,NULL,None,None,NULL,By Email,NULL,Auto Generated,NULL,NULL,NULL,NULL,NULL,0,NULL,2025-01-15 16:20:26.630,NULL,0,NULL,NULL,NULL,NULL,NULL,NULL,NULL,NULL,Ocean Export,1,NULL,NULL,0,NULL,,NULL,NULL,NULL,NULL,1,0,,Inside Sales Group,NULL,NULL,NULL
1826,2025-01-15 00:00:00.000,INQ1020180,Arcadia Consulting Services Inc.,NULL,None,None,NULL,By Email,NULL,Auto Generated,NULL,NULL,NULL,NULL,NULL,0,NULL,2025-01-15 16:34:32.887,NULL,1,NULL,NULL,NULL,NULL,NULL,NULL,NULL,NULL,Ocean Export,1,NULL,NULL,0,NULL,,duplicate,NULL,NULL,NULL,1,0,,Sales & Marketing,NULL,NULL,NULL
1828,2025-01-15 00:00:00.000,INQ1020182,Star Link Shipping & Trading,NULL,None,None,NULL,By Email,NULL,Auto Generated,NULL,NULL,NULL,NULL,NULL,0,NULL,2025-01-15 16:40:55.297,NULL,1,NULL,NULL,NULL,NULL,NULL,NULL,NULL,NULL,Ocean Export,1,NULL,NULL,0,NULL,,duplicate,NULL,NULL,NULL,1,0,,Sales & Marketing,NULL,NULL,NULL
1829,2025-01-15 00:00:00.000,INQ1020183,Star Link Shipping & Trading,NULL,None,None,NULL,By Email,NULL,Auto Generated,NULL,NULL,NULL,NULL,NULL,0,NULL,2025-01-15 16:42:20.267,NULL,0,NULL,NULL,NULL,NULL,NULL,NULL,NULL,NULL,Ocean Export,1,NULL,NULL,0,NULL,,NULL,NULL,NULL,NULL,1,0,,Sales & Marketing,NULL,NULL,NULL
1830,2025-01-15 00:00:00.000,INQ1020184,ALLIANCE I'NTL,NULL,None,None,NULL,By Email,NULL,Auto Generated,NULL,NULL,NULL,NULL,NULL,0,NULL,2025-01-15 17:01:15.240,NULL,0,NULL,NULL,NULL,NULL,NULL,NULL,NULL,NULL,Ocean Export,1,NULL,NULL,0,NULL,,NULL,NULL,NULL,NULL,1,0,,New Jersey (EWR),NULL,NULL,NULL
1831,2025-01-15 00:00:00.000,INQ1020185,Apex Global Shipping & Logistics LLc,NULL,None,None,NULL,By Email,NULL,Auto Generated,NULL,NULL,NULL,NULL,NULL,0,NULL,2025-01-15 17:12:21.217,NULL,0,NULL,NULL,NULL,NULL,NULL,NULL,NULL,NULL,Ocean Export,1,NULL,NULL,0,NULL,,NULL,NULL,NULL,NULL,1,0,,Inside Sales Group,NULL,NULL,NULL
1832,2025-01-15 00:00:00.000,INQ1020186,"Sail Line Global Logistics Co., Ltd",NULL,None,None,NULL,By Email,NULL,Auto Generated,NULL,NULL,NULL,NULL,NULL,0,NULL,2025-01-15 17:54:43.397,NULL,0,NULL,NULL,NULL,NULL,NULL,NULL,NULL,NULL,Ocean Export,1,NULL,NULL,0,NULL,,NULL,NULL,NULL,NULL,1,0,,Hamid Hussaini,NULL,NULL,NULL
1834,2025-01-15 00:00:00.000,INQ1020188,JMC Equipment,NULL,None,None,NULL,By Email,NULL,Auto Generated,NULL,NULL,NULL,NULL,NULL,0,NULL,2025-01-15 21:22:54.140,NULL,0,NULL,NULL,NULL,NULL,NULL,NULL,NULL,NULL,Ocean Export,1,NULL,NULL,0,NULL,,NULL,NULL,NULL,NULL,1,0,,New Jersey (EWR),NULL,NULL,NULL
1835,2025-01-15 00:00:00.000,INQ1020189,"ERTL Enterprises, Inc.",NULL,None,None,NULL,By Email,NULL,Auto Generated,NULL,NULL,NULL,NULL,NULL,0,NULL,2025-01-15 21:26:26.023,NULL,0,NULL,NULL,NULL,NULL,NULL,NULL,NULL,NULL,Ocean Export,1,NULL,NULL,0,NULL,,NULL,NULL,NULL,NULL,1,0,,New Jersey (EWR),NULL,NULL,NULL
1836,2025-01-15 00:00:00.000,INQ1020190,ALNÄEEM FOR IMPORT AND EXPORT,NULL,None,None,NULL,By Email,NULL,Auto Generated,NULL,NULL,NULL,NULL,NULL,0,NULL,2025-01-15 21:30:09.560,NULL,0,NULL,NULL,NULL,NULL,NULL,NULL,NULL,NULL,Ocean Export,1,NULL,NULL,0,NULL,,NULL,NULL,NULL,NULL,1,0,,New Jersey (EWR),NULL,NULL,NULL
1837,2025-01-15 00:00:00.000,INQ1020191,ABCorp NA,NULL,None,None,NULL,By Email,NULL,Auto Generated,NULL,NULL,NULL,NULL,NULL,0,NULL,2025-01-15 21:32:48.020,NULL,0,NULL,NULL,NULL,NULL,NULL,NULL,NULL,NULL,Ocean Export,1,NULL,NULL,0,NULL,,NULL,NULL,NULL,NULL,1,0,,New Jersey (EWR),NULL,NULL,NULL
1838,2025-01-15 00:00:00.000,INQ1020192,KERVAN USA LLC,NULL,None,None,NULL,By Email,NULL,Auto Generated,NULL,NULL,NULL,NULL,NULL,0,NULL,2025-01-15 21:36:30.103,NULL,1,NULL,NULL,NULL,NULL,NULL,NULL,NULL,NULL,Ocean Export,1,NULL,NULL,0,NULL,,duplicate,NULL,NULL,NULL,1,0,,New Jersey (EWR),NULL,NULL,NULL
1839,2025-01-15 00:00:00.000,INQ1020193,COCKETT INDUSTRIES,NULL,None,None,NULL,By Email,NULL,Auto Generated,NULL,NULL,NULL,NULL,NULL,0,NULL,2025-01-15 21:41:29.330,NULL,0,NULL,NULL,NULL,NULL,NULL,NULL,NULL,NULL,Ocean Export,1,NULL,NULL,0,NULL,,NULL,NULL,NULL,NULL,1,0,,New Jersey (EWR),NULL,NULL,NULL
1840,2025-01-15 00:00:00.000,INQ1020194,zTech Enterprises LLC,NULL,None,None,NULL,By Email,NULL,Auto Generated,NULL,NULL,NULL,NULL,NULL,0,NULL,2025-01-15 21:48:43.443,NULL,0,NULL,NULL,NULL,NULL,NULL,NULL,NULL,NULL,Ocean Export,1,NULL,NULL,0,NULL,,NULL,NULL,NULL,NULL,1,0,,New Jersey (EWR),NULL,NULL,NULL
1842,2025-01-17 00:00:00.000,INQ1020200,Filmar Technologies LLC,NULL,None,None,NULL,By Email,NULL,Auto Generated,NULL,NULL,NULL,NULL,NULL,0,NULL,2025-01-17 09:14:21.410,NULL,0,NULL,NULL,NULL,NULL,NULL,NULL,NULL,NULL,Ocean Export,1,NULL,NULL,0,NULL,,NULL,NULL,NULL,NULL,1,0,,Sales & Marketing,NULL,NULL,NULL
1843,2025-01-17 00:00:00.000,INQ1020201,FIRST SHIPPING LOGISTICS,NULL,None,None,NULL,By Email,NULL,Auto Generated,NULL,NULL,NULL,NULL,NULL,0,NULL,2025-01-17 09:29:52.890,NULL,0,NULL,NULL,NULL,NULL,NULL,NULL,NULL,NULL,Ocean Export,1,NULL,NULL,0,NULL,,NULL,NULL,NULL,NULL,1,0,,Inside Sales Group,NULL,NULL,NULL
1844,2025-01-19 00:00:00.000,INQ1020204,IAT COMPUTER LLC,NULL,None,None,NULL,By Email,NULL,Auto Generated,NULL,NULL,NULL,NULL,NULL,0,NULL,2025-01-19 22:17:45.007,NULL,0,NULL,NULL,NULL,NULL,NULL,NULL,NULL,NULL,Ocean Export,1,NULL,NULL,0,NULL,,NULL,NULL,NULL,NULL,1,0,,New Jersey (EWR),NULL,NULL,NULL
1845,2025-01-19 00:00:00.000,INQ1020205,"Heavy Equipment Services, Inc.",NULL,None,None,NULL,By Email,NULL,Auto Generated,NULL,NULL,NULL,NULL,NULL,0,NULL,2025-01-19 22:27:04.730,NULL,0,NULL,NULL,NULL,NULL,NULL,NULL,NULL,NULL,Ocean Export,1,NULL,NULL,0,NULL,,NULL,NULL,NULL,NULL,1,0,,New Jersey (EWR),NULL,NULL,NULL
1846,2025-01-19 00:00:00.000,INQ1020206,"H & G International Business, Inc.",NULL,None,None,NULL,By Email,NULL,Auto Generated,NULL,NULL,NULL,NULL,NULL,0,NULL,2025-01-19 22:33:49.873,NULL,0,NULL,NULL,NULL,NULL,NULL,NULL,NULL,NULL,Ocean Export,1,NULL,NULL,0,NULL,,NULL,NULL,NULL,NULL,1,0,,New Jersey (EWR),NULL,NULL,NULL
1847,2025-01-19 00:00:00.000,INQ1020207,Fortune computers LLC,NULL,None,None,NULL,By Email,NULL,Auto Generated,NULL,NULL,NULL,NULL,NULL,0,NULL,2025-01-19 22:49:20.093,NULL,0,NULL,NULL,NULL,NULL,NULL,NULL,NULL,NULL,Ocean Export,1,NULL,NULL,0,NULL,,NULL,NULL,NULL,NULL,1,0,,New Jersey (EWR),NULL,NULL,NULL
1848,2025-01-19 00:00:00.000,INQ1020208,FAISAL,NULL,None,None,NULL,By Email,NULL,Auto Generated,NULL,NULL,NULL,NULL,NULL,0,NULL,2025-01-19 22:51:38.597,NULL,0,NULL,NULL,NULL,NULL,NULL,NULL,NULL,NULL,Ocean Export,1,NULL,NULL,0,NULL,,NULL,NULL,NULL,NULL,1,0,,New Jersey (EWR),NULL,NULL,NULL
1849,2025-01-19 00:00:00.000,INQ1020209,EverBridges International,NULL,None,None,NULL,By Email,NULL,Auto Generated,NULL,NULL,NULL,NULL,NULL,0,NULL,2025-01-19 23:08:44.330,NULL,0,NULL,NULL,NULL,NULL,NULL,NULL,NULL,NULL,Ocean Export,1,NULL,NULL,0,NULL,,NULL,NULL,NULL,NULL,1,0,,New Jersey (EWR),NULL,NULL,NULL
1850,2025-01-19 00:00:00.000,INQ1020210,Ec Recycler,NULL,None,None,NULL,By Email,NULL,Auto Generated,NULL,NULL,NULL,NULL,NULL,0,NULL,2025-01-19 23:21:46.580,NULL,0,NULL,NULL,NULL,NULL,NULL,NULL,NULL,NULL,Ocean Export,1,NULL,NULL,0,NULL,,NULL,NULL,NULL,NULL,1,0,,New Jersey (EWR),NULL,NULL,NULL
1851,2025-01-19 00:00:00.000,INQ1020211,D.P.ENTERPRISES,NULL,None,None,NULL,By Email,NULL,Auto Generated,NULL,NULL,NULL,NULL,NULL,0,NULL,2025-01-19 23:42:23.047,NULL,0,NULL,NULL,NULL,NULL,NULL,NULL,NULL,NULL,Ocean Export,1,NULL,NULL,0,NULL,,NULL,NULL,NULL,NULL,1,0,,Sales & Marketing,NULL,NULL,NULL
1852,2025-01-20 00:00:00.000,INQ1020212,B & I Data Systems Ltd,NULL,None,None,NULL,By Email,NULL,Auto Generated,NULL,NULL,NULL,NULL,NULL,0,NULL,2025-01-20 10:03:19.383,NULL,0,NULL,NULL,NULL,NULL,NULL,NULL,NULL,NULL,Ocean Export,1,NULL,NULL,0,NULL,,NULL,NULL,NULL,NULL,1,0,,New Jersey (EWR),NULL,NULL,NULL
1853,2025-01-20 00:00:00.000,INQ1020213,B & I Data Systems Ltd,NULL,None,None,NULL,By Email,NULL,Auto Generated,NULL,NULL,NULL,NULL,NULL,0,NULL,2025-01-20 10:03:34.430,NULL,0,NULL,NULL,NULL,NULL,NULL,NULL,NULL,NULL,Ocean Export,1,NULL,NULL,0,NULL,,NULL,NULL,NULL,NULL,1,0,,New Jersey (EWR),NULL,NULL,NULL
1854,2025-01-20 00:00:00.000,INQ1020214,Valley Tech Inc,NULL,None,None,NULL,By Email,NULL,Auto Generated,NULL,NULL,NULL,NULL,NULL,0,NULL,2025-01-20 10:47:10.390,NULL,0,NULL,NULL,NULL,NULL,NULL,NULL,NULL,NULL,Ocean Export,1,NULL,NULL,0,NULL,,NULL,NULL,NULL,NULL,1,0,,Inside Sales Group,NULL,NULL,NULL
1855,2025-01-20 00:00:00.000,INQ1020215,Digiconta,NULL,None,None,NULL,By Email,NULL,Auto Generated,NULL,NULL,NULL,NULL,NULL,0,NULL,2025-01-20 10:52:01.563,NULL,1,NULL,NULL,NULL,NULL,NULL,NULL,NULL,NULL,Ocean Export,1,NULL,NULL,0,NULL,,duplicate,NULL,NULL,NULL,1,0,,Sales & Marketing,NULL,NULL,NULL
1856,2025-01-20 00:00:00.000,INQ1020216,ALPS COMPUTER,NULL,None,None,NULL,By Email,NULL,Auto Generated,NULL,NULL,NULL,NULL,NULL,0,NULL,2025-01-20 10:55:51.627,NULL,0,NULL,NULL,NULL,NULL,NULL,NULL,NULL,NULL,Ocean Export,1,NULL,NULL,0,NULL,,NULL,NULL,NULL,NULL,1,0,,Inside Sales Group,NULL,NULL,NULL
1857,2025-01-20 00:00:00.000,INQ1020217,ALPS COMPUTER,NULL,None,None,NULL,By Email,NULL,Auto Generated,NULL,NULL,NULL,NULL,NULL,0,NULL,2025-01-20 10:56:12.153,NULL,0,NULL,NULL,NULL,NULL,NULL,NULL,NULL,NULL,Ocean Export,1,NULL,NULL,0,NULL,,NULL,NULL,NULL,NULL,1,0,,Inside Sales Group,NULL,NULL,NULL
1858,2025-01-20 00:00:00.000,INQ1020218,GLOBAL WATER CONSORTIUM,NULL,None,None,NULL,By Email,NULL,Auto Generated,NULL,NULL,NULL,NULL,NULL,0,NULL,2025-01-20 11:06:41.373,NULL,0,NULL,NULL,NULL,NULL,NULL,NULL,NULL,NULL,Ocean Export,1,NULL,NULL,0,NULL,,NULL,NULL,NULL,NULL,1,0,,Inside Sales Group,NULL,NULL,NULL
1859,2025-01-20 00:00:00.000,INQ1020219,GLOBAL WATER CONSORTIUM,NULL,None,None,NULL,By Email,NULL,Auto Generated,NULL,NULL,NULL,NULL,NULL,0,NULL,2025-01-20 11:07:49.417,NULL,0,NULL,NULL,NULL,NULL,NULL,NULL,NULL,NULL,Ocean Export,1,NULL,NULL,0,NULL,,NULL,NULL,NULL,NULL,1,0,,Inside Sales Group,NULL,NULL,NULL
1860,2025-01-20 00:00:00.000,INQ1020220,Moamen Abdelaal,NULL,None,None,NULL,By Email,NULL,Auto Generated,NULL,NULL,NULL,NULL,NULL,0,NULL,2025-01-20 11:48:24.310,NULL,0,NULL,NULL,NULL,NULL,NULL,NULL,NULL,NULL,Ocean Export,1,NULL,NULL,0,NULL,,NULL,NULL,NULL,NULL,1,0,,Inside Sales Group,NULL,NULL,NULL
1861,2025-01-20 00:00:00.000,INQ1020221,HARBOR SEAFOOD,NULL,None,None,NULL,By Email,NULL,Auto Generated,NULL,NULL,NULL,NULL,NULL,0,NULL,2025-01-20 11:55:46.943,NULL,0,NULL,NULL,NULL,NULL,NULL,NULL,NULL,NULL,Ocean Export,1,NULL,NULL,0,NULL,,NULL,NULL,NULL,NULL,1,0,,Inside Sales Group,NULL,NULL,NULL
1862,2025-01-20 00:00:00.000,INQ1020222,MAESTRO TECHNOLOGIES,NULL,None,None,NULL,By Email,NULL,Auto Generated,NULL,NULL,NULL,NULL,NULL,0,NULL,2025-01-20 12:04:25.227,NULL,0,NULL,NULL,NULL,NULL,NULL,NULL,NULL,NULL,Ocean Export,1,NULL,NULL,0,NULL,,NULL,NULL,NULL,NULL,1,0,,Sales & Marketing,NULL,NULL,NULL
1863,2025-01-20 00:00:00.000,INQ1020223,Techno store,NULL,None,None,NULL,By Email,NULL,Auto Generated,NULL,NULL,NULL,NULL,NULL,0,NULL,2025-01-20 12:26:11.830,NULL,1,NULL,NULL,NULL,NULL,NULL,NULL,NULL,NULL,Ocean Export,1,NULL,NULL,0,NULL,,duplicate,NULL,NULL,NULL,1,0,,Sales & Marketing,NULL,NULL,NULL
1864,2025-01-20 00:00:00.000,INQ1020224,Techno store,NULL,None,None,NULL,By Email,NULL,Auto Generated,NULL,NULL,NULL,NULL,NULL,0,NULL,2025-01-20 12:27:43.693,NULL,1,NULL,NULL,NULL,NULL,NULL,NULL,NULL,NULL,Ocean Export,1,NULL,NULL,0,NULL,,duplicate,NULL,NULL,NULL,1,0,,Sales & Marketing,NULL,NULL,NULL
1865,2025-01-20 00:00:00.000,INQ1020225,Techno store,NULL,None,None,NULL,By Email,NULL,Auto Generated,NULL,NULL,NULL,NULL,NULL,0,NULL,2025-01-20 12:28:28.587,NULL,0,NULL,NULL,NULL,NULL,NULL,NULL,NULL,NULL,Ocean Export,1,NULL,NULL,0,NULL,,NULL,NULL,NULL,NULL,1,0,,Sales & Marketing,NULL,NULL,NULL
1866,2025-01-20 00:00:00.000,INQ1020228,ABDULAZIZ GHEDI,NULL,None,None,NULL,By Email,NULL,Auto Generated,NULL,NULL,NULL,NULL,NULL,0,NULL,2025-01-20 12:41:07.307,NULL,0,NULL,NULL,NULL,NULL,NULL,NULL,NULL,NULL,Ocean Export,1,NULL,NULL,0,NULL,,NULL,NULL,NULL,NULL,1,0,,Inside Sales Group,NULL,NULL,NULL
1868,2025-01-20 00:00:00.000,INQ1020230,Osama Hisham Alansari,NULL,None,None,NULL,By Email,NULL,Auto Generated,NULL,NULL,NULL,NULL,NULL,0,NULL,2025-01-20 13:49:20.467,NULL,0,NULL,NULL,NULL,NULL,NULL,NULL,NULL,NULL,Ocean Export,1,NULL,NULL,0,NULL,,NULL,NULL,NULL,NULL,1,0,,Inside Sales Group,NULL,NULL,NULL
1869,2025-01-20 00:00:00.000,INQ1020231,Shankar Jerripotula,NULL,None,None,NULL,By Email,NULL,Auto Generated,NULL,NULL,NULL,NULL,NULL,0,NULL,2025-01-20 14:21:18.153,NULL,0,NULL,NULL,NULL,NULL,NULL,NULL,NULL,NULL,Ocean Export,1,NULL,NULL,0,NULL,,NULL,NULL,NULL,NULL,1,0,,Inside Sales Group,NULL,NULL,NULL
1870,2025-01-20 00:00:00.000,INQ1020232,Shankar Jerripotula,NULL,None,None,NULL,By Email,NULL,Auto Generated,NULL,NULL,NULL,NULL,NULL,0,NULL,2025-01-20 15:24:07.997,NULL,0,NULL,NULL,NULL,NULL,NULL,NULL,NULL,NULL,Ocean Export,1,NULL,NULL,0,NULL,,NULL,NULL,NULL,NULL,1,0,,Inside Sales Group,NULL,NULL,NULL
1871,2025-01-20 00:00:00.000,INQ1020233,The Witte Company Inc,NULL,None,None,NULL,By Email,NULL,Auto Generated,NULL,NULL,NULL,NULL,NULL,0,NULL,2025-01-20 15:35:24.053,NULL,0,NULL,NULL,NULL,NULL,NULL,NULL,NULL,NULL,Ocean Export,1,NULL,NULL,0,NULL,,NULL,NULL,NULL,NULL,1,0,,Inside Sales Group,NULL,NULL,NULL
1872,2025-01-20 00:00:00.000,INQ1020234,ARYAN IMPEX USA LLC,NULL,None,None,NULL,By Email,NULL,Auto Generated,NULL,NULL,NULL,NULL,NULL,0,NULL,2025-01-20 15:51:34.843,NULL,0,NULL,NULL,NULL,NULL,NULL,NULL,NULL,NULL,Ocean Export,1,NULL,NULL,0,NULL,,NULL,NULL,NULL,NULL,1,0,,Inside Sales Group,NULL,NULL,NULL
1873,2025-01-20 00:00:00.000,INQ1020235,Business Zone Aviation. LTD,NULL,None,None,NULL,By Email,NULL,Auto Generated,NULL,NULL,NULL,NULL,NULL,0,NULL,2025-01-20 16:18:24.090,NULL,0,NULL,NULL,NULL,NULL,NULL,NULL,NULL,NULL,Ocean Export,1,NULL,NULL,0,NULL,,NULL,NULL,NULL,NULL,1,0,,BHOPAL (BHO),NULL,NULL,NULL
1874,2025-01-20 00:00:00.000,INQ1020236,Musason Canada Limited,NULL,None,None,NULL,By Email,NULL,Auto Generated,NULL,NULL,NULL,NULL,NULL,0,NULL,2025-01-20 16:22:38.897,NULL,0,NULL,NULL,NULL,NULL,NULL,NULL,NULL,NULL,Ocean Export,1,NULL,NULL,0,NULL,,NULL,NULL,NULL,NULL,1,0,,Inside Sales Group,NULL,NULL,NULL
1875,2025-01-20 00:00:00.000,INQ1020237,Raja Dhingra,NULL,None,None,NULL,By Email,NULL,Auto Generated,NULL,NULL,NULL,NULL,NULL,0,NULL,2025-01-20 16:32:26.790,NULL,0,NULL,NULL,NULL,NULL,NULL,NULL,NULL,NULL,Ocean Export,1,NULL,NULL,0,NULL,,NULL,NULL,NULL,NULL,1,0,,Inside Sales Group,NULL,NULL,NULL
1877,2025-01-20 00:00:00.000,INQ1020240,ADAM COMPUTER RECYCLING INC.,NULL,None,None,NULL,By Email,NULL,Auto Generated,NULL,NULL,NULL,NULL,NULL,0,NULL,2025-01-20 17:11:46.183,NULL,0,NULL,NULL,NULL,NULL,NULL,NULL,NULL,NULL,Ocean Export,1,NULL,NULL,0,NULL,,NULL,NULL,NULL,NULL,1,0,,Inside Sales Group,NULL,NULL,NULL
1878,2025-01-20 00:00:00.000,INQ1020241,AMG Logistics,NULL,None,None,NULL,By Email,NULL,Auto Generated,NULL,NULL,NULL,NULL,NULL,0,NULL,2025-01-20 17:21:53.283,NULL,0,NULL,NULL,NULL,NULL,NULL,NULL,NULL,NULL,Ocean Export,1,NULL,NULL,0,NULL,,NULL,NULL,NULL,NULL,1,0,,Inside Sales Group,NULL,NULL,NULL
1879,2025-01-20 00:00:00.000,INQ1020242,COPIER HUT.COM,NULL,None,None,NULL,By Email,NULL,Auto Generated,NULL,NULL,NULL,NULL,NULL,0,NULL,2025-01-20 21:57:17.613,NULL,0,NULL,NULL,NULL,NULL,NULL,NULL,NULL,NULL,Ocean Export,1,NULL,NULL,0,NULL,,NULL,NULL,NULL,NULL,1,0,,New Jersey (EWR),NULL,NULL,NULL
1880,2025-01-20 00:00:00.000,INQ1020243,ATLAS COFFEE,NULL,None,None,NULL,By Email,NULL,Auto Generated,NULL,NULL,NULL,NULL,NULL,0,NULL,2025-01-20 22:10:37.400,NULL,0,NULL,NULL,NULL,NULL,NULL,NULL,NULL,NULL,Ocean Export,1,NULL,NULL,0,NULL,,NULL,NULL,NULL,NULL,1,0,,New Jersey (EWR),NULL,NULL,NULL
1881,2025-01-20 00:00:00.000,INQ1020244,ASTERIX INTERNATIONAL GENERAL TRADING COMPANY,NULL,None,None,NULL,By Email,NULL,Auto Generated,NULL,NULL,NULL,NULL,NULL,0,NULL,2025-01-20 22:16:14.280,NULL,0,NULL,NULL,NULL,NULL,NULL,NULL,NULL,NULL,Ocean Export,1,NULL,NULL,0,NULL,,NULL,NULL,NULL,NULL,1,0,,New Jersey (EWR),NULL,NULL,NULL
1882,2025-01-20 00:00:00.000,INQ1020245,Armour Equipment And Machinery Trading LLC,NULL,None,None,NULL,By Email,NULL,Auto Generated,NULL,NULL,NULL,NULL,NULL,0,NULL,2025-01-20 22:19:51.863,NULL,0,NULL,NULL,NULL,NULL,NULL,NULL,NULL,NULL,Ocean Export,1,NULL,NULL,0,NULL,,NULL,NULL,NULL,NULL,1,0,,Sales & Marketing,NULL,NULL,NULL
1883,2025-01-20 00:00:00.000,INQ1020246,American Home Foods Inc.,NULL,None,None,NULL,By Email,NULL,Auto Generated,NULL,NULL,NULL,NULL,NULL,0,NULL,2025-01-20 22:21:29.710,NULL,0,NULL,NULL,NULL,NULL,NULL,NULL,NULL,NULL,Ocean Export,1,NULL,NULL,0,NULL,,NULL,NULL,NULL,NULL,1,0,,New Jersey (EWR),NULL,NULL,NULL
1884,2025-01-20 00:00:00.000,INQ1020247,American Auto Centers,NULL,None,None,NULL,By Email,NULL,Auto Generated,NULL,NULL,NULL,NULL,NULL,0,NULL,2025-01-20 22:26:04.770,NULL,0,NULL,NULL,NULL,NULL,NULL,NULL,NULL,NULL,Ocean Export,1,NULL,NULL,0,NULL,,NULL,NULL,NULL,NULL,1,0,,New Jersey (EWR),NULL,NULL,NULL
1885,2025-01-20 00:00:00.000,INQ1020248,Abdul Nouri,NULL,None,None,NULL,By Email,NULL,Auto Generated,NULL,NULL,NULL,NULL,NULL,0,NULL,2025-01-20 22:28:24.900,NULL,0,NULL,NULL,NULL,NULL,NULL,NULL,NULL,NULL,Ocean Export,1,NULL,NULL,0,NULL,,NULL,NULL,NULL,NULL,1,0,,New Jersey (EWR),NULL,NULL,NULL
1886,2025-01-20 00:00:00.000,INQ1020249,A1 Auto Group,NULL,None,None,NULL,By Email,NULL,Auto Generated,NULL,NULL,NULL,NULL,NULL,0,NULL,2025-01-20 22:31:30.760,NULL,0,NULL,NULL,NULL,NULL,NULL,NULL,NULL,NULL,Ocean Export,1,NULL,NULL,0,NULL,,NULL,NULL,NULL,NULL,1,0,,Hamid Hussaini,NULL,NULL,NULL
1887,2025-01-20 00:00:00.000,INQ1020250,3A Solutions Canada Inc.,NULL,None,None,NULL,By Email,NULL,Auto Generated,NULL,NULL,NULL,NULL,NULL,0,NULL,2025-01-20 22:42:06.880,NULL,1,NULL,NULL,NULL,NULL,NULL,NULL,NULL,NULL,Ocean Export,1,NULL,NULL,0,NULL,,Duplicate,NULL,NULL,NULL,1,0,,Sales & Marketing,NULL,NULL,NULL
1888,2025-01-20 00:00:00.000,INQ1020251,Sd G And T Ltd.,NULL,None,None,NULL,By Email,NULL,Auto Generated,NULL,NULL,NULL,NULL,NULL,0,NULL,2025-01-20 22:45:41.007,NULL,0,NULL,NULL,NULL,NULL,NULL,NULL,NULL,NULL,Ocean Export,1,NULL,NULL,0,NULL,,NULL,NULL,NULL,NULL,1,0,,New Jersey (EWR),NULL,NULL,NULL
1889,2025-01-21 00:00:00.000,INQ1020252,AQEEL LOGISTICS,NULL,None,None,NULL,By Email,NULL,Auto Generated,NULL,NULL,NULL,NULL,NULL,0,NULL,2025-01-21 09:58:17.827,NULL,1,NULL,NULL,NULL,NULL,NULL,NULL,NULL,NULL,Ocean Export,1,NULL,NULL,0,NULL,,duplicate,NULL,NULL,NULL,1,0,,Sales & Marketing,NULL,NULL,NULL
1890,2025-01-21 00:00:00.000,INQ1020253,AQEEL LOGISTICS,NULL,None,None,NULL,By Email,NULL,Auto Generated,NULL,NULL,NULL,NULL,NULL,0,NULL,2025-01-21 09:58:28.773,NULL,0,NULL,NULL,NULL,NULL,NULL,NULL,NULL,NULL,Ocean Export,1,NULL,NULL,0,NULL,,NULL,NULL,NULL,NULL,1,0,,Sales & Marketing,NULL,NULL,NULL
1892,2025-01-21 00:00:00.000,INQ1020255,Salah,NULL,None,None,NULL,By Email,NULL,Auto Generated,NULL,NULL,NULL,NULL,NULL,0,NULL,2025-01-21 10:27:49.507,NULL,0,NULL,NULL,NULL,NULL,NULL,NULL,NULL,NULL,Ocean Export,1,NULL,NULL,0,NULL,,NULL,NULL,NULL,NULL,1,0,,Sales & Marketing,NULL,NULL,NULL
1893,2025-01-21 00:00:00.000,INQ1020256,"Xiao Xinghong Eectronics, Inc.",NULL,None,None,NULL,By Email,NULL,Auto Generated,NULL,NULL,NULL,NULL,NULL,0,NULL,2025-01-21 10:37:13.507,NULL,0,NULL,NULL,NULL,NULL,NULL,NULL,NULL,NULL,Ocean Export,1,NULL,NULL,0,NULL,,NULL,NULL,NULL,NULL,1,0,,Hamid Hussaini,NULL,NULL,NULL
1895,2025-01-21 00:00:00.000,INQ1020258,Tech Store,NULL,None,None,NULL,By Email,NULL,Auto Generated,NULL,NULL,NULL,NULL,NULL,0,NULL,2025-01-21 11:32:29.420,NULL,0,NULL,NULL,NULL,NULL,NULL,NULL,NULL,NULL,Ocean Export,1,NULL,NULL,0,NULL,,NULL,NULL,NULL,NULL,1,0,,Sales & Marketing,NULL,NULL,NULL
1896,2025-01-21 00:00:00.000,INQ1020259,"Radian Research, Inc",NULL,None,None,NULL,By Email,NULL,Auto Generated,NULL,NULL,NULL,NULL,NULL,0,NULL,2025-01-21 11:37:48.253,NULL,0,NULL,NULL,NULL,NULL,NULL,NULL,NULL,NULL,Ocean Export,1,NULL,NULL,0,NULL,,NULL,NULL,NULL,NULL,1,0,,Inside Sales Group,NULL,NULL,NULL
1897,2025-01-21 00:00:00.000,INQ1020261,Fathi Ghoul,NULL,None,None,NULL,By Email,NULL,Auto Generated,NULL,NULL,NULL,NULL,NULL,0,NULL,2025-01-21 12:18:01.110,NULL,0,NULL,NULL,NULL,NULL,NULL,NULL,NULL,NULL,Ocean Export,1,NULL,NULL,0,NULL,,NULL,NULL,NULL,NULL,1,0,,MUMBAI (MUM),NULL,NULL,NULL
1898,2025-01-21 00:00:00.000,INQ1020270,Devine Logistics LLC,NULL,None,None,NULL,By Email,NULL,Auto Generated,NULL,NULL,NULL,NULL,NULL,0,NULL,2025-01-21 14:59:30.683,NULL,0,NULL,NULL,NULL,NULL,NULL,NULL,NULL,NULL,Ocean Export,1,NULL,NULL,0,NULL,,NULL,NULL,NULL,NULL,1,0,,MUMBAI (MUM),NULL,NULL,NULL
1899,2025-01-21 00:00:00.000,INQ1020272,AL KHAT AL ASWAD COMPUTER,NULL,None,None,NULL,By Email,NULL,Auto Generated,NULL,NULL,NULL,NULL,NULL,0,NULL,2025-01-21 16:54:08.850,NULL,0,NULL,NULL,NULL,NULL,NULL,NULL,NULL,NULL,Ocean Export,1,NULL,NULL,0,NULL,,NULL,NULL,NULL,NULL,1,0,,Sales & Marketing,NULL,NULL,NULL
1901,2025-01-21 00:00:00.000,INQ1020274,Global Trader Group LLC,NULL,None,None,NULL,By Email,NULL,Auto Generated,NULL,NULL,NULL,NULL,NULL,0,NULL,2025-01-21 17:11:43.153,NULL,0,NULL,NULL,NULL,NULL,NULL,NULL,NULL,NULL,Ocean Export,1,NULL,NULL,0,NULL,,NULL,NULL,NULL,NULL,1,0,,Sales & Marketing,NULL,NULL,NULL
1902,2025-01-21 00:00:00.000,INQ1020275,MCC Trading LLC,NULL,None,None,NULL,By Email,NULL,Auto Generated,NULL,NULL,NULL,NULL,NULL,0,NULL,2025-01-21 17:16:48.833,NULL,0,NULL,NULL,NULL,NULL,NULL,NULL,NULL,NULL,Ocean Export,1,NULL,NULL,0,NULL,,NULL,NULL,NULL,NULL,1,0,,Inside Sales Group,NULL,NULL,NULL
1903,2025-01-21 00:00:00.000,INQ1020276,ABISHAI DOMINIC MWANYIKA,NULL,None,None,NULL,By Email,NULL,Auto Generated,NULL,NULL,NULL,NULL,NULL,0,NULL,2025-01-21 17:26:58.010,NULL,0,NULL,NULL,NULL,NULL,NULL,NULL,NULL,NULL,Ocean Export,1,NULL,NULL,0,NULL,,NULL,NULL,NULL,NULL,1,0,,Sales & Marketing,NULL,NULL,NULL
1904,2025-01-21 00:00:00.000,INQ1020277,Ask Trading llc,NULL,None,None,NULL,By Email,NULL,Auto Generated,NULL,NULL,NULL,NULL,NULL,0,NULL,2025-01-21 17:34:51.327,NULL,0,NULL,NULL,NULL,NULL,NULL,NULL,NULL,NULL,Ocean Export,1,NULL,NULL,0,NULL,,NULL,NULL,NULL,NULL,1,0,,Sales & Marketing,NULL,NULL,NULL
1905,2025-01-21 00:00:00.000,INQ1020278,ENN INVESTMENT ( AUTOMOTIVE-IMPORT/EXPORT-COMPUTI,NULL,None,None,NULL,By Email,NULL,Auto Generated,NULL,NULL,NULL,NULL,NULL,0,NULL,2025-01-21 17:40:32.373,NULL,0,NULL,NULL,NULL,NULL,NULL,NULL,NULL,NULL,Ocean Export,1,NULL,NULL,0,NULL,,NULL,NULL,NULL,NULL,1,0,,Inside Sales Group,NULL,NULL,NULL
1906,2025-01-21 00:00:00.000,INQ1020279,COMPUWAREHOUSE,NULL,None,None,NULL,By Email,NULL,Auto Generated,NULL,NULL,NULL,NULL,NULL,0,NULL,2025-01-21 17:47:10.480,NULL,0,NULL,NULL,NULL,NULL,NULL,NULL,NULL,NULL,Ocean Export,1,NULL,NULL,0,NULL,,NULL,NULL,NULL,NULL,1,0,,Sales & Marketing,NULL,NULL,NULL
1907,2025-01-21 00:00:00.000,INQ1020280,Emirates Technotrade LLC.,NULL,None,None,NULL,By Email,NULL,Auto Generated,NULL,NULL,NULL,NULL,NULL,0,NULL,2025-01-21 17:53:36.700,NULL,0,NULL,NULL,NULL,NULL,NULL,NULL,NULL,NULL,Ocean Export,1,NULL,NULL,0,NULL,,NULL,NULL,NULL,NULL,1,0,,Inside Sales Group,NULL,NULL,NULL
1908,2025-01-21 00:00:00.000,INQ1020281,Krusecom,NULL,None,None,NULL,By Email,NULL,Auto Generated,NULL,NULL,NULL,NULL,NULL,0,NULL,2025-01-21 17:58:12.360,NULL,0,NULL,NULL,NULL,NULL,NULL,NULL,NULL,NULL,Ocean Export,1,NULL,NULL,0,NULL,,NULL,NULL,NULL,NULL,1,0,,Inside Sales Group,NULL,NULL,NULL
1910,2025-01-21 00:00:00.000,INQ1020283,"Reliable Automatic Sprinkler Co., Inc.",NULL,None,None,NULL,By Email,NULL,Auto Generated,NULL,NULL,NULL,NULL,NULL,0,NULL,2025-01-21 21:42:09.757,NULL,0,NULL,NULL,NULL,NULL,NULL,NULL,NULL,NULL,Ocean Export,1,NULL,NULL,0,NULL,,NULL,NULL,NULL,NULL,1,0,,New Jersey (EWR),NULL,NULL,NULL
1911,2025-01-21 00:00:00.000,INQ1020284,"Nordson Extrusion Dies Industries, LLC",NULL,None,None,NULL,By Email,NULL,Auto Generated,NULL,NULL,NULL,NULL,NULL,0,NULL,2025-01-21 22:10:39.547,NULL,0,NULL,NULL,NULL,NULL,NULL,NULL,NULL,NULL,Ocean Export,1,NULL,NULL,0,NULL,,NULL,NULL,NULL,NULL,1,0,,New Jersey (EWR),NULL,NULL,NULL
1912,2025-01-21 00:00:00.000,INQ1020285,"Magdy Hamed, Mohammed Elrify",NULL,None,None,NULL,By Email,NULL,Auto Generated,NULL,NULL,NULL,NULL,NULL,0,NULL,2025-01-21 22:31:15.603,NULL,0,NULL,NULL,NULL,NULL,NULL,NULL,NULL,NULL,Ocean Export,1,NULL,NULL,0,NULL,,NULL,NULL,NULL,NULL,1,0,,New Jersey (EWR),NULL,NULL,NULL
1913,2025-01-21 00:00:00.000,INQ1020286,LOTAMSA,NULL,None,None,NULL,By Email,NULL,Auto Generated,NULL,NULL,NULL,NULL,NULL,0,NULL,2025-01-21 22:33:15.360,NULL,0,NULL,NULL,NULL,NULL,NULL,NULL,NULL,NULL,Ocean Export,1,NULL,NULL,0,NULL,,NULL,NULL,NULL,NULL,1,0,,New Jersey (EWR),NULL,NULL,NULL
1914,2025-01-21 00:00:00.000,INQ1020287,LKQ BEST CORE,NULL,None,None,NULL,By Email,NULL,Auto Generated,NULL,NULL,NULL,NULL,NULL,0,NULL,2025-01-21 22:39:19.863,NULL,0,NULL,NULL,NULL,NULL,NULL,NULL,NULL,NULL,Ocean Export,1,NULL,NULL,0,NULL,,NULL,NULL,NULL,NULL,1,0,,New Jersey (EWR),NULL,NULL,NULL
1915,2025-01-21 00:00:00.000,INQ1020288,Icons printing and Signs,NULL,None,None,NULL,By Email,NULL,Auto Generated,NULL,NULL,NULL,NULL,NULL,0,NULL,2025-01-21 22:53:12.017,NULL,0,NULL,NULL,NULL,NULL,NULL,NULL,NULL,NULL,Ocean Export,1,NULL,NULL,0,NULL,,NULL,NULL,NULL,NULL,1,0,,New Jersey (EWR),NULL,NULL,NULL
1916,2025-01-21 00:00:00.000,INQ1020289,Elhaneen Co For Import and Export,NULL,None,None,NULL,By Email,NULL,Auto Generated,NULL,NULL,NULL,NULL,NULL,0,NULL,2025-01-21 23:12:34.947,NULL,0,NULL,NULL,NULL,NULL,NULL,NULL,NULL,NULL,Ocean Export,1,NULL,NULL,0,NULL,,NULL,NULL,NULL,NULL,1,0,,New Jersey (EWR),NULL,NULL,NULL
1917,2025-01-21 00:00:00.000,INQ1020290,Woodward Inc.,NULL,None,None,NULL,By Email,NULL,Auto Generated,NULL,NULL,NULL,NULL,NULL,0,NULL,2025-01-21 23:48:34.663,NULL,0,NULL,NULL,NULL,NULL,NULL,NULL,NULL,NULL,Ocean Export,1,NULL,NULL,0,NULL,,NULL,NULL,NULL,NULL,1,0,,New Jersey (EWR),NULL,NULL,NULL
1918,2025-01-21 00:00:00.000,INQ1020291,Unlimited Auto Sales,NULL,None,None,NULL,By Email,NULL,Auto Generated,NULL,NULL,NULL,NULL,NULL,0,NULL,2025-01-21 23:54:13.373,NULL,0,NULL,NULL,NULL,NULL,NULL,NULL,NULL,NULL,Ocean Export,1,NULL,NULL,0,NULL,,NULL,NULL,NULL,NULL,1,0,,New Jersey (EWR),NULL,NULL,NULL
1919,2025-01-22 00:00:00.000,INQ1020293,"Ram International Trading,LLC",NULL,None,None,NULL,By Email,NULL,Auto Generated,NULL,NULL,NULL,NULL,NULL,0,NULL,2025-01-22 13:44:09.570,NULL,0,NULL,NULL,NULL,NULL,NULL,NULL,NULL,NULL,Ocean Export,1,NULL,NULL,0,NULL,,NULL,NULL,NULL,NULL,1,0,,New Jersey (EWR),NULL,NULL,NULL
1920,2025-01-22 00:00:00.000,INQ1020294,Md tech Solutions,NULL,None,None,NULL,By Email,NULL,Auto Generated,NULL,NULL,NULL,NULL,NULL,0,NULL,2025-01-22 14:14:56.837,NULL,0,NULL,NULL,NULL,NULL,NULL,NULL,NULL,NULL,Ocean Export,1,NULL,NULL,0,NULL,,NULL,NULL,NULL,NULL,1,0,,Sales & Marketing,NULL,NULL,NULL
1921,2025-01-22 00:00:00.000,INQ1020295,Mr. Frank Kasekwa C/O TBF,NULL,None,None,NULL,By Email,NULL,Auto Generated,NULL,NULL,NULL,NULL,NULL,0,NULL,2025-01-22 14:20:11.143,NULL,0,NULL,NULL,NULL,NULL,NULL,NULL,NULL,NULL,Ocean Export,1,NULL,NULL,0,NULL,,NULL,NULL,NULL,NULL,1,0,,Inside Sales Group,NULL,NULL,NULL
1922,2025-01-22 00:00:00.000,INQ1020297,Mr. Imran,NULL,None,None,NULL,By Email,NULL,Auto Generated,NULL,NULL,NULL,NULL,NULL,0,NULL,2025-01-22 14:24:50.097,NULL,0,NULL,NULL,NULL,NULL,NULL,NULL,NULL,NULL,Ocean Export,1,NULL,NULL,0,NULL,,NULL,NULL,NULL,NULL,1,0,,Inside Sales Group,NULL,NULL,NULL
1923,2025-01-22 00:00:00.000,INQ1020298,MUHAMMAD ALI,NULL,None,None,NULL,By Email,NULL,Auto Generated,NULL,NULL,NULL,NULL,NULL,0,NULL,2025-01-22 14:33:54.247,NULL,0,NULL,NULL,NULL,NULL,NULL,NULL,NULL,NULL,Ocean Export,1,NULL,NULL,0,NULL,,NULL,NULL,NULL,NULL,1,0,,Inside Sales Group,NULL,NULL,NULL
1924,2025-01-22 00:00:00.000,INQ1020299,Navtech Solutions Inc.,NULL,None,None,NULL,By Email,NULL,Auto Generated,NULL,NULL,NULL,NULL,NULL,0,NULL,2025-01-22 14:38:19.827,NULL,0,NULL,NULL,NULL,NULL,NULL,NULL,NULL,NULL,Ocean Export,1,NULL,NULL,0,NULL,,NULL,NULL,NULL,NULL,1,0,,Inside Sales Group,NULL,NULL,NULL
1925,2025-01-22 00:00:00.000,INQ1020300,"NESTELECTRIIC DEVICE TRADING CO., LLC",NULL,None,None,NULL,By Email,NULL,Auto Generated,NULL,NULL,NULL,NULL,NULL,0,NULL,2025-01-22 14:44:52.297,NULL,0,NULL,NULL,NULL,NULL,NULL,NULL,NULL,NULL,Ocean Export,1,NULL,NULL,0,NULL,,NULL,NULL,NULL,NULL,1,0,,Sales & Marketing,NULL,NULL,NULL
1928,2025-01-22 00:00:00.000,INQ1020304,"RSR PARTNERS, LLC",NULL,None,None,NULL,By Email,NULL,Auto Generated,NULL,NULL,NULL,NULL,NULL,0,NULL,2025-01-22 16:06:51.330,NULL,0,NULL,NULL,NULL,NULL,NULL,NULL,NULL,NULL,Ocean Export,1,NULL,NULL,0,NULL,,NULL,NULL,NULL,NULL,1,0,,Sales & Marketing,NULL,NULL,NULL
1929,2025-01-22 00:00:00.000,INQ1020305,SAMI HUSSEIN,NULL,None,None,NULL,By Email,NULL,Auto Generated,NULL,NULL,NULL,NULL,NULL,0,NULL,2025-01-22 16:17:01.463,NULL,0,NULL,NULL,NULL,NULL,NULL,NULL,NULL,NULL,Ocean Export,1,NULL,NULL,0,NULL,,NULL,NULL,NULL,NULL,1,0,,Inside Sales Group,NULL,NULL,NULL
1930,2025-01-22 00:00:00.000,INQ1020306,SUNCITY DISTRIBUTION LLC,NULL,None,None,NULL,By Email,NULL,Auto Generated,NULL,NULL,NULL,NULL,NULL,0,NULL,2025-01-22 16:26:34.950,NULL,1,NULL,NULL,NULL,NULL,NULL,NULL,NULL,NULL,Ocean Export,1,NULL,NULL,0,NULL,,duplicate,NULL,NULL,NULL,1,0,,Sales & Marketing,NULL,NULL,NULL
1931,2025-01-22 00:00:00.000,INQ1020307,TBF COMPUTING ET 111,NULL,None,None,NULL,By Email,NULL,Auto Generated,NULL,NULL,NULL,NULL,NULL,0,NULL,2025-01-22 17:18:19.600,NULL,0,NULL,NULL,NULL,NULL,NULL,NULL,NULL,NULL,Ocean Export,1,NULL,NULL,0,NULL,,NULL,NULL,NULL,NULL,1,0,,Hamid Hussaini,NULL,NULL,NULL
1932,2025-01-22 00:00:00.000,INQ1020308,Tech First LLC,NULL,None,None,NULL,By Email,NULL,Auto Generated,NULL,NULL,NULL,NULL,NULL,0,NULL,2025-01-22 17:22:19.380,NULL,0,NULL,NULL,NULL,NULL,NULL,NULL,NULL,NULL,Ocean Export,1,NULL,NULL,0,NULL,,NULL,NULL,NULL,NULL,1,0,,Sales & Marketing,NULL,NULL,NULL
1933,2025-01-22 00:00:00.000,INQ1020309,Technivison FZCO,NULL,None,None,NULL,By Email,NULL,Auto Generated,NULL,NULL,NULL,NULL,NULL,0,NULL,2025-01-22 17:26:36.413,NULL,0,NULL,NULL,NULL,NULL,NULL,NULL,NULL,NULL,Ocean Export,1,NULL,NULL,0,NULL,,NULL,NULL,NULL,NULL,1,0,,Sales & Marketing,NULL,NULL,NULL
1934,2025-01-22 00:00:00.000,INQ1020310,Trade Imperative,NULL,None,None,NULL,By Email,NULL,Auto Generated,NULL,NULL,NULL,NULL,NULL,0,NULL,2025-01-22 17:33:04.853,NULL,0,NULL,NULL,NULL,NULL,NULL,NULL,NULL,NULL,Ocean Export,1,NULL,NULL,0,NULL,,NULL,NULL,NULL,NULL,1,0,,Inside Sales Group,NULL,NULL,NULL
1935,2025-01-22 00:00:00.000,INQ1020311,ADVANCE RECOVERY INC.,NULL,None,None,NULL,By Email,NULL,Auto Generated,NULL,NULL,NULL,NULL,NULL,0,NULL,2025-01-22 17:36:23.383,NULL,0,NULL,NULL,NULL,NULL,NULL,NULL,NULL,NULL,Ocean Export,1,NULL,NULL,0,NULL,,NULL,NULL,NULL,NULL,1,0,,Inside Sales Group,NULL,NULL,NULL
1936,2025-01-22 00:00:00.000,INQ1020312,ENZYMEDICA IN,NULL,None,None,NULL,By Email,NULL,Auto Generated,NULL,NULL,NULL,NULL,NULL,0,NULL,2025-01-22 17:38:22.620,NULL,0,NULL,NULL,NULL,NULL,NULL,NULL,NULL,NULL,Ocean Export,1,NULL,NULL,0,NULL,,NULL,NULL,NULL,NULL,1,0,,Inside Sales Group,NULL,NULL,NULL
1937,2025-01-22 00:00:00.000,INQ1020313,Freight Connection Pakistan PVT LTD,NULL,None,None,NULL,By Email,NULL,Auto Generated,NULL,NULL,NULL,NULL,NULL,0,NULL,2025-01-22 17:44:34.960,NULL,0,NULL,NULL,NULL,NULL,NULL,NULL,NULL,NULL,Ocean Export,1,NULL,NULL,0,NULL,,NULL,NULL,NULL,NULL,1,0,,Inside Sales Group,NULL,NULL,NULL
1938,2025-01-22 00:00:00.000,INQ1020314,Jamal  Abdullah,NULL,None,None,NULL,By Email,NULL,Auto Generated,NULL,NULL,NULL,NULL,NULL,0,NULL,2025-01-22 17:49:52.983,NULL,0,NULL,NULL,NULL,NULL,NULL,NULL,NULL,NULL,Ocean Export,1,NULL,NULL,0,NULL,,NULL,NULL,NULL,NULL,1,0,,Inside Sales Group,NULL,NULL,NULL
1939,2025-01-22 00:00:00.000,INQ1020315,EL NOUR MEDICAL,NULL,None,None,NULL,By Email,NULL,Auto Generated,NULL,NULL,NULL,NULL,NULL,0,NULL,2025-01-22 17:54:32.957,NULL,0,NULL,NULL,NULL,NULL,NULL,NULL,NULL,NULL,Ocean Export,1,NULL,NULL,0,NULL,,NULL,NULL,NULL,NULL,1,0,,MUMBAI (MUM),NULL,NULL,NULL
1940,2025-01-22 00:00:00.000,INQ1020316,EL NOUR MEDICAL,NULL,None,None,NULL,By Email,NULL,Auto Generated,NULL,NULL,NULL,NULL,NULL,0,NULL,2025-01-22 17:55:05.223,NULL,0,NULL,NULL,NULL,NULL,NULL,NULL,NULL,NULL,Ocean Export,1,NULL,NULL,0,NULL,,NULL,NULL,NULL,NULL,1,0,,MUMBAI (MUM),NULL,NULL,NULL
1941,2025-01-23 00:00:00.000,INQ1020318,AL KAZEMI INTERNATIONAL GENERAL TRADG & CONTG GROU,NULL,None,None,NULL,By Email,NULL,Auto Generated,NULL,NULL,NULL,NULL,NULL,0,NULL,2025-01-23 14:42:17.600,NULL,0,NULL,NULL,NULL,NULL,NULL,NULL,NULL,NULL,Ocean Export,1,NULL,NULL,0,NULL,,NULL,NULL,NULL,NULL,1,0,,Inside Sales Group,NULL,NULL,NULL
1942,2025-01-23 00:00:00.000,INQ1020321,American Auctioneer Group,NULL,None,None,NULL,By Email,NULL,Auto Generated,NULL,NULL,NULL,NULL,NULL,0,NULL,2025-01-23 17:09:29.117,NULL,0,NULL,NULL,NULL,NULL,NULL,NULL,NULL,NULL,Ocean Export,1,NULL,NULL,0,NULL,,NULL,NULL,NULL,NULL,1,0,,New Jersey (EWR),NULL,NULL,NULL
1943,2025-01-23 00:00:00.000,INQ1020322,American Auctioneer Group,NULL,None,None,NULL,By Email,NULL,Auto Generated,NULL,NULL,NULL,NULL,NULL,0,NULL,2025-01-23 17:10:10.977,NULL,0,NULL,NULL,NULL,NULL,NULL,NULL,NULL,NULL,Ocean Export,1,NULL,NULL,0,NULL,,NULL,NULL,NULL,NULL,1,0,,New Jersey (EWR),NULL,NULL,NULL
1944,2025-01-23 00:00:00.000,INQ1020323,BEELOGISTICS,NULL,None,None,NULL,By Email,NULL,Auto Generated,NULL,NULL,NULL,NULL,NULL,0,NULL,2025-01-23 20:59:15.230,NULL,0,NULL,NULL,NULL,NULL,NULL,NULL,NULL,NULL,Ocean Export,1,NULL,NULL,0,NULL,,NULL,NULL,NULL,NULL,1,0,,New Jersey (EWR),NULL,NULL,NULL
1945,2025-01-23 00:00:00.000,INQ1020324,TRUC PHUONG NORTHERN LOGISTICS COMPANY LIMITED,NULL,None,None,NULL,By Email,NULL,Auto Generated,NULL,NULL,NULL,NULL,NULL,0,NULL,2025-01-23 20:59:34.943,NULL,0,NULL,NULL,NULL,NULL,NULL,NULL,NULL,NULL,Ocean Export,1,NULL,NULL,0,NULL,,NULL,NULL,NULL,NULL,1,0,,New Jersey (EWR),NULL,NULL,NULL
1946,2025-01-23 00:00:00.000,INQ1020325,NORDICFREIGHT,NULL,None,None,NULL,By Email,NULL,Auto Generated,NULL,NULL,NULL,NULL,NULL,0,NULL,2025-01-23 21:00:01.970,NULL,0,NULL,NULL,NULL,NULL,NULL,NULL,NULL,NULL,Ocean Export,1,NULL,NULL,0,NULL,,NULL,NULL,NULL,NULL,1,0,,Sales & Marketing,NULL,NULL,NULL
1947,2025-01-23 00:00:00.000,INQ1020326,INTERNATIONALE SPEDITIONS-GESELLSCHAFT MBH,NULL,None,None,NULL,By Email,NULL,Auto Generated,NULL,NULL,NULL,NULL,NULL,0,NULL,2025-01-23 21:09:47.577,NULL,0,NULL,NULL,NULL,NULL,NULL,NULL,NULL,NULL,Ocean Export,1,NULL,NULL,0,NULL,,NULL,NULL,NULL,NULL,1,0,,New Jersey (EWR),NULL,NULL,NULL
1948,2025-01-23 00:00:00.000,INQ1020327,INTERNATIONALE SPEDITIONS-GESELLSCHAFT MBH,NULL,None,None,NULL,By Email,NULL,Auto Generated,NULL,NULL,NULL,NULL,NULL,0,NULL,2025-01-23 21:10:14.580,NULL,0,NULL,NULL,NULL,NULL,NULL,NULL,NULL,NULL,Ocean Export,1,NULL,NULL,0,NULL,,NULL,NULL,NULL,NULL,1,0,,New Jersey (EWR),NULL,NULL,NULL
1949,2025-01-23 00:00:00.000,INQ1020328,istanbul Denizcilik Nakliyat ve Tic. Ltd. Sti,NULL,None,None,NULL,By Email,NULL,Auto Generated,NULL,NULL,NULL,NULL,NULL,0,NULL,2025-01-23 21:14:48.353,NULL,0,NULL,NULL,NULL,NULL,NULL,NULL,NULL,NULL,Ocean Export,1,NULL,NULL,0,NULL,,NULL,NULL,NULL,NULL,1,0,,Sales & Marketing,NULL,NULL,NULL
1950,2025-01-23 00:00:00.000,INQ1020329,PT MITRA KERTA PERSADA Logistics,NULL,None,None,NULL,By Email,NULL,Auto Generated,NULL,NULL,NULL,NULL,NULL,0,NULL,2025-01-23 21:16:32.827,NULL,0,NULL,NULL,NULL,NULL,NULL,NULL,NULL,NULL,Ocean Export,1,NULL,NULL,0,NULL,,NULL,NULL,NULL,NULL,1,0,,New Jersey (EWR),NULL,NULL,NULL
1951,2025-01-23 00:00:00.000,INQ1020330,"WORLDWIDE LOGISTICS VN CO.,LTD",NULL,None,None,NULL,By Email,NULL,Auto Generated,NULL,NULL,NULL,NULL,NULL,0,NULL,2025-01-23 21:18:30.907,NULL,0,NULL,NULL,NULL,NULL,NULL,NULL,NULL,NULL,Ocean Export,1,NULL,NULL,0,NULL,,NULL,NULL,NULL,NULL,1,0,,New Jersey (EWR),NULL,NULL,NULL
1952,2025-01-23 00:00:00.000,INQ1020331,DIERA INTERMODAL sp. z o.o,NULL,None,None,NULL,By Email,NULL,Auto Generated,NULL,NULL,NULL,NULL,NULL,0,NULL,2025-01-23 21:22:33.227,NULL,0,NULL,NULL,NULL,NULL,NULL,NULL,NULL,NULL,Ocean Export,1,NULL,NULL,0,NULL,,NULL,NULL,NULL,NULL,1,0,,New Jersey (EWR),NULL,NULL,NULL
1953,2025-01-23 00:00:00.000,INQ1020332,SPOTLOG,NULL,None,None,NULL,By Email,NULL,Auto Generated,NULL,NULL,NULL,NULL,NULL,0,NULL,2025-01-23 21:25:33.430,NULL,0,NULL,NULL,NULL,NULL,NULL,NULL,NULL,NULL,Ocean Export,1,NULL,NULL,0,NULL,,NULL,NULL,NULL,NULL,1,0,,New Jersey (EWR),NULL,NULL,NULL
1954,2025-01-23 00:00:00.000,INQ1020333,KINGHOM GROUP,NULL,None,None,NULL,By Email,NULL,Auto Generated,NULL,NULL,NULL,NULL,NULL,0,NULL,2025-01-23 21:27:13.863,NULL,0,NULL,NULL,NULL,NULL,NULL,NULL,NULL,NULL,Ocean Export,1,NULL,NULL,0,NULL,,NULL,NULL,NULL,NULL,1,0,,New Jersey (EWR),NULL,NULL,NULL
1955,2025-01-23 00:00:00.000,INQ1020334,"Shanghai Kinghom Supply Chain Management Co.,Ltd",NULL,None,None,NULL,By Email,NULL,Auto Generated,NULL,NULL,NULL,NULL,NULL,0,NULL,2025-01-23 21:28:33.140,NULL,0,NULL,NULL,NULL,NULL,NULL,NULL,NULL,NULL,Ocean Export,1,NULL,NULL,0,NULL,,NULL,NULL,NULL,NULL,1,0,,New Jersey (EWR),NULL,NULL,NULL
1956,2025-01-23 00:00:00.000,INQ1020335,"WORLDWIDE LOGISTICS VN CO.,LTD",NULL,None,None,NULL,By Email,NULL,Auto Generated,NULL,NULL,NULL,NULL,NULL,0,NULL,2025-01-23 21:30:07.230,NULL,0,NULL,NULL,NULL,NULL,NULL,NULL,NULL,NULL,Ocean Export,1,NULL,NULL,0,NULL,,NULL,NULL,NULL,NULL,1,0,,New Jersey (EWR),NULL,NULL,NULL
1957,2025-01-23 00:00:00.000,INQ1020336,Transitainer (Vic) Pty Ltd,NULL,None,None,NULL,By Email,NULL,Auto Generated,NULL,NULL,NULL,NULL,NULL,0,NULL,2025-01-23 21:32:56.110,NULL,0,NULL,NULL,NULL,NULL,NULL,NULL,NULL,NULL,Ocean Export,1,NULL,NULL,0,NULL,,NULL,NULL,NULL,NULL,1,0,,Sales & Marketing,NULL,NULL,NULL
1958,2025-01-23 00:00:00.000,INQ1020337,HOLE PRODUCTS,NULL,None,None,NULL,By Email,NULL,Auto Generated,NULL,NULL,NULL,NULL,NULL,0,NULL,2025-01-23 21:37:01.127,NULL,0,NULL,NULL,NULL,NULL,NULL,NULL,NULL,NULL,Ocean Export,1,NULL,NULL,0,NULL,,NULL,NULL,NULL,NULL,1,0,,New Jersey (EWR),NULL,NULL,NULL
1959,2025-01-23 00:00:00.000,INQ1020338,"Executive Personal Computers, Inc.",NULL,None,None,NULL,By Email,NULL,Auto Generated,NULL,NULL,NULL,NULL,NULL,0,NULL,2025-01-23 21:38:17.817,NULL,0,NULL,NULL,NULL,NULL,NULL,NULL,NULL,NULL,Ocean Export,1,NULL,NULL,0,NULL,,NULL,NULL,NULL,NULL,1,0,,New Jersey (EWR),NULL,NULL,NULL
1960,2025-01-23 00:00:00.000,INQ1020339,"Express Systems & Parts Network, Inc.",NULL,None,None,NULL,By Email,NULL,Auto Generated,NULL,NULL,NULL,NULL,NULL,0,NULL,2025-01-23 21:38:57.250,NULL,0,NULL,NULL,NULL,NULL,NULL,NULL,NULL,NULL,Ocean Export,1,NULL,NULL,0,NULL,,NULL,NULL,NULL,NULL,1,0,,New Jersey (EWR),NULL,NULL,NULL
1961,2025-01-23 00:00:00.000,INQ1020340,"Filmar Technologies, LLC",NULL,None,None,NULL,By Email,NULL,Auto Generated,NULL,NULL,NULL,NULL,NULL,0,NULL,2025-01-23 21:40:06.823,NULL,0,NULL,NULL,NULL,NULL,NULL,NULL,NULL,NULL,Ocean Export,1,NULL,NULL,0,NULL,,NULL,NULL,NULL,NULL,1,0,,New Jersey (EWR),NULL,NULL,NULL
1962,2025-01-23 00:00:00.000,INQ1020341,Fleischmann's Vinegar Co,NULL,None,None,NULL,By Email,NULL,Auto Generated,NULL,NULL,NULL,NULL,NULL,0,NULL,2025-01-23 21:43:30.430,NULL,0,NULL,NULL,NULL,NULL,NULL,NULL,NULL,NULL,Ocean Export,1,NULL,NULL,0,NULL,,NULL,NULL,NULL,NULL,1,0,,New Jersey (EWR),NULL,NULL,NULL
1963,2025-01-23 00:00:00.000,INQ1020342,"Gardner Denver, Inc.",NULL,None,None,NULL,By Email,NULL,Auto Generated,NULL,NULL,NULL,NULL,NULL,0,NULL,2025-01-23 21:45:13.520,NULL,0,NULL,NULL,NULL,NULL,NULL,NULL,NULL,NULL,Ocean Export,1,NULL,NULL,0,NULL,,NULL,NULL,NULL,NULL,1,0,,New Jersey (EWR),NULL,NULL,NULL
1964,2025-01-23 00:00:00.000,INQ1020343,Genadyne Biotechnologies Inc.,NULL,None,None,NULL,By Email,NULL,Auto Generated,NULL,NULL,NULL,NULL,NULL,0,NULL,2025-01-23 21:47:26.717,NULL,0,NULL,NULL,NULL,NULL,NULL,NULL,NULL,NULL,Ocean Export,1,NULL,NULL,0,NULL,,NULL,NULL,NULL,NULL,1,0,,New Jersey (EWR),NULL,NULL,NULL
1965,2025-01-23 00:00:00.000,INQ1020344,Genadyne Biotechnologies Inc.,NULL,None,None,NULL,By Email,NULL,Auto Generated,NULL,NULL,NULL,NULL,NULL,0,NULL,2025-01-23 21:47:54.353,NULL,0,NULL,NULL,NULL,NULL,NULL,NULL,NULL,NULL,Ocean Export,1,NULL,NULL,0,NULL,,NULL,NULL,NULL,NULL,1,0,,New Jersey (EWR),NULL,NULL,NULL
1966,2025-01-23 00:00:00.000,INQ1020345,"Great Plains Mfg., Inc.,",NULL,None,None,NULL,By Email,NULL,Auto Generated,NULL,NULL,NULL,NULL,NULL,0,NULL,2025-01-23 21:51:05.770,NULL,0,NULL,NULL,NULL,NULL,NULL,NULL,NULL,NULL,Ocean Export,1,NULL,NULL,0,NULL,,NULL,NULL,NULL,NULL,1,0,,New Jersey (EWR),NULL,NULL,NULL
1967,2025-01-23 00:00:00.000,INQ1020346,"Great Plains Mfg., Inc.,",NULL,None,None,NULL,By Email,NULL,Auto Generated,NULL,NULL,NULL,NULL,NULL,0,NULL,2025-01-23 21:51:18.220,NULL,0,NULL,NULL,NULL,NULL,NULL,NULL,NULL,NULL,Ocean Export,1,NULL,NULL,0,NULL,,NULL,NULL,NULL,NULL,1,0,,New Jersey (EWR),NULL,NULL,NULL
1968,2025-01-23 00:00:00.000,INQ1020347,Green Future NY Inc,NULL,None,None,NULL,By Email,NULL,Auto Generated,NULL,NULL,NULL,NULL,NULL,0,NULL,2025-01-23 21:52:28.160,NULL,0,NULL,NULL,NULL,NULL,NULL,NULL,NULL,NULL,Ocean Export,1,NULL,NULL,0,NULL,,NULL,NULL,NULL,NULL,1,0,,New Jersey (EWR),NULL,NULL,NULL
1969,2025-01-23 00:00:00.000,INQ1020348,"H. D. Sheldon & Company, Inc.",NULL,None,None,NULL,By Email,NULL,Auto Generated,NULL,NULL,NULL,NULL,NULL,0,NULL,2025-01-23 21:57:49.627,NULL,0,NULL,NULL,NULL,NULL,NULL,NULL,NULL,NULL,Ocean Export,1,NULL,NULL,0,NULL,,NULL,NULL,NULL,NULL,1,0,,New Jersey (EWR),NULL,NULL,NULL
1970,2025-01-23 00:00:00.000,INQ1020349,Houma Valve service Inc.,NULL,None,None,NULL,By Email,NULL,Auto Generated,NULL,NULL,NULL,NULL,NULL,0,NULL,2025-01-23 21:59:41.570,NULL,0,NULL,NULL,NULL,NULL,NULL,NULL,NULL,NULL,Ocean Export,1,NULL,NULL,0,NULL,,NULL,NULL,NULL,NULL,1,0,,New Jersey (EWR),NULL,NULL,NULL
1971,2025-01-23 00:00:00.000,INQ1020350,"ISO GROUP, INC",NULL,None,None,NULL,By Email,NULL,Auto Generated,NULL,NULL,NULL,NULL,NULL,0,NULL,2025-01-23 22:02:14.223,NULL,0,NULL,NULL,NULL,NULL,NULL,NULL,NULL,NULL,Ocean Export,1,NULL,NULL,0,NULL,,NULL,NULL,NULL,NULL,1,0,,New Jersey (EWR),NULL,NULL,NULL
1972,2025-01-23 00:00:00.000,INQ1020351,"IT Remarketing, Inc",NULL,None,None,NULL,By Email,NULL,Auto Generated,NULL,NULL,NULL,NULL,NULL,0,NULL,2025-01-23 22:05:57.227,NULL,0,NULL,NULL,NULL,NULL,NULL,NULL,NULL,NULL,Ocean Export,1,NULL,NULL,0,NULL,,NULL,NULL,NULL,NULL,1,0,,New Jersey (EWR),NULL,NULL,NULL
1973,2025-01-23 00:00:00.000,INQ1020352,"IT Remarketing, Inc",NULL,None,None,NULL,By Email,NULL,Auto Generated,NULL,NULL,NULL,NULL,NULL,0,NULL,2025-01-23 22:06:09.500,NULL,0,NULL,NULL,NULL,NULL,NULL,NULL,NULL,NULL,Ocean Export,1,NULL,NULL,0,NULL,,NULL,NULL,NULL,NULL,1,0,,New Jersey (EWR),NULL,NULL,NULL
1974,2025-01-23 00:00:00.000,INQ1020353,JET INC.,NULL,None,None,NULL,By Email,NULL,Auto Generated,NULL,NULL,NULL,NULL,NULL,0,NULL,2025-01-23 22:07:07.690,NULL,0,NULL,NULL,NULL,NULL,NULL,NULL,NULL,NULL,Ocean Export,1,NULL,NULL,0,NULL,,NULL,NULL,NULL,NULL,1,0,,New Jersey (EWR),NULL,NULL,NULL
1975,2025-01-23 00:00:00.000,INQ1020354,"Lamer Trading Group, Inc",NULL,None,None,NULL,By Email,NULL,Auto Generated,NULL,NULL,NULL,NULL,NULL,0,NULL,2025-01-23 22:11:25.330,NULL,0,NULL,NULL,NULL,NULL,NULL,NULL,NULL,NULL,Ocean Export,1,NULL,NULL,0,NULL,,NULL,NULL,NULL,NULL,1,0,,New Jersey (EWR),NULL,NULL,NULL
1976,2025-01-23 00:00:00.000,INQ1020355,LAPTOP SHOP,NULL,None,None,NULL,By Email,NULL,Auto Generated,NULL,NULL,NULL,NULL,NULL,0,NULL,2025-01-23 22:14:26.790,NULL,0,NULL,NULL,NULL,NULL,NULL,NULL,NULL,NULL,Ocean Export,1,NULL,NULL,0,NULL,,NULL,NULL,NULL,NULL,1,0,,New Jersey (EWR),NULL,NULL,NULL
1977,2025-01-23 00:00:00.000,INQ1020356,M&M wireless Inc.,NULL,None,None,NULL,By Email,NULL,Auto Generated,NULL,NULL,NULL,NULL,NULL,0,NULL,2025-01-23 22:15:53.450,NULL,1,NULL,NULL,NULL,NULL,NULL,NULL,NULL,NULL,Ocean Export,1,NULL,NULL,0,NULL,,duplicate,NULL,NULL,NULL,1,0,,Sales & Marketing,NULL,NULL,NULL
1978,2025-01-23 00:00:00.000,INQ1020357,MICRODOT LLC,NULL,None,None,NULL,By Email,NULL,Auto Generated,NULL,NULL,NULL,NULL,NULL,0,NULL,2025-01-23 22:18:32.177,NULL,0,NULL,NULL,NULL,NULL,NULL,NULL,NULL,NULL,Ocean Export,1,NULL,NULL,0,NULL,,NULL,NULL,NULL,NULL,1,0,,New Jersey (EWR),NULL,NULL,NULL
1979,2025-01-23 00:00:00.000,INQ1020358,Mitsubishi Electric Automotive America,NULL,None,None,NULL,By Email,NULL,Auto Generated,NULL,NULL,NULL,NULL,NULL,0,NULL,2025-01-23 22:18:55.267,NULL,0,NULL,NULL,NULL,NULL,NULL,NULL,NULL,NULL,Ocean Export,1,NULL,NULL,0,NULL,,NULL,NULL,NULL,NULL,1,0,,New Jersey (EWR),NULL,NULL,NULL
1980,2025-01-23 00:00:00.000,INQ1020359,"Netkraft, Inc T/A Nexports",NULL,None,None,NULL,By Email,NULL,Auto Generated,NULL,NULL,NULL,NULL,NULL,0,NULL,2025-01-23 22:19:26.543,NULL,0,NULL,NULL,NULL,NULL,NULL,NULL,NULL,NULL,Ocean Export,1,NULL,NULL,0,NULL,,NULL,NULL,NULL,NULL,1,0,,New Jersey (EWR),NULL,NULL,NULL
1981,2025-01-23 00:00:00.000,INQ1020360,"Novotech Nutraceuticals, Inc.",NULL,None,None,NULL,By Email,NULL,Auto Generated,NULL,NULL,NULL,NULL,NULL,0,NULL,2025-01-23 22:19:49.050,NULL,0,NULL,NULL,NULL,NULL,NULL,NULL,NULL,NULL,Ocean Export,1,NULL,NULL,0,NULL,,NULL,NULL,NULL,NULL,1,0,,New Jersey (EWR),NULL,NULL,NULL
1982,2025-01-23 00:00:00.000,INQ1020361,"Aquestia USA - A.R.I., DOROT, OCV",NULL,None,None,NULL,By Email,NULL,Auto Generated,NULL,NULL,NULL,NULL,NULL,0,NULL,2025-01-23 22:20:44.607,NULL,0,NULL,NULL,NULL,NULL,NULL,NULL,NULL,NULL,Ocean Export,1,NULL,NULL,0,NULL,,NULL,NULL,NULL,NULL,1,0,,New Jersey (EWR),NULL,NULL,NULL
1983,2025-01-24 00:00:00.000,INQ1020362,Master Tech Services,NULL,None,None,NULL,By Email,NULL,Auto Generated,NULL,NULL,NULL,NULL,NULL,0,NULL,2025-01-24 12:54:27.090,NULL,0,NULL,NULL,NULL,NULL,NULL,NULL,NULL,NULL,Ocean Export,1,NULL,NULL,0,NULL,,NULL,NULL,NULL,NULL,1,0,,New Jersey (EWR),NULL,NULL,NULL
1984,2025-01-24 00:00:00.000,INQ1020363,MICRODOT LLC,NULL,None,None,NULL,By Email,NULL,Auto Generated,NULL,NULL,NULL,NULL,NULL,0,NULL,2025-01-24 12:55:39.550,NULL,0,NULL,NULL,NULL,NULL,NULL,NULL,NULL,NULL,Ocean Export,1,NULL,NULL,0,NULL,,NULL,NULL,NULL,NULL,1,0,,New Jersey (EWR),NULL,NULL,NULL
1985,2025-01-24 00:00:00.000,INQ1020364,Mitsubishi Electric Automotive America,NULL,None,None,NULL,By Email,NULL,Auto Generated,NULL,NULL,NULL,NULL,NULL,0,NULL,2025-01-24 12:57:33.103,NULL,0,NULL,NULL,NULL,NULL,NULL,NULL,NULL,NULL,Ocean Export,1,NULL,NULL,0,NULL,,NULL,NULL,NULL,NULL,1,0,,New Jersey (EWR),NULL,NULL,NULL
1986,2025-01-24 00:00:00.000,INQ1020365,"Netkraft, Inc T/A Nexports",NULL,None,None,NULL,By Email,NULL,Auto Generated,NULL,NULL,NULL,NULL,NULL,0,NULL,2025-01-24 12:58:20.977,NULL,0,NULL,NULL,NULL,NULL,NULL,NULL,NULL,NULL,Ocean Export,1,NULL,NULL,0,NULL,,NULL,NULL,NULL,NULL,1,0,,New Jersey (EWR),NULL,NULL,NULL
1987,2025-01-24 00:00:00.000,INQ1020367,"Novotech Nutraceuticals, Inc.",NULL,None,None,NULL,By Email,NULL,Auto Generated,NULL,NULL,NULL,NULL,NULL,0,NULL,2025-01-24 15:35:35.067,NULL,0,NULL,NULL,NULL,NULL,NULL,NULL,NULL,NULL,Ocean Export,1,NULL,NULL,0,NULL,,NULL,NULL,NULL,NULL,1,0,,New Jersey (EWR),NULL,NULL,NULL
1988,2025-01-24 00:00:00.000,INQ1020368,"Aquestia USA - A.R.I., DOROT, OCV",NULL,None,None,NULL,By Email,NULL,Auto Generated,NULL,NULL,NULL,NULL,NULL,0,NULL,2025-01-24 15:36:22.760,NULL,0,NULL,NULL,NULL,NULL,NULL,NULL,NULL,NULL,Ocean Export,1,NULL,NULL,0,NULL,,NULL,NULL,NULL,NULL,1,0,,New Jersey (EWR),NULL,NULL,NULL
1989,2025-01-24 00:00:00.000,INQ1020369,ORAMCO CORPORATION,NULL,None,None,NULL,By Email,NULL,Auto Generated,NULL,NULL,NULL,NULL,NULL,0,NULL,2025-01-24 15:37:39.827,NULL,0,NULL,NULL,NULL,NULL,NULL,NULL,NULL,NULL,Ocean Export,1,NULL,NULL,0,NULL,,NULL,NULL,NULL,NULL,1,0,,New Jersey (EWR),NULL,NULL,NULL
1990,2025-01-24 00:00:00.000,INQ1020370,Parson Adhesives Inc.,NULL,None,None,NULL,By Email,NULL,Auto Generated,NULL,NULL,NULL,NULL,NULL,0,NULL,2025-01-24 15:40:03.090,NULL,0,NULL,NULL,NULL,NULL,NULL,NULL,NULL,NULL,Ocean Export,1,NULL,NULL,0,NULL,,NULL,NULL,NULL,NULL,1,0,,New Jersey (EWR),NULL,NULL,NULL
1991,2025-01-24 00:00:00.000,INQ1020371,Parson Adhesives Inc.,NULL,None,None,NULL,By Email,NULL,Auto Generated,NULL,NULL,NULL,NULL,NULL,0,NULL,2025-01-24 15:42:04.773,NULL,0,NULL,NULL,NULL,NULL,NULL,NULL,NULL,NULL,Ocean Export,1,NULL,NULL,0,NULL,,NULL,NULL,NULL,NULL,1,0,,New Jersey (EWR),NULL,NULL,NULL
1992,2025-01-24 00:00:00.000,INQ1020372,PRIME DENTAL MANUFACTURING INC,NULL,None,None,NULL,By Email,NULL,Auto Generated,NULL,NULL,NULL,NULL,NULL,0,NULL,2025-01-24 15:50:10.677,NULL,0,NULL,NULL,NULL,NULL,NULL,NULL,NULL,NULL,Ocean Export,1,NULL,NULL,0,NULL,,NULL,NULL,NULL,NULL,1,0,,New Jersey (EWR),NULL,NULL,NULL
1993,2025-01-24 00:00:00.000,INQ1020373,xyz123,NULL,None,None,NULL,By Email,NULL,Auto Generated,NULL,NULL,NULL,NULL,NULL,0,NULL,2025-01-24 15:50:42.440,NULL,1,NULL,NULL,NULL,NULL,NULL,NULL,NULL,NULL,Ocean Export,1,NULL,NULL,0,NULL,,NO COMPANY DETAILS,NULL,NULL,NULL,1,0,,New Jersey (EWR),NULL,NULL,NULL
1994,2025-01-24 00:00:00.000,INQ1020374,R&A International Trading NY,NULL,None,None,NULL,By Email,NULL,Auto Generated,NULL,NULL,NULL,NULL,NULL,0,NULL,2025-01-24 16:00:20.220,NULL,0,NULL,NULL,NULL,NULL,NULL,NULL,NULL,NULL,Ocean Export,1,NULL,NULL,0,NULL,,NULL,NULL,NULL,NULL,1,0,,Inside Sales Group,NULL,NULL,NULL
1995,2025-01-24 00:00:00.000,INQ1020375,"Solberg International, Ltd",NULL,None,None,NULL,By Email,NULL,Auto Generated,NULL,NULL,NULL,NULL,NULL,0,NULL,2025-01-24 16:03:44.943,NULL,0,NULL,NULL,NULL,NULL,NULL,NULL,NULL,NULL,Ocean Export,1,NULL,NULL,0,NULL,,NULL,NULL,NULL,NULL,1,0,,Sales & Marketing,NULL,NULL,NULL
1996,2025-01-24 00:00:00.000,INQ1020376,R&A International Trading NY,NULL,None,None,NULL,By Email,NULL,Auto Generated,NULL,NULL,NULL,NULL,NULL,0,NULL,2025-01-24 16:05:22.480,NULL,0,NULL,NULL,NULL,NULL,NULL,NULL,NULL,NULL,Ocean Export,1,NULL,NULL,0,NULL,,NULL,NULL,NULL,NULL,1,0,,New Jersey (EWR),NULL,NULL,NULL
1997,2025-01-24 00:00:00.000,INQ1020377,"Solberg International, Ltd",NULL,None,None,NULL,By Email,NULL,Auto Generated,NULL,NULL,NULL,NULL,NULL,0,NULL,2025-01-24 16:23:58.310,NULL,0,NULL,NULL,NULL,NULL,NULL,NULL,NULL,NULL,Ocean Export,1,NULL,NULL,0,NULL,,NULL,NULL,NULL,NULL,1,0,,New Jersey (EWR),NULL,NULL,NULL
1998,2025-01-24 00:00:00.000,INQ1020378,Synergy Industrial Corporation,NULL,None,None,NULL,By Email,NULL,Auto Generated,NULL,NULL,NULL,NULL,NULL,0,NULL,2025-01-24 16:25:58.737,NULL,0,NULL,NULL,NULL,NULL,NULL,NULL,NULL,NULL,Ocean Export,1,NULL,NULL,0,NULL,,NULL,NULL,NULL,NULL,1,0,,New Jersey (EWR),NULL,NULL,NULL
1999,2025-01-24 00:00:00.000,INQ1020379,Synergy Industrial Corporation,NULL,None,None,NULL,By Email,NULL,Auto Generated,NULL,NULL,NULL,NULL,NULL,0,NULL,2025-01-24 16:27:33.540,NULL,0,NULL,NULL,NULL,NULL,NULL,NULL,NULL,NULL,Ocean Export,1,NULL,NULL,0,NULL,,NULL,NULL,NULL,NULL,1,0,,New Jersey (EWR),NULL,NULL,NULL
2000,2025-01-24 00:00:00.000,INQ1020382,"Tbs Industries, Incorporated",NULL,None,None,NULL,By Email,NULL,Auto Generated,NULL,NULL,NULL,NULL,NULL,0,NULL,2025-01-24 23:29:54.060,NULL,0,NULL,NULL,NULL,NULL,NULL,NULL,NULL,NULL,Ocean Export,1,NULL,NULL,0,NULL,,NULL,NULL,NULL,NULL,1,0,,New Jersey (EWR),NULL,NULL,NULL
2001,2025-01-24 00:00:00.000,INQ1020383,The Protectivewire Co. Inc,NULL,None,None,NULL,By Email,NULL,Auto Generated,NULL,NULL,NULL,NULL,NULL,0,NULL,2025-01-24 23:31:19.850,NULL,0,NULL,NULL,NULL,NULL,NULL,NULL,NULL,NULL,Ocean Export,1,NULL,NULL,0,NULL,,NULL,NULL,NULL,NULL,1,0,,New Jersey (EWR),NULL,NULL,NULL
2002,2025-01-24 00:00:00.000,INQ1020384,The Viking Corporation,NULL,None,None,NULL,By Email,NULL,Auto Generated,NULL,NULL,NULL,NULL,NULL,0,NULL,2025-01-24 23:36:54.083,NULL,0,NULL,NULL,NULL,NULL,NULL,NULL,NULL,NULL,Ocean Export,1,NULL,NULL,0,NULL,,NULL,NULL,NULL,NULL,1,0,,New Jersey (EWR),NULL,NULL,NULL
2003,2025-01-24 00:00:00.000,INQ1020385,The Viking Corporation,NULL,None,None,NULL,By Email,NULL,Auto Generated,NULL,NULL,NULL,NULL,NULL,0,NULL,2025-01-24 23:36:54.510,NULL,1,NULL,NULL,NULL,NULL,NULL,NULL,NULL,NULL,Ocean Export,1,NULL,NULL,0,NULL,,duplicate,NULL,NULL,NULL,1,0,,New Jersey (EWR),NULL,NULL,NULL
2004,2025-01-24 00:00:00.000,INQ1020386,The Viking Corporation,NULL,None,None,NULL,By Email,NULL,Auto Generated,NULL,NULL,NULL,NULL,NULL,0,NULL,2025-01-24 23:42:48.310,NULL,1,NULL,NULL,NULL,NULL,NULL,NULL,NULL,NULL,Ocean Export,1,NULL,NULL,0,NULL,,duplicate,NULL,NULL,NULL,1,0,,New Jersey (EWR),NULL,NULL,NULL
2005,2025-01-24 00:00:00.000,INQ1020387,The Witte Co Inc,NULL,None,None,NULL,By Email,NULL,Auto Generated,NULL,NULL,NULL,NULL,NULL,0,NULL,2025-01-24 23:46:43.020,NULL,0,NULL,NULL,NULL,NULL,NULL,NULL,NULL,NULL,Ocean Export,1,NULL,NULL,0,NULL,,NULL,NULL,NULL,NULL,1,0,,New Jersey (EWR),NULL,NULL,NULL
2006,2025-01-24 00:00:00.000,INQ1020388,U.S TECHNOLOGY RECYCLING GROUP,NULL,None,None,NULL,By Email,NULL,Auto Generated,NULL,NULL,NULL,NULL,NULL,0,NULL,2025-01-24 23:48:46.653,NULL,0,NULL,NULL,NULL,NULL,NULL,NULL,NULL,NULL,Ocean Export,1,NULL,NULL,0,NULL,,NULL,NULL,NULL,NULL,1,0,,New Jersey (EWR),NULL,NULL,NULL
2007,2025-01-24 00:00:00.000,INQ1020389,U.S TECHNOLOGY RECYCLING GROUP,NULL,None,None,NULL,By Email,NULL,Auto Generated,NULL,NULL,NULL,NULL,NULL,0,NULL,2025-01-24 23:50:50.820,NULL,0,NULL,NULL,NULL,NULL,NULL,NULL,NULL,NULL,Ocean Export,1,NULL,NULL,0,NULL,,NULL,NULL,NULL,NULL,1,0,,New Jersey (EWR),NULL,NULL,NULL
2009,2025-01-24 00:00:00.000,INQ1020391,"Vantage Point ITAD, Inc.",NULL,None,None,NULL,By Email,NULL,Auto Generated,NULL,NULL,NULL,NULL,NULL,0,NULL,2025-01-24 23:52:56.403,NULL,0,NULL,NULL,NULL,NULL,NULL,NULL,NULL,NULL,Ocean Export,1,NULL,NULL,0,NULL,,NULL,NULL,NULL,NULL,1,0,,New Jersey (EWR),NULL,NULL,NULL
2010,2025-01-24 00:00:00.000,INQ1020392,"VERTEX INDUSTRIES, INC,",NULL,None,None,NULL,By Email,NULL,Auto Generated,NULL,NULL,NULL,NULL,NULL,0,NULL,2025-01-24 23:54:13.170,NULL,0,NULL,NULL,NULL,NULL,NULL,NULL,NULL,NULL,Ocean Export,1,NULL,NULL,0,NULL,,NULL,NULL,NULL,NULL,1,0,,New Jersey (EWR),NULL,NULL,NULL
2011,2025-01-24 00:00:00.000,INQ1020393,WAPTECH INC,NULL,None,None,NULL,By Email,NULL,Auto Generated,NULL,NULL,NULL,NULL,NULL,0,NULL,2025-01-24 23:57:12.297,NULL,0,NULL,NULL,NULL,NULL,NULL,NULL,NULL,NULL,Ocean Export,1,NULL,NULL,0,NULL,,NULL,NULL,NULL,NULL,1,0,,New Jersey (EWR),NULL,NULL,NULL
2012,2025-01-25 00:00:00.000,INQ1020394,Z Micro,NULL,None,None,NULL,By Email,NULL,Auto Generated,NULL,NULL,NULL,NULL,NULL,0,NULL,2025-01-25 00:09:44.477,NULL,0,NULL,NULL,NULL,NULL,NULL,NULL,NULL,NULL,Ocean Export,1,NULL,NULL,0,NULL,,NULL,NULL,NULL,NULL,1,0,,New Jersey (EWR),NULL,NULL,NULL
2013,2025-01-25 00:00:00.000,INQ1020395,Zircon Solutions LLC,NULL,None,None,NULL,By Email,NULL,Auto Generated,NULL,NULL,NULL,NULL,NULL,0,NULL,2025-01-25 00:12:27.400,NULL,0,NULL,NULL,NULL,NULL,NULL,NULL,NULL,NULL,Ocean Export,1,NULL,NULL,0,NULL,,NULL,NULL,NULL,NULL,1,0,,New Jersey (EWR),NULL,NULL,NULL
2014,2025-01-25 00:00:00.000,INQ1020396,System Liquidatior,NULL,None,None,NULL,By Email,NULL,Auto Generated,NULL,NULL,NULL,NULL,NULL,0,NULL,2025-01-25 00:14:52.270,NULL,0,NULL,NULL,NULL,NULL,NULL,NULL,NULL,NULL,Ocean Export,1,NULL,NULL,0,NULL,,NULL,NULL,NULL,NULL,1,0,,Sales & Marketing,NULL,NULL,NULL
2015,2025-01-27 00:00:00.000,INQ1020400,2 Stars Brothers Equipment 22222,NULL,None,None,NULL,By Email,NULL,Auto Generated,NULL,NULL,NULL,NULL,NULL,0,NULL,2025-01-27 12:16:35.527,NULL,0,NULL,NULL,NULL,NULL,NULL,NULL,NULL,NULL,Ocean Export,1,NULL,NULL,0,NULL,,NULL,NULL,NULL,NULL,1,0,,BHOPAL (BHO),NULL,NULL,NULL
2016,2025-01-27 00:00:00.000,INQ1020401,2 Stars Brothers Equipment 22222,NULL,None,None,NULL,By Email,NULL,testing monday 27th january 2025,NULL,NULL,NULL,NULL,NULL,0,NULL,2025-01-27 12:21:02.497,NULL,0,NULL,NULL,NULL,NULL,NULL,NULL,NULL,NULL,Ocean Export,1,NULL,NULL,0,NULL,NULL,NULL,NULL,NULL,NULL,1,0,,BHOPAL (BHO),NULL,NULL,NULL
2017,2025-01-27 00:00:00.000,INQ1020402,CopEx Inc,NULL,None,None,NULL,By Email,NULL,Follow up January - they have mostly a set group of core customers who have their own preferred shippers but he will refer and recommend us when he has the opportunity,NULL,NULL,NULL,NULL,NULL,0,NULL,2025-01-27 12:39:08.140,2025-11-13 14:41:26.453,0,NULL,NULL,NULL,NULL,NULL,NULL,NULL,NULL,Ocean Export,1,NULL,NULL,0,NULL,,NULL,NULL,NULL,NULL,1,0,,Sales & Marketing,NULL,NULL,NULL
2018,2025-01-27 00:00:00.000,INQ1020403,CopEx Inc,NULL,None,None,NULL,By Email,NULL,Auto Generated,NULL,NULL,NULL,NULL,NULL,0,NULL,2025-01-27 12:39:17.660,NULL,1,NULL,NULL,NULL,NULL,NULL,NULL,NULL,NULL,Ocean Export,1,NULL,NULL,0,NULL,,Duplicate,NULL,NULL,NULL,1,0,,Sales & Marketing,NULL,NULL,NULL
2019,2025-01-27 00:00:00.000,INQ1020404,ADVANCED INDUSTRIAL SERVICES (AIS),NULL,None,None,NULL,By Email,NULL,Auto Generated,NULL,NULL,NULL,NULL,NULL,0,NULL,2025-01-27 15:06:11.817,2025-11-04 09:09:05.997,0,NULL,NULL,NULL,NULL,NULL,NULL,NULL,NULL,Ocean Export,1,NULL,NULL,0,NULL,,NULL,NULL,NULL,NULL,1,0,,Sales & Marketing,NULL,NULL,NULL
2020,2025-01-27 00:00:00.000,INQ1020406,AFFORDABLE MACHINERY,NULL,None,None,NULL,By Email,NULL,Auto Generated,NULL,NULL,NULL,NULL,NULL,0,NULL,2025-01-27 15:23:32.663,2025-01-27 15:26:05.687,1,NULL,NULL,NULL,NULL,NULL,NULL,NULL,NULL,Ocean Export,1,NULL,NULL,0,NULL,,duplicate entry,NULL,NULL,NULL,1,0,,Sales & Marketing,NULL,NULL,NULL
2021,2025-01-27 00:00:00.000,INQ1020407,ALAN ROSS MACHINERY CORP,NULL,None,None,NULL,By Email,NULL,Auto Generated,NULL,NULL,NULL,NULL,NULL,0,NULL,2025-01-27 15:32:42.830,2025-01-27 15:33:06.133,0,NULL,NULL,NULL,NULL,NULL,NULL,NULL,NULL,Ocean Export,1,NULL,NULL,0,NULL,,NULL,NULL,NULL,NULL,1,0,,Sales & Marketing,NULL,NULL,NULL
2022,2025-01-27 00:00:00.000,INQ1020408,ALL PRO MACHINERY MOVERS,NULL,None,None,NULL,By Email,NULL,Auto Generated,NULL,NULL,NULL,NULL,NULL,0,NULL,2025-01-27 15:33:39.003,2025-01-27 15:33:56.093,1,NULL,NULL,NULL,NULL,NULL,NULL,NULL,NULL,Ocean Export,1,NULL,NULL,0,NULL,,Duplicate,NULL,NULL,NULL,1,0,,Sales & Marketing,NULL,NULL,NULL
2023,2025-01-27 00:00:00.000,INQ1020409,Alliance Shipping & Logistics Services LLC,NULL,None,None,NULL,By Email,NULL,Auto Generated,NULL,NULL,NULL,NULL,NULL,0,NULL,2025-01-27 15:40:27.643,2025-01-27 15:40:53.117,0,NULL,NULL,NULL,NULL,NULL,NULL,NULL,NULL,Ocean Export,1,NULL,NULL,0,NULL,,NULL,NULL,NULL,NULL,1,0,,Sales & Marketing,NULL,NULL,NULL
2024,2025-01-27 00:00:00.000,INQ1020411,ADVANCE RECOVERY INC.,NULL,None,None,NULL,By Email,NULL,Auto Generated,NULL,NULL,NULL,NULL,NULL,0,NULL,2025-01-27 21:36:40.007,NULL,0,NULL,NULL,NULL,NULL,NULL,NULL,NULL,NULL,Ocean Export,1,NULL,NULL,0,NULL,,NULL,NULL,NULL,NULL,1,0,,New Jersey (EWR),NULL,NULL,NULL
2025,2025-01-27 00:00:00.000,INQ1020412,TBF COMPUTING INC.,NULL,None,None,NULL,By Email,NULL,Auto Generated,NULL,NULL,NULL,NULL,NULL,0,NULL,2025-01-27 21:42:28.650,NULL,0,NULL,NULL,NULL,NULL,NULL,NULL,NULL,NULL,Ocean Export,1,NULL,NULL,0,NULL,,NULL,NULL,NULL,NULL,1,0,,New Jersey (EWR),NULL,NULL,NULL
2026,2025-01-27 00:00:00.000,INQ1020413,"COSMOTEX, AYMAN",NULL,None,None,NULL,By Email,NULL,Auto Generated,NULL,NULL,NULL,NULL,NULL,0,NULL,2025-01-27 21:50:07.067,NULL,0,NULL,NULL,NULL,NULL,NULL,NULL,NULL,NULL,Ocean Export,1,NULL,NULL,0,NULL,,NULL,NULL,NULL,NULL,1,0,,New Jersey (EWR),NULL,NULL,NULL
2027,2025-01-27 00:00:00.000,INQ1020414,Suncity Distribution INC,NULL,None,None,NULL,By Email,NULL,Auto Generated,NULL,NULL,NULL,NULL,NULL,0,NULL,2025-01-27 21:57:09.103,NULL,0,NULL,NULL,NULL,NULL,NULL,NULL,NULL,NULL,Ocean Export,1,NULL,NULL,0,NULL,,NULL,NULL,NULL,NULL,1,0,,New Jersey (EWR),NULL,NULL,NULL
2028,2025-01-28 00:00:00.000,INQ1020416,"SPP Pumps, Inc.",NULL,None,None,NULL,By Email,NULL,Auto Generated,NULL,NULL,NULL,NULL,NULL,0,NULL,2025-01-28 00:10:33.773,NULL,0,NULL,NULL,NULL,NULL,NULL,NULL,NULL,NULL,Ocean Export,1,NULL,NULL,0,NULL,,NULL,NULL,NULL,NULL,1,0,,New Jersey (EWR),NULL,NULL,NULL
2029,2025-01-28 00:00:00.000,INQ1020417,Nazir & Sons.,NULL,None,None,NULL,By Email,NULL,Auto Generated,NULL,NULL,NULL,NULL,NULL,0,NULL,2025-01-28 00:23:52.430,NULL,0,NULL,NULL,NULL,NULL,NULL,NULL,NULL,NULL,Ocean Export,1,NULL,NULL,0,NULL,,NULL,NULL,NULL,NULL,1,0,,New Jersey (EWR),NULL,NULL,NULL
2030,2025-01-28 00:00:00.000,INQ1020418,Dai,NULL,None,None,NULL,By Email,NULL,Auto Generated,NULL,NULL,NULL,NULL,NULL,0,NULL,2025-01-28 00:25:03.770,NULL,0,NULL,NULL,NULL,NULL,NULL,NULL,NULL,NULL,Ocean Export,1,NULL,NULL,0,NULL,,NULL,NULL,NULL,NULL,1,0,,New Jersey (EWR),NULL,NULL,NULL
2031,2025-01-28 00:00:00.000,INQ1020419,Ma Labs,NULL,None,None,NULL,By Email,NULL,Auto Generated,NULL,NULL,NULL,NULL,NULL,0,NULL,2025-01-28 00:35:37.993,NULL,0,NULL,NULL,NULL,NULL,NULL,NULL,NULL,NULL,Ocean Export,1,NULL,NULL,0,NULL,,NULL,NULL,NULL,NULL,1,0,,New Jersey (EWR),NULL,NULL,NULL
2032,2025-01-28 00:00:00.000,INQ1020420,Worldwide Computers LLC,NULL,None,None,NULL,By Email,NULL,Auto Generated,NULL,NULL,NULL,NULL,NULL,0,NULL,2025-01-28 00:41:43.920,NULL,0,NULL,NULL,NULL,NULL,NULL,NULL,NULL,NULL,Ocean Export,1,NULL,NULL,0,NULL,,NULL,NULL,NULL,NULL,1,0,,New Jersey (EWR),NULL,NULL,NULL
2033,2025-01-28 00:00:00.000,INQ1020421,Amos America,NULL,None,None,NULL,By Email,NULL,Auto Generated,NULL,NULL,NULL,NULL,NULL,0,NULL,2025-01-28 00:43:34.483,NULL,0,NULL,NULL,NULL,NULL,NULL,NULL,NULL,NULL,Ocean Export,1,NULL,NULL,0,NULL,,NULL,NULL,NULL,NULL,1,0,,New Jersey (EWR),NULL,NULL,NULL
2034,2025-01-28 00:00:00.000,INQ1020422,Aqua Systems inc,NULL,None,None,NULL,By Email,NULL,Auto Generated,NULL,NULL,NULL,NULL,NULL,0,NULL,2025-01-28 00:44:03.447,NULL,0,NULL,NULL,NULL,NULL,NULL,NULL,NULL,NULL,Ocean Export,1,NULL,NULL,0,NULL,,NULL,NULL,NULL,NULL,1,0,,New Jersey (EWR),NULL,NULL,NULL
2035,2025-01-28 00:00:00.000,INQ1020423,"CAO, Inc",NULL,None,None,NULL,By Email,NULL,Auto Generated,NULL,NULL,NULL,NULL,NULL,0,NULL,2025-01-28 00:44:33.423,NULL,0,NULL,NULL,NULL,NULL,NULL,NULL,NULL,NULL,Ocean Export,1,NULL,NULL,0,NULL,,NULL,NULL,NULL,NULL,1,0,,New Jersey (EWR),NULL,NULL,NULL
2036,2025-01-28 00:00:00.000,INQ1020424,"Cal Micro, Inc",NULL,None,None,NULL,By Email,NULL,Auto Generated,NULL,NULL,NULL,NULL,NULL,0,NULL,2025-01-28 00:45:51.277,NULL,0,NULL,NULL,NULL,NULL,NULL,NULL,NULL,NULL,Ocean Export,1,NULL,NULL,0,NULL,,NULL,NULL,NULL,NULL,1,0,,Sales & Marketing,NULL,NULL,NULL
2037,2025-01-28 00:00:00.000,INQ1020425,"Cal Micro, Inc",NULL,None,None,NULL,By Email,NULL,Auto Generated,NULL,NULL,NULL,NULL,NULL,0,NULL,2025-01-28 00:52:59.017,NULL,0,NULL,NULL,NULL,NULL,NULL,NULL,NULL,NULL,Ocean Export,1,NULL,NULL,0,NULL,,NULL,NULL,NULL,NULL,1,0,,Sales & Marketing,NULL,NULL,NULL
2038,2025-01-28 00:00:00.000,INQ1020426,"E&K TRADING,INC.",NULL,None,None,NULL,By Email,NULL,Auto Generated,NULL,NULL,NULL,NULL,NULL,0,NULL,2025-01-28 00:54:25.860,NULL,0,NULL,NULL,NULL,NULL,NULL,NULL,NULL,NULL,Ocean Export,1,NULL,NULL,0,NULL,,NULL,NULL,NULL,NULL,1,0,,New Jersey (EWR),NULL,NULL,NULL
2039,2025-01-28 00:00:00.000,INQ1020427,NotebookLand Sales,NULL,None,None,NULL,By Email,NULL,Auto Generated,NULL,NULL,NULL,NULL,NULL,0,NULL,2025-01-28 00:54:58.757,NULL,0,NULL,NULL,NULL,NULL,NULL,NULL,NULL,NULL,Ocean Export,1,NULL,NULL,0,NULL,,NULL,NULL,NULL,NULL,1,0,,New Jersey (EWR),NULL,NULL,NULL
2040,2025-01-28 00:00:00.000,INQ1020428,PC Wholesale a Division of Synnex Corporation,NULL,None,None,NULL,By Email,NULL,Auto Generated,NULL,NULL,NULL,NULL,NULL,0,NULL,2025-01-28 01:02:58.427,NULL,0,NULL,NULL,NULL,NULL,NULL,NULL,NULL,NULL,Ocean Export,1,NULL,NULL,0,NULL,,NULL,NULL,NULL,NULL,1,0,,New Jersey (EWR),NULL,NULL,NULL
2041,2025-01-28 00:00:00.000,INQ1020429,PC Wholesale a Division of Synnex Corporation,NULL,None,None,NULL,By Email,NULL,Auto Generated,NULL,NULL,NULL,NULL,NULL,0,NULL,2025-01-28 01:02:58.717,NULL,0,NULL,NULL,NULL,NULL,NULL,NULL,NULL,NULL,Ocean Export,1,NULL,NULL,0,NULL,,NULL,NULL,NULL,NULL,1,0,,New Jersey (EWR),NULL,NULL,NULL
2042,2025-01-28 00:00:00.000,INQ1020430,PC Wholesale a Division of Synnex Corporation,NULL,None,None,NULL,By Email,NULL,Auto Generated,NULL,NULL,NULL,NULL,NULL,0,NULL,2025-01-28 01:03:58.587,NULL,0,NULL,NULL,NULL,NULL,NULL,NULL,NULL,NULL,Ocean Export,1,NULL,NULL,0,NULL,,NULL,NULL,NULL,NULL,1,0,,New Jersey (EWR),NULL,NULL,NULL
2043,2025-01-28 00:00:00.000,INQ1020431,WESCO,NULL,None,None,NULL,By Email,NULL,Auto Generated,NULL,NULL,NULL,NULL,NULL,0,NULL,2025-01-28 01:10:37.680,NULL,0,NULL,NULL,NULL,NULL,NULL,NULL,NULL,NULL,Ocean Export,1,NULL,NULL,0,NULL,,NULL,NULL,NULL,NULL,1,0,,New Jersey (EWR),NULL,NULL,NULL
2044,2025-01-28 00:00:00.000,INQ1020432,"C&D TECHNOLOGIES, INC",NULL,None,None,NULL,By Email,NULL,Auto Generated,NULL,NULL,NULL,NULL,NULL,0,NULL,2025-01-28 10:40:26.427,NULL,0,NULL,NULL,NULL,NULL,NULL,NULL,NULL,NULL,Ocean Export,1,NULL,NULL,0,NULL,,NULL,NULL,NULL,NULL,1,0,,New Jersey (EWR),NULL,NULL,NULL
2045,2025-01-28 00:00:00.000,INQ1020434,Intertech Trading Corp,NULL,None,None,NULL,By Email,NULL,Auto Generated,NULL,NULL,NULL,NULL,NULL,0,NULL,2025-01-28 12:16:42.343,NULL,0,NULL,NULL,NULL,NULL,NULL,NULL,NULL,NULL,Ocean Export,1,NULL,NULL,0,NULL,,NULL,NULL,NULL,NULL,1,0,,New Jersey (EWR),NULL,NULL,NULL
2046,2025-01-28 00:00:00.000,INQ1020441,Arcadia Consulting Services Inc.,NULL,None,None,NULL,By Email,NULL,Auto Generated,NULL,NULL,NULL,NULL,NULL,0,NULL,2025-01-28 14:32:02.330,NULL,1,NULL,NULL,NULL,NULL,NULL,NULL,NULL,NULL,Ocean Export,1,NULL,NULL,0,NULL,,duplicate,NULL,NULL,NULL,1,0,,Sales & Marketing,NULL,NULL,NULL
2047,2025-01-28 00:00:00.000,INQ1020443,ALLIANCE I'NTL,NULL,None,None,NULL,By Email,NULL,Auto Generated,NULL,NULL,NULL,NULL,NULL,0,NULL,2025-01-28 14:41:54.197,NULL,0,NULL,NULL,NULL,NULL,NULL,NULL,NULL,NULL,Ocean Export,1,NULL,NULL,0,NULL,,NULL,NULL,NULL,NULL,1,0,,New Jersey (EWR),NULL,NULL,NULL
2048,2025-01-28 00:00:00.000,INQ1020444,Apex Global Shipping & Logistics LLc,NULL,None,None,NULL,By Email,NULL,Auto Generated,NULL,NULL,NULL,NULL,NULL,0,NULL,2025-01-28 14:42:35.847,NULL,0,NULL,NULL,NULL,NULL,NULL,NULL,NULL,NULL,Ocean Export,1,NULL,NULL,0,NULL,,NULL,NULL,NULL,NULL,1,0,,New Jersey (EWR),NULL,NULL,NULL
2049,2025-01-28 00:00:00.000,INQ1020446,Al Badawi General Trading LLC,NULL,None,None,NULL,By Email,NULL,Auto Generated,NULL,NULL,NULL,NULL,NULL,0,NULL,2025-01-28 16:53:52.523,2025-10-01 13:33:10.150,0,NULL,NULL,NULL,NULL,NULL,NULL,NULL,NULL,Ocean Export,1,NULL,NULL,0,NULL,,NULL,NULL,NULL,NULL,1,0,,Sales & Marketing,NULL,NULL,NULL
2050,2025-01-28 00:00:00.000,INQ1020447,Filmar Technologies LLC,NULL,None,None,NULL,By Email,NULL,Auto Generated,NULL,NULL,NULL,NULL,NULL,0,NULL,2025-01-28 16:54:22.090,NULL,1,NULL,NULL,NULL,NULL,NULL,NULL,NULL,NULL,Ocean Export,1,NULL,NULL,0,NULL,,duplicate,NULL,NULL,NULL,1,0,,Sales & Marketing,NULL,NULL,NULL
2051,2025-01-28 00:00:00.000,INQ1020449,B & I Data Systems Ltd,NULL,None,None,NULL,By Email,NULL,Auto Generated,NULL,NULL,NULL,NULL,NULL,0,NULL,2025-01-28 17:02:30.720,NULL,0,NULL,NULL,NULL,NULL,NULL,NULL,NULL,NULL,Ocean Export,1,NULL,NULL,0,NULL,,NULL,NULL,NULL,NULL,1,0,,New Jersey (EWR),NULL,NULL,NULL
2052,2025-01-28 00:00:00.000,INQ1020450,Valley Tech Inc,NULL,None,None,NULL,By Email,NULL,Auto Generated,NULL,NULL,NULL,NULL,NULL,0,NULL,2025-01-28 17:03:31.050,NULL,0,NULL,NULL,NULL,NULL,NULL,NULL,NULL,NULL,Ocean Export,1,NULL,NULL,0,NULL,,NULL,NULL,NULL,NULL,1,0,,New Jersey (EWR),NULL,NULL,NULL
2054,2025-01-28 00:00:00.000,INQ1020452,Digiconta,NULL,None,None,NULL,By Email,NULL,Auto Generated,NULL,NULL,NULL,NULL,NULL,0,NULL,2025-01-28 17:04:09.253,NULL,1,NULL,NULL,NULL,NULL,NULL,NULL,NULL,NULL,Ocean Export,1,NULL,NULL,0,NULL,,duplicate,NULL,NULL,NULL,1,0,,Sales & Marketing,NULL,NULL,NULL
2055,2025-01-28 00:00:00.000,INQ1020453,Digiconta,NULL,None,None,NULL,By Email,NULL,Auto Generated,NULL,NULL,NULL,NULL,NULL,0,NULL,2025-01-28 17:06:08.867,NULL,0,NULL,NULL,NULL,NULL,NULL,NULL,NULL,NULL,Ocean Export,1,NULL,NULL,0,NULL,,NULL,NULL,NULL,NULL,1,0,,Sales & Marketing,NULL,NULL,NULL
2056,2025-01-28 00:00:00.000,INQ1020454,ALPS COMPUTER,NULL,None,None,NULL,By Email,NULL,Auto Generated,NULL,NULL,NULL,NULL,NULL,0,NULL,2025-01-28 17:06:31.683,NULL,0,NULL,NULL,NULL,NULL,NULL,NULL,NULL,NULL,Ocean Export,1,NULL,NULL,0,NULL,,NULL,NULL,NULL,NULL,1,0,,New Jersey (EWR),NULL,NULL,NULL
2057,2025-01-28 00:00:00.000,INQ1020455,GLOBAL WATER CONSORTIUM,NULL,None,None,NULL,By Email,NULL,Auto Generated,NULL,NULL,NULL,NULL,NULL,0,NULL,2025-01-28 17:07:07.537,NULL,0,NULL,NULL,NULL,NULL,NULL,NULL,NULL,NULL,Ocean Export,1,NULL,NULL,0,NULL,,NULL,NULL,NULL,NULL,1,0,,New Jersey (EWR),NULL,NULL,NULL
2058,2025-01-28 00:00:00.000,INQ1020456,Moamen Abdelaal,NULL,None,None,NULL,By Email,NULL,Auto Generated,NULL,NULL,NULL,NULL,NULL,0,NULL,2025-01-28 17:07:42.477,NULL,0,NULL,NULL,NULL,NULL,NULL,NULL,NULL,NULL,Ocean Export,1,NULL,NULL,0,NULL,,NULL,NULL,NULL,NULL,1,0,,New Jersey (EWR),NULL,NULL,NULL
2059,2025-01-28 00:00:00.000,INQ1020457,Moamen Abdelaal,NULL,None,None,NULL,By Email,NULL,Auto Generated,NULL,NULL,NULL,NULL,NULL,0,NULL,2025-01-28 17:08:35.223,NULL,1,NULL,NULL,NULL,NULL,NULL,NULL,NULL,NULL,Ocean Export,1,NULL,NULL,0,NULL,,duplicate,NULL,NULL,NULL,1,0,,New Jersey (EWR),NULL,NULL,NULL
2060,2025-01-28 00:00:00.000,INQ1020458,HARBOR SEAFOOD,NULL,None,None,NULL,By Email,NULL,Auto Generated,NULL,NULL,NULL,NULL,NULL,0,NULL,2025-01-28 17:09:57.203,NULL,0,NULL,NULL,NULL,NULL,NULL,NULL,NULL,NULL,Ocean Export,1,NULL,NULL,0,NULL,,NULL,NULL,NULL,NULL,1,0,,New Jersey (EWR),NULL,NULL,NULL
2061,2025-01-28 00:00:00.000,INQ1020459,MAESTRO TECHNOLOGIES,NULL,None,None,NULL,By Email,NULL,Auto Generated,NULL,NULL,NULL,NULL,NULL,0,NULL,2025-01-28 17:12:02.633,NULL,1,NULL,NULL,NULL,NULL,NULL,NULL,NULL,NULL,Ocean Export,1,NULL,NULL,0,NULL,,duplicate,NULL,NULL,NULL,1,0,,Sales & Marketing,NULL,NULL,NULL
2062,2025-01-28 00:00:00.000,INQ1020460,JIT,NULL,None,None,NULL,By Email,NULL,Auto Generated,NULL,NULL,NULL,NULL,NULL,0,NULL,2025-01-28 17:12:43.410,NULL,0,NULL,NULL,NULL,NULL,NULL,NULL,NULL,NULL,Ocean Export,1,NULL,NULL,0,NULL,,NULL,NULL,NULL,NULL,1,0,,New Jersey (EWR),NULL,NULL,NULL
2065,2025-01-28 00:00:00.000,INQ1020463,Osama Hisham Alansari,NULL,None,None,NULL,By Email,NULL,Auto Generated,NULL,NULL,NULL,NULL,NULL,0,NULL,2025-01-28 17:26:38.717,NULL,0,NULL,NULL,NULL,NULL,NULL,NULL,NULL,NULL,Ocean Export,1,NULL,NULL,0,NULL,,NULL,NULL,NULL,NULL,1,0,,New Jersey (EWR),NULL,NULL,NULL
2066,2025-01-28 00:00:00.000,INQ1020464,Shankar Jerripotula,NULL,None,None,NULL,By Email,NULL,Auto Generated,NULL,NULL,NULL,NULL,NULL,0,NULL,2025-01-28 17:27:08.790,NULL,0,NULL,NULL,NULL,NULL,NULL,NULL,NULL,NULL,Ocean Export,1,NULL,NULL,0,NULL,,NULL,NULL,NULL,NULL,1,0,,New Jersey (EWR),NULL,NULL,NULL
2067,2025-01-28 00:00:00.000,INQ1020465,The Witte Company Inc,NULL,None,None,NULL,By Email,NULL,Auto Generated,NULL,NULL,NULL,NULL,NULL,0,NULL,2025-01-28 17:27:48.540,NULL,0,NULL,NULL,NULL,NULL,NULL,NULL,NULL,NULL,Ocean Export,1,NULL,NULL,0,NULL,,NULL,NULL,NULL,NULL,1,0,,New Jersey (EWR),NULL,NULL,NULL
2068,2025-01-28 00:00:00.000,INQ1020466,ARYAN IMPEX USA LLC,NULL,None,None,NULL,By Email,NULL,Auto Generated,NULL,NULL,NULL,NULL,NULL,0,NULL,2025-01-28 17:28:42.130,NULL,0,NULL,NULL,NULL,NULL,NULL,NULL,NULL,NULL,Ocean Export,1,NULL,NULL,0,NULL,,NULL,NULL,NULL,NULL,1,0,,New Jersey (EWR),NULL,NULL,NULL
2069,2025-01-28 00:00:00.000,INQ1020467,Musason Canada Limited,NULL,None,None,NULL,By Email,NULL,Auto Generated,NULL,NULL,NULL,NULL,NULL,0,NULL,2025-01-28 17:30:07.253,NULL,0,NULL,NULL,NULL,NULL,NULL,NULL,NULL,NULL,Ocean Export,1,NULL,NULL,0,NULL,,NULL,NULL,NULL,NULL,1,0,,New Jersey (EWR),NULL,NULL,NULL
2070,2025-01-28 00:00:00.000,INQ1020468,Raja Dhingra,NULL,None,None,NULL,By Email,NULL,Auto Generated,NULL,NULL,NULL,NULL,NULL,0,NULL,2025-01-28 17:30:36.820,NULL,0,NULL,NULL,NULL,NULL,NULL,NULL,NULL,NULL,Ocean Export,1,NULL,NULL,0,NULL,,NULL,NULL,NULL,NULL,1,0,,New Jersey (EWR),NULL,NULL,NULL
2072,2025-01-28 00:00:00.000,INQ1020470,Valley Tech Inc,NULL,None,None,NULL,By Email,NULL,Auto Generated,NULL,NULL,NULL,NULL,NULL,0,NULL,2025-01-28 17:31:09.970,NULL,0,NULL,NULL,NULL,NULL,NULL,NULL,NULL,NULL,Ocean Export,1,NULL,NULL,0,NULL,,NULL,NULL,NULL,NULL,1,0,,New Jersey (EWR),NULL,NULL,NULL
2073,2025-01-28 00:00:00.000,INQ1020471,ADAM COMPUTER RECYCLING INC.,NULL,None,None,NULL,By Email,NULL,Auto Generated,NULL,NULL,NULL,NULL,NULL,0,NULL,2025-01-28 17:32:07.637,NULL,0,NULL,NULL,NULL,NULL,NULL,NULL,NULL,NULL,Ocean Export,1,NULL,NULL,0,NULL,,NULL,NULL,NULL,NULL,1,0,,New Jersey (EWR),NULL,NULL,NULL
2074,2025-01-28 00:00:00.000,INQ1020472,Salah,NULL,None,None,NULL,By Email,NULL,Auto Generated,NULL,NULL,NULL,NULL,NULL,0,NULL,2025-01-28 17:33:31.953,NULL,1,NULL,NULL,NULL,NULL,NULL,NULL,NULL,NULL,Ocean Export,1,NULL,NULL,0,NULL,,duplicate,NULL,NULL,NULL,1,0,,Sales & Marketing,NULL,NULL,NULL
2075,2025-01-28 00:00:00.000,INQ1020473,SALAH ABU,NULL,None,None,NULL,By Email,NULL,Auto Generated,NULL,NULL,NULL,NULL,NULL,0,NULL,2025-01-28 17:35:09.277,NULL,0,NULL,NULL,NULL,NULL,NULL,NULL,NULL,NULL,Ocean Export,1,NULL,NULL,0,NULL,,NULL,NULL,NULL,NULL,1,0,,New Jersey (EWR),NULL,NULL,NULL
2076,2025-01-28 00:00:00.000,INQ1020474,"Xiao Xinghong Eectronics, Inc.",NULL,None,None,NULL,By Email,NULL,Auto Generated,NULL,NULL,NULL,NULL,NULL,0,NULL,2025-01-28 17:36:37.630,NULL,0,NULL,NULL,NULL,NULL,NULL,NULL,NULL,NULL,Ocean Export,1,NULL,NULL,0,NULL,,NULL,NULL,NULL,NULL,1,0,,Hamid Hussaini,NULL,NULL,NULL
2078,2025-01-28 00:00:00.000,INQ1020476,Tech Store,NULL,None,None,NULL,By Email,NULL,Auto Generated,NULL,NULL,NULL,NULL,NULL,0,NULL,2025-01-28 17:37:49.513,NULL,1,NULL,NULL,NULL,NULL,NULL,NULL,NULL,NULL,Ocean Export,1,NULL,NULL,0,NULL,,duplicate,NULL,NULL,NULL,1,0,,Sales & Marketing,NULL,NULL,NULL
2079,2025-01-28 00:00:00.000,INQ1020477,Tech Store,NULL,None,None,NULL,By Email,NULL,Auto Generated,NULL,NULL,NULL,NULL,NULL,0,NULL,2025-01-28 17:38:44.510,NULL,1,NULL,NULL,NULL,NULL,NULL,NULL,NULL,NULL,Ocean Export,1,NULL,NULL,0,NULL,,duplicate,NULL,NULL,NULL,1,0,,Sales & Marketing,NULL,NULL,NULL
2080,2025-01-28 00:00:00.000,INQ1020478,AL KHAT AL ASWAD COMPUTER,NULL,None,None,NULL,By Email,NULL,Auto Generated,NULL,NULL,NULL,NULL,NULL,0,NULL,2025-01-28 17:39:14.473,NULL,1,NULL,NULL,NULL,NULL,NULL,NULL,NULL,NULL,Ocean Export,1,NULL,NULL,0,NULL,,duplicate,NULL,NULL,NULL,1,0,,Sales & Marketing,NULL,NULL,NULL
2081,2025-01-28 00:00:00.000,INQ1020479,Global Trader Group LLC,NULL,None,None,NULL,By Email,NULL,Auto Generated,NULL,NULL,NULL,NULL,NULL,0,NULL,2025-01-28 17:42:43.353,NULL,1,NULL,NULL,NULL,NULL,NULL,NULL,NULL,NULL,Ocean Export,1,NULL,NULL,0,NULL,,duplicate,NULL,NULL,NULL,1,0,,Sales & Marketing,NULL,NULL,NULL
2082,2025-01-28 00:00:00.000,INQ1020480,MCC Trading LLC,NULL,None,None,NULL,By Email,NULL,Auto Generated,NULL,NULL,NULL,NULL,NULL,0,NULL,2025-01-28 17:43:18.873,NULL,0,NULL,NULL,NULL,NULL,NULL,NULL,NULL,NULL,Ocean Export,1,NULL,NULL,0,NULL,,NULL,NULL,NULL,NULL,1,0,,New Jersey (EWR),NULL,NULL,NULL
2083,2025-01-28 00:00:00.000,INQ1020481,ABISHAI DOMINIC MWANYIKA,NULL,None,None,NULL,By Email,NULL,Auto Generated,NULL,NULL,NULL,NULL,NULL,0,NULL,2025-01-28 17:43:46.017,NULL,1,NULL,NULL,NULL,NULL,NULL,NULL,NULL,NULL,Ocean Export,1,NULL,NULL,0,NULL,,duplicate,NULL,NULL,NULL,1,0,,Sales & Marketing,NULL,NULL,NULL
2084,2025-01-28 00:00:00.000,INQ1020482,Ask Trading llc,NULL,None,None,NULL,By Email,NULL,Auto Generated,NULL,NULL,NULL,NULL,NULL,0,NULL,2025-01-28 17:45:25.447,NULL,1,NULL,NULL,NULL,NULL,NULL,NULL,NULL,NULL,Ocean Export,1,NULL,NULL,0,NULL,,duplicate,NULL,NULL,NULL,1,0,,Sales & Marketing,NULL,NULL,NULL
2085,2025-01-28 00:00:00.000,INQ1020483,COMPUWAREHOUSE,NULL,None,None,NULL,By Email,NULL,Auto Generated,NULL,NULL,NULL,NULL,NULL,0,NULL,2025-01-28 17:47:38.527,NULL,1,NULL,NULL,NULL,NULL,NULL,NULL,NULL,NULL,Ocean Export,1,NULL,NULL,0,NULL,,duplicate,NULL,NULL,NULL,1,0,,Sales & Marketing,NULL,NULL,NULL
2086,2025-01-30 00:00:00.000,INQ1020488,Filmar Technologies LLC,NULL,None,None,NULL,By Email,NULL,Auto Generated,NULL,NULL,NULL,NULL,NULL,0,NULL,2025-01-30 10:18:09.840,NULL,1,NULL,NULL,NULL,NULL,NULL,NULL,NULL,NULL,Ocean Export,1,NULL,NULL,0,NULL,,duplicate,NULL,NULL,NULL,1,0,,Sales & Marketing,NULL,NULL,NULL
2087,2025-01-30 00:00:00.000,INQ1020489,2 Z Technology,NULL,None,None,NULL,By Email,NULL,Auto Generated,NULL,NULL,NULL,NULL,NULL,0,NULL,2025-01-30 10:20:49.437,NULL,0,NULL,NULL,NULL,NULL,NULL,NULL,NULL,NULL,Ocean Export,1,NULL,NULL,0,NULL,,NULL,NULL,NULL,NULL,1,0,,New Jersey (EWR),NULL,NULL,NULL
2088,2025-01-30 00:00:00.000,INQ1020490,GLOBAL WATER CONSORTIUM,NULL,None,None,NULL,By Email,NULL,Auto Generated,NULL,NULL,NULL,NULL,NULL,0,NULL,2025-01-30 10:26:05.843,NULL,0,NULL,NULL,NULL,NULL,NULL,NULL,NULL,NULL,Ocean Export,1,NULL,NULL,0,NULL,,NULL,NULL,NULL,NULL,1,0,,New Jersey (EWR),NULL,NULL,NULL
2089,2025-01-30 00:00:00.000,INQ1020491,Moamen Abdelaal,NULL,None,None,NULL,By Email,NULL,Auto Generated,NULL,NULL,NULL,NULL,NULL,0,NULL,2025-01-30 10:26:38.163,NULL,0,NULL,NULL,NULL,NULL,NULL,NULL,NULL,NULL,Ocean Export,1,NULL,NULL,0,NULL,,NULL,NULL,NULL,NULL,1,0,,New Jersey (EWR),NULL,NULL,NULL
2090,2025-01-30 00:00:00.000,INQ1020492,HARBOR SEAFOOD,NULL,None,None,NULL,By Email,NULL,Auto Generated,NULL,NULL,NULL,NULL,NULL,0,NULL,2025-01-30 10:27:06.003,NULL,0,NULL,NULL,NULL,NULL,NULL,NULL,NULL,NULL,Ocean Export,1,NULL,NULL,0,NULL,,NULL,NULL,NULL,NULL,1,0,,New Jersey (EWR),NULL,NULL,NULL
2091,2025-01-30 00:00:00.000,INQ1020493,MAESTRO TECHNOLOGIES,NULL,None,None,NULL,By Email,NULL,Auto Generated,NULL,NULL,NULL,NULL,NULL,0,NULL,2025-01-30 10:27:38.063,NULL,1,NULL,NULL,NULL,NULL,NULL,NULL,NULL,NULL,Ocean Export,1,NULL,NULL,0,NULL,,duplicate,NULL,NULL,NULL,1,0,,Sales & Marketing,NULL,NULL,NULL
2092,2025-01-30 00:00:00.000,INQ1020494,Bradley Corporation,NULL,None,None,NULL,By Email,NULL,Auto Generated,NULL,NULL,NULL,NULL,NULL,0,NULL,2025-01-30 13:13:47.970,NULL,0,NULL,NULL,NULL,NULL,NULL,NULL,NULL,NULL,Ocean Export,1,NULL,NULL,0,NULL,,NULL,NULL,NULL,NULL,1,0,,Sales & Marketing,NULL,NULL,NULL
2093,2025-01-30 00:00:00.000,INQ1020495,International Cellulose Corporation,NULL,None,None,NULL,By Email,NULL,Auto Generated,NULL,NULL,NULL,NULL,NULL,0,NULL,2025-01-30 13:30:44.520,NULL,0,NULL,NULL,NULL,NULL,NULL,NULL,NULL,NULL,Ocean Export,1,NULL,NULL,0,NULL,,NULL,NULL,NULL,NULL,1,0,,Sales & Marketing,NULL,NULL,NULL
2094,2025-01-30 00:00:00.000,INQ1020496,CLARK  NATIONAL  ACCOUNTS,NULL,None,None,NULL,By Email,NULL,Auto Generated,NULL,NULL,NULL,NULL,NULL,0,NULL,2025-01-30 13:36:59.193,NULL,0,NULL,NULL,NULL,NULL,NULL,NULL,NULL,NULL,Ocean Export,1,NULL,NULL,0,NULL,,NULL,NULL,NULL,NULL,1,0,,Sales & Marketing,NULL,NULL,NULL
2095,2025-01-30 00:00:00.000,INQ1020497,Industrial Steel Construction Inc.,NULL,None,None,NULL,By Email,NULL,Auto Generated,NULL,NULL,NULL,NULL,NULL,0,NULL,2025-01-30 13:47:25.537,NULL,0,NULL,NULL,NULL,NULL,NULL,NULL,NULL,NULL,Ocean Export,1,NULL,NULL,0,NULL,,NULL,NULL,NULL,NULL,1,0,,Sales & Marketing,NULL,NULL,NULL
2096,2025-01-30 00:00:00.000,INQ1020498,TECHLINK  ENTERPRISE  CO. LTD,NULL,None,None,NULL,By Email,NULL,Auto Generated,NULL,NULL,NULL,NULL,NULL,0,NULL,2025-01-30 13:59:04.547,NULL,0,NULL,NULL,NULL,NULL,NULL,NULL,NULL,NULL,Ocean Export,1,NULL,NULL,0,NULL,,NULL,NULL,NULL,NULL,1,0,,Sales & Marketing,NULL,NULL,NULL
2097,2025-01-30 00:00:00.000,INQ1020499,Tuuci,NULL,None,None,NULL,By Email,NULL,Auto Generated,NULL,NULL,NULL,NULL,NULL,0,NULL,2025-01-30 14:08:44.920,NULL,0,NULL,NULL,NULL,NULL,NULL,NULL,NULL,NULL,Ocean Export,1,NULL,NULL,0,NULL,,NULL,NULL,NULL,NULL,1,0,,Sales & Marketing,NULL,NULL,NULL
2098,2025-01-30 00:00:00.000,INQ1020500,"Exon Logistics LLC,",NULL,None,None,NULL,By Email,NULL,Auto Generated,NULL,NULL,NULL,NULL,NULL,0,NULL,2025-01-30 14:22:37.120,NULL,0,NULL,NULL,NULL,NULL,NULL,NULL,NULL,NULL,Ocean Export,1,NULL,NULL,0,NULL,,NULL,NULL,NULL,NULL,1,0,,Sales & Marketing,NULL,NULL,NULL
2099,2025-01-30 00:00:00.000,INQ1020502,"Maadico LLC,",NULL,None,None,NULL,By Email,NULL,Auto Generated,NULL,NULL,NULL,NULL,NULL,0,NULL,2025-01-30 14:30:55.303,NULL,0,NULL,NULL,NULL,NULL,NULL,NULL,NULL,NULL,Ocean Export,1,NULL,NULL,0,NULL,,NULL,NULL,NULL,NULL,1,0,,Sales & Marketing,NULL,NULL,NULL
2100,2025-01-30 00:00:00.000,INQ1020504,Mega Toys,NULL,None,None,NULL,By Email,NULL,Auto Generated,NULL,NULL,NULL,NULL,NULL,0,NULL,2025-01-30 14:41:11.753,NULL,0,NULL,NULL,NULL,NULL,NULL,NULL,NULL,NULL,Ocean Export,1,NULL,NULL,0,NULL,,NULL,NULL,NULL,NULL,1,0,,Sales & Marketing,NULL,NULL,NULL
2101,2025-01-30 00:00:00.000,INQ1020505,Osama Hisham Alansari,NULL,None,None,NULL,By Email,NULL,Auto Generated,NULL,NULL,NULL,NULL,NULL,0,NULL,2025-01-30 15:27:07.340,NULL,0,NULL,NULL,NULL,NULL,NULL,NULL,NULL,NULL,Ocean Export,1,NULL,NULL,0,NULL,,NULL,NULL,NULL,NULL,1,0,,New Jersey (EWR),NULL,NULL,NULL
2102,2025-01-30 00:00:00.000,INQ1020507,AMG Logistics,NULL,None,None,NULL,By Email,NULL,Auto Generated,NULL,NULL,NULL,NULL,NULL,0,NULL,2025-01-30 15:53:38.460,NULL,0,NULL,NULL,NULL,NULL,NULL,NULL,NULL,NULL,Ocean Export,1,NULL,NULL,0,NULL,,NULL,NULL,NULL,NULL,1,0,,New Jersey (EWR),NULL,NULL,NULL
2103,2025-01-30 00:00:00.000,INQ1020508,AQEEL LOGISTICS,NULL,None,None,NULL,By Email,NULL,Auto Generated,NULL,NULL,NULL,NULL,NULL,0,NULL,2025-01-30 15:54:08.243,NULL,1,NULL,NULL,NULL,NULL,NULL,NULL,NULL,NULL,Ocean Export,1,NULL,NULL,0,NULL,,duplicate,NULL,NULL,NULL,1,0,,Sales & Marketing,NULL,NULL,NULL
2104,2025-01-30 00:00:00.000,INQ1020509,RAINBOW INT'L PRODUCTS.,NULL,None,None,NULL,By Email,NULL,Auto Generated,NULL,NULL,NULL,NULL,NULL,0,NULL,2025-01-30 16:09:28.477,NULL,0,NULL,NULL,NULL,NULL,NULL,NULL,NULL,NULL,Ocean Export,1,NULL,NULL,0,NULL,,NULL,NULL,NULL,NULL,1,0,,Sales & Marketing,NULL,NULL,NULL
2105,2025-01-30 00:00:00.000,INQ1020510,"Radian Research, Inc",NULL,None,None,NULL,By Email,NULL,Auto Generated,NULL,NULL,NULL,NULL,NULL,0,NULL,2025-01-30 16:14:15.800,NULL,0,NULL,NULL,NULL,NULL,NULL,NULL,NULL,NULL,Ocean Export,1,NULL,NULL,0,NULL,,NULL,NULL,NULL,NULL,1,0,,New Jersey (EWR),NULL,NULL,NULL
2106,2025-01-30 00:00:00.000,INQ1020511,Rainbow Companies,NULL,None,None,NULL,By Email,NULL,Auto Generated,NULL,NULL,NULL,NULL,NULL,0,NULL,2025-01-30 16:18:34.060,NULL,0,NULL,NULL,NULL,NULL,NULL,NULL,NULL,NULL,Ocean Export,1,NULL,NULL,0,NULL,,NULL,NULL,NULL,NULL,1,0,,Sales & Marketing,NULL,NULL,NULL
2107,2025-01-30 00:00:00.000,INQ1020512,Emirates Technotrade LLC.,NULL,None,None,NULL,By Email,NULL,Auto Generated,NULL,NULL,NULL,NULL,NULL,0,NULL,2025-01-30 16:21:21.010,NULL,0,NULL,NULL,NULL,NULL,NULL,NULL,NULL,NULL,Ocean Export,1,NULL,NULL,0,NULL,,NULL,NULL,NULL,NULL,1,0,,New Jersey (EWR),NULL,NULL,NULL
2108,2025-01-30 00:00:00.000,INQ1020513,Krusecom,NULL,None,None,NULL,By Email,NULL,Auto Generated,NULL,NULL,NULL,NULL,NULL,0,NULL,2025-01-30 16:24:09.493,NULL,0,NULL,NULL,NULL,NULL,NULL,NULL,NULL,NULL,Ocean Export,1,NULL,NULL,0,NULL,,NULL,NULL,NULL,NULL,1,0,,New Jersey (EWR),NULL,NULL,NULL
2110,2025-01-30 00:00:00.000,INQ1020515,Corporate Forwarders Limited,NULL,None,None,NULL,By Email,NULL,Auto Generated,NULL,NULL,NULL,NULL,NULL,0,NULL,2025-01-30 16:27:30.240,NULL,0,NULL,NULL,NULL,NULL,NULL,NULL,NULL,NULL,Ocean Export,1,NULL,NULL,0,NULL,,NULL,NULL,NULL,NULL,1,0,,Sales & Marketing,NULL,NULL,NULL
2112,2025-01-30 00:00:00.000,INQ1020517,Md tech Solutions,NULL,None,None,NULL,By Email,NULL,Auto Generated,NULL,NULL,NULL,NULL,NULL,0,NULL,2025-01-30 16:27:56.437,NULL,1,NULL,NULL,NULL,NULL,NULL,NULL,NULL,NULL,Ocean Export,1,NULL,NULL,0,NULL,,duplicate,NULL,NULL,NULL,1,0,,Sales & Marketing,NULL,NULL,NULL
2113,2025-01-30 00:00:00.000,INQ1020518,Mr. Frank Kasekwa C/O TBF,NULL,None,None,NULL,By Email,NULL,Auto Generated,NULL,NULL,NULL,NULL,NULL,0,NULL,2025-01-30 16:28:18.427,NULL,0,NULL,NULL,NULL,NULL,NULL,NULL,NULL,NULL,Ocean Export,1,NULL,NULL,0,NULL,,NULL,NULL,NULL,NULL,1,0,,New Jersey (EWR),NULL,NULL,NULL
2114,2025-01-30 00:00:00.000,INQ1020519,Mr. Imran,NULL,None,None,NULL,By Email,NULL,Auto Generated,NULL,NULL,NULL,NULL,NULL,0,NULL,2025-01-30 16:28:42.260,NULL,0,NULL,NULL,NULL,NULL,NULL,NULL,NULL,NULL,Ocean Export,1,NULL,NULL,0,NULL,,NULL,NULL,NULL,NULL,1,0,,New Jersey (EWR),NULL,NULL,NULL
2115,2025-01-30 00:00:00.000,INQ1020520,MUHAMMAD ALI,NULL,None,None,NULL,By Email,NULL,Auto Generated,NULL,NULL,NULL,NULL,NULL,0,NULL,2025-01-30 16:29:36.473,NULL,0,NULL,NULL,NULL,NULL,NULL,NULL,NULL,NULL,Ocean Export,1,NULL,NULL,0,NULL,,NULL,NULL,NULL,NULL,1,0,,New Jersey (EWR),NULL,NULL,NULL
2116,2025-01-30 00:00:00.000,INQ1020521,Navtech Solutions Inc.,NULL,None,None,NULL,By Email,NULL,Auto Generated,NULL,NULL,NULL,NULL,NULL,0,NULL,2025-01-30 16:31:36.843,NULL,0,NULL,NULL,NULL,NULL,NULL,NULL,NULL,NULL,Ocean Export,1,NULL,NULL,0,NULL,,NULL,NULL,NULL,NULL,1,0,,New Jersey (EWR),NULL,NULL,NULL
2117,2025-01-30 00:00:00.000,INQ1020523,Mrs. G Appliances,NULL,None,None,NULL,By Email,NULL,Auto Generated,NULL,NULL,NULL,NULL,NULL,0,NULL,2025-01-30 16:34:00.720,NULL,0,NULL,NULL,NULL,NULL,NULL,NULL,NULL,NULL,Ocean Export,1,NULL,NULL,0,NULL,,NULL,NULL,NULL,NULL,1,0,,Sales & Marketing,NULL,NULL,NULL
2118,2025-01-30 00:00:00.000,INQ1020524,"NESTELECTRIIC DEVICE TRADING CO., LLC",NULL,None,None,NULL,By Email,NULL,Auto Generated,NULL,NULL,NULL,NULL,NULL,0,NULL,2025-01-30 17:20:16.810,NULL,1,NULL,NULL,NULL,NULL,NULL,NULL,NULL,NULL,Ocean Export,1,NULL,NULL,0,NULL,,duplicate,NULL,NULL,NULL,1,0,,Sales & Marketing,NULL,NULL,NULL
2119,2025-01-30 00:00:00.000,INQ1020525,"RSR PARTNERS, LLC",NULL,None,None,NULL,By Email,NULL,Auto Generated,NULL,NULL,NULL,NULL,NULL,0,NULL,2025-01-30 17:22:46.880,NULL,1,NULL,NULL,NULL,NULL,NULL,NULL,NULL,NULL,Ocean Export,1,NULL,NULL,0,NULL,,duplicate,NULL,NULL,NULL,1,0,,Sales & Marketing,NULL,NULL,NULL
2120,2025-01-30 00:00:00.000,INQ1020526,SAMI HUSSEIN,NULL,None,None,NULL,By Email,NULL,Auto Generated,NULL,NULL,NULL,NULL,NULL,0,NULL,2025-01-30 17:23:48.800,NULL,0,NULL,NULL,NULL,NULL,NULL,NULL,NULL,NULL,Ocean Export,1,NULL,NULL,0,NULL,,NULL,NULL,NULL,NULL,1,0,,New Jersey (EWR),NULL,NULL,NULL
2121,2025-01-30 00:00:00.000,INQ1020527,SUNCITY DISTRIBUTION LLC,NULL,None,None,NULL,By Email,NULL,Auto Generated,NULL,NULL,NULL,NULL,NULL,0,NULL,2025-01-30 17:24:20.467,NULL,0,NULL,NULL,NULL,NULL,NULL,NULL,NULL,NULL,Ocean Export,1,NULL,NULL,0,NULL,,NULL,NULL,NULL,NULL,1,0,,Sales & Marketing,NULL,NULL,NULL
2122,2025-01-30 00:00:00.000,INQ1020528,Tech First LLC,NULL,None,None,NULL,By Email,NULL,Auto Generated,NULL,NULL,NULL,NULL,NULL,0,NULL,2025-01-30 17:25:08.377,NULL,1,NULL,NULL,NULL,NULL,NULL,NULL,NULL,NULL,Ocean Export,1,NULL,NULL,0,NULL,,duplicate,NULL,NULL,NULL,1,0,,Sales & Marketing,NULL,NULL,NULL
2123,2025-01-30 00:00:00.000,INQ1020529,Technivison FZCO,NULL,None,None,NULL,By Email,NULL,Auto Generated,NULL,NULL,NULL,NULL,NULL,0,NULL,2025-01-30 17:25:30.093,NULL,1,NULL,NULL,NULL,NULL,NULL,NULL,NULL,NULL,Ocean Export,1,NULL,NULL,0,NULL,,duplicate,NULL,NULL,NULL,1,0,,Sales & Marketing,NULL,NULL,NULL
2124,2025-01-30 00:00:00.000,INQ1020530,Trade Imperative,NULL,None,None,NULL,By Email,NULL,Auto Generated,NULL,NULL,NULL,NULL,NULL,0,NULL,2025-01-30 17:25:54.767,NULL,0,NULL,NULL,NULL,NULL,NULL,NULL,NULL,NULL,Ocean Export,1,NULL,NULL,0,NULL,,NULL,NULL,NULL,NULL,1,0,,New Jersey (EWR),NULL,NULL,NULL
2125,2025-01-30 00:00:00.000,INQ1020531,ADVANCE RECOVERY INC.,NULL,None,None,NULL,By Email,NULL,Auto Generated,NULL,NULL,NULL,NULL,NULL,0,NULL,2025-01-30 17:27:20.437,NULL,0,NULL,NULL,NULL,NULL,NULL,NULL,NULL,NULL,Ocean Export,1,NULL,NULL,0,NULL,,NULL,NULL,NULL,NULL,1,0,,New Jersey (EWR),NULL,NULL,NULL
2126,2025-01-30 00:00:00.000,INQ1020532,ENZYMEDICA IN,NULL,None,None,NULL,By Email,NULL,Auto Generated,NULL,NULL,NULL,NULL,NULL,0,NULL,2025-01-30 17:27:43.067,NULL,0,NULL,NULL,NULL,NULL,NULL,NULL,NULL,NULL,Ocean Export,1,NULL,NULL,0,NULL,,NULL,NULL,NULL,NULL,1,0,,New Jersey (EWR),NULL,NULL,NULL
2127,2025-01-30 00:00:00.000,INQ1020533,Jamal  Abdullah,NULL,None,None,NULL,By Email,NULL,Auto Generated,NULL,NULL,NULL,NULL,NULL,0,NULL,2025-01-30 17:30:32.043,NULL,0,NULL,NULL,NULL,NULL,NULL,NULL,NULL,NULL,Ocean Export,1,NULL,NULL,0,NULL,,NULL,NULL,NULL,NULL,1,0,,New Jersey (EWR),NULL,NULL,NULL
2128,2025-01-30 00:00:00.000,INQ1020534,EL NOUR MEDICAL,NULL,None,None,NULL,By Email,NULL,Auto Generated,NULL,NULL,NULL,NULL,NULL,0,NULL,2025-01-30 17:31:15.517,NULL,0,NULL,NULL,NULL,NULL,NULL,NULL,NULL,NULL,Ocean Export,1,NULL,NULL,0,NULL,,NULL,NULL,NULL,NULL,1,0,,MUMBAI (MUM),NULL,NULL,NULL
2129,2025-01-30 00:00:00.000,INQ1020535,Steve,NULL,None,None,NULL,By Email,NULL,Auto Generated,NULL,NULL,NULL,NULL,NULL,0,NULL,2025-01-30 23:13:43.223,NULL,0,NULL,NULL,NULL,NULL,NULL,NULL,NULL,NULL,Ocean Export,1,NULL,NULL,0,NULL,,NULL,NULL,NULL,NULL,1,0,,New Jersey (EWR),NULL,NULL,NULL
2130,2025-01-30 00:00:00.000,INQ1020536,"ELLERRE TECH, INC.",NULL,None,None,NULL,By Email,NULL,Auto Generated,NULL,NULL,NULL,NULL,NULL,0,NULL,2025-01-30 23:39:26.737,NULL,0,NULL,NULL,NULL,NULL,NULL,NULL,NULL,NULL,Ocean Export,1,NULL,NULL,0,NULL,,NULL,NULL,NULL,NULL,1,0,,Sales & Marketing,NULL,NULL,NULL
2131,2025-01-31 00:00:00.000,INQ1020541,United Global Lines Pvt. Ltd.,NULL,None,None,NULL,By Email,NULL,Auto Generated,NULL,NULL,NULL,NULL,NULL,0,NULL,2025-01-31 16:35:53.167,NULL,0,NULL,NULL,NULL,NULL,NULL,NULL,NULL,NULL,Ocean Export,1,NULL,NULL,0,NULL,,NULL,NULL,NULL,NULL,1,0,,New Jersey (EWR),NULL,NULL,NULL
2132,2025-01-31 00:00:00.000,INQ1020542,Transys Global Forwarding Private Limited,NULL,None,None,NULL,By Email,NULL,Auto Generated,NULL,NULL,NULL,NULL,NULL,0,NULL,2025-01-31 16:42:07.967,NULL,0,NULL,NULL,NULL,NULL,NULL,NULL,NULL,NULL,Ocean Export,1,NULL,NULL,0,NULL,,NULL,NULL,NULL,NULL,1,0,,Hamid Hussaini,NULL,NULL,NULL
2133,2025-01-31 00:00:00.000,INQ1020543,TRANS ORIENT,NULL,None,None,NULL,By Email,NULL,Auto Generated,NULL,NULL,NULL,NULL,NULL,0,NULL,2025-01-31 16:48:04.257,NULL,0,NULL,NULL,NULL,NULL,NULL,NULL,NULL,NULL,Ocean Export,1,NULL,NULL,0,NULL,,NULL,NULL,NULL,NULL,1,0,,Hamid Hussaini,NULL,NULL,NULL
2134,2025-01-31 00:00:00.000,INQ1020545,TRAFFIX DEVICES,NULL,None,None,NULL,By Email,NULL,Auto Generated,NULL,NULL,NULL,NULL,NULL,0,NULL,2025-01-31 17:01:26.810,NULL,0,NULL,NULL,NULL,NULL,NULL,NULL,NULL,NULL,Ocean Export,1,NULL,NULL,0,NULL,,NULL,NULL,NULL,NULL,1,0,,New Jersey (EWR),NULL,NULL,NULL
2135,2025-01-31 00:00:00.000,INQ1020547,Tinius Olsen Inc,NULL,None,None,NULL,By Email,NULL,Auto Generated,NULL,NULL,NULL,NULL,NULL,0,NULL,2025-01-31 17:44:27.130,NULL,0,NULL,NULL,NULL,NULL,NULL,NULL,NULL,NULL,Ocean Export,1,NULL,NULL,0,NULL,,NULL,NULL,NULL,NULL,1,0,,New Jersey (EWR),NULL,NULL,NULL
2136,2025-01-31 00:00:00.000,INQ1020548,THRU-CONTINENTAL EXPRESS PTE LTD,NULL,None,None,NULL,By Email,NULL,Auto Generated,NULL,NULL,NULL,NULL,NULL,0,NULL,2025-01-31 17:49:50.813,NULL,0,NULL,NULL,NULL,NULL,NULL,NULL,NULL,NULL,Ocean Export,1,NULL,NULL,0,NULL,,NULL,NULL,NULL,NULL,1,0,,New Jersey (EWR),NULL,NULL,NULL
2137,2025-01-31 00:00:00.000,INQ1020549,THERMON,NULL,None,None,NULL,By Email,NULL,Auto Generated,NULL,NULL,NULL,NULL,NULL,0,NULL,2025-01-31 17:53:56.777,NULL,0,NULL,NULL,NULL,NULL,NULL,NULL,NULL,NULL,Ocean Export,1,NULL,NULL,0,NULL,,NULL,NULL,NULL,NULL,1,0,,New Jersey (EWR),NULL,NULL,NULL
2138,2025-01-31 00:00:00.000,INQ1020550,Teus and Tons Logistics Pvt. Ltd,NULL,None,None,NULL,By Email,NULL,Auto Generated,NULL,NULL,NULL,NULL,NULL,0,NULL,2025-01-31 18:00:47.013,NULL,0,NULL,NULL,NULL,NULL,NULL,NULL,NULL,NULL,Ocean Export,1,NULL,NULL,0,NULL,,NULL,NULL,NULL,NULL,1,0,,Hamid Hussaini,NULL,NULL,NULL
2139,2025-01-31 00:00:00.000,INQ1020552,Taylor International LLC.,NULL,None,None,NULL,By Email,NULL,Auto Generated,NULL,NULL,NULL,NULL,NULL,0,NULL,2025-01-31 18:08:23.150,NULL,1,NULL,NULL,NULL,NULL,NULL,NULL,NULL,NULL,Ocean Export,1,NULL,NULL,0,NULL,,duplicate,NULL,NULL,NULL,1,0,,New Jersey (EWR),NULL,NULL,NULL
2140,2025-01-31 00:00:00.000,INQ1020553,SWING LOGISTICS,NULL,None,None,NULL,By Email,NULL,Auto Generated,NULL,NULL,NULL,NULL,NULL,0,NULL,2025-01-31 18:10:14.117,NULL,0,NULL,NULL,NULL,NULL,NULL,NULL,NULL,NULL,Ocean Export,1,NULL,NULL,0,NULL,,NULL,NULL,NULL,NULL,1,0,,Hamid Hussaini,NULL,NULL,NULL
2141,2025-01-31 00:00:00.000,INQ1020555,Spruce international,NULL,None,None,NULL,By Email,NULL,Auto Generated,NULL,NULL,NULL,NULL,NULL,0,NULL,2025-01-31 18:24:14.057,NULL,0,NULL,NULL,NULL,NULL,NULL,NULL,NULL,NULL,Ocean Export,1,NULL,NULL,0,NULL,,NULL,NULL,NULL,NULL,1,0,,New Jersey (EWR),NULL,NULL,NULL
2142,2025-01-31 00:00:00.000,INQ1020556,Source Trading Int.,NULL,None,None,NULL,By Email,NULL,Auto Generated,NULL,NULL,NULL,NULL,NULL,0,NULL,2025-01-31 18:28:09.750,NULL,0,NULL,NULL,NULL,NULL,NULL,NULL,NULL,NULL,Ocean Export,1,NULL,NULL,0,NULL,,NULL,NULL,NULL,NULL,1,0,,New Jersey (EWR),NULL,NULL,NULL
2143,2025-01-31 00:00:00.000,INQ1020557,"Sail Line Global Logistics Co., Ltd",NULL,None,None,NULL,By Email,NULL,Auto Generated,NULL,NULL,NULL,NULL,NULL,0,NULL,2025-01-31 21:54:53.607,NULL,0,NULL,NULL,NULL,NULL,NULL,NULL,NULL,NULL,Ocean Export,1,NULL,NULL,0,NULL,,NULL,NULL,NULL,NULL,1,0,,Hamid Hussaini,NULL,NULL,NULL
2144,2025-01-31 00:00:00.000,INQ1020558,OMEGA INTERNATIONAL LLC,NULL,None,None,NULL,By Email,NULL,Auto Generated,NULL,NULL,NULL,NULL,NULL,0,NULL,2025-01-31 22:18:18.530,NULL,0,NULL,NULL,NULL,NULL,NULL,NULL,NULL,NULL,Ocean Export,1,NULL,NULL,0,NULL,,NULL,NULL,NULL,NULL,1,0,,New Jersey (EWR),NULL,NULL,NULL
2145,2025-01-31 00:00:00.000,INQ1020559,Marvel Freight Ltd.,NULL,None,None,NULL,By Email,NULL,Auto Generated,NULL,NULL,NULL,NULL,NULL,0,NULL,2025-01-31 22:49:15.200,NULL,0,NULL,NULL,NULL,NULL,NULL,NULL,NULL,NULL,Ocean Export,1,NULL,NULL,0,NULL,,NULL,NULL,NULL,NULL,1,0,,New Jersey (EWR),NULL,NULL,NULL
2146,2025-02-01 00:00:00.000,INQ1020560,IBC Globa Logistics Friends,NULL,None,None,NULL,By Email,NULL,Auto Generated,NULL,NULL,NULL,NULL,NULL,0,NULL,2025-02-01 01:22:23.200,NULL,0,NULL,NULL,NULL,NULL,NULL,NULL,NULL,NULL,Ocean Export,1,NULL,NULL,0,NULL,,NULL,NULL,NULL,NULL,1,0,,Sales & Marketing,NULL,NULL,NULL
2147,2025-02-03 00:00:00.000,INQ1020567,CARGOTRANS GLOBAL FORWARDING,NULL,None,None,NULL,By Email,NULL,Auto Generated,NULL,NULL,NULL,NULL,NULL,0,NULL,2025-02-03 15:34:59.680,NULL,0,NULL,NULL,NULL,NULL,NULL,NULL,NULL,NULL,Ocean Export,1,NULL,NULL,0,NULL,,NULL,NULL,NULL,NULL,1,0,,New Jersey (EWR),NULL,NULL,NULL
2148,2025-02-03 00:00:00.000,INQ1020571,AMECO (American Equip Co),NULL,None,None,NULL,By Email,NULL,Auto Generated,NULL,NULL,NULL,NULL,NULL,0,NULL,2025-02-03 18:34:23.870,NULL,1,NULL,NULL,NULL,NULL,NULL,NULL,NULL,NULL,Ocean Export,1,NULL,NULL,0,NULL,,duplicate,NULL,NULL,NULL,1,0,,Sales & Marketing,NULL,NULL,NULL
2149,2025-02-03 00:00:00.000,INQ1020572,AMERICAN RIGGING,NULL,None,None,NULL,By Email,NULL,,NULL,NULL,NULL,NULL,NULL,0,NULL,2025-02-03 18:37:03.710,2025-12-01 10:42:29.100,0,NULL,NULL,NULL,NULL,NULL,NULL,NULL,NULL,Ocean Export,1,NULL,NULL,0,NULL,,NULL,NULL,NULL,NULL,1,0,,Sales & Marketing,NULL,NULL,NULL
2150,2025-02-05 00:00:00.000,INQ1020581,Tajuj For Development & Investment Co. Ltd.,NULL,None,None,NULL,By Email,NULL,Auto Generated,NULL,NULL,NULL,NULL,NULL,0,NULL,2025-02-05 15:13:07.893,NULL,0,NULL,NULL,NULL,NULL,NULL,NULL,NULL,NULL,Ocean Export,1,NULL,NULL,0,NULL,,NULL,NULL,NULL,NULL,1,0,,New Jersey (EWR),NULL,NULL,NULL
2151,2025-02-07 00:00:00.000,INQ1020588,Nicole,NULL,None,None,NULL,By Email,NULL,Auto Generated,NULL,NULL,NULL,NULL,NULL,0,NULL,2025-02-07 22:10:01.840,NULL,0,NULL,NULL,NULL,NULL,NULL,NULL,NULL,NULL,Ocean Export,1,NULL,NULL,0,NULL,,NULL,NULL,NULL,NULL,1,0,,New Jersey (EWR),NULL,NULL,NULL
2152,2025-02-07 00:00:00.000,INQ1020589,MURJAN LOGISTICS,NULL,None,None,NULL,By Email,NULL,Auto Generated,NULL,NULL,NULL,NULL,NULL,0,NULL,2025-02-07 22:26:09.413,NULL,0,NULL,NULL,NULL,NULL,NULL,NULL,NULL,NULL,Ocean Export,1,NULL,NULL,0,NULL,,NULL,NULL,NULL,NULL,1,0,,Inside Sales Group,NULL,NULL,NULL
2153,2025-02-07 00:00:00.000,INQ1020590,Mr. PAE,NULL,None,None,NULL,By Email,NULL,Auto Generated,NULL,NULL,NULL,NULL,NULL,0,NULL,2025-02-07 22:32:44.153,NULL,0,NULL,NULL,NULL,NULL,NULL,NULL,NULL,NULL,Ocean Export,1,NULL,NULL,0,NULL,,NULL,NULL,NULL,NULL,1,0,,New Jersey (EWR),NULL,NULL,NULL
2154,2025-02-07 00:00:00.000,INQ1020591,Mr. Mohammad Safawi,NULL,None,None,NULL,By Email,NULL,Auto Generated,NULL,NULL,NULL,NULL,NULL,0,NULL,2025-02-07 22:33:51.867,NULL,0,NULL,NULL,NULL,NULL,NULL,NULL,NULL,NULL,Ocean Export,1,NULL,NULL,0,NULL,,NULL,NULL,NULL,NULL,1,0,,New Jersey (EWR),NULL,NULL,NULL
2155,2025-02-07 00:00:00.000,INQ1020592,Mr. Ayman Suliman,NULL,None,None,NULL,By Email,NULL,Auto Generated,NULL,NULL,NULL,NULL,NULL,0,NULL,2025-02-07 22:37:52.090,NULL,0,NULL,NULL,NULL,NULL,NULL,NULL,NULL,NULL,Ocean Export,1,NULL,NULL,0,NULL,,NULL,NULL,NULL,NULL,1,0,,New Jersey (EWR),NULL,NULL,NULL
2156,2025-02-07 00:00:00.000,INQ1020593,"MIROMA, LLC",NULL,None,None,NULL,By Email,NULL,Auto Generated,NULL,NULL,NULL,NULL,NULL,0,NULL,2025-02-07 22:46:15.880,NULL,0,NULL,NULL,NULL,NULL,NULL,NULL,NULL,NULL,Ocean Export,1,NULL,NULL,0,NULL,,NULL,NULL,NULL,NULL,1,0,,New Jersey (EWR),NULL,NULL,NULL
2157,2025-02-07 00:00:00.000,INQ1020594,Maxi-Blast Inc,NULL,None,None,NULL,By Email,NULL,Auto Generated,NULL,NULL,NULL,NULL,NULL,0,NULL,2025-02-07 22:54:54.590,NULL,0,NULL,NULL,NULL,NULL,NULL,NULL,NULL,NULL,Ocean Export,1,NULL,NULL,0,NULL,,NULL,NULL,NULL,NULL,1,0,,New Jersey (EWR),NULL,NULL,NULL
2158,2025-02-07 00:00:00.000,INQ1020595,Mak TECH Textiles,NULL,None,None,NULL,By Email,NULL,Auto Generated,NULL,NULL,NULL,NULL,NULL,0,NULL,2025-02-07 23:01:48.853,NULL,0,NULL,NULL,NULL,NULL,NULL,NULL,NULL,NULL,Ocean Export,1,NULL,NULL,0,NULL,,NULL,NULL,NULL,NULL,1,0,,New Jersey (EWR),NULL,NULL,NULL
2159,2025-02-07 00:00:00.000,INQ1020596,Lau Industries,NULL,None,None,NULL,By Email,NULL,Auto Generated,NULL,NULL,NULL,NULL,NULL,0,NULL,2025-02-07 23:09:57.550,NULL,0,NULL,NULL,NULL,NULL,NULL,NULL,NULL,NULL,Ocean Export,1,NULL,NULL,0,NULL,,NULL,NULL,NULL,NULL,1,0,,New Jersey (EWR),NULL,NULL,NULL
2160,2025-02-07 00:00:00.000,INQ1020597,Kaars Inc.,NULL,None,None,NULL,By Email,NULL,Auto Generated,NULL,NULL,NULL,NULL,NULL,0,NULL,2025-02-07 23:15:51.213,NULL,0,NULL,NULL,NULL,NULL,NULL,NULL,NULL,NULL,Ocean Export,1,NULL,NULL,0,NULL,,NULL,NULL,NULL,NULL,1,0,,New Jersey (EWR),NULL,NULL,NULL
2161,2025-02-07 00:00:00.000,INQ1020598,INBULC BRAZIL,NULL,None,None,NULL,By Email,NULL,Auto Generated,NULL,NULL,NULL,NULL,NULL,0,NULL,2025-02-07 23:37:54.010,NULL,0,NULL,NULL,NULL,NULL,NULL,NULL,NULL,NULL,Ocean Export,1,NULL,NULL,0,NULL,,NULL,NULL,NULL,NULL,1,0,,New Jersey (EWR),NULL,NULL,NULL
2162,2025-02-07 00:00:00.000,INQ1020599,HGL comex,NULL,None,None,NULL,By Email,NULL,Auto Generated,NULL,NULL,NULL,NULL,NULL,0,NULL,2025-02-07 23:43:05.717,NULL,0,NULL,NULL,NULL,NULL,NULL,NULL,NULL,NULL,Ocean Export,1,NULL,NULL,0,NULL,,NULL,NULL,NULL,NULL,1,0,,New Jersey (EWR),NULL,NULL,NULL
2163,2025-02-07 00:00:00.000,INQ1020600,GREENLAND (AMERICA) INC.,NULL,None,None,NULL,By Email,NULL,Auto Generated,NULL,NULL,NULL,NULL,NULL,0,NULL,2025-02-07 23:47:25.043,NULL,0,NULL,NULL,NULL,NULL,NULL,NULL,NULL,NULL,Ocean Export,1,NULL,NULL,0,NULL,,NULL,NULL,NULL,NULL,1,0,,New Jersey (EWR),NULL,NULL,NULL
2164,2025-02-07 00:00:00.000,INQ1020601,Global Merchandising Corp.,NULL,None,None,NULL,By Email,NULL,Auto Generated,NULL,NULL,NULL,NULL,NULL,0,NULL,2025-02-07 23:54:44.300,NULL,0,NULL,NULL,NULL,NULL,NULL,NULL,NULL,NULL,Ocean Export,1,NULL,NULL,0,NULL,,NULL,NULL,NULL,NULL,1,0,,New Jersey (EWR),NULL,NULL,NULL
2165,2025-02-08 00:00:00.000,INQ1020602,GeoBox Logistics Del Perú,NULL,None,None,NULL,By Email,NULL,Auto Generated,NULL,NULL,NULL,NULL,NULL,0,NULL,2025-02-08 00:00:03.850,NULL,0,NULL,NULL,NULL,NULL,NULL,NULL,NULL,NULL,Ocean Export,1,NULL,NULL,0,NULL,,NULL,NULL,NULL,NULL,1,0,,Hamid Hussaini,NULL,NULL,NULL
2166,2025-02-08 00:00:00.000,INQ1020603,GEMENY SMILE,NULL,None,None,NULL,By Email,NULL,Auto Generated,NULL,NULL,NULL,NULL,NULL,0,NULL,2025-02-08 00:02:56.557,NULL,0,NULL,NULL,NULL,NULL,NULL,NULL,NULL,NULL,Ocean Export,1,NULL,NULL,0,NULL,,NULL,NULL,NULL,NULL,1,0,,New Jersey (EWR),NULL,NULL,NULL
2167,2025-02-10 00:00:00.000,INQ1020612,ELMAGD FOR IMPORT AND EXPORT,NULL,None,None,NULL,By Email,NULL,Auto Generated,NULL,NULL,NULL,NULL,NULL,0,NULL,2025-02-10 15:05:35.970,NULL,0,NULL,NULL,NULL,NULL,NULL,NULL,NULL,NULL,Ocean Export,1,NULL,NULL,0,NULL,,NULL,NULL,NULL,NULL,1,0,,MUMBAI (MUM),NULL,NULL,NULL
2168,2025-02-11 00:00:00.000,INQ1020617,Singh Trucklines LLC,NULL,None,None,NULL,By Email,NULL,Auto Generated,NULL,NULL,NULL,NULL,NULL,0,NULL,2025-02-11 11:57:38.860,NULL,0,NULL,NULL,NULL,NULL,NULL,NULL,NULL,NULL,Ocean Export,1,NULL,NULL,0,NULL,,NULL,NULL,NULL,NULL,1,0,,MUMBAI (MUM),NULL,NULL,NULL
2169,2025-02-11 00:00:00.000,INQ1020620,ASRIN GROUP,NULL,None,None,NULL,By Email,NULL,Auto Generated,NULL,NULL,NULL,NULL,NULL,0,NULL,2025-02-11 12:15:42.523,NULL,0,NULL,NULL,NULL,NULL,NULL,NULL,NULL,NULL,Ocean Export,1,NULL,NULL,0,NULL,,NULL,NULL,NULL,NULL,1,0,,MUMBAI (MUM),NULL,NULL,NULL
2170,2025-02-11 00:00:00.000,INQ1020630,Arpaniv LLC,NULL,None,None,NULL,By Email,NULL,Auto Generated,NULL,NULL,NULL,NULL,NULL,0,NULL,2025-02-11 14:27:59.250,NULL,0,NULL,NULL,NULL,NULL,NULL,NULL,NULL,NULL,Ocean Export,1,NULL,NULL,0,NULL,,NULL,NULL,NULL,NULL,1,0,,Inside Sales Group,NULL,NULL,NULL
2171,2025-02-11 00:00:00.000,INQ1020638,ELCOWORLD,NULL,None,None,NULL,By Email,NULL,Auto Generated,NULL,NULL,NULL,NULL,NULL,0,NULL,2025-02-11 21:33:32.393,NULL,0,NULL,NULL,NULL,NULL,NULL,NULL,NULL,NULL,Ocean Export,1,NULL,NULL,0,NULL,,NULL,NULL,NULL,NULL,1,0,,New Jersey (EWR),NULL,NULL,NULL
2172,2025-02-11 00:00:00.000,INQ1020639,Double Win Industries Inc.,NULL,None,None,NULL,By Email,NULL,Auto Generated,NULL,NULL,NULL,NULL,NULL,0,NULL,2025-02-11 23:53:47.207,NULL,0,NULL,NULL,NULL,NULL,NULL,NULL,NULL,NULL,Ocean Export,1,NULL,NULL,0,NULL,,NULL,NULL,NULL,NULL,1,0,,New Jersey (EWR),NULL,NULL,NULL
2173,2025-02-12 00:00:00.000,INQ1020642,Convenient Distributor,NULL,None,None,NULL,By Email,NULL,Auto Generated,NULL,NULL,NULL,NULL,NULL,0,NULL,2025-02-12 16:45:31.767,NULL,0,NULL,NULL,NULL,NULL,NULL,NULL,NULL,NULL,Ocean Export,1,NULL,NULL,0,NULL,,NULL,NULL,NULL,NULL,1,0,,New Jersey (EWR),NULL,NULL,NULL
2174,2025-02-12 00:00:00.000,INQ1020643,Dhairya Technologies,NULL,None,None,NULL,By Email,NULL,Auto Generated,NULL,NULL,NULL,NULL,NULL,0,NULL,2025-02-12 17:04:45.277,NULL,0,NULL,NULL,NULL,NULL,NULL,NULL,NULL,NULL,Ocean Export,1,NULL,NULL,0,NULL,,NULL,NULL,NULL,NULL,1,0,,New Jersey (EWR),NULL,NULL,NULL
2175,2025-02-12 00:00:00.000,INQ1020644,"COMPUTER RECYCLERS USA, LLC",NULL,None,None,NULL,By Email,NULL,Auto Generated,NULL,NULL,NULL,NULL,NULL,0,NULL,2025-02-12 19:08:39.447,NULL,0,NULL,NULL,NULL,NULL,NULL,NULL,NULL,NULL,Ocean Export,1,NULL,NULL,0,NULL,,NULL,NULL,NULL,NULL,1,0,,New Jersey (EWR),NULL,NULL,NULL
2177,2025-02-13 00:00:00.000,INQ1020656,Blair Rubber,NULL,None,None,NULL,By Email,NULL,Auto Generated,NULL,NULL,NULL,NULL,NULL,0,NULL,2025-02-13 16:35:52.040,NULL,0,NULL,NULL,NULL,NULL,NULL,NULL,NULL,NULL,Ocean Export,1,NULL,NULL,0,NULL,,NULL,NULL,NULL,NULL,1,0,,New Jersey (EWR),NULL,NULL,NULL
2178,2025-02-13 00:00:00.000,INQ1020657,Beauty Source Int'l Ltd,NULL,None,None,NULL,By Email,NULL,Auto Generated,NULL,NULL,NULL,NULL,NULL,0,NULL,2025-02-13 16:42:04.483,NULL,0,NULL,NULL,NULL,NULL,NULL,NULL,NULL,NULL,Ocean Export,1,NULL,NULL,0,NULL,,NULL,NULL,NULL,NULL,1,0,,New Jersey (EWR),NULL,NULL,NULL
2179,2025-02-13 00:00:00.000,INQ1020658,ALOMOUR AUTO SALES,NULL,None,None,NULL,By Email,NULL,Auto Generated,NULL,NULL,NULL,NULL,NULL,0,NULL,2025-02-13 17:05:30.940,NULL,0,NULL,NULL,NULL,NULL,NULL,NULL,NULL,NULL,Ocean Export,1,NULL,NULL,0,NULL,,NULL,NULL,NULL,NULL,1,0,,New Jersey (EWR),NULL,NULL,NULL
2180,2025-02-13 00:00:00.000,INQ1020659,ABNG INTERNATIONAL,NULL,None,None,NULL,By Email,NULL,Auto Generated,NULL,NULL,NULL,NULL,NULL,0,NULL,2025-02-13 17:10:17.993,NULL,0,NULL,NULL,NULL,NULL,NULL,NULL,NULL,NULL,Ocean Export,1,NULL,NULL,0,NULL,,NULL,NULL,NULL,NULL,1,0,,New Jersey (EWR),NULL,NULL,NULL
2181,2025-02-13 00:00:00.000,INQ1020660,99C Only Stores,NULL,None,None,NULL,By Email,NULL,Auto Generated,NULL,NULL,NULL,NULL,NULL,0,NULL,2025-02-13 17:12:21.667,NULL,0,NULL,NULL,NULL,NULL,NULL,NULL,NULL,NULL,Ocean Export,1,NULL,NULL,0,NULL,,NULL,NULL,NULL,NULL,1,0,,New Jersey (EWR),NULL,NULL,NULL
2182,2025-02-13 00:00:00.000,INQ1020661,3P Global Resources llc,NULL,None,None,NULL,By Email,NULL,Auto Generated,NULL,NULL,NULL,NULL,NULL,0,NULL,2025-02-13 17:19:53.983,NULL,0,NULL,NULL,NULL,NULL,NULL,NULL,NULL,NULL,Ocean Export,1,NULL,NULL,0,NULL,,NULL,NULL,NULL,NULL,1,0,,New Jersey (EWR),NULL,NULL,NULL
2183,2025-02-14 00:00:00.000,INQ1020666,TVM GLOBAL Forwarding & Logistics L.L.C.,NULL,None,None,NULL,By Email,NULL,Auto Generated,NULL,NULL,NULL,NULL,NULL,0,NULL,2025-02-14 21:46:24.323,NULL,0,NULL,NULL,NULL,NULL,NULL,NULL,NULL,NULL,Ocean Export,1,NULL,NULL,0,NULL,,NULL,NULL,NULL,NULL,1,0,,New Jersey (EWR),NULL,NULL,NULL
2184,2025-02-14 00:00:00.000,INQ1020667,TVM GLOBAL Forwarding & Logistics L.L.C.,NULL,None,None,NULL,By Email,NULL,Auto Generated,NULL,NULL,NULL,NULL,NULL,0,NULL,2025-02-14 21:48:38.793,NULL,0,NULL,NULL,NULL,NULL,NULL,NULL,NULL,NULL,Ocean Export,1,NULL,NULL,0,NULL,,NULL,NULL,NULL,NULL,1,0,,New Jersey (EWR),NULL,NULL,NULL
2185,2025-02-14 00:00:00.000,INQ1020668,Tritools Machinery Pvt. Ltd.,NULL,None,None,NULL,By Email,NULL,Auto Generated,NULL,NULL,NULL,NULL,NULL,0,NULL,2025-02-14 21:56:59.960,NULL,0,NULL,NULL,NULL,NULL,NULL,NULL,NULL,NULL,Ocean Export,1,NULL,NULL,0,NULL,,NULL,NULL,NULL,NULL,1,0,,BHOPAL (BHO),NULL,NULL,NULL
2186,2025-02-16 00:00:00.000,INQ1020669,"North East Knitting, Inc.",NULL,None,None,NULL,By Email,NULL,Auto Generated,NULL,NULL,NULL,NULL,NULL,0,NULL,2025-02-16 22:48:43.897,NULL,0,NULL,NULL,NULL,NULL,NULL,NULL,NULL,NULL,Ocean Export,1,NULL,NULL,0,NULL,,NULL,NULL,NULL,NULL,1,0,,New Jersey (EWR),NULL,NULL,NULL
2187,2025-02-19 00:00:00.000,INQ1020683,Timberline Forest Products,NULL,None,None,NULL,By Email,NULL,Auto Generated,NULL,NULL,NULL,NULL,NULL,0,NULL,2025-02-19 00:12:26.900,NULL,0,NULL,NULL,NULL,NULL,NULL,NULL,NULL,NULL,Ocean Export,1,NULL,NULL,0,NULL,,NULL,NULL,NULL,NULL,1,0,,New Jersey (EWR),NULL,NULL,NULL
2188,2025-02-19 00:00:00.000,INQ1020685,LKQ Automotive Core Services,NULL,None,None,NULL,By Email,NULL,Auto Generated,NULL,NULL,NULL,NULL,NULL,0,NULL,2025-02-19 11:35:36.507,NULL,0,NULL,NULL,NULL,NULL,NULL,NULL,NULL,NULL,Ocean Export,1,NULL,NULL,0,NULL,,NULL,NULL,NULL,NULL,1,0,,Inside Sales Group,NULL,NULL,NULL
2189,2025-02-19 00:00:00.000,INQ1020686,SYSTEMS EGYPT,NULL,None,None,NULL,By Email,NULL,Auto Generated,NULL,NULL,NULL,NULL,NULL,0,NULL,2025-02-19 12:07:36.470,NULL,0,NULL,NULL,NULL,NULL,NULL,NULL,NULL,NULL,Ocean Export,1,NULL,NULL,0,NULL,,NULL,NULL,NULL,NULL,1,0,,Inside Sales Group,NULL,NULL,NULL
2190,2025-02-19 00:00:00.000,INQ1020687,Fire Hose Supply LLC,NULL,None,None,NULL,By Email,NULL,Auto Generated,NULL,NULL,NULL,NULL,NULL,0,NULL,2025-02-19 12:21:52.940,NULL,0,NULL,NULL,NULL,NULL,NULL,NULL,NULL,NULL,Ocean Export,1,NULL,NULL,0,NULL,,NULL,NULL,NULL,NULL,1,0,,Inside Sales Group,NULL,NULL,NULL
2191,2025-02-19 00:00:00.000,INQ1020688,AL SHAIKH INTERNATIONAL LIMITED COMPANY,NULL,None,None,NULL,By Email,NULL,Auto Generated,NULL,NULL,NULL,NULL,NULL,0,NULL,2025-02-19 12:29:31.960,NULL,0,NULL,NULL,NULL,NULL,NULL,NULL,NULL,NULL,Ocean Export,1,NULL,NULL,0,NULL,,NULL,NULL,NULL,NULL,1,0,,Inside Sales Group,NULL,NULL,NULL
2192,2025-02-19 00:00:00.000,INQ1020689,Aissol - Advanced Industrial Safety Solutions,NULL,None,None,NULL,By Email,NULL,Auto Generated,NULL,NULL,NULL,NULL,NULL,0,NULL,2025-02-19 16:39:32.690,NULL,0,NULL,NULL,NULL,NULL,NULL,NULL,NULL,NULL,Ocean Export,1,NULL,NULL,0,NULL,,NULL,NULL,NULL,NULL,1,0,,Inside Sales Group,NULL,NULL,NULL
2193,2025-02-19 00:00:00.000,INQ1020690,RV Travel Trailer,NULL,None,None,NULL,By Email,NULL,Auto Generated,NULL,NULL,NULL,NULL,NULL,0,NULL,2025-02-19 17:20:39.710,NULL,0,NULL,NULL,NULL,NULL,NULL,NULL,NULL,NULL,Ocean Export,1,NULL,NULL,0,NULL,,NULL,NULL,NULL,NULL,1,0,,Inside Sales Group,NULL,NULL,NULL
2194,2025-02-21 00:00:00.000,INQ1020692,CLINICA HEADS,NULL,None,None,NULL,By Email,NULL,Auto Generated,NULL,NULL,NULL,NULL,NULL,0,NULL,2025-02-21 13:34:02.050,NULL,0,NULL,NULL,NULL,NULL,NULL,NULL,NULL,NULL,Ocean Export,1,NULL,NULL,0,NULL,,NULL,NULL,NULL,NULL,1,0,,New Jersey (EWR),NULL,NULL,NULL
2195,2025-03-04 00:00:00.000,INQ1020713,Mr. Ramez,NULL,None,None,NULL,By Email,NULL,Auto Generated,NULL,NULL,NULL,NULL,NULL,0,NULL,2025-03-04 17:29:36.130,NULL,0,NULL,NULL,NULL,NULL,NULL,NULL,NULL,NULL,Ocean Export,1,NULL,NULL,0,NULL,,NULL,NULL,NULL,NULL,1,0,,New Jersey (EWR),NULL,NULL,NULL
2196,2025-03-04 00:00:00.000,INQ1020714,Mr. Samir AlKavbouni,NULL,None,None,NULL,By Email,NULL,Auto Generated,NULL,NULL,NULL,NULL,NULL,0,NULL,2025-03-04 17:31:16.027,NULL,0,NULL,NULL,NULL,NULL,NULL,NULL,NULL,NULL,Ocean Export,1,NULL,NULL,0,NULL,,NULL,NULL,NULL,NULL,1,0,,New Jersey (EWR),NULL,NULL,NULL
2197,2025-03-04 00:00:00.000,INQ1020715,"Paige Electric Co, LP",NULL,None,None,NULL,By Email,NULL,Auto Generated,NULL,NULL,NULL,NULL,NULL,0,NULL,2025-03-04 17:32:22.207,NULL,1,NULL,NULL,NULL,NULL,NULL,NULL,NULL,NULL,Ocean Export,1,NULL,NULL,0,NULL,,duplicate,NULL,NULL,NULL,1,0,,New Jersey (EWR),NULL,NULL,NULL
2198,2025-03-04 00:00:00.000,INQ1020716,ROHR SYSTEMS INC/CPU INC,NULL,None,None,NULL,By Email,NULL,Auto Generated,NULL,NULL,NULL,NULL,NULL,0,NULL,2025-03-04 17:33:28.133,NULL,0,NULL,NULL,NULL,NULL,NULL,NULL,NULL,NULL,Ocean Export,1,NULL,NULL,0,NULL,,NULL,NULL,NULL,NULL,1,0,,New Jersey (EWR),NULL,NULL,NULL
2199,2025-03-04 00:00:00.000,INQ1020717,Roysons Corp,NULL,None,None,NULL,By Email,NULL,Auto Generated,NULL,NULL,NULL,NULL,NULL,0,NULL,2025-03-04 17:34:15.890,NULL,0,NULL,NULL,NULL,NULL,NULL,NULL,NULL,NULL,Ocean Export,1,NULL,NULL,0,NULL,,NULL,NULL,NULL,NULL,1,0,,New Jersey (EWR),NULL,NULL,NULL
2200,2025-03-04 00:00:00.000,INQ1020718,Southeastern Equipment Corp,NULL,None,None,NULL,By Email,NULL,Auto Generated,NULL,NULL,NULL,NULL,NULL,0,NULL,2025-03-04 17:36:54.153,NULL,0,NULL,NULL,NULL,NULL,NULL,NULL,NULL,NULL,Ocean Export,1,NULL,NULL,0,NULL,,NULL,NULL,NULL,NULL,1,0,,New Jersey (EWR),NULL,NULL,NULL
2201,2025-03-05 00:00:00.000,INQ1020719,AALY ALKHLEJ COMPANY,NULL,None,None,NULL,By Email,NULL,Auto Generated,NULL,NULL,NULL,NULL,NULL,0,NULL,2025-03-05 09:29:55.073,NULL,0,NULL,NULL,NULL,NULL,NULL,NULL,NULL,NULL,Ocean Export,1,NULL,NULL,0,NULL,,NULL,NULL,NULL,NULL,1,0,,Sales & Marketing,NULL,NULL,NULL
2202,2025-03-05 00:00:00.000,INQ1020720,A.P LOGISTICS PTE LTD.,NULL,None,None,NULL,By Email,NULL,Auto Generated,NULL,NULL,NULL,NULL,NULL,0,NULL,2025-03-05 09:33:29.480,NULL,0,NULL,NULL,NULL,NULL,NULL,NULL,NULL,NULL,Ocean Export,1,NULL,NULL,0,NULL,,NULL,NULL,NULL,NULL,1,0,,Sales & Marketing,NULL,NULL,NULL
2203,2025-03-05 00:00:00.000,INQ1020722,IMC,NULL,None,None,NULL,By Email,NULL,Auto Generated,NULL,NULL,NULL,NULL,NULL,0,NULL,2025-03-05 10:47:35.950,NULL,0,NULL,NULL,NULL,NULL,NULL,NULL,NULL,NULL,Ocean Export,1,NULL,NULL,0,NULL,,NULL,NULL,NULL,NULL,1,0,,MUMBAI (MUM),NULL,NULL,NULL
2204,2025-03-05 00:00:00.000,INQ1020728,Amell Cargo & Courier 1111,NULL,None,None,NULL,By Email,NULL,Auto Generated,NULL,NULL,NULL,NULL,NULL,0,NULL,2025-03-05 12:58:01.820,NULL,1,NULL,NULL,NULL,NULL,NULL,NULL,NULL,NULL,Ocean Export,1,NULL,NULL,0,NULL,,duplicate,NULL,NULL,NULL,1,0,,Sales & Marketing,NULL,NULL,NULL
2205,2025-03-05 00:00:00.000,INQ1020729,Amell Cargo & Courier 1111,NULL,None,None,NULL,By Email,NULL,Auto Generated,NULL,NULL,NULL,NULL,NULL,0,NULL,2025-03-05 12:58:44.177,NULL,1,NULL,NULL,NULL,NULL,NULL,NULL,NULL,NULL,Ocean Export,1,NULL,NULL,0,NULL,,duplicate,NULL,NULL,NULL,1,0,,Sales & Marketing,NULL,NULL,NULL
2206,2025-03-05 00:00:00.000,INQ1020730,AJ’s Computers,NULL,None,None,NULL,By Email,NULL,Auto Generated,NULL,NULL,NULL,NULL,NULL,0,NULL,2025-03-05 13:08:35.013,NULL,1,NULL,NULL,NULL,NULL,NULL,NULL,NULL,NULL,Ocean Export,1,NULL,NULL,0,NULL,,duplicate,NULL,NULL,NULL,1,0,,Sales & Marketing,NULL,NULL,NULL
2207,2025-03-05 00:00:00.000,INQ1020731,AJ’s Computers,NULL,None,None,NULL,By Email,NULL,Auto Generated,NULL,NULL,NULL,NULL,NULL,0,NULL,2025-03-05 13:08:41.993,NULL,1,NULL,NULL,NULL,NULL,NULL,NULL,NULL,NULL,Ocean Export,1,NULL,NULL,0,NULL,,duplicate,NULL,NULL,NULL,1,0,,Sales & Marketing,NULL,NULL,NULL
2208,2025-03-05 00:00:00.000,INQ1020732,AJ’s Computers,NULL,None,None,NULL,By Email,NULL,Auto Generated,NULL,NULL,NULL,NULL,NULL,0,NULL,2025-03-05 13:08:45.100,NULL,0,NULL,NULL,NULL,NULL,NULL,NULL,NULL,NULL,Ocean Export,1,NULL,NULL,0,NULL,,NULL,NULL,NULL,NULL,1,0,,Sales & Marketing,NULL,NULL,NULL
2209,2025-03-05 00:00:00.000,INQ1020737,American for all computer service,NULL,None,None,NULL,By Email,NULL,Auto Generated,NULL,NULL,NULL,NULL,NULL,0,NULL,2025-03-05 14:53:28.540,NULL,0,NULL,NULL,NULL,NULL,NULL,NULL,NULL,NULL,Ocean Export,1,NULL,NULL,0,NULL,,NULL,NULL,NULL,NULL,1,0,,Sales & Marketing,NULL,NULL,NULL
2210,2025-03-05 00:00:00.000,INQ1020738,"Asset Recovery Specialists, Inc.",NULL,None,None,NULL,By Email,NULL,Auto Generated,NULL,NULL,NULL,NULL,NULL,0,NULL,2025-03-05 14:57:07.890,2025-04-02 10:34:34.187,0,NULL,NULL,NULL,NULL,NULL,NULL,NULL,NULL,Ocean Export,1,NULL,NULL,0,NULL,,NULL,NULL,NULL,NULL,1,0,,Sales & Marketing,NULL,NULL,NULL
2211,2025-03-05 00:00:00.000,INQ1020739,AUTO ADVENTURE,NULL,None,None,NULL,By Email,NULL,Auto Generated,NULL,NULL,NULL,NULL,NULL,0,NULL,2025-03-05 16:52:10.163,NULL,0,NULL,NULL,NULL,NULL,NULL,NULL,NULL,NULL,Ocean Export,1,NULL,NULL,0,NULL,,NULL,NULL,NULL,NULL,1,0,,Sales & Marketing,NULL,NULL,NULL
2212,2025-03-06 00:00:00.000,INQ1020740,ROHR SYSTEMS INC/CPU INC,NULL,None,None,NULL,By Email,NULL,Auto Generated,NULL,NULL,NULL,NULL,NULL,0,NULL,2025-03-06 03:44:36.057,NULL,0,NULL,NULL,NULL,NULL,NULL,NULL,NULL,NULL,Ocean Export,1,NULL,NULL,0,NULL,,NULL,NULL,NULL,NULL,1,0,,New Jersey (EWR),NULL,NULL,NULL
2213,2025-03-06 00:00:00.000,INQ1020741,Roysons Corp,NULL,None,None,NULL,By Email,NULL,Auto Generated,NULL,NULL,NULL,NULL,NULL,0,NULL,2025-03-06 03:44:57.263,NULL,0,NULL,NULL,NULL,NULL,NULL,NULL,NULL,NULL,Ocean Export,1,NULL,NULL,0,NULL,,NULL,NULL,NULL,NULL,1,0,,New Jersey (EWR),NULL,NULL,NULL
2214,2025-03-06 00:00:00.000,INQ1020742,"Hatch & Kirk, Inc",NULL,None,None,NULL,By Email,NULL,Auto Generated,NULL,NULL,NULL,NULL,NULL,0,NULL,2025-03-06 03:46:04.623,NULL,0,NULL,NULL,NULL,NULL,NULL,NULL,NULL,NULL,Ocean Export,1,NULL,NULL,0,NULL,,NULL,NULL,NULL,NULL,1,0,,New Jersey (EWR),NULL,NULL,NULL
2215,2025-03-06 00:00:00.000,INQ1020743,"NOTRAX USA, INC.",NULL,None,None,NULL,By Email,NULL,Auto Generated,NULL,NULL,NULL,NULL,NULL,0,NULL,2025-03-06 03:47:27.327,NULL,0,NULL,NULL,NULL,NULL,NULL,NULL,NULL,NULL,Ocean Export,1,NULL,NULL,0,NULL,,NULL,NULL,NULL,NULL,1,0,,New Jersey (EWR),NULL,NULL,NULL
2216,2025-03-06 00:00:00.000,INQ1020744,Nelson Manufacturing Company,NULL,None,None,NULL,By Email,NULL,Auto Generated,NULL,NULL,NULL,NULL,NULL,0,NULL,2025-03-06 03:48:02.110,NULL,0,NULL,NULL,NULL,NULL,NULL,NULL,NULL,NULL,Ocean Export,1,NULL,NULL,0,NULL,,NULL,NULL,NULL,NULL,1,0,,New Jersey (EWR),NULL,NULL,NULL
2217,2025-03-06 00:00:00.000,INQ1020745,Nantong Lida International Transportation Agency C,NULL,None,None,NULL,By Email,NULL,Auto Generated,NULL,NULL,NULL,NULL,NULL,0,NULL,2025-03-06 03:48:45.173,NULL,0,NULL,NULL,NULL,NULL,NULL,NULL,NULL,NULL,Ocean Export,1,NULL,NULL,0,NULL,,NULL,NULL,NULL,NULL,1,0,,New Jersey (EWR),NULL,NULL,NULL
2218,2025-03-06 00:00:00.000,INQ1020746,Cibo Vita Inc.,NULL,None,None,NULL,By Email,NULL,Auto Generated,NULL,NULL,NULL,NULL,NULL,0,NULL,2025-03-06 03:49:03.870,NULL,0,NULL,NULL,NULL,NULL,NULL,NULL,NULL,NULL,Ocean Export,1,NULL,NULL,0,NULL,,NULL,NULL,NULL,NULL,1,0,,New Jersey (EWR),NULL,NULL,NULL
2219,2025-03-06 00:00:00.000,INQ1020747,"NAC Carbon Products, Inc.",NULL,None,None,NULL,By Email,NULL,Auto Generated,NULL,NULL,NULL,NULL,NULL,0,NULL,2025-03-06 03:50:03.553,NULL,0,NULL,NULL,NULL,NULL,NULL,NULL,NULL,NULL,Ocean Export,1,NULL,NULL,0,NULL,,NULL,NULL,NULL,NULL,1,0,,New Jersey (EWR),NULL,NULL,NULL
2220,2025-03-06 00:00:00.000,INQ1020748,RAYMOND CORPORATION,NULL,None,None,NULL,By Email,NULL,Auto Generated,NULL,NULL,NULL,NULL,NULL,0,NULL,2025-03-06 03:50:31.390,NULL,0,NULL,NULL,NULL,NULL,NULL,NULL,NULL,NULL,Ocean Export,1,NULL,NULL,0,NULL,,NULL,NULL,NULL,NULL,1,0,,New Jersey (EWR),NULL,NULL,NULL
2221,2025-03-06 00:00:00.000,INQ1020749,MW Components,NULL,None,None,NULL,By Email,NULL,Auto Generated,NULL,NULL,NULL,NULL,NULL,0,NULL,2025-03-06 03:50:50.863,NULL,0,NULL,NULL,NULL,NULL,NULL,NULL,NULL,NULL,Ocean Export,1,NULL,NULL,0,NULL,,NULL,NULL,NULL,NULL,1,0,,New Jersey (EWR),NULL,NULL,NULL
2222,2025-03-06 00:00:00.000,INQ1020750,MW Components,NULL,None,None,NULL,By Email,NULL,Auto Generated,NULL,NULL,NULL,NULL,NULL,0,NULL,2025-03-06 03:50:50.960,NULL,0,NULL,NULL,NULL,NULL,NULL,NULL,NULL,NULL,Ocean Export,1,NULL,NULL,0,NULL,,NULL,NULL,NULL,NULL,1,0,,New Jersey (EWR),NULL,NULL,NULL
2223,2025-03-06 00:00:00.000,INQ1020751,LAYLA Transportation and Trading Inc,NULL,None,None,NULL,By Email,NULL,Auto Generated,NULL,NULL,NULL,NULL,NULL,0,NULL,2025-03-06 03:53:49.787,NULL,0,NULL,NULL,NULL,NULL,NULL,NULL,NULL,NULL,Ocean Export,1,NULL,NULL,0,NULL,,NULL,NULL,NULL,NULL,1,0,,New Jersey (EWR),NULL,NULL,NULL
2224,2025-03-06 00:00:00.000,INQ1020752,PRIMACY Group of Companies,NULL,None,None,NULL,By Email,NULL,Auto Generated,NULL,NULL,NULL,NULL,NULL,0,NULL,2025-03-06 03:54:19.133,NULL,0,NULL,NULL,NULL,NULL,NULL,NULL,NULL,NULL,Ocean Export,1,NULL,NULL,0,NULL,,NULL,NULL,NULL,NULL,1,0,,New Jersey (EWR),NULL,NULL,NULL
2225,2025-03-06 00:00:00.000,INQ1020753,Mr. Mohamed,NULL,None,None,NULL,By Email,NULL,Auto Generated,NULL,NULL,NULL,NULL,NULL,0,NULL,2025-03-06 03:55:05.497,NULL,0,NULL,NULL,NULL,NULL,NULL,NULL,NULL,NULL,Ocean Export,1,NULL,NULL,0,NULL,,NULL,NULL,NULL,NULL,1,0,,New Jersey (EWR),NULL,NULL,NULL
2226,2025-03-06 00:00:00.000,INQ1020754,Mr. Alaa Rashad,NULL,None,None,NULL,By Email,NULL,Auto Generated,NULL,NULL,NULL,NULL,NULL,0,NULL,2025-03-06 03:55:32.527,NULL,0,NULL,NULL,NULL,NULL,NULL,NULL,NULL,NULL,Ocean Export,1,NULL,NULL,0,NULL,,NULL,NULL,NULL,NULL,1,0,,New Jersey (EWR),NULL,NULL,NULL
2227,2025-03-06 00:00:00.000,INQ1020755,Motive Equipment Inc.,NULL,None,None,NULL,By Email,NULL,Auto Generated,NULL,NULL,NULL,NULL,NULL,0,NULL,2025-03-06 03:56:05.320,NULL,0,NULL,NULL,NULL,NULL,NULL,NULL,NULL,NULL,Ocean Export,1,NULL,NULL,0,NULL,,NULL,NULL,NULL,NULL,1,0,,New Jersey (EWR),NULL,NULL,NULL
2228,2025-03-06 00:00:00.000,INQ1020756,MOSES B. GLICK LLC,NULL,None,None,NULL,By Email,NULL,Auto Generated,NULL,NULL,NULL,NULL,NULL,0,NULL,2025-03-06 04:02:42.310,NULL,0,NULL,NULL,NULL,NULL,NULL,NULL,NULL,NULL,Ocean Export,1,NULL,NULL,0,NULL,,NULL,NULL,NULL,NULL,1,0,,New Jersey (EWR),NULL,NULL,NULL
2229,2025-03-06 00:00:00.000,INQ1020757,JBT AeroTech,NULL,None,None,NULL,By Email,NULL,Auto Generated,NULL,NULL,NULL,NULL,NULL,0,NULL,2025-03-06 04:03:41.833,NULL,0,NULL,NULL,NULL,NULL,NULL,NULL,NULL,NULL,Ocean Export,1,NULL,NULL,0,NULL,,NULL,NULL,NULL,NULL,1,0,,New Jersey (EWR),NULL,NULL,NULL
2230,2025-03-06 00:00:00.000,INQ1020758,Elgin Sweeper Co,NULL,None,None,NULL,By Email,NULL,Auto Generated,NULL,NULL,NULL,NULL,NULL,0,NULL,2025-03-06 04:04:16.137,NULL,0,NULL,NULL,NULL,NULL,NULL,NULL,NULL,NULL,Ocean Export,1,NULL,NULL,0,NULL,,NULL,NULL,NULL,NULL,1,0,,New Jersey (EWR),NULL,NULL,NULL
2231,2025-03-06 00:00:00.000,INQ1020759,MK Battery,NULL,None,None,NULL,By Email,NULL,Auto Generated,NULL,NULL,NULL,NULL,NULL,0,NULL,2025-03-06 04:04:37.760,NULL,0,NULL,NULL,NULL,NULL,NULL,NULL,NULL,NULL,Ocean Export,1,NULL,NULL,0,NULL,,NULL,NULL,NULL,NULL,1,0,,New Jersey (EWR),NULL,NULL,NULL
2232,2025-03-06 00:00:00.000,INQ1020760,International Feed Corporation,NULL,None,None,NULL,By Email,NULL,Auto Generated,NULL,NULL,NULL,NULL,NULL,0,NULL,2025-03-06 04:05:05.093,NULL,0,NULL,NULL,NULL,NULL,NULL,NULL,NULL,NULL,Ocean Export,1,NULL,NULL,0,NULL,,NULL,NULL,NULL,NULL,1,0,,New Jersey (EWR),NULL,NULL,NULL
2233,2025-03-06 00:00:00.000,INQ1020761,"Milwhite, Inc.",NULL,None,None,NULL,By Email,NULL,Auto Generated,NULL,NULL,NULL,NULL,NULL,0,NULL,2025-03-06 04:05:24.833,NULL,1,NULL,NULL,NULL,NULL,NULL,NULL,NULL,NULL,Ocean Export,1,NULL,NULL,0,NULL,,duplicate,NULL,NULL,NULL,1,0,,New Jersey (EWR),NULL,NULL,NULL
2234,2025-03-06 00:00:00.000,INQ1020762,"Milwhite, Inc.",NULL,None,None,NULL,By Email,NULL,Auto Generated,NULL,NULL,NULL,NULL,NULL,0,NULL,2025-03-06 04:05:27.090,NULL,1,NULL,NULL,NULL,NULL,NULL,NULL,NULL,NULL,Ocean Export,1,NULL,NULL,0,NULL,,duplicate,NULL,NULL,NULL,1,0,,New Jersey (EWR),NULL,NULL,NULL
2235,2025-03-06 00:00:00.000,INQ1020763,Md Turbines Logistics Inc,NULL,None,None,NULL,By Email,NULL,Auto Generated,NULL,NULL,NULL,NULL,NULL,0,NULL,2025-03-06 04:06:11.180,NULL,0,NULL,NULL,NULL,NULL,NULL,NULL,NULL,NULL,Ocean Export,1,NULL,NULL,0,NULL,,NULL,NULL,NULL,NULL,1,0,,New Jersey (EWR),NULL,NULL,NULL
2236,2025-03-06 00:00:00.000,INQ1020764,MIDSUN GROUP,NULL,None,None,NULL,By Email,NULL,Auto Generated,NULL,NULL,NULL,NULL,NULL,0,NULL,2025-03-06 04:06:29.583,NULL,0,NULL,NULL,NULL,NULL,NULL,NULL,NULL,NULL,Ocean Export,1,NULL,NULL,0,NULL,,NULL,NULL,NULL,NULL,1,0,,New Jersey (EWR),NULL,NULL,NULL
2237,2025-03-06 00:00:00.000,INQ1020765,"ESSAAR, INC.",NULL,None,None,NULL,By Email,NULL,Auto Generated,NULL,NULL,NULL,NULL,NULL,0,NULL,2025-03-06 04:07:56.020,NULL,0,NULL,NULL,NULL,NULL,NULL,NULL,NULL,NULL,Ocean Export,1,NULL,NULL,0,NULL,,NULL,NULL,NULL,NULL,1,0,,New Jersey (EWR),NULL,NULL,NULL
2238,2025-03-06 00:00:00.000,INQ1020766,BD and Company,NULL,None,None,NULL,By Email,NULL,Auto Generated,NULL,NULL,NULL,NULL,NULL,0,NULL,2025-03-06 04:08:52.470,NULL,0,NULL,NULL,NULL,NULL,NULL,NULL,NULL,NULL,Ocean Export,1,NULL,NULL,0,NULL,,NULL,NULL,NULL,NULL,1,0,,New Jersey (EWR),NULL,NULL,NULL
2239,2025-03-06 00:00:00.000,INQ1020767,"Loresco International , Inc",NULL,None,None,NULL,By Email,NULL,Auto Generated,NULL,NULL,NULL,NULL,NULL,0,NULL,2025-03-06 04:09:13.797,NULL,0,NULL,NULL,NULL,NULL,NULL,NULL,NULL,NULL,Ocean Export,1,NULL,NULL,0,NULL,,NULL,NULL,NULL,NULL,1,0,,New Jersey (EWR),NULL,NULL,NULL
2240,2025-03-06 00:00:00.000,INQ1020768,ICELANDIRECT,NULL,None,None,NULL,By Email,NULL,Auto Generated,NULL,NULL,NULL,NULL,NULL,0,NULL,2025-03-06 04:09:36.327,NULL,0,NULL,NULL,NULL,NULL,NULL,NULL,NULL,NULL,Ocean Export,1,NULL,NULL,0,NULL,,NULL,NULL,NULL,NULL,1,0,,New Jersey (EWR),NULL,NULL,NULL
2241,2025-03-06 00:00:00.000,INQ1020769,SIRUI Imaging,NULL,None,None,NULL,By Email,NULL,Auto Generated,NULL,NULL,NULL,NULL,NULL,0,NULL,2025-03-06 04:10:19.550,NULL,0,NULL,NULL,NULL,NULL,NULL,NULL,NULL,NULL,Ocean Export,1,NULL,NULL,0,NULL,,NULL,NULL,NULL,NULL,1,0,,New Jersey (EWR),NULL,NULL,NULL
2242,2025-03-06 00:00:00.000,INQ1020770,Bishop International Inc,NULL,None,None,NULL,By Email,NULL,Auto Generated,NULL,NULL,NULL,NULL,NULL,0,NULL,2025-03-06 04:10:35.947,NULL,0,NULL,NULL,NULL,NULL,NULL,NULL,NULL,NULL,Ocean Export,1,NULL,NULL,0,NULL,,NULL,NULL,NULL,NULL,1,0,,New Jersey (EWR),NULL,NULL,NULL
2243,2025-03-06 00:00:00.000,INQ1020771,Midwest Bale Ties,NULL,None,None,NULL,By Email,NULL,Auto Generated,NULL,NULL,NULL,NULL,NULL,0,NULL,2025-03-06 04:13:00.560,NULL,0,NULL,NULL,NULL,NULL,NULL,NULL,NULL,NULL,Ocean Export,1,NULL,NULL,0,NULL,,NULL,NULL,NULL,NULL,1,0,,New Jersey (EWR),NULL,NULL,NULL
2244,2025-03-06 00:00:00.000,INQ1020772,CITY FREIGHT CO.,NULL,None,None,NULL,By Email,NULL,Auto Generated,NULL,NULL,NULL,NULL,NULL,0,NULL,2025-03-06 12:10:38.417,NULL,0,NULL,NULL,NULL,NULL,NULL,NULL,NULL,NULL,Ocean Export,1,NULL,NULL,0,NULL,,NULL,NULL,NULL,NULL,1,0,,Sales & Marketing,NULL,NULL,NULL
2245,2025-03-06 00:00:00.000,INQ1020773,CSI Water Treatment,NULL,None,None,NULL,By Email,NULL,Auto Generated,NULL,NULL,NULL,NULL,NULL,0,NULL,2025-03-06 12:12:46.003,NULL,0,NULL,NULL,NULL,NULL,NULL,NULL,NULL,NULL,Ocean Export,1,NULL,NULL,0,NULL,,NULL,NULL,NULL,NULL,1,0,,New Jersey (EWR),NULL,NULL,NULL
2246,2025-03-06 00:00:00.000,INQ1020774,State Motor & Control Solutions,NULL,None,None,NULL,By Email,NULL,Auto Generated,NULL,NULL,NULL,NULL,NULL,0,NULL,2025-03-06 12:13:15.527,NULL,0,NULL,NULL,NULL,NULL,NULL,NULL,NULL,NULL,Ocean Export,1,NULL,NULL,0,NULL,,NULL,NULL,NULL,NULL,1,0,,New Jersey (EWR),NULL,NULL,NULL
2247,2025-03-06 00:00:00.000,INQ1020775,Naqleen Company Ltd (BDL),NULL,None,None,NULL,By Email,NULL,Auto Generated,NULL,NULL,NULL,NULL,NULL,0,NULL,2025-03-06 12:15:49.257,NULL,0,NULL,NULL,NULL,NULL,NULL,NULL,NULL,NULL,Ocean Export,1,NULL,NULL,0,NULL,,NULL,NULL,NULL,NULL,1,0,,New Jersey (EWR),NULL,NULL,NULL
2248,2025-03-06 00:00:00.000,INQ1020776,Medscan Terminal Company Ltd,NULL,None,None,NULL,By Email,NULL,Auto Generated,NULL,NULL,NULL,NULL,NULL,0,NULL,2025-03-06 12:17:38.713,NULL,0,NULL,NULL,NULL,NULL,NULL,NULL,NULL,NULL,Ocean Export,1,NULL,NULL,0,NULL,,NULL,NULL,NULL,NULL,1,0,,New Jersey (EWR),NULL,NULL,NULL
2249,2025-03-06 00:00:00.000,INQ1020777,Maya Turkey Tasimacilik Ve Tic.A.S.,NULL,None,None,NULL,By Email,NULL,Auto Generated,NULL,NULL,NULL,NULL,NULL,0,NULL,2025-03-06 12:18:05.970,NULL,0,NULL,NULL,NULL,NULL,NULL,NULL,NULL,NULL,Ocean Export,1,NULL,NULL,0,NULL,,NULL,NULL,NULL,NULL,1,0,,New Jersey (EWR),NULL,NULL,NULL
2250,2025-03-06 00:00:00.000,INQ1020778,MAXWAY FREIGHT SERVICES LLC,NULL,None,None,NULL,By Email,NULL,Auto Generated,NULL,NULL,NULL,NULL,NULL,0,NULL,2025-03-06 12:18:32.227,NULL,0,NULL,NULL,NULL,NULL,NULL,NULL,NULL,NULL,Ocean Export,1,NULL,NULL,0,NULL,,NULL,NULL,NULL,NULL,1,0,,New Jersey (EWR),NULL,NULL,NULL
2251,2025-03-06 00:00:00.000,INQ1020779,Maritsa,NULL,None,None,NULL,By Email,NULL,Auto Generated,NULL,NULL,NULL,NULL,NULL,0,NULL,2025-03-06 12:18:54.473,NULL,0,NULL,NULL,NULL,NULL,NULL,NULL,NULL,NULL,Ocean Export,1,NULL,NULL,0,NULL,,NULL,NULL,NULL,NULL,1,0,,New Jersey (EWR),NULL,NULL,NULL
2252,2025-03-06 00:00:00.000,INQ1020780,Magnet Logistics International,NULL,None,None,NULL,By Email,NULL,Auto Generated,NULL,NULL,NULL,NULL,NULL,0,NULL,2025-03-06 12:19:16.350,NULL,0,NULL,NULL,NULL,NULL,NULL,NULL,NULL,NULL,Ocean Export,1,NULL,NULL,0,NULL,,NULL,NULL,NULL,NULL,1,0,,New Jersey (EWR),NULL,NULL,NULL
2253,2025-03-06 00:00:00.000,INQ1020781,LTM Electronics Ltd.,NULL,None,None,NULL,By Email,NULL,Auto Generated,NULL,NULL,NULL,NULL,NULL,0,NULL,2025-03-06 12:20:33.333,NULL,0,NULL,NULL,NULL,NULL,NULL,NULL,NULL,NULL,Ocean Export,1,NULL,NULL,0,NULL,,NULL,NULL,NULL,NULL,1,0,,New Jersey (EWR),NULL,NULL,NULL
2254,2025-03-06 00:00:00.000,INQ1020782,Lords Express Shipping Services LLC,NULL,None,None,NULL,By Email,NULL,Auto Generated,NULL,NULL,NULL,NULL,NULL,0,NULL,2025-03-06 12:20:57.650,NULL,0,NULL,NULL,NULL,NULL,NULL,NULL,NULL,NULL,Ocean Export,1,NULL,NULL,0,NULL,,NULL,NULL,NULL,NULL,1,0,,New Jersey (EWR),NULL,NULL,NULL
2255,2025-03-06 00:00:00.000,INQ1020783,LIM PHANG BOO FORWARDING & SHIPPING CO. SDN BHD,NULL,None,None,NULL,By Email,NULL,Auto Generated,NULL,NULL,NULL,NULL,NULL,0,NULL,2025-03-06 12:21:21.133,NULL,0,NULL,NULL,NULL,NULL,NULL,NULL,NULL,NULL,Ocean Export,1,NULL,NULL,0,NULL,,NULL,NULL,NULL,NULL,1,0,,New Jersey (EWR),NULL,NULL,NULL
2256,2025-03-06 00:00:00.000,INQ1020784,LFM Fiber Glass Structures,NULL,None,None,NULL,By Email,NULL,Auto Generated,NULL,NULL,NULL,NULL,NULL,0,NULL,2025-03-06 12:21:48.410,NULL,0,NULL,NULL,NULL,NULL,NULL,NULL,NULL,NULL,Ocean Export,1,NULL,NULL,0,NULL,,NULL,NULL,NULL,NULL,1,0,,New Jersey (EWR),NULL,NULL,NULL
2257,2025-03-06 00:00:00.000,INQ1020785,Colchoneria Premier de Panama S.A,NULL,None,None,NULL,By Email,NULL,Auto Generated,NULL,NULL,NULL,NULL,NULL,0,NULL,2025-03-06 12:22:41.653,NULL,0,NULL,NULL,NULL,NULL,NULL,NULL,NULL,NULL,Ocean Export,1,NULL,NULL,0,NULL,,NULL,NULL,NULL,NULL,1,0,,Sales & Marketing,NULL,NULL,NULL
2258,2025-03-06 00:00:00.000,INQ1020786,L2T International,NULL,None,None,NULL,By Email,NULL,Auto Generated,NULL,NULL,NULL,NULL,NULL,0,NULL,2025-03-06 12:27:23.733,NULL,0,NULL,NULL,NULL,NULL,NULL,NULL,NULL,NULL,Ocean Export,1,NULL,NULL,0,NULL,,NULL,NULL,NULL,NULL,1,0,,New Jersey (EWR),NULL,NULL,NULL
2259,2025-03-06 00:00:00.000,INQ1020787,Ocean Nutrition,NULL,None,None,NULL,By Email,NULL,Auto Generated,NULL,NULL,NULL,NULL,NULL,0,NULL,2025-03-06 12:28:04.793,NULL,0,NULL,NULL,NULL,NULL,NULL,NULL,NULL,NULL,Ocean Export,1,NULL,NULL,0,NULL,,NULL,NULL,NULL,NULL,1,0,,New Jersey (EWR),NULL,NULL,NULL
2260,2025-03-06 00:00:00.000,INQ1020788,"Johnson Controls, Inc.",NULL,None,None,NULL,By Email,NULL,Auto Generated,NULL,NULL,NULL,NULL,NULL,0,NULL,2025-03-06 12:29:50.527,NULL,0,NULL,NULL,NULL,NULL,NULL,NULL,NULL,NULL,Ocean Export,1,NULL,NULL,0,NULL,,NULL,NULL,NULL,NULL,1,0,,New Jersey (EWR),NULL,NULL,NULL
2261,2025-03-06 00:00:00.000,INQ1020789,My Imports USA LLC,NULL,None,None,NULL,By Email,NULL,Auto Generated,NULL,NULL,NULL,NULL,NULL,0,NULL,2025-03-06 12:30:16.267,NULL,1,NULL,NULL,NULL,NULL,NULL,NULL,NULL,NULL,Ocean Export,1,NULL,NULL,0,NULL,,duplicate,NULL,NULL,NULL,1,0,,New Jersey (EWR),NULL,NULL,NULL
2262,2025-03-06 00:00:00.000,INQ1020790,My Imports USA LLC,NULL,None,None,NULL,By Email,NULL,Auto Generated,NULL,NULL,NULL,NULL,NULL,0,NULL,2025-03-06 12:30:34.777,NULL,1,NULL,NULL,NULL,NULL,NULL,NULL,NULL,NULL,Ocean Export,1,NULL,NULL,0,NULL,,duplicate,NULL,NULL,NULL,1,0,,New Jersey (EWR),NULL,NULL,NULL
2263,2025-03-06 00:00:00.000,INQ1020791,Kargosmart Global Pte. Ltd.,NULL,None,None,NULL,By Email,NULL,Auto Generated,NULL,NULL,NULL,NULL,NULL,0,NULL,2025-03-06 12:31:03.523,NULL,0,NULL,NULL,NULL,NULL,NULL,NULL,NULL,NULL,Ocean Export,1,NULL,NULL,0,NULL,,NULL,NULL,NULL,NULL,1,0,,New Jersey (EWR),NULL,NULL,NULL
2264,2025-03-06 00:00:00.000,INQ1020792,Jd Logistics Sdn Bhd,NULL,None,None,NULL,By Email,NULL,Auto Generated,NULL,NULL,NULL,NULL,NULL,0,NULL,2025-03-06 12:31:29.407,NULL,0,NULL,NULL,NULL,NULL,NULL,NULL,NULL,NULL,Ocean Export,1,NULL,NULL,0,NULL,,NULL,NULL,NULL,NULL,1,0,,New Jersey (EWR),NULL,NULL,NULL
2267,2025-03-06 00:00:00.000,INQ1020795,El Shams for Import,NULL,None,None,NULL,By Email,NULL,Auto Generated,NULL,NULL,NULL,NULL,NULL,0,NULL,2025-03-06 12:48:53.503,NULL,0,NULL,NULL,NULL,NULL,NULL,NULL,NULL,NULL,Ocean Export,1,NULL,NULL,0,NULL,,NULL,NULL,NULL,NULL,1,0,,Sales & Marketing,NULL,NULL,NULL
2268,2025-03-06 00:00:00.000,INQ1020796,WATAN LOGISTICS,NULL,None,None,NULL,By Email,NULL,Auto Generated,NULL,NULL,NULL,NULL,NULL,0,NULL,2025-03-06 12:52:02.613,NULL,0,NULL,NULL,NULL,NULL,NULL,NULL,NULL,NULL,Ocean Export,1,NULL,NULL,0,NULL,,NULL,NULL,NULL,NULL,1,0,,New Jersey (EWR),NULL,NULL,NULL
2269,2025-03-06 00:00:00.000,INQ1020797,VERICHEM LABORATORIES INC.,NULL,None,None,NULL,By Email,NULL,Auto Generated,NULL,NULL,NULL,NULL,NULL,0,NULL,2025-03-06 12:53:41.190,NULL,0,NULL,NULL,NULL,NULL,NULL,NULL,NULL,NULL,Ocean Export,1,NULL,NULL,0,NULL,,NULL,NULL,NULL,NULL,1,0,,New Jersey (EWR),NULL,NULL,NULL
2270,2025-03-06 00:00:00.000,INQ1020798,SURE BIO PHARMACUTICALS AND DIAGNOSTICS,NULL,None,None,NULL,By Email,NULL,Auto Generated,NULL,NULL,NULL,NULL,NULL,0,NULL,2025-03-06 12:54:41.740,NULL,0,NULL,NULL,NULL,NULL,NULL,NULL,NULL,NULL,Ocean Export,1,NULL,NULL,0,NULL,,NULL,NULL,NULL,NULL,1,0,,New Jersey (EWR),NULL,NULL,NULL
2271,2025-03-06 00:00:00.000,INQ1020799,Structured Resource Business Ltd,NULL,None,None,NULL,By Email,NULL,Auto Generated,NULL,NULL,NULL,NULL,NULL,0,NULL,2025-03-06 13:02:13.853,NULL,0,NULL,NULL,NULL,NULL,NULL,NULL,NULL,NULL,Ocean Export,1,NULL,NULL,0,NULL,,NULL,NULL,NULL,NULL,1,0,,New Jersey (EWR),NULL,NULL,NULL
2272,2025-03-06 00:00:00.000,INQ1020801,"Southeast Aerospace, Inc.",NULL,None,None,NULL,By Email,NULL,Auto Generated,NULL,NULL,NULL,NULL,NULL,0,NULL,2025-03-06 13:30:07.850,NULL,0,NULL,NULL,NULL,NULL,NULL,NULL,NULL,NULL,Ocean Export,1,NULL,NULL,0,NULL,,NULL,NULL,NULL,NULL,1,0,,New Jersey (EWR),NULL,NULL,NULL
2273,2025-03-06 00:00:00.000,INQ1020802,"Rhino, Inc.",NULL,None,None,NULL,By Email,NULL,Auto Generated,NULL,NULL,NULL,NULL,NULL,0,NULL,2025-03-06 13:34:01.630,NULL,0,NULL,NULL,NULL,NULL,NULL,NULL,NULL,NULL,Ocean Export,1,NULL,NULL,0,NULL,,NULL,NULL,NULL,NULL,1,0,,New Jersey (EWR),NULL,NULL,NULL
2274,2025-03-06 00:00:00.000,INQ1020803,Hobart Brothers LLC,NULL,None,None,NULL,By Email,NULL,Auto Generated,NULL,NULL,NULL,NULL,NULL,0,NULL,2025-03-06 13:41:54.470,NULL,0,NULL,NULL,NULL,NULL,NULL,NULL,NULL,NULL,Ocean Export,1,NULL,NULL,0,NULL,,NULL,NULL,NULL,NULL,1,0,,New Jersey (EWR),NULL,NULL,NULL
2275,2025-03-06 00:00:00.000,INQ1020804,Hobart Brothers LLC,NULL,None,None,NULL,By Email,NULL,Auto Generated,NULL,NULL,NULL,NULL,NULL,0,NULL,2025-03-06 13:45:44.197,NULL,0,NULL,NULL,NULL,NULL,NULL,NULL,NULL,NULL,Ocean Export,1,NULL,NULL,0,NULL,,NULL,NULL,NULL,NULL,1,0,,New Jersey (EWR),NULL,NULL,NULL
2276,2025-03-06 00:00:00.000,INQ1020805,EASTMAN PERFORMANCE FILMS LLC,NULL,None,None,NULL,By Email,NULL,Auto Generated,NULL,NULL,NULL,NULL,NULL,0,NULL,2025-03-06 13:48:05.213,NULL,0,NULL,NULL,NULL,NULL,NULL,NULL,NULL,NULL,Ocean Export,1,NULL,NULL,0,NULL,,NULL,NULL,NULL,NULL,1,0,,New Jersey (EWR),NULL,NULL,NULL
2277,2025-03-06 00:00:00.000,INQ1020806,"AHC LOGISTICS(XIAMEN) CO.,LTD",NULL,None,None,NULL,By Email,NULL,Auto Generated,NULL,NULL,NULL,NULL,NULL,0,NULL,2025-03-06 13:49:37.887,NULL,0,NULL,NULL,NULL,NULL,NULL,NULL,NULL,NULL,Ocean Export,1,NULL,NULL,0,NULL,,NULL,NULL,NULL,NULL,1,0,,Hamid Hussaini,NULL,NULL,NULL
2278,2025-03-06 00:00:00.000,INQ1020807,Lionel Metuge M,NULL,None,None,NULL,By Email,NULL,Auto Generated,NULL,NULL,NULL,NULL,NULL,0,NULL,2025-03-06 13:56:05.747,NULL,0,NULL,NULL,NULL,NULL,NULL,NULL,NULL,NULL,Ocean Export,1,NULL,NULL,0,NULL,,NULL,NULL,NULL,NULL,1,0,,Sales & Marketing,NULL,NULL,NULL
2279,2025-03-06 00:00:00.000,INQ1020808,Used Parts On Sale,NULL,None,None,NULL,By Email,NULL,Auto Generated,NULL,NULL,NULL,NULL,NULL,0,NULL,2025-03-06 14:07:36.870,NULL,0,NULL,NULL,NULL,NULL,NULL,NULL,NULL,NULL,Ocean Export,1,NULL,NULL,0,NULL,,NULL,NULL,NULL,NULL,1,0,,New Jersey (EWR),NULL,NULL,NULL
2280,2025-03-06 00:00:00.000,INQ1020809,A A NAIL SUPPLY INC,NULL,None,None,NULL,By Email,NULL,Auto Generated,NULL,NULL,NULL,NULL,NULL,0,NULL,2025-03-06 14:26:52.273,NULL,0,NULL,NULL,NULL,NULL,NULL,NULL,NULL,NULL,Ocean Export,1,NULL,NULL,0,NULL,,NULL,NULL,NULL,NULL,1,0,,New Jersey (EWR),NULL,NULL,NULL
2281,2025-03-06 00:00:00.000,INQ1020810,A A OPTICAL CO,NULL,None,None,NULL,By Email,NULL,Auto Generated,NULL,NULL,NULL,NULL,NULL,0,NULL,2025-03-06 14:30:19.190,NULL,0,NULL,NULL,NULL,NULL,NULL,NULL,NULL,NULL,Ocean Export,1,NULL,NULL,0,NULL,,NULL,NULL,NULL,NULL,1,0,,New Jersey (EWR),NULL,NULL,NULL
2282,2025-03-06 00:00:00.000,INQ1020811,AA Restaurant Equipment,NULL,None,None,NULL,By Email,NULL,Auto Generated,NULL,NULL,NULL,NULL,NULL,0,NULL,2025-03-06 14:36:01.013,NULL,0,NULL,NULL,NULL,NULL,NULL,NULL,NULL,NULL,Ocean Export,1,NULL,NULL,0,NULL,,NULL,NULL,NULL,NULL,1,0,,New Jersey (EWR),NULL,NULL,NULL
2283,2025-03-06 00:00:00.000,INQ1020812,A A OPTO ELECTRONICS LTD,NULL,None,None,NULL,By Email,NULL,Auto Generated,NULL,NULL,NULL,NULL,NULL,0,NULL,2025-03-06 15:38:12.760,NULL,0,NULL,NULL,NULL,NULL,NULL,NULL,NULL,NULL,Ocean Export,1,NULL,NULL,0,NULL,,NULL,NULL,NULL,NULL,1,0,,New Jersey (EWR),NULL,NULL,NULL
2284,2025-03-06 00:00:00.000,INQ1020813,EQUIPT,NULL,None,None,NULL,By Email,NULL,"on vacation this week follow up next week
Tim Findling 248-229-8296",NULL,NULL,NULL,NULL,NULL,0,NULL,2025-03-06 16:10:01.027,2025-12-03 13:52:58.660,0,NULL,NULL,NULL,NULL,NULL,NULL,NULL,NULL,Ocean Export,1,NULL,NULL,0,NULL,,NULL,NULL,NULL,NULL,1,0,,Sales & Marketing,NULL,NULL,NULL
2285,2025-03-06 00:00:00.000,INQ1020814,EQUIPT,NULL,None,None,NULL,By Email,NULL,Auto Generated,NULL,NULL,NULL,NULL,NULL,0,NULL,2025-03-06 16:10:16.733,NULL,1,NULL,NULL,NULL,NULL,NULL,NULL,NULL,NULL,Ocean Export,1,NULL,NULL,0,NULL,,Duplicate,NULL,NULL,NULL,1,0,,Sales & Marketing,NULL,NULL,NULL
2286,2025-03-06 00:00:00.000,INQ1020815,EQUIPT,NULL,None,None,NULL,By Email,NULL,Auto Generated,NULL,NULL,NULL,NULL,NULL,0,NULL,2025-03-06 16:10:22.143,NULL,1,NULL,NULL,NULL,NULL,NULL,NULL,NULL,NULL,Ocean Export,1,NULL,NULL,0,NULL,,Duplicate,NULL,NULL,NULL,1,0,,Sales & Marketing,NULL,NULL,NULL
2287,2025-03-06 00:00:00.000,INQ1020817,Tinius Olsen Inc,NULL,None,None,NULL,By Email,NULL,Auto Generated,NULL,NULL,NULL,NULL,NULL,0,NULL,2025-03-06 16:38:07.963,NULL,0,NULL,NULL,NULL,NULL,NULL,NULL,NULL,NULL,Ocean Export,1,NULL,NULL,0,NULL,,NULL,NULL,NULL,NULL,1,0,,Sales & Marketing,NULL,NULL,NULL
2288,2025-03-06 00:00:00.000,INQ1020818,Global Merchandising Corp.,NULL,None,None,NULL,By Email,NULL,Auto Generated,NULL,NULL,NULL,NULL,NULL,0,NULL,2025-03-06 16:50:31.910,NULL,0,NULL,NULL,NULL,NULL,NULL,NULL,NULL,NULL,Ocean Export,1,NULL,NULL,0,NULL,,NULL,NULL,NULL,NULL,1,0,,Sales & Marketing,NULL,NULL,NULL
2289,2025-03-07 00:00:00.000,INQ1020819,Old Wolf Auto Parts,NULL,None,None,NULL,By Email,NULL,Auto Generated,NULL,NULL,NULL,NULL,NULL,0,NULL,2025-03-07 10:37:35.327,NULL,0,NULL,NULL,NULL,NULL,NULL,NULL,NULL,NULL,Ocean Export,1,NULL,NULL,0,NULL,,NULL,NULL,NULL,NULL,1,0,,Sales & Marketing,NULL,NULL,NULL
2290,2025-03-07 00:00:00.000,INQ1020820,PAY LOAD CARGO,NULL,None,None,NULL,By Email,NULL,Auto Generated,NULL,NULL,NULL,NULL,NULL,0,NULL,2025-03-07 10:50:32.400,NULL,0,NULL,NULL,NULL,NULL,NULL,NULL,NULL,NULL,Ocean Export,1,NULL,NULL,0,NULL,,NULL,NULL,NULL,NULL,1,0,,Sales & Marketing,NULL,NULL,NULL
2291,2025-03-07 00:00:00.000,INQ1020821,"Sunrise-USA, Inc.",NULL,None,None,NULL,By Email,NULL,Auto Generated,NULL,NULL,NULL,NULL,NULL,0,NULL,2025-03-07 11:01:55.427,NULL,0,NULL,NULL,NULL,NULL,NULL,NULL,NULL,NULL,Ocean Export,1,NULL,NULL,0,NULL,,NULL,NULL,NULL,NULL,1,0,,Sales & Marketing,NULL,NULL,NULL
2292,2025-03-07 00:00:00.000,INQ1020823,Taraz Teknolojileri Limited Sirketi,NULL,None,None,NULL,By Email,NULL,Auto Generated,NULL,NULL,NULL,NULL,NULL,0,NULL,2025-03-07 11:47:39.753,NULL,1,NULL,NULL,NULL,NULL,NULL,NULL,NULL,NULL,Ocean Export,1,NULL,NULL,0,NULL,,duplicate,NULL,NULL,NULL,1,0,,Sales & Marketing,NULL,NULL,NULL
2293,2025-03-07 00:00:00.000,INQ1020824,Taraz Teknolojileri Limited Sirketi,NULL,None,None,NULL,By Email,NULL,Auto Generated,NULL,NULL,NULL,NULL,NULL,0,NULL,2025-03-07 11:47:56.597,NULL,1,NULL,NULL,NULL,NULL,NULL,NULL,NULL,NULL,Ocean Export,1,NULL,NULL,0,NULL,,duplicate,NULL,NULL,NULL,1,0,,Sales & Marketing,NULL,NULL,NULL
2294,2025-03-07 00:00:00.000,INQ1020825,Taraz Teknolojileri Limited Sirketi,NULL,None,None,NULL,By Email,NULL,Auto Generated,NULL,NULL,NULL,NULL,NULL,0,NULL,2025-03-07 11:47:57.687,NULL,1,NULL,NULL,NULL,NULL,NULL,NULL,NULL,NULL,Ocean Export,1,NULL,NULL,0,NULL,,duplicate,NULL,NULL,NULL,1,0,,Sales & Marketing,NULL,NULL,NULL
2295,2025-03-07 00:00:00.000,INQ1020827,"United Company for Car Trading, Import and Export ",NULL,None,None,NULL,By Email,NULL,Auto Generated,NULL,NULL,NULL,NULL,NULL,0,NULL,2025-03-07 12:00:53.860,NULL,0,NULL,NULL,NULL,NULL,NULL,NULL,NULL,NULL,Ocean Export,1,NULL,NULL,0,NULL,,NULL,NULL,NULL,NULL,1,0,,Sales & Marketing,NULL,NULL,NULL
2296,2025-03-07 00:00:00.000,INQ1020828,WAEL OMER HAMED,NULL,None,None,NULL,By Email,NULL,Auto Generated,NULL,NULL,NULL,NULL,NULL,0,NULL,2025-03-07 12:12:18.480,NULL,1,NULL,NULL,NULL,NULL,NULL,NULL,NULL,NULL,Ocean Export,1,NULL,NULL,0,NULL,,duplicate,NULL,NULL,NULL,1,0,,Sales & Marketing,NULL,NULL,NULL
2297,2025-03-07 00:00:00.000,INQ1020829,WAEL OMER HAMED,NULL,None,None,NULL,By Email,NULL,Auto Generated,NULL,NULL,NULL,NULL,NULL,0,NULL,2025-03-07 12:20:48.380,NULL,0,NULL,NULL,NULL,NULL,NULL,NULL,NULL,NULL,Ocean Export,1,NULL,NULL,0,NULL,,NULL,NULL,NULL,NULL,1,0,,Sales & Marketing,NULL,NULL,NULL
2298,2025-03-07 00:00:00.000,INQ1020830,World Deal Traders,NULL,None,None,NULL,By Email,NULL,Auto Generated,NULL,NULL,NULL,NULL,NULL,0,NULL,2025-03-07 12:36:54.020,2025-04-02 11:06:08.990,0,NULL,NULL,NULL,NULL,NULL,NULL,NULL,NULL,Ocean Export,1,NULL,NULL,0,NULL,,NULL,NULL,NULL,NULL,1,0,,Sales & Marketing,NULL,NULL,NULL
2299,2025-03-07 00:00:00.000,INQ1020831,Yang Ping,NULL,None,None,NULL,By Email,NULL,Auto Generated,NULL,NULL,NULL,NULL,NULL,0,NULL,2025-03-07 12:44:54.640,NULL,0,NULL,NULL,NULL,NULL,NULL,NULL,NULL,NULL,Ocean Export,1,NULL,NULL,0,NULL,,NULL,NULL,NULL,NULL,1,0,,Sales & Marketing,NULL,NULL,NULL
2300,2025-03-07 00:00:00.000,INQ1020832,YEREMYAN FARM CJSC,NULL,None,None,NULL,By Email,NULL,Auto Generated,NULL,NULL,NULL,NULL,NULL,0,NULL,2025-03-07 13:11:54.977,NULL,0,NULL,NULL,NULL,NULL,NULL,NULL,NULL,NULL,Ocean Export,1,NULL,NULL,0,NULL,,NULL,NULL,NULL,NULL,1,0,,Sales & Marketing,NULL,NULL,NULL
2301,2025-03-07 00:00:00.000,INQ1020833,Yusen Logistics (Americas) Inc.,NULL,None,None,NULL,By Email,NULL,Auto Generated,NULL,NULL,NULL,NULL,NULL,0,NULL,2025-03-07 13:19:18.833,NULL,0,NULL,NULL,NULL,NULL,NULL,NULL,NULL,NULL,Ocean Export,1,NULL,NULL,0,NULL,,NULL,NULL,NULL,NULL,1,0,,Sales & Marketing,NULL,NULL,NULL
2302,2025-03-07 00:00:00.000,INQ1020834,Zyst Technology LLC,NULL,None,None,NULL,By Email,NULL,Auto Generated,NULL,NULL,NULL,NULL,NULL,0,NULL,2025-03-07 13:26:23.940,NULL,0,NULL,NULL,NULL,NULL,NULL,NULL,NULL,NULL,Ocean Export,1,NULL,NULL,0,NULL,,NULL,NULL,NULL,NULL,1,0,,Sales & Marketing,NULL,NULL,NULL
2303,2025-03-13 00:00:00.000,INQ1020850,Taylor International LLC.,NULL,None,None,NULL,By Email,NULL,Auto Generated,NULL,NULL,NULL,NULL,NULL,0,NULL,2025-03-13 22:30:30.187,NULL,0,NULL,NULL,NULL,NULL,NULL,NULL,NULL,NULL,Ocean Export,1,NULL,NULL,0,NULL,,NULL,NULL,NULL,NULL,1,0,,New Jersey (EWR),NULL,NULL,NULL
2304,2025-03-13 00:00:00.000,INQ1020851,AA Circle Line Inc.,NULL,None,None,NULL,By Email,NULL,Auto Generated,NULL,NULL,NULL,NULL,NULL,0,NULL,2025-03-13 22:32:38.483,NULL,0,NULL,NULL,NULL,NULL,NULL,NULL,NULL,NULL,Ocean Export,1,NULL,NULL,0,NULL,,NULL,NULL,NULL,NULL,1,0,,New Jersey (EWR),NULL,NULL,NULL
2305,2025-03-13 00:00:00.000,INQ1020852,ABDEL ALAUSSOS,NULL,None,None,NULL,By Email,NULL,Auto Generated,NULL,NULL,NULL,NULL,NULL,0,NULL,2025-03-13 22:32:57.970,NULL,1,NULL,NULL,NULL,NULL,NULL,NULL,NULL,NULL,Ocean Export,1,NULL,NULL,0,NULL,,DUPLICATE,NULL,NULL,NULL,1,0,,Inside Sales Group,NULL,NULL,NULL
2306,2025-03-13 00:00:00.000,INQ1020853,ADAM COMPUTER RECYCLING INC.,NULL,None,None,NULL,By Email,NULL,Auto Generated,NULL,NULL,NULL,NULL,NULL,0,NULL,2025-03-13 22:33:20.757,NULL,0,NULL,NULL,NULL,NULL,NULL,NULL,NULL,NULL,Ocean Export,1,NULL,NULL,0,NULL,,NULL,NULL,NULL,NULL,1,0,,New Jersey (EWR),NULL,NULL,NULL
2307,2025-03-14 00:00:00.000,INQ1020856,ADAM COMPUTER RECYCLING INC.,NULL,None,None,NULL,By Email,NULL,Auto Generated,NULL,NULL,NULL,NULL,NULL,0,NULL,2025-03-14 13:18:49.283,NULL,0,NULL,NULL,NULL,NULL,NULL,NULL,NULL,NULL,Ocean Export,1,NULL,NULL,0,NULL,,NULL,NULL,NULL,NULL,1,0,,New Jersey (EWR),NULL,NULL,NULL
2308,2025-03-14 00:00:00.000,INQ1020857,AFRO COSMETICS 4 U LTD.,NULL,None,None,NULL,By Email,NULL,Auto Generated,NULL,NULL,NULL,NULL,NULL,0,NULL,2025-03-14 13:20:42.273,NULL,0,NULL,NULL,NULL,NULL,NULL,NULL,NULL,NULL,Ocean Export,1,NULL,NULL,0,NULL,,NULL,NULL,NULL,NULL,1,0,,New Jersey (EWR),NULL,NULL,NULL
2309,2025-03-14 00:00:00.000,INQ1020858,AHMAD RAMADAN,NULL,None,None,NULL,By Email,NULL,Auto Generated,NULL,NULL,NULL,NULL,NULL,0,NULL,2025-03-14 13:21:24.520,NULL,0,NULL,NULL,NULL,NULL,NULL,NULL,NULL,NULL,Ocean Export,1,NULL,NULL,0,NULL,,NULL,NULL,NULL,NULL,1,0,,New Jersey (EWR),NULL,NULL,NULL
2310,2025-03-14 00:00:00.000,INQ1020860,AHMAD RAMADAN,NULL,None,None,NULL,By Email,NULL,Auto Generated,NULL,NULL,NULL,NULL,NULL,0,NULL,2025-03-14 13:31:50.533,NULL,0,NULL,NULL,NULL,NULL,NULL,NULL,NULL,NULL,Ocean Export,1,NULL,NULL,0,NULL,,NULL,NULL,NULL,NULL,1,0,,New Jersey (EWR),NULL,NULL,NULL
2311,2025-03-14 00:00:00.000,INQ1020861,AHMAD YOUSEFF M.AL MESNED TRADINGCO,NULL,None,None,NULL,By Email,NULL,Auto Generated,NULL,NULL,NULL,NULL,NULL,0,NULL,2025-03-14 13:32:11.473,NULL,0,NULL,NULL,NULL,NULL,NULL,NULL,NULL,NULL,Ocean Export,1,NULL,NULL,0,NULL,,NULL,NULL,NULL,NULL,1,0,,New Jersey (EWR),NULL,NULL,NULL
2312,2025-03-14 00:00:00.000,INQ1020862,Ahmed Ali Al-Fraij Establishment for Trade,NULL,None,None,NULL,By Email,NULL,Auto Generated,NULL,NULL,NULL,NULL,NULL,0,NULL,2025-03-14 13:32:39.447,NULL,0,NULL,NULL,NULL,NULL,NULL,NULL,NULL,NULL,Ocean Export,1,NULL,NULL,0,NULL,,NULL,NULL,NULL,NULL,1,0,,New Jersey (EWR),NULL,NULL,NULL
2313,2025-03-14 00:00:00.000,INQ1020863,AJ’s Computers,NULL,None,None,NULL,By Email,NULL,Auto Generated,NULL,NULL,NULL,NULL,NULL,0,NULL,2025-03-14 13:33:26.600,NULL,1,NULL,NULL,NULL,NULL,NULL,NULL,NULL,NULL,Ocean Export,1,NULL,NULL,0,NULL,,duplicate,NULL,NULL,NULL,1,0,,Sales & Marketing,NULL,NULL,NULL
2315,2025-03-14 00:00:00.000,INQ1020865,Allied Agro Foodstuff LLC,NULL,None,None,NULL,By Email,NULL,Auto Generated,NULL,NULL,NULL,NULL,NULL,0,NULL,2025-03-14 13:38:17.897,NULL,0,NULL,NULL,NULL,NULL,NULL,NULL,NULL,NULL,Ocean Export,1,NULL,NULL,0,NULL,,NULL,NULL,NULL,NULL,1,0,,New Jersey (EWR),NULL,NULL,NULL
2316,2025-03-14 00:00:00.000,INQ1020866,Alpha Remarketing LLC,NULL,None,None,NULL,By Email,NULL,Auto Generated,NULL,NULL,NULL,NULL,NULL,0,NULL,2025-03-14 13:39:01.157,NULL,0,NULL,NULL,NULL,NULL,NULL,NULL,NULL,NULL,Ocean Export,1,NULL,NULL,0,NULL,,NULL,NULL,NULL,NULL,1,0,,New Jersey (EWR),NULL,NULL,NULL
2317,2025-03-14 00:00:00.000,INQ1020867,ALUBOND USA INC,NULL,None,None,NULL,By Email,NULL,Auto Generated,NULL,NULL,NULL,NULL,NULL,0,NULL,2025-03-14 13:39:26.250,NULL,0,NULL,NULL,NULL,NULL,NULL,NULL,NULL,NULL,Ocean Export,1,NULL,NULL,0,NULL,,NULL,NULL,NULL,NULL,1,0,,New Jersey (EWR),NULL,NULL,NULL
2318,2025-03-14 00:00:00.000,INQ1020868,H S Print Services PVT Ltd.,NULL,None,None,NULL,By Email,NULL,Auto Generated,NULL,NULL,NULL,NULL,NULL,0,NULL,2025-03-14 13:39:54.283,NULL,1,NULL,NULL,NULL,NULL,NULL,NULL,NULL,NULL,Ocean Export,1,NULL,NULL,0,NULL,,duplicate,NULL,NULL,NULL,1,0,,Sales & Marketing,NULL,NULL,NULL
2319,2025-03-14 00:00:00.000,INQ1020869,"I.E. Machine Tools, Inc.",NULL,None,None,NULL,By Email,NULL,Auto Generated,NULL,NULL,NULL,NULL,NULL,0,NULL,2025-03-14 13:46:39.017,NULL,0,NULL,NULL,NULL,NULL,NULL,NULL,NULL,NULL,Ocean Export,1,NULL,NULL,0,NULL,,NULL,NULL,NULL,NULL,1,0,,New Jersey (EWR),NULL,NULL,NULL
2320,2025-03-14 00:00:00.000,INQ1020870,Taraz Teknolojileri Limited Sirketi,NULL,None,None,NULL,By Email,NULL,Auto Generated,NULL,NULL,NULL,NULL,NULL,0,NULL,2025-03-14 13:47:21.673,NULL,0,NULL,NULL,NULL,NULL,NULL,NULL,NULL,NULL,Ocean Export,1,NULL,NULL,0,NULL,,NULL,NULL,NULL,NULL,1,0,,New Jersey (EWR),NULL,NULL,NULL
2321,2025-03-14 00:00:00.000,INQ1020871,GOOD BUSINESS SAS,NULL,None,None,NULL,By Email,NULL,Auto Generated,NULL,NULL,NULL,NULL,NULL,0,NULL,2025-03-14 13:51:18.107,NULL,0,NULL,NULL,NULL,NULL,NULL,NULL,NULL,NULL,Ocean Export,1,NULL,NULL,0,NULL,,NULL,NULL,NULL,NULL,1,0,,Sales & Marketing,NULL,NULL,NULL
2322,2025-03-14 00:00:00.000,INQ1020872,Global Trading Import Co. Inc,NULL,None,None,NULL,By Email,NULL,Auto Generated,NULL,NULL,NULL,NULL,NULL,0,NULL,2025-03-14 13:51:50.953,NULL,0,NULL,NULL,NULL,NULL,NULL,NULL,NULL,NULL,Ocean Export,1,NULL,NULL,0,NULL,,NULL,NULL,NULL,NULL,1,0,,New Jersey (EWR),NULL,NULL,NULL
2323,2025-03-14 00:00:00.000,INQ1020873,D Group International Consulting Services LLC.,NULL,None,None,NULL,By Email,NULL,Auto Generated,NULL,NULL,NULL,NULL,NULL,0,NULL,2025-03-14 13:52:47.480,NULL,1,NULL,NULL,NULL,NULL,NULL,NULL,NULL,NULL,Ocean Export,1,NULL,NULL,0,NULL,,duplicate,NULL,NULL,NULL,1,0,,Sales & Marketing,NULL,NULL,NULL
2324,2025-03-14 00:00:00.000,INQ1020874,D. Reinbacher Solution,NULL,None,None,NULL,By Email,NULL,Auto Generated,NULL,NULL,NULL,NULL,NULL,0,NULL,2025-03-14 13:53:08.817,NULL,0,NULL,NULL,NULL,NULL,NULL,NULL,NULL,NULL,Ocean Export,1,NULL,NULL,0,NULL,,NULL,NULL,NULL,NULL,1,0,,New Jersey (EWR),NULL,NULL,NULL
2325,2025-03-14 00:00:00.000,INQ1020875,Mr. Adnan Sheikh,NULL,None,None,NULL,By Email,NULL,Auto Generated,NULL,NULL,NULL,NULL,NULL,0,NULL,2025-03-14 13:53:39.743,NULL,0,NULL,NULL,NULL,NULL,NULL,NULL,NULL,NULL,Ocean Export,1,NULL,NULL,0,NULL,,NULL,NULL,NULL,NULL,1,0,,New Jersey (EWR),NULL,NULL,NULL
2326,2025-03-14 00:00:00.000,INQ1020876,ALUBOND USA INC,NULL,None,None,NULL,By Email,NULL,Auto Generated,NULL,NULL,NULL,NULL,NULL,0,NULL,2025-03-14 13:54:04.930,NULL,0,NULL,NULL,NULL,NULL,NULL,NULL,NULL,NULL,Ocean Export,1,NULL,NULL,0,NULL,,NULL,NULL,NULL,NULL,1,0,,New Jersey (EWR),NULL,NULL,NULL
2327,2025-03-14 00:00:00.000,INQ1020877,ALWAYS INTERNATIONAL INC,NULL,None,None,NULL,By Email,NULL,Auto Generated,NULL,NULL,NULL,NULL,NULL,0,NULL,2025-03-14 13:54:26.303,NULL,0,NULL,NULL,NULL,NULL,NULL,NULL,NULL,NULL,Ocean Export,1,NULL,NULL,0,NULL,,NULL,NULL,NULL,NULL,1,0,,New Jersey (EWR),NULL,NULL,NULL
2328,2025-03-14 00:00:00.000,INQ1020878,AMAZONIAN LLC,NULL,None,None,NULL,By Email,NULL,Auto Generated,NULL,NULL,NULL,NULL,NULL,0,NULL,2025-03-14 13:54:45.540,NULL,0,NULL,NULL,NULL,NULL,NULL,NULL,NULL,NULL,Ocean Export,1,NULL,NULL,0,NULL,,NULL,NULL,NULL,NULL,1,0,,New Jersey (EWR),NULL,NULL,NULL
2329,2025-03-14 00:00:00.000,INQ1020879,AMOUD AUTO BROKER LLC.,NULL,None,None,NULL,By Email,NULL,Auto Generated,NULL,NULL,NULL,NULL,NULL,0,NULL,2025-03-14 13:55:05.850,NULL,0,NULL,NULL,NULL,NULL,NULL,NULL,NULL,NULL,Ocean Export,1,NULL,NULL,0,NULL,,NULL,NULL,NULL,NULL,1,0,,New Jersey (EWR),NULL,NULL,NULL
2330,2025-03-14 00:00:00.000,INQ1020880,Apple Solutions & Resources,NULL,None,None,NULL,By Email,NULL,Auto Generated,NULL,NULL,NULL,NULL,NULL,0,NULL,2025-03-14 13:55:27.980,NULL,0,NULL,NULL,NULL,NULL,NULL,NULL,NULL,NULL,Ocean Export,1,NULL,NULL,0,NULL,,NULL,NULL,NULL,NULL,1,0,,New Jersey (EWR),NULL,NULL,NULL
2331,2025-03-14 00:00:00.000,INQ1020881,Asburo wireless llc,NULL,None,None,NULL,By Email,NULL,Auto Generated,NULL,NULL,NULL,NULL,NULL,0,NULL,2025-03-14 13:55:50.627,NULL,0,NULL,NULL,NULL,NULL,NULL,NULL,NULL,NULL,Ocean Export,1,NULL,NULL,0,NULL,,NULL,NULL,NULL,NULL,1,0,,New Jersey (EWR),NULL,NULL,NULL
2332,2025-03-14 00:00:00.000,INQ1020882,Aspiring Impex Inc.,NULL,None,None,NULL,By Email,NULL,Auto Generated,NULL,NULL,NULL,NULL,NULL,0,NULL,2025-03-14 13:58:59.197,NULL,0,NULL,NULL,NULL,NULL,NULL,NULL,NULL,NULL,Ocean Export,1,NULL,NULL,0,NULL,,NULL,NULL,NULL,NULL,1,0,,New Jersey (EWR),NULL,NULL,NULL
2333,2025-03-14 00:00:00.000,INQ1020883,ATLAS COFFEE,NULL,None,None,NULL,By Email,NULL,Auto Generated,NULL,NULL,NULL,NULL,NULL,0,NULL,2025-03-14 13:59:22.130,NULL,0,NULL,NULL,NULL,NULL,NULL,NULL,NULL,NULL,Ocean Export,1,NULL,NULL,0,NULL,,NULL,NULL,NULL,NULL,1,0,,New Jersey (EWR),NULL,NULL,NULL
2334,2025-03-14 00:00:00.000,INQ1020884,A-Z IT DISTRIBUTORs LTD,NULL,None,None,NULL,By Email,NULL,Auto Generated,NULL,NULL,NULL,NULL,NULL,0,NULL,2025-03-14 13:59:48.630,NULL,0,NULL,NULL,NULL,NULL,NULL,NULL,NULL,NULL,Ocean Export,1,NULL,NULL,0,NULL,,NULL,NULL,NULL,NULL,1,0,,New Jersey (EWR),NULL,NULL,NULL
2335,2025-03-14 00:00:00.000,INQ1020885,B.B. Minchem LLC,NULL,None,None,NULL,By Email,NULL,Auto Generated,NULL,NULL,NULL,NULL,NULL,0,NULL,2025-03-14 14:00:11.677,NULL,0,NULL,NULL,NULL,NULL,NULL,NULL,NULL,NULL,Ocean Export,1,NULL,NULL,0,NULL,,NULL,NULL,NULL,NULL,1,0,,New Jersey (EWR),NULL,NULL,NULL
2336,2025-03-14 00:00:00.000,INQ1020886,BADAR GROUP LLC,NULL,None,None,NULL,By Email,NULL,Auto Generated,NULL,NULL,NULL,NULL,NULL,0,NULL,2025-03-14 14:00:30.177,NULL,0,NULL,NULL,NULL,NULL,NULL,NULL,NULL,NULL,Ocean Export,1,NULL,NULL,0,NULL,,NULL,NULL,NULL,NULL,1,0,,New Jersey (EWR),NULL,NULL,NULL
2337,2025-03-14 00:00:00.000,INQ1020887,BAE YUN SUOK WOLGOK,NULL,None,None,NULL,By Email,NULL,Auto Generated,NULL,NULL,NULL,NULL,NULL,0,NULL,2025-03-14 14:00:54.217,NULL,0,NULL,NULL,NULL,NULL,NULL,NULL,NULL,NULL,Ocean Export,1,NULL,NULL,0,NULL,,NULL,NULL,NULL,NULL,1,0,,New Jersey (EWR),NULL,NULL,NULL
2338,2025-03-14 00:00:00.000,INQ1020888,BE Group,NULL,None,None,NULL,By Email,NULL,Auto Generated,NULL,NULL,NULL,NULL,NULL,0,NULL,2025-03-14 14:01:12.467,NULL,0,NULL,NULL,NULL,NULL,NULL,NULL,NULL,NULL,Ocean Export,1,NULL,NULL,0,NULL,,NULL,NULL,NULL,NULL,1,0,,New Jersey (EWR),NULL,NULL,NULL
2339,2025-03-14 00:00:00.000,INQ1020889,BREAK BULK LOGISTICS PVT LTD,NULL,None,None,NULL,By Email,NULL,Auto Generated,NULL,NULL,NULL,NULL,NULL,0,NULL,2025-03-14 14:01:34.817,NULL,0,NULL,NULL,NULL,NULL,NULL,NULL,NULL,NULL,Ocean Export,1,NULL,NULL,0,NULL,,NULL,NULL,NULL,NULL,1,0,,New Jersey (EWR),NULL,NULL,NULL
2340,2025-03-14 00:00:00.000,INQ1020890,BROTHER INVESTING,NULL,None,None,NULL,By Email,NULL,Auto Generated,NULL,NULL,NULL,NULL,NULL,0,NULL,2025-03-14 14:01:55.230,NULL,0,NULL,NULL,NULL,NULL,NULL,NULL,NULL,NULL,Ocean Export,1,NULL,NULL,0,NULL,,NULL,NULL,NULL,NULL,1,0,,New Jersey (EWR),NULL,NULL,NULL
2341,2025-03-14 00:00:00.000,INQ1020891,Byte Company,NULL,None,None,NULL,By Email,NULL,Auto Generated,NULL,NULL,NULL,NULL,NULL,0,NULL,2025-03-14 14:02:39.953,NULL,0,NULL,NULL,NULL,NULL,NULL,NULL,NULL,NULL,Ocean Export,1,NULL,NULL,0,NULL,,NULL,NULL,NULL,NULL,1,0,,New Jersey (EWR),NULL,NULL,NULL
2342,2025-03-14 00:00:00.000,INQ1020892,C & C Machinery LLC,NULL,None,None,NULL,By Email,NULL,Auto Generated,NULL,NULL,NULL,NULL,NULL,0,NULL,2025-03-14 14:03:07.843,NULL,0,NULL,NULL,NULL,NULL,NULL,NULL,NULL,NULL,Ocean Export,1,NULL,NULL,0,NULL,,NULL,NULL,NULL,NULL,1,0,,New Jersey (EWR),NULL,NULL,NULL
2343,2025-03-14 00:00:00.000,INQ1020893,C TRADE USA INC,NULL,None,None,NULL,By Email,NULL,Auto Generated,NULL,NULL,NULL,NULL,NULL,0,NULL,2025-03-14 14:03:33.047,NULL,0,NULL,NULL,NULL,NULL,NULL,NULL,NULL,NULL,Ocean Export,1,NULL,NULL,0,NULL,,NULL,NULL,NULL,NULL,1,0,,New Jersey (EWR),NULL,NULL,NULL
2344,2025-03-14 00:00:00.000,INQ1020894,Canada Copier Remarketing Corp,NULL,None,None,NULL,By Email,NULL,Auto Generated,NULL,NULL,NULL,NULL,NULL,0,NULL,2025-03-14 14:04:00.023,NULL,0,NULL,NULL,NULL,NULL,NULL,NULL,NULL,NULL,Ocean Export,1,NULL,NULL,0,NULL,,NULL,NULL,NULL,NULL,1,0,,New Jersey (EWR),NULL,NULL,NULL
2345,2025-03-14 00:00:00.000,INQ1020895,CANADA INC,NULL,None,None,NULL,By Email,NULL,Auto Generated,NULL,NULL,NULL,NULL,NULL,0,NULL,2025-03-14 14:04:34.777,NULL,0,NULL,NULL,NULL,NULL,NULL,NULL,NULL,NULL,Ocean Export,1,NULL,NULL,0,NULL,,NULL,NULL,NULL,NULL,1,0,,New Jersey (EWR),NULL,NULL,NULL
2346,2025-03-14 00:00:00.000,INQ1020896,CapitalCorp Import Export LLC,NULL,None,None,NULL,By Email,NULL,Auto Generated,NULL,NULL,NULL,NULL,NULL,0,NULL,2025-03-14 14:05:01.007,NULL,0,NULL,NULL,NULL,NULL,NULL,NULL,NULL,NULL,Ocean Export,1,NULL,NULL,0,NULL,,NULL,NULL,NULL,NULL,1,0,,New Jersey (EWR),NULL,NULL,NULL
2347,2025-03-14 00:00:00.000,INQ1020897,Carl Marrs,NULL,None,None,NULL,By Email,NULL,Auto Generated,NULL,NULL,NULL,NULL,NULL,0,NULL,2025-03-14 14:05:26.450,NULL,0,NULL,NULL,NULL,NULL,NULL,NULL,NULL,NULL,Ocean Export,1,NULL,NULL,0,NULL,,NULL,NULL,NULL,NULL,1,0,,New Jersey (EWR),NULL,NULL,NULL
2348,2025-03-14 00:00:00.000,INQ1020898,CFA L.L.C,NULL,None,None,NULL,By Email,NULL,Auto Generated,NULL,NULL,NULL,NULL,NULL,0,NULL,2025-03-14 14:05:49.727,NULL,0,NULL,NULL,NULL,NULL,NULL,NULL,NULL,NULL,Ocean Export,1,NULL,NULL,0,NULL,,NULL,NULL,NULL,NULL,1,0,,New Jersey (EWR),NULL,NULL,NULL
2349,2025-03-14 00:00:00.000,INQ1020899,Channeled Resources Group,NULL,None,None,NULL,By Email,NULL,Auto Generated,NULL,NULL,NULL,NULL,NULL,0,NULL,2025-03-14 14:07:47.063,NULL,0,NULL,NULL,NULL,NULL,NULL,NULL,NULL,NULL,Ocean Export,1,NULL,NULL,0,NULL,,NULL,NULL,NULL,NULL,1,0,,New Jersey (EWR),NULL,NULL,NULL
2350,2025-03-14 00:00:00.000,INQ1020900,Channeled Resources Group,NULL,None,None,NULL,By Email,NULL,Auto Generated,NULL,NULL,NULL,NULL,NULL,0,NULL,2025-03-14 14:07:50.093,NULL,0,NULL,NULL,NULL,NULL,NULL,NULL,NULL,NULL,Ocean Export,1,NULL,NULL,0,NULL,,NULL,NULL,NULL,NULL,1,0,,New Jersey (EWR),NULL,NULL,NULL
2351,2025-03-14 00:00:00.000,INQ1020901,Clifton Trading LLC,NULL,None,None,NULL,By Email,NULL,Auto Generated,NULL,NULL,NULL,NULL,NULL,0,NULL,2025-03-14 14:08:15.930,NULL,0,NULL,NULL,NULL,NULL,NULL,NULL,NULL,NULL,Ocean Export,1,NULL,NULL,0,NULL,,NULL,NULL,NULL,NULL,1,0,,MUMBAI (MUM),NULL,NULL,NULL
2352,2025-03-14 00:00:00.000,INQ1020902,Columbus Freight,NULL,None,None,NULL,By Email,NULL,Auto Generated,NULL,NULL,NULL,NULL,NULL,0,NULL,2025-03-14 14:08:34.893,NULL,0,NULL,NULL,NULL,NULL,NULL,NULL,NULL,NULL,Ocean Export,1,NULL,NULL,0,NULL,,NULL,NULL,NULL,NULL,1,0,,New Jersey (EWR),NULL,NULL,NULL
2353,2025-03-14 00:00:00.000,INQ1020903,COMPUTER SOLUTIONS 4U,NULL,None,None,NULL,By Email,NULL,Auto Generated,NULL,NULL,NULL,NULL,NULL,0,NULL,2025-03-14 14:09:13.563,NULL,0,NULL,NULL,NULL,NULL,NULL,NULL,NULL,NULL,Ocean Export,1,NULL,NULL,0,NULL,,NULL,NULL,NULL,NULL,1,0,,New Jersey (EWR),NULL,NULL,NULL
2354,2025-03-14 00:00:00.000,INQ1020904,"CONNECTICUT METAL INDUSTRIES, INC.",NULL,None,None,NULL,By Email,NULL,Auto Generated,NULL,NULL,NULL,NULL,NULL,0,NULL,2025-03-14 14:09:34.760,NULL,0,NULL,NULL,NULL,NULL,NULL,NULL,NULL,NULL,Ocean Export,1,NULL,NULL,0,NULL,,NULL,NULL,NULL,NULL,1,0,,New Jersey (EWR),NULL,NULL,NULL
2355,2025-03-14 00:00:00.000,INQ1020905,"CONNECTICUT METAL INDUSTRIES, INC.",NULL,None,None,NULL,By Email,NULL,Auto Generated,NULL,NULL,NULL,NULL,NULL,0,NULL,2025-03-14 14:12:46.450,NULL,0,NULL,NULL,NULL,NULL,NULL,NULL,NULL,NULL,Ocean Export,1,NULL,NULL,0,NULL,,NULL,NULL,NULL,NULL,1,0,,New Jersey (EWR),NULL,NULL,NULL
2356,2025-03-14 00:00:00.000,INQ1020906,COPIER HUT.COM,NULL,None,None,NULL,By Email,NULL,Auto Generated,NULL,NULL,NULL,NULL,NULL,0,NULL,2025-03-14 14:18:23.777,NULL,0,NULL,NULL,NULL,NULL,NULL,NULL,NULL,NULL,Ocean Export,1,NULL,NULL,0,NULL,,NULL,NULL,NULL,NULL,1,0,,New Jersey (EWR),NULL,NULL,NULL
2357,2025-03-14 00:00:00.000,INQ1020907,D.P.ENTERPRISES,NULL,None,None,NULL,By Email,NULL,Auto Generated,NULL,NULL,NULL,NULL,NULL,0,NULL,2025-03-14 14:18:45.463,NULL,0,NULL,NULL,NULL,NULL,NULL,NULL,NULL,NULL,Ocean Export,1,NULL,NULL,0,NULL,,NULL,NULL,NULL,NULL,1,0,,Sales & Marketing,NULL,NULL,NULL
2358,2025-03-14 00:00:00.000,INQ1020908,DAI TIEN MECHANIZED COMPANY LIMITED,NULL,None,None,NULL,By Email,NULL,Auto Generated,NULL,NULL,NULL,NULL,NULL,0,NULL,2025-03-14 14:19:10.593,NULL,0,NULL,NULL,NULL,NULL,NULL,NULL,NULL,NULL,Ocean Export,1,NULL,NULL,0,NULL,,NULL,NULL,NULL,NULL,1,0,,New Jersey (EWR),NULL,NULL,NULL
2359,2025-03-14 00:00:00.000,INQ1020909,DAR OF EQUIPMENT (F.Z.E),NULL,None,None,NULL,By Email,NULL,Auto Generated,NULL,NULL,NULL,NULL,NULL,0,NULL,2025-03-14 14:19:28.693,NULL,0,NULL,NULL,NULL,NULL,NULL,NULL,NULL,NULL,Ocean Export,1,NULL,NULL,0,NULL,,NULL,NULL,NULL,NULL,1,0,,New Jersey (EWR),NULL,NULL,NULL
2360,2025-03-14 00:00:00.000,INQ1020910,DIXIE TIRES LLC,NULL,None,None,NULL,By Email,NULL,Auto Generated,NULL,NULL,NULL,NULL,NULL,0,NULL,2025-03-14 14:19:49.890,NULL,0,NULL,NULL,NULL,NULL,NULL,NULL,NULL,NULL,Ocean Export,1,NULL,NULL,0,NULL,,NULL,NULL,NULL,NULL,1,0,,New Jersey (EWR),NULL,NULL,NULL
2361,2025-03-14 00:00:00.000,INQ1020911,Ace Bangladesh Limited,NULL,None,None,NULL,By Email,NULL,Auto Generated,NULL,NULL,NULL,NULL,NULL,0,NULL,2025-03-14 14:24:42.913,NULL,0,NULL,NULL,NULL,NULL,NULL,NULL,NULL,NULL,Ocean Export,1,NULL,NULL,0,NULL,,NULL,NULL,NULL,NULL,1,0,,New Jersey (EWR),NULL,NULL,NULL
2362,2025-03-14 00:00:00.000,INQ1020912,Ace Bangladesh Limited,NULL,None,None,NULL,By Email,NULL,Auto Generated,NULL,NULL,NULL,NULL,NULL,0,NULL,2025-03-14 14:25:45.680,NULL,1,NULL,NULL,NULL,NULL,NULL,NULL,NULL,NULL,Ocean Export,1,NULL,NULL,0,NULL,,duplicate,NULL,NULL,NULL,1,0,,New Jersey (EWR),NULL,NULL,NULL
2363,2025-03-14 00:00:00.000,INQ1020913,AL Dhurgham Trading LLC,NULL,None,None,NULL,By Email,NULL,Auto Generated,NULL,NULL,NULL,NULL,NULL,0,NULL,2025-03-14 14:28:56.323,NULL,0,NULL,NULL,NULL,NULL,NULL,NULL,NULL,NULL,Ocean Export,1,NULL,NULL,0,NULL,,NULL,NULL,NULL,NULL,1,0,,New Jersey (EWR),NULL,NULL,NULL
2364,2025-03-14 00:00:00.000,INQ1020914,Alexandria LLC,NULL,None,None,NULL,By Email,NULL,Auto Generated,NULL,NULL,NULL,NULL,NULL,0,NULL,2025-03-14 14:33:26.030,NULL,0,NULL,NULL,NULL,NULL,NULL,NULL,NULL,NULL,Ocean Export,1,NULL,NULL,0,NULL,,NULL,NULL,NULL,NULL,1,0,,New Jersey (EWR),NULL,NULL,NULL
2365,2025-03-14 00:00:00.000,INQ1020915,DMC GLOBAL LOGISTICS LLC,NULL,None,None,NULL,By Email,NULL,Auto Generated,NULL,NULL,NULL,NULL,NULL,0,NULL,2025-03-14 14:44:43.447,NULL,0,NULL,NULL,NULL,NULL,NULL,NULL,NULL,NULL,Ocean Export,1,NULL,NULL,0,NULL,,NULL,NULL,NULL,NULL,1,0,,New Jersey (EWR),NULL,NULL,NULL
2366,2025-03-14 00:00:00.000,INQ1020916,E.G TRADE,NULL,None,None,NULL,By Email,NULL,Auto Generated,NULL,NULL,NULL,NULL,NULL,0,NULL,2025-03-14 14:47:45.340,NULL,0,NULL,NULL,NULL,NULL,NULL,NULL,NULL,NULL,Ocean Export,1,NULL,NULL,0,NULL,,NULL,NULL,NULL,NULL,1,0,,New Jersey (EWR),NULL,NULL,NULL
2367,2025-03-14 00:00:00.000,INQ1020917,E2 Discount Deal LLC,NULL,None,None,NULL,By Email,NULL,Auto Generated,NULL,NULL,NULL,NULL,NULL,0,NULL,2025-03-14 14:48:16.657,NULL,0,NULL,NULL,NULL,NULL,NULL,NULL,NULL,NULL,Ocean Export,1,NULL,NULL,0,NULL,,NULL,NULL,NULL,NULL,1,0,,New Jersey (EWR),NULL,NULL,NULL
2368,2025-03-14 00:00:00.000,INQ1020918,E-Cycle Green. LLC,NULL,None,None,NULL,By Email,NULL,Auto Generated,NULL,NULL,NULL,NULL,NULL,0,NULL,2025-03-14 14:49:54.597,NULL,0,NULL,NULL,NULL,NULL,NULL,NULL,NULL,NULL,Ocean Export,1,NULL,NULL,0,NULL,,NULL,NULL,NULL,NULL,1,0,,New Jersey (EWR),NULL,NULL,NULL
2369,2025-03-14 00:00:00.000,INQ1020919,Elnaggar for custom clearance,NULL,None,None,NULL,By Email,NULL,Auto Generated,NULL,NULL,NULL,NULL,NULL,0,NULL,2025-03-14 14:50:24.480,NULL,0,NULL,NULL,NULL,NULL,NULL,NULL,NULL,NULL,Ocean Export,1,NULL,NULL,0,NULL,,NULL,NULL,NULL,NULL,1,0,,New Jersey (EWR),NULL,NULL,NULL
2370,2025-03-14 00:00:00.000,INQ1020920,ELSHOROUK for Import and Export,NULL,None,None,NULL,By Email,NULL,Auto Generated,NULL,NULL,NULL,NULL,NULL,0,NULL,2025-03-14 14:51:57.943,NULL,0,NULL,NULL,NULL,NULL,NULL,NULL,NULL,NULL,Ocean Export,1,NULL,NULL,0,NULL,,NULL,NULL,NULL,NULL,1,0,,New Jersey (EWR),NULL,NULL,NULL
2371,2025-03-14 00:00:00.000,INQ1020921,EMMANUEL CHIKA,NULL,None,None,NULL,By Email,NULL,Auto Generated,NULL,NULL,NULL,NULL,NULL,0,NULL,2025-03-14 14:59:33.287,NULL,0,NULL,NULL,NULL,NULL,NULL,NULL,NULL,NULL,Ocean Export,1,NULL,NULL,0,NULL,,NULL,NULL,NULL,NULL,1,0,,New Jersey (EWR),NULL,NULL,NULL
2372,2025-03-14 00:00:00.000,INQ1020922,ENN Investment,NULL,None,None,NULL,By Email,NULL,Auto Generated,NULL,NULL,NULL,NULL,NULL,0,NULL,2025-03-14 15:00:23.180,NULL,0,NULL,NULL,NULL,NULL,NULL,NULL,NULL,NULL,Ocean Export,1,NULL,NULL,0,NULL,,NULL,NULL,NULL,NULL,1,0,,New Jersey (EWR),NULL,NULL,NULL
2373,2025-03-14 00:00:00.000,INQ1020923,ENOCORE INTERNATIONAL GROUP LLC,NULL,None,None,NULL,By Email,NULL,Auto Generated,NULL,NULL,NULL,NULL,NULL,0,NULL,2025-03-14 15:00:53.957,NULL,0,NULL,NULL,NULL,NULL,NULL,NULL,NULL,NULL,Ocean Export,1,NULL,NULL,0,NULL,,NULL,NULL,NULL,NULL,1,0,,New Jersey (EWR),NULL,NULL,NULL
2374,2025-03-14 00:00:00.000,INQ1020924,Jd Logistics Sdn Bhd,NULL,None,None,NULL,By Email,NULL,Auto Generated,NULL,NULL,NULL,NULL,NULL,0,NULL,2025-03-14 15:02:07.363,NULL,0,NULL,NULL,NULL,NULL,NULL,NULL,NULL,NULL,Ocean Export,1,NULL,NULL,0,NULL,,NULL,NULL,NULL,NULL,1,0,,Sales & Marketing,NULL,NULL,NULL
2375,2025-03-17 00:00:00.000,INQ1020937,Jeet Logistics,NULL,None,None,NULL,By Email,NULL,Auto Generated,NULL,NULL,NULL,NULL,NULL,0,NULL,2025-03-17 15:29:32.077,NULL,0,NULL,NULL,NULL,NULL,NULL,NULL,NULL,NULL,Ocean Export,1,NULL,NULL,0,NULL,,NULL,NULL,NULL,NULL,1,0,,MUMBAI (MUM),NULL,NULL,NULL
2376,2025-03-18 00:00:00.000,INQ1020940,Alrameh for Trading & Marketing LLC,NULL,None,None,NULL,By Email,NULL,Auto Generated,NULL,NULL,NULL,NULL,NULL,0,NULL,2025-03-18 10:23:59.467,NULL,0,NULL,NULL,NULL,NULL,NULL,NULL,NULL,NULL,Ocean Export,1,NULL,NULL,0,NULL,,NULL,NULL,NULL,NULL,1,0,,MUMBAI (MUM),NULL,NULL,NULL
2377,2025-03-19 00:00:00.000,INQ1020950,AFRICAN SHIPPING,NULL,None,None,NULL,By Email,NULL,Auto Generated,NULL,NULL,NULL,NULL,NULL,0,NULL,2025-03-19 16:53:31.600,NULL,0,NULL,NULL,NULL,NULL,NULL,NULL,NULL,NULL,Ocean Export,1,NULL,NULL,0,NULL,,NULL,NULL,NULL,NULL,1,0,,MUMBAI (MUM),NULL,NULL,NULL
2383,2025-03-24 00:00:00.000,INQ1020982,World Deal Traders,NULL,None,None,NULL,By Email,NULL,Auto Generated,NULL,NULL,NULL,NULL,NULL,0,NULL,2025-03-24 20:18:00.620,NULL,0,NULL,NULL,NULL,NULL,NULL,NULL,NULL,NULL,Ocean Export,1,NULL,NULL,0,NULL,,NULL,NULL,NULL,NULL,1,0,,Sales & Marketing,NULL,NULL,NULL
2384,2025-03-25 00:00:00.000,INQ1020983,RINON ELECTRONIC TECHNOLOGY USA LLC,NULL,None,None,NULL,By Email,NULL,Auto Generated,NULL,NULL,NULL,NULL,NULL,0,NULL,2025-03-25 01:48:04.733,NULL,1,NULL,NULL,NULL,NULL,NULL,NULL,NULL,NULL,Ocean Export,1,NULL,NULL,0,NULL,,duplicate,NULL,NULL,NULL,1,0,,New Jersey (EWR),NULL,NULL,NULL
2385,2025-03-25 00:00:00.000,INQ1020984,"Nut Butter Concepts, LLC",NULL,None,None,NULL,By Email,NULL,Auto Generated,NULL,NULL,NULL,NULL,NULL,0,NULL,2025-03-25 01:54:22.907,NULL,0,NULL,NULL,NULL,NULL,NULL,NULL,NULL,NULL,Ocean Export,1,NULL,NULL,0,NULL,,NULL,NULL,NULL,NULL,1,0,,New Jersey (EWR),NULL,NULL,NULL
2386,2025-03-25 00:00:00.000,INQ1020985,Mohawk  machinery Inc.,NULL,None,None,NULL,By Email,NULL,Auto Generated,NULL,NULL,NULL,NULL,NULL,0,NULL,2025-03-25 01:55:04.070,NULL,0,NULL,NULL,NULL,NULL,NULL,NULL,NULL,NULL,Ocean Export,1,NULL,NULL,0,NULL,,NULL,NULL,NULL,NULL,1,0,,New Jersey (EWR),NULL,NULL,NULL
2387,2025-03-25 00:00:00.000,INQ1020986,Levante World Cargo Sl,NULL,None,None,NULL,By Email,NULL,Auto Generated,NULL,NULL,NULL,NULL,NULL,0,NULL,2025-03-25 01:59:54.067,NULL,1,NULL,NULL,NULL,NULL,NULL,NULL,NULL,NULL,Ocean Export,1,NULL,NULL,0,NULL,,duplicate,NULL,NULL,NULL,1,0,,New Jersey (EWR),NULL,NULL,NULL
2388,2025-03-25 00:00:00.000,INQ1020987,KERVAN USA LLC,NULL,None,None,NULL,By Email,NULL,Auto Generated,NULL,NULL,NULL,NULL,NULL,0,NULL,2025-03-25 02:01:21.490,NULL,1,NULL,NULL,NULL,NULL,NULL,NULL,NULL,NULL,Ocean Export,1,NULL,NULL,0,NULL,,duplicate,NULL,NULL,NULL,1,0,,New Jersey (EWR),NULL,NULL,NULL
2389,2025-03-25 00:00:00.000,INQ1020988,Champion Petfoods LP,NULL,None,None,NULL,By Email,NULL,Auto Generated,NULL,NULL,NULL,NULL,NULL,0,NULL,2025-03-25 02:02:47.247,NULL,0,NULL,NULL,NULL,NULL,NULL,NULL,NULL,NULL,Ocean Export,1,NULL,NULL,0,NULL,,NULL,NULL,NULL,NULL,1,0,,New Jersey (EWR),NULL,NULL,NULL
2390,2025-03-25 00:00:00.000,INQ1020989,Star Milling Co.,NULL,None,None,NULL,By Email,NULL,Auto Generated,NULL,NULL,NULL,NULL,NULL,0,NULL,2025-03-25 02:06:08.200,NULL,1,NULL,NULL,NULL,NULL,NULL,NULL,NULL,NULL,Ocean Export,1,NULL,NULL,0,NULL,,duplicate,NULL,NULL,NULL,1,0,,New Jersey (EWR),NULL,NULL,NULL
2391,2025-03-25 00:00:00.000,INQ1020990,AL-MASAH SHIPPIMG AGENCY,NULL,None,None,NULL,By Email,NULL,Auto Generated,NULL,NULL,NULL,NULL,NULL,0,NULL,2025-03-25 02:07:31.847,NULL,0,NULL,NULL,NULL,NULL,NULL,NULL,NULL,NULL,Ocean Export,1,NULL,NULL,0,NULL,,NULL,NULL,NULL,NULL,1,0,,New Jersey (EWR),NULL,NULL,NULL
2392,2025-03-25 00:00:00.000,INQ1020991,Dallas Resource Group Inc.,NULL,None,None,NULL,By Email,NULL,Auto Generated,NULL,NULL,NULL,NULL,NULL,0,NULL,2025-03-25 02:08:50.000,NULL,0,NULL,NULL,NULL,NULL,NULL,NULL,NULL,NULL,Ocean Export,1,NULL,NULL,0,NULL,,NULL,NULL,NULL,NULL,1,0,,New Jersey (EWR),NULL,NULL,NULL
2393,2025-03-25 00:00:00.000,INQ1020992,"Gemini Logistics,INC",NULL,None,None,NULL,By Email,NULL,Auto Generated,NULL,NULL,NULL,NULL,NULL,0,NULL,2025-03-25 02:12:08.340,NULL,0,NULL,NULL,NULL,NULL,NULL,NULL,NULL,NULL,Ocean Export,1,NULL,NULL,0,NULL,,NULL,NULL,NULL,NULL,1,0,,New Jersey (EWR),NULL,NULL,NULL
2394,2025-03-25 00:00:00.000,INQ1020993,Thunder Seed,NULL,None,None,NULL,By Email,NULL,Auto Generated,NULL,NULL,NULL,NULL,NULL,0,NULL,2025-03-25 02:13:44.363,NULL,0,NULL,NULL,NULL,NULL,NULL,NULL,NULL,NULL,Ocean Export,1,NULL,NULL,0,NULL,,NULL,NULL,NULL,NULL,1,0,,New Jersey (EWR),NULL,NULL,NULL
2395,2025-03-25 00:00:00.000,INQ1020994,Seenergy Foods Limited,NULL,None,None,NULL,By Email,NULL,Auto Generated,NULL,NULL,NULL,NULL,NULL,0,NULL,2025-03-25 02:15:17.773,NULL,0,NULL,NULL,NULL,NULL,NULL,NULL,NULL,NULL,Ocean Export,1,NULL,NULL,0,NULL,,NULL,NULL,NULL,NULL,1,0,,New Jersey (EWR),NULL,NULL,NULL
2396,2025-03-25 00:00:00.000,INQ1020995,Clarkson Grain Company,NULL,None,None,NULL,By Email,NULL,Auto Generated,NULL,NULL,NULL,NULL,NULL,0,NULL,2025-03-25 02:16:17.483,NULL,0,NULL,NULL,NULL,NULL,NULL,NULL,NULL,NULL,Ocean Export,1,NULL,NULL,0,NULL,,NULL,NULL,NULL,NULL,1,0,,New Jersey (EWR),NULL,NULL,NULL
2397,2025-03-25 00:00:00.000,INQ1020996,The Chemical Company,NULL,None,None,NULL,By Email,NULL,Auto Generated,NULL,NULL,NULL,NULL,NULL,0,NULL,2025-03-25 02:18:00.453,NULL,0,NULL,NULL,NULL,NULL,NULL,NULL,NULL,NULL,Ocean Export,1,NULL,NULL,0,NULL,,NULL,NULL,NULL,NULL,1,0,,New Jersey (EWR),NULL,NULL,NULL
2398,2025-03-25 00:00:00.000,INQ1020997,"GFS Chemicals, Inc.",NULL,None,None,NULL,By Email,NULL,Auto Generated,NULL,NULL,NULL,NULL,NULL,0,NULL,2025-03-25 02:19:29.063,NULL,0,NULL,NULL,NULL,NULL,NULL,NULL,NULL,NULL,Ocean Export,1,NULL,NULL,0,NULL,,NULL,NULL,NULL,NULL,1,0,,New Jersey (EWR),NULL,NULL,NULL
2399,2025-03-25 00:00:00.000,INQ1020998,"Hickman, Williams & Company",NULL,None,None,NULL,By Email,NULL,Auto Generated,NULL,NULL,NULL,NULL,NULL,0,NULL,2025-03-25 02:21:00.787,NULL,0,NULL,NULL,NULL,NULL,NULL,NULL,NULL,NULL,Ocean Export,1,NULL,NULL,0,NULL,,NULL,NULL,NULL,NULL,1,0,,New Jersey (EWR),NULL,NULL,NULL
2400,2025-03-25 00:00:00.000,INQ1020999,SAE Manufacturing Specialties Corp.,NULL,None,None,NULL,By Email,NULL,Auto Generated,NULL,NULL,NULL,NULL,NULL,0,NULL,2025-03-25 02:23:16.637,NULL,0,NULL,NULL,NULL,NULL,NULL,NULL,NULL,NULL,Ocean Export,1,NULL,NULL,0,NULL,,NULL,NULL,NULL,NULL,1,0,,New Jersey (EWR),NULL,NULL,NULL
2401,2025-03-25 00:00:00.000,INQ1021000,SAE Manufacturing Specialties Corp.,NULL,None,None,NULL,By Email,NULL,Auto Generated,NULL,NULL,NULL,NULL,NULL,0,NULL,2025-03-25 02:27:01.753,NULL,1,NULL,NULL,NULL,NULL,NULL,NULL,NULL,NULL,Ocean Export,1,NULL,NULL,0,NULL,,duplicate,NULL,NULL,NULL,1,0,,New Jersey (EWR),NULL,NULL,NULL
2402,2025-03-25 00:00:00.000,INQ1021001,ATMOS TECHNOLOGIES,NULL,None,None,NULL,By Email,NULL,Auto Generated,NULL,NULL,NULL,NULL,NULL,0,NULL,2025-03-25 02:30:11.667,NULL,0,NULL,NULL,NULL,NULL,NULL,NULL,NULL,NULL,Ocean Export,1,NULL,NULL,0,NULL,,NULL,NULL,NULL,NULL,1,0,,Inside Sales Group,NULL,NULL,NULL
2403,2025-03-25 00:00:00.000,INQ1021002,"Paige Electric Co, LP",NULL,None,None,NULL,By Email,NULL,Auto Generated,NULL,NULL,NULL,NULL,NULL,0,NULL,2025-03-25 02:32:01.190,NULL,0,NULL,NULL,NULL,NULL,NULL,NULL,NULL,NULL,Ocean Export,1,NULL,NULL,0,NULL,,NULL,NULL,NULL,NULL,1,0,,New Jersey (EWR),NULL,NULL,NULL
2404,2025-03-25 00:00:00.000,INQ1021003,Reading Anthracite,NULL,None,None,NULL,By Email,NULL,Auto Generated,NULL,NULL,NULL,NULL,NULL,0,NULL,2025-03-25 02:38:01.497,NULL,0,NULL,NULL,NULL,NULL,NULL,NULL,NULL,NULL,Ocean Export,1,NULL,NULL,0,NULL,,NULL,NULL,NULL,NULL,1,0,,New Jersey (EWR),NULL,NULL,NULL
2405,2025-03-25 00:00:00.000,INQ1021008,Solares Florida Corporation,NULL,None,None,NULL,By Email,NULL,Auto Generated,NULL,NULL,NULL,NULL,NULL,0,NULL,2025-03-25 13:37:10.543,NULL,0,NULL,NULL,NULL,NULL,NULL,NULL,NULL,NULL,Ocean Export,1,NULL,NULL,0,NULL,,NULL,NULL,NULL,NULL,1,0,,CAM,NULL,NULL,NULL
2406,2025-03-25 00:00:00.000,INQ1021009,Bestolife Corporation,NULL,None,None,NULL,By Email,NULL,Auto Generated,NULL,NULL,NULL,NULL,NULL,0,NULL,2025-03-25 13:40:29.893,NULL,1,NULL,NULL,NULL,NULL,NULL,NULL,NULL,NULL,Ocean Export,1,NULL,NULL,0,NULL,,duplicate,NULL,NULL,NULL,1,0,,CAM,NULL,NULL,NULL
2407,2025-03-25 00:00:00.000,INQ1021010,"R.T. Vanderbilt Holding Company, Inc.",NULL,None,None,NULL,By Email,NULL,Auto Generated,NULL,NULL,NULL,NULL,NULL,0,NULL,2025-03-25 13:51:43.137,NULL,0,NULL,NULL,NULL,NULL,NULL,NULL,NULL,NULL,Ocean Export,1,NULL,NULL,0,NULL,,NULL,NULL,NULL,NULL,1,0,,CAM,NULL,NULL,NULL
2408,2025-03-25 00:00:00.000,INQ1021011,COBRA CARGO,NULL,None,None,NULL,By Email,NULL,Auto Generated,NULL,NULL,NULL,NULL,NULL,0,NULL,2025-03-25 14:16:42.360,NULL,1,NULL,NULL,NULL,NULL,NULL,NULL,NULL,NULL,Ocean Export,1,NULL,NULL,0,NULL,,DUPLICATE,NULL,NULL,NULL,1,0,,Inside Sales Group,NULL,NULL,NULL
2409,2025-03-25 00:00:00.000,INQ1021012,A&A Cargo Transport,NULL,None,None,NULL,By Email,NULL,Auto Generated,NULL,NULL,NULL,NULL,NULL,0,NULL,2025-03-25 15:03:40.763,NULL,1,NULL,NULL,NULL,NULL,NULL,NULL,NULL,NULL,Ocean Export,1,NULL,NULL,0,NULL,,duplicate,NULL,NULL,NULL,1,0,,Sales & Marketing,NULL,NULL,NULL
2410,2025-03-25 00:00:00.000,INQ1021016,"A.B.A Logistics Co., Ltd",NULL,None,None,NULL,By Email,NULL,Auto Generated,NULL,NULL,NULL,NULL,NULL,0,NULL,2025-03-25 17:24:18.143,NULL,0,NULL,NULL,NULL,NULL,NULL,NULL,NULL,NULL,Ocean Export,1,NULL,NULL,0,NULL,,NULL,NULL,NULL,NULL,1,0,,Sales & Marketing,NULL,NULL,NULL
2411,2025-03-25 00:00:00.000,INQ1021017,A.P LOGISTICS PTE LTD.,NULL,None,None,NULL,By Email,NULL,Auto Generated,NULL,NULL,NULL,NULL,NULL,0,NULL,2025-03-25 17:29:13.477,NULL,1,NULL,NULL,NULL,NULL,NULL,NULL,NULL,NULL,Ocean Export,1,NULL,NULL,0,NULL,,duplicate,NULL,NULL,NULL,1,0,,Sales & Marketing,NULL,NULL,NULL
2412,2025-03-25 00:00:00.000,INQ1021018,AAHIL SHIPPING & LOGISTICS PVT. LTD.,NULL,None,None,NULL,By Email,NULL,Auto Generated,NULL,NULL,NULL,NULL,NULL,0,NULL,2025-03-25 17:33:12.043,NULL,0,NULL,NULL,NULL,NULL,NULL,NULL,NULL,NULL,Ocean Export,1,NULL,NULL,0,NULL,,NULL,NULL,NULL,NULL,1,0,,Sales & Marketing,NULL,NULL,NULL
2413,2025-03-26 00:00:00.000,INQ1021020,Aamell Cargo & Courier,NULL,None,None,NULL,By Email,NULL,Auto Generated,NULL,NULL,NULL,NULL,NULL,0,NULL,2025-03-26 10:50:33.463,NULL,0,NULL,NULL,NULL,NULL,NULL,NULL,NULL,NULL,Ocean Export,1,NULL,NULL,0,NULL,,NULL,NULL,NULL,NULL,1,0,,Sales & Marketing,NULL,NULL,NULL
2414,2025-03-26 00:00:00.000,INQ1021021,ABN Amex Heavy Projects Pvt Ltd,NULL,None,None,NULL,By Email,NULL,Auto Generated,NULL,NULL,NULL,NULL,NULL,0,NULL,2025-03-26 14:01:54.603,NULL,0,NULL,NULL,NULL,NULL,NULL,NULL,NULL,NULL,Ocean Export,1,NULL,NULL,0,NULL,,NULL,NULL,NULL,NULL,1,0,,Sales & Marketing,NULL,NULL,NULL
2415,2025-03-26 00:00:00.000,INQ1021023,US Lubricants,NULL,None,None,NULL,By Email,NULL,Auto Generated,NULL,NULL,NULL,NULL,NULL,0,NULL,2025-03-26 14:29:33.190,NULL,0,NULL,NULL,NULL,NULL,NULL,NULL,NULL,NULL,Ocean Export,1,NULL,NULL,0,NULL,,NULL,NULL,NULL,NULL,1,0,,CAM,NULL,NULL,NULL
2416,2025-03-26 00:00:00.000,INQ1021024,US GLOBAL PETROLEUM,NULL,None,None,NULL,By Email,NULL,Auto Generated,NULL,NULL,NULL,NULL,NULL,0,NULL,2025-03-26 14:32:06.830,NULL,0,NULL,NULL,NULL,NULL,NULL,NULL,NULL,NULL,Ocean Export,1,NULL,NULL,0,NULL,,NULL,NULL,NULL,NULL,1,0,,CAM,NULL,NULL,NULL
2417,2025-03-26 00:00:00.000,INQ1021025,"Rain Carbon, Inc.",NULL,None,None,NULL,By Email,NULL,Auto Generated,NULL,NULL,NULL,NULL,NULL,0,NULL,2025-03-26 14:33:57.140,NULL,0,NULL,NULL,NULL,NULL,NULL,NULL,NULL,NULL,Ocean Export,1,NULL,NULL,0,NULL,,NULL,NULL,NULL,NULL,1,0,,CAM,NULL,NULL,NULL
2418,2025-03-26 00:00:00.000,INQ1021026,ReGo Trading,NULL,None,None,NULL,By Email,NULL,Auto Generated,NULL,NULL,NULL,NULL,NULL,0,NULL,2025-03-26 14:41:06.220,NULL,0,NULL,NULL,NULL,NULL,NULL,NULL,NULL,NULL,Ocean Export,1,NULL,NULL,0,NULL,,NULL,NULL,NULL,NULL,1,0,,CAM,NULL,NULL,NULL
2419,2025-03-26 00:00:00.000,INQ1021027,SUNRISE USA,NULL,None,None,NULL,By Email,NULL,Auto Generated,NULL,NULL,NULL,NULL,NULL,0,NULL,2025-03-26 14:46:01.910,NULL,1,NULL,NULL,NULL,NULL,NULL,NULL,NULL,NULL,Ocean Export,1,NULL,NULL,0,NULL,,duplicate,NULL,NULL,NULL,1,0,,CAM,NULL,NULL,NULL
2420,2025-03-26 00:00:00.000,INQ1021028,SUNRISE USA,NULL,None,None,NULL,By Email,NULL,Auto Generated,NULL,NULL,NULL,NULL,NULL,0,NULL,2025-03-26 14:46:02.533,NULL,0,NULL,NULL,NULL,NULL,NULL,NULL,NULL,NULL,Ocean Export,1,NULL,NULL,0,NULL,,NULL,NULL,NULL,NULL,1,0,,CAM,NULL,NULL,NULL
2421,2025-03-26 00:00:00.000,INQ1021029,US GLOBAL PETROLEUM,NULL,None,None,NULL,By Email,NULL,Auto Generated,NULL,NULL,NULL,NULL,NULL,0,NULL,2025-03-26 14:55:25.360,NULL,0,NULL,NULL,NULL,NULL,NULL,NULL,NULL,NULL,Ocean Export,1,NULL,NULL,0,NULL,,NULL,NULL,NULL,NULL,1,0,,CAM,NULL,NULL,NULL
2422,2025-03-26 00:00:00.000,INQ1021030,Flowco Production Solutions,NULL,None,None,NULL,By Email,NULL,Auto Generated,NULL,NULL,NULL,NULL,NULL,0,NULL,2025-03-26 14:59:33.097,NULL,0,NULL,NULL,NULL,NULL,NULL,NULL,NULL,NULL,Ocean Export,1,NULL,NULL,0,NULL,,NULL,NULL,NULL,NULL,1,0,,CAM,NULL,NULL,NULL
2423,2025-03-26 00:00:00.000,INQ1021031,Solares Florida Corporation,NULL,None,None,NULL,By Email,NULL,Auto Generated,NULL,NULL,NULL,NULL,NULL,0,NULL,2025-03-26 14:59:57.983,NULL,0,NULL,NULL,NULL,NULL,NULL,NULL,NULL,NULL,Ocean Export,1,NULL,NULL,0,NULL,,NULL,NULL,NULL,NULL,1,0,,CAM,NULL,NULL,NULL
2424,2025-03-26 00:00:00.000,INQ1021032,Bestolife Corporation,NULL,None,None,NULL,By Email,NULL,Auto Generated,NULL,NULL,NULL,NULL,NULL,0,NULL,2025-03-26 15:00:31.297,NULL,0,NULL,NULL,NULL,NULL,NULL,NULL,NULL,NULL,Ocean Export,1,NULL,NULL,0,NULL,,NULL,NULL,NULL,NULL,1,0,,CAM,NULL,NULL,NULL
2425,2025-03-26 00:00:00.000,INQ1021033,Ataram Oil Company,NULL,None,None,NULL,By Email,NULL,Auto Generated,NULL,NULL,NULL,NULL,NULL,0,NULL,2025-03-26 15:07:32.600,NULL,0,NULL,NULL,NULL,NULL,NULL,NULL,NULL,NULL,Ocean Export,1,NULL,NULL,0,NULL,,NULL,NULL,NULL,NULL,1,0,,CAM,NULL,NULL,NULL
2426,2025-03-26 00:00:00.000,INQ1021034,"Bigham Brothers, Inc.",NULL,None,None,NULL,By Email,NULL,Auto Generated,NULL,NULL,NULL,NULL,NULL,0,NULL,2025-03-26 15:11:33.140,NULL,0,NULL,NULL,NULL,NULL,NULL,NULL,NULL,NULL,Ocean Export,1,NULL,NULL,0,NULL,,NULL,NULL,NULL,NULL,1,0,,CAM,NULL,NULL,NULL
2427,2025-03-26 00:00:00.000,INQ1021035,Mitchell Mill Systems Canada Ltd.,NULL,None,None,NULL,By Email,NULL,Auto Generated,NULL,NULL,NULL,NULL,NULL,0,NULL,2025-03-26 15:17:09.640,NULL,0,NULL,NULL,NULL,NULL,NULL,NULL,NULL,NULL,Ocean Export,1,NULL,NULL,0,NULL,,NULL,NULL,NULL,NULL,1,0,,CAM,NULL,NULL,NULL
2428,2025-03-26 00:00:00.000,INQ1021036,Haifa Group,NULL,None,None,NULL,By Email,NULL,Auto Generated,NULL,NULL,NULL,NULL,NULL,0,NULL,2025-03-26 15:19:34.770,NULL,0,NULL,NULL,NULL,NULL,NULL,NULL,NULL,NULL,Ocean Export,1,NULL,NULL,0,NULL,,NULL,NULL,NULL,NULL,1,0,,CAM,NULL,NULL,NULL
2429,2025-03-26 00:00:00.000,INQ1021037,Montag Manufacturing,NULL,None,None,NULL,By Email,NULL,Auto Generated,NULL,NULL,NULL,NULL,NULL,0,NULL,2025-03-26 15:21:54.147,NULL,0,NULL,NULL,NULL,NULL,NULL,NULL,NULL,NULL,Ocean Export,1,NULL,NULL,0,NULL,,NULL,NULL,NULL,NULL,1,0,,CAM,NULL,NULL,NULL
2430,2025-03-26 00:00:00.000,INQ1021038,The Dallas Group of America,NULL,None,None,NULL,By Email,NULL,Auto Generated,NULL,NULL,NULL,NULL,NULL,0,NULL,2025-03-26 15:26:46.323,NULL,0,NULL,NULL,NULL,NULL,NULL,NULL,NULL,NULL,Ocean Export,1,NULL,NULL,0,NULL,,NULL,NULL,NULL,NULL,1,0,,CAM,NULL,NULL,NULL
2431,2025-03-26 00:00:00.000,INQ1021039,Masterblend International,NULL,None,None,NULL,By Email,NULL,Auto Generated,NULL,NULL,NULL,NULL,NULL,0,NULL,2025-03-26 15:33:54.303,NULL,0,NULL,NULL,NULL,NULL,NULL,NULL,NULL,NULL,Ocean Export,1,NULL,NULL,0,NULL,,NULL,NULL,NULL,NULL,1,0,,CAM,NULL,NULL,NULL
2432,2025-03-27 00:00:00.000,INQ1021049,"Dongguan Hongcheng Import & Export Co., Ltd.",NULL,None,None,NULL,By Email,NULL,Auto Generated,NULL,NULL,NULL,NULL,NULL,0,NULL,2025-03-27 11:46:59.860,NULL,0,NULL,NULL,NULL,NULL,NULL,NULL,NULL,NULL,Ocean Export,1,NULL,NULL,0,NULL,,NULL,NULL,NULL,NULL,1,0,,MUMBAI (MUM),NULL,NULL,NULL
2433,2025-03-27 00:00:00.000,INQ1021050,Al Falah Electromechanical Industrial,NULL,None,None,NULL,By Email,NULL,Auto Generated,NULL,NULL,NULL,NULL,NULL,0,NULL,2025-03-27 11:51:45.717,NULL,0,NULL,NULL,NULL,NULL,NULL,NULL,NULL,NULL,Ocean Export,1,NULL,NULL,0,NULL,,NULL,NULL,NULL,NULL,1,0,,MUMBAI (MUM),NULL,NULL,NULL
2434,2025-03-28 00:00:00.000,INQ1021066,Gogo Shipping,NULL,None,None,NULL,By Email,NULL,Auto Generated,NULL,NULL,NULL,NULL,NULL,0,NULL,2025-03-28 14:55:38.920,NULL,0,NULL,NULL,NULL,NULL,NULL,NULL,NULL,NULL,Ocean Export,1,NULL,NULL,0,NULL,,NULL,NULL,NULL,NULL,1,0,,MUMBAI (MUM),NULL,NULL,NULL
2435,2025-03-29 00:00:00.000,INQ1021073,Team Alli,NULL,None,None,NULL,By Email,NULL,Auto Generated,NULL,NULL,NULL,NULL,NULL,0,NULL,2025-03-29 02:48:48.247,NULL,1,NULL,NULL,NULL,NULL,NULL,NULL,NULL,NULL,Ocean Export,1,NULL,NULL,0,NULL,,duplicate,NULL,NULL,NULL,1,0,,New Jersey (EWR),NULL,NULL,NULL
2436,2025-03-29 00:00:00.000,INQ1021074,Bridge Tronic,NULL,None,None,NULL,By Email,NULL,Auto Generated,NULL,NULL,NULL,NULL,NULL,0,NULL,2025-03-29 02:51:25.260,NULL,1,NULL,NULL,NULL,NULL,NULL,NULL,NULL,NULL,Ocean Export,1,NULL,NULL,0,NULL,,duplicate,NULL,NULL,NULL,1,0,,New Jersey (EWR),NULL,NULL,NULL
2437,2025-03-29 00:00:00.000,INQ1021075,American Piping Products,NULL,None,None,NULL,By Email,NULL,Auto Generated,NULL,NULL,NULL,NULL,NULL,0,NULL,2025-03-29 02:57:59.640,NULL,1,NULL,NULL,NULL,NULL,NULL,NULL,NULL,NULL,Ocean Export,1,NULL,NULL,0,NULL,,duplicate,NULL,NULL,NULL,1,0,,New Jersey (EWR),NULL,NULL,NULL
2438,2025-03-29 00:00:00.000,INQ1021076,AGCO,NULL,None,None,NULL,By Email,NULL,Auto Generated,NULL,NULL,NULL,NULL,NULL,0,NULL,2025-03-29 02:59:59.017,NULL,1,NULL,NULL,NULL,NULL,NULL,NULL,NULL,NULL,Ocean Export,1,NULL,NULL,0,NULL,,duplicate,NULL,NULL,NULL,1,0,,New Jersey (EWR),NULL,NULL,NULL
2439,2025-03-29 00:00:00.000,INQ1021077,Dirt Dog Manufacturing,NULL,None,None,NULL,By Email,NULL,Auto Generated,NULL,NULL,NULL,NULL,NULL,0,NULL,2025-03-29 03:05:47.170,NULL,1,NULL,NULL,NULL,NULL,NULL,NULL,NULL,NULL,Ocean Export,1,NULL,NULL,0,NULL,,duplicate,NULL,NULL,NULL,1,0,,New Jersey (EWR),NULL,NULL,NULL
2440,2025-03-29 00:00:00.000,INQ1021078,Tigé Boats,NULL,None,None,NULL,By Email,NULL,Auto Generated,NULL,NULL,NULL,NULL,NULL,0,NULL,2025-03-29 03:08:19.690,NULL,0,NULL,NULL,NULL,NULL,NULL,NULL,NULL,NULL,Ocean Export,1,NULL,NULL,0,NULL,,NULL,NULL,NULL,NULL,1,0,,New Jersey (EWR),NULL,NULL,NULL
2441,2025-03-29 00:00:00.000,INQ1021079,Arif Al Ashoor,NULL,None,None,NULL,By Email,NULL,Auto Generated,NULL,NULL,NULL,NULL,NULL,0,NULL,2025-03-29 03:10:01.613,NULL,1,NULL,NULL,NULL,NULL,NULL,NULL,NULL,NULL,Ocean Export,1,NULL,NULL,0,NULL,,duplicate,NULL,NULL,NULL,1,0,,New Jersey (EWR),NULL,NULL,NULL
2442,2025-03-29 00:00:00.000,INQ1021080,A A TRADING CO LTD,NULL,None,None,NULL,By Email,NULL,Auto Generated,NULL,NULL,NULL,NULL,NULL,0,NULL,2025-03-29 03:14:18.890,NULL,1,NULL,NULL,NULL,NULL,NULL,NULL,NULL,NULL,Ocean Export,1,NULL,NULL,0,NULL,,duplicate,NULL,NULL,NULL,1,0,,New Jersey (EWR),NULL,NULL,NULL
2443,2025-03-29 00:00:00.000,INQ1021081,A AND J DISTRIBUTORS INC,NULL,None,None,NULL,By Email,NULL,Auto Generated,NULL,NULL,NULL,NULL,NULL,0,NULL,2025-03-29 03:16:37.500,NULL,1,NULL,NULL,NULL,NULL,NULL,NULL,NULL,NULL,Ocean Export,1,NULL,NULL,0,NULL,,duplicate,NULL,NULL,NULL,1,0,,New Jersey (EWR),NULL,NULL,NULL
2444,2025-03-29 00:00:00.000,INQ1021082,United Import Export Corp.,NULL,None,None,NULL,By Email,NULL,Auto Generated,NULL,NULL,NULL,NULL,NULL,0,NULL,2025-03-29 03:21:34.310,NULL,1,NULL,NULL,NULL,NULL,NULL,NULL,NULL,NULL,Ocean Export,1,NULL,NULL,0,NULL,,duplicate,NULL,NULL,NULL,1,0,,New Jersey (EWR),NULL,NULL,NULL
2445,2025-03-29 00:00:00.000,INQ1021083,"SHAARS International, Inc.",NULL,None,None,NULL,By Email,NULL,Auto Generated,NULL,NULL,NULL,NULL,NULL,0,NULL,2025-03-29 03:23:50.870,NULL,1,NULL,NULL,NULL,NULL,NULL,NULL,NULL,NULL,Ocean Export,1,NULL,NULL,0,NULL,,duplicate,NULL,NULL,NULL,1,0,,New Jersey (EWR),NULL,NULL,NULL
2446,2025-03-29 00:00:00.000,INQ1021084,"Stawski Distributing Co., INC",NULL,None,None,NULL,By Email,NULL,Auto Generated,NULL,NULL,NULL,NULL,NULL,0,NULL,2025-03-29 03:25:44.500,NULL,1,NULL,NULL,NULL,NULL,NULL,NULL,NULL,NULL,Ocean Export,1,NULL,NULL,0,NULL,,duplicate,NULL,NULL,NULL,1,0,,New Jersey (EWR),NULL,NULL,NULL
2447,2025-03-29 00:00:00.000,INQ1021085,WEC International,NULL,None,None,NULL,By Email,NULL,Auto Generated,NULL,NULL,NULL,NULL,NULL,0,NULL,2025-03-29 03:27:38.113,NULL,1,NULL,NULL,NULL,NULL,NULL,NULL,NULL,NULL,Ocean Export,1,NULL,NULL,0,NULL,,duplicate,NULL,NULL,NULL,1,0,,New Jersey (EWR),NULL,NULL,NULL
2448,2025-03-29 00:00:00.000,INQ1021086,Hemaditya Impex & Shipping,NULL,None,None,NULL,By Email,NULL,Auto Generated,NULL,NULL,NULL,NULL,NULL,0,NULL,2025-03-29 03:29:38.983,NULL,0,NULL,NULL,NULL,NULL,NULL,NULL,NULL,NULL,Ocean Export,1,NULL,NULL,0,NULL,,NULL,NULL,NULL,NULL,1,0,,Sales & Marketing,NULL,NULL,NULL
2449,2025-03-29 00:00:00.000,INQ1021087,TEST COMPANY,NULL,None,None,NULL,By Email,NULL,i,NULL,NULL,NULL,NULL,NULL,0,NULL,2025-03-29 13:35:12.210,NULL,0,NULL,NULL,NULL,NULL,NULL,NULL,NULL,NULL,Ocean Export,1,NULL,NULL,0,NULL,1234,NULL,NULL,NULL,NULL,1,1,,CAIRO (CAI),NULL,NULL,NULL
2450,2025-03-29 00:00:00.000,INQ1021088,TEST2,NULL,None,None,NULL,By Email,NULL,t,NULL,NULL,NULL,NULL,NULL,0,NULL,2025-03-29 13:38:18.410,2025-10-07 11:28:54.990,0,NULL,NULL,NULL,NULL,NULL,NULL,NULL,NULL,Ocean Export,1,NULL,NULL,0,NULL,1234,NULL,NULL,NULL,NULL,1,0,n,CAIRO (CAI),NULL,NULL,NULL
2453,2025-04-01 00:00:00.000,INQ1021110,TBC COPIERS,NULL,None,None,NULL,By Email,NULL,Auto Generated,NULL,NULL,NULL,NULL,NULL,0,NULL,2025-04-01 17:37:36.683,NULL,0,NULL,NULL,NULL,NULL,NULL,NULL,NULL,NULL,Ocean Export,1,NULL,NULL,0,NULL,,NULL,NULL,NULL,NULL,1,0,,Sales & Marketing,NULL,NULL,NULL
2454,2025-04-01 00:00:00.000,INQ1021111,"INTERCOM GROUP,INC.",NULL,None,None,NULL,By Email,NULL,Auto Generated,NULL,NULL,NULL,NULL,NULL,0,NULL,2025-04-01 18:46:08.923,NULL,0,NULL,NULL,NULL,NULL,NULL,NULL,NULL,NULL,Ocean Export,1,NULL,NULL,0,NULL,,NULL,NULL,NULL,NULL,1,0,,Sales & Marketing,NULL,NULL,NULL
2455,2025-04-01 00:00:00.000,INQ1021112,Anker Industries,NULL,None,None,NULL,By Email,NULL,Auto Generated,NULL,NULL,NULL,NULL,NULL,0,NULL,2025-04-01 23:59:53.733,NULL,0,NULL,NULL,NULL,NULL,NULL,NULL,NULL,NULL,Ocean Export,1,NULL,NULL,0,NULL,,NULL,NULL,NULL,NULL,1,0,,New Jersey (EWR),NULL,NULL,NULL
2456,2025-04-02 00:00:00.000,INQ1021113,American International Electric,NULL,None,None,NULL,By Email,NULL,Auto Generated,NULL,NULL,NULL,NULL,NULL,0,NULL,2025-04-02 00:00:47.940,NULL,0,NULL,NULL,NULL,NULL,NULL,NULL,NULL,NULL,Ocean Export,1,NULL,NULL,0,NULL,,NULL,NULL,NULL,NULL,1,0,,New Jersey (EWR),NULL,NULL,NULL
2457,2025-04-02 00:00:00.000,INQ1021114,"ESUPPLEMENTS, LLC",NULL,None,None,NULL,By Email,NULL,Auto Generated,NULL,NULL,NULL,NULL,NULL,0,NULL,2025-04-02 00:02:48.737,NULL,0,NULL,NULL,NULL,NULL,NULL,NULL,NULL,NULL,Ocean Export,1,NULL,NULL,0,NULL,,NULL,NULL,NULL,NULL,1,0,,New Jersey (EWR),NULL,NULL,NULL
2458,2025-04-02 00:00:00.000,INQ1021115,ABN Amex Heavy Projects Pvt Ltd,NULL,None,None,NULL,By Email,NULL,Auto Generated,NULL,NULL,NULL,NULL,NULL,0,NULL,2025-04-02 00:04:06.710,NULL,0,NULL,NULL,NULL,NULL,NULL,NULL,NULL,NULL,Ocean Export,1,NULL,NULL,0,NULL,,NULL,NULL,NULL,NULL,1,0,,Sales & Marketing,NULL,NULL,NULL
2459,2025-04-02 00:00:00.000,INQ1021116,Ace Express Logistics Private LTD.,NULL,None,None,NULL,By Email,NULL,Auto Generated,NULL,NULL,NULL,NULL,NULL,0,NULL,2025-04-02 00:05:06.600,NULL,0,NULL,NULL,NULL,NULL,NULL,NULL,NULL,NULL,Ocean Export,1,NULL,NULL,0,NULL,,NULL,NULL,NULL,NULL,1,0,,Sales & Marketing,NULL,NULL,NULL
2460,2025-04-02 00:00:00.000,INQ1021117,Bee Logistics,NULL,None,None,NULL,By Email,NULL,Auto Generated,NULL,NULL,NULL,NULL,NULL,0,NULL,2025-04-02 00:16:22.890,NULL,0,NULL,NULL,NULL,NULL,NULL,NULL,NULL,NULL,Ocean Export,1,NULL,NULL,0,NULL,,NULL,NULL,NULL,NULL,1,0,,Inside Sales Group,NULL,NULL,NULL
2461,2025-04-02 00:00:00.000,INQ1021118,Beyond 3PL S de RL de CV,NULL,None,None,NULL,By Email,NULL,Auto Generated,NULL,NULL,NULL,NULL,NULL,0,NULL,2025-04-02 00:17:01.013,NULL,0,NULL,NULL,NULL,NULL,NULL,NULL,NULL,NULL,Ocean Export,1,NULL,NULL,0,NULL,,NULL,NULL,NULL,NULL,1,0,,Inside Sales Group,NULL,NULL,NULL
2462,2025-04-02 00:00:00.000,INQ1021119,Birds Multimodal Services Limited,NULL,None,None,NULL,By Email,NULL,Auto Generated,NULL,NULL,NULL,NULL,NULL,0,NULL,2025-04-02 00:17:49.220,NULL,0,NULL,NULL,NULL,NULL,NULL,NULL,NULL,NULL,Ocean Export,1,NULL,NULL,0,NULL,,NULL,NULL,NULL,NULL,1,0,,Inside Sales Group,NULL,NULL,NULL
2463,2025-04-02 00:00:00.000,INQ1021120,TBC COPIERS,NULL,None,None,NULL,By Email,NULL,"I should contact Steve Libenson 570-947-1532 former owner of TBC Copiers.
 Should I also contact Dave Manager of Buying & Selling 570-602-1640?
     
Please see below the contact details of STEVE LIBENSON who was the former owner of TBC Copiers.
(570)-947-1532.
 
This is the contact information for TBC Copiers.
 Name: Dave
Designation: Manager for Buying & Selling
Contact Number: 570.602.1640
The latest update with his case is that Nathan shared the quotation with him but he has not responded.",NULL,NULL,NULL,NULL,NULL,0,NULL,2025-04-02 10:36:42.740,2025-10-31 09:44:25.930,0,NULL,NULL,NULL,NULL,NULL,NULL,NULL,NULL,Ocean Export,1,NULL,NULL,0,NULL,,NULL,NULL,NULL,NULL,1,0,,Sales & Marketing,NULL,NULL,NULL
2464,2025-04-02 00:00:00.000,INQ1021121,RINON ELECTRONIC TECHNOLOGY USA LLC,NULL,None,None,NULL,By Email,NULL,Auto Generated,NULL,NULL,NULL,NULL,NULL,0,NULL,2025-04-02 11:06:53.243,2025-06-05 16:31:30.460,0,NULL,NULL,NULL,NULL,NULL,NULL,NULL,NULL,Ocean Export,1,NULL,NULL,0,NULL,,NULL,NULL,NULL,NULL,1,0,,Sales & Marketing,NULL,NULL,NULL
2465,2025-04-02 00:00:00.000,INQ1021122,Mohawk  machinery Inc.,NULL,None,None,NULL,By Email,NULL,Auto Generated,NULL,NULL,NULL,NULL,NULL,0,NULL,2025-04-02 11:17:31.683,2025-06-05 16:33:58.630,0,NULL,NULL,NULL,NULL,NULL,NULL,NULL,NULL,Ocean Export,1,NULL,NULL,0,NULL,,NULL,NULL,NULL,NULL,1,0,,Sales & Marketing,NULL,NULL,NULL
2466,2025-04-02 00:00:00.000,INQ1021124,THE STABLES LOGISTICS,NULL,None,None,NULL,By Email,NULL,Auto Generated,NULL,NULL,NULL,NULL,NULL,0,NULL,2025-04-02 14:43:18.030,2025-10-07 11:31:21.040,0,NULL,NULL,NULL,NULL,NULL,NULL,NULL,NULL,Ocean Export,1,NULL,NULL,0,NULL,,NULL,NULL,NULL,NULL,1,0,,Sales & Marketing,NULL,NULL,NULL
2467,2025-04-04 00:00:00.000,INQ1021136,"123 Security Products, Inc.",NULL,None,None,NULL,By Email,NULL,Auto Generated,NULL,NULL,NULL,NULL,NULL,0,NULL,2025-04-04 10:34:47.630,NULL,0,NULL,NULL,NULL,NULL,NULL,NULL,NULL,NULL,Ocean Export,1,NULL,NULL,0,NULL,,NULL,NULL,NULL,NULL,1,0,,Sales & Marketing,NULL,NULL,NULL
2468,2025-04-04 00:00:00.000,INQ1021138,DEUS International Global Logi,NULL,None,None,NULL,By Email,NULL,Auto Generated,NULL,NULL,NULL,NULL,NULL,0,NULL,2025-04-04 15:51:09.810,NULL,0,NULL,NULL,NULL,NULL,NULL,NULL,NULL,NULL,Ocean Export,1,NULL,NULL,0,NULL,,NULL,NULL,NULL,NULL,1,0,,Hamid Hussaini,NULL,NULL,NULL
2470,2025-04-07 00:00:00.000,INQ1021140,"Bifold,",NULL,None,None,NULL,By Email,NULL,Auto Generated,NULL,NULL,NULL,NULL,NULL,0,NULL,2025-04-07 11:47:34.657,NULL,0,NULL,NULL,NULL,NULL,NULL,NULL,NULL,NULL,Ocean Export,1,NULL,NULL,0,NULL,,NULL,NULL,NULL,NULL,1,0,,Sales & Marketing,NULL,NULL,NULL
2471,2025-04-07 00:00:00.000,INQ1021141,Vaidehi rayons,NULL,None,None,NULL,By Email,NULL,Auto Generated,NULL,NULL,NULL,NULL,NULL,0,NULL,2025-04-07 13:21:56.977,NULL,0,NULL,NULL,NULL,NULL,NULL,NULL,NULL,NULL,Ocean Export,1,NULL,NULL,0,NULL,,NULL,NULL,NULL,NULL,1,0,,New Jersey (EWR),NULL,NULL,NULL
2472,2025-04-07 00:00:00.000,INQ1021142,RPP Containers,NULL,None,None,NULL,By Email,NULL,Auto Generated,NULL,NULL,NULL,NULL,NULL,0,NULL,2025-04-07 13:29:35.007,NULL,0,NULL,NULL,NULL,NULL,NULL,NULL,NULL,NULL,Ocean Export,1,NULL,NULL,0,NULL,,NULL,NULL,NULL,NULL,1,0,,Sales & Marketing,NULL,NULL,NULL
2473,2025-04-07 00:00:00.000,INQ1021143,Dasell,NULL,None,None,NULL,By Email,NULL,Auto Generated,NULL,NULL,NULL,NULL,NULL,0,NULL,2025-04-07 14:43:33.870,NULL,0,NULL,NULL,NULL,NULL,NULL,NULL,NULL,NULL,Ocean Export,1,NULL,NULL,0,NULL,,NULL,NULL,NULL,NULL,1,0,,Sales & Marketing,NULL,NULL,NULL
2474,2025-04-07 00:00:00.000,INQ1021144,Chemtan Co Inc Headquarters,NULL,None,None,NULL,By Email,NULL,Auto Generated,NULL,NULL,NULL,NULL,NULL,0,NULL,2025-04-07 14:49:33.287,NULL,0,NULL,NULL,NULL,NULL,NULL,NULL,NULL,NULL,Ocean Export,1,NULL,NULL,0,NULL,,NULL,NULL,NULL,NULL,1,0,,Sales & Marketing,NULL,NULL,NULL
2475,2025-04-07 00:00:00.000,INQ1021145,"Manufacturer’s Resources, Inc.",NULL,None,None,NULL,By Email,NULL,Auto Generated,NULL,NULL,NULL,NULL,NULL,0,NULL,2025-04-07 14:55:34.200,NULL,0,NULL,NULL,NULL,NULL,NULL,NULL,NULL,NULL,Ocean Export,1,NULL,NULL,0,NULL,,NULL,NULL,NULL,NULL,1,0,,Sales & Marketing,NULL,NULL,NULL
2476,2025-04-07 00:00:00.000,INQ1021147,"KSB GIW, Inc.",NULL,None,None,NULL,By Email,NULL,Auto Generated,NULL,NULL,NULL,NULL,NULL,0,NULL,2025-04-07 15:09:33.437,NULL,0,NULL,NULL,NULL,NULL,NULL,NULL,NULL,NULL,Ocean Export,1,NULL,NULL,0,NULL,,NULL,NULL,NULL,NULL,1,0,,Sales & Marketing,NULL,NULL,NULL
2477,2025-04-07 00:00:00.000,INQ1021148,Integrated Recycling Technologies,NULL,None,None,NULL,By Email,NULL,Auto Generated,NULL,NULL,NULL,NULL,NULL,0,NULL,2025-04-07 15:21:33.917,NULL,0,NULL,NULL,NULL,NULL,NULL,NULL,NULL,NULL,Ocean Export,1,NULL,NULL,0,NULL,,NULL,NULL,NULL,NULL,1,0,,Sales & Marketing,NULL,NULL,NULL
2478,2025-04-07 00:00:00.000,INQ1021150,BNSF,NULL,None,None,NULL,By Email,NULL,Auto Generated,NULL,NULL,NULL,NULL,NULL,0,NULL,2025-04-07 15:45:47.043,NULL,0,NULL,NULL,NULL,NULL,NULL,NULL,NULL,NULL,Ocean Export,1,NULL,NULL,0,NULL,,NULL,NULL,NULL,NULL,1,0,,Sales & Marketing,NULL,NULL,NULL
2479,2025-04-07 00:00:00.000,INQ1021151,General Cable,NULL,None,None,NULL,By Email,NULL,Auto Generated,NULL,NULL,NULL,NULL,NULL,0,NULL,2025-04-07 15:53:35.047,NULL,0,NULL,NULL,NULL,NULL,NULL,NULL,NULL,NULL,Ocean Export,1,NULL,NULL,0,NULL,,NULL,NULL,NULL,NULL,1,0,,Sales & Marketing,NULL,NULL,NULL
2481,2025-04-07 00:00:00.000,INQ1021153,"Garrison Flood Control Systems, LLC.",NULL,None,None,NULL,By Email,NULL,Auto Generated,NULL,NULL,NULL,NULL,NULL,0,NULL,2025-04-07 17:56:48.080,NULL,0,NULL,NULL,NULL,NULL,NULL,NULL,NULL,NULL,Ocean Export,1,NULL,NULL,0,NULL,,NULL,NULL,NULL,NULL,1,0,,Sales & Marketing,NULL,NULL,NULL
2483,2025-04-08 00:00:00.000,INQ1021155,Ahmed Ali Al-Fraij Establishment for Trade,NULL,None,None,NULL,By Email,NULL,Auto Generated,NULL,NULL,NULL,NULL,NULL,0,NULL,2025-04-08 09:23:41.907,NULL,0,NULL,NULL,NULL,NULL,NULL,NULL,NULL,NULL,Ocean Export,1,NULL,NULL,0,NULL,,NULL,NULL,NULL,NULL,1,0,,BHOPAL (BHO),NULL,NULL,NULL
2484,2025-04-08 00:00:00.000,INQ1021156,Zircon Solutions LLC,NULL,None,None,NULL,By Email,NULL,Auto Generated,NULL,NULL,NULL,NULL,NULL,0,NULL,2025-04-08 09:29:04.530,NULL,0,NULL,NULL,NULL,NULL,NULL,NULL,NULL,NULL,Ocean Export,1,NULL,NULL,0,NULL,,NULL,NULL,NULL,NULL,1,0,,BHOPAL (BHO),NULL,NULL,NULL
2485,2025-04-09 00:00:00.000,INQ1021164,"Advanced Industrial Services, Inc.",NULL,None,None,NULL,By Email,NULL,Auto Generated,NULL,NULL,NULL,NULL,NULL,0,NULL,2025-04-09 16:08:34.170,NULL,0,NULL,NULL,NULL,NULL,NULL,NULL,NULL,NULL,Ocean Export,1,NULL,NULL,0,NULL,,NULL,NULL,NULL,NULL,1,0,,New Jersey (EWR),NULL,NULL,NULL
2486,2025-04-09 00:00:00.000,INQ1021165,"Advanced Industrial Services, Inc.",NULL,None,None,NULL,By Email,NULL,Auto Generated,NULL,NULL,NULL,NULL,NULL,0,NULL,2025-04-09 16:13:49.613,NULL,0,NULL,NULL,NULL,NULL,NULL,NULL,NULL,NULL,Ocean Export,1,NULL,NULL,0,NULL,,NULL,NULL,NULL,NULL,1,0,,Sales & Marketing,NULL,NULL,NULL
2487,2025-04-09 00:00:00.000,INQ1021166,Foreman's Machinery Movers,NULL,None,None,NULL,By Email,NULL,"James Foreman
james@foremansmm.com 561 – 234 – 8758 Florida Susan Foreman
susan@foremansmm.com
919 – 426 – 9062
North Carolina",NULL,NULL,NULL,NULL,NULL,0,NULL,2025-04-09 16:18:32.990,2025-12-03 10:16:42.453,0,NULL,NULL,NULL,NULL,NULL,NULL,NULL,NULL,Ocean Export,1,NULL,NULL,0,NULL,,NULL,NULL,NULL,NULL,1,0,,Sales & Marketing,NULL,NULL,NULL
2488,2025-04-09 00:00:00.000,INQ1021168,Foreman’s Machinery Movers,NULL,None,None,NULL,By Email,NULL,Auto Generated,NULL,NULL,NULL,NULL,NULL,0,NULL,2025-04-09 16:24:06.287,NULL,1,NULL,NULL,NULL,NULL,NULL,NULL,NULL,NULL,Ocean Export,1,NULL,NULL,0,NULL,,duplicate,NULL,NULL,NULL,1,0,,Sales & Marketing,NULL,NULL,NULL
2489,2025-04-09 00:00:00.000,INQ1021169,MIDWAY MACHINERY MOVERS,NULL,None,None,NULL,By Email,NULL,Auto Generated,NULL,NULL,NULL,NULL,NULL,0,NULL,2025-04-09 16:30:40.867,2025-08-04 17:07:26.793,0,NULL,NULL,NULL,NULL,NULL,NULL,NULL,NULL,Ocean Export,1,NULL,NULL,0,NULL,,NULL,NULL,NULL,NULL,1,0,,Sales & Marketing,NULL,NULL,NULL
2490,2025-04-09 00:00:00.000,INQ1021170,Specialty Rigging Co.,NULL,None,None,NULL,By Email,NULL,Auto Generated,NULL,NULL,NULL,NULL,NULL,0,NULL,2025-04-09 16:40:37.923,NULL,0,NULL,NULL,NULL,NULL,NULL,NULL,NULL,NULL,Ocean Export,1,NULL,NULL,0,NULL,,NULL,NULL,NULL,NULL,1,0,,Sales & Marketing,NULL,NULL,NULL
2491,2025-04-09 00:00:00.000,INQ1021171,Specialty Rigging Co.,NULL,None,None,NULL,By Email,NULL,Auto Generated,NULL,NULL,NULL,NULL,NULL,0,NULL,2025-04-09 16:43:29.657,NULL,0,NULL,NULL,NULL,NULL,NULL,NULL,NULL,NULL,Ocean Export,1,NULL,NULL,0,NULL,,NULL,NULL,NULL,NULL,1,0,,New Jersey (EWR),NULL,NULL,NULL
2492,2025-04-11 00:00:00.000,INQ1021175,Aspinwall and Company Limited,NULL,None,None,NULL,By Email,NULL,Auto Generated,NULL,NULL,NULL,NULL,NULL,0,NULL,2025-04-11 09:37:39.447,NULL,0,NULL,NULL,NULL,NULL,NULL,NULL,NULL,NULL,Ocean Export,1,NULL,NULL,0,NULL,,NULL,NULL,NULL,NULL,1,0,,New Jersey (EWR),NULL,NULL,NULL
2493,2025-04-11 00:00:00.000,INQ1021183,Al MAS NAIF TRADING LLC,NULL,None,None,NULL,By Email,NULL,Auto Generated,NULL,NULL,NULL,NULL,NULL,0,NULL,2025-04-11 20:58:51.007,NULL,0,NULL,NULL,NULL,NULL,NULL,NULL,NULL,NULL,Ocean Export,1,NULL,NULL,0,NULL,,NULL,NULL,NULL,NULL,1,0,,Sales & Marketing,NULL,NULL,NULL
2494,2025-04-11 00:00:00.000,INQ1021184,Industrial Engineer,NULL,None,None,NULL,By Email,NULL,Auto Generated,NULL,NULL,NULL,NULL,NULL,0,NULL,2025-04-11 21:13:12.343,NULL,0,NULL,NULL,NULL,NULL,NULL,NULL,NULL,NULL,Ocean Export,1,NULL,NULL,0,NULL,,NULL,NULL,NULL,NULL,1,0,,Sales & Marketing,NULL,NULL,NULL
2495,2025-04-11 00:00:00.000,INQ1021185,NCI Canada,NULL,None,None,NULL,By Email,NULL,Auto Generated,NULL,NULL,NULL,NULL,NULL,0,NULL,2025-04-11 21:27:39.997,NULL,0,NULL,NULL,NULL,NULL,NULL,NULL,NULL,NULL,Ocean Export,1,NULL,NULL,0,NULL,,NULL,NULL,NULL,NULL,1,0,,Sales & Marketing,NULL,NULL,NULL
2496,2025-04-11 00:00:00.000,INQ1021186,SWISS CARGO - IAD,NULL,None,None,NULL,By Email,NULL,Auto Generated,NULL,NULL,NULL,NULL,NULL,0,NULL,2025-04-11 21:38:21.353,NULL,0,NULL,NULL,NULL,NULL,NULL,NULL,NULL,NULL,Ocean Export,1,NULL,NULL,0,NULL,,NULL,NULL,NULL,NULL,1,0,,Sales & Marketing,NULL,NULL,NULL
2497,2025-04-11 00:00:00.000,INQ1021187,Janel Group,NULL,None,None,NULL,By Email,NULL,Auto Generated,NULL,NULL,NULL,NULL,NULL,0,NULL,2025-04-11 21:53:00.913,NULL,0,NULL,NULL,NULL,NULL,NULL,NULL,NULL,NULL,Ocean Export,1,NULL,NULL,0,NULL,,NULL,NULL,NULL,NULL,1,0,,Sales & Marketing,NULL,NULL,NULL
2498,2025-04-11 00:00:00.000,INQ1021188,Concordia Publishing House,NULL,None,None,NULL,By Email,NULL,Auto Generated,NULL,NULL,NULL,NULL,NULL,0,NULL,2025-04-11 22:09:03.283,NULL,0,NULL,NULL,NULL,NULL,NULL,NULL,NULL,NULL,Ocean Export,1,NULL,NULL,0,NULL,,NULL,NULL,NULL,NULL,1,0,,Sales & Marketing,NULL,NULL,NULL
2499,2025-04-12 00:00:00.000,INQ1021189,Couch's RV Nation,NULL,None,None,NULL,By Email,NULL,Auto Generated,NULL,NULL,NULL,NULL,NULL,0,NULL,2025-04-12 13:02:04.203,NULL,0,NULL,NULL,NULL,NULL,NULL,NULL,NULL,NULL,Ocean Export,1,NULL,NULL,0,NULL,,NULL,NULL,NULL,NULL,1,0,,Sales & Marketing,NULL,NULL,NULL
2500,2025-04-12 00:00:00.000,INQ1021190,SOME’S UNIFORMS,NULL,None,None,NULL,By Email,NULL,Auto Generated,NULL,NULL,NULL,NULL,NULL,0,NULL,2025-04-12 22:59:49.660,NULL,0,NULL,NULL,NULL,NULL,NULL,NULL,NULL,NULL,Ocean Export,1,NULL,NULL,0,NULL,,NULL,NULL,NULL,NULL,1,0,,Sales & Marketing,NULL,NULL,NULL
2501,2025-04-12 00:00:00.000,INQ1021191,Ruiz Food Products Inc,NULL,None,None,NULL,By Email,NULL,Auto Generated,NULL,NULL,NULL,NULL,NULL,0,NULL,2025-04-12 23:06:45.657,NULL,0,NULL,NULL,NULL,NULL,NULL,NULL,NULL,NULL,Ocean Export,1,NULL,NULL,0,NULL,,NULL,NULL,NULL,NULL,1,0,,Sales & Marketing,NULL,NULL,NULL
2502,2025-04-12 00:00:00.000,INQ1021192,True Value Company,NULL,None,None,NULL,By Email,NULL,Auto Generated,NULL,NULL,NULL,NULL,NULL,0,NULL,2025-04-12 23:20:02.707,NULL,0,NULL,NULL,NULL,NULL,NULL,NULL,NULL,NULL,Ocean Export,1,NULL,NULL,0,NULL,,NULL,NULL,NULL,NULL,1,0,,Sales & Marketing,NULL,NULL,NULL
2503,2025-04-12 00:00:00.000,INQ1021193,TE Connectivity,NULL,None,None,NULL,By Email,NULL,Auto Generated,NULL,NULL,NULL,NULL,NULL,0,NULL,2025-04-12 23:30:42.883,NULL,0,NULL,NULL,NULL,NULL,NULL,NULL,NULL,NULL,Ocean Export,1,NULL,NULL,0,NULL,,NULL,NULL,NULL,NULL,1,0,,Sales & Marketing,NULL,NULL,NULL
2504,2025-04-12 00:00:00.000,INQ1021194,Owen Printing Company,NULL,None,None,NULL,By Email,NULL,Auto Generated,NULL,NULL,NULL,NULL,NULL,0,NULL,2025-04-12 23:37:31.327,NULL,0,NULL,NULL,NULL,NULL,NULL,NULL,NULL,NULL,Ocean Export,1,NULL,NULL,0,NULL,,NULL,NULL,NULL,NULL,1,0,,Sales & Marketing,NULL,NULL,NULL
2505,2025-04-12 00:00:00.000,INQ1021195,Lau Holdings LLC    c/o GlobalTranz,NULL,None,None,NULL,By Email,NULL,Auto Generated,NULL,NULL,NULL,NULL,NULL,0,NULL,2025-04-12 23:42:51.120,NULL,0,NULL,NULL,NULL,NULL,NULL,NULL,NULL,NULL,Ocean Export,1,NULL,NULL,0,NULL,,NULL,NULL,NULL,NULL,1,0,,Sales & Marketing,NULL,NULL,NULL
2506,2025-04-12 00:00:00.000,INQ1021196,"Cie International, LLC",NULL,None,None,NULL,By Email,NULL,Auto Generated,NULL,NULL,NULL,NULL,NULL,0,NULL,2025-04-12 23:47:25.250,NULL,0,NULL,NULL,NULL,NULL,NULL,NULL,NULL,NULL,Ocean Export,1,NULL,NULL,0,NULL,,NULL,NULL,NULL,NULL,1,0,,Sales & Marketing,NULL,NULL,NULL
2507,2025-04-12 00:00:00.000,INQ1021197,SAS GLOBAL CORPORATION,NULL,None,None,NULL,By Email,NULL,,NULL,NULL,NULL,NULL,NULL,0,NULL,2025-04-12 23:53:58.603,2025-11-21 14:28:01.977,0,NULL,NULL,NULL,NULL,NULL,NULL,NULL,NULL,Ocean Export,1,NULL,NULL,0,NULL,,NULL,NULL,NULL,NULL,1,0,,Sales & Marketing,NULL,NULL,NULL
2508,2025-04-14 00:00:00.000,INQ1021200,NEXUS CHAIN LOGISTICS,NULL,None,None,NULL,By Email,NULL,Auto Generated,NULL,NULL,NULL,NULL,NULL,0,NULL,2025-04-14 13:44:47.357,NULL,0,NULL,NULL,NULL,NULL,NULL,NULL,NULL,NULL,Ocean Export,1,NULL,NULL,0,NULL,,NULL,NULL,NULL,NULL,1,0,,New Jersey (EWR),NULL,NULL,NULL
2509,2025-04-14 00:00:00.000,INQ1021201,BACHVIETGROUP.net,NULL,None,None,NULL,By Email,NULL,Auto Generated,NULL,NULL,NULL,NULL,NULL,0,NULL,2025-04-14 13:50:42.697,NULL,0,NULL,NULL,NULL,NULL,NULL,NULL,NULL,NULL,Ocean Export,1,NULL,NULL,0,NULL,,NULL,NULL,NULL,NULL,1,0,,New Jersey (EWR),NULL,NULL,NULL
2510,2025-04-14 00:00:00.000,INQ1021202,"PLATO LOGISTICS CO., LTD",NULL,None,None,NULL,By Email,NULL,Auto Generated,NULL,NULL,NULL,NULL,NULL,0,NULL,2025-04-14 14:00:16.773,NULL,0,NULL,NULL,NULL,NULL,NULL,NULL,NULL,NULL,Ocean Export,1,NULL,NULL,0,NULL,,NULL,NULL,NULL,NULL,1,0,,New Jersey (EWR),NULL,NULL,NULL
2511,2025-04-16 00:00:00.000,INQ1021213,CWT Turkey,NULL,None,None,NULL,By Email,NULL,Auto Generated,NULL,NULL,NULL,NULL,NULL,0,NULL,2025-04-16 10:35:28.057,NULL,0,NULL,NULL,NULL,NULL,NULL,NULL,NULL,NULL,Ocean Export,1,NULL,NULL,0,NULL,,NULL,NULL,NULL,NULL,1,0,,New Jersey (EWR),NULL,NULL,NULL
2512,2025-04-18 00:00:00.000,INQ1021228,COSTA LOGISTICS,NULL,None,None,NULL,By Email,NULL,Auto Generated,NULL,NULL,NULL,NULL,NULL,0,NULL,2025-04-18 12:33:06.730,NULL,0,NULL,NULL,NULL,NULL,NULL,NULL,NULL,NULL,Ocean Export,1,NULL,NULL,0,NULL,,NULL,NULL,NULL,NULL,1,0,,New Jersey (EWR),NULL,NULL,NULL
2513,2025-04-21 00:00:00.000,INQ1021232,ONEGLOBE LOGISTICS PTE. LTD.,NULL,None,None,NULL,By Email,NULL,Auto Generated,NULL,NULL,NULL,NULL,NULL,0,NULL,2025-04-21 09:17:01.343,NULL,0,NULL,NULL,NULL,NULL,NULL,NULL,NULL,NULL,Ocean Export,1,NULL,NULL,0,NULL,,NULL,NULL,NULL,NULL,1,0,,New Jersey (EWR),NULL,NULL,NULL
2514,2025-04-22 00:00:00.000,INQ1021243,Parallel Path Logistics,NULL,None,None,NULL,By Email,NULL,Auto Generated,NULL,NULL,NULL,NULL,NULL,0,NULL,2025-04-22 15:04:28.727,NULL,0,NULL,NULL,NULL,NULL,NULL,NULL,NULL,NULL,Ocean Export,1,NULL,NULL,0,NULL,,NULL,NULL,NULL,NULL,1,0,,MUMBAI (MUM),NULL,NULL,NULL
2515,2025-04-22 00:00:00.000,INQ1021250,SCHEIDER INDUSTRIES,NULL,None,None,NULL,By Email,NULL,Auto Generated,NULL,NULL,NULL,NULL,NULL,0,NULL,2025-04-22 17:56:34.060,NULL,0,NULL,NULL,NULL,NULL,NULL,NULL,NULL,NULL,Ocean Export,1,NULL,NULL,0,NULL,,NULL,NULL,NULL,NULL,1,0,,New Jersey (EWR),NULL,NULL,NULL
2516,2025-04-22 00:00:00.000,INQ1021251,"Mid-Atlantic Lift Systems, Inc.",NULL,None,None,NULL,By Email,NULL,Auto Generated,NULL,NULL,NULL,NULL,NULL,0,NULL,2025-04-22 18:08:45.777,NULL,1,NULL,NULL,NULL,NULL,NULL,NULL,NULL,NULL,Ocean Export,1,NULL,NULL,0,NULL,,Duplicate,NULL,NULL,NULL,1,0,,Sales & Marketing,NULL,NULL,NULL
2517,2025-04-23 00:00:00.000,INQ1021253,H LOGISTICS,NULL,None,None,NULL,By Email,NULL,Auto Generated,NULL,NULL,NULL,NULL,NULL,0,NULL,2025-04-23 11:07:40.913,NULL,0,NULL,NULL,NULL,NULL,NULL,NULL,NULL,NULL,Ocean Export,1,NULL,NULL,0,NULL,,NULL,NULL,NULL,NULL,1,0,,New Jersey (EWR),NULL,NULL,NULL
2518,2025-04-23 00:00:00.000,INQ1021254,Leda Engineering Services cc,NULL,None,None,NULL,By Email,NULL,Auto Generated,NULL,NULL,NULL,NULL,NULL,0,NULL,2025-04-23 11:15:41.700,NULL,0,NULL,NULL,NULL,NULL,NULL,NULL,NULL,NULL,Ocean Export,1,NULL,NULL,0,NULL,,NULL,NULL,NULL,NULL,1,0,,New Jersey (EWR),NULL,NULL,NULL
2519,2025-04-28 00:00:00.000,INQ1021273,Arrow Industrial Equipment,NULL,None,None,NULL,By Email,NULL,Auto Generated,NULL,NULL,NULL,NULL,NULL,0,NULL,2025-04-28 21:52:48.213,NULL,0,NULL,NULL,NULL,NULL,NULL,NULL,NULL,NULL,Ocean Export,1,NULL,NULL,0,NULL,,NULL,NULL,NULL,NULL,1,0,,New Jersey (EWR),NULL,NULL,NULL
2520,2025-04-28 00:00:00.000,INQ1021274,Michele Guarneri,NULL,None,None,NULL,By Email,NULL,Auto Generated,NULL,NULL,NULL,NULL,NULL,0,NULL,2025-04-28 21:55:28.940,NULL,0,NULL,NULL,NULL,NULL,NULL,NULL,NULL,NULL,Ocean Export,1,NULL,NULL,0,NULL,,NULL,NULL,NULL,NULL,1,0,,New Jersey (EWR),NULL,NULL,NULL
2521,2025-04-29 00:00:00.000,INQ1021278,Holmco Container & Fabricating LLC,NULL,None,None,NULL,By Email,NULL,Auto Generated,NULL,NULL,NULL,NULL,NULL,0,NULL,2025-04-29 13:35:19.440,NULL,0,NULL,NULL,NULL,NULL,NULL,NULL,NULL,NULL,Ocean Export,1,NULL,NULL,0,NULL,,NULL,NULL,NULL,NULL,1,0,,New Jersey (EWR),NULL,NULL,NULL
2522,2025-04-30 00:00:00.000,INQ1021289,61 Transport Matthews,NULL,None,None,NULL,By Email,NULL,Auto Generated,NULL,NULL,NULL,NULL,NULL,0,NULL,2025-04-30 13:36:14.030,NULL,0,NULL,NULL,NULL,NULL,NULL,NULL,NULL,NULL,Ocean Export,1,NULL,NULL,0,NULL,,NULL,NULL,NULL,NULL,1,0,,MUMBAI (MUM),NULL,NULL,NULL
2523,2025-04-30 00:00:00.000,INQ1021296,"Machinery Unlimited, LLC",NULL,None,None,NULL,By Email,NULL,Auto Generated,NULL,NULL,NULL,NULL,NULL,0,NULL,2025-04-30 17:58:40.380,NULL,0,NULL,NULL,NULL,NULL,NULL,NULL,NULL,NULL,Ocean Export,1,NULL,NULL,0,NULL,,NULL,NULL,NULL,NULL,1,0,,Sales & Marketing,NULL,NULL,NULL
2524,2025-05-01 00:00:00.000,INQ1021302,Future Computer Systems,NULL,None,None,NULL,By Email,NULL,Auto Generated,NULL,NULL,NULL,NULL,NULL,0,NULL,2025-05-01 10:50:43.070,NULL,0,NULL,NULL,NULL,NULL,NULL,NULL,NULL,NULL,Ocean Export,1,NULL,NULL,0,NULL,,NULL,NULL,NULL,NULL,1,0,,New Jersey (EWR),NULL,NULL,NULL
2525,2025-05-01 00:00:00.000,INQ1021303,Quasytech Inc.,NULL,None,None,NULL,By Email,NULL,Auto Generated,NULL,NULL,NULL,NULL,NULL,0,NULL,2025-05-01 10:56:00.730,NULL,0,NULL,NULL,NULL,NULL,NULL,NULL,NULL,NULL,Ocean Export,1,NULL,NULL,0,NULL,,NULL,NULL,NULL,NULL,1,0,,Sales & Marketing,NULL,NULL,NULL
2526,2025-05-01 00:00:00.000,INQ1021304,Vermont Locomotive Works LLC,NULL,None,None,NULL,By Email,NULL,Auto Generated,NULL,NULL,NULL,NULL,NULL,0,NULL,2025-05-01 11:02:43.983,NULL,0,NULL,NULL,NULL,NULL,NULL,NULL,NULL,NULL,Ocean Export,1,NULL,NULL,0,NULL,,NULL,NULL,NULL,NULL,1,0,,New Jersey (EWR),NULL,NULL,NULL
2527,2025-05-01 00:00:00.000,INQ1021305,Camco,NULL,None,None,NULL,By Email,NULL,Auto Generated,NULL,NULL,NULL,NULL,NULL,0,NULL,2025-05-01 11:07:39.650,NULL,0,NULL,NULL,NULL,NULL,NULL,NULL,NULL,NULL,Ocean Export,1,NULL,NULL,0,NULL,,NULL,NULL,NULL,NULL,1,0,,New Jersey (EWR),NULL,NULL,NULL
2528,2025-05-01 00:00:00.000,INQ1021306,Super Traders,NULL,None,None,NULL,By Email,NULL,Auto Generated,NULL,NULL,NULL,NULL,NULL,0,NULL,2025-05-01 11:11:19.160,NULL,0,NULL,NULL,NULL,NULL,NULL,NULL,NULL,NULL,Ocean Export,1,NULL,NULL,0,NULL,,NULL,NULL,NULL,NULL,1,0,,New Jersey (EWR),NULL,NULL,NULL
2529,2025-05-01 00:00:00.000,INQ1021307,Global Import &amp; Export Trading LLC,NULL,None,None,NULL,By Email,NULL,Auto Generated,NULL,NULL,NULL,NULL,NULL,0,NULL,2025-05-01 11:26:42.707,NULL,0,NULL,NULL,NULL,NULL,NULL,NULL,NULL,NULL,Ocean Export,1,NULL,NULL,0,NULL,,NULL,NULL,NULL,NULL,1,0,,New Jersey (EWR),NULL,NULL,NULL
2530,2025-05-01 00:00:00.000,INQ1021308,Global biz llc,NULL,None,None,NULL,By Email,NULL,Auto Generated,NULL,NULL,NULL,NULL,NULL,0,NULL,2025-05-01 11:29:22.240,NULL,0,NULL,NULL,NULL,NULL,NULL,NULL,NULL,NULL,Ocean Export,1,NULL,NULL,0,NULL,,NULL,NULL,NULL,NULL,1,0,,New Jersey (EWR),NULL,NULL,NULL
2531,2025-05-01 00:00:00.000,INQ1021309,Baker Hughes,NULL,None,None,NULL,By Email,NULL,Auto Generated,NULL,NULL,NULL,NULL,NULL,0,NULL,2025-05-01 11:36:54.420,NULL,0,NULL,NULL,NULL,NULL,NULL,NULL,NULL,NULL,Ocean Export,1,NULL,NULL,0,NULL,,NULL,NULL,NULL,NULL,1,0,,New Jersey (EWR),NULL,NULL,NULL
2532,2025-05-01 00:00:00.000,INQ1021310,HOT METAL DESIGN,NULL,None,None,NULL,By Email,NULL,Auto Generated,NULL,NULL,NULL,NULL,NULL,0,NULL,2025-05-01 11:43:06.817,NULL,0,NULL,NULL,NULL,NULL,NULL,NULL,NULL,NULL,Ocean Export,1,NULL,NULL,0,NULL,,NULL,NULL,NULL,NULL,1,0,,New Jersey (EWR),NULL,NULL,NULL
2533,2025-05-01 00:00:00.000,INQ1021314,HiRel Connectors Inc.,NULL,None,None,NULL,By Email,NULL,Auto Generated,NULL,NULL,NULL,NULL,NULL,0,NULL,2025-05-01 11:59:26.903,NULL,0,NULL,NULL,NULL,NULL,NULL,NULL,NULL,NULL,Ocean Export,1,NULL,NULL,0,NULL,,NULL,NULL,NULL,NULL,1,0,,New Jersey (EWR),NULL,NULL,NULL
2534,2025-05-02 00:00:00.000,INQ1021321,Rga General trading,NULL,None,None,NULL,By Email,NULL,Auto Generated,NULL,NULL,NULL,NULL,NULL,0,NULL,2025-05-02 11:19:13.523,NULL,0,NULL,NULL,NULL,NULL,NULL,NULL,NULL,NULL,Ocean Export,1,NULL,NULL,0,NULL,,NULL,NULL,NULL,NULL,1,0,,New Jersey (EWR),NULL,NULL,NULL
2535,2025-05-02 00:00:00.000,INQ1021322,OMR by Guarneri,NULL,None,None,NULL,By Email,NULL,Auto Generated,NULL,NULL,NULL,NULL,NULL,0,NULL,2025-05-02 11:25:25.937,NULL,0,NULL,NULL,NULL,NULL,NULL,NULL,NULL,NULL,Ocean Export,1,NULL,NULL,0,NULL,,NULL,NULL,NULL,NULL,1,0,,New Jersey (EWR),NULL,NULL,NULL
2536,2025-05-02 00:00:00.000,INQ1021323,Rishi,NULL,None,None,NULL,By Email,NULL,Auto Generated,NULL,NULL,NULL,NULL,NULL,0,NULL,2025-05-02 11:55:15.743,NULL,0,NULL,NULL,NULL,NULL,NULL,NULL,NULL,NULL,Ocean Export,1,NULL,NULL,0,NULL,,NULL,NULL,NULL,NULL,1,0,,New Jersey (EWR),NULL,NULL,NULL
2537,2025-05-02 00:00:00.000,INQ1021326,Guido(Italy),NULL,None,None,NULL,By Email,NULL,Auto Generated,NULL,NULL,NULL,NULL,NULL,0,NULL,2025-05-02 12:48:28.413,NULL,0,NULL,NULL,NULL,NULL,NULL,NULL,NULL,NULL,Ocean Export,1,NULL,NULL,0,NULL,,NULL,NULL,NULL,NULL,1,0,,New Jersey (EWR),NULL,NULL,NULL
2538,2025-05-02 00:00:00.000,INQ1021328,Copyland Printers,NULL,None,None,NULL,By Email,NULL,Auto Generated,NULL,NULL,NULL,NULL,NULL,0,NULL,2025-05-02 13:50:45.993,NULL,0,NULL,NULL,NULL,NULL,NULL,NULL,NULL,NULL,Ocean Export,1,NULL,NULL,0,NULL,,NULL,NULL,NULL,NULL,1,0,,New Jersey (EWR),NULL,NULL,NULL
2539,2025-05-02 00:00:00.000,INQ1021329,GROMZIA VENTURES NIG LTD,NULL,None,None,NULL,By Email,NULL,Auto Generated,NULL,NULL,NULL,NULL,NULL,0,NULL,2025-05-02 14:05:01.107,NULL,0,NULL,NULL,NULL,NULL,NULL,NULL,NULL,NULL,Ocean Export,1,NULL,NULL,0,NULL,,NULL,NULL,NULL,NULL,1,0,,New Jersey (EWR),NULL,NULL,NULL
2540,2025-05-02 00:00:00.000,INQ1021330,GOSIMPLE DESIGNS,NULL,None,None,NULL,By Email,NULL,Auto Generated,NULL,NULL,NULL,NULL,NULL,0,NULL,2025-05-02 14:40:54.527,NULL,0,NULL,NULL,NULL,NULL,NULL,NULL,NULL,NULL,Ocean Export,1,NULL,NULL,0,NULL,,NULL,NULL,NULL,NULL,1,0,,New Jersey (EWR),NULL,NULL,NULL
2541,2025-05-02 00:00:00.000,INQ1021331,Sandun Siriwardena,NULL,None,None,NULL,By Email,NULL,Auto Generated,NULL,NULL,NULL,NULL,NULL,0,NULL,2025-05-02 14:44:02.370,NULL,0,NULL,NULL,NULL,NULL,NULL,NULL,NULL,NULL,Ocean Export,1,NULL,NULL,0,NULL,,NULL,NULL,NULL,NULL,1,0,,New Jersey (EWR),NULL,NULL,NULL
2542,2025-05-02 00:00:00.000,INQ1021332,"Techlink Enterprises Co., Ltd.",NULL,None,None,NULL,By Email,NULL,Auto Generated,NULL,NULL,NULL,NULL,NULL,0,NULL,2025-05-02 14:46:52.297,NULL,0,NULL,NULL,NULL,NULL,NULL,NULL,NULL,NULL,Ocean Export,1,NULL,NULL,0,NULL,,NULL,NULL,NULL,NULL,1,0,,New Jersey (EWR),NULL,NULL,NULL
2543,2025-05-02 00:00:00.000,INQ1021333,"Molded Products, Inc.",NULL,None,None,NULL,By Email,NULL,Auto Generated,NULL,NULL,NULL,NULL,NULL,0,NULL,2025-05-02 14:52:52.600,NULL,0,NULL,NULL,NULL,NULL,NULL,NULL,NULL,NULL,Ocean Export,1,NULL,NULL,0,NULL,,NULL,NULL,NULL,NULL,1,0,,New Jersey (EWR),NULL,NULL,NULL
2544,2025-05-02 00:00:00.000,INQ1021334,Lubek for Food Industries Co.,NULL,None,None,NULL,By Email,NULL,Auto Generated,NULL,NULL,NULL,NULL,NULL,0,NULL,2025-05-02 15:02:42.520,NULL,0,NULL,NULL,NULL,NULL,NULL,NULL,NULL,NULL,Ocean Export,1,NULL,NULL,0,NULL,,NULL,NULL,NULL,NULL,1,0,,New Jersey (EWR),NULL,NULL,NULL
2545,2025-05-02 00:00:00.000,INQ1021335,Randy L. Arnold,NULL,None,None,NULL,By Email,NULL,Auto Generated,NULL,NULL,NULL,NULL,NULL,0,NULL,2025-05-02 15:05:21.013,NULL,0,NULL,NULL,NULL,NULL,NULL,NULL,NULL,NULL,Ocean Export,1,NULL,NULL,0,NULL,,NULL,NULL,NULL,NULL,1,0,,New Jersey (EWR),NULL,NULL,NULL
2546,2025-05-02 00:00:00.000,INQ1021336,Clinacaheads,NULL,None,None,NULL,By Email,NULL,Auto Generated,NULL,NULL,NULL,NULL,NULL,0,NULL,2025-05-02 16:00:43.453,NULL,0,NULL,NULL,NULL,NULL,NULL,NULL,NULL,NULL,Ocean Export,1,NULL,NULL,0,NULL,,NULL,NULL,NULL,NULL,1,0,,New Jersey (EWR),NULL,NULL,NULL
2547,2025-05-06 00:00:00.000,INQ1021345,"Jiaxing Heyuan Supply Chain CO.,Ltd",NULL,None,None,NULL,By Email,NULL,Auto Generated,NULL,NULL,NULL,NULL,NULL,0,NULL,2025-05-06 17:15:25.720,NULL,0,NULL,NULL,NULL,NULL,NULL,NULL,NULL,NULL,Ocean Export,1,NULL,NULL,0,NULL,,NULL,NULL,NULL,NULL,1,0,,New Jersey (EWR),NULL,NULL,NULL
2548,2025-05-06 00:00:00.000,INQ1021346,ANKAFREIGHT HAVA VE DENIZ TASIMACILIK A.S.,NULL,None,None,NULL,By Email,NULL,Auto Generated,NULL,NULL,NULL,NULL,NULL,0,NULL,2025-05-06 17:26:16.967,NULL,0,NULL,NULL,NULL,NULL,NULL,NULL,NULL,NULL,Ocean Export,1,NULL,NULL,0,NULL,,NULL,NULL,NULL,NULL,1,0,,New Jersey (EWR),NULL,NULL,NULL
2549,2025-05-07 00:00:00.000,INQ1021348,"Wheel WorldWide  Co., Ltd.",NULL,None,None,NULL,By Email,NULL,Auto Generated,NULL,NULL,NULL,NULL,NULL,0,NULL,2025-05-07 01:20:16.933,NULL,0,NULL,NULL,NULL,NULL,NULL,NULL,NULL,NULL,Ocean Export,1,NULL,NULL,0,NULL,,NULL,NULL,NULL,NULL,1,0,,New Jersey (EWR),NULL,NULL,NULL
2550,2025-05-07 00:00:00.000,INQ1021352,YES Logistics Corp.,NULL,None,None,NULL,By Email,NULL,Auto Generated,NULL,NULL,NULL,NULL,NULL,0,NULL,2025-05-07 10:21:15.453,NULL,0,NULL,NULL,NULL,NULL,NULL,NULL,NULL,NULL,Ocean Export,1,NULL,NULL,0,NULL,,NULL,NULL,NULL,NULL,1,0,,New Jersey (EWR),NULL,NULL,NULL
2551,2025-05-08 00:00:00.000,INQ1021360,THE LOGISTIC COMPANY,NULL,None,None,NULL,By Email,NULL,Auto Generated,NULL,NULL,NULL,NULL,NULL,0,NULL,2025-05-08 12:19:42.033,NULL,0,NULL,NULL,NULL,NULL,NULL,NULL,NULL,NULL,Ocean Export,1,NULL,NULL,0,NULL,,NULL,NULL,NULL,NULL,1,0,,New Jersey (EWR),NULL,NULL,NULL
2552,2025-05-08 00:00:00.000,INQ1021362,PACIFIC FOODS,NULL,None,None,NULL,By Email,NULL,Auto Generated,NULL,NULL,NULL,NULL,NULL,0,NULL,2025-05-08 12:51:28.163,NULL,0,NULL,NULL,NULL,NULL,NULL,NULL,NULL,NULL,Ocean Export,1,NULL,NULL,0,NULL,,NULL,NULL,NULL,NULL,1,0,,New Jersey (EWR),NULL,NULL,NULL
2553,2025-05-09 00:00:00.000,INQ1021371,Samra Al Madeena Heavy Equipment Rental L.L.C.,NULL,None,None,NULL,By Email,NULL,Auto Generated,NULL,NULL,NULL,NULL,NULL,0,NULL,2025-05-09 10:00:47.463,NULL,0,NULL,NULL,NULL,NULL,NULL,NULL,NULL,NULL,Ocean Export,1,NULL,NULL,0,NULL,,NULL,NULL,NULL,NULL,1,0,,MUMBAI (MUM),NULL,NULL,NULL
2554,2025-05-09 00:00:00.000,INQ1021374,Injection Moulding and Tooling Services,NULL,None,None,NULL,By Email,NULL,Auto Generated,NULL,NULL,NULL,NULL,NULL,0,NULL,2025-05-09 10:13:53.060,NULL,0,NULL,NULL,NULL,NULL,NULL,NULL,NULL,NULL,Ocean Export,1,NULL,NULL,0,NULL,,NULL,NULL,NULL,NULL,1,0,,MUMBAI (MUM),NULL,NULL,NULL
2555,2025-05-12 00:00:00.000,INQ1021390,"XINNUOYUAN INTERNATIONAL LOGISTIC  CO.,LIMITED",NULL,None,None,NULL,By Email,NULL,Auto Generated,NULL,NULL,NULL,NULL,NULL,0,NULL,2025-05-12 12:33:35.457,NULL,0,NULL,NULL,NULL,NULL,NULL,NULL,NULL,NULL,Ocean Export,1,NULL,NULL,0,NULL,,NULL,NULL,NULL,NULL,1,0,,New Jersey (EWR),NULL,NULL,NULL
2556,2025-05-13 00:00:00.000,INQ1021397,"Milwhite, Inc.",NULL,None,None,NULL,By Email,NULL,Auto Generated,NULL,NULL,NULL,NULL,NULL,0,NULL,2025-05-13 14:55:43.103,NULL,0,NULL,NULL,NULL,NULL,NULL,NULL,NULL,NULL,Ocean Export,1,NULL,NULL,0,NULL,,NULL,NULL,NULL,NULL,1,0,,New Jersey (EWR),NULL,NULL,NULL
2557,2025-05-13 00:00:00.000,INQ1021398,QUALITY TUBING NOV,NULL,None,None,NULL,By Email,NULL,Auto Generated,NULL,NULL,NULL,NULL,NULL,0,NULL,2025-05-13 14:56:40.837,NULL,0,NULL,NULL,NULL,NULL,NULL,NULL,NULL,NULL,Ocean Export,1,NULL,NULL,0,NULL,,NULL,NULL,NULL,NULL,1,0,,New Jersey (EWR),NULL,NULL,NULL
2558,2025-05-13 00:00:00.000,INQ1021399,World Deal Traders,NULL,None,None,NULL,By Email,NULL,Auto Generated,NULL,NULL,NULL,NULL,NULL,0,NULL,2025-05-13 14:57:20.883,NULL,0,NULL,NULL,NULL,NULL,NULL,NULL,NULL,NULL,Ocean Export,1,NULL,NULL,0,NULL,,NULL,NULL,NULL,NULL,1,0,,Sales & Marketing,NULL,NULL,NULL
2559,2025-05-13 00:00:00.000,INQ1021400,RINON ELECTRONIC TECHNOLOGY USA LLC,NULL,None,None,NULL,By Email,NULL,Auto Generated,NULL,NULL,NULL,NULL,NULL,0,NULL,2025-05-13 14:57:41.237,NULL,0,NULL,NULL,NULL,NULL,NULL,NULL,NULL,NULL,Ocean Export,1,NULL,NULL,0,NULL,,NULL,NULL,NULL,NULL,1,0,,New Jersey (EWR),NULL,NULL,NULL
2560,2025-05-13 00:00:00.000,INQ1021401,Levante World Cargo Sl,NULL,None,None,NULL,By Email,NULL,Auto Generated,NULL,NULL,NULL,NULL,NULL,0,NULL,2025-05-13 14:59:41.483,NULL,0,NULL,NULL,NULL,NULL,NULL,NULL,NULL,NULL,Ocean Export,1,NULL,NULL,0,NULL,,NULL,NULL,NULL,NULL,1,0,,New Jersey (EWR),NULL,NULL,NULL
2561,2025-05-13 00:00:00.000,INQ1021402,KERVAN USA LLC,NULL,None,None,NULL,By Email,NULL,Auto Generated,NULL,NULL,NULL,NULL,NULL,0,NULL,2025-05-13 15:00:59.147,NULL,0,NULL,NULL,NULL,NULL,NULL,NULL,NULL,NULL,Ocean Export,1,NULL,NULL,0,NULL,,NULL,NULL,NULL,NULL,1,0,,New Jersey (EWR),NULL,NULL,NULL
2562,2025-05-13 00:00:00.000,INQ1021403,Star Milling Co.,NULL,None,None,NULL,By Email,NULL,Auto Generated,NULL,NULL,NULL,NULL,NULL,0,NULL,2025-05-13 15:12:57.913,NULL,0,NULL,NULL,NULL,NULL,NULL,NULL,NULL,NULL,Ocean Export,1,NULL,NULL,0,NULL,,NULL,NULL,NULL,NULL,1,0,,New Jersey (EWR),NULL,NULL,NULL
2563,2025-05-13 00:00:00.000,INQ1021404,Huffman Finishing Co Inc,NULL,None,None,NULL,By Email,NULL,Auto Generated,NULL,NULL,NULL,NULL,NULL,0,NULL,2025-05-13 15:18:24.197,NULL,0,NULL,NULL,NULL,NULL,NULL,NULL,NULL,NULL,Ocean Export,1,NULL,NULL,0,NULL,,NULL,NULL,NULL,NULL,1,0,,New Jersey (EWR),NULL,NULL,NULL
2564,2025-05-15 00:00:00.000,INQ1021410,"Carbon Graphite Materials, Inc.",NULL,None,None,NULL,By Email,NULL,Auto Generated,NULL,NULL,NULL,NULL,NULL,0,NULL,2025-05-15 12:45:57.740,NULL,0,NULL,NULL,NULL,NULL,NULL,NULL,NULL,NULL,Ocean Export,1,NULL,NULL,0,NULL,,NULL,NULL,NULL,NULL,1,0,,New Jersey (EWR),NULL,NULL,NULL
2565,2025-05-15 00:00:00.000,INQ1021411,ATMOS TECHNOLOGIES,NULL,None,None,NULL,By Email,NULL,Auto Generated,NULL,NULL,NULL,NULL,NULL,0,NULL,2025-05-15 12:50:07.387,NULL,0,NULL,NULL,NULL,NULL,NULL,NULL,NULL,NULL,Ocean Export,1,NULL,NULL,0,NULL,,NULL,NULL,NULL,NULL,1,0,,Inside Sales Group,NULL,NULL,NULL
2566,2025-05-15 00:00:00.000,INQ1021412,ReGo Trading,NULL,None,None,NULL,By Email,NULL,Auto Generated,NULL,NULL,NULL,NULL,NULL,0,NULL,2025-05-15 12:54:21.953,NULL,0,NULL,NULL,NULL,NULL,NULL,NULL,NULL,NULL,Ocean Export,1,NULL,NULL,0,NULL,,NULL,NULL,NULL,NULL,1,0,,New Jersey (EWR),NULL,NULL,NULL
2567,2025-05-15 00:00:00.000,INQ1021413,"Rain Carbon, Inc.",NULL,None,None,NULL,By Email,NULL,Auto Generated,NULL,NULL,NULL,NULL,NULL,0,NULL,2025-05-15 12:55:40.363,NULL,0,NULL,NULL,NULL,NULL,NULL,NULL,NULL,NULL,Ocean Export,1,NULL,NULL,0,NULL,,NULL,NULL,NULL,NULL,1,0,,New Jersey (EWR),NULL,NULL,NULL
2568,2025-05-15 00:00:00.000,INQ1021414,US GLOBAL PETROLEUM,NULL,None,None,NULL,By Email,NULL,Auto Generated,NULL,NULL,NULL,NULL,NULL,0,NULL,2025-05-15 12:56:43.993,NULL,0,NULL,NULL,NULL,NULL,NULL,NULL,NULL,NULL,Ocean Export,1,NULL,NULL,0,NULL,,NULL,NULL,NULL,NULL,1,0,,New Jersey (EWR),NULL,NULL,NULL
2569,2025-05-15 00:00:00.000,INQ1021415,US Lubricants,NULL,None,None,NULL,By Email,NULL,Auto Generated,NULL,NULL,NULL,NULL,NULL,0,NULL,2025-05-15 12:58:46.827,NULL,0,NULL,NULL,NULL,NULL,NULL,NULL,NULL,NULL,Ocean Export,1,NULL,NULL,0,NULL,,NULL,NULL,NULL,NULL,1,0,,New Jersey (EWR),NULL,NULL,NULL
2570,2025-05-15 00:00:00.000,INQ1021416,Flowco Production Solutions,NULL,None,None,NULL,By Email,NULL,Auto Generated,NULL,NULL,NULL,NULL,NULL,0,NULL,2025-05-15 12:59:31.847,NULL,0,NULL,NULL,NULL,NULL,NULL,NULL,NULL,NULL,Ocean Export,1,NULL,NULL,0,NULL,,NULL,NULL,NULL,NULL,1,0,,New Jersey (EWR),NULL,NULL,NULL
2571,2025-05-15 00:00:00.000,INQ1021417,Solares Florida Corporation,NULL,None,None,NULL,By Email,NULL,Auto Generated,NULL,NULL,NULL,NULL,NULL,0,NULL,2025-05-15 13:00:46.767,NULL,0,NULL,NULL,NULL,NULL,NULL,NULL,NULL,NULL,Ocean Export,1,NULL,NULL,0,NULL,,NULL,NULL,NULL,NULL,1,0,,New Jersey (EWR),NULL,NULL,NULL
2572,2025-05-15 00:00:00.000,INQ1021418,"R.T. Vanderbilt Holding Company, Inc.",NULL,None,None,NULL,By Email,NULL,Auto Generated,NULL,NULL,NULL,NULL,NULL,0,NULL,2025-05-15 14:07:05.500,NULL,0,NULL,NULL,NULL,NULL,NULL,NULL,NULL,NULL,Ocean Export,1,NULL,NULL,0,NULL,,NULL,NULL,NULL,NULL,1,0,,New Jersey (EWR),NULL,NULL,NULL
2573,2025-05-15 00:00:00.000,INQ1021419,Ataram Oil Company,NULL,None,None,NULL,By Email,NULL,Auto Generated,NULL,NULL,NULL,NULL,NULL,0,NULL,2025-05-15 14:19:06.517,NULL,0,NULL,NULL,NULL,NULL,NULL,NULL,NULL,NULL,Ocean Export,1,NULL,NULL,0,NULL,,NULL,NULL,NULL,NULL,1,0,,New Jersey (EWR),NULL,NULL,NULL
2574,2025-05-15 00:00:00.000,INQ1021420,"Bigham Brothers, Inc.",NULL,None,None,NULL,By Email,NULL,Auto Generated,NULL,NULL,NULL,NULL,NULL,0,NULL,2025-05-15 14:19:58.520,NULL,0,NULL,NULL,NULL,NULL,NULL,NULL,NULL,NULL,Ocean Export,1,NULL,NULL,0,NULL,,NULL,NULL,NULL,NULL,1,0,,New Jersey (EWR),NULL,NULL,NULL
2575,2025-05-15 00:00:00.000,INQ1021421,Mitchell Mill Systems Canada Ltd.,NULL,None,None,NULL,By Email,NULL,Auto Generated,NULL,NULL,NULL,NULL,NULL,0,NULL,2025-05-15 14:21:00.703,NULL,0,NULL,NULL,NULL,NULL,NULL,NULL,NULL,NULL,Ocean Export,1,NULL,NULL,0,NULL,,NULL,NULL,NULL,NULL,1,0,,New Jersey (EWR),NULL,NULL,NULL
2576,2025-05-15 00:00:00.000,INQ1021422,Haifa Group,NULL,None,None,NULL,By Email,NULL,Auto Generated,NULL,NULL,NULL,NULL,NULL,0,NULL,2025-05-15 14:21:35.120,NULL,0,NULL,NULL,NULL,NULL,NULL,NULL,NULL,NULL,Ocean Export,1,NULL,NULL,0,NULL,,NULL,NULL,NULL,NULL,1,0,,New Jersey (EWR),NULL,NULL,NULL
2577,2025-05-15 00:00:00.000,INQ1021423,Montag Manufacturing,NULL,None,None,NULL,By Email,NULL,Auto Generated,NULL,NULL,NULL,NULL,NULL,0,NULL,2025-05-15 14:22:42.550,NULL,0,NULL,NULL,NULL,NULL,NULL,NULL,NULL,NULL,Ocean Export,1,NULL,NULL,0,NULL,,NULL,NULL,NULL,NULL,1,0,,New Jersey (EWR),NULL,NULL,NULL
2578,2025-05-15 00:00:00.000,INQ1021424,The Dallas Group of America,NULL,None,None,NULL,By Email,NULL,Auto Generated,NULL,NULL,NULL,NULL,NULL,0,NULL,2025-05-15 14:32:44.300,NULL,0,NULL,NULL,NULL,NULL,NULL,NULL,NULL,NULL,Ocean Export,1,NULL,NULL,0,NULL,,NULL,NULL,NULL,NULL,1,0,,New Jersey (EWR),NULL,NULL,NULL
2579,2025-05-15 00:00:00.000,INQ1021425,Masterblend International,NULL,None,None,NULL,By Email,NULL,Auto Generated,NULL,NULL,NULL,NULL,NULL,0,NULL,2025-05-15 14:34:26.753,NULL,0,NULL,NULL,NULL,NULL,NULL,NULL,NULL,NULL,Ocean Export,1,NULL,NULL,0,NULL,,NULL,NULL,NULL,NULL,1,0,,New Jersey (EWR),NULL,NULL,NULL
2580,2025-05-15 00:00:00.000,INQ1021426,Team Alli,NULL,None,None,NULL,By Email,NULL,Auto Generated,NULL,NULL,NULL,NULL,NULL,0,NULL,2025-05-15 14:34:58.440,NULL,0,NULL,NULL,NULL,NULL,NULL,NULL,NULL,NULL,Ocean Export,1,NULL,NULL,0,NULL,,NULL,NULL,NULL,NULL,1,0,,New Jersey (EWR),NULL,NULL,NULL
2581,2025-05-15 00:00:00.000,INQ1021427,Team Alli,NULL,None,None,NULL,By Email,NULL,Auto Generated,NULL,NULL,NULL,NULL,NULL,0,NULL,2025-05-15 14:38:30.490,NULL,1,NULL,NULL,NULL,NULL,NULL,NULL,NULL,NULL,Ocean Export,1,NULL,NULL,0,NULL,,duplicate,NULL,NULL,NULL,1,0,,New Jersey (EWR),NULL,NULL,NULL
2582,2025-05-15 00:00:00.000,INQ1021428,Bridge Tronic,NULL,None,None,NULL,By Email,NULL,Auto Generated,NULL,NULL,NULL,NULL,NULL,0,NULL,2025-05-15 14:42:49.050,NULL,0,NULL,NULL,NULL,NULL,NULL,NULL,NULL,NULL,Ocean Export,1,NULL,NULL,0,NULL,,NULL,NULL,NULL,NULL,1,0,,New Jersey (EWR),NULL,NULL,NULL
2583,2025-05-15 00:00:00.000,INQ1021429,American Piping Products,NULL,None,None,NULL,By Email,NULL,Auto Generated,NULL,NULL,NULL,NULL,NULL,0,NULL,2025-05-15 14:43:46.667,NULL,0,NULL,NULL,NULL,NULL,NULL,NULL,NULL,NULL,Ocean Export,1,NULL,NULL,0,NULL,,NULL,NULL,NULL,NULL,1,0,,New Jersey (EWR),NULL,NULL,NULL
2584,2025-05-15 00:00:00.000,INQ1021430,AGCO,NULL,None,None,NULL,By Email,NULL,Auto Generated,NULL,NULL,NULL,NULL,NULL,0,NULL,2025-05-15 14:44:37.983,NULL,0,NULL,NULL,NULL,NULL,NULL,NULL,NULL,NULL,Ocean Export,1,NULL,NULL,0,NULL,,NULL,NULL,NULL,NULL,1,0,,New Jersey (EWR),NULL,NULL,NULL
2585,2025-05-15 00:00:00.000,INQ1021431,Dirt Dog Manufacturing,NULL,None,None,NULL,By Email,NULL,Auto Generated,NULL,NULL,NULL,NULL,NULL,0,NULL,2025-05-15 14:46:56.390,NULL,0,NULL,NULL,NULL,NULL,NULL,NULL,NULL,NULL,Ocean Export,1,NULL,NULL,0,NULL,,NULL,NULL,NULL,NULL,1,0,,New Jersey (EWR),NULL,NULL,NULL
2586,2025-05-15 00:00:00.000,INQ1021432,Arif Al Ashoor,NULL,None,None,NULL,By Email,NULL,Auto Generated,NULL,NULL,NULL,NULL,NULL,0,NULL,2025-05-15 14:49:45.200,NULL,0,NULL,NULL,NULL,NULL,NULL,NULL,NULL,NULL,Ocean Export,1,NULL,NULL,0,NULL,,NULL,NULL,NULL,NULL,1,0,,New Jersey (EWR),NULL,NULL,NULL
2587,2025-05-15 00:00:00.000,INQ1021433,A A TRADING CO LTD,NULL,None,None,NULL,By Email,NULL,Auto Generated,NULL,NULL,NULL,NULL,NULL,0,NULL,2025-05-15 14:50:26.970,NULL,0,NULL,NULL,NULL,NULL,NULL,NULL,NULL,NULL,Ocean Export,1,NULL,NULL,0,NULL,,NULL,NULL,NULL,NULL,1,0,,New Jersey (EWR),NULL,NULL,NULL
2588,2025-05-15 00:00:00.000,INQ1021434,A AND J DISTRIBUTORS INC,NULL,None,None,NULL,By Email,NULL,Auto Generated,NULL,NULL,NULL,NULL,NULL,0,NULL,2025-05-15 14:51:38.993,NULL,0,NULL,NULL,NULL,NULL,NULL,NULL,NULL,NULL,Ocean Export,1,NULL,NULL,0,NULL,,NULL,NULL,NULL,NULL,1,0,,New Jersey (EWR),NULL,NULL,NULL
2589,2025-05-15 00:00:00.000,INQ1021435,My Imports USA LLC,NULL,None,None,NULL,By Email,NULL,Auto Generated,NULL,NULL,NULL,NULL,NULL,0,NULL,2025-05-15 14:52:30.960,NULL,0,NULL,NULL,NULL,NULL,NULL,NULL,NULL,NULL,Ocean Export,1,NULL,NULL,0,NULL,,NULL,NULL,NULL,NULL,1,0,,New Jersey (EWR),NULL,NULL,NULL
2590,2025-05-15 00:00:00.000,INQ1021436,United Import Export Corp.,NULL,None,None,NULL,By Email,NULL,Auto Generated,NULL,NULL,NULL,NULL,NULL,0,NULL,2025-05-15 14:53:24.270,NULL,0,NULL,NULL,NULL,NULL,NULL,NULL,NULL,NULL,Ocean Export,1,NULL,NULL,0,NULL,,NULL,NULL,NULL,NULL,1,0,,New Jersey (EWR),NULL,NULL,NULL
2591,2025-05-15 00:00:00.000,INQ1021437,United Import Export Corp.,NULL,None,None,NULL,By Email,NULL,Auto Generated,NULL,NULL,NULL,NULL,NULL,0,NULL,2025-05-15 14:53:51.647,NULL,1,NULL,NULL,NULL,NULL,NULL,NULL,NULL,NULL,Ocean Export,1,NULL,NULL,0,NULL,,duplicate,NULL,NULL,NULL,1,0,,New Jersey (EWR),NULL,NULL,NULL
2592,2025-05-15 00:00:00.000,INQ1021438,United Import Export Corp.,NULL,None,None,NULL,By Email,NULL,Auto Generated,NULL,NULL,NULL,NULL,NULL,0,NULL,2025-05-15 14:54:01.620,NULL,1,NULL,NULL,NULL,NULL,NULL,NULL,NULL,NULL,Ocean Export,1,NULL,NULL,0,NULL,,duplicate,NULL,NULL,NULL,1,0,,New Jersey (EWR),NULL,NULL,NULL
2593,2025-05-15 00:00:00.000,INQ1021439,"SHAARS International, Inc.",NULL,None,None,NULL,By Email,NULL,Auto Generated,NULL,NULL,NULL,NULL,NULL,0,NULL,2025-05-15 14:55:20.800,NULL,0,NULL,NULL,NULL,NULL,NULL,NULL,NULL,NULL,Ocean Export,1,NULL,NULL,0,NULL,,NULL,NULL,NULL,NULL,1,0,,New Jersey (EWR),NULL,NULL,NULL
2594,2025-05-15 00:00:00.000,INQ1021440,"Stawski Distributing Co., INC",NULL,None,None,NULL,By Email,NULL,Auto Generated,NULL,NULL,NULL,NULL,NULL,0,NULL,2025-05-15 14:56:15.480,NULL,0,NULL,NULL,NULL,NULL,NULL,NULL,NULL,NULL,Ocean Export,1,NULL,NULL,0,NULL,,NULL,NULL,NULL,NULL,1,0,,New Jersey (EWR),NULL,NULL,NULL
2595,2025-05-15 00:00:00.000,INQ1021441,WEC International,NULL,None,None,NULL,By Email,NULL,Auto Generated,NULL,NULL,NULL,NULL,NULL,0,NULL,2025-05-15 14:57:09.613,NULL,0,NULL,NULL,NULL,NULL,NULL,NULL,NULL,NULL,Ocean Export,1,NULL,NULL,0,NULL,,NULL,NULL,NULL,NULL,1,0,,New Jersey (EWR),NULL,NULL,NULL
2596,2025-05-15 00:00:00.000,INQ1021442,Baharistan Used Cars Tr. L.L.C.,NULL,None,None,NULL,By Email,NULL,Auto Generated,NULL,NULL,NULL,NULL,NULL,0,NULL,2025-05-15 16:24:41.840,NULL,0,NULL,NULL,NULL,NULL,NULL,NULL,NULL,NULL,Ocean Export,1,NULL,NULL,0,NULL,,NULL,NULL,NULL,NULL,1,0,,Sales & Marketing,NULL,NULL,NULL
2597,2025-05-21 00:00:00.000,INQ1021456,John Dickinson & Co (W.I.) Ltd,NULL,None,None,NULL,By Email,NULL,Auto Generated,NULL,NULL,NULL,NULL,NULL,0,NULL,2025-05-21 14:07:35.160,NULL,0,NULL,NULL,NULL,NULL,NULL,NULL,NULL,NULL,Ocean Export,1,NULL,NULL,0,NULL,,NULL,NULL,NULL,NULL,1,0,,MUMBAI (MUM),NULL,NULL,NULL
2598,2025-05-21 00:00:00.000,INQ1021459,MJ FASHIONS,NULL,None,None,NULL,By Email,NULL,Auto Generated,NULL,NULL,NULL,NULL,NULL,0,NULL,2025-05-21 15:35:40.410,NULL,0,NULL,NULL,NULL,NULL,NULL,NULL,NULL,NULL,Ocean Export,1,NULL,NULL,0,NULL,,NULL,NULL,NULL,NULL,1,0,,MUMBAI (MUM),NULL,NULL,NULL
2599,2025-05-22 00:00:00.000,INQ1021463,TRANSGLOBAL PERU CARGO,NULL,None,None,NULL,By Email,NULL,Auto Generated,NULL,NULL,NULL,NULL,NULL,0,NULL,2025-05-22 22:53:16.723,NULL,0,NULL,NULL,NULL,NULL,NULL,NULL,NULL,NULL,Ocean Export,1,NULL,NULL,0,NULL,,NULL,NULL,NULL,NULL,1,0,,Hamid Hussaini,NULL,NULL,NULL
2600,2025-05-22 00:00:00.000,INQ1021464,BK Group,NULL,None,None,NULL,By Email,NULL,Auto Generated,NULL,NULL,NULL,NULL,NULL,0,NULL,2025-05-22 22:54:20.340,NULL,0,NULL,NULL,NULL,NULL,NULL,NULL,NULL,NULL,Ocean Export,1,NULL,NULL,0,NULL,,NULL,NULL,NULL,NULL,1,0,,Inside Sales Group,NULL,NULL,NULL
2601,2025-05-22 00:00:00.000,INQ1021465,Tesla Car,NULL,None,None,NULL,By Email,NULL,Auto Generated,NULL,NULL,NULL,NULL,NULL,0,NULL,2025-05-22 22:57:04.830,NULL,0,NULL,NULL,NULL,NULL,NULL,NULL,NULL,NULL,Ocean Export,1,NULL,NULL,0,NULL,,NULL,NULL,NULL,NULL,1,0,,New Jersey (EWR),NULL,NULL,NULL
2602,2025-05-22 00:00:00.000,INQ1021466,Standard Motor Products Inc,NULL,None,None,NULL,By Email,NULL,Auto Generated,NULL,NULL,NULL,NULL,NULL,0,NULL,2025-05-22 22:58:04.670,NULL,0,NULL,NULL,NULL,NULL,NULL,NULL,NULL,NULL,Ocean Export,1,NULL,NULL,0,NULL,,NULL,NULL,NULL,NULL,1,0,,New Jersey (EWR),NULL,NULL,NULL
2603,2025-05-22 00:00:00.000,INQ1021467,"Shenzhen Win-share Supply Chain Management Co.,Ltd",NULL,None,None,NULL,By Email,NULL,Auto Generated,NULL,NULL,NULL,NULL,NULL,0,NULL,2025-05-22 22:58:57.350,NULL,0,NULL,NULL,NULL,NULL,NULL,NULL,NULL,NULL,Ocean Export,1,NULL,NULL,0,NULL,,NULL,NULL,NULL,NULL,1,0,,New Jersey (EWR),NULL,NULL,NULL
2604,2025-05-22 00:00:00.000,INQ1021468,RSA Global,NULL,None,None,NULL,By Email,NULL,Auto Generated,NULL,NULL,NULL,NULL,NULL,0,NULL,2025-05-22 22:59:45.320,NULL,0,NULL,NULL,NULL,NULL,NULL,NULL,NULL,NULL,Ocean Export,1,NULL,NULL,0,NULL,,NULL,NULL,NULL,NULL,1,0,,Hamid Hussaini,NULL,NULL,NULL
2605,2025-05-22 00:00:00.000,INQ1021469,MARKO SERVICE Sp. z o.o.,NULL,None,None,NULL,By Email,NULL,Auto Generated,NULL,NULL,NULL,NULL,NULL,0,NULL,2025-05-22 23:01:35.443,NULL,0,NULL,NULL,NULL,NULL,NULL,NULL,NULL,NULL,Ocean Export,1,NULL,NULL,0,NULL,,NULL,NULL,NULL,NULL,1,0,,New Jersey (EWR),NULL,NULL,NULL
2606,2025-05-22 00:00:00.000,INQ1021470,Green Suites Hotels Solutions,NULL,None,None,NULL,By Email,NULL,Auto Generated,NULL,NULL,NULL,NULL,NULL,0,NULL,2025-05-22 23:03:28.800,NULL,0,NULL,NULL,NULL,NULL,NULL,NULL,NULL,NULL,Ocean Export,1,NULL,NULL,0,NULL,,NULL,NULL,NULL,NULL,1,0,,New Jersey (EWR),NULL,NULL,NULL
2607,2025-05-22 00:00:00.000,INQ1021471,Gensun,NULL,None,None,NULL,By Email,NULL,Auto Generated,NULL,NULL,NULL,NULL,NULL,0,NULL,2025-05-22 23:04:17.653,NULL,0,NULL,NULL,NULL,NULL,NULL,NULL,NULL,NULL,Ocean Export,1,NULL,NULL,0,NULL,,NULL,NULL,NULL,NULL,1,0,,New Jersey (EWR),NULL,NULL,NULL
2608,2025-05-22 00:00:00.000,INQ1021472,Chicken Al Dimashqi,NULL,None,None,NULL,By Email,NULL,Auto Generated,NULL,NULL,NULL,NULL,NULL,0,NULL,2025-05-22 23:05:05.253,NULL,0,NULL,NULL,NULL,NULL,NULL,NULL,NULL,NULL,Ocean Export,1,NULL,NULL,0,NULL,,NULL,NULL,NULL,NULL,1,0,,New Jersey (EWR),NULL,NULL,NULL
2609,2025-05-22 00:00:00.000,INQ1021473,Camel Shipping Agency,NULL,None,None,NULL,By Email,NULL,Auto Generated,NULL,NULL,NULL,NULL,NULL,0,NULL,2025-05-22 23:06:36.793,NULL,0,NULL,NULL,NULL,NULL,NULL,NULL,NULL,NULL,Ocean Export,1,NULL,NULL,0,NULL,,NULL,NULL,NULL,NULL,1,0,,New Jersey (EWR),NULL,NULL,NULL
2610,2025-05-22 00:00:00.000,INQ1021474,Arena Worldwide Logistics Pvt Ltd,NULL,None,None,NULL,By Email,NULL,Auto Generated,NULL,NULL,NULL,NULL,NULL,0,NULL,2025-05-22 23:07:41.547,NULL,0,NULL,NULL,NULL,NULL,NULL,NULL,NULL,NULL,Ocean Export,1,NULL,NULL,0,NULL,,NULL,NULL,NULL,NULL,1,0,,Inside Sales Group,NULL,NULL,NULL
2611,2025-05-22 00:00:00.000,INQ1021475,Alkather Logistics,NULL,None,None,NULL,By Email,NULL,Auto Generated,NULL,NULL,NULL,NULL,NULL,0,NULL,2025-05-22 23:10:51.247,NULL,0,NULL,NULL,NULL,NULL,NULL,NULL,NULL,NULL,Ocean Export,1,NULL,NULL,0,NULL,,NULL,NULL,NULL,NULL,1,0,,Inside Sales Group,NULL,NULL,NULL
2612,2025-05-22 00:00:00.000,INQ1021476,Aimos Logistics,NULL,None,None,NULL,By Email,NULL,Auto Generated,NULL,NULL,NULL,NULL,NULL,0,NULL,2025-05-22 23:12:30.023,NULL,0,NULL,NULL,NULL,NULL,NULL,NULL,NULL,NULL,Ocean Export,1,NULL,NULL,0,NULL,,NULL,NULL,NULL,NULL,1,0,,Inside Sales Group,NULL,NULL,NULL
2613,2025-05-23 00:00:00.000,INQ1021480,A.J.S. Company S.A.R.L.,NULL,None,None,NULL,By Email,NULL,Auto Generated,NULL,NULL,NULL,NULL,NULL,0,NULL,2025-05-23 15:55:35.837,NULL,0,NULL,NULL,NULL,NULL,NULL,NULL,NULL,NULL,Ocean Export,1,NULL,NULL,0,NULL,,NULL,NULL,NULL,NULL,1,0,,MUMBAI (MUM),NULL,NULL,NULL
2614,2025-05-27 00:00:00.000,INQ1021481,Go Gauge Logistics Group,NULL,None,None,NULL,By Email,NULL,Auto Generated,NULL,NULL,NULL,NULL,NULL,0,NULL,2025-05-27 11:45:35.413,NULL,0,NULL,NULL,NULL,NULL,NULL,NULL,NULL,NULL,Ocean Export,1,NULL,NULL,0,NULL,,NULL,NULL,NULL,NULL,1,0,,New Jersey (EWR),NULL,NULL,NULL
2615,2025-05-29 00:00:00.000,INQ1021494,MIYAM SHIPPING AND LOGISTICS,NULL,None,None,NULL,By Email,NULL,Auto Generated,NULL,NULL,NULL,NULL,NULL,0,NULL,2025-05-29 13:37:35.070,NULL,0,NULL,NULL,NULL,NULL,NULL,NULL,NULL,NULL,Ocean Export,1,NULL,NULL,0,NULL,,NULL,NULL,NULL,NULL,1,0,,Sales & Marketing,NULL,NULL,NULL
2616,2025-05-30 00:00:00.000,INQ1021509,AAP Logistics LLC,NULL,None,None,NULL,By Email,NULL,Auto Generated,NULL,NULL,NULL,NULL,NULL,0,NULL,2025-05-30 10:55:02.177,NULL,0,NULL,NULL,NULL,NULL,NULL,NULL,NULL,NULL,Ocean Export,1,NULL,NULL,0,NULL,,NULL,NULL,NULL,NULL,1,0,,MUMBAI (MUM),NULL,NULL,NULL
2617,2025-05-30 00:00:00.000,INQ1021511,MOHAMMED OSMAN GANI USED AUTO SPARE PARTS TR. LLC,NULL,None,None,NULL,By Email,NULL,Auto Generated,NULL,NULL,NULL,NULL,NULL,0,NULL,2025-05-30 14:28:35.987,NULL,0,NULL,NULL,NULL,NULL,NULL,NULL,NULL,NULL,Ocean Export,1,NULL,NULL,0,NULL,,NULL,NULL,NULL,NULL,1,0,,MUMBAI (MUM),NULL,NULL,NULL
2618,2025-06-02 00:00:00.000,INQ1021516,HANOTRANS INTERNATIONAL FREIGHT FORWARDER,NULL,None,None,NULL,By Email,NULL,Auto Generated,NULL,NULL,NULL,NULL,NULL,0,NULL,2025-06-02 22:09:13.460,NULL,0,NULL,NULL,NULL,NULL,NULL,NULL,NULL,NULL,Ocean Export,1,NULL,NULL,0,NULL,,NULL,NULL,NULL,NULL,1,0,,New Jersey (EWR),NULL,NULL,NULL
2619,2025-06-02 00:00:00.000,INQ1021517,"Privilege Logistics Co., Ltd.",NULL,None,None,NULL,By Email,NULL,Auto Generated,NULL,NULL,NULL,NULL,NULL,0,NULL,2025-06-02 23:43:52.040,NULL,0,NULL,NULL,NULL,NULL,NULL,NULL,NULL,NULL,Ocean Export,1,NULL,NULL,0,NULL,,NULL,NULL,NULL,NULL,1,0,,New Jersey (EWR),NULL,NULL,NULL
2620,2025-06-03 00:00:00.000,INQ1021518,"HAIKO LOGISTICS INDIA PVT., Ltd",NULL,None,None,NULL,By Email,NULL,Auto Generated,NULL,NULL,NULL,NULL,NULL,0,NULL,2025-06-03 17:16:10.800,NULL,0,NULL,NULL,NULL,NULL,NULL,NULL,NULL,NULL,Ocean Export,1,NULL,NULL,0,NULL,,NULL,NULL,NULL,NULL,1,0,,New Jersey (EWR),NULL,NULL,NULL
2621,2025-06-05 00:00:00.000,INQ1021533,ALDI US,NULL,None,None,NULL,By Email,NULL,Auto Generated,NULL,NULL,NULL,NULL,NULL,0,NULL,2025-06-05 17:10:49.253,NULL,0,NULL,NULL,NULL,NULL,NULL,NULL,NULL,NULL,Ocean Export,1,NULL,NULL,0,NULL,,NULL,NULL,NULL,NULL,1,0,,New Jersey (EWR),NULL,NULL,NULL
2622,2025-06-05 00:00:00.000,INQ1021534,"Nut Butter Concepts, LLC",NULL,None,None,NULL,By Email,NULL,Auto Generated,NULL,NULL,NULL,NULL,NULL,0,NULL,2025-06-05 17:14:50.973,2025-06-05 17:16:57.733,0,NULL,NULL,NULL,NULL,NULL,NULL,NULL,NULL,Ocean Export,1,NULL,NULL,0,NULL,,NULL,NULL,NULL,NULL,1,0,,Sales & Marketing,NULL,NULL,NULL
2623,2025-06-05 00:00:00.000,INQ1021535,"Milwhite, Inc.",NULL,None,None,NULL,By Email,NULL,Auto Generated,NULL,NULL,NULL,NULL,NULL,0,NULL,2025-06-05 17:15:08.887,2025-06-05 17:17:47.240,0,NULL,NULL,NULL,NULL,NULL,NULL,NULL,NULL,Ocean Export,1,NULL,NULL,0,NULL,,NULL,NULL,NULL,NULL,1,0,,Sales & Marketing,NULL,NULL,NULL
2624,2025-06-05 00:00:00.000,INQ1021536,KERVAN USA LLC,NULL,None,None,NULL,By Email,NULL,Auto Generated,NULL,NULL,NULL,NULL,NULL,0,NULL,2025-06-05 17:15:21.710,2025-06-05 17:18:22.257,0,NULL,NULL,NULL,NULL,NULL,NULL,NULL,NULL,Ocean Export,1,NULL,NULL,0,NULL,,NULL,NULL,NULL,NULL,1,0,,Sales & Marketing,NULL,NULL,NULL
2625,2025-06-05 00:00:00.000,INQ1021537,Star Milling Co.,NULL,None,None,NULL,By Email,NULL,Auto Generated,NULL,NULL,NULL,NULL,NULL,0,NULL,2025-06-05 17:15:36.683,2025-06-05 17:19:30.053,0,NULL,NULL,NULL,NULL,NULL,NULL,NULL,NULL,Ocean Export,1,NULL,NULL,0,NULL,,NULL,NULL,NULL,NULL,1,0,,Sales & Marketing,NULL,NULL,NULL
2626,2025-06-05 00:00:00.000,INQ1021538,"Gemini Logistics,INC",NULL,None,None,NULL,By Email,NULL,Auto Generated,NULL,NULL,NULL,NULL,NULL,0,NULL,2025-06-05 17:15:50.383,2025-06-05 17:20:04.733,0,NULL,NULL,NULL,NULL,NULL,NULL,NULL,NULL,Ocean Export,1,NULL,NULL,0,NULL,,NULL,NULL,NULL,NULL,1,0,,Sales & Marketing,NULL,NULL,NULL
2628,2025-06-05 00:00:00.000,INQ1021540,Huffman Finishing Co Inc,NULL,None,None,NULL,By Email,NULL,Auto Generated,NULL,NULL,NULL,NULL,NULL,0,NULL,2025-06-05 17:16:05.857,2025-06-05 17:20:31.623,0,NULL,NULL,NULL,NULL,NULL,NULL,NULL,NULL,Ocean Export,1,NULL,NULL,0,NULL,,NULL,NULL,NULL,NULL,1,0,,Sales & Marketing,NULL,NULL,NULL
2629,2025-06-05 00:00:00.000,INQ1021541,The Chemical Company,NULL,None,None,NULL,By Email,NULL,Auto Generated,NULL,NULL,NULL,NULL,NULL,0,NULL,2025-06-05 17:16:18.113,2025-06-05 17:21:08.200,0,NULL,NULL,NULL,NULL,NULL,NULL,NULL,NULL,Ocean Export,1,NULL,NULL,0,NULL,,NULL,NULL,NULL,NULL,1,0,,Sales & Marketing,NULL,NULL,NULL
2630,2025-06-06 00:00:00.000,INQ1021546,ANGRO,NULL,None,None,NULL,By Email,NULL,Auto Generated,NULL,NULL,NULL,NULL,NULL,0,NULL,2025-06-06 12:55:03.400,NULL,0,NULL,NULL,NULL,NULL,NULL,NULL,NULL,NULL,Ocean Export,1,NULL,NULL,0,NULL,,NULL,NULL,NULL,NULL,1,0,,New Jersey (EWR),NULL,NULL,NULL
2631,2024-02-20 00:00:00.000,INQ1017542,Al Ghanem Import & Export,2024-03-05 00:00:00.000,Miami,CAIRO,1,By Email,NULL,Customer is yet to finalize the quantity .,NULL,NULL,NULL,NULL,NULL,0,NULL,2025-06-12 01:29:48.193,NULL,0,NULL,NULL,USA,Egypt,NULL,NULL,NULL,NULL,Ocean Export,1,NULL,NULL,0,NULL,NULL,NULL,NULL,1,16518,1,0,,CAM,NULL,NULL,NULL
2632,2025-06-14 00:00:00.000,INQ1021569,TRADESTAR CORPORATION,NULL,None,None,NULL,By Email,NULL,Auto Generated,NULL,NULL,NULL,NULL,NULL,0,NULL,2025-06-14 14:55:35.520,NULL,0,NULL,NULL,NULL,NULL,NULL,NULL,NULL,NULL,Ocean Export,1,NULL,NULL,0,NULL,,NULL,NULL,NULL,NULL,1,0,,Hamid Hussaini,NULL,NULL,NULL
2633,2025-06-14 00:00:00.000,INQ1021570,MIDTRONICS US,NULL,None,None,NULL,By Email,NULL,Auto Generated,NULL,NULL,NULL,NULL,NULL,0,NULL,2025-06-14 17:32:00.900,NULL,0,NULL,NULL,NULL,NULL,NULL,NULL,NULL,NULL,Ocean Export,1,NULL,NULL,0,NULL,,NULL,NULL,NULL,NULL,1,0,,Sales & Marketing,NULL,NULL,NULL
2634,2025-06-14 00:00:00.000,INQ1021571,Lulu & Georgia Inc,NULL,None,None,NULL,By Email,NULL,Auto Generated,NULL,NULL,NULL,NULL,NULL,0,NULL,2025-06-14 17:39:56.193,NULL,0,NULL,NULL,NULL,NULL,NULL,NULL,NULL,NULL,Ocean Export,1,NULL,NULL,0,NULL,,NULL,NULL,NULL,NULL,1,0,,Hamid Hussaini,NULL,NULL,NULL
2635,2025-06-14 00:00:00.000,INQ1021572,Decorative Carpets Inc,NULL,None,None,NULL,By Email,NULL,Auto Generated,NULL,NULL,NULL,NULL,NULL,0,NULL,2025-06-14 17:46:34.930,NULL,0,NULL,NULL,NULL,NULL,NULL,NULL,NULL,NULL,Ocean Export,1,NULL,NULL,0,NULL,,NULL,NULL,NULL,NULL,1,0,,Inside Sales Group,NULL,NULL,NULL
2636,2025-06-14 00:00:00.000,INQ1021573,"GE Aerospace, Auburn (was GE Aviation)",NULL,None,None,NULL,By Email,NULL,Auto Generated,NULL,NULL,NULL,NULL,NULL,0,NULL,2025-06-14 17:52:59.647,NULL,0,NULL,NULL,NULL,NULL,NULL,NULL,NULL,NULL,Ocean Export,1,NULL,NULL,0,NULL,,NULL,NULL,NULL,NULL,1,0,,New Jersey (EWR),NULL,NULL,NULL
2637,2025-06-14 00:00:00.000,INQ1021574,"Guy O'Neill, Inc",NULL,None,None,NULL,By Email,NULL,Auto Generated,NULL,NULL,NULL,NULL,NULL,0,NULL,2025-06-14 18:00:38.107,NULL,0,NULL,NULL,NULL,NULL,NULL,NULL,NULL,NULL,Ocean Export,1,NULL,NULL,0,NULL,,NULL,NULL,NULL,NULL,1,0,,Sales & Marketing,NULL,NULL,NULL
2638,2025-06-14 00:00:00.000,INQ1021575,Forklifts Systems,NULL,None,None,NULL,By Email,NULL,Auto Generated,NULL,NULL,NULL,NULL,NULL,0,NULL,2025-06-14 18:07:34.833,NULL,0,NULL,NULL,NULL,NULL,NULL,NULL,NULL,NULL,Ocean Export,1,NULL,NULL,0,NULL,,NULL,NULL,NULL,NULL,1,0,,New Jersey (EWR),NULL,NULL,NULL
2639,2025-06-14 00:00:00.000,INQ1021576,Florida Lift Parts Inc,NULL,None,None,NULL,By Email,NULL,Auto Generated,NULL,NULL,NULL,NULL,NULL,0,NULL,2025-06-14 18:15:25.813,NULL,0,NULL,NULL,NULL,NULL,NULL,NULL,NULL,NULL,Ocean Export,1,NULL,NULL,0,NULL,,NULL,NULL,NULL,NULL,1,0,,Sales & Marketing,NULL,NULL,NULL
2640,2025-06-15 00:00:00.000,INQ1021578,Tropical Lift,NULL,None,None,NULL,By Email,NULL,Auto Generated,NULL,NULL,NULL,NULL,NULL,0,NULL,2025-06-15 14:39:35.677,NULL,0,NULL,NULL,NULL,NULL,NULL,NULL,NULL,NULL,Ocean Export,1,NULL,NULL,0,NULL,,NULL,NULL,NULL,NULL,1,0,,Hamid Hussaini,NULL,NULL,NULL
2641,2025-06-15 00:00:00.000,INQ1021579,Research Diets Inc,NULL,None,None,NULL,By Email,NULL,Auto Generated,NULL,NULL,NULL,NULL,NULL,0,NULL,2025-06-15 14:47:36.193,NULL,0,NULL,NULL,NULL,NULL,NULL,NULL,NULL,NULL,Ocean Export,1,NULL,NULL,0,NULL,,NULL,NULL,NULL,NULL,1,0,,Sales & Marketing,NULL,NULL,NULL
2642,2025-06-15 00:00:00.000,INQ1021580,Cvista LLC,NULL,None,None,NULL,By Email,NULL,Auto Generated,NULL,NULL,NULL,NULL,NULL,0,NULL,2025-06-15 14:53:36.040,NULL,0,NULL,NULL,NULL,NULL,NULL,NULL,NULL,NULL,Ocean Export,1,NULL,NULL,0,NULL,,NULL,NULL,NULL,NULL,1,0,,Sales & Marketing,NULL,NULL,NULL
2643,2025-06-15 00:00:00.000,INQ1021581,ADP Towing,NULL,None,None,NULL,By Email,NULL,Auto Generated,NULL,NULL,NULL,NULL,NULL,0,NULL,2025-06-15 14:59:35.680,NULL,0,NULL,NULL,NULL,NULL,NULL,NULL,NULL,NULL,Ocean Export,1,NULL,NULL,0,NULL,,NULL,NULL,NULL,NULL,1,0,,Sales & Marketing,NULL,NULL,NULL
2645,2025-06-16 00:00:00.000,INQ1021583,Dial A Messenger,NULL,None,None,NULL,By Email,NULL,Auto Generated,NULL,NULL,NULL,NULL,NULL,0,NULL,2025-06-16 09:37:40.777,NULL,0,NULL,NULL,NULL,NULL,NULL,NULL,NULL,NULL,Ocean Export,1,NULL,NULL,0,NULL,,NULL,NULL,NULL,NULL,1,0,,Inside Sales Group,NULL,NULL,NULL
2646,2025-06-16 00:00:00.000,INQ1021584,"Sultana Distribution Services, Inc.",NULL,None,None,NULL,By Email,NULL,Auto Generated,NULL,NULL,NULL,NULL,NULL,0,NULL,2025-06-16 09:45:36.830,NULL,0,NULL,NULL,NULL,NULL,NULL,NULL,NULL,NULL,Ocean Export,1,NULL,NULL,0,NULL,,NULL,NULL,NULL,NULL,1,0,,New Jersey (EWR),NULL,NULL,NULL
2647,2025-06-16 00:00:00.000,INQ1021587,JohnDickinson,NULL,None,None,NULL,By Email,NULL,Auto Generated,NULL,NULL,NULL,NULL,NULL,0,NULL,2025-06-16 11:45:37.270,NULL,0,NULL,NULL,NULL,NULL,NULL,NULL,NULL,NULL,Ocean Export,1,NULL,NULL,0,NULL,,NULL,NULL,NULL,NULL,1,0,,Sales & Marketing,NULL,NULL,NULL
2648,2025-06-17 00:00:00.000,INQ1021597,AN CARGO,NULL,None,None,NULL,By Email,NULL,Auto Generated,NULL,NULL,NULL,NULL,NULL,0,NULL,2025-06-17 11:43:44.810,NULL,0,NULL,NULL,NULL,NULL,NULL,NULL,NULL,NULL,Ocean Export,1,NULL,NULL,0,NULL,,NULL,NULL,NULL,NULL,1,0,,New Jersey (EWR),NULL,NULL,NULL
2649,2025-06-18 00:00:00.000,INQ1021612,"VALUE ADDED TRANSPORT JSC.,",NULL,None,None,NULL,By Email,NULL,Auto Generated,NULL,NULL,NULL,NULL,NULL,0,NULL,2025-06-18 15:01:42.583,NULL,0,NULL,NULL,NULL,NULL,NULL,NULL,NULL,NULL,Ocean Export,1,NULL,NULL,0,NULL,,NULL,NULL,NULL,NULL,1,0,,New Jersey (EWR),NULL,NULL,NULL
2650,2025-06-18 00:00:00.000,INQ1021613,SHANGHAI CHUNG-HEE INTERNATIONAL CARGO TRANSPORTAT,NULL,None,None,NULL,By Email,NULL,Auto Generated,NULL,NULL,NULL,NULL,NULL,0,NULL,2025-06-18 15:05:41.563,NULL,0,NULL,NULL,NULL,NULL,NULL,NULL,NULL,NULL,Ocean Export,1,NULL,NULL,0,NULL,,NULL,NULL,NULL,NULL,1,0,,New Jersey (EWR),NULL,NULL,NULL
2651,2025-06-18 00:00:00.000,INQ1021614,SGA Internationale Spedition GmbH,NULL,None,None,NULL,By Email,NULL,Auto Generated,NULL,NULL,NULL,NULL,NULL,0,NULL,2025-06-18 15:10:58.993,NULL,0,NULL,NULL,NULL,NULL,NULL,NULL,NULL,NULL,Ocean Export,1,NULL,NULL,0,NULL,,NULL,NULL,NULL,NULL,1,0,,New Jersey (EWR),NULL,NULL,NULL
2652,2025-06-19 00:00:00.000,INQ1021617,Lycored Corp,NULL,None,None,NULL,By Email,NULL,Auto Generated,NULL,NULL,NULL,NULL,NULL,0,NULL,2025-06-19 09:30:41.867,NULL,0,NULL,NULL,NULL,NULL,NULL,NULL,NULL,NULL,Ocean Export,1,NULL,NULL,0,NULL,,NULL,NULL,NULL,NULL,1,0,,Hamid Hussaini,NULL,NULL,NULL
2653,2025-06-19 00:00:00.000,INQ1021618,Reserve Transport LLC,NULL,None,None,NULL,By Email,NULL,Auto Generated,NULL,NULL,NULL,NULL,NULL,0,NULL,2025-06-19 09:45:17.030,NULL,0,NULL,NULL,NULL,NULL,NULL,NULL,NULL,NULL,Ocean Export,1,NULL,NULL,0,NULL,,NULL,NULL,NULL,NULL,1,0,,Hamid Hussaini,NULL,NULL,NULL
2654,2025-06-19 00:00:00.000,INQ1021619,Mahamed Taiba Trading Company,NULL,None,None,NULL,By Email,NULL,Auto Generated,NULL,NULL,NULL,NULL,NULL,0,NULL,2025-06-19 09:53:56.720,NULL,0,NULL,NULL,NULL,NULL,NULL,NULL,NULL,NULL,Ocean Export,1,NULL,NULL,0,NULL,,NULL,NULL,NULL,NULL,1,0,,Hamid Hussaini,NULL,NULL,NULL
2655,2025-06-19 00:00:00.000,INQ1021620,Konica Minolta Business Solutions,NULL,None,None,NULL,By Email,NULL,Auto Generated,NULL,NULL,NULL,NULL,NULL,0,NULL,2025-06-19 09:59:43.880,NULL,0,NULL,NULL,NULL,NULL,NULL,NULL,NULL,NULL,Ocean Export,1,NULL,NULL,0,NULL,,NULL,NULL,NULL,NULL,1,0,,New Jersey (EWR),NULL,NULL,NULL
2656,2025-06-19 00:00:00.000,INQ1021621,Compuworx LLC,NULL,None,None,NULL,By Email,NULL,Auto Generated,NULL,NULL,NULL,NULL,NULL,0,NULL,2025-06-19 10:06:42.963,NULL,0,NULL,NULL,NULL,NULL,NULL,NULL,NULL,NULL,Ocean Export,1,NULL,NULL,0,NULL,,NULL,NULL,NULL,NULL,1,0,,New Jersey (EWR),NULL,NULL,NULL
2657,2025-06-19 00:00:00.000,INQ1021622,PLUG AND PLAY,NULL,None,None,NULL,By Email,NULL,Auto Generated,NULL,NULL,NULL,NULL,NULL,0,NULL,2025-06-19 10:14:50.593,NULL,0,NULL,NULL,NULL,NULL,NULL,NULL,NULL,NULL,Ocean Export,1,NULL,NULL,0,NULL,,NULL,NULL,NULL,NULL,1,0,,Sales & Marketing,NULL,NULL,NULL
2658,2025-06-19 00:00:00.000,INQ1021623,Hochiki America,NULL,None,None,NULL,By Email,NULL,Auto Generated,NULL,NULL,NULL,NULL,NULL,0,NULL,2025-06-19 10:26:05.810,NULL,0,NULL,NULL,NULL,NULL,NULL,NULL,NULL,NULL,Ocean Export,1,NULL,NULL,0,NULL,,NULL,NULL,NULL,NULL,1,0,,Sales & Marketing,NULL,NULL,NULL
2659,2025-06-19 00:00:00.000,INQ1021624,Duck Donuts Mechanicsburg,NULL,None,None,NULL,By Email,NULL,Auto Generated,NULL,NULL,NULL,NULL,NULL,0,NULL,2025-06-19 10:41:56.747,NULL,0,NULL,NULL,NULL,NULL,NULL,NULL,NULL,NULL,Ocean Export,1,NULL,NULL,0,NULL,,NULL,NULL,NULL,NULL,1,0,,Sales & Marketing,NULL,NULL,NULL
2660,2025-06-19 00:00:00.000,INQ1021625,INTERCONTINENTAL SHIPPING LIMITED (ICBL),NULL,None,None,NULL,By Email,NULL,Auto Generated,NULL,NULL,NULL,NULL,NULL,0,NULL,2025-06-19 10:50:19.230,NULL,0,NULL,NULL,NULL,NULL,NULL,NULL,NULL,NULL,Ocean Export,1,NULL,NULL,0,NULL,,NULL,NULL,NULL,NULL,1,0,,Sales & Marketing,NULL,NULL,NULL
2661,2025-06-19 00:00:00.000,INQ1021626,American Water Heater Group,NULL,None,None,NULL,By Email,NULL,Auto Generated,NULL,NULL,NULL,NULL,NULL,0,NULL,2025-06-19 10:59:56.513,NULL,0,NULL,NULL,NULL,NULL,NULL,NULL,NULL,NULL,Ocean Export,1,NULL,NULL,0,NULL,,NULL,NULL,NULL,NULL,1,0,,Sales & Marketing,NULL,NULL,NULL
2662,2025-06-19 00:00:00.000,INQ1021627,Bainbridge International Limited -,NULL,None,None,NULL,By Email,NULL,Auto Generated,NULL,NULL,NULL,NULL,NULL,0,NULL,2025-06-19 11:08:35.963,NULL,0,NULL,NULL,NULL,NULL,NULL,NULL,NULL,NULL,Ocean Export,1,NULL,NULL,0,NULL,,NULL,NULL,NULL,NULL,1,0,,Sales & Marketing,NULL,NULL,NULL
2663,2025-06-19 00:00:00.000,INQ1021628,CTL FORWARDING LC,NULL,None,None,NULL,By Email,NULL,Auto Generated,NULL,NULL,NULL,NULL,NULL,0,NULL,2025-06-19 11:18:28.377,NULL,0,NULL,NULL,NULL,NULL,NULL,NULL,NULL,NULL,Ocean Export,1,NULL,NULL,0,NULL,,NULL,NULL,NULL,NULL,1,0,,Inside Sales Group,NULL,NULL,NULL
2664,2025-06-19 00:00:00.000,INQ1021629,Red Deer Ironworks,NULL,None,None,NULL,By Email,NULL,Auto Generated,NULL,NULL,NULL,NULL,NULL,0,NULL,2025-06-19 11:32:35.387,NULL,0,NULL,NULL,NULL,NULL,NULL,NULL,NULL,NULL,Ocean Export,1,NULL,NULL,0,NULL,,NULL,NULL,NULL,NULL,1,0,,Sales & Marketing,NULL,NULL,NULL
2665,2025-06-19 00:00:00.000,INQ1021630,Injection Moulding & Tooling Services S.A.,NULL,None,None,NULL,By Email,NULL,Auto Generated,NULL,NULL,NULL,NULL,NULL,0,NULL,2025-06-19 14:15:17.867,NULL,0,NULL,NULL,NULL,NULL,NULL,NULL,NULL,NULL,Ocean Export,1,NULL,NULL,0,NULL,,NULL,NULL,NULL,NULL,1,0,,Inside Sales Group,NULL,NULL,NULL
2667,2025-06-19 00:00:00.000,INQ1021632,Forward Air (MCO),NULL,None,None,NULL,By Email,NULL,Auto Generated,NULL,NULL,NULL,NULL,NULL,0,NULL,2025-06-19 14:48:57.763,NULL,0,NULL,NULL,NULL,NULL,NULL,NULL,NULL,NULL,Ocean Export,1,NULL,NULL,0,NULL,,NULL,NULL,NULL,NULL,1,0,,Sales & Marketing,NULL,NULL,NULL
2668,2025-06-19 00:00:00.000,INQ1021634,"JAX - FORWARD AIR, INC.",NULL,None,None,NULL,By Email,NULL,Auto Generated,NULL,NULL,NULL,NULL,NULL,0,NULL,2025-06-19 15:02:27.627,NULL,0,NULL,NULL,NULL,NULL,NULL,NULL,NULL,NULL,Ocean Export,1,NULL,NULL,0,NULL,,NULL,NULL,NULL,NULL,1,0,,Sales & Marketing,NULL,NULL,NULL
2669,2025-06-19 00:00:00.000,INQ1021635,GLOBAL INTERNATIONAL TREXIM COMPANY LTD,NULL,None,None,NULL,By Email,NULL,Auto Generated,NULL,NULL,NULL,NULL,NULL,0,NULL,2025-06-19 15:11:01.453,NULL,0,NULL,NULL,NULL,NULL,NULL,NULL,NULL,NULL,Ocean Export,1,NULL,NULL,0,NULL,,NULL,NULL,NULL,NULL,1,0,,Sales & Marketing,NULL,NULL,NULL
2670,2025-06-19 00:00:00.000,INQ1021636,Suhara Logistics Tanzania Limited,NULL,None,None,NULL,By Email,NULL,Auto Generated,NULL,NULL,NULL,NULL,NULL,0,NULL,2025-06-19 15:20:37.187,NULL,0,NULL,NULL,NULL,NULL,NULL,NULL,NULL,NULL,Ocean Export,1,NULL,NULL,0,NULL,,NULL,NULL,NULL,NULL,1,0,,Hamid Hussaini,NULL,NULL,NULL
2671,2025-06-19 00:00:00.000,INQ1021637,REAL SUPPLIES TANZANIA LTD,NULL,None,None,NULL,By Email,NULL,Auto Generated,NULL,NULL,NULL,NULL,NULL,0,NULL,2025-06-19 15:26:23.927,NULL,0,NULL,NULL,NULL,NULL,NULL,NULL,NULL,NULL,Ocean Export,1,NULL,NULL,0,NULL,,NULL,NULL,NULL,NULL,1,0,,Sales & Marketing,NULL,NULL,NULL
2672,2025-06-19 00:00:00.000,INQ1021638,GLOBAL PATH LIQUIDATORS,NULL,None,None,NULL,By Email,NULL,Auto Generated,NULL,NULL,NULL,NULL,NULL,0,NULL,2025-06-19 15:35:16.847,NULL,0,NULL,NULL,NULL,NULL,NULL,NULL,NULL,NULL,Ocean Export,1,NULL,NULL,0,NULL,,NULL,NULL,NULL,NULL,1,0,,Sales & Marketing,NULL,NULL,NULL
2673,2025-06-19 00:00:00.000,INQ1021639,MINI PRIX,NULL,None,None,NULL,By Email,NULL,Auto Generated,NULL,NULL,NULL,NULL,NULL,0,NULL,2025-06-19 15:41:58.737,NULL,0,NULL,NULL,NULL,NULL,NULL,NULL,NULL,NULL,Ocean Export,1,NULL,NULL,0,NULL,,NULL,NULL,NULL,NULL,1,0,,Hamid Hussaini,NULL,NULL,NULL
2675,2025-06-19 00:00:00.000,INQ1021642,"BEVERLY HILLS CAR CLUBS, Inc.",NULL,None,None,NULL,By Email,NULL,Auto Generated,NULL,NULL,NULL,NULL,NULL,0,NULL,2025-06-19 16:08:40.387,NULL,0,NULL,NULL,NULL,NULL,NULL,NULL,NULL,NULL,Ocean Export,1,NULL,NULL,0,NULL,,NULL,NULL,NULL,NULL,1,0,,Sales & Marketing,NULL,NULL,NULL
2677,2025-06-19 00:00:00.000,INQ1021644,Some's Uniforms Inc,NULL,None,None,NULL,By Email,NULL,Auto Generated,NULL,NULL,NULL,NULL,NULL,0,NULL,2025-06-19 17:17:18.310,NULL,0,NULL,NULL,NULL,NULL,NULL,NULL,NULL,NULL,Ocean Export,1,NULL,NULL,0,NULL,,NULL,NULL,NULL,NULL,1,0,,Hamid Hussaini,NULL,NULL,NULL
2678,2025-06-19 00:00:00.000,INQ1021645,Inkcups Headquarters,NULL,None,None,NULL,By Email,NULL,Auto Generated,NULL,NULL,NULL,NULL,NULL,0,NULL,2025-06-19 17:31:36.063,NULL,0,NULL,NULL,NULL,NULL,NULL,NULL,NULL,NULL,Ocean Export,1,NULL,NULL,0,NULL,,NULL,NULL,NULL,NULL,1,0,,Sales & Marketing,NULL,NULL,NULL
2679,2025-06-19 00:00:00.000,INQ1021646,Guiltless Gourmet Limited,NULL,None,None,NULL,By Email,NULL,Auto Generated,NULL,NULL,NULL,NULL,NULL,0,NULL,2025-06-19 17:37:59.937,NULL,0,NULL,NULL,NULL,NULL,NULL,NULL,NULL,NULL,Ocean Export,1,NULL,NULL,0,NULL,,NULL,NULL,NULL,NULL,1,0,,Sales & Marketing,NULL,NULL,NULL
2680,2025-06-19 00:00:00.000,INQ1021647,RICH PRODUCTS CORP,NULL,None,None,NULL,By Email,NULL,Auto Generated,NULL,NULL,NULL,NULL,NULL,0,NULL,2025-06-19 17:45:22.950,NULL,0,NULL,NULL,NULL,NULL,NULL,NULL,NULL,NULL,Ocean Export,1,NULL,NULL,0,NULL,,NULL,NULL,NULL,NULL,1,0,,Hamid Hussaini,NULL,NULL,NULL
2681,2025-06-19 00:00:00.000,INQ1021648,"Hangsterfer’s Laboratories,",NULL,None,None,NULL,By Email,NULL,Auto Generated,NULL,NULL,NULL,NULL,NULL,0,NULL,2025-06-19 17:59:38.963,NULL,0,NULL,NULL,NULL,NULL,NULL,NULL,NULL,NULL,Ocean Export,1,NULL,NULL,0,NULL,,NULL,NULL,NULL,NULL,1,0,,Sales & Marketing,NULL,NULL,NULL
2682,2025-06-19 00:00:00.000,INQ1021649,Tex Tech,NULL,None,None,NULL,By Email,NULL,Auto Generated,NULL,NULL,NULL,NULL,NULL,0,NULL,2025-06-19 18:07:03.233,NULL,0,NULL,NULL,NULL,NULL,NULL,NULL,NULL,NULL,Ocean Export,1,NULL,NULL,0,NULL,,NULL,NULL,NULL,NULL,1,0,,Sales & Marketing,NULL,NULL,NULL
2683,2025-06-19 00:00:00.000,INQ1021650,SERENDIB IMPEX FZ-LLC,NULL,None,None,NULL,By Email,NULL,Auto Generated,NULL,NULL,NULL,NULL,NULL,0,NULL,2025-06-19 18:12:41.190,NULL,0,NULL,NULL,NULL,NULL,NULL,NULL,NULL,NULL,Ocean Export,1,NULL,NULL,0,NULL,,NULL,NULL,NULL,NULL,1,0,,Hamid Hussaini,NULL,NULL,NULL
2684,2025-06-19 00:00:00.000,INQ1021651,Fabrication Enterprises,NULL,None,None,NULL,By Email,NULL,Auto Generated,NULL,NULL,NULL,NULL,NULL,0,NULL,2025-06-19 18:35:38.293,NULL,0,NULL,NULL,NULL,NULL,NULL,NULL,NULL,NULL,Ocean Export,1,NULL,NULL,0,NULL,,NULL,NULL,NULL,NULL,1,0,,Sales & Marketing,NULL,NULL,NULL
2685,2025-06-20 00:00:00.000,INQ1021655,GUANGZHOU DUNHUANG INTERNATIONAL FREIGHT FORWARDIN,NULL,None,None,NULL,By Email,NULL,Auto Generated,NULL,NULL,NULL,NULL,NULL,0,NULL,2025-06-20 15:21:14.017,NULL,0,NULL,NULL,NULL,NULL,NULL,NULL,NULL,NULL,Ocean Export,1,NULL,NULL,0,NULL,,NULL,NULL,NULL,NULL,1,0,,New Jersey (EWR),NULL,NULL,NULL
2686,2025-06-20 00:00:00.000,INQ1021657,Creative CNC LLC,NULL,None,None,NULL,By Email,NULL,Auto Generated,NULL,NULL,NULL,NULL,NULL,0,NULL,2025-06-20 15:36:26.467,NULL,0,NULL,NULL,NULL,NULL,NULL,NULL,NULL,NULL,Ocean Export,1,NULL,NULL,0,NULL,,NULL,NULL,NULL,NULL,1,0,,New Jersey (EWR),NULL,NULL,NULL
2687,2025-06-20 00:00:00.000,INQ1021658,Additive Manufacturing & Engineering Management,NULL,None,None,NULL,By Email,NULL,Auto Generated,NULL,NULL,NULL,NULL,NULL,0,NULL,2025-06-20 15:56:57.650,NULL,0,NULL,NULL,NULL,NULL,NULL,NULL,NULL,NULL,Ocean Export,1,NULL,NULL,0,NULL,,NULL,NULL,NULL,NULL,1,0,,Sales & Marketing,NULL,NULL,NULL
2688,2025-06-23 00:00:00.000,INQ1021665,"Sycamore Logistics, LLC",NULL,None,None,NULL,By Email,NULL,Auto Generated,NULL,NULL,NULL,NULL,NULL,0,NULL,2025-06-23 14:15:52.627,NULL,0,NULL,NULL,NULL,NULL,NULL,NULL,NULL,NULL,Ocean Export,1,NULL,NULL,0,NULL,,NULL,NULL,NULL,NULL,1,0,,MUMBAI (MUM),NULL,NULL,NULL
2689,2025-06-24 00:00:00.000,INQ1021680,High Speed Logistics LLC,NULL,None,None,NULL,By Email,NULL,Auto Generated,NULL,NULL,NULL,NULL,NULL,0,NULL,2025-06-24 14:01:15.857,NULL,0,NULL,NULL,NULL,NULL,NULL,NULL,NULL,NULL,Ocean Export,1,NULL,NULL,0,NULL,,NULL,NULL,NULL,NULL,1,0,,New Jersey (EWR),NULL,NULL,NULL
2690,2025-06-24 00:00:00.000,INQ1021684,CBX GLOBAL,NULL,None,None,NULL,By Email,NULL,Auto Generated,NULL,NULL,NULL,NULL,NULL,0,NULL,2025-06-24 15:26:12.930,NULL,0,NULL,NULL,NULL,NULL,NULL,NULL,NULL,NULL,Ocean Export,1,NULL,NULL,0,NULL,,NULL,NULL,NULL,NULL,1,0,,MUMBAI (MUM),NULL,NULL,NULL
2691,2025-06-25 00:00:00.000,INQ1021691,Wall Street of Louisville,NULL,None,None,NULL,By Email,NULL,Auto Generated,NULL,NULL,NULL,NULL,NULL,0,NULL,2025-06-25 15:54:06.203,NULL,0,NULL,NULL,NULL,NULL,NULL,NULL,NULL,NULL,Ocean Export,1,NULL,NULL,0,NULL,,NULL,NULL,NULL,NULL,1,0,,Hamid Hussaini,NULL,NULL,NULL
2692,2025-07-01 00:00:00.000,INQ1021703,ASIC Limited,NULL,None,None,NULL,By Email,NULL,Auto Generated,NULL,NULL,NULL,NULL,NULL,0,NULL,2025-07-01 11:19:39.143,NULL,0,NULL,NULL,NULL,NULL,NULL,NULL,NULL,NULL,Ocean Export,1,NULL,NULL,0,NULL,,NULL,NULL,NULL,NULL,1,0,,New Jersey (EWR),NULL,NULL,NULL
2693,2025-07-01 00:00:00.000,INQ1021705,CLARK CONSTRUCTION,NULL,None,None,NULL,By Email,NULL,Auto Generated,NULL,NULL,NULL,NULL,NULL,0,NULL,2025-07-01 14:57:38.150,NULL,0,NULL,NULL,NULL,NULL,NULL,NULL,NULL,NULL,Ocean Export,1,NULL,NULL,0,NULL,,NULL,NULL,NULL,NULL,1,0,,New Jersey (EWR),NULL,NULL,NULL
2694,2025-07-02 00:00:00.000,INQ1021711,"NINGBO DINGWANG SUPPLY CHAIN MANAGEMENT CO.,LTD",NULL,None,None,NULL,By Email,NULL,Auto Generated,NULL,NULL,NULL,NULL,NULL,0,NULL,2025-07-02 10:25:42.020,NULL,0,NULL,NULL,NULL,NULL,NULL,NULL,NULL,NULL,Ocean Export,1,NULL,NULL,0,NULL,,NULL,NULL,NULL,NULL,1,0,,New Jersey (EWR),NULL,NULL,NULL
2695,2025-07-02 00:00:00.000,INQ1021712,Transport S&H (2021) Inc.,NULL,None,None,NULL,By Email,NULL,Auto Generated,NULL,NULL,NULL,NULL,NULL,0,NULL,2025-07-02 12:57:43.480,NULL,0,NULL,NULL,NULL,NULL,NULL,NULL,NULL,NULL,Ocean Export,1,NULL,NULL,0,NULL,,NULL,NULL,NULL,NULL,1,0,,New Jersey (EWR),NULL,NULL,NULL
2696,2025-07-02 00:00:00.000,INQ1021713,"Global Export Marketing Co., Ltd.",NULL,None,None,NULL,By Email,NULL,Auto Generated,NULL,NULL,NULL,NULL,NULL,0,NULL,2025-07-02 15:21:37.837,NULL,0,NULL,NULL,NULL,NULL,NULL,NULL,NULL,NULL,Ocean Export,1,NULL,NULL,0,NULL,,NULL,NULL,NULL,NULL,1,0,,Inside Sales Group,NULL,NULL,NULL
2697,2025-07-02 00:00:00.000,INQ1021714,Highland Industries,NULL,None,None,NULL,By Email,NULL,Auto Generated,NULL,NULL,NULL,NULL,NULL,0,NULL,2025-07-02 16:25:39.153,NULL,0,NULL,NULL,NULL,NULL,NULL,NULL,NULL,NULL,Ocean Export,1,NULL,NULL,0,NULL,,NULL,NULL,NULL,NULL,1,0,,New Jersey (EWR),NULL,NULL,NULL
2698,2025-07-03 00:00:00.000,INQ1021716,KAI WORLD TRANSPORT LTD,NULL,None,None,NULL,By Email,NULL,Auto Generated,NULL,NULL,NULL,NULL,NULL,0,NULL,2025-07-03 10:29:58.720,NULL,0,NULL,NULL,NULL,NULL,NULL,NULL,NULL,NULL,Ocean Export,1,NULL,NULL,0,NULL,,NULL,NULL,NULL,NULL,1,0,,New Jersey (EWR),NULL,NULL,NULL
2699,2025-07-03 00:00:00.000,INQ1021717,Fracht Middle East Shipping Services LLC,NULL,None,None,NULL,By Email,NULL,Auto Generated,NULL,NULL,NULL,NULL,NULL,0,NULL,2025-07-03 11:01:41.660,NULL,0,NULL,NULL,NULL,NULL,NULL,NULL,NULL,NULL,Ocean Export,1,NULL,NULL,0,NULL,,NULL,NULL,NULL,NULL,1,0,,New Jersey (EWR),NULL,NULL,NULL
2701,2025-07-04 00:00:00.000,INQ1021726,New Way Logistics Services L.L.C.,NULL,None,None,NULL,By Email,NULL,Auto Generated,NULL,NULL,NULL,NULL,NULL,0,NULL,2025-07-04 15:05:36.413,NULL,0,NULL,NULL,NULL,NULL,NULL,NULL,NULL,NULL,Ocean Export,1,NULL,NULL,0,NULL,,NULL,NULL,NULL,NULL,1,0,,New Jersey (EWR),NULL,NULL,NULL
2702,2025-07-07 00:00:00.000,INQ1021729,UMIYA CORE SOLUTION,NULL,None,None,NULL,By Email,NULL,Auto Generated,NULL,NULL,NULL,NULL,NULL,0,NULL,2025-07-07 10:11:38.247,NULL,0,NULL,NULL,NULL,NULL,NULL,NULL,NULL,NULL,Ocean Export,1,NULL,NULL,0,NULL,,NULL,NULL,NULL,NULL,1,0,,New Jersey (EWR),NULL,NULL,NULL
2703,2025-07-07 00:00:00.000,INQ1021731,Vertex Express,NULL,None,None,NULL,By Email,NULL,Auto Generated,NULL,NULL,NULL,NULL,NULL,0,NULL,2025-07-07 10:51:56.590,NULL,0,NULL,NULL,NULL,NULL,NULL,NULL,NULL,NULL,Ocean Export,1,NULL,NULL,0,NULL,,NULL,NULL,NULL,NULL,1,0,,New Jersey (EWR),NULL,NULL,NULL
2704,2025-07-07 00:00:00.000,INQ1021733,XAMENR--EVERINTERNATIONAL LOGISTICS,NULL,None,None,NULL,By Email,NULL,Auto Generated,NULL,NULL,NULL,NULL,NULL,0,NULL,2025-07-07 11:59:37.657,NULL,0,NULL,NULL,NULL,NULL,NULL,NULL,NULL,NULL,Ocean Export,1,NULL,NULL,0,NULL,,NULL,NULL,NULL,NULL,1,0,,New Jersey (EWR),NULL,NULL,NULL
2705,2025-07-09 00:00:00.000,INQ1021745,Surplus Center,NULL,None,None,NULL,By Email,NULL,Auto Generated,NULL,NULL,NULL,NULL,NULL,0,NULL,2025-07-09 10:57:41.337,NULL,0,NULL,NULL,NULL,NULL,NULL,NULL,NULL,NULL,Ocean Export,1,NULL,NULL,0,NULL,,NULL,NULL,NULL,NULL,1,0,,New Jersey (EWR),NULL,NULL,NULL
2706,2025-07-09 00:00:00.000,INQ1021746,Muelles Crom S.A.,NULL,None,None,NULL,By Email,NULL,Auto Generated,NULL,NULL,NULL,NULL,NULL,0,NULL,2025-07-09 11:05:42.123,NULL,0,NULL,NULL,NULL,NULL,NULL,NULL,NULL,NULL,Ocean Export,1,NULL,NULL,0,NULL,,NULL,NULL,NULL,NULL,1,0,,New Jersey (EWR),NULL,NULL,NULL
2707,2025-07-09 00:00:00.000,INQ1021747,MIDEAST EQUIPMEST AUCTIONS,NULL,None,None,NULL,By Email,NULL,Auto Generated,NULL,NULL,NULL,NULL,NULL,0,NULL,2025-07-09 12:47:37.703,NULL,0,NULL,NULL,NULL,NULL,NULL,NULL,NULL,NULL,Ocean Export,1,NULL,NULL,0,NULL,,NULL,NULL,NULL,NULL,1,0,,New Jersey (EWR),NULL,NULL,NULL
2708,2025-07-09 00:00:00.000,INQ1021748,JP Corporation,NULL,None,None,NULL,By Email,NULL,Auto Generated,NULL,NULL,NULL,NULL,NULL,0,NULL,2025-07-09 12:57:43.970,NULL,0,NULL,NULL,NULL,NULL,NULL,NULL,NULL,NULL,Ocean Export,1,NULL,NULL,0,NULL,,NULL,NULL,NULL,NULL,1,0,,New Jersey (EWR),NULL,NULL,NULL
2709,2025-07-09 00:00:00.000,INQ1021751,MEI Industrial Solutions,NULL,None,None,NULL,By Email,NULL,Auto Generated,NULL,NULL,NULL,NULL,NULL,0,NULL,2025-07-09 14:17:38.873,NULL,0,NULL,NULL,NULL,NULL,NULL,NULL,NULL,NULL,Ocean Export,1,NULL,NULL,0,NULL,,NULL,NULL,NULL,NULL,1,0,,New Jersey (EWR),NULL,NULL,NULL
2710,2025-07-09 00:00:00.000,INQ1021752,Rashid Manufacturing,NULL,None,None,NULL,By Email,NULL,Auto Generated,NULL,NULL,NULL,NULL,NULL,0,NULL,2025-07-09 14:59:37.613,NULL,0,NULL,NULL,NULL,NULL,NULL,NULL,NULL,NULL,Ocean Export,1,NULL,NULL,0,NULL,,NULL,NULL,NULL,NULL,1,0,,New Jersey (EWR),NULL,NULL,NULL
2711,2025-07-10 00:00:00.000,INQ1021756,"MSA SHIPPING PVT LTD.,",NULL,None,None,NULL,By Email,NULL,Auto Generated,NULL,NULL,NULL,NULL,NULL,0,NULL,2025-07-10 12:11:36.907,NULL,0,NULL,NULL,NULL,NULL,NULL,NULL,NULL,NULL,Ocean Export,1,NULL,NULL,0,NULL,,NULL,NULL,NULL,NULL,1,0,,New Jersey (EWR),NULL,NULL,NULL
2712,2025-07-11 00:00:00.000,INQ1021763,TDW TRANSPORT LLC,NULL,None,None,NULL,By Email,NULL,Auto Generated,NULL,NULL,NULL,NULL,NULL,0,NULL,2025-07-11 13:01:46.743,NULL,0,NULL,NULL,NULL,NULL,NULL,NULL,NULL,NULL,Ocean Export,1,NULL,NULL,0,NULL,,NULL,NULL,NULL,NULL,1,0,,MUMBAI (MUM),NULL,NULL,NULL
2713,2025-07-14 00:00:00.000,INQ1021786,"Shanghai Joycargo Freight Service Co.,Ltd",NULL,None,None,NULL,By Email,NULL,Auto Generated,NULL,NULL,NULL,NULL,NULL,0,NULL,2025-07-14 11:25:38.317,NULL,0,NULL,NULL,NULL,NULL,NULL,NULL,NULL,NULL,Ocean Export,1,NULL,NULL,0,NULL,,NULL,NULL,NULL,NULL,1,0,,New Jersey (EWR),NULL,NULL,NULL
2714,2025-07-17 00:00:00.000,INQ1021815,GL SHIPPING LINE,NULL,None,None,NULL,By Email,NULL,Auto Generated,NULL,NULL,NULL,NULL,NULL,0,NULL,2025-07-17 17:51:37.403,NULL,0,NULL,NULL,NULL,NULL,NULL,NULL,NULL,NULL,Ocean Export,1,NULL,NULL,0,NULL,,NULL,NULL,NULL,NULL,1,0,,New Jersey (EWR),NULL,NULL,NULL
2715,2025-07-18 00:00:00.000,INQ1021816,ALPHACON LOGISTICS INTERNATIONAL CORP.,NULL,None,None,NULL,By Email,NULL,Auto Generated,NULL,NULL,NULL,NULL,NULL,0,NULL,2025-07-18 12:57:38.520,NULL,0,NULL,NULL,NULL,NULL,NULL,NULL,NULL,NULL,Ocean Export,1,NULL,NULL,0,NULL,,NULL,NULL,NULL,NULL,1,0,,New Jersey (EWR),NULL,NULL,NULL
2716,2025-07-22 00:00:00.000,INQ1021830,"Qingdao Honesty Logistics Co.,Ltd.",NULL,None,None,NULL,By Email,NULL,Auto Generated,NULL,NULL,NULL,NULL,NULL,0,NULL,2025-07-22 14:37:41.193,NULL,0,NULL,NULL,NULL,NULL,NULL,NULL,NULL,NULL,Ocean Export,1,NULL,NULL,0,NULL,,NULL,NULL,NULL,NULL,1,0,,New Jersey (EWR),NULL,NULL,NULL
2717,2025-07-22 00:00:00.000,INQ1021832,U N I Q U E W A Y   L O G I S T I C   &   S U P P ,NULL,None,None,NULL,By Email,NULL,Auto Generated,NULL,NULL,NULL,NULL,NULL,0,NULL,2025-07-22 14:43:47.037,NULL,0,NULL,NULL,NULL,NULL,NULL,NULL,NULL,NULL,Ocean Export,1,NULL,NULL,0,NULL,,NULL,NULL,NULL,NULL,1,0,,New Jersey (EWR),NULL,NULL,NULL
2718,2025-07-22 00:00:00.000,INQ1021834,Global Trade Partners Inc.,NULL,None,None,NULL,By Email,NULL,Auto Generated,NULL,NULL,NULL,NULL,NULL,0,NULL,2025-07-22 15:22:40.043,NULL,0,NULL,NULL,NULL,NULL,NULL,NULL,NULL,NULL,Ocean Export,1,NULL,NULL,0,NULL,,NULL,NULL,NULL,NULL,1,0,,MUMBAI (MUM),NULL,NULL,NULL
2719,2025-07-22 00:00:00.000,INQ1021839,RTL - Reliable Transportation Link,NULL,None,None,NULL,By Email,NULL,Auto Generated,NULL,NULL,NULL,NULL,NULL,0,NULL,2025-07-22 16:20:38.050,NULL,0,NULL,NULL,NULL,NULL,NULL,NULL,NULL,NULL,Ocean Export,1,NULL,NULL,0,NULL,,NULL,NULL,NULL,NULL,1,0,,MUMBAI (MUM),NULL,NULL,NULL
2720,2025-07-30 00:00:00.000,INQ1021884,Quanchen Laser Solution,NULL,None,None,NULL,By Email,NULL,Auto Generated,NULL,NULL,NULL,NULL,NULL,0,NULL,2025-07-30 12:17:28.473,NULL,0,NULL,NULL,NULL,NULL,NULL,NULL,NULL,NULL,Ocean Export,1,NULL,NULL,0,NULL,,NULL,NULL,NULL,NULL,1,0,,New Jersey (EWR),NULL,NULL,NULL
2721,2025-07-30 00:00:00.000,INQ1021887,Speyside Bourbon Cooperage Inc,NULL,None,None,NULL,By Email,NULL,Auto Generated,NULL,NULL,NULL,NULL,NULL,0,NULL,2025-07-30 15:13:42.370,NULL,0,NULL,NULL,NULL,NULL,NULL,NULL,NULL,NULL,Ocean Export,1,NULL,NULL,0,NULL,,NULL,NULL,NULL,NULL,1,0,,Inside Sales Group,NULL,NULL,NULL
2722,2025-07-30 00:00:00.000,INQ1021888,Quanchen Laser Solution,NULL,None,None,NULL,By Email,NULL,Auto Generated,NULL,NULL,NULL,NULL,NULL,0,NULL,2025-07-30 15:45:23.030,NULL,1,NULL,NULL,NULL,NULL,NULL,NULL,NULL,NULL,Ocean Export,1,NULL,NULL,0,NULL,,duplicate,NULL,NULL,NULL,1,0,,New Jersey (EWR),NULL,NULL,NULL
2723,2025-07-30 00:00:00.000,INQ1021889,cleaning a2z,NULL,None,None,NULL,By Email,NULL,Auto Generated,NULL,NULL,NULL,NULL,NULL,0,NULL,2025-07-30 15:58:42.330,NULL,0,NULL,NULL,NULL,NULL,NULL,NULL,NULL,NULL,Ocean Export,1,NULL,NULL,0,NULL,,NULL,NULL,NULL,NULL,1,0,,New Jersey (EWR),NULL,NULL,NULL
2724,2025-07-30 00:00:00.000,INQ1021891,LeClaire Manufacturing,NULL,None,None,NULL,By Email,NULL,Auto Generated,NULL,NULL,NULL,NULL,NULL,0,NULL,2025-07-30 16:08:44.350,NULL,0,NULL,NULL,NULL,NULL,NULL,NULL,NULL,NULL,Ocean Export,1,NULL,NULL,0,NULL,,NULL,NULL,NULL,NULL,1,0,,New Jersey (EWR),NULL,NULL,NULL
2725,2025-07-30 00:00:00.000,INQ1021893,SAS GLOBAL CORPORATION,NULL,None,None,NULL,By Email,NULL,Auto Generated,NULL,NULL,NULL,NULL,NULL,0,NULL,2025-07-30 16:14:51.667,NULL,1,NULL,NULL,NULL,NULL,NULL,NULL,NULL,NULL,Ocean Export,1,NULL,NULL,0,NULL,,duplicate,NULL,NULL,NULL,1,0,,Sales & Marketing,NULL,NULL,NULL
2726,2025-07-30 00:00:00.000,INQ1021894,LeClaire Manufacturing,NULL,None,None,NULL,By Email,NULL,Auto Generated,NULL,NULL,NULL,NULL,NULL,0,NULL,2025-07-30 22:06:59.177,NULL,1,NULL,NULL,NULL,NULL,NULL,NULL,NULL,NULL,Ocean Export,1,NULL,NULL,0,NULL,,duplicate,NULL,NULL,NULL,1,0,,New Jersey (EWR),NULL,NULL,NULL
2727,2025-07-30 00:00:00.000,INQ1021895,Shri Banashankari Engineering,NULL,None,None,NULL,By Email,NULL,Auto Generated,NULL,NULL,NULL,NULL,NULL,0,NULL,2025-07-30 22:31:49.703,NULL,0,NULL,NULL,NULL,NULL,NULL,NULL,NULL,NULL,Ocean Export,1,NULL,NULL,0,NULL,,NULL,NULL,NULL,NULL,1,0,,New Jersey (EWR),NULL,NULL,NULL
2728,2025-07-30 00:00:00.000,INQ1021896,WALTER TOSTO SPA,NULL,None,None,NULL,By Email,NULL,Auto Generated,NULL,NULL,NULL,NULL,NULL,0,NULL,2025-07-30 22:41:20.453,NULL,0,NULL,NULL,NULL,NULL,NULL,NULL,NULL,NULL,Ocean Export,1,NULL,NULL,0,NULL,,NULL,NULL,NULL,NULL,1,0,,New Jersey (EWR),NULL,NULL,NULL
2729,2025-07-30 00:00:00.000,INQ1021897,SONGGANG,NULL,None,None,NULL,By Email,NULL,Auto Generated,NULL,NULL,NULL,NULL,NULL,0,NULL,2025-07-30 22:43:52.053,NULL,0,NULL,NULL,NULL,NULL,NULL,NULL,NULL,NULL,Ocean Export,1,NULL,NULL,0,NULL,,NULL,NULL,NULL,NULL,1,0,,New Jersey (EWR),NULL,NULL,NULL
2730,2025-07-30 00:00:00.000,INQ1021898,GAGAN INTERNATIONAL,NULL,None,None,NULL,By Email,NULL,Auto Generated,NULL,NULL,NULL,NULL,NULL,0,NULL,2025-07-30 22:47:33.347,NULL,0,NULL,NULL,NULL,NULL,NULL,NULL,NULL,NULL,Ocean Export,1,NULL,NULL,0,NULL,,NULL,NULL,NULL,NULL,1,0,,New Jersey (EWR),NULL,NULL,NULL
2731,2025-07-30 00:00:00.000,INQ1021899,Max Dong,NULL,None,None,NULL,By Email,NULL,Auto Generated,NULL,NULL,NULL,NULL,NULL,0,NULL,2025-07-30 22:54:25.637,NULL,0,NULL,NULL,NULL,NULL,NULL,NULL,NULL,NULL,Ocean Export,1,NULL,NULL,0,NULL,,NULL,NULL,NULL,NULL,1,0,,New Jersey (EWR),NULL,NULL,NULL
2732,2025-07-30 00:00:00.000,INQ1021900,MICRO-TRONICS INC.,NULL,None,None,NULL,By Email,NULL,Auto Generated,NULL,NULL,NULL,NULL,NULL,0,NULL,2025-07-30 23:18:52.930,NULL,0,NULL,NULL,NULL,NULL,NULL,NULL,NULL,NULL,Ocean Export,1,NULL,NULL,0,NULL,,NULL,NULL,NULL,NULL,1,0,,New Jersey (EWR),NULL,NULL,NULL
2733,2025-07-30 00:00:00.000,INQ1021901,Flash Hydrogen Corporation,NULL,None,None,NULL,By Email,NULL,Auto Generated,NULL,NULL,NULL,NULL,NULL,0,NULL,2025-07-30 23:24:15.770,NULL,0,NULL,NULL,NULL,NULL,NULL,NULL,NULL,NULL,Ocean Export,1,NULL,NULL,0,NULL,,NULL,NULL,NULL,NULL,1,0,,New Jersey (EWR),NULL,NULL,NULL
2734,2025-07-30 00:00:00.000,INQ1021902,Equiusa technology,NULL,None,None,NULL,By Email,NULL,Auto Generated,NULL,NULL,NULL,NULL,NULL,0,NULL,2025-07-30 23:31:51.527,NULL,0,NULL,NULL,NULL,NULL,NULL,NULL,NULL,NULL,Ocean Export,1,NULL,NULL,0,NULL,,NULL,NULL,NULL,NULL,1,0,,New Jersey (EWR),NULL,NULL,NULL
2735,2025-07-30 00:00:00.000,INQ1021903,SANSTORE,NULL,None,None,NULL,By Email,NULL,Auto Generated,NULL,NULL,NULL,NULL,NULL,0,NULL,2025-07-30 23:34:48.470,NULL,0,NULL,NULL,NULL,NULL,NULL,NULL,NULL,NULL,Ocean Export,1,NULL,NULL,0,NULL,,NULL,NULL,NULL,NULL,1,0,,New Jersey (EWR),NULL,NULL,NULL
2736,2025-07-30 00:00:00.000,INQ1021904,All-Fit Automotive,NULL,None,None,NULL,By Email,NULL,Auto Generated,NULL,NULL,NULL,NULL,NULL,0,NULL,2025-07-30 23:44:46.300,NULL,0,NULL,NULL,NULL,NULL,NULL,NULL,NULL,NULL,Ocean Export,1,NULL,NULL,0,NULL,,NULL,NULL,NULL,NULL,1,0,,New Jersey (EWR),NULL,NULL,NULL
2737,2025-07-30 00:00:00.000,INQ1021905,Delta Circuits Inc,NULL,None,None,NULL,By Email,NULL,Auto Generated,NULL,NULL,NULL,NULL,NULL,0,NULL,2025-07-30 23:50:39.400,NULL,0,NULL,NULL,NULL,NULL,NULL,NULL,NULL,NULL,Ocean Export,1,NULL,NULL,0,NULL,,NULL,NULL,NULL,NULL,1,0,,New Jersey (EWR),NULL,NULL,NULL
2738,2025-07-30 00:00:00.000,INQ1021906,"Heights Tower Systems, Inc.",NULL,None,None,NULL,By Email,NULL,Auto Generated,NULL,NULL,NULL,NULL,NULL,0,NULL,2025-07-30 23:56:37.853,NULL,0,NULL,NULL,NULL,NULL,NULL,NULL,NULL,NULL,Ocean Export,1,NULL,NULL,0,NULL,,NULL,NULL,NULL,NULL,1,0,,New Jersey (EWR),NULL,NULL,NULL
2739,2025-07-30 00:00:00.000,INQ1021907,LIMITLESS SHIELDING,NULL,None,None,NULL,By Email,NULL,Auto Generated,NULL,NULL,NULL,NULL,NULL,0,NULL,2025-07-30 23:59:12.833,NULL,0,NULL,NULL,NULL,NULL,NULL,NULL,NULL,NULL,Ocean Export,1,NULL,NULL,0,NULL,,NULL,NULL,NULL,NULL,1,0,,New Jersey (EWR),NULL,NULL,NULL
2741,2025-07-31 00:00:00.000,INQ1021909,MachTrade GmbH,NULL,None,None,NULL,By Email,NULL,Auto Generated,NULL,NULL,NULL,NULL,NULL,0,NULL,2025-07-31 00:02:16.843,NULL,0,NULL,NULL,NULL,NULL,NULL,NULL,NULL,NULL,Ocean Export,1,NULL,NULL,0,NULL,,NULL,NULL,NULL,NULL,1,0,,New Jersey (EWR),NULL,NULL,NULL
2742,2025-07-31 00:00:00.000,INQ1021910,JNV GROUP,NULL,None,None,NULL,By Email,NULL,Auto Generated,NULL,NULL,NULL,NULL,NULL,0,NULL,2025-07-31 00:05:24.010,NULL,0,NULL,NULL,NULL,NULL,NULL,NULL,NULL,NULL,Ocean Export,1,NULL,NULL,0,NULL,,NULL,NULL,NULL,NULL,1,0,,New Jersey (EWR),NULL,NULL,NULL
2743,2025-07-31 00:00:00.000,INQ1021911,SB FILTERS,NULL,None,None,NULL,By Email,NULL,Auto Generated,NULL,NULL,NULL,NULL,NULL,0,NULL,2025-07-31 00:06:30.507,NULL,0,NULL,NULL,NULL,NULL,NULL,NULL,NULL,NULL,Ocean Export,1,NULL,NULL,0,NULL,,NULL,NULL,NULL,NULL,1,0,,New Jersey (EWR),NULL,NULL,NULL
2744,2025-07-31 00:00:00.000,INQ1021912,"Channel Islands Coatings, LLC",NULL,None,None,NULL,By Email,NULL,Auto Generated,NULL,NULL,NULL,NULL,NULL,0,NULL,2025-07-31 00:08:06.170,NULL,0,NULL,NULL,NULL,NULL,NULL,NULL,NULL,NULL,Ocean Export,1,NULL,NULL,0,NULL,,NULL,NULL,NULL,NULL,1,0,,New Jersey (EWR),NULL,NULL,NULL
2745,2025-07-31 00:00:00.000,INQ1021919,Utech CNC,NULL,None,None,NULL,By Email,NULL,Auto Generated,NULL,NULL,NULL,NULL,NULL,0,NULL,2025-07-31 15:57:48.467,NULL,0,NULL,NULL,NULL,NULL,NULL,NULL,NULL,NULL,Ocean Export,1,NULL,NULL,0,NULL,,NULL,NULL,NULL,NULL,1,0,,New Jersey (EWR),NULL,NULL,NULL
2746,2025-07-31 00:00:00.000,INQ1021920,Shenzhen Lucky Logistics Ltd.  Lucky Worldwide Log,NULL,None,None,NULL,By Email,NULL,Auto Generated,NULL,NULL,NULL,NULL,NULL,0,NULL,2025-07-31 20:43:01.107,NULL,0,NULL,NULL,NULL,NULL,NULL,NULL,NULL,NULL,Ocean Export,1,NULL,NULL,0,NULL,,NULL,NULL,NULL,NULL,1,0,,New Jersey (EWR),NULL,NULL,NULL
2747,2025-07-31 00:00:00.000,INQ1021921,Pioneer Logisys Pvt Ltd,NULL,None,None,NULL,By Email,NULL,Auto Generated,NULL,NULL,NULL,NULL,NULL,0,NULL,2025-07-31 20:46:37.470,NULL,0,NULL,NULL,NULL,NULL,NULL,NULL,NULL,NULL,Ocean Export,1,NULL,NULL,0,NULL,,NULL,NULL,NULL,NULL,1,0,,New Jersey (EWR),NULL,NULL,NULL
2748,2025-08-01 00:00:00.000,INQ1021925,"DHM HYDRAULIC CO., LTD",NULL,None,None,NULL,By Email,NULL,Auto Generated,NULL,NULL,NULL,NULL,NULL,0,NULL,2025-08-01 12:21:57.810,NULL,0,NULL,NULL,NULL,NULL,NULL,NULL,NULL,NULL,Ocean Export,1,NULL,NULL,0,NULL,,NULL,NULL,NULL,NULL,1,0,,MUMBAI (MUM),NULL,NULL,NULL
2749,2025-08-01 00:00:00.000,INQ1021926,Premier Equipment INC,NULL,None,None,NULL,By Email,NULL,Auto Generated,NULL,NULL,NULL,NULL,NULL,0,NULL,2025-08-01 14:14:36.360,NULL,0,NULL,NULL,NULL,NULL,NULL,NULL,NULL,NULL,Ocean Export,1,NULL,NULL,0,NULL,,NULL,NULL,NULL,NULL,1,0,,New Jersey (EWR),NULL,NULL,NULL
2751,2025-08-01 00:00:00.000,INQ1021929,Dayton Tractor & Crane Co.,NULL,None,None,NULL,By Email,NULL,Auto Generated,NULL,NULL,NULL,NULL,NULL,0,NULL,2025-08-01 14:28:06.817,NULL,0,NULL,NULL,NULL,NULL,NULL,NULL,NULL,NULL,Ocean Export,1,NULL,NULL,0,NULL,,NULL,NULL,NULL,NULL,1,0,,New Jersey (EWR),NULL,NULL,NULL
2752,2025-08-01 00:00:00.000,INQ1021930,MACHINERY NETWORK,NULL,None,None,NULL,By Email,NULL,Auto Generated,NULL,NULL,NULL,NULL,NULL,0,NULL,2025-08-01 14:32:32.907,NULL,0,NULL,NULL,NULL,NULL,NULL,NULL,NULL,NULL,Ocean Export,1,NULL,NULL,0,NULL,,NULL,NULL,NULL,NULL,1,0,,New Jersey (EWR),NULL,NULL,NULL
2753,2025-08-01 00:00:00.000,INQ1021931,MIDWAY MACHINERY MOVERS,NULL,None,None,NULL,By Email,NULL,Auto Generated,NULL,NULL,NULL,NULL,NULL,0,NULL,2025-08-01 14:36:27.377,NULL,0,NULL,NULL,NULL,NULL,NULL,NULL,NULL,NULL,Ocean Export,1,NULL,NULL,0,NULL,,NULL,NULL,NULL,NULL,1,0,,New Jersey (EWR),NULL,NULL,NULL
2754,2025-08-01 00:00:00.000,INQ1021932,Southeastern Equipment Company,NULL,None,None,NULL,By Email,NULL,Auto Generated,NULL,NULL,NULL,NULL,NULL,0,NULL,2025-08-01 14:39:06.837,NULL,0,NULL,NULL,NULL,NULL,NULL,NULL,NULL,NULL,Ocean Export,1,NULL,NULL,0,NULL,,NULL,NULL,NULL,NULL,1,0,,New Jersey (EWR),NULL,NULL,NULL
2755,2025-08-01 00:00:00.000,INQ1021934,AllSurplus,NULL,None,None,NULL,By Email,NULL,Auto Generated,NULL,NULL,NULL,NULL,NULL,0,NULL,2025-08-01 14:48:28.890,NULL,0,NULL,NULL,NULL,NULL,NULL,NULL,NULL,NULL,Ocean Export,1,NULL,NULL,0,NULL,,NULL,NULL,NULL,NULL,1,0,,New Jersey (EWR),NULL,NULL,NULL
2756,2025-08-01 00:00:00.000,INQ1021936,CIA Industrial,NULL,None,None,NULL,By Email,NULL,Auto Generated,NULL,NULL,NULL,NULL,NULL,0,NULL,2025-08-01 14:52:14.657,NULL,0,NULL,NULL,NULL,NULL,NULL,NULL,NULL,NULL,Ocean Export,1,NULL,NULL,0,NULL,,NULL,NULL,NULL,NULL,1,0,,New Jersey (EWR),NULL,NULL,NULL
2757,2025-08-01 00:00:00.000,INQ1021937,Wisconsin Metworking Machinery,NULL,None,None,NULL,By Email,NULL,Auto Generated,NULL,NULL,NULL,NULL,NULL,0,NULL,2025-08-01 14:54:17.983,NULL,0,NULL,NULL,NULL,NULL,NULL,NULL,NULL,NULL,Ocean Export,1,NULL,NULL,0,NULL,,NULL,NULL,NULL,NULL,1,0,,New Jersey (EWR),NULL,NULL,NULL
2758,2025-08-01 00:00:00.000,INQ1021938,HGR*24,NULL,None,None,NULL,By Email,NULL,Auto Generated,NULL,NULL,NULL,NULL,NULL,0,NULL,2025-08-01 15:07:56.787,NULL,0,NULL,NULL,NULL,NULL,NULL,NULL,NULL,NULL,Ocean Export,1,NULL,NULL,0,NULL,,NULL,NULL,NULL,NULL,1,0,,New Jersey (EWR),NULL,NULL,NULL
2759,2025-08-01 00:00:00.000,INQ1021939,USA Industrial Scrap,NULL,None,None,NULL,By Email,NULL,Auto Generated,NULL,NULL,NULL,NULL,NULL,0,NULL,2025-08-01 15:09:55.300,NULL,0,NULL,NULL,NULL,NULL,NULL,NULL,NULL,NULL,Ocean Export,1,NULL,NULL,0,NULL,,NULL,NULL,NULL,NULL,1,0,,New Jersey (EWR),NULL,NULL,NULL
2760,2025-08-01 00:00:00.000,INQ1021940,EquiptNet Inc,NULL,None,None,NULL,By Email,NULL,Auto Generated,NULL,NULL,NULL,NULL,NULL,0,NULL,2025-08-01 15:17:49.827,NULL,0,NULL,NULL,NULL,NULL,NULL,NULL,NULL,NULL,Ocean Export,1,NULL,NULL,0,NULL,,NULL,NULL,NULL,NULL,1,0,,New Jersey (EWR),NULL,NULL,NULL
2761,2025-08-01 00:00:00.000,INQ1021941,Machine Logisitc,NULL,None,None,NULL,By Email,NULL,Auto Generated,NULL,NULL,NULL,NULL,NULL,0,NULL,2025-08-01 15:24:12.583,NULL,0,NULL,NULL,NULL,NULL,NULL,NULL,NULL,NULL,Ocean Export,1,NULL,NULL,0,NULL,,NULL,NULL,NULL,NULL,1,0,,New Jersey (EWR),NULL,NULL,NULL
2762,2025-08-01 00:00:00.000,INQ1021953,NEW MILL CAPITAL,NULL,None,None,NULL,By Email,NULL,Auto Generated,NULL,NULL,NULL,NULL,NULL,0,NULL,2025-08-01 16:24:27.457,NULL,0,NULL,NULL,NULL,NULL,NULL,NULL,NULL,NULL,Ocean Export,1,NULL,NULL,0,NULL,,NULL,NULL,NULL,NULL,1,0,,New Jersey (EWR),NULL,NULL,NULL
2763,2025-08-01 00:00:00.000,INQ1021954,COCKETT INDUSTRIES,NULL,None,None,NULL,By Email,NULL,Auto Generated,NULL,NULL,NULL,NULL,NULL,0,NULL,2025-08-01 16:28:00.040,NULL,0,NULL,NULL,NULL,NULL,NULL,NULL,NULL,NULL,Ocean Export,1,NULL,NULL,0,NULL,,NULL,NULL,NULL,NULL,1,0,,New Jersey (EWR),NULL,NULL,NULL
2764,2025-08-01 00:00:00.000,INQ1021955,Integrity Sales & Auction LLC,NULL,None,None,NULL,By Email,NULL,Auto Generated,NULL,NULL,NULL,NULL,NULL,0,NULL,2025-08-01 16:33:35.170,NULL,0,NULL,NULL,NULL,NULL,NULL,NULL,NULL,NULL,Ocean Export,1,NULL,NULL,0,NULL,,NULL,NULL,NULL,NULL,1,0,,New Jersey (EWR),NULL,NULL,NULL
2765,2025-08-01 00:00:00.000,INQ1021956,"Dongguan Hongcheng Import & Export Co., Ltd.",NULL,None,None,NULL,By Email,NULL,Auto Generated,NULL,NULL,NULL,NULL,NULL,0,NULL,2025-08-01 23:25:18.537,NULL,0,NULL,NULL,NULL,NULL,NULL,NULL,NULL,NULL,Ocean Export,1,NULL,NULL,0,NULL,,NULL,NULL,NULL,NULL,1,0,,New Jersey (EWR),NULL,NULL,NULL
2766,2025-08-01 00:00:00.000,INQ1021957,WALTER TOSTO SPA,NULL,None,None,NULL,By Email,NULL,Auto Generated,NULL,NULL,NULL,NULL,NULL,0,NULL,2025-08-01 23:29:18.470,NULL,0,NULL,NULL,NULL,NULL,NULL,NULL,NULL,NULL,Ocean Export,1,NULL,NULL,0,NULL,,NULL,NULL,NULL,NULL,1,0,,New Jersey (EWR),NULL,NULL,NULL
2767,2025-08-01 00:00:00.000,INQ1021958,Injection Moulding & Tooling Services S.A.,NULL,None,None,NULL,By Email,NULL,Auto Generated,NULL,NULL,NULL,NULL,NULL,0,NULL,2025-08-01 23:29:37.613,NULL,0,NULL,NULL,NULL,NULL,NULL,NULL,NULL,NULL,Ocean Export,1,NULL,NULL,0,NULL,,NULL,NULL,NULL,NULL,1,0,,New Jersey (EWR),NULL,NULL,NULL
2768,2025-08-01 00:00:00.000,INQ1021959,John Dickinson & Co (W.I.) Ltd,NULL,None,None,NULL,By Email,NULL,Auto Generated,NULL,NULL,NULL,NULL,NULL,0,NULL,2025-08-01 23:32:31.460,NULL,0,NULL,NULL,NULL,NULL,NULL,NULL,NULL,NULL,Ocean Export,1,NULL,NULL,0,NULL,,NULL,NULL,NULL,NULL,1,0,,New Jersey (EWR),NULL,NULL,NULL
2769,2025-08-03 00:00:00.000,INQ1021960,Winbo International Ltd,NULL,None,None,NULL,By Email,NULL,Auto Generated,NULL,NULL,NULL,NULL,NULL,0,NULL,2025-08-03 11:21:11.813,NULL,0,NULL,NULL,NULL,NULL,NULL,NULL,NULL,NULL,Ocean Export,1,NULL,NULL,0,NULL,,NULL,NULL,NULL,NULL,1,0,,Inside Sales Group,NULL,NULL,NULL
2770,2025-08-03 00:00:00.000,INQ1021961,VERITIV,NULL,None,None,NULL,By Email,NULL,Auto Generated,NULL,NULL,NULL,NULL,NULL,0,NULL,2025-08-03 11:39:00.950,NULL,0,NULL,NULL,NULL,NULL,NULL,NULL,NULL,NULL,Ocean Export,1,NULL,NULL,0,NULL,,NULL,NULL,NULL,NULL,1,0,,Inside Sales Group,NULL,NULL,NULL
2771,2025-08-03 00:00:00.000,INQ1021962,"Reliable Automatic Sprinkler Co., Inc.  1",NULL,None,None,NULL,By Email,NULL,Auto Generated,NULL,NULL,NULL,NULL,NULL,0,NULL,2025-08-03 12:04:34.987,NULL,0,NULL,NULL,NULL,NULL,NULL,NULL,NULL,NULL,Ocean Export,1,NULL,NULL,0,NULL,,NULL,NULL,NULL,NULL,1,0,,Inside Sales Group,NULL,NULL,NULL
2772,2025-08-03 00:00:00.000,INQ1021963,EGYPTIAN COMPANY FOR FIRE WORKS (EGY-FIRE),NULL,None,None,NULL,By Email,NULL,Auto Generated,NULL,NULL,NULL,NULL,NULL,0,NULL,2025-08-03 12:14:34.457,NULL,0,NULL,NULL,NULL,NULL,NULL,NULL,NULL,NULL,Ocean Export,1,NULL,NULL,0,NULL,,NULL,NULL,NULL,NULL,1,0,,Sales & Marketing,NULL,NULL,NULL
2773,2025-08-03 00:00:00.000,INQ1021964,COPEX MOVERS & PACKERS 1,NULL,None,None,NULL,By Email,NULL,Auto Generated,NULL,NULL,NULL,NULL,NULL,0,NULL,2025-08-03 16:15:45.997,NULL,0,NULL,NULL,NULL,NULL,NULL,NULL,NULL,NULL,Ocean Export,1,NULL,NULL,0,NULL,,NULL,NULL,NULL,NULL,1,0,,Inside Sales Group,NULL,NULL,NULL
2774,2025-08-03 00:00:00.000,INQ1021965,MTS Systems (Sales / Service),NULL,None,None,NULL,By Email,NULL,Auto Generated,NULL,NULL,NULL,NULL,NULL,0,NULL,2025-08-03 16:24:28.220,NULL,0,NULL,NULL,NULL,NULL,NULL,NULL,NULL,NULL,Ocean Export,1,NULL,NULL,0,NULL,,NULL,NULL,NULL,NULL,1,0,,Inside Sales Group,NULL,NULL,NULL
2775,2025-08-03 00:00:00.000,INQ1021966,Mini U Storage,NULL,None,None,NULL,By Email,NULL,Auto Generated,NULL,NULL,NULL,NULL,NULL,0,NULL,2025-08-03 16:38:30.973,NULL,0,NULL,NULL,NULL,NULL,NULL,NULL,NULL,NULL,Ocean Export,1,NULL,NULL,0,NULL,,NULL,NULL,NULL,NULL,1,0,,Inside Sales Group,NULL,NULL,NULL
2776,2025-08-03 00:00:00.000,INQ1021967,SUFRA PRODUCTS AND NUTS LLC 1,NULL,None,None,NULL,By Email,NULL,Auto Generated,NULL,NULL,NULL,NULL,NULL,0,NULL,2025-08-03 16:52:39.977,NULL,0,NULL,NULL,NULL,NULL,NULL,NULL,NULL,NULL,Ocean Export,1,NULL,NULL,0,NULL,,NULL,NULL,NULL,NULL,1,0,,Inside Sales Group,NULL,NULL,NULL
2777,2025-08-03 00:00:00.000,INQ1021968,Pier Agro Food Industry and Trade Inc. Free Zone B,NULL,None,None,NULL,By Email,NULL,Auto Generated,NULL,NULL,NULL,NULL,NULL,0,NULL,2025-08-03 17:03:43.540,NULL,0,NULL,NULL,NULL,NULL,NULL,NULL,NULL,NULL,Ocean Export,1,NULL,NULL,0,NULL,,NULL,NULL,NULL,NULL,1,0,,Inside Sales Group,NULL,NULL,NULL
2778,2025-08-03 00:00:00.000,INQ1021969,Federal Broach & Machine Company,NULL,None,None,NULL,By Email,NULL,Auto Generated,NULL,NULL,NULL,NULL,NULL,0,NULL,2025-08-03 17:11:37.447,NULL,0,NULL,NULL,NULL,NULL,NULL,NULL,NULL,NULL,Ocean Export,1,NULL,NULL,0,NULL,,NULL,NULL,NULL,NULL,1,0,,Inside Sales Group,NULL,NULL,NULL
2779,2025-08-03 00:00:00.000,INQ1021970,Proton Traders LLC,NULL,None,None,NULL,By Email,NULL,Auto Generated,NULL,NULL,NULL,NULL,NULL,0,NULL,2025-08-03 17:26:23.717,NULL,0,NULL,NULL,NULL,NULL,NULL,NULL,NULL,NULL,Ocean Export,1,NULL,NULL,0,NULL,,NULL,NULL,NULL,NULL,1,0,,Inside Sales Group,NULL,NULL,NULL
2780,2025-08-03 00:00:00.000,INQ1021971,JENTERA KUASA RESOURCES SDN BHD,NULL,None,None,NULL,By Email,NULL,Auto Generated,NULL,NULL,NULL,NULL,NULL,0,NULL,2025-08-03 17:38:42.633,NULL,0,NULL,NULL,NULL,NULL,NULL,NULL,NULL,NULL,Ocean Export,1,NULL,NULL,0,NULL,,NULL,NULL,NULL,NULL,1,0,,Inside Sales Group,NULL,NULL,NULL
2781,2025-08-03 00:00:00.000,INQ1021972,Universal Intermodal Service (MN),NULL,None,None,NULL,By Email,NULL,Auto Generated,NULL,NULL,NULL,NULL,NULL,0,NULL,2025-08-03 18:00:55.470,NULL,0,NULL,NULL,NULL,NULL,NULL,NULL,NULL,NULL,Ocean Export,1,NULL,NULL,0,NULL,,NULL,NULL,NULL,NULL,1,0,,Inside Sales Group,NULL,NULL,NULL
2782,2025-08-03 00:00:00.000,INQ1021973,LKQ Hunts Point Auto Parts,NULL,None,None,NULL,By Email,NULL,Auto Generated,NULL,NULL,NULL,NULL,NULL,0,NULL,2025-08-03 18:24:40.383,NULL,0,NULL,NULL,NULL,NULL,NULL,NULL,NULL,NULL,Ocean Export,1,NULL,NULL,0,NULL,,NULL,NULL,NULL,NULL,1,0,,Inside Sales Group,NULL,NULL,NULL
2783,2025-08-03 00:00:00.000,INQ1021974,GP&C Operations LLC,NULL,None,None,NULL,By Email,NULL,Auto Generated,NULL,NULL,NULL,NULL,NULL,0,NULL,2025-08-03 18:35:26.303,NULL,0,NULL,NULL,NULL,NULL,NULL,NULL,NULL,NULL,Ocean Export,1,NULL,NULL,0,NULL,,NULL,NULL,NULL,NULL,1,0,,Inside Sales Group,NULL,NULL,NULL
2784,2025-08-03 00:00:00.000,INQ1021975,Garlock Flexibles,NULL,None,None,NULL,By Email,NULL,Auto Generated,NULL,NULL,NULL,NULL,NULL,0,NULL,2025-08-03 18:45:10.497,NULL,0,NULL,NULL,NULL,NULL,NULL,NULL,NULL,NULL,Ocean Export,1,NULL,NULL,0,NULL,,NULL,NULL,NULL,NULL,1,0,,Inside Sales Group,NULL,NULL,NULL
2785,2025-08-03 00:00:00.000,INQ1021976,AM Centre of Excellence (AM-COE),NULL,None,None,NULL,By Email,NULL,Auto Generated,NULL,NULL,NULL,NULL,NULL,0,NULL,2025-08-03 18:50:54.290,NULL,0,NULL,NULL,NULL,NULL,NULL,NULL,NULL,NULL,Ocean Export,1,NULL,NULL,0,NULL,,NULL,NULL,NULL,NULL,1,0,,Inside Sales Group,NULL,NULL,NULL
2786,2025-08-03 00:00:00.000,INQ1021977,Ameriflo,NULL,None,None,NULL,By Email,NULL,Auto Generated,NULL,NULL,NULL,NULL,NULL,0,NULL,2025-08-03 18:59:52.583,NULL,0,NULL,NULL,NULL,NULL,NULL,NULL,NULL,NULL,Ocean Export,1,NULL,NULL,0,NULL,,NULL,NULL,NULL,NULL,1,0,,Inside Sales Group,NULL,NULL,NULL
2787,2025-08-04 00:00:00.000,INQ1021978,"Shanghai LXC Global Logistics Co., Ltd.",NULL,None,None,NULL,By Email,NULL,Auto Generated,NULL,NULL,NULL,NULL,NULL,0,NULL,2025-08-04 10:50:43.727,NULL,0,NULL,NULL,NULL,NULL,NULL,NULL,NULL,NULL,Ocean Export,1,NULL,NULL,0,NULL,,NULL,NULL,NULL,NULL,1,0,,New Jersey (EWR),NULL,NULL,NULL
2788,2025-08-04 00:00:00.000,INQ1021979,Calgaz,NULL,None,None,NULL,By Email,NULL,Auto Generated,NULL,NULL,NULL,NULL,NULL,0,NULL,2025-08-04 11:45:04.840,NULL,0,NULL,NULL,NULL,NULL,NULL,NULL,NULL,NULL,Ocean Export,1,NULL,NULL,0,NULL,,NULL,NULL,NULL,NULL,1,0,,Inside Sales Group,NULL,NULL,NULL
2789,2025-08-04 00:00:00.000,INQ1021980,PE Energy Industrial Supply,NULL,None,None,NULL,By Email,NULL,Auto Generated,NULL,NULL,NULL,NULL,NULL,0,NULL,2025-08-04 12:00:34.813,NULL,0,NULL,NULL,NULL,NULL,NULL,NULL,NULL,NULL,Ocean Export,1,NULL,NULL,0,NULL,,NULL,NULL,NULL,NULL,1,0,,Inside Sales Group,NULL,NULL,NULL
2790,2025-08-04 00:00:00.000,INQ1021981,Accuride Canada Inc,NULL,None,None,NULL,By Email,NULL,Auto Generated,NULL,NULL,NULL,NULL,NULL,0,NULL,2025-08-04 12:08:29.373,NULL,0,NULL,NULL,NULL,NULL,NULL,NULL,NULL,NULL,Ocean Export,1,NULL,NULL,0,NULL,,NULL,NULL,NULL,NULL,1,0,,Inside Sales Group,NULL,NULL,NULL
2791,2025-08-04 00:00:00.000,INQ1021982,Vitane Pharmaceuticals Inc,NULL,None,None,NULL,By Email,NULL,Auto Generated,NULL,NULL,NULL,NULL,NULL,0,NULL,2025-08-04 12:19:30.617,NULL,0,NULL,NULL,NULL,NULL,NULL,NULL,NULL,NULL,Ocean Export,1,NULL,NULL,0,NULL,,NULL,NULL,NULL,NULL,1,0,,Inside Sales Group,NULL,NULL,NULL
2792,2025-08-04 00:00:00.000,INQ1021990,Premier Equipment INC,NULL,None,None,NULL,By Email,NULL,Auto Generated,NULL,NULL,NULL,NULL,NULL,0,NULL,2025-08-04 17:02:30.040,2025-08-04 17:02:52.227,0,NULL,NULL,NULL,NULL,NULL,NULL,NULL,NULL,Ocean Export,1,NULL,NULL,0,NULL,,NULL,NULL,NULL,NULL,1,0,,Sales & Marketing,NULL,NULL,NULL
2794,2025-08-04 00:00:00.000,INQ1021992,Dayton Tractor & Crane Co.,NULL,None,None,NULL,By Email,NULL,Ryan Thomas 937-293-9300 dtc@daytontractor.com,NULL,NULL,NULL,NULL,NULL,0,NULL,2025-08-04 17:05:22.053,2025-12-10 09:56:16.010,0,NULL,NULL,NULL,NULL,NULL,NULL,NULL,NULL,Ocean Export,1,NULL,NULL,0,NULL,,NULL,NULL,NULL,NULL,1,0,,Sales & Marketing,NULL,NULL,NULL
2795,2025-08-04 00:00:00.000,INQ1021993,Southeastern Equipment Company,NULL,None,None,NULL,By Email,NULL,Auto Generated,NULL,NULL,NULL,NULL,NULL,0,NULL,2025-08-04 17:07:59.350,2025-08-04 17:08:18.937,0,NULL,NULL,NULL,NULL,NULL,NULL,NULL,NULL,Ocean Export,1,NULL,NULL,0,NULL,,NULL,NULL,NULL,NULL,1,0,,Sales & Marketing,NULL,NULL,NULL
2796,2025-08-04 00:00:00.000,INQ1021994,AllSurplus,NULL,None,None,NULL,By Email,NULL,have to wait till they respond to email,NULL,NULL,NULL,NULL,NULL,0,NULL,2025-08-04 17:09:10.827,2025-11-17 10:14:06.583,0,NULL,NULL,NULL,NULL,NULL,NULL,NULL,NULL,Ocean Export,1,NULL,NULL,0,NULL,,NULL,NULL,NULL,NULL,1,0,,Sales & Marketing,NULL,NULL,NULL
2797,2025-08-04 00:00:00.000,INQ1021995,CIA Industrial,NULL,None,None,NULL,By Email,NULL,Auto Generated,NULL,NULL,NULL,NULL,NULL,0,NULL,2025-08-04 17:09:55.600,2025-10-14 12:04:00.200,0,NULL,NULL,NULL,NULL,NULL,NULL,NULL,NULL,Ocean Export,1,NULL,NULL,0,NULL,,NULL,NULL,NULL,NULL,1,0,,Sales & Marketing,NULL,NULL,NULL
2798,2025-08-04 00:00:00.000,INQ1021996,Wisconsin Metworking Machinery,NULL,None,None,NULL,By Email,NULL,Auto Generated,NULL,NULL,NULL,NULL,NULL,0,NULL,2025-08-04 17:10:42.003,2025-08-04 17:11:05.183,1,NULL,NULL,NULL,NULL,NULL,NULL,NULL,NULL,Ocean Export,1,NULL,NULL,0,NULL,,duplicate,NULL,NULL,NULL,1,0,,Sales & Marketing,NULL,NULL,NULL
2799,2025-08-04 00:00:00.000,INQ1021997,HGR*24,NULL,None,None,NULL,By Email,NULL,Dan 216-486-4567 dmooney@hgr24inc.com https://hgrinc.com/how-to-sell/,NULL,NULL,NULL,NULL,NULL,0,NULL,2025-08-04 17:11:33.563,2025-12-10 10:34:40.387,0,NULL,NULL,NULL,NULL,NULL,NULL,NULL,NULL,Ocean Export,1,NULL,NULL,0,NULL,,NULL,NULL,NULL,NULL,1,0,,Sales & Marketing,NULL,NULL,NULL
2800,2025-08-04 00:00:00.000,INQ1021998,United Genetics Seeds,NULL,None,None,NULL,By Email,NULL,Auto Generated,NULL,NULL,NULL,NULL,NULL,0,NULL,2025-08-04 18:24:46.087,NULL,0,NULL,NULL,NULL,NULL,NULL,NULL,NULL,NULL,Ocean Export,1,NULL,NULL,0,NULL,,NULL,NULL,NULL,NULL,1,0,,Inside Sales Group,NULL,NULL,NULL
2801,2025-08-04 00:00:00.000,INQ1021999,R&D Medical Products,NULL,None,None,NULL,By Email,NULL,Auto Generated,NULL,NULL,NULL,NULL,NULL,0,NULL,2025-08-04 18:40:20.087,NULL,0,NULL,NULL,NULL,NULL,NULL,NULL,NULL,NULL,Ocean Export,1,NULL,NULL,0,NULL,,NULL,NULL,NULL,NULL,1,0,,Inside Sales Group,NULL,NULL,NULL
2802,2025-08-04 00:00:00.000,INQ1022000,Van Drunen Farms,NULL,None,None,NULL,By Email,NULL,Auto Generated,NULL,NULL,NULL,NULL,NULL,0,NULL,2025-08-04 18:45:45.833,NULL,0,NULL,NULL,NULL,NULL,NULL,NULL,NULL,NULL,Ocean Export,1,NULL,NULL,0,NULL,,NULL,NULL,NULL,NULL,1,0,,Inside Sales Group,NULL,NULL,NULL
2803,2025-08-04 00:00:00.000,INQ1022001,GE Power,NULL,None,None,NULL,By Email,NULL,Auto Generated,NULL,NULL,NULL,NULL,NULL,0,NULL,2025-08-04 19:03:35.530,NULL,0,NULL,NULL,NULL,NULL,NULL,NULL,NULL,NULL,Ocean Export,1,NULL,NULL,0,NULL,,NULL,NULL,NULL,NULL,1,0,,Inside Sales Group,NULL,NULL,NULL
2804,2025-08-04 00:00:00.000,INQ1022002,"SHENGZHOU HOUTU TEA CO., LTD.",NULL,None,None,NULL,By Email,NULL,Auto Generated,NULL,NULL,NULL,NULL,NULL,0,NULL,2025-08-04 19:12:07.537,NULL,0,NULL,NULL,NULL,NULL,NULL,NULL,NULL,NULL,Ocean Export,1,NULL,NULL,0,NULL,,NULL,NULL,NULL,NULL,1,0,,Inside Sales Group,NULL,NULL,NULL
2807,2025-08-05 00:00:00.000,INQ1022005,ANJUM,NULL,None,None,NULL,By Email,NULL,Auto Generated,NULL,NULL,NULL,NULL,NULL,0,NULL,2025-08-05 14:51:54.703,NULL,0,NULL,NULL,NULL,NULL,NULL,NULL,NULL,NULL,Ocean Export,1,NULL,NULL,0,NULL,,NULL,NULL,NULL,NULL,1,0,,Inside Sales Group,NULL,NULL,NULL
2808,2025-08-06 00:00:00.000,INQ1022012,AQUA BLUE SHIPPING LINE LLC,NULL,None,None,NULL,By Email,NULL,Auto Generated,NULL,NULL,NULL,NULL,NULL,0,NULL,2025-08-06 14:59:12.250,NULL,0,NULL,NULL,NULL,NULL,NULL,NULL,NULL,NULL,Ocean Export,1,NULL,NULL,0,NULL,,NULL,NULL,NULL,NULL,1,0,,New Jersey (EWR),NULL,NULL,NULL
2809,2025-08-06 00:00:00.000,INQ1022013,Al Mansour for trading and distribution,NULL,None,None,NULL,By Email,NULL,Auto Generated,NULL,NULL,NULL,NULL,NULL,0,NULL,2025-08-06 15:07:01.383,NULL,0,NULL,NULL,NULL,NULL,NULL,NULL,NULL,NULL,Ocean Export,1,NULL,NULL,0,NULL,,NULL,NULL,NULL,NULL,1,0,,Sales & Marketing,NULL,NULL,NULL
2810,2025-08-07 00:00:00.000,INQ1022016,Shipal Line India Pvt. ltd.,NULL,None,None,NULL,By Email,NULL,Auto Generated,NULL,NULL,NULL,NULL,NULL,0,NULL,2025-08-07 10:55:03.990,NULL,0,NULL,NULL,NULL,NULL,NULL,NULL,NULL,NULL,Ocean Export,1,NULL,NULL,0,NULL,,NULL,NULL,NULL,NULL,1,0,,New Jersey (EWR),NULL,NULL,NULL
2811,2025-08-08 00:00:00.000,INQ1022024,ANDERSON EQUIPMENT COMPANY,NULL,None,None,NULL,By Email,NULL,Outsource shipping not interested,NULL,NULL,NULL,NULL,NULL,0,NULL,2025-08-08 15:26:37.563,2025-10-31 09:31:40.563,0,NULL,NULL,NULL,NULL,NULL,NULL,NULL,NULL,Ocean Export,1,NULL,NULL,0,NULL,,NULL,NULL,NULL,NULL,1,0,,Sales & Marketing,NULL,NULL,NULL
2812,2025-08-10 00:00:00.000,INQ1022025,COLIMEX SENEGAL,NULL,None,None,NULL,By Email,NULL,Auto Generated,NULL,NULL,NULL,NULL,NULL,0,NULL,2025-08-10 10:12:28.267,NULL,0,NULL,NULL,NULL,NULL,NULL,NULL,NULL,NULL,Ocean Export,1,NULL,NULL,0,NULL,,NULL,NULL,NULL,NULL,1,0,,Inside Sales Group,NULL,NULL,NULL
2813,2025-08-10 00:00:00.000,INQ1022026,EPC MINEEX,NULL,None,None,NULL,By Email,NULL,Auto Generated,NULL,NULL,NULL,NULL,NULL,0,NULL,2025-08-10 10:26:41.130,NULL,0,NULL,NULL,NULL,NULL,NULL,NULL,NULL,NULL,Ocean Export,1,NULL,NULL,0,NULL,,NULL,NULL,NULL,NULL,1,0,,Inside Sales Group,NULL,NULL,NULL
2814,2025-08-10 00:00:00.000,INQ1022027,Ameriworld Fulfillment,NULL,None,None,NULL,By Email,NULL,Auto Generated,NULL,NULL,NULL,NULL,NULL,0,NULL,2025-08-10 12:59:12.897,NULL,0,NULL,NULL,NULL,NULL,NULL,NULL,NULL,NULL,Ocean Export,1,NULL,NULL,0,NULL,,NULL,NULL,NULL,NULL,1,0,,Inside Sales Group,NULL,NULL,NULL
2815,2025-08-10 00:00:00.000,INQ1022028,SureCan,NULL,None,None,NULL,By Email,NULL,Auto Generated,NULL,NULL,NULL,NULL,NULL,0,NULL,2025-08-10 13:04:51.797,NULL,0,NULL,NULL,NULL,NULL,NULL,NULL,NULL,NULL,Ocean Export,1,NULL,NULL,0,NULL,,NULL,NULL,NULL,NULL,1,0,,Inside Sales Group,NULL,NULL,NULL
2816,2025-08-10 00:00:00.000,INQ1022029,MGS Juarez,NULL,None,None,NULL,By Email,NULL,Auto Generated,NULL,NULL,NULL,NULL,NULL,0,NULL,2025-08-10 13:19:55.010,NULL,0,NULL,NULL,NULL,NULL,NULL,NULL,NULL,NULL,Ocean Export,1,NULL,NULL,0,NULL,,NULL,NULL,NULL,NULL,1,0,,Inside Sales Group,NULL,NULL,NULL
2817,2025-08-10 00:00:00.000,INQ1022030,Guillermo Lizarraga Custom House,NULL,None,None,NULL,By Email,NULL,Auto Generated,NULL,NULL,NULL,NULL,NULL,0,NULL,2025-08-10 14:11:36.637,NULL,0,NULL,NULL,NULL,NULL,NULL,NULL,NULL,NULL,Ocean Export,1,NULL,NULL,0,NULL,,NULL,NULL,NULL,NULL,1,0,,Inside Sales Group,NULL,NULL,NULL
2818,2025-08-10 00:00:00.000,INQ1022031,BTX Global Logistics,NULL,None,None,NULL,By Email,NULL,Auto Generated,NULL,NULL,NULL,NULL,NULL,0,NULL,2025-08-10 15:58:00.240,NULL,0,NULL,NULL,NULL,NULL,NULL,NULL,NULL,NULL,Ocean Export,1,NULL,NULL,0,NULL,,NULL,NULL,NULL,NULL,1,0,,Inside Sales Group,NULL,NULL,NULL
2819,2025-08-10 00:00:00.000,INQ1022032,"H.C. International, Inc",NULL,None,None,NULL,By Email,NULL,Auto Generated,NULL,NULL,NULL,NULL,NULL,0,NULL,2025-08-10 16:08:12.790,NULL,0,NULL,NULL,NULL,NULL,NULL,NULL,NULL,NULL,Ocean Export,1,NULL,NULL,0,NULL,,NULL,NULL,NULL,NULL,1,0,,Inside Sales Group,NULL,NULL,NULL
2820,2025-08-10 00:00:00.000,INQ1022033,FMC Metals,NULL,None,None,NULL,By Email,NULL,Auto Generated,NULL,NULL,NULL,NULL,NULL,0,NULL,2025-08-10 16:12:25.050,NULL,0,NULL,NULL,NULL,NULL,NULL,NULL,NULL,NULL,Ocean Export,1,NULL,NULL,0,NULL,,NULL,NULL,NULL,NULL,1,0,,Inside Sales Group,NULL,NULL,NULL
2821,2025-08-10 00:00:00.000,INQ1022034,Ocean State Job Lot,NULL,None,None,NULL,By Email,NULL,Auto Generated,NULL,NULL,NULL,NULL,NULL,0,NULL,2025-08-10 16:37:00.787,NULL,0,NULL,NULL,NULL,NULL,NULL,NULL,NULL,NULL,Ocean Export,1,NULL,NULL,0,NULL,,NULL,NULL,NULL,NULL,1,0,,Inside Sales Group,NULL,NULL,NULL
2822,2025-08-10 00:00:00.000,INQ1022035,"Syed Computer 2305830,Ontario incorporation",NULL,None,None,NULL,By Email,NULL,Auto Generated,NULL,NULL,NULL,NULL,NULL,0,NULL,2025-08-10 16:42:19.943,NULL,0,NULL,NULL,NULL,NULL,NULL,NULL,NULL,NULL,Ocean Export,1,NULL,NULL,0,NULL,,NULL,NULL,NULL,NULL,1,0,,Inside Sales Group,NULL,NULL,NULL
2823,2025-08-10 00:00:00.000,INQ1022036,"Hangsterfer's Laboratories, Inc.",NULL,None,None,NULL,By Email,NULL,Auto Generated,NULL,NULL,NULL,NULL,NULL,0,NULL,2025-08-10 16:51:34.970,NULL,0,NULL,NULL,NULL,NULL,NULL,NULL,NULL,NULL,Ocean Export,1,NULL,NULL,0,NULL,,NULL,NULL,NULL,NULL,1,0,,Inside Sales Group,NULL,NULL,NULL
2824,2025-08-10 00:00:00.000,INQ1022037,LYNX ENTERPRISES INC,NULL,None,None,NULL,By Email,NULL,Auto Generated,NULL,NULL,NULL,NULL,NULL,0,NULL,2025-08-10 17:12:46.003,NULL,0,NULL,NULL,NULL,NULL,NULL,NULL,NULL,NULL,Ocean Export,1,NULL,NULL,0,NULL,,NULL,NULL,NULL,NULL,1,0,,Inside Sales Group,NULL,NULL,NULL
2825,2025-08-10 00:00:00.000,INQ1022038,PROPIMA,NULL,None,None,NULL,By Email,NULL,Auto Generated,NULL,NULL,NULL,NULL,NULL,0,NULL,2025-08-10 17:22:08.787,NULL,0,NULL,NULL,NULL,NULL,NULL,NULL,NULL,NULL,Ocean Export,1,NULL,NULL,0,NULL,,NULL,NULL,NULL,NULL,1,0,,Inside Sales Group,NULL,NULL,NULL
2826,2025-08-10 00:00:00.000,INQ1022039,Forwarding Center Corp,NULL,None,None,NULL,By Email,NULL,Auto Generated,NULL,NULL,NULL,NULL,NULL,0,NULL,2025-08-10 17:33:25.750,NULL,0,NULL,NULL,NULL,NULL,NULL,NULL,NULL,NULL,Ocean Export,1,NULL,NULL,0,NULL,,NULL,NULL,NULL,NULL,1,0,,Inside Sales Group,NULL,NULL,NULL
2827,2025-08-10 00:00:00.000,INQ1022040,"Wenger Manufacturing, LLC",NULL,None,None,NULL,By Email,NULL,Auto Generated,NULL,NULL,NULL,NULL,NULL,0,NULL,2025-08-10 17:38:17.487,NULL,0,NULL,NULL,NULL,NULL,NULL,NULL,NULL,NULL,Ocean Export,1,NULL,NULL,0,NULL,,NULL,NULL,NULL,NULL,1,0,,Inside Sales Group,NULL,NULL,NULL
2828,2025-08-11 00:00:00.000,INQ1022042,HGR Showroom,NULL,None,None,NULL,By Email,NULL,Auto Generated,NULL,NULL,NULL,NULL,NULL,0,NULL,2025-08-11 11:24:44.350,NULL,0,NULL,NULL,NULL,NULL,NULL,NULL,NULL,NULL,Ocean Export,1,NULL,NULL,0,NULL,,NULL,NULL,NULL,NULL,1,0,,Inside Sales Group,NULL,NULL,NULL
2829,2025-08-11 00:00:00.000,INQ1022043,"IRONPLANET, INC.",NULL,None,None,NULL,By Email,NULL,Auto Generated,NULL,NULL,NULL,NULL,NULL,0,NULL,2025-08-11 11:29:58.057,NULL,0,NULL,NULL,NULL,NULL,NULL,NULL,NULL,NULL,Ocean Export,1,NULL,NULL,0,NULL,,NULL,NULL,NULL,NULL,1,0,,Inside Sales Group,NULL,NULL,NULL
2830,2025-08-11 00:00:00.000,INQ1022044,Volvo Construction Equipment,NULL,None,None,NULL,By Email,NULL,Auto Generated,NULL,NULL,NULL,NULL,NULL,0,NULL,2025-08-11 11:35:45.147,NULL,0,NULL,NULL,NULL,NULL,NULL,NULL,NULL,NULL,Ocean Export,1,NULL,NULL,0,NULL,,NULL,NULL,NULL,NULL,1,0,,Inside Sales Group,NULL,NULL,NULL
2831,2025-08-11 00:00:00.000,INQ1022051,SMP Nutra or Supplement Manufacturing Partner Nutr,NULL,None,None,NULL,By Email,NULL,Auto Generated,NULL,NULL,NULL,NULL,NULL,0,NULL,2025-08-11 15:24:24.623,NULL,0,NULL,NULL,NULL,NULL,NULL,NULL,NULL,NULL,Ocean Export,1,NULL,NULL,0,NULL,,NULL,NULL,NULL,NULL,1,0,,New Jersey (EWR),NULL,NULL,NULL
2832,2025-08-11 00:00:00.000,INQ1022053,MMS MODERN MIDDLEEAST SHIPPING LLC,NULL,None,None,NULL,By Email,NULL,Auto Generated,NULL,NULL,NULL,NULL,NULL,0,NULL,2025-08-11 15:45:13.543,NULL,0,NULL,NULL,NULL,NULL,NULL,NULL,NULL,NULL,Ocean Export,1,NULL,NULL,0,NULL,,NULL,NULL,NULL,NULL,1,0,,Inside Sales Group,NULL,NULL,NULL
2833,2025-08-12 00:00:00.000,INQ1022058,AEROSKY FREIGHT,NULL,None,None,NULL,By Email,NULL,Auto Generated,NULL,NULL,NULL,NULL,NULL,0,NULL,2025-08-12 11:54:23.770,NULL,0,NULL,NULL,NULL,NULL,NULL,NULL,NULL,NULL,Ocean Export,1,NULL,NULL,0,NULL,,NULL,NULL,NULL,NULL,1,0,,Sales & Marketing,NULL,NULL,NULL
2834,2025-08-12 00:00:00.000,INQ1022064,EUROTERM CJSC,NULL,None,None,NULL,By Email,NULL,Auto Generated,NULL,NULL,NULL,NULL,NULL,0,NULL,2025-08-12 16:22:22.773,NULL,0,NULL,NULL,NULL,NULL,NULL,NULL,NULL,NULL,Ocean Export,1,NULL,NULL,0,NULL,,NULL,NULL,NULL,NULL,1,0,,Inside Sales Group,NULL,NULL,NULL
2835,2025-08-12 00:00:00.000,INQ1022067,Alfapharm,NULL,None,None,NULL,By Email,NULL,Auto Generated,NULL,NULL,NULL,NULL,NULL,0,NULL,2025-08-12 17:04:11.263,NULL,0,NULL,NULL,NULL,NULL,NULL,NULL,NULL,NULL,Ocean Export,1,NULL,NULL,0,NULL,,NULL,NULL,NULL,NULL,1,0,,Inside Sales Group,NULL,NULL,NULL
2836,2025-08-12 00:00:00.000,INQ1022068,Elmarket LLC (Eldorado),NULL,None,None,NULL,By Email,NULL,Auto Generated,NULL,NULL,NULL,NULL,NULL,0,NULL,2025-08-12 17:20:10.710,NULL,0,NULL,NULL,NULL,NULL,NULL,NULL,NULL,NULL,Ocean Export,1,NULL,NULL,0,NULL,,NULL,NULL,NULL,NULL,1,0,,Inside Sales Group,NULL,NULL,NULL
2837,2025-08-12 00:00:00.000,INQ1022070,Automax,NULL,None,None,NULL,By Email,NULL,Auto Generated,NULL,NULL,NULL,NULL,NULL,0,NULL,2025-08-12 17:50:20.980,NULL,0,NULL,NULL,NULL,NULL,NULL,NULL,NULL,NULL,Ocean Export,1,NULL,NULL,0,NULL,,NULL,NULL,NULL,NULL,1,0,,Inside Sales Group,NULL,NULL,NULL
2838,2025-08-12 00:00:00.000,INQ1022071,Grand Petroleum,NULL,None,None,NULL,By Email,NULL,Auto Generated,NULL,NULL,NULL,NULL,NULL,0,NULL,2025-08-12 18:06:18.597,NULL,0,NULL,NULL,NULL,NULL,NULL,NULL,NULL,NULL,Ocean Export,1,NULL,NULL,0,NULL,,NULL,NULL,NULL,NULL,1,0,,Inside Sales Group,NULL,NULL,NULL
2839,2025-08-12 00:00:00.000,INQ1022072,Yermyan Farm,NULL,None,None,NULL,By Email,NULL,Auto Generated,NULL,NULL,NULL,NULL,NULL,0,NULL,2025-08-12 18:22:24.250,NULL,0,NULL,NULL,NULL,NULL,NULL,NULL,NULL,NULL,Ocean Export,1,NULL,NULL,0,NULL,,NULL,NULL,NULL,NULL,1,0,,Inside Sales Group,NULL,NULL,NULL
2840,2025-08-12 00:00:00.000,INQ1022073,Fine Cars of Armenia,NULL,None,None,NULL,By Email,NULL,Auto Generated,NULL,NULL,NULL,NULL,NULL,0,NULL,2025-08-12 18:29:57.713,NULL,0,NULL,NULL,NULL,NULL,NULL,NULL,NULL,NULL,Ocean Export,1,NULL,NULL,0,NULL,,NULL,NULL,NULL,NULL,1,0,,Inside Sales Group,NULL,NULL,NULL
2841,2025-08-13 00:00:00.000,INQ1022074,MIDWAY GRINDING,NULL,None,None,NULL,By Email,NULL,Auto Generated,NULL,NULL,NULL,NULL,NULL,0,NULL,2025-08-13 08:09:59.157,NULL,0,NULL,NULL,NULL,NULL,NULL,NULL,NULL,NULL,Ocean Export,1,NULL,NULL,0,NULL,,NULL,NULL,NULL,NULL,1,0,,Sales & Marketing,NULL,NULL,NULL
2842,2025-08-13 00:00:00.000,INQ1022082,IAG CARGO,NULL,None,None,NULL,By Email,NULL,Auto Generated,NULL,NULL,NULL,NULL,NULL,0,NULL,2025-08-13 17:13:05.237,NULL,0,NULL,NULL,NULL,NULL,NULL,NULL,NULL,NULL,Ocean Export,1,NULL,NULL,0,NULL,,NULL,NULL,NULL,NULL,1,0,,Inside Sales Group,NULL,NULL,NULL
2843,2025-08-13 00:00:00.000,INQ1022083,Galaxy Freight Pvt Ltd.,NULL,None,None,NULL,By Email,NULL,Auto Generated,NULL,NULL,NULL,NULL,NULL,0,NULL,2025-08-13 17:25:55.350,NULL,0,NULL,NULL,NULL,NULL,NULL,NULL,NULL,NULL,Ocean Export,1,NULL,NULL,0,NULL,,NULL,NULL,NULL,NULL,1,0,,Inside Sales Group,NULL,NULL,NULL
2844,2025-08-13 00:00:00.000,INQ1022084,Precision Products Group,NULL,None,None,NULL,By Email,NULL,Auto Generated,NULL,NULL,NULL,NULL,NULL,0,NULL,2025-08-13 17:45:45.570,NULL,0,NULL,NULL,NULL,NULL,NULL,NULL,NULL,NULL,Ocean Export,1,NULL,NULL,0,NULL,,NULL,NULL,NULL,NULL,1,0,,Inside Sales Group,NULL,NULL,NULL
2845,2025-08-13 00:00:00.000,INQ1022085,Michigan Spring and Stamping,NULL,None,None,NULL,By Email,NULL,Auto Generated,NULL,NULL,NULL,NULL,NULL,0,NULL,2025-08-13 17:54:35.170,NULL,0,NULL,NULL,NULL,NULL,NULL,NULL,NULL,NULL,Ocean Export,1,NULL,NULL,0,NULL,,NULL,NULL,NULL,NULL,1,0,,Inside Sales Group,NULL,NULL,NULL
2846,2025-08-13 00:00:00.000,INQ1022086,Mid-West Spring & Stamping,NULL,None,None,NULL,By Email,NULL,Auto Generated,NULL,NULL,NULL,NULL,NULL,0,NULL,2025-08-13 18:09:31.977,NULL,0,NULL,NULL,NULL,NULL,NULL,NULL,NULL,NULL,Ocean Export,1,NULL,NULL,0,NULL,,NULL,NULL,NULL,NULL,1,0,,Inside Sales Group,NULL,NULL,NULL
2847,2025-08-13 00:00:00.000,INQ1022087,Cargill,NULL,None,None,NULL,By Email,NULL,Auto Generated,NULL,NULL,NULL,NULL,NULL,0,NULL,2025-08-13 18:21:05.400,NULL,0,NULL,NULL,NULL,NULL,NULL,NULL,NULL,NULL,Ocean Export,1,NULL,NULL,0,NULL,,NULL,NULL,NULL,NULL,1,0,,Inside Sales Group,NULL,NULL,NULL
2848,2025-08-13 00:00:00.000,INQ1022088,C2 Management (est. 1998),NULL,None,None,NULL,By Email,NULL,Auto Generated,NULL,NULL,NULL,NULL,NULL,0,NULL,2025-08-13 18:36:51.063,NULL,0,NULL,NULL,NULL,NULL,NULL,NULL,NULL,NULL,Ocean Export,1,NULL,NULL,0,NULL,,NULL,NULL,NULL,NULL,1,0,,Inside Sales Group,NULL,NULL,NULL
2849,2025-08-13 00:00:00.000,INQ1022089,Tomz Corporation,NULL,None,None,NULL,By Email,NULL,Auto Generated,NULL,NULL,NULL,NULL,NULL,0,NULL,2025-08-13 18:46:43.490,NULL,0,NULL,NULL,NULL,NULL,NULL,NULL,NULL,NULL,Ocean Export,1,NULL,NULL,0,NULL,,NULL,NULL,NULL,NULL,1,0,,Sales & Marketing,NULL,NULL,NULL
2850,2025-08-14 00:00:00.000,INQ1022093,ENERGY PACK PRIVATE LIMITED,NULL,None,None,NULL,By Email,NULL,Auto Generated,NULL,NULL,NULL,NULL,NULL,0,NULL,2025-08-14 13:53:41.180,NULL,0,NULL,NULL,NULL,NULL,NULL,NULL,NULL,NULL,Ocean Export,1,NULL,NULL,0,NULL,,NULL,NULL,NULL,NULL,1,0,,New Jersey (EWR),NULL,NULL,NULL
2851,2025-08-14 00:00:00.000,INQ1022094,POLARIS SHIPPING LINES LLP,NULL,None,None,NULL,By Email,NULL,Auto Generated,NULL,NULL,NULL,NULL,NULL,0,NULL,2025-08-14 14:20:01.287,NULL,0,NULL,NULL,NULL,NULL,NULL,NULL,NULL,NULL,Ocean Export,1,NULL,NULL,0,NULL,,NULL,NULL,NULL,NULL,1,0,,New Jersey (EWR),NULL,NULL,NULL
2853,2025-08-16 00:00:00.000,INQ1022107,Cavagna North America Inc,NULL,None,None,NULL,By Email,NULL,Auto Generated,NULL,NULL,NULL,NULL,NULL,0,NULL,2025-08-16 12:04:33.360,NULL,0,NULL,NULL,NULL,NULL,NULL,NULL,NULL,NULL,Ocean Export,1,NULL,NULL,0,NULL,,NULL,NULL,NULL,NULL,1,0,,Inside Sales Group,NULL,NULL,NULL
2854,2025-08-16 00:00:00.000,INQ1022108,Siraga IEM Sdn Bhd,NULL,None,None,NULL,By Email,NULL,Auto Generated,NULL,NULL,NULL,NULL,NULL,0,NULL,2025-08-16 14:32:47.553,NULL,0,NULL,NULL,NULL,NULL,NULL,NULL,NULL,NULL,Ocean Export,1,NULL,NULL,0,NULL,,NULL,NULL,NULL,NULL,1,0,,Inside Sales Group,NULL,NULL,NULL
2855,2025-08-16 00:00:00.000,INQ1022109,ALAM  ALJLOD ALRAGYAH TRADING CO,NULL,None,None,NULL,By Email,NULL,Auto Generated,NULL,NULL,NULL,NULL,NULL,0,NULL,2025-08-16 14:45:24.373,NULL,0,NULL,NULL,NULL,NULL,NULL,NULL,NULL,NULL,Ocean Export,1,NULL,NULL,0,NULL,,NULL,NULL,NULL,NULL,1,0,,Inside Sales Group,NULL,NULL,NULL
2856,2025-08-16 00:00:00.000,INQ1022110,UF Surplus,NULL,None,None,NULL,By Email,NULL,Auto Generated,NULL,NULL,NULL,NULL,NULL,0,NULL,2025-08-16 14:51:33.377,NULL,0,NULL,NULL,NULL,NULL,NULL,NULL,NULL,NULL,Ocean Export,1,NULL,NULL,0,NULL,,NULL,NULL,NULL,NULL,1,0,,Inside Sales Group,NULL,NULL,NULL
2857,2025-08-16 00:00:00.000,INQ1022111,GoldenBear,NULL,None,None,NULL,By Email,NULL,Auto Generated,NULL,NULL,NULL,NULL,NULL,0,NULL,2025-08-16 15:11:09.537,NULL,0,NULL,NULL,NULL,NULL,NULL,NULL,NULL,NULL,Ocean Export,1,NULL,NULL,0,NULL,,NULL,NULL,NULL,NULL,1,0,,Inside Sales Group,NULL,NULL,NULL
2858,2025-08-16 00:00:00.000,INQ1022112,"C & C Depot Seabrook, Texas",NULL,None,None,NULL,By Email,NULL,Auto Generated,NULL,NULL,NULL,NULL,NULL,0,NULL,2025-08-16 15:16:10.600,NULL,0,NULL,NULL,NULL,NULL,NULL,NULL,NULL,NULL,Ocean Export,1,NULL,NULL,0,NULL,,NULL,NULL,NULL,NULL,1,0,,Sales & Marketing,NULL,NULL,NULL
2859,2025-08-16 00:00:00.000,INQ1022113,"Nebraska Popcorn, Inc",NULL,None,None,NULL,By Email,NULL,Auto Generated,NULL,NULL,NULL,NULL,NULL,0,NULL,2025-08-16 15:22:07.777,NULL,0,NULL,NULL,NULL,NULL,NULL,NULL,NULL,NULL,Ocean Export,1,NULL,NULL,0,NULL,,NULL,NULL,NULL,NULL,1,0,,Inside Sales Group,NULL,NULL,NULL
2860,2025-08-16 00:00:00.000,INQ1022114,Extreme Packing Solutions,NULL,None,None,NULL,By Email,NULL,Auto Generated,NULL,NULL,NULL,NULL,NULL,0,NULL,2025-08-16 15:44:27.467,NULL,0,NULL,NULL,NULL,NULL,NULL,NULL,NULL,NULL,Ocean Export,1,NULL,NULL,0,NULL,,NULL,NULL,NULL,NULL,1,0,,Inside Sales Group,NULL,NULL,NULL
2861,2025-08-16 00:00:00.000,INQ1022115,Crandell Depot,NULL,None,None,NULL,By Email,NULL,Auto Generated,NULL,NULL,NULL,NULL,NULL,0,NULL,2025-08-16 16:01:11.990,NULL,0,NULL,NULL,NULL,NULL,NULL,NULL,NULL,NULL,Ocean Export,1,NULL,NULL,0,NULL,,NULL,NULL,NULL,NULL,1,0,,Inside Sales Group,NULL,NULL,NULL
2862,2025-08-18 00:00:00.000,INQ1022118,Gp Grigoriou Marine Automations,NULL,None,None,NULL,By Email,NULL,Auto Generated,NULL,NULL,NULL,NULL,NULL,0,NULL,2025-08-18 13:25:37.777,NULL,0,NULL,NULL,NULL,NULL,NULL,NULL,NULL,NULL,Ocean Export,1,NULL,NULL,0,NULL,,NULL,NULL,NULL,NULL,1,0,,Inside Sales Group,NULL,NULL,NULL
2863,2025-08-18 00:00:00.000,INQ1022119,MEDICLASS GLOBAL,NULL,None,None,NULL,By Email,NULL,Auto Generated,NULL,NULL,NULL,NULL,NULL,0,NULL,2025-08-18 16:45:12.940,NULL,0,NULL,NULL,NULL,NULL,NULL,NULL,NULL,NULL,Ocean Export,1,NULL,NULL,0,NULL,,NULL,NULL,NULL,NULL,1,0,,Inside Sales Group,NULL,NULL,NULL
2864,2025-08-18 00:00:00.000,INQ1022120,Johns Truck and Auto Salvage,NULL,None,None,NULL,By Email,NULL,Auto Generated,NULL,NULL,NULL,NULL,NULL,0,NULL,2025-08-18 16:55:13.730,NULL,0,NULL,NULL,NULL,NULL,NULL,NULL,NULL,NULL,Ocean Export,1,NULL,NULL,0,NULL,,NULL,NULL,NULL,NULL,1,0,,Inside Sales Group,NULL,NULL,NULL
2865,2025-08-18 00:00:00.000,INQ1022121,LD Distribution Services,NULL,None,None,NULL,By Email,NULL,Auto Generated,NULL,NULL,NULL,NULL,NULL,0,NULL,2025-08-18 17:14:21.437,NULL,0,NULL,NULL,NULL,NULL,NULL,NULL,NULL,NULL,Ocean Export,1,NULL,NULL,0,NULL,,NULL,NULL,NULL,NULL,1,0,,Inside Sales Group,NULL,NULL,NULL
2866,2025-08-18 00:00:00.000,INQ1022122,INDEL FOOD PRODUCTS INC,NULL,None,None,NULL,By Email,NULL,Auto Generated,NULL,NULL,NULL,NULL,NULL,0,NULL,2025-08-18 17:21:25.687,NULL,0,NULL,NULL,NULL,NULL,NULL,NULL,NULL,NULL,Ocean Export,1,NULL,NULL,0,NULL,,NULL,NULL,NULL,NULL,1,0,,Inside Sales Group,NULL,NULL,NULL
2867,2025-08-18 00:00:00.000,INQ1022123,Paulson Manufacturing Corp.,NULL,None,None,NULL,By Email,NULL,Auto Generated,NULL,NULL,NULL,NULL,NULL,0,NULL,2025-08-18 17:41:41.833,NULL,0,NULL,NULL,NULL,NULL,NULL,NULL,NULL,NULL,Ocean Export,1,NULL,NULL,0,NULL,,NULL,NULL,NULL,NULL,1,0,,Inside Sales Group,NULL,NULL,NULL
2868,2025-08-18 00:00:00.000,INQ1022124,"ProForm Fabrication, LLC",NULL,None,None,NULL,By Email,NULL,Auto Generated,NULL,NULL,NULL,NULL,NULL,0,NULL,2025-08-18 18:00:02.170,NULL,0,NULL,NULL,NULL,NULL,NULL,NULL,NULL,NULL,Ocean Export,1,NULL,NULL,0,NULL,,NULL,NULL,NULL,NULL,1,0,,Inside Sales Group,NULL,NULL,NULL
2869,2025-08-18 00:00:00.000,INQ1022126,FURCHILD FZ-LLC,NULL,None,None,NULL,By Email,NULL,Auto Generated,NULL,NULL,NULL,NULL,NULL,0,NULL,2025-08-18 18:07:32.150,NULL,0,NULL,NULL,NULL,NULL,NULL,NULL,NULL,NULL,Ocean Export,1,NULL,NULL,0,NULL,,NULL,NULL,NULL,NULL,1,0,,Inside Sales Group,NULL,NULL,NULL
2870,2025-08-18 00:00:00.000,INQ1022127,ICL Plant,NULL,None,None,NULL,By Email,NULL,Auto Generated,NULL,NULL,NULL,NULL,NULL,0,NULL,2025-08-18 18:12:14.153,NULL,0,NULL,NULL,NULL,NULL,NULL,NULL,NULL,NULL,Ocean Export,1,NULL,NULL,0,NULL,,NULL,NULL,NULL,NULL,1,0,,Inside Sales Group,NULL,NULL,NULL
2871,2025-08-18 00:00:00.000,INQ1022128,Computer World Used Computer TR. LLC,NULL,None,None,NULL,By Email,NULL,Auto Generated,NULL,NULL,NULL,NULL,NULL,0,NULL,2025-08-18 18:24:54.983,NULL,0,NULL,NULL,NULL,NULL,NULL,NULL,NULL,NULL,Ocean Export,1,NULL,NULL,0,NULL,,NULL,NULL,NULL,NULL,1,0,,Inside Sales Group,NULL,NULL,NULL
2872,2025-08-18 00:00:00.000,INQ1022130,JE PLYMOUTH,NULL,None,None,NULL,By Email,NULL,Auto Generated,NULL,NULL,NULL,NULL,NULL,0,NULL,2025-08-18 18:39:39.920,NULL,0,NULL,NULL,NULL,NULL,NULL,NULL,NULL,NULL,Ocean Export,1,NULL,NULL,0,NULL,,NULL,NULL,NULL,NULL,1,0,,Inside Sales Group,NULL,NULL,NULL
2873,2025-08-19 00:00:00.000,INQ1022132,Orbit Bearings India Pvt. Ltd.,NULL,None,None,NULL,By Email,NULL,Auto Generated,NULL,NULL,NULL,NULL,NULL,0,NULL,2025-08-19 10:38:26.370,NULL,0,NULL,NULL,NULL,NULL,NULL,NULL,NULL,NULL,Ocean Export,1,NULL,NULL,0,NULL,,NULL,NULL,NULL,NULL,1,0,,MUMBAI (MUM),NULL,NULL,NULL
2874,2025-08-20 00:00:00.000,INQ1022143,ADLA INDUSTRIES LIMITED,NULL,None,None,NULL,By Email,NULL,Auto Generated,NULL,NULL,NULL,NULL,NULL,0,NULL,2025-08-20 14:34:33.993,NULL,0,NULL,NULL,NULL,NULL,NULL,NULL,NULL,NULL,Ocean Export,1,NULL,NULL,0,NULL,,NULL,NULL,NULL,NULL,1,0,,MUMBAI (MUM),NULL,NULL,NULL
2875,2025-08-20 00:00:00.000,INQ1022147,Ambrosia Space Manufacturing Corporation,NULL,None,None,NULL,By Email,NULL,Auto Generated,NULL,NULL,NULL,NULL,NULL,0,NULL,2025-08-20 16:54:46.170,NULL,0,NULL,NULL,NULL,NULL,NULL,NULL,NULL,NULL,Ocean Export,1,NULL,NULL,0,NULL,,NULL,NULL,NULL,NULL,1,0,,New Jersey (EWR),NULL,NULL,NULL
2876,2025-08-21 00:00:00.000,INQ1022148,EROUTEZ SOLUTION (PVT) LTD.,NULL,None,None,NULL,By Email,NULL,Auto Generated,NULL,NULL,NULL,NULL,NULL,0,NULL,2025-08-21 11:42:53.830,NULL,0,NULL,NULL,NULL,NULL,NULL,NULL,NULL,NULL,Ocean Export,1,NULL,NULL,0,NULL,,NULL,NULL,NULL,NULL,1,0,,Inside Sales Group,NULL,NULL,NULL
2877,2025-08-21 00:00:00.000,INQ1022160,"SMAThai Global Logistics (Thailand) Co., Ltd",NULL,None,None,NULL,By Email,NULL,Auto Generated,NULL,NULL,NULL,NULL,NULL,0,NULL,2025-08-21 15:27:47.177,NULL,0,NULL,NULL,NULL,NULL,NULL,NULL,NULL,NULL,Ocean Export,1,NULL,NULL,0,NULL,,NULL,NULL,NULL,NULL,1,0,,New Jersey (EWR),NULL,NULL,NULL
2878,2025-08-21 00:00:00.000,INQ1022165,MEYER FABRITECH DIVISION,NULL,None,None,NULL,By Email,NULL,Auto Generated,NULL,NULL,NULL,NULL,NULL,0,NULL,2025-08-21 16:42:47.060,NULL,0,NULL,NULL,NULL,NULL,NULL,NULL,NULL,NULL,Ocean Export,1,NULL,NULL,0,NULL,,NULL,NULL,NULL,NULL,1,0,,New Jersey (EWR),NULL,NULL,NULL
2879,2025-08-21 00:00:00.000,INQ1022166,Wyatt Transfer Inc.,NULL,None,None,NULL,By Email,NULL,Auto Generated,NULL,NULL,NULL,NULL,NULL,0,NULL,2025-08-21 16:48:52.397,NULL,0,NULL,NULL,NULL,NULL,NULL,NULL,NULL,NULL,Ocean Export,1,NULL,NULL,0,NULL,,NULL,NULL,NULL,NULL,1,0,,MUMBAI (MUM),NULL,NULL,NULL
2880,2025-08-22 00:00:00.000,INQ1022172,The Arm NYC LLC,NULL,None,None,NULL,By Email,NULL,Auto Generated,NULL,NULL,NULL,NULL,NULL,0,NULL,2025-08-22 09:10:48.090,NULL,0,NULL,NULL,NULL,NULL,NULL,NULL,NULL,NULL,Ocean Export,1,NULL,NULL,0,NULL,,NULL,NULL,NULL,NULL,1,0,,Sales & Marketing,NULL,NULL,NULL
2881,2025-08-22 00:00:00.000,INQ1022174,SABELATRANS SHIPPING GLOBAL F.Z.E.,NULL,None,None,NULL,By Email,NULL,Auto Generated,NULL,NULL,NULL,NULL,NULL,0,NULL,2025-08-22 10:48:47.237,NULL,0,NULL,NULL,NULL,NULL,NULL,NULL,NULL,NULL,Ocean Export,1,NULL,NULL,0,NULL,,NULL,NULL,NULL,NULL,1,0,,New Jersey (EWR),NULL,NULL,NULL
2882,2025-08-22 00:00:00.000,INQ1022175,MEYER-Fabritech,NULL,None,None,NULL,By Email,NULL,Auto Generated,NULL,NULL,NULL,NULL,NULL,0,NULL,2025-08-22 13:46:47.157,NULL,0,NULL,NULL,NULL,NULL,NULL,NULL,NULL,NULL,Ocean Export,1,NULL,NULL,0,NULL,,NULL,NULL,NULL,NULL,1,0,,Inside Sales Group,NULL,NULL,NULL
2883,2025-08-22 00:00:00.000,INQ1022176,Premier Prototype Inc,NULL,None,None,NULL,By Email,NULL,Auto Generated,NULL,NULL,NULL,NULL,NULL,0,NULL,2025-08-22 14:20:46.860,NULL,0,NULL,NULL,NULL,NULL,NULL,NULL,NULL,NULL,Ocean Export,1,NULL,NULL,0,NULL,,NULL,NULL,NULL,NULL,1,0,,New Jersey (EWR),NULL,NULL,NULL
2884,2025-08-22 00:00:00.000,INQ1022177,Riverside Rigging LLC.,NULL,None,None,NULL,By Email,NULL,Auto Generated,NULL,NULL,NULL,NULL,NULL,0,NULL,2025-08-22 15:17:47.157,NULL,0,NULL,NULL,NULL,NULL,NULL,NULL,NULL,NULL,Ocean Export,1,NULL,NULL,0,NULL,,NULL,NULL,NULL,NULL,1,0,,Inside Sales Group,NULL,NULL,NULL
2885,2025-08-22 00:00:00.000,INQ1022180,PRO DOCUMENT SOLUTIONS,NULL,None,None,NULL,By Email,NULL,Auto Generated,NULL,NULL,NULL,NULL,NULL,0,NULL,2025-08-22 23:38:24.497,NULL,0,NULL,NULL,NULL,NULL,NULL,NULL,NULL,NULL,Ocean Export,1,NULL,NULL,0,NULL,,NULL,NULL,NULL,NULL,1,0,,Sales & Marketing,NULL,NULL,NULL
2887,2025-08-25 00:00:00.000,INQ1022187,ONLIN LOGISTICS,NULL,None,None,NULL,By Email,NULL,Auto Generated,NULL,NULL,NULL,NULL,NULL,0,NULL,2025-08-25 15:43:01.967,NULL,0,NULL,NULL,NULL,NULL,NULL,NULL,NULL,NULL,Ocean Export,1,NULL,NULL,0,NULL,,NULL,NULL,NULL,NULL,1,0,,Inside Sales Group,NULL,NULL,NULL
2889,2025-08-25 00:00:00.000,INQ1022189,Tag Logistics inc1,NULL,None,None,NULL,By Email,NULL,Auto Generated,NULL,NULL,NULL,NULL,NULL,0,NULL,2025-08-25 17:41:51.580,NULL,0,NULL,NULL,NULL,NULL,NULL,NULL,NULL,NULL,Ocean Export,1,NULL,NULL,0,NULL,,NULL,NULL,NULL,NULL,1,0,,Inside Sales Group,NULL,NULL,NULL
2890,2025-08-26 00:00:00.000,INQ1022194,Vidtech Marketting Inc.,NULL,None,None,NULL,By Email,NULL,Auto Generated,NULL,NULL,NULL,NULL,NULL,0,NULL,2025-08-26 15:19:11.337,NULL,0,NULL,NULL,NULL,NULL,NULL,NULL,NULL,NULL,Ocean Export,1,NULL,NULL,0,NULL,,NULL,NULL,NULL,NULL,1,0,,Inside Sales Group,NULL,NULL,NULL
2891,2025-08-26 00:00:00.000,INQ1022196,HIND GLOBAL EXIM LLP,NULL,None,None,NULL,By Email,NULL,Auto Generated,NULL,NULL,NULL,NULL,NULL,0,NULL,2025-08-26 17:28:22.893,NULL,0,NULL,NULL,NULL,NULL,NULL,NULL,NULL,NULL,Ocean Export,1,NULL,NULL,0,NULL,,NULL,NULL,NULL,NULL,1,0,,Inside Sales Group,NULL,NULL,NULL
2892,2025-08-27 00:00:00.000,INQ1022197,EMS ENGINEERING & INNVOATION LLC,NULL,None,None,NULL,By Email,NULL,Auto Generated,NULL,NULL,NULL,NULL,NULL,0,NULL,2025-08-27 09:41:35.033,NULL,0,NULL,NULL,NULL,NULL,NULL,NULL,NULL,NULL,Ocean Export,1,NULL,NULL,0,NULL,,NULL,NULL,NULL,NULL,1,0,,MUMBAI (MUM),NULL,NULL,NULL
2893,2025-08-27 00:00:00.000,INQ1022201,"P.Don International Supply Chain Co.,Ltd",NULL,None,None,NULL,By Email,NULL,Auto Generated,NULL,NULL,NULL,NULL,NULL,0,NULL,2025-08-27 18:06:49.433,NULL,0,NULL,NULL,NULL,NULL,NULL,NULL,NULL,NULL,Ocean Export,1,NULL,NULL,0,NULL,,NULL,NULL,NULL,NULL,1,0,,Inside Sales Group,NULL,NULL,NULL
2895,2025-09-03 00:00:00.000,INQ1022219,Al Asria For Paper Industries,NULL,None,None,NULL,By Email,NULL,Auto Generated,NULL,NULL,NULL,NULL,NULL,0,NULL,2025-09-03 14:56:04.053,NULL,0,NULL,NULL,NULL,NULL,NULL,NULL,NULL,NULL,Ocean Export,1,NULL,NULL,0,NULL,,NULL,NULL,NULL,NULL,1,0,,MUMBAI (MUM),NULL,NULL,NULL
2896,2025-09-03 00:00:00.000,INQ1022220,Ryan McKeen,NULL,None,None,NULL,By Email,NULL,Auto Generated,NULL,NULL,NULL,NULL,NULL,0,NULL,2025-09-03 15:56:48.237,NULL,0,NULL,NULL,NULL,NULL,NULL,NULL,NULL,NULL,Ocean Export,1,NULL,NULL,0,NULL,,NULL,NULL,NULL,NULL,1,0,,New Jersey (EWR),NULL,NULL,NULL
2897,2025-09-03 00:00:00.000,INQ1022221,G.M. – Sales & Marketing (Global Exports),NULL,None,None,NULL,By Email,NULL,Auto Generated,NULL,NULL,NULL,NULL,NULL,0,NULL,2025-09-03 16:01:47.537,NULL,0,NULL,NULL,NULL,NULL,NULL,NULL,NULL,NULL,Ocean Export,1,NULL,NULL,0,NULL,,NULL,NULL,NULL,NULL,1,0,,New Jersey (EWR),NULL,NULL,NULL
2899,2025-09-03 00:00:00.000,INQ1022223,JDG Rostyslav Nazarenko,NULL,None,None,NULL,By Email,NULL,Auto Generated,NULL,NULL,NULL,NULL,NULL,0,NULL,2025-09-03 16:17:47.530,NULL,0,NULL,NULL,NULL,NULL,NULL,NULL,NULL,NULL,Ocean Export,1,NULL,NULL,0,NULL,,NULL,NULL,NULL,NULL,1,0,,New Jersey (EWR),NULL,NULL,NULL
2900,2025-09-03 00:00:00.000,INQ1022224,Field Fresh Foods,NULL,None,None,NULL,By Email,NULL,Auto Generated,NULL,NULL,NULL,NULL,NULL,0,NULL,2025-09-03 16:21:24.623,NULL,0,NULL,NULL,NULL,NULL,NULL,NULL,NULL,NULL,Ocean Export,1,NULL,NULL,0,NULL,,NULL,NULL,NULL,NULL,1,0,,New Jersey (EWR),NULL,NULL,NULL
2901,2025-09-08 00:00:00.000,INQ1022244,FREIGHT GATE,NULL,None,None,NULL,By Email,NULL,Auto Generated,NULL,NULL,NULL,NULL,NULL,0,NULL,2025-09-08 13:43:00.143,NULL,0,NULL,NULL,NULL,NULL,NULL,NULL,NULL,NULL,Ocean Export,1,NULL,NULL,0,NULL,,NULL,NULL,NULL,NULL,1,0,,New Jersey (EWR),NULL,NULL,NULL
2902,2025-09-08 00:00:00.000,INQ1022247,Eroutez Solution Private Limited.,NULL,None,None,NULL,By Email,NULL,Auto Generated,NULL,NULL,NULL,NULL,NULL,0,NULL,2025-09-08 15:20:55.160,NULL,0,NULL,NULL,NULL,NULL,NULL,NULL,NULL,NULL,Ocean Export,1,NULL,NULL,0,NULL,,NULL,NULL,NULL,NULL,1,0,,New Jersey (EWR),NULL,NULL,NULL
2903,2025-09-08 00:00:00.000,INQ1022248,AARON INDUSTRIAL SOLUTIONS,NULL,None,None,NULL,By Email,NULL,Sam Bersh x 2295 630-350-2200 sbersh@aaronauctions.com,NULL,NULL,NULL,NULL,NULL,0,NULL,2025-09-08 15:40:50.990,2025-12-08 11:31:36.600,0,NULL,NULL,NULL,NULL,NULL,NULL,NULL,NULL,Ocean Export,1,NULL,NULL,0,NULL,,NULL,NULL,NULL,NULL,1,0,,Sales & Marketing,NULL,NULL,NULL
2904,2025-09-08 00:00:00.000,INQ1022249,Active Auction Mart Ltd.,NULL,None,None,NULL,By Email,NULL,Won't list us but will recommend us to customers who need freight forwarder,NULL,NULL,NULL,NULL,NULL,0,NULL,2025-09-08 15:46:35.293,2025-11-04 11:58:32.647,0,NULL,NULL,NULL,NULL,NULL,NULL,NULL,NULL,Ocean Export,1,NULL,NULL,0,NULL,,NULL,NULL,NULL,NULL,1,0,,Sales & Marketing,NULL,NULL,NULL
2905,2025-09-08 00:00:00.000,INQ1022251,Neutral Nvocc Pvt Ltd,NULL,None,None,NULL,By Email,NULL,Auto Generated,NULL,NULL,NULL,NULL,NULL,0,NULL,2025-09-08 18:11:35.363,NULL,0,NULL,NULL,NULL,NULL,NULL,NULL,NULL,NULL,Ocean Export,1,NULL,NULL,0,NULL,,NULL,NULL,NULL,NULL,1,0,,Hamid Hussaini,NULL,NULL,NULL
2906,2025-09-09 00:00:00.000,INQ1022258,Aerotuf,NULL,None,None,NULL,By Email,NULL,Auto Generated,NULL,NULL,NULL,NULL,NULL,0,NULL,2025-09-09 12:26:29.250,NULL,0,NULL,NULL,NULL,NULL,NULL,NULL,NULL,NULL,Ocean Export,1,NULL,NULL,0,NULL,,NULL,NULL,NULL,NULL,1,0,,New Jersey (EWR),NULL,NULL,NULL
2907,2025-09-09 00:00:00.000,INQ1022259,Prince & Izant Company,NULL,None,None,NULL,By Email,NULL,Auto Generated,NULL,NULL,NULL,NULL,NULL,0,NULL,2025-09-09 12:33:41.713,NULL,0,NULL,NULL,NULL,NULL,NULL,NULL,NULL,NULL,Ocean Export,1,NULL,NULL,0,NULL,,NULL,NULL,NULL,NULL,1,0,,New Jersey (EWR),NULL,NULL,NULL
2908,2025-09-10 00:00:00.000,INQ1022264,"PLANT & MACHINERY, INC",NULL,None,None,NULL,By Email,NULL,Auto Generated,NULL,NULL,NULL,NULL,NULL,0,NULL,2025-09-10 11:49:51.167,NULL,0,NULL,NULL,NULL,NULL,NULL,NULL,NULL,NULL,Ocean Export,1,NULL,NULL,0,NULL,,NULL,NULL,NULL,NULL,1,0,,New Jersey (EWR),NULL,NULL,NULL
2909,2025-09-10 00:00:00.000,INQ1022266,RABIN WORLWIDE,NULL,None,None,NULL,By Email,NULL,Auto Generated,NULL,NULL,NULL,NULL,NULL,0,NULL,2025-09-10 12:58:27.123,NULL,0,NULL,NULL,NULL,NULL,NULL,NULL,NULL,NULL,Ocean Export,1,NULL,NULL,0,NULL,,NULL,NULL,NULL,NULL,1,0,,New Jersey (EWR),NULL,NULL,NULL
2910,2025-09-10 00:00:00.000,INQ1022270,RED BALL EXPRESS LOGISTICS,NULL,None,None,NULL,By Email,NULL,Auto Generated,NULL,NULL,NULL,NULL,NULL,0,NULL,2025-09-10 14:33:33.330,NULL,0,NULL,NULL,NULL,NULL,NULL,NULL,NULL,NULL,Ocean Export,1,NULL,NULL,0,NULL,,NULL,NULL,NULL,NULL,1,0,,New Jersey (EWR),NULL,NULL,NULL
2911,2025-09-11 00:00:00.000,INQ1022272,Cdm Resource Management LLC,NULL,None,None,NULL,By Email,NULL,Auto Generated,NULL,NULL,NULL,NULL,NULL,0,NULL,2025-09-11 17:18:55.540,NULL,0,NULL,NULL,NULL,NULL,NULL,NULL,NULL,NULL,Ocean Export,1,NULL,NULL,0,NULL,,NULL,NULL,NULL,NULL,1,0,,Inside Sales Group,NULL,NULL,NULL
2912,2025-09-11 00:00:00.000,INQ1022273,Dodi Auto Sales,NULL,None,None,NULL,By Email,NULL,Auto Generated,NULL,NULL,NULL,NULL,NULL,0,NULL,2025-09-11 17:26:06.043,NULL,0,NULL,NULL,NULL,NULL,NULL,NULL,NULL,NULL,Ocean Export,1,NULL,NULL,0,NULL,,NULL,NULL,NULL,NULL,1,0,,Inside Sales Group,NULL,NULL,NULL
2913,2025-09-15 00:00:00.000,INQ1022290,NRB Industrial Bearings Ltd.,NULL,None,None,NULL,By Email,NULL,Auto Generated,NULL,NULL,NULL,NULL,NULL,0,NULL,2025-09-15 10:36:15.483,NULL,0,NULL,NULL,NULL,NULL,NULL,NULL,NULL,NULL,Ocean Export,1,NULL,NULL,0,NULL,,NULL,NULL,NULL,NULL,1,0,,Sales & Marketing,NULL,NULL,NULL
2914,2025-09-15 00:00:00.000,INQ1022293,"Shandong Pengze International Trading Co., Ltd.",NULL,None,None,NULL,By Email,NULL,Auto Generated,NULL,NULL,NULL,NULL,NULL,0,NULL,2025-09-15 11:03:29.440,NULL,0,NULL,NULL,NULL,NULL,NULL,NULL,NULL,NULL,Ocean Export,1,NULL,NULL,0,NULL,,NULL,NULL,NULL,NULL,1,0,,New Jersey (EWR),NULL,NULL,NULL
2915,2025-09-15 00:00:00.000,INQ1022295,Thomas caswell,NULL,None,None,NULL,By Email,NULL,Auto Generated,NULL,NULL,NULL,NULL,NULL,0,NULL,2025-09-15 11:16:58.073,NULL,0,NULL,NULL,NULL,NULL,NULL,NULL,NULL,NULL,Ocean Export,1,NULL,NULL,0,NULL,,NULL,NULL,NULL,NULL,1,0,,New Jersey (EWR),NULL,NULL,NULL
2916,2025-09-15 00:00:00.000,INQ1022301,Healthy Vitalss LLC,NULL,None,None,NULL,By Email,NULL,Auto Generated,NULL,NULL,NULL,NULL,NULL,0,NULL,2025-09-15 15:07:02.080,NULL,0,NULL,NULL,NULL,NULL,NULL,NULL,NULL,NULL,Ocean Export,1,NULL,NULL,0,NULL,,NULL,NULL,NULL,NULL,1,0,,MUMBAI (MUM),NULL,NULL,NULL
2918,2025-09-16 00:00:00.000,INQ1022316,"RB Products, Inc.",NULL,None,None,NULL,By Email,NULL,Auto Generated,NULL,NULL,NULL,NULL,NULL,0,NULL,2025-09-16 18:04:08.893,NULL,0,NULL,NULL,NULL,NULL,NULL,NULL,NULL,NULL,Ocean Export,1,NULL,NULL,0,NULL,,NULL,NULL,NULL,NULL,1,0,,New Jersey (EWR),NULL,NULL,NULL
2919,2025-09-16 00:00:00.000,INQ1022317,Regal Auctions,NULL,None,None,NULL,By Email,NULL,Auto Generated,NULL,NULL,NULL,NULL,NULL,0,NULL,2025-09-16 22:03:07.857,NULL,0,NULL,NULL,NULL,NULL,NULL,NULL,NULL,NULL,Ocean Export,1,NULL,NULL,0,NULL,,NULL,NULL,NULL,NULL,1,0,,New Jersey (EWR),NULL,NULL,NULL
2920,2025-09-16 00:00:00.000,INQ1022318,"Rigging and Transportation Solutions, Inc.   Pitts",NULL,None,None,NULL,By Email,NULL,Auto Generated,NULL,NULL,NULL,NULL,NULL,0,NULL,2025-09-16 22:23:42.687,NULL,0,NULL,NULL,NULL,NULL,NULL,NULL,NULL,NULL,Ocean Export,1,NULL,NULL,0,NULL,,NULL,NULL,NULL,NULL,1,0,,New Jersey (EWR),NULL,NULL,NULL
2921,2025-09-17 00:00:00.000,INQ1022322,TRAVERSE GLOBAL SHIPPING L.L.C,NULL,None,None,NULL,By Email,NULL,Auto Generated,NULL,NULL,NULL,NULL,NULL,0,NULL,2025-09-17 12:28:53.823,NULL,0,NULL,NULL,NULL,NULL,NULL,NULL,NULL,NULL,Ocean Export,1,NULL,NULL,0,NULL,,NULL,NULL,NULL,NULL,1,0,,Sales & Marketing,NULL,NULL,NULL
2922,2025-09-17 00:00:00.000,INQ1022326,NRB Bearings,NULL,None,None,NULL,By Email,NULL,Auto Generated,NULL,NULL,NULL,NULL,NULL,0,NULL,2025-09-17 14:54:47.207,NULL,0,NULL,NULL,NULL,NULL,NULL,NULL,NULL,NULL,Ocean Export,1,NULL,NULL,0,NULL,,NULL,NULL,NULL,NULL,1,0,,New Jersey (EWR),NULL,NULL,NULL
2923,2025-09-17 00:00:00.000,INQ1022327,"RESELL-CNC, LLC d/b/a Resell CNC Auctions",NULL,None,None,NULL,By Email,NULL,Auto Generated,NULL,NULL,NULL,NULL,NULL,0,NULL,2025-09-17 15:00:54.577,NULL,0,NULL,NULL,NULL,NULL,NULL,NULL,NULL,NULL,Ocean Export,1,NULL,NULL,0,NULL,,NULL,NULL,NULL,NULL,1,0,,New Jersey (EWR),NULL,NULL,NULL
2924,2025-09-17 00:00:00.000,INQ1022330,Stambh Ecotrade,NULL,None,None,NULL,By Email,NULL,Auto Generated,NULL,NULL,NULL,NULL,NULL,0,NULL,2025-09-17 22:06:16.800,NULL,0,NULL,NULL,NULL,NULL,NULL,NULL,NULL,NULL,Ocean Export,1,NULL,NULL,0,NULL,,NULL,NULL,NULL,NULL,1,0,,MUMBAI (MUM),NULL,NULL,NULL
2925,2025-09-18 00:00:00.000,INQ1022333,CapEx Equipment Group,NULL,None,None,NULL,By Email,NULL,Not interested,NULL,NULL,NULL,NULL,NULL,0,NULL,2025-09-18 21:23:00.743,2025-10-31 08:48:36.320,0,NULL,NULL,NULL,NULL,NULL,NULL,NULL,NULL,Ocean Export,1,NULL,NULL,0,NULL,,NULL,NULL,NULL,NULL,1,0,,Sales & Marketing,NULL,NULL,NULL
2926,2025-09-18 00:00:00.000,INQ1022334,"Country Boys Auction & Realty Co., Inc",NULL,None,None,NULL,By Email,NULL,Auto Generated,NULL,NULL,NULL,NULL,NULL,0,NULL,2025-09-18 21:31:38.200,NULL,1,NULL,NULL,NULL,NULL,NULL,NULL,NULL,NULL,Ocean Export,1,NULL,NULL,0,NULL,,duplicate,NULL,NULL,NULL,1,0,,Sales & Marketing,NULL,NULL,NULL
2927,2025-09-18 00:00:00.000,INQ1022335,"Equipment Hub Auctions, LLC",NULL,None,None,NULL,By Email,NULL,Auto Generated,NULL,NULL,NULL,NULL,NULL,0,NULL,2025-09-18 21:35:12.400,NULL,1,NULL,NULL,NULL,NULL,NULL,NULL,NULL,NULL,Ocean Export,1,NULL,NULL,0,NULL,,duplicate entry,NULL,NULL,NULL,1,0,,Sales & Marketing,NULL,NULL,NULL
2928,2025-09-18 00:00:00.000,INQ1022336,Erkelens & Olson Auctioneers,NULL,None,None,NULL,By Email,NULL,not interested,NULL,NULL,NULL,NULL,NULL,0,NULL,2025-09-18 21:38:11.897,2025-10-16 11:24:04.530,0,NULL,NULL,NULL,NULL,NULL,NULL,NULL,NULL,Ocean Export,1,NULL,NULL,0,NULL,,NULL,NULL,NULL,NULL,1,0,,Sales & Marketing,NULL,NULL,NULL
2929,2025-09-18 00:00:00.000,INQ1022337,"Fastline Auction, LLC",NULL,None,None,NULL,By Email,NULL,Auto Generated,NULL,NULL,NULL,NULL,NULL,0,NULL,2025-09-18 21:40:23.117,NULL,1,NULL,NULL,NULL,NULL,NULL,NULL,NULL,NULL,Ocean Export,1,NULL,NULL,0,NULL,,duplicate entry,NULL,NULL,NULL,1,0,,Sales & Marketing,NULL,NULL,NULL
2930,2025-09-18 00:00:00.000,INQ1022338,Furrow Auction Company,NULL,None,None,NULL,By Email,NULL,10.7.25 marianne@furrow.com send info she will review with her team follow up next week,NULL,NULL,NULL,NULL,NULL,0,NULL,2025-09-18 21:46:15.567,2025-11-11 11:48:51.737,0,NULL,NULL,NULL,NULL,NULL,NULL,NULL,NULL,Ocean Export,1,NULL,NULL,0,NULL,,NULL,NULL,NULL,NULL,1,0,,Sales & Marketing,NULL,NULL,NULL
2931,2025-09-18 00:00:00.000,INQ1022339,GA Group,NULL,None,None,NULL,By Email,NULL,Paul 203-313-8935 thega-group.com/privacy-policy,NULL,NULL,NULL,NULL,NULL,0,NULL,2025-09-18 21:53:09.863,2025-12-08 10:36:28.693,0,NULL,NULL,NULL,NULL,NULL,NULL,NULL,NULL,Ocean Export,1,NULL,NULL,0,NULL,,NULL,NULL,NULL,NULL,1,0,,Sales & Marketing,NULL,NULL,NULL
2932,2025-09-18 00:00:00.000,INQ1022340,Harry Davis & Company,NULL,None,None,NULL,By Email,NULL,Not interested,NULL,NULL,NULL,NULL,NULL,0,NULL,2025-09-18 21:55:21.667,2025-10-31 09:24:44.940,0,NULL,NULL,NULL,NULL,NULL,NULL,NULL,NULL,Ocean Export,1,NULL,NULL,0,NULL,,NULL,NULL,NULL,NULL,1,0,,Sales & Marketing,NULL,NULL,NULL
2933,2025-09-18 00:00:00.000,INQ1022341,HARRIS AUCTIONS,NULL,None,None,NULL,By Email,NULL,didnt sound very interested but can send info,NULL,NULL,NULL,NULL,NULL,0,NULL,2025-09-18 21:55:46.003,2025-11-11 08:05:12.180,0,NULL,NULL,NULL,NULL,NULL,NULL,NULL,NULL,Ocean Export,1,NULL,NULL,0,NULL,,NULL,NULL,NULL,NULL,1,0,,Sales & Marketing,NULL,NULL,NULL
2934,2025-09-18 00:00:00.000,INQ1022342,Heath Industrial,NULL,None,None,NULL,By Email,NULL,David Heath MDNA member President 847-809-3332 dheath@heathindustrial.com www.heathindustrial.com,NULL,NULL,NULL,NULL,NULL,0,NULL,2025-09-18 21:59:34.203,2025-12-22 10:33:54.700,0,NULL,NULL,NULL,NULL,NULL,NULL,NULL,NULL,Ocean Export,1,NULL,NULL,0,NULL,,NULL,NULL,NULL,NULL,1,0,,Sales & Marketing,NULL,NULL,NULL
2935,2025-09-18 00:00:00.000,INQ1022343,"HYPERAMS, LLC",NULL,None,None,NULL,By Email,NULL,"Steve Kleba 815-451-3451  info@hyperams.com SKleba@HyperAMS.com
EnquiryDraft	EnquiryDraft	12/25/2024	Spoke with David who is the Managing Director of Auction Services. He said they are not interested, they deal with 100s of buyers who take care of their own shipping and they don't like getting involved. We will send an email on dfiegel@hyperams.com , info@hyperams.com , tpabst@hyperams.com , rpabst@hyperams.com.	12/18/2024",NULL,NULL,NULL,NULL,NULL,0,NULL,2025-09-18 22:01:20.610,2025-12-08 10:16:16.290,0,NULL,NULL,NULL,NULL,NULL,NULL,NULL,NULL,Ocean Export,1,NULL,NULL,0,NULL,,NULL,NULL,NULL,NULL,1,0,,Sales & Marketing,NULL,NULL,NULL
2936,2025-09-18 00:00:00.000,INQ1022344,Infinity Asset Solutions Inc,NULL,None,None,NULL,By Email,NULL,Auto Generated,NULL,NULL,NULL,NULL,NULL,0,NULL,2025-09-18 22:03:37.017,2025-11-03 15:46:20.893,0,NULL,NULL,NULL,NULL,NULL,NULL,NULL,NULL,Ocean Export,1,NULL,NULL,0,NULL,,NULL,NULL,NULL,NULL,1,0,,Sales & Marketing,NULL,NULL,NULL
2937,2025-09-18 00:00:00.000,INQ1022345,INTEGRA ASSET SOLUTIONS,NULL,None,None,NULL,By Email,NULL,Not interested due to liability,NULL,NULL,NULL,NULL,NULL,0,NULL,2025-09-18 22:04:30.950,2025-10-31 08:44:14.590,0,NULL,NULL,NULL,NULL,NULL,NULL,NULL,NULL,Ocean Export,1,NULL,NULL,0,NULL,,NULL,NULL,NULL,NULL,1,0,,Sales & Marketing,NULL,NULL,NULL
2938,2025-09-18 00:00:00.000,INQ1022346,INTEGRA ASSET SOLUTIONS CANADA,NULL,None,None,NULL,By Email,NULL,Auto Generated,NULL,NULL,NULL,NULL,NULL,0,NULL,2025-09-18 22:04:34.257,NULL,1,NULL,NULL,NULL,NULL,NULL,NULL,NULL,NULL,Ocean Export,1,NULL,NULL,0,NULL,,duplicate entry,NULL,NULL,NULL,1,0,,Sales & Marketing,NULL,NULL,NULL
2939,2025-09-18 00:00:00.000,INQ1022347,INTEGRA ASSET SOLUTIONS CANADA,NULL,None,None,NULL,By Email,NULL,Auto Generated,NULL,NULL,NULL,NULL,NULL,0,NULL,2025-09-18 22:05:13.343,NULL,1,NULL,NULL,NULL,NULL,NULL,NULL,NULL,NULL,Ocean Export,1,NULL,NULL,0,NULL,,duplicate,NULL,NULL,NULL,1,0,,Sales & Marketing,NULL,NULL,NULL
2940,2025-09-18 00:00:00.000,INQ1022348,"Joseph Finn Co., Inc.",NULL,None,None,NULL,By Email,NULL,"""10.6 Tim Duffy at Bormann Brothers at tim@bormann.us or 603-391-5012/ For Appointments Contact Auctioneer’s Office at 617-964-1886
or Matthew@josephfinn.com spoke with Matt send information to info@josephfinn.com""",NULL,NULL,NULL,NULL,NULL,0,NULL,2025-09-18 22:08:47.377,2025-11-21 13:16:09.240,0,NULL,NULL,NULL,NULL,NULL,NULL,NULL,NULL,Ocean Export,1,NULL,NULL,0,NULL,,NULL,NULL,NULL,NULL,1,0,,Sales & Marketing,NULL,NULL,NULL
2941,2025-09-18 00:00:00.000,INQ1022349,"K & L Liquidations and Sales, LLC",NULL,None,None,NULL,By Email,NULL,"Luis is interested and wanted a rate sheet
Katrina@kandlliquidations.com; luis@kandlliquidations.com 847-854-9913",NULL,NULL,NULL,NULL,NULL,0,NULL,2025-09-18 23:11:13.170,2025-12-04 11:27:38.197,0,NULL,NULL,NULL,NULL,NULL,NULL,NULL,NULL,Ocean Export,1,NULL,NULL,0,NULL,,NULL,NULL,NULL,NULL,1,0,,Sales & Marketing,NULL,NULL,NULL
2942,2025-09-18 00:00:00.000,INQ1022350,"Paul E. Saperstein Co., Inc.",NULL,None,None,NULL,By Email,NULL,"Not interested ""all set right now"" Follow up 3 months 
most of their customers need packing  send email and follow up next week",NULL,NULL,NULL,NULL,NULL,0,NULL,2025-09-18 23:14:37.757,2025-11-03 15:54:47.793,0,NULL,NULL,NULL,NULL,NULL,NULL,NULL,NULL,Ocean Export,1,NULL,NULL,0,NULL,,NULL,NULL,NULL,NULL,1,0,,Sales & Marketing,NULL,NULL,NULL
2943,2025-09-18 00:00:00.000,INQ1022351,Perfection Industrial Sales,NULL,None,None,NULL,By Email,NULL,"10.27 Not interested never responded  lm vm 10.6.25 Jennifer Reiner LM VM follow up with email
Jeniffer recieved email and video and replied she is not interested. I asked if she could provide feedback",NULL,NULL,NULL,NULL,NULL,0,NULL,2025-09-18 23:16:37.330,2025-10-31 09:16:16.097,0,NULL,NULL,NULL,NULL,NULL,NULL,NULL,NULL,Ocean Export,1,NULL,NULL,0,NULL,,NULL,NULL,NULL,NULL,1,0,,Sales & Marketing,NULL,NULL,NULL
2944,2025-09-18 00:00:00.000,INQ1022352,Plant & Machinery Inc.,NULL,None,None,NULL,By Email,NULL,"Thank you Steve for this information.   I will work on getting your company listed on our website.  Incase you are not familiar with our website it is PMI-AUCTION.COM

Desiree McKinney",NULL,NULL,NULL,NULL,NULL,0,NULL,2025-09-18 23:18:18.747,2025-11-03 11:36:21.533,0,NULL,NULL,NULL,NULL,NULL,NULL,NULL,NULL,Ocean Export,1,NULL,NULL,0,NULL,,NULL,NULL,NULL,NULL,1,0,,Sales & Marketing,NULL,NULL,NULL
2945,2025-09-18 00:00:00.000,INQ1022353,PPL Auctions LLC,NULL,None,None,NULL,By Email,NULL,"Kristen 224-927-5300 105 Revere Drive Suite C Northbrook IL 60062 www.pplgroupllc.com
post riggers but not logistics companies but will speak to team",NULL,NULL,NULL,NULL,NULL,0,NULL,2025-09-18 23:20:51.580,2026-01-07 13:37:21.627,0,NULL,NULL,NULL,NULL,NULL,NULL,NULL,NULL,Ocean Export,1,NULL,NULL,0,NULL,,NULL,NULL,NULL,NULL,1,0,,Sales & Marketing,NULL,NULL,NULL
2946,2025-09-18 00:00:00.000,INQ1022354,Resell CNC,NULL,None,None,NULL,By Email,NULL,10.7.25 Jessica Aubrey  844-478-8181 x 247 jessica@resellcnc.com add us to your list of RECOMMENDED FREIGHT BROKERS lm vm sent email,NULL,NULL,NULL,NULL,NULL,0,NULL,2025-09-18 23:24:58.040,2025-11-17 09:58:28.130,0,NULL,NULL,NULL,NULL,NULL,NULL,NULL,NULL,Ocean Export,1,NULL,NULL,0,NULL,,NULL,NULL,NULL,NULL,1,0,,Sales & Marketing,NULL,NULL,NULL
2947,2025-09-18 00:00:00.000,INQ1022355,Richard's Auction Service,NULL,None,None,NULL,By Email,NULL,In process of making changes to rigging and shipping - send info and reach out in dec,NULL,NULL,NULL,NULL,NULL,0,NULL,2025-09-18 23:26:29.903,2025-10-07 11:00:37.060,0,NULL,NULL,NULL,NULL,NULL,NULL,NULL,NULL,Ocean Export,1,NULL,NULL,0,NULL,,NULL,NULL,NULL,NULL,1,0,,Sales & Marketing,NULL,NULL,NULL
2948,2025-09-18 00:00:00.000,INQ1022356,Silicon Valley Auction Service,NULL,None,None,NULL,By Email,NULL,10.7 Ed Garcia LM no email pasted email in contact us page on website,NULL,NULL,NULL,NULL,NULL,0,NULL,2025-09-18 23:28:03.707,2025-11-21 13:43:26.550,0,NULL,NULL,NULL,NULL,NULL,NULL,NULL,NULL,Ocean Export,1,NULL,NULL,0,NULL,,NULL,NULL,NULL,NULL,1,0,,Sales & Marketing,NULL,NULL,NULL
2949,2025-09-18 00:00:00.000,INQ1022357,"Tauber Arons, Inc.",NULL,None,None,NULL,By Email,NULL,"Not Interested  10.7 Have guys they work with and stay loyal to appreciate the offer
ted",NULL,NULL,NULL,NULL,NULL,0,NULL,2025-09-18 23:29:43.067,2025-11-03 10:57:12.043,0,NULL,NULL,NULL,NULL,NULL,NULL,NULL,NULL,Ocean Export,1,NULL,NULL,0,NULL,,NULL,NULL,NULL,NULL,1,0,,Sales & Marketing,NULL,NULL,NULL
2950,2025-09-18 00:00:00.000,INQ1022358,Tradewest Asset Solutions Inc.,NULL,None,None,NULL,By Email,NULL,sent email,NULL,NULL,NULL,NULL,NULL,0,NULL,2025-09-18 23:32:31.117,2025-11-21 13:45:22.570,0,NULL,NULL,NULL,NULL,NULL,NULL,NULL,NULL,Ocean Export,1,NULL,NULL,0,NULL,,NULL,NULL,NULL,NULL,1,0,,Sales & Marketing,NULL,NULL,NULL
2951,2025-09-18 00:00:00.000,INQ1022359,Yellow Tag Auctions LLC,NULL,None,None,NULL,By Email,NULL,"Terri Hester 864-461-2400  thester@yellowtagauctions.com 
Terri will readdress with team after seeing it on Maynards site",NULL,NULL,NULL,NULL,NULL,0,NULL,2025-09-18 23:34:06.377,2025-12-08 15:09:22.733,0,NULL,NULL,NULL,NULL,NULL,NULL,NULL,NULL,Ocean Export,1,NULL,NULL,0,NULL,,NULL,NULL,NULL,NULL,1,0,,Sales & Marketing,NULL,NULL,NULL
2952,2025-09-18 00:00:00.000,INQ1022360,American Auctioneer Group,NULL,None,None,NULL,By Email,NULL,Auto Generated,NULL,NULL,NULL,NULL,NULL,0,NULL,2025-09-18 23:35:15.400,NULL,1,NULL,NULL,NULL,NULL,NULL,NULL,NULL,NULL,Ocean Export,1,NULL,NULL,0,NULL,,Duplicate,NULL,NULL,NULL,1,0,,Sales & Marketing,NULL,NULL,NULL
2953,2025-09-18 00:00:00.000,INQ1022361,"Ashman Company Auctioneers & Appraisers, Inc",NULL,None,None,NULL,By Email,NULL,Auto Generated,NULL,NULL,NULL,NULL,NULL,0,NULL,2025-09-18 23:37:08.070,NULL,1,NULL,NULL,NULL,NULL,NULL,NULL,NULL,NULL,Ocean Export,1,NULL,NULL,0,NULL,,duplicate entry,NULL,NULL,NULL,1,0,,Sales & Marketing,NULL,NULL,NULL
2954,2025-09-19 00:00:00.000,INQ1022363,American Auctioneers Group,NULL,None,None,NULL,By Email,NULL,Auto Generated,NULL,NULL,NULL,NULL,NULL,0,NULL,2025-09-19 12:22:19.160,2025-10-02 13:43:35.003,0,NULL,NULL,NULL,NULL,NULL,NULL,NULL,NULL,Ocean Export,1,NULL,NULL,0,NULL,,NULL,NULL,NULL,NULL,1,0,,New Jersey (EWR),NULL,NULL,NULL
2955,2025-09-19 00:00:00.000,INQ1022364,"Ashman Company Auctioneers & Appraisers, Inc",NULL,None,None,NULL,By Email,NULL,Auto Generated,NULL,NULL,NULL,NULL,NULL,0,NULL,2025-09-19 12:23:29.363,NULL,0,NULL,NULL,NULL,NULL,NULL,NULL,NULL,NULL,Ocean Export,1,NULL,NULL,0,NULL,,NULL,NULL,NULL,NULL,1,0,,New Jersey (EWR),NULL,NULL,NULL
2956,2025-09-19 00:00:00.000,INQ1022367,Asset Management 360,NULL,None,None,NULL,By Email,NULL,Auto Generated,NULL,NULL,NULL,NULL,NULL,0,NULL,2025-09-19 12:32:18.170,NULL,0,NULL,NULL,NULL,NULL,NULL,NULL,NULL,NULL,Ocean Export,1,NULL,NULL,0,NULL,,NULL,NULL,NULL,NULL,1,0,,New Jersey (EWR),NULL,NULL,NULL
2957,2025-09-19 00:00:00.000,INQ1022368,Atlanta Liquidation,NULL,None,None,NULL,By Email,NULL,Auto Generated,NULL,NULL,NULL,NULL,NULL,0,NULL,2025-09-19 12:43:58.213,NULL,0,NULL,NULL,NULL,NULL,NULL,NULL,NULL,NULL,Ocean Export,1,NULL,NULL,0,NULL,,NULL,NULL,NULL,NULL,1,0,,New Jersey (EWR),NULL,NULL,NULL
2958,2025-09-19 00:00:00.000,INQ1022369,Asset Management 360,NULL,None,None,NULL,By Email,NULL,Auto Generated,NULL,NULL,NULL,NULL,NULL,0,NULL,2025-09-19 13:05:46.527,NULL,1,NULL,NULL,NULL,NULL,NULL,NULL,NULL,NULL,Ocean Export,1,NULL,NULL,0,NULL,,duplicate,NULL,NULL,NULL,1,0,,New Jersey (EWR),NULL,NULL,NULL
2959,2025-09-19 00:00:00.000,INQ1022370,Atlanta Liquidation,NULL,None,None,NULL,By Email,NULL,Auto Generated,NULL,NULL,NULL,NULL,NULL,0,NULL,2025-09-19 13:10:25.943,NULL,0,NULL,NULL,NULL,NULL,NULL,NULL,NULL,NULL,Ocean Export,1,NULL,NULL,0,NULL,,NULL,NULL,NULL,NULL,1,0,,New Jersey (EWR),NULL,NULL,NULL
2960,2025-09-19 00:00:00.000,INQ1022371,"Bid Equip, LLC",NULL,None,None,NULL,By Email,NULL,Auto Generated,NULL,NULL,NULL,NULL,NULL,0,NULL,2025-09-19 13:17:38.963,NULL,1,NULL,NULL,NULL,NULL,NULL,NULL,NULL,NULL,Ocean Export,1,NULL,NULL,0,NULL,,Duplicate,NULL,NULL,NULL,1,0,,Sales & Marketing,NULL,NULL,NULL
2961,2025-09-19 00:00:00.000,INQ1022372,C3-Crescent Commercial,NULL,None,None,NULL,By Email,NULL,Auto Generated,NULL,NULL,NULL,NULL,NULL,0,NULL,2025-09-19 13:21:27.477,NULL,0,NULL,NULL,NULL,NULL,NULL,NULL,NULL,NULL,Ocean Export,1,NULL,NULL,0,NULL,,NULL,NULL,NULL,NULL,1,0,,New Jersey (EWR),NULL,NULL,NULL
2962,2025-09-19 00:00:00.000,INQ1022373,"Capital Recovery Group, LLC",NULL,None,None,NULL,By Email,NULL,Auto Generated,NULL,NULL,NULL,NULL,NULL,0,NULL,2025-09-19 13:25:58.180,NULL,1,NULL,NULL,NULL,NULL,NULL,NULL,NULL,NULL,Ocean Export,1,NULL,NULL,0,NULL,,duplicate,NULL,NULL,NULL,1,0,,Sales & Marketing,NULL,NULL,NULL
2963,2025-09-19 00:00:00.000,INQ1022374,G.W. Kittrell Auctions,NULL,None,None,NULL,By Email,NULL,Auto Generated,NULL,NULL,NULL,NULL,NULL,0,NULL,2025-09-19 16:41:05.390,NULL,1,NULL,NULL,NULL,NULL,NULL,NULL,NULL,NULL,Ocean Export,1,NULL,NULL,0,NULL,,duplicate entry,NULL,NULL,NULL,1,0,,Sales & Marketing,NULL,NULL,NULL
2964,2025-09-19 00:00:00.000,INQ1022375,GD Auctions & Appraisals,NULL,None,None,NULL,By Email,NULL,Auto Generated,NULL,NULL,NULL,NULL,NULL,0,NULL,2025-09-19 16:43:15.500,NULL,0,NULL,NULL,NULL,NULL,NULL,NULL,NULL,NULL,Ocean Export,1,NULL,NULL,0,NULL,,NULL,NULL,NULL,NULL,1,0,,New Jersey (EWR),NULL,NULL,NULL
2965,2025-09-19 00:00:00.000,INQ1022376,GRS Auction Services,NULL,None,None,NULL,By Email,NULL,Auto Generated,NULL,NULL,NULL,NULL,NULL,0,NULL,2025-09-19 16:51:31.957,NULL,0,NULL,NULL,NULL,NULL,NULL,NULL,NULL,NULL,Ocean Export,1,NULL,NULL,0,NULL,,NULL,NULL,NULL,NULL,1,0,,New Jersey (EWR),NULL,NULL,NULL
2966,2025-09-19 00:00:00.000,INQ1022378,GD Auctions & Appraisals,NULL,None,None,NULL,By Email,NULL,Auto Generated,NULL,NULL,NULL,NULL,NULL,0,NULL,2025-09-19 19:40:43.780,NULL,1,NULL,NULL,NULL,NULL,NULL,NULL,NULL,NULL,Ocean Export,1,NULL,NULL,0,NULL,,duplicate entry,NULL,NULL,NULL,1,0,,Sales & Marketing,NULL,NULL,NULL
2967,2025-09-19 00:00:00.000,INQ1022379,Gateway Auctions,NULL,None,None,NULL,By Email,NULL,Overseas,NULL,NULL,NULL,NULL,NULL,0,NULL,2025-09-19 19:43:37.363,2025-10-31 09:34:01.377,0,NULL,NULL,NULL,NULL,NULL,NULL,NULL,NULL,Ocean Export,1,NULL,NULL,0,NULL,,NULL,NULL,NULL,NULL,1,0,,Sales & Marketing,NULL,NULL,NULL
2968,2025-09-19 00:00:00.000,INQ1022380,American Auctioneers Group,NULL,None,None,NULL,By Email,NULL,Not Interested Dont do referrals or recommendations,NULL,NULL,NULL,NULL,NULL,0,NULL,2025-09-19 19:44:23.197,2025-11-13 15:22:41.147,0,NULL,NULL,NULL,NULL,NULL,NULL,NULL,NULL,Ocean Export,1,NULL,NULL,0,NULL,,NULL,NULL,NULL,NULL,1,0,,Sales & Marketing,NULL,NULL,NULL
2969,2025-09-19 00:00:00.000,INQ1022381,"Ashman Company Auctioneers & Appraisers, Inc",NULL,None,None,NULL,By Email,NULL,they list on invoices Alejandra 925-256-8111 auctions@ashmancompany.com,NULL,NULL,NULL,NULL,NULL,0,NULL,2025-09-19 19:44:41.223,2025-12-05 10:00:36.933,0,NULL,NULL,NULL,NULL,NULL,NULL,NULL,NULL,Ocean Export,1,NULL,NULL,0,NULL,,NULL,NULL,NULL,NULL,1,0,,Sales & Marketing,NULL,NULL,NULL
2970,2025-09-19 00:00:00.000,INQ1022382,Asset Management 360,NULL,None,None,NULL,By Email,NULL,,NULL,NULL,NULL,NULL,NULL,0,NULL,2025-09-19 19:45:00.190,2025-11-17 17:25:09.107,0,NULL,NULL,NULL,NULL,NULL,NULL,NULL,NULL,Ocean Export,1,NULL,NULL,0,NULL,,NULL,NULL,NULL,NULL,1,0,,Sales & Marketing,NULL,NULL,NULL
2971,2025-09-19 00:00:00.000,INQ1022383,Atlanta Liquidation,NULL,None,None,NULL,By Email,NULL,they dont use outside carriers,NULL,NULL,NULL,NULL,NULL,0,NULL,2025-09-19 19:45:16.783,2025-10-31 08:38:16.420,0,NULL,NULL,NULL,NULL,NULL,NULL,NULL,NULL,Ocean Export,1,NULL,NULL,0,NULL,,NULL,NULL,NULL,NULL,1,0,,Sales & Marketing,NULL,NULL,NULL
2972,2025-09-19 00:00:00.000,INQ1022384,"Bid Equip, LLC",NULL,None,None,NULL,By Email,NULL,spoke with Tiffany send info follow up next week,NULL,NULL,NULL,NULL,NULL,0,NULL,2025-09-19 19:45:33.790,2025-11-07 10:26:10.983,1,NULL,NULL,NULL,NULL,NULL,NULL,NULL,NULL,Ocean Export,1,NULL,NULL,0,NULL,,Duplicate,NULL,NULL,NULL,1,0,,Sales & Marketing,NULL,NULL,NULL
2973,2025-09-19 00:00:00.000,INQ1022385,C3-Crescent Commercial,NULL,None,None,NULL,By Email,NULL,Auto Generated,NULL,NULL,NULL,NULL,NULL,0,NULL,2025-09-19 19:46:02.593,2025-10-30 11:47:01.237,0,NULL,NULL,NULL,NULL,NULL,NULL,NULL,NULL,Ocean Export,1,NULL,NULL,0,NULL,,NULL,NULL,NULL,NULL,1,0,,Sales & Marketing,NULL,NULL,NULL
2974,2025-09-19 00:00:00.000,INQ1022386,"Capital Recovery Group, LLC",NULL,None,None,NULL,By Email,NULL,Auto Generated,NULL,NULL,NULL,NULL,NULL,0,NULL,2025-09-19 19:46:49.790,NULL,1,NULL,NULL,NULL,NULL,NULL,NULL,NULL,NULL,Ocean Export,1,NULL,NULL,0,NULL,,duplicate entry,NULL,NULL,NULL,1,0,,Sales & Marketing,NULL,NULL,NULL
2975,2025-09-19 00:00:00.000,INQ1022387,Eddisons,NULL,None,None,NULL,By Email,NULL,Auto Generated,NULL,NULL,NULL,NULL,NULL,0,NULL,2025-09-19 19:48:50.977,NULL,0,NULL,NULL,NULL,NULL,NULL,NULL,NULL,NULL,Ocean Export,1,NULL,NULL,0,NULL,,NULL,NULL,NULL,NULL,1,0,,Sales & Marketing,NULL,NULL,NULL
2976,2025-09-19 00:00:00.000,INQ1022388,G.W. Kittrell Auctions,NULL,None,None,NULL,By Email,NULL,10.20 Listed on website auction 10.14.25 Allison Kittrell info@gwkittrellauctions.com driving to texas will be in PA next week send info follow up next week,NULL,NULL,NULL,NULL,NULL,0,NULL,2025-09-19 19:49:14.363,2025-11-04 08:18:10.817,0,NULL,NULL,NULL,NULL,NULL,NULL,NULL,NULL,Ocean Export,1,NULL,NULL,0,NULL,,NULL,NULL,NULL,NULL,1,0,,Sales & Marketing,NULL,NULL,NULL
2977,2025-09-19 00:00:00.000,INQ1022389,G.W. Kittrell Auctions,NULL,None,None,NULL,By Email,NULL,Auto Generated,NULL,NULL,NULL,NULL,NULL,0,NULL,2025-09-19 19:56:14.830,NULL,1,NULL,NULL,NULL,NULL,NULL,NULL,NULL,NULL,Ocean Export,1,NULL,NULL,0,NULL,,duplicate entry,NULL,NULL,NULL,1,0,,Sales & Marketing,NULL,NULL,NULL
2978,2025-09-19 00:00:00.000,INQ1022390,Gateway Auctions,NULL,None,None,NULL,By Email,NULL,Auto Generated,NULL,NULL,NULL,NULL,NULL,0,NULL,2025-09-19 19:56:45.353,NULL,1,NULL,NULL,NULL,NULL,NULL,NULL,NULL,NULL,Ocean Export,1,NULL,NULL,0,NULL,,duplicate entry,NULL,NULL,NULL,1,0,,Sales & Marketing,NULL,NULL,NULL
2979,2025-09-19 00:00:00.000,INQ1022391,GD Auctions & Appraisals,NULL,None,None,NULL,By Email,NULL,they dont publish anything on auction sites or website to recommend any shippers or riggers they do provide a list to clients when they request it and will add us to that list - follow up in feb 2026,NULL,NULL,NULL,NULL,NULL,0,NULL,2025-09-19 19:57:25.853,2025-11-06 13:58:46.590,0,NULL,NULL,NULL,NULL,NULL,NULL,NULL,NULL,Ocean Export,1,NULL,NULL,0,NULL,,NULL,NULL,NULL,NULL,1,0,,Sales & Marketing,NULL,NULL,NULL
2980,2025-09-19 00:00:00.000,INQ1022392,INVESTMENT RECOVERY SERVICES,NULL,None,None,NULL,By Email,NULL,Trevor Trimmer 817-222-9848 trevor@irsauction.com,NULL,NULL,NULL,NULL,NULL,0,NULL,2025-09-19 21:55:19.360,2025-12-04 11:46:16.790,0,NULL,NULL,NULL,NULL,NULL,NULL,NULL,NULL,Ocean Export,1,NULL,NULL,0,NULL,,NULL,NULL,NULL,NULL,1,0,,Sales & Marketing,NULL,NULL,NULL
2981,2025-09-19 00:00:00.000,INQ1022393,KD Auctions,NULL,None,None,NULL,By Email,NULL,Jill LM,NULL,NULL,NULL,NULL,NULL,0,NULL,2025-09-19 21:56:51.253,2025-11-21 13:32:14.910,0,NULL,NULL,NULL,NULL,NULL,NULL,NULL,NULL,Ocean Export,1,NULL,NULL,0,NULL,,NULL,NULL,NULL,NULL,1,0,,Sales & Marketing,NULL,NULL,NULL
2982,2025-09-19 00:00:00.000,INQ1022394,Loeb Auctioneers,NULL,None,None,NULL,By Email,NULL,10.24 LM out for day today Michelle office administrator is on PTO today michellec@loebequipment.com,NULL,NULL,NULL,NULL,NULL,0,NULL,2025-09-19 21:59:02.937,2025-12-17 15:13:44.960,0,NULL,NULL,NULL,NULL,NULL,NULL,NULL,NULL,Ocean Export,1,NULL,NULL,0,NULL,,NULL,NULL,NULL,NULL,1,0,,Sales & Marketing,NULL,NULL,NULL
2983,2025-09-19 00:00:00.000,INQ1022395,M & M Auctions,NULL,None,None,NULL,By Email,NULL,"Not interested have local company used last 30 years loyal and dont follow up at all
Trying to connect with Brett",NULL,NULL,NULL,NULL,NULL,0,NULL,2025-09-19 22:16:44.287,2025-11-07 11:20:44.907,0,NULL,NULL,NULL,NULL,NULL,NULL,NULL,NULL,Ocean Export,1,NULL,NULL,0,NULL,,NULL,NULL,NULL,NULL,1,0,,Sales & Marketing,NULL,NULL,NULL
2984,2025-09-19 00:00:00.000,INQ1022396,"M. DAVIS GROUP, LLC",NULL,None,None,NULL,By Email,NULL,Auto Generated,NULL,NULL,NULL,NULL,NULL,0,NULL,2025-09-19 22:27:45.927,2025-10-31 07:40:04.647,0,NULL,NULL,NULL,NULL,NULL,NULL,NULL,NULL,Ocean Export,1,NULL,NULL,0,NULL,,NULL,NULL,NULL,NULL,1,0,,Sales & Marketing,NULL,NULL,NULL
2985,2025-09-19 00:00:00.000,INQ1022397,Machinery Values of NJ Inc.,NULL,None,None,NULL,By Email,NULL,David Valit 401 Supor Blvd Harrison NJ 07029 P 973-497-7570 M 917-374-7722 david@machineryvalues.com www.machineryvalues.com Rob Ferreira,NULL,NULL,NULL,NULL,NULL,0,NULL,2025-09-19 22:50:23.893,2025-12-22 12:38:42.470,0,NULL,NULL,NULL,NULL,NULL,NULL,NULL,NULL,Ocean Export,1,NULL,NULL,0,NULL,,NULL,NULL,NULL,NULL,1,0,,Sales & Marketing,NULL,NULL,NULL
2986,2025-09-19 00:00:00.000,INQ1022398,Meadoworks,NULL,None,None,NULL,By Email,NULL,10.15.25 send email at auctions@meadoworks.com goes to team,NULL,NULL,NULL,NULL,NULL,0,NULL,2025-09-19 23:04:17.627,2025-11-11 07:19:50.293,0,NULL,NULL,NULL,NULL,NULL,NULL,NULL,NULL,Ocean Export,1,NULL,NULL,0,NULL,,NULL,NULL,NULL,NULL,1,0,,Sales & Marketing,NULL,NULL,NULL
2987,2025-09-19 00:00:00.000,INQ1022399,Motleys Industrial,NULL,None,None,NULL,By Email,NULL,,NULL,NULL,NULL,NULL,NULL,0,NULL,2025-09-19 23:24:16.437,2025-11-11 07:17:07.867,0,NULL,NULL,NULL,NULL,NULL,NULL,NULL,NULL,Ocean Export,1,NULL,NULL,0,NULL,,NULL,NULL,NULL,NULL,1,0,,Sales & Marketing,NULL,NULL,NULL
2988,2025-09-19 00:00:00.000,INQ1022400,PA Auction Center,NULL,None,None,NULL,By Email,NULL,no interest,NULL,NULL,NULL,NULL,NULL,0,NULL,2025-09-19 23:42:48.730,2025-10-30 07:27:50.160,0,NULL,NULL,NULL,NULL,NULL,NULL,NULL,NULL,Ocean Export,1,NULL,NULL,0,NULL,,NULL,NULL,NULL,NULL,1,0,,Sales & Marketing,NULL,NULL,NULL
2989,2025-09-19 00:00:00.000,INQ1022401,Power Drive Supply,NULL,None,None,NULL,By Email,NULL,Jerry 406-461-3257 /406-417-3004 jerry@powerdrivesupply.com,NULL,NULL,NULL,NULL,NULL,0,NULL,2025-09-19 23:48:31.487,2025-12-05 11:24:42.210,0,NULL,NULL,NULL,NULL,NULL,NULL,NULL,NULL,Ocean Export,1,NULL,NULL,0,NULL,,NULL,NULL,NULL,NULL,1,0,,Sales & Marketing,NULL,NULL,NULL
2990,2025-09-20 00:00:00.000,INQ1022402,Rabin / HyperAMS,NULL,None,None,NULL,By Email,NULL,Auto Generated,NULL,NULL,NULL,NULL,NULL,0,NULL,2025-09-20 00:01:06.110,2025-10-31 07:38:33.770,0,NULL,NULL,NULL,NULL,NULL,NULL,NULL,NULL,Ocean Export,1,NULL,NULL,0,NULL,,NULL,NULL,NULL,NULL,1,0,,Sales & Marketing,NULL,NULL,NULL
2991,2025-09-20 00:00:00.000,INQ1022403,"Salvadore Auctions & Appraisals, Inc.",NULL,None,None,NULL,By Email,NULL,"Not Interested Foolw up 3 month 
10.15.25 spoke w Dana send info and she will pass it along office@siaai.com follow up next week",NULL,NULL,NULL,NULL,NULL,0,NULL,2025-09-20 00:34:26.710,2025-11-04 11:03:47.780,0,NULL,NULL,NULL,NULL,NULL,NULL,NULL,NULL,Ocean Export,1,NULL,NULL,0,NULL,,NULL,NULL,NULL,NULL,1,0,,Sales & Marketing,NULL,NULL,NULL
2992,2025-09-20 00:00:00.000,INQ1022404,SITE Auction Services,NULL,None,None,NULL,By Email,NULL,,NULL,NULL,NULL,NULL,NULL,0,NULL,2025-09-20 00:47:40.623,2025-11-21 13:39:51.653,0,NULL,NULL,NULL,NULL,NULL,NULL,NULL,NULL,Ocean Export,1,NULL,NULL,0,NULL,,NULL,NULL,NULL,NULL,1,0,,Sales & Marketing,NULL,NULL,NULL
2993,2025-09-20 00:00:00.000,INQ1022405,Thomas Hirchak Company,NULL,None,None,NULL,By Email,NULL,Auto Generated,NULL,NULL,NULL,NULL,NULL,0,NULL,2025-09-20 01:00:17.773,2025-10-30 16:25:46.847,0,NULL,NULL,NULL,NULL,NULL,NULL,NULL,NULL,Ocean Export,1,NULL,NULL,0,NULL,,NULL,NULL,NULL,NULL,1,0,,Sales & Marketing,NULL,NULL,NULL
2994,2025-09-20 00:00:00.000,INQ1022406,Wegner Auctioneers,NULL,None,None,NULL,By Email,NULL,"Don't do shipping but will keep our info on file if they need services 
10.15.25 Eric Wagner vm mailbox is full and cant except messages sent email follow up next week",NULL,NULL,NULL,NULL,NULL,0,NULL,2025-09-20 01:07:02.377,2025-10-31 08:31:44.550,0,NULL,NULL,NULL,NULL,NULL,NULL,NULL,NULL,Ocean Export,1,NULL,NULL,0,NULL,,NULL,NULL,NULL,NULL,1,0,,Sales & Marketing,NULL,NULL,NULL
2995,2025-09-21 00:00:00.000,INQ1022407,3P Global Resources llc,NULL,None,None,NULL,By Email,NULL,Auto Generated,NULL,NULL,NULL,NULL,NULL,0,NULL,2025-09-21 09:53:58.930,NULL,0,NULL,NULL,NULL,NULL,NULL,NULL,NULL,NULL,Ocean Export,1,NULL,NULL,0,NULL,,NULL,NULL,NULL,NULL,1,0,,Sales & Marketing,NULL,NULL,NULL
2996,2025-09-22 00:00:00.000,INQ1022415,ROGERS TRANSPORT TRADING LLC,NULL,None,None,NULL,By Email,NULL,Auto Generated,NULL,NULL,NULL,NULL,NULL,0,NULL,2025-09-22 14:10:13.557,NULL,0,NULL,NULL,NULL,NULL,NULL,NULL,NULL,NULL,Ocean Export,1,NULL,NULL,0,NULL,,NULL,NULL,NULL,NULL,1,0,,MUMBAI (MUM),NULL,NULL,NULL
2997,2025-09-22 00:00:00.000,INQ1022418,TOTAL TRANSPORT & RIGGING,NULL,None,None,NULL,By Email,NULL,Auto Generated,NULL,NULL,NULL,NULL,NULL,0,NULL,2025-09-22 14:45:48.040,NULL,0,NULL,NULL,NULL,NULL,NULL,NULL,NULL,NULL,Ocean Export,1,NULL,NULL,0,NULL,,NULL,NULL,NULL,NULL,1,0,,New Jersey (EWR),NULL,NULL,NULL
2998,2025-09-22 00:00:00.000,INQ1022421,Muhammad Ajmal,NULL,None,None,NULL,By Email,NULL,Auto Generated,NULL,NULL,NULL,NULL,NULL,0,NULL,2025-09-22 22:09:35.043,NULL,0,NULL,NULL,NULL,NULL,NULL,NULL,NULL,NULL,Ocean Export,1,NULL,NULL,0,NULL,,NULL,NULL,NULL,NULL,1,0,,BHOPAL (BHO),NULL,NULL,NULL
2999,2025-09-22 00:00:00.000,INQ1022422,Chris Hair,NULL,None,None,NULL,By Email,NULL,Auto Generated,NULL,NULL,NULL,NULL,NULL,0,NULL,2025-09-22 22:13:41.083,NULL,0,NULL,NULL,NULL,NULL,NULL,NULL,NULL,NULL,Ocean Export,1,NULL,NULL,0,NULL,,NULL,NULL,NULL,NULL,1,0,,New Jersey (EWR),NULL,NULL,NULL
3000,2025-09-22 00:00:00.000,INQ1022423,Danny,NULL,None,None,NULL,By Email,NULL,Auto Generated,NULL,NULL,NULL,NULL,NULL,0,NULL,2025-09-22 22:25:21.320,NULL,0,NULL,NULL,NULL,NULL,NULL,NULL,NULL,NULL,Ocean Export,1,NULL,NULL,0,NULL,,NULL,NULL,NULL,NULL,1,0,,New Jersey (EWR),NULL,NULL,NULL
3001,2025-09-22 00:00:00.000,INQ1022424,M.SHAFIQUE,NULL,None,None,NULL,By Email,NULL,Auto Generated,NULL,NULL,NULL,NULL,NULL,0,NULL,2025-09-22 22:31:49.303,NULL,0,NULL,NULL,NULL,NULL,NULL,NULL,NULL,NULL,Ocean Export,1,NULL,NULL,0,NULL,,NULL,NULL,NULL,NULL,1,0,,New Jersey (EWR),NULL,NULL,NULL
3002,2025-09-24 00:00:00.000,INQ1022437,VERTEX LOGISTICS,NULL,None,None,NULL,By Email,NULL,Auto Generated,NULL,NULL,NULL,NULL,NULL,0,NULL,2025-09-24 12:40:02.647,NULL,0,NULL,NULL,NULL,NULL,NULL,NULL,NULL,NULL,Ocean Export,1,NULL,NULL,0,NULL,,NULL,NULL,NULL,NULL,1,0,,New Jersey (EWR),NULL,NULL,NULL
3003,2025-09-24 00:00:00.000,INQ1022438,COPTIC ORTHODOX CHURCH,NULL,None,None,NULL,By Email,NULL,Auto Generated,NULL,NULL,NULL,NULL,NULL,0,NULL,2025-09-24 13:04:42.757,NULL,0,NULL,NULL,NULL,NULL,NULL,NULL,NULL,NULL,Ocean Export,1,NULL,NULL,0,NULL,,NULL,NULL,NULL,NULL,1,0,,Inside Sales Group,NULL,NULL,NULL
3004,2025-09-24 00:00:00.000,INQ1022439,Antonio Maria Delfino SANYC,NULL,None,None,NULL,By Email,NULL,Auto Generated,NULL,NULL,NULL,NULL,NULL,0,NULL,2025-09-24 13:21:25.153,NULL,0,NULL,NULL,NULL,NULL,NULL,NULL,NULL,NULL,Ocean Export,1,NULL,NULL,0,NULL,,NULL,NULL,NULL,NULL,1,0,,MUMBAI (MUM),NULL,NULL,NULL
3005,2025-09-24 00:00:00.000,INQ1022440,"Ensinger Precision Components, Inc.",NULL,None,None,NULL,By Email,NULL,Auto Generated,NULL,NULL,NULL,NULL,NULL,0,NULL,2025-09-24 13:38:25.570,NULL,0,NULL,NULL,NULL,NULL,NULL,NULL,NULL,NULL,Ocean Export,1,NULL,NULL,0,NULL,,NULL,NULL,NULL,NULL,1,0,,Sales & Marketing,NULL,NULL,NULL
3006,2025-09-24 00:00:00.000,INQ1022441,The Flour Factory,NULL,None,None,NULL,By Email,NULL,Auto Generated,NULL,NULL,NULL,NULL,NULL,0,NULL,2025-09-24 13:48:15.377,NULL,0,NULL,NULL,NULL,NULL,NULL,NULL,NULL,NULL,Ocean Export,1,NULL,NULL,0,NULL,,NULL,NULL,NULL,NULL,1,0,,Sales & Marketing,NULL,NULL,NULL
3007,2025-09-24 00:00:00.000,INQ1022442,"Pinnacle Logistics, LLC Company",NULL,None,None,NULL,By Email,NULL,Auto Generated,NULL,NULL,NULL,NULL,NULL,0,NULL,2025-09-24 13:58:27.753,NULL,0,NULL,NULL,NULL,NULL,NULL,NULL,NULL,NULL,Ocean Export,1,NULL,NULL,0,NULL,,NULL,NULL,NULL,NULL,1,0,,Sales & Marketing,NULL,NULL,NULL
3008,2025-09-24 00:00:00.000,INQ1022443,Farrel Corporation,NULL,None,None,NULL,By Email,NULL,keep getting vm,NULL,NULL,NULL,NULL,NULL,0,NULL,2025-09-24 14:41:38.227,2025-11-21 13:13:00.553,0,NULL,NULL,NULL,NULL,NULL,NULL,NULL,NULL,Ocean Export,1,NULL,NULL,0,NULL,,NULL,NULL,NULL,NULL,1,0,,Sales & Marketing,NULL,NULL,NULL
3009,2025-09-24 00:00:00.000,INQ1022444,Micropulse West,NULL,None,None,NULL,By Email,NULL,Auto Generated,NULL,NULL,NULL,NULL,NULL,0,NULL,2025-09-24 14:52:37.857,NULL,0,NULL,NULL,NULL,NULL,NULL,NULL,NULL,NULL,Ocean Export,1,NULL,NULL,0,NULL,,NULL,NULL,NULL,NULL,1,0,,Sales & Marketing,NULL,NULL,NULL
3010,2025-09-24 00:00:00.000,INQ1022446,Avalon Shutters,NULL,None,None,NULL,By Email,NULL,Auto Generated,NULL,NULL,NULL,NULL,NULL,0,NULL,2025-09-24 15:20:21.157,NULL,0,NULL,NULL,NULL,NULL,NULL,NULL,NULL,NULL,Ocean Export,1,NULL,NULL,0,NULL,,NULL,NULL,NULL,NULL,1,0,,Inside Sales Group,NULL,NULL,NULL
3011,2025-09-24 00:00:00.000,INQ1022447,"Eagle Product Inspection, LLC",NULL,None,None,NULL,By Email,NULL,Auto Generated,NULL,NULL,NULL,NULL,NULL,0,NULL,2025-09-24 15:34:39.243,NULL,0,NULL,NULL,NULL,NULL,NULL,NULL,NULL,NULL,Ocean Export,1,NULL,NULL,0,NULL,,NULL,NULL,NULL,NULL,1,0,,Inside Sales Group,NULL,NULL,NULL
3012,2025-09-24 00:00:00.000,INQ1022449,Atkins & Pearce Inc.,NULL,None,None,NULL,By Email,NULL,Auto Generated,NULL,NULL,NULL,NULL,NULL,0,NULL,2025-09-24 15:55:32.173,NULL,0,NULL,NULL,NULL,NULL,NULL,NULL,NULL,NULL,Ocean Export,1,NULL,NULL,0,NULL,,NULL,NULL,NULL,NULL,1,0,,Inside Sales Group,NULL,NULL,NULL
3013,2025-09-24 00:00:00.000,INQ1022450,Red Ball Express Logistics LLC,NULL,None,None,NULL,By Email,NULL,Auto Generated,NULL,NULL,NULL,NULL,NULL,0,NULL,2025-09-24 22:47:55.427,NULL,0,NULL,NULL,NULL,NULL,NULL,NULL,NULL,NULL,Ocean Export,1,NULL,NULL,0,NULL,,NULL,NULL,NULL,NULL,1,0,,New Jersey (EWR),NULL,NULL,NULL
3014,2025-09-25 00:00:00.000,INQ1022454,M&J TOTAL TRANSPORT & RIGGING INC.,NULL,None,None,NULL,By Email,NULL,Auto Generated,NULL,NULL,NULL,NULL,NULL,0,NULL,2025-09-25 12:45:56.523,NULL,0,NULL,NULL,NULL,NULL,NULL,NULL,NULL,NULL,Ocean Export,1,NULL,NULL,0,NULL,,NULL,NULL,NULL,NULL,1,0,,MUMBAI (MUM),NULL,NULL,NULL
3015,2025-09-25 00:00:00.000,INQ1022459,QUALITY ASSURANCE TEAM D.O.O,NULL,None,None,NULL,By Email,NULL,Auto Generated,NULL,NULL,NULL,NULL,NULL,0,NULL,2025-09-25 16:11:04.277,NULL,0,NULL,NULL,NULL,NULL,NULL,NULL,NULL,NULL,Ocean Export,1,NULL,NULL,0,NULL,,NULL,NULL,NULL,NULL,1,0,,MUMBAI (MUM),NULL,NULL,NULL
3016,2025-09-25 00:00:00.000,INQ1022462,VIMAL AUTO INDUSTRIES,NULL,None,None,NULL,By Email,NULL,Auto Generated,NULL,NULL,NULL,NULL,NULL,0,NULL,2025-09-25 16:24:06.950,NULL,0,NULL,NULL,NULL,NULL,NULL,NULL,NULL,NULL,Ocean Export,1,NULL,NULL,0,NULL,,NULL,NULL,NULL,NULL,1,0,,MUMBAI (MUM),NULL,NULL,NULL
3017,2025-09-29 00:00:00.000,INQ1022486,Global Bridge USA,NULL,None,None,NULL,By Email,NULL,Auto Generated,NULL,NULL,NULL,NULL,NULL,0,NULL,2025-09-29 14:21:53.380,NULL,0,NULL,NULL,NULL,NULL,NULL,NULL,NULL,NULL,Ocean Export,1,NULL,NULL,0,NULL,,NULL,NULL,NULL,NULL,1,0,,New Jersey (EWR),NULL,NULL,NULL
3018,2025-09-29 00:00:00.000,INQ1022487,Texperience International,NULL,None,None,NULL,By Email,NULL,Auto Generated,NULL,NULL,NULL,NULL,NULL,0,NULL,2025-09-29 14:30:33.073,NULL,0,NULL,NULL,NULL,NULL,NULL,NULL,NULL,NULL,Ocean Export,1,NULL,NULL,0,NULL,,NULL,NULL,NULL,NULL,1,0,,New Jersey (EWR),NULL,NULL,NULL
3019,2025-09-29 00:00:00.000,INQ4042,Bany,2025-10-03 00:00:00.000,NEW YORK,Port Said,1,By Email,NULL,Testing,NULL,NULL,NULL,NULL,NULL,0,NULL,2025-09-29 15:20:29.780,NULL,0,NULL,NULL,USA,Egypt,NULL,NULL,NULL,NULL,Air Import,1,NULL,NULL,0,NULL,NULL,NULL,NULL,1,NULL,1,0,,New Jersey (EWR),NULL,15895,NULL
3020,2025-09-29 00:00:00.000,INQ1022494,"Cal Micro, Inc",NULL,None,None,NULL,By Email,NULL,Auto Generated,NULL,NULL,NULL,NULL,NULL,0,NULL,2025-09-29 16:36:08.407,NULL,0,NULL,NULL,NULL,NULL,NULL,NULL,NULL,NULL,Ocean Export,1,NULL,NULL,0,NULL,,NULL,NULL,NULL,NULL,1,0,,Sales & Marketing,NULL,NULL,NULL
3022,2025-09-30 00:00:00.000,INQ1022499,"Mid-Atlantic Lift System, Inc.",NULL,None,None,NULL,By Email,NULL,,NULL,NULL,NULL,NULL,NULL,0,NULL,2025-09-30 14:57:15.910,2025-11-03 08:12:03.683,0,NULL,NULL,NULL,NULL,NULL,NULL,NULL,NULL,Ocean Export,1,NULL,NULL,0,NULL,,NULL,NULL,NULL,NULL,1,0,,Sales & Marketing,NULL,NULL,NULL
3023,2025-10-01 00:00:00.000,INQ1022502,"Capital Recovery Group, LLC",NULL,None,None,NULL,By Email,NULL,Auto Generated,NULL,NULL,NULL,NULL,NULL,0,NULL,2025-10-01 09:14:00.553,NULL,1,NULL,NULL,NULL,NULL,NULL,NULL,NULL,NULL,Ocean Export,1,NULL,NULL,0,NULL,,duplicate entry,NULL,NULL,NULL,1,0,,Sales & Marketing,NULL,NULL,NULL
3024,2025-10-01 00:00:00.000,INQ1022505,Dr. Medhat,NULL,None,None,NULL,By Email,NULL,Auto Generated,NULL,NULL,NULL,NULL,NULL,0,NULL,2025-10-01 13:29:46.923,2025-10-01 13:31:10.400,0,NULL,NULL,NULL,NULL,NULL,NULL,NULL,NULL,Ocean Export,1,NULL,NULL,0,NULL,,NULL,NULL,NULL,NULL,1,0,,Sales & Marketing,NULL,NULL,NULL
3025,2025-10-01 00:00:00.000,INQ1022506,"Capital Recovery Group, LLC",NULL,None,None,NULL,By Email,NULL,HAs info will call us when she is ready for shipments busy and cant spend time on it now send info for him to review,NULL,NULL,NULL,NULL,NULL,0,NULL,2025-10-01 14:40:31.750,2025-11-21 13:06:58.780,0,NULL,NULL,NULL,NULL,NULL,NULL,NULL,NULL,Ocean Export,1,NULL,NULL,0,NULL,,NULL,NULL,NULL,NULL,1,0,,Sales & Marketing,NULL,NULL,NULL
3026,2025-10-01 00:00:00.000,INQ1022507,KIPRUTO NGETUNY,NULL,None,None,NULL,By Email,NULL,Auto Generated,NULL,NULL,NULL,NULL,NULL,0,NULL,2025-10-01 15:05:21.823,2025-10-01 15:15:07.493,0,NULL,NULL,NULL,NULL,NULL,NULL,NULL,NULL,Ocean Export,1,NULL,NULL,0,NULL,,NULL,NULL,NULL,NULL,1,0,,New Jersey (EWR),NULL,NULL,NULL
3027,2025-10-01 00:00:00.000,INQ1022509,"Capital Recovery Group, LLC",NULL,None,None,NULL,By Email,NULL,Auto Generated,NULL,NULL,NULL,NULL,NULL,0,NULL,2025-10-01 15:22:30.767,2025-10-01 16:23:58.380,0,NULL,NULL,NULL,NULL,NULL,NULL,NULL,NULL,Ocean Export,1,NULL,NULL,0,NULL,,NULL,NULL,NULL,NULL,1,0,,New Jersey (EWR),NULL,NULL,NULL
3028,2025-10-01 00:00:00.000,INQ1022510,AARON INDUSTRIAL SOLUTIONS,NULL,None,None,NULL,By Email,NULL,got vm lm send email,NULL,NULL,NULL,NULL,NULL,0,NULL,2025-10-01 15:45:46.450,2025-10-01 15:59:56.727,1,NULL,NULL,NULL,NULL,NULL,NULL,NULL,NULL,Ocean Export,1,NULL,NULL,0,NULL,,duplicate,NULL,NULL,NULL,1,0,,Sales & Marketing,NULL,NULL,NULL
3029,2025-10-02 00:00:00.000,INQ1022516,AM Beauty Distribution Inc.,NULL,None,None,NULL,By Email,NULL,Auto Generated,NULL,NULL,NULL,NULL,NULL,0,NULL,2025-10-02 01:26:03.270,NULL,0,NULL,NULL,NULL,NULL,NULL,NULL,NULL,NULL,Ocean Export,1,NULL,NULL,0,NULL,,NULL,NULL,NULL,NULL,1,0,,New Jersey (EWR),NULL,NULL,NULL
3030,2025-10-02 00:00:00.000,INQ1022517,CapEx Equipment Group,NULL,None,None,NULL,By Email,NULL,couldnt connect through phone whats app,NULL,NULL,NULL,NULL,NULL,0,NULL,2025-10-02 08:34:40.650,2025-10-02 10:39:45.920,0,NULL,NULL,NULL,NULL,NULL,NULL,NULL,NULL,Ocean Export,1,NULL,NULL,0,NULL,,NULL,NULL,NULL,NULL,1,0,,New Jersey (EWR),NULL,NULL,NULL
3031,2025-10-02 00:00:00.000,INQ1022518,CORPORATE ASSETS INC.,NULL,None,None,NULL,By Email,NULL,Auto Generated,NULL,NULL,NULL,NULL,NULL,0,NULL,2025-10-02 11:00:40.553,NULL,0,NULL,NULL,NULL,NULL,NULL,NULL,NULL,NULL,Ocean Export,1,NULL,NULL,0,NULL,,NULL,NULL,NULL,NULL,1,0,,New Jersey (EWR),NULL,NULL,NULL
3032,2025-10-02 00:00:00.000,INQ1022519,CORPORATE AUCTION GROUP,NULL,None,None,NULL,By Email,NULL,Auto Generated,NULL,NULL,NULL,NULL,NULL,0,NULL,2025-10-02 11:14:35.293,NULL,0,NULL,NULL,NULL,NULL,NULL,NULL,NULL,NULL,Ocean Export,1,NULL,NULL,0,NULL,,NULL,NULL,NULL,NULL,1,0,,New Jersey (EWR),NULL,NULL,NULL
3033,2025-10-03 00:00:00.000,INQ1022520,"Country Boys Auction & Realty Co., Inc",NULL,None,None,NULL,By Email,NULL,Owner is out today be back Monday send email with info currently no one promoted on their sites,NULL,NULL,NULL,NULL,NULL,0,NULL,2025-10-02 11:16:24.310,2025-10-03 10:49:09.203,0,NULL,NULL,NULL,NULL,NULL,NULL,NULL,NULL,Ocean Export,1,NULL,NULL,0,NULL,,NULL,NULL,NULL,NULL,1,0,,New Jersey (EWR),NULL,NULL,NULL
3034,2025-10-02 00:00:00.000,INQ1022522,"Equipment Hub Auctions, LLC",NULL,None,None,NULL,By Email,NULL,Currently use Armstrong Transport but sales does recomment others and abusiness office manager may be interested in 3%,NULL,NULL,NULL,NULL,NULL,0,NULL,2025-10-02 11:44:39.013,2025-10-03 10:02:35.710,0,NULL,NULL,NULL,NULL,NULL,NULL,NULL,NULL,Ocean Export,1,NULL,NULL,0,NULL,,NULL,NULL,NULL,NULL,1,0,,New Jersey (EWR),NULL,NULL,NULL
3035,2025-10-02 00:00:00.000,INQ1022523,Erkelens & Olson Auctioneers,NULL,None,None,NULL,By Email,NULL,Auto Generated,NULL,NULL,NULL,NULL,NULL,0,NULL,2025-10-02 11:46:12.080,NULL,0,NULL,NULL,NULL,NULL,NULL,NULL,NULL,NULL,Ocean Export,1,NULL,NULL,0,NULL,,NULL,NULL,NULL,NULL,1,0,,New Jersey (EWR),NULL,NULL,NULL
3036,2025-10-02 00:00:00.000,INQ1022524,"Fastline Auction, LLC",NULL,None,None,NULL,By Email,NULL,Auto Generated,NULL,NULL,NULL,NULL,NULL,0,NULL,2025-10-02 12:05:40.000,NULL,0,NULL,NULL,NULL,NULL,NULL,NULL,NULL,NULL,Ocean Export,1,NULL,NULL,0,NULL,,NULL,NULL,NULL,NULL,1,0,,New Jersey (EWR),NULL,NULL,NULL
3037,2025-10-02 00:00:00.000,INQ1022525,Furrow Auction Company,NULL,None,None,NULL,By Email,NULL,Auto Generated,NULL,NULL,NULL,NULL,NULL,0,NULL,2025-10-02 12:07:56.573,NULL,0,NULL,NULL,NULL,NULL,NULL,NULL,NULL,NULL,Ocean Export,1,NULL,NULL,0,NULL,,NULL,NULL,NULL,NULL,1,0,,New Jersey (EWR),NULL,NULL,NULL
3038,2025-10-02 00:00:00.000,INQ1022528,Kapalin LogiCare LLP,NULL,None,None,NULL,By Email,NULL,Auto Generated,NULL,NULL,NULL,NULL,NULL,0,NULL,2025-10-02 21:54:23.567,NULL,0,NULL,NULL,NULL,NULL,NULL,NULL,NULL,NULL,Ocean Export,1,NULL,NULL,0,NULL,,NULL,NULL,NULL,NULL,1,0,,New Jersey (EWR),NULL,NULL,NULL
3039,2025-10-02 00:00:00.000,INQ1022529,Saed Mubarak M M Alkhayarin,NULL,None,None,NULL,By Email,NULL,Auto Generated,NULL,NULL,NULL,NULL,NULL,0,NULL,2025-10-02 21:59:18.890,NULL,0,NULL,NULL,NULL,NULL,NULL,NULL,NULL,NULL,Ocean Export,1,NULL,NULL,0,NULL,,NULL,NULL,NULL,NULL,1,0,,New Jersey (EWR),NULL,NULL,NULL
3040,2025-10-02 00:00:00.000,INQ60113,"Country Boys Auction & Realty Co., Inc",NULL,None,None,NULL,By Email,NULL,"Most auction items the buyer hauls away that day by themselves - very few freight needs resend email follow up 6 months
follow up next week",NULL,NULL,NULL,NULL,NULL,0,NULL,2025-10-03 09:18:53.137,2025-10-31 07:41:16.873,0,NULL,NULL,NULL,NULL,NULL,NULL,NULL,NULL,Trucking Only,1,NULL,NULL,0,NULL,,NULL,NULL,NULL,NULL,1,0,,Sales & Marketing,NULL,NULL,NULL
3041,2025-10-02 00:00:00.000,INQ60114,"Equipment Hub Auctions, LLC",NULL,None,None,NULL,By Email,NULL,Armstrong Transport is recommended shipper but sales also recommend others,NULL,NULL,NULL,NULL,NULL,0,NULL,2025-10-03 10:00:07.890,2025-10-22 12:46:07.693,0,NULL,NULL,NULL,NULL,NULL,NULL,NULL,NULL,Trucking Only,1,NULL,NULL,0,NULL,,NULL,NULL,NULL,NULL,1,0,,Sales & Marketing,NULL,NULL,NULL
3042,2025-10-02 00:00:00.000,INQ60115,"Fastline Auction, LLC",NULL,None,None,NULL,By Email,NULL,Aaron  00-626-6409   877-338-1209 auctioninfo@fastline.com,NULL,NULL,NULL,NULL,NULL,0,NULL,2025-10-03 11:34:48.647,2025-12-08 16:03:19.040,0,NULL,NULL,NULL,NULL,NULL,NULL,NULL,NULL,Trucking Only,1,NULL,NULL,0,NULL,,NULL,NULL,NULL,NULL,1,0,,Sales & Marketing,NULL,NULL,NULL
3045,2025-10-06 00:00:00.000,INQ1022540,GRS Auction Services,NULL,None,None,NULL,By Email,NULL,10.7.25 local carriers st louis midwest logistics person info@grsauctions.com Shelly,NULL,NULL,NULL,NULL,NULL,0,NULL,2025-10-06 07:40:41.177,2025-12-01 10:14:19.370,0,NULL,NULL,NULL,NULL,NULL,NULL,NULL,NULL,Ocean Export,1,NULL,NULL,0,NULL,,NULL,NULL,NULL,NULL,1,0,,Sales & Marketing,NULL,NULL,NULL
3047,2025-10-06 00:00:00.000,INQ1022543,Farmer focus,NULL,None,None,NULL,By Email,NULL,Auto Generated,NULL,NULL,NULL,NULL,NULL,0,NULL,2025-10-06 10:47:19.653,NULL,0,NULL,NULL,NULL,NULL,NULL,NULL,NULL,NULL,Ocean Export,1,NULL,NULL,0,NULL,,NULL,NULL,NULL,NULL,1,0,,New Jersey (EWR),NULL,NULL,NULL
3048,2025-10-06 00:00:00.000,INQ1022546,"WORLDWIDE LINK CO.,LTD-DANANG BRANCH",NULL,None,None,NULL,By Email,NULL,Auto Generated,NULL,NULL,NULL,NULL,NULL,0,NULL,2025-10-06 16:00:43.640,NULL,0,NULL,NULL,NULL,NULL,NULL,NULL,NULL,NULL,Ocean Export,1,NULL,NULL,0,NULL,,NULL,NULL,NULL,NULL,1,0,,New Jersey (EWR),NULL,NULL,NULL
3049,2025-10-06 00:00:00.000,INQ1022548,Prestige Equipment Auctions,NULL,None,None,NULL,By Email,NULL,Auto Generated,NULL,NULL,NULL,NULL,NULL,0,NULL,2025-10-06 17:56:24.867,NULL,1,NULL,NULL,NULL,NULL,NULL,NULL,NULL,NULL,Ocean Export,1,NULL,NULL,0,NULL,,duplicate entry,NULL,NULL,NULL,1,0,,Sales & Marketing,NULL,NULL,NULL
3050,2025-10-06 00:00:00.000,INQ1022549,Prestige Equipment Auctions,NULL,None,None,NULL,By Email,NULL,10.22 Adam will call back    10.6.25 adam.herman@prestigeequipment.com multiple people that handle auctions,NULL,NULL,NULL,NULL,NULL,0,NULL,2025-10-06 17:57:36.387,2025-10-31 08:20:31.770,0,NULL,NULL,NULL,NULL,NULL,NULL,NULL,NULL,Ocean Export,1,NULL,NULL,0,NULL,,NULL,NULL,NULL,NULL,1,0,,Sales & Marketing,NULL,NULL,NULL
3051,2025-10-07 00:00:00.000,INQ1022554,WorldWide Logistics USA.,NULL,None,None,NULL,By Email,NULL,Auto Generated,NULL,NULL,NULL,NULL,NULL,0,NULL,2025-10-07 18:30:27.430,NULL,0,NULL,NULL,NULL,NULL,NULL,NULL,NULL,NULL,Ocean Export,1,NULL,NULL,0,NULL,,NULL,NULL,NULL,NULL,1,0,,New Jersey (EWR),NULL,NULL,NULL
3052,2025-10-07 00:00:00.000,INQ1022555,KMBOMI EXPORT LLC,NULL,None,None,NULL,By Email,NULL,Auto Generated,NULL,NULL,NULL,NULL,NULL,0,NULL,2025-10-07 22:43:06.220,NULL,0,NULL,NULL,NULL,NULL,NULL,NULL,NULL,NULL,Ocean Export,1,NULL,NULL,0,NULL,,NULL,NULL,NULL,NULL,1,0,,New Jersey (EWR),NULL,NULL,NULL
3053,2025-10-07 00:00:00.000,INQ1022556,ZAKARIA COMPUTERS,NULL,None,None,NULL,By Email,NULL,Auto Generated,NULL,NULL,NULL,NULL,NULL,0,NULL,2025-10-07 22:46:26.243,NULL,0,NULL,NULL,NULL,NULL,NULL,NULL,NULL,NULL,Ocean Export,1,NULL,NULL,0,NULL,,NULL,NULL,NULL,NULL,1,0,,MUMBAI (MUM),NULL,NULL,NULL
3054,2025-10-07 00:00:00.000,INQ1022557,INTEGRITY HOME EXTERIORS,NULL,None,None,NULL,By Email,NULL,Auto Generated,NULL,NULL,NULL,NULL,NULL,0,NULL,2025-10-07 22:50:41.457,NULL,0,NULL,NULL,NULL,NULL,NULL,NULL,NULL,NULL,Ocean Export,1,NULL,NULL,0,NULL,,NULL,NULL,NULL,NULL,1,0,,New Jersey (EWR),NULL,NULL,NULL
3055,2025-10-07 00:00:00.000,INQ1022558,GLOBAL FALCONS INC.,NULL,None,None,NULL,By Email,NULL,Auto Generated,NULL,NULL,NULL,NULL,NULL,0,NULL,2025-10-07 22:58:46.057,NULL,0,NULL,NULL,NULL,NULL,NULL,NULL,NULL,NULL,Ocean Export,1,NULL,NULL,0,NULL,,NULL,NULL,NULL,NULL,1,0,,New Jersey (EWR),NULL,NULL,NULL
3056,2025-10-07 00:00:00.000,INQ1022559,Atam Industry LLC,NULL,None,None,NULL,By Email,NULL,Auto Generated,NULL,NULL,NULL,NULL,NULL,0,NULL,2025-10-07 23:02:43.230,NULL,0,NULL,NULL,NULL,NULL,NULL,NULL,NULL,NULL,Ocean Export,1,NULL,NULL,0,NULL,,NULL,NULL,NULL,NULL,1,0,,New Jersey (EWR),NULL,NULL,NULL
3057,2025-10-07 00:00:00.000,INQ1022560,OBLS INTERNATIONAL LLC,NULL,None,None,NULL,By Email,NULL,Auto Generated,NULL,NULL,NULL,NULL,NULL,0,NULL,2025-10-07 23:04:35.263,NULL,0,NULL,NULL,NULL,NULL,NULL,NULL,NULL,NULL,Ocean Export,1,NULL,NULL,0,NULL,,NULL,NULL,NULL,NULL,1,0,,MUMBAI (MUM),NULL,NULL,NULL
3058,2025-10-07 00:00:00.000,INQ1022561,SHIP ALL FREIGHT CO. L.L.C.,NULL,None,None,NULL,By Email,NULL,Auto Generated,NULL,NULL,NULL,NULL,NULL,0,NULL,2025-10-07 23:11:06.557,NULL,0,NULL,NULL,NULL,NULL,NULL,NULL,NULL,NULL,Ocean Export,1,NULL,NULL,0,NULL,,NULL,NULL,NULL,NULL,1,0,,New Jersey (EWR),NULL,NULL,NULL
3059,2025-10-07 00:00:00.000,INQ1022562,GENERAL MASKINER MEXICO SA DE CV,NULL,None,None,NULL,By Email,NULL,Auto Generated,NULL,NULL,NULL,NULL,NULL,0,NULL,2025-10-07 23:15:05.820,NULL,0,NULL,NULL,NULL,NULL,NULL,NULL,NULL,NULL,Ocean Export,1,NULL,NULL,0,NULL,,NULL,NULL,NULL,NULL,1,0,,New Jersey (EWR),NULL,NULL,NULL
3060,2025-10-07 00:00:00.000,INQ1022563,CENTRIMEX AIR SERVICE,NULL,None,None,NULL,By Email,NULL,Auto Generated,NULL,NULL,NULL,NULL,NULL,0,NULL,2025-10-07 23:38:13.387,NULL,0,NULL,NULL,NULL,NULL,NULL,NULL,NULL,NULL,Ocean Export,1,NULL,NULL,0,NULL,,NULL,NULL,NULL,NULL,1,0,,New Jersey (EWR),NULL,NULL,NULL
3061,2025-10-07 00:00:00.000,INQ1022564,Glowizon LLC,NULL,None,None,NULL,By Email,NULL,Auto Generated,NULL,NULL,NULL,NULL,NULL,0,NULL,2025-10-07 23:47:01.317,NULL,0,NULL,NULL,NULL,NULL,NULL,NULL,NULL,NULL,Ocean Export,1,NULL,NULL,0,NULL,,NULL,NULL,NULL,NULL,1,0,,New Jersey (EWR),NULL,NULL,NULL
3062,2025-10-08 00:00:00.000,INQ1022565,GN FOODS (PVT) LTD,NULL,None,None,NULL,By Email,NULL,Auto Generated,NULL,NULL,NULL,NULL,NULL,0,NULL,2025-10-08 12:56:48.813,NULL,0,NULL,NULL,NULL,NULL,NULL,NULL,NULL,NULL,Ocean Export,1,NULL,NULL,0,NULL,,NULL,NULL,NULL,NULL,1,0,,Inside Sales Group,NULL,NULL,NULL
3063,2025-10-08 00:00:00.000,INQ1022566,HUB Logistics do Brasil,NULL,None,None,NULL,By Email,NULL,Auto Generated,NULL,NULL,NULL,NULL,NULL,0,NULL,2025-10-08 17:52:23.447,NULL,0,NULL,NULL,NULL,NULL,NULL,NULL,NULL,NULL,Ocean Export,1,NULL,NULL,0,NULL,,NULL,NULL,NULL,NULL,1,0,,New Jersey (EWR),NULL,NULL,NULL
3064,2025-10-08 00:00:00.000,INQ1022567,Viking Supply Net,NULL,None,None,NULL,By Email,NULL,Auto Generated,NULL,NULL,NULL,NULL,NULL,0,NULL,2025-10-08 17:57:35.363,NULL,0,NULL,NULL,NULL,NULL,NULL,NULL,NULL,NULL,Ocean Export,1,NULL,NULL,0,NULL,,NULL,NULL,NULL,NULL,1,0,,New Jersey (EWR),NULL,NULL,NULL
3065,2025-10-08 00:00:00.000,INQ1022568,V-ONE LOGISTICS WLL,NULL,None,None,NULL,By Email,NULL,Auto Generated,NULL,NULL,NULL,NULL,NULL,0,NULL,2025-10-08 18:02:04.797,NULL,0,NULL,NULL,NULL,NULL,NULL,NULL,NULL,NULL,Ocean Export,1,NULL,NULL,0,NULL,,NULL,NULL,NULL,NULL,1,0,,New Jersey (EWR),NULL,NULL,NULL
3066,2025-10-09 00:00:00.000,INQ1022570,NAVI MARES,NULL,None,None,NULL,By Email,NULL,Auto Generated,NULL,NULL,NULL,NULL,NULL,0,NULL,2025-10-09 11:17:44.830,NULL,0,NULL,NULL,NULL,NULL,NULL,NULL,NULL,NULL,Ocean Export,1,NULL,NULL,0,NULL,,NULL,NULL,NULL,NULL,1,0,,Inside Sales Group,NULL,NULL,NULL
3067,2025-10-10 00:00:00.000,INQ60117,Grupo Dermlun,NULL,None,None,NULL,By Email,NULL,N/A,NULL,NULL,NULL,NULL,NULL,0,NULL,2025-10-10 11:30:22.097,2025-10-10 11:30:53.153,0,NULL,NULL,NULL,NULL,NULL,NULL,NULL,NULL,Trucking Only,1,NULL,NULL,0,NULL,NULL,NULL,NULL,NULL,NULL,1,1,,New Jersey (EWR),NULL,NULL,NULL
3068,2025-10-10 00:00:00.000,INQ1022574,Cargo Care  Ltd,NULL,None,None,NULL,By Email,NULL,Auto Generated,NULL,NULL,NULL,NULL,NULL,0,NULL,2025-10-10 11:30:24.310,NULL,0,NULL,NULL,NULL,NULL,NULL,NULL,NULL,NULL,Ocean Export,1,NULL,NULL,0,NULL,,NULL,NULL,NULL,NULL,1,0,,New Jersey (EWR),NULL,NULL,NULL
3069,2025-10-10 00:00:00.000,INQ1022575,Grupo Dermlun,NULL,None,None,NULL,By Email,NULL,Auto Generated,NULL,NULL,NULL,NULL,NULL,0,NULL,2025-10-10 11:31:27.340,2025-10-10 11:32:00.217,0,NULL,NULL,NULL,NULL,NULL,NULL,NULL,NULL,Ocean Export,1,NULL,NULL,0,NULL,,NULL,NULL,NULL,NULL,1,1,,New Jersey (EWR),NULL,NULL,NULL
3070,2025-10-10 00:00:00.000,INQ1022576,Dermasoft Inc.,NULL,None,None,NULL,By Email,NULL,Auto Generated,NULL,NULL,NULL,NULL,NULL,0,NULL,2025-10-10 11:43:22.267,NULL,0,NULL,NULL,NULL,NULL,NULL,NULL,NULL,NULL,Ocean Export,1,NULL,NULL,0,NULL,,NULL,NULL,NULL,NULL,1,0,,New Jersey (EWR),NULL,NULL,NULL
3071,2025-10-10 00:00:00.000,INQ1022577,Al-Kazemi International Gen. Trading & Contracting,NULL,None,None,NULL,By Email,NULL,Auto Generated,NULL,NULL,NULL,NULL,NULL,0,NULL,2025-10-10 12:17:29.970,NULL,0,NULL,NULL,NULL,NULL,NULL,NULL,NULL,NULL,Ocean Export,1,NULL,NULL,0,NULL,,NULL,NULL,NULL,NULL,1,0,,New Jersey (EWR),NULL,NULL,NULL
3072,2025-10-10 00:00:00.000,INQ1022578,"Healthica Tibbi Sis San ve Tic, A.S.",NULL,None,None,NULL,By Email,NULL,Auto Generated,NULL,NULL,NULL,NULL,NULL,0,NULL,2025-10-10 13:24:02.017,NULL,0,NULL,NULL,NULL,NULL,NULL,NULL,NULL,NULL,Ocean Export,1,NULL,NULL,0,NULL,,NULL,NULL,NULL,NULL,1,0,,New Jersey (EWR),NULL,NULL,NULL
3073,2025-10-10 00:00:00.000,INQ1022579,Freight World Logistics Service LLC,NULL,None,None,NULL,By Email,NULL,Auto Generated,NULL,NULL,NULL,NULL,NULL,0,NULL,2025-10-10 13:26:43.153,NULL,0,NULL,NULL,NULL,NULL,NULL,NULL,NULL,NULL,Ocean Export,1,NULL,NULL,0,NULL,,NULL,NULL,NULL,NULL,1,0,,New Jersey (EWR),NULL,NULL,NULL
3074,2025-10-10 00:00:00.000,INQ1022580,Awal Express W.L.L.,NULL,None,None,NULL,By Email,NULL,Auto Generated,NULL,NULL,NULL,NULL,NULL,0,NULL,2025-10-10 13:31:53.837,NULL,0,NULL,NULL,NULL,NULL,NULL,NULL,NULL,NULL,Ocean Export,1,NULL,NULL,0,NULL,,NULL,NULL,NULL,NULL,1,0,,New Jersey (EWR),NULL,NULL,NULL
3075,2025-10-10 00:00:00.000,INQ1022581,Plugins Distribution Inc,NULL,None,None,NULL,By Email,NULL,Auto Generated,NULL,NULL,NULL,NULL,NULL,0,NULL,2025-10-10 13:34:29.407,NULL,0,NULL,NULL,NULL,NULL,NULL,NULL,NULL,NULL,Ocean Export,1,NULL,NULL,0,NULL,,NULL,NULL,NULL,NULL,1,0,,New Jersey (EWR),NULL,NULL,NULL
3076,2025-10-10 00:00:00.000,INQ1022582,Trans Atlantic Shipping L.L.C.,NULL,None,None,NULL,By Email,NULL,Auto Generated,NULL,NULL,NULL,NULL,NULL,0,NULL,2025-10-10 13:39:39.737,NULL,0,NULL,NULL,NULL,NULL,NULL,NULL,NULL,NULL,Ocean Export,1,NULL,NULL,0,NULL,,NULL,NULL,NULL,NULL,1,0,,New Jersey (EWR),NULL,NULL,NULL
3077,2025-10-10 00:00:00.000,INQ1022583,Ozara Shipping LLC,NULL,None,None,NULL,By Email,NULL,Auto Generated,NULL,NULL,NULL,NULL,NULL,0,NULL,2025-10-10 13:41:35.123,NULL,0,NULL,NULL,NULL,NULL,NULL,NULL,NULL,NULL,Ocean Export,1,NULL,NULL,0,NULL,,NULL,NULL,NULL,NULL,1,0,,New Jersey (EWR),NULL,NULL,NULL
3078,2025-10-10 00:00:00.000,INQ1022584,Edison Elettronica Srl,NULL,None,None,NULL,By Email,NULL,Auto Generated,NULL,NULL,NULL,NULL,NULL,0,NULL,2025-10-10 13:46:08.680,NULL,0,NULL,NULL,NULL,NULL,NULL,NULL,NULL,NULL,Ocean Export,1,NULL,NULL,0,NULL,,NULL,NULL,NULL,NULL,1,0,,New Jersey (EWR),NULL,NULL,NULL
3079,2025-10-10 00:00:00.000,INQ1022585,"Motor Purr, Inc.",NULL,None,None,NULL,By Email,NULL,Auto Generated,NULL,NULL,NULL,NULL,NULL,0,NULL,2025-10-10 13:48:18.753,NULL,0,NULL,NULL,NULL,NULL,NULL,NULL,NULL,NULL,Ocean Export,1,NULL,NULL,0,NULL,,NULL,NULL,NULL,NULL,1,0,,New Jersey (EWR),NULL,NULL,NULL
3080,2025-10-10 00:00:00.000,INQ1022586,Head Way Computers Trading LLC-Old,NULL,None,None,NULL,By Email,NULL,Auto Generated,NULL,NULL,NULL,NULL,NULL,0,NULL,2025-10-10 13:52:00.930,NULL,0,NULL,NULL,NULL,NULL,NULL,NULL,NULL,NULL,Ocean Export,1,NULL,NULL,0,NULL,,NULL,NULL,NULL,NULL,1,0,,MUMBAI (MUM),NULL,NULL,NULL
3081,2025-10-10 00:00:00.000,INQ1022589,Alrameh For Trading & Marking Co Inc.,NULL,None,None,NULL,By Email,NULL,Auto Generated,NULL,NULL,NULL,NULL,NULL,0,NULL,2025-10-10 18:03:36.003,NULL,0,NULL,NULL,NULL,NULL,NULL,NULL,NULL,NULL,Ocean Export,1,NULL,NULL,0,NULL,,NULL,NULL,NULL,NULL,1,0,,New Jersey (EWR),NULL,NULL,NULL
3082,2025-10-10 00:00:00.000,INQ1022590,Casia Glogal Logistics Private Limited,NULL,None,None,NULL,By Email,NULL,Auto Generated,NULL,NULL,NULL,NULL,NULL,0,NULL,2025-10-10 22:26:29.810,NULL,0,NULL,NULL,NULL,NULL,NULL,NULL,NULL,NULL,Ocean Export,1,NULL,NULL,0,NULL,,NULL,NULL,NULL,NULL,1,0,,New Jersey (EWR),NULL,NULL,NULL
3083,2025-10-16 00:00:00.000,INQ1022611,ONE TEAM EXPRESS PVT LTD,NULL,None,None,NULL,By Email,NULL,Auto Generated,NULL,NULL,NULL,NULL,NULL,0,NULL,2025-10-16 00:23:44.433,NULL,0,NULL,NULL,NULL,NULL,NULL,NULL,NULL,NULL,Ocean Export,1,NULL,NULL,0,NULL,,NULL,NULL,NULL,NULL,1,0,,New Jersey (EWR),NULL,NULL,NULL
3084,2025-10-16 00:00:00.000,INQ1022612,"OPT LOGISTICS CO.,LTD",NULL,None,None,NULL,By Email,NULL,Auto Generated,NULL,NULL,NULL,NULL,NULL,0,NULL,2025-10-16 00:47:09.573,NULL,0,NULL,NULL,NULL,NULL,NULL,NULL,NULL,NULL,Ocean Export,1,NULL,NULL,0,NULL,,NULL,NULL,NULL,NULL,1,0,,New Jersey (EWR),NULL,NULL,NULL
3085,2025-10-16 00:00:00.000,INQ1022615,Edge Shipping Services Stern Edge Freight Services,NULL,None,None,NULL,By Email,NULL,Auto Generated,NULL,NULL,NULL,NULL,NULL,0,NULL,2025-10-16 12:39:46.470,NULL,0,NULL,NULL,NULL,NULL,NULL,NULL,NULL,NULL,Ocean Export,1,NULL,NULL,0,NULL,,NULL,NULL,NULL,NULL,1,0,,New Jersey (EWR),NULL,NULL,NULL
3086,2025-10-16 00:00:00.000,INQ1022616,Mars Global Logistic Solutions SRL,NULL,None,None,NULL,By Email,NULL,Auto Generated,NULL,NULL,NULL,NULL,NULL,0,NULL,2025-10-16 14:56:36.047,NULL,0,NULL,NULL,NULL,NULL,NULL,NULL,NULL,NULL,Ocean Export,1,NULL,NULL,0,NULL,,NULL,NULL,NULL,NULL,1,0,,New Jersey (EWR),NULL,NULL,NULL
3087,2025-10-22 00:00:00.000,INQ1022636,Panam Imaging,2025-10-25 00:00:00.000,NEW YORK,Beirut,1,By Email,NULL,Used Medical Eqpt.,NULL,NULL,NULL,NULL,NULL,0,NULL,2025-10-22 13:12:02.320,NULL,0,NULL,NULL,USA,Lebanon,NULL,NULL,NULL,NULL,Ocean Export,1,NULL,NULL,0,NULL,NULL,NULL,NULL,1,NULL,1,0,EMAIL,Inside Sales Group,NULL,NULL,NULL
3088,2025-10-22 00:00:00.000,INQ1022639,Utah Rail Runners Inc.,NULL,None,None,NULL,By Email,NULL,Auto Generated,NULL,NULL,NULL,NULL,NULL,0,NULL,2025-10-22 13:14:55.203,NULL,0,NULL,NULL,NULL,NULL,NULL,NULL,NULL,NULL,Ocean Export,1,NULL,NULL,0,NULL,,NULL,NULL,NULL,NULL,1,0,,MUMBAI (MUM),NULL,NULL,NULL
3089,2025-10-24 00:00:00.000,INQ1022645,Ashman Company Auctioneers and Appraisers Inc.,NULL,None,None,NULL,By Email,NULL,Auto Generated,NULL,NULL,NULL,NULL,NULL,0,NULL,2025-10-24 13:55:54.233,NULL,1,NULL,NULL,NULL,NULL,NULL,NULL,NULL,NULL,Ocean Export,1,NULL,NULL,0,NULL,,Duplicate,NULL,NULL,NULL,1,0,,Sales & Marketing,NULL,NULL,NULL
3090,2025-10-24 00:00:00.000,INQ1022647,AuctionReady,NULL,None,None,NULL,By Email,NULL,David Serrano 281-702-4637 david@auctionreadyllc.com,NULL,NULL,NULL,NULL,NULL,0,NULL,2025-10-24 14:11:11.030,2025-12-05 10:13:00.253,0,NULL,NULL,NULL,NULL,NULL,NULL,NULL,NULL,Ocean Export,1,NULL,NULL,0,NULL,,NULL,NULL,NULL,NULL,1,0,,Sales & Marketing,NULL,NULL,NULL
3092,2025-10-27 00:00:00.000,INQ1022654,CNC Machines,NULL,None,None,NULL,By Email,NULL,Auto Generated,NULL,NULL,NULL,NULL,NULL,0,NULL,2025-10-27 15:20:52.870,NULL,0,NULL,NULL,NULL,NULL,NULL,NULL,NULL,NULL,Ocean Export,1,NULL,NULL,0,NULL,,NULL,NULL,NULL,NULL,1,0,,New Jersey (EWR),NULL,NULL,NULL
3093,2025-10-27 00:00:00.000,INQ1022656,"PROCESS PLANT & MACHINERY LTD,",NULL,None,None,NULL,By Email,NULL,Auto Generated,NULL,NULL,NULL,NULL,NULL,0,NULL,2025-10-27 16:22:40.503,2025-10-30 11:40:02.400,0,NULL,NULL,NULL,NULL,NULL,NULL,NULL,NULL,Ocean Export,1,NULL,NULL,0,NULL,,NULL,NULL,NULL,NULL,1,0,,Sales & Marketing,NULL,NULL,NULL
3094,2025-10-27 00:00:00.000,INQ1022657,ENO PLASTICS,NULL,None,None,NULL,By Email,NULL,Auto Generated,NULL,NULL,NULL,NULL,NULL,0,NULL,2025-10-27 16:31:00.287,NULL,0,NULL,NULL,NULL,NULL,NULL,NULL,NULL,NULL,Ocean Export,1,NULL,NULL,0,NULL,,NULL,NULL,NULL,NULL,1,0,,New Jersey (EWR),NULL,NULL,NULL
3095,2025-10-27 00:00:00.000,INQ1022658,Akron Dispersions,NULL,None,None,NULL,By Email,NULL,Auto Generated,NULL,NULL,NULL,NULL,NULL,0,NULL,2025-10-27 16:49:56.827,NULL,0,NULL,NULL,NULL,NULL,NULL,NULL,NULL,NULL,Ocean Export,1,NULL,NULL,0,NULL,,NULL,NULL,NULL,NULL,1,0,,Inside Sales Group,NULL,NULL,NULL
3097,2025-10-27 00:00:00.000,INQ1022659,J Z LOGISTICS,NULL,None,None,NULL,By Email,NULL,Auto Generated,NULL,NULL,NULL,NULL,NULL,0,NULL,2025-10-27 17:28:19.270,NULL,0,NULL,NULL,NULL,NULL,NULL,NULL,NULL,NULL,Ocean Export,1,NULL,NULL,0,NULL,,NULL,NULL,NULL,NULL,1,0,,Sales & Marketing,NULL,NULL,NULL
3098,2025-10-27 00:00:00.000,INQ1022660,GL SHIPPING LINE,NULL,None,None,NULL,By Email,NULL,needed rates,NULL,NULL,NULL,NULL,NULL,0,NULL,2025-10-27 17:45:58.657,NULL,0,NULL,NULL,NULL,NULL,NULL,NULL,NULL,NULL,Ocean Export,1,NULL,NULL,0,NULL,NULL,NULL,NULL,NULL,NULL,1,0,,New Jersey (EWR),NULL,NULL,NULL
3099,2025-10-28 00:00:00.000,INQ60118,ARIKAS LOGISTICS,NULL,None,None,NULL,By Email,NULL,Rate Request,NULL,NULL,NULL,NULL,NULL,0,NULL,2025-10-28 11:12:02.100,NULL,0,NULL,NULL,NULL,NULL,NULL,NULL,NULL,NULL,Trucking Only,1,NULL,NULL,0,NULL,NULL,NULL,NULL,NULL,NULL,1,0,,New Jersey (EWR),NULL,NULL,NULL
3100,2025-10-28 00:00:00.000,INQ1022661,"DOLE Ocean Cargo Express, LLC",2025-10-31 00:00:00.000,OAKLAND,Guayaquil,1,By Email,NULL,Quotes are valid for 30 days*,NULL,NULL,NULL,NULL,NULL,0,NULL,2025-10-28 11:46:19.563,NULL,0,NULL,NULL,USA,Ecuador,NULL,NULL,NULL,NULL,Ocean Export,1,NULL,NULL,0,NULL,NULL,NULL,NULL,1,19442,1,0,EMAIL,New Jersey (EWR),NULL,NULL,NULL
3101,2025-10-28 00:00:00.000,INQ1022662,"DOLE Ocean Cargo Express, LLC",2025-10-31 00:00:00.000,OAKLAND,Guayaquil,1,By Email,NULL,"Strawberry plants :	Temperate: 27° F (-2.77° C)",NULL,NULL,NULL,NULL,NULL,0,NULL,2025-10-28 12:09:48.590,NULL,0,NULL,NULL,USA,Ecuador,NULL,NULL,NULL,NULL,Ocean Export,1,NULL,NULL,0,NULL,NULL,NULL,NULL,1,19442,1,0,EMAIL,New Jersey (EWR),NULL,NULL,NULL
3102,2025-10-28 00:00:00.000,INQ60119,Sean Simmons,NULL,None,None,NULL,By Email,NULL,Rate Request,NULL,NULL,NULL,NULL,NULL,0,NULL,2025-10-28 12:39:52.187,NULL,0,NULL,NULL,NULL,NULL,NULL,NULL,NULL,NULL,Trucking Only,1,NULL,NULL,0,NULL,NULL,NULL,NULL,NULL,NULL,1,0,,New Jersey (EWR),NULL,NULL,NULL
3105,2025-10-28 00:00:00.000,INQ1022670,Grupo Dermlun GD CO Adrian Almonte,NULL,None,None,NULL,By Email,NULL,Auto Generated,NULL,NULL,NULL,NULL,NULL,0,NULL,2025-10-28 16:13:54.307,NULL,0,NULL,NULL,NULL,NULL,NULL,NULL,NULL,NULL,Ocean Export,1,NULL,NULL,0,NULL,,NULL,NULL,NULL,NULL,1,0,,New Jersey (EWR),NULL,NULL,NULL
3108,2025-10-29 00:00:00.000,INQ1022675,Integrated Sorting Technologies,NULL,None,None,NULL,By Email,NULL,Pending Quote approval,NULL,NULL,NULL,NULL,NULL,0,NULL,2025-10-29 10:22:15.470,NULL,0,NULL,NULL,NULL,NULL,NULL,NULL,NULL,NULL,Ocean Export,1,NULL,NULL,0,NULL,NULL,NULL,NULL,1,19446,1,0,,New Jersey (EWR),NULL,NULL,NULL
3110,2025-10-29 00:00:00.000,INQ1022682,SM Polymers Inc.,NULL,None,None,NULL,By Email,NULL,Auto Generated,NULL,NULL,NULL,NULL,NULL,0,NULL,2025-10-29 13:37:55.420,NULL,0,NULL,NULL,NULL,NULL,NULL,NULL,NULL,NULL,Ocean Export,1,NULL,NULL,0,NULL,,NULL,NULL,NULL,NULL,1,0,,New Jersey (EWR),NULL,NULL,NULL
3111,2025-10-29 00:00:00.000,INQ1022688,Fuyin International Limited,NULL,None,None,NULL,By Email,NULL,Auto Generated,NULL,NULL,NULL,NULL,NULL,0,NULL,2025-10-29 15:34:09.730,NULL,0,NULL,NULL,NULL,NULL,NULL,NULL,NULL,NULL,Ocean Export,1,NULL,NULL,0,NULL,,NULL,NULL,NULL,NULL,1,0,,MUMBAI (MUM),NULL,NULL,NULL
3112,2025-10-30 00:00:00.000,INQ1022692,TEST2,NULL,None,None,NULL,By Email,NULL,in,NULL,NULL,NULL,NULL,NULL,0,NULL,2025-10-30 08:48:10.920,2025-11-07 09:45:35.023,0,NULL,NULL,NULL,NULL,NULL,NULL,NULL,NULL,Ocean Export,1,NULL,NULL,0,NULL,123456,NULL,NULL,NULL,NULL,1,NULL,s,CAIRO (CAI),NULL,NULL,NULL
3114,2025-10-30 00:00:00.000,INQ1022694,TEL: 852-952-46660  FAX: 852-318-65970,NULL,None,None,NULL,By Email,NULL,t,NULL,NULL,NULL,NULL,NULL,0,NULL,2025-10-30 09:35:37.993,NULL,0,NULL,NULL,NULL,NULL,NULL,NULL,NULL,NULL,Ocean Export,1,NULL,NULL,0,NULL,NULL,NULL,NULL,2,NULL,1,0,,CAIRO (CAI),NULL,NULL,NULL
3118,2025-10-30 00:00:00.000,INQ1022701,Global Express International,NULL,None,None,NULL,By Email,NULL,Auto Generated,NULL,NULL,NULL,NULL,NULL,0,NULL,2025-10-30 15:20:54.727,NULL,0,NULL,NULL,NULL,NULL,NULL,NULL,NULL,NULL,Ocean Export,1,NULL,NULL,0,NULL,,NULL,NULL,NULL,NULL,1,0,,New Jersey (EWR),NULL,NULL,NULL
3119,2025-10-30 00:00:00.000,INQ1022702,ORCA MACHINE TOOLS INC.,NULL,None,None,NULL,By Email,NULL,Auto Generated,NULL,NULL,NULL,NULL,NULL,0,NULL,2025-10-30 17:15:23.407,NULL,0,NULL,NULL,NULL,NULL,NULL,NULL,NULL,NULL,Ocean Export,1,NULL,NULL,0,NULL,,NULL,NULL,NULL,NULL,1,0,,Sales & Marketing,NULL,NULL,NULL
3120,2025-10-30 00:00:00.000,INQ1022703,Super Middle East Freight & Logistics Co. W.L.L.,NULL,None,None,NULL,By Email,NULL,Auto Generated,NULL,NULL,NULL,NULL,NULL,0,NULL,2025-10-30 18:06:22.130,NULL,0,NULL,NULL,NULL,NULL,NULL,NULL,NULL,NULL,Ocean Export,1,NULL,NULL,0,NULL,,NULL,NULL,NULL,NULL,1,0,,New Jersey (EWR),NULL,NULL,NULL
3121,2025-10-30 00:00:00.000,INQ1022704,Industrial Hoisting Services,NULL,None,None,NULL,By Email,NULL,Auto Generated,NULL,NULL,NULL,NULL,NULL,0,NULL,2025-10-30 18:25:42.970,NULL,0,NULL,NULL,NULL,NULL,NULL,NULL,NULL,NULL,Ocean Export,1,NULL,NULL,0,NULL,,NULL,NULL,NULL,NULL,1,0,,Sales & Marketing,NULL,NULL,NULL
3122,2025-10-31 00:00:00.000,INQ1022705,RIGGING GEAR SALES,NULL,None,None,NULL,By Email,NULL,Auto Generated,NULL,NULL,NULL,NULL,NULL,0,NULL,2025-10-31 10:17:43.580,NULL,0,NULL,NULL,NULL,NULL,NULL,NULL,NULL,NULL,Ocean Export,1,NULL,NULL,0,NULL,,NULL,NULL,NULL,NULL,1,0,,New Jersey (EWR),NULL,NULL,NULL
3123,2025-10-31 00:00:00.000,INQ1022707,"TRANSTAR MACHINE, LLC",NULL,None,None,NULL,By Email,NULL,Auto Generated,NULL,NULL,NULL,NULL,NULL,0,NULL,2025-10-31 11:34:51.680,NULL,0,NULL,NULL,NULL,NULL,NULL,NULL,NULL,NULL,Ocean Export,1,NULL,NULL,0,NULL,,NULL,NULL,NULL,NULL,1,0,,Sales & Marketing,NULL,NULL,NULL
3124,2025-11-03 00:00:00.000,INQ1022720,Checkmate Rigging Inc,NULL,None,None,NULL,By Email,NULL,"Very interested will speak to bookeeper and get info posted 
associated with KD Auctions",NULL,NULL,NULL,NULL,NULL,0,NULL,2025-11-03 08:02:36.067,2025-11-20 16:09:07.370,0,NULL,NULL,NULL,NULL,NULL,NULL,NULL,NULL,Ocean Export,1,NULL,NULL,0,NULL,,NULL,NULL,NULL,NULL,1,0,,Sales & Marketing,NULL,NULL,NULL
3125,2025-11-03 00:00:00.000,INQ1022721,RIGGING GEAR SALES,NULL,None,None,NULL,By Email,NULL,Not interested long standing relationship referred to us from Travis at Mid- Atlantic,NULL,NULL,NULL,NULL,NULL,0,NULL,2025-11-03 08:15:54.280,2025-11-03 08:18:12.780,0,NULL,NULL,NULL,NULL,NULL,NULL,NULL,NULL,Ocean Export,1,NULL,NULL,0,NULL,,NULL,NULL,NULL,NULL,1,0,,Sales & Marketing,NULL,NULL,NULL
3126,2025-11-03 00:00:00.000,INQ1022723,JZ Logistics Ltd,NULL,None,None,NULL,By Email,NULL,Auto Generated,NULL,NULL,NULL,NULL,NULL,0,NULL,2025-11-03 10:15:23.737,NULL,0,NULL,NULL,NULL,NULL,NULL,NULL,NULL,NULL,Ocean Export,1,NULL,NULL,0,NULL,,NULL,NULL,NULL,NULL,1,0,,New Jersey (EWR),NULL,NULL,NULL
3127,2025-11-03 00:00:00.000,INQ1022725,Ashman Company Auctioneers & Appraisers Inc,NULL,None,None,NULL,By Email,NULL,Auto Generated,NULL,NULL,NULL,NULL,NULL,0,NULL,2025-11-03 12:56:54.843,NULL,1,NULL,NULL,NULL,NULL,NULL,NULL,NULL,NULL,Ocean Export,1,NULL,NULL,0,NULL,,Duplicate,NULL,NULL,NULL,1,0,,Sales & Marketing,NULL,NULL,NULL
3128,2025-09-19 00:00:00.000,INQ60121,G.W. Kittrell Auctions,NULL,None,None,NULL,By Email,NULL,10.20 Listed on website auction 10.14.25 Allison Kittrell info@gwkittrellauctions.com driving to texas will be in PA next week send info follow up next week,NULL,NULL,NULL,NULL,NULL,0,NULL,2025-11-03 14:38:59.590,NULL,1,NULL,NULL,NULL,NULL,NULL,NULL,NULL,NULL,Trucking Only,1,NULL,NULL,0,NULL,,Duplicate,NULL,NULL,NULL,1,0,,Sales & Marketing,NULL,NULL,NULL
3129,2025-11-04 00:00:00.000,INQ1022731,Fornazor,NULL,None,None,NULL,By Email,NULL,Have own inhouse freight forwarding,NULL,NULL,NULL,NULL,NULL,0,NULL,2025-11-04 09:47:43.217,2025-11-20 15:51:18.837,0,NULL,NULL,NULL,NULL,NULL,NULL,NULL,NULL,Ocean Export,1,NULL,NULL,0,NULL,,NULL,NULL,NULL,NULL,1,0,HH Met had card,Sales & Marketing,NULL,NULL,NULL
3130,2025-11-04 00:00:00.000,INQ1022732,Fornazor,NULL,None,None,NULL,By Email,NULL,Auto Generated,NULL,NULL,NULL,NULL,NULL,0,NULL,2025-11-04 09:48:29.640,NULL,1,NULL,NULL,NULL,NULL,NULL,NULL,NULL,NULL,Ocean Export,1,NULL,NULL,0,NULL,,Duplicate,NULL,NULL,NULL,1,0,,Sales & Marketing,NULL,NULL,NULL
3131,2025-11-04 00:00:00.000,INQ1022733,Fornazor,NULL,None,None,NULL,By Email,NULL,Auto Generated,NULL,NULL,NULL,NULL,NULL,0,NULL,2025-11-04 09:48:43.403,NULL,1,NULL,NULL,NULL,NULL,NULL,NULL,NULL,NULL,Ocean Export,1,NULL,NULL,0,NULL,,Duplicate,NULL,NULL,NULL,1,0,,Sales & Marketing,NULL,NULL,NULL
3132,2025-11-04 00:00:00.000,INQ1022735,Welch Foods Inc.,NULL,None,None,NULL,By Email,NULL,We have been moving this company products (Juices) to West Africa since last couple of years  we got this business through on of our Lebanon based freight forwarder.,NULL,NULL,NULL,NULL,NULL,0,NULL,2025-11-04 13:57:19.663,2025-11-20 15:58:03.510,0,NULL,NULL,NULL,NULL,NULL,NULL,NULL,NULL,Ocean Export,1,NULL,NULL,0,NULL,,NULL,NULL,NULL,NULL,1,0,,Sales & Marketing,NULL,NULL,NULL
3133,2025-11-05 00:00:00.000,INQ1022751,"SHENZHEN OWIN LOGISTICS CO.,LTD.",NULL,None,None,NULL,By Email,NULL,Auto Generated,NULL,NULL,NULL,NULL,NULL,0,NULL,2025-11-05 11:03:20.677,NULL,0,NULL,NULL,NULL,NULL,NULL,NULL,NULL,NULL,Ocean Export,1,NULL,NULL,0,NULL,,NULL,NULL,NULL,NULL,1,0,,New Jersey (EWR),NULL,NULL,NULL
3134,2025-11-05 00:00:00.000,INQ1022755,Dominican Island Oil Corp,NULL,None,None,NULL,By Email,NULL,Auto Generated,NULL,NULL,NULL,NULL,NULL,0,NULL,2025-11-05 13:21:14.020,2025-11-05 13:22:44.103,0,NULL,NULL,NULL,NULL,NULL,NULL,NULL,NULL,Ocean Export,1,NULL,NULL,0,NULL,,NULL,NULL,NULL,NULL,1,0,,New Jersey (EWR),NULL,NULL,NULL
3136,2025-11-06 00:00:00.000,INQ1022769,Ahmed Turab,NULL,None,None,NULL,By Email,NULL,Auto Generated,NULL,NULL,NULL,NULL,NULL,0,NULL,2025-11-06 13:08:35.300,NULL,0,NULL,NULL,NULL,NULL,NULL,NULL,NULL,NULL,Ocean Export,1,NULL,NULL,0,NULL,,NULL,NULL,NULL,NULL,1,0,,New Jersey (EWR),NULL,NULL,NULL
3137,2025-11-07 00:00:00.000,INQ1022771,SUNIMEX IMPORT EXPORT SERVICE TRADING COMPANY LIMI,NULL,None,None,NULL,By Email,NULL,Auto Generated,NULL,NULL,NULL,NULL,NULL,0,NULL,2025-11-07 09:23:33.213,NULL,0,NULL,NULL,NULL,NULL,NULL,NULL,NULL,NULL,Ocean Export,1,NULL,NULL,0,NULL,,NULL,NULL,NULL,NULL,1,0,,MUMBAI (MUM),NULL,NULL,NULL
3138,2025-11-10 00:00:00.000,INQ1022783,ROYAL CROWN INTERNATIONAL EXP AND IMPORT CO.WLL,NULL,None,None,NULL,By Email,NULL,Auto Generated,NULL,NULL,NULL,NULL,NULL,0,NULL,2025-11-10 18:00:10.297,NULL,0,NULL,NULL,NULL,NULL,NULL,NULL,NULL,NULL,Ocean Export,1,NULL,NULL,0,NULL,,NULL,NULL,NULL,NULL,1,0,,New Jersey (EWR),NULL,NULL,NULL
3139,2025-11-10 00:00:00.000,INQ1022784,"Tooling & Equipment, Inc.",NULL,None,None,NULL,By Email,NULL,Auto Generated,NULL,NULL,NULL,NULL,NULL,0,NULL,2025-11-10 18:17:34.213,NULL,0,NULL,NULL,NULL,NULL,NULL,NULL,NULL,NULL,Ocean Export,1,NULL,NULL,0,NULL,,NULL,NULL,NULL,NULL,1,0,,New Jersey (EWR),NULL,NULL,NULL
3140,2025-11-12 00:00:00.000,INQ1022793,CNC Machines,NULL,None,None,NULL,By Email,NULL,not interested have inhouse shipping company,NULL,NULL,NULL,NULL,NULL,0,NULL,2025-11-12 11:30:13.050,2025-11-12 12:00:00.203,0,NULL,NULL,NULL,NULL,NULL,NULL,NULL,NULL,Ocean Export,1,NULL,NULL,0,NULL,,NULL,NULL,NULL,NULL,1,0,,Sales & Marketing,NULL,NULL,NULL
3141,2025-11-12 00:00:00.000,INQ1022799,SAI,NULL,None,None,NULL,By Email,NULL,Auto Generated,NULL,NULL,NULL,NULL,NULL,0,NULL,2025-11-12 15:28:48.760,NULL,0,NULL,NULL,NULL,NULL,NULL,NULL,NULL,NULL,Ocean Export,1,NULL,NULL,0,NULL,,NULL,NULL,NULL,NULL,1,0,,New Jersey (EWR),NULL,NULL,NULL
3142,2025-11-13 00:00:00.000,INQ1022803,Highland Industries,NULL,None,None,NULL,By Email,NULL,Not interested Have things in place,NULL,NULL,NULL,NULL,NULL,0,NULL,2025-11-13 11:08:36.830,2025-11-13 11:24:44.483,0,NULL,NULL,NULL,NULL,NULL,NULL,NULL,NULL,Ocean Export,1,NULL,NULL,0,NULL,,NULL,NULL,NULL,NULL,1,0,,Sales & Marketing,NULL,NULL,NULL
3143,2025-11-14 00:00:00.000,INQ1022812,Accudyn Products Inc.,NULL,None,None,NULL,By Email,NULL,Auto Generated,NULL,NULL,NULL,NULL,NULL,0,NULL,2025-11-14 14:48:50.880,NULL,0,NULL,NULL,NULL,NULL,NULL,NULL,NULL,NULL,Ocean Export,1,NULL,NULL,0,NULL,,NULL,NULL,NULL,NULL,1,0,,MUMBAI (MUM),NULL,NULL,NULL
3144,2025-11-14 00:00:00.000,INQ1022816,ITW  APPLIANCE COMPONENTS,NULL,None,None,NULL,By Email,NULL,Auto Generated,NULL,NULL,NULL,NULL,NULL,0,NULL,2025-11-14 19:37:11.980,NULL,0,NULL,NULL,NULL,NULL,NULL,NULL,NULL,NULL,Ocean Export,1,NULL,NULL,0,NULL,,NULL,NULL,NULL,NULL,1,0,,New Jersey (EWR),NULL,NULL,NULL
3151,2025-11-17 00:00:00.000,INQ1022836,Wilbur Products,NULL,None,None,NULL,By Email,NULL,Auto Generated,NULL,NULL,NULL,NULL,NULL,0,NULL,2025-11-17 15:25:50.437,NULL,0,NULL,NULL,NULL,NULL,NULL,NULL,NULL,NULL,Ocean Export,1,NULL,NULL,0,NULL,,NULL,NULL,NULL,NULL,1,0,,New Jersey (EWR),NULL,NULL,NULL
3152,2025-11-17 00:00:00.000,INQ1022837,Global machine hub,NULL,None,None,NULL,By Email,NULL,Auto Generated,NULL,NULL,NULL,NULL,NULL,0,NULL,2025-11-17 15:31:55.460,NULL,0,NULL,NULL,NULL,NULL,NULL,NULL,NULL,NULL,Ocean Export,1,NULL,NULL,0,NULL,,NULL,NULL,NULL,NULL,1,0,,New Jersey (EWR),NULL,NULL,NULL
3153,2025-11-18 00:00:00.000,INQ1022847,TJI USED AUTO SPARE PARTS LLC,NULL,None,None,NULL,By Email,NULL,Auto Generated,NULL,NULL,NULL,NULL,NULL,0,NULL,2025-11-18 14:49:54.680,NULL,0,NULL,NULL,NULL,NULL,NULL,NULL,NULL,NULL,Ocean Export,1,NULL,NULL,0,NULL,,NULL,NULL,NULL,NULL,1,0,,MUMBAI (MUM),NULL,NULL,NULL
3154,2025-11-19 00:00:00.000,INQ1022852,CoLine Welding,NULL,None,None,NULL,By Email,NULL,Auto Generated,NULL,NULL,NULL,NULL,NULL,0,NULL,2025-11-19 14:08:29.687,NULL,0,NULL,NULL,NULL,NULL,NULL,NULL,NULL,NULL,Ocean Export,1,NULL,NULL,0,NULL,,NULL,NULL,NULL,NULL,1,0,,New Jersey (EWR),NULL,NULL,NULL
3155,2025-11-19 00:00:00.000,INQ1022854,IAN,NULL,None,None,NULL,By Email,NULL,Auto Generated,NULL,NULL,NULL,NULL,NULL,0,NULL,2025-11-19 16:18:35.800,NULL,0,NULL,NULL,NULL,NULL,NULL,NULL,NULL,NULL,Ocean Export,1,NULL,NULL,0,NULL,,NULL,NULL,NULL,NULL,1,0,,New Jersey (EWR),NULL,NULL,NULL
3156,2025-11-20 00:00:00.000,INQ1022858,JFS INTERNATIONAL,NULL,None,None,NULL,By Email,NULL,Auto Generated,NULL,NULL,NULL,NULL,NULL,0,NULL,2025-11-20 09:42:08.650,NULL,0,NULL,NULL,NULL,NULL,NULL,NULL,NULL,NULL,Ocean Export,1,NULL,NULL,0,NULL,,NULL,NULL,NULL,NULL,1,0,,New Jersey (EWR),NULL,NULL,NULL
3157,2025-11-20 00:00:00.000,INQ60126,Sego Industrial Services,NULL,None,None,NULL,By Email,NULL,sean@segoservices.com : (262) 383-0389 Intergra,NULL,NULL,NULL,NULL,NULL,0,NULL,2025-11-20 09:47:22.067,2025-12-23 11:20:40.157,0,NULL,NULL,NULL,NULL,NULL,NULL,NULL,NULL,Trucking Only,1,NULL,NULL,0,NULL,NULL,NULL,NULL,NULL,NULL,1,0,,Sales & Marketing,NULL,NULL,NULL
3158,2025-11-20 00:00:00.000,INQ1022860,WDBELTING & CO,NULL,None,None,NULL,By Email,NULL,Auto Generated,NULL,NULL,NULL,NULL,NULL,0,NULL,2025-11-20 14:48:11.650,NULL,0,NULL,NULL,NULL,NULL,NULL,NULL,NULL,NULL,Ocean Export,1,NULL,NULL,0,NULL,,NULL,NULL,NULL,NULL,1,0,,New Jersey (EWR),NULL,NULL,NULL
3159,2025-11-20 00:00:00.000,INQ1022867,Enlivened Tech,NULL,None,None,NULL,By Email,NULL,"Used to be BBC It appears that last we communicated was in Feb, 2020. I am not sure after that we did any business or not. But this should be a good customer for airfreight.",NULL,NULL,NULL,NULL,NULL,0,NULL,2025-11-20 17:28:34.427,2025-11-20 17:37:23.903,0,NULL,NULL,NULL,NULL,NULL,NULL,NULL,NULL,Ocean Export,1,NULL,NULL,0,NULL,,NULL,NULL,NULL,NULL,1,0,,Sales & Marketing,NULL,NULL,NULL
3160,2025-11-21 00:00:00.000,INQ1022873,Global For Import And Export,NULL,None,None,NULL,By Email,NULL,"Mohammed Emam  201010056227 Company:   Address: Elgomoheria building, Elsalam City, Cairo, Egypt
Postal code:11511 Phone: 201010056227 Globalph204@gmail.com",NULL,NULL,NULL,NULL,NULL,0,NULL,2025-11-21 11:05:31.550,2025-12-09 10:08:01.520,0,NULL,NULL,NULL,NULL,NULL,NULL,NULL,NULL,Ocean Export,1,NULL,NULL,0,NULL,,NULL,NULL,NULL,NULL,1,0,,Sales & Marketing,NULL,NULL,NULL
3161,2025-11-21 00:00:00.000,INQ1022874,Collis Toolholder Corp.,NULL,None,None,NULL,By Email,NULL,Auto Generated,NULL,NULL,NULL,NULL,NULL,0,NULL,2025-11-21 11:11:58.453,NULL,0,NULL,NULL,NULL,NULL,NULL,NULL,NULL,NULL,Ocean Export,1,NULL,NULL,0,NULL,,NULL,NULL,NULL,NULL,1,0,,New Jersey (EWR),NULL,NULL,NULL
3162,2025-11-21 00:00:00.000,INQ1022875,"North Star Packing Co,",NULL,None,None,NULL,By Email,NULL,Auto Generated,NULL,NULL,NULL,NULL,NULL,0,NULL,2025-11-21 11:53:27.090,NULL,0,NULL,NULL,NULL,NULL,NULL,NULL,NULL,NULL,Ocean Export,1,NULL,NULL,0,NULL,,NULL,NULL,NULL,NULL,1,0,,Sales & Marketing,NULL,NULL,NULL
3163,2025-11-21 00:00:00.000,INQ1022876,Nutmeg Cultivators,NULL,None,None,NULL,By Email,NULL,Auto Generated,NULL,NULL,NULL,NULL,NULL,0,NULL,2025-11-21 12:00:10.167,NULL,0,NULL,NULL,NULL,NULL,NULL,NULL,NULL,NULL,Ocean Export,1,NULL,NULL,0,NULL,,NULL,NULL,NULL,NULL,1,0,,Sales & Marketing,NULL,NULL,NULL
3164,2025-11-21 00:00:00.000,INQ1022878,"G-2000, Inc.",NULL,None,None,NULL,By Email,NULL,,NULL,NULL,NULL,NULL,NULL,0,NULL,2025-11-21 13:44:58.770,2025-11-21 14:06:08.397,0,NULL,NULL,NULL,NULL,NULL,NULL,NULL,NULL,Ocean Export,1,NULL,NULL,0,NULL,,NULL,NULL,NULL,NULL,1,0,,Sales & Marketing,NULL,NULL,NULL
3165,2025-11-21 00:00:00.000,INQ1022883,Peruvian Imports,NULL,None,None,NULL,By Email,NULL,Auto Generated,NULL,NULL,NULL,NULL,NULL,0,NULL,2025-11-21 15:31:21.443,NULL,0,NULL,NULL,NULL,NULL,NULL,NULL,NULL,NULL,Ocean Export,1,NULL,NULL,0,NULL,,NULL,NULL,NULL,NULL,1,0,,Sales & Marketing,NULL,NULL,NULL
3166,2025-11-21 00:00:00.000,INQ1022884,Precise Power Systems,NULL,None,None,NULL,By Email,NULL,Auto Generated,NULL,NULL,NULL,NULL,NULL,0,NULL,2025-11-21 15:39:36.170,NULL,0,NULL,NULL,NULL,NULL,NULL,NULL,NULL,NULL,Ocean Export,1,NULL,NULL,0,NULL,,NULL,NULL,NULL,NULL,1,0,,Sales & Marketing,NULL,NULL,NULL
3167,2025-11-21 00:00:00.000,INQ1022886,Pyramid Equipment,NULL,None,None,NULL,By Email,NULL,Auto Generated,NULL,NULL,NULL,NULL,NULL,0,NULL,2025-11-21 15:44:55.197,NULL,0,NULL,NULL,NULL,NULL,NULL,NULL,NULL,NULL,Ocean Export,1,NULL,NULL,0,NULL,,NULL,NULL,NULL,NULL,1,0,,Sales & Marketing,NULL,NULL,NULL
3168,2025-11-21 00:00:00.000,INQ1022887,Rupe Enterprises LLC,NULL,None,None,NULL,By Email,NULL,Auto Generated,NULL,NULL,NULL,NULL,NULL,0,NULL,2025-11-21 17:33:11.370,NULL,0,NULL,NULL,NULL,NULL,NULL,NULL,NULL,NULL,Ocean Export,1,NULL,NULL,0,NULL,,NULL,NULL,NULL,NULL,1,0,,Sales & Marketing,NULL,NULL,NULL
3169,2025-11-21 00:00:00.000,INQ1022888,SIGMA Group,NULL,None,None,NULL,By Email,NULL,Auto Generated,NULL,NULL,NULL,NULL,NULL,0,NULL,2025-11-21 17:40:55.543,NULL,0,NULL,NULL,NULL,NULL,NULL,NULL,NULL,NULL,Ocean Export,1,NULL,NULL,0,NULL,,NULL,NULL,NULL,NULL,1,0,,Sales & Marketing,NULL,NULL,NULL
3170,2025-11-21 00:00:00.000,INQ1022889,TECHNO STORE LLC,NULL,None,None,NULL,By Email,NULL,Auto Generated,NULL,NULL,NULL,NULL,NULL,0,NULL,2025-11-21 17:58:48.660,NULL,0,NULL,NULL,NULL,NULL,NULL,NULL,NULL,NULL,Ocean Export,1,NULL,NULL,0,NULL,,NULL,NULL,NULL,NULL,1,0,,Sales & Marketing,NULL,NULL,NULL
3171,2025-11-22 00:00:00.000,INQ1022890,Aldyar Alarabiaa Import & Export Inc.,NULL,None,None,NULL,By Email,NULL,Auto Generated,NULL,NULL,NULL,NULL,NULL,0,NULL,2025-11-22 00:47:04.080,NULL,0,NULL,NULL,NULL,NULL,NULL,NULL,NULL,NULL,Ocean Export,1,NULL,NULL,0,NULL,,NULL,NULL,NULL,NULL,1,0,,Sales & Marketing,NULL,NULL,NULL
3172,2025-11-22 00:00:00.000,INQ1022891,Atlas Coffee Club,NULL,None,None,NULL,By Email,NULL,Auto Generated,NULL,NULL,NULL,NULL,NULL,0,NULL,2025-11-22 01:36:19.567,NULL,0,NULL,NULL,NULL,NULL,NULL,NULL,NULL,NULL,Ocean Export,1,NULL,NULL,0,NULL,,NULL,NULL,NULL,NULL,1,0,,Sales & Marketing,NULL,NULL,NULL
3174,2025-11-24 00:00:00.000,INQ1022901,W5 Engineering,NULL,None,None,NULL,By Email,NULL,Auto Generated,NULL,NULL,NULL,NULL,NULL,0,NULL,2025-11-24 14:04:50.547,NULL,0,NULL,NULL,NULL,NULL,NULL,NULL,NULL,NULL,Ocean Export,1,NULL,NULL,0,NULL,,NULL,NULL,NULL,NULL,1,0,,New Jersey (EWR),NULL,NULL,NULL
3175,2025-11-24 00:00:00.000,INQ1022902,COMAIRCO,NULL,None,None,NULL,By Email,NULL,Auto Generated,NULL,NULL,NULL,NULL,NULL,0,NULL,2025-11-24 16:58:21.070,NULL,0,NULL,NULL,NULL,NULL,NULL,NULL,NULL,NULL,Ocean Export,1,NULL,NULL,0,NULL,,NULL,NULL,NULL,NULL,1,0,,New Jersey (EWR),NULL,NULL,NULL
3176,2025-11-24 00:00:00.000,INQ1022903,EXPRESS Systems and Parts Network Inc,NULL,None,None,NULL,By Email,NULL,Auto Generated,NULL,NULL,NULL,NULL,NULL,0,NULL,2025-11-24 23:38:01.807,NULL,0,NULL,NULL,NULL,NULL,NULL,NULL,NULL,NULL,Ocean Export,1,NULL,NULL,0,NULL,,NULL,NULL,NULL,NULL,1,0,,Sales & Marketing,NULL,NULL,NULL
3177,2025-11-25 00:00:00.000,INQ1022904,Seahorse Express Inc.,NULL,None,None,NULL,By Email,NULL,Auto Generated,NULL,NULL,NULL,NULL,NULL,0,NULL,2025-11-25 00:21:49.030,NULL,0,NULL,NULL,NULL,NULL,NULL,NULL,NULL,NULL,Ocean Export,1,NULL,NULL,0,NULL,,NULL,NULL,NULL,NULL,1,0,,Sales & Marketing,NULL,NULL,NULL
3178,2025-11-25 00:00:00.000,INQ1022905,SMP Nutra or Supplement Manufacturing Partner Nutr,NULL,None,None,NULL,By Email,NULL,,NULL,NULL,NULL,NULL,NULL,0,NULL,2025-11-25 07:42:58.793,2025-11-25 07:54:34.603,0,NULL,NULL,NULL,NULL,NULL,NULL,NULL,NULL,Ocean Export,1,NULL,NULL,0,NULL,,NULL,NULL,NULL,NULL,1,0,,Sales & Marketing,NULL,NULL,NULL
3179,2025-11-25 00:00:00.000,INQ1022909,MVI AUCTIONS CO UYANIK CIHAT,NULL,None,None,NULL,By Email,NULL,Auto Generated,NULL,NULL,NULL,NULL,NULL,0,NULL,2025-11-25 09:35:31.340,NULL,0,NULL,NULL,NULL,NULL,NULL,NULL,NULL,NULL,Ocean Export,1,NULL,NULL,0,NULL,,NULL,NULL,NULL,NULL,1,0,,New Jersey (EWR),NULL,NULL,NULL
3180,2025-11-25 00:00:00.000,INQ1022910,Konmac Makine Otomotiv Yedek Parca Sanayi LTD,NULL,None,None,NULL,By Email,NULL,Auto Generated,NULL,NULL,NULL,NULL,NULL,0,NULL,2025-11-25 09:37:16.037,NULL,0,NULL,NULL,NULL,NULL,NULL,NULL,NULL,NULL,Ocean Export,1,NULL,NULL,0,NULL,,NULL,NULL,NULL,NULL,1,0,,New Jersey (EWR),NULL,NULL,NULL
3181,2025-11-25 00:00:00.000,INQ1022913,ARIKAS LOGISTICS PRIVATE LIMITED,NULL,None,None,NULL,By Email,NULL,Auto Generated,NULL,NULL,NULL,NULL,NULL,0,NULL,2025-11-25 10:14:38.847,NULL,0,NULL,NULL,NULL,NULL,NULL,NULL,NULL,NULL,Ocean Export,1,NULL,NULL,0,NULL,,NULL,NULL,NULL,NULL,1,0,,New Jersey (EWR),NULL,NULL,NULL
3182,2025-11-25 00:00:00.000,INQ1022915,ARIKAS LOGISTICS PRIVATE LIMITED,NULL,NHAVA SHEVA,NEW YORK,3,By Email,NULL,"DDU CHARGES REQUIRED AT NEW YORK PORT, U.S.A.  // INQ60118 // AMC2459274",NULL,NULL,NULL,NULL,NULL,0,NULL,2025-11-25 11:39:35.757,NULL,0,NULL,NULL,India,USA,NULL,NULL,NULL,NULL,Ocean Export,1,NULL,NULL,0,NULL,NULL,NULL,NULL,1,19513,1,NULL,,New Jersey (EWR),NULL,NULL,NULL
3183,2025-11-25 00:00:00.000,INQ1022917,TechoMed SARL,NULL,None,None,NULL,By Email,NULL,Auto Generated,NULL,NULL,NULL,NULL,NULL,0,NULL,2025-11-25 14:18:38.907,NULL,0,NULL,NULL,NULL,NULL,NULL,NULL,NULL,NULL,Ocean Export,1,NULL,NULL,0,NULL,,NULL,NULL,NULL,NULL,1,0,,New Jersey (EWR),NULL,NULL,NULL
3185,2025-11-25 00:00:00.000,INQ1022922,Technomed SRL,NULL,None,None,NULL,By Email,NULL,Pending approval.,NULL,NULL,NULL,NULL,NULL,0,NULL,2025-11-25 14:24:05.107,2025-11-25 14:24:34.370,0,NULL,NULL,NULL,NULL,NULL,NULL,NULL,NULL,Ocean Export,1,NULL,NULL,0,NULL,NULL,NULL,NULL,NULL,NULL,1,1,,New Jersey (EWR),NULL,NULL,NULL
3186,2025-11-25 00:00:00.000,INQ1022925,"NJK Precision, LLC",NULL,None,None,NULL,By Email,NULL,Auto Generated,NULL,NULL,NULL,NULL,NULL,0,NULL,2025-11-25 15:53:37.140,NULL,0,NULL,NULL,NULL,NULL,NULL,NULL,NULL,NULL,Ocean Export,1,NULL,NULL,0,NULL,,NULL,NULL,NULL,NULL,1,0,,New Jersey (EWR),NULL,NULL,NULL
3187,2025-11-26 00:00:00.000,INQ1022928,"Ningbo Cshi Supply chain Management Co., LTD",NULL,None,None,NULL,By Email,NULL,Auto Generated,NULL,NULL,NULL,NULL,NULL,0,NULL,2025-11-26 10:13:42.317,NULL,0,NULL,NULL,NULL,NULL,NULL,NULL,NULL,NULL,Ocean Export,1,NULL,NULL,0,NULL,,NULL,NULL,NULL,NULL,1,0,,MUMBAI (MUM),NULL,NULL,NULL
3188,2025-11-26 00:00:00.000,INQ1022929,A.P LOGISTICS PTE LTD.,NULL,None,None,NULL,By Email,NULL,Auto Generated,NULL,NULL,NULL,NULL,NULL,0,NULL,2025-11-26 10:25:48.800,NULL,0,NULL,NULL,NULL,NULL,NULL,NULL,NULL,NULL,Ocean Export,1,NULL,NULL,0,NULL,,NULL,NULL,NULL,NULL,1,0,,Sales & Marketing,NULL,NULL,NULL
3189,2025-11-26 00:00:00.000,INQ1022930,AALY ALKHLEJ COMPANY,NULL,None,None,NULL,By Email,NULL,Auto Generated,NULL,NULL,NULL,NULL,NULL,0,NULL,2025-11-26 10:27:02.207,NULL,0,NULL,NULL,NULL,NULL,NULL,NULL,NULL,NULL,Ocean Export,1,NULL,NULL,0,NULL,,NULL,NULL,NULL,NULL,1,0,,Sales & Marketing,NULL,NULL,NULL
3190,2025-11-26 00:00:00.000,INQ1022931,Aamell Cargo & Courier,NULL,None,None,NULL,By Email,NULL,Auto Generated,NULL,NULL,NULL,NULL,NULL,0,NULL,2025-11-26 10:41:05.943,NULL,0,NULL,NULL,NULL,NULL,NULL,NULL,NULL,NULL,Ocean Export,1,NULL,NULL,0,NULL,,NULL,NULL,NULL,NULL,1,0,,Sales & Marketing,NULL,NULL,NULL
3191,2025-11-26 00:00:00.000,INQ1022932,American for all computer service,NULL,None,None,NULL,By Email,NULL,Auto Generated,NULL,NULL,NULL,NULL,NULL,0,NULL,2025-11-26 10:42:38.417,NULL,0,NULL,NULL,NULL,NULL,NULL,NULL,NULL,NULL,Ocean Export,1,NULL,NULL,0,NULL,,NULL,NULL,NULL,NULL,1,0,,Sales & Marketing,NULL,NULL,NULL
3192,2025-11-26 00:00:00.000,INQ1022933,"Asset Recovery Specialists, Inc.",NULL,None,None,NULL,By Email,NULL,Auto Generated,NULL,NULL,NULL,NULL,NULL,0,NULL,2025-11-26 10:43:18.533,NULL,0,NULL,NULL,NULL,NULL,NULL,NULL,NULL,NULL,Ocean Export,1,NULL,NULL,0,NULL,,NULL,NULL,NULL,NULL,1,0,,Sales & Marketing,NULL,NULL,NULL
3193,2025-11-26 00:00:00.000,INQ1022934,AUTO ADVENTURE,NULL,None,None,NULL,By Email,NULL,Auto Generated,NULL,NULL,NULL,NULL,NULL,0,NULL,2025-11-26 10:47:33.727,NULL,0,NULL,NULL,NULL,NULL,NULL,NULL,NULL,NULL,Ocean Export,1,NULL,NULL,0,NULL,,NULL,NULL,NULL,NULL,1,0,,Sales & Marketing,NULL,NULL,NULL
3194,2025-11-26 00:00:00.000,INQ1022935,Belgo Multimodal BV,NULL,None,None,NULL,By Email,NULL,Auto Generated,NULL,NULL,NULL,NULL,NULL,0,NULL,2025-11-26 10:48:48.797,NULL,0,NULL,NULL,NULL,NULL,NULL,NULL,NULL,NULL,Ocean Export,1,NULL,NULL,0,NULL,,NULL,NULL,NULL,NULL,1,0,,Sales & Marketing,NULL,NULL,NULL
3195,2025-11-26 00:00:00.000,INQ1022936,CITY FREIGHT CO.,NULL,None,None,NULL,By Email,NULL,Auto Generated,NULL,NULL,NULL,NULL,NULL,0,NULL,2025-11-26 10:49:30.197,NULL,0,NULL,NULL,NULL,NULL,NULL,NULL,NULL,NULL,Ocean Export,1,NULL,NULL,0,NULL,,NULL,NULL,NULL,NULL,1,0,,Sales & Marketing,NULL,NULL,NULL
3196,2025-11-26 00:00:00.000,INQ1022937,Colchoneria Premier de Panama S.A,NULL,None,None,NULL,By Email,NULL,Auto Generated,NULL,NULL,NULL,NULL,NULL,0,NULL,2025-11-26 10:50:37.063,NULL,0,NULL,NULL,NULL,NULL,NULL,NULL,NULL,NULL,Ocean Export,1,NULL,NULL,0,NULL,,NULL,NULL,NULL,NULL,1,0,,Sales & Marketing,NULL,NULL,NULL
3197,2025-11-26 00:00:00.000,INQ1022938,Commercial Riggers 2222,NULL,None,None,NULL,By Email,NULL,Auto Generated,NULL,NULL,NULL,NULL,NULL,0,NULL,2025-11-26 10:51:56.800,NULL,0,NULL,NULL,NULL,NULL,NULL,NULL,NULL,NULL,Ocean Export,1,NULL,NULL,0,NULL,,NULL,NULL,NULL,NULL,1,0,,Sales & Marketing,NULL,NULL,NULL
3198,2025-11-26 00:00:00.000,INQ1022940,El Shams for Import,NULL,None,None,NULL,By Email,NULL,Auto Generated,NULL,NULL,NULL,NULL,NULL,0,NULL,2025-11-26 10:56:09.997,NULL,0,NULL,NULL,NULL,NULL,NULL,NULL,NULL,NULL,Ocean Export,1,NULL,NULL,0,NULL,,NULL,NULL,NULL,NULL,1,0,,Sales & Marketing,NULL,NULL,NULL
3199,2025-11-26 00:00:00.000,INQ1022941,Global Corp Shipping Co. WLL,NULL,None,None,NULL,By Email,NULL,Auto Generated,NULL,NULL,NULL,NULL,NULL,0,NULL,2025-11-26 10:58:00.083,NULL,0,NULL,NULL,NULL,NULL,NULL,NULL,NULL,NULL,Ocean Export,1,NULL,NULL,0,NULL,,NULL,NULL,NULL,NULL,1,0,,Sales & Marketing,NULL,NULL,NULL
3200,2025-11-26 00:00:00.000,INQ1022942,LeoForwarderz,NULL,None,None,NULL,By Email,NULL,Auto Generated,NULL,NULL,NULL,NULL,NULL,0,NULL,2025-11-26 10:58:49.323,NULL,0,NULL,NULL,NULL,NULL,NULL,NULL,NULL,NULL,Ocean Export,1,NULL,NULL,0,NULL,,NULL,NULL,NULL,NULL,1,0,,Sales & Marketing,NULL,NULL,NULL
3201,2025-11-26 00:00:00.000,INQ1022943,LIBYA TRADE UNIONS,NULL,None,None,NULL,By Email,NULL,Auto Generated,NULL,NULL,NULL,NULL,NULL,0,NULL,2025-11-26 11:03:08.563,NULL,0,NULL,NULL,NULL,NULL,NULL,NULL,NULL,NULL,Ocean Export,1,NULL,NULL,0,NULL,,NULL,NULL,NULL,NULL,1,0,,Sales & Marketing,NULL,NULL,NULL
3202,2025-11-26 00:00:00.000,INQ1022944,Lionel Metuge M,NULL,None,None,NULL,By Email,NULL,Auto Generated,NULL,NULL,NULL,NULL,NULL,0,NULL,2025-11-26 11:03:38.163,NULL,0,NULL,NULL,NULL,NULL,NULL,NULL,NULL,NULL,Ocean Export,1,NULL,NULL,0,NULL,,NULL,NULL,NULL,NULL,1,0,,Sales & Marketing,NULL,NULL,NULL
3203,2025-11-26 00:00:00.000,INQ1022946,M&A SUPPLIES PLASTIC CORP,NULL,None,None,NULL,By Email,NULL,Auto Generated,NULL,NULL,NULL,NULL,NULL,0,NULL,2025-11-26 11:06:53.923,NULL,0,NULL,NULL,NULL,NULL,NULL,NULL,NULL,NULL,Ocean Export,1,NULL,NULL,0,NULL,,NULL,NULL,NULL,NULL,1,0,,Sales & Marketing,NULL,NULL,NULL
3204,2025-11-26 00:00:00.000,INQ1022947,MAMDOUH ELRIFY,NULL,None,None,NULL,By Email,NULL,Auto Generated,NULL,NULL,NULL,NULL,NULL,0,NULL,2025-11-26 11:07:38.563,NULL,0,NULL,NULL,NULL,NULL,NULL,NULL,NULL,NULL,Ocean Export,1,NULL,NULL,0,NULL,,NULL,NULL,NULL,NULL,1,0,,Sales & Marketing,NULL,NULL,NULL
3205,2025-11-26 00:00:00.000,INQ1022949,Mohamed jumale,NULL,None,None,NULL,By Email,NULL,Auto Generated,NULL,NULL,NULL,NULL,NULL,0,NULL,2025-11-26 11:12:10.110,NULL,0,NULL,NULL,NULL,NULL,NULL,NULL,NULL,NULL,Ocean Export,1,NULL,NULL,0,NULL,,NULL,NULL,NULL,NULL,1,0,,Sales & Marketing,NULL,NULL,NULL
3206,2025-11-26 00:00:00.000,INQ1022950,Old Wolf Auto Parts,NULL,None,None,NULL,By Email,NULL,Auto Generated,NULL,NULL,NULL,NULL,NULL,0,NULL,2025-11-26 11:14:33.283,NULL,0,NULL,NULL,NULL,NULL,NULL,NULL,NULL,NULL,Ocean Export,1,NULL,NULL,0,NULL,,NULL,NULL,NULL,NULL,1,0,,Sales & Marketing,NULL,NULL,NULL
3207,2025-11-26 00:00:00.000,INQ1022951,PAY LOAD CARGO,NULL,None,None,NULL,By Email,NULL,Auto Generated,NULL,NULL,NULL,NULL,NULL,0,NULL,2025-11-26 11:16:01.700,NULL,0,NULL,NULL,NULL,NULL,NULL,NULL,NULL,NULL,Ocean Export,1,NULL,NULL,0,NULL,,NULL,NULL,NULL,NULL,1,0,,Sales & Marketing,NULL,NULL,NULL
3208,2025-11-26 00:00:00.000,INQ1022952,PAY LOAD CARGO,NULL,None,None,NULL,By Email,NULL,Auto Generated,NULL,NULL,NULL,NULL,NULL,0,NULL,2025-11-26 11:16:01.713,NULL,0,NULL,NULL,NULL,NULL,NULL,NULL,NULL,NULL,Ocean Export,1,NULL,NULL,0,NULL,,NULL,NULL,NULL,NULL,1,0,,Sales & Marketing,NULL,NULL,NULL
3209,2025-11-26 00:00:00.000,INQ1022954,"United Company for Car Trading, Import and Export ",NULL,None,None,NULL,By Email,NULL,Auto Generated,NULL,NULL,NULL,NULL,NULL,0,NULL,2025-11-26 11:31:59.523,NULL,0,NULL,NULL,NULL,NULL,NULL,NULL,NULL,NULL,Ocean Export,1,NULL,NULL,0,NULL,,NULL,NULL,NULL,NULL,1,0,,Sales & Marketing,NULL,NULL,NULL
3210,2025-11-26 00:00:00.000,INQ1022956,WAEL OMER HAMED,NULL,None,None,NULL,By Email,NULL,Auto Generated,NULL,NULL,NULL,NULL,NULL,0,NULL,2025-11-26 11:34:24.913,NULL,0,NULL,NULL,NULL,NULL,NULL,NULL,NULL,NULL,Ocean Export,1,NULL,NULL,0,NULL,,NULL,NULL,NULL,NULL,1,0,,Sales & Marketing,NULL,NULL,NULL
3211,2025-11-26 00:00:00.000,INQ1022957,World Deal Traders,NULL,None,None,NULL,By Email,NULL,Auto Generated,NULL,NULL,NULL,NULL,NULL,0,NULL,2025-11-26 11:36:10.360,NULL,0,NULL,NULL,NULL,NULL,NULL,NULL,NULL,NULL,Ocean Export,1,NULL,NULL,0,NULL,,NULL,NULL,NULL,NULL,1,0,,Sales & Marketing,NULL,NULL,NULL
3212,2025-11-26 00:00:00.000,INQ1022959,Yang Ping,NULL,None,None,NULL,By Email,NULL,Auto Generated,NULL,NULL,NULL,NULL,NULL,0,NULL,2025-11-26 11:39:03.227,NULL,0,NULL,NULL,NULL,NULL,NULL,NULL,NULL,NULL,Ocean Export,1,NULL,NULL,0,NULL,,NULL,NULL,NULL,NULL,1,0,,Sales & Marketing,NULL,NULL,NULL
3213,2025-11-26 00:00:00.000,INQ1022960,Yusen Logistics (Americas) Inc.,NULL,None,None,NULL,By Email,NULL,Auto Generated,NULL,NULL,NULL,NULL,NULL,0,NULL,2025-11-26 11:43:35.853,NULL,0,NULL,NULL,NULL,NULL,NULL,NULL,NULL,NULL,Ocean Export,1,NULL,NULL,0,NULL,,NULL,NULL,NULL,NULL,1,0,,Sales & Marketing,NULL,NULL,NULL
3214,2025-11-26 00:00:00.000,INQ1022961,Zyst Technology LLC,NULL,None,None,NULL,By Email,NULL,Auto Generated,NULL,NULL,NULL,NULL,NULL,0,NULL,2025-11-26 11:44:57.340,NULL,0,NULL,NULL,NULL,NULL,NULL,NULL,NULL,NULL,Ocean Export,1,NULL,NULL,0,NULL,,NULL,NULL,NULL,NULL,1,0,,Sales & Marketing,NULL,NULL,NULL
3215,2025-11-26 00:00:00.000,INQ1022962,Zyst Technology LLC,NULL,None,None,NULL,By Email,NULL,Auto Generated,NULL,NULL,NULL,NULL,NULL,0,NULL,2025-11-26 11:44:57.523,NULL,0,NULL,NULL,NULL,NULL,NULL,NULL,NULL,NULL,Ocean Export,1,NULL,NULL,0,NULL,,NULL,NULL,NULL,NULL,1,0,,Sales & Marketing,NULL,NULL,NULL
3216,2025-11-26 00:00:00.000,INQ1022963,AJ’s Computers,NULL,None,None,NULL,By Email,NULL,Auto Generated,NULL,NULL,NULL,NULL,NULL,0,NULL,2025-11-26 11:49:04.630,NULL,0,NULL,NULL,NULL,NULL,NULL,NULL,NULL,NULL,Ocean Export,1,NULL,NULL,0,NULL,,NULL,NULL,NULL,NULL,1,0,,Sales & Marketing,NULL,NULL,NULL
3217,2025-11-26 00:00:00.000,INQ1022965,Capitol Import and Export,NULL,None,None,NULL,By Email,NULL,Auto Generated,NULL,NULL,NULL,NULL,NULL,0,NULL,2025-11-26 15:27:53.517,NULL,0,NULL,NULL,NULL,NULL,NULL,NULL,NULL,NULL,Ocean Export,1,NULL,NULL,0,NULL,,NULL,NULL,NULL,NULL,1,0,,Sales & Marketing,NULL,NULL,NULL
3218,2025-11-26 00:00:00.000,INQ1022966,El Reda for import and export,NULL,None,None,NULL,By Email,NULL,Auto Generated,NULL,NULL,NULL,NULL,NULL,0,NULL,2025-11-26 15:30:37.933,NULL,0,NULL,NULL,NULL,NULL,NULL,NULL,NULL,NULL,Ocean Export,1,NULL,NULL,0,NULL,,NULL,NULL,NULL,NULL,1,0,,Sales & Marketing,NULL,NULL,NULL
3219,2025-11-26 00:00:00.000,INQ1022967,WorldWise-Globaltex LLC,NULL,None,None,NULL,By Email,NULL,Auto Generated,NULL,NULL,NULL,NULL,NULL,0,NULL,2025-11-26 15:44:33.630,NULL,0,NULL,NULL,NULL,NULL,NULL,NULL,NULL,NULL,Ocean Export,1,NULL,NULL,0,NULL,,NULL,NULL,NULL,NULL,1,0,,New Jersey (EWR),NULL,NULL,NULL
3220,2025-11-26 00:00:00.000,INQ1022968,Atlantic Candy company,NULL,None,None,NULL,By Email,NULL,Auto Generated,NULL,NULL,NULL,NULL,NULL,0,NULL,2025-11-26 15:48:49.793,NULL,0,NULL,NULL,NULL,NULL,NULL,NULL,NULL,NULL,Ocean Export,1,NULL,NULL,0,NULL,,NULL,NULL,NULL,NULL,1,0,,New Jersey (EWR),NULL,NULL,NULL
3221,2025-11-26 00:00:00.000,INQ1022969,Dairy Engineering Co.,NULL,None,None,NULL,By Email,NULL,Auto Generated,NULL,NULL,NULL,NULL,NULL,0,NULL,2025-11-26 15:56:44.933,NULL,0,NULL,NULL,NULL,NULL,NULL,NULL,NULL,NULL,Ocean Export,1,NULL,NULL,0,NULL,,NULL,NULL,NULL,NULL,1,0,,New Jersey (EWR),NULL,NULL,NULL
3222,2025-11-26 00:00:00.000,INQ1022970,Dairy Engineering Co.,NULL,None,None,NULL,By Email,NULL,Auto Generated,NULL,NULL,NULL,NULL,NULL,0,NULL,2025-11-26 15:57:29.713,NULL,0,NULL,NULL,NULL,NULL,NULL,NULL,NULL,NULL,Ocean Export,1,NULL,NULL,0,NULL,,NULL,NULL,NULL,NULL,1,0,,New Jersey (EWR),NULL,NULL,NULL
3223,2025-11-27 00:00:00.000,INQ1022972,Euro Plus Cargo SLU,NULL,None,None,NULL,By Email,NULL,Auto Generated,NULL,NULL,NULL,NULL,NULL,0,NULL,2025-11-27 00:24:23.677,NULL,0,NULL,NULL,NULL,NULL,NULL,NULL,NULL,NULL,Ocean Export,1,NULL,NULL,0,NULL,,NULL,NULL,NULL,NULL,1,0,,Sales & Marketing,NULL,NULL,NULL
3224,2025-11-27 00:00:00.000,INQ1022973,IE «Shuneev M.S.»,NULL,None,None,NULL,By Email,NULL,Auto Generated,NULL,NULL,NULL,NULL,NULL,0,NULL,2025-11-27 00:33:16.383,NULL,0,NULL,NULL,NULL,NULL,NULL,NULL,NULL,NULL,Ocean Export,1,NULL,NULL,0,NULL,,NULL,NULL,NULL,NULL,1,0,,Sales & Marketing,NULL,NULL,NULL
3225,2025-11-27 00:00:00.000,INQ1022974,LETNA - BD De L'Espérance,NULL,None,None,NULL,By Email,NULL,Auto Generated,NULL,NULL,NULL,NULL,NULL,0,NULL,2025-11-27 00:40:45.953,NULL,0,NULL,NULL,NULL,NULL,NULL,NULL,NULL,NULL,Ocean Export,1,NULL,NULL,0,NULL,,NULL,NULL,NULL,NULL,1,0,,Sales & Marketing,NULL,NULL,NULL
3226,2025-11-27 00:00:00.000,INQ1022975,Morgan Cosmetic LLC.,NULL,None,None,NULL,By Email,NULL,Auto Generated,NULL,NULL,NULL,NULL,NULL,0,NULL,2025-11-27 00:46:02.650,NULL,0,NULL,NULL,NULL,NULL,NULL,NULL,NULL,NULL,Ocean Export,1,NULL,NULL,0,NULL,,NULL,NULL,NULL,NULL,1,0,,Sales & Marketing,NULL,NULL,NULL
3227,2025-11-27 00:00:00.000,INQ1022976,SIGMA Group,NULL,None,None,NULL,By Email,NULL,Auto Generated,NULL,NULL,NULL,NULL,NULL,0,NULL,2025-11-27 00:50:16.877,NULL,0,NULL,NULL,NULL,NULL,NULL,NULL,NULL,NULL,Ocean Export,1,NULL,NULL,0,NULL,,NULL,NULL,NULL,NULL,1,0,,Sales & Marketing,NULL,NULL,NULL
3228,2025-11-27 00:00:00.000,INQ1022977,IBC Internationale Spedition GmbH,NULL,None,None,NULL,By Email,NULL,Auto Generated,NULL,NULL,NULL,NULL,NULL,0,NULL,2025-11-27 01:21:16.393,NULL,0,NULL,NULL,NULL,NULL,NULL,NULL,NULL,NULL,Ocean Export,1,NULL,NULL,0,NULL,,NULL,NULL,NULL,NULL,1,0,,Sales & Marketing,NULL,NULL,NULL
3229,2025-11-27 00:00:00.000,INQ1022978,GLOBAL TRANSIT FZ LLC,NULL,None,None,NULL,By Email,NULL,Auto Generated,NULL,NULL,NULL,NULL,NULL,0,NULL,2025-11-27 01:25:19.467,NULL,0,NULL,NULL,NULL,NULL,NULL,NULL,NULL,NULL,Ocean Export,1,NULL,NULL,0,NULL,,NULL,NULL,NULL,NULL,1,0,,Sales & Marketing,NULL,NULL,NULL
3230,2025-11-27 00:00:00.000,INQ1022979,Baharistan Used Cars Tr. L.L.C.,NULL,None,None,NULL,By Email,NULL,Auto Generated,NULL,NULL,NULL,NULL,NULL,0,NULL,2025-11-27 01:25:59.980,NULL,0,NULL,NULL,NULL,NULL,NULL,NULL,NULL,NULL,Ocean Export,1,NULL,NULL,0,NULL,,NULL,NULL,NULL,NULL,1,0,,Sales & Marketing,NULL,NULL,NULL
3231,2025-11-27 00:00:00.000,INQ1022980,Baharistan Used Cars Tr. L.L.C.,NULL,None,None,NULL,By Email,NULL,Auto Generated,NULL,NULL,NULL,NULL,NULL,0,NULL,2025-11-27 01:28:46.350,NULL,0,NULL,NULL,NULL,NULL,NULL,NULL,NULL,NULL,Ocean Export,1,NULL,NULL,0,NULL,,NULL,NULL,NULL,NULL,1,0,,Sales & Marketing,NULL,NULL,NULL
3232,2025-11-27 00:00:00.000,INQ1022981,"CrossWorld Shipping Pte Ltd,",NULL,None,None,NULL,By Email,NULL,Auto Generated,NULL,NULL,NULL,NULL,NULL,0,NULL,2025-11-27 01:31:47.183,NULL,0,NULL,NULL,NULL,NULL,NULL,NULL,NULL,NULL,Ocean Export,1,NULL,NULL,0,NULL,,NULL,NULL,NULL,NULL,1,0,,Sales & Marketing,NULL,NULL,NULL
3233,2025-11-27 00:00:00.000,INQ1022982,George Malcolm,NULL,None,None,NULL,By Email,NULL,Auto Generated,NULL,NULL,NULL,NULL,NULL,0,NULL,2025-11-27 01:37:30.670,NULL,0,NULL,NULL,NULL,NULL,NULL,NULL,NULL,NULL,Ocean Export,1,NULL,NULL,0,NULL,,NULL,NULL,NULL,NULL,1,0,,Sales & Marketing,NULL,NULL,NULL
3234,2025-11-27 00:00:00.000,INQ1022983,Innovative Integrated Industries,NULL,None,None,NULL,By Email,NULL,Auto Generated,NULL,NULL,NULL,NULL,NULL,0,NULL,2025-11-27 01:42:34.870,NULL,0,NULL,NULL,NULL,NULL,NULL,NULL,NULL,NULL,Ocean Export,1,NULL,NULL,0,NULL,,NULL,NULL,NULL,NULL,1,0,,Sales & Marketing,NULL,NULL,NULL
3235,2025-11-27 00:00:00.000,INQ1022984,KETO FOODS,NULL,None,None,NULL,By Email,NULL,Auto Generated,NULL,NULL,NULL,NULL,NULL,0,NULL,2025-11-27 01:45:32.637,NULL,0,NULL,NULL,NULL,NULL,NULL,NULL,NULL,NULL,Ocean Export,1,NULL,NULL,0,NULL,,NULL,NULL,NULL,NULL,1,0,,Sales & Marketing,NULL,NULL,NULL
3236,2025-11-27 00:00:00.000,INQ1022985,NY COMPUTER TRADING LLC,NULL,None,None,NULL,By Email,NULL,Auto Generated,NULL,NULL,NULL,NULL,NULL,0,NULL,2025-11-27 01:45:58.360,NULL,0,NULL,NULL,NULL,NULL,NULL,NULL,NULL,NULL,Ocean Export,1,NULL,NULL,0,NULL,,NULL,NULL,NULL,NULL,1,0,,Sales & Marketing,NULL,NULL,NULL
3237,2025-11-27 00:00:00.000,INQ1022986,ONE STOP Import & Export LL,NULL,None,None,NULL,By Email,NULL,Auto Generated,NULL,NULL,NULL,NULL,NULL,0,NULL,2025-11-27 01:47:26.710,NULL,0,NULL,NULL,NULL,NULL,NULL,NULL,NULL,NULL,Ocean Export,1,NULL,NULL,0,NULL,,NULL,NULL,NULL,NULL,1,0,,MUMBAI (MUM),NULL,NULL,NULL
3238,2025-11-27 00:00:00.000,INQ1022987,ONE STOP Import & Export LL,NULL,None,None,NULL,By Email,NULL,Auto Generated,NULL,NULL,NULL,NULL,NULL,0,NULL,2025-11-27 01:47:51.873,NULL,0,NULL,NULL,NULL,NULL,NULL,NULL,NULL,NULL,Ocean Export,1,NULL,NULL,0,NULL,,NULL,NULL,NULL,NULL,1,0,,MUMBAI (MUM),NULL,NULL,NULL
3239,2025-11-27 00:00:00.000,INQ1022988,Paper Trading Corporation,NULL,None,None,NULL,By Email,NULL,Auto Generated,NULL,NULL,NULL,NULL,NULL,0,NULL,2025-11-27 01:51:07.497,NULL,0,NULL,NULL,NULL,NULL,NULL,NULL,NULL,NULL,Ocean Export,1,NULL,NULL,0,NULL,,NULL,NULL,NULL,NULL,1,0,,Sales & Marketing,NULL,NULL,NULL
3240,2025-11-27 00:00:00.000,INQ1022989,SHAH INTERNATIONAL INC.,NULL,None,None,NULL,By Email,NULL,Auto Generated,NULL,NULL,NULL,NULL,NULL,0,NULL,2025-11-27 01:52:04.460,NULL,0,NULL,NULL,NULL,NULL,NULL,NULL,NULL,NULL,Ocean Export,1,NULL,NULL,0,NULL,,NULL,NULL,NULL,NULL,1,0,,Sales & Marketing,NULL,NULL,NULL
3241,2025-11-27 00:00:00.000,INQ1022990,Skyview Aviation LLC,NULL,None,None,NULL,By Email,NULL,Auto Generated,NULL,NULL,NULL,NULL,NULL,0,NULL,2025-11-27 01:56:21.960,NULL,0,NULL,NULL,NULL,NULL,NULL,NULL,NULL,NULL,Ocean Export,1,NULL,NULL,0,NULL,,NULL,NULL,NULL,NULL,1,0,,Sales & Marketing,NULL,NULL,NULL
3242,2025-11-27 00:00:00.000,INQ1022991,Staarship Global Logistic,NULL,None,None,NULL,By Email,NULL,Auto Generated,NULL,NULL,NULL,NULL,NULL,0,NULL,2025-11-27 02:19:42.987,NULL,0,NULL,NULL,NULL,NULL,NULL,NULL,NULL,NULL,Ocean Export,1,NULL,NULL,0,NULL,,NULL,NULL,NULL,NULL,1,0,,Sales & Marketing,NULL,NULL,NULL
3243,2025-11-27 00:00:00.000,INQ1022992,Supravam International,NULL,None,None,NULL,By Email,NULL,Auto Generated,NULL,NULL,NULL,NULL,NULL,0,NULL,2025-11-27 02:20:26.313,NULL,0,NULL,NULL,NULL,NULL,NULL,NULL,NULL,NULL,Ocean Export,1,NULL,NULL,0,NULL,,NULL,NULL,NULL,NULL,1,0,,Sales & Marketing,NULL,NULL,NULL
3244,2025-11-27 00:00:00.000,INQ1022993,Supravam International,NULL,None,None,NULL,By Email,NULL,Auto Generated,NULL,NULL,NULL,NULL,NULL,0,NULL,2025-11-27 02:24:04.950,NULL,0,NULL,NULL,NULL,NULL,NULL,NULL,NULL,NULL,Ocean Export,1,NULL,NULL,0,NULL,,NULL,NULL,NULL,NULL,1,0,,Sales & Marketing,NULL,NULL,NULL
3245,2025-11-27 00:00:00.000,INQ1022994,USI freight solution,NULL,None,None,NULL,By Email,NULL,Auto Generated,NULL,NULL,NULL,NULL,NULL,0,NULL,2025-11-27 02:29:33.230,NULL,0,NULL,NULL,NULL,NULL,NULL,NULL,NULL,NULL,Ocean Export,1,NULL,NULL,0,NULL,,NULL,NULL,NULL,NULL,1,0,,Sales & Marketing,NULL,NULL,NULL
3246,2025-11-27 00:00:00.000,INQ1022995,SAMA NBDA AL-HAYAT COMPANY,NULL,None,None,NULL,By Email,NULL,Auto Generated,NULL,NULL,NULL,NULL,NULL,0,NULL,2025-11-27 02:32:44.673,NULL,0,NULL,NULL,NULL,NULL,NULL,NULL,NULL,NULL,Ocean Export,1,NULL,NULL,0,NULL,,NULL,NULL,NULL,NULL,1,0,,Sales & Marketing,NULL,NULL,NULL
3247,2025-11-27 00:00:00.000,INQ1022996,International Heavy Equipment,NULL,None,None,NULL,By Email,NULL,Auto Generated,NULL,NULL,NULL,NULL,NULL,0,NULL,2025-11-27 02:34:21.530,NULL,0,NULL,NULL,NULL,NULL,NULL,NULL,NULL,NULL,Ocean Export,1,NULL,NULL,0,NULL,,NULL,NULL,NULL,NULL,1,0,,Sales & Marketing,NULL,NULL,NULL
3248,2025-11-27 00:00:00.000,INQ1022997,Additive Manufacturing & Engineering Management,NULL,None,None,NULL,By Email,NULL,Auto Generated,NULL,NULL,NULL,NULL,NULL,0,NULL,2025-11-27 05:04:46.113,NULL,0,NULL,NULL,NULL,NULL,NULL,NULL,NULL,NULL,Ocean Export,1,NULL,NULL,0,NULL,,NULL,NULL,NULL,NULL,1,0,,Sales & Marketing,NULL,NULL,NULL
3249,2025-11-27 00:00:00.000,INQ1022998,AEROSKY FREIGHT,NULL,None,None,NULL,By Email,NULL,Auto Generated,NULL,NULL,NULL,NULL,NULL,0,NULL,2025-11-27 05:06:15.467,NULL,0,NULL,NULL,NULL,NULL,NULL,NULL,NULL,NULL,Ocean Export,1,NULL,NULL,0,NULL,,NULL,NULL,NULL,NULL,1,0,,Sales & Marketing,NULL,NULL,NULL
3250,2025-11-27 00:00:00.000,INQ1022999,Africa Relief And Community Development Inc555555,NULL,None,None,NULL,By Email,NULL,Auto Generated,NULL,NULL,NULL,NULL,NULL,0,NULL,2025-11-27 05:07:15.500,NULL,0,NULL,NULL,NULL,NULL,NULL,NULL,NULL,NULL,Ocean Export,1,NULL,NULL,0,NULL,,NULL,NULL,NULL,NULL,1,0,,Sales & Marketing,NULL,NULL,NULL
3251,2025-11-27 00:00:00.000,INQ1023000,Africom INTL LLC,NULL,None,None,NULL,By Email,NULL,Auto Generated,NULL,NULL,NULL,NULL,NULL,0,NULL,2025-11-27 05:08:04.567,NULL,0,NULL,NULL,NULL,NULL,NULL,NULL,NULL,NULL,Ocean Export,1,NULL,NULL,0,NULL,,NULL,NULL,NULL,NULL,1,0,,Sales & Marketing,NULL,NULL,NULL
3252,2025-11-27 00:00:00.000,INQ1023001,AL MASS Freight Forwarding FZE LLC,NULL,None,None,NULL,By Email,NULL,Auto Generated,NULL,NULL,NULL,NULL,NULL,0,NULL,2025-11-27 05:11:09.700,NULL,0,NULL,NULL,NULL,NULL,NULL,NULL,NULL,NULL,Ocean Export,1,NULL,NULL,0,NULL,,NULL,NULL,NULL,NULL,1,0,,Sales & Marketing,NULL,NULL,NULL
3253,2025-11-27 00:00:00.000,INQ1023002,Additive Manufacturing & Engineering Management,NULL,None,None,NULL,By Email,NULL,Auto Generated,NULL,NULL,NULL,NULL,NULL,0,NULL,2025-11-27 05:14:17.947,NULL,0,NULL,NULL,NULL,NULL,NULL,NULL,NULL,NULL,Ocean Export,1,NULL,NULL,0,NULL,,NULL,NULL,NULL,NULL,1,0,,Sales & Marketing,NULL,NULL,NULL
3254,2025-11-28 00:00:00.000,INQ1023003,Midtrans Shipping And Services LLC,NULL,None,None,NULL,By Email,NULL,Auto Generated,NULL,NULL,NULL,NULL,NULL,0,NULL,2025-11-28 14:44:55.687,NULL,0,NULL,NULL,NULL,NULL,NULL,NULL,NULL,NULL,Ocean Export,1,NULL,NULL,0,NULL,,NULL,NULL,NULL,NULL,1,0,,Inside Sales Group,NULL,NULL,NULL
3255,2025-11-28 00:00:00.000,INQ1023004,GSA FORCE,NULL,None,None,NULL,By Email,NULL,Auto Generated,NULL,NULL,NULL,NULL,NULL,0,NULL,2025-11-28 15:09:17.187,NULL,0,NULL,NULL,NULL,NULL,NULL,NULL,NULL,NULL,Ocean Export,1,NULL,NULL,0,NULL,,NULL,NULL,NULL,NULL,1,0,,Inside Sales Group,NULL,NULL,NULL
3256,2025-11-28 00:00:00.000,INQ1023005,ERP TRADING LLC,NULL,None,None,NULL,By Email,NULL,Auto Generated,NULL,NULL,NULL,NULL,NULL,0,NULL,2025-11-28 15:30:40.987,NULL,0,NULL,NULL,NULL,NULL,NULL,NULL,NULL,NULL,Ocean Export,1,NULL,NULL,0,NULL,,NULL,NULL,NULL,NULL,1,0,,Inside Sales Group,NULL,NULL,NULL
3259,2025-12-01 00:00:00.000,INQ1023010,Ask Freight Forwarders Pvt. Ltd.,NULL,None,None,NULL,By Email,NULL,Auto Generated,NULL,NULL,NULL,NULL,NULL,0,NULL,2025-12-01 12:23:14.260,NULL,0,NULL,NULL,NULL,NULL,NULL,NULL,NULL,NULL,Ocean Export,1,NULL,NULL,0,NULL,,NULL,NULL,NULL,NULL,1,0,,Inside Sales Group,NULL,NULL,NULL
3260,2025-12-01 00:00:00.000,INQ1023011,Delta Freight,NULL,None,None,NULL,By Email,NULL,Auto Generated,NULL,NULL,NULL,NULL,NULL,0,NULL,2025-12-01 12:44:08.217,NULL,0,NULL,NULL,NULL,NULL,NULL,NULL,NULL,NULL,Ocean Export,1,NULL,NULL,0,NULL,,NULL,NULL,NULL,NULL,1,0,,New Jersey (EWR),NULL,NULL,NULL
3262,2025-12-01 00:00:00.000,INQ1023015,National Foam,NULL,None,None,NULL,By Email,NULL,Auto Generated,NULL,NULL,NULL,NULL,NULL,0,NULL,2025-12-01 15:26:25.307,NULL,0,NULL,NULL,NULL,NULL,NULL,NULL,NULL,NULL,Ocean Export,1,NULL,NULL,0,NULL,,NULL,NULL,NULL,NULL,1,0,,New Jersey (EWR),NULL,NULL,NULL
3263,2025-12-01 00:00:00.000,INQ1023017,KDK Sales and Equipment LLC:,NULL,None,None,NULL,By Email,NULL,Auto Generated,NULL,NULL,NULL,NULL,NULL,0,NULL,2025-12-01 16:50:12.710,NULL,0,NULL,NULL,NULL,NULL,NULL,NULL,NULL,NULL,Ocean Export,1,NULL,NULL,0,NULL,,NULL,NULL,NULL,NULL,1,0,,New Jersey (EWR),NULL,NULL,NULL
3264,2025-12-02 00:00:00.000,INQ1023018,EquiptNet Inc,NULL,None,None,NULL,By Email,NULL,LM Vm Shipping & logistics no answer auction mailbox either,NULL,NULL,NULL,NULL,NULL,0,NULL,2025-12-02 10:08:01.827,2025-12-03 09:35:33.000,0,NULL,NULL,NULL,NULL,NULL,NULL,NULL,NULL,Ocean Export,1,NULL,NULL,0,NULL,,NULL,NULL,NULL,NULL,1,0,,Sales & Marketing,NULL,NULL,NULL
3265,2025-12-02 00:00:00.000,INQ1023026,Lee Stevens Machinery,NULL,None,None,NULL,By Email,NULL,Auto Generated,NULL,NULL,NULL,NULL,NULL,0,NULL,2025-12-02 13:47:36.647,NULL,0,NULL,NULL,NULL,NULL,NULL,NULL,NULL,NULL,Ocean Export,1,NULL,NULL,0,NULL,,NULL,NULL,NULL,NULL,1,0,,Sales & Marketing,NULL,NULL,NULL
3266,2025-12-02 00:00:00.000,INQ1023029,Westbrook Asset Management,NULL,None,None,NULL,By Email,NULL,23538 Pinewood St Warren Michigan 48091 800-899-8182 info@westbrook-auctions.com,NULL,NULL,NULL,NULL,NULL,0,NULL,2025-12-02 13:58:09.247,2025-12-09 12:46:41.870,0,NULL,NULL,NULL,NULL,NULL,NULL,NULL,NULL,Ocean Export,1,NULL,NULL,0,NULL,,NULL,NULL,NULL,NULL,1,0,,Sales & Marketing,NULL,NULL,NULL
3267,2025-12-02 00:00:00.000,INQ1023031,GLENN A WINTERNITZ LLC,NULL,None,None,NULL,By Email,NULL,"1401 Lunt Avenue Elk Grove, Illinios 60007 773-290-1827 glenn@winternitzauction.com",NULL,NULL,NULL,NULL,NULL,0,NULL,2025-12-02 14:04:28.183,2025-12-09 12:24:04.690,0,NULL,NULL,NULL,NULL,NULL,NULL,NULL,NULL,Ocean Export,1,NULL,NULL,0,NULL,,NULL,NULL,NULL,NULL,1,0,,Sales & Marketing,NULL,NULL,NULL
3268,2025-12-02 00:00:00.000,INQ1023033,Ironside Machinery,NULL,None,None,NULL,By Email,NULL,"PO Box 336 Riegelsville, PA 18077 610-360-0570 sales@ironsidemachinery.com",NULL,NULL,NULL,NULL,NULL,0,NULL,2025-12-02 14:10:18.843,2025-12-09 10:44:30.950,0,NULL,NULL,NULL,NULL,NULL,NULL,NULL,NULL,Ocean Export,1,NULL,NULL,0,NULL,,NULL,NULL,NULL,NULL,1,0,,Sales & Marketing,NULL,NULL,NULL
3269,2025-12-02 00:00:00.000,INQ1023034,Resell CNC Auctions,NULL,None,None,NULL,By Email,NULL,Auto Generated,NULL,NULL,NULL,NULL,NULL,0,NULL,2025-12-02 14:20:48.863,NULL,1,NULL,NULL,NULL,NULL,NULL,NULL,NULL,NULL,Ocean Export,1,NULL,NULL,0,NULL,,Duplicate,NULL,NULL,NULL,1,0,,Sales & Marketing,NULL,NULL,NULL
3270,2025-12-02 00:00:00.000,INQ1023035,Galaxie Corporation,NULL,None,None,NULL,By Email,NULL,Auto Generated,NULL,NULL,NULL,NULL,NULL,0,NULL,2025-12-02 14:30:02.590,NULL,1,NULL,NULL,NULL,NULL,NULL,NULL,NULL,NULL,Ocean Export,1,NULL,NULL,0,NULL,,Duplicate,NULL,NULL,NULL,1,0,,Sales & Marketing,NULL,NULL,NULL
3271,2025-12-03 00:00:00.000,INQ1023042,INTREPID,NULL,None,None,NULL,By Email,NULL,Auto Generated,NULL,NULL,NULL,NULL,NULL,0,NULL,2025-12-03 10:29:48.180,NULL,0,NULL,NULL,NULL,NULL,NULL,NULL,NULL,NULL,Ocean Export,1,NULL,NULL,0,NULL,,NULL,NULL,NULL,NULL,1,0,,Inside Sales Group,NULL,NULL,NULL
3272,2025-12-03 00:00:00.000,INQ1023045,"Hall Industrial Services, Inc",NULL,None,None,NULL,By Email,NULL,Auto Generated,NULL,NULL,NULL,NULL,NULL,0,NULL,2025-12-03 12:29:07.070,NULL,0,NULL,NULL,NULL,NULL,NULL,NULL,NULL,NULL,Ocean Export,1,NULL,NULL,0,NULL,,NULL,NULL,NULL,NULL,1,0,,Sales & Marketing,NULL,NULL,NULL
3273,2025-12-03 00:00:00.000,INQ1023047,JDG Rostyslav Nazarenko,NULL,None,None,NULL,By Email,NULL,Auto Generated,NULL,NULL,NULL,NULL,NULL,0,NULL,2025-12-03 13:45:42.930,NULL,0,NULL,NULL,NULL,NULL,NULL,NULL,NULL,NULL,Ocean Export,1,NULL,NULL,0,NULL,,NULL,NULL,NULL,NULL,1,0,,Sales & Marketing,NULL,NULL,NULL
3274,2025-12-03 00:00:00.000,INQ1023048,SEALS USA LIFT Division,NULL,None,None,NULL,By Email,NULL,Auto Generated,NULL,NULL,NULL,NULL,NULL,0,NULL,2025-12-03 14:05:42.373,NULL,1,NULL,NULL,NULL,NULL,NULL,NULL,NULL,NULL,Ocean Export,1,NULL,NULL,0,NULL,,Duplicate,NULL,NULL,NULL,1,0,,Sales & Marketing,NULL,NULL,NULL
3275,2025-12-03 00:00:00.000,INQ1023050,YSR Logistics Ltd,NULL,None,None,NULL,By Email,NULL,Auto Generated,NULL,NULL,NULL,NULL,NULL,0,NULL,2025-12-03 15:06:32.750,NULL,0,NULL,NULL,NULL,NULL,NULL,NULL,NULL,NULL,Ocean Export,1,NULL,NULL,0,NULL,,NULL,NULL,NULL,NULL,1,0,,Sales & Marketing,NULL,NULL,NULL
3276,2025-12-03 00:00:00.000,INQ1023051,YSR Logistics Ltd,NULL,None,None,NULL,By Email,NULL,Auto Generated,NULL,NULL,NULL,NULL,NULL,0,NULL,2025-12-03 15:08:27.347,NULL,0,NULL,NULL,NULL,NULL,NULL,NULL,NULL,NULL,Ocean Export,1,NULL,NULL,0,NULL,,NULL,NULL,NULL,NULL,1,0,,Sales & Marketing,NULL,NULL,NULL
3277,2025-12-03 00:00:00.000,INQ1023054,Farrel Corporation,NULL,None,None,NULL,By Email,NULL,Auto Generated,NULL,NULL,NULL,NULL,NULL,0,NULL,2025-12-03 15:58:17.470,NULL,0,NULL,NULL,NULL,NULL,NULL,NULL,NULL,NULL,Ocean Export,1,NULL,NULL,0,NULL,,NULL,NULL,NULL,NULL,1,0,,Sales & Marketing,NULL,NULL,NULL
3278,2025-12-03 00:00:00.000,INQ1023055,"Mid-Atlantic Lift System, Inc.",NULL,None,None,NULL,By Email,NULL,Auto Generated,NULL,NULL,NULL,NULL,NULL,0,NULL,2025-12-03 16:06:53.897,NULL,0,NULL,NULL,NULL,NULL,NULL,NULL,NULL,NULL,Ocean Export,1,NULL,NULL,0,NULL,,NULL,NULL,NULL,NULL,1,0,,Sales & Marketing,NULL,NULL,NULL
3279,2025-12-03 00:00:00.000,INQ1023056,TRANS GLOBAL-TGP Projects India Pvt Ltd,NULL,None,None,NULL,By Email,NULL,Auto Generated,NULL,NULL,NULL,NULL,NULL,0,NULL,2025-12-03 16:22:47.200,NULL,0,NULL,NULL,NULL,NULL,NULL,NULL,NULL,NULL,Ocean Export,1,NULL,NULL,0,NULL,,NULL,NULL,NULL,NULL,1,0,,Sales & Marketing,NULL,NULL,NULL
3280,2025-12-03 00:00:00.000,INQ1023057,ONE STOP Import & Export LL,NULL,None,None,NULL,By Email,NULL,Auto Generated,NULL,NULL,NULL,NULL,NULL,0,NULL,2025-12-03 16:23:44.520,NULL,0,NULL,NULL,NULL,NULL,NULL,NULL,NULL,NULL,Ocean Export,1,NULL,NULL,0,NULL,,NULL,NULL,NULL,NULL,1,0,,MUMBAI (MUM),NULL,NULL,NULL
3281,2025-12-03 00:00:00.000,INQ1023059,"Hall Industrial Services, Inc",NULL,None,None,NULL,By Email,NULL,Auto Generated,NULL,NULL,NULL,NULL,NULL,0,NULL,2025-12-03 16:33:35.237,NULL,0,NULL,NULL,NULL,NULL,NULL,NULL,NULL,NULL,Ocean Export,1,NULL,NULL,0,NULL,,NULL,NULL,NULL,NULL,1,0,,Sales & Marketing,NULL,NULL,NULL
3282,2025-12-03 00:00:00.000,INQ1023060,MINNESOTA COMPUTERS,NULL,None,None,NULL,By Email,NULL,Auto Generated,NULL,NULL,NULL,NULL,NULL,0,NULL,2025-12-03 18:13:29.253,NULL,0,NULL,NULL,NULL,NULL,NULL,NULL,NULL,NULL,Ocean Export,1,NULL,NULL,0,NULL,,NULL,NULL,NULL,NULL,1,0,,New Jersey (EWR),NULL,NULL,NULL
3283,2025-12-03 00:00:00.000,INQ1023061,SWITCHBACK BREWING CO,NULL,None,None,NULL,By Email,NULL,Auto Generated,NULL,NULL,NULL,NULL,NULL,0,NULL,2025-12-03 18:24:33.897,NULL,0,NULL,NULL,NULL,NULL,NULL,NULL,NULL,NULL,Ocean Export,1,NULL,NULL,0,NULL,,NULL,NULL,NULL,NULL,1,0,,New Jersey (EWR),NULL,NULL,NULL
3284,2025-12-04 00:00:00.000,INQ1023064,The Hilliard Corporation,NULL,None,None,NULL,By Email,NULL,Auto Generated,NULL,NULL,NULL,NULL,NULL,0,NULL,2025-12-04 13:53:11.510,2025-12-05 14:06:41.427,0,NULL,NULL,NULL,NULL,NULL,NULL,NULL,NULL,Ocean Export,1,NULL,NULL,0,NULL,,NULL,NULL,NULL,NULL,1,0,,Sales & Marketing,NULL,NULL,NULL
3285,2025-12-06 00:00:00.000,INQ1023067,Research Diets Inc,NULL,None,None,NULL,By Email,NULL,Auto Generated,NULL,NULL,NULL,NULL,NULL,0,NULL,2025-12-06 22:12:32.640,NULL,0,NULL,NULL,NULL,NULL,NULL,NULL,NULL,NULL,Ocean Export,1,NULL,NULL,0,NULL,,NULL,NULL,NULL,NULL,1,0,,Sales & Marketing,NULL,NULL,NULL
3286,2025-12-06 00:00:00.000,INQ1023068,Red Deer Ironworks,NULL,None,None,NULL,By Email,NULL,Auto Generated,NULL,NULL,NULL,NULL,NULL,0,NULL,2025-12-06 22:12:51.183,NULL,0,NULL,NULL,NULL,NULL,NULL,NULL,NULL,NULL,Ocean Export,1,NULL,NULL,0,NULL,,NULL,NULL,NULL,NULL,1,0,,Sales & Marketing,NULL,NULL,NULL
3287,2025-12-06 00:00:00.000,INQ1023069,Tex Tech,NULL,None,None,NULL,By Email,NULL,Auto Generated,NULL,NULL,NULL,NULL,NULL,0,NULL,2025-12-06 22:14:28.447,NULL,0,NULL,NULL,NULL,NULL,NULL,NULL,NULL,NULL,Ocean Export,1,NULL,NULL,0,NULL,,NULL,NULL,NULL,NULL,1,0,,Sales & Marketing,NULL,NULL,NULL
3288,2025-12-06 00:00:00.000,INQ1023070,PLUG AND PLAY,NULL,None,None,NULL,By Email,NULL,Auto Generated,NULL,NULL,NULL,NULL,NULL,0,NULL,2025-12-06 22:17:51.303,NULL,0,NULL,NULL,NULL,NULL,NULL,NULL,NULL,NULL,Ocean Export,1,NULL,NULL,0,NULL,,NULL,NULL,NULL,NULL,1,0,,Sales & Marketing,NULL,NULL,NULL
3289,2025-12-06 00:00:00.000,INQ1023071,MIDTRONICS US,NULL,None,None,NULL,By Email,NULL,Auto Generated,NULL,NULL,NULL,NULL,NULL,0,NULL,2025-12-06 22:29:38.133,NULL,0,NULL,NULL,NULL,NULL,NULL,NULL,NULL,NULL,Ocean Export,1,NULL,NULL,0,NULL,,NULL,NULL,NULL,NULL,1,0,,Sales & Marketing,NULL,NULL,NULL
3290,2025-12-06 00:00:00.000,INQ1023072,"Manufacturer’s Resources, Inc.",NULL,None,None,NULL,By Email,NULL,Auto Generated,NULL,NULL,NULL,NULL,NULL,0,NULL,2025-12-06 22:46:48.100,NULL,0,NULL,NULL,NULL,NULL,NULL,NULL,NULL,NULL,Ocean Export,1,NULL,NULL,0,NULL,,NULL,NULL,NULL,NULL,1,0,,Sales & Marketing,NULL,NULL,NULL
3291,2025-12-06 00:00:00.000,INQ1023073,"KSB GIW, Inc.",NULL,None,None,NULL,By Email,NULL,Auto Generated,NULL,NULL,NULL,NULL,NULL,0,NULL,2025-12-06 23:00:43.777,NULL,0,NULL,NULL,NULL,NULL,NULL,NULL,NULL,NULL,Ocean Export,1,NULL,NULL,0,NULL,,NULL,NULL,NULL,NULL,1,0,,Sales & Marketing,NULL,NULL,NULL
3292,2025-12-06 00:00:00.000,INQ1023074,istanbul Denizcilik Nakliyat ve Tic. Ltd. Sti,NULL,None,None,NULL,By Email,NULL,Auto Generated,NULL,NULL,NULL,NULL,NULL,0,NULL,2025-12-06 23:31:42.160,NULL,0,NULL,NULL,NULL,NULL,NULL,NULL,NULL,NULL,Ocean Export,1,NULL,NULL,0,NULL,,NULL,NULL,NULL,NULL,1,0,,Sales & Marketing,NULL,NULL,NULL
3293,2025-12-07 00:00:00.000,INQ1023075,Globe Logistics Services Ltd,NULL,None,None,NULL,By Email,NULL,Auto Generated,NULL,NULL,NULL,NULL,NULL,0,NULL,2025-12-07 00:19:50.990,NULL,0,NULL,NULL,NULL,NULL,NULL,NULL,NULL,NULL,Ocean Export,1,NULL,NULL,0,NULL,,NULL,NULL,NULL,NULL,1,0,,Sales & Marketing,NULL,NULL,NULL
3294,2025-12-07 00:00:00.000,INQ1023076,FTI Cargo Services,NULL,None,None,NULL,By Email,NULL,Auto Generated,NULL,NULL,NULL,NULL,NULL,0,NULL,2025-12-07 00:21:04.300,NULL,0,NULL,NULL,NULL,NULL,NULL,NULL,NULL,NULL,Ocean Export,1,NULL,NULL,0,NULL,,NULL,NULL,NULL,NULL,1,0,,Sales & Marketing,NULL,NULL,NULL
3295,2025-12-08 00:00:00.000,INQ1023077,MOWAMO GmbH,NULL,None,None,NULL,By Email,NULL,Auto Generated,NULL,NULL,NULL,NULL,NULL,0,NULL,2025-12-08 10:09:57.517,NULL,0,NULL,NULL,NULL,NULL,NULL,NULL,NULL,NULL,Ocean Export,1,NULL,NULL,0,NULL,,NULL,NULL,NULL,NULL,1,0,,New Jersey (EWR),NULL,NULL,NULL
3296,2025-12-08 00:00:00.000,INQ1023083,GNH Pharmaceuticals USA LLC,NULL,None,None,NULL,By Email,NULL,Auto Generated,NULL,NULL,NULL,NULL,NULL,0,NULL,2025-12-08 17:37:35.117,NULL,0,NULL,NULL,NULL,NULL,NULL,NULL,NULL,NULL,Ocean Export,1,NULL,NULL,0,NULL,,NULL,NULL,NULL,NULL,1,0,,New Jersey (EWR),NULL,NULL,NULL
3297,2025-12-08 00:00:00.000,INQ1023084,OPTIMA,NULL,None,None,NULL,By Email,NULL,Auto Generated,NULL,NULL,NULL,NULL,NULL,0,NULL,2025-12-08 17:56:07.647,NULL,0,NULL,NULL,NULL,NULL,NULL,NULL,NULL,NULL,Ocean Export,1,NULL,NULL,0,NULL,,NULL,NULL,NULL,NULL,1,0,,New Jersey (EWR),NULL,NULL,NULL
3298,2025-12-09 00:00:00.000,INQ1023086,HARRIS MACHINE AND TOOLS,NULL,None,None,NULL,By Email,NULL,Auto Generated,NULL,NULL,NULL,NULL,NULL,0,NULL,2025-12-09 11:17:48.970,NULL,0,NULL,NULL,NULL,NULL,NULL,NULL,NULL,NULL,Ocean Export,1,NULL,NULL,0,NULL,,NULL,NULL,NULL,NULL,1,0,,Sales & Marketing,NULL,NULL,NULL
3299,2025-12-09 00:00:00.000,INQ1023088,"Carter-Hoffmann, LLC",NULL,None,None,NULL,By Email,NULL,Auto Generated,NULL,NULL,NULL,NULL,NULL,0,NULL,2025-12-09 11:22:18.103,NULL,0,NULL,NULL,NULL,NULL,NULL,NULL,NULL,NULL,Ocean Export,1,NULL,NULL,0,NULL,,NULL,NULL,NULL,NULL,1,0,,Sales & Marketing,NULL,NULL,NULL
3300,2025-12-10 00:00:00.000,INQ1023097,Ariest Holdings LLC,NULL,None,None,NULL,By Email,NULL,"Dan (586) 436-9797  dwasinski@ariesthldgs.com
17398 Yorktown Lane Macomb Michigan 48044 United States",NULL,NULL,NULL,NULL,NULL,0,NULL,2025-12-10 01:05:56.480,2025-12-12 10:21:04.720,0,NULL,NULL,NULL,NULL,NULL,NULL,NULL,NULL,Ocean Export,1,NULL,NULL,0,NULL,,NULL,NULL,NULL,NULL,1,0,,Sales & Marketing,NULL,NULL,NULL
3301,2025-12-10 00:00:00.000,INQ1023098,Asset Management Group L.L.C,NULL,None,None,NULL,By Email,NULL,Auto Generated,NULL,NULL,NULL,NULL,NULL,0,NULL,2025-12-10 01:12:12.903,NULL,0,NULL,NULL,NULL,NULL,NULL,NULL,NULL,NULL,Ocean Export,1,NULL,NULL,0,NULL,,NULL,NULL,NULL,NULL,1,0,,Sales & Marketing,NULL,NULL,NULL
3302,2025-12-10 00:00:00.000,INQ1023099,Jim Cook & Don Cook - Equipment & Attachments,NULL,None,None,NULL,By Email,NULL,Auto Generated,NULL,NULL,NULL,NULL,NULL,0,NULL,2025-12-10 01:19:32.067,NULL,0,NULL,NULL,NULL,NULL,NULL,NULL,NULL,NULL,Ocean Export,1,NULL,NULL,0,NULL,,NULL,NULL,NULL,NULL,1,0,,Sales & Marketing,NULL,NULL,NULL
3303,2025-12-10 00:00:00.000,INQ1023100,"Gerlach Companies, Inc",NULL,None,None,NULL,By Email,NULL,Auto Generated,NULL,NULL,NULL,NULL,NULL,0,NULL,2025-12-10 01:34:23.267,NULL,1,NULL,NULL,NULL,NULL,NULL,NULL,NULL,NULL,Ocean Export,1,NULL,NULL,0,NULL,,Duplicate,NULL,NULL,NULL,1,0,,Sales & Marketing,NULL,NULL,NULL
3304,2025-12-10 00:00:00.000,INQ1023101,"Big Red Machinery Movers, Inc.",NULL,None,None,NULL,By Email,NULL,"Dale 414-352-6520 cell 262-894-4420 dale@bigredmovers.com 
3645 W Elm St, Milwaukee, WI	WI	 Milwaukee",NULL,NULL,NULL,NULL,NULL,0,NULL,2025-12-10 01:35:59.927,2025-12-16 13:54:54.950,0,NULL,NULL,NULL,NULL,NULL,NULL,NULL,NULL,Ocean Export,1,NULL,NULL,0,NULL,,NULL,NULL,NULL,NULL,1,0,,Sales & Marketing,NULL,NULL,NULL
3305,2025-12-10 00:00:00.000,INQ1023102,Badger Corporation,NULL,None,None,NULL,By Email,NULL,"Brenda Fleisner 920-269-8686  bfleisner@badgercorp.com  990 Richards St Lomira Wisconsin 53048 United States	WI	LOMIRA 53048",NULL,NULL,NULL,NULL,NULL,0,NULL,2025-12-10 01:43:29.310,2025-12-16 13:47:08.543,0,NULL,NULL,NULL,NULL,NULL,NULL,NULL,NULL,Ocean Export,1,NULL,NULL,0,NULL,,NULL,NULL,NULL,NULL,1,0,,Sales & Marketing,NULL,NULL,NULL
3306,2025-12-10 00:00:00.000,INQ1023103,DAYTON TRACTORS & CRANES,NULL,None,None,NULL,By Email,NULL,Auto Generated,NULL,NULL,NULL,NULL,NULL,0,NULL,2025-12-10 02:15:47.790,NULL,1,NULL,NULL,NULL,NULL,NULL,NULL,NULL,NULL,Ocean Export,1,NULL,NULL,0,NULL,,Duplicate,NULL,NULL,NULL,1,0,,Sales & Marketing,NULL,NULL,NULL
3307,2025-12-10 00:00:00.000,INQ1023104,HGR Industrial Surplus,NULL,None,None,NULL,By Email,NULL,Auto Generated,NULL,NULL,NULL,NULL,NULL,0,NULL,2025-12-10 02:20:35.603,NULL,1,NULL,NULL,NULL,NULL,NULL,NULL,NULL,NULL,Ocean Export,1,NULL,NULL,0,NULL,,Duplicate,NULL,NULL,NULL,1,0,,Sales & Marketing,NULL,NULL,NULL
3308,2025-12-10 00:00:00.000,INQ1023105,"Airworks Consignment Auction, LTD",NULL,None,None,NULL,By Email,NULL,Auto Generated,NULL,NULL,NULL,NULL,NULL,0,NULL,2025-12-10 02:30:38.823,NULL,0,NULL,NULL,NULL,NULL,NULL,NULL,NULL,NULL,Ocean Export,1,NULL,NULL,0,NULL,,NULL,NULL,NULL,NULL,1,0,,Sales & Marketing,NULL,NULL,NULL
3309,2025-12-10 00:00:00.000,INQ1023106,Asset IQ Auction Services,NULL,None,None,NULL,By Email,NULL,Auto Generated,NULL,NULL,NULL,NULL,NULL,0,NULL,2025-12-10 02:33:57.057,NULL,0,NULL,NULL,NULL,NULL,NULL,NULL,NULL,NULL,Ocean Export,1,NULL,NULL,0,NULL,,NULL,NULL,NULL,NULL,1,0,,Sales & Marketing,NULL,NULL,NULL
3310,2025-12-10 00:00:00.000,INQ1023111,Oil-Dri Corporation of America,NULL,None,None,NULL,By Email,NULL,Auto Generated,NULL,NULL,NULL,NULL,NULL,0,NULL,2025-12-10 13:45:31.393,NULL,0,NULL,NULL,NULL,NULL,NULL,NULL,NULL,NULL,Ocean Export,1,NULL,NULL,0,NULL,,NULL,NULL,NULL,NULL,1,0,,Inside Sales Group,NULL,NULL,NULL
3311,2025-12-10 00:00:00.000,INQ1023113,The Brewer Company,NULL,None,None,NULL,By Email,NULL,Auto Generated,NULL,NULL,NULL,NULL,NULL,0,NULL,2025-12-10 15:41:37.347,NULL,0,NULL,NULL,NULL,NULL,NULL,NULL,NULL,NULL,Ocean Export,1,NULL,NULL,0,NULL,,NULL,NULL,NULL,NULL,1,0,,Sales & Marketing,NULL,NULL,NULL
3312,2025-12-10 00:00:00.000,INQ1023114,Jacob & Jacob S.A. de C.V.,NULL,None,None,NULL,By Email,NULL,Auto Generated,NULL,NULL,NULL,NULL,NULL,0,NULL,2025-12-10 15:48:43.187,NULL,0,NULL,NULL,NULL,NULL,NULL,NULL,NULL,NULL,Ocean Export,1,NULL,NULL,0,NULL,,NULL,NULL,NULL,NULL,1,0,,Sales & Marketing,NULL,NULL,NULL
3313,2025-12-10 00:00:00.000,INQ1023115,Hosea Project Movers,NULL,None,None,NULL,By Email,NULL,Auto Generated,NULL,NULL,NULL,NULL,NULL,0,NULL,2025-12-10 15:55:06.550,NULL,0,NULL,NULL,NULL,NULL,NULL,NULL,NULL,NULL,Ocean Export,1,NULL,NULL,0,NULL,,NULL,NULL,NULL,NULL,1,0,,Sales & Marketing,NULL,NULL,NULL
3314,2025-12-10 00:00:00.000,INQ1023117,BMS MEDICAL SOLUTION SERVICE,NULL,None,None,NULL,By Email,NULL,Auto Generated,NULL,NULL,NULL,NULL,NULL,0,NULL,2025-12-10 17:08:56.690,NULL,0,NULL,NULL,NULL,NULL,NULL,NULL,NULL,NULL,Ocean Export,1,NULL,NULL,0,NULL,,NULL,NULL,NULL,NULL,1,0,,Sales & Marketing,NULL,NULL,NULL
3315,2025-12-10 00:00:00.000,INQ1023118,"Machinery Unlimited, LLC",NULL,None,None,NULL,By Email,NULL,Auto Generated,NULL,NULL,NULL,NULL,NULL,0,NULL,2025-12-10 17:48:35.710,NULL,0,NULL,NULL,NULL,NULL,NULL,NULL,NULL,NULL,Ocean Export,1,NULL,NULL,0,NULL,,NULL,NULL,NULL,NULL,1,0,,Sales & Marketing,NULL,NULL,NULL
3316,2025-12-10 00:00:00.000,INQ1023119,Freight world group logistics,NULL,None,None,NULL,By Email,NULL,Auto Generated,NULL,NULL,NULL,NULL,NULL,0,NULL,2025-12-10 17:57:48.390,NULL,0,NULL,NULL,NULL,NULL,NULL,NULL,NULL,NULL,Ocean Export,1,NULL,NULL,0,NULL,,NULL,NULL,NULL,NULL,1,0,,Sales & Marketing,NULL,NULL,NULL
3317,2025-12-11 00:00:00.000,INQ1023121,SHUGRI HAAJI SALAD,NULL,None,None,NULL,By Email,NULL,Auto Generated,NULL,NULL,NULL,NULL,NULL,0,NULL,2025-12-11 15:15:41.213,NULL,0,NULL,NULL,NULL,NULL,NULL,NULL,NULL,NULL,Ocean Export,1,NULL,NULL,0,NULL,,NULL,NULL,NULL,NULL,1,0,,MUMBAI (MUM),NULL,NULL,NULL
3318,2025-12-11 00:00:00.000,INQ1023131,PITCO,NULL,None,None,NULL,By Email,NULL,Auto Generated,NULL,NULL,NULL,NULL,NULL,0,NULL,2025-12-11 19:13:49.070,NULL,0,NULL,NULL,NULL,NULL,NULL,NULL,NULL,NULL,Ocean Export,1,NULL,NULL,0,NULL,,NULL,NULL,NULL,NULL,1,0,,Sales & Marketing,NULL,NULL,NULL
3319,2025-12-11 00:00:00.000,INQ1023132,Al Kazemi Group,NULL,None,None,NULL,By Email,NULL,Auto Generated,NULL,NULL,NULL,NULL,NULL,0,NULL,2025-12-11 19:20:25.237,NULL,0,NULL,NULL,NULL,NULL,NULL,NULL,NULL,NULL,Ocean Export,1,NULL,NULL,0,NULL,,NULL,NULL,NULL,NULL,1,0,,MUMBAI (MUM),NULL,NULL,NULL
3320,2025-12-11 00:00:00.000,INQ1023133,NRB Industrial Bearings Ltd.,NULL,None,None,NULL,By Email,NULL,Auto Generated,NULL,NULL,NULL,NULL,NULL,0,NULL,2025-12-11 19:31:03.977,NULL,0,NULL,NULL,NULL,NULL,NULL,NULL,NULL,NULL,Ocean Export,1,NULL,NULL,0,NULL,,NULL,NULL,NULL,NULL,1,0,,Sales & Marketing,NULL,NULL,NULL
3321,2025-12-11 00:00:00.000,INQ1023134,TRAVERSE GLOBAL SHIPPING L.L.C,NULL,None,None,NULL,By Email,NULL,Auto Generated,NULL,NULL,NULL,NULL,NULL,0,NULL,2025-12-11 19:40:16.007,NULL,0,NULL,NULL,NULL,NULL,NULL,NULL,NULL,NULL,Ocean Export,1,NULL,NULL,0,NULL,,NULL,NULL,NULL,NULL,1,0,,Sales & Marketing,NULL,NULL,NULL
3322,2025-12-13 00:00:00.000,INQ1023145,"Gerlach Companies, Inc",NULL,None,None,NULL,By Email,NULL,"Michael 262-367-4950 GerlachCo@aol.com 139 E Capitol Dr #4, Hartland, WI 53029, United States	WI	HARTLAND	53029",NULL,NULL,NULL,NULL,NULL,0,NULL,2025-12-13 19:50:58.047,2025-12-16 14:52:53.810,0,NULL,NULL,NULL,NULL,NULL,NULL,NULL,NULL,Ocean Export,1,NULL,NULL,0,NULL,,NULL,NULL,NULL,NULL,1,0,,Sales & Marketing,NULL,NULL,NULL
3323,2025-12-13 00:00:00.000,INQ1023146,Galaxie Corporation.,NULL,None,None,NULL,By Email,NULL,Auto Generated,NULL,NULL,NULL,NULL,NULL,0,NULL,2025-12-13 20:15:03.797,NULL,0,NULL,NULL,NULL,NULL,NULL,NULL,NULL,NULL,Ocean Export,1,NULL,NULL,0,NULL,,NULL,NULL,NULL,NULL,1,0,,Sales & Marketing,NULL,NULL,NULL
3324,2025-12-13 00:00:00.000,INQ1023147,"Buddy Barton Auctions, LLC",NULL,None,None,NULL,By Email,NULL,Auto Generated,NULL,NULL,NULL,NULL,NULL,0,NULL,2025-12-13 20:39:46.193,NULL,0,NULL,NULL,NULL,NULL,NULL,NULL,NULL,NULL,Ocean Export,1,NULL,NULL,0,NULL,,NULL,NULL,NULL,NULL,1,0,,Sales & Marketing,NULL,NULL,NULL
3325,2025-12-13 00:00:00.000,INQ1023148,Bussey Bros. Auctioneers,NULL,None,None,NULL,By Email,NULL,Auto Generated,NULL,NULL,NULL,NULL,NULL,0,NULL,2025-12-13 20:54:51.650,NULL,0,NULL,NULL,NULL,NULL,NULL,NULL,NULL,NULL,Ocean Export,1,NULL,NULL,0,NULL,,NULL,NULL,NULL,NULL,1,0,,Sales & Marketing,NULL,NULL,NULL
3326,2025-12-13 00:00:00.000,INQ1023149,"CIA Industrial, LLC",NULL,None,None,NULL,By Email,NULL,Auto Generated,NULL,NULL,NULL,NULL,NULL,0,NULL,2025-12-13 21:04:55.770,NULL,0,NULL,NULL,NULL,NULL,NULL,NULL,NULL,NULL,Ocean Export,1,NULL,NULL,0,NULL,,NULL,NULL,NULL,NULL,1,0,,Sales & Marketing,NULL,NULL,NULL
3327,2025-12-13 00:00:00.000,INQ1023150,ERC Auction Services,NULL,None,None,NULL,By Email,NULL,Auto Generated,NULL,NULL,NULL,NULL,NULL,0,NULL,2025-12-13 21:15:36.273,NULL,0,NULL,NULL,NULL,NULL,NULL,NULL,NULL,NULL,Ocean Export,1,NULL,NULL,0,NULL,,NULL,NULL,NULL,NULL,1,0,,Sales & Marketing,NULL,NULL,NULL
3328,2025-12-16 00:00:00.000,INQ1023156,Shire Post Mint,NULL,None,None,NULL,By Email,NULL,Auto Generated,NULL,NULL,NULL,NULL,NULL,0,NULL,2025-12-16 10:32:18.343,NULL,0,NULL,NULL,NULL,NULL,NULL,NULL,NULL,NULL,Ocean Export,1,NULL,NULL,0,NULL,,NULL,NULL,NULL,NULL,1,0,,New Jersey (EWR),NULL,NULL,NULL
3329,2025-12-17 00:00:00.000,INQ1023171,A2C Equipment Solutions,NULL,None,None,NULL,By Email,NULL,Auto Generated,NULL,NULL,NULL,NULL,NULL,0,NULL,2025-12-17 11:43:59.210,NULL,0,NULL,NULL,NULL,NULL,NULL,NULL,NULL,NULL,Ocean Export,1,NULL,NULL,0,NULL,,NULL,NULL,NULL,NULL,1,0,,New Jersey (EWR),NULL,NULL,NULL
3330,2025-12-17 00:00:00.000,INQ1023172,"Barliant Auctions, Inc.",NULL,None,None,NULL,By Email,NULL,Auto Generated,NULL,NULL,NULL,NULL,NULL,0,NULL,2025-12-17 11:46:59.883,NULL,0,NULL,NULL,NULL,NULL,NULL,NULL,NULL,NULL,Ocean Export,1,NULL,NULL,0,NULL,,NULL,NULL,NULL,NULL,1,0,,New Jersey (EWR),NULL,NULL,NULL
3331,2025-12-17 00:00:00.000,INQ1023173,CARGOONE,NULL,None,None,NULL,By Email,NULL,Auto Generated,NULL,NULL,NULL,NULL,NULL,0,NULL,2025-12-17 12:04:21.677,NULL,0,NULL,NULL,NULL,NULL,NULL,NULL,NULL,NULL,Ocean Export,1,NULL,NULL,0,NULL,,NULL,NULL,NULL,NULL,1,0,,New Jersey (EWR),NULL,NULL,NULL
3332,2025-12-17 00:00:00.000,INQ1023174,Centurion Service Group,NULL,None,None,NULL,By Email,NULL,Auto Generated,NULL,NULL,NULL,NULL,NULL,0,NULL,2025-12-17 12:08:34.403,NULL,0,NULL,NULL,NULL,NULL,NULL,NULL,NULL,NULL,Ocean Export,1,NULL,NULL,0,NULL,,NULL,NULL,NULL,NULL,1,0,,New Jersey (EWR),NULL,NULL,NULL
3333,2025-12-17 00:00:00.000,INQ1023175,"Glenn A. Winternitz, LLC",NULL,None,None,NULL,By Email,NULL,Auto Generated,NULL,NULL,NULL,NULL,NULL,0,NULL,2025-12-17 12:12:47.143,NULL,0,NULL,NULL,NULL,NULL,NULL,NULL,NULL,NULL,Ocean Export,1,NULL,NULL,0,NULL,,NULL,NULL,NULL,NULL,1,0,,New Jersey (EWR),NULL,NULL,NULL
3334,2025-12-17 00:00:00.000,INQ1023176,IE MACHINES,NULL,None,None,NULL,By Email,NULL,Auto Generated,NULL,NULL,NULL,NULL,NULL,0,NULL,2025-12-17 12:15:51.133,NULL,0,NULL,NULL,NULL,NULL,NULL,NULL,NULL,NULL,Ocean Export,1,NULL,NULL,0,NULL,,NULL,NULL,NULL,NULL,1,0,,Sales & Marketing,NULL,NULL,NULL
3335,2025-12-17 00:00:00.000,INQ1023177,A2C Equipment Solutions,NULL,None,None,NULL,By Email,NULL,Auto Generated,NULL,NULL,NULL,NULL,NULL,0,NULL,2025-12-17 12:16:53.807,NULL,0,NULL,NULL,NULL,NULL,NULL,NULL,NULL,NULL,Ocean Export,1,NULL,NULL,0,NULL,,NULL,NULL,NULL,NULL,1,0,,Sales & Marketing,NULL,NULL,NULL
3336,2025-12-17 00:00:00.000,INQ1023178,"Barliant Auctions, Inc.",NULL,None,None,NULL,By Email,NULL,"815-570-2488 518 Reimann Avenue Sandwich, Il 60548 info@barliant.co; barliant@aol.com barliantauctions.com",NULL,NULL,NULL,NULL,NULL,0,NULL,2025-12-17 12:19:40.610,2025-12-22 13:52:53.343,0,NULL,NULL,NULL,NULL,NULL,NULL,NULL,NULL,Ocean Export,1,NULL,NULL,0,NULL,,NULL,NULL,NULL,NULL,1,0,,Sales & Marketing,NULL,NULL,NULL
3337,2025-12-17 00:00:00.000,INQ1023179,Centurion Service Group,NULL,None,None,NULL,By Email,NULL,Auto Generated,NULL,NULL,NULL,NULL,NULL,0,NULL,2025-12-17 12:20:24.490,NULL,0,NULL,NULL,NULL,NULL,NULL,NULL,NULL,NULL,Ocean Export,1,NULL,NULL,0,NULL,,NULL,NULL,NULL,NULL,1,0,,Sales & Marketing,NULL,NULL,NULL
3338,2025-12-17 00:00:00.000,INQ1023180,"Glenn A. Winternitz, LLC",NULL,None,None,NULL,By Email,NULL,Auto Generated,NULL,NULL,NULL,NULL,NULL,0,NULL,2025-12-17 12:24:18.447,NULL,0,NULL,NULL,NULL,NULL,NULL,NULL,NULL,NULL,Ocean Export,1,NULL,NULL,0,NULL,,NULL,NULL,NULL,NULL,1,0,,Sales & Marketing,NULL,NULL,NULL
3339,2025-12-17 00:00:00.000,INQ1023181,LOEB EQUIPMENT,NULL,None,None,NULL,By Email,NULL,Auto Generated,NULL,NULL,NULL,NULL,NULL,0,NULL,2025-12-17 12:25:33.070,NULL,1,NULL,NULL,NULL,NULL,NULL,NULL,NULL,NULL,Ocean Export,1,NULL,NULL,0,NULL,,duplicate,NULL,NULL,NULL,1,0,,Sales & Marketing,NULL,NULL,NULL
3340,2025-12-17 00:00:00.000,INQ1023182,"Perfection Global, LLC.",NULL,None,None,NULL,By Email,NULL,Auto Generated,NULL,NULL,NULL,NULL,NULL,0,NULL,2025-12-17 12:30:26.193,NULL,0,NULL,NULL,NULL,NULL,NULL,NULL,NULL,NULL,Ocean Export,1,NULL,NULL,0,NULL,,NULL,NULL,NULL,NULL,1,0,,Sales & Marketing,NULL,NULL,NULL
3341,2025-12-17 00:00:00.000,INQ1023183,PERFECTION MACHINERY,NULL,None,None,NULL,By Email,NULL,Auto Generated,NULL,NULL,NULL,NULL,NULL,0,NULL,2025-12-17 12:32:34.370,NULL,0,NULL,NULL,NULL,NULL,NULL,NULL,NULL,NULL,Ocean Export,1,NULL,NULL,0,NULL,,NULL,NULL,NULL,NULL,1,0,,Sales & Marketing,NULL,NULL,NULL
3342,2025-12-17 00:00:00.000,INQ1023185,Logos Trading Corporation,NULL,None,None,NULL,By Email,NULL,Auto Generated,NULL,NULL,NULL,NULL,NULL,0,NULL,2025-12-17 14:38:21.207,NULL,0,NULL,NULL,NULL,NULL,NULL,NULL,NULL,NULL,Ocean Export,1,NULL,NULL,0,NULL,,NULL,NULL,NULL,NULL,1,0,,New Jersey (EWR),NULL,NULL,NULL
3343,2025-12-17 00:00:00.000,INQ1023186,iMedical Healthcare Solutions,NULL,None,None,NULL,By Email,NULL,Auto Generated,NULL,NULL,NULL,NULL,NULL,0,NULL,2025-12-17 15:03:42.990,NULL,0,NULL,NULL,NULL,NULL,NULL,NULL,NULL,NULL,Ocean Export,1,NULL,NULL,0,NULL,,NULL,NULL,NULL,NULL,1,0,,Inside Sales Group,NULL,NULL,NULL
3344,2025-12-18 00:00:00.000,INQ1023189,Ready Machinery Movers,NULL,None,None,NULL,By Email,NULL,Auto Generated,NULL,NULL,NULL,NULL,NULL,0,NULL,2025-12-18 11:26:26.410,NULL,0,NULL,NULL,NULL,NULL,NULL,NULL,NULL,NULL,Ocean Export,1,NULL,NULL,0,NULL,,NULL,NULL,NULL,NULL,1,0,,New Jersey (EWR),NULL,NULL,NULL
3345,2025-12-18 00:00:00.000,INQ1023191,Kenco Machinery Movers & Millwrights Ltd.,NULL,None,None,NULL,By Email,NULL,Auto Generated,NULL,NULL,NULL,NULL,NULL,0,NULL,2025-12-18 11:43:49.860,NULL,0,NULL,NULL,NULL,NULL,NULL,NULL,NULL,NULL,Ocean Export,1,NULL,NULL,0,NULL,,NULL,NULL,NULL,NULL,1,0,,New Jersey (EWR),NULL,NULL,NULL
3346,2025-12-18 00:00:00.000,INQ1023192,LOEB EQUIPMENT,NULL,None,None,NULL,By Email,NULL,Michele Chappel Office Administrator 773-496-5742  8609 W Bryn Mawr Ave Ste 208 Chicago Il 60631,NULL,NULL,NULL,NULL,NULL,0,NULL,2025-12-18 11:52:13.840,2026-01-06 09:43:24.770,0,NULL,NULL,NULL,NULL,NULL,NULL,NULL,NULL,Ocean Export,1,NULL,NULL,0,NULL,,NULL,NULL,NULL,NULL,1,0,,Sales & Marketing,NULL,NULL,NULL
3347,2025-12-18 00:00:00.000,INQ1023193,VIKING RIGGING & Logistics Services Inc,NULL,None,None,NULL,By Email,NULL,Auto Generated,NULL,NULL,NULL,NULL,NULL,0,NULL,2025-12-18 12:41:40.317,NULL,0,NULL,NULL,NULL,NULL,NULL,NULL,NULL,NULL,Ocean Export,1,NULL,NULL,0,NULL,,NULL,NULL,NULL,NULL,1,0,,Sales & Marketing,NULL,NULL,NULL
3348,2025-12-18 00:00:00.000,INQ1023194,HYPER ASSET MAXIMIZATION SERVICES,NULL,None,None,NULL,By Email,NULL,Auto Generated,NULL,NULL,NULL,NULL,NULL,0,NULL,2025-12-18 12:45:26.970,NULL,0,NULL,NULL,NULL,NULL,NULL,NULL,NULL,NULL,Ocean Export,1,NULL,NULL,0,NULL,,NULL,NULL,NULL,NULL,1,0,,Sales & Marketing,NULL,NULL,NULL
3351,2025-12-29 00:00:00.000,INQ1023231,Amro Yahiya,NULL,None,None,NULL,By Email,NULL,Auto Generated,NULL,NULL,NULL,NULL,NULL,0,NULL,2025-12-29 14:57:58.797,NULL,0,NULL,NULL,NULL,NULL,NULL,NULL,NULL,NULL,Ocean Export,1,NULL,NULL,0,NULL,,NULL,NULL,NULL,NULL,1,0,,New Jersey (EWR),NULL,NULL,NULL
3352,2025-12-30 00:00:00.000,INQ1023236,Dr. Rege Kuttothara,NULL,None,None,NULL,By Email,NULL,Auto Generated,NULL,NULL,NULL,NULL,NULL,0,NULL,2025-12-30 16:19:34.700,2025-12-30 16:21:08.717,0,NULL,NULL,NULL,NULL,NULL,NULL,NULL,NULL,Ocean Export,1,NULL,NULL,0,NULL,,NULL,NULL,NULL,NULL,1,1,,New Jersey (EWR),NULL,NULL,NULL
3353,2025-12-30 00:00:00.000,INQ1023237,Dr. Rege Kuttothara,NULL,None,None,NULL,By Email,NULL,Auto Generated,NULL,NULL,NULL,NULL,NULL,0,NULL,2025-12-30 16:19:48.823,2025-12-30 16:21:15.780,0,NULL,NULL,NULL,NULL,NULL,NULL,NULL,NULL,Ocean Export,1,NULL,NULL,0,NULL,,NULL,NULL,NULL,NULL,1,1,,New Jersey (EWR),NULL,NULL,NULL
3354,2025-12-30 00:00:00.000,INQ1023239,LR FORWARDING.,NULL,None,None,NULL,By Email,NULL,Auto Generated,NULL,NULL,NULL,NULL,NULL,0,NULL,2025-12-30 17:10:36.060,NULL,0,NULL,NULL,NULL,NULL,NULL,NULL,NULL,NULL,Ocean Export,1,NULL,NULL,0,NULL,,NULL,NULL,NULL,NULL,1,0,,Hamid Hussaini,NULL,NULL,NULL
3355,2026-01-05 00:00:00.000,INQ1023250,NCube Logistics,NULL,None,None,NULL,By Email,NULL,Auto Generated,NULL,NULL,NULL,NULL,NULL,0,NULL,2026-01-05 13:11:54.707,2026-01-05 13:13:15.197,0,NULL,NULL,NULL,NULL,NULL,NULL,NULL,NULL,Ocean Export,1,NULL,NULL,0,NULL,,NULL,NULL,NULL,NULL,1,1,,New Jersey (EWR),NULL,NULL,NULL
3356,2026-01-05 00:00:00.000,INQ1023251,NCube Logistics,NULL,None,None,NULL,By Email,NULL,Auto Generated,NULL,NULL,NULL,NULL,NULL,0,NULL,2026-01-05 13:12:24.150,NULL,0,NULL,NULL,NULL,NULL,NULL,NULL,NULL,NULL,Ocean Export,1,NULL,NULL,0,NULL,,NULL,NULL,NULL,NULL,1,0,,New Jersey (EWR),NULL,NULL,NULL
3357,2026-01-05 00:00:00.000,INQ4048,NCube Logistics,NULL,None,None,NULL,By Email,NULL,Auto Generated,NULL,NULL,NULL,NULL,NULL,0,NULL,2026-01-05 13:13:05.553,NULL,0,NULL,NULL,NULL,NULL,NULL,NULL,NULL,NULL,Air Import,1,NULL,NULL,0,NULL,,NULL,NULL,NULL,NULL,1,1,,New Jersey (EWR),NULL,NULL,NULL
3358,2026-01-06 00:00:00.000,INQ1023255,"123 Security Products, Inc.",NULL,None,None,NULL,By Email,NULL,Auto Generated,NULL,NULL,NULL,NULL,NULL,0,NULL,2026-01-06 09:35:14.857,NULL,0,NULL,NULL,NULL,NULL,NULL,NULL,NULL,NULL,Ocean Export,1,NULL,NULL,0,NULL,,NULL,NULL,NULL,NULL,1,0,,New Jersey (EWR),NULL,NULL,NULL
3359,2026-01-06 00:00:00.000,INQ1023257,OR LOGISTICS,NULL,None,None,NULL,By Email,NULL,Auto Generated,NULL,NULL,NULL,NULL,NULL,0,NULL,2026-01-06 11:49:37.360,NULL,1,NULL,NULL,NULL,NULL,NULL,NULL,NULL,NULL,Ocean Export,1,NULL,NULL,0,NULL,,bad copy,NULL,NULL,NULL,1,0,,New Jersey (EWR),NULL,NULL,NULL
3361,2026-01-06 00:00:00.000,INQ1023266,Empire Cat,NULL,None,None,NULL,By Email,NULL,Auto Generated,NULL,NULL,NULL,NULL,NULL,0,NULL,2026-01-06 17:56:17.933,NULL,0,NULL,NULL,NULL,NULL,NULL,NULL,NULL,NULL,Ocean Export,1,NULL,NULL,0,NULL,,NULL,NULL,NULL,NULL,1,0,,Sales & Marketing,NULL,NULL,NULL
3362,2026-01-06 00:00:00.000,INQ1023267,Empire Cat,NULL,None,None,NULL,By Email,NULL,Auto Generated,NULL,NULL,NULL,NULL,NULL,0,NULL,2026-01-06 18:03:55.630,NULL,0,NULL,NULL,NULL,NULL,NULL,NULL,NULL,NULL,Ocean Export,1,NULL,NULL,0,NULL,,NULL,NULL,NULL,NULL,1,0,,Sales & Marketing,NULL,NULL,NULL
3363,2026-01-07 00:00:00.000,INQ1023273,iMedical Healthcare GREENDALE IN,NULL,None,None,NULL,By Email,NULL,Auto Generated,NULL,NULL,NULL,NULL,NULL,0,NULL,2026-01-07 15:18:00.417,NULL,0,NULL,NULL,NULL,NULL,NULL,NULL,NULL,NULL,Ocean Export,1,NULL,NULL,0,NULL,,NULL,NULL,NULL,NULL,1,0,,New Jersey (EWR),NULL,NULL,NULL
3364,2026-01-08 00:00:00.000,INQ1023283,2 STARS BROTHERS EQUIPMENT,NULL,None,None,NULL,By Email,NULL,Auto Generated,NULL,NULL,NULL,NULL,NULL,0,NULL,2026-01-08 16:54:20.217,NULL,1,NULL,NULL,NULL,NULL,NULL,NULL,NULL,NULL,Ocean Export,1,NULL,NULL,0,NULL,,duplicate,NULL,NULL,NULL,1,0,,Inside Sales Group,NULL,NULL,NULL
3365,2026-01-08 00:00:00.000,INQ1023284,2 STARS BROTHERS EQUIPMENT,NULL,None,None,NULL,By Email,NULL,IS SALE TO FOLLOW,NULL,NULL,NULL,NULL,NULL,0,NULL,2026-01-08 16:55:55.170,2026-01-08 16:57:36.657,0,NULL,NULL,NULL,NULL,NULL,NULL,NULL,NULL,Ocean Export,1,NULL,NULL,0,NULL,,NULL,NULL,NULL,NULL,1,0,,New Jersey (EWR),NULL,NULL,NULL
3366,2026-01-08 00:00:00.000,INQ1023285,ABDEL ALAUSSOS,NULL,None,None,NULL,By Email,NULL,Auto Generated,NULL,NULL,NULL,NULL,NULL,0,NULL,2026-01-08 17:08:59.377,NULL,1,NULL,NULL,NULL,NULL,NULL,NULL,NULL,NULL,Ocean Export,1,NULL,NULL,0,NULL,,DUPLICATE,NULL,NULL,NULL,1,0,,Inside Sales Group,NULL,NULL,NULL
3367,2026-01-09 00:00:00.000,INQ1023294,MURJAN LOGISTICS,NULL,None,None,NULL,By Email,NULL,Auto Generated,NULL,NULL,NULL,NULL,NULL,0,NULL,2026-01-09 15:17:43.683,NULL,1,NULL,NULL,NULL,NULL,NULL,NULL,NULL,NULL,Ocean Export,1,NULL,NULL,0,NULL,,duplicate,NULL,NULL,NULL,1,0,,Inside Sales Group,NULL,NULL,NULL
3368,2026-01-09 00:00:00.000,INQ1023295,ALWICK LOGISTICS (P) LTD,NULL,None,None,NULL,By Email,NULL,Auto Generated,NULL,NULL,NULL,NULL,NULL,0,NULL,2026-01-09 15:35:23.547,NULL,0,NULL,NULL,NULL,NULL,NULL,NULL,NULL,NULL,Ocean Export,1,NULL,NULL,0,NULL,,NULL,NULL,NULL,NULL,1,0,,Inside Sales Group,NULL,NULL,NULL
3369,2026-01-12 00:00:00.000,INQ1023296,C&M™ Global Broker  Engineering,NULL,None,None,NULL,By Email,NULL,IS TO FOLLOW,NULL,NULL,NULL,NULL,NULL,0,NULL,2026-01-12 09:07:27.390,2026-01-12 09:08:22.740,0,NULL,NULL,NULL,NULL,NULL,NULL,NULL,NULL,Ocean Export,1,NULL,NULL,0,NULL,,NULL,NULL,NULL,NULL,1,0,,Inside Sales Group,NULL,NULL,NULL
3370,2026-01-12 00:00:00.000,INQ1023297,USI freight solution,NULL,None,None,NULL,By Email,NULL,IS TO FOLLOW,NULL,NULL,NULL,NULL,NULL,0,NULL,2026-01-12 09:12:56.310,2026-01-12 09:14:26.280,0,NULL,NULL,NULL,NULL,NULL,NULL,NULL,NULL,Ocean Export,1,NULL,NULL,0,NULL,,NULL,NULL,NULL,NULL,1,0,,Inside Sales Group,NULL,NULL,NULL
3371,2026-01-12 00:00:00.000,INQ1023298,COBRA CARGO,NULL,None,None,NULL,By Email,NULL,Auto Generated,NULL,NULL,NULL,NULL,NULL,0,NULL,2026-01-12 10:13:48.747,NULL,1,NULL,NULL,NULL,NULL,NULL,NULL,NULL,NULL,Ocean Export,1,NULL,NULL,0,NULL,,DUPLICATE,NULL,NULL,NULL,1,0,,Inside Sales Group,NULL,NULL,NULL
3372,2026-01-12 00:00:00.000,INQ1023299,COBRA CARGO,NULL,None,None,NULL,By Email,NULL,IS TO FOLLOW,NULL,NULL,NULL,NULL,NULL,0,NULL,2026-01-12 10:18:57.620,2026-01-13 13:05:10.317,0,NULL,NULL,NULL,NULL,NULL,NULL,NULL,NULL,Ocean Export,1,NULL,NULL,0,NULL,,NULL,NULL,NULL,NULL,1,0,,Inside Sales Group,NULL,NULL,NULL
3374,2026-01-12 00:00:00.000,INQ1023305,Jose Altagracia Diaz,NULL,None,None,NULL,By Email,NULL,Auto Generated,NULL,NULL,NULL,NULL,NULL,0,NULL,2026-01-12 14:45:32.917,NULL,0,NULL,NULL,NULL,NULL,NULL,NULL,NULL,NULL,Ocean Export,1,NULL,NULL,0,NULL,,NULL,NULL,NULL,NULL,1,0,,New Jersey (EWR),NULL,NULL,NULL
3375,2026-01-13 00:00:00.000,INQ1023309,CARGO PLACEMCES SERVICES AND AGENCIES PCT LTD,NULL,None,None,NULL,By Email,NULL,IS TO FOLLOW,NULL,NULL,NULL,NULL,NULL,0,NULL,2026-01-13 14:53:13.073,2026-01-13 14:58:09.207,0,NULL,NULL,NULL,NULL,NULL,NULL,NULL,NULL,Ocean Export,1,NULL,NULL,0,NULL,,NULL,NULL,NULL,NULL,1,0,,Inside Sales Group,NULL,NULL,NULL
3376,2026-01-13 00:00:00.000,INQ1023311,Arrow Line Shipping Co.,NULL,None,None,NULL,By Email,NULL,IS TO FOLLOW,NULL,NULL,NULL,NULL,NULL,0,NULL,2026-01-13 15:42:19.137,2026-01-13 15:44:12.860,0,NULL,NULL,NULL,NULL,NULL,NULL,NULL,NULL,Ocean Export,1,NULL,NULL,0,NULL,,NULL,NULL,NULL,NULL,1,0,,Inside Sales Group,NULL,NULL,NULL
3377,2026-01-13 00:00:00.000,INQ1023312,7STAR Brokerage,NULL,None,None,NULL,By Email,NULL,Auto Generated,NULL,NULL,NULL,NULL,NULL,0,NULL,2026-01-13 16:06:44.573,NULL,0,NULL,NULL,NULL,NULL,NULL,NULL,NULL,NULL,Ocean Export,1,NULL,NULL,0,NULL,,NULL,NULL,NULL,NULL,1,0,,New Jersey (EWR),NULL,NULL,NULL
3378,2026-01-13 00:00:00.000,INQ1023313,THREE LINE SHIPPING LLC,NULL,None,None,NULL,By Email,NULL,IS TO FOLLOW,NULL,NULL,NULL,NULL,NULL,0,NULL,2026-01-13 16:09:52.490,2026-01-13 16:11:44.080,0,NULL,NULL,NULL,NULL,NULL,NULL,NULL,NULL,Ocean Export,1,NULL,NULL,0,NULL,,NULL,NULL,NULL,NULL,1,0,,Inside Sales Group,NULL,NULL,NULL
3379,2026-01-13 00:00:00.000,INQ1023314,EFS LOGISTICS,NULL,None,None,NULL,By Email,NULL,IS TO FOLLOW,NULL,NULL,NULL,NULL,NULL,0,NULL,2026-01-13 16:20:20.203,2026-01-13 16:23:29.293,0,NULL,NULL,NULL,NULL,NULL,NULL,NULL,NULL,Ocean Export,1,NULL,NULL,0,NULL,,NULL,NULL,NULL,NULL,1,0,,Inside Sales Group,NULL,NULL,NULL
3380,2026-01-14 00:00:00.000,INQ1023316,TLD GLOBAL SHIPPING,NULL,None,None,NULL,By Email,NULL,Auto Generated,NULL,NULL,NULL,NULL,NULL,0,NULL,2026-01-14 11:04:38.817,NULL,0,NULL,NULL,NULL,NULL,NULL,NULL,NULL,NULL,Ocean Export,1,NULL,NULL,0,NULL,,NULL,NULL,NULL,NULL,1,0,,Inside Sales Group,NULL,NULL,NULL
120,2018-09-13 00:00:00.000,INQ107044,Hasan Sabry,NULL,None,None,1,By Mail,NULL,Waiting for more information regarding the shipment,NULL,NULL,NULL,NULL,,0,NULL,2018-09-14 12:55:11.083,NULL,1,NULL,NULL,NULL,NULL,NULL,NULL,NULL,NULL,Ocean Export,1,NULL,NULL,0,NULL,NULL,no longer in progress,NULL,1,NULL,1,NULL,NULL,CAIRO (CAI),NULL,NULL,NULL
135,2018-10-25 00:00:00.000,INQ107186,Junk Trucks  Wanted LLC1111,2018-11-06 00:00:00.000,Savannah,Port Said,1,By Mail,NULL,NA,NULL,NULL,NULL,NULL,NULL,0,NULL,2018-11-05 11:50:34.510,NULL,1,NULL,NULL,USA,Egypt,NULL,NULL,NULL,NULL,Ocean Export,1,NULL,NULL,0,NULL,NULL,NA,NULL,2,6574,1,NULL,NULL,MUMBAI (MUM),NULL,6517,NULL
2378,2025-03-20 00:00:00.000,INQ1020958,"Energy Kinetics, LLC",NULL,None,None,NULL,By Mail,NULL,test,NULL,NULL,NULL,NULL,NULL,0,NULL,2025-03-20 11:25:31.493,NULL,0,NULL,NULL,NULL,NULL,NULL,NULL,NULL,NULL,Ocean Export,1,NULL,NULL,0,NULL,NULL,NULL,NULL,NULL,NULL,1,0,,CAM,NULL,NULL,NULL
NULL,NULL,NULL,NULL,NULL,NULL,NULL,NULL,By Telecall,NULL,NULL,NULL,NULL,NULL,NULL,NULL,NULL,NULL,NULL,NULL,NULL,NULL,NULL,NULL,NULL,NULL,NULL,NULL,NULL,NULL,NULL,NULL,NULL,NULL,NULL,NULL,NULL,NULL,NULL,NULL,NULL,NULL,NULL,NULL,NULL,NULL,NULL
