tenant_id,assembly_models,code_form_no,ata_code,reference_amp,description,category_code,issue_date,directive_no,is_rii,show_in_c_of_a,estimated_man_hours,note,applicability
157b8d12-c115-446e-a4dc-d12077751fe2,b9b6e5b8-7080-440f-9510-e1a67e3b855b,"""DGCA / NEW MISCELLANEOUS / 153R16""",25,EASA AD 2015-0226R8,ATA 25 - Equipment / Furnishings - Hoist - Test / Replacement.,MIS,22-Jul-2025,"""DGCA / NEW MISCELLANEOUS / 153R16""",,,0:00,,"This AD applies to the following helicopters, when equipped with a Goodrich hoist having a Part Number (P/N) as listed in Table 1 of this AD: Leonardo AW109SP, AB139, AW139 and AB412 (all models) helicopters, all serial numbers (s/n); BTI 212, 214 and 412 helicopters (all models), all s/n; BTCL 429 and 430 helicopters, all s/n; AH AS 365 N3, AS 332 L2 and EC225 LP helicopters, all s/n; AHD MBB-BK117 C-2, EC135 and EC635 (all models) helicopters, all s/n; MDHI MD900 helicopters, all s/n; and Sikorsky S-61 (all models), S-76A, S-76B, S-76C and S-92A helicopters, all s/n."
157b8d12-c115-446e-a4dc-d12077751fe2,b9b6e5b8-7080-440f-9510-e1a67e3b855b,"""DGCA / NEW MISCELLANEOUS / 265""",25,FAA AD 2025-16-09,"Air Transport Association (ATA) of America Code:25, Equipment/Furnishings, or Joint Aircraft System Component (JASC) Code 2500, Cabin Equipment/Furnishing; and 2510, flight Compartment Equipment.",MIS,22-Aug-2025,"""DGCA / NEW MISCELLANEOUS / 265""",,,0:00,,"This AD applies to all airplanes, certified in any category, with a restraint system with a Pacific Scientific Company rotary buckle assembly (buckle) part number (P/N) 1111475 (all dash numbers) or P/N 1111548-01 installed having a date of manufacture (DOM) between January 2012 and April 2013 inclusive, or an unknown DOM. These buckle may be installed on, but not limited to, The Boeing Company model airplanes."
157b8d12-c115-446e-a4dc-d12077751fe2,b9b6e5b8-7080-440f-9510-e1a67e3b855b,,100,,delete,(X),05-Sep-2002,.,,,0:00,,delete
157b8d12-c115-446e-a4dc-d12077751fe2,b9b6e5b8-7080-440f-9510-e1a67e3b855b,75-03,75,ABS76-75-3,AIR - Engine Air Particle Separator (EAPS) System - Installation of Provisions/Conversion to Operational Status,SB$,23-Jul-1981,ABS76-75-3,,,0:00,,"Model S76 SS Nos. 76005 thru 76007, 760001 thru 760011, 760018 thru 760088."
157b8d12-c115-446e-a4dc-d12077751fe2,b9b6e5b8-7080-440f-9510-e1a67e3b855b,,21,ASB 76-21-07 Rev.A,delete,(X),10-Aug-2009,ASB 76-21-07 Rev.A,,,0:00,,
157b8d12-c115-446e-a4dc-d12077751fe2,b9b6e5b8-7080-440f-9510-e1a67e3b855b,21-01,21,ASB 76-21-1,Air Conditioning-Vent System-Installation Of Additional Cockpit Vents,SB$,06-Feb-1981,ASB 76-21-1,,,0:00,,"Model S 76 SS No 76003,76005 thru 76007. SS No 760001 thru 760088. Component: 76211-03012-049 and -050 assemblies"
157b8d12-c115-446e-a4dc-d12077751fe2,b9b6e5b8-7080-440f-9510-e1a67e3b855b,21-04,21,ASB 76-21-4 Rev.A,AIR CONDITIONING SYSTEM - Aero Aire Air Conditioning System - Soft-Start Assembly - Inspection of,SB,24-Feb-1998,ASB 76-21-4 Rev.A,,,0:00,,All S-76 helicopters with Aero Aire Air Conditioning System S-76A-1-2 installed
157b8d12-c115-446e-a4dc-d12077751fe2,b9b6e5b8-7080-440f-9510-e1a67e3b855b,21-05,21,ASB 76-21-5 Rev.A,AIR CONDITIONING - Automatic Cabin Temperature (C4) System -Blower/Evaporator Module Assembly - Inspection Retrofit of,SB,20-Mar-2002,ASB 76-21-5 Rev.A,,,0:00,,All S-76 helicopters with Automatic Cabin Temperature (C4) System delivered prior to issue date of this ASB.
157b8d12-c115-446e-a4dc-d12077751fe2,b9b6e5b8-7080-440f-9510-e1a67e3b855b,21-06,21,ASB 76-21-6,AIR CONDITIONING - Automatic Cabin Temperature (C4) System - Wiring Harness - One-Time Inspection and If Required Correction of,SB,11-Jul-2005,ASB 76-21-6,,,0:00,,S-76B/C and C+ model helicopters up to and including S/N 760584 with Automatic Cabin Temperature (C4) System.
157b8d12-c115-446e-a4dc-d12077751fe2,b9b6e5b8-7080-440f-9510-e1a67e3b855b,21-07,21,ASB 76-21-7 Rev.A,AIR CONDITIONING - Environmental Control System (ECS) - Cabin Heat Boost System - Removal of,SB,05-Oct-2009,ASB 76-21-7 Rev.A,,,0:00,,All S-76 model helicopters equipped with ECS cabin heat boost system.
157b8d12-c115-446e-a4dc-d12077751fe2,b9b6e5b8-7080-440f-9510-e1a67e3b855b,,21,,delete,(X),05-Oct-2009,ASB 76-21-7A,,,0:00,,
157b8d12-c115-446e-a4dc-d12077751fe2,b9b6e5b8-7080-440f-9510-e1a67e3b855b,22-6,22,ASB 76-22-6 Rev.A,AUTOFLIGHT - AFCS Yaw Actuators - Wiring Harness Clamping - One-Time Insp of (Supersedes ASB No. 76-22-6),SB,08-Jul-1997,ASB 76-22-6 Rev.A,,,0:00,,All S-76 prior to and including SS No. 760469
157b8d12-c115-446e-a4dc-d12077751fe2,b9b6e5b8-7080-440f-9510-e1a67e3b855b,23-1,23,ASB 76-23-1,COMMUNICATIONS- ICS control panel-Incorporation Of Modified Control Panels(CAA Configured helicopters only),SB,11-Jul-1988,ASB 76-23-1,,,0:00,,"Model S-76, SS Nos 760018,760021,760022,760024 thru 760026 and 760032"
157b8d12-c115-446e-a4dc-d12077751fe2,b9b6e5b8-7080-440f-9510-e1a67e3b855b,23-02,23,ASB 76-23-2A,"CUSTOMER SERVICE BULLETIN NO 76-23-2, COMMUNICATIONS-ICS System-Incorporation of separate ground wires",SB,12-Feb-1981,ASB 76-23-2A,,,0:00,,"Model S-76 SS Nos 76003,76005 thru 76007 SS Nos 760001 thru 760107"
157b8d12-c115-446e-a4dc-d12077751fe2,b9b6e5b8-7080-440f-9510-e1a67e3b855b,24-1,24,ASB 76-24-1,ELECTRICAL POWER-DC POWER SYSTEM-Transfer of Collective Bias Circuit Breaker to No.1 DC Primary Bus,SB,10-Apr-1980,ASB 76-24-1,,,0:00,,"Model: S76 SS Nos 76003,76005 thru 76007 SS Nos 760001 thru 760006,760009 thru 760011."
157b8d12-c115-446e-a4dc-d12077751fe2,b9b6e5b8-7080-440f-9510-e1a67e3b855b,24-12,24,ASB 76-24-12 Rev.A,"Electrical Power - AC Junction Box No. 1 and No. 2 AC Primary Bus Contactor,K4/AC and K2/AC -Modification of",SB,06-Aug-2003,ASB 76-24-12 Rev.A,,,0:00,,"Aircraft with dual KGS SPC-75B Static Inverters: S-76C model: (760375, 760376, 760407,760419, 760421, 760426, 760431, 760436, and 760440. Aircraft with dual KGS SPC-38G Static Inverters: S-76C model:"
157b8d12-c115-446e-a4dc-d12077751fe2,b9b6e5b8-7080-440f-9510-e1a67e3b855b,24-13,24,ASB 76-24-13 Rev.A,ELECTRICAL POWER - AC Power System - Static Inverter Circuit Protection - Modification of,SB,19-Jun-2003,ASB 76-24-13 Rev.A,,,0:00,,"S-76C serial numbers, including but not limited to:760438, 760453,760460, 760461,760463, 760464,760466 through 760506, and 760508 through 760540. The subset of this population delivered without AC gen"
157b8d12-c115-446e-a4dc-d12077751fe2,b9b6e5b8-7080-440f-9510-e1a67e3b855b,24-14,24,ASB 76-24-14 Rev.A,ELECTRICAL POWER - AC Power System - Dual Inverter Wiring - Modificationof,SB,09-Oct-2003,ASB 76-24-14 Rev.A,,,0:00,,"S-76A, B, and C,model helicopters with dual inverters."
157b8d12-c115-446e-a4dc-d12077751fe2,b9b6e5b8-7080-440f-9510-e1a67e3b855b,24-14,24,ASB 76-24-14A,ELECTRICAL POWER -AC Power System-Dual Inverter Wiring- Modification of,SB,09-Oct-2003,ASB 76-24-14A,,,0:00,,"All S-76 A, B, and C model helicopters with dual inverters."
157b8d12-c115-446e-a4dc-d12077751fe2,b9b6e5b8-7080-440f-9510-e1a67e3b855b,24-15,24,ASB 76-24-15,ELECTRICAL POWER - Remote Control Circuit Breakers (RCCB) - One-Time Visual Inspection for Proper Rating and Functional Check,SB,21-Nov-2005,ASB 76-24-15,,,0:00,,All S-76 model helicopters with RCCBs installed and delivered prior to the issue date of this Alert Service Bulletin (ASB).
157b8d12-c115-446e-a4dc-d12077751fe2,b9b6e5b8-7080-440f-9510-e1a67e3b855b,24-3,24,ASB 76-24-3,ELECTRICAL POWER-AC Generator system-Modification of No.2 Relay Panel Assembly,SB,19-Sep-1980,ASB 76-24-3,,,0:00,,"Model S-76 SS Nos 76003,76005 thru 76007 SS Nos 760001 thru 760088"
157b8d12-c115-446e-a4dc-d12077751fe2,b9b6e5b8-7080-440f-9510-e1a67e3b855b,24-07,24,ASB 76-24-7A,ELECTRICAL POWER-DC Power System-DC Junction Box and Ground Terminations- Rewiring of,SB,29-Jun-1982,ASB 76-24-7A,,,0:00,,"Model S-76 SS Nos 76003,76005 thru 76007, 760001 thru 760230"
157b8d12-c115-446e-a4dc-d12077751fe2,b9b6e5b8-7080-440f-9510-e1a67e3b855b,24-08,24,ASB 76-24-8A,ELECTRICAL POWER- DC POWER SYSTEM- GROUND CONNECTION- INSPECTION OR MODIFICATION OF,SB,30-Jul-1989,ASB 76-24-8A,,,0:00,,S-76 series prior to and including SS No 760340.
157b8d12-c115-446e-a4dc-d12077751fe2,b9b6e5b8-7080-440f-9510-e1a67e3b855b,25-10,25,ASB 76-25-10,"Life Raft Deployment System - Inflation Bottle Stop, One-Time Inspection and Installation of",SB,28-Aug-2009,ASB 76-25-10,,,0:00,,"S-76C model h/c with s/n 760525, 760526, 760543, 760544, 760547, 760548, 760577, 760590, 760592, 760661, 760662, 760663, 760740, 760741, 760745, and 760751."
157b8d12-c115-446e-a4dc-d12077751fe2,b9b6e5b8-7080-440f-9510-e1a67e3b855b,25-11,25,ASB 76-25-11,"Equipment/ Furnishings - Rescue Hoist D-LOK Hook Assembly, One-Time Inspection and Replacement of",SB,17-Nov-2009,ASB 76-25-11,,,0:00,,S-76 model helicopters with equipped with Goodrich rescue hoists with the following P/N: Sikorsky p/n 33776-64820-013/014/017. Goodrich P/N 42325-12-1/ 12-4/ 14-1/ 18-1.
157b8d12-c115-446e-a4dc-d12077751fe2,b9b6e5b8-7080-440f-9510-e1a67e3b855b,25-12,25,"Refer Goodrich Corporation, Service Bulletin (SB) No. 42315-489-02, dated August 20, 2009.","Subject: EQUIPMENT/FURNISHINGS - Rescue Hoist D-LOK Hook Assembly, One-Time Inspection and Replacement of",SB,17-Nov-2009,ASB 76-25-12,,,0:00,,S-76 model helicopters equipped with Goodrich rescue hoists
157b8d12-c115-446e-a4dc-d12077751fe2,b9b6e5b8-7080-440f-9510-e1a67e3b855b,76-25-13,25,ASB 76-25-13,EQUIPMENT/FURNISHINGS - Utility Hoists - One-Time Inspection and Load Check of Utility Hoist Overload Clutch and Implementation of a Recurring Inspection,SB,13-Nov-2015,ASB 76-25-13,,,0:00,,"All S-76 model helicopters equipped with Goodrich Utility Hoist Assemblies, including spares, delivered prior to the issue date of this Alert Service Bulletin (ASB)."
157b8d12-c115-446e-a4dc-d12077751fe2,b9b6e5b8-7080-440f-9510-e1a67e3b855b,25-01,25,ASB 76-25-1A,EQUIPMENT/FURNISHINGS- Replacement of carpeting.,SB,06-Sep-1979,ASB 76-25-1A,,,0:00,,"Model: S-76 SS No.76005,SS Nos 760001 thru 760006 and 760009"
157b8d12-c115-446e-a4dc-d12077751fe2,b9b6e5b8-7080-440f-9510-e1a67e3b855b,25-06,25,ASB 76-25-6 Rev.B,Equipment / Furnishings - Passenger seat Assemblies - Modification of,SB,02-Jan-1992,ASB 76-25-6 Rev.B,,,0:00,,All S 76 series utility configured helicopters with 2 and 4 place paasanger bench seats operating under Civil Aviaiton authority United Kingdom requirements or equivalent requirement
157b8d12-c115-446e-a4dc-d12077751fe2,b9b6e5b8-7080-440f-9510-e1a67e3b855b,25-07,25,ASB 76-25-7 Rev.B,EQUIPMENT/FURNISHINGS - Passenger Seat Assemblies- Modification of (Revises Revision A),SB,02-Jan-1992,ASB 76-25-7 Rev.B,,,0:00,,"All S-76 series equipped with 2-, 3-, and 4-place passenger bench seats"
157b8d12-c115-446e-a4dc-d12077751fe2,b9b6e5b8-7080-440f-9510-e1a67e3b855b,25-08,25,ASB 76-25-8,EQUIPMENT FURNISHINGS - Hoist Utility - Hook Assembly Retention Pin - One-Time and Recurring Inspection of,SB,11-Oct-2000,ASB 76-25-8,,,0:00,,All S-76 Models equipped with Lucas Aerospace Cargo Systems Utility Hoist Assembly.Component: 42325-12 and 42325-14 Utility Hoist Assembly
157b8d12-c115-446e-a4dc-d12077751fe2,b9b6e5b8-7080-440f-9510-e1a67e3b855b,25-09,25,ASB 76-25-9,"EQUIPMENT/FURNISHINGS - Rescue Hoist - Mk 44 Mod 0 Impulse Cartridge Installation,One-Time Inspection of",SB,09-Mar-2009,ASB 76-25-9,,,0:00,,"S-76C+ or C++ model helicopters equipped with External Mounted Rescue Hoist part number 42325-12, or provisions"
157b8d12-c115-446e-a4dc-d12077751fe2,b9b6e5b8-7080-440f-9510-e1a67e3b855b,26-02,26,ASB 76-26-2 Rev.A,Fire Protection - Flame Detectors - replacement of,SB,12-May-1992,ASB 76-26-2 Rev.A,,,0:00,,S76C SS No760383 thru 760392
157b8d12-c115-446e-a4dc-d12077751fe2,b9b6e5b8-7080-440f-9510-e1a67e3b855b,26-03,26,ASB 76-26-3,Fire Protection - DC Essential bus circuit breaker panel - Addition of diods to decrease voltage to fire detector control amplifiers,SB,04-Dec-1995,ASB 76-26-3,,,0:00,,"All S-76A,S-76Band S-76Cseries prior to SS No 760441 affects SS No 762976 also."
157b8d12-c115-446e-a4dc-d12077751fe2,b9b6e5b8-7080-440f-9510-e1a67e3b855b,26-04,26,ASB 76-26-4,Engine fire extinguisher system - one time inspection of wiring integrity.,SB,22-May-1997,ASB 76-26-4,,,0:00,,"Model S 76C+ SS No 760453,760456,760457,760459,760460,760461, and 760463"
157b8d12-c115-446e-a4dc-d12077751fe2,b9b6e5b8-7080-440f-9510-e1a67e3b855b,28-04,28,ASB 76-28-4 Rev.A,Fuel- Fuel supply lines - one ime test of,SB,15-Dec-1998,ASB 76-28-4 Rev.A,,,0:00,,"Model S 76C + SS No 760477, 760479, 760481, 760482, 760483, 760484, 760485, 760486, 760487, 760490, 760491 and 760493 and any helicopter delivered prior to release of this bulletin and that has not accompished."
157b8d12-c115-446e-a4dc-d12077751fe2,b9b6e5b8-7080-440f-9510-e1a67e3b855b,28-05,28,ASB 76-28-5,Fuel - Fuel check valve/ Main fuel tube coupling nut - one time inspection of,SB,14-Jan-1999,ASB 76-28-5,,,0:00,,S 76 Model SS No 760491 and all S 76 models prior to and including SS No 760487
157b8d12-c115-446e-a4dc-d12077751fe2,b9b6e5b8-7080-440f-9510-e1a67e3b855b,A 76-28-7,28,ASB 76-28-7,FUEL - Storage - One-time Inspection and Replacement of Auxiliary Fuel Tank O-Ring to Verify Proper O-Ring Placement,SB,30-Mar-2015,ASB 76-28-7,,,0:00,,"All S-76 model helicopters delivered prior to the issue date of this Alert Service Bulletin (ASB) and equipped with auxiliary fuel tank Part Number (P/N) 14-50-2 with the following Serial Numbers (SNs), including spares: 0008626, 0010068, 0011339, 0011534, 0011654, 0011704, 0011705, 0012475, 0012523, 0012636, 0012996, 0013025, 0013244, 0013502, 0013525, 0013652, 0013839, 0014047, 0014176, 0014242, 0014453, 0014904, 0014909, 0015158, 0015279."
157b8d12-c115-446e-a4dc-d12077751fe2,b9b6e5b8-7080-440f-9510-e1a67e3b855b,29-10,29,ASB 76-29-10 Rev.A,Hydraulic power - ABEX hydraulic pump assembly - External drive shaft modification - incorporation of,SB,20-Mar-1997,ASB 76-29-10 Rev.A,,,0:00,,All S76 model delivered with 76650-09808-101 hydraulic pumps prior to SS no 760470 and including 762976
157b8d12-c115-446e-a4dc-d12077751fe2,b9b6e5b8-7080-440f-9510-e1a67e3b855b,29-11,29,ASB 76-29-11,Second Stage Hydraulic Module - Overboard Drain Hose - One-Time Inspection of,SB,17-Nov-2004,ASB 76-29-11,,,0:00,,All S-76 Model helicopters delivered prior to the issue date of this ASB
157b8d12-c115-446e-a4dc-d12077751fe2,b9b6e5b8-7080-440f-9510-e1a67e3b855b,29-12,29,ASB 76-29-12,HYDRAULIC POWER - Hydraulic Lines - One-Time Inspection of Second Stage Tail Rotor Servo Pressure and Return Tube Assemblies for Chafe Condition Near the Intermediate Gear Box (IGB) Service Panel,SB,14-Nov-2013,ASB 76-29-12,,,0:00,,All S-76 model helicopters with serial numbers 760477 through 760822.
157b8d12-c115-446e-a4dc-d12077751fe2,b9b6e5b8-7080-440f-9510-e1a67e3b855b,29-02,29,ASB 76-29-2 Rev.A,"HYDRAULIC POWER-First and second stage pumps,Replacement of",SB,25-Nov-1980,ASB 76-29-2 Rev.A,,,0:00,,"Model: S-76, SS Nos 76003,76005 thru 76007 SS Nos 760001 thru 760111 and 760113"
157b8d12-c115-446e-a4dc-d12077751fe2,b9b6e5b8-7080-440f-9510-e1a67e3b855b,29-04,29,ASB 76-29-4,HYDRAULIC POWER-First and second stage Hydraulic Modules-Installation of Improved Preassure Switch,SB,23-Mar-1981,ASB 76-29-4,,,0:00,,Model: S-76 SS Nos 76005 thru 76007 SS Nos 760001 thru 760131
157b8d12-c115-446e-a4dc-d12077751fe2,b9b6e5b8-7080-440f-9510-e1a67e3b855b,30-04,30,ASB 76-30-4,ICE AND RAIN PROTECTION-Wind shield Wiper Motor-Installation of Electrical Grounding Jumper Assembly.,SB,23-Apr-1981,ASB 76-30-4,,,0:00,,"Model: S-76 SS Nos 76003 and 76005 thru 76007 SS Nos 760001 thru 760117,760120 thru 760131 and 760134"
157b8d12-c115-446e-a4dc-d12077751fe2,b9b6e5b8-7080-440f-9510-e1a67e3b855b,31-02,31,ASB 76-31-2 Rev.B,Remote Date Acquisition Unit (RDAU) - Replacement of,SB$,15-Mar-2002,ASB 76-31-2 Rev.B,,,0:00,,S-76B Model SS No. 760462
157b8d12-c115-446e-a4dc-d12077751fe2,b9b6e5b8-7080-440f-9510-e1a67e3b855b,76-31-3 Rev B,31,ASB 76-31-3 Rev B,INDICATING/RECORDING SYSTEMS - Remote Data Acquisition Unit (RDAU) One-Time Software Update,SB,26-Jun-2018,ASB 76-31-3 Rev B,,,0:00,,"S-76C+/C++ model helicopters serial numbers 760471 through 760822, equipped with RDAU (76450-01098-109)."
157b8d12-c115-446e-a4dc-d12077751fe2,b9b6e5b8-7080-440f-9510-e1a67e3b855b,76-31-5,31,ASB 76-31-5,INDICATING/RECORDING SYSTEMS - Remote Data Acquisition Unit (RDAU) - One Time Software Update,SB,31-Jul-2018,ASB 76-31-5,,,0:00,,"S-76C+ model helicopters with serial numbers 760453 through 760606, equipped with RDAU (76450-01098-106)."
157b8d12-c115-446e-a4dc-d12077751fe2,b9b6e5b8-7080-440f-9510-e1a67e3b855b,32-17,32,ASB 76-32-17 Rev.B,Landing gear - nose and main gear actuators - Shuttle valve - replacement of,SB,01-Jun-1998,ASB 76-32-17 Rev.B,,,0:00,,"All S76 helicopters delivered equipped with listed components. Components:1944F200, 1944G200 and 1944J200 series nose gear actuators. 1945F200-01 main gearactuator -LH, 1945F200-02 main gearactuato"
157b8d12-c115-446e-a4dc-d12077751fe2,b9b6e5b8-7080-440f-9510-e1a67e3b855b,32-24,32,ASB 76-32-24,Landing Gear - Braking system - wheel brakes master cylinders - removal of check valve from vent caps,SB,23-Nov-1994,ASB 76-32-24,,,0:00,,All S76 models Component-76250-01101-103 wheel braking system master cylinder
157b8d12-c115-446e-a4dc-d12077751fe2,b9b6e5b8-7080-440f-9510-e1a67e3b855b,32-25,32,ASB 76-32-25 Rev.A,Landing Gear - Main Landing gear Aft jury brace inspection and repair or replacement of,SB*,12-Jan-1998,ASB 76-32-25 Rev.A,,,0:00,,All S 76 models prior to SS No. 760478. Component:1945E-72 and 1945E-72A aft jury brace.
157b8d12-c115-446e-a4dc-d12077751fe2,b9b6e5b8-7080-440f-9510-e1a67e3b855b,32-26,32,ASB 76-32-26 Rev.A,Landing Gear - Main landing gear positioning rod end inspection and repair of,SB,20-Sep-2000,ASB 76-32-26 Rev.A,,,0:00,,All S-76 model prior to and including 760513
157b8d12-c115-446e-a4dc-d12077751fe2,b9b6e5b8-7080-440f-9510-e1a67e3b855b,32-27,32,ASB 76-32-27,LANDING GEAR - Brake Assembly - Rotating Disc - Inspection of,SB,30-Apr-2002,ASB 76-32-27,,,0:00,,"All S-76 helicopters with brake assemblies 5007555, and 5007555-1"
157b8d12-c115-446e-a4dc-d12077751fe2,b9b6e5b8-7080-440f-9510-e1a67e3b855b,32-28,32,ASB 76-32-28,LANDING GEAR - Brake Assembly - Rotating Disc -Inspection of,SB,17-May-2002,ASB 76-32-28,,,0:00,,All S-76 helicopters with brake assemblies 5007555-2
157b8d12-c115-446e-a4dc-d12077751fe2,b9b6e5b8-7080-440f-9510-e1a67e3b855b,32-30,32,ASB 76-32-30,Landing gear-emergency floatation system- floatation harness connectors-one time inspection of,SB,08-Apr-2009,ASB 76-32-30,,,0:00,,All S 76 model sl/no 760501 and 760506 thru 760761 with option code 88051 floatation system installed by keystone helicopter coporation
157b8d12-c115-446e-a4dc-d12077751fe2,b9b6e5b8-7080-440f-9510-e1a67e3b855b,32-31,32,ASB 76-32-31,LANDING GEAR - Main Landing Gear Shock Strut Assembly - One-Time Inspection of Positioning Rod-to-Damper Bellcrank Attachment Bolt,SB,30-Nov-2010,ASB 76-32-31,,,0:00,,All S-76C model helicopters with serial numbers 760625 through 760725.
157b8d12-c115-446e-a4dc-d12077751fe2,b9b6e5b8-7080-440f-9510-e1a67e3b855b,32-32,32,ASB 76-32-32,Nose Landing Gear - Perform a One-Time Operational Check and Implement a Recurring Operational Check of Nose Landing Gear (NLG) Shutoff Valve.,SB,28-Feb-2012,ASB 76-32-32,,,0:00,,"All S-76 model helicopters, up to and including serial number 760822."
157b8d12-c115-446e-a4dc-d12077751fe2,b9b6e5b8-7080-440f-9510-e1a67e3b855b,ASB 76-32-34,32,,LANDING GEAR - Emergency Flotation System - One-Time Inspection of Float Bottles and Gaskets,SB,25-Nov-2024,ASB 76-32-34,,,0:00,,"All S-76 model helicopters, equipped with optional emergency flotation system."
157b8d12-c115-446e-a4dc-d12077751fe2,b9b6e5b8-7080-440f-9510-e1a67e3b855b,33-1,33,ASB 76-33-1,Lighting System - Landing light circuitry - modification of,SB,12-Jan-1998,ASB 76-33-1,,,0:00,,S 76C SS No.760407
157b8d12-c115-446e-a4dc-d12077751fe2,b9b6e5b8-7080-440f-9510-e1a67e3b855b,33-2,33,ASB 76-33-2,"Lights - Belly mounted anti collision light inspection and modification of wiring , inspection of helicopter tub and light lense drain holes for obstruction",SB,25-Nov-1998,ASB 76-33-2,,,0:00,,"All S76 A,S 76B ,S 76 C models with Sikorsky installed belly mounted anticollision light installed prior to and including SS No 760493."
157b8d12-c115-446e-a4dc-d12077751fe2,b9b6e5b8-7080-440f-9510-e1a67e3b855b,33-3,33,ASB 76-33-3,Electrical Systems - SX -16 and SX - 5 nightsun searchlight - onetime inspection of,SB,08-Mar-2000,ASB 76-33-3,,,0:00,,All S 76 model equipped with SX-16 and SX-5 nightsun searchlight
157b8d12-c115-446e-a4dc-d12077751fe2,b9b6e5b8-7080-440f-9510-e1a67e3b855b,33-4,33,ASB 76-33-4,All S-76 helicopters with Rotor Disc Light Installation 33776-84938.,SB,04-Sep-2003,ASB 76-33-4,,,0:00,,All S-76 helicopters with Rotor Disc Light Installation 33776-84938.
157b8d12-c115-446e-a4dc-d12077751fe2,b9b6e5b8-7080-440f-9510-e1a67e3b855b,34-10,34,ASB 76-34-10 Rev.B,Standby Attitude Indicator Emergency Power Supply - Modification of Power Source Wiring,SB,17-Mar-2005,ASB 76-34-10 Rev.B,,,0:00,,All S-76 model helicopter equipped with a Standby Attitude Indicator and a dedicated J.E.T. battery supply to provide emergency power. Operators previously complied with ASB 76-34-09 are not affected
157b8d12-c115-446e-a4dc-d12077751fe2,b9b6e5b8-7080-440f-9510-e1a67e3b855b,34-11,34,ASB 76-34-11A,"NAVIGATION - LCR-100 Attitude, Heading, and Reference System (AHRS) Units - One-Time Inspection of",SB,31-Jan-2011,ASB 76-34-11A,,,0:00,,"All S-76 Model helicopters equipped with No. 1 and No. 2 LCR-100 AHRS units, including all spare LCR-100 AHRS units in stock."
157b8d12-c115-446e-a4dc-d12077751fe2,b9b6e5b8-7080-440f-9510-e1a67e3b855b,34-06,34,ASB 76-34-6 Rev.A,Navigation - Litef attitude and heading referance systems (AHRS) - removal of flight restriction in aeries of hight intensity radiated field (HIRF) (Supresedes basic ASB),SB,12-Sep-1996,ASB 76-34-6 Rev.A,,,0:00,,"Model S 76C SS NO 760420, 760436, 760438 & 76440 Model S 76C+ SS NO 760453, 760456,760457,760459,760460, 760461, and 760463."
157b8d12-c115-446e-a4dc-d12077751fe2,b9b6e5b8-7080-440f-9510-e1a67e3b855b,34-07,34,ASB 76-34-7 Rev.A,Attitude and Heading Reference (AHRS) - Modification of AHRS to Prevent Inadvertent Loss of AHRS Data to the Autopilot's,SB,17-Sep-2001,ASB 76-34-7 Rev.A,,,0:00,,"Model: S-76C/C+ SS Nos 760420, 760436, 760438, 760440, 760453, 760456, 760457, 760459, 760460, 760461, 760463, 760464, 760466, 760467, 760468, 760469, 760470, 760471, 760472, 760473, 760474, 760475."
157b8d12-c115-446e-a4dc-d12077751fe2,b9b6e5b8-7080-440f-9510-e1a67e3b855b,34-08,34,ASB 76-34-8 Rev.A,Attitude and Heading Reference (AHRS) - Modification of AHRS to Improve Ground Wiring.,SB,30-Jul-2002,ASB 76-34-8 Rev.A,,,0:00,,"Model: S-76C SS Nos 760488 through 760506, 760508 through 760521."
157b8d12-c115-446e-a4dc-d12077751fe2,b9b6e5b8-7080-440f-9510-e1a67e3b855b,34-09,34,ASB 76-34-9,NAVIGATION-ELECRTRICAL POWER-Standby Attitude Indicator Power Supply-Modification of,SB,06-May-2003,ASB 76-34-9,,,0:00,,All S-76 Model aircraft upto and including S/N 760510 equipped with J.E.T Battery pack 501-1712-01.
157b8d12-c115-446e-a4dc-d12077751fe2,b9b6e5b8-7080-440f-9510-e1a67e3b855b,52-13,52,ASB 76-52-13 Rev.A,Doors - Sliding doors escape hatch assembly jettison mechanism - modification of,SB,15-Jul-1998,ASB 76-52-13 Rev.A,,,0:00,,All S 76 C nmodel prior to sl/no 760479 with external sliding doors designed by Sikorsky aircraft and having 76207-03032
157b8d12-c115-446e-a4dc-d12077751fe2,b9b6e5b8-7080-440f-9510-e1a67e3b855b,76-52-14,52,ASB 76-52-14,"DOORS - Sliding Doors - One -Time Inspection and Modification of Emergency Egress Escape Hatch Assemblies for Proper Installation, and Installation of Nameplates",SB,15-Oct-2015,ASB 76-52-14,,,0:00,,"All S-76A through D model helicopters up to and including serial number 761036, equipped with externally-mounted sliding doors."
157b8d12-c115-446e-a4dc-d12077751fe2,b9b6e5b8-7080-440f-9510-e1a67e3b855b,53-38,53,ASB 76-53-38 Rev.A,Fuselage / Powerplant - Left and right engine mount tripod deck fittings - one time inspection for mislocation and rework to relocate(if required).,SB,30-Nov-1995,ASB 76-53-38 Rev.A,,,0:00,,"Model S 76C SS no.760383,760384,760385, 760388,760389,760390,760392,760394,760396,760397,760398, 760400,760401,760402,760407,760408,760411,760412,760415, 760417 and 760418"
157b8d12-c115-446e-a4dc-d12077751fe2,b9b6e5b8-7080-440f-9510-e1a67e3b855b,53-39,53,ASB 76-53-39 Rev.A,Fuselage - Main rotor pylon Fwd fairing and tail gearbox fairing - rework to prevent digital automatic flight control sys. (DAFCS) electro magnetic interference,SB,13-Oct-1997,ASB 76-53-39 Rev.A,,,0:00,,All S 76C models equipped with DAFCS prior to sl/no 760476.
157b8d12-c115-446e-a4dc-d12077751fe2,b9b6e5b8-7080-440f-9510-e1a67e3b855b,53-40,53,ASB 76-53-40,Engine Compartment - Installation of Modification Kit,SB,10-Aug-2006,ASB 76-53-40,,,0:00,,S-76 model helicopters up to and including serial number 760614 equipped with Arriel (Turbomeca) engines.
157b8d12-c115-446e-a4dc-d12077751fe2,b9b6e5b8-7080-440f-9510-e1a67e3b855b,55-15,55,ASB 76-55-15 Rev.A,Stabilizers - Horizontal stabilizer support fitting assembly and retation fitting assemblies serialzation of life limited parts,SB,09-May-1995,ASB 76-55-15 Rev.A,,,0:00,,All S-76 series prior to and including SS No 760389 but excluding SS No 760385 and 760386 for 76209-04004 series support fitting assembly.
157b8d12-c115-446e-a4dc-d12077751fe2,b9b6e5b8-7080-440f-9510-e1a67e3b855b,55-16,55,ASB 76-55-16 Rev.A,Vertical Stabilizer - Tail Gear Box Forward Fairings; One-Time and Recurring Inspection of,SB,17-Feb-2000,ASB 76-55-16 Rev.A,,,0:00,,All S-76 Models
157b8d12-c115-446e-a4dc-d12077751fe2,b9b6e5b8-7080-440f-9510-e1a67e3b855b,55-18,55,ASB 76-55-18,Horizontal Stabilizer Assembly - One-Time Inspection of,SB,17-Dec-2001,ASB 76-55-18,,,0:00,,"All S-76 helicopters delivered prior to issue date of this ASB.Components: 76200-06000 series,76200-06003 series , 76080-20063 series horizontal stabilizer assembly"
157b8d12-c115-446e-a4dc-d12077751fe2,b9b6e5b8-7080-440f-9510-e1a67e3b855b,55-19,55,ASB 76-55-19,Vertical Stabilizer - Perform a One-Time Inspection of the Horizontal Stabilizer Assembly Bathtub Fitting,SB,15-May-2002,ASB 76-55-19,,,0:00,,"For S-76B model aircraft 760445 through 760507. For S-76C/C+ model aircraft 760446 through 760497, 760499, and 760501 through 760519. (Aircraft 760498 and 760500 are Exempt.)"
157b8d12-c115-446e-a4dc-d12077751fe2,b9b6e5b8-7080-440f-9510-e1a67e3b855b,55-20,55,ASB 76-55-20 Rev.A,Vertical Stabilizer Inspection,SB,11-Nov-2003,ASB 76-55-20 Rev.A,,,0:00,,S-76A and C model helicopters including S-76A and C model helicopters that have had the aft spar assembly replaced.
157b8d12-c115-446e-a4dc-d12077751fe2,b9b6e5b8-7080-440f-9510-e1a67e3b855b,55-21,55,ASB 76-55-21,Vertical Stabilizer - Aft Spar Assembly - Modification of,SB,09-Feb-2006,ASB 76-55-21,,,0:00,,Model: All S-76 helicopter serial numbers up to and including 760578 and helicopter serial Number 762976.
157b8d12-c115-446e-a4dc-d12077751fe2,b9b6e5b8-7080-440f-9510-e1a67e3b855b,65-18,65,ASB 76-65-18 Rev.C,Rotors - Main composite root end attachement hole area,SB*,03-Jan-1985,ASB 76-65-18 Rev.C,,,0:00,,"Model S 76, Component: 76150-09000 and 6150-09100 series main rotor blades"
157b8d12-c115-446e-a4dc-d12077751fe2,b9b6e5b8-7080-440f-9510-e1a67e3b855b,65-43,65,ASB 76-65-43 Rev.B,Rotors - Tail rotor blade assemblies - bumper and bumper pad installation - one time inspection for proper grip,SB,14-Jul-1993,ASB 76-65-43 Rev.B,,,0:00,,All S 76 model prior to SS No 760414
157b8d12-c115-446e-a4dc-d12077751fe2,b9b6e5b8-7080-440f-9510-e1a67e3b855b,65-44,65,ASB 76-65-44,"Rotors - Tail rotor blade assembly - horn assemblies - inspection of, fiberglass fairing assemblies - modification of",SB,26-Jul-1993,ASB 76-65-44,,,0:00,,All S 76 model prior to SS no 760414
157b8d12-c115-446e-a4dc-d12077751fe2,b9b6e5b8-7080-440f-9510-e1a67e3b855b,65-45,65,ASB 76-65-45 Rev.A,Rotors - Tail rotor controls rod assemblies-rod ends-inspection for cracks,SB,08-Jul-1994,ASB 76-65-45 Rev.A,,,0:00,,"All S 76 model prior to and inclding SS no760402,excluding SS no760385 and 760386"
157b8d12-c115-446e-a4dc-d12077751fe2,b9b6e5b8-7080-440f-9510-e1a67e3b855b,65-46,65,ASB 76-65-46,Rotors - tail rotor blades - one time inspection of,SB,09-Aug-1996,ASB 76-65-46,,,0:00,,"All S76C models Component:76101-05001(series),76101-05101(series),76101-05501(series) tail rotor blades"
157b8d12-c115-446e-a4dc-d12077751fe2,b9b6e5b8-7080-440f-9510-e1a67e3b855b,65-47,65,ASB 76-65-47,Rotors - Swashplate assembly - uniball bearing retainer bolts - one time inspection and replacement of,SB,31-Jul-1998,ASB 76-65-47,,,0:00,,All S 76 series prior to SS no 760488
157b8d12-c115-446e-a4dc-d12077751fe2,b9b6e5b8-7080-440f-9510-e1a67e3b855b,65-48,65,ASB 76-65-48,Rotors - Main Rotor Blade - Leading Edge Strip/ Skin; One Time Coin - Tap and visual Inspection.,SB,17-Mar-1999,ASB 76-65-48,,,0:00,,Refer ASB
157b8d12-c115-446e-a4dc-d12077751fe2,b9b6e5b8-7080-440f-9510-e1a67e3b855b,65-49,62,ASB 76-65-49 Rev.A,Main Rotor Hub One-Time Inspection for Main Rotor Hub to Horn Contact,SB,19-May-2000,ASB 76-65-49 Rev.A,,,0:00,,"Model: All S-76, Component: Main Rotor Hub Part Number 76103-08010-049 Serial Numbers A027-01071 thru A027-01116"
157b8d12-c115-446e-a4dc-d12077751fe2,b9b6e5b8-7080-440f-9510-e1a67e3b855b,65-50,62,ASB 76-65-50,Main Rotor Blade - Root End Pocket Inspection,SB*,25-May-2000,ASB 76-65-50,,,0:00,,As in ASB
157b8d12-c115-446e-a4dc-d12077751fe2,b9b6e5b8-7080-440f-9510-e1a67e3b855b,65-51,62,ASB 76-65-51,Main Rotor Blade - Main Rotor Spar - Inspection,SB,28-Jul-2000,ASB 76-65-51,,,0:00,,"Models S-76A, S-76B, and S-76C including spares. 76150-09000 and 76150-09100 series main rotor blades"
157b8d12-c115-446e-a4dc-d12077751fe2,b9b6e5b8-7080-440f-9510-e1a67e3b855b,65-52,65,ASB 76-65-52,Main Rotor Spindle Assemblies - One Time Inspection of Spindle Attachment Bolts,SB,24-Jul-2001,ASB 76-65-52,,,0:00,,"All S-76 helicopters delivered prior to the issue date of this ASB except S/N 760501, 760506, 760507 thru 760515. Component: Main Rotor Spindle Attachment P/N NAS626-9 Bolts."
157b8d12-c115-446e-a4dc-d12077751fe2,b9b6e5b8-7080-440f-9510-e1a67e3b855b,65-53,63,ASB 76-65-53,Main Rotor Blades - One Time Non-Destructive Inspection (NDI) by the use of Ultrasonic (UT),SB,06-Sep-2001,ASB 76-65-53,,,0:00,,S-76 MRB with S/N up to and including A086-02630 that have not accrued 900 flight hours. S-76 MRB that have been stripped and rebuilt per Overhaul and Repair Instruction (ORI) 76150-011 by Sikors
157b8d12-c115-446e-a4dc-d12077751fe2,b9b6e5b8-7080-440f-9510-e1a67e3b855b,65-54,63,ASB 76-65-54 Rev.A,Main Rotor Head Damper Piston Rod Assembly - One-Time Check of,SB,03-May-2002,ASB 76-65-54 Rev.A,,,0:00,,"All S-76 helicopters, All spare dampers assemblies (76106-08000) ,All spare damper piston rod assemblies (76106-08003) delivered prior to the issue date of this ASB."
157b8d12-c115-446e-a4dc-d12077751fe2,b9b6e5b8-7080-440f-9510-e1a67e3b855b,65-55,63,ASB 76-65-55 Rev.A,Main Rotor Blade - Lightning Strike Removal from Service,SB,25-Jul-2002,ASB 76-65-55 Rev.A,,,0:00,,Model: All S-76 helicopters. All S-76 main rotor blades.
157b8d12-c115-446e-a4dc-d12077751fe2,b9b6e5b8-7080-440f-9510-e1a67e3b855b,65-56,63,ASB 76-65-56,Main Rotor Blades - One-Time Inspection of Main Rotor Blades 9Two-Piece Titanium Leading Edge Sheath9,SB,09-Aug-2002,ASB 76-65-56,,,0:00,,All S-76 helicopters.S-76 main rotor blades with a two piece titanium sheath.
157b8d12-c115-446e-a4dc-d12077751fe2,b9b6e5b8-7080-440f-9510-e1a67e3b855b,65-57,63,ASB 76-65-57,Main Rotor Blade - Leading Edge Strip/Skin - Visual Inspection of,SB,23-Dec-2002,ASB 76-65-57,,,0:00,,S-76 main rotor blades 76150-09000 and 76150-09100 series.
157b8d12-c115-446e-a4dc-d12077751fe2,b9b6e5b8-7080-440f-9510-e1a67e3b855b,65-58,64,ASB 76-65-58 Rev.A,Enhanced Tail Rotor Balance Check,SB,11-Nov-2003,ASB 76-65-58 Rev.A,,,0:00,,All S-76 serial numbers up to and including 760526.
157b8d12-c115-446e-a4dc-d12077751fe2,b9b6e5b8-7080-440f-9510-e1a67e3b855b,65-59,65,ASB 76-65-59,"""Main Rotor Hub, Spindle, Swashplate, and Tail Rotor Outboard Retaining Plate Assemblies - Reidentification of""",SB,19-Nov-2003,ASB 76-65-59,,,0:00,,All S-76A and S-76B model helicopters. Components including spares: (1) 76102-08011-046 Main Rotor Spindle Horn (2) 76103-08010-048/-049 Main Rotor Hub (3) 76104-08500-041 Main Rotor Swashplate A
157b8d12-c115-446e-a4dc-d12077751fe2,b9b6e5b8-7080-440f-9510-e1a67e3b855b,65-60,64,ASB 76-65-60,Tail Rotor Blades - One-Time Borescope Inspection of,SB,16-Jun-2004,ASB 76-65-60,,,0:00,,All S-76 tail rotor blades in service with more than 500 flight hours Time Since New
157b8d12-c115-446e-a4dc-d12077751fe2,b9b6e5b8-7080-440f-9510-e1a67e3b855b,65-61,63,ASB 76-65-61,Main Rotor Blades - One-Time Root End Ultrasonic Test (UT) Inspection of,SB,27-Jul-2004,ASB 76-65-61,,,0:00,,Main Rotor Blade part number series: 76150-09000 and 76150-09100. S-76 main rotor blades with serial numbers A086-00001 through A086-01530.
157b8d12-c115-446e-a4dc-d12077751fe2,b9b6e5b8-7080-440f-9510-e1a67e3b855b,65-62,63,ASB 76-65-62,Main Rotor Assembly - Lower Bifilar Support - One-Time Visual Inspection of,SB,14-Dec-2004,ASB 76-65-62,,,0:00,,All S-76 Model helicopters with lower bifilar support having component total time greater than 1500 hours Part Number: 76107-08001-104 lower bifilar support.
157b8d12-c115-446e-a4dc-d12077751fe2,b9b6e5b8-7080-440f-9510-e1a67e3b855b,65-63,63,ASB 76-65-63 Rev.B,Main Rotor Hub (MRH) - One-Time Check and Recurring Daily Visual 10X Magnification Inspection,SB,21-Apr-2005,ASB 76-65-63 Rev.B,,,0:00,,"S-76 MRHs including spares with S/N : B027-00258 through B027-00264, and B027-00266 through B027-00283. Component: 76103-08010-048/-049/-050 MRH."
157b8d12-c115-446e-a4dc-d12077751fe2,b9b6e5b8-7080-440f-9510-e1a67e3b855b,65-64,63,ASB 76-65-64,Main Rotor Head Spindle Assemblies - One Time Inspection of Spindle Assembly Bolts,SB,02-Apr-2007,ASB 76-65-64,,,0:00,,"Model: All S-76 helicopters up to and including serial number 760640. Component: Part Number, Main Rotor Head Spindle Assembly Bolts (76102-08051-105)."
157b8d12-c115-446e-a4dc-d12077751fe2,b9b6e5b8-7080-440f-9510-e1a67e3b855b,65-65,63,ASB 76-65-65,Main Rotor Head - One-Time Inspection of Main Rotor Head for Presence of Large Diameter Main Rotor Hub Pilot Under Bifilar Assembly,SB,22-Mar-2012,ASB 76-65-65,,,0:00,,"All S-76 model helicopters with serial numbers up to and including 760822, including any spare Main Rotor Hub Pilots."
157b8d12-c115-446e-a4dc-d12077751fe2,b9b6e5b8-7080-440f-9510-e1a67e3b855b,65-66,62,ASB 76-65-66,ROTORS - Swashplate - One-Time Inspection of Stationary Scissors Assembly and Rotating Scissors Assembly for Presence of Spacers.,SB,07-Mar-2012,ASB 76-65-66,,,0:00,,All S-76 model helicopters with serial numbers up to and including 760822.
157b8d12-c115-446e-a4dc-d12077751fe2,b9b6e5b8-7080-440f-9510-e1a67e3b855b,65-67,62,ASB 76-65-67 Ver.B,ROTORS - Spindle Assemblies - One-Time Non-Destructive Inspection (NDI) of Spindle/Cuff Assembly and Application of White Paint to Enhance Existing Inspection Procedure.,SB,17-Oct-2012,ASB 76-65-67 Ver.B,,,0:00,,"All S-76 model helicopters with serial numbers up to and including 760822. Component: Spindle/Cuff Assembly, 76102-08001-043/-045/-046, including spares."
157b8d12-c115-446e-a4dc-d12077751fe2,b9b6e5b8-7080-440f-9510-e1a67e3b855b,A 76,65,ASB 76-65-68 Rev.A,ROTORS - Tail Rotor Blade - One-Time Inspection of Tail Rotor Blade (TRB) Pitch Horn Bond Region for Bond Separation and Implement a Recurring Inspection,SB,29-Jun-2015,ASB 76-65-68 Rev.A,,,0:00,,"All S-76 model helicopters up to and including serial number 760822 with TRB Part Numbers (P/N) 76101-05001, P/N 76101-05101, and P/N 76101-05501 (all dash numbers), including all spares. (Note: Operators that have complied with ASB 76-65-68 dated May 20, 2014, no further action is required.)"
157b8d12-c115-446e-a4dc-d12077751fe2,b9b6e5b8-7080-440f-9510-e1a67e3b855b,76-65-69,62,ASB 76-65-69 Rev.A,ROTORS - Stationary Scissors Assembly Attachment Hardware - One-Time Modification of Attachment Hardware,SB,04-Apr-2016,ASB 76-65-69 Rev.A,,,0:00,,All S-76A through D model helicopters up to and including serial number 761079.
157b8d12-c115-446e-a4dc-d12077751fe2,b9b6e5b8-7080-440f-9510-e1a67e3b855b,76-65-71,65,ASB 76-65-71,ROTORS - Main Rotor Blades - One-Time Inspection of Main Rotor Blade (MRB) for Skin Disbonds,SB,18-Jul-2018,ASB 76-65-71,,,0:00,,"All S-76A/B/C model helicopters equipped with MRB assemblies (76150-09100 series) up to and including Serial Number (S/N) A086-02998 that have not complied with Overhaul Repair Instructions (ORI) 76150-011 after January 1, 2005, and that have not complied with ORI 76150-027, including spare MRBs."
157b8d12-c115-446e-a4dc-d12077751fe2,b9b6e5b8-7080-440f-9510-e1a67e3b855b,ASB 76-65-72,65,,"MAIN ROTOR - Main Rotor Blade Cuff, Folding - One-Time Inspection of and Update of Component Retirement Times if Necessary.",SB,15-Sep-2020,ASB 76-65-72,,,0:00,,"ASB 76-62-03, all S-76D® Model helicopters. ASB 76-65-72, all S-76A/B/C® Model helicopters."
157b8d12-c115-446e-a4dc-d12077751fe2,b9b6e5b8-7080-440f-9510-e1a67e3b855b,66-24,100,ASB 76-66-24 Rev.A,Powertrain - BF Goodrich rotor brake assembly - piston housing - rework of (Supersedes basic ASB),SB,08-Feb-1991,ASB 76-66-24 Rev.A,,,0:00,,S 76 series with BF GoodRich Rotor brake assembly P/N 2-1489 prior to and including sl/no 0302 installed.
157b8d12-c115-446e-a4dc-d12077751fe2,b9b6e5b8-7080-440f-9510-e1a67e3b855b,66-26,65,ASB 76-66-26,Powertrain - Tail rotor drive shaft - bearing support assemblies - replacement of,SB,09-Jan-1992,ASB 76-66-26,,,0:00,,Al S-76 models. Component: SB 1138-101 bearing 76361-04007-041 bearing support assembly.
157b8d12-c115-446e-a4dc-d12077751fe2,b9b6e5b8-7080-440f-9510-e1a67e3b855b,66-27,66,ASB 76-66-27,Powertrain - Tail gearbox assembly - output shaft - onetime inspection of,SB,08-Jan-1992,ASB 76-66-27,,,0:00,,"All S76A,S 76B and S 76 B and S 76 C series prior to and including SS no 760390"
157b8d12-c115-446e-a4dc-d12077751fe2,b9b6e5b8-7080-440f-9510-e1a67e3b855b,66-29,66,ASB 76-66-29 Rev.A,Powertrain - Main gearbox - No.1 input bevel pinion housing assembly - inspection and incorporation of improvements,SB,10-Jul-1995,ASB 76-66-29 Rev.A,,,0:00,,Refer SB
157b8d12-c115-446e-a4dc-d12077751fe2,b9b6e5b8-7080-440f-9510-e1a67e3b855b,66-30,66,ASB 76-66-30 Rev.A,Powertrain - main gear box installation - barrel nut inspection,SB,07-Jul-2000,ASB 76-66-30 Rev.A,,,0:00,,All S 76 models Component:LH2577-080 barrel nuts with lot 06 or 09 markings
157b8d12-c115-446e-a4dc-d12077751fe2,b9b6e5b8-7080-440f-9510-e1a67e3b855b,66-31,66,ASB 76-66-31 Rev.B,Main Gear Box - One-Time and Repetitive Non Destructive Inspection (NDI) of the Main Rotor Shaft Assembly.,SB*,07-Nov-2000,ASB 76-66-31 Rev.B,,,0:00,,"All S-76 Models. Component: 76351-09000 Series, 09500 Series, 09600 Series Main Gear Box Assembly.Including Spares. Containing 76351-09030 Series and 76351-09630 Series Main Rotor Shaft Assembly."
157b8d12-c115-446e-a4dc-d12077751fe2,b9b6e5b8-7080-440f-9510-e1a67e3b855b,66-32,66,ASB 76-66-32 Rev.A,Main Gear Box - Removal from Service and Repetitive Non Destructive Inspection (NDI) Certain Serial Number Main Rotor Shafts,SB,21-Feb-2001,ASB 76-66-32 Rev.A,,,0:00,,All S-76 Models.
157b8d12-c115-446e-a4dc-d12077751fe2,b9b6e5b8-7080-440f-9510-e1a67e3b855b,66-33,66,ASB 76-66-33,Main Gear Box - One-Time Visual Inspection of the Main Gear Box Support Beam Barrel Nut Bores.,SB,30-Jul-2001,ASB 76-66-33,,,0:00,,All S-76 helicopters Component: 76209-03001 series beams.
157b8d12-c115-446e-a4dc-d12077751fe2,b9b6e5b8-7080-440f-9510-e1a67e3b855b,66-34,63,ASB 76-66-34,Main Gear Box - Rotor Brake Disc - One-Time Visual Inspect of,SB,08-Nov-2001,ASB 76-66-34,,,0:00,,"""All S-76 helicopters Component: 76363-09103-102 rotor brake disc."""
157b8d12-c115-446e-a4dc-d12077751fe2,b9b6e5b8-7080-440f-9510-e1a67e3b855b,66-35,66,ASB 76-66-35,Tail Rotor Gear Box - Output Housing and Shaft Assembly - One-Time Axial Motion Measurement Inspection of,SB,26-Jun-2002,ASB 76-66-35,,,0:00,,All S-76 helicopters with a tail box with greater than 500 flight hours Time Since New (TSN) or Time Since Overhaul (TSO).
157b8d12-c115-446e-a4dc-d12077751fe2,b9b6e5b8-7080-440f-9510-e1a67e3b855b,66-36,63,ASB 76-66-36,Main Gear Box - Rotor Brake Disc (RBD) - Identification of Manufacturer - One-Time Visual Inspect of,SB,12-Nov-2002,ASB 76-66-36,,,0:00,,"All S-76 helicopters prior to, and including serial number 760527, Component: 76363-09103-102 RBDs manufactured by Parker Hannifin Corporation."
157b8d12-c115-446e-a4dc-d12077751fe2,b9b6e5b8-7080-440f-9510-e1a67e3b855b,66-37,63,ASB 76-66-37,Main Gear Box - Rotor Brake Disc (RBD) - Removal from Service and Interim Instructions,SB,31-Jan-2003,ASB 76-66-37,,,0:00,,"All S-76 helicopters with a 76363-09103-104 RBD re-identified in accordance with ASB 76- 66-36 dated November 12, 2002.All spare 76363-09103-104 RBD."
157b8d12-c115-446e-a4dc-d12077751fe2,b9b6e5b8-7080-440f-9510-e1a67e3b855b,66-38,65,ASB 76-66-38,Tail Rotor Drive Shaft Viscous Damper Bearing Calendar Replacement,SB*,21-Jan-2008,ASB 76-66-38,,,0:00,,All S-76 model helicopters including spares delivered prior to issue date of this ASB. Components: 76361-04007-041/-042 Tail Rotor Drive Shaft Bearing Support containing Tail Rotor Drive Shaft Bea
157b8d12-c115-446e-a4dc-d12077751fe2,b9b6e5b8-7080-440f-9510-e1a67e3b855b,66-40,66,ASB 76-66-40,Powertrain - Main gear box (MGB) - one time visual inspection of the main gearbox lubrication pump,SB,07-Jun-2004,ASB 76-66-40,,,0:00,,S-76 helicopter serial numbers up to and including 760550 and 760554 through 760557.
157b8d12-c115-446e-a4dc-d12077751fe2,b9b6e5b8-7080-440f-9510-e1a67e3b855b,66-41,66,ASB 76-66-41,POWERTRAIN - Main Gear Box (MGB) - Freewheel Unit (FWU) - One-Time Functional Check of,SB,04-Apr-2005,ASB 76-66-41,,,0:00,,All S-76 helicopters delivered prior to and including S/N 760590 and 762976.
157b8d12-c115-446e-a4dc-d12077751fe2,b9b6e5b8-7080-440f-9510-e1a67e3b855b,66-41,63,ASB 76-66-41,Main Gear Box (MGB) - Freewheel Unit (FWU) - One-Time Functional Check Of,SB,04-Apr-2005,ASB 76-66-41,,,0:00,,All S-76 helicopters delivered prior to and including S/N 760590 and 762976. All spare MGB 76351-09500 series and 76351-09600 series assemblies in stock.
157b8d12-c115-446e-a4dc-d12077751fe2,b9b6e5b8-7080-440f-9510-e1a67e3b855b,66-42,63,ASB 76-66-42 Rev.A,Main Gear Box (MGB) - One-Time Radial and Axial Movement Check of the Tail Take-Off (TTO) Flange and a Torque Check of the TTO Locking Nut,SB,12-Jun-2006,ASB 76-66-42 Rev.A,,,0:00,,All S-76 MGB delivered and installed as of the issue date of this Alert Service Bulletin (ASB). Component: 76351-09500 and 09600 series MGB.
157b8d12-c115-446e-a4dc-d12077751fe2,b9b6e5b8-7080-440f-9510-e1a67e3b855b,66-43,63,ASB 76-66-43,Main Gear Box (MGB) - Main Gear Box Rear Cover Assembly - One-Time Visual Inspection for Chafing Damage,SB,20-Apr-2006,ASB 76-66-43,,,0:00,,All S-76A model helicopters including those with Arriel 1S and 1S1 engines (including spare MGBs and spare MGBs in the overhaul cycle). Component: Main Gear Box Assembly 76351-09500.
157b8d12-c115-446e-a4dc-d12077751fe2,b9b6e5b8-7080-440f-9510-e1a67e3b855b,66-44,63,ASB 76-66-44 Rev.A,Main Gear Box (MGB) - Main Rotor Shaft Assembly - One-Time Ultrasonic (UT) Inspection of,SB,20-Jul-2006,ASB 76-66-44 Rev.A,,,0:00,,All S-76 Model helicopters. Component: 76351-09500 Series and 09600 Series MGB Assemblies including spare MGB assemblies and spare 76351-09630-041 main rotor shaft assemblies and as in ASB
157b8d12-c115-446e-a4dc-d12077751fe2,b9b6e5b8-7080-440f-9510-e1a67e3b855b,66-45,63,ASB 76-66-45 Rev.A,Main Gear Box (MGB) - Main Rotor Shaft Assembly - One-Time Ultrasonic (UT) Inspection of,SB,07-Feb-2007,ASB 76-66-45 Rev.A,,,0:00,,All S-76 Model helicopters. Component: 76351-09500 Series and 09600 Series MGB Assemblies including spare MGB assemblies and spare 76351-09630-041 main rotor shaft assemblies.
157b8d12-c115-446e-a4dc-d12077751fe2,b9b6e5b8-7080-440f-9510-e1a67e3b855b,66-47,63,ASB 76-66-47 Rev.A,Main Gear Box (MGB) - Oil Cooler and Blower Assembly - One-Time Modification of,SB,15-May-2007,ASB 76-66-47 Rev.A,,,0:00,,All S-76A and S-76C model helicopters (including those equipped with Turbomeca 1S and 1S1 engines) Component: 76362-09200 MGB oil cooler and blower assembly.
157b8d12-c115-446e-a4dc-d12077751fe2,b9b6e5b8-7080-440f-9510-e1a67e3b855b,66-49,66,ASB 76-66-49 Rev.A,POWERTRAIN - Main GearBox (MGB) - One-Time Oil Analysis of,SB,17-Sep-2009,ASB 76-66-49 Rev.A,,,0:00,,All S-76 model h/c delivered prior to the release date of this ASB with the following component: I)76351-09000 Series MGB 2)76351-09500 Series MGB 3)76351-09600 Series MGB.
157b8d12-c115-446e-a4dc-d12077751fe2,b9b6e5b8-7080-440f-9510-e1a67e3b855b,66-50,66,ASB 76-66-50,POWERTRAIN- Main Gear Box-One Time Inspection of Main Gear Box (MGB) Lower Housing,SB,14-Jan-2013,ASB 76-66-50,,,0:00,,"All S-76 A, B, and C model helicopters with the following MGB."
157b8d12-c115-446e-a4dc-d12077751fe2,b9b6e5b8-7080-440f-9510-e1a67e3b855b,66-51,66,"Maintenance Manual SA 4047-76-2, Task 66-40-00.",POWERTRAIN - One-Time Inspection of Tail Drive Shaft Flange-to-Shaft Hardware for Evidence of Looseness or Movement,SB,06-May-2013,ASB 76-66-51,,,0:00,,"All S-76 model helicopters with serial numbers up to and including 760822. Component: Tail Drive Shaft (TDS) 76361-04004, and 76361-04604 series."
157b8d12-c115-446e-a4dc-d12077751fe2,b9b6e5b8-7080-440f-9510-e1a67e3b855b,76-66-52,66,ASB 76-66-52,POWERTRAIN - Tail Drive Shaft - One-Time Inspection and Torque Verification of Tail Drive Shaft (TDS) Flange Bolt,SB,01-Apr-2014,ASB 76-66-52,,,0:00,,All S-76A through D model helicopters up to and including serial number 761051 including spares
157b8d12-c115-446e-a4dc-d12077751fe2,b9b6e5b8-7080-440f-9510-e1a67e3b855b,76-66-53,71,ASB 76-66-53,"POWERTRAIN - Main Gearbox (MGB) Lower Housing Assembly, Oil Filter Bowl Attachment Studs - One-Time Replacement of Filter Bowl Studs from Titanium to Steel",SB,30-Sep-2015,ASB 76-66-53,,,0:00,,"All S-76 lower housings installed on delivered helicopters up to and including serial number 760818, all spare gearboxes, and all spare lower housings delivered prior to the issue date of this Alert Service Bulletin (ASB)."
157b8d12-c115-446e-a4dc-d12077751fe2,b9b6e5b8-7080-440f-9510-e1a67e3b855b,A 76,66,ASB 76-66-54,POWERTRAIN - Main Gearbox (MGB) - One-Time Inspection for Proper Application of Sealant and Integrity of the Upper Main Rotor Shaft Seal Liner,SB,17-Sep-2014,ASB 76-66-54,,,0:00,,All S-76 model helicopters up to and including serial number 760822 and all spare main gearboxes.
157b8d12-c115-446e-a4dc-d12077751fe2,b9b6e5b8-7080-440f-9510-e1a67e3b855b,67-31,67,ASB 76-67-31,Flight Controls - Control rod assemblies - Conductivity inspection of,SB,23-Nov-1992,ASB 76-67-31,,,0:00,,All S-76 Series.
157b8d12-c115-446e-a4dc-d12077751fe2,b9b6e5b8-7080-440f-9510-e1a67e3b855b,67-40,67,ASB 76-67-40B,"Flight Controls - Main rotor servo actuator assembly - Inspection of pistons, rod end assemblies, and feedback linkage bearings on actuator 30006760",SB*,18-Aug-1998,ASB 76-67-40B,,,0:00,,All S76 models equipped with main rotor servo actuator assemblies 30006760 (76650-09805)series.
157b8d12-c115-446e-a4dc-d12077751fe2,b9b6e5b8-7080-440f-9510-e1a67e3b855b,67-41,67,ASB 76-67-41A,Flight Controls - Arkwin Industries Pedal Damper /Trim Actuator - Relief Valve Override Test,SB,08-Jul-1996,ASB 76-67-41A,,,0:00,,All S76 models prior to SS no 760453 with 76900-01810 seies pedal damper/trim actuators
157b8d12-c115-446e-a4dc-d12077751fe2,b9b6e5b8-7080-440f-9510-e1a67e3b855b,67-42,67,ASB 76-67-42,Flight Controls - Main rotor servos - Lower attachement bolts and bushings - One time inspection for wear,SB,20-Feb-1997,ASB 76-67-42,,,0:00,,"Model S76C SS No 760422, 760423, 760424, 760426, 760431, 760432, 760434, 760435, 760436, 760438 and 760440."
157b8d12-c115-446e-a4dc-d12077751fe2,b9b6e5b8-7080-440f-9510-e1a67e3b855b,67-43,67,ASB 76-67-43A,Flight Controls - Main and Tail Rotor Servo Actuator Pressure Switches - One Time Inspection and Replacement of,SB,18-Aug-1998,ASB 76-67-43A,,,0:00,,All S-76 series.
157b8d12-c115-446e-a4dc-d12077751fe2,b9b6e5b8-7080-440f-9510-e1a67e3b855b,67-44,67,ASB 76-67-44,"Flight Controls - Pilot's Cyclic Stick Torque Tube Support Assembly - One time FOD inspection , Modification of",SB,26-Oct-1999,ASB 76-67-44,,,0:00,,"All S76 models prior to and including SS no 760515, except SS no 760512."
157b8d12-c115-446e-a4dc-d12077751fe2,b9b6e5b8-7080-440f-9510-e1a67e3b855b,67-45,63,ASB 76-67-45,FLIGHT CONTROLS - Main Rotor Servo Input Control Pushrods - One-Time Inspection of,SB,19-Dec-2001,ASB 76-67-45,,,0:00,,"All S-76 helicopters manufactured prior to 1/1/1992 as determined by the date of manufacture on the data plate, without regard to flight time accrued."
157b8d12-c115-446e-a4dc-d12077751fe2,b9b6e5b8-7080-440f-9510-e1a67e3b855b,67-46,67,ASB 76-67-46,Flight Controls - Main Rotor Servo Input Control Pushrods - 10 Year Replacement Interval,SB,05-Sep-2002,ASB 76-67-46,,,0:00,,All S-76 series helicopters with 76400-00034-056 main rotor servo input control pushrods (hollow tube Construction).
157b8d12-c115-446e-a4dc-d12077751fe2,b9b6e5b8-7080-440f-9510-e1a67e3b855b,67-47,66,ASB 76-67-47,Tail Rotor Gear Box - Tail Rotor Quadrant Support Assembly - One-Time Inspection of,SB,10-Nov-2004,ASB 76-67-47,,,0:00,,S-76 helicopter serial numbers prior to and including 760305 that have complied with Customer Service Notice (CSN) 76-133 Tail Rotor Controls Centering Quadrant.
157b8d12-c115-446e-a4dc-d12077751fe2,b9b6e5b8-7080-440f-9510-e1a67e3b855b,67-48,67,ASB 76-67-48,FLIGHT CONTROLS - Main Rotor Servo - Adjustable Pushrod Assembly - One-Time Visual Inspection and Replacement of,SB,03-Mar-2005,ASB 76-67-48,,,0:00,,"All S-76 helicopters delivered after June 2003 up to and including serial number 760571 with 76400-00014-074 adjustable pushrod assemblies installed, including spares that match a serial number as listed in ASB."
157b8d12-c115-446e-a4dc-d12077751fe2,b9b6e5b8-7080-440f-9510-e1a67e3b855b,67-49,67,ASB 76-67-49,"Tail Rotor Control Pedal, Support Arm Assembly - Pilot and Copilot Side, One-Time Inspection for Cracks",SB,22-Jun-2006,ASB 76-67-49,,,0:00,,"S-76 helicopters with 5,000 flight hours or more as of the issue date of this Alert Service Bulletin (ASB). Component: 76403-01102 Control Pedal, Support Arm Assembly."
157b8d12-c115-446e-a4dc-d12077751fe2,b9b6e5b8-7080-440f-9510-e1a67e3b855b,67-50,67,ASB 76-67-50,Main Rotor Servo Assemblies 76650-09805-109/-110 (HRT Nos. 3006760-109/- 110),SB,21-Dec-2006,ASB 76-67-50,,,0:00,,All S-76 Model helicopters with Main Rotor Servo Assemblies 76650-09805-109/-110 (HRT Nos. 3006760-109/- 110).
157b8d12-c115-446e-a4dc-d12077751fe2,b9b6e5b8-7080-440f-9510-e1a67e3b855b,67-51,67,ASB 76-67-51B,FLIGHT CONTROLS - Cyclic Control Stick Guard - Perform a One-Time Functional Check of,SB,02-Dec-2009,ASB 76-67-51B,,,0:00,,All S-76C helicopters with Keystone Helicopter cyclic control stick guard (03076-10M001) option installed.
157b8d12-c115-446e-a4dc-d12077751fe2,b9b6e5b8-7080-440f-9510-e1a67e3b855b,67-52,67,ASB 76-67-52,FLIGHT CONTROLS - Main Rotor Servo Assembly - One-Time Inspection of Overhauled/Repaired Main Rotor,SB,22-Nov-2011,ASB 76-67-52,,,0:00,,"S-76 helicopters with overhauled/repaired MRS part number 76650-09807-101 and/or 782500-1, including spares, received by operators any time prior to the release date of this Alert Service Bulletin (ASB)."
157b8d12-c115-446e-a4dc-d12077751fe2,b9b6e5b8-7080-440f-9510-e1a67e3b855b,67-53,27,ASB 76-67-53,FLIGHT CONTROLS - One-Time Check of the Main Rotor Servo Serial Number for Repaired Rod End Assembly Bearing Bore,SB,18-Sep-2013,ASB 76-67-53,,,0:00,,"All S-76 model helicopters equipped with Woodward HRT (WHRT) Main Rotor Servo Part Number (P/N) 76650-09805, including spare assets, serial numbers; B345-0029, B345-0052XD, B345-0102, B345-01252, B345-01430, B345-01474, B345-01475, B345-01516, B345-01521, B345-01570, B345-01645, B345-01647, B345-0249, B345-0368AXD, B345-0400AXD, B345-0409AXD, B345-0518C, B345-0557XD, B345-0663XD, B345-0816D, B345-0842, B345-0883, B345-0964, B345-1136, B345-1152, B345-1231, B345-1245, B345-1316."
157b8d12-c115-446e-a4dc-d12077751fe2,b9b6e5b8-7080-440f-9510-e1a67e3b855b,67-54,67,ASB 76-67-54,FLIGHT CONTROLS - Main Rotor Servo Controls - One-Time Inspection of Forward and AFT Main Rotor Servo (MRS) Input Control Rods for Drain Hole,SB,19-Dec-2013,ASB 76-67-54,,,0:00,,"All S-76 model helicopters with serial numbers 760001 through 760822; with Main Rotor Servo Input Control Rods Part Numbers (P/N) 76400-00014-076 and 76400-00014-077 control rods, including spares."
157b8d12-c115-446e-a4dc-d12077751fe2,b9b6e5b8-7080-440f-9510-e1a67e3b855b,76-67-57,27,ASB 76-67-57,FLIGHT CONTROLS - Main and Tail Rotor Servo Input Control Pushrods - One-Time Inspection and Application of Slippage Mark,SB,10-Sep-2015,ASB 76-67-57,,,0:00,,"All S-76 model helicopters equipped with control pushrod assemblies, Part Number (P/N) 76400-00034-059 and 76400-00014-071, delivered as of the issue date of this Alert Service Bulletin (ASB)."
157b8d12-c115-446e-a4dc-d12077751fe2,b9b6e5b8-7080-440f-9510-e1a67e3b855b,76-67-58,27,ASB 76-67-58,"FLIGHT CONTROLS - Main Rotor Servo Pushrod Assemblies - One-Time Inspection of, and Application of Torque and Torque Stripe to Jamnuts",SB,19-Nov-2015,ASB 76-67-58,,,0:00,,All S-76 model helicopters up to and including serial number 761075.
157b8d12-c115-446e-a4dc-d12077751fe2,b9b6e5b8-7080-440f-9510-e1a67e3b855b,71-15,71,ASB 76-71-15 Rev.A,Engine Drive Shaft Assembly - Main Gear Box (MGB) Input Attachment Bolts - One-Time Inspection of,SB,14-Jul-2006,ASB 76-71-15 Rev.A,,,0:00,,All S-76 model helicopters equipped with Arriel engines
157b8d12-c115-446e-a4dc-d12077751fe2,b9b6e5b8-7080-440f-9510-e1a67e3b855b,71-16,71,ASB 76-71-16,POWERPLANT - Turbomeca Groupe SAFRAN Arriel 1S and 1S1 Engines - One-Time Incorporation of Turbomeca (Modification TU-330) New Improved Overspeed Tachometer Box,SB,14-May-2008,ASB 76-71-16,,,0:00,,All S-76 model helicopters equipped with Arriel 1S and 1S1 engines delivered as of the issue date of this ASB.
157b8d12-c115-446e-a4dc-d12077751fe2,b9b6e5b8-7080-440f-9510-e1a67e3b855b,ASB 76-73-11 Rev B,73,,ENGINE FUEL AND CONTROL - 2S1 and 2S2 Engine Digital Engine Control System Collective Position Transducer - Maintenance Practices - One-Time Modification and Replacement of Collective Position Transduce.,SB,11-Jun-2019,ASB 76-73-11 Rev B,,,0:00,,All S-76C model helicopters serial numbers 760375 thru 760822 equipped with Ariel 2S1 or 2S2 engines.
157b8d12-c115-446e-a4dc-d12077751fe2,b9b6e5b8-7080-440f-9510-e1a67e3b855b,ASB 76-73-12,73,ASB 76-73-12,ENGINE FUEL AND CONTROL - 2S1 and 2S2 Engine Digital Engine Control System Collective Position Transducer - Maintenance Practices - One - Time Inspection of Collective Position Transducer (CPT) Before Next Flight.,SB,30-Apr-2023,ASB 76-73-12,,,0:00,,"All S-76C+/C++ model helicopters, equipped with CPT (76900-01884-102)."
157b8d12-c115-446e-a4dc-d12077751fe2,b9b6e5b8-7080-440f-9510-e1a67e3b855b,ASB 76-73-13 RA,76,ASB 76-73-13 RA,ENGINE FUEL AND CONTROL - 2S1 and 2S2 Engine Digital Engine Control System Collective Position Transducer - One-Time Inspection of the Collective Position Transducer (CPT) for Secure Mounting.,SB,05-Dec-2023,ASB 76-73-13 RA,,,0:00,,"All S-76C+/C++ model helicopters, equipped with Collective Position Transducer (CPT) (76900-01884-101/-102)."
157b8d12-c115-446e-a4dc-d12077751fe2,b9b6e5b8-7080-440f-9510-e1a67e3b855b,73-4,77,ASB 76-73-4 Rev.A,"ENGINE FUEL AND CONTROL - Engine Trim Switch Wiring - One-Time Inspection and If Required, Correction of",SB,12-Aug-2006,ASB 76-73-4 Rev.A,,,0:00,,Model S-76C++ model helicopters S/N 760607 through 760628.
157b8d12-c115-446e-a4dc-d12077751fe2,b9b6e5b8-7080-440f-9510-e1a67e3b855b,73-5,73,ASB 76-73-5,ENGINE FUEL AND CONTROL - One-Time Replacement of No. 1 and No. 2 Backup Actuator Harnesses,SB,21-Sep-2010,ASB 76-73-5,,,0:00,,"All S-76C Model helicopters with serial numbers 760506, and 760607 through 760640."
157b8d12-c115-446e-a4dc-d12077751fe2,b9b6e5b8-7080-440f-9510-e1a67e3b855b,76-73-7,73,ASB 76-73-7,ENGINE FUEL AND CONTROL - Engine Fuel System - One-Time Replacement of Combustor Drain Lines to Prevent Improper Installation,SB,10-Jun-2014,ASB 76-73-7,,,0:00,,All S-76 model helicopters up to and including serial number 760822 equipped with Arriel 2S1 and 2S2 engines.
157b8d12-c115-446e-a4dc-d12077751fe2,b9b6e5b8-7080-440f-9510-e1a67e3b855b,76-73-8,72,ASB 76-73-8 Rev.A,ENGINE AND FUEL CONTROL - 2S1 and 2S2 Engine Digital Engine Control System Collective Position Transducer (CPT) - One-Time Inspection and Differential Voltage Test of CPT,SB,04-Dec-2015,ASB 76-73-8 Rev.A,,,0:00,,All S-76C+ and C++ model helicopters equipped with Arriel 2S1 or 2S2 engines.
157b8d12-c115-446e-a4dc-d12077751fe2,b9b6e5b8-7080-440f-9510-e1a67e3b855b,75-05,75,ASB 76-75-5,AIR - Engine Barrier Filter System - One-Time Replacement of Pressure Port Tubes and Installation of Static Port Protection,SB,01-Oct-2009,ASB 76-75-5,,,0:00,,All S-76C helicopters equipped with engine barrier filter system up to and including Serial Number 760686.
157b8d12-c115-446e-a4dc-d12077751fe2,b9b6e5b8-7080-440f-9510-e1a67e3b855b,76-50,62,ASB 76-76-50,POWERTRAIN - Main Gear Box- One Time Inspection of Main Gear Box (MGB) Lower Housing,SB,14-Jan-2013,ASB 76-76-50,,,0:00,,"All S-76A, B, and C model helicopters with the following MGB; MGB Series: 76351-09000 series, 76351-09500 series, and 76351-09600 series, modified by Overhaul Repair Instruction (ORI) numbers; 76350-065, TS-065-II, TS-065-IIA, TS-065-2, or TS-065-2A."
157b8d12-c115-446e-a4dc-d12077751fe2,b9b6e5b8-7080-440f-9510-e1a67e3b855b,76-06,76,ASB 76-76-6 Rev.A,ENGINE CONTROLS - Engine Control Quadrant Assembly - One-Time Incorporation of Product Improvement to Replace Engine Control Lever (ECL) Stop and Trigger Assemblies,SB,18-May-2011,ASB 76-76-6 Rev.A,,,0:00,,Sikorsky S-76C model helicopters with serial numbers 760506 and 760607 through 760812 including all spare engine control quadrant assemblies.
157b8d12-c115-446e-a4dc-d12077751fe2,b9b6e5b8-7080-440f-9510-e1a67e3b855b,76-76-7,76,ASB 76-76-7,ENGINE CONTROLS -- One-Time Incorporation of Friction Devices within the Engine Control Quadrant Assembly,SB,04-Jun-2013,ASB 76-76-7,,,0:00,,S-76C model helicopters equipped with Arriel 2S2 engines including all spare engine control quadrant assemblies.
157b8d12-c115-446e-a4dc-d12077751fe2,b9b6e5b8-7080-440f-9510-e1a67e3b855b,79-05,79,ASB 76-79-5A,Oil - Left And Right Engine Lubrication Lines - Replacement Of,SB,19-Dec-1995,ASB 76-79-5A,,,0:00,,All S76C models prior to and including SS no. 760437
157b8d12-c115-446e-a4dc-d12077751fe2,b9b6e5b8-7080-440f-9510-e1a67e3b855b,79-06,79,ASB 76-79-6,Oil - Arriel 2S1 Engine Oil Cooler Blowers - Replacement of,SB,18-Aug-1998,ASB 76-79-6,,,0:00,,All S 76C+ models and Helicopters upgraded to C+ with Arriel 2S1 engine.
157b8d12-c115-446e-a4dc-d12077751fe2,b9b6e5b8-7080-440f-9510-e1a67e3b855b,79-08,79,ASB 76-79-8,OIL - Engine Oil Cooler Flex Duct - Calendar Replacement,SB,25-Jul-2006,ASB 76-79-8,,,0:00,,"All S-76 model helicopters equipped with Arriel (Turbomeca) engines as of the issue date of this ASB. (Flex Duct, Part Number: 0 401 27 282 0.)"
157b8d12-c115-446e-a4dc-d12077751fe2,b9b6e5b8-7080-440f-9510-e1a67e3b855b,,79,ASB 76-79-9,delete001,SB#,05-Jun-2007,ASB 76-79-9,,,0:00,,Delete001
157b8d12-c115-446e-a4dc-d12077751fe2,b9b6e5b8-7080-440f-9510-e1a67e3b855b,80-1,80,ASB 76-80-1,Starting DC-Junction Box Addition of Ignition Exciter Suppressors on No. 1 and No.2 and No.2 engine star Contactors,SB,05-Feb-1980,ASB 76-80-1,,,0:00,,"Model S76, SS Nos. 76005 thru 76007, SS Nos. 76001 thru 760019, 760021 thru 760026 and 760028."
157b8d12-c115-446e-a4dc-d12077751fe2,b9b6e5b8-7080-440f-9510-e1a67e3b855b,76-32-33,32,ASB NO: 76-32-33,"LANDING GEAR-Drag brace assembly- one time inspection of bolt(Drag brace attachment pin) for Rust,Corrosion,Pitting and /or White powder",SB,17-Apr-2018,ASB NO: 76-32-33,,,0:00,,All S-76 Helicopters up to and including serial numbers 761074.
157b8d12-c115-446e-a4dc-d12077751fe2,b9b6e5b8-7080-440f-9510-e1a67e3b855b,21-06,21,ASB76-21-6,AIR CONDITIONING - Automatic Cabin Temperature (C4) System - Wiring Harness - One-Time Inspection and If Required Correction of,SB,11-Jul-2005,ASB76-21-6,,,0:00,,S-76B/C and C+ model helicopters up to and including S/N 760584 with Automatic Cabin Temperature (C4) System.
157b8d12-c115-446e-a4dc-d12077751fe2,b9b6e5b8-7080-440f-9510-e1a67e3b855b,67-09,67,ASB76-67-09,Flight Controls - Tail Rotor Servo Actuator - Replacement,SB,11-Feb-1980,ASB76-67-09,,,0:00,,"Model S76, SS No. 76005 thru 76007, SS Nos. 760001 thru 760037."
157b8d12-c115-446e-a4dc-d12077751fe2,b9b6e5b8-7080-440f-9510-e1a67e3b855b,67-10,67,ASB76-67-10,Flight Controls - Upper Deck - Tail Rotor Controls - Forward Quadrant - Installation of Shims Under Torque Tube upper and Lower Bearing Supports,SB,02-Sep-1980,ASB76-67-10,,,0:00,,"Model S76 SS Nos. 76003, and 76005 thru 76007, SS Nos. 760001 thru 760075."
157b8d12-c115-446e-a4dc-d12077751fe2,b9b6e5b8-7080-440f-9510-e1a67e3b855b,67-13,67,ASB76-67-13,"Flight Controls - Tail Rotor Servo Actuator, Replacement of",SB,19-Dec-1980,ASB76-67-13,,,0:00,,"Model S76 SS Nos. 76003, 76005 thru 76007, SS Nos. 760001 thru 760155."
157b8d12-c115-446e-a4dc-d12077751fe2,b9b6e5b8-7080-440f-9510-e1a67e3b855b,67-14,67,ASB76-67-14B,Flight Controls - Main Rotor Servo - One Time Check For Pressure In Balance Tube Return Fluid Circuit,SB,25-Jun-1982,ASB76-67-14B,,,0:00,,"Model S76, main rotor servo actuators prior to S/N 0743 except for the serial number as listed in SB."
157b8d12-c115-446e-a4dc-d12077751fe2,b9b6e5b8-7080-440f-9510-e1a67e3b855b,67-16,67,ASB76-67-16,FLight Controls - Tail Rotor Control Cable And Collar Installation - Inspection Of,SB,20-Jul-1983,ASB76-67-16,,,0:00,,All S76 helicopters delivered as of issue date of this ASB.
157b8d12-c115-446e-a4dc-d12077751fe2,b9b6e5b8-7080-440f-9510-e1a67e3b855b,67-17,67,ASB76-67-17,Flight Controls - Tail Rotor Control Cable Turnbuckles - Inspection Of,SB,22-Mar-1984,ASB76-67-17,,,0:00,,All S76 helicopters delivered prior to issue date of this ASB.
157b8d12-c115-446e-a4dc-d12077751fe2,b9b6e5b8-7080-440f-9510-e1a67e3b855b,67-18,67,ASB76-67-18A,Flight Controls - Viscous Damper Assemblies - Incorporation Of,SB,26-Oct-1987,ASB76-67-18A,,,0:00,,Model S-76 Series prior to and icluding SS no. 760298 except for SS No. 760136 and 760199.
157b8d12-c115-446e-a4dc-d12077751fe2,b9b6e5b8-7080-440f-9510-e1a67e3b855b,67-3,67,ASB76-67-3B,Flight Controls - Main and Tail Rotor Servo Actuator Pressure switches - Removal Of,SB,30-Nov-1979,ASB76-67-3B,,,0:00,,"Model S76 helicopter with 76650-09805-103 main rotor servo assy, 76650-05805-103 tail rotor servo assy."
157b8d12-c115-446e-a4dc-d12077751fe2,b9b6e5b8-7080-440f-9510-e1a67e3b855b,67-06,67,ASB76-67-6F,Flight Controls - Tail Rotor Servo - Operational Checks,SB*,29-Oct-1982,ASB76-67-6F,,,0:00,,"All S76 helicopters with 76650-05801-105 thru -108, -110 and -111 tail rotor servo."
157b8d12-c115-446e-a4dc-d12077751fe2,b9b6e5b8-7080-440f-9510-e1a67e3b855b,67-07,67,ASB76-67-7,Flight Controls - Cyclic Stick Inspection of Bearing Support Assembly,SB,12-Dec-1979,ASB76-67-7,,,0:00,,"Model S76 SS Nos. 76005 thru 76007, 760001 thru 760017, 760019, 760021, 760026, 760028, 760029, 760031, 760032, 760036, 760038, 760039."
157b8d12-c115-446e-a4dc-d12077751fe2,b9b6e5b8-7080-440f-9510-e1a67e3b855b,75-01,75,ASB76-75-1,AIR - No.2 Engine Thermal Switch (T1 Temperature Sensor) - Relocation of,SB,23-Apr-1981,ASB76-75-1,,,0:00,,"Model S76 SS Nos. 76003, 76005 thru 76007, SS Nos. 760001 thru 760139."
157b8d12-c115-446e-a4dc-d12077751fe2,b9b6e5b8-7080-440f-9510-e1a67e3b855b,75-02,75,ASB76-75-2,AIR - Engine Air Particle Seperator - Gasket Retainer for Scavenge Air Check Valve - Installation Of,SB,25-Jun-1981,ASB76-75-2,,,0:00,,"Model S76 SS Nos. 760015 thru 760015, SS Nos. 760089, 760103 thru 760107."
157b8d12-c115-446e-a4dc-d12077751fe2,b9b6e5b8-7080-440f-9510-e1a67e3b855b,76-02,76,ASB76-76-2,Engine Controls - Collective Bias Control Cable System Emergency Travel - Inspection /Modification Of,SB,16-Sep-1983,ASB76-76-2,,,0:00,,All S-76 helicopters delivered as of issue date of this bulletun.
157b8d12-c115-446e-a4dc-d12077751fe2,b9b6e5b8-7080-440f-9510-e1a67e3b855b,76-05,76,ASB76-76-5,ENGINE CONTROLS - Engine Control Quadrant - Engine Power Control Levers (ECL) In-Track Force - Adjustment of,SB,02-Oct-2009,ASB76-76-5,,,0:00,,Model S-76C model helicopters equipped with Turbomeca Arriel 2S2 engines.
157b8d12-c115-446e-a4dc-d12077751fe2,b9b6e5b8-7080-440f-9510-e1a67e3b855b,77-01,77,ASB76-77-1,Engine Indicating - Power Turbine Inlet Temperature Indicating Harness - replacement and relocation of,SB,30-Jul-1981,ASB76-77-1,,,0:00,,Model S76 SS No. 76003 and 76005 thru 76007. SS No. 760001 thru 760164.
157b8d12-c115-446e-a4dc-d12077751fe2,b9b6e5b8-7080-440f-9510-e1a67e3b855b,77-02,77,ASB76-77-2,Engine Indicating - Engine Torque Indicating System - Replacement of Hose Assemblies,SB,23-Jun-1991,ASB76-77-2,,,0:00,,"Model S76 SS No. 76003, 76005 thru 76007, SS No. 760001 thru 760199."
157b8d12-c115-446e-a4dc-d12077751fe2,b9b6e5b8-7080-440f-9510-e1a67e3b855b,79-10,79,ASB76-79-10,OIL - Engine Oil Cooler Blower - Lubrication of Oil Cooler Blower Assembly Drive Shaft,SB,09-Feb-2010,ASB76-79-10,,,0:00,,"Model S-76C model helicopters with Arriel 2S1 and 2S2 engines, up to and including serial number 760787."
157b8d12-c115-446e-a4dc-d12077751fe2,b9b6e5b8-7080-440f-9510-e1a67e3b855b,79-09,79,ASB76-79-9A,OIL - Engine Oil Cooler Blower - One-Time Inspection of the Oil Cooler Blower Assembly Drive Shaft,SB,11-May-2009,ASB76-79-9A,,,0:00,,Model S-76 model helicoptersup to and including serial number 760670 equipped with Turbomeca (Arriel) engines and Post TU 37 oil cooler blower drive shafts.
157b8d12-c115-446e-a4dc-d12077751fe2,b9b6e5b8-7080-440f-9510-e1a67e3b855b,DGCA / ARRIEL 2 / 28R2,5,EASA AD 2025-0079,ATA 05 - Time Limits / Maintenance Checks - Airworthiness Limitations Section - Amendment,MOD,11-Apr-2025,DGCA / ARRIEL 2 / 28R2,,,0:00,,"ARRIEL 2D, 2E, 2H, 2L2 and 2N engines, all serial numbers."
157b8d12-c115-446e-a4dc-d12077751fe2,b9b6e5b8-7080-440f-9510-e1a67e3b855b,DGCA / NEW MISC / 261,78,EASA AD 2024-0221,ATA 78 - Exhaust - Engine / Turbocharger Exhaust System / Components - Inspection,MIS,04-Dec-2024,DGCA / NEW MISC / 261,,,0:00,,"This AD applies to all turbocharged reciprocating engine-powered aircraft and turbocharged reciprocating engines, types and models that have an affected part installed, as well as to those for which an affected part is eligible for installation."
157b8d12-c115-446e-a4dc-d12077751fe2,b9b6e5b8-7080-440f-9510-e1a67e3b855b,DGCA / NEW MISCELLANEOUS / 237R1,25,FAA AD 2024-26-02,"Joint Aircraft System Component (JASC) Code: 2500, Cabin Equipment/Furnishings.",MIS,17-Feb-2025,DGCA / NEW MISCELLANEOUS / 237R1,,,0:00,,"The buckles identified in paragraph (c)(1) of this AD may be installed on, but not limited to, The Boeing Company, Bombardier Inc., Learjet Inc., Mitsubishi Heavy Industries, Ltd., Textron Aviation, Inc. (type certificate (TC) previously held by Cessna Aircraft Company), and Viking Air Limited (TC previously held by de Havilland, Inc.) model airplanes and Airbus Helicopters (TC previously held by Eurocopter France) model helicopters, certificated in any category."
157b8d12-c115-446e-a4dc-d12077751fe2,b9b6e5b8-7080-440f-9510-e1a67e3b855b,DGCA / NEW MISCELLANEOUS / 258,72,DGCA-25012(05)/103/2023-AW,Use of Indian MOGAS on Indian registered Aircraft.,MIS,13-Feb-2024,DGCA / NEW MISCELLANEOUS / 258,,,0:00,,This MISC MOD applies to Tecnam P2006T and Tecnam 2008JC Aircraft Model Which are fitted with Rotax 912 Series engines.
157b8d12-c115-446e-a4dc-d12077751fe2,b9b6e5b8-7080-440f-9510-e1a67e3b855b,DGCA / NEW MISCELLANEOUS / 259,22,FAA AD 2024-14-03,"Joint Aircraft System Component (JASC) Code 2210, Autopilot System",MIS,19-Jul-2024,DGCA / NEW MISCELLANEOUS / 259,,,0:00,,"This AD applies to all airplane models specified in Table 1 to paragraph (c) of this AD, certificated in any category, having a Garmin GFC 500 Autopilot System that includes an optional GSA 28 pitch trim servo installed per Supplemental Type Certificate No. SA01866WI using Master Drawing List 005-01264-00, Revisions 1 through 76."
157b8d12-c115-446e-a4dc-d12077751fe2,b9b6e5b8-7080-440f-9510-e1a67e3b855b,DGCA / NEW MISCELLANEOUS / 260,25,FAA AD 2024-20-07,"Joint Aircraft System Component (JASC) Code: 2560, Emergency Equipment; and 3212, Emergency Flotation Section",MIS,08-Nov-2024,DGCA / NEW MISCELLANEOUS / 260,,,0:00,,"Sikorsky Aircraft Corporation Model S-76A, S-76B and S-76C helicopters modified by STC SR01902LA"
157b8d12-c115-446e-a4dc-d12077751fe2,b9b6e5b8-7080-440f-9510-e1a67e3b855b,DGCA / NEW MISCELLANEOUS / 262,34,FAA AD 2025-07-01,"Joint Aircraft System Component (JASC) Code 3417, Air Data Computer.",MIS,11-Apr-2025,DGCA / NEW MISCELLANEOUS / 262,,,0:00,,This AD applies to THOMMEN AIRCRAFT EQUIPMENT AG (THOMMEN) AC32 Digital Air Data Computers (ADCs) having an affected part as defined in paragraph (f)(1) of this AD
157b8d12-c115-446e-a4dc-d12077751fe2,b9b6e5b8-7080-440f-9510-e1a67e3b855b,DGCA / NEW MISCELLANEOUS / 263,25,UK CAA AD No. G-2025-0002,ATA: 25 - Equipment / Furnishings - Pilot & Co-Pilot Seats - Inspection / Modification.,MIS,16-Apr-2025,DGCA / NEW MISCELLANEOUS / 263,,,0:00,,"Type 3A063 pilot and co-pilot crew seats, identified by series Part Number (P/N) in Table below. These crew seats are known to be installed on, but not limited to, ATR-GIE Avions de Transport Régional ATR 42 and ATR 72 aeroplanes."
157b8d12-c115-446e-a4dc-d12077751fe2,b9b6e5b8-7080-440f-9510-e1a67e3b855b,DGCA / NEW MISCELLANEOUS / 263R1,25,UK CAA AD No. G-2025-0002 - Correction,ATA: 25 - Equipment / Furnishings - Pilot & Co-Pilot Seats - Inspection / Modification,MIS,30-Apr-2025,DGCA / NEW MISCELLANEOUS / 263R1,,,0:00,,"Type 3A063 pilot and co-pilot crew seats, identified by series Part Number (P/N) in Table below. These crew seats are known to be installed on, but not limited to, ATR-GIE Avions de Transport Régional ATR 42 and ATR 72 aeroplanes."
157b8d12-c115-446e-a4dc-d12077751fe2,b9b6e5b8-7080-440f-9510-e1a67e3b855b,DGCA / NEW MISCELLANEOUS / 264,34,EASA AD 2025-0088,ATA 34 - Navigation - Satellite Based Augmentation Systems / Global Positioning System Receiver - Replacement,MIS,17-Apr-2025,DGCA / NEW MISCELLANEOUS / 264,,,0:00,,"Rockwell Collins GPS-4000S, GLU-2100, GLUS-2100 and GLUS-2100A receivers, having a Part Number (P/N) as listed in Appendix 1 of this AD, all serial numbers."
157b8d12-c115-446e-a4dc-d12077751fe2,b9b6e5b8-7080-440f-9510-e1a67e3b855b,DGCA / NEW MISCELLANEOUS / 266,25,UK CAA AD G-2025-0005,Equipment / Furnishings -Passenger Seats - Modification,MIS#,06-Oct-2025,DGCA / NEW MISCELLANEOUS / 266,,,0:00,,Acro Series 9 Passenger Seats with the part number listed in Appendix 1 to this AD.
157b8d12-c115-446e-a4dc-d12077751fe2,b9b6e5b8-7080-440f-9510-e1a67e3b855b,DGCA / NEW MISCELLANEOUS / 268,34,"DGCA letter reference no.: DGCA-21011/2/2022-AW, dated 19/11/2025",5G C-Band (3300 - 3600 MHz) - Fitment of modified Radio Altimeters on aircraft - reg,MIS,19-Nov-2025,DGCA / NEW MISCELLANEOUS / 268,,,0:00,,"This order applies to all airplanes certificated in any category, equipped with radio altimeteris). These radio altimeters are installed on various airplane models including but not limited to. the airplanes for which the design approval holder is identified below: 1. Airbus 2 American Champion Aircraft Corporation 3 ATR-GIE Avions De Transport Regional 4. BAe Systems 5 Boeing Company 6. Bombardier Inc 7. Cirrus Design Corporation 8. Dassault Aviation 9 Diamond Aircraft Industries 10. Eclipse Aviatie Corporation 11. Embraer Emply Brasileira de Aeronáutica SA 12. EVEKTOR, spol. sr.o. 13. Gippsland Acronautics, Australia 14 Grob Aircraft SE 15. Gulfstream Aerospace 16. Honda Aircraft Company 17 LET Kunovice (Aircraft Industries, a.5.1 18 Maule Air Inc. 19. OMA SUD SPA Sky Technologies 20. Pacific Aerospace Ltd. 21. Piaggio Aero Industries 22. Pilatus Aircraft Ltd. 23 Piper Aircraft Corporation 24. Polskie Zuklady Lotnicze Sp/a.o 25. Quest Aircrall Company 26. Stemme GmbH 27. ?????? Aircrati Company 28. Textron Aviation Inc 29. Vaking Air Ltd. 11 win Otteri 30. Varus 31. Yabora Indústria Aeronáutica SA 32. Zlin Aircraft as"
157b8d12-c115-446e-a4dc-d12077751fe2,b9b6e5b8-7080-440f-9510-e1a67e3b855b,DGCA / NEW MISCELLANEOUS / 269,25,EASA AD 2025-0295,ATA 25 - Equipment / Furnishings - Pallet Net - Limitation,MIS#,22-Dec-2025,DGCA / NEW MISCELLANEOUS / 269,,,0:00,,"Pallet nets part number 5010-2M4N-()-()()(), all serial numbers manufactured on or before 20 May 2025. The affected pallet nets can be carried on board of various aircraft types, included, but not limited to, large aeroplanes used for transportation of passengers and/or freight."
157b8d12-c115-446e-a4dc-d12077751fe2,b9b6e5b8-7080-440f-9510-e1a67e3b855b,DGCA / NEW MISCELLANEOUS / 270,25,EASA AD 2025-0294,ATA 25 - Equipment / Furnishings - Medical Seats - Modification,MIS#,22-Dec-2025,DGCA / NEW MISCELLANEOUS / 270,,,0:00,,"Medical seat part number 9613-1-35-( ), serial numbers 3241, 3242, 3243, 3244, 3245, 3473, 3474, 3475, 3476, 3481, 3482, 3483, 3484, 3546, 3547, 3548, 3549, 3575, 3576, 3577, 3578, 3591, 3646, 3647, 3648, 3649, 3703, 3958, 3959, 3960, 3961, 4114, 4115, 4116, 4117, 4118, 4119, 4120, 4121, 4122, 4131, 4132, 4133, 4134, 4135, 4175, 4180, 4202, 4203, 4204, 4205, 4206, 4207, 4208, 4209, 4210, 4211, 4212 and 4213. These seats are known to be installed on, but not limited to, Airbus Helicopters Deutschland (AHD) EC135, AHD MBB-BK 117, Bell Textron Canada 429 and Bell Textron 412 helicopters."
157b8d12-c115-446e-a4dc-d12077751fe2,b9b6e5b8-7080-440f-9510-e1a67e3b855b,DGCA / NEW MISCELLANEOUS / 270R1,25,EASA AD No.: 2025-0294R1,ATA 25 - Equipment / Furnishings - Medical Seats - Modification,MIS#,10-Feb-2026,DGCA / NEW MISCELLANEOUS / 270R1,,,0:00,,"Medical seat Part Number (P/N) 9613-1-35-( ), serial numbers (s/n) 3241, 3242, 3243, 3244, 3245, 3473, 3474, 3475, 3476, 3481, 3482, 3483, 3484, 3546, 3547, 3548, 3549, 3575, 3576, 3577, 3578, 3591, 3646, 3647, 3648, 3649, 3703, 3958, 3959, 3960, 3961, 4114, 4115, 4116, 4117, 4118, 4119, 4120, 4121, 4122, 4131, 4132, 4133, 4134, 4135, 4175, 4180, 4202, 4203, 4204, 4205, 4206, 4207, 4208, 4209, 4210, 4211, 4212 and 4213."
157b8d12-c115-446e-a4dc-d12077751fe2,b9b6e5b8-7080-440f-9510-e1a67e3b855b,DGCA / NEW MISCELLANEOUS / 271,35,EASA AD 2025-0297,ATA 35 - Oxygen - Portable Breathing Equipment - Removal From Service,MIS#,23-Dec-2025,DGCA / NEW MISCELLANEOUS / 271,,,0:00,,"Portable Breathing Equipment (PBE) Part Number (P/N) 15-40F-11 and P/N 15-40F-80, having manufacturing date between November 2015 and March 2017 (inclusive), and a serial number (s/n) as listed in Appendix A of the SB."
157b8d12-c115-446e-a4dc-d12077751fe2,b9b6e5b8-7080-440f-9510-e1a67e3b855b,DGCA / NEW MISCELLANEOUS / 271R1,35,EASA AD No.: 2025-0297R1,ATA 35 - Oxygen - Portable Breathing Equipment - Removal from Service,MIS#,17-Feb-2026,DGCA / NEW MISCELLANEOUS / 271R1,,,0:00,,"Portable Breathing Equipment (PBE) Part Number (P/N) 15-40F-11 and P/N 15-40F-80, having manufacturing date between November 2015 and March 2017 (inclusive), and a serial number (s/n) as listed in Appendix A of the SB."
157b8d12-c115-446e-a4dc-d12077751fe2,b9b6e5b8-7080-440f-9510-e1a67e3b855b,DGCA / NEW MISCELLANEOUS / 267,35,EASA AD 2025-0222,Oxygen - Portable Breathing Equipment - Operational Instructions,MIS#,17-Oct-2025,DGCA / NEW MISCELLANEOUS / 267,,,0:00,,"Portable Breathing Equipment (PBE) Part Number (P/N) 15-40F-11 and P/N 15-40F-80, all serial numbers. The affected PBE may be eligible for installation on any aircraft and may have been installed during the aircraft manufacturing process (production line), or in-service modification, either through a Supplemental Type Certificate, or using Type Certificate Holder (TCH) approved modification instructions, or through a non-TCH modification approval."
157b8d12-c115-446e-a4dc-d12077751fe2,b9b6e5b8-7080-440f-9510-e1a67e3b855b,DGCA /NEW MISCELLANEOUS / 272,25,EASA AD 2025-0044,ATA 25 - Equipment / Furnishings - Emergency Locator Transmitter - Modification,MIS#,05-Mar-2026,DGCA /NEW MISCELLANEOUS / 272,,,0:00,,"Kannad 406 AF-Compact Emergency Locator Transmitter (ELT) model, having Part Number (P/N) S1840501-01 or P/N S1840501-04, all serial numbers."
157b8d12-c115-446e-a4dc-d12077751fe2,b9b6e5b8-7080-440f-9510-e1a67e3b855b,DGCA/ NEW MISC/ 224R1,34,FAA AD No.: 2021-05-17,"Comply with this AD within the compliance times specified, unless already done.",MIS,19-Apr-2021,DGCA/ NEW MISC/ 224R1,,,0:00,,"This AD applies to Rockwell Collins, Inc., (Rockwell Collins) Flight Display System Application FDSA-6500 part numbers (P/Ns) 810-0234-1H0001, 810-0234-1H0002, 810-0234-1H0003, 810-0234-2H0001, 810-0234-2C0001, 810-0234-2C0002, and 810-0234-4B0001. These applications are installed on, but not limited to, Bombardier Inc. Model CL-600-2B16 (604 variant) airplanes and Textron Aviation Inc. Models 525B, B200, B200C, B200CGT, B200GT, B300, B300C, and C90GTi airplanes, certificated in any category."
157b8d12-c115-446e-a4dc-d12077751fe2,b9b6e5b8-7080-440f-9510-e1a67e3b855b,DGCA/ NEW MISC/ 233,34,FAA AD No.:2020-18-51,"Joint Airplane Service Component (JASC) Code: 3420, Attitude and Direction Data System.",MIS,27-Oct-2020,DGCA/ NEW MISC/ 233,,,0:00,,This AD applies to Sandia attitude indicator (attitude indicator) part number 306171-10 and 306171-20. These attitude indicators may be marked as BendixKing Model KI-300 or Sandia Model SAI-340A. They may be installed on airplanes certificated in any category.
157b8d12-c115-446e-a4dc-d12077751fe2,b9b6e5b8-7080-440f-9510-e1a67e3b855b,DGCA/ NEW MISC/ 234,61,FAA AD No.:2020-19-06,"Joint Aircraft System Component (JASC)/Air Transport Association (ATA) of America Code 61, Propellers.",MIS,11-Nov-2020,DGCA/ NEW MISC/ 234,,,0:00,,"This AD applies to the McCauley Propeller Systems (McCauley) governors specified in paragraph (c)(1) or (2) of this AD and installed on airplanes, certificated in any category."
157b8d12-c115-446e-a4dc-d12077751fe2,b9b6e5b8-7080-440f-9510-e1a67e3b855b,DGCA/ NEW MISC/ 235,26,FAA AD 2020-21-02,"AIR TRANSPORT ASSOCIATION(ATA) OF AMERICA CODE 26,FIRE PROTECTION.",MIS,13-Jan-2021,DGCA/ NEW MISC/ 235,,,0:00,,"(1) This AD applies to the Kidde Aerospace & Defense cargo fire extinguisher halon bottles having part numbers and serial numbers identified in Table 1 of the service information identified in paragraphs (c)(1)(i) and (ii) of this AD. (i) Kidde Aerospace & Defense Service Bulletin 473957-26-518, Rev 02, dated November 4, 2019. (ii) Kidde Aerospace & Defense Service Bulletin 473919-26-521, Rev 02, dated November 7, 2019."
157b8d12-c115-446e-a4dc-d12077751fe2,b9b6e5b8-7080-440f-9510-e1a67e3b855b,DGCA/ NEW MISC/ 236,25,EASA 2020-0272,ATA 25 - Equipment / Furnishings - Buckle - Modification / Replacement,MIS,13-Jan-2021,DGCA/ NEW MISC/ 236,,,0:00,,"4 Point Harness Restraint Systems, having Part Number 18-( )-( ), all dash numbers, all serial numbers. These parts are known to be installed on, but not limited to, Airbus A330, A340 and A350 aeroplanes."
157b8d12-c115-446e-a4dc-d12077751fe2,b9b6e5b8-7080-440f-9510-e1a67e3b855b,DGCA/ NEW MISC/232,34,FAA AD No.:2020-16-08,"Joint Aircraft System Component (JASC)/Air Transport Association (ATA) of America Code 3410, FLIGHT ENVIRONMENT DATA; 3420, ATTITUDE AND DIRECTION DATA SYSTEM.",MIS,14-Oct-2020,DGCA/ NEW MISC/232,,,0:00,,"This AD applies to Aspen Avionics, Inc., Evolution Flight Display (EFD) EFD1000 Primary Flight Display part number (P/N) 910-00001-011, EFD1000 Multi-Function Display P/N 910-00001- 012, and EFD1000 Emergency Backup Display P/N 910-00001-017 units that meet both conditions in paragraphs (c)(1) (i) and (ii) of this AD."
157b8d12-c115-446e-a4dc-d12077751fe2,b9b6e5b8-7080-440f-9510-e1a67e3b855b,DGCA/ NEW MISC/246 R1,31,FAA AD : 2023-10-02,"Air Transport Association (ATA) of America Code 31, Indicating/Recording System; 34, Navigation.",MIS,04-Aug-2023,DGCA/ NEW MISC/246 R1,,,0:00,,This AD applies to all transport and commuter category airplanes equipped with a radio (also known as radar) altimeter.
157b8d12-c115-446e-a4dc-d12077751fe2,b9b6e5b8-7080-440f-9510-e1a67e3b855b,DGCA/ NEW MISC/252 R1,35,FAA AD : 2023-13-11,"Air Transport Association (ATA) of America Code 35, Oxygen System.",MIS,18-Aug-2023,DGCA/ NEW MISC/252 R1,,,0:00,,"This AD applies to AVOX Systems Inc. (formerly Scott Aviation) oxygen cylinder and valve assemblies having part number (P/N) 89794077, 89794015, 891511-14, 806835-01, 807982-01, or 808433-01."
157b8d12-c115-446e-a4dc-d12077751fe2,b9b6e5b8-7080-440f-9510-e1a67e3b855b,DGCA/ NEW MISC/257,25,FAA AD 2023-12-25,"Air Transport Association (ATA) of America Code 25, Equipment/Furnishings.",MIS,07-Aug-2023,DGCA/ NEW MISC/257,,,0:00,,"This AD applies to Survitec Group Limited (RFD Beaufort Ltd.) life jackets identified in paragraphs (c)(1) and (2) of this AD, having a part number and serial number identified in tables 2 through 13 of Survitec [RFD] Alert Service Bulletin 25-207-A, Version 1, dated November 24, 2021, and a date of manufacture between October 1, 2018, and April 30, 2019, inclusive."
157b8d12-c115-446e-a4dc-d12077751fe2,b9b6e5b8-7080-440f-9510-e1a67e3b855b,M152,25,EASA AD 2013-0020R4,Equipment & Furnishings - Safety Belts / Torso Restraint Systems - Inspection / Replacement,MIS,11-Jul-2014,DGCA/New Misc/ 152 Rev 5,,,0:00,,"All P/N of safety belts and torso restraint systems installed on any aircraft where dynamically tested seats are required IAW airworthiness requirements like the European Certification Specifications (CS), or JAR/FAR, para 23.562, 25.562, 27.562 and 29.562, if safety belts and torso restraint systems have been maintained or repaired after 28 Sept 2003 by maintenance organizations not holding the applicable maintn data of the relevant approval holders, unless they are marked with European Parts Approval (EPA)."
157b8d12-c115-446e-a4dc-d12077751fe2,b9b6e5b8-7080-440f-9510-e1a67e3b855b,M107,29,EASA AD 2008-0140 R4,Air Conditioning - Zonal Drying System Deactivation,MIS,16-Oct-2008,DGCA/New Misc/107 R4,,,0:00,,"CTT Systems AB Zonal Drying System P/N 1000-001, 2000-000, 2000-005, 2001-001, 2001-006, 3000-000 Rev.A, 3000-001, 3000-002 Rev.A and 3000-002 Rev.D, known to be installed on Airbus, Boeing, Bombardie"
157b8d12-c115-446e-a4dc-d12077751fe2,b9b6e5b8-7080-440f-9510-e1a67e3b855b,M108,100,EASA AD 2008-22-01,"To prevent the potential of ignition sources inside fuel tanks, which, in combination with flammable fuel vapors, could result in fuel tank explosions and consequent loss of the airplane.",MIS,26-Nov-2008,DGCA/New Misc/108,,,0:00,,Transport Category Airplanes equipped with auxiliary fuel tanks installed iaw specified STC (Boeing Model).
157b8d12-c115-446e-a4dc-d12077751fe2,b9b6e5b8-7080-440f-9510-e1a67e3b855b,M111,23,EASA AD 2006-0334R1,Communications - Thales Communications VHF Data Radio - Modification,MIS,19-Mar-2009,DGCA/New Misc/111,,,0:00,,"Thales VHF Data Radio,P/N: EVR716-11-0300A EVR716-11-0350A EVR716-01-0100A EVR716-01-0200A EVR750-03-0100A"
157b8d12-c115-446e-a4dc-d12077751fe2,b9b6e5b8-7080-440f-9510-e1a67e3b855b,M112,34,EASA AD 2009-0097,Navigation-Mode S Transponder -Check / Modification,MIS,05-Jun-2009,DGCA/New Misc/112 R1,,,0:00,,"Rockwell Collins Mode S Transponders identified by type TDR-94, TDR-94D and P/N (all s/n) as in AD, installed on ATR 42, ATR 72, Bombardier, Falcon, Hawker Beechcraft 200 & 400 series."
157b8d12-c115-446e-a4dc-d12077751fe2,b9b6e5b8-7080-440f-9510-e1a67e3b855b,M113,25,FAR PART 121.311,Implementation of Federal Aviation Administration (FAA) Regarding crashworthiness Standard for Passenger Operations,MIS,23-Jul-2009,DGCA/New Misc/113 Rev.1,,,0:00,,Transport Category Airplanes
157b8d12-c115-446e-a4dc-d12077751fe2,b9b6e5b8-7080-440f-9510-e1a67e3b855b,M116,34,EASA AD 2009-0200,Navigation - Mode A/C Transponder - Check/ Replacement,MIS,22-Sep-2009,DGCA/New Misc/116,,,0:00,,"Narco Avionics Inc. AT-150 Mode A/C transponder, all P/N, all S/N known to be installed on, but not limited to aircraft certified under CS23/ by EU member states prior to 28-09-03."
157b8d12-c115-446e-a4dc-d12077751fe2,b9b6e5b8-7080-440f-9510-e1a67e3b855b,M118,35,FAA AD 2009-21-10 R1,"To Prevent An Oxgen Cylinder from Rupturing, Which Depending on the Location Could REsult in Structural Damage & Rapid Decompression Of the Airplane",MIS,04-Feb-2010,DGCA/New Misc/118 Rev.1,,,0:00,,"AVOX Systems and B/E Aerospace oxygen cylinder assemblies, approved under United States Department of Transportation Regulations for Type 3HT cylinders, identified in Table 1 of this AD."
157b8d12-c115-446e-a4dc-d12077751fe2,b9b6e5b8-7080-440f-9510-e1a67e3b855b,M122,34,EASA AD 2010-0003 R1,Navigation - Mode S Transponder Aircraft Type Mode Strapping - Check / Modification,MIS,18-Feb-2010,DGCA/New Misc/122,,,0:00,,"Rockwell Collins Mode S Transponders identified by type & (P/N) as follows: TDR-94:-622-9352-008,622-9352-108, 622-9352-308 & 622-9352-408. TDR-94D:-622-9210-008,622-9210-108,622-9210-308 & 622-9210-408."
157b8d12-c115-446e-a4dc-d12077751fe2,b9b6e5b8-7080-440f-9510-e1a67e3b855b,M123,72,FAA AD 2010-07-08,"To prevent separation or seizure of the turbocharger turbine, which could result in full or partial engine power loss, loss of engine oil, and smoke in the airplane cabin.",MIS,19-Apr-2010,DGCA/New Misc/123,,,0:00,,"Kelly Aerospace Energy Systems, LLC (KAES) rebuilt turbochargers listed by part number (P/N) in the Table 1 of this AD. The affected S/Ns are listed in Table III of Kelly Aerospace Energy Systems, LLC SB No. 039 A, dated Feb 10, 2010."
157b8d12-c115-446e-a4dc-d12077751fe2,b9b6e5b8-7080-440f-9510-e1a67e3b855b,M124,35,FAA AD 2010-11-05,"Oxygen Cylinder - Inspection/ Replacement - To Prevent Oxygen Cylinder From Rupturing,",MIS,24-Sep-2010,DGCA/New Misc/124,,,0:00,,"Oxygen cylinders with a One Time capacity of 114/115 cubic feet, approved under United States Department of Transportation Regulations for Type 3HT cylinders, identified in Table 1 of this AD. The affected oxygen cylinders may be installed as a component of, but not limited to, the AVOX Systems Inc. and B/E Aerospace cylinder assemblies listed in Table 2 of this AD."
157b8d12-c115-446e-a4dc-d12077751fe2,b9b6e5b8-7080-440f-9510-e1a67e3b855b,M124,35,FAA AD 2010-11-05,Oxygen Cylinder - Inspection/ Replacement - To Prevent an Oxygen Cylinder From Rupturing,MIS,06-Jul-2010,DGCA/New Misc/124,,,0:00,,"Oxygen cylinders with a capacity of 114/115 cubic feet, approved under United States Department of Transportation Regulations for Type 3HT cylinders, identified in Table 1 of this AD. The affected oxygen cylinders may be installed as a component of, but not limited to, the AVOX Systems Inc. and B/E Aerospace cylinder assemblies listed in Table 2 of this AD."
157b8d12-c115-446e-a4dc-d12077751fe2,b9b6e5b8-7080-440f-9510-e1a67e3b855b,M125,61,FAA AD 2010-13-10,"To prevent loss of propeller pitch control, damage to the propeller governor, and internal damage to the engine, which could prevent continued safe flight or safe landing.",MIS,05-Aug-2010,DGCA/New Misc/125,,,0:00,,"Ontic Engineering and Manufacturing, Inc. propeller governors, part numbers (P/Ns) C210776, T210761, D210760, and J210761, as listed by serial number on pages 3 and 4 of Ontic Engineering and Manufacturing SB-DES-353, Rev. A."
157b8d12-c115-446e-a4dc-d12077751fe2,b9b6e5b8-7080-440f-9510-e1a67e3b855b,M126,23,EASA AD 2010-0186,Communication - Very High Frequency (VHF/AM) Transceiver - Modification,MIS,08-Nov-2010,DGCA/New Misc/126,,,0:00,,"Dittel Messtechnik GmbH, FSG 2T VHF/AM Airband Transceivers, Part Number (P/N) F10350, serial numbers (s/n) 35(X)-05100 through 35(X)-06462 inclusive, except units marked with Mod-Index: SB 1.06, and s/n 353-05172, 353-05189, 355-05557, 355-05696 and 356-05828."
157b8d12-c115-446e-a4dc-d12077751fe2,b9b6e5b8-7080-440f-9510-e1a67e3b855b,M126,23,EASA AD 2010-0186,Communication - Very High Frequency (VHF/AM) Transceiver - Modification,MIS,22-Sep-2010,DGCA/New Misc/126,,,0:00,,"Dittel FSG 2T VHF/AM Airband Transceivers, P/N F10350, serial numbers (s/n) 35(X)-05100 through 35(X)-06462 inclusive, except units marked with Mod-Index: SB 1.06, and s/n 353-05172, 353-5189, 355-05557, 355-05696 and 356-05828."
157b8d12-c115-446e-a4dc-d12077751fe2,b9b6e5b8-7080-440f-9510-e1a67e3b855b,M127,34,EASA AD 2010-0204 [Correction: 07 June 2011],Navigation Systems - Mode-S Transponder - Modification / Replacement,MIS,20-Oct-2010,DGCA/New Misc/127 R1,,,0:00,,"Rockwell Collins Mode S Transponders identified by type TDR-94/TDR-94D and Part Number (P/N) as listed in AD, when installed in combination with certain Rockwell Collins ADC as specified in AD, and the Rockwell Collins CSDB databus is being used to transfer altitude information between the ADC and the transponder(s)."
157b8d12-c115-446e-a4dc-d12077751fe2,b9b6e5b8-7080-440f-9510-e1a67e3b855b,M127,34,EASA AD 2010-0204 [Correction: 07 June 2011],Navigation Systems - Mode-S Transponder - Modification / Replacement,MIS,25-Jul-2011,DGCA/New Misc/127 R1,,,0:00,,"Rockwell Collins Mode S Transponders identified by type TDR-94/TDR-94D and P/N as listed in AD, when installed in combination with certain Rockwell Collins ADC as specified in AD, and the Rockwell Collins CSDB databus is being used to transfer altitude information between the ADC and the transponder(s)."
157b8d12-c115-446e-a4dc-d12077751fe2,b9b6e5b8-7080-440f-9510-e1a67e3b855b,M128,27,EASA AD 2010-0233,Flight Controls - Turnbuckles - Inspection,MIS,10-Dec-2010,DGCA/New Misc/128,,,0:00,,"CAP10B and CAP10B with Major Change 000302 (commercial name CAP10C), all serial numbers."
157b8d12-c115-446e-a4dc-d12077751fe2,b9b6e5b8-7080-440f-9510-e1a67e3b855b,M129,35,FAA AD 2011-01-09,Air Transport Association (ATA) of America Code 35: Oxygen.,MIS,09-Feb-2011,DGCA/New Misc/129,,,0:00,,"B/E Aerospace protective breathing equipment (PBE) units having P/N 119003-11. These PBE units may be installed on (or carried or stowed on board), but not limited to, various transport category airplanes, certificated in any category, identified in but not limited to the airplanes as specified in Table 1 of this AD."
157b8d12-c115-446e-a4dc-d12077751fe2,b9b6e5b8-7080-440f-9510-e1a67e3b855b,M130,35,FAA AD 2012-11-09,"Air Transport Association (ATA) of America Code 35, Oxygen.",MIS,26-Jul-2012,DGCA/New Misc/130R2,,,0:00,,"Transport category airplanes, in passenger-carrying operations, that are equipped with any chemical oxygen generator installed in any lavatory."
157b8d12-c115-446e-a4dc-d12077751fe2,b9b6e5b8-7080-440f-9510-e1a67e3b855b,M130,35,FAA AD 2012-11-09 R1,"Air Transport Association (ATA) of America Code 35, Oxygen.",MIS,18-Aug-2015,DGCA/New Misc/130R3,,,0:00,,"Transport category airplanes in compliance with the requirements of AD 2011-04-09,equipped with any chemical oxygen generator installed in any lavatory operating under 14 CFR part 129, with a maximum passenger capacity of 20 or greater."
157b8d12-c115-446e-a4dc-d12077751fe2,b9b6e5b8-7080-440f-9510-e1a67e3b855b,M131,34,EASA AD 2011-0043,Navigation Systems - Mode-S Transponder Control Panels - Modification,MIS,30-Mar-2011,DGCA/New Misc/131,,,0:00,,"Airbus, BAE Systems, Boeing,Fokker, Lockheed, McDonnell Douglas, Sabreliner Corporation models, all serial numbers, if equipped with Gables Engineering type G7490, G7492 or G7493 series ATC/TCAS Control Panels."
157b8d12-c115-446e-a4dc-d12077751fe2,b9b6e5b8-7080-440f-9510-e1a67e3b855b,M132,35,EASA AD 2011-0090R1,Oxygen - Oxygen Mask Regulator Inflatable Harness - Identification / Replacement,MIS,27-Jul-2011,DGCA/New Misc/132,,,0:00,,"Flight Crew Oxygen Masks Regulators, Manufactured by Intertechnique (part of Zodiac Aerospace), EROS, all Part Number (P/N) MA10, MC10, MC20, MF10, MF20, MLC20, MLD20, MRA005, MRA022 and MRA023 series. Note: The affected batches were installed on harnesses manufactured between Dec 2008 and Aug 2010."
157b8d12-c115-446e-a4dc-d12077751fe2,b9b6e5b8-7080-440f-9510-e1a67e3b855b,M132,35,EASA AD 2011-0090R1,Oxygen - Oxygen Mask Regulator Inflatable Harness - Identification / Replacement,MIS,27-Jul-2011,DGCA/New Misc/132 R1,,,0:00,,"Flight Crew Oxygen Masks Regulators, Manufactured by Intertechnique (part of Zodiac Aerospace), EROS, all Part Number (P/N) MA10, MC10, MC20, MF10, MF20, MLC20, MLD20, MRA005, MRA022 and MRA023 series. Note: The affected batches were installed on harnesses manufactured between Dec 2008 and Aug 2010."
157b8d12-c115-446e-a4dc-d12077751fe2,b9b6e5b8-7080-440f-9510-e1a67e3b855b,M132,35,EASA AD 2011-0090R1,Oxygen - Oxygen Mask Regulator Inflatable Harness - Identification / Replacement,MIS,27-Jul-2011,DGCA/New Misc/132R1,,,0:00,,"Flight Crew Oxygen Masks Regulators, Manufactured by Intertechnique (part of Zodiac Aerospace), EROS, all Part Number (P/N) MA10, MC10, MC20, MF10, MF20, MLC20, MLD20, MRA005, MRA022 and MRA023 series. Note: The affected batches were installed on harnesses manufactured between Dec 2008 and Aug 2010."
157b8d12-c115-446e-a4dc-d12077751fe2,b9b6e5b8-7080-440f-9510-e1a67e3b855b,M133,25,EASA AD 2011-0094,Equipment and Furnishing - Life Jacket Vacuum Bag - Modification,MIS,06-Jun-2011,DGCA/New Misc/133,,,0:00,,"Life Jackets for Infant - Small Child, manufactured by Aerazur, Part Number (P/N) 216200-0, P/N 216203-0 and P/N 216204-0, having serial numbers (s/n) 28366 through 30739 inclusive."
157b8d12-c115-446e-a4dc-d12077751fe2,b9b6e5b8-7080-440f-9510-e1a67e3b855b,M134,25,EASA AD 2011-0103,Equipment / Furnishings - Emergency Locator Transmitter (ELT) Antenna - Modification / Replacement,MIS*,03-Jun-2011,DGCA/New Misc/134,,,0:00,,"Tri-Band ELT antennas, Manuafctured by Chelton Limited (trading as Cobham Antenna Systems), Part Number (P/N) 21-41 ( ) series, all serial numbers (s/n) up to 12999 inclusive. Chelton P/N 21-41 ( ) series antennas installed in combination with the ELT Model ARTEX C406-N HM, P/N 453-5061/C406-N, P/N 453-5060 are not affected by this AD."
157b8d12-c115-446e-a4dc-d12077751fe2,b9b6e5b8-7080-440f-9510-e1a67e3b855b,M134,25,EASA AD 2011-0103,Equipment / Furnishings - Emergency Locator Transmitter (ELT) Antenna - Modification / Replacement,MIS*,30-Jun-2011,DGCA/New Misc/134,,,0:00,,"Tri-Band ELT antennas, Manuafctured by Chelton Limited (trading as Cobham Antenna Systems), Part Number (P/N) 21-41 ( ) series, all serial numbers (s/n) up to 12999 inclusive. Chelton P/N 21-41 ( ) series antennas installed in combination with the ELT Model ARTEX C406-N HM, P/N 453-5061/C406-N, P/N 453-5060 are not affected by this AD."
157b8d12-c115-446e-a4dc-d12077751fe2,b9b6e5b8-7080-440f-9510-e1a67e3b855b,M135,25,EASA AD 2011-0098,Equipment & Furnishings - Passenger Seat - Replacement,MIS,01-Aug-2011,DGCA/New Misc/135,,,0:00,,"Airbus, The Boeing Company (for DC-9, MD-11, MD-88 and MD-90 Series, formerly McDonnell Douglas Corporation), Fokker aeroplane types and models, all serial numbers, if equipped with any passenger seats manufactured by Koito Industries, including all seats modified by third party after the initial delivery."
157b8d12-c115-446e-a4dc-d12077751fe2,b9b6e5b8-7080-440f-9510-e1a67e3b855b,M136,26,FAA AD 2011-11-04,"The Joint Aircraft System/Component (JASC) Code is 2622: Fire Bottle, Portable.",MIS,17-Jun-2011,DGCA/New Misc/136,,,0:00,,"Portable Halon 1211 fire extinguisher, part number 863520-00, with a serial number listed in Table 1 of this AD, installed on various model helicopters including Eurocopter France Model EC120B; AS350B, BA, B1, B2, B3, and D; AS355E, F, F1, N, and NP; and SA341G or 342J helicopters, certificated in any category."
157b8d12-c115-446e-a4dc-d12077751fe2,b9b6e5b8-7080-440f-9510-e1a67e3b855b,M137,35,FAA AD 2011-14-08,Air Transport Association (ATA) of America Code 35: Oxygen.,MIS,19-Aug-2011,DGCA/New Misc/137,,,0:00,,"B/E Aerospace, Continuous Flow Passenger Oxygen Mask Assembly; Part Numbers 174006-( ), 174080-( ), 174085-( ), 174095-( ), 174097-( ), and 174098-( ) as listed in B/E Aerospace SB 174080-35-04, Rev 000, dated Sept 6, 2010, that are installed on any aircraft except for those Boeing airplanes specified in the ADs referenced in para (b)(1), (b)(2), (b)(3), (b)(4), and (b)(5) of this AD."
157b8d12-c115-446e-a4dc-d12077751fe2,b9b6e5b8-7080-440f-9510-e1a67e3b855b,M138,25,FAA AD 2011-23-06,Sicma Aero Seat,MIS,04-Jun-2012,DGCA/New Misc/138 R1,,,0:00,,"This AD applies to Sicma Aero Seat Model 9401, 9402, 9404, 9505, 9406, 9407, 9408, and 9409 series passenger seat assemblies, all P/N, except front row and aft facing seats, and those modified to ''Amendment B'' standard. These passenger seat assemblies are installed on,but not limited to, ATR-GIE Avions de Transport Régional Model ATR42-200, -300, -320, and -500 airplanes and Model ATR72-101, -201, 102,-202,-211, -212, and -212A airplanes."
157b8d12-c115-446e-a4dc-d12077751fe2,b9b6e5b8-7080-440f-9510-e1a67e3b855b,M138,25,FAA AD 2012-08-07,"To detect and correct cracking of the central and lateral spreaders, which could lead to further cracking of the seat spreaders, causing injury to passengers or crew members during heavy turbulence in flight or in the event of an emergency landing.",MIS,04-Jun-2012,DGCA/New Misc/138 Rev.1,,,0:00,,"This AD applies to Sicma Aero Seat Model 9401, 9402, 9404,9505, 9406, 9407, 9408, and9409 series passenger seat assemblies, all P/N, except front row and aft facing seats, and those modified to ''Amendment B'' standard. These passenger seat assemblies are installed on,but not limited to, ATR-GIE Avions de Transport Régional Model ATR42-200, -300, -320,and -500 airplanes and Model ATR72-101, -201, 102,-202,-211, -212, and -212A airplanes"
157b8d12-c115-446e-a4dc-d12077751fe2,b9b6e5b8-7080-440f-9510-e1a67e3b855b,M139,31,EASA AD 2011-0239,ATA-34-Navigation- Radio Altimeter Indicator-Modification,MIS,05-Jan-2012,DGCA/New Misc/139,,,0:00,,"Radio altimeter indicator IND201, P/N 102-2100, all serial numbers.The affected radio altimeter indicators are known to be installed on, but not limited to, Eurocopter (formerly Eurocopter France, Aerospatiale)EC 120 B, AS 350 B2, AS 350B3 and AS 355 NP helicopters.It is also possible that the radio altimeter indicator is installed on fixed."
157b8d12-c115-446e-a4dc-d12077751fe2,b9b6e5b8-7080-440f-9510-e1a67e3b855b,M140,25,FAA AD 2011-25-01,"""To install Placards to Aid in Locating and deploying Life rafts to Prevent Further Injury Or Loss Of Life In the Event Of a Helicopter Landing in the Water""",MIS,05-Jan-2012,DGCA/New Misc/140,,,0:00,,"The helicopter models,certificated in any category, with an Emergency Float Kit with a P/N and S/N, installed by a supplemental type certificate(STC), as follows:Kit P/N: 614.3001, Kit S/N: 80 &below Affected Helicopter Model: Bell 407, STC Number :SR01535LA. Kit P/N: 614.3001, Kit S/N: 80 &below Affected Helicopter Model: Bell 407, STC Number :SR01535LA Kit P/N: 614.3003, Kit S/N: 133 &below Affected Helicopter Model: Bell 206L, L-1, L-3, and L-4, STC Number :SR01535LA Kit P/N: 614.3007, Kit S/N: 014 &below Affected Helicopter Model: Bell 206A& B STC Number : SR01535LA Kit P/N: 614.7601, Kit S/N: 45 &below Affected Helicopter Model: Bell 212, 412, STC Number : SR01779LA ."
157b8d12-c115-446e-a4dc-d12077751fe2,b9b6e5b8-7080-440f-9510-e1a67e3b855b,M146,24,FAA AD 2012-14-15,"To prevent misleading information during Localizer performance(LP), Localizer performance with Vertical guidance (LPV), or SBAS Lateral Navigation/ Vertical Navigation(LNAV/VNAV) approached due to software problem in Honeywell Wide Area Augmentation System(WASS) Global Navigation Satellite Sensor Unit (GNSSU)"".",MIS,07-Sep-2012,DGCA/New Misc/146,,,0:00,,"Model KGS200 Mercury2 wide area augmentation system (WAAS) global navigation satellite sensor units (GNSSU), Honeywell part numbers (P/N) 066-01201-0102 and 066-01201-0104."
157b8d12-c115-446e-a4dc-d12077751fe2,b9b6e5b8-7080-440f-9510-e1a67e3b855b,M151,34,FAA AD 2012-26-15,"To Detect and correct inaccuraciec of the pressure sensor which could result in altitude, computed airspeed, true airspeed and mach computation errors.",MIS,29-Jan-2013,DGCA/New Misc/151,,,0:00,,"This AD applies to air data pressure transducers, as installed in air data computers (ADC), air data modules (ADM), air data attitude heading reference systems (ADAHRS), and digital air data computers (DADC) having the part numbers and serial numbers identified in Honeywell Alert Service Bulletin."
157b8d12-c115-446e-a4dc-d12077751fe2,b9b6e5b8-7080-440f-9510-e1a67e3b855b,M154,25,EASA AD 2013-0106,Equipment / Furnishings - Varnish on Veneered Panels - Inspection / Re-furbishing,MIS,16-May-2013,DGCA/NEW MISC/154,,,0:00,,All modifications whose approval numbers are listed in Appendix 1 of this AD.
157b8d12-c115-446e-a4dc-d12077751fe2,b9b6e5b8-7080-440f-9510-e1a67e3b855b,M161,34,FAA AD 2014-05-27,To correct possible misalignment issues with transponders that could result in increased pilot and air traffic controller workload as well reduced separation of Airplanes.,MIS*,07-Apr-2014,DGCA/New Misc/161,,,0:00,,"Applicable to Rockwell Collins, Inc. Mode S transponders"
157b8d12-c115-446e-a4dc-d12077751fe2,b9b6e5b8-7080-440f-9510-e1a67e3b855b,M035,23,EASA AD 2006-0265 CN,"Check of Mode ""C"" or Mode ""S"" Transponder System(s)",MIS*,13-May-2013,DGCA/New Misc/35 Rev 1,,,0:00,,ATA 34-CANCELLED: Navigation Systems - Mode S and C Transponders - Check
157b8d12-c115-446e-a4dc-d12077751fe2,b9b6e5b8-7080-440f-9510-e1a67e3b855b,DGCA/NEW -MISC/247R 1,34,FAA AD 2023-11-07,"Air Transport Association (ATA) of America Code 3444, Ground Proximity System.",MIS,27-Jul-2023,DGCA/NEW -MISC/247R 1,,,0:00,,"This AD applies to all helicopters, certificated in any category, equipped with a radio (also known as radar) altimeter."
157b8d12-c115-446e-a4dc-d12077751fe2,b9b6e5b8-7080-440f-9510-e1a67e3b855b,M155,33,FAA AD 2013-10-01,Unsafe Condition as the search Light / Gimbal Disconnecting from the helicopter and remaining attached solely by the internal cable harness or separating totally.,MIS,04-Jun-2013,DGCA/New-Misc/ 155,,,0:00,,Spectrolab Nightsun XP Searchlight Assembly Systems with gimbal assembly part number (P/N) 033295-1 or 033295-2
157b8d12-c115-446e-a4dc-d12077751fe2,b9b6e5b8-7080-440f-9510-e1a67e3b855b,M156,26,FAA AD 2013-09-11,"To Prevent the Brushes in the A/C Motor from wearing down, which could result in the Rivet in the Brush contacting the commutator causing sparks and consequent fire and or smoke in the tail cone with no means to detect or extinguish the fire and or smoke",MIS,07-Jun-2013,DGCA/New-Misc/ 156,,,0:00,,"Cessna Model 500 and 501 airplanes, serial numbers (S/N) 0001 through 0689 inclusive"
157b8d12-c115-446e-a4dc-d12077751fe2,b9b6e5b8-7080-440f-9510-e1a67e3b855b,M157,26,FAA AD 2013-11-04,To prevent the failure of urethane seals to maintain sufficient halon concentration in the cargo compartments to extinguish or contain fire or smoke,MIS,20-Jun-2013,DGCA/New-Misc/ 157,,,0:00,,"Model 747-100, 747-100B, 747-100B SUD, 747-200B, 747-200F, 747-300, 747-400, 747- 400D, 747-400F, 747SR, and 747SP series airplanes, as identified in Boeing Special Attention Service Bulletin 747-25-3381, Revision 1"
157b8d12-c115-446e-a4dc-d12077751fe2,b9b6e5b8-7080-440f-9510-e1a67e3b855b,M001,32,DGCA Let no.77-5-69Al(l),Magnetic Particle Inspection of undercarriage bolts of agricultural aircraft.,MIS*,24-Jul-1969,DGCA/New-Misc/01,,,0:00,,Applicable to agricultural aircraft.
157b8d12-c115-446e-a4dc-d12077751fe2,b9b6e5b8-7080-440f-9510-e1a67e3b855b,M002,5,DGCA Let No.9-414AI(II),M-3 Type Generator Insp. of Support Lugs at Commutator Front End Housing for Cracks,MIS,24-May-1969,DGCA/New-Misc/02,,,0:00,,Applicable to M-3 Type generators
157b8d12-c115-446e-a4dc-d12077751fe2,b9b6e5b8-7080-440f-9510-e1a67e3b855b,M002,80,DGCA LETTER NO.9-414/Al,M-3 TYPE generators insp. of support lugs at commutator front end housing for cracks.,MIS,11-Nov-1974,DGCA/New-Misc/02,,,0:00,,As in the letter
157b8d12-c115-446e-a4dc-d12077751fe2,b9b6e5b8-7080-440f-9510-e1a67e3b855b,M003,11,FAA AD 74-8-09R3,To prevent possible fire that could result from smoking materials being drop in to labatory paper or linen waste receptacles.,MIS,16-Apr-2012,DGCA/New-Misc/03 R1,,,0:00,,"All transport category airplanes, certificated in any category, that have one or more lavatories equipped with paper or linen waste receptacles."
157b8d12-c115-446e-a4dc-d12077751fe2,b9b6e5b8-7080-440f-9510-e1a67e3b855b,M003,11,FAA AD 74-08-09R2,"""No Smoking"" placard to be installed on lavatory door to prevent fires from smoking materials being dropped in to lavatory, paper or linen waste receptacles.",MIS,06-Aug-1974,DGCA/New-Misc/03 Rev.1,,,0:00,,"All transport category airplanes, certified in any category"
157b8d12-c115-446e-a4dc-d12077751fe2,b9b6e5b8-7080-440f-9510-e1a67e3b855b,M004,31,DGCA let no. 4/26/73 AI,"Installation of ""G"" Meter During Cloud Seeding Operations",MIS,20-Jun-1974,DGCA/New-Misc/04,,,0:00,,Applicable to all aircraft modified for cloud seeding operations
157b8d12-c115-446e-a4dc-d12077751fe2,b9b6e5b8-7080-440f-9510-e1a67e3b855b,M004,31,DGCA Letter No.4/26/73 Al(I) Dt: 20/6/74,"Installation of ""G"" meter during cloud seeding operations.",MIS,20-Jun-1974,DGCA/New-Misc/04,,,0:00,,As in letter
157b8d12-c115-446e-a4dc-d12077751fe2,b9b6e5b8-7080-440f-9510-e1a67e3b855b,M005,51,DGCA Letter no. 78/111/75,"Painting of helicopters engaged in Agro operations with ""Day Glow"" paint.",MIS,23-Mar-1977,DGCA/New-Misc/05,,,0:00,,As in the DGCA letter
157b8d12-c115-446e-a4dc-d12077751fe2,b9b6e5b8-7080-440f-9510-e1a67e3b855b,M005,51,DGCA let no.78/111/75 AI,Painting of Helicopter Engaged in Agro Operations with 'Day Glow' Paint,MIS,23-Mar-1977,DGCA/New-Misc/05,,,0:00,,Applicable to helicopters
157b8d12-c115-446e-a4dc-d12077751fe2,b9b6e5b8-7080-440f-9510-e1a67e3b855b,M006,23,DGCA Letter No. 4-18/79A,Frequency tolerance limit for transmitters Rev. 1,MIS,27-Feb-1992,DGCA/New-Misc/06,,,0:00,,Applicable to all HF and VHF equipment fitted on transport category aircraft.
157b8d12-c115-446e-a4dc-d12077751fe2,b9b6e5b8-7080-440f-9510-e1a67e3b855b,M006,23,DGCA Letter No.4-18/79 AI(I),Frequency Tolerance Limit for Transmitter Rev.1,MIS,27-Feb-1992,DGCA/New-Misc/06,,,0:00,,Applicable to all HF and VHF equipment fitted on transport category aircraft.
157b8d12-c115-446e-a4dc-d12077751fe2,b9b6e5b8-7080-440f-9510-e1a67e3b855b,M007,80,Bendix SB No. 551 & 556,"Improved lubrication and installation of modified distributor block in Bendix Scintilla ""S"" type magnetos.",MIS,23-Jun-1972,DGCA/New-Misc/07,,,0:00,,"Applicable to Bendix Scintilla 'S' 20, S 200 & 'S' 1200 series magnetos"
157b8d12-c115-446e-a4dc-d12077751fe2,b9b6e5b8-7080-440f-9510-e1a67e3b855b,M008,100,ISI Spec.no.6753-1972,Identification of aircraft pipelines,MIS,13-Jul-2007,DGCA/New-Misc/08,,,0:00,,Applicable to aircraft with AUW of 15000 Kg and above & type certificate after 1-5-76.
157b8d12-c115-446e-a4dc-d12077751fe2,b9b6e5b8-7080-440f-9510-e1a67e3b855b,M009,98,Cancelled,Cancelled in view of DGCA/New Misc/84 vide letter no. 9-414/04 dated 06/10/05,MIS#,19-Jul-2007,DGCA/New-Misc/09,,,0:00,,Cancelled in view of DGCA/New Misc/84 vide letter no. 9-414/04 dated 06/10/05
157b8d12-c115-446e-a4dc-d12077751fe2,b9b6e5b8-7080-440f-9510-e1a67e3b855b,M010,11,FAR PART 121.317(b),"""Fasten Seat Belt While Seated"" sign or playcard on each forward bulkhead and on each passenger seat back.",MIS,29-Jun-2007,DGCA/New-Misc/10,,,0:00,,PASSENGER AIRCRAFT
157b8d12-c115-446e-a4dc-d12077751fe2,b9b6e5b8-7080-440f-9510-e1a67e3b855b,M010,1,FAR PART 121.317(b),"""Fasten Seat Belt While Seated""sign or playcard on each forward bulkhead and on each passenger seat back.",MIS*,12-Jul-2007,DGCA/New-Misc/10,,,0:00,,Passenger aircraft
157b8d12-c115-446e-a4dc-d12077751fe2,b9b6e5b8-7080-440f-9510-e1a67e3b855b,M100,34,FAA AD 2009-08-01,"To prevent a shift in the FMS computed position, which could result in uncommanded deviations from the intended flight path of the airplane.",MIS,14-May-2009,DGCA/New-Misc/100 R1,,,0:00,,"Honeywell NZ-2000 nav computers and Honeywell IC-800 or IC-800E integrated avionics computers as installed on transport category airplanes, certificated in any cat."
157b8d12-c115-446e-a4dc-d12077751fe2,b9b6e5b8-7080-440f-9510-e1a67e3b855b,M100,100,FAA AD 2007-07-12,To prevent shift in FMS computed position.,MIS,21-May-2009,DGCA/New-Misc/100 Rev.1,,,0:00,,"Honeywell NZ-2000 navigation under TSO TSO-C115a, & IC-800 integrated avionics approved under TSOs C9c, C52a, & C115a; as installed on transport category airplanes."
157b8d12-c115-446e-a4dc-d12077751fe2,b9b6e5b8-7080-440f-9510-e1a67e3b855b,M101,100,FAA AD 2007-14-06,Air Transport Association Of America (ATA) Code 34:Navigation,MIS,21-Sep-2007,DGCA/New-Misc/101,,,0:00,,"Honeywell CAS67A ACAS II systems installed, Had Supplemental Type Certificate No.SA1310 installed prior to Jan 31, 2005, certificated in any category."
157b8d12-c115-446e-a4dc-d12077751fe2,b9b6e5b8-7080-440f-9510-e1a67e3b855b,M101,34,FAA AD 2007-14-06,Air Transport Association of America (ATA) Code 34: Navigation.,MIS,16-Aug-2007,DGCA/New-Misc/101,,,0:00,,"Honeywell CAS67A ACAS II systems installed,Had Supplemental Type Certificate No. SA1310 installed prior to January 31, 2005,certificated in any category"
157b8d12-c115-446e-a4dc-d12077751fe2,b9b6e5b8-7080-440f-9510-e1a67e3b855b,M102,25,EASA AD 2007-0256,Equipment & Furnishing - Seat Restraint System Plastic Rotary Buckle Handle -Inspection /Replacement,MIS,19-Sep-2007,DGCA/New-Misc/102,,,0:00,,"All the Pacific Scientific rotary buckles used on restraint systems p/n's: p/n's 1111430-XX and 1111475-XX, 2000029-01/03/101/121, 2000067-01, 2000115-101/121."
157b8d12-c115-446e-a4dc-d12077751fe2,b9b6e5b8-7080-440f-9510-e1a67e3b855b,M103,23,DGCA let 9-414/96-AI(2),CVR- The Bulk Erase Facility Should Be Deactivated By Removing The Relevant Card From The CVR Unit.,MIS,30-Sep-1996,DGCA/New-Misc/103,,,0:00,,"All turbine engine aeroplanes having maximum takeoff mass of 5,700 Kg or more, helicopter having maximum takeoff mass of 2,700 Kg or more equipped with CVR"
157b8d12-c115-446e-a4dc-d12077751fe2,b9b6e5b8-7080-440f-9510-e1a67e3b855b,M103,34,DGCA let 9-414/96-AI(2),CVR-The bulk Erase facility should be deactivated by removing the relevant card from the CVR unit,MIS,24-Sep-1996,DGCA/New-Misc/103,,,0:00,,"All turbine engine aeroplanes having maximum takeoff mass of 5,700 Kg or more, helicopter having maximum takeoff mass of 2,700 Kg or more equipped with CVR"
157b8d12-c115-446e-a4dc-d12077751fe2,b9b6e5b8-7080-440f-9510-e1a67e3b855b,M104,35,FAA AD 2007-26-11,Risk Of High Pressure Oxygen Cylinder Tearing.,MIS,28-Jan-2008,DGCA/New-Misc/104,,,0:00,,"To Intertechnique (F5341),aluminum alloy AA5283, oxygen cylinders manufactured by Societe Metallurgique de Gerzat SAS with GLD series, GLF series,PC2300 or SLF300 p/n, installed in any a/c certificate"
157b8d12-c115-446e-a4dc-d12077751fe2,b9b6e5b8-7080-440f-9510-e1a67e3b855b,M104,35,FAA AD 2007-26-11,Risk of High Pressure Oxygen Cylinder Tearing,MIS,20-Feb-2008,DGCA/New-Misc/104,,,0:00,,"To Intertechnique (F5341),aluminum alloy AA5283, oxygen cylinders manufactured by Societe Metallurgique de Gerzat SAS with GLD series, GLF series,PC2300 or SLF300 p/n, installed in any a/c certificate"
157b8d12-c115-446e-a4dc-d12077751fe2,b9b6e5b8-7080-440f-9510-e1a67e3b855b,M105,52,FAA AD 2008-06-27,To prevent failure of an evacuation system.,MIS,28-Apr-2008,DGCA/New-Misc/105,,,0:00,,"Goodrich evacuation systems approved under Technical Standard Orders (TSOs) TSO-C69,TSO-C69a, TSO-C69b,installed,certificated in any category, in table-1,-2,-3, of this AD."
157b8d12-c115-446e-a4dc-d12077751fe2,b9b6e5b8-7080-440f-9510-e1a67e3b855b,M105,51,FAA AD 2008-06-27,To Prevent Failure of an Evacuation System,MIS,29-Apr-2008,DGCA/New-Misc/105,,,0:00,,"Goodrich evacuation systems approved under Technical Standard Orders (TSOs) TSO-C69,TSO-C69a, TSO-C69b,installed,certificated in any category, in table-1,-2,-3, of this AD"
157b8d12-c115-446e-a4dc-d12077751fe2,b9b6e5b8-7080-440f-9510-e1a67e3b855b,M106,34,EASA AD 2008-0159,Navigation Systems - Mode-S Transponder - Modification / Replacement,MIS#,06-Sep-2008,DGCA/New-Misc/106,,,0:00,,Honeywell MST-67A Mode-S Transponders P/N 066-1143-2001 s/n upto and including MST67A-F1450 and 066-01143-2101 s/n upto and including MST67A-G2850.
157b8d12-c115-446e-a4dc-d12077751fe2,b9b6e5b8-7080-440f-9510-e1a67e3b855b,M106,34,EASA AD 2008-0159,Navigation Systems - Mode-S Transponder - Modification / Replacement,MIS,08-Sep-2008,DGCA/New-Misc/106,,,0:00,,Honeywell MST-67A Mode-S Transponders P/N 066-1143-2001 s/n upto and including MST67A-F1450 and 066-01143-2101 s/n upto and including MST67A-G2850.
157b8d12-c115-446e-a4dc-d12077751fe2,b9b6e5b8-7080-440f-9510-e1a67e3b855b,M107,21,EASA AD 2006-0140 R4,Air Conditioning - Zonal Drying System Deactivation,MIS,10-Jun-2009,DGCA/New-Misc/107 R4,,,0:00,,"CTT Systems AB Zonal Drying System P/N 1000-001, 2000-000, 2000-005, 2001-001, 2001-006, 3000-000 Rev.A, 3000-001, 3000-002 Rev.A and 3000-002 Rev.D, known to be installed on Airbus, Boeing, Bombardie"
157b8d12-c115-446e-a4dc-d12077751fe2,b9b6e5b8-7080-440f-9510-e1a67e3b855b,M109,49,FAA AD 2003-15-07,"To Prevent APU Compartment Fires and Fuel Vapour, Explosion",MIS,03-Sep-2003,DGCA/New-Misc/109,,,0:00,,Honeywell International Inc. model RE220 (RJ) APUs P/N WE3800770-2.
157b8d12-c115-446e-a4dc-d12077751fe2,b9b6e5b8-7080-440f-9510-e1a67e3b855b,M011,80,FAA AD 82-13-01,Inspection / Replacement of gear distributor block of Bendix S-1200 series magnetos.,MIS,28-Jun-1982,DGCA/New-Misc/11,,,0:00,,Bendix engine products division's S-1200 series magnetos which have green distributor blocks & do not have the letter R metal stamped on the identification plate.
157b8d12-c115-446e-a4dc-d12077751fe2,b9b6e5b8-7080-440f-9510-e1a67e3b855b,M110,100,FAA AD 2009-05-05,"To prevent certain conditions from existing when PFDs display incorrect attitude,altitude information",MIS,03-Apr-2009,DGCA/New-Misc/110,,,0:00,,"Avidyne Corporation (Avidyne) Primary Flight Displays (PFDs),P/N 700-00006-000,700-00006-001,700-00006-002,700-00006-003,& 700-00006-100 with any serial number listed."
157b8d12-c115-446e-a4dc-d12077751fe2,b9b6e5b8-7080-440f-9510-e1a67e3b855b,M112,34,EASA AD 2010-0067,Navigation-Mode 'S' Transponder -Check/ Modification,MIS,11-May-2010,DGCA/New-Misc/112 R1,,,0:00,,"Rockwell Collins Mode S Transponders identified by type TDR-94, TDR-94D and P/N (all s/n) as in AD, installed on ATR 42, ATR 72, Bombardier, Falcon, Hawker Beechcraft 200 & 400 series."
157b8d12-c115-446e-a4dc-d12077751fe2,b9b6e5b8-7080-440f-9510-e1a67e3b855b,M113,4,FAR Part 25.562,Implementation of Federal Avaition administration(FAA) Rules regarding Crashworthiness standard for passenger operations,MIS,23-Jul-2009,DGCA/New-Misc/113 R1,,,0:00,,Transport Category Airplanes
157b8d12-c115-446e-a4dc-d12077751fe2,b9b6e5b8-7080-440f-9510-e1a67e3b855b,M114,25,EASA AD 2009-0124,Equipment / Furnishings - D-Lok Hook of the Rescue Hoist - Inspection / Removal from Service / Replacement,MIS,23-Jul-2009,DGCA/New-Misc/114 Rev.1,,,0:00,,"1)Agusta S.p.A model A109 series and AB139/AW139 helicopters. 2)Eurocopter model AS332, AS350,AS355,SA330, SA365, AS365 & EC155series,EC225 LP&SA360 C. 3)Eurocopter Deutschland GmbH model EC135, MBB"
157b8d12-c115-446e-a4dc-d12077751fe2,b9b6e5b8-7080-440f-9510-e1a67e3b855b,M114,25,FAA AD 2010-03-02,"To prevent failure of a hook during rescue hoist operations, loss of the rescued passenger, and subsequent serious injury or fatality.",MIS,11-Feb-2010,DGCA/New-Misc/114 Rev.1,,,0:00,,"All helicopters, which have a rescue hoist assy installed that contains a Lifesaving Systems Corp. D-Lok Hook assembly, P/N 410-A or 410-F, lot number 208 or 1108."
157b8d12-c115-446e-a4dc-d12077751fe2,b9b6e5b8-7080-440f-9510-e1a67e3b855b,M115,34,EASA AD 2009-0173 R1,Navigation - Mode S Transponder - Modification / Replacement,MIS,14-Oct-2010,DGCA/New-Misc/115 R1,,,0:00,,"Rockwell Collins Mode S Transponders identified by type TDR-94/TDR-94D and P/N as listed in AD, when installed in an aeroplane operating in European Designated Mode S Airspace and equipped with Honeywell AZ800 or AZ810 (all part numbers) air data computers (ADC)."
157b8d12-c115-446e-a4dc-d12077751fe2,b9b6e5b8-7080-440f-9510-e1a67e3b855b,M117,26,FAA AD 2010-01-03,Air Transport (ATA) of America Code 26: Fire Protection,MIS,20-Jan-2010,DGCA/New-Misc/117 Rev.1,,,0:00,,"Portable Halon 1211 (BCF) fire extinguishers manufactured by Fire Fighting Enterprises Limited. These fire extinguishers may be installed on (or carried or stowed on board) various transport airplanes, small airplanes, and rotorcraft, certificated in any category."
157b8d12-c115-446e-a4dc-d12077751fe2,b9b6e5b8-7080-440f-9510-e1a67e3b855b,M118,35,FAA AD 2009-21-10 R1,"To prevent an oxygen cylinder from rupturing, which, depending on the location, could result in structural damage and rapid decompression of the airplane",MIS,04-Feb-2010,DGCA/New-Misc/118 R1,,,0:00,,"Oxygen cylinder assemblies, approved under United States Department of Transportation Regulations for Type 3HT cylinders, identified in Table 1 of this AD. These oxygen cylinder assemblies may be installed on various transport airplanes, certificated in anycategory."
157b8d12-c115-446e-a4dc-d12077751fe2,b9b6e5b8-7080-440f-9510-e1a67e3b855b,M119,26,EASA AD 2009-0262 R1,Fire Protection - Halon 1211 Fire Extinguishers - Identification / Replacement,MIS,09-Mar-2010,DGCA/New-Misc/119 Rev.1,,,0:00,,Stands Cancelled
157b8d12-c115-446e-a4dc-d12077751fe2,b9b6e5b8-7080-440f-9510-e1a67e3b855b,M119,26,EASA AD 2009-0262 R1,Fire Protection - Halon 1211 Fire Extinguishers - Identification / Replacement,MIS,10-Feb-2010,DGCA/New-Misc/119 Rev.1,,,0:00,,"Halon 1211 (BCF) fire extinguishers manufactured by Fire Fighting Enterprises Limited, identified by P/N and S/N in Fire Fighting Enterprises Ltd (FFE) ASB 26-115."
157b8d12-c115-446e-a4dc-d12077751fe2,b9b6e5b8-7080-440f-9510-e1a67e3b855b,M012,61,DGCA letter no.9-414/81-A,Examination of engine involved in propeller strike incidents.,MIS,14-Sep-1982,DGCA/New-Misc/12,,,0:00,,All types of piston engines aircrafts.
157b8d12-c115-446e-a4dc-d12077751fe2,b9b6e5b8-7080-440f-9510-e1a67e3b855b,M120,26,EASA AD 2009-0278,Fire Protection - Portable Halon 1211 Fire Extinguishers - Identification / Replacement,MIS,05-Jan-2010,DGCA/New-Misc/120,,,0:00,,"Type H1-10 AIR Halon 1211 (BCF) portable fire extinguishers manufactured by SICLI, P/N 1708337B4, S/Nas listed in Appendix I of this AD."
157b8d12-c115-446e-a4dc-d12077751fe2,b9b6e5b8-7080-440f-9510-e1a67e3b855b,M120,26,EASA AD 2009-0278,Fire Protection - Portable Halon 1211 Fire Extinguishers -Identification / Replacement,MIS,22-Dec-2009,DGCA/New-Misc/120,,,0:00,,"Type H1-10 AIR Halon 1211 (BCF) portable fire extinguishers, manufactured by SICLI (formerly General Incendie MAIP), SICLI P/N 1708337B4, S/N as listed in Appendix I of this AD."
157b8d12-c115-446e-a4dc-d12077751fe2,b9b6e5b8-7080-440f-9510-e1a67e3b855b,M121,23,TC AD CF-2009-44,Emergency Locator Transmitter - Potential Failure To Transmit The Required 406MHz Coded Signal,MIS,17-Feb-2010,DGCA/New-Misc/121,,,0:00,,Honeywell ASCa. Inc Emergency Locator Transmitter (ELT) Model RESCU 406S with P/N and S/N as listed in AD.
157b8d12-c115-446e-a4dc-d12077751fe2,b9b6e5b8-7080-440f-9510-e1a67e3b855b,M124,35,FAA AD 2010-11-05,Oxygen Cylinder - Inspection/ Replacement - To prevent an oxygen cylinder from rupturing,MIS,06-Jul-2010,DGCA/New-Misc/124,,,0:00,,"Oxygen cylinders with a capacity of 114/115 cubic feet, approved under United States Department of Transportation Regulations for Type 3HT cylinders, identified in Table 1 of this AD."
157b8d12-c115-446e-a4dc-d12077751fe2,b9b6e5b8-7080-440f-9510-e1a67e3b855b,M125,61,FAA AD 2010-13-10,"To Prevent Loss of Propeller Pitch Control,Damage to the Propeller Governor and Internal damage to engine which could prevent continued Safe Flight or Safe Landing.",MIS,05-Aug-2010,DGCA/NEW-MISC/125,,,0:00,,"Ontic Engineering and Manufacturing, Inc. propeller governors, part numbers (P/Ns) C210776, T210761, D210760, and J210761, as listed by serial number on pages 3 and 4 of Ontic Engineering and Manufacturing, Inc. MSB No. SB-DES-353, Rev A."
157b8d12-c115-446e-a4dc-d12077751fe2,b9b6e5b8-7080-440f-9510-e1a67e3b855b,M013,61,FAA AD 84-26-02,Replacement of paper induction air filters,MIS*,29-Jan-1985,DGCA/New-Misc/13,,,0:00,,All paper induction air filters used in small airplanes.
157b8d12-c115-446e-a4dc-d12077751fe2,b9b6e5b8-7080-440f-9510-e1a67e3b855b,M014,100,FAR 121.310(c),Lighting for interior emergency exit markings,MIS,19-Jan-1985,DGCA/New-Misc/14,,,0:00,,1) Large transport A/C having seating capacity of more than 30 passengers and type certified after 1st Jan 1958.
157b8d12-c115-446e-a4dc-d12077751fe2,b9b6e5b8-7080-440f-9510-e1a67e3b855b,M014,43,FAR 121.310(C),Lighting for Interior Emergency Exit Markings,MIS,30-Apr-1972,DGCA/New-Misc/14,,,0:00,,"1) Large transport aircraft having seating capacity of more than 30 passenger and Type certified after 01-01-1958. 2)B707,Caravelle,F27 and HS748a/c are exempted."
157b8d12-c115-446e-a4dc-d12077751fe2,b9b6e5b8-7080-440f-9510-e1a67e3b855b,M141,23,FAA 2012-02-08,"""To prevent TCAS units from dropping tracks, this could compromise separation of air traffic and lead to subsequent mid-air collisions""",MIS,14-Mar-2012,DGCA/New-Misc/141,,,0:00,,"This AD applies to Aviation Communication & Surveillance Systems (ACSS) traffic alert and collision avoidance system (TCAS) units with part numbers identified in ACSS Technical Newsletter 8008359, Revision B, dated August 3, 2011, as installed on but not limited to various transport and small airplanes, certificated in any category."
157b8d12-c115-446e-a4dc-d12077751fe2,b9b6e5b8-7080-440f-9510-e1a67e3b855b,M141,23,FAA AD 2012-02-08,"To prevent TCAS units from dropping tracks, which could compromise separation of air traffic and lead to subsequent mid-air collisions.",MIS,13-Mar-2012,DGCA/New-Misc/141,,,0:00,,"This AD applies to Aviation Communication & Surveillance Systems (ACSS) traffic alert and collision avoidance system (TCAS) units with part numbers identified in ACSS Technical Newsletter 8008359, Revision B, dated August 3, 2011, as installed on but not limited to various transport and small airplanes, certificated in any category.Refer Table 1 of AD also provides a cross-referenced list of P/N with associated service bulletins to help operators identify affected parts."
157b8d12-c115-446e-a4dc-d12077751fe2,b9b6e5b8-7080-440f-9510-e1a67e3b855b,M142,25,EASA AD 2012-0038,Equipment & Furnishings - Passenger Seat Backrest Link - Inspection / Replacement,MIS#,16-Apr-2012,DGCA/New-Misc/142,,,0:00,,"Passenger seat series 9140, 9166, 9173, 9174, 9184, 9188, 9196, 91B7, 91B8, 91C0, 91C2, 91C4, 91C5, 91C9, 9301 and 9501, as identified in Annex 1 issue 3 of Sicma Aero Seat Service Bulletin (SB) 90-25-012 issue 6. The affected passenger seats are known to be installed on, but no limited to, Airbus A330, A340 and Boeing 777 aeroplanes."
157b8d12-c115-446e-a4dc-d12077751fe2,b9b6e5b8-7080-440f-9510-e1a67e3b855b,M142,25,EASA AD 2012-0038,"""Equipment & Furnishings - Passenger Seat Backrest Link - Inspection / Replacement'",MIS,16-Apr-2012,DGCA/New-Misc/142,,,0:00,,"Passenger seat series 9140, 9166, 9173, 9174, 9184, 9188, 9196, 91B7, 91B8, 91C0, 91C2, 91C4, 91C5, 91C9, 9301 and 9501, as identified in Annex 1 issue 3 of Sicma Aero Seat Service Bulletin (SB) 90-25-012 issue 6. The affected passenger seats are known to be installed on, but no limited to,Airbus A330, A340 and Boeing 777 aeroplanes."
157b8d12-c115-446e-a4dc-d12077751fe2,b9b6e5b8-7080-440f-9510-e1a67e3b855b,M143,25,EASA AD 2012-0037,"""Fire Protection - Hand Operated Fire Extinguisher - Modification""",MIS,16-Apr-2012,DGCA/New-Misc/143,,,0:00,,"Hand operated fire extinguisher, Part Number (P/N) 56412-001 (34H), 56411-001 (35H) and 56412-002 (38H)."
157b8d12-c115-446e-a4dc-d12077751fe2,b9b6e5b8-7080-440f-9510-e1a67e3b855b,M144,21,FAA AD 2012-06-25,"To prevent loss of pressure in the escape slides/rafts after an emergency evacuation,",MIS#,11-May-2012,DGCA/New-Misc/144,,,0:00,,"This AD applies to Goodrich evacuation systems approved under Technical Standard Order (TSO) TSO-C69b, as installed on the Airbus airplanes, certificated in any category."
157b8d12-c115-446e-a4dc-d12077751fe2,b9b6e5b8-7080-440f-9510-e1a67e3b855b,M145,72,FAA AD 2012-10-52,"To prevent turbocharger bearing seizure, failed turbocharger components, and damage to the airplane.",MIS,03-Jul-2012,DGCA/New-Misc/145,,,0:00,,"This emergency AD applies to the Cessna 206, 207, and 210 airplanes with Hartzell Engine Technologies (HET) turbochargers Part Number listed in this AD."
157b8d12-c115-446e-a4dc-d12077751fe2,b9b6e5b8-7080-440f-9510-e1a67e3b855b,M145,72,FAA AD 2012-10-52,"To prevent turbocharger bearing seizure, failed turbocharger components, and damage to the airplane.",MIS,26-Jun-2012,DGCA/New-Misc/145,,,0:00,,"This emergency AD applies to the Cessna 206, 207, and 210 airplanes with Hartzell Engine Technologies (HET) turbochargers Part Number listed in this AD."
157b8d12-c115-446e-a4dc-d12077751fe2,b9b6e5b8-7080-440f-9510-e1a67e3b855b,M147,32,FAA AD 2012-17-01,"To Prevent Failure Of The Main Landing Gear Tires During Take Off Or Landing, Which Could Cause Damage To The Airplane Structure, Flaps, Engine, And Wheel Well And Result In Reduces Controllability Of The Airplane.",MIS,24-Sep-2012,DGCA/New-Misc/147,,,0:00,,"Goodyear Aviation Tires (retreads are not affected by this AD), installed on various transport category airplanes."
157b8d12-c115-446e-a4dc-d12077751fe2,b9b6e5b8-7080-440f-9510-e1a67e3b855b,M148,72,FAA AD 2012-18-14,"To prevent separation of the rear gas generator case and release of high energy debris, which could Result in injury and damage to the airplane.",MIS,26-Oct-2012,DGCA/New-Misc/148,,,0:00,,Pratt & Whitney Canada (P&WC) PW901A auxiliary power units (APUs) approved under Technical Standard Order TSO-C77A and installed.
157b8d12-c115-446e-a4dc-d12077751fe2,b9b6e5b8-7080-440f-9510-e1a67e3b855b,M149,35,EASA AD 2012-0254.,ATA-35 Oxygen - Flight Crew Oxygen Mask Regulator - Identification / Operational Procedure / Replacement.,MIS,14-Dec-2012,DGCA/New-Misc/149 R1,,,0:00,,"Flight crew oxygen mask regulators, having Part Number (P/N) MC10, MF10 and MF20 series."
157b8d12-c115-446e-a4dc-d12077751fe2,b9b6e5b8-7080-440f-9510-e1a67e3b855b,M149,35,EASA AD 2012-0254,ATA-35 Oxygen - Flight Crew Oxygen Mask Regulator - Identification / Operational Procedure / Replacement.,MIS,17-Jan-2013,DGCA/New-Misc/149 R1,,,0:00,,"Flight crew oxygen mask regulators, having Part Number (P/N) MC10, MF10 and MF20 series."
157b8d12-c115-446e-a4dc-d12077751fe2,b9b6e5b8-7080-440f-9510-e1a67e3b855b,M015,32,FAA AD 87-08-09,Serivicing of aircraft tyres with Nitrogen gas.,MIS,01-Jun-1987,DGCA/New-Misc/15,,,0:00,,"Airbus industries model A300,and A310;Boeing Models 707,720,727, 737,747, 757,767; British Models BAe-146 and BAC-1-11;Lockhead Model L-1011;Mcdonnel Douglas model DC-8,DC-9 and DC-10."
157b8d12-c115-446e-a4dc-d12077751fe2,b9b6e5b8-7080-440f-9510-e1a67e3b855b,M150,72,FAA AD 2013-21-02,"To Prevent Turbocharger wheel failure , reduction or complete loss of engine power, loss of engine oil, oil fire and damage to the aircraft.",MIS,29-Oct-2013,DGCA/New-Misc/150 Rev 1,,,0:00,,"Lycoming Engines TIO-540-AK1A, and Continental Motors, Inc. TSIO-360-MB, TSIO-360-SB, and TSIO-360-RB reciprocating engines."
157b8d12-c115-446e-a4dc-d12077751fe2,b9b6e5b8-7080-440f-9510-e1a67e3b855b,M150,72,FAA AD 2013-21-02,"To Prevent Turbocharger wheel failure , reduction or complete loss of engine power, loss of engine oil, oil fire and damage to the aircraft.",MIS,14-Nov-2013,DGCA/New-Misc/150 Rev 1,,,0:00,,"Lycoming Engines TIO-540-AK1A, and Continental Motors, Inc. TSIO-360-MB, TSIO-360-SB, and TSIO-360-RB reciprocating engines."
157b8d12-c115-446e-a4dc-d12077751fe2,b9b6e5b8-7080-440f-9510-e1a67e3b855b,M151,34,FAA AD 2012-26-15 Rev-1,"To Detect and Correct Inaccuracies Of the Pressure Sensors, Which Could Result In Altitude, Computed Airspeed and Mach Computatio",MIS,01-Feb-2013,DGCA/New-Misc/151 R1,,,0:00,,"This AD applies to air data pressure transducers, as installed in air data computers (ADC), air data modules (ADM), air data attitude heading reference systems (ADAHRS), and digital air data computers (DADC) having the part numbers and serial numbers identified in Honeywell Alert Service Bulletin ADM/ADC/ADAHRS-34-A01."
157b8d12-c115-446e-a4dc-d12077751fe2,b9b6e5b8-7080-440f-9510-e1a67e3b855b,M152,25,EASA AD 2013-0020 Rev 4,Equipment & Furnishings - Safety Belts / Torso Restraint Systems - Inspection / Replacement,MIS,13-Feb-2013,DGCA/NEW-MISC/152R5,,,0:00,,"AmSafe; Anjou Aeronautique All part numbers of safety belts and torso restraint systems installed on any aircraft , if safety belts and torso restraint systems have been maintained or repaired after 28 September 2003"
157b8d12-c115-446e-a4dc-d12077751fe2,b9b6e5b8-7080-440f-9510-e1a67e3b855b,DGCA/NEW-MISC/153 R15,25,EASA AD : 2015-0226R7,ATA 25 - Equipment / Furnishings - Hoist - Test / Replacement.,MIS,03-Jun-2022,DGCA/NEW-MISC/153 R15,,,0:00,,"This AD applies to the following helicopters, when equipped with a Goodrich hoist having a Part Number (P/N) as listed in Table 1 of this AD."
157b8d12-c115-446e-a4dc-d12077751fe2,b9b6e5b8-7080-440f-9510-e1a67e3b855b,M153,25,EASA AD 2016-0226 R2,ATA 25-Equipment / Furnishing - Hoist - Test / Replacement,MIS,10-Mar-2016,DGCA/NEW-MISC/153 R9,,,0:00,,"This AD applies to the following helicopters, when equipped with a Goodrich hoist having a Part Number (P/N) as listed in Table 1 of this AD: AW109SP, AB139, AW139 and AB412 (all Models) helicopters, all serial numbers (s/n); BHTI 212, 214 and 412 helicopters (all Models), all s/n; BHTC 429 and 430 helicopters, all s/n; AH AS 365 N3, AS 332 L2 and EC225 LP helicopters, all s/n; AHD MBB-BK117 C-2, EC135 and EC635 (all Models) helicopters, all s/n; MDHI MD900 helicopters, all s/n; and Sikorsky S-61 (all Models), S-76A, S-76B, S-76C and S-92A helicopters, all s/n."
157b8d12-c115-446e-a4dc-d12077751fe2,b9b6e5b8-7080-440f-9510-e1a67e3b855b,M153,25,EASA AD 2015-0226 R2,Equipment / Furnishing - Hoist - Test / Replacement,MIS,10-Mar-2016,DGCA/New-Misc/153 Rev 9,,,0:00,,"This AD applies to the following helicopters, when equipped with a Goodrich hoist having a Part Number (P/N) as listed in Table 1 of this AD: AW109SP, AB139, AW139 and AB412 (all Models) helicopters, all serial numbers (s/n); BHTI 212, 214 and 412 helicopters (all Models), all s/n; BHTC 429 and 430 helicopters, all s/n; AH AS 365 N3, AS 332 L2 and EC225 LP helicopters, all s/n; AHD MBB-BK117 C-2, EC135 and EC635 (all Models) helicopters, all s/n; MDHI MD900 helicopters, all s/n; and Sikorsky S-61 (all Models), S-76A, S-76B, S-76C and S-92A helicopters, all s/n."
157b8d12-c115-446e-a4dc-d12077751fe2,b9b6e5b8-7080-440f-9510-e1a67e3b855b,M158,25,FAA AD 2013-06-51,"Unsafe Condition Failure Of The Overload Clutch Resulting In In Flight Failure Of The Hoist, Which Could Result In Injury To Person Being Lifted.",MIS,02-Jul-2013,DGCA/New-Misc/158,,,0:00,,"Applicable to AgustaWestland, Bell Helicopter,Eurocopter France Models,Eurocopter Deutschland GmbH (ECD) Models,Sikorsky Aircraft Corporation Models"
157b8d12-c115-446e-a4dc-d12077751fe2,b9b6e5b8-7080-440f-9510-e1a67e3b855b,M159,24,FAA AD 2014-17-02,"To detect and correct discrepancies of the battery wiring installation inside the TU, which could result in an electrical short and possible ignition source.",MIS,25-Sep-2013,DGCA/NEW-MISC/159R1,,,0:00,,"This AD applies to Honeywell ASCs Inc. emergency locator transmitters (ELTs) Model RESCU 406AF and 406AFN with transmitter unit (TU) part numbers (P/Ns) 1152682-1, -2, and -3, installed on transport category airplanes, certificated in any category, but not limited to the airplanes identified in table 1 to paragraph (c) of this AD"
157b8d12-c115-446e-a4dc-d12077751fe2,b9b6e5b8-7080-440f-9510-e1a67e3b855b,M016,1,FAA AD 90-09-08,Inspection of IPECO crew seats,MIS,29-May-1990,DGCA/New-Misc/16,,,0:00,,Boeing B737 and B747 aircraft.
157b8d12-c115-446e-a4dc-d12077751fe2,b9b6e5b8-7080-440f-9510-e1a67e3b855b,M016,25,FAA AD 90-09-08,Inspection of IPECO crew seats.,MIS,29-May-1990,DGCA/New-Misc/16,,,0:00,,As in AD
157b8d12-c115-446e-a4dc-d12077751fe2,b9b6e5b8-7080-440f-9510-e1a67e3b855b,M160,34,EASA AD 2014-0095 Rev 1,ATA 25 Equipment / Furnishings - Crash Position Indicator - Modification Aircraft Flight Manual - Amendment,MIS,31-Jan-2014,DGCA/NEW-MISC/160R2,,,0:00,,HR Smith (Technical Developments) Crash Position Indicator (CPI) System 15-503-134 and 15-503-134-1 series equipped with Control Panel part number (P/N) 503-22- () and Beacon release unit P/N 503-21 and System Interface Unit P/N 503-24-() or 503-42-()
157b8d12-c115-446e-a4dc-d12077751fe2,b9b6e5b8-7080-440f-9510-e1a67e3b855b,M162,34,EASA AD 2014-0088,Communications - Cockpit Voice Recorder - Replacement,MIS,23-Apr-2014,DGCA/New-Misc/162,,,0:00,,"Part Number (P/N) AP71232101 and P/N AP71231101 Cockpit Voice Recorders (CVR), all serial numbers."
157b8d12-c115-446e-a4dc-d12077751fe2,b9b6e5b8-7080-440f-9510-e1a67e3b855b,M162,23,EASA AD 2014-0088,Communications - Cockpit Voice Recorder - Replacement,MIS,23-Apr-2014,DGCA/NEW-MISC/162,,,0:00,,"Part Number (P/N) AP71232101 and P/N AP71231101 Cockpit Voice Recorders (CVR), all serial number"
157b8d12-c115-446e-a4dc-d12077751fe2,b9b6e5b8-7080-440f-9510-e1a67e3b855b,M163,25,EASA AD 2014-0125,ATA 25 Equipment / Furnishings - Crash Position Indicator - Modification Aircraft Flight Manual - Amendment,MIS,27-May-2014,DGCA/NEW-MISC/163,,,0:00,,"HR Smith (Technical Developments) Crash Position Indicator (CPI) system 15-503-134-1 series, if equipped with - Beacon Release Unit (BRU) Part Number (P/N) 503-21-1, and - System Interface Unit (SIU) P/N 503-24 or P/N 503-24-2 or P/N 503-24-6. This CPI system is known to be installed on, but not limited to the following aircraft: - Airbus Helicopters (formerly Eurocopter) Model EC 225 LP"
157b8d12-c115-446e-a4dc-d12077751fe2,b9b6e5b8-7080-440f-9510-e1a67e3b855b,M164,35,EASA AD 2014-0142Rev 1,Oxygen - Oxygen Mask Regulator Inflatable Harness / Inflation Hose - Identification / Replacement,MIS,24-Jun-2014,DGCA/NEW-MISC/164,,,0:00,,"Flight Crew Oxygen Mask Regulators MC10 series, having a Part Number (P/N) as identified in Section 1.A.(1) of Zodiac Aerotechnics Service Bulletin (SB) MC10-35-274 Revision 1 issue dated 18 April 2014."
157b8d12-c115-446e-a4dc-d12077751fe2,b9b6e5b8-7080-440f-9510-e1a67e3b855b,M165,25,EASA AD 2014-0187,Equipment & Furnishings - Safety Belt Attachment Bolts - Inspection / Replacement,MIS,08-Sep-2014,DGCA/NEW-MISC/165,,,0:00,,"Type D1-02 and D1-03 seats, also known as ""Lightweight Classic"" and ""Lightweight Prestige"", Part Numbers (P/N) as specified in Geven Service Bulletin (SB) No. D103-25-004 Revision 2.The affected seats are known to be installed on, but not limited to, ATR 42 and ATR 72 aeroplanes."
157b8d12-c115-446e-a4dc-d12077751fe2,b9b6e5b8-7080-440f-9510-e1a67e3b855b,M166,25,EASA AD 2014-0188 Rev-4,Equipment & Furnishings - Emergency Flotation System - Rotorcraft Flight Manual (Supplement) Limitation,MIS,12-Aug-2015,DGCA/NEW-MISC/166R3,,,0:00,,"SA 365 N, SA 365 N1, AS 365 N2, AS 365 N3, EC 155 B, EC 155 B1, AS 332 C, AS332 C1, AS332 L, AS 332 L1, AS 332 L2 and EC 225 LP helicopters, all serial numbers (s/n), MBB-BK 117 A-1, MBB-BK 117 A-3, MBB-BK 117 A-4, MBB-BK 117 B-1, MBB-BK 117 B-2, MBB-BK 117 C-1 and MBB-BK 117 C-2 helicopters, all s/n, and AB 212, AB 412 and AB 412EP helicopters, all s/n,."
157b8d12-c115-446e-a4dc-d12077751fe2,b9b6e5b8-7080-440f-9510-e1a67e3b855b,M167,25,EASA AD 2014-0244,Equipment & Furnishings - Emergency Flotation System - Rotorcraft Flight Manual (Supplement) Limitation,MIS,26-Nov-2014,DGCA/NEW-MISC/167R1,,,0:00,,"SIKORSKY AIRCRAFT CORPORATION BELL HELICOPTER TEXTRON, Inc. BELL HELICOPTER TEXTRON CANADA Ltd models, Sikorsky S-76A, S-76B, S-76C and S-92A helicopters, all serial numbers (s/n), BHTI 212, 214B, 214B-1, 214ST, 412 and 412EP helicopters, all s/n, BHTC 222, 222B, 222U, 230 and 430 helicopters, all s/n,"
157b8d12-c115-446e-a4dc-d12077751fe2,b9b6e5b8-7080-440f-9510-e1a67e3b855b,M168,23,FAA AD 2014-18-01,Detect And Correct Mode S Transponders,MIS,24-Sep-2014,DGCA/NEW-MISC/168,,,0:00,,"This AD applies to the following Rockwell Collins, Inc. part number (P/N) Mode S transponders TDR-94: CPN 622-9352-008, 622-9352-108, 622-9352-308, 622-9352-408; and TDR-94D: CPN 622-9210-008, 622-9210-108, 622-9210-308, 622-9210-408"
157b8d12-c115-446e-a4dc-d12077751fe2,b9b6e5b8-7080-440f-9510-e1a67e3b855b,M168,34,FAA AD 2014-18-01,Detect And Correct Mode S Transponders,MIS,14-Oct-2014,DGCA/New-Misc/168,,,0:00,,"This AD applies to the following Rockwell Collins, Inc. part number (P/N) Mode S transponders TDR-94: CPN 622-9352-008, 622-9352-108, 622-9352-308, 622-9352-408; and TDR-94D: CPN 622-9210-008, 622-9210-108, 622-9210-308, 622-9210-408."
157b8d12-c115-446e-a4dc-d12077751fe2,b9b6e5b8-7080-440f-9510-e1a67e3b855b,M169,32,FAA AD 2015-10-02,"TO DETECT AND CORRECT CRACKS IN THE BACKREST LINKS, WHICH COULD AFFECT THE STRUCTURAL INTEGRITY OF SEAT BACKRESTS. FAILURE OF THE BACKREST LINKS COULD RESULT IN INJURY TO AN OCCUPANT DURING EMERGENCY LANDING CONDITIONS",MIS,10-Jun-2015,DGCA/NEW-MISC/169 R1,,,0:00,,"This AD applies to Zodiac Seats France 9140, 9166, 9173, 9174, 9184, 9188, 9196, 91B7, 91B8, 91C0, 91C2, 91C4, 91C5, 91C9, 9301, and 9501 series passenger seat assemblies; identified in Annex 1, Issue 3, dated January 25, 2012, of Sicma Aero Seat Service Bulletin 90-25-012, Issue 6, dated January 25, 2012. These passenger seat assemblies are installed on, but not limited to, the airplanes identified in paragraphs (c)(1), (c)(2), and (c)(3) of this AD, certificated in any category. (1) Airbus Model A330-200, A330-200 Freighter, and A330-300 series airplanes. (2) Airbus Model A340-200, A340-300, A340-500, and A340-600 series airplanes. (3) The Boeing Company Model 777-200, 777-200LR, 777-300, 777-300ER, and 777F series airplanes."
157b8d12-c115-446e-a4dc-d12077751fe2,b9b6e5b8-7080-440f-9510-e1a67e3b855b,M017,100,CAA AD No.001-02-93,Precautionary check for correct location of bridge pieces inside the main buoyancy tubes.,MIS,19-Jul-2007,DGCA/New-Misc/17,,,0:00,,RFD liferafts Type 10R MK 1 and SAR MK 1 with Serial Numbers 10R 152 through 10R 1027 and liferafts Type 14R MK 1 with Serial Numbers 14R 213 through 14R 1020.
157b8d12-c115-446e-a4dc-d12077751fe2,b9b6e5b8-7080-440f-9510-e1a67e3b855b,M170,25,EASA AD 2014-0279,Equipment / Furnishing - Restraint System Rotary Buckle Sub-Assembly - Identification / Replacement,MIS#,19-Jan-2015,DGCA/NEW-MISC/170,,,0:00,,"Romtex Anjou Aeronautique model 358 torso restraint systems. These restraint systems are known to be installed on, but not limited to, Airbus Helicopters EC130 T2, AS 350 B2 and B3 helicopters."
157b8d12-c115-446e-a4dc-d12077751fe2,b9b6e5b8-7080-440f-9510-e1a67e3b855b,M171,34,FAA AD 2015-10-51 Emergency AD,"ATA-34- NAVIGATION, TO PREVENT SUCH INCORRECT DISPLAY OF LATERAL DEVIATIONS, WHICH COULD RESULT IN THE PILOT MAKING FLIGHT DECISIONS THAT PUT THE AIRCRAFT IN UNSAFE FLIGHT CONDITIONS, FLYING INTO AIRSPACE THAT WAS, BY THE GPS APPROACH DESIGN, TO BE AVOIDED (TERRAIN, OBSTACLE, TRAFFIC, RESTRICTED).",MIS#,19-May-2015,DGCA/NEW-MISC/171,,,0:00,,"Avidyne Corporation (Avidyne) Integrated Flight Displays (IFDs) part number (P/N) 700-00083-( ) loaded with software release 9.3.1.0 or earlier release (referred to as Model R9 - 10 inch), P/N 700-00171-( ) loaded with software release 9.2.5.0 or earlier release (referred to as Model R9 - 12 inch), and P/N 700-00182-( ) loaded with software release 10.0.3.0 or earlier release (referred to as Model IFD540). These IFDs are installed on, but not limited to, airplanes that are certificated in any category."
157b8d12-c115-446e-a4dc-d12077751fe2,b9b6e5b8-7080-440f-9510-e1a67e3b855b,M172,35,FAA AD 2015-08-07,"TO DETECT AND CORRECT DEFECTIVE HARNESSES, WHICH COULD LEAD IN CASE OF A SUDDEN DEPRESSURIZATION EVENT, TO A HARNESS RUPTURE, THEREBY PROVIDING INADEQUATE PROTECTION AGAINST HYPOXIA AND POSSIBLY RESULTING IN UNCONSCIOUSNESS OF THE AFFECTED FLIGHTCREW MEMBER AND CONSEQUEN REDUCED CONTROL OF THE AIRPLANE",MIS#,26-May-2015,DGCA/NEW-MISC/172,,,0:00,,"This AD applies to Zodiac Aerotechnics (formerly Intertechnique Aircraft Systems) flightcrew oxygen mask regulators, all part number (P/N) MA10, MC10, MC20, MF10, MF20, MLC20, MLD20, MRA005, MRA022, and MRA023 series; certificated in any category; installed on, but not limited to, airplanes manufactured by Airbus, ATR, BAE Systems (Type Certificate previously held by British Aerospace), Boeing, Bombardier (Type Certificate previously held by Canadair, De Havilland Canada), Cessna, Dassault, EADS CASA, EMBRAER, Gulfstream, Hawker Beechcraft (Type Certificate previously held by Raytheon, Beech), Israel Aircraft Industries (IAI), McDonnell Douglas, Piaggio, Pilatus, Piper, and SOCATA."
157b8d12-c115-446e-a4dc-d12077751fe2,b9b6e5b8-7080-440f-9510-e1a67e3b855b,M173,34,EASA AD 2015-0093,"ATA-34, NAVIGATION - ATTITUDE HEADING REFERENCE SYSTEM - MODIFICATION/REPLACEMENT",MIS#,10-Jun-2015,DGCA/NEW-MISC/173,,,0:00,,"Northrop Grumman LITEF GmbH LCR-100 Attitude Heading Reference System (AHRS), Part Number (P/N) 145130-2000, P/N 145130-2001, P/N 145130-7000, P/N 145130-7001 and P/N 145130-7100. These AHRS units are known to be installed on, but not limited to, Pilatus PC-12, Learjet 31A, Cessna 560XL, RUAG (Dornier) 228 series, and PZL Mielec M28 (Sky Truck) aeroplanes; and Bell Helicopter Textron Inc. 412EP, Bell Helicopter Textron Canada 407, and Sikorsky S-76C helicopters."
157b8d12-c115-446e-a4dc-d12077751fe2,b9b6e5b8-7080-440f-9510-e1a67e3b855b,M174,26,FAA AD 2015-16-04,"TO PREVENT FIRE EXTINGUISHERS FROM FAILING TO OPERATED IN THE EVENT OF A FIRE, WHICH COULD JEOPARDIZE OCCUPANTS' SAFETY AND CONTINUATION OF SAFE FLIGHT AND LANDING",MIS#,24-Aug-2015,DGCA/NEW-MISC/174,,,0:00,,"This AD applies to Kidde Graviner hand-operated fire extinguishers having part numbers 56412-001 (34H), 56411-001 (35H), and 56412-002 (38H). These fire extinguishers may be installed on, but not limited to, aircraft, certificated in any category, specified in paragraphs (c)(1), (c)(2), (c)(3), (c)(4), (c)(5), and (c)(6) of this AD. (Refer AD for further details)"
157b8d12-c115-446e-a4dc-d12077751fe2,b9b6e5b8-7080-440f-9510-e1a67e3b855b,174,26,FAA AD 2015-16-04,"To prevent fire extinguishers form failing to operate in the event of a fire, which could jeopardize occupants' safety and continuation of safe flight and landing",MIS,24-Aug-2015,DGCA/New-Misc/174,,,0:00,,"This AD applies to Kidde Graviner hand-operated fire extinguishers having part numbers 56412-001 (34H), 56411-001 (35H), and 56412-002 (38H). These fire extinguishers may be installed on, but not limited to, aircraft, certificated in any category, specified in paragraphs (c)(1), (c)(2), (c)(3), (c)(4), (c)(5), and (c)(6) of this AD. (1) BAE Systems (Operations) Limited Model ATP airplanes. (2) BAE Systems (Operations) Limited Model 4101 airplanes. (3) Airbus Defense and Space S.A. (Type Certificate previously held by EADS CASA; Construcciones Aeronauticas, S.A.) Model C-212-CB, C-212-CC, C-212-CD, C-212-CE, C-212-CF, C-212-DE, and C-212-DF airplanes. (4) Fokker Services B.V. Model F.27 Mark 050, 100, 200, 300, 400, 500, 600, and 700 airplanes. (5) Short Brothers PLC Model SD3-60 SHERPA, SD3-SHERPA, SD3-30, and SD3-60 airplanes. (6) SHORT BROTHERS & HARLAND LTD SC-7 Series 2 and SC-7 Series 3 airplanes."
157b8d12-c115-446e-a4dc-d12077751fe2,b9b6e5b8-7080-440f-9510-e1a67e3b855b,M175,26,FAA AD 2015-15-14,"Fire Protection, To detect and correct solder deposited on the frangible plug of the fire extinguisher, which could result in failure of the fire extinguisher to discharge, and consequent inability to put out a fire in an engine or in the APU.",MIS,04-Aug-2016,DGCA/New-Misc/175,,,0:00,,"This AD applies to all BAE Systems (Operations) Limited Model ATP airplanes, certificated in any category, all manufacturer serial numbers. For airplanes equipped with Kidde Graviner fire extinguishers having part number (P/N) 57183 (all dash numbers)"
157b8d12-c115-446e-a4dc-d12077751fe2,b9b6e5b8-7080-440f-9510-e1a67e3b855b,M176,35,FAA AD 2015-23-09,"ATA 35, OXYGEN - To detect and correct affected oxygen mask regulators, which could lead, In case of mask usage at or above 10,000 feet after a depressurization event, To the inhalation of air with improper content of oxygen, Due to the bad dilution settings, thereby providing inadequate protection to the affected flightcrew against hypoxia. Hypoxia can start from a headache and drowsiness and lead eventually to unconsciousness with severe consequence in terms of airplane controllability.",MIS,04-Aug-2016,DGCA/New-Misc/176,,,0:00,,"This AD applies to Zodiac Aerotechnics (formerly Intertechnique Aircraft Systems) flightcrew oxygen mask regulators having part number MC10, MF10, and MF20 series, with serial numbers listed in Appendix 1 of Zodiac Services Service Bulletin MCF-SBU-35-001, Revision 1, dated December 3, 2012."
157b8d12-c115-446e-a4dc-d12077751fe2,b9b6e5b8-7080-440f-9510-e1a67e3b855b,M177,35,FAA AD 2016-11-20,"ATA 35, Oxygen - To correct the unsafe condition on B/E Aerospace protective breathing equipment (PBE), P/N 119003-11.",MIS,04-Aug-2016,DGCA/New-Misc/177,,,0:00,,"This AD applies to B/E Aerospace Protective Breathing Equipment (PBE), part number (P/N) 119003-11, that is installed on airplanes."
157b8d12-c115-446e-a4dc-d12077751fe2,b9b6e5b8-7080-440f-9510-e1a67e3b855b,M018,25,CAA AD 006-03-93,Inspection / Replacement -Equipment and furnishing -passenger compartment.,MIS,19-Jul-2007,DGCA/New-Misc/18,,,0:00,,"Seat Model 121,Type: Elete, P/N:D11211F101, D1121F101/7, D1121F103, F105, F105/79, F107, F167/79, P109, F102, F102/79, F104, F106, F106/79, F108, P109/79, F110, F302."
157b8d12-c115-446e-a4dc-d12077751fe2,b9b6e5b8-7080-440f-9510-e1a67e3b855b,M019,11,BV AD NO.93-050(AB)RI,Collins- VHF-20 B Transreceivers Identification Plate.,MIS,03-Jul-1993,DGCA/New-Misc/19,,,0:00,,All COLLINS VHF 20B transceivers installed on aircraft
157b8d12-c115-446e-a4dc-d12077751fe2,b9b6e5b8-7080-440f-9510-e1a67e3b855b,M019,11,BVAD NO.93-050(AB)RI,Collins- VHF-208 Transreceivers identification plate.,MIS,03-Jul-1993,DGCA/New-Misc/19,,,0:00,,COLLINS VHF-208 Transceivers
157b8d12-c115-446e-a4dc-d12077751fe2,b9b6e5b8-7080-440f-9510-e1a67e3b855b,M020,28,FAA AD 98-01-06,To prevent disruption of the fuel flow to the engine resulting in failure attain related power.,MIS,13-Feb-2007,DGCA/New-Misc/20,,,0:00,,"Precision Airmotive Corporation (formerly Facet Aerospace Products Corporation and Marvel-Schebler Corporation) Model MA-3, MA-3A, MA-3PA, MA-3SPA, MA-4SPA carburetors installed"
157b8d12-c115-446e-a4dc-d12077751fe2,b9b6e5b8-7080-440f-9510-e1a67e3b855b,M020,28,FAA AD 98-01-06,To prevent disruption of the fuel flow to the engine resulting in failure to attain the rated power,MIS,13-Feb-1998,DGCA/New-Misc/20,,,0:00,,"Precision Airmotive Corporation (formerly Facet Aerospace Products Corporation and Marvel-Schebler Corporation) Model MA-3, MA-3A, MA-3PA, MA-3SPA, MA-4SPA carburetors installed."
157b8d12-c115-446e-a4dc-d12077751fe2,b9b6e5b8-7080-440f-9510-e1a67e3b855b,DGCA/NEW-MISC/209R1,25,UK CAA AD: G-2022-0011,ATA 25 - Equipment / Furnishings - Pilot & Co-Pilot Seats - Inspection / Modification.,MIS,29-Jun-2022,DGCA/NEW-MISC/209R1,,,0:00,,"Type 3A063 pilot and co-pilot seats, identified by Part Number (P/N) in Appendix 1 of this AD, all serial numbers. These seats are known to be installed on, but not limited to, ATR-GIE Avions de Transport Régional ATR 42 and ATR 72 aeroplanes."
157b8d12-c115-446e-a4dc-d12077751fe2,b9b6e5b8-7080-440f-9510-e1a67e3b855b,M021,80,FAA letter 94-06-09,Inspection/Replacement affected magneto capacitors.,MIS,20-May-1994,DGCA/New-Misc/21,,,0:00,,Teledyne Continental Motors (TCM) (formerly Bendix) magnetos new and rebuilt TCM Model SC-20(For P/N Further info refer AD)
157b8d12-c115-446e-a4dc-d12077751fe2,b9b6e5b8-7080-440f-9510-e1a67e3b855b,M021,80,FAA AD 94-06-09,Inspection/Replacement affected magneto capacitors.,MIS,20-May-1994,DGCA/New-Misc/21,,,0:00,,Teledyne Continental Motors (TCM) (formerly Bendix) magnetos new and rebuilt TCM Model SC-20(For P/N Further info refer AD)
157b8d12-c115-446e-a4dc-d12077751fe2,b9b6e5b8-7080-440f-9510-e1a67e3b855b,M022,1,DGAC-AD 1994-085(AB) R2,SICMA Aero seat-passenger seats-AFT track fittings.,MIS,13-Jul-2007,DGCA/New-Misc/22,,,0:00,,"All SICMA AERO SEAT passenger seats equipped with SICMA aft track fittings P/N 90-000120-790-0, to be mounted on aircraft seat track."
157b8d12-c115-446e-a4dc-d12077751fe2,b9b6e5b8-7080-440f-9510-e1a67e3b855b,DGCA/NEW-MISC/224 R1,34,FAA AD No.: 2021-05-17,"Joint Aircraft System Component (JASC) Code 3400, NAVIGATION SYSTEM.",MIS,19-Apr-2021,DGCA/NEW-MISC/224 R1,,,0:00,,"This AD applies to Rockwell Collins, Inc., (Rockwell Collins) Flight Display System Application FDSA-6500 part numbers (P/Ns) 810-0234-1H0001, 810-0234-1H0002, 810-0234-1H0003, 810-0234-2H0001, 810-0234-2C0001, 810-0234-2C0002, and 810-0234-4B0001. These applications are installed on, but not limited to, Bombardier Inc. Model CL-600-2B16 (604 variant) airplanes and Textron Aviation Inc. Models 525B, B200, B200C, B200CGT, B200GT, B300, B300C, and C90GTi airplanes, certificated in any category."
157b8d12-c115-446e-a4dc-d12077751fe2,b9b6e5b8-7080-440f-9510-e1a67e3b855b,DGCA/NEW-MISC/228 R1,46,FAA AD: 2022-15-08,"Air Transport Association (ATA) of America Code 46, Information systems.",MIS,02-Sep-2022,DGCA/NEW-MISC/228 R1,,,0:00,,"Fokker F27 Mark 050, F28 Mark 3000, F28 Mark 0070 and F28 Mark 0100 aeroplanes; Airbus A318, A319, A320, A321, A330 and A340 aeroplanes; ATR42 and ATR72 aeroplanes; Boeing 737, 757, 767 and 777 aeroplanes; Bombardier (formerly Canadair) and MHI RJ Aviation ULC (formerly Bombardier) CL-600 aeroplanes; and De Havilland Aircraft of Canada (formerly Bombardier) DHC-8 aeroplanes; models and manufacturer serial numbers (MSN). (As per EASA AD 2021-0234)"
157b8d12-c115-446e-a4dc-d12077751fe2,b9b6e5b8-7080-440f-9510-e1a67e3b855b,M023,100,BV AD 94-116(B),Up limit position security.,MIS,21-May-1994,DGCA/New-Misc/23,,,0:00,,LUCAS AIR EQUIPMENT electric hoist P/N 76375-xxx and 76378-xxx equipped with electronic control boxes P/N 61148-xxx.
157b8d12-c115-446e-a4dc-d12077751fe2,b9b6e5b8-7080-440f-9510-e1a67e3b855b,DGCA/NEW -MISC/237,25,FAA AD 2021-07-13,"Joint Aircraft System Component (JASC) Code 2500, Cabin Equipment/Furnishings.",MIS,26-Apr-2021,DGCA/NEW-MISC/237,,,0:00,,"This airworthiness directive (AD) applies to Pacific Scientific Company rotary buckle assembly (buckle), part numbers (P/Ns) 1111430 and 1111475, all dash numbers. These buckles may be installed on but not limited to Bombardier Inc., Learjet Inc., Mitsubishi Heavy Industries, Ltd., Textron Aviation, Inc. (Type Certificate (TC) previously held by Cessna Aircraft Company), and Viking Air Limited (TC previously held by de Havilland, Inc.) model airplanes and Airbus Helicopters (TC previously held by Eurocopter France) model helicopters, certificated in any category."
157b8d12-c115-446e-a4dc-d12077751fe2,b9b6e5b8-7080-440f-9510-e1a67e3b855b,DGCA/NEW -MISC/238,34,FAA AD 2021-08-07,Joint Aircraft Service Component (JASC) Air Transport Association of America (ATA) Code:3400 Navigationn system.,MIS,26-Apr-2021,DGCA/NEW-MISC/238,,,0:00,,"This AD applies to Rockwell Collins, Inc. GPS-4000S Global Positioning System (GPS) part number (P/N) 822-2189-100 installed on airplanes, certificated in any category."
157b8d12-c115-446e-a4dc-d12077751fe2,b9b6e5b8-7080-440f-9510-e1a67e3b855b,DGCA/NEW-MISC/239,34,FAA AD No.: 2021-08-15,"Joint Aircraft System Component (JASC) Code 3445, AIR COLLISION AVOIDANCE SYSTEM (TCAS).",MIS,24-May-2021,DGCA/NEW-MISC/239,,,0:00,,"This AD applies to Garmin International GMN-00962 GTS processor units, part number 011-02571-0( ), with software version 3.13 or earlier, except software version 3.12.1, installed on airplanes certificated in any category. These units are marketed as the GTS 825, GTS 855, or GTS 8000."
157b8d12-c115-446e-a4dc-d12077751fe2,b9b6e5b8-7080-440f-9510-e1a67e3b855b,M024,34,BLA AD 95-053(AB),Naviagation VHF/NAV receiver modification,MIS,01-Jul-1995,DGCA/New-Misc/24,,,0:00,,"Alliedsignal Avionics Inc. Model VN-41B VHF navigation receivers,P/N 066-1101-00,all S/N upto 4001 and P/N 066-1101-01, 066-1101-10, 066-1101-00,all S/N upto 10407."
157b8d12-c115-446e-a4dc-d12077751fe2,b9b6e5b8-7080-440f-9510-e1a67e3b855b,DGCA/NEW-MISC/240,24,EASA AD : G-2021-0003,Equipment / Furnishings - Life Jacket - Inspection,MIS,28-Jun-2021,DGCA/NEW-MISC/240,,,0:00,,"Survitec Group Limited (hereafter referred to as ""Survitec"" in this AD) Emergency Breathing System (EBS) P/N 12677009 fitted to Halo Passenger Lifejacket P/Ns 00031010 and 00031031."
157b8d12-c115-446e-a4dc-d12077751fe2,b9b6e5b8-7080-440f-9510-e1a67e3b855b,DGCA/NEW-MISC/241,25,EASA AD : 2021-0137,ATA 25 - Equipment / Furnishings - Pilot and Co-pilot Seats / Longitudinal Locking System Pins - Measurement / Adjustment,MIS,28-Jun-2021,DGCA/NEW-MISC/241,,,0:00,,"191 series pilot seats, having Part Number (P/N) 19101-00-00, and 191 series co-pilot seats, having P/N 19102-00-00. These seats are known to be installed on, but not limited to, COMAC ARJ21-700 aeroplanes."
157b8d12-c115-446e-a4dc-d12077751fe2,b9b6e5b8-7080-440f-9510-e1a67e3b855b,DGCA/NEW-MISC/242,25,EASA AD : G-2021-0004,Equipment / Furnishings - Life Raft - Inspection,MIS,23-Jul-2021,DGCA/NEW-MISC/242,,,0:00,,"Survitec Group Limited (hereafter referred to as ""Survitec"" in this AD) Life Raft with packed assembly P/N 00051054 (Port) and 00051055 (Starboard)."
157b8d12-c115-446e-a4dc-d12077751fe2,b9b6e5b8-7080-440f-9510-e1a67e3b855b,DGCA/NEW-MISC/243,26,EASA AD : 2021-0185,Fire Protection - Hand-operated Fire Extinguishers - Inspection / Replacement,MIS,17-Aug-2021,DGCA/NEW-MISC/243,,,0:00,,"HAFEX (Halon-free) hand-held fire extinguishers, having Part Number (P/N) P3APP003010A, P/N P3APP003010B or P/N P3APP003010C, all serial numbers (s/n)."
157b8d12-c115-446e-a4dc-d12077751fe2,b9b6e5b8-7080-440f-9510-e1a67e3b855b,DGCA/NEW-MISC/243 R1,26,EASA AD : 2021-0185R1,Fire Protection - Hand-operated Fire Extinguishers - Inspection / Replacement.,MIS,27-Sep-2021,DGCA/NEW-MISC/243 R1,,,0:00,,"HAFEX (Halon-free) hand-held fire extinguishers, having Part Number (P/N) P3APP003010A, P/N P3APP003010B or P/N P3APP003010C, all serial numbers (s/n)."
157b8d12-c115-446e-a4dc-d12077751fe2,b9b6e5b8-7080-440f-9510-e1a67e3b855b,DGCA/NEW-MISC/243 R2,26,EASA AD 2021-0185R2,ATA 26 - Fire Protection - Hand-operated Fire Extinguishers - Inspection / Replacement.,MIS,26-Sep-2022,DGCA/NEW-MISC/243 R2,,,0:00,,"HAFEX (Halon-free) hand-held fire extinguishers, having Part Number (P/N) P3APP003010A, P/N P3APP003010B or P/N P3APP003010C, all serial numbers (s/n)."
157b8d12-c115-446e-a4dc-d12077751fe2,b9b6e5b8-7080-440f-9510-e1a67e3b855b,DGCA/NEW-MISC/244,26,FAA AD : 2021-22-07,"Joint Aircraft Service Component (JASC) Code: 2622, Fire Bottle, Portable.",MIS,14-Dec-2021,DGCA/NEW-MISC/244,,,0:00,,"This AD applies to Umlaut Engineering GmbH (previously P3 Engineering GmbH) HAFEX (Halon-free) hand-held fire extinguisher (fire extinguisher) part numbers (P/Ns) P3APP003010A, P3APP003010B, and P3APP003010C. An affected fire extinguisher may be installed on, but not limited to, the following aircraft, certificated in any category."
157b8d12-c115-446e-a4dc-d12077751fe2,b9b6e5b8-7080-440f-9510-e1a67e3b855b,DGCA/NEW-MISC/245,28,UK CAA AD: G-2021-0010-E,ATA 28 - Fuel -Cylinder Quick Shut-off Valve Mounting Flange - Inspection / Replacement.,MIS,14-Dec-2021,DGCA/NEW-MISC/245,,,0:00,,This AD applies to Cameron Balloons Ltd
157b8d12-c115-446e-a4dc-d12077751fe2,b9b6e5b8-7080-440f-9510-e1a67e3b855b,DGCA/NEW-MISC/245 R1,28,UK CAA AD: G-2021-0014,ATA 28 - Fuel -Cylinder Quick Shut-off Valve Mounting Flange - Inspection / Replacement.,MIS,14-Dec-2021,DGCA/NEW-MISC/245 R1,,,0:00,,This AD applies to Cameron Balloons Ltd.
157b8d12-c115-446e-a4dc-d12077751fe2,b9b6e5b8-7080-440f-9510-e1a67e3b855b,DGCA/NEW-MISC/246,34,FAA AD : 2021-23-12,"Air Transport Association (ATA) of America Code 31, Indicating/Recording System; 34, Navigation.",MIS,23-Dec-2021,DGCA/NEW-MISC/246,,,0:00,,This AD applies to all transport and commuter category airplanes equipped with a radio (also known as radar) altimeter.
157b8d12-c115-446e-a4dc-d12077751fe2,b9b6e5b8-7080-440f-9510-e1a67e3b855b,DGCA/NEW-MISC/247,34,FAA AD 2021-23-13,"Joint Aircraft Service Component (JASC) Code: 3444, Ground Proximity System.",MIS,23-Dec-2021,DGCA/NEW-MISC/247,,,0:00,,"This AD applies to all helicopters, certificated in any category, equipped with a radio (also known as radar) altimeter."
157b8d12-c115-446e-a4dc-d12077751fe2,b9b6e5b8-7080-440f-9510-e1a67e3b855b,DGCA/NEW-MISC/248R2,25,EASA AD : 2022-0029-E,ATA 25 - Equipment / Furnishings - Emergency Parachutes - Removal from Service.,MIS,23-Mar-2022,DGCA/NEW-MISC/248R2,,,0:00,,"ATL-88/90-1B (commercially known as ATL-15 SL) emergency parachutes, all serial numbers (s/n) manufactured from 2016."
157b8d12-c115-446e-a4dc-d12077751fe2,b9b6e5b8-7080-440f-9510-e1a67e3b855b,DGCA/NEW-MISC/248R3,25,EASA AD: 2022-0029R1,ATA 25 - Equipment / Furnishings - Emergency Parachutes - Removal from Service / Modification.,MIS,02-May-2022,DGCA/NEW-MISC/248R3,,,0:00,,"ATL-88/90-1B (commercially known as ATL-15 SL) emergency parachutes, all serial numbers (s/n) manufactured from 2016, having Part Number (P/N) 09994, P/N 09995 or P/N 09996 (no suffix)."
157b8d12-c115-446e-a4dc-d12077751fe2,b9b6e5b8-7080-440f-9510-e1a67e3b855b,DGCA/NEW-MISC/249,34,EASA AD : 2022-0024,ATA 34 - Navigation - Flight Management Computer 2 / Navigation Modules - Operational Limitations / Amendment,MIS,02-Mar-2022,DGCA/NEW-MISC/249,,,0:00,,"Thales Flight Management Computer (FMC) 2 Navigation Modules (NAVM), identified by Part Number C13084CA03."
157b8d12-c115-446e-a4dc-d12077751fe2,b9b6e5b8-7080-440f-9510-e1a67e3b855b,M025,79,FAA AD 96-12-22,Cessna engine oil filter adapter assemblies,MIS,31-Jul-1996,DGCA/New-Misc/25,,,0:00,,"Cessna Engine Oil Filter Adapters Assemblies, P/N 0450404-(all dash nos), 0556004-(all dash nos), 0556010-(all dash nos), 0756023-(all dash nos), 0756024-(all dash nos), 1250403-(all dash nos), 12504"
157b8d12-c115-446e-a4dc-d12077751fe2,b9b6e5b8-7080-440f-9510-e1a67e3b855b,M025,79,FAA AD 96-12-22,Cessna engine oil filter adapter assembly,MIS,31-Jul-1997,DGCA/New-Misc/25,,,0:00,,"Cessna Engine Oil Filter Adapters Assemblies, P/N 0450404-(all dash nos), 0556004-(all dash nos), 0556010-(all dash nos), 0756023-(all dash nos), 0756024-(all dash nos), 1250403-(all dash nos), 125041"
157b8d12-c115-446e-a4dc-d12077751fe2,b9b6e5b8-7080-440f-9510-e1a67e3b855b,DGCA/NEW-MISC/250,28,FAA AD 2022-03-15,"Joint Aircraft System Component (JASC) Code 2841, Fuel Quantity Indicator.",MIS,23-Mar-2022,DGCA/NEW-MISC/250,,,0:00,,"This AD applies to all serial numbers of the airplane models listed in table 1 to paragraph (c), certificated in any category, that are either: 1.Modified with a Garmin G3X Touch Electronic Flight Instrument System 2. Modified with a Garmin GI 275 Multi-Function Display."
157b8d12-c115-446e-a4dc-d12077751fe2,b9b6e5b8-7080-440f-9510-e1a67e3b855b,DGCA/NEW-MISC/251,26,FAA AD 2022-01-03,"Joint Aircraft Service Component (JASC) Code: 2622, Fire Bottle, Portable.",MIS,23-Mar-2022,DGCA/NEW-MISC/251,,,0:00,,This AD applies to Umlaut Engineering GmbH (previously P3 Engineering GmbH) HAFEX (Halon-free) hand-held P3HAFEX fire extinguisher (fire extinguisher) part numbers P3APP003010A and P3APP003010C.
157b8d12-c115-446e-a4dc-d12077751fe2,b9b6e5b8-7080-440f-9510-e1a67e3b855b,DGCA/NEW-MISC/252,35,FAA AD 2022-04-09,"Air Transport Association (ATA) of America Code 35, Oxygen System.",MIS,31-Mar-2022,DGCA/NEW-MISC/252,,,0:00,,"This AD applies to AVOX Systems Inc. (formerly Scott Aviation) oxygen cylinder and valve assemblies having part number (P/N) 89794077, 89794015, 891511-14, 806835-01, 807982-01, or 808433-01."
157b8d12-c115-446e-a4dc-d12077751fe2,b9b6e5b8-7080-440f-9510-e1a67e3b855b,DGCA/NEW-MISC/253,25,FAA AD: 2022-05-10,"Joint Aircraft Service Component (JASC) Code: 2500, Cabin Equipment/Furnishings.",MIS,18-Apr-2022,DGCA/NEW-MISC/253,,,0:00,,"This AD applies to helicopters, certificated in any category, with an externally-mounted Goodrich hoist assembly (hoist)"
157b8d12-c115-446e-a4dc-d12077751fe2,b9b6e5b8-7080-440f-9510-e1a67e3b855b,DGCA/NEW-MISC/254,62,FAA AD 2022-06-05,"Joint Aircraft System Component (JASC) Code: 6200, Main Rotor System.",MIS,18-Apr-2022,DGCA/NEW-MISC/254,,,0:00,,"This AD applies to the following various restricted category helicopters with a main rotor hub strap pin (pin) part number 204-012-104-005 with a serial number prefix ""FNFS"""
157b8d12-c115-446e-a4dc-d12077751fe2,b9b6e5b8-7080-440f-9510-e1a67e3b855b,DGCA/NEW-MISC/255,25,UK CAA AD: G-2022-0009,ATA 25 - Equipment / Furnishings - Lifejackets - Inspection.,MIS,13-May-2022,DGCA/NEW-MISC/255,,,0:00,,"Survitec Group Limited (hereafter referred to as ""Survitec"" in this AD) Lifejackets Type 102 Mk 3 (Adult) ,102 Mk 4 (Crew) and 105 Mk 1 (Infant)."
157b8d12-c115-446e-a4dc-d12077751fe2,b9b6e5b8-7080-440f-9510-e1a67e3b855b,DGCA/NEW-MISC/256,85,FAA AD: 2022-16-03,"Joint Aircraft System Component (JASC) Code 8500, Engine (RECIPROCATING).",MIS,02-Sep-2022,DGCA/NEW-MISC/256,,,0:00,,"(1) Continental Aerospace Technologies, Inc. reciprocating engine. (2) Lycoming Engines and Textron Lycoming/Subsidiary of Textron, Inc. reciprocating engine."
157b8d12-c115-446e-a4dc-d12077751fe2,b9b6e5b8-7080-440f-9510-e1a67e3b855b,M026,49,FAA AD 96-25-12,"To prevent compressor wheel rupture ,which could result in an uncontained APU failure and damage to the a/c",MIS,13-Jan-1997,DGCA/New-Misc/26,,,0:00,,"Sundstrand Aerospace Models T-62T-40C series auxiliary power units (APUs), with compressor wheel, P/N 162690-1, 165111-1, and 167200-1"
157b8d12-c115-446e-a4dc-d12077751fe2,b9b6e5b8-7080-440f-9510-e1a67e3b855b,M027,25,BV AD 97-134(AB),SICMA AERO-SEAT(Pax seat)leg collar,MIS,28-Jun-1997,DGCA/New-Misc/27,,,0:00,,"Applicable to SICMA AERO-SEAT seats, For P/n and S/N refer this AD, equippped with leg collars P/N 95-000100-008-0."
157b8d12-c115-446e-a4dc-d12077751fe2,b9b6e5b8-7080-440f-9510-e1a67e3b855b,M027,25,BV AD 97-134(AB),SICMA AERO-SEAT(Pax Seat) Leg Collar,MIS,28-Jul-1997,DGCA/New-Misc/27,,,0:00,,"Applicable to SICMA AERO-SEAT seats, For P/n and S/N refer this AD, equippped with leg collars P/N 95-000100-008-0."
157b8d12-c115-446e-a4dc-d12077751fe2,b9b6e5b8-7080-440f-9510-e1a67e3b855b,M028,31,FAA AD 98-14-03,To prevent transmission of misleading encoding altimeter information between affected A/C,MIS,16-Aug-1998,DGCA/New-Misc/28,,,0:00,,"AlliedSignal KT 76A Air Traffic Control (ATC) transponders;P/N 066-1062-00/10/02; S/N 93,000 through 109,999"
157b8d12-c115-446e-a4dc-d12077751fe2,b9b6e5b8-7080-440f-9510-e1a67e3b855b,M029,37,FAA AD 98-23-01,Insp./Replacement of Vaccum dry air pump flexible coupling,MIS,11-Oct-1998,DGCA/New-Misc/29,,,0:00,,"Airborne dry air pumps, conversion kits,coupling kits,with flexible coupling P/N B1-19-1 have date code of either ""12/97"" or ""5-6/98""."
157b8d12-c115-446e-a4dc-d12077751fe2,b9b6e5b8-7080-440f-9510-e1a67e3b855b,M029,37,FAA AD 98-23-01,Vaccum dry air pump flexible coupling-Inspection/Replacement,MIS,10-Nov-1998,DGCA/New-Misc/29,,,0:00,,"Airborne dry air pumps,conversion kits,coupling kits,with flexible coupling P/N B1-19-1 have date code of either ""12/97"" or ""5-6/98""."
157b8d12-c115-446e-a4dc-d12077751fe2,b9b6e5b8-7080-440f-9510-e1a67e3b855b,M030,52,FAA AD 98-21-21 R1,To prevent smoke and possible fire in the cockpit caused by overheating of the electric door seal inflation system.,MIS,30-Oct-1998,DGCA/New-Misc/30,,,0:00,,"Electric inflatable door seals equipped with Bob Fields aerocessories,IAW applicable supplemental type certificate(STC) or through field approval.(For further info refer AD)"
157b8d12-c115-446e-a4dc-d12077751fe2,b9b6e5b8-7080-440f-9510-e1a67e3b855b,M030,52,FAA AD 98-21-21R1,To prevent smoke and a possible fire in the cockpit caused by overheating of the electric door seal inflation systems,MIS,01-May-2000,DGCA/New-Misc/30,,,0:00,,"Electric inflatable door seals equipped with Bob Fields aerocessories,IAW applicable supplemental type certificate(STC) or through field approval.(For further info refer AD)"
157b8d12-c115-446e-a4dc-d12077751fe2,b9b6e5b8-7080-440f-9510-e1a67e3b855b,M031,25,FAA AD 98-25-10 R1,To prevent failure of seat restraint system,MIS,14-Jan-2000,DGCA/New-Misc/31,,,0:00,,"Aircraft Belts Model CS,CT,FM, FN,GK, GL,JD,JE,JTJU,MD,ME,MM,NB,PM,PN,RG, and RH seat restraint systems.(For futher info refer AD)"
157b8d12-c115-446e-a4dc-d12077751fe2,b9b6e5b8-7080-440f-9510-e1a67e3b855b,M031,25,FAA AD 98-25-10R1,To prevent failure of seat restraint system,MIS,14-Jan-2000,DGCA/New-Misc/31,,,0:00,,"Aircraft Belts Model CS, CT, FM, FN, GK, GL, JD, JE, JTJU, MD, ME, MM, NB,P M, PN, RG, and RH seat restraint systems.(For futher info refer AD)."
157b8d12-c115-446e-a4dc-d12077751fe2,b9b6e5b8-7080-440f-9510-e1a67e3b855b,M032,100,FAA AD 97-05-03(R1),To prevent deviation from intended flight path during a non precision approach.,MIS,20-Apr-1999,DGCA/New-Misc/32,,,0:00,,"Models GNS-XLS and GNS-XL global positioning systems (GPS), P/N 17960-0102-XXXX and P/N 18355-0101-XXXX"
157b8d12-c115-446e-a4dc-d12077751fe2,b9b6e5b8-7080-440f-9510-e1a67e3b855b,M033,35,FAA AD 99-08-21,To prevent reduced Oxygen consumption when passengers are required to use defective oxygen masks which could result in passenger injury.,MIS,06-Feb-1999,DGCA/New-Misc/33,,,0:00,,Puritan-Bennett Aero Systems Company C351-2000 Series Passenger Oxygen Masks and Portable Oxygen Masks(For P/N Refer AD)
157b8d12-c115-446e-a4dc-d12077751fe2,b9b6e5b8-7080-440f-9510-e1a67e3b855b,M033,35,FAA AD 99-08-21,To prevent reduced Oxygen consumption when passengers are required to use defective oxygen masks which could result in passenger injury,MIS,02-Jun-1999,DGCA/New-Misc/33,,,0:00,,Puritan-Bennett Aero Systems Company C351-2000 Series Passenger Oxygen Masks and Portable Oxygen Masks(For P/N Refer AD).
157b8d12-c115-446e-a4dc-d12077751fe2,b9b6e5b8-7080-440f-9510-e1a67e3b855b,M034,23,DGCA AD 1999-298(AB) R2,Allied Signal-VHF COM receiver bandwidth reduction,MIS#,12-Mar-2005,DGCA/New-Misc/34,,,0:00,,The Referenced AD cancelled by DGAC Authority.
157b8d12-c115-446e-a4dc-d12077751fe2,b9b6e5b8-7080-440f-9510-e1a67e3b855b,M034,23,DGCA AD 1999-298(AB),Allied Signal-VHF COM receiver bandwidth reduction,MIS,07-Aug-1999,DGCA/New-Misc/34,,,0:00,,"Concerns KX175B, KX175BE, KY195B, KY195BE equipment type all serial number."
157b8d12-c115-446e-a4dc-d12077751fe2,b9b6e5b8-7080-440f-9510-e1a67e3b855b,M036,23,FAA A 99-12-06,To prevent VHF Navigation receiver interference from FM radio station broadcast frequencies.,MIS,23-Jul-1999,DGCA/New-Misc/36,,,0:00,,"AlliedSignal Inc. VN 411B Very High Frequency (VHF) Navigation Receivers For P/N,S/N refer AD."
157b8d12-c115-446e-a4dc-d12077751fe2,b9b6e5b8-7080-440f-9510-e1a67e3b855b,M037,34,FAA AD 99-23-22 R2,To prevent false traffic alert collision avoidance system (TACAS ll),MIS,20-Apr-2000,DGCA/New-Misc/37,,,0:00,,"Transport category airplanes, certificated in any category, equipped with any Mode ""C"" transponder with single Gillham code altitude input,For P/N's refer AD."
157b8d12-c115-446e-a4dc-d12077751fe2,b9b6e5b8-7080-440f-9510-e1a67e3b855b,M037,34,FAA AD 99-23-22R2,To prevent false traffic alert collision avoidance system (TACAS II),MIS,20-Apr-2000,DGCA/New-Misc/37,,,0:00,,"Transport category airplanes, certificated in any category, equipped with any Mode ""C"" transponder with single Gillham code altitude input,For P/N's refer AD."
157b8d12-c115-446e-a4dc-d12077751fe2,b9b6e5b8-7080-440f-9510-e1a67e3b855b,M038,34,FAA AD 99-23-24,To ensure the ILS receiver provides the flight crew with accurate glide slope path.,MIS,20-Apr-2000,DGCA/New-Misc/38,,,0:00,,"RIA-32A instrument landing system (ILS) navigation receivers, P/N 2070724-3201 and -3203 installed."
157b8d12-c115-446e-a4dc-d12077751fe2,b9b6e5b8-7080-440f-9510-e1a67e3b855b,M039,37,FAA AD 99-24-10,Revised operating limitations for the affected standby vaccum systems in to the airoplane flight manual,MIS,14-Jan-2000,DGCA/New-Misc/39,,,0:00,,"Model SVS III standby vacuum systems installed, but not limited to refer this AD."
157b8d12-c115-446e-a4dc-d12077751fe2,b9b6e5b8-7080-440f-9510-e1a67e3b855b,M040,25,DGCA AD 2000-042(AB),Third Occupant Seat Head Rest Locking Point,MIS,23-Mar-2000,DGCA/New-Misc/40,,,0:00,,"All Model A319, A320, and A321 aircraft which have the SICMA Aero Seat 133 series third occupant seats For P/N and S/N refer AD."
157b8d12-c115-446e-a4dc-d12077751fe2,b9b6e5b8-7080-440f-9510-e1a67e3b855b,M040,25,DGCA AD 2000-042(AB),Trird occupant seat head rest locking point,MIS,02-May-2000,DGCA/New-Misc/40,,,0:00,,"All Model A319, A320, and A321 aircraft which have the SICMA Aero Seat 133 series third occupant seats For P/N and S/N refer AD."
157b8d12-c115-446e-a4dc-d12077751fe2,b9b6e5b8-7080-440f-9510-e1a67e3b855b,M041,1,DGAC AD 2002-505,IFE electric harness protection in central foldable armrest,MIS,12-Oct-2002,DGCA/New-Misc/41,,,0:00,,Sicma Aero Seat 9801 and 9802 Series passenger seats listed in Para A of Sicma Aero Seat SB 98-25-014 Issue 1 dt.1 Oct 2001.
157b8d12-c115-446e-a4dc-d12077751fe2,b9b6e5b8-7080-440f-9510-e1a67e3b855b,M042,22,FAA AD 2000-05-24,Inspect the autopilot servo actuator for a loose fastener.,MIS,21-Apr-2000,DGCA/New-Misc/42,,,0:00,,"Any aircraft, certificated in any category, equipped with Honeywell KAP 140 or KFC 225 autopilot system. For P/N and S/N refer chart presented in this AD."
157b8d12-c115-446e-a4dc-d12077751fe2,b9b6e5b8-7080-440f-9510-e1a67e3b855b,M042,22,FAA AD 2000-05-24,Inspect the Autopilot servo actuator for a loose fastener.,MIS,12-Apr-2000,DGCA/New-Misc/42,,,0:00,,"Any aircraft, certificated in any category,equipped with Honeywell KAP 140 or KFC 225 autopilot system.For P/N and S/N refer chart presented in this AD."
157b8d12-c115-446e-a4dc-d12077751fe2,b9b6e5b8-7080-440f-9510-e1a67e3b855b,M043,49,FAA AD 2000-04-24,To prevent an uncontained APU failure and damage to the Airplane,MIS,08-May-2000,DGCA/New-Misc/43,,,0:00,,"Honeywell International (formerly AlliedSignal Inc.) 36-300(A), 36-280(B), and 36-280(D) series APUs, with load compressor impellers, P/Ns 3822270-4, or 3822270-5, installed."
157b8d12-c115-446e-a4dc-d12077751fe2,b9b6e5b8-7080-440f-9510-e1a67e3b855b,M044,25,DGAC AD 2002-471(AB)R1,SICMA AERO seat -Passenger seat- modification of seat belt attachment fitting.,MIS,07-Dec-2002,DGCA/New-Misc/44,,,0:00,,"PSICMA AERO SEAT P/N 91xx,93xx, 95xx, 96xx,97xx,98xx, 99xx, 9Axx, 9Bxx,9Cxx,listed in Annex 1 of SB 91-25-045"
157b8d12-c115-446e-a4dc-d12077751fe2,b9b6e5b8-7080-440f-9510-e1a67e3b855b,M045,100,FAA AD 2000-07-27,To prevent loss of the main sources of attitude data,MIS,03-May-2000,DGCA/New-Misc/45,,,0:00,,Transport category airplanes certificated in any category; equipped with any Honeywell air data inertial reference unit (ADIRU) having S/N 0841 and P/N as listed in this AD.
157b8d12-c115-446e-a4dc-d12077751fe2,b9b6e5b8-7080-440f-9510-e1a67e3b855b,M046,80,FAA AD 99-04-04,"To prevent the failure of the magneto impulse coupling assembly,resulting in seizure of the engine",MIS,25-Feb-1999,DGCA/New-Misc/46,,,0:00,,"Textron Lycoming O-540-B2B5, B2C5, E4B5, E4C5, G1A5, G2A5, IO-540-K1A5, K1B5,K1G5 reciprocating model engines equipped with Slick Aircraft Products magneto model numbers 6251, 6252, 6255, 6351 and 635"
157b8d12-c115-446e-a4dc-d12077751fe2,b9b6e5b8-7080-440f-9510-e1a67e3b855b,M047,100,FAR 121.314,Cargo And Baggage Compartment.,MIS,19-Jul-2007,DGCA/New-Misc/47,,,0:00,,1. Turboprop aeroplane having a type certified Pax seating capacity of10 or more excluding crew seat. 2. Turbojet aeroplane irrespective of
157b8d12-c115-446e-a4dc-d12077751fe2,b9b6e5b8-7080-440f-9510-e1a67e3b855b,M048,22,FAA AD 2001-10-09,To prevent undesirable auto trim command,MIS,15-Jun-2001,DGCA/New-Misc/48,,,0:00,,"Model AS350B, BA, B1, B2, B3, D, and AS355E, F, F1, F2, and N helicopters, with Crouzet single-pole circuit breaker, P/N 84 400 028,P/N 84 400 031 through P/N 84 400 036,"
157b8d12-c115-446e-a4dc-d12077751fe2,b9b6e5b8-7080-440f-9510-e1a67e3b855b,M049,34,FAA AD 2001-14-51,To prevent inaccurate navigation due to incorrect bearing information.,MIS,30-Jul-2001,DGCA/New-Misc/49,,,0:00,,"All General Aviation aircraft equipped with UPS Aviation Technologies,Model Apollo SL30 very-high-frequency navigation/communication (VHF NAV/COMM) radio having P/N 430-6040-300/430-6040-301"
157b8d12-c115-446e-a4dc-d12077751fe2,b9b6e5b8-7080-440f-9510-e1a67e3b855b,M050,23,FAA AD 2001-15-17,To modify the altitude edcoder inputs of the CTL-92 transponder control panels.,MIS,20-Aug-2001,DGCA/New-Misc/50,,,0:00,,"CTL-92 transponder control panel P/N 622-6523-204/-205/-206/-207/-208, S/N as specified in Rockwell SB 33 (CTL-92-34-33),"
157b8d12-c115-446e-a4dc-d12077751fe2,b9b6e5b8-7080-440f-9510-e1a67e3b855b,M051,28,FAA DA 2004-25-16 R1,To eliminate or severely reduce the potential for fuel leakage in aircraft,MIS,20-Jun-2005,DGCA/New-Misc/51 Rev 2,,,0:00,,"aircraft equipped with fuel regulator shutoff valve P/N 14D11, A14D11, B14D11, C14D11, 23D04, A23D04, B23D04, C23D04, or P23D04 used with B1500, B2030, B2500, B3040, B3500, B4050, or B4500 B-Series"
157b8d12-c115-446e-a4dc-d12077751fe2,b9b6e5b8-7080-440f-9510-e1a67e3b855b,M052,73,DGAC AD 2001-17-15,To prevent engine fuel pump failure,MIS,16-Aug-2001,DGCA/New-Misc/52,,,0:00,,"Honeywell LTS101-600A-2, -600A-3 and -600A-3A series turboshaft and LTP101-600A-1A, -700A-1A series turboprop engines incorporating CECO engine fuel pumps, P/N 4-301-128-01, -02, -03, -04, -05, -06."
157b8d12-c115-446e-a4dc-d12077751fe2,b9b6e5b8-7080-440f-9510-e1a67e3b855b,M053,26,FAA AD 2001-22-14,To prevent damage to the fire extinguishing system components.,MIS,12-Oct-2001,DGCA/New-Misc/53,,,0:00,,fire extinguishing system bottle cartridges presented in paragraph (a)(1) of this AD
157b8d12-c115-446e-a4dc-d12077751fe2,b9b6e5b8-7080-440f-9510-e1a67e3b855b,M053,26,FAA AD 2001-22-14,To prevent damage to fire extinguishing system components.,MIS,10-Dec-2001,DGCA/New-Misc/53,,,0:00,,fire extinguishing system bottle cartridges presented in paragraph (a)(1) of this AD
157b8d12-c115-446e-a4dc-d12077751fe2,b9b6e5b8-7080-440f-9510-e1a67e3b855b,M054,52,"FAR121.583,FAR25.795",Modification of aircraft cockpit door,MIS,29-Nov-2001,DGCA/New-Misc/54,,,0:00,,Applicable to airplane having a door between the passenger & pilot compartment and engaged in 1.Scheduled Air Transport
157b8d12-c115-446e-a4dc-d12077751fe2,b9b6e5b8-7080-440f-9510-e1a67e3b855b,M055,100,CAA AD002-11-2001,Hydrolok Pin Orientation,MIS,18-Jul-2007,DGCA/New-Misc/55,,,0:00,,B/E Aerospace Skyluxe II (AA2) Passenger Seats installed.
157b8d12-c115-446e-a4dc-d12077751fe2,b9b6e5b8-7080-440f-9510-e1a67e3b855b,M055,100,CAA AD 002-11-2001,Hydrolok Pin Orientation,MIS,29-Nov-2001,DGCA/New-Misc/55,,,0:00,,B/E Aerospace Skyluxe II (AA2) Passenger Seats installed.
157b8d12-c115-446e-a4dc-d12077751fe2,b9b6e5b8-7080-440f-9510-e1a67e3b855b,M056,25,DGAC AD 2001-605(AB),Equipment : Passenger Seats,MIS,21-Mar-2002,DGCA/New-Misc/56,,,0:00,,"All SICMA AERO SEAT pax seats of series 9140, 9166, 9173, 9174, 9184, 9188,9196, 91B7, 91B8, 91C0, 91C2, 91C3, 91C4, 91C5, 9301, 9501, equipped with backrest links P/N 90-000200-104-1,90-000200-104-2."
157b8d12-c115-446e-a4dc-d12077751fe2,b9b6e5b8-7080-440f-9510-e1a67e3b855b,M056,1,DGCA AD2001-605(AB),Equipment Passenger Seats,MIS,21-Mar-2002,DGCA/New-Misc/56R1,,,0:00,,"All SICMA AERO SEAT pax seats of series 9140, 9166, 9173, 9174, 9184, 9188,9196, 91B7, 91B8, 91C0, 91C2, 91C3, 91C4, 91C5, 9301, 9501, equipped with backrest links P/N 90-000200-104-1,90-000200-104-2."
157b8d12-c115-446e-a4dc-d12077751fe2,b9b6e5b8-7080-440f-9510-e1a67e3b855b,M057,34,FAA AD 2001-23-17,GNS 430 units.To prevent inaccurate course deviation display,MIS,28-Dec-2001,DGCA/New-Misc/57,,,0:00,,GNS 430 units that are specified in paragraph (a)(1) of this AD and are installed on aircraft.
157b8d12-c115-446e-a4dc-d12077751fe2,b9b6e5b8-7080-440f-9510-e1a67e3b855b,M057,34,FAA AD 2001-3-17,GNS 430 units prevent inaccurate course deviation displays,MIS,28-Dec-2001,DGCA/New-Misc/57,,,0:00,,GNS 430 units that are specified in paragraph (a)(1) of this AD and are installed on aircraft.
157b8d12-c115-446e-a4dc-d12077751fe2,b9b6e5b8-7080-440f-9510-e1a67e3b855b,M058,72,FAA AD-2002-03-09R1,To prevent impeller failure from cracks in the impeller back face area,MIS,27-Mar-2002,DGCA/New-Misc/58,,,0:00,,Honeywell International Inc. LTS101 Series Turboshaft and LTP101 Series Turboprop Engines.
157b8d12-c115-446e-a4dc-d12077751fe2,b9b6e5b8-7080-440f-9510-e1a67e3b855b,M059,23,FAA AD 2002-06-05,To prevent transmission of inaccurate data concerning altitude from one airplane to another,MIS,26-Apr-2002,DGCA/New-Misc/59,,,0:00,,"Transport category airplanes, certificated in any category, equipped with Rockwell Collins Mode C 621A-3 Air Traffic Control (ATC) transponder(s),P/N 522-2703-XXX."
157b8d12-c115-446e-a4dc-d12077751fe2,b9b6e5b8-7080-440f-9510-e1a67e3b855b,M060,34,FAA AD 2002-14-19,To prevent unwarranted display of the ADC flag,MIS,23-Aug-2002,DGCA/New-Misc/60,,,0:00,,"Rockwell Collins, Inc. ADC-85, ADC-85A, ADC-850D, and ADC-850F Air Data Computers"
157b8d12-c115-446e-a4dc-d12077751fe2,b9b6e5b8-7080-440f-9510-e1a67e3b855b,M061,72,FAA AD 2002-15-02,To replace affected compressor wheels,MIS,28-Aug-2002,DGCA/New-Misc/61,,,0:00,,"Hamilton Sundstrand Power Systems models T-62T-2C, T-62T-25, T-62T-29, and T-62T-39 APU's that have compressor wheel P/N 100636-1 installed."
157b8d12-c115-446e-a4dc-d12077751fe2,b9b6e5b8-7080-440f-9510-e1a67e3b855b,M062,34,DGCA Let No.9-414/2002-AI(2),Installation of CVR,MIS,30-Sep-2002,DGCA/New-Misc/62,,,0:00,,To all twin engine turbine aircraft where STC is available or the manufacturer has installed this.
157b8d12-c115-446e-a4dc-d12077751fe2,b9b6e5b8-7080-440f-9510-e1a67e3b855b,DGCA/NEW-MISC/62,31,DGCA/NEW-MISC/62,INSTALLATION OF CVR,MIS,07-Jul-2022,DGCA/NEW-MISC/62,,,0:00,,CANCELLED vide e-FILE No. DGCA-25012(02)/32/2020-AW Dated 04.07.2022
157b8d12-c115-446e-a4dc-d12077751fe2,b9b6e5b8-7080-440f-9510-e1a67e3b855b,M062,23,DGCA Letr no.9-414/2002,Installation of CVR,MIS,30-Sep-2002,DGCA/New-Misc/62,,,0:00,,To all twin engine turbine aircraft where STC is available or the manufacturer has installed this.
157b8d12-c115-446e-a4dc-d12077751fe2,b9b6e5b8-7080-440f-9510-e1a67e3b855b,M063,23,DGCA Lett no.9-414/2002,Installation of FDR,MIS,30-Sep-2002,DGCA/New-Misc/63,,,0:00,,To all turbine engine aircraft where STC is available or the manufacturer has installed this.
157b8d12-c115-446e-a4dc-d12077751fe2,b9b6e5b8-7080-440f-9510-e1a67e3b855b,M063,34,DGCA Letter No.9-414/2002-AI(I) Dated: 30-09-2002,Installation of FDR,MIS,30-Sep-2002,DGCA/New-Misc/63,,,0:00,,To all turbine engine aircraft where STC is available or the manufacturer has installed this.
157b8d12-c115-446e-a4dc-d12077751fe2,b9b6e5b8-7080-440f-9510-e1a67e3b855b,DGCA/NEW-MISC/63,31,DGCA/NEW-MISC/63,INSTALLATION OF CVR,MIS,07-Jul-2022,DGCA/NEW-MISC/63,,,0:00,,CANCELLED vide e-FILE No. DGCA-25012(02)/32/2020-AW Dated 04.07.2022
157b8d12-c115-446e-a4dc-d12077751fe2,b9b6e5b8-7080-440f-9510-e1a67e3b855b,M064,25,DGCA AD 2002-504(AB),"Pax,Seat Belts, Central Spreaders Mod",MIS,12-Oct-2002,DGCA/New-Misc/64,,,0:00,,"All SICMA AERO SEAT seats types 90XX and 92XX with seat P/N listed in Annex 1 of SICMA AERO SEAT Service Bulletin (SB) 92-25-005, all serial numbers, right side only."
157b8d12-c115-446e-a4dc-d12077751fe2,b9b6e5b8-7080-440f-9510-e1a67e3b855b,M064,25,DGAC AD 2002-504(AB),Passenger Seats - Central Spreaders Modification,MIS,12-Oct-2002,DGCA/New-Misc/64,,,0:00,,"All SICMA AERO SEAT seats types 90XX and 92XX with seat P/N listed in Annex 1 of SICMA AERO SEAT Service Bulletin (SB) 92-25-005, all serial numbers, right side only."
157b8d12-c115-446e-a4dc-d12077751fe2,b9b6e5b8-7080-440f-9510-e1a67e3b855b,M065,100,DGCA AD 2002-20-09,To prevent display of erroneous primary flight and engine parameter information,MIS,12-Nov-2002,DGCA/New-Misc/65,,,0:00,,"AFD-3010 adaptive flight display units, P/N 822-1084-012/-108/-202/-206/-302/-304/-402/-404/-406 (S/N as specified in Rockwell SB 12, Rev.2, AFD-3010-31-12)."
157b8d12-c115-446e-a4dc-d12077751fe2,b9b6e5b8-7080-440f-9510-e1a67e3b855b,M065,100,DGAC AD 2002-20-09,To prevent display of erroneous primary flight and engine parameter information.,MIS,12-Nov-2002,DGCA/New-Misc/65,,,0:00,,"AFD-3010 adaptive flight display units, P/N 822-1084-012/-108/-202/-206/-302/-304/-402/-404/-406 (S/N as specified in Rockwell SB 12, Rev.2, AFD-3010-31-12)."
157b8d12-c115-446e-a4dc-d12077751fe2,b9b6e5b8-7080-440f-9510-e1a67e3b855b,M066,34,DGAC AD 2002-22-13,To prevent the FMC from retaining incorrect information.,MIS,20-Dec-2002,DGCA/New-Misc/66,,,0:00,,"Rockwell Collins flight management computers (FMC) specified in paragraph (a)(1),(a)(2) of this AD."
157b8d12-c115-446e-a4dc-d12077751fe2,b9b6e5b8-7080-440f-9510-e1a67e3b855b,M066,34,DGCA AD 2002-22-13,To prevent the FMC from retaining incorrect information,MIS,20-Dec-2002,DGCA/New-Misc/66,,,0:00,,"Rockwell Collins flight management computers (FMC) specified in paragraph (a)(1),(a)(2) of this AD."
157b8d12-c115-446e-a4dc-d12077751fe2,b9b6e5b8-7080-440f-9510-e1a67e3b855b,M067,26,FAA AD 2002-22-12,To prevent failure of hose when exposed to fire,MIS,13-Dec-2002,DGCA/New-Misc/67,,,0:00,,"Titeflex Corporation high-pressure and medium-pressure hoses that were fabricated at the Titeflex Springfield, MA, facility from January 1996 through June 2000."
157b8d12-c115-446e-a4dc-d12077751fe2,b9b6e5b8-7080-440f-9510-e1a67e3b855b,M068,25,FAA AD 2003-03-11,To prevent failure of the emergency evacuation slide raft.,MIS,11-Mar-2004,DGCA/New-Misc/68,,,0:00,,"Air Cruisers Company Emergency Evacuation Slide/Raft System,P/N 62774 installed on, but not limited to Boeing 777-20, Affected Slide/Raft SNs refer Table 1 of AD."
157b8d12-c115-446e-a4dc-d12077751fe2,b9b6e5b8-7080-440f-9510-e1a67e3b855b,M069,25,DGCA AD 2001-351(B),Equipment babies bassinets,MIS,18-Aug-2001,DGCA/New-Misc/69,,,0:00,,Cancelled by DGAC authority.
157b8d12-c115-446e-a4dc-d12077751fe2,b9b6e5b8-7080-440f-9510-e1a67e3b855b,M070,100,FAA AD 2002-20-05,To prevent mounting bracket failure and seperation of the rescue hoist from the helicopter,MIS,07-Nov-2002,DGCA/New-Misc/70,,,0:00,,"Breeze Eastern Aerospace rescue hoists series BL-16600, excluding BL-16600-160. These hoists are installed on, but not limited to Augusta A109, Bell 206, Bell 222, Bell 407, Eurocopter France AS332."
157b8d12-c115-446e-a4dc-d12077751fe2,b9b6e5b8-7080-440f-9510-e1a67e3b855b,M071,34,FAA AD 2010-07-02,To ensure that the flight crew has an accurate glideslope deviation indication,MIS,05-May-2010,DGCA/New-Misc/71 Rev.2,,,0:00,,"To aircraft, certificated in any category, equipped with Honeywell Primus II RNZ-850( )/-851( ) integrated navigation unit (INU) having a P/N in Table 1 of this AD."
157b8d12-c115-446e-a4dc-d12077751fe2,b9b6e5b8-7080-440f-9510-e1a67e3b855b,M071,34,FAA AD 2010-07-02,To ensure that the flight crew has an accurate glide slope deviation indication.,MIS,05-May-2010,DGCA/New-Misc/71R2,,,0:00,,"To aircraft, certificated in any category, equipped with Honeywell Primus II RNZ-850( )/-851( ) integrated navigation unit (INU) having a P/N in Table 1 of this AD."
157b8d12-c115-446e-a4dc-d12077751fe2,b9b6e5b8-7080-440f-9510-e1a67e3b855b,M072,26,DGCA Lett no.9-414/2003,Kidde Aerospace hand held halon fire extinguisher.,MIS,22-May-2003,DGCA/New-Misc/72,,,0:00,,"On any aircraft, a Kidde Aerospace P/N 898052 hand held halon fire extiguisher installed."
157b8d12-c115-446e-a4dc-d12077751fe2,b9b6e5b8-7080-440f-9510-e1a67e3b855b,M072,26,DGCA let: 9-414/2003Al(2),Kidde aerospace hand held HALON fire extinguishers,MIS,22-May-2003,DGCA/New-Misc/72,,,0:00,,"On any aircraft, a Kidde Aerospace P/N 898052 hand held halon fire extiguisher installed."
157b8d12-c115-446e-a4dc-d12077751fe2,b9b6e5b8-7080-440f-9510-e1a67e3b855b,M073,61,FAA AD 2003-13-17,To detect unsafe conditions that could result in seperation of a propeller blade.,MIS,18-Jul-2003,DGCA/New-Misc/73,,,0:00,,"Hartzell Propeller,Inc.,McCauley Propeller Systems, Sensenich Propeller Manufacturing Company, Inc.,& Raytheon Aircraft Company that have a propeller hub SN listed in Table 1 of this AD."
157b8d12-c115-446e-a4dc-d12077751fe2,b9b6e5b8-7080-440f-9510-e1a67e3b855b,M074,52,LBA AD 2002-303,Air cargo pallets and air cargo nets,MIS,03-Oct-2002,DGCA/New-Misc/74,,,0:00,,"Ribeco Air Cargo Nets with type certification/with JTSO approval(Refer AD), S/N affected-released after 26 March 2002 or produced by the Chinese manufacturer Deyang Ribeco Air Cargo Equipment Co. Ltd."
157b8d12-c115-446e-a4dc-d12077751fe2,b9b6e5b8-7080-440f-9510-e1a67e3b855b,M075,49,FAA AD 2003-15-07,To prevent APU compartment fires and fuel vapour explosion.,MIS,03-Sep-2003,DGCA/New-Misc/75,,,0:00,,Honeywell International Inc. (formerly AlliedSignal) model RE220 (RJ) auxiliary power units (APUs) P/N WE3800770-2.
157b8d12-c115-446e-a4dc-d12077751fe2,b9b6e5b8-7080-440f-9510-e1a67e3b855b,M076,1,FAA AD 2003-26-06,To detect and correct defective safety belts and restraint systems,MIS,17-Feb-2004,DGCA/New-Misc/76,,,0:00,,"Anjou Aeronautique safety belts and restraint systems specified in para(c)(1),installed on, but not limited to (c)(2) of AD,certificated in any category."
157b8d12-c115-446e-a4dc-d12077751fe2,b9b6e5b8-7080-440f-9510-e1a67e3b855b,M076,1,FAA AD 2003-26-06,To detect and correct defective safety belts and restraint systems.,MIS*,02-Mar-2002,DGCA/New-Misc/76,,,0:00,,"Anjou Aeronautique safety belts and restraint systems: EUROCOPTER FRANCE Models: SOCATA--Groupe AEROSPATIALE (For P/N, affected A/C refer AD)"
157b8d12-c115-446e-a4dc-d12077751fe2,b9b6e5b8-7080-440f-9510-e1a67e3b855b,M077,34,DGAC AD F 2004-053,TA / RA VSI TCAS Indicator THALES Aionics,MIS,14-Apr-2004,DGCA/New-Misc/77,,,0:00,,All TA/RA VSI-TCAS indicator PN 457400-( )* fitted onboard aircraft equipped with TCAS II Change 7 computer (ACAS II).(* exception refer AD)
157b8d12-c115-446e-a4dc-d12077751fe2,b9b6e5b8-7080-440f-9510-e1a67e3b855b,M077,34,DGCA AD F-2004-053,TA/RA VSI TCAS Indicator Thales Aionics.,MIS,14-Apr-2004,DGCA/New-Misc/77,,,0:00,,All TA/RA VSI-TCAS indicator PN 457400-( )* fitted onboard aircraft equipped with TCAS II Change 7 computer (ACAS II).(* exception refer AD)
157b8d12-c115-446e-a4dc-d12077751fe2,b9b6e5b8-7080-440f-9510-e1a67e3b855b,M078,31,FAA AD 2004-08-15,"To prevent the loading of the BAROSET Potentiometer,which could result in an unacceptable altitude error.",MIS,07-Jun-2004,DGCA/New-Misc/78,,,0:00,,"All airplane models and S/N, certificated in any category, that incorporate a Goodrich TAWS8000 terrain awareness warning system (TAWS),P/N 805-18000-001, with ""Mod None"", ""Mod A"", or ""Mod B"" hardware"
157b8d12-c115-446e-a4dc-d12077751fe2,b9b6e5b8-7080-440f-9510-e1a67e3b855b,M078,100,FAA AD 2004-08-15,"To prevent the landing of the baroset potentiometer, which could result in an acceptable altitude",MIS,07-Jun-2004,DGCA/New-Misc/78,,,0:00,,"All airplane models and S/N, certificated in any category, that incorporate a Goodrich TAWS8000 terrain awareness warning system (TAWS),P/N 805-18000-001, with ""Mod None"", ""Mod A"", or ""Mod B"" hardware"
157b8d12-c115-446e-a4dc-d12077751fe2,b9b6e5b8-7080-440f-9510-e1a67e3b855b,M079,23,FAA AD 2005-01-19,To prevent interogating aircraft from possibly receiving inacurrate replies,MIS,23-Feb-2005,DGCA/New-Misc/79 R1,,,0:00,,"GARMIN International Inc. GTX 33, GTX 33D, GTX 330,GTX 330D Mode S transponders that include software versions 3.00, 3.01, 3.02, 3.04,or 3.05 that are installed on,certificated in any category(Ref:AD)"
157b8d12-c115-446e-a4dc-d12077751fe2,b9b6e5b8-7080-440f-9510-e1a67e3b855b,M079,23,FAA AD 2005-01-19,To prevent interrogating aircraft from possibly receiving inaccurate replies,MIS,23-Feb-2005,DGCA/New-Misc/79(R1),,,0:00,,"GARMIN International Inc. GTX 33, GTX 33D, GTX 330,GTX 330D Mode S transponders that include software versions 3.00, 3.01, 3.02, 3.04,or 3.05 that are installed on,certificated in any category(Ref:AD)"
157b8d12-c115-446e-a4dc-d12077751fe2,b9b6e5b8-7080-440f-9510-e1a67e3b855b,M080,34,FAA AD 2004-13-20,"To prevent the GPS NAVIGATION unit under certain condition, from providing erroneous cross deviation information",MIS,03-Aug-2004,DGCA/New-Misc/80,,,0:00,,"Aircraft equipped with Garmin AT, Apollo GX50/55/ 60/65 TSO-C129a GPS navigation units with software versions 3.0 through 3.4 inclusive; as listed in SB 561-4002-001, certificated in any category."
157b8d12-c115-446e-a4dc-d12077751fe2,b9b6e5b8-7080-440f-9510-e1a67e3b855b,M081,25,DGAC AD F-2004-083,Operational order on instruction for continued airworthiness for large airplanes cerfied under JAR 25,MIS,09-Jun-2004,DGCA/New-Misc/81,,,0:00,,"Any large aircraft (> 5,7t)"
157b8d12-c115-446e-a4dc-d12077751fe2,b9b6e5b8-7080-440f-9510-e1a67e3b855b,M082,25,DGAC AD F-2004-132,Equipment/ Furnishings -LERMER GMBH water boilers,MIS,14-Aug-2004,DGCA/New-Misc/82,,,0:00,,"LERMER GmbH water boilers with:- P/N: L13471, L13471-05, L13471-11 or L13471-19 or Type Number: 1010099-6, 1010099-10, 1010099-6.1 or 1010099-6.2."
157b8d12-c115-446e-a4dc-d12077751fe2,b9b6e5b8-7080-440f-9510-e1a67e3b855b,M083,52,FAA AD 2004-22-01,"To prevent shifting or unrestrained cargo in the cargo compartment,which could cause an unexpectedchange in the airplanes center of gravity.",MIS,01-Dec-2004,DGCA/New-Misc/83,,,0:00,,Various Transport Category Airplanes on Which Cargo Restraint Strap Assemblies P/N 1519-MCIDS Have Been Installed per Supplemental Type Certificate (STC) ST01004NY.
157b8d12-c115-446e-a4dc-d12077751fe2,b9b6e5b8-7080-440f-9510-e1a67e3b855b,M084,80,FAA AD 2005-12-06,To prevent failure of magneto impulse coupling assy and possible engine failure.,MIS,19-Jul-2005,DGCA/New-Misc/84,,,0:00,,"Teledyne Continental Motors (TCM) (formerly Bendix) magnetos that have a magneto P/N listed in Table 1 of TCM Mandatory Service Bulletin (MSB) No. MSB645, dated April 4, 1994, installed on Lycoming AE"
157b8d12-c115-446e-a4dc-d12077751fe2,b9b6e5b8-7080-440f-9510-e1a67e3b855b,M084,80,FAA AD 2005-12-06,To prevent failure of magneto impulse coupling assy and possible engine failure.,MIS*,19-Jul-2005,DGCA/New-Misc/84,,,0:00,,"Teledyne Continental Motors (TCM) (formerly Bendix) magnetos that have a magneto P/N listed in Table 1 of TCM Mandatory Service Bulletin (MSB) No. MSB645, dated April 4, 1994, installed on Lycoming AE"
157b8d12-c115-446e-a4dc-d12077751fe2,b9b6e5b8-7080-440f-9510-e1a67e3b855b,M085,37,FAA AD 2005-11-05,To correct problems with standby vaccum systems(SVS) before failure or malfunction during instrument flight rules(IFR),MIS,18-Jul-2005,DGCA/New-Misc/85,,,0:00,,"Models SVS I and SVS IA standby vacuum systems (SVS), installed on, certificated in any category.(For but not limited to Refer AD)"
157b8d12-c115-446e-a4dc-d12077751fe2,b9b6e5b8-7080-440f-9510-e1a67e3b855b,M086,26,DGAC AD F 2005-135,Equipment/Furnishings - Inspection and replacement of the reading lights electrical power supplies of some SICMA AERO SEAT seats,MIS,13-Aug-2005,DGCA/New-Misc/86,,,0:00,,"Passenger seats, of which P/Ns are identified in AD, produced by SICMA AERO SEAT. These seats can be found (but not limited to) on B747, B767, B777, A330 and A340 aircraft types."
157b8d12-c115-446e-a4dc-d12077751fe2,b9b6e5b8-7080-440f-9510-e1a67e3b855b,M086,25,DGAC AD F 2005-135,Equipment /Furnishings inspection and replacement of the reading lights electrical power supplies of some SICMA aero seats,MIS,13-Aug-2005,DGCA/New-Misc/86,,,0:00,,"Passenger seats, of which P/N are identified in the table of this AD, produced by SICMA AERO SEAT."
157b8d12-c115-446e-a4dc-d12077751fe2,b9b6e5b8-7080-440f-9510-e1a67e3b855b,M087,34,FAA AD 2005-25-08,To prevent certain air data computers( ADC) from displaying in correct altitude information (SHADINADC200),MIS,23-Jan-2006,DGCA/New-Misc/87,,,0:00,,"Shadin ADC-2000 ADC P/N 962830A-1-S-8,962830A-2-S-8,962830A-3-S-8, configurations B, C, and D, that are installed"
157b8d12-c115-446e-a4dc-d12077751fe2,b9b6e5b8-7080-440f-9510-e1a67e3b855b,M088,37,FAA AD 2006-03-08,To prevent vacuum pump failure or malfunction during instrument flight rules (IFR) flight,MIS,10-Mar-2006,DGCA/New-Misc/88,,,0:00,,Aero Advantage ADV200 series P/Ns ADV211CC and ADV212CW) vacuum pumps installed(but not limited to refer AD)
157b8d12-c115-446e-a4dc-d12077751fe2,b9b6e5b8-7080-440f-9510-e1a67e3b855b,M089,100,FAA AD 2006-04-04,To identify and provide correct action for potentially inoperative smoke detector.,MIS,24-Mar-2006,DGCA/New-Misc/89,,,0:00,,Meggitt Model 602 smoke detectors approved under TSO-C1C and having any P/N 8930-( ):Refer table-1 of this AD.
157b8d12-c115-446e-a4dc-d12077751fe2,b9b6e5b8-7080-440f-9510-e1a67e3b855b,M090,32,FAA AD 2006-12-08,To prevent loss of pressure in the skid slides/rafts after an emergency evacuation.,MIS,17-Jul-2006,DGCA/New-Misc/90,,,0:00,,Model A330-201/-202/-203/-223/-243/-301/-321/-322/- 323/-341/-342/-343 airplanes;Model A340-211/-212/-213/ - 311/-312/-313 airplanes;A340-541/-642 airplanes.
157b8d12-c115-446e-a4dc-d12077751fe2,b9b6e5b8-7080-440f-9510-e1a67e3b855b,M090,32,FAA AD 2007-23-01(Superseded FAA AD 2006-12-08),To prevent loss of pressure in the skid slides/rafts after an emergency evacuation,MIS,17-Jul-2006,DGCA/New-Misc/90,,,0:00,,Model A330-201/-202/-203/-223/-243/-301/-321/-322/- 323/-341/-342/-343 airplanes;Model A340-211/-212/-213/ - 311/-312/-313 airplanes;A340-541/-642 airplanes.
157b8d12-c115-446e-a4dc-d12077751fe2,b9b6e5b8-7080-440f-9510-e1a67e3b855b,M091,100,FAA AD 2006-16-18,"To prevent a bearing error,which could lead to an aeroplane departing from its scheduled flight path",MIS,25-Sep-2006,DGCA/New-Misc/91,,,0:00,,"Sandel Avionics Incorporated Model ST3400 Terrain Awareness Warning System/Radio Magnetic Indicator (TAWS/ RMI) Units Approved Under Technical Standard Order(s) C113, C151a, or C151b;"
157b8d12-c115-446e-a4dc-d12077751fe2,b9b6e5b8-7080-440f-9510-e1a67e3b855b,M092,23,FAA AD 2006-19-04,Communication--Comm Units and Transponders--Modification / Replacement,MIS,17-Oct-2006,DGCA/New-Misc/92,,,0:00,,"1.COM unit RCZ-833J (P/N)7510700-763,-863;RCZ-833K P/N 7510700-765,-875;RCZ-851J P/N 7510700-813;RCZ-851K P/N 7510700-815;RCZ-854J P/Ns 7510700-725 and 2.Mode S transponder XS-856A P/Ns 7517400-865,"
157b8d12-c115-446e-a4dc-d12077751fe2,b9b6e5b8-7080-440f-9510-e1a67e3b855b,M093,25,EASA AD 2006-0264,Equipment & Furnishing-Passenger seats rear fitting assembly attachment -replacement.,MIS,13-Sep-2006,DGCA/New-Misc/93,,,0:00,,"Rear Fitting Assembly having P/N 311889900017, 3121994E0017, 3118899C0017, 3121994A0017, 312199400017 or 3118899A0017."
157b8d12-c115-446e-a4dc-d12077751fe2,b9b6e5b8-7080-440f-9510-e1a67e3b855b,M094,100,FAA AD 2006-18-08,To Prevent Thread Seperation From a Nosewheel Tire During Takeoff or Landing.,MIS,11-Oct-2006,DGCA/New-Misc/94,,,0:00,,"Goodyear aviation tires, P/N 217K22-1,(SB-2005- 32-004)."
157b8d12-c115-446e-a4dc-d12077751fe2,b9b6e5b8-7080-440f-9510-e1a67e3b855b,M094,100,FAA AD 2006-18-08,To prevent tread seperation from nose wheel tire during takeoff or landing.,MIS,11-Sep-2007,DGCA/New-Misc/94,,,0:00,,"Goodyear aviation tires, P/N 217K22-1,(SB-2005- 32-004"
157b8d12-c115-446e-a4dc-d12077751fe2,b9b6e5b8-7080-440f-9510-e1a67e3b855b,M095,32,EASA AD 2006-0350,Landing gear-main landing gear nose wheeel assy -inspection/repair,MIS,02-Nov-2006,DGCA/New-Misc/95,,,0:00,,"Messier-Goodrich S.A. or Goodrich-Messier Inc. Main Landing Gear (MLG) Wheel Assemblies having P/N C20500000 and P/N C20452000 installed, but not limited to refer AD."
157b8d12-c115-446e-a4dc-d12077751fe2,b9b6e5b8-7080-440f-9510-e1a67e3b855b,M095,32,EASA AD 2006-0328,Landing Gear--Main Landing Gear Wheel Assembly--Inspection / Repair,MIS,02-Nov-2006,DGCA/New-Misc/95,,,0:00,,"Messier-Goodrich S.A. or Goodrich-Messier Inc. Main Landing Gear (MLG) Wheel Assemblies having P/N C20500000 and P/N C20452000 installed,but not limited to refer AD."
157b8d12-c115-446e-a4dc-d12077751fe2,b9b6e5b8-7080-440f-9510-e1a67e3b855b,M096,25,EASA AD 2006-0350,Equipment and furnishings passenger seat backrest- inspection/replacement,MIS,06-Dec-2006,DGCA/New-Misc/96,,,0:00,,"Passenger Seats 12M( )( )-( )( )( )( )( )( ),all P/N as listed in Aviointeriors SB 12M/F68-01 Rev.1 dated 2 October 2006."
157b8d12-c115-446e-a4dc-d12077751fe2,b9b6e5b8-7080-440f-9510-e1a67e3b855b,M096,25,EASA AD 2008-0135,Equipment & Furnishings--Passenger Seat Backrest--Inspection / Replacement,MIS,22-Nov-2006,DGCA/New-Misc/96,,,0:00,,"Passenger Seats 12M( )( )-( )( )( )( )( )( ),all P/N as listed in Aviointeriors SB 12M/F68-01 Rev.1 dated 2 October 2006."
157b8d12-c115-446e-a4dc-d12077751fe2,b9b6e5b8-7080-440f-9510-e1a67e3b855b,M097,25,FAA AD 2007-04-15,To prevent detachment of passenger Seats assemblies during emergency conditions,MIS,23-Mar-2007,DGCA/New-Misc/97,,,0:00,,"Sicma Aero Seat, passenger seat assemblies,P/N 42XX series, 50XX series, 63XX series, 65XX series, 71XX series, 78XX series, 83XX series, 85XX series, 90XX series, 91XX series,92XX series,with aft tra"
157b8d12-c115-446e-a4dc-d12077751fe2,b9b6e5b8-7080-440f-9510-e1a67e3b855b,M097,1,FAA AS 2007-04-15,To prevent detachment of passenger seats assemblies during emergency conditions,MIS,23-Mar-2007,DGCA/New-Misc/97,,,0:00,,"Sicma Aero Seat, passenger seat assemblies,P/N 42XX series, 50XX series, 63XX series, 65XX series, 71XX series, 78XX series, 83XX series, 85XX series, 90XX series, 91XX series,92XX series,with aft tra"
157b8d12-c115-446e-a4dc-d12077751fe2,b9b6e5b8-7080-440f-9510-e1a67e3b855b,M098,100,FAA AD 2007-04-19R1,To Prevent Cylinder Seperation,MIS,04-Jul-2007,DGCA/New-Misc/98 R1,,,0:00,,"Cylinder Assemblies P/N SA47000L-A1/A20P,SA47000S-A1/A20P/ A21P, SA52000-A1/A20P/A21P/A22P/A23P, SA55000-A1/A20P, installed in TCM, LE and AL reciprocating engines."
157b8d12-c115-446e-a4dc-d12077751fe2,b9b6e5b8-7080-440f-9510-e1a67e3b855b,M098,100,FAA AD 2007-04-19R1,To prevent cylinder separation,MIS,05-Jul-2007,DGCA/New-Misc/98 R1,,,0:00,,"Cylinder Assemblies P/N SA47000L-A1/A20P,SA47000S-A1/A20P/A21P,SA52000-A1/ A20P / A21P / A22P / A23P, SA55000-A1/A20P, installed in TCM, LE and AL reciprocating engines."
157b8d12-c115-446e-a4dc-d12077751fe2,b9b6e5b8-7080-440f-9510-e1a67e3b855b,M099,100,EASA AD 2006-0286R1,Oxygen-Oxygen reserve cyliders-Removal/Emptying.,MIS,25-Sep-2006,DGCA/New-Misc/99,,,0:00,,"Oxygen Reserve Cylinders having P/N GLF(XXX)-(X),GLD(XXX)-(X), PC2300 and SLF300.(Further info Ref:EASA AD No.: 2006-0286R1)"
157b8d12-c115-446e-a4dc-d12077751fe2,b9b6e5b8-7080-440f-9510-e1a67e3b855b,M099,35,EASA AD 2006-0286 R1,Oxygen-Oxygen Reserve Cylinders--Removal / Emptying.,MIS,25-Sep-2006,DGCA/New-Misc/99,,,0:00,,"Oxygen Reserve Cylinders having P/N GLF(XXX)-(X),GLD(XXX)-(X), PC2300 and SLF300.(Further info Ref:EASA AD No.: 2006-0286R1)."
157b8d12-c115-446e-a4dc-d12077751fe2,b9b6e5b8-7080-440f-9510-e1a67e3b855b,E01,64,FAA AD 89-07-12,To Prevent possible fatigue failure of tail rotor component which could result in a reduction of directional control,MOD,27-Apr-1989,DGCA/S 76C/01,,,0:00,,"Model S-76 series helicopters, certificated in any category, that are equipped with tail rotor horn, P/N 76101-05006."
157b8d12-c115-446e-a4dc-d12077751fe2,b9b6e5b8-7080-440f-9510-e1a67e3b855b,E02,64,FAA AD 99-19-30,"To prevent separation of the fairing , damage to the tail rotor blades",MOD*,04-Oct-1999,DGCA/S 76C/02,,,0:00,,"Model S-76A, B, and C helicopters, certificated in any category."
157b8d12-c115-446e-a4dc-d12077751fe2,b9b6e5b8-7080-440f-9510-e1a67e3b855b,E03,32,FAA AD 2001-01-04,To prevent collapse of landing gear by dtecting corrosion of the threded joint in the rod assembly,MOD,02-Feb-2001,DGCA/S 76C/03,,,0:00,,"Model S-76A, S-76B, and S-76C helicopters up to and including serial number 760513 with positioning rod assembly (rod assembly), part number (P/N) 1945E-31A or 2071-31, or side brace rod end (rod end)"
157b8d12-c115-446e-a4dc-d12077751fe2,b9b6e5b8-7080-440f-9510-e1a67e3b855b,E04,62,FAA AD 2001-03-51,To prevent main rotor shaft cracks,MOD*,21-Mar-2001,DGCA/S 76C/04,,,0:00,,"Model S-76B and S-76C helicopters, with MR shaft assembly (shaft), P/N 76351-09630 all dash numbers, S/N C213-00274, C213-00275, C213-00276, C213-00277, C213-00278, C213-00279, C213-00280, C213-00282, C213-00292, C213-00294, C213-00295, C213-00296, C213-00297, C213-00299, and C213-00300, installed, certificated in any category."
157b8d12-c115-446e-a4dc-d12077751fe2,b9b6e5b8-7080-440f-9510-e1a67e3b855b,E05,63,FAA AD 2001-10-06,To prevent failure of the shaft,MOD,21-Jun-2001,DGCA/S 76C/05,,,0:00,,"Model S-76A, S-76B, and S-76C helicopters with main rotor shaft assembly (shaft), part number 76351-09030-all dash numbers, installed, certificated in any category."
157b8d12-c115-446e-a4dc-d12077751fe2,b9b6e5b8-7080-440f-9510-e1a67e3b855b,E06,22,FAA AD 2001-25-06,To prevent an AHRS fail signal to both autopilots,MOD,04-Jan-2002,DGCA/S 76C/06,,,0:00,,"Model S-76B helicopters, serial numbers (S/N) 760430, 760441 through 760445, 760448 through 760452, 760454, 760455, 760458, 760462, and 760465, and Model S-76C helicopters, S/N 760420, 760436, 760438,"
157b8d12-c115-446e-a4dc-d12077751fe2,b9b6e5b8-7080-440f-9510-e1a67e3b855b,E07,51,FAA AD 2002-21-07,To detect installation of incorrect bolts of spindle attatchment,MOD,25-Nov-2002,DGCA/S 76C/07,,,0:00,,"Model S-76A, S-76B and S-76C helicopters, except those having a serial number of 760501, or 760506 through 760515, certificated in any category"
157b8d12-c115-446e-a4dc-d12077751fe2,b9b6e5b8-7080-440f-9510-e1a67e3b855b,E08,32,FAA AD 2003-14-18,To prevent reduced braking performance,MOD,25-Aug-2003,DGCA/S 76C/08,,,0:00,,"Model S76A, B, and C helicopters, with main landing gear brake assembly (brake assembly), part number (P/N) 5007555, 5007555-1, or 5007555-2 installed, certificated in any category."
157b8d12-c115-446e-a4dc-d12077751fe2,b9b6e5b8-7080-440f-9510-e1a67e3b855b,E09,22,FAA AD 2004-06-04,To pevent both autopilot from disengaging following A No. 2DC Generator,MOD,15-Apr-2004,DGCA/S 76C/09,,,0:00,,"Model S-76 A, B, and C helicopters, with a dual channel autopilot and with dual inverters installed, certificated in any category, S-76 C Serial Numbers: 760383 through 760386, 760388 through 760390,"
157b8d12-c115-446e-a4dc-d12077751fe2,b9b6e5b8-7080-440f-9510-e1a67e3b855b,E10,100,ASB No. 76-34-10B,To ensure proper operation of the standby attitude indicator emergency power system,MOD,17-Apr-2009,DGCA/S 76C/10,,,0:00,,All S-76 model helicopter equipped with a Standby Attitude Indicator and a dedicated J.E.T. battery supply to provide emergency power. Helicopter S/N 760511 and subsequent that had a similar modification incorporated on the production line are not affected by this ASB. Operators that previously complied with ASB 76-34-09 are not affected by the ASB.
157b8d12-c115-446e-a4dc-d12077751fe2,b9b6e5b8-7080-440f-9510-e1a67e3b855b,E11,62,FAA AD 2005-22-01,"To prevent failure of a bifilar lug, damage to the main rotor system",MOD*,10-Nov-2005,DGCA/S 76C/11,,,0:00,,"Model S-76A, B, and C, with a main rotor hub pilot fitting (pilot fitting), part number (P/N) 76103-08003-101, with 1500 or more hours time-in-service (TIS), installed, certificated in any category."
157b8d12-c115-446e-a4dc-d12077751fe2,b9b6e5b8-7080-440f-9510-e1a67e3b855b,E12,63,FAA AD 2007-11-05,To detect main rotor shaft cracks,MOD,15-Jun-2007,DGCA/S 76C/12,,,0:00,,"Model S-76A, B and C helicopters with a main rotor shaft assembly (M/R shaft),P/N-76351-09030-all dash numbers and 76351-09630-041"
157b8d12-c115-446e-a4dc-d12077751fe2,b9b6e5b8-7080-440f-9510-e1a67e3b855b,E13,25,FAA AD 2010-06-08,To prevent the flotation system from deploying and could prevent the helicopter from staying afloat long enough to enable emergency evacuation after a water landing.,MOD,04-Jan-2010,DGCA/S76 C/13,,,0:00,,"Sikorsky Aircraft Corporation Model S-76C helicopters, serial numbers 760501 and 760506 through 760761, with Option Code 88051 Flotation System installed by Keystone Helicopter Corporation, certificated in any category."
157b8d12-c115-446e-a4dc-d12077751fe2,b9b6e5b8-7080-440f-9510-e1a67e3b855b,E14,29,FAA AD 2010-10-02,To prevent degraded servo actuator performance as a result of piston head seal leaking and plasma spray flaking,MOD,17-Jun-2010,DGCA/S76 C/14,,,0:00,,"Model S-76A, B, and C helicopters, with a main rotor servo actuator (servo actuator), Sikorsky Aircraft Corporation (Sikorsky) part number (P/N) 76650-09805-109 or -110 (also marked as HR Textron or Woodward HRT P/N 3006760-109 or -110), installed, certificated in any category."
157b8d12-c115-446e-a4dc-d12077751fe2,b9b6e5b8-7080-440f-9510-e1a67e3b855b,E15,100,Not issued,Not issued,MOD#,27-Jul-2011,DGCA/S76 C/15,,,0:00,,Not issued
157b8d12-c115-446e-a4dc-d12077751fe2,b9b6e5b8-7080-440f-9510-e1a67e3b855b,E16,55,FAA AD 2010-17-16,"To detect and correct an unbalanced or out-of-track tail rotor, which could lead to increased vibrations, a fatigue crack, loss of a portion of the vertical stabilizer.",MOD*,18-Oct-2010,DGCA/S76 C/16,,,0:00,,"Model S-76A, S-76B, and S-76C helicopters, with serial numbers 76005 through 760578, inclusive, and serial number 762976, with part-numbered vertical stabilizer aft spar assemblies specified in AD, having 1,000 or more hours time-in-service (TIS) installed, certificated in any category."
157b8d12-c115-446e-a4dc-d12077751fe2,b9b6e5b8-7080-440f-9510-e1a67e3b855b,E17,34,FAA AD 2010-26-09,To implement operating limitations based on an anomaly in the AHRS related to the 26 volt AC inverter that could result in a decoupling of both autopilots and to prevent loss of control of the helicopter during IMC and during night flight.,MOD,12-Jan-2011,DGCA/S76 C/17,,,0:00,,"Model S-76A, B, and C helicopters, with LITEF LCR-100, Attitude Heading and Reference System (AHRS) Unit, part number (P/N) 145130-7100, installed, certificated in any category."
157b8d12-c115-446e-a4dc-d12077751fe2,b9b6e5b8-7080-440f-9510-e1a67e3b855b,E18,72,FAA AD 2013-22-13,To prevent unsafe condition as unintended movements of engine control levers due on an external force to the windshield or canopy.,MOD,20-Dec-2012,DGCA/S76 C/17,,,0:00,,"This AD applies to Sikorsky Aircraft Corporation (Sikorsky) Model S-76C helicopters, serial numbers 760506 and 760607 through 760812, certificated in any category."
157b8d12-c115-446e-a4dc-d12077751fe2,b9b6e5b8-7080-440f-9510-e1a67e3b855b,E18,72,FAA AD 2012-22-13,To prevent unsafe condition as unintended movement of the engine control levers due on an external force to the windshield or canopy.,MOD,20-Dec-2012,DGCA/S76 C/18,,,0:00,,"This AD applies to Sikorsky Aircraft Corporation (Sikorsky) Model S-76C helicopters, serial numbers 760506 and 760607 through 760812, certificated in any category."
157b8d12-c115-446e-a4dc-d12077751fe2,b9b6e5b8-7080-440f-9510-e1a67e3b855b,DGCA/S-76/22,63,FAA AD 2015-26-10,2015-26-10 Sikorsky Aircraft Corporation (Sikorsky),MOD,05-Jan-2016,DGCA/S-76/22,,,0:00,,"This AD applies to Sikorsky Model S-76A, S-76B, and S-76C helicopters with a main gearbox (MGB) part number (P/N) 76351-09000 series, 76351-09500 series, and 76351-09600 series installed that has been repaired in accordance with Sikorsky Overhaul and Repair Instruction (ORI) No. 76350-065, dated November 12, 1982 (ORI 76350-065), or ORI No. 76350-065, Revision A, dated September 21, 1984 (ORI 76350-065A), certificated in any category."
157b8d12-c115-446e-a4dc-d12077751fe2,b9b6e5b8-7080-440f-9510-e1a67e3b855b,DGCA/S-76/23,67,FAA AD 2017-19-01,"Joint Aircraft Service component (JASC) Code 6700, Rotorcraft Flight Control: The Unsafe condition As a loose Jam nut",MOD,02-Jan-2018,DGCA/S-76/23,,,0:00,,"This AD applies to Model S-76A, S-76B, S-76C, and S-76D helicopters, serial numbers up to and including 761075, with a main rotor (M/R) servo pushrod (pushrod) assembly part number (P/N) 76400-00034-059, 76400-00014-074, 76400-00014-076, or 76400-00014-077 installed, certificated in any category."
157b8d12-c115-446e-a4dc-d12077751fe2,b9b6e5b8-7080-440f-9510-e1a67e3b855b,DGCA/S-76/25,31,FAA AD 2020-15-17,"Joint Aircraft Service Component (JASC) Code 3100, Indicating/recording system.",MOD,09-Sep-2020,DGCA/S-76/25,,,0:00,,"This AD applies to Sikorsky Aircraft Corporation Model S-76C helicopters, certificated in any category, equipped with remote data acquisition unit (RDAU) part number 76450-01098-106, 76450-01098-107, or 76450-01098-109."
157b8d12-c115-446e-a4dc-d12077751fe2,b9b6e5b8-7080-440f-9510-e1a67e3b855b,E19,65,FAA AD 2013-22-15,"Unsafe condition as a crack in a spindle cuff assembly or blade fold cuff assembly. This condition could result in failure of a spindle cuff assembly or blade fold cuff assembly, loss of a rotor blade, and subsequent loss of control of the helicopter.",MOD,27-Nov-2013,DGCA/S-76C/ 19,,,0:00,,"This AD applies to Model S-76A, S-76B, and S-76C helicopters with a serial number up to and including 760822 and with a spindle cuff assembly, part number (P/N) 76102-08001-043, -045 or -046, or a blade fold cuff assembly, P/N 76150-09601-041, installed, certificated in any category."
157b8d12-c115-446e-a4dc-d12077751fe2,b9b6e5b8-7080-440f-9510-e1a67e3b855b,M20,65,FAA AD 2015-04-05,Power train-Train Drive Shaft-One time Inspection and Torque Verification of Tail Drive Shaft (TDS) Flange Bolt,MOD,25-Feb-2015,DGCA/S76C/20,,,0:00,,"This AD applies to Model S-76A, S-76B, S-76C, and S-76D helicopters, serial numbers (S/N) up to and including 761050, certificated in any category, with a tail drive shaft (TDS) part number (P/N) and S/N as follows: (a) P/N 76361-04004 (all dash numbers) with an S/N up to and including A127-01092; or (b) P/N 76361-04604 (all dash numbers) with an S/N with a prefix A240 or B240, or with an S/N C240-00001 through C240-00880."
157b8d12-c115-446e-a4dc-d12077751fe2,b9b6e5b8-7080-440f-9510-e1a67e3b855b,M21,27,FAA AD 2015-19-51,Flight controls-main & Tail rotor servo input control pushrods- one time inspection & application of slippage marks,MOD,14-Sep-2015,DGCA/S76C/21,,,0:00,,"This EAD applies to Model S-76A, S-76B, S-76C, and S-76D helicopters with main rotor (M/R) servo input control pushrod (pushrod) assembly part number (P/N) 76400-00034-059 or tail rotor (T/R) pushrod assembly P/N 76400-00014-071 installed, certificated in any category."
157b8d12-c115-446e-a4dc-d12077751fe2,b9b6e5b8-7080-440f-9510-e1a67e3b855b,DGCA/S76C/24R1,73,FAA AD 2019-19-12,"Joint Aircraft System Component (JASC): 7300, Engine Fuel and Control.",MOD*,16-Nov-2019,DGCA/S76C/24R1,,,0:00,,"This AD applies to Sikorsky Aircraft Corporation Model S-76C helicopters, certificated in any category, with a Turbomeca, S.A., Arriel 2S1 or Arriel 2S2 engine with an engine collective position transducer (CPT) part number (P/N) 76900-01821-104 or 76900-01821-105 installed."
157b8d12-c115-446e-a4dc-d12077751fe2,b9b6e5b8-7080-440f-9510-e1a67e3b855b,M143,26,EASA AD 2012-0037,Fire Protection - Hand Operated Fire Extinguisher - Modification,MIS#,16-Apr-2012,DGCA-New-Misc/143,,,0:00,,"Hand operated fire extinguisher, Part Number (P/N) 56412-001 (34H), 56411-001 (35H) and 56412-002 (38H). The affected hand operated fire extinguishers are known to be installed on, but not limited to, the following aeroplane types: BAE Systems (Operations) ATP; BAE Systems (Operations) Jetstream 4100;EADS-CASA C 212 'Aviocar';Fokker Services F27;Short Brothers SD3 and Short Brothers SC7 'Skyvan'."
157b8d12-c115-446e-a4dc-d12077751fe2,b9b6e5b8-7080-440f-9510-e1a67e3b855b,2015-04-05,65,ASB 76-66-52,Tail Rotor Drive Shaft,AD,12-Mar-2015,FAA AD 2015-04-05,,,0:00,,"This AD applies to Model S-76A, S-76B, S-76C, and S-76D helicopters, serial numbers (S/N) up to and including 761050, certificated in any category, with a tail drive shaft (TDS) part number (P/N) and S/N as follows: (a) P/N 76361-04004 (all dash numbers) with an S/N up to and including A127-01092; or (b) P/N 76361-04604 (all dash numbers) with an S/N with a prefix A240 or B240, or with an S/N C240-00001 through C240-00880."
157b8d12-c115-446e-a4dc-d12077751fe2,b9b6e5b8-7080-440f-9510-e1a67e3b855b,AD06,62,Sikorsky 76-65-50,Main Rotor Blade,AD*,31-Aug-2000,FAA AD 2000-11-52,,,0:00,,"Model S-76 series helicopters, certificated in any category."
157b8d12-c115-446e-a4dc-d12077751fe2,b9b6e5b8-7080-440f-9510-e1a67e3b855b,AD07,32,Goodrich SB 76A-32-03 R1,Rod Assembly,AD*,02-Feb-2001,FAA AD 2001-01-04,,,0:00,,"Model S-76A, S-76B, and S-76C helicopters up to and including S/N 760513 with positioning rod assembly (rod assembly), P/N 1945E-31A or 2071-31, or side brace rod end (rod end), P/N 1945E-235 or 2071-235, installed, certificated in any category."
157b8d12-c115-446e-a4dc-d12077751fe2,b9b6e5b8-7080-440f-9510-e1a67e3b855b,AD08,63,ASB 76-66-32A,To prevent main rotor shaft cracks,AD*,21-Mar-2001,FAA AD 2001-03-51,,,0:00,,"Model S-76B and S-76C helicopters, with main rotor shaft assembly (shaft), part number (P/N) 76351-09630 all dash numbers, serial number (S/N) as listed in AD."
157b8d12-c115-446e-a4dc-d12077751fe2,b9b6e5b8-7080-440f-9510-e1a67e3b855b,AD09,63,ASB 76-66-32A (319A),Main Rotor Shaft Assembly,AD,21-Jun-2001,FAA AD 2001-10-06,,,0:00,,"Model S-76A, S-76B, and S-76C helicopters with main rotor shaft assembly (shaft), part number 76351-09030-all dash numbers, installed, certificated in any category."
157b8d12-c115-446e-a4dc-d12077751fe2,b9b6e5b8-7080-440f-9510-e1a67e3b855b,2001-25-06,34,ASB 76-34-7A,"To prevent an AHRS fail signal to both autopilots due to a failure of the essential bus, loss of autopilot functions, and subsequent loss of control of the helicopter.",AD,04-Jan-2002,FAA AD 2001-25-06,,,0:00,,"Model S-76C helicopters, S/N 760420, 760436, 760438, 760440, 760453, 760456, 760457, 760459, 760460, 760461 760463, 760464, 760466 through 760487, certificated in any category."
157b8d12-c115-446e-a4dc-d12077751fe2,b9b6e5b8-7080-440f-9510-e1a67e3b855b,AD10,62,ASB 76-65-55A,Main Rotor Blade,AD,18-Oct-2002,FAA AD 2002-15-51,,,0:00,,"Model S-76A, B, and C helicopters, certificated in any category."
157b8d12-c115-446e-a4dc-d12077751fe2,b9b6e5b8-7080-440f-9510-e1a67e3b855b,AD11,51,ASB 76-65-52(321),Main Rotor Spindle Attachment Bolt,AD,25-Nov-2002,FAA AD 2002-21-07,,,0:00,,"Model S-76A, S-76B and S-76C helicopters, except those having a serial number of 760501, or 760506 through 760515, certificated in any category."
157b8d12-c115-446e-a4dc-d12077751fe2,b9b6e5b8-7080-440f-9510-e1a67e3b855b,AD12,62,ASB 76-66-36/-37,Rotor Brake Disc (RBD),AD,27-Feb-2003,FAA AD 2003-04-15,,,0:00,,"All S-76 helicopters prior to, and including serial number 760527. Spares delivered prior to issue date of this ASB are also affected."
157b8d12-c115-446e-a4dc-d12077751fe2,b9b6e5b8-7080-440f-9510-e1a67e3b855b,AD13,32,ASB 76-32-27/-28,Main Landing Gear Brake Disc,AD,25-Aug-2003,FAA AD 2003-14-18,,,0:00,,"Model S76A, B, and C helicopters, with main landing gear brake assembly (brake assembly), part number (P/N) 5007555, 5007555-1, or 5007555-2 installed, certificated in any category."
157b8d12-c115-446e-a4dc-d12077751fe2,b9b6e5b8-7080-440f-9510-e1a67e3b855b,AD14,22,ASB 76-24-14A,Dual Channel Autopilot And Dual Inverter,AD,15-Apr-2004,FAA AD 2004-06-04,,,0:00,,"Model S-76 A, B, and C helicopters, with a dual channel autopilot and with dual inverters installed, certificated in any category."
157b8d12-c115-446e-a4dc-d12077751fe2,b9b6e5b8-7080-440f-9510-e1a67e3b855b,AD15,62,ASB 76-65-62,Main Rotor Lower Bifilar Arm Assembly,AD*,10-Nov-2005,FAA AD 2005-22-01,,,0:00,,"Model S-76A, B, and C, with a main rotor hub pilot fitting (pilot fitting), part number (P/N) 76103-08003-101, with 1500 or more hours time-in-service (TIS), installed, certificated in any category."
157b8d12-c115-446e-a4dc-d12077751fe2,b9b6e5b8-7080-440f-9510-e1a67e3b855b,AD16,63,ASB 76-66-45A,Main Rotor Shaft Assembly (M/R shaft),AD,15-Jun-2007,FAA AD 2007-11-05,,,0:00,,"Model S-76A, B and C helicopters with a M/R shaft assembly, P/N 76351-09030-all dash numbers and 76351-09630-041 with S/N as listed in AD."
157b8d12-c115-446e-a4dc-d12077751fe2,b9b6e5b8-7080-440f-9510-e1a67e3b855b,AD17,25,Sikorsky ASB No. 76-32-30,Emergency Flotation System Squib Connector,AD,01-Apr-2010,FAA AD 2010-06-08,,,0:00,,"Sikorsky S-76C helicopters, Sl/No 760501 & 760506 thru 760761, with Option Code 88051 Flotation System installed by Keystone Helicopter Corporation, certificated in any category."
157b8d12-c115-446e-a4dc-d12077751fe2,b9b6e5b8-7080-440f-9510-e1a67e3b855b,AD18,34,Honeywell ASB 7510100-34-A0035/0037,Integrated Navigation Units (INUs),AD,03-May-2010,FAA AD 2010-07-02,,,0:00,,"Sikorsky Model S-76A, S-76B, and S-76C aircraft equipped with any Honeywell Primus II RNZ-850( )/-851( ) integrated navigation units (INUs) identified in a service bulletin identified in Table 1 of this AD."
157b8d12-c115-446e-a4dc-d12077751fe2,b9b6e5b8-7080-440f-9510-e1a67e3b855b,AD19,63,14 CFR 39.19.,Servo Actuator,AD,17-Jun-2010,FAA AD 2010-10-02,,,0:00,,"Model S-76A, B, and C helicopters, with a main rotor servo actuator (servo actuator), Sikorsky Aircraft Corporation (Sikorsky) P/N 76650-09805-109 or -110 (also marked as HR Textron or Woodward HRT P/N 3006760-109 or -110), installed, certificated in any category."
157b8d12-c115-446e-a4dc-d12077751fe2,b9b6e5b8-7080-440f-9510-e1a67e3b855b,AD20,34,ASB 76-34-11A,Navigation System,AD,20-May-2010,FAA AD 2010-11-52 (Emergency),,,0:00,,"Model S-76A, B, and C helicopters, with LITEF LCR-100, part number (P/N) 145130-7100, Attitude Heading and Reference System (AHRS) Unit, installed, certificated in any category."
157b8d12-c115-446e-a4dc-d12077751fe2,b9b6e5b8-7080-440f-9510-e1a67e3b855b,AD21,55,ASB No. 76-55-20A,Vertical Stabilizer,AD,18-Oct-2010,FAA AD 2010-17-16,,,0:00,,"Model S-76A, S-76B, and S-76C helicopters, with serial numbers 76005 through 760578 inclusive, and serial number 762976, with any of the part-numbered(mentioned in AD) vertical stabilizer aft spar assemblies having 1,000 or more hours time-in-service (TIS) installed, certificated in any category."
157b8d12-c115-446e-a4dc-d12077751fe2,b9b6e5b8-7080-440f-9510-e1a67e3b855b,AD22,34,ASB 76-34-11A,To implement operating limitations based on an anomaly in the AHRS related to the 26 volt AC inverter that could result in a decoupling of both autopilots and to prevent loss of control of the helicopter during IMC and during night flight.,AD,12-Jan-2011,FAA AD 2010-26-09,,,0:00,,"Model S-76A, B, and C helicopters, with LITEF LCR-100, Attitude Heading and Reference System (AHRS) Unit, part number (P/N) 145130-7100, installed, certificated in any"
157b8d12-c115-446e-a4dc-d12077751fe2,b9b6e5b8-7080-440f-9510-e1a67e3b855b,AD022,72,FAA AD 2012-22-13,Joint Aircraft Service Component (JASC) Code: 7600: Engine Controls.,AD,20-Dec-2012,FAA AD 2012-22-13,,,0:00,,"This AD applies to Sikorsky Aircraft Corporation (Sikorsky) Model S-76C helicopters, serial numbers 760506 and 760607 through 760812, certificated in any category."
157b8d12-c115-446e-a4dc-d12077751fe2,b9b6e5b8-7080-440f-9510-e1a67e3b855b,AD23,25,FAA AD 2013-06-51,ATA 25-Equipment / Furnishing - Hoist - Inspection / Replacement.,AD,25-Mar-2013,FAA AD 2013-06-51,,,0:00,,"AgustaWestland S.p.A., Bell Helicopter Textron Inc. (BHTI, formerly Bell Helicopters, Inc), Bell Helicopter Textron Canada Ltd (BHTC), Eurocopter (EC, formerly Eurocopter France, Aerospatiale), Eurocopter Deutschland GmbH (ECD), American Eurocopter (AEC), Kamov JSC, Sikorsky Aircraft Corporation."
157b8d12-c115-446e-a4dc-d12077751fe2,b9b6e5b8-7080-440f-9510-e1a67e3b855b,AD24,65,ASB 76-65-67A,"To prevent failure of a spindle cuff assembly or blade fold cuff assembly, loss of a rotor blade, and subsequent loss of control of the helicopter.",AD,13-Dec-2013,FAA AD 2013-22-15,,,0:00,,"This AD applies to Model S-76A, S-76B, and S-76C helicopters with a serial number up to and including 760822 and with a spindle cuff assembly, part number (P/N) 76102-08001-043, -045 or -046, or a blade fold cuff assembly, P/N 76150-09601-041, installed, certificated in any category."
157b8d12-c115-446e-a4dc-d12077751fe2,b9b6e5b8-7080-440f-9510-e1a67e3b855b,2014-08-06,62,ASB 76-65-62,"To prevent failure of a bifilar lug, damage to the main rotor system, and subsequent loss of control of the helicopter.",AD*,02-Jun-2014,FAA AD 2014-08-06,,,0:00,,"This AD applies to Model S-76A, B, and C helicopters with a main rotor hub (MRH) pilot, part number (P/N) 76103-08003-101, installed, certificated in any category."
157b8d12-c115-446e-a4dc-d12077751fe2,b9b6e5b8-7080-440f-9510-e1a67e3b855b,2015-19-51,100,SB 76-67-57,a failed servo input control pushrod (pushrod) assembly,AD,14-Sep-2015,FAA AD 2015-19-51,,,0:00,,"This EAD applies to Model S-76A, S-76B, S-76C, and S-76D helicopters with main rotor (M/R) servo input control pushrod (pushrod) assembly part number (P/N) 76400-00034-059 or tail rotor (T/R) pushrod assembly P/N 76400-00014-071 installed, certificated in any category"
157b8d12-c115-446e-a4dc-d12077751fe2,b9b6e5b8-7080-440f-9510-e1a67e3b855b,2015-26-10,43,ASB 76-66-50,Inspecting each MGB lower housing jet bore for leaking oil,AD#,09-Feb-2016,FAA AD 2015-26-10,,,0:00,,"This AD applies to Sikorsky Model S-76A, S-76B, and S-76C helicopters with a main gearbox (MGB) part number (P/N) 76351-09000 series, 76351-09500 series, and 76351-09600 series installed that has been repaired in accordance with Sikorsky Overhaul and Repair Instruction (ORI) No. 76350-065, dated November 12, 1982 (ORI 76350-065), or ORI No. 76350-065, Revision A, dated September 21, 1984 (ORI 76350-065A), certificated in any category."
157b8d12-c115-446e-a4dc-d12077751fe2,b9b6e5b8-7080-440f-9510-e1a67e3b855b,2017-19-01,27,ASB 76-67-58,Rotorcraft Flight Control,AD,02-Jan-2018,FAA AD 2017-19-01,,,0:00,,"This AD applies to Model S-76A, S-76B, S-76C, and S-76D helicopters, serial numbers up to and including 761075, with a main rotor (M/R) servo pushrod (pushrod) assembly part number (P/N) 76400-00034-059, 76400-00014-074, 76400-00014-076, or 76400-00014-077 installed, certificated in any category"
157b8d12-c115-446e-a4dc-d12077751fe2,b9b6e5b8-7080-440f-9510-e1a67e3b855b,FAA AD 2020-15-17,25,ASB 76-31-3,"Joint Aircraft Service Component (JASC) Code 3100, Indicating/recording system.",AD,09-Sep-2020,FAA AD 2020-15-17,,,0:00,,"This AD applies to Sikorsky Aircraft Corporation Model S-76C helicopters, certificated in any category, equipped with remote data acquisition unit (RDAU) part number 76450-01098-106, 76450- 01098-107, or 76450-01098-109."
157b8d12-c115-446e-a4dc-d12077751fe2,b9b6e5b8-7080-440f-9510-e1a67e3b855b,FAA AD 2021-23-13,34,FAA AD 2021-23-13,"Joint Aircraft Service Component (JASC) Code: 3444, Ground Proximity System.",AD,09-Dec-2021,FAA AD 2021-23-13,,,0:00,,"This AD applies to all helicopters, certificated in any category, equipped with a radio (also known as radar) altimeter. These radio altimeters are installed on various helicopter models including, but not limited to, the helicopters for which the design approval holder is identified in paragraphs (c)(1) through (20) of this AD. (1) Airbus Helicopters (2) Airbus Helicopters Deutschland GmbH (3) Air Space Design and Manufacturing, LLC (4) Bell Textron Canada Limited (5) Bell Textron Inc. (6) Brantly International, Inc. (7) Centerpointe Aerospace Inc. (8) Columbia Helicopters, Inc. (9) The Enstrom Helicopter Corporation (10) Erickson Air-Crane Incorporated, DBA Erickson Air-Crane (11) Helicopteres Guimbal (12) Siam Hiller Holdings, Inc. (13) Kaman Aerospace Corporation (14) Leonardo S.p.a. (15) MD Helicopters Inc. (16) PZL Swidnik S.A. (17) Robinson Helicopter Company (18) Schweizer RSG LLC (19) Scotts-Bell 47 Inc. (20) Sikorsky Aircraft Corporation"
157b8d12-c115-446e-a4dc-d12077751fe2,b9b6e5b8-7080-440f-9510-e1a67e3b855b,FAA AD 2022-05-10,25,FAA AD 2022-05-10,"Joint Aircraft Service Component (JASC) Code: 2500, Cabin Equipment/Furnishings.",AD,16-Mar-2022,FAA AD 2022-05-10,,,0:00,,"This AD applies to helicopters, certificated in any category, with an externally-mounted Goodrich hoist assembly (hoist). Transport and restricted category helicopters, originally manufactured by Sikorsky Aircraft Corporation, Models S-61A, S-61L, S-61N, S-76A, S-76B, S-76C, S-76D, and S-92A"
157b8d12-c115-446e-a4dc-d12077751fe2,b9b6e5b8-7080-440f-9510-e1a67e3b855b,FAA AD 2023-11-07,34,FAA AD 2023-11-07,"Air Transport Association (ATA) of America Code 3444, Ground Proximity System.",AD,15-Jun-2023,FAA AD 2023-11-07,,,0:00,,"This AD applies to all helicopters, certificated in any category, equipped with a radio (also known as radar) altimeter. These radio altimeters are installed on various helicopter models including, but not limited to, the helicopters for which the design approval holder is identified in paragraphs (c) (1) through (20) of this AD. (20) Sikorsky Aircraft Corporation"
157b8d12-c115-446e-a4dc-d12077751fe2,b9b6e5b8-7080-440f-9510-e1a67e3b855b,FAA AD 2024-20-07,25,,"Joint Aircraft System Component (JASC) Code: 2560, Emergency Equipment ; and 3212, Emergency Flotation Section.",AD,31-Oct-2024,FAA AD 2024-20-07,,,0:00,,"Sikorksy Aircraft Corporation Model S-76A, S-76B and S-76C helicopters modified by STC SR01902LA"
157b8d12-c115-446e-a4dc-d12077751fe2,b9b6e5b8-7080-440f-9510-e1a67e3b855b,AD01,64,FAA AD 89-07-12,Tail Rotor Horn,AD,27-Apr-1989,FAA AD 89-07-12,,,0:00,,"Model S-76 series helicopters, certificated in any category, that are equipped with tail rotor horn, P/N 76101-05006."
157b8d12-c115-446e-a4dc-d12077751fe2,b9b6e5b8-7080-440f-9510-e1a67e3b855b,AD02,100,ASB 76-65-47,Swashplate Assembly Uniball Bearing Retainer Inspection,AD,01-Feb-1999,FAA AD 98-17-15,,,0:00,,"Model S-76A, B, and C helicopters, serial numbers prior to 760488, with swashplate assembly, part numbers 76104-08000-044, -045, -046, or 76104-08500-041 or -043, installed, certificated in any category."
157b8d12-c115-446e-a4dc-d12077751fe2,b9b6e5b8-7080-440f-9510-e1a67e3b855b,AD03,28,ASB 76-28-4,Fuel Supply Line,AD,03-Mar-1999,FAA AD 99-01-09,,,0:00,,"Model S-76C helicopters, serial numbers 760477, 760479, 760481 through 760487, 760490, 760491 and 760493, certificated in any category."
157b8d12-c115-446e-a4dc-d12077751fe2,b9b6e5b8-7080-440f-9510-e1a67e3b855b,AD04,73,Federal Aviation Regulations (14 CFR part 39),Rotorcraft Flight Manual - Operating Limitations,AD,07-Apr-1999,FAA AD 99-07-01,,,0:00,,"Model S-76C helicopters, with Turbomeca Arriel 2S1 engines with an engine Hydromechanical Unit (HMU), part number as listed in AD, certificated in any category."
157b8d12-c115-446e-a4dc-d12077751fe2,b9b6e5b8-7080-440f-9510-e1a67e3b855b,AD05,64,Sikorsky 76-55-16,Tail Gearbox Forward Fairing,AD*,04-Oct-1999,FAA AD 99-19-30,,,0:00,,"Model S-76A, B, and C helicopters, certificated in any category."
157b8d12-c115-446e-a4dc-d12077751fe2,b9b6e5b8-7080-440f-9510-e1a67e3b855b,10-09,66,SB 10-09 Rev A,EVXP AND ZING GEARBOX ACCELEROMETER INSTALLATIONS,SB,15-Jun-2012,SB 10-09 Rev A,,,0:00,,Sikorsky S-76 aircraft with EXVP or ZingHums installed.
157b8d12-c115-446e-a4dc-d12077751fe2,b9b6e5b8-7080-440f-9510-e1a67e3b855b,SB 292 72 2874 Ver B,72,SB 292 72 2874 Ver B,: Module M02 (Axial compressor). Application of silicone elastomer to the equipped jet.,SB$,02-Mar-2021,SB 292 72 2874 Ver B,,,0:00,,ARRIEL 2 B - B1 - B1A - C - CPM - C1 - C2 - C2CG - D - E - N - S1 - S2
157b8d12-c115-446e-a4dc-d12077751fe2,b9b6e5b8-7080-440f-9510-e1a67e3b855b,SB 76-006,60,SB 76-006,INDICATING/RECORDING SYSTEMS - Integrated Instrument Display System (IIDS) - Software Update for Display Unit (DU) (76450-01098-101),SB,23-Aug-2018,SB 76-006,,,0:00,,"S-76C+ model helicopters with serial numbers 760453 through 760606, equipped with DU (76450-01098-101), including spares."
157b8d12-c115-446e-a4dc-d12077751fe2,b9b6e5b8-7080-440f-9510-e1a67e3b855b,SB 76-015 Rev B,55,,STABILIZERS - Vertical Stabilizer (Pylon) - One-Time Fabrication and Installation of Canted Bulkhead Support Angle to Prevent Cracking.,SB,20-Oct-2020,SB 76-015 Rev B,,,0:00,,"S-76ATM, S-76BTM, and S-76CTM model helicopters that have complied with Alert Service Bulletin (ASB) 76-55-21, Customer Service Notice (CSN) 76-220, or with Serial Numbers (S/N) 760383 through 760822. S-76DTM model helicopters with S/Ns 761004 through 761084."
157b8d12-c115-446e-a4dc-d12077751fe2,b9b6e5b8-7080-440f-9510-e1a67e3b855b,SB 76-019,52,,DOORS- Sliding Doors - One-Time Inspection of Cabin Sliding Passenger Door Handle Fastener for Proper Functionality and Application of Loctite 242,SB,21-Jun-2021,SB 76-019,,,0:00,,All S-76 model helicopters equipped with cabin external sliding passenger door.
157b8d12-c115-446e-a4dc-d12077751fe2,b9b6e5b8-7080-440f-9510-e1a67e3b855b,,32,SB 76-32-29,Delete,(X),17-Apr-2006,SB 76-32-29,,,0:00,,
157b8d12-c115-446e-a4dc-d12077751fe2,b9b6e5b8-7080-440f-9510-e1a67e3b855b,32-03,32,SB 76-32-3,"""LANDING GEAR - Emergency Flotation System - Flotation Harness Connectors - One-Time Inspection of""",SB,08-Apr-2009,SB 76-32-3,,,0:00,,"""All S-76C model helicopters Serial Nos 760501 and 760506 through 760761 with Option Code 88051 Flotation System installed by Keystone Helicopter Corporation."""
157b8d12-c115-446e-a4dc-d12077751fe2,b9b6e5b8-7080-440f-9510-e1a67e3b855b,34-09,34,SB 76-34-09,Standby Attitude Indicator Power Supply - Modification of,SB,06-May-2003,SB 76-34-09,,,0:00,,All S-76 model aircraft up to and including S/N 760510 equipped with J.E.T. Battery Pack 501-1712-01.
157b8d12-c115-446e-a4dc-d12077751fe2,b9b6e5b8-7080-440f-9510-e1a67e3b855b,55-17,55,SB 76-55-17,Vertical Stabilizer Inspection,SB,21-Aug-2000,SB 76-55-17,,,0:00,,"S-76B models having in excess of 2,500 flight hours and had aft spar assembly replacements (regardless of flight hours)."
157b8d12-c115-446e-a4dc-d12077751fe2,b9b6e5b8-7080-440f-9510-e1a67e3b855b,65-51,65,SB 76-65-51,Main Rotor Blade - Main Rotor Spar - Inspection,SB,28-Jul-2000,SB 76-65-51,,,0:00,,"Models S-76A, S-76B, and S-76C including spares. 76150-09000 and 76150-09100 series main rotor blades"
157b8d12-c115-446e-a4dc-d12077751fe2,b9b6e5b8-7080-440f-9510-e1a67e3b855b,66-35,66,SB 76-66-35,Tail Rotor Gear Box - Output Housing and Shaft Assembly - One-Time Axial Motion Measurement Inspection of,SB,26-Jun-2002,SB 76-66-35,,,0:00,,All S-76 helicopters with a tail box with greater than 500 flight hours Time Since New (TSN) or Time Since Overhaul (TSO).
157b8d12-c115-446e-a4dc-d12077751fe2,b9b6e5b8-7080-440f-9510-e1a67e3b855b,66-39,66,SB 76-66-39,"""Tail Gearbox, Output Flange, Output Shaft, and Main Gearbox Housing Assemblies - Reidentification of""",SB,20-Nov-2003,SB 76-66-39,,,0:00,,"""All S-76A model helicopters. Components including spares: (1) 76351-09500-043 Main Gearbox Assembly (2) 76351-09006-103 Main Gearbox, Upper Housing, (3) 76351-09002-048 Main Gearbox Housing Assemb"
157b8d12-c115-446e-a4dc-d12077751fe2,b9b6e5b8-7080-440f-9510-e1a67e3b855b,66-46,63,SB 76-66-46,Main Gear Box (MGB) - Main Rotor Shaft Assembly - One-Time Ultrasonic (UT) Inspection of,SB,07-Feb-2007,SB 76-66-46,,,0:00,,"""All S-76A Model helicopters. Component: 76351-09000 series and 09500 series MGB Assemblies including spare MGB assemblies and spare 76351-09030 series main rotor shaft assemblies and as in ASB"""
157b8d12-c115-446e-a4dc-d12077751fe2,b9b6e5b8-7080-440f-9510-e1a67e3b855b,66-48,63,SB 76-66-48 Rev.D,Main GearBox - Electric Rotor Brake (ERB) - One-Time Modification of,SB,08-Jul-2009,SB 76-66-48 Rev.D,,,0:00,,All S-76A model helicopters with an Electric Rotor Brake (ERB) configuration.
157b8d12-c115-446e-a4dc-d12077751fe2,b9b6e5b8-7080-440f-9510-e1a67e3b855b,73-02,67,SB 76-73-2 Rev.A,Collective Position Resolver - One-Time Inspection of,SB,22-Nov-2000,SB 76-73-2 Rev.A,,,0:00,,All S-76B Models including Spare 76550-00808-101 Collective Position Resolvers.
157b8d12-c115-446e-a4dc-d12077751fe2,b9b6e5b8-7080-440f-9510-e1a67e3b855b,73-03,76,SB 76-73-3 Rev.A,Electronic Engine Controls (EEC) - One-Time Wiring Modification,SB,28-May-2002,SB 76-73-3 Rev.A,,,0:00,,Model: All S-76B Models.
157b8d12-c115-446e-a4dc-d12077751fe2,b9b6e5b8-7080-440f-9510-e1a67e3b855b,77-05,77,SB 76-77-5,No. 1 Engine Chip Detector Harness Assembly - One-Time Visual Inspection and Modification of,SB,16-Mar-2005,SB 76-77-5,,,0:00,,All S-76B helicopters.
157b8d12-c115-446e-a4dc-d12077751fe2,b9b6e5b8-7080-440f-9510-e1a67e3b855b,79-07,79,SB 76-79-7,OIL - Engine Supplementary Oil Filtration - Installation of,SB,31-Aug-2005,SB 76-79-7,,,0:00,,S-76A model helicopters prior to S/N 760327 equipped with Rolls Royce/ Allison 250-C30 Engines.
157b8d12-c115-446e-a4dc-d12077751fe2,b9b6e5b8-7080-440f-9510-e1a67e3b855b,TC AD CF-2024-15,34,FAA AD 2023-11-07,Navigation - Rotorcraft - Limitations of Operations with Non-Tolerant Radio Altimeter when Operating in Canada due to 5G C-Band Wireless Broadband Interference,AD,15-May-2024,TC AD CF-2024-15,,,0:00,,"This AD applies to all helicopters, certified in any category, equipped with a radio (also known as radar) altimeter. These radio altimeters are installed on various helicopter models including, but not limited to, the helicopters for which the design approval holder is identified below: 1) Airbus Helicopters 2) Airbus Helicopters Deutschland GmbH 3) Air Space Design and Manufacturing, LLC 4) Bell Textron Canada Limited"
