,1,23,SIB 2011-15R2,Mode S and Mode C Transponder Systems: Ground Testing,SB*,28-Jul-2010,SIB 2011-15R2,,,0:00,Form No: RN/32,All owners and operators aircraft having Secondary Surveillance Radar (SSR) Mode Stransponder or SSR Mode C transponder systems installed.,Select,Edit,Delete,View
,1.1,63,ASB 407-96-01,"Main Transmission Assembly P/N 407-040-006-103 Oil Transfer Passage, Inspection of",SB,10-Feb-1996,ASB 407-96-01,,,0:00, ,"All 407 helicopters, Serial Numbers 53000 thru 53045.",Select,Edit,Delete,View
,1.2,100,ASB 407-96-02,Safety of Flight Ship Grounding,SB,15-Oct-1996,ASB 407-96-02,,,0:00, ,"All 407 Helicopters, Serial Numbers 5300 and subsequent.",Select,Edit,Delete,View
,1.3,76,CEB-A-73-6010,"407 Engine FADEC Harness, Replacement of, and FADEC Fault Annunciation, Interpretation of",SB,21-Oct-1996,ASB 407-96-03,,,0:00, ,"All 407 helicopters, Serial Numbers 53000 and subs.",Select,Edit,Delete,View
,1.4,76,CEB A- 73-6012,"Engine FADEC Electronic Control Unit (ECU), Inspection of",SB,18-Nov-1996,ASB 407-96-04,,,0:00, ,Superseded by ASB 407-97-09 (Refer ASB 407-97-09),Select,Edit,Delete,View
,1.5,73,CEB A-73-6011,"Engine Overspeed Protection, Disabling of",SB,18-Nov-1996,ASB 407-96-05,,,0:00, ,Superseded by ASB 407-97-09 (Refer ASB 407-97-09),Select,Edit,Delete,View
,1.6,73,CEB-A-73-6014,"Engine Overspeed Protection Trip Limit, Increase of",SB,22-Mar-1996,ASB 407-96-06,,,0:00, ,"All 407 helicopters, Serial Numbers 53000 and subsequent that are Transport Canada (TCA)-registered, and those affected by Transport Canada Airworthiness directives. Helicopter serial number 53001, 53079,53080, 53081, 53083 and subsequent will have the intent of this bulletin accomplished prior to delivery",Select,Edit,Delete,View
,10,64,ASB 407-18-117,"TAIL ROTOR GEARBOX PITCH CHANGE MECHANISM HOUSING 206-011-721-113, INSPECTION OF",SB,03-Apr-2018,ASB 407-18-117,,,0:00, ,"Serial numbers 54300 through 54566, 54568 through 54657, 54659 through, 54719, 54721 through 54725, 54727 through 54730, 54733, 54741, and 54742.",Select,Edit,Delete,View
,11,24,ASB 407-18-116,"EXTERNAL POWER RECEPTACLE CABLE ASSEMBLIES, ONE-TIME TORQUE CHECK OF",SB,22-Feb-2018,ASB 407-18-116,,,0:00, ,"Serial numbers 54652 through 54679, 54685 through 54697, 54699, 54700, 54702 through 54707, 54717, 54719, 54721, 54727, and 54729.",Select,Edit,Delete,View
,14,63,ASB 407-97-13'A',"T/R Driveshaft, Disk Pack Couplings P/N 406-040-340-101, Torque Check and Special Inspection, Introduction of",SB*,18-Feb-1998,ASB 407-97-13'A',,,0:00, ,All 407 helicopters.(Helicopter 53238 and subsequent completed before delivery),Select,Edit,Delete,View
,15,65,ASB 407-97-14'C',"Tail Rotor Gearbox P/N 406-040-400-All Torque Check And Installation Procedures, Modification Of (Issue Dt: 12/04/2001)",SB*,04-Dec-2001,ASB 407-97-14'C',,,0:00,Form No: Bell 407/407GX/06,PART I: Helicopter Serial Number 53505 and subsequent will have the intent of Part I of this bulletin completed before delivery. PART II: Helicopter S/N 53000 and subsequent.,Select,Edit,Delete,View
,22,76,CEB A-73-6030 superceded by CEB 73-6044,"ENGINE, HYDROMECHANICAL UNIT – INSPECTION OF HMU DRIVE SPLINES",SB*,04-Dec-1998,ASB 407-98-21,,,0:00, ,"All 407 helicopters. All Allison Model 250-C47B engines with Chandler Evans(CECO) Hydromechanical Unit(HMU) assemblies. P/N 23068651 ,23069251 ,23069551 ,23067961 ,23067963 ,23070726 ,23072208 ,23072725 ,23072731 ,23075203 ,23075204 ,23075495 ,23075390 ,23078032 ,23078031 ,23078030 ,23078029.",Select,Edit,Delete,View
,27,53,ASB 407-01-48,"Tailboom P/N 407-030-801-101/105, Inspection of",SB*,28-Feb-2002,ASB 407-99-26'C',,,0:00, ,"407, S/N 53000 through 53441 with tailboom 407-030-801-101, /-105 installed.Serial No 53476 and subsequent will have intent of this bulletin accomplish prior to delivery.",Select,Edit,Delete,View
,104,53,TB 407-13-104,"IMPROVED CORROSION PROTECTION TO ROOF ASSEMBLY AND REPAIR INSTRUCTIONS, INTRODUCTION OF.",SB,26-Jun-2013,TB 407-13-104,,,0:00, ,"Applicable to Bell 407 helicopters with Serial numbers 53000 through 53900, 53911 through 53999, 54000 through 54042 and 54300.",Select,Edit,Delete,View
,119,21,SB 407-021219,AIR COMM CORPORATION AIR CONDITIONER BLOWER MOTOR CONNECTOR,SB,10-Jul-2019,ASB 407-19-119,,,0:00, ,"Serial number 53000 through 53900, 53911 through 54805, 54807 through 54824, 54826, 54828 through 54832, 54834 through 54839, 54841 through 54845, and 54847.",Select,Edit,Delete,View
,174,26,FAA AD 2015-16-04,"To prevent fire extinguishers form failing to operate in the event of a fire, which could jeopardize occupants' safety and continuation of safe flight and landing",MIS,24-Aug-2015,DGCA/New-Misc/174,,,0:00, ,"This AD applies to Kidde Graviner hand-operated fire extinguishers having part numbers 56412-001 (34H), 56411-001 (35H), and 56412-002 (38H). These fire extinguishers may be installed on, but not limited to, aircraft, certificated in any category, specified in paragraphs (c)(1), (c)(2), (c)(3), (c)(4), (c)(5), and (c)(6) of this AD. (1) BAE Systems (Operations) Limited Model ATP airplanes. (2) BAE Systems (Operations) Limited Model 4101 airplanes. (3) Airbus Defense and Space S.A. (Type Certificate previously held by EADS CASA; Construcciones Aeronauticas, S.A.) Model C-212-CB, C-212-CC, C-212-CD, C-212-CE, C-212-CF, C-212-DE, and C-212-DF airplanes. (4) Fokker Services B.V. Model F.27 Mark 050, 100, 200, 300, 400, 500, 600, and 700 airplanes. (5) Short Brothers PLC Model SD3-60 SHERPA, SD3-SHERPA, SD3-30, and SD3-60 airplanes. (6) SHORT BROTHERS & HARLAND LTD SC-7 Series 2 and SC-7 Series 3 airplanes.",Select,Edit,Delete,View
,2018,65,ASB 407-16-113,Tail Rotor Drive Shaft,AD*,21-May-2018,FAA AD 2018-10-06,,,0:00, ,"This AD applies to Bell Model 407 helicopters, certificated in any category.",Select,Edit,Delete,View
,6088,72,CEB 72--6088,"ENGINE, COMBUSTION SECTION -- REPLACEMENT OF COMBUSTION LINER",SB,10-May-2018,CEB 72--6088,,,0:00, ,"All Rolls-Royce M250--C30 Series, --C40, --C47 Series, and --C47E Series engines are affected by this Commercial Engine Bulletin (CEB).",Select,Edit,Delete,View
, ,23,DGCA Letter No.4-18/79 A1,delete,(X),27-Feb-1992,DGCA/New-Misc/6,,,0:00, ,delete,Select,Edit,Delete,View
, ,25, ,delete,(X),12-Nov-1999,DGCA/Bell-407/0,,,0:00, ,Model 407 helicopters serial numbers 53000 through 53342 and 53344.,Select,Edit,Delete,View
, ,28,.,...,(X),10-Aug-2001,..,,,0:00, , ,Select,Edit,Delete,View
, ,34,DGCA Let No.9-414/2002-AI,Installation of FDR,(X),31-Oct-2002,DGCA/NEW-MISC/063,,,0:00, , ,Select,Edit,Delete,View
, ,34,FAA AD 2004-13-20,delete,(X),03-Aug-2004,DGCA/New-Misc/080,,,0:00,N/A, ,Select,Edit,Delete,View
, ,52, ,delete,(X),27-May-1998,ASB,,,0:00, , ,Select,Edit,Delete,View
, ,52,AD 2000-04-25,To Prevent a Door Latch Rod Assembly from Disengaging from the Door Handle,(X),12-Apr-2000,DGCA/Bell-407/0007,,,0:00,Applicable, ,Select,Edit,Delete,View
, ,53,FAA AD 2006-06-10,To prevent separation of the tail boom and subsequent loss of control,(X),14-Apr-2000,DGCA/Bell-407/0008,,,0:00, , ,Select,Edit,Delete,View
, ,55,AD CF 2000-09R1,To Prevent in Flight Slat Departure,(X),05-Sep-2002,DGCA/Bell-407,,,0:00, , ,Select,Edit,Delete,View
, ,63,TC AD CF 2001-24,K-Flex Drive Shaft,(X),28-Feb-2002,DGCA/Bell-407/012,,,0:00, , ,Select,Edit,Delete,View
, ,67,0.1,0.4,(X),05-Apr-2000,0.7,,,0:00, , ,Select,Edit,Delete,View
,"""DGCA / NEW MISCELLANEOUS / 153R16""",25,EASA AD 2015-0226R8,ATA 25 – Equipment / Furnishings – Hoist – Test / Replacement.,MIS,22-Jul-2025,"""DGCA / NEW MISCELLANEOUS / 153R16""",,,0:00, ,"This AD applies to the following helicopters, when equipped with a Goodrich hoist having a Part Number (P/N) as listed in Table 1 of this AD: Leonardo AW109SP, AB139, AW139 and AB412 (all models) helicopters, all serial numbers (s/n); BTI 212, 214 and 412 helicopters (all models), all s/n; BTCL 429 and 430 helicopters, all s/n; AH AS 365 N3, AS 332 L2 and EC225 LP helicopters, all s/n; AHD MBB-BK117 C-2, EC135 and EC635 (all models) helicopters, all s/n; MDHI MD900 helicopters, all s/n; and Sikorsky S-61 (all models), S-76A, S-76B, S-76C and S-92A helicopters, all s/n.",Select,Edit,Delete,View
,"""DGCA / NEW MISCELLANEOUS / 265""",25,FAA AD 2025-16-09,"Air Transport Association (ATA) of America Code:25, Equipment/Furnishings, or Joint Aircraft System Component (JASC) Code 2500, Cabin Equipment/Furnishing; and 2510, flight Compartment Equipment.",MIS,22-Aug-2025,"""DGCA / NEW MISCELLANEOUS / 265""",,,0:00, ,"This AD applies to all airplanes, certified in any category, with a restraint system with a Pacific Scientific Company rotary buckle assembly (buckle) part number (P/N) 1111475 (all dash numbers) or P/N 1111548-01 installed having a date of manufacture (DOM) between January 2012 and April 2013 inclusive, or an unknown DOM. These buckle may be installed on, but not limited to, The Boeing Company model airplanes.",Select,Edit,Delete,View
,1999-04,63,TC AD CF-1999-04R1,"Time Limits and Maintenance Checks – Changes to Component Retirement Lives (This AD Supersedes AD CF-99-04, dated 2 April 1999).",AD,11-Feb-2016,TC AD CF-1999-04R1,,,0:00, ,"Bell Helicopter Textron Canada Ltd. (BHTC) model 407 helicopters, serial numbers 53000 and subsequent.",Select,Edit,Delete,View
,2010-33,64,ASB 407-10-93 Rev. A,Over-torque of Tailboom Attachment Hardware,AD*,13-Oct-2010,CF-2010-33,,,0:00, ,Bell Helicopter Textron Canada Ltd. Model 407 helicopter serial number 53000 through 53990.,Select,Edit,Delete,View
,2012-18-09,64,"ASB 407-10-93, Revision A",Joint Aircraft Service Component (JASC) Code: Rotorcraft tailboom.,AD*,17-Sep-2012,FAA AD 2012-18-09,,,0:00, ,"This AD applies to BHTC Model 407 he licopters, serial numbers 53000 through 53990, certificated in any category.",Select,Edit,Delete,View
,2015-17-02,63,ASB 407-01-45 Rev.B,Main Rotor Drive System,AD#,24-Sep-2015,FAA AD 2015-17-02,,,0:00, ,"This AD applies to Model 206L-4, 407, 427, and 429 helicopters with an engine-to-transmission driveshaft assembly (driveshaft), part number (P/N) 206-340-300-105, installed, certificated in any category",Select,Edit,Delete,View
,2016-21,65,ASB 407-16-113,Tail Rotor Drive System – Failure of Tail Rotor Drive Shaft Splined Connection,AD*,07-Jul-2016,TC AD CF-2016-21,,,0:00, ,Bell Helicopter Textron Canada Limited (BHTC) model 407 helicopters – all serial numbers.,Select,Edit,Delete,View
,2018-0002,46,Leonardo SB 139-500,ATA 46 – Information Systems – “Primus Epic” System Software – Software Update,AD,04-Jan-2018,TC AD: EU 2018-0002,,,0:00, ,"AB139 and AW139 helicopters, serial number (s/n) 31005, 31006, 31008 to s/n 31157 inclusive and s/n 41001 to s/n 41023 inclusive, and AW139 helicopters s/n 31201 onwards and s/n 41201 onwards, equipped with “Primus Epic” system software release 7.4 (Phase 7 V1) or 7.7 (Phase 7 V3) or 7.10 (Phase 7 V4), as applicable.",Select,Edit,Delete,View
,2018-10-06,65,ASB 407-16-113,Joint Aircraft Service Component (JASC) Code: 6510 Tail Rotor Drive Shaft,AD,21-May-2018,FAA AD 2018-10-06,,,0:00, ,"This AD applies to Bell Model 407 helicopters, certificated in any category.",Select,Edit,Delete,View
,2018-10-06,65,ASB 407-16-113,Tail Rotor Drive Shaft,AD*,21-May-2018,FAA AD 2018-10-06,,,0:00,Part of Form No: Bell 407/407GX/10,"This AD applies to Bell Model 407 helicopters, certificated in any category.",Select,Edit,Delete,View
,2018-16,25,ASB NO.407-15-111,Equipment / Furnishings – Seat Belt Comfort Clips Adverse Effect on Occupant Restraint,AD,28-Jun-2018,CF-2018-16,,,0:00, ,"Bell Helicopter Textron Canada Limited (BHTCL) model 206, 206A, 206A-1, 206B, 206B-1, 206L, 206L-1, 206L-3, 206L-4, 222, 222B, 222U, 230, 407, 427, 429 and 430 helicopters, all serial numbers",Select,Edit,Delete,View
,2018-25-17,21,AIRCOMM SB 407-110414 Rev B,"Joint Aircraft Service Component (JASC) Code: 2197, Air Conditioning System Wiring.",AD,07-Dec-2018,FAA AD 2018-25-17,,,0:00, ,"Bell Model 407 helicopters with an Air Comm air conditioning system P/N 407 EC-201, 407 EC-202, or 407 EC-203 installed.",Select,Edit,Delete,View
,2018-25-17,21,SB 407-110414,"Joint Aircraft Service Component (JASC) Code: 2197, Air Conditioning System Wiring.",AD,17-Dec-2018,FAA AD 2018-25-17,,,0:00, ,"Bell Model 407 helicopters with an Air Comm air conditioning system P/N 407 EC-201, 407 EC-202, or 407 EC-203 installed.",Select,Edit,Delete,View
,2019-01,20,CF-2019-01,"Standard Practices – Helicopter External Transport System (HETS™) - Unapproved Parts, Inadequate Service Life Limits and Maintenance Requirements",AD,08-Jan-2019,CF-2019-01,,,0:00, ,"HETS™ certified under Transport Canada Supplemental Type Certificate (STC) SH98-35, Issue 1 and Issue 2 installed on the following helicopter models: Bell Helicopter Textron Canada Ltd. model 206B, 206L, 206L-1, 206L-3, 206L-4 and 407.",Select,Edit,Delete,View
,2019-01,20,"Supersedes AD CF-2014-26, issued 15 August 2014.","Standard Practices – Helicopter External Transport System (HETS™) - Unapproved Parts, Inadequate Service Life Limits and Maintenance Requirements",AD,08-Jan-2019,CF-2019-01,,,0:00, ,"HETS™ certified under Transport Canada Supplemental Type Certificate (STC) SH98-35, Issue 1 and Issue 2 installed on the following helicopter models:Bell Helicopter Textron Canada Ltd. model 206B, 206L, 206L-1, 206L-3, 206L-4 and 407.",Select,Edit,Delete,View
,2019-08-10,62,ASB 407-14-106,"Joint Aircraft Service Component (JASC) Code: 6300, Main Rotor Drive System.",AD,20-May-2019,FAA AD 2019-08-10,,,0:00, ,"This AD applies to Bell Model 206A, 206B, 206L, 206L-1, 206L-3, 206L-4, and 407 helicopters, certificated in any category.",Select,Edit,Delete,View
,2019-08-10,63,ASB 407-14-106,"Joint Aircraft Service Component (JASC) Code: 6300, Main Rotor Drive System.",AD,20-May-2019,FAA AD 2019-08-10,,,0:00, ,"This AD applies to Bell Model 206A, 206B, 206L, 206L-1, 206L-3, 206L-4, and 407 helicopters, certificated in any category.",Select,Edit,Delete,View
,24-020,24,SB 24-020 R-1,ELECTRICAL POWER - DC ELECTRICAL LOAD DISTRIBUTION CHANGE LDG LIGHT RH CIRCUIT-BREAKER FROM NON ESSENTIAL BUS TO GENERATOR BUS,SB$,30-Jun-2008,SB 24-020 R-1,,,0:00, ,"PC-12, PC-12/45 and PC-12/47 aircraft from MSN 101 up to and including MSN 999, except for aircraft MSN 545.",Select,Edit,Delete,View
,24-022,24,SB 24-022,Electrical power-DC Power-Replacement of the Generator Control Unit for aircraft with the second battery option.,SB,13-Jun-2003,SB 24-022,,,0:00, ,All PC-12 and PC-12/45 AIRCRAFT FROM MSN 101 thru MSN 507 with the second battery installed.,Select,Edit,Delete,View
,24-023,24,SB 24-023 Rev-1,Electrical Power -DC Generation System-Second Generator Wiring-Modification,SB$,18-Aug-2005,SB 24-023 Rev-1,,,0:00, ,PC-12 and PC-12/45 Aircraft MSN 101 thr MSN 600.This modification incorporated on aircraft MSN 601 and Subsequent.,Select,Edit,Delete,View
,24-024,24,SB 24-023 Rev-1,Electrical Power-AC Generator system static investors-Replacement.,SB$,08-Aug-2006,SB 24-024 Rev-1,,,0:00, ,PC-12 and PC-12/45 aircraft MSN 101 thru MSN 683.This modification incorporated in aircraft MSN 684 and subsequent.,Select,Edit,Delete,View
,24-025,24,SB 24-025,ELECTRICAL POWER - EXTERNAL POWER INTRODUCTION OF BATTERY AND EXTERNAL POWER JUNCTION BOX P/N 974.03.38.142,SB$,24-Sep-2009,SB 24-025,,,0:00, ,"PC-12/47E aircraft MSN 545, 1001 thru 1180, with Battery and External Power Junction Box (BEPJB) P/N 974.03.38.141 or P/N 974.03.38.135. Battery and External Power Junction Box (BEPJB) P/N 974.03.38.141 or P/N 974.03.38.135 held as spare.",Select,Edit,Delete,View
,407-00-34,72,CEB A-72-6032(Cancelled),"Rolls-Royce Allison 250-C47B Engine Self Sealing Magnetic Chip Detectors, Inspection of",SB,31-May-2001,ASB 407-00-34 Rev.A,,,0:00, ,All model 407 helicopters with self-sealing magnetic chip detectors as specified in Rolls-Royce Allison Alert CEB A-72-6032.,Select,Edit,Delete,View
,407-00-37,72,CEB A 72-6033 R2,"Rolls-Royce 250-C47B Engine, Replacement of Compressor Scroll 23066737 and 23072848(Issue Dt: 30/10/2000)",SB,30-Oct-2000,ASB 407-00-37,,,0:00, ,All 407 helicopters with Rolls Royce 250-C47B engines configured with compressor scroll 23066737 or 23072848.,Select,Edit,Delete,View
,407-01-39,53,ASB 407-01-39'A',"Bracket 407-040-321-101/-103, Inspection of",SB*,31-May-2001,ASB 407-01-39'A',,,0:00, ,"407 helicopters, S/N 53000 thru 53442 with flywheel 407-040-316-101 installed.",Select,Edit,Delete,View
,407-01-40,52,CAB-100-58,"Rescue Hoist, BL-16600 Series, Breeze Eastern Customer Alert Bulletin CAB-100-58",SB,06-Mar-2001,ASB 407-01-40,,,0:00, ,All Bell 407 helicopters with Breeze Eastern BL-16600 series rescue hoists installed and all spare BL-16600 series Rescue Hoists.,Select,Edit,Delete,View
,407-01-48,53,ASB 407-01-48'C',"Tailboom Assembly 407-030-801-101/-105/-107 Modification of, and New Airworthiness Limitation/ Inspection Schedule, Introduction of",SB,27-Aug-2007,ASB 407-01-48'C',,,0:00, ,"Bell 407, Serial Number 53000 through 53475.",Select,Edit,Delete,View
,407-02-53,53,ASB 407-02-53,"Tailboom Assembly 407-030-801-105/-107 and Tail Rotor Gearbox Support Casting 406-030-121-105, Inspection of",SB*,06-May-2002,ASB 407-02-53,,,0:00, ,"Model 407 helicopters serial number 53000 through 53475,",Select,Edit,Delete,View
,407-03-58,73,"CEB A-73-6040 R1, A-73-6030 R3(superceded by 73-6044)",Rolls-Royce Corporation 250-C47 Series,SB*,13-Jun-2003,ASB 407-03-58,,,0:00, ,"All Rolls-Royce Model 250-C30R/3 engines installed on Bell OH-58D aircraft, all Model 250-C30R/3M engines installed on Boeing AH/MH-6M aircraft, all Model 250-C47B engines installed on Bell 407 aircraft and all Model 250-C47M engines installed on MD 600N aircraft. All Rolls-Royce Model 250—C3OR/3, —C3OR/3M, —C4OB, —C47B and —C47M engines with Goodrich Hydromechanical Unit (HMU) Assemblies are affected by this Bulletin as follows:",Select,Edit,Delete,View
,407-03-59,32,ASB 407-03-59,"All Forward and Aft Crosstube Assemblies, Part Numbers as Described Below, Assignment of RIN (Retirement Index Number) to (Issue Dt: 15-Oct-2003)",SB,15-Oct-2003,ASB 407-03-59,,,0:00, ,"All Model 407 helicopters, S/N 53000 and subsequent.For P/N refer this ASB.",Select,Edit,Delete,View
,407-03-60,73,CEB 73-6036 R2,"Rolls-Royce Corporation 250-C47B Engine, Fuel and Control –Release of New Electronic Control Unit (ECU) (Issue Dt: 04-Sep-2003)",SB,04-Sep-2003,ASB 407-03-60,,,0:00, ,"All Rolls–Royce Model 250–C47B engines installed on Bell 407 aircraft, Model 250–C47M engines installed on Boeing Model 600N aircraft and Model 250–C30R/3 engines installed on Bell OH58D aircraft with Goodrich Control Systems Model EMC–35A Electronic Control Units (ECUs) are affected by this bulletin.",Select,Edit,Delete,View
,407-03-61,72,CEB A-72-6048 R1,"Rolls-Royce 250-C47B Engine, Turbine Assembly – Inspection of 4th Stage Turbine Wheels (23066744) (Issue Dt: 21-Nov-2003)",SB,21-Nov-2003,ASB 407-03-61,,,0:00, ,"All Model 407 helicopters with Rolls-Royce 250-C47B series engines installed.For 4th–stage turbine wheels (23066744, S/N HX76702 to HX76755)(23066744, S/N X504345 and lower).",Select,Edit,Delete,View
,407-04-62,73,CEB A-73-6042,"Rolls-Royce Corporation 250-C47B Engine, Fuel and Control — Hydromechanical Unit (HMU) — Incorporate Dual Element PLA Potentiometer (Issue Dt: 07-Jan-2004)",SB,07-Jan-2004,ASB 407-04-62,,,0:00, ,All model 407 helicopters.,Select,Edit,Delete,View
,407-04-64,72,CEB A-72-6050 R1,"Engine, Turbine Section - Inspection of Rolls-Royce Model 250-C47B Third Stage Turbine Wheels (6898663)",SB,03-Sep-2004,ASB 407-04-64'A',,,0:00, ,"All model 407 helicopters. Note: All Rolls-Royce Model 250-C47B engines, CAE 847638 and subsequent are not affected by this bulletin.",Select,Edit,Delete,View
,407-04-66,72,ASB 407-04-66'A',"Freewheel Aft Bearing Cap 406-040-509-101, Inspection and Rework of",SB,01-Dec-2004,ASB 407-04-66'A',,,0:00, ,"Model 407 H/C Freewheel aft bearing cap P/N 406-040-509-101,serial number A-1833 thru A-1912.",Select,Edit,Delete,View
,407-05-68,72,CEB A-72-6056,Rolls-Royce 250-C47B Engine Gearbox Assembly — Inspection and Rework of Gearbox Housing,SB,30-Jun-2005,ASB 407-05-68,,,0:00, ,Bell 407 helicopters with certain Rolls-Royce 250-C47B engines installed. 407 helicopters s/n 53648 and subsequent will have intent of this bulletin accomplished prior to delivery.,Select,Edit,Delete,View
,407-05-69,72,CEB A-73-6046R1,"ENGINE, FUEL AND CONTROL – HYDROMECHANICAL UNIT (HMU) PROCEDURES FOR CHECKING P1 NOZZLE SCREEN FOR CONTAMINATION",SB,05-Jul-2005,ASB 407-05-69,,,0:00, ,Bell 407 helicopters serial number 53000 through 53655.,Select,Edit,Delete,View
,407-05-69,73,CEB A-73-6046 R1,"Engine, Fuel and Control -Hydromechanical Unit (HMU) Procedures for Checking P1 Nozzle Screen for Contamination",SB*,05-Jul-2005,ASB 407-05-69,,,0:00, ,Bell 407 helicopters serial number 53000 through 53655.Serial No 53656 and subsequent will have intent of this bulletin accomplished prior to delivery.,Select,Edit,Delete,View
,407-06-72,55,ASB 407-06-72,"Horizontal Stabilizer 407-023-801- 109, Inspection and Replacement of",SB,12-Sep-2006,ASB 407-06-72,,,0:00, ,"All Model 407 listed in Table 1 (Helicopter S/N) and all Model 407 that had the stabilizer 407-023-801-109 replaced after March 01, 2004.",Select,Edit,Delete,View
D,407-06-73,72,CEB A-72-6060 R3,"Engine, Turbine Assembly - Power Turbine Outer Shaft",SB,12-Oct-2006,ASB 407-06-73,,,0:00, ,All 407 helicopters.,Select,Edit,Delete,View
D,407-06-73,72,CEB A-72-6060 R3,"Engine, Turbine Assembly - Power Turbine Outer Shaft",SB,12-Oct-2006,ASB 407-06-73,,,0:00, ,"All Rolls-Royce Model 250--C20, --C28, --C30, --C20R, --C40B, --C47, --B17 and --B17F Series engines listed in the Ref SB (CEB A-72-6060 R3) are affected by this Commercial Engine Bulletin (CEB). For Further Details Refer ASB 407-06-73",Select,Edit,Delete,View
,407-06-74,63,ASB 407-06-74,Product Improvement - Driveshaft Installation Tool SKSP1425-1,SB,22-Dec-2006,ASB 407-06-74,,,0:00, ,Model 407 helicopters S/N 53000 and subsequent.,Select,Edit,Delete,View
,407-07-75,25,ASB 407-07-75,Cargo hook stress corrosion cracks,SB,23-Mar-2007,ASB 407-07-75,,,0:00, ,All 407 models equipped with an Onboard Systems cargo hook P/N 528-010-00.,Select,Edit,Delete,View
,407-07-75,100,TB-407-07-75 REV B,"FADEC ECU EMC-35R WITH REVERSIONARY GOVERNOR, INTRODUCTION AND INSTALLATION OF.",SB,29-Jan-2007,TB-407-07-75 REV B,,,0:00, ,PART I Model 407 helicopters serial number 53000 through 53749 with FADEC software version 5.202. PART II Model 407 helicopters serial number 53000 through 53927 with FADEC software version 5.356. [Model 407 helicopters serial number 53928 and subsequent will have the intent of this bulletin accomplished prior to delivery],Select,Edit,Delete,View
,407-07-77,72,ASB 407-07-77'A',"Tailboom Assembly 407-030-801-107 and 407-530-014-101/-103 with upper skin 407-030-801-157 that has been removed and reinstalled or replaced, Inspection of",SB*,30-Aug-2007,ASB 407-07-77 'A',,,0:00, ,Model 407 helicopters S/N 53000 through 53475 with subject tailboom instaled. [Model 407 helicopters serial numbers 53476 and subsequent and serial number 53000 through 53475 that have tailboom 407-030-801-201/-203/-205 installed are not affected by the recurring inspection of this bulletin.,Select,Edit,Delete,View
,407-07-78,72,ASB 407-07-78,"Emergency pushout window p/n 407-561-113, 407-561-114, 407-561-121, 407-561-122, 407-561-125, 407-561-126(STC SR01687AT)",SB,30-Mar-2007,ASB 407-07-78,,,0:00, ,All 407 models equipped with aeronautical accessories emergency Inc. pushout window STC SR 01687AT,Select,Edit,Delete,View
,407-07-80,53,ASB 407-07-80'A',"Tail Boom Assembly 407-030-801-107,and 407-530-014-101/-103, New Inspection Requirements",SB*,23-Apr-2012,ASB 407-07-80'A',,,0:00, ,Model 407 helicopters S/N 53000 through 53475 with subject Tail Boom installed.,Select,Edit,Delete,View
,407-07-81,65,ASB-407-07-81 Rev.B,"Tail Rotor blade Assembly, Inspection of",SB,29-Nov-2010,ASB-407-07-81 Rev.B,,,0:00, ,"All Model 407 helicopters. P/N 406-01, 6-100-119 with S/N A-3664 A-3668,A-3670,A-3683,A-3725,A-3758,A-3759,A-3786,A-3787,A-3922,A-3925 A-4089,A-4091,A-4094. For further S/N refer SB.",Select,Edit,Delete,View
,407-08-82,11,ASB 407-08-82'A',"NG Limitation at a Given Temperature, Above 10000 ft Decal, Addition of",SB,17-Nov-2008,ASB 407-08-82'A',,,0:00, ,Bell 407 Helicopters serial number 53000 through 53862.,Select,Edit,Delete,View
,407-08-83,29,TB 407-01-30 rev A,"Hydraulic Pump Driveshaft Assembly 406-040-072-105, One Time Inspection of",SB,01-Jul-2008,ASB 407-08-83,,,0:00, ,407 Helicopters S/N 53000 through 53408 and 53421 through 53459. [407 Helicopters serial number 53000 through 53408 and 53421 through 53459 complying with TB 407-01-30 and 53409 through 53420 and 53460 through subsequent are not affected by this bulletin],Select,Edit,Delete,View
,407-08-84,53,ASB 407-08-84,"Tail boom Assembly 407-030-801-201, 407-030-801-203 and 407-030-801-205, New Inspection Requirements.",SB*,18-Aug-2008,ASB 407-08-84,,,0:00,Part of Form No: Bell 407/407GX/10,All model 407 helicopters with one of the subject tailbooms installed.,Select,Edit,Delete,View
,407-09-85,27,ASB 407-09-85,"Lever Assembly P/N 407-001-320-105 AND 407-001-320-109, One Time Inspection Of",SB,10-Mar-2009,ASB 407-09-85,,,0:00, ,"Bell 407 Helicopters serial number 53000 through 53887, 53890 through 53914, 53916, 53920, 53921, and 53927. Dt: 10-Mar-2009",Select,Edit,Delete,View
,407-09-86,55,ASB 407-09-86,"Vertical Fin Assembly 206-020-113-233, Inspection of",SB,17-Mar-2009,ASB 407-09-86,,,0:00, ,Bell 407 Helicopters serial number 53786 thru 53878.,Select,Edit,Delete,View
,407-09-87,27,ASB 407-09-87,"Anti-Drive Link Assembly P/N 406-010-432-101, One Time Inspection Of",SB,27-Mar-2009,ASB 407-09-87,,,0:00, ,"Bell 407 Helicopters S/N 53000 thru 53887, 53890 thru 53916, 53918, 53920, 53921, 53923 thru 53926, 53928. Anti-drive link assy P/N 406-010-432-101 with s/n prefix TI or TIFS.",Select,Edit,Delete,View
,407-09-88,100,ASB 407-09-88,"Staked Bearings, One-Time Inspection Of.",SB,07-Apr-2009,ASB 407-09-88,,,0:00, ,"Model 407 helicopters serial number 53000 through 53887, 53890 through 53916, 53918, 53920, 53921, 53923 through 53926, 53928 and all spares.",Select,Edit,Delete,View
,407-09-89,64,ASB 407-09-89,"Tail rotor Gearbox P/N 406-040-400-ALL and Tail Rotor Gearbox Assembly P/N 406-040-406-ALL, One Time Inspection Of",SB,29-Apr-2009,ASB 407-09-89,,,0:00, ,"Bell 407 Helicoters S/N 53000 thru 53888, 53890 thru 53899, 53912 thru 53926, and 53928.",Select,Edit,Delete,View
,407-09-90,29,ASB 407-09-90,"Hydraulic Servoactuator P/N 206-076-062-105 And -107, Inspection Of",SB,03-Nov-2009,ASB 407-09-90,,,0:00, ,"Bell 407 Helicopters S/N 53000 thru 53900, 53911 thru 53931, 53933 thru 53944, 53946 thru 53959, 53959, 53962, 53964 and 53966 and 53969.",Select,Edit,Delete,View
,407-09-91,28,ASB 407-09-91,"Hose Assembly P/N 70-079H100F210, One Time Inspection Of",SB,17-Dec-2009,ASB 407-09-91,,,0:00, ,"Bell 407 Helicopters 53000 thru 53900, 53911 thru 53931, 53933 thru 53944, 53946 thru 53959, 53962, 53964, 53966 thru 53969.",Select,Edit,Delete,View
D,407-10-92,65,ASB 407-10-92 Rev.B,"Tail Rotor Blades 406-016-100-119 AND 407-016-001-101, Inspection Of",SB*,31-Aug-2010,ASB 407-10-92 Rev.B,,,0:00, , ,Select,Edit,Delete,View
D,407-10-92,65,ASB 407-10-92 Rev.B,"Tail Rotor Blades 406-016-100-119 AND 407-016-001-101, Inspection Of",SB*,31-Aug-2010,ASB 407-10-92 Rev.B,,,0:00, , ,Select,Edit,Delete,View
D,407-10-92,65,ASB 407-10-92 Rev.B,"Tail Rotor Blades 406-016-100-119 AND 407-016-001-101, Inspection Of",SB*,31-Aug-2010,ASB 407-10-92 Rev.B,,,0:00, , ,Select,Edit,Delete,View
D,407-10-92,65,ASB 407-10-92 Rev.B,"Tail Rotor Blades 406-016-100-119 AND 407-016-001-101, Inspection Of",SB*,31-Aug-2010,ASB 407-10-92 Rev.B,,,0:00, ,Bell 407 Helicopters serial number 53000 through 53900 and 53911 through 54026.,Select,Edit,Delete,View
,407-10-92.,64,ASB 407-10-92 Rev B,"TAIL ROTOR BLADES 406-016-100-119 AND 407-016-001-101, INSPECTION OF",SB*,31-Aug-2010,ASB 407-10-92 Rev B,,,0:00,Part of Form No: Bell 407/407GX/10,407 Helicopters serial number 53000 through 53900 and 53911 through 54026.,Select,Edit,Delete,View
,407-10-93,53,ASB 407-10-93 Rev.A,"Tailboom Attachment Hardware, Replacement Of",SB*,03-Aug-2011,ASB 407-10-93 Rev.A,,,0:00,Form No: Bell 407/407GX/06,Bell 407 Helicopters serial number 53000 through 53990.,Select,Edit,Delete,View
,407-11-94,63,ASB 407-11-94,"Main Rotor Mast 407-040-038-101, -105, -109, -111, -111R, -111T, or -111T1, Inspection Of",SB*,08-Feb-2011,ASB 407-11-94,,,0:00,Form No: Bell 407/407GX/07,"Bell 407 Helicoters, Serial numbers 53000 through 53900, 53911 through 53999 and 54000 through 54061 with subject Mast installed.",Select,Edit,Delete,View
,407-11-95 Rev D,51,ASB 407-11-95 Rev D,"Upper Left Longeron (Channel) P/N 206-031-314-037, /-177, Inspection Of",SB*,21-Aug-2020,ASB 407-11-95 Rev D,,,0:00, ,"Bell 407 Helicopters, Serial number 53000 through 53900, 53911 through 54061 and 54300 with cumulative flight time of 1200 hours or more.",Select,Edit,Delete,View
,407-11-95 Rev D,53,ASB 407-11-95 Rev D,"Upper Left Longeron (Channel) P/N 206-031-314-037, /-177, Inspection Of.",SB*,21-Aug-2020,ASB 407-11-95 Rev D,,,0:00, ,"Bell 407 Helicopters, Serial number 53000 through 53900, 53911 through 54061 and 54300 with cumulative flight time of 1200 hours or more.",Select,Edit,Delete,View
,407-11-95 Rev D,53,ASB 407-11-95 Rev D,"UPPER LEFT LONGERON (CHANNEL) P/N 206-031-314-037/ -177 AND SPARE ASSEMBLY P/N 206-031-314-219B, INSPECTION OF.",SB*,21-Aug-2020,ASB 407-11-95 Rev D,,,0:00, ,"Serial numbers 53000 through 53900, 53911 through 54061 and 54300 with cumulative flight time of 1200 hours or more.",Select,Edit,Delete,View
,407-11-96,29,ASB 407-11-96 Rev.B,"Clevis Assembly – Hydraulic Servo Assemblies, Part Number 206-076-062-105 And 206-076-062-107",SB,29-Aug-2011,ASB 407-11-96 Rev.B,,,0:00, ,"Bell 407 Helicopter, Serial numbers 53000 through 53900, 53911 through 53999 and 54000 through 54081.",Select,Edit,Delete,View
,407-12-99,72,CEB A-72-6075 Rev 1,"Engine, Assembly - Inspection Of Mag Plugs To Detect Metal Generation From The No. 2 Bearing",SB,24-Jul-2013,ASB 407-13-99 Rev A,,,0:00, ,"Applicable to Bell 407 HelicoptersSerial numbers 53000 through 53900, 53911 through 53999, 54000 through 54299, and 54300 and subsequent. All Rolls-Royce M250-C30R/3, -C30R/3M, -C40B, -C47B, and -C47M series engines, with the below part number and/or serial number of the No. 2 bearing (M250-10354) installed, are affected by this bulletin",Select,Edit,Delete,View
,407-13-100,72,CEB 73--6052,"Engine, Fuel And Control – Goodrich Electronic Control Unit (Ecu) - Overspeed Protection System (Osps) Power Supply Design Improvement",SB,20-Nov-2013,ASB 407-13-100,,,0:00, ,"Applicable to Bell 407 Helicopter with Serial numbers 53000 through 53900, 53911 through 53999, and 54000 through 54027 (Refer CEB 73-6052 for ECU P/N details)",Select,Edit,Delete,View
,407-13-101,72,CEB 73-6056 rev 1,Engine Fuel And Control – Electronic Control Unit Assembly,SB,20-Nov-2013,ASB 407-13-101,,,0:00, ,"Applicable to Bell 407 Helicopter with Serial numbers 53000 through 53900, 53911 through 53999, 54000 through 54104 and 54300 through 54345.(Refer CEB 73-6056 R1 for ECU P/N details)",Select,Edit,Delete,View
,407-13-104,53,TB 407-13-104,"IMPROVED CORROSION PROTECTION TO ROOF ASSEMBLY AND REPAIR INSTRUCTIONS, INTRODUCTION OF.",SB,14-Jun-2013,TB 407-13-104,,,0:00, ,"Applicable to Bell 407 with Serial numbers 53000 through 53900, 53911 through 53999, 54000 through 54042 and 54300.",Select,Edit,Delete,View
,407-14-102,72,ASB 407-14-102 Rev C,"Engine, Fuel And Control – Over speed Adapter, Introduction Of",SB*,04-May-2016,ASB 407-14-102 Rev C,,,0:00, ,"Part I and III - Serial numbers 53000 through 53900, 53911 through 54162, and 54300 through 54500. Part IV - Serial numbers 53000 through 53900, 53911 through 54166, and 54300 through 54570. [Serial numbers 54163 through 54299 and 54501 and subsequent will have the intent of Part I and Part III of this bulletin accomplished prior to delivery.] [Serial numbers 54167 through 54299 and 54571 and subsequent will have the intent of Part IV of this bulletin accomplished prior to delivery.]",Select,Edit,Delete,View
,407-14-102,72,"CEB 73-6059 Rev 2, CEB 73-6060 Rev 1","ENGINE, FUEL AND CONTROL - OVERSPEED ADAPTER, INTRODUCTION OF",SB*,04-May-2016,ASB 407-14-102 R.C,,,0:00, ,"Part I and III - Serial numbers 53000 through 53900, 53911 through 54162, and 54300 through 54500. Part IV - Serial numbers 53000 through 53900, 53911 through 54166, and 54300 through 54570.",Select,Edit,Delete,View
,407-14-103,72,CEB A--72--6077,"ENGINE - SPUR ADAPTER GEARSHAFT, RETAINING RING",SB,13-Jun-2014,ASB 407-14-103,,,0:00, ,"Serial number 53000 through 53900, 53911 through 54152, and 54300 through 54502. (a) All C30 series, C40B, and C47 series engines built prior to May 28, 2013, with less than 200 hours TSN, that have not had the compressor removed for any reason, and those identified in TABLE 1. (b) All engines fitted with a Compressor Splined Adapter (P/N 23051117--1) purchased as a spare after May 02, 2009 with one of the serial numbers identified in TABLE 2.",Select,Edit,Delete,View
,407-14-103,72,TB 407-13-103,"Engine Oil Cooler Temperature Regulating Valve Re-Identification, And Retrofit Of",SB,04-Mar-2013,TB 407-13-103,,,0:00, ,"Applicable to Bell 407 Helicopters with Serial numbers 53000 through 54106, and 54300 through 54346. Part II: Serial Number are Listed in Table 1.",Select,Edit,Delete,View
,407-14-104,51,TB 407-13-104,"IMPROVED CORROSION PROTECTION TO ROOF ASSEMBLY AND REPAIR INSTRUCTIONS, INTRODUCTION OF.",SB,28-Oct-2012,TB 407-13-104,,,0:00, ,"Applicable to Bell 407 Helicopters with Serial numbers 53000 through 53900, 53911through 53999, 54000 through 54042 and 54300.",Select,Edit,Delete,View
,407-14-104,72,CEB A-72-6078 R2,"ENGINE, TURBINE ASSEMBLY - INSPECTION OF 3RD STAGE TURBINE WHEELS 6898663",SB,03-Nov-2015,ASB 407-14-104 Rev. A,,,0:00, ,"Serial number 53000 through 53900, 53911 through 54536, and 54541.",Select,Edit,Delete,View
,407-14-105,72,CEB-A-72-6079,"ENGINE, COMPRESSOR ASSEMBLY – INSPECTION OF FRONT SUPPORT P/N M250-10051, M250-10052, M250-10059, M250-10060",SB,03-Sep-2014,ASB 407-14-105,,,0:00, ,"Serial numbers 53000 through 53900, 53911 through 54160, and 54300 through 54502 with FRONT SUPPORT P/N M250-10051, M250-10052, M250-10059, M250-10060",Select,Edit,Delete,View
,407-14-106,32,ASB 407-14-106 Rev.A,FREEWHEEL ASSEMBLY OIL SUPPLY BLOCKAGE,SB*,07-Oct-2014,ASB 407-14-106 Rev.A,,,0:00, ,"Serial numbers 53000 through 53900, 53911 through 53999, 54000 through 54299 and 54300 through 54545.",Select,Edit,Delete,View
,407-14-106,43,ASB 407-14-106 Rev.A,FREEWHEEL ASSEMBLY OIL SUPPLY BLOCKAGE,SB,09-Feb-2016,ASB 407-14-106 Rev.A,,,0:00, ,"Serial numbers 53000 through 53900, 53911 through 53999, 54000 through 54299 and 54300 through 54545. [Serial number 54546 and subsequent will have the intent of Part I of this bulletin accomplished prior to delivery.]",Select,Edit,Delete,View
,407-14-106,62,SB 407-300-1 Rev NC,"Driveshaft Mounted Pulley And Drive Ring Installation, Inspection.",SB,21-Jul-2014,IL 407-14-106 Part I,,,0:00, ,Owner/Operators of Bell 407 Helicopters with STC SR0022DE Air Conditioning System,Select,Edit,Delete,View
,407-14-106,63,SB 407-300-1 Rev NC,"DRIVESHAFT MOUNTED PULLEY AND DRIVE RING INSTALLATION, INSPECTION.",SB*,19-Aug-2014,IL 407-14-106,,,0:00, ,Owner/Operators of Bell 407 Helicopters with STC SR0022DE Air Conditioning System,Select,Edit,Delete,View
,407-14-106 Part II,63,SB 407-300-1 Rev NC,"DRIVESHAFT MOUNTED PULLEY AND DRIVE RING INSTALLATION, INSPECTION.",SB*,21-Aug-2014,IL 407-14-106 Part II,,,0:00, ,Owner/Operators of Bell 407 Helicopters with STC SR0022DE Air Conditioning System,Select,Edit,Delete,View
,407-14-106 Rev A,32,ASB 407-14-106 Rev A,FREE WHEEL SUPPLY OIL SUPPLY BLOCKAGE,SB*,09-Feb-2016,ASB 407-14-106 Rev A,,,0:00, ,"Serial Numbers 53000 through 53900,53911 through 53999, 54000 through 54299 and 54300 through 54545 Note : Revision A of this ASB deletes Part II from this ASB and incorporates the requirements as a Conditional Inspection in BHT-407-MM, Chapter 5.",Select,Edit,Delete,View
,407-14-111,76,TB-407-14-111,"ENGINE FADEC SOFTWARE V5.400, INTRODUCTION OF",SB$,23-Jul-2014,TB-407-14-111,,,0:00, ,"Serial numbers 53000 through 53900, 53911 through 54175, and 54300 through 54570.",Select,Edit,Delete,View
D,407-15-107,28,ASB 407-15-107,"FUEL VENT HOSE, RECALL OF",SB#,03-Mar-2015,ASB 407-15-107,,,0:00, ,"Bell 407 models with Serial numbers 54152, 54153, 54156, 54496 through 54514, 54517 through 54520, 54524 through 54540, 54542 through 54548, 54551, 54555, and 54557 through 54559.",Select,Edit,Delete,View
D,407-15-107,28,ASB 407-15-107,"FUEL VENT HOSE, RECALL OF",SB#,03-Mar-2015,ASB 407-15-107,,,0:00, ,"Serial numbers 54152, 54153, 54156, 54496 through 54514, 54517 through 54520, 54524 through 54540, 54542 through 54548, 54551,54555, and 54557 through 54559.",Select,Edit,Delete,View
,407-15-108,63,ASB 407-15-108 Rev. B,"MAIN ROTOR MAST 407-040-038-123, INSPECTION AND REPAIR OF",SB*,03-Sep-2015,ASB 407-15-108 Rev. B,,,0:00, ,"Serial numbers 53000 through 53900, 53911 through 54159, and 54300 through 54574.(Refer SB for affected Mast S/N)",Select,Edit,Delete,View
,407-15-108,63,ASB 407-15-108 Revision A,"MAIN ROTOR MAST 407-040-038-123, INSPECTION AND REPAIR OF",SB*,11-Mar-2015,ASB 407-15-108 Revision A,,,0:00, ,"Serial numbers 53000 through 53900, 53911 through 54159, and 54300 through 54574.",Select,Edit,Delete,View
D,407-15-109,28,ASB 407-15-109,"FUEL CELL 407-362-632-105, RECALL OF",SB#,03-Mar-2015,ASB 407-15-109,,,0:00, ,"Bell 407 model with Serial numbers 54502 through 54514, 54517 through 54524, 54526 through 54538, 54540, 54542 through 54550, 54552 through 54554, 54556 through 54558, 54560 through 54566, 54570.",Select,Edit,Delete,View
D,407-15-109,28,ASB 407-15-109,"FUEL CELL 407-362-632-105, RECALL OF",SB#,03-Mar-2015,ASB 407-15-109,,,0:00, ,"Serial numbers 54502 through 54514, 54517 through 54524, 54526 through 54538, 54540, 54542 through 54550, 54552 through 54554, 54556 through 54558, 54560 through 54566, 54570.",Select,Edit,Delete,View
,407-15-110,12,ASB 407-15-110,"PYLON SUPPORT 407-030-425-101 AND STOP SUPPORT 407-030-428-101, INSPECTION AND REWORK OF.",SB,14-Jul-2015,ASB 407-15-110,,,0:00, ,"Serial numbers 54542 through 54546, 54548, 54551 and 54566.",Select,Edit,Delete,View
,407-15-110,54,ASB 407-15-110,"PYLON SUPPORT 407-030-425-101 AND STOP SUPPORT 407-030-428-101, INSPECTION AND REWORK OF",SB#,14-Jul-2015,ASB 407-15-110,,,0:00, ,"Serial numbers 54542 through 54546, 54548, 54551 and 54566.",Select,Edit,Delete,View
,407-15-111,1,ASB 407-15-111,"Seat Belt Comfort Clips, Removal of.",SB,11-Jan-2016,ASB 407-15-111,,,0:00, ,"Serial numbers 53000 through 53900, 53911 through 54166, and 54300 through 54599.",Select,Edit,Delete,View
,407-16-112 Rev C,21,ASB 407-16-112 Rev.C,"Air Conditioner Blower Motor Connector, Inspection of",SB,10-Jul-2019,ASB 407-16-112 Rev.C,,,0:00, ,"Serial number 53000 through 53900, 53911 through 54645. [Serial number 54646 and subsequent will have the intent of bulletin accomplished prior to delivery.]",Select,Edit,Delete,View
,407-16-113,65,ASB 407-16-113,"TAIL ROTOR DRIVESHAFT SEGMENT ASSEMBLY, INSPECTION OF",SB,12-Feb-2016,ASB 407-16-113,,,0:00, ,"Serial numbers 53000 through 53900, 53911 through 54166, and 54300 through 54657.",Select,Edit,Delete,View
,407-16-114,72,CEB-A-72-6085 R1,"ENGINE, COMBUSTION ASSEMBLY - INSPECTION OF OUTER COMBUSTION CASE P/N M250-10404",SB#,08-Dec-2016,ASB 407-16-114 Rev.A,,,0:00, ,"Serial number 54155, 54158, 54160, 54478 through 54484, 54487, 54488, 54490, 54496, 54497, and 54499 and subsequent.",Select,Edit,Delete,View
,407-16-114,72,CEB-A-72-6085 R3,"ENGINE, COMBUSTION ASSEMBLY - INSPECTION OF OUTER COMBUSTION CASE P/N M250-10404",SB*,03-Mar-2017,ASB 407-16-114 RC,,,0:00, ,"Serial number 54155, 54158, 54160, 54478 through 54484, 54487, 54488, 54490, 54496, 54497, 54499 through 54566, 54568 through 54657, 54659, 54660, 54662 through 54668, and 54670 through 54693.",Select,Edit,Delete,View
,407-16-119,100,TB 407-16-119,"ALTERNATE LUBRICANT AERIOL THIXO SYN AVIATION GREASE (C-172), INTRODUCTION OF",SB$,25-Aug-2016,TB 407-16-119,,,0:00, ,"Serial numbers 53000 through 53900, 53911 through 54166, and 54300 through 54699. [Serial number 54700 and subsequent will have the intent of this bulletin accomplished prior to delivery.]",Select,Edit,Delete,View
,407-16-120,29,ASB 407-16-120,"HYDRAULIC PRESSURE SWITCH 205-076-044- 007, INSPECTION AND ADDITION OF SAFETY WIRE.",SB$,07-Oct-2016,ASB 407-16-120,,,0:00, ,"Serial numbers 53000 through 53900, 53911 through 53999, 54000 through 54156, 54158 through 54166, 54300 through 54566, and 54568 through 54657, 54660, 54662 through 54668, 54671, 54674 through 54687. [Serial number 54157, 54567, 54658, 54659, 54661, 54669, 54670, 54672, 54673, 54688 and subsequent will have the intent of this bulletin accomplished prior to delivery",Select,Edit,Delete,View
,407-17-115,63,ASB 407-17-115,"MAIN ROTOR EXPANDABLE BLADE BOLT 406- 310-103-101 / -103, INSPECTION OF",SB,14-Feb-2017,ASB 407-17-115,,,0:00, ,"Serial numbers 53000 through 53900, 53911 through 54299, 54300 through 54566, 54568 through 54657, 54659, 54660, 54662 through 54668, 54671, 54672, 54674 through 54687, and 54693.",Select,Edit,Delete,View
,407-17-115,63,ASB 407-17-115,"MAIN ROTOR EXPANDABLE BLADE BOLT 406-310-103-101 / -103, INSPECTION OF",SB,13-Feb-2017,ASB 407-17-115,,,0:00, ,"Serial numbers 53000 through 53900, 53911 through 54299, 54300 through 54566, 54568 through 54657, 54659, 54660, 54662 through 54668, 54671, 54672, 54674 through 54687, and 54693.",Select,Edit,Delete,View
,407-19-118,79,ASB 407-19-118,"APPROVED ENGINE OILS DECAL 31-056-31DHHP, REPLACEMENT OF",SB,22-May-2019,ASB 407-19-118,,,0:00, ,"Serial numbers 54567, 54805 through 54816, 54819, 54820, 54826, 54828 through 54832, 54834 through 54838, 54841, 54843, and 54844.",Select,Edit,Delete,View
,407-19-119,21,`Air comm SB 407-021219,AIR COMM CORPORATION AIR CONDITIONER BLOWER MOTOR CONNECTOR,SB,10-Jul-2019,ASB 407-19-119,,,0:00, ,"Serial number 53000 through 53900, 53911 through 54805, 54807 through 54824, 54826, 54828 through 54832, 54834 through 54839, 54841 through 54845, and 54847.",Select,Edit,Delete,View
,407-19-119,21,ASB 407-19-119,AIR COMM CORPORATION AIR CONDITIONER BLOWER MOTOR CONNECTOR,SB,10-Jul-2019,ASB 407-19-119,,,0:00, ,"Serial number 53000 through 53900, 53911 through 54805, 54807 through 54824, 54826, 54828 through 54832, 54834 through 54839, 54841 through 54845, and 54847.",Select,Edit,Delete,View
,407-19-120 RB,20,ASB 407-19-120 RB,"FORWARD ENGINE FIREWALL PLUG BUTTON, INSPECTION AND INSTALLATION OF.",SB,30-Jul-2020,ASB 407-19-120 RB,,,0:00, ,"Serial numbers 54811 through 54813, 54815, 54816, 54819, 54832, 54841, 54842, and 54844.",Select,Edit,Delete,View
,412-15-170,1,ASB 412-15-170,"Seat Belt Comfort Clips, Removal of.",SB,20-Jan-2016,ASB 412-15-170,,,0:00, ,"Within 100 flight hours or no later than 21 February 2016, whichever occurs first.",Select,Edit,Delete,View
,72-6081,72,CEB 72-6081,"ENGINE, GEARBOX ASSEMBLY -- REPLACEMENT OF OIL DELIVERY TUBE (PICCOLO TUBE)",SB,19-Oct-2016,CEB 72-6081,,,0:00, ,"Engines All Rolls--Royce M250--C28, C30 (except the C30G and C30G/2 engines), and C47 Series engine models and gearbox modules built before November 30th, 2014 are affected by this bulletin.",Select,Edit,Delete,View
,72-6082,72,"TB 206L--14--250,TB 407--14--114","ENGINE -- TURBINE, REMOVAL OF AFT COMBUSTION DRAIN VALVE",SB$,17-Nov-2014,CEB 72-6082,,,0:00, ,All Rolls-Royce Model M250--C30P and M250--C47B engines operating in the Bell Helicopter airframe are affected by this bulletin as follows,Select,Edit,Delete,View
,73-6060,72,CEB--73--6060 Rev 1,"ENGINE, FUEL AND CONTROL -- NEW ECU SOFTWARE",SB,03-Sep-2014,SB 73-6060 Rev.1,,,0:00, ,"All Rolls-Royce Model M250 -C47B series engines with the following ECUs installed:C47B 23080490, 23088484 23088856",Select,Edit,Delete,View
,A01,5,FAA AD 97-24-17,Tail Rotor Drive Coupling Disc Pack Inspection,MOD*,16-Apr-1998,DGCA/Bell-407/1,,,0:00, ,"Model 407 helicopters, certificated in any category. To prevent failure of a tail rotor drive coupling disc pack (disc pack coupling), part number (P/N) 406-040-340-101",Select,Edit,Delete,View
,A02,53,CANADIAN AD CF 98-36R7,To Minimise the Risk of Tail Boom Strike During Flight,MOD,01-Feb-2000,DGCA/Bell-407/2,,,0:00, ,"Model 407 helicopters, serial numbers 53000 to 53399, except 53397.",Select,Edit,Delete,View
,A03,79,"FAA AD 2002-06-52,ASB 407-04-63 Rev B",FAA AD 2002-06-52 Cancelled and superseded by FAA AD 2004-10-07,MOD*,15-Mar-2002,DGCA/Bell-407/3,,,0:00, ,"Model 407 helicopters,oil cooler blower bearing,P/N 406-040-339-ALL, 407-340-339-101 or -103, installed, certificated in any category.",Select,Edit,Delete,View
,A04,25,TC AD CF 99-25,"To Ensure Safety Of The Crew, Replace The Crew Seat Restraint Assemblies",MOD,12-Nov-1999,DGCA/Bell-407/4,,,0:00, ,"Model 407 helicopters, serial numbers 53000 through 53342 and 53344.",Select,Edit,Delete,View
,A05,55,TC AD CF 2000-09 R1,Horizontal Stabilizer Slats,MOD,26-Jul-2002,DGCA/Bell-407/5,,,0:00, ,"Model Bell 407 helicopters,S/N 53000 through 53498 and 53500 through 53512.",Select,Edit,Delete,View
,A06,67,FAA AD 2000-04-20,To prevent intermittent loss of hydraulic pressure to the flight controls,MOD,05-Apr-2000,DGCA/Bell-407/6,,,0:00, ,"Model 407 helicopters, S/N 53000 through 53266, inclusive, certificated in any category.",Select,Edit,Delete,View
,A07,52,FAA AD 2000-04-25,To Prevent a Door Latch Rod Assembly From Disengaging From The Door Handle,MOD,12-Apr-2000,DGCA/Bell-407/7,,,0:00, ,"S/n 53000 through 53228, with door latch assemblies,P/N 20898-401, -402, -405, and -406, installed, certificated in any category.",Select,Edit,Delete,View
,A08,53,FAA AD 2000-06-10,To Prevent Seperation Of The Tail Boom And Subsequent Loss of Control,MOD*,14-Apr-2000,DGCA/Bell-407/8,,,0:00, ,"Model 407 helicopters, S/N 53000 thru 53475 with tail boom P/N 407-030-801-101/-105/-107 or 407-530-014-101-/-103,(ASB 407-01-48 Rev.B), certified in any category.",Select,Edit,Delete,View
,A09,64,DGCA let dt. 22-05-2001,Cancelled,MOD#,22-May-2001,DGCA/Bell-407/9,,,0:00, ,Cancelled,Select,Edit,Delete,View
,A10,77,FAA AD 2001-13-02,To Assist The Pilot Identifying a Specific Warning Horn.,MOD,07-Aug-1998,DGCA/Bell-407/10,,,0:00, ,"Model 407 helicopters, serial numbers 53000 through 53194, certificated in any category.",Select,Edit,Delete,View
,A11,53,TC AD CF-2008-04/ ASB 407-07-80,Tailboom Inspection and Modification,MOD*,17-Apr-2002,DGCA/Bell-407/11,,,0:00, ,Model 407 helicopters tail booms P/N 407-030-801-107 and 407-530-014-101/-103 installed.,Select,Edit,Delete,View
,A12,63,TC AD CF-2001-24/ TC AD CF-2002-03 R2,K-Flex Drive Shaft,MOD*,28-Feb-2002,DGCA/Bell-407/12,,,0:00, ,Model 407 helicopters serial number 53000 through 53509.,Select,Edit,Delete,View
,A13,28,TC AD CF 2001-30 R1,Fuel Line,MOD,10-Aug-2001,DGCA/Bell-407/13,,,0:00, ,"Model : 407 helicopters, S/N 53000 through 53174.",Select,Edit,Delete,View
,A14,64,TC AD CF-2001-32,Forward Bearing Hangar Support,MOD*,20-Aug-2001,DGCA/Bell-407/14,,,0:00, ,"Model : 407 helicopters, serial numbers 53000 to 53442 with flywheel 407-040-316-101 installed",Select,Edit,Delete,View
,A15,28,TC AD CF-2001-34,Fuel Filler Cap Electrical Bonding,MOD,31-Oct-2001,DGCA/Bell-407/15,,,0:00, ,"Model:407 helicopters, S/N 53000 to 53479 inclusive.",Select,Edit,Delete,View
,A16,66,"TC AD CF-1998-09R1, ASB407-97-14'C'",Tail Rotor Gear Box,MOD*,01-Mar-2002,DGCA/Bell-407/16,,,0:00,Form No: Bell 407/407GX/06,Model: Bell 407 Helicopters.,Select,Edit,Delete,View
,A17,65,TC AD CF 2002-32R1,Tail Boom-Tail Rotor Gearbox Support Casting,MOD*,07-Feb-2003,DGCA/Bell-407/17,,,0:00, ,"407 Helicopters s/n 53000 thru 53475, tailboom assemblies P/N 407-030-801-105,-107 or 407-530-014-103,s/n 53390 thru 53440, 53449, BP921, BP1014 TGB support casing p/n 406-030-121-105 as s/n980867/01,",Select,Edit,Delete,View
,A18,67,TC AD CF 2002-46,Swash Plate Drive Link,MOD,06-Nov-2002,DGCA/Bell-407/18,,,0:00, ,Model: 407 Helicopter with serial no 53000 to 53538.,Select,Edit,Delete,View
,A19,65,TC AD CF-2002-18R3,Tail Rotor Driveshaft Bearings.,MOD*,15-Mar-2002,DGCA/Bell-407/19,,,0:00, ,"Model: 407 helicopters: Parts A and C:s/n 53000 thru 53518, Parts B and D:all s/n, Parts E and F:s/n 53000 thru 53590.",Select,Edit,Delete,View
,A20,65,"TC AD CF-2003-10, ASB 407-03-57",Tail Rotor Gearbox Case Oil Feed Gallery,MOD,06-Jun-2003,DGCA/Bell-407/20,,,0:00, ,"Model 407 Helicopters S/N 53000 through 53498, 53500 through 53522, 53524 and 53526, equipped with TGB case P/N 406-040-406-109 or 406-040-406-113.",Select,Edit,Delete,View
,A21,32,TC AD CF 2004-03,Landing Gear (Cross Tubes),MOD,22-Mar-2004,DGCA/Bell-407/21,,,0:00, ,All Model 407 helicopters.,Select,Edit,Delete,View
,A22,72,TC AD CF 2004-09R1,Power Turbine RPM Steady State Operation Avoidance.,MOD,28-Jul-2005,DGCA/Bell-407/22 R1,,,0:00, ,"Model 407 helicopters, serial numbers 53000 to 53644.",Select,Edit,Delete,View
,A23,63,AD CF 2004-17R1,Free Wheel Lubrication,MOD,11-Feb-2005,DGCA/Bell-407/23 R1,,,0:00, ,"206L-4 and 407 helicopters with freewheel aft bearing cap, P/N 406-040-509-101, S/N A-1833 thru A-1912,installed.",Select,Edit,Delete,View
,A24,62,TC AD CF 2005-32,Main Rotor Overspeed When Switching FADEC to Manual Mode.,MOD,26-Sep-2005,DGCA/Bell-407/24,,,0:00, ,Model 407 helicopters; serial numbers 53000 through 53655.,Select,Edit,Delete,View
,A25,55,TC AD CF 2007-03,Horizontal Stabilizer - Manufacturing Flaws,MOD*,12-Apr-2007,DGCA/Bell-407/25,,,0:00, ,"Models: 206L series and 407 ASB 206L-06-141, ASB-407-06-72 (Serial Number Verification - Refer AD)",Select,Edit,Delete,View
,A26,66,TC AD CF 2007- 14,Disc Assemblies - Tail Rotor driveshaft (Thomas Coupling),MOD,17-Sep-2007,DGCA/Bell-407/26,,,0:00, ,"Bel 407 helicopters S/N up to 53709, 53711 through 53716, 53718, 53720 through 53722 and Model 427 helicopters S/N up to 56056 and 58001 through 58002.",Select,Edit,Delete,View
,A27,29,TC AD CF-2009-03,Hydraulic Pump - Driveshaft Assembly,MOD,26-Feb-2009,DGCA/Bell-407/27,,,0:00, ,Bell 407 helicopters S/N 53000 thru 53408 and 53421 through 53459. This directive does not affect helicopters equipped with input shaft P/N 407-340-107-101 & adapter P/N 407-340-108-101 installed.,Select,Edit,Delete,View
,A28,11,TC AD CF-2009-06/ASB 407-08-82'A',Placard – Gas Producer RPM (NG) Limitation,MOD,18-Mar-2009,DGCA/Bell-407/28,,,0:00, ,"Bell 407 helicopters, serial numbers 53000 through 53862.",Select,Edit,Delete,View
,A29,100,"TC AD CF-2009-10 R1, ASB 407-09-85",Cyclic Control Lever Assembly installation,MOD,27-Aug-2009,DGCA/Bell 407/29 R1,,,0:00, ,"Model 407, 206A and 206B helicopters with less than 50 flight hours in service or with a cyclic lever assembly installed within the last 50 flight hours. Dt : 27-Aug-2009",Select,Edit,Delete,View
,A30,65,TC AD CF-2009-07 & ASB 407-08-84,Tailboom – Skin Cracking,MOD*,06-Apr-2009,DGGA/Bell 407/30,,,0:00,Part of Form No: Bell 407/10,"Bell Helicopter Textron Canada (BHTC) Model 407 helicopters with tailboom P/N 407-030-801-201, -203 or -205.",Select,Edit,Delete,View
,A31,27,TC AD CF-2009-14/ ASB 407-09-87,Anti-drive Link Assembly – Incorrect Installation of Bearing,MOD,21-May-2009,DGCA/Bell-407/31,,,0:00, ,"Model Bell 407 with anti-drive link assy P/N 406-010-432-101 with s/n prefix TI or TIFS with S/N 53000 thru 53887, 53890 thru 53916, 53918, 53920, 53921, 53923 thru 53926, and 53928.",Select,Edit,Delete,View
,A32,27,TC AD 2009-32,Bearings in Flight Controls,MOD,28-Aug-2009,DGCA/Bell 407/32,,,0:00, ,"Bell 407 helicopter, Serial number 53000 through 53887, 53890 through 53916, 53918, 53920, 53921,53923 through 53926, 53928.",Select,Edit,Delete,View
,A33,65,FAA AD 2010-26-51,"To prevent loss of the blade tip weight, loss of a blade, and subsequent loss of control of the helicopter.",MOD,25-Mar-2011,DGCA/Bell 407/33,,,0:00, ,"Model 206A, 206B, 206L, 206L-1, 206L-3, 206L-4, 222, 222B, 222U, 230, 407, 427, and 430 helicopters, with a tail rotor blade (blade) having a P/N 406-016-100-119 and S/N as listed in ASB 407-07-81 rev.B, Dt: 29-Nov-2010.",Select,Edit,Delete,View
,A34,29,FAA AD 2012-14-07,The Joint Aircraft System/Component (JASC) Code is: 6730: Rotorcraft Servo System.,MOD,13-Sep-2012,DGCA/Bell 407/34 R2,,,0:00, ,"Model 407, serial numbers 53000 through 53900, 53911 through 53999 and 54000 through 54081 equipped with servo actuators part number 206-076-062-105 or 206-076-062-107.",Select,Edit,Delete,View
,A35,64,FAA AD 2012-18-09 ASB 407-10-93 Rev A.,An Unsafe Condition As An Incorrect Torque Value Of The Tail Boom Attachment Bolt During Manufactures Exceeds The Torque Range For The Bolts.,MOD*,12-Dec-2011,DGCA/ Bell 407/35,,,0:00,Form No: Bell 407/407GX/06,"AD applies to BHTC Model 407 helicopters, serial numbers 53000 through 53990,certificated in any category.",Select,Edit,Delete,View
,A36,64,FAA AD 2013-12-07,"Unsafe Condition as High Stress concentration areas in the tail boom skin that are at risk of cracking this condition could result in crack in the tail boom assembly, failure of the tail boom and subsequent loss of helicopter control.",MOD*,01-Aug-2013,DGCA/ Bell 407/36,,,0:00,Part of Form No: Bell 407/407GX/10,"BHTC Model 407 helicopters, with tailboom assembly part number (P/N) 407-030-801-201, 407-030-801-203, or 407-030-801-205, certificated in any category.",Select,Edit,Delete,View
,A37,27,FAA AD 2013-18-06,Unsafe Condition as Bearing that may not have been staked as required and may migrate out of their proper position and limit the limit functionality of the affected parts..(Ref: ASB 407-09-88),MOD,17-Sep-2013,DGCA/ Bell 407/37,,,0:00, ,"Applies to Model 206A, 206B, 206L, 206L-1, 206L-3, 206L-4, 222, 222B, 222U, 230,407, 427, and 430 helicopters as follows",Select,Edit,Delete,View
,A38,81,FAA AD 2013-20-05,Defines the unsafe condition as a third stage turbine vibration which could result in turbine failure engine power loss and subsequent loss of control of the helicopter,MOD,18-Nov-2013,DGCA/ Bell 407/38,,,0:00, ,"Bell Model 407 helicopters, serial numbers 53000 through 53644, certificated in any category",Select,Edit,Delete,View
,A39,27,FAA AD 2013-22-01,Unsafe condition as certain caps beings manufactured without a lubrication channel to allow oil flow int o the AFT bearing support assembly which could result in failure off the freewheel unit and subsequent loss of the control of the helicopter,MOD,18-Nov-2013,DGCA/ Bell 407/39,,,0:00, ,"Model 206L-4 and 407 helicopters, with a freewheel aft bearing cap (cap), part number (P/N) 406-040-509-101, with a serial number with a prefix of ‘‘A-'' and Nos. 1833 through 1912, installed, certificated in any category.",Select,Edit,Delete,View
,A39,63,FAA AD 2013-22-01,Unsafe condition as certain caps beings manufactured without a lubrication channel to allow oil flow int o the AFT bearing support assembly which could result in failure off the freewheel unit and subsequent loss of the control of the helicopter (Ref: ASB 407-04-66A),MOD,31-Oct-2013,DGCA/ Bell 407/39,,,0:00, ,"Model 206L-4 and 407 helicopters, with a freewheel aft bearing cap (cap), part number (P/N) 406-040-509-101, with a serial number with a prefix of ‘‘A-'' and Nos. 1833 through 1912, installed, certificated in any category.",Select,Edit,Delete,View
,A40,32,FAA AD 2013-22-21,Unsafe condition as incorrectly installed float inflation hoses which could result in failure of the emergency floats to inflate during an emergency,MOD,28-Nov-2013,DGCA/ Bell 407/40,,,0:00, ,"Bell Helicopter Textron, Inc. (Bell), Model 206A, 206B, 206L, 206L-1, 206L-3, 206L-4, and 407 helicopters with an Apical Industries, Inc. (Apical), emergency float kit installed under Supplemental Type Certificate (STC) Number SR01535LA",Select,Edit,Delete,View
D,A41,64,FAA AD 2014-04-07,"Unsafe condition as cracks in the tailboom skin on the left side in the area of horizontal stabilizer, which could result in separation of the tailboom and subsequent loss of control of the helicopter.",MOD,23-Jun-2014,DGCA/Bell 407/41,,,0:00, ,"This AD applies to Model 407 helicopters, serial numbers 53000 through 53475, with tailboom, part number (P/N) 407-030-801-101, -105, or -107, or 407-530-014-101 or -103, installed, certificated in any category.",Select,Edit,Delete,View
D,A41,64,FAA AD 2014-04-07,"Unsafe condition as cracks in the tailboom skin on the left side in the area of horizontal stabilizer, which could result in separation of the tailboom and subsequent loss of control of the helicopter.",MOD,23-Jun-2014,DGCA/Bell 407/41,,,0:00, ,"This AD applies to Model 407 helicopters, serial numbers 53000 through 53475, with tailboom, part number (P/N) 407-030-801-101, -105, or -107, or 407-530-014-101 or -103, installed, certificated in any category.",Select,Edit,Delete,View
,A42,53,FAA AD 2015-05-04 ASB 407-11-95,"THE UNSAFE CONDITION AS A CRACK IN THE AFT FUSELAGE UPPER SKIN OR A CRACK, CORROSION, OR DEFECT IN THE LONGERON ASSEMBLY. THIS CONDITION COULD CAUSE STRUCTURAL FAILURE AND CONSEQUENTLY, LOSS OF HELICOPTER CONTROL.",MOD*,13-Apr-2015,DGCA/Bell 407/42,,,0:00, ,"This MOD applies to Bell Helicopter Textron Canada (BHTC) Model 407 helicopters, with a serial number 53000 through 53900, 53911 through 54061, and 54300, with an upper left longeron assembly (longeron assembly), part number (P/N) 206-031-314-037, 206-031-314-177, or 206-031-314-219B, installed, certificated in any category.",Select,Edit,Delete,View
,A43,63,FAA AD 2015-17-02,THE UNSAFE CONDITION AS FAILURE OF A DRIVESHAFT DUE TO CRACKING OF THE FLEX FRAME ON THE FORWARD END OF THE DRIVESHAFT. THIS CONDITION COULD RESULT IN LOSS OF DRIVE TO THE MAIN ROTOR SYSTEM AND A SUBSEQUENT EMERGENCY FORCED LANDING,MOD#,23-Sep-2015,DGCA/BELL 407/43,,,0:00, ,"This MOD applies to Model 206L-4, 407, 427, and 429 helicopters with an engine-to-transmission driveshaft assembly (driveshaft), part number (P/N) 206-340-300-105, installed, certificated in any category.",Select,Edit,Delete,View
,AD01.0,100,CEB-A-73-6010/12/14,Action Req'd to Return Fleet Back to flight Status,AD,03-Dec-1996,TC AD CF-96-19 R4,,,0:00, ,BHTC Model 407 helicopters. All Allison model 250-C47B engines with Chandler Evans Model EMC-35 Electronic Control Unit Assembly (ECU) installed and any field support units,Select,Edit,Delete,View
,AD02,65,ASB 407-97-7,Tail Rotor Hanger Bearing Support Gap,AD,08-Jul-1997,TC AD CF-97-08,,,0:00, ,"Model 407 helicopters, serial numbers 53000, 53002 through 53065, 53067, and 53069 through 53075.",Select,Edit,Delete,View
,AD03,100,ASB 407-97-8,Min Fuel Flow Overspeed Valve- Flight Manual Amend,AD,29-Sep-1997,TC AD CF-97-15,,,0:00, ,"BHTC Model 407 helicopters, s/n 53001 to 53166 inclusive.",Select,Edit,Delete,View
,AD05,5,TC AD CF-97-20 R1,Thomas Coupling - Cancellation of 25 Hour Inspection,AD,24-Dec-1999,TC AD CF-97-20 R1,,,0:00, ,BHTC Model 407 helicopters fitted with Thomas coupling pack P/N 406-040-340-101.,Select,Edit,Delete,View
,AD08,66,ASB 407-97-14 Rev. C,Tail Rotor Gearbox (Referred SB issue Dt: 12/04/2001),AD*,01-Mar-2002,TC AD CF-1998-09 R1,,,0:00,Form No: Bell 407/407GX/06,BHTC Model 407 Helicopters. Part I: Helicopter S/N upto 53505. Part II: All S/Ns,Select,Edit,Delete,View
,AD11,25,CAR 702.21,Helicopter External Rescue Systems,AD,14-Aug-1998,TC AD CF-98-15,,,0:00, ,"All helicopter external rescue systems (ERS) including, but not limited to, emergency mountain rescue systems installed per Supplemental Type Approval SH82-3 Issues 1, 2, 3, 4 and 5.",Select,Edit,Delete,View
,AD13-01,97,US-98-25-02,SKYWATCH ANTENNA,AD,27-Nov-2014,US-98-25-02,,,0:00, ,"SKYWATCH SKY497 installations with a top-mounted antenna that are installed on, but not limited to, the following aircraft, all serial numbers, certificated in any category: Bell 407 Helicopters.",Select,Edit,Delete,View
,AD16,63,ASB 407-99-25,Main Rotor pitch Horn Assembly,AD,11-Feb-1999,TC AD CF-99-02,,,0:00, ,"BHTC Model 407 helicopters, serial numbers 53000 thru 53321, and 53323 thru 53326.",Select,Edit,Delete,View
,AD17,4,TC AD CF-1999-04 R1,Time Limits and Maintenance Checks – Changes to Component Retirement Lives,AD,28-Jan-2016,TC AD CF-1999-04 R1,,,0:00, ,"Bell Helicopter Textron Canada Ltd. (BHTC) model 407 helicopters, serial numbers 53000 and subsequent",Select,Edit,Delete,View
,AD18,65,ASB 407-98-23,Oil Cooler Hangar Bearing,AD,30-Apr-1999,TC AD CF-99-08,,,0:00, ,"BHTC Model 407 helicopters, serial numbers 53000 through 53321 inclusive.",Select,Edit,Delete,View
,AD19,53,ASB 407-01-48,Tailboom Inspection and Modification,AD,17-Apr-2002,TC AD CF-1999-17 R2,,,0:00, ,superseded by TC AD CF 2008-04,Select,Edit,Delete,View
,AD20,52,ASB 407-99-30,Door Latch Mechanism baseplate Assembly,AD,03-Sep-1999,TC AD CF-99-19,,,0:00, ,"BHTC Model 407 helicopters, serial numbers 53000 through 53334.",Select,Edit,Delete,View
,AD21,25,ASB 407-99-29,Crew Seat Belt,AD,12-Nov-1999,TC AD CF-99-25,,,0:00, ,"Model 407 helicopters, serial numbers 53000 through 53342 and 53344.",Select,Edit,Delete,View
,AD22,100,TC AD CF-2000-02,CF-2000-02 Cancellation Notice AD Superseded by CF-2002-18,AD#,26-Mar-2004,TC AD CF-2000-02,,,0:00, ,Cancelled,Select,Edit,Delete,View
,AD27,63,ASB 407-01-39 Rev.A,Forward Bearing Hanger Support,AD*,20-Aug-2001,TC AD CF-2001-32,,,0:00, ,"BHTC Model 407 helicopters, serial numbers 53000 to 53442 with flywheel 407-040-316-101 installed.",Select,Edit,Delete,View
,AD28.1,63,407-01-45 Rev. B,KAflex Drive Shaft,AD,26-Sep-2013,TC AD CF-2002-03 R3,,,0:00, ,"Bell Helicopter Textron Canada (BHTC) model 206L-4, 407, 427 and 429 helicopters.",Select,Edit,Delete,View
,AD29,65,ASB 407-01-45 Rev. “B”,KAflex Drive Shaft,AD,10-Oct-2013,TC AD CF-2002-03 R3,,,0:00, ,"BHTC Models 206L-4, 407 and 427 helicopters.",Select,Edit,Delete,View
,AD30,65,ASB 407-04-63,Tail Rotor Drive Shaft Bearings,AD,15-Mar-2002,TC AD CF-2002-18 R3,,,0:00, ,"Model 407 helicopters,Part A&B-S/N 53000 thru 53518.Part B&D-all S/N's.Part E&F-S/N 53000 thru 53590.",Select,Edit,Delete,View
,AD32,63,ASB 407-02-55,Swashplate Drive Link,AD,06-Nov-2002,TC AD CF-2002-46,,,0:00, ,Model 407 helicopters serial number 53000 to 53538.,Select,Edit,Delete,View
,AD33,66,ASB 407-03-57 Rev.B,Tail Rotor Gearbox Case Oil Feed Gallery,AD,06-Jun-2003,TC AD CF-2003-10,,,0:00, ,"BHTC Model 407 Helicopters S/N 53000 through 53498, 53500 through 53522, 53524 and 53526, equipped with TGB case P/N 406-040-406-109 or 406-040-406-113.",Select,Edit,Delete,View
,AD34,32,ASB 407-03-59,Landing Gear (Cross Tubes),AD,22-Mar-2004,TC AD CF-2004-03,,,0:00, ,All Model 407 helicopters,Select,Edit,Delete,View
,AD35,77,ASB 407-05-67,Power Turbine RPM Steady-State Operation Avoidance,AD,28-Jul-2005,TC AD CF-2004-09 R1,,,0:00, ,"BHTC Model 407 helicopters, serial numbers 53000 to 53644.",Select,Edit,Delete,View
,AD36,72,ASB 407-04-66 Rev.A,Bell Helicopter 206L-4 and 407 – Freewheel Lubrication,AD,11-Feb-2005,TC AD CF-2004-17 R1,,,0:00, ,"Models 206L-4 and 407 helicopters with freewheel aft bearing cap, P/N 406-040-509-101, s/n A-1833 thru A-1912. All spare aft bearing caps are to be inspected for applicability.",Select,Edit,Delete,View
,AD37,77,ASB 407-05-69,Main Rotor Overspeed When Switching FADEC to Manual Mode.,AD,26-Sep-2005,TC AD CF-2005-32,,,0:00, ,BHTC Model 407 helicopters; serial numbers 53000 through 53655.,Select,Edit,Delete,View
,AD38,55,ASB 407-06-72,Horizontal Stabilizer - Manufacturing Flaws,AD*,12-Apr-2007,TC AD CF-2007-03,,,0:00, ,"BHTC Models: 206L series and 407, for serial number of the horizontal stabilizer refer AD.",Select,Edit,Delete,View
,AD39,63,ASB 407-07-76,Disc Assemblies – Tail rotor driveshaft (Thomas Couplings),AD,17-Sep-2007,TC AD CF-2007-14,,,0:00, ,"BHTC Model 407 helicopters S/N up to 53709, 53711 thru 53716, 53718, 53720 thru 53722 and Model 427 helicopters S/N up to 56056 and 58001 thru 58002. Note: If manufacturing date is not between 1 November 2005 and 30 November 2006, the Disc Assemblies do not require further action.",Select,Edit,Delete,View
,AD40,64,ASB 407-07-81 Rev.B,Tail Rotor Blades,AD,30-Nov-2010,TC AD CF-2007-21 R1,,,0:00, ,"BHTC Helicopter Models: 206 series, 222 series, 230, 407 and 430. P/N 406-01, 6-100-119 with S/N A-3664 A-3668,A-3670,A-3683,A-3725,A-3758,A-3759,A-3786,A-3787,A-3922,A-3925 A-4089,A-4091,A-4094",Select,Edit,Delete,View
,AD41,53,ASB 407-07-80 Rev. A,Tailboom Inspection,AD*,11-Jan-2008,TC AD CF-2008-04,,,0:00, ,Model 407 helicopters with tailbooms P/N 407-030-801-107 and 407-530-014-101/-103 installed.,Select,Edit,Delete,View
,AD42,11,ASB 407-08-83,Hydraulic Pump – Driveshaft Assembly,AD,04-Mar-2009,TC AD CF-2009-03,,,0:00, ,Bell 407 H/C S/N 53000 thru 53408 & 53421 thru 53459. This AD does not affect helicopters equipped with input shaft P/N 407-340-107-101 & adapter P/N 407-340-108-101 installed IAW TB 407-01-30'A'.,Select,Edit,Delete,View
,AD43,11,ASB 407-08-82 'A',Placard – Gas Producer RPM (NG) Limitation,AD,18-Mar-2009,TC AD CF-2009-06,,,0:00, ,"Belll 407 helicopters, serial numbers 53000 through 53862.",Select,Edit,Delete,View
,AD44,51,ASB 407-08-84,Tailboom - Skin Cracking (Referred SB Issue Dt: 18-Aug-2008),AD*,11-Mar-2009,TC AD CF-2009-07,,,0:00,Part of Form No: Bell 407/407GX/10,"Bell 407 helicopters with tailboom P/N 407-030-801-201, -203 or -205.",Select,Edit,Delete,View
,AD45,27,ASB 407-09-85,Cyclic Control Lever Assembly Installation,AD,15-Sep-2009,TC AD CF-2009-10 R1,,,0:00, ,"Bell 407, 206A, 206B series, 206L series, all s/n helicopters with less than 50 flight hrs in service or with cyclic lever assy installed within the last 50 flight hrs.",Select,Edit,Delete,View
,AD46,100,ASB 407-09-87,Anti-drive Link Assembly – Incorrect Installation of Bearing,AD,06-May-2009,TC AD CF CF-2009-14,,,0:00, ,"Model 407 - serial number 53000 through 53887, 53890 through 53916, 53918, 53920, 53921, 53923 through 53926, and 53928.",Select,Edit,Delete,View
,AD47,67,ASB 407-09-88,Bearings in Flight Controls,AD,10-Aug-2009,TC AD CF-2009-32,,,0:00, ,"Model 407 helicopters serial number 53000 through 53887, 53890 through 53916, 53918, 53920, 53921, 53923 through 53926, 53928.",Select,Edit,Delete,View
,AD48,55,ASB 407-10-93 Rev. A,Over-torque of Tailboom Attachment Hardware,AD*,13-Oct-2010,TC AD CF-2010-33,,,0:00,Form No: Bell 407/407GX/06,Bell Helicopter Textron Canada Ltd. Model 407 helicopter serial number 53000 through 53990.,Select,Edit,Delete,View
,AD48.,64,ASB 407-10-93 Rev. A,Over-torque of Tailboom Attachment Hardware.,AD*,13-Oct-2010,TC AD CF-2010-33,,,0:00, ,Bell Helicopter Textron Canada Ltd. Model 407 helicopter serial number 53000 through 53990.,Select,Edit,Delete,View
,AD49,29,ASB 407-11-96 Rev.B,Incorrect Assembly of Hydraulic Servo Actuators,AD,22-Dec-2011,TC EAD TC-2011-17R1,,,0:00, ,"Model 407, serial numbers 53000 through 53900, 53911 through 53999 and 54000 through 54081 equipped with servo actuators part number 206-076-062-105 or 206-076-062-107.",Select,Edit,Delete,View
,AD49-01,32,FAA AD 2011-25-01,(Apical) Emergency Float Kits,AD,17-Jan-2012,FAA AD 2011-25-01,,,0:00, ,"The helicopter models, certificated in any category, with an Emergency Float Kit with a part number (P/N) and serial number (S/N), installed by a supplemental type certificate (STC),",Select,Edit,Delete,View
,AD50,53,ASB 407-11-95 Rev C,Longeron Cracking,AD*,05-Jun-2019,TC AD CF-2011-42 R1,,,0:00, ,"Model 407, Serial Number 53000 through 53900, 53911 thorugh 54061 and 54300.",Select,Edit,Delete,View
,AD51,32,SB 2010-33 Rev C,"To define the unsafe condition as incorrectly installed float inflation hose, which could result in failure of the emergency floats to inflate fully during emergency landing",AD,30-Oct-2013,FAA AD 2013-22-21,,,0:00, ,"Applicable to Bell model 206A, 206B 206L and 407 series with emergency float kit installed.",Select,Edit,Delete,View
,AD52,20,TC-CF-2014-26,"Standard Practices - Helicopter External Transport System (HETS) – Unapproved Parts, Inadequate Service Life Limits and Maintenance Requirements",AD,28-Aug-2014,TC-CF-2014-26,,,0:00, ,"Bell Helicopter Textron Canada Ltd. model 206B, 206L, 206L-1, 206L-3, 206L-4 and 407.",Select,Edit,Delete,View
,AD54,65,ASB 407-16-113,Tail Rotor Drive System – Failure of Tail Rotor Drive Shaft Splined Connection,AD*,07-Jul-2016,TC AD CF-2016-21,,,0:00,Part of Form No: Bell 407/407GX/10,Bell Helicopter Textron Canada Limited (BHTC) model 407 helicopters – all serial numbers.,Select,Edit,Delete,View
,ASB 407- 21- 123,64,ASB 407- 21- 123 Part II,"TAILBOOM ASSEMBLY, NEW AIRWORTHINESS LIMITATION SCHEDULE (ALS) INSPECTION REQUIREMENT.",SB*,21-Jul-2021,ASB 407- 21- 123,,,0:00, ,"Serial number 53000 through 53900, 53911 through 54166, and 54300 and subsequent.",Select,Edit,Delete,View
,ASB 407-10-93 Rev.A,53,ASB 407-10-93 Rev.A,"tailboom attachment hardware, replacement of",SB*,30-Aug-2010,ASB 407-10-93 Rev.A,,,0:00, ,Model 407 Helicopters serial number 53000 through 53990.,Select,Edit,Delete,View
,ASB 407-20-121,25,407-20-121,"SIDE BODY FAIRING FASTENERS, DETAILED VISUAL INSPECTION OF.",SB*,15-Jan-2021,ASB 407-20-121,,,0:00, ,MODEL AFFECTED-407,Select,Edit,Delete,View
,ASB 407-21-122,62,407-21-122,"MAIN ROTOR PITCH LINK TUBE ASSEMBLY 406-010-413-119/-133/-139, INSPECTION AND APPLICATION OF TORQUE SEAL LACQUER.",SB,08-Feb-2021,ASB 407-21-122,,,0:00, ,"Serial numbers 53000 through 53900, 53911 through 53999, 54000 through 54166, 54300 through 54891, 54893, 54894, 54896 through 54903, 54905, 54906, 54908 through 54910, 54912 through 549921, 54923, 54925, 54927, and 54929 through 54941.",Select,Edit,Delete,View
,ASB 407-21-122 Part II,62, ,"MAIN ROTOR PITCH LINK TUBE ASSEMBLY 406-010-413-119/-133/-139, INSPECTION AND APPLICATION OF TORQUE SEAL LACQUER.",SB*,09-May-2021,ASB 407-21-122 Part II,,,0:00, ,"Serial numbers 53000 through 53900, 53911 through 53999, 54000 through 54166, 54300 through 54891, 54893, 54894, 54896 through 54903, 54905, 54906, 54908 through 54910, 54912 through 549921, 54923, 54925, 54927, and 54929 through 54941.",Select,Edit,Delete,View
,ASB 407-21-123,53,ASB 407-21-123,"TAILBOOM ASSEMBLY, NEW AIRWORTHINESS LIMITATION SCHEDULE (ALS) INSPECTION REQUIREMENT.",SB*,06-Jul-2021,ASB 407-21-123,,,0:00, ,"Serial number 53000 through 53900, 53911 through 54166, and 54300 and subsequent.",Select,Edit,Delete,View
,ASB 407-21-123,64,ASB 407-21-123,"TAILBOOM ASSEMBLY, NEW AIRWORTHINESS LIMITATION SCHEDULE (ALS) INSPECTION REQUIREMENT.",SB,06-Jul-2021,ASB 407-21-123,,,0:00, ,"Serial number 53000 through 53900, 53911 through 54166, and 54300 and subsequent.",Select,Edit,Delete,View
,ASB 407-21-124,28,ASB 407-21-124,"FUEL SYSTEM STANDPIPE ASSEMBLY 407-062-032-103, ONE-TIME INSPECTION AND REWORK OF.",SB,01-Feb-2022,ASB 407-21-124,,,0:00, ,"Serial numbers 54832 through 54931, 54933 through 54939, and 54942 through 54954.",Select,Edit,Delete,View
,ASB 407-21-125,67,ASB 407-21-125,"COLLECTIVE PITCH TRANSDUCER 412-074-101-107, INTRODUCTION OF.",SB,28-Sep-2021,ASB 407-21-125,,,0:00, ,"Serial numbers 54304, 54567, 54805 through 54969.",Select,Edit,Delete,View
,ASB 407-21-126,67,ASB 407-21-126,"PILOT CYCLIC CONTROL STICK BALANCE, ONE-TIME VERIFICATION OF.",SB,06-Oct-2021,ASB 407-21-126,,,0:00, ,"Serial numbers 54300 through 54752, and 54805 through 54951.",Select,Edit,Delete,View
,ASB 407-22-127,63,ASB 407-22-127,"FREEWHEEL ASSEMBLY AFT CAP 406-040-509- 101, INSPECTION OF.",SB,20-Oct-2022,ASB 407-22-127,,,0:00, ,"Serial numbers 54641, 54737 through 54750, 54752, 54807, 54809 through 54812, 54814, 54825, and 54903",Select,Edit,Delete,View
,ASB 407-22-127 RA,65,ASB 407-22-127 RA,"FREEWHEEL ASSEMBLY AFT CAP 406-040-509-101, INSPECTION OF.",SB,09-Nov-2022,ASB 407-22-127 RA,,,0:00, ,"Serial numbers 54641, 54737 through 54750, 54752, 54807, 54809 through 54812, 54814, 54825, and 54903",Select,Edit,Delete,View
,ASB 407-22-128,53,ASB 407-22-128,"TAILBOOM ATTACHMENT HARDWARE AND FITTINGS, ONE-TIME TORQUE CHECK AND INSPECTION OF.",SB,08-Dec-2022,ASB 407-22-128,,,0:00, ,"Serial numbers 53000 through 53900, 53911 through 53999, 54000 through 54166, 54300 through 54800, 54805 through 54954, 54956 through 54997, 54999, and 56300 through 56304.",Select,Edit,Delete,View
,ASB 407-23-129,23,ASB 407-23-129,"ELECTRICAL HARNESSES, INSPECTION OF.",SB,29-Jun-2023,ASB 407-23-129,,,0:00, ,"Serial numbers 54300 through 54752, 54805 through 54999, and 56300 through 56357. [Serial number 56358 and subsequent will have the intent of this bulletin accomplished prior to delivery.]",Select,Edit,Delete,View
,ASB 407-23-129 RA,23,ASB 407-23-129 RA,"ELECTRICAL HARNESSES, INSPECTION OF.",SB,30-Oct-2023,ASB 407-23-129 RA,,,0:00, ,"Serial numbers 54300 through 54752, 54805 through 54999, and 56300 through 56366 and 56368..",Select,Edit,Delete,View
,ASB 407-23-130,67,ASB 407-23-130 PART I,"PILOT CYCLIC STICK ASSEMBLY 206-001-344- 105/-109/-115, INSPECTION AND REPAIR OF.",SB,27-Feb-2023,ASB 407-23-130 PART I,,,0:00, ,"Serial numbers 53000 through 53900, 53911 through 53999, 54000 through 54166, 54300 through 54800, 54805 through 54999, 56300 through 56304, 56311 through 56315. Serial number 54955, 54998, 56305 through 56310, and 56316 and subsequent are not affected by this bulletin.",Select,Edit,Delete,View
,ASB 407-23-130 RA,67,ASB 407-23-130 RA,"PILOT CYCLIC STICK ASSEMBLY 206-001-344- 105/-109/-115, INSPECTION AND REPAIR OF.",SB,27-Mar-2023,ASB 407-23-130 RA,,,0:00, ,"Serial numbers 53000 through 53900, 53911 through 53999, 54000 through 54166, 54300 through 54800, 54805 through 54999, 56300 through 56304, 56311 through 56315.",Select,Edit,Delete,View
,ASB 407-23-130 Rev A,67,ASB 407-23-130 Rev A PART I,"PILOT CYCLIC STICK ASSEMBLY 206-001-344- 105/-109/-115, INSPECTION AND REPAIR OF.",SB,27-Feb-2023,ASB 407-23-130 Rev A PART I,,,0:00, , ,Select,Edit,Delete,View
,ASB 407-23-131,23,ASB 407-23-131,"GARMIN GSU 75H AIR DATA ATTITUDE AND HEADING REFERENCE SYSTEM, INSPECTION AND REPLACEMENT OF.",SB,25-Sep-2023,ASB 407-23-131,,,0:00, ,"Serial numbers 54304, 54567, 54805 through 54999, 56300 through 56350, and 56352 through 56355. [Serial numbers 56351, and 56356 and subsequent will have the intent of this bulletin accomplished prior to delivery.]",Select,Edit,Delete,View
,ASB 407-23-132,64,ASB 407-23-132,"TAIL ROTOR BLADE 406-016-100-119, INSPECTION OF.",SB,14-Aug-2023,ASB 407-23-132,,,0:00, ,"Serial numbers 53000 through 53900, 53911 through 53999, 54000 through 54166, 54300 through 54800, 54805 through 54999.",Select,Edit,Delete,View
,ASB 407-23-133 PART 1,55,ASB 407-23-133 PART 1,"HORIZONTAL STABILIZER AND CARGO HOOK FITTINGS – SELF LOCKING INSERTS, INSPECTION OF",SB*,25-Jan-2024,ASB 407-23-133 PART 1,,,0:00, ,"PART I: Serial numbers 53000 through 53900, 53911 through 53999, 54000 through 54166, 54300 through 54800, 54805 through 54999, and 56300 and subsequent.",Select,Edit,Delete,View
,ASB 407-23-133 Part 1 (One Time),55,ASB 407-23-133 Part 1 (One Time),"HORIZONTAL STABILIZER – SELF LOCKING INSERTS, INSPECTION OF.",SB,25-Jan-2024,ASB 407-23-133 Part 1 (One Time),,,0:00, ,"PART I: Serial numbers 53000 through 53900, 53911 through 53999, 54000 through 54166, 54300 through 54800, 54805 through 54999, and 56300 and subsequent.",Select,Edit,Delete,View
,ASB 407-23-133 PART 2,25,ASB 407-23-133 PART 2,"HORIZONTAL STABILIZER AND CARGO HOOK FITTINGS – SELF LOCKING INSERTS, INSPECTION OF",SB,25-Jan-2024,ASB 407-23-133 PART 2,,,0:00, ,"PART II: Serial numbers 53000 through 53900, 53911 through 53999, 54000 through 54166, 54300 through 54800, 54805 through 54999, and 56300 through 56335.",Select,Edit,Delete,View
,ASB 407-24-134 Part I,64,ASB 407-24-134 Part I,"Tailboom Attachment Hardware and Fittings, Inspection of",SB,12-Feb-2024,ASB 407-24-134 Part I,,,0:00, ,"Serial numbers 53911 through 53999,",Select,Edit,Delete,View
,ASB 407-24-134 Part II,64,ASB 407-24-134,"Tailboom Attachment Hardware and Fittings, Inspection of",SB,12-Feb-2024,ASB 407-24-134 Part II,,,0:00, ,Serial numbers 53911 through 53999.,Select,Edit,Delete,View
,ASB 407-24-134 Part III,64,ASB 407-24-134 Part III,"Tailboom Attachment Hardware and Fittings, Inspection of",SB*,12-Feb-2024,ASB 407-24-134 Part III,,,0:00, ,Serial numbers 53911 through 53999.,Select,Edit,Delete,View
,ASB 407-24-134 Part III (One Time),64,ASB 407-24-134 (One Time),"Tailboom Attachment Hardware and Fittings, Inspection of",SB,12-Feb-2024,ASB 407-24-134 Part III (One Time),,,0:00, ,Serial numbers 53911 through 53999.,Select,Edit,Delete,View
,ASB 407-24-134 Rev A Part IV,64,ASB 407-24-134 Rev A Part IV,"Tailboom Attachment Hardware and Fittings, Inspection of",SB,17-Mar-2025,ASB 407-24-134 Rev A Part IV,,,0:00, ,"Serial numbers 53000 through 53900, 53911 through 53999, 54000 through 54166, 54300 through 54752, 54805 through 54999 and 56300 and subsequent.",Select,Edit,Delete,View
,ASB 407-24-135,100,ASB 407-24-135,"CYCLIC CONTROL AFCS KIT INCORRECT HARDWARE, INSPECTION OF",SB,21-May-2024,ASB 407-24-135,,,0:00, ,"Serial numbers 54300 through 54752, 54805 through 54999, and 56300 through 56379.",Select,Edit,Delete,View
,ASB 407-24-136,32,ASB 407-24-136,STANDARD AND HIGH LANDING GEAR FORWARD CROSSTUBES – INSPECTION OF,SB,25-Jul-2024,ASB 407-24-136,,,0:00, ,"Serial numbers 53000 through 53900, 53911 through 53999, 54000 through 54166, 54300 through 54752, 54805 through 54999 and 56300 and subsequent.",Select,Edit,Delete,View
D,ASB 407-24-137,62,ASB 407-24-137,"MAIN ROTOR EXPANDABLE BLADE BOLT 406-310-103-103, REMOVAL FROM SERVICE",SB,17-Jul-2024,ASB 407-24-137,,,0:00, ,"Serial numbers 53000 through 53900, 53911 through 53999, 54000 through 54166, 54300 through 54752, 54805 through 54999 and 56300 through 56396.",Select,Edit,Delete,View
D,ASB 407-24-137,62,ASB 407-24-137,"MAIN ROTOR EXPANDABLE BLADE BOLT 406-310-103-103, REMOVAL FROM SERVICE",SB,17-Jul-2024,ASB 407-24-137,,,0:00, ,"Serial numbers 53000 through 53900, 53911 through 53999, 54000 through 54166, 54300 through 54752, 54805 through 54999 and 56300 through 56396",Select,Edit,Delete,View
D,ASB 407-24-138,63, ,"ROOF BEAM SHIMMING, INSPECTION AND REPAIR OF",SB,26-Nov-2024,ASB 407-24-138,,,0:00, ,"Serial numbers 54667, 54682, 54684, 54689, 54690, 54694, 54695, 54700, 54704, 54710, 54712, 54714 through 54752, 54805 through 54995, 54998, 54999, 56300 and 56307.",Select,Edit,Delete,View
D,ASB 407-24-138,63, ,"ROOF BEAM SHIMMING, INSPECTION AND REPAIR OF",SB,26-Nov-2024,ASB 407-24-138,,,0:00, ,"Serial numbers 54667, 54682, 54684, 54689, 54690, 54694, 54695, 54700, 54704, 54710, 54712, 54714 through 54752, 54805 through 54995, 54998, 54999, 56300 and 56307",Select,Edit,Delete,View
,ASB 407-24-139,73, ,"AIRFRAME FUEL FILTER ASSEMBLY 222-366- 621-105 DRAIN HOLE, INSPECTION OF",SB,16-Dec-2024,ASB 407-24-139,,,0:00, ,"Serial numbers 53000 through 53900, 53911 through 54166 and 54300 through 54752",Select,Edit,Delete,View
D,ASB 407-24-140,77, ,"FUEL LEAK WITHIN SHUTOFF VALVE COMPARTMENT, ONE-TIME INSPECTION OF",SB,17-Dec-2024,ASB 407-24-140,,,0:00, ,"Serial numbers 54812 through 54999, 56300 through 56407, 56409, 56411 and 56413",Select,Edit,Delete,View
D,ASB 407-24-140,77, ,"FUEL LEAK WITHIN SHUTOFF VALVE COMPARTMENT, ONE-TIME INSPECTION OF",SB,17-Dec-2024,ASB 407-24-140,,,0:00, ,"Serial numbers 54812 through 54999, 56300 through 56407, 56409, 56411 and 56413",Select,Edit,Delete,View
,ASB 407-25-141,64,ASB 407-25-141,"TAILBOOM ATTACHMENT BOLTS NEW AIRWORTHINESS LIMITATION, INTRODUCTION OF",SB*,19-Jun-2025,ASB 407-25-141,,,0:00, ,"Serial numbers 53000 through 53900, 53911 through 54166, 54300 through 54752, 54805 through 54999, 56300 and subsequent.",Select,Edit,Delete,View
,ASB 407-25-142 Part 1,65,ASB 407-25-142 Part 1,"TAIL ROTOR DRIVESHAFT SEGMENT ASSEMBLIES 407-040-330-101/-105/-107 AND AFT SHORT SHAFT ASSEMBLIES 407-040-325-101/- 105/-107 GAP UNDER RIVET HEAD, INSPECTION OF",SB,13-May-2025,ASB 407-25-142 Part 1,,,0:00, ,"Serial numbers 53000 through 53900, 53911 through 53999, 54000 through 54166, 54300 through 54752, 54805 through 54999, 56300 through 56323, 56325 through 56331, 56336 and 56339.",Select,Edit,Delete,View
,ASB 407-25-143 Part 1,32,ASB 407-25-143,"LANDING GEAR AFT CROSSTUBE LOWER SUPPORT RUBBER CUSHION, ONE-TIME INSPECTION OF",SB,16-Jul-2025,ASB 407-25-143 Part 1,,,0:00, ,"Serial numbers 53000 through 53900, 53911 through 53999, 54000 through 54166, 54300 through 54752, 54805 through 54999, 56300 through 56398, 56400, 56401, 56403 and 56404",Select,Edit,Delete,View
,ASB 407-25-144,25,ASB 407-25-144,"GENERATOR CONTROL UNIT (GCU) OPERATIONAL CHECK, INTRODUCTION OF",SB,03-Sep-2025,ASB 407-25-144,,,0:00, ,"Serial numbers 54304, 54567, 54805 through 54999, 56300 through 56454 and 56456 equipped with Single Pilot IFR kit (STC # SR11241DS).",Select,Edit,Delete,View
,ASB 407-26-145,63,ASB 407-26-145,"DRIVE SYSTEM COMPONENT BEARINGS, ONETIME INSPECTION OF",SB,17-Feb-2026,ASB 407-26-145,,,0:00, ,"Serial numbers 53000 through 53900, 53911 through 54166, 54300 through 54752, 54805 through 54999, 56300 through 56470. [Serial number 56471 and subsequent will have the intent of this bulletin accomplished prior to delivery.]",Select,Edit,Delete,View
,ASB093.,64,ASB 407-10-93 Rev.A,"Tailboom Attachment Hardware, Replacement Of.",SB*,10-Aug-2011,ASB 407-10-93 Rev.A,,,0:00, ,Bell 407 Helicopters serial number 53000 through 53990.,Select,Edit,Delete,View
,ASB099,72,CEB A-72-6075 Rev A,"ENGINE, ASSEMBLY - INSPECTION OF MAG PLUGS TO DETECT METAL GENERATION FROM THE NO. 2 BEARING",SB,10-Jun-2013,ASB 407-13-99 Rev A,,,0:00, ,"Serial numbers 53000 through 53900, 53911 through 53999, 54000 through 54299, and 54300 and subsequent.",Select,Edit,Delete,View
,CEB 72-6067 R2,72,CEB 72-6067 R2,"ENGINE, COMPRESSOR ASSEMBLY - REPLACEMENT OF NO. 2 BEARING.",SB,25-Apr-2022,CEB 72-6067 R2,,,0:00, ,"All Rolls-Royce M250-C30R/1, -C30R/3, C30R/3M, -C40B, -C47B -C47M series engines are affected by this bulletin.",Select,Edit,Delete,View
,CEB 72-6087 R2,72,CEB 72-6087 R2,"M250 GEARBOX OIL CHECK VALVE, GUIDE, POPPET, CHECK VALVE REPLACE P/N 23085911 AND 6898840 WITH NEW P/N M250-10893 OR P/N M250-10894",SB,13-Apr-2022,CEB 72-6087 R2,,,0:00, ,All M250 engines and spare parts produced from 2009 to present day are affected.,Select,Edit,Delete,View
,CEB 73-6064,72,CEB 73-6064,"ENGINE, FUEL AND CONTROL - NEW ECU SOFTWARE -C47M",SB$,14-Feb-2022,CEB 73-6064,,,0:00, ,All Rolls-Royce Model M250-C47M series engines with the following ECUs installed: C47M 23080491 23088805 23088905 23089311,Select,Edit,Delete,View
,CF-2021-34,5,CF-2021-34,Fuselage – Tailboom – Lower Skin Cracking,AD,22-Oct-2021,CF-2021-34,,,0:00, ,"Bell Textron Canada Limited (Bell) model 407 helicopters, serial numbers 53000 through 53900, 53911 through 54166, 54300 and subsequent.",Select,Edit,Delete,View
,CF-2021-34,53,CF-2021-34,Fuselage – Tailboom – Lower Skin Cracking,AD,22-Oct-2021,CF-2021-34,,,0:00, ,"Bell Textron Canada Limited (Bell) model 407 helicopters, serial numbers 53000 through 53900, 53911 through 54166, 54300 and subsequent.",Select,Edit,Delete,View
,CF-2021-53,34,CF-2021-53,Navigation – Rotorcraft – Prohibition of Operations Requiring Radio Altimeter in the Presence of 5G C-Band Wireless Broadband Interference.,AD,24-Dec-2021,CF-2021-53,,,0:00, ,This AD applies to all helicopters certificated in any category for which the design approval document holder is identified below: 1) Airbus Helicopters 2) Airbus Helicopters Deutschland GmbH 3) Bell Textron Canada Limited 4) Hélicoptères Guimbal 5) Leonardo S.p.a. and equipped with a radio (also known as radar) altimeter.,Select,Edit,Delete,View
,CF-2025-21 R1,62, ,Main Rotor – Expandable Blade Bolt incorrect heat treatment,AD#,17-Nov-2025,CF-2025-21 R1,,,0:00, ,"Bell Textron Canada Limited (BTCL) model 407 helicopters, All Serial Numbers",Select,Edit,Delete,View
,CF-2025-59,53, ,Fuselage – Tailboom – Tailboom Attachment Hardware Fracture,AD*,19-Nov-2025,CF-2025-59,,,0:00, ,"Bell Textron Canada Limited (Bell) model 407 helicopters, all serial numbers.",Select,Edit,Delete,View
,Code/Form No.,ATA,Reference,Description,Type,Issue Date,Directive No.,Is RII,Show In C of A,Estd. Man Hours,Note,Applicability,Select,Edit,Delete,View
,Delete,23,.,.,(X),22-Sep-2010,.,,,0:00, , ,Select,Edit,Delete,View
,Delete2222,32,DGCA Let no.77-5-69 AI(1),.,(X),24-May-1969,.,,,0:00, , ,Select,Edit,Delete,View
,DGCA / BELL 407 / 50,73,FAA AD 2024-10-12,"Joint Aircraft System Component (JASC) Code: 2897, Fuel system wiring.",MOD,12-Jul-2024,DGCA / BELL 407 / 50,,,0:00, ,"This AD applies to Bell Textron Canada Limited Model 407 helicopters, serial numbers 54832 through 54931 inclusive, 54933 through 54939 inclusive, and 54942 through 54954 inclusive, certificated in any category, with a fuel system standpipe assembly (standpipe) part number 407- 062-032-103 installed.",Select,Edit,Delete,View
,DGCA / BELL 407 / 50,73,FAA AD 2024-10-12,"Joint Aircraft System Component (JASC) Code: 2897, Fuel system wiring.",MOD,19-Jul-2024,DGCA / BELL 407 / 50,,,0:00, ,"This AD applies to Bell Textron Canada Limited Model 407 helicopters, serial numbers 54832 through 54931 inclusive, 54933 through 54939 inclusive, and 54942 through 54954 inclusive, certificated in any category, with a fuel system standpipe assembly (standpipe) part number 407- 062-032-103 installed.",Select,Edit,Delete,View
,DGCA / BELL 407 / 51,62,FAA AD 2025-13-01,"Joint Aircraft System Component (JASC) Code 6210, Main Rotor Blades.",MOD,27-Jun-2025,DGCA / BELL 407 / 51,,,0:00, ,"This AD applies to Bell Textron Canada Limited Model 407 and 427 helicopters, certificated in any category.",Select,Edit,Delete,View
D,DGCA / NEW MISC / 261,78,EASA AD 2024-0221,ATA 78 – Exhaust – Engine / Turbocharger Exhaust System / Components – Inspection,MIS,04-Dec-2024,DGCA / NEW MISC / 261,,,0:00, ,"This AD applies to all turbocharged reciprocating engine-powered aircraft and turbocharged reciprocating engines, types and models that have an affected part installed, as well as to those for which an affected part is eligible for installation",Select,Edit,Delete,View
D,DGCA / NEW MISC / 261,78,EASA AD 2024-0221,ATA 78 – Exhaust – Engine / Turbocharger Exhaust System / Components – Inspection,MIS,04-Dec-2024,DGCA / NEW MISC / 261,,,0:00, ,"This AD applies to all turbocharged reciprocating engine-powered aircraft and turbocharged reciprocating engines, types and models that have an affected part installed, as well as to those for which an affected part is eligible for installation",Select,Edit,Delete,View
D,DGCA / NEW MISCELLANEOUS / 237R1,25,FAA AD 2024-26-02,"Joint Aircraft System Component (JASC) Code: 2500, Cabin Equipment/Furnishings.",MIS,17-Feb-2025,DGCA / NEW MISCELLANEOUS / 237R1,,,0:00, ,"The buckles identified in paragraph (c)(1) of this AD may be installed on, but not limited to, The Boeing Company, Bombardier Inc., Learjet Inc., Mitsubishi Heavy Industries, Ltd., Textron Aviation, Inc. (type certificate (TC) previously held by Cessna Aircraft Company), and Viking Air Limited (TC previously held by de Havilland, Inc.) model airplanes and Airbus Helicopters (TC previously held by Eurocopter France) model helicopters, certificated in any category",Select,Edit,Delete,View
D,DGCA / NEW MISCELLANEOUS / 237R1,25,FAA AD 2024-26-02,"Joint Aircraft System Component (JASC) Code: 2500, Cabin Equipment/Furnishings.",MIS,17-Feb-2025,DGCA / NEW MISCELLANEOUS / 237R1,,,0:00, ,"The buckles identified in paragraph (c)(1) of this AD may be installed on, but not limited to, The Boeing Company, Bombardier Inc., Learjet Inc., Mitsubishi Heavy Industries, Ltd., Textron Aviation, Inc. (type certificate (TC) previously held by Cessna Aircraft Company), and Viking Air Limited (TC previously held by de Havilland, Inc.) model airplanes and Airbus Helicopters (TC previously held by Eurocopter France) model helicopters, certificated in any category",Select,Edit,Delete,View
,DGCA / NEW MISCELLANEOUS / 258,72,DGCA-25012(05)/103/2023-AW,Use of Indian MOGAS on Indian registered Aircraft.,MIS,13-Feb-2024,DGCA / NEW MISCELLANEOUS / 258,,,0:00, ,This MISC MOD applies to Tecnam P2006T and Tecnam 2008JC Aircraft Model Which are fitted with Rotax 912 Series engines.,Select,Edit,Delete,View
D,DGCA / NEW MISCELLANEOUS / 259,22,FAA AD 2024-14-03,"Joint Aircraft System Component (JASC) Code 2210, Autopilot System.",MIS,19-Jul-2024,DGCA / NEW MISCELLANEOUS / 259,,,0:00, ,"This AD applies to all airplane models specified in Table 1 to paragraph (c) of this AD, certificated in any category, having a Garmin GFC 500 Autopilot System that includes an optional GSA 28 pitch trim servo installed per Supplemental Type Certificate No. SA01866WI using Master Drawing List 005-01264-00, Revisions 1 through 76.",Select,Edit,Delete,View
D,DGCA / NEW MISCELLANEOUS / 259,22,FAA AD 2024-14-03,"Joint Aircraft System Component (JASC) Code 2210, Autopilot System.",MIS,19-Jul-2024,DGCA / NEW MISCELLANEOUS / 259,,,0:00, ,"This AD applies to all airplane models specified in Table 1 to paragraph (c) of this AD, certificated in any category, having a Garmin GFC 500 Autopilot System that includes an optional GSA 28 pitch trim servo installed per Supplemental Type Certificate No. SA01866WI using Master Drawing List 005-01264-00, Revisions 1 through 76.",Select,Edit,Delete,View
D,DGCA / NEW MISCELLANEOUS / 260,25,FAA AD 2024-20-07,"Joint Aircraft System Component (JASC) Code: 2560, Emergency Equipment; and 3212, Emergency Flotation Section.",MIS,08-Nov-2024,DGCA / NEW MISCELLANEOUS / 260,,,0:00, ,"Bell Textron Canada Limited Model 206A, 206B, 206L, 206L-1, 206L-3, 206L-4 and 407 helicopters modified by STC SR01535LA",Select,Edit,Delete,View
D,DGCA / NEW MISCELLANEOUS / 260,25,FAA AD 2024-20-07,"Joint Aircraft System Component (JASC) Code: 2560, Emergency Equipment; and 3212, Emergency Flotation Section.",MIS,08-Nov-2024,DGCA / NEW MISCELLANEOUS / 260,,,0:00, ,"Bell Textron Canada Limited Model 206A, 206B, 206L, 206L-1, 206L-3, 206L-4 and 407 helicopters modified by STC SR01535LA",Select,Edit,Delete,View
D,DGCA / NEW MISCELLANEOUS / 262,34,FAA AD 2025-07-01,"Joint Aircraft System Component (JASC) Code 3417, Air Data Computer.",MIS,11-Apr-2025,DGCA / NEW MISCELLANEOUS / 262,,,0:00, ,This AD applies to THOMMEN AIRCRAFT EQUIPMENT AG (THOMMEN) AC32 Digital Air Data Computers (ADCs) having an affected part as defined in paragraph (f)(1) of this AD.,Select,Edit,Delete,View
D,DGCA / NEW MISCELLANEOUS / 262,34,FAA AD 2025-07-01,"Joint Aircraft System Component (JASC) Code 3417, Air Data Computer.",MIS,11-Apr-2025,DGCA / NEW MISCELLANEOUS / 262,,,0:00, ,This AD applies to THOMMEN AIRCRAFT EQUIPMENT AG (THOMMEN) AC32 Digital Air Data Computers (ADCs) having an affected part as defined in paragraph (f)(1) of this AD.,Select,Edit,Delete,View
,DGCA / NEW MISCELLANEOUS / 263,25,UK CAA AD No. G-2025-0002,ATA: 25 – Equipment / Furnishings – Pilot & Co-Pilot Seats – Inspection / Modification,MIS,16-Apr-2025,DGCA / NEW MISCELLANEOUS / 263,,,0:00, ,"Type 3A063 pilot and co-pilot crew seats, identified by series Part Number (P/N) in Table below. These crew seats are known to be installed on, but not limited to, ATR-GIE Avions de Transport Régional ATR 42 and ATR 72 aeroplanes",Select,Edit,Delete,View
,DGCA / NEW MISCELLANEOUS / 263,25,UK CAA AD No. G-2025-0002,ATA: 25 – Equipment / Furnishings – Pilot & Co-Pilot Seats – Inspection / Modification.,MIS,16-Apr-2025,DGCA / NEW MISCELLANEOUS / 263,,,0:00, ,"Type 3A063 pilot and co-pilot crew seats, identified by series Part Number (P/N) in Table below. These crew seats are known to be installed on, but not limited to, ATR-GIE Avions de Transport Régional ATR 42 and ATR 72 aeroplanes.",Select,Edit,Delete,View
,DGCA / NEW MISCELLANEOUS / 263R1,25,Correction: UK CAA AD No. G-2025-0002,ATA: 25 – Equipment / Furnishings – Pilot & Co-Pilot Seats – Inspection / Modification,MIS,25-Apr-2025,DGCA / NEW MISCELLANEOUS / 263R1,,,0:00, ,"Type 3A063 pilot and co-pilot crew seats, identified by series Part Number (P/N) in Table below. These crew seats are known to be installed on, but not limited to, ATR-GIE Avions de Transport Régional ATR 42 and ATR 72 aeroplanes.",Select,Edit,Delete,View
D,DGCA / NEW MISCELLANEOUS / 263R1,25,UK CAA AD No. G-2025-0002 - Correction,ATA: 25 – Equipment / Furnishings – Pilot & Co-Pilot Seats – Inspection / Modification,MIS,30-Apr-2025,DGCA / NEW MISCELLANEOUS / 263R1,,,0:00, ,"Type 3A063 pilot and co-pilot crew seats, identified by series Part Number (P/N) in Table below. These crew seats are known to be installed on, but not limited to, ATR-GIE Avions de Transport Régional ATR 42 and ATR 72 aeroplanes.",Select,Edit,Delete,View
D,DGCA / NEW MISCELLANEOUS / 263R1,25,UK CAA AD No. G-2025-0002 - Correction,ATA: 25 – Equipment / Furnishings – Pilot & Co-Pilot Seats – Inspection / Modification,MIS,30-Apr-2025,DGCA / NEW MISCELLANEOUS / 263R1,,,0:00, ,"Type 3A063 pilot and co-pilot crew seats, identified by series Part Number (P/N) in Table below. These crew seats are known to be installed on, but not limited to, ATR-GIE Avions de Transport Régional ATR 42 and ATR 72 aeroplanes.",Select,Edit,Delete,View
,DGCA / NEW MISCELLANEOUS / 264,34,EASA AD 2025-0088,ATA 34 – Navigation - Satellite Based Augmentation Systems / Global Positioning System Receiver – Replacement,MIS,16-Apr-2025,DGCA / NEW MISCELLANEOUS / 264,,,0:00, ,"Rockwell Collins GPS-4000S, GLU-2100, GLUS-2100 and GLUS-2100A receivers, having a Part Number (P/N) as listed in Appendix 1 of this AD, all serial numbers.",Select,Edit,Delete,View
,DGCA / NEW MISCELLANEOUS / 266,25,UK CAA AD G-2025-0005,Equipment / Furnishings –Passenger Seats – Modification,MIS#,06-Oct-2025,DGCA / NEW MISCELLANEOUS / 266,,,0:00, ,Acro Series 9 Passenger Seats with the part number listed in Appendix 1 to this AD.,Select,Edit,Delete,View
,DGCA / NEW MISCELLANEOUS / 267,35,EASA AD 2025-0222,Oxygen – Portable Breathing Equipment – Operational Instructions,MIS#,17-Oct-2025,DGCA / NEW MISCELLANEOUS / 267,,,0:00, ,"Portable Breathing Equipment (PBE) Part Number (P/N) 15-40F-11 and P/N 15-40F-80, all serial numbers. The affected PBE may be eligible for installation on any aircraft and may have been installed during the aircraft manufacturing process (production line), or in-service modification, either through a Supplemental Type Certificate, or using Type Certificate Holder (TCH) approved modification instructions, or through a non-TCH modification approval.",Select,Edit,Delete,View
,DGCA / NEW MISCELLANEOUS / 268,34,"DGCA letter reference no.: DGCA-21011/2/2022-AW, dated 19/11/2025",5G C-Band (3300 - 3600 MHz) - Fitment of modified Radio Altimeters on aircraft - reg,MIS,19-Nov-2025,DGCA / NEW MISCELLANEOUS / 268,,,0:00, ,"This order applies to all rotorcrafts certificated in any category, equipped with radio altimeter(s). These radio altimeters are installed on various rotorcraft models including but not limited to, the rotorcrafts for which the design approval holder is identified below: 1. Airbus helicopters 2. Bell helicopters 3. Enstrom Helicopter Corporation 4. Kamov Helicopter 5. Leonardo S.p.A. 6. Robinson helicopters",Select,Edit,Delete,View
,DGCA / NEW MISCELLANEOUS / 269,25,EASA AD 2025-0295,ATA 25 – Equipment / Furnishings – Pallet Net – Limitation,MIS#,22-Dec-2025,DGCA / NEW MISCELLANEOUS / 269,,,0:00, ,"Pallet nets part number 5010-2M4N-()-()()(), all serial numbers manufactured on or before 20 May 2025. The affected pallet nets can be carried on board of various aircraft types, included, but not limited to, large aeroplanes used for transportation of passengers and/or freight.",Select,Edit,Delete,View
,DGCA / NEW MISCELLANEOUS / 270,25,EASA AD 2025-0294,ATA 25 – Equipment / Furnishings – Medical Seats – Modification,MIS#,22-Dec-2025,DGCA / NEW MISCELLANEOUS / 270,,,0:00, ,"Medical seat part number 9613-1-35-( ), serial numbers 3241, 3242, 3243, 3244, 3245, 3473, 3474, 3475, 3476, 3481, 3482, 3483, 3484, 3546, 3547, 3548, 3549, 3575, 3576, 3577, 3578, 3591, 3646, 3647, 3648, 3649, 3703, 3958, 3959, 3960, 3961, 4114, 4115, 4116, 4117, 4118, 4119, 4120, 4121, 4122, 4131, 4132, 4133, 4134, 4135, 4175, 4180, 4202, 4203, 4204, 4205, 4206, 4207, 4208, 4209, 4210, 4211, 4212 and 4213. These seats are known to be installed on, but not limited to, Airbus Helicopters Deutschland (AHD) EC135, AHD MBB-BK 117, Bell Textron Canada 429 and Bell Textron 412 helicopters.",Select,Edit,Delete,View
,DGCA / NEW MISCELLANEOUS / 270R1,25,EASA AD No.: 2025-0294R1,ATA 25 – Equipment / Furnishings – Medical Seats – Modification,MIS#,10-Feb-2026,DGCA / NEW MISCELLANEOUS / 270R1,,,0:00, ,"Medical seat Part Number (P/N) 9613-1-35-( ), serial numbers (s/n) 3241, 3242, 3243, 3244, 3245, 3473, 3474, 3475, 3476, 3481, 3482, 3483, 3484, 3546, 3547, 3548, 3549, 3575, 3576, 3577, 3578, 3591, 3646, 3647, 3648, 3649, 3703, 3958, 3959, 3960, 3961, 4114, 4115, 4116, 4117, 4118, 4119, 4120, 4121, 4122, 4131, 4132, 4133, 4134, 4135, 4175, 4180, 4202, 4203, 4204, 4205, 4206, 4207, 4208, 4209, 4210, 4211, 4212 and 4213.",Select,Edit,Delete,View
,DGCA / NEW MISCELLANEOUS / 271,35,EASA AD 2025-0297,ATA 35 – Oxygen – Portable Breathing Equipment – Removal From Service,MIS#,23-Dec-2025,DGCA / NEW MISCELLANEOUS / 271,,,0:00, ,"Portable Breathing Equipment (PBE) Part Number (P/N) 15-40F-11 and P/N 15-40F-80, having manufacturing date between November 2015 and March 2017 (inclusive), and a serial number (s/n) as listed in Appendix A of the SB.",Select,Edit,Delete,View
,DGCA / NEW MISCELLANEOUS / 271R1,35,EASA AD No.: 2025-0297R1,ATA 35 – Oxygen – Portable Breathing Equipment – Removal from Service,MIS#,17-Feb-2026,DGCA / NEW MISCELLANEOUS / 271R1,,,0:00, ,"Portable Breathing Equipment (PBE) Part Number (P/N) 15-40F-11 and P/N 15-40F-80, having manufacturing date between November 2015 and March 2017 (inclusive), and a serial number (s/n) as listed in Appendix A of the SB.",Select,Edit,Delete,View
,DGCA /NEW MISCELLANEOUS / 272,25,EASA AD 2025-0044,ATA 25 – Equipment / Furnishings – Emergency Locator Transmitter – Modification,MIS#,05-Mar-2026,DGCA /NEW MISCELLANEOUS / 272,,,0:00, ,"Kannad 406 AF-Compact Emergency Locator Transmitter (ELT) model, having Part Number (P/N) S1840501-01 or P/N S1840501-04, all serial numbers.",Select,Edit,Delete,View
D,DGCA/ NEW MISC/ 224R1,34,FAA AD No.: 2021-05-17,"Joint Aircraft System Component (JASC) Code 3400, NAVIGATION SYSTEM.",MIS,19-Apr-2021,DGCA/ NEW MISC/ 224R1,,,0:00, ,"This AD applies to Rockwell Collins, Inc., (Rockwell Collins) Flight Display System Application FDSA-6500 part numbers (P/Ns) 810-0234-1H0001, 810-0234-1H0002, 810-0234-1H0003, 810-0234-2H0001, 810-0234-2C0001, 810-0234-2C0002, and 810-0234-4B0001. These applications are installed on, but not limited to, Bombardier Inc. Model CL-600-2B16 (604 variant) airplanes and Textron Aviation Inc. Models 525B, B200, B200C, B200CGT, B200GT, B300, B300C, and C90GTi airplanes, certificated in any category.",Select,Edit,Delete,View
D,DGCA/ NEW MISC/ 224R1,34,FAA AD No.: 2021-05-17,"Joint Aircraft System Component (JASC) Code 3400, NAVIGATION SYSTEM.",MIS,19-Apr-2021,DGCA/ NEW MISC/ 224R1,,,0:00, ,"Joint Aircraft System Component (JASC) Code 3400, NAVIGATION SYSTEM.",Select,Edit,Delete,View
D,DGCA/ NEW MISC/ 224R1,34,FAA AD No.: 2021-05-17,"Joint Aircraft System Component (JASC) Code 3400, NAVIGATION SYSTEM.",MIS,19-Apr-2021,DGCA/ NEW MISC/ 224R1,,,0:00, ,"This AD applies to Rockwell Collins, Inc., (Rockwell Collins) Flight Display System Application FDSA-6500 part numbers (P/Ns) 810-0234-1H0001, 810-0234-1H0002, 810-0234-1H0003, 810-0234-2H0001, 810-0234-2C0001, 810-0234-2C0002, and 810-0234-4B0001. These applications are installed on, but not limited to, Bombardier Inc. Model CL-600-2B16 (604 variant) airplanes and Textron Aviation Inc. Models 525B, B200, B200C, B200CGT, B200GT, B300, B300C, and C90GTi airplanes, certificated in any category.",Select,Edit,Delete,View
,DGCA/ NEW MISC/ 234,61,FAA AD No.:2020-19-06,"Joint Aircraft System Component (JASC)/Air Transport Association (ATA) of America Code 61, Propellers.",MIS,11-Nov-2020,DGCA/ NEW MISC/ 234,,,0:00, ,"This AD applies to The McCauley Propeller Systems (McCauley) governors specified in paragraph (c)(1) or (2) of this AD and Installed on airplanes, Certificated in any category. (1) Models listed in table 2 of McCauley Alert Service Bulletin No. ASB273C, dated January 30, 2019 (McCauley ASB273C) with a serial number from 170061 through 180501, excluding the serial numbers listed in table 1 of McCauley ASB273C; or (2) Models listed in table 2 of McCauley ASB273C, with any serial number, that have an installation date after January31, 2017, or an installation date that cannot be determined.",Select,Edit,Delete,View
,DGCA/ NEW MISC/ 235,26,FAA AD 2020-21-02,AIR TRANSPORT ASSOCIATION (ATA) PF AMERICA CODE 26 FIRE PROTECTION.,MIS,13-Jan-2021,DGCA/ NEW MISC/ 235,,,0:00, ,"(1) This AD applies to the Kidde Aerospace & Defense cargo fire extinguisher halon bottles having part numbers and serial numbers identified in Table 1 of the service information identified in paragraphs (c)(1)(i) and (ii) of this AD. (i) Kidde Aerospace & Defense Service Bulletin 473957-26-518, Rev 02, dated November 4, 2019. (ii) Kidde Aerospace & Defense Service Bulletin 473919-26-521, Rev 02,dated November 7, 2019.",Select,Edit,Delete,View
,DGCA/ NEW MISC/ 236,25,EASA AD No.: 2020-0272,ATA 25 – Equipment / Furnishings – Buckle – Modification / Replacement.,MIS,13-Jan-2021,DGCA/ NEW MISC/ 236,,,0:00, ,"4 Point Harness Restraint Systems, having Part Number 18-( )-( ), all dash numbers, all serial numbers. These parts are known to be installed on, but not limited to, Airbus A330, A340 and A350 aeroplanes.",Select,Edit,Delete,View
,DGCA/ NEW MISC/ 240,25,EASA AD : G-2021-0003,Equipment / Furnishings – Life Jacket - Inspection.,MIS,28-Jun-2021,DGCA/ NEW MISC/ 240,,,0:00, ,Survitec Group Limited (hereafter referred to as “Survitec” in this AD) Emergency Breathing System (EBS) P/N 12677009 fitted to Halo Passenger Lifejacket P/Ns 00031010 and 00031031.,Select,Edit,Delete,View
,DGCA/ NEW MISC/ 241,25,EASA AD :2021-0137,ATA 25 – Equipment / Furnishings – Pilot and Co-pilot Seats / Longitudinal Locking System Pins – Measurement / Adjustment,MIS,28-Jun-2021,DGCA/ NEW MISC/ 241,,,0:00, ,"191 series pilot seats, having Part Number (P/N) 19101-00-00, and 191 series co-pilot seats, having P/N 19102-00-00. These seats are known to be installed on, but not limited to, COMAC ARJ21-700 aeroplanes.",Select,Edit,Delete,View
,DGCA/ NEW MISC/ 242,25,EASA AD :G-2021-0004,Equipment / Furnishings – Life Raft - Inspection,MIS,23-Jul-2021,DGCA/ NEW MISC/ 242,,,0:00, ,Survitec Group Limited (hereafter referred to as “Survitec” in this AD) Life Raft with packed assembly P/N 00051054 (Port) and 00051055 (Starboard).,Select,Edit,Delete,View
,DGCA/ NEW MISC/ 243,26,EASA AD :2021-0185 R1,ATA 26 – Fire Protection – Hand-operated Fire Extinguishers – Inspection / Replacement,MIS,17-Aug-2021,DGCA/ NEW MISC/ 243,,,0:00, ,"HAFEX (Halon-free) hand-held fire extinguishers, having Part Number (P/N) P3APP003010A, P/N P3APP003010B or P/N P3APP003010C, all serial numbers (s/n).",Select,Edit,Delete,View
,DGCA/ NEW MISC/ 243 R1,26,EASA AD :2021-0185 R1,ATA 26 – Fire Protection – Hand-operated Fire Extinguishers – Inspection / Replacement,MIS,27-Sep-2021,DGCA/ NEW MISC/ 243 R1,,,0:00, ,"HAFEX (Halon-free) hand-held fire extinguishers, having Part Number (P/N) P3APP003010A, P/N P3APP003010B or P/N P3APP003010C, all serial numbers (s/n).",Select,Edit,Delete,View
,DGCA/ NEW MISC/ 244,26,FAA AD : 2021-22-07,"Joint Aircraft Service Component (JASC) Code: 2622, Fire Bottle, Portable.",MIS,14-Dec-2021,DGCA/ NEW MISC/ 244,,,0:00, ,"This AD applies to Umlaut Engineering GmbH (previously P3 Engineering GmbH) HAFEX (Halon-free) hand-held fire extinguisher (fire extinguisher) part numbers (P/Ns) P3APP003010A, P3APP003010B, and P3APP003010C.",Select,Edit,Delete,View
,DGCA/ NEW MISC/ 245,28,G-2021-0010-E,ATA 28 – Fuel –Cylinder Quick Shut-off Valve Mounting Flange – Inspection / Replacement.,MIS,14-Dec-2021,DGCA/ NEW MISC/ 245,,,0:00, ,"Cameron Balloons Ltd, Fuel cylinders Part No (P/N) CB2901, P/N CB2902 and P/N CB2903, having a serial number (s/n) as listed in Appendix 1 of this AD.",Select,Edit,Delete,View
,DGCA/ NEW MISC/ 245 R1,28,G-2021-0014-E,ATA 28 – Fuel –Cylinder Quick Shut-off Valve Mounting Flange – Inspection / Replacement.,MIS,14-Dec-2021,DGCA/ NEW MISC/ 245 R1,,,0:00, ,"Cameron Balloons Ltd,Fuel cylinders Part No (P/N) CB2901, P/N CB2902 and P/N CB2903, having a serial number (s/n) as listed in Appendix 1 of this AD.",Select,Edit,Delete,View
,DGCA/ NEW MISC/246,34,FAA AD : 2021-23-12,"Air Transport Association (ATA) of America Code 31, Indicating/Recording System; 34, Navigation.",MIS,23-Dec-2021,DGCA/ NEW MISC/246,,,0:00, ,This AD applies to all transport and commuter category airplanes equipped with a radio (also known as radar) altimeter.,Select,Edit,Delete,View
,DGCA/ NEW MISC/246 R1,31,FAA AD 2023-10-02,"Air Transport Association (ATA) of America Code 31, Indicating/Recording System; 34, Navigation.",MIS,04-Aug-2023,DGCA/ NEW MISC/246 R1,,,0:00, ,This AD applies to all transport and commuter category airplanes equipped with a radio (also known as radar) altimeter,Select,Edit,Delete,View
,DGCA/ NEW MISC/247,34,FAA AD : 2021-23-13,"Joint Aircraft Service Component (JASC) Code: 3444, Ground Proximity System.",MIS,23-Dec-2021,DGCA/ NEW MISC/247,,,0:00, ,"This AD applies to all helicopters, certificated in any category, equipped with a radio (also known as radar) altimeter.",Select,Edit,Delete,View
D,DGCA/BELL 407/46,25,FAA AD: 2021-19-01,Joint Aircraft Service Component (JASC) Code: 2500 Cabin Equipment/Furnishings.,MOD,21-Oct-2021,DGCA/BELL 407/46,,,0:00, ,"This AD applies to Bell Textron Canada Limited Model 206, 206A, 206A-1 (OH-58A), 206B, 206B-1, 206L, 206L-1, 206L-3, 206L-4, 222, 222B, 222U, 230, 407, 427, 429, and 430 helicopters, certificated in any category: (1) With a shoulder harness seat belt comfort clip (comfort clip) installed; or (2) That have been modified per Supplemental Type Certificate (STC) SH2073SO (installation of shoulder harness restraint system) or STC SH2751SO (installation of a passenger shoulder harness restraint system).",Select,Edit,Delete,View
D,DGCA/BELL 407/46,25,FAA AD: 2021-19-01,Joint Aircraft Service Component (JASC) Code: 2500 Cabin Equipment/Furnishings.,MOD,21-Oct-2021,DGCA/BELL 407/46,,,0:00, ,"This AD applies to Bell Textron Canada Limited Model 206, 206A, 206A-1 (OH-58A), 206B, 206B-1, 206L, 206L-1, 206L-3, 206L-4, 222, 222B, 222U, 230, 407, 427, 429, and 430 helicopters, certificated in any category:",Select,Edit,Delete,View
D,DGCA/BELL 407/46,25,FAA AD: 2021-19-01,Joint Aircraft Service Component (JASC) Code: 2500 Cabin Equipment/Furnishings.,MOD,21-Oct-2021,DGCA/BELL 407/46,,,0:00, ,"This AD applies to Bell Textron Canada Limited Model 206, 206A, 206A-1 (OH-58A), 206B, 206B-1, 206L, 206L-1, 206L-3, 206L-4, 222, 222B, 222U, 230, 407, 427, 429, and 430 helicopters, certificated in any category:",Select,Edit,Delete,View
,DGCA/BELL 407/47,53,NTSB AIR-22-10,Require Immediate Inspection of BelL 407 Tail Boom Attachment Hardware and Fittings. 1. Before Next Flight Carryout visual inspection for presence of tail boom attachment fittings and for evidence of cracks and fractures and report findings to RAO/ SRAO. (Refer DMC-407-A-53-00-00-01A-280A-A) 2. Within 7 Days / 5 Flight Hours Carry out re-torquing of tail boom attachment hardware. (Refer DMC -407-A-53-01-00-00A-720A-A),MOD,08-Dec-2022,DGCA/BELL 407/47,,,0:00, ,Require Immediate Inspection of BelL 407 Tail Boom Attachment Hardware and Fittings. Applicable to Model Bell 407 Helicopters.,Select,Edit,Delete,View
,DGCA/BELL 407/48,53,FAA AD 2022-27-08,"Joint Aircraft System Component (JASC) Code: 5302, Rotorcraft Tail Boom.",MOD,12-Jan-2023,DGCA/BELL 407/48,,,0:00, ,"This AD applies to Bell Textron Canada Limited Model 407 helicopters serial numbers 53000 through 53900 inclusive, 53911 through 53999 inclusive, 54000 through 54166 inclusive, 54300 through 54800 inclusive, 54805 through 54954 inclusive, 54956 through 54997 inclusive, 54999, and 56300 through 56304 inclusive, certificated in any category.",Select,Edit,Delete,View
,DGCA/BELL 407/49,64,FAA EAD 2023-17-51,"Joint Aircraft Service Component (JASC) Code: 6410, Tail Rotor Blades.",MOD,29-Aug-2023,DGCA/BELL 407/49,,,0:00, ,"This emergency AD applies to Bell Textron Canada Limited Model 407 helicopters, certificated in any category.",Select,Edit,Delete,View
,DGCA/BELL 429/31,25,FAA AD: 2021-19-01,Joint Aircraft Service Component (JASC) Code: 2500 Cabin Equipment/Furnishings.,MOD,22-Oct-2021,DGCA/BELL 429/31,,,0:00, ,"This AD applies to Bell Textron Canada Limited Model 206, 206A, 206A-1 (OH-58A), 206B, 206B-1, 206L, 206L-1, 206L-3, 206L-4, 222, 222B, 222U, 230, 407, 427, 429, and 430 helicopters, certificated in any category:",Select,Edit,Delete,View
,DGCA/NEW -MISC/103 CN,23,DGCA/NEW-MISC/103,CVR- THE BULK ERASE FACILITY SHOULD BE DEACTIVATED BY REMOVING THE RELEVANT CARD FROM THE CVR UNIT.,MIS,01-Feb-2023,DGCA/NEW -MISC/103 CN,,,0:00, ,CANCELLED vide DGCA LETTER NO. 9- 414/96-AI (2) DT. 24TH SEPT 1996,Select,Edit,Delete,View
,DGCA/NEW -MISC/237,25,FAA AD 2021-07-13,"Joint Aircraft Service Component (JASC) Code: 2500, Cabin Equipment/Furnishings.",MIS,26-Apr-2021,DGCA/NEW-MISC/237,,,0:00, ,"This airworthiness directive (AD) applies to Pacific Scientific Company rotary buckle assembly (buckle), part numbers (P/Ns) 1111430 and 1111475, all dash numbers. These buckles may be installed on but not limited to Bombardier Inc., Learjet Inc., Mitsubishi Heavy Industries, Ltd., Textron Aviation, Inc. (Type Certificate (TC) previously held by Cessna Aircraft Company), and Viking Air Limited (TC previously held by de Havilland, Inc.) model airplanes and Airbus Helicopters (TC previously held by Eurocopter France) model helicopters, certificated in any category.",Select,Edit,Delete,View
,DGCA/NEW -MISC/238,34,FAA AD 2021-08-07,"Joint Aircraft System Component (JASC)/Air Transport Association (ATA) of America Code 3400, NAVIGATION SYSTEM.",MIS,26-Apr-2021,DGCA/NEW-MISC/238,,,0:00, ,"This AD applies to Rockwell Collins, Inc. GPS-4000S Global Positioning System (GPS) part number (P/N) 822-2189-100 installed on airplanes, certificated in any category.",Select,Edit,Delete,View
,DGCA/NEW -MISC/239,34,FAA AD 2021-08-15,"Joint Aircraft System Component (JASC) Code 3445, AIR COLLISION AVOIDANCE SYSTEM (TCAS).",MIS,24-May-2021,DGCA/NEW -MISC/239,,,0:00, ,"This AD applies to Garmin International GMN-00962 GTS processor units, part number 011-02571-0( ), with software version 3.13 or earlier, except software version 3.12.1, installed on airplanes certificated in any category. These units are marketed as the GTS 825, GTS 855, or GTS 8000.",Select,Edit,Delete,View
,DGCA/NEW -MISC/247R1,34,FAA AD 2023-11-07,"Air Transport Association (ATA) of America Code 3444, Ground Proximity System.",MIS,27-Jul-2023,DGCA/NEW -MISC/247R1,,,0:00, ,"This AD applies to all helicopters, certificated in any category, equipped with a radio (also known as radar) altimeter.",Select,Edit,Delete,View
,DGCA/NEW-MIS C/249,34,EASA AD : 2022-0024,ATA 34 – Navigation – Flight Management Computer 2 / Navigation Modules – Operational Limitations / Amendment,MIS,02-Mar-2022,DGCA/NEW-MIS C/249,,,0:00, ,"Thales Flight Management Computer (FMC) 2 Navigation Modules (NAVM), identified by Part Number C13084CA03.",Select,Edit,Delete,View
,DGCA/NEW-MISC/153 R15,25,EASA AD : 2015-0226R7,ATA 25 – Equipment / Furnishings – Hoist – Test / Replacement.,MIS,03-Jun-2022,DGCA/NEW-MISC/153 R15,,,0:00, ,"This AD applies to the following helicopters, when equipped with a Goodrich hoist having a Part Number (P/N) as listed in Table 1 of this AD.",Select,Edit,Delete,View
,DGCA/NEW-MISC/209R1,25,UK CAA AD: G-2022-0011,ATA 25 – Equipment / Furnishings – Pilot & Co-Pilot Seats – Inspection / Modification.,MIS,29-Jun-2022,DGCA/NEW-MISC/209R1,,,0:00, ,"Type 3A063 pilot and co-pilot seats, identified by Part Number (P/N) in Appendix 1 of this AD, all serial numbers. These seats are known to be installed on, but not limited to, ATR-GIE Avions de Transport Régional ATR 42 and ATR 72 aeroplanes.",Select,Edit,Delete,View
,DGCA/NEW-MISC/228 R1,46,FAA AD: 2022-15-08,"Air Transport Association (ATA) of America Code 46, Information systems.",MIS,02-Sep-2022,DGCA/NEW-MISC/228 R1,,,0:00, ,"Fokker F27 Mark 050, F28 Mark 3000, F28 Mark 0070 and F28 Mark 0100 aeroplanes; Airbus A318, A319, A320, A321, A330 and A340 aeroplanes; ATR42 and ATR72 aeroplanes; Boeing 737, 757, 767 and 777 aeroplanes; Bombardier (formerly Canadair) and MHI RJ Aviation ULC (formerly Bombardier) CL-600 aeroplanes; and De Havilland Aircraft of Canada (formerly Bombardier) DHC-8 aeroplanes; models and manufacturer serial numbers (MSN). (As per EASA AD 2021-0234)",Select,Edit,Delete,View
,DGCA/NEW-MISC/243 R2,26,EASA AD 2021-0185R2,ATA 26 – Fire Protection – Hand-operated Fire Extinguishers – Inspection / Replacement.,MIS,26-Sep-2022,DGCA/NEW-MISC/243 R2,,,0:00, ,"HAFEX (Halon-free) hand-held fire extinguishers, having Part Number (P/N) P3APP003010A, P/N P3APP003010B or P/N P3APP003010C, all serial numbers (s/n).",Select,Edit,Delete,View
,DGCA/NEW-MISC/248R2,25,EASA AD : 2022-0029-E,ATA 25 – Equipment / Furnishings – Emergency Parachutes – Removal from Service.,MIS,22-Mar-2022,DGCA/NEW-MISC/248R2,,,0:00, ,"ATL-88/90-1B (commercially known as ATL-15 SL) emergency parachutes, all serial numbers (s/n) manufactured from 2016.",Select,Edit,Delete,View
D,DGCA/NEW-MISC/248R3,25,EASA AD : 2022-0029 R1,ATA 25 – Equipment / Furnishings – Emergency Parachutes – Removal from Service / Modification.,MIS,02-May-2022,DGCA/NEW-MISC/248R3,,,0:00, ,"ATL-88/90-1B (commercially known as ATL-15 SL) emergency parachutes, all serial numbers (s/n) manufactured from 2016, having Part Number (P/N) 09994, P/N 09995 or P/N 09996 (no suffix).",Select,Edit,Delete,View
D,DGCA/NEW-MISC/248R3,25,EASA AD : 2022-0029 R1,ATA 25 – Equipment / Furnishings – Emergency Parachutes – Removal from Service / Modification.,MIS,02-May-2022,DGCA/NEW-MISC/248R3,,,0:00, ,"ATL-88/90-1B (commercially known as ATL-15 SL) emergency parachutes, all serial numbers (s/n) manufactured from 2016, having Part Number (P/N) 09994, P/N 09995 or P/N 09996 (no suffix).",Select,Edit,Delete,View
,DGCA/NEW-MISC/249,34,EASA AD : 2022-0024,ATA 34 – Navigation – Flight Management Computer 2 / Navigation Modules – Operational Limitations / Amendment,MIS,02-Mar-2022,DGCA/NEW-MISC/249,,,0:00, ,"Thales Flight Management Computer (FMC) 2 Navigation Modules (NAVM), identified by Part Number C13084CA03.",Select,Edit,Delete,View
,DGCA/NEW-MISC/250,28,FAA AD 2022-03-15,"Joint Aircraft System Component (JASC) Code 2841, Fuel Quantity Indicator.",MIS,23-Mar-2022,DGCA/NEW-MISC/250,,,0:00, ,"This AD applies to all serial numbers of the airplane models listed in table 1 to paragraph (c), certificated in any category, that are either: 1.Modified with a Garmin G3X Touch Electronic Flight Instrument System 2. Modified with a Garmin GI 275 Multi-Function Display.",Select,Edit,Delete,View
,DGCA/NEW-MISC/250,28,FAA AD 2022-03-15,"Joint Aircraft System Component (JASC) Code 2841, Fuel Quantity Indicator.",MIS,28-Mar-2022,DGCA/NEW-MISC/250,,,0:00, ,"This AD applies to all serial numbers of the airplane models listed in table 1 to paragraph (c), certificated in any category, that are either: 1.Modified with a Garmin G3X Touch Electronic Flight Instrument System 2. Modified with a Garmin GI 275 Multi-Function Display",Select,Edit,Delete,View
D,DGCA/NEW-MISC/251,26,FAA AD 2022-01-03,"Joint Aircraft Service Component (JASC) Code: 2622, Fire Bottle, Portable.",MIS,23-Mar-2022,DGCA/NEW-MISC/251,,,0:00, ,This AD applies to Umlaut Engineering GmbH (previously P3 Engineering GmbH) HAFEX (Halon-free) hand-held P3HAFEX fire extinguisher (fire extinguisher) part numbers P3APP003010A and P3APP003010C.,Select,Edit,Delete,View
D,DGCA/NEW-MISC/251,26,FAA AD 2022-01-03,"Joint Aircraft Service Component (JASC) Code: 2622, Fire Bottle, Portable.",MIS,23-Mar-2022,DGCA/NEW-MISC/251,,,0:00, ,This AD applies to Umlaut Engineering GmbH (previously P3 Engineering GmbH) HAFEX (Halon-free) hand-held P3HAFEX fire extinguisher (fire extinguisher) part numbers P3APP003010A and P3APP003010C.,Select,Edit,Delete,View
D,DGCA/NEW-MISC/252,35,FAA AD 2022-04-09,"Air Transport Association (ATA) of America Code 35, Oxygen System.",MIS,31-Mar-2022,DGCA/NEW-MISC/252,,,0:00, ,"This AD applies to AVOX Systems Inc. (formerly Scott Aviation) oxygen cylinder and valve assemblies having part number (P/N) 89794077, 89794015, 891511-14, 806835-01, 807982-01, or 808433-01.",Select,Edit,Delete,View
D,DGCA/NEW-MISC/252,35,FAA AD 2022-04-09,"Air Transport Association (ATA) of America Code 35, Oxygen System.",MIS,31-Mar-2022,DGCA/NEW-MISC/252,,,0:00, ,"This AD applies to AVOX Systems Inc. (formerly Scott Aviation) oxygen cylinder and valve assemblies having part number (P/N) 89794077, 89794015, 891511-14, 806835-01, 807982-01, or 808433-01.",Select,Edit,Delete,View
D,DGCA/NEW-MISC/252,35,FAA AD 2022-04-09,"Air Transport Association (ATA) of America Code 35, Oxygen System.",MIS,31-Mar-2022,DGCA/NEW-MISC/252,,,0:00, ,"This AD applies to AVOX Systems Inc. (formerly Scott Aviation) oxygen cylinder and valve assemblies having part number (P/N) 89794077, 89794015, 891511-14, 806835-01, 807982-01, or 808433-01.",Select,Edit,Delete,View
,DGCA/NEW-MISC/252 R1,35,FAA AD : 2023-13-11,"Air Transport Association (ATA) of America Code 35, Oxygen System.",MIS,18-Aug-2023,DGCA/NEW-MISC/252 R1,,,0:00, ,"This AD applies to AVOX Systems Inc. (formerly Scott Aviation) oxygen cylinder and valve assemblies having part number (P/N) 89794077, 89794015, 891511-14, 806835-01, 807982-01, or 808433-01.",Select,Edit,Delete,View
,DGCA/NEW-MISC/253,25,FAA AD: 2022-05-10,"Joint Aircraft Service Component (JASC) Code: 2500, Cabin Equipment/Furnishin gs",MIS,18-Apr-2022,DGCA/NEW-MISC/253,,,0:00, ,"This AD applies to helicopters, certificated in any category, with an externally-mounted Goodrich hoist assembly (hoist)",Select,Edit,Delete,View
,DGCA/NEW-MISC/253,25,FAA AD: 2022-05-10,"Joint Aircraft Service Component (JASC) Code: 2500, Cabin Equipment/Furnishings.",MIS,18-Apr-2022,DGCA/NEW-MISC/253,,,0:00, ,"This AD applies to helicopters, certificated in any category, with an externally-mounted Goodrich hoist assembly (hoist)",Select,Edit,Delete,View
D,DGCA/NEW-MISC/254,62,FAA AD 2022-06-05,"Joint Aircraft System Component (JASC) Code: 6200, Main Rotor System.",MIS,18-Apr-2022,DGCA/NEW-MISC/254,,,0:00, ,This AD applies to the following various restricted category helicopters with a main rotor hub strap pin (pin) part number 204-012-104-005 with a serial number prefix “FNFS”,Select,Edit,Delete,View
D,DGCA/NEW-MISC/254,62,FAA AD 2022-06-05,"Joint Aircraft System Component (JASC) Code: 6200, Main Rotor System.",MIS,18-Apr-2022,DGCA/NEW-MISC/254,,,0:00, ,This AD applies to the following various restricted category helicopters with a main rotor hub strap pin (pin) part number 204-012-104-005 with a serial number prefix “FNFS”,Select,Edit,Delete,View
D,DGCA/NEW-MISC/255,25,UK CAA AD: G-2022-0009,ATA 25 - Equipment / Furnishings – Lifejackets – Inspection.,MIS,13-May-2022,DGCA/NEW-MISC/255,,,0:00, ,"Survitec Group Limited (hereafter referred to as “Survitec” in this AD) Lifejackets Type 102 Mk 3 (Adult) ,102 Mk 4 (Crew) and 105 Mk 1 (Infant).",Select,Edit,Delete,View
D,DGCA/NEW-MISC/255,25,UK CAA AD: G-2022-0009,ATA 25 - Equipment / Furnishings – Lifejackets – Inspection.,MIS,13-May-2022,DGCA/NEW-MISC/255,,,0:00, ,"Survitec Group Limited (hereafter referred to as “Survitec” in this AD) Lifejackets Type 102 Mk 3 (Adult) ,102 Mk 4 (Crew) and 105 Mk 1 (Infant).",Select,Edit,Delete,View
,DGCA/NEW-MISC/256,85,FAA AD: 2022-16-03,"Joint Aircraft System Component (JASC) Code 8500, Engine (RECIPROCATING).",MIS,02-Sep-2022,DGCA/NEW-MISC/256,,,0:00, ,"(1) Continental Aerospace Technologies, Inc. reciprocating engine. (2) Lycoming Engines and Textron Lycoming/Subsidiary of Textron, Inc. reciprocating engine.",Select,Edit,Delete,View
,DGCA/NEW-MISC/257,25,FAA AD 2023-12-25,"Air Transport Association (ATA) of America Code 25, Equipment/Furnishings",MIS,07-Aug-2023,DGCA/NEW-MISC/257,,,0:00, ,"This AD applies to Survitec Group Limited (RFD Beaufort Ltd.) life jackets identified in paragraphs (c)(1) and (2) of this AD, having a part number and serial number identified in tables 2 through 13 of Survitec [RFD] Alert Service Bulletin 25–207–A, Version 1, dated November 24, 2021, and a date of manufacture between October 1, 2018, and April 30, 2019, inclusive.",Select,Edit,Delete,View
,DGCA/NEW-MISC/62,31,DGCA/NEW-MISC/62,INSTALLATION OF CVR,MIS,07-Jul-2022,DGCA/NEW-MISC/62,,,0:00, ,CANCELLED vide e-FILE No. DGCA-25012(02)/32/2020-AW Dated 04.07.2022,Select,Edit,Delete,View
,DGCA/NEW-MISC/63,31,DGCA/NEW-MISC/63,INSTALLATION OF CVR,MIS,07-Jul-2022,DGCA/NEW-MISC/63,,,0:00, ,CANCELLED vide e-FILE No. DGCA-25012(02)/32/2020-AW Dated 04.07.2022.,Select,Edit,Delete,View
,FAA AD 2021-19-01,25,ASB 407-15-111,Joint Aircraft Service Component (JASC) Code: 2500 Cabin Equipment/Furnishings.,AD,08-Sep-2021,FAA AD 2021-19-01,,,0:00, ,"This AD applies to Bell Textron Canada Limited Model 206, 206A, 206A-1 (OH-58A), 206B, 206B-1, 206L, 206L-1, 206L-3, 206L-4, 222, 222B, 222U, 230, 407, 427, 429, and 430 helicopters.(1) With a shoulder harness seat belt comfort clip (comfort clip) installed; or (2) That have been modified per Supplemental Type Certificate (STC) SH2073SO (installation of shoulder harness restraint system) or STC SH2751SO (installation of a passenger shoulder harness restraint system).",Select,Edit,Delete,View
,FAA AD 2022-23-02,53,TC AD CF-2021-34,"Joint Aircraft Service Component (JASC) Code: 5300, Fuselage Structure.",AD,29-Nov-2022,FAA AD 2022-23-02,,,0:00, ,"This AD applies to all Bell Textron Canada Limited (type certificate previously held by Bell Helicopter Textron Canada Limited) Model 407 helicopters, certificated in any category",Select,Edit,Delete,View
,FAA AD 2022-27-08,53,TC AD 2022-68,"Joint Aircraft System Component (JASC) Code: 5302, Rotorcraft Tail Boom.",AD,28-Dec-2022,FAA AD 2022-27-08,,,0:00, ,"This AD applies to Bell Textron Canada Limited Model 407 helicopters serial numbers 53000 through 53900 inclusive, 53911 through 53999 inclusive, 54000 through 54166 inclusive, 54300 through 54800 inclusive, 54805 through 54954 inclusive, 54956 through 54997 inclusive, 54999, and 56300 through 56304 inclusive, certificated in any category",Select,Edit,Delete,View
,FAA AD 2023-11-07,34,FAA AD 2023-11-07,"Air Transport Association (ATA) of America Code 3444, Ground Proximity System.",AD,15-Jun-2023,FAA AD 2023-11-07,,,0:00, ,"This AD applies to all helicopters, certificated in any category, equipped with a radio (also known as radar) altimeter. These radio altimeters are installed on various helicopter models including, but not limited to, the helicopters for which the design approval holder is identified in paragraphs (c) (1) through (20) of this AD. (4) Bell Textron Canada Limited (5) Bell Textron Inc.",Select,Edit,Delete,View
,FAA AD 2023-17-51,64,TC AD CF 2023–63,"Joint Aircraft Service Component (JASC) Code: 6410, Tail Rotor Blades.",AD,25-Aug-2023,FAA AD 2023-17-51,,,0:00, ,"This AD applies to Bell Textron Canada Limited Model 407 helicopters, certificated in any category.",Select,Edit,Delete,View
,FAA AD 2024-10-12,73, ,"Joint Aircraft System Component (JASC) Code: 2897, Fuel system wiring.",AD,18-Jul-2024,ASB 407-24-137,,,0:00, ,"This AD applies to Bell Textron Canada Limited Model 407 helicopters, serial numbers 54832 through 54931 inclusive, 54933 through 54939 inclusive, and 54942 through 54954 inclusive, certificated in any category, with a fuel system standpipe assembly (standpipe) part number 407- 062-032-103 installed.",Select,Edit,Delete,View
,FAA AD 2024-10-12,73, ,"Joint Aircraft System Component (JASC) Code: 2897, Fuel system wiring.",AD,18-Jul-2024,FAA AD 2024-10-12,,,0:00, ,"This AD applies to Bell Textron Canada Limited Model 407 helicopters, serial numbers 54832 through 54931 inclusive, 54933 through 54939 inclusive, and 54942 through 54954 inclusive, certificated in any category, with a fuel system standpipe assembly (standpipe) part number 407- 062-032-103 installed.",Select,Edit,Delete,View
D,FAA AD 2024-20-07,25, ,"Joint Aircraft System Component (JASC) Code: 2560, Emergency Equipment ; and 3212, Emergency Flotation Section.",AD,31-Oct-2024,FAA AD 2024-20-07,,,0:00, ,"Bell Textron Canada Limited Model 206A, 206B, 206L, 206L-1, 206L-3, 206L-4 and 407 helicopters modified by STC SR01535LA",Select,Edit,Delete,View
D,FAA AD 2024-20-07,25, ,"Joint Aircraft System Component (JASC) Code: 2560, Emergency Equipment ; and 3212, Emergency Flotation Section.",AD,31-Oct-2024,FAA AD 2024-20-07,,,0:00, ,"Bell Textron Canada Limited Model 206A, 206B, 206L, 206L-1, 206L-3, 206L-4 and 407 helicopters modified by STC SR01535LA",Select,Edit,Delete,View
,FAA AD 2025-13-01,62, ,"Joint Aircraft System Component (JASC) Code 6210, Main Rotor Blades.",AD,23-Jun-2025,FAA AD 2025-13-01,,,0:00, ,"This AD applies to Bell Textron Canada Limited Model 407 and 427 helicopters, certificated in any category.",Select,Edit,Delete,View
,FAA EAD 2023-17-51,64,FAA EAD 2023-17-51,"Joint Aircraft Service Component (JASC) Code: 6410, Tail Rotor Blades.",AD,18-Aug-2023,FAA EAD 2023-17-51,,,0:00, ,"This emergency AD applies to Bell Textron Canada Limited Model 407 helicopters, certificated in any category.",Select,Edit,Delete,View
,GEN-19-144,23,Artex SB 1000,ACR ELECTRONICS ARTEX-BRANDED EMERGENCY LOCATOR TRANSMITTER G-SWITCH TESTING AND MAINTENANCE (SERVICE BULLETIN - SB1000),SB*,25-Jun-2019,GEN-19-144,,,0:00, ,ARTEX C-406 Helicopter Models (HM) or C-406 and G-406 ELTs used in helicopter applications.(ELT MODEL-C406-NHM),Select,Edit,Delete,View
,IL 407-24-129,62,IL 407-24-129,"MAIN ROTOR BLADE BOLTS, OVERHAUL REQUIREMENT CLARIFICATION.",SB*,10-Jun-2024,IL 407-24-129,,,0:00, ,All owners and operators of Model 407 helicopters,Select,Edit,Delete,View
,M 153 R12,25,EASA AD 2015-0226 R5,ATA 25-Equipment / Furnishing – Hoist – Test / Replacement,MIS,24-Aug-2020,DGCA/New-Misc/153 Rev 12,,,0:00, ,"This AD applies to the following helicopters, when equipped with a Goodrich hoist having a Part Number (P/N) as listed in Table 1 of this AD: AW109SP, AB139, AW139 and AB412 (all Models) helicopters, all serial numbers (s/n); BHTI 212, 214 and 412 helicopters (all Models), all s/n; BHTC 429 and 430 helicopters, all s/n; AH AS 365 N3, AS 332 L2 and EC225 LP helicopters, all s/n; AHD MBB-BK117 C-2, EC135 and EC635 (all Models) helicopters, all s/n; MDHI MD900 helicopters, all s/n; and Sikorsky S-61 (all Models), S-76A, S-76B, S-76C and S-92A helicopters, all s/n.",Select,Edit,Delete,View
,M 200,34,FAA AD 2018-03-04,"TO PREVENT INCORRECT AIRSPEED INDICATIONS DURING FLIGHT,WHICH COULD TO LEAD LOSS OF CONTROL.DUE TO DESIGN REDUNDANCY,THIS IS ONLY APPLICABLE IF MORE THAN ONE DEFICIENT PROBE IS INSTALLED",MIS,30-May-2018,DGCA/New-Misc/200,,,0:00, ,"This AD applies to Rosemount Aerospace, Inc. Model 851AK pitot probes that were repaired by CSI Aerospace Inc.",Select,Edit,Delete,View
,M 201,25,EASA AD 2018-0143-E,ATA 25 – Equipment / Furnishings – Towing Release Mechanism – Inspection,MIS,21-Aug-2018,DGCA/NEW-MISC/201,,,0:00, ,"H 301 “Libelle”, H 301 B, Standard Libelle, Standard Libelle 201 B, Standard Libelle 203, Glasflügel 604, BS 1, Kestrel, Club Libelle 205, Hornet, Hornet C, Mosquito, Mosquito B and Glasflügel 304 sailplanes, all manufacturer serial numbers, if equipped with a centre of gravity (C.G.) towing release mechanism.",Select,Edit,Delete,View
,M 202,25,FAA AD 2018-16-01,"Joint Aircraft System Component (JASC) Code 2510, Flight Compartment Equipment.",MIS,04-Sep-2018,DGCA/NEW -MISC/202,,,0:00, ,This AD applies to attendant seats NG and pilot seats 120/335 with part numbers (P/Ns) and serial numbers (For further details refer AD),Select,Edit,Delete,View
,M 203,25,EASA AD No.: 2018-0195,ATA 25 – Equipment / Furnishings – Restraint Systems Rotary Buckle Sub Assembly – Removal from Service,MIS,14-Sep-2018,DGCA/NEW-MISC/203,,,0:00, ,"Model 358 torso restraint systems Part Number (P/N) 358XX XXX-XX-XXX (where XX XXX-XX-XXX can be any combination of numbers and/or letters), serial number (s/n) 738 to 1619 inclusive",Select,Edit,Delete,View
,M 204,28,FAA AD 2018-17-11,Air Transport Association of America (ATA) Code 28: Fuel.,MIS,25-Sep-2018,DGCA/NEW-MISC/204,,,0:00, ,"This AD applies to Linstrandt T30 part number (P/N) CY050001 propane cylinders, serial numbers (S/N) 0227/0158, 0316/-, 0321/-, 0322/0150, 0446/0152, 0534/0145, 0539/-, 0543/0154, 0626/0153, and 0638/0151; installed on hot air balloons.",Select,Edit,Delete,View
,M 205,25,EASA AD No.: 2018-0223,ATA 25 – Equipment / Furnishing – Seat Energy Absorber Assembly – Modification,MIS,26-Oct-2018,DGCA/NEW-MISC/205,,,0:00, ,"Common Seats 170/260 H160, having a Part Number (P/N) and serial numbers (s/n) as identified in Annex A of the SB. These seats are known to be installed on, but not limited to, Airbus Helicopters (formerly Airbus Helicopters Deutschland GmbH, Eurocopter Deutschland GmbH, Eurocopter España S.A.) EC135 and EC635 helicopters; Airbus Helicopters (formerly Eurocopter, Eurocopter France, Aerospatiale) AS 332 L1 and EC 225 LP.",Select,Edit,Delete,View
,M 206,25,FAA AD : 2018-16-13,"Joint Aircraft System Component (JASC) 2500 Code, Cabin Equipment/Furnishings.",MIS,26-Oct-2018,DGCA/NEW-MISC/206,,,0:00, ,"This AD applies to all Zodiac Seats France, 537-Series Cabin Attendant Seats, part number (P/N) 53701-( )( )-( )( )( ).",Select,Edit,Delete,View
,M 207,34,EASA AD 2018-0247,ATA 34 – Navigation – Transponders – Inspection / Modification,MIS,22-Nov-2018,DGCA/NEW-MISC/207,,,0:00, ,"Trig Avionics TT31 Mode S transponders, Part Number (P/N) 00220-00-01, serial number (s/n) 05767 to 09715 inclusive, except those having modification (mod) level 7 or higher embodied. P/N 00220-00-01 may have been procured as part of Trig Avionics P/N 00225-00-01, which designates a kit composed of the transponder and its mounting tray; Avidyne Corporation AXP340 Mode S transponders, P/N 200-00247-0000, also marked with Trig Avionics P/N 01155-00-01, s/n 00801 to 01377 inclusive, except those with mod level 1 or higher embodied; and BendixKing / Honeywell International KT74 Mode S transponders P/N 89000007-000001, also marked with Trig Avionics P/N 01157-00-01, s/n 01143 to 02955 inclusive, except those with mod level 1 or higher embodied. P/N 89000007-000001 may have been procured as part of BendixKing / Honeywell International P/N 89000007-002001, which designates a kit composed of the transponder and its mounting tray.",Select,Edit,Delete,View
,M 208 R1,46,EASA AD 2018-0259 R1,ATA 46 – Information Systems – Electronic Flight Bag Universal Serial Bus Receptacle – Modification,MIS,20-Feb-2019,DGCA/New-Misc/208 R1,,,0:00, ,"Fokker F27 Mark 050, F28 Mark 3000, F28 Mark 0070 and F28 Mark 0100 aeroplanes; Airbus A318, A319, A320, A321, A330 and A340 aeroplanes; Avions de Transport Régional (ATR) ATR42 and ATR72 aeroplanes; Boeing 737, 757, 767 and 777 aeroplanes; and Bombardier (formerly Canadair) CL-600 and (formerly De Havilland Canada) DHC-8 aeroplanes; as identified in Appendix 1 of this AD.",Select,Edit,Delete,View
,M 209,25,EASA AD 2018-0262,ATA 25 – Equipment / Furnishings – Pilot and Co-pilot Seats – Modification / Inspection,MIS*,14-Jan-2019,DGCA/NEW-MISC/209,,,0:00, ,"Type 3A063 pilot and co-pilot seats, identified by Part Number (P/N) in Appendix 1 of this AD, all serial numbers.",Select,Edit,Delete,View
,M 210 R1,25,EASA AD 2018-0264 R1,ATA 25 – Equipment / Furnishings – Life Vest Pouch – Inspection,MIS,09-Apr-2019,DGCA/NEW-MISC/210 R1,,,0:00, ,"Centaurus Economy Class 13E, 13H and 13K passenger seats, having a Part Number (P/N) as identified in Appendix 1 of this AD, all serial numbers.",Select,Edit,Delete,View
,M 211 R1,25,FAA AD 2018-23-12,"Air Transport Association (ATA) of America Code 25, Equipment/furnishings.",MIS,30-Jan-2019,DGCA/NEW-MISC/211 R1,,,0:00, ,"This AD applies to Zodiac Aero Evacuation Systems (also known as Air Cruisers Company) fusible plugs installed on emergency evacuation equipment identified in the service information specified in paragraphs (c)(1) through (c)(16) of this AD. These affected fusible plugs might be installed on the emergency evacuation equipment of the following manufacturers' airplanes: Airbus SAS, The Boeing Company, BAE Systems (Operations) Limited, and Fokker Services B.V.",Select,Edit,Delete,View
,M 212,34,EASA AD 2019-0004,ATA 34 – Navigation – Global Navigation Satellite System – Operational Limitations,MIS,30-Jan-2019,DGCA/NEW-MISC/212,,,0:00, ,"Thales Global Positioning System/Satellite Based Augmentation System (GPS/SBAS) receivers, Topstar 200 LPV, identified by Part Number (P/N) C17149HA01 and P/N C17149JA02, using SBAS.",Select,Edit,Delete,View
,M 213,20,CF-2019-01,"Standard Practices – Helicopter External Transport System (HETS™) - Unapproved Parts, Inadequate Service Life Limits and Maintenance Requirements",MIS,30-Jan-2019,DGCA/NEW-MISC/213,,,0:00, ,"HETS™ certified under Transport Canada Supplemental Type Certificate (STC) SH98-35, Issue 1 and Issue 2 installed on the following helicopter models: Bell Helicopter Textron Canada Ltd. model 206B, 206L, 206L-1, 206L-3, 206L-4 and 407. Airbus Helicopters (formerly Eurocopter France) model AS 350 B, AS 350 B1, AS 350 B2, AS 350 B3, AS 350 BA and AS 350 D. Airbus Helicopters (formerly Eurocopter France) model AS 355 E, AS 355 F, AS 355 F1 and AS 355 F2. MD Helicopter Inc. model 369, 369A, 369H, 369HM, 369HS, 369HE, 369D, 369E, 369F, 369FF and 500N.",Select,Edit,Delete,View
,M 214,21,FAA AD 2018-25-17,"Joint Aircraft Service Component (JASC) Code: 2197, Air Conditioning System Wiring.",MIS,30-Jan-2019,DGCA/NEW-MISC/214,,,0:00, ,"This AD applies to the following helicopters, certificated in any category: (1) Airbus Helicopters Model AS350B, AS350B1, AS350B2, AS350B3, AS350BA, AS350C, AS350D, and AS350D1 helicopters with an Air Comm air conditioning system part number (P/N) AS350-202-1, AS350-202-2, AS350-202-3, AS350-202-4, AS350-202-5, AS350-204-1, AS350-204-2, AS350-204-3, AS350-204-4, AS350-204-5, AS350-204-6, AS350-204-7, AS350-204-8, AS350-204-9, AS350-204-10, AS350-204-11, or AS350-204-12 installed. (2) Airbus Helicopters Model EC130B4 helicopters with an Air Comm air conditioning system P/N EC130-202-1, EC130-202-2, EC130-202-3, EC130-202-4, EC130-202-5, EC130-202-6, EC130-202-7, or EC130-202-8 installed. (3) Bell Helicopter Textron Canada Limited (Bell) Model 206A, 206B, 206L, 206L-1, 206L-3, and 206L-4 helicopters with an Air Comm air conditioning system P/N 206EC-200, 206EC-201, 206EC-202, 206EC-203, 206EC-204, 206EC-205, 206EC-206, 206EC-207, 206EC-208, 206EC-209, 206EC-210, 206EC-211, or 206EC-21",Select,Edit,Delete,View
,M 215,34,FAA AD 2019-01-02,"Joint Aircraft System Component (JASC): 3410, Flight Environment Data; and 3420, Attitude and Direction Data System.",MIS,30-Jan-2019,DGCA/NEW-MISC/215,,,0:00, ,"(1) This AD applies to Aspen Avionics, Inc., Evolution Flight Display (EFD) EFD1000 Primary Flight Display, EFD1000 Multi-Function Display (MFD), EFD1000 Emergency Backup Display, or EFD500 MFD units, that are installed on various aircraft and meet all conditions in paragraphs (c)(1)(i), (c)(1)(ii), and (c)(1)(iii) of this AD. (i) Software version 2.9 (SW 2.9) is installed; (ii) The Flight Information Service-Broadcast (FIS-B) Weather Interface option is enabled; and (iii) Independent airspeed, attitude, and altitude back-up instruments are not installed.",Select,Edit,Delete,View
,M 216,25,EASA AD 2019-0010,ATA 25 – Equipment / Furnishing – Life Jacket – Removal / Repair,MIS,06-Feb-2019,DGCA/NEW-MISC/216,,,0:00, ,"Life Jackets, having a Part Number (P/N) 210225-2, and Infant/Small Child Life Jackets, having P/N 216200-0 or P/N 216203-0, and having a serial number as identified in Appendix 1 of this AD.",Select,Edit,Delete,View
,M 217,35,FAA AD 2018-21-14,"Joint Aircraft System Component (JASC) Code 3510, Crew Oxygen System.",MIS,11-Mar-2019,DGCA/NEW-MISC/217,,,0:00, ,"This AD applies to Zodiac Aerotechnics (Zodiac) MC10 series crew oxygen mask regulators fitted with an inflatable harness assembly, part number (P/N) MXH20-1 or MXH21-1.",Select,Edit,Delete,View
,M 218,25,FAA AD 2018-07-03,"Joint Aircraft System Component (JASC) Code 2500, Cabin Equipment/Furnishings.",MIS,04-Apr-2019,DGCA/NEW-MISC/218,,,0:00, ,"This AD applies to all Zodiac Seats France, 536-Series Cabin Attendant Seats, part number (P/N) 53600, all dash numbers, all serial numbers. These appliances are installed on, but not limited to: Avions de transport regional (ATR) 42 and ATR 72 model airplanes of U.S. registry.",Select,Edit,Delete,View
,M 219,34,FAA AD 2017-22-14,"Joint Aircraft System Component (JASC)/Air Transport Association (ATA) of America Code 34, Navigation.",MIS*,20-May-2019,DGCA/NEW-MISC/219,,,0:00, ,"Rockwell Collins, Inc. TSSA-4100 Field Loadable Software (FLS) Rockwell Collins part numbers (RCPNs) 810-0052-002, -003, -010, -011, -012, -100, or -101 found on TSS-4100 Traffic Surveillance System Processing Units, (RCPN) 822-2132-001 installed on airplanes.",Select,Edit,Delete,View
,M 220,26,EASA AD 2019-0084,ATA 26 – Fire Protection – Fire Extinguisher Percussion Cartridge – Life Limit,MIS,20-May-2019,DGCA/NEW-MISC/220,,,0:00, ,"Mystere-Falcon 50 aeroplanes (including F50EX commercial variant), all manufacturer serial numbers (MSN).",Select,Edit,Delete,View
,M 221,34,FAA AD 2019-07-10,"Joint Aircraft Service Component (JASC) Code: 3420, Attitude and Directional Data System.",MIS,20-May-2019,DGCA/NEW-MISC/221,,,0:00, ,"This AD applies to airplanes and helicopters, certificated in any category, with a Northrop Grumman LITEF GmbH LCR-100 Attitude and Heading Reference System (AHRS) unit part number (P/N) 145130-2000, 145130-2001, 145130-7000, 145130-7001, or 145130-7100 installed using analog outputs for primary flight information display or autopilot functions without automatic output compariso",Select,Edit,Delete,View
,M 222,25,FAA AD 2019-08-01,"Joint Aircraft System Component (JASC) Code 2520, Passenger Compartment Equipment",MIS,20-May-2019,DGCA/NEW-MISC/222,,,0:00, ,This AD applies to RECARO Aircraft Seating GmbH & Co. KG (RECARO) Model 3510A and 3510D passenger seats.,Select,Edit,Delete,View
,M 223,25,EASA AD 2019-0125,ATA 25 – Equipment / Furnishing – 9G NGS XL StepX Stretcher 1120050-Series – Modification.,MIS,16-Jun-2019,DGCA/NEW-MISC/223,,,0:00, ,"Embraer ERJ 170-100 STD, ERJ 170-100 LR, ERJ 170-200 STD, ERJ 170-200 LR, ERJ 190-100 STD, ERJ 190-100 LR, ERJ 190-100 IGW, ERJ 190-100 ECJ, ERJ 190-100 SR, ERJ 190-200 STD, ERJ 190-200 LR and ERJ 190-200 IGW aeroplanes, all serial numbers (s/n), if modified to have an affected stretcher installed in accordance with EASA STC 10030758, formerly STC number EASA.A.S.03712.",Select,Edit,Delete,View
,M 224,34,FAA AD 2019-12-09,Joint Aircraft System Component (JASC)/Air Transport Association (ATA) of America Code 34; Navigation.,MIS,24-Jul-2019,DGCA/NEW-MISC/224,,,0:00, ,"This AD applies to Rockwell Collins, Inc. (Rockwell Collins) Flight Display System Application FDSA-6500 part numbers 810-0234-1H0001, 810-0234-1H0002, 810-0234-1H0003, 810-0234- 2H0001, 810-0234-2C0001, 810-0234-2C0002, and 810-0234-4B0001. These appliances are installed on, but not limited to, Bombardier Inc. Model CL-600-2B16 (604 variant) airplanes and Textron Aviation Inc. Models 525B, B200, B200C, B200CGT, B200GT, B300, B300C, and C90GTi airplanes, certificated in any category",Select,Edit,Delete,View
,M 224,34,FAA AD 2019-12-09 & OPSB 0193-19 R1,Joint Aircraft System Component (JASC)/Air Transport Association (ATA) of America Code 34; Navigation.,MIS,18-Jul-2019,DGCA/NEW-MISC/224,,,0:00, ,"This AD applies to Rockwell Collins, Inc. (Rockwell Collins) Flight Display System Application FDSA-6500 part numbers 810-0234-1H0001, 810-0234-1H0002, 810-0234-1H0003, 810-0234-2H0001, 810-0234-2C0001, 810-0234-2C0002, and 810-0234-4B0001. These appliances are installed on, but not limited to, Bombardier Inc. Model CL-600-2B16 (604 variant) airplanes and Textron Aviation Inc. Models 525B, B200, B200C, B200CGT, B200GT, B300, B300C, and C90GTi airplanes, certificated in any category.",Select,Edit,Delete,View
D,M 225,34,FAA AD 2019-13-03,"Joint Aircraft System Component (JASC) Code 3452, ATC transponder system.",MIS,02-Aug-2019,DGCA/NEW-MISC/225,,,0:00, ,"This AD applies to: (1) Trig Avionics Limited TT31 Mode S transponders, part number (P/N) 00220-00-01 and P/N 00225-00-01, with a serial number (S/N) from 05767 to S/N 09715 inclusive, and Modification (Mod) Level 6 or below, installed. (2) Avidyne Corporation AXP340 Mode S transponders, P/N 200-00247-0000, also marked with Trig Avionics P/N 01155-00-01, with a S/N from 00801 to S/N 01377 inclusive, and Mod Level 0, installed. (3) BendixKing/Honeywell International KT74 Mode S transponders, P/N 89000007-002001, also marked with Trig Avionics P/N 01157-00-01, with a S/N from 01143 to S/N 02955 inclusive, and Mod Level 0, installed.",Select,Edit,Delete,View
D,M 225,34,FAA AD 2019-13-03,"Joint Aircraft System Component (JASC) Code 3452, ATC transponder system.",MIS,02-Aug-2019,DGCA/NEW-MISC/225,,,0:00, ,"This AD applies to: (1) Trig Avionics Limited TT31 Mode S transponders, part number (P/N) 00220-00-01 and P/N 00225-00-01, with a serial number (S/N) from 05767 to S/N 09715 inclusive, and Modification (Mod) Level 6 or below, installed. (2) Avidyne Corporation AXP340 Mode S transponders, P/N 200-00247-0000, also marked with Trig Avionics P/N 01155-00-01, with a S/N from 00801 to S/N 01377 inclusive, and Mod Level 0, installed. (3) BendixKing/Honeywell International KT74 Mode S transponders, P/N 89000007-002001, also marked with Trig Avionics P/N 01157-00-01, with a S/N from 01143 to S/N 02955 inclusive, and Mod Level 0, installed.",Select,Edit,Delete,View
D,M 226,25,FAA AD 2019-14-05,"Joint Aircraft System Component (JASC) Code 2510, Flight Compartment Equipment.",MIS,02-Aug-2019,DGCA/NEW-MISC/226,,,0:00, ,"(1) This AD applies to B/E Aerospace Fischer GmbH (B/E Aerospace Fischer) Common Seats 170/260 H160 with a part number and serial number combination listed in Annex A to B/E Aerospace Fischer Alert Service Bulletin (ASB) No. SB0718-004, Issue A, dated June 26, 2018. (2) These seats are known to be installed on, but not limited to: Airbus Helicopters (formerly Airbus Helicopters Deutschland GmbH, Eurocopter Deutschland GmbH, Eurocopter Espa[ntilde]a S.A.) EC135 and EC635 helicopters; and Airbus Helicopters (formerly Eurocopter, Eurocopter France, Aerospatiale) AS 332 L1 and EC 225 LP helicopters.",Select,Edit,Delete,View
D,M 226,25,FAA AD 2019-14-05,"Joint Aircraft System Component (JASC) Code 2510, Flight Compartment Equipment.",MIS,02-Aug-2019,DGCA/NEW-MISC/226,,,0:00, ,"This AD applies to B/E Aerospace Fischer GmbH (B/E Aerospace Fischer) Common Seats 170/260 H160 with a part number and serial number combination listed in Annex A to B/E Aerospace Fischer Alert Service Bulletin (ASB) No. SB0718-004, Issue A, dated June 26, 2018.",Select,Edit,Delete,View
,M 227,25,EASA AD : 2019-0235,ATA 25 – Equipment / Furnishings – Emergency Locator Transmitter – Inspection / Modification / Replacement,MIS,30-Sep-2019,DGCA/New-Misc./227,,,0:00, ,"Emergency locator transmitters (ELT) G406-4, C406-1, C406-1HM, C406-2, C406-2HM, C406-N and C406-NHM identified by Part Number (P/N) and serial number (s/n) in Appendix 1 of this AD.",Select,Edit,Delete,View
,M 227,25,EASA AD 2019-0235,ATA 25 – Equipment / Furnishings – Emergency Locator Transmitter – Inspection / Modification / Replacement,MIS,30-Sep-2019,DGCA/NEW-MISC/227,,,0:00, ,"This AD applies to the following series of Emergency locator transmitters (ELT) G406-4, C406-1, C406-1HM, C406-2, C406-2HM, C406-N and C406-NHM.",Select,Edit,Delete,View
,M 228,46,FAA AD 2019-20-03,"Air Transport Association (ATA) of America Code 46, Information systems",MIS,19-Nov-2019,DGCA/NEW-MISC/228,,,0:00, ,Affected Airplane – Fokker services B V Model F.27 Mark 050 Airplanes Fokker modification SB/EB Used to Install effected part – SBF 50-46-004(Refer AD for more details),Select,Edit,Delete,View
,M 229,26,EASA AD No.: 2020-0013,ATA 26 – Fire Protection – Hand-held Fire Extinguishers – Replacement,MIS,04-Feb-2020,DGCA/NEW MISC/229,,,0:00, ,"AS 332 C, C1, L, L1 and L2, AS 365 N2 and N3, EC 155 B and B1, EC 175 B, EC 225 LP, SA 330 J, and SA 365 C1, C2, C3, N and N1 helicopters, all serial numbers (s/n)",Select,Edit,Delete,View
,M 230,34,FAA AD 2020-08-02,"Joint Aircraft System Component (JASC) Code 3457, Global Positioning System.",MIS,03-Jun-2020,DGCA/NEW-MISC/230,,,0:00, ,"This AD applies to Thales AVS France SAS (Thales) Global Positioning System/Satellite Based Augmentation System (GPS/SBAS) receivers, Topstar 200 LPV, part numbers (P/Ns) C17149JA02 and C17149HA01. These GPS/SBAS receivers are installed on, but not limited to, ATR-GIE Avions de Transport Régional (ATR) model ATR42 and ATR72 airplanes and Sikorsky Aircraft Corporation model S-76D helicopters, respectively.",Select,Edit,Delete,View
,M 231,34,FAA AD 2020-10-05,"Joint Aircraft System Component (JASC)/Air Transport Association (ATA) of America Code 3460, Flight Management Computing Hardware System.",MIS,01-Jul-2020,DGCA/NEW-MISC/231,,,0:00, ,"This AD applies to Rockwell Collins, Inc. (Rockwell Collins) Pro Line 4 and Pro Line 21 Flight Management Systems installed on airplanes, certificated in any category, that has a flight management computer (FMC) with a Rockwell Collins part number (RCPN) listed in paragraph (c)(1) of this AD and with a configuration strapping unit (CSU) listed in paragraph (c)(2) of this AD. (1) FMC-3000 RCPN 822-0883-031, -036, -038, -040, -041, -053, -054, -056, -057, -058, -059, 060, -081, -082, -083, -084; FMC-4200 RCPN 822-0783-022, -025, -028, -032, -036, -039, -040; FMC-5000 RCPN 822-0891-021, -027, -028, -034, -040; or FMC-6000 RCPN 822-0868-074, -075, 082, -083, -084, -085, -087, -089, -090, -109, -110, -111, -112, -113, -114, -116, -117, -122, -123, 127, -130, -132, -133, -134, -139. (2) CSU-3100 RCPN 822-1363-002, CSU-4000 RCPN 822-0049-002, or CSU-4100 RCPN 8221364-002.",Select,Edit,Delete,View
,M 232,34,FAA AD No.: 2020-16-08,"Joint Aircraft System Component (JASC)/Air Transport Association (ATA) of America Code 3410, FLIGHT ENVIRONMENT DATA; 3420, ATTITUDE AND DIRECTION DATA SYSTEM.",MIS,14-Oct-2020,DGCA/ NEW MISC/ 232,,,0:00, ,"This AD applies to Aspen Avionics, Inc., Evolution Flight Display (EFD) EFD1000 Primary Flight Display part number (P/N) 910-00001-011, EFD1000 Multi-Function Display P/N 910-00001- 012, and EFD1000 Emergency Backup Display P/N 910-00001-017 units that meet both conditions in paragraphs (c)(1)(i) and (ii) of this AD",Select,Edit,Delete,View
,M 233,34,FAA AD No.: 2020-18-51,"Joint Airplane Service Component (JASC) Code: 3420, Attitude and Direction Data System",MIS,27-Oct-2020,DGCA/ NEW MISC/ 233,,,0:00, ,This AD applies to Sandia attitude indicator (attitude indicator) part number 306171-10 and 306171-20. These attitude indicators may be marked as BendixKing Model KI-300 or Sandia Model SAI-340A. They may be installed on airplanes certificated in any category,Select,Edit,Delete,View
,M 407/44,65,FAA AD - 2018-10-06,"JOINT AIRCRAFT SERVICE COMPONENT(JASC) CODE:6510 TAIL ROTOR DRIVE SHAFT- A LOOSE TAIL ROTOR (TR) DRIVESHAFT SPLINED CONNECTION ,WHICH IF NOT CORRECTED COULD RESULT IN WEAR IN THE SPLINES , FAILURE OF THE TR DRIVE SYSTEM , AND SUBSEQUENT LOSS OF DIRECTIONAL CONTROL OF THE HELICOPTER.",MOD*,25-Jun-2018,DGCA/BELL 407/44,,,0:00, ,"This AD applies to Bell Model 407 helicopters, certificated in any category.",Select,Edit,Delete,View
,M 91 R1,100,FAA AD 2006-16-18 R1,"To prevent a bearing error,which could lead to an aeroplane departing from its scheduled flight path",MIS,11-Sep-2019,DGCA/New-Misc/91 R1,,,0:00, ,"Sandel Avionics Incorporated Model ST3400 Terrain Awareness Warning System/Radio Magnetic Indicator (TAWS/ RMI) Units Approved Under Technical Standard Order(s) C113, C151a, or C151b;",Select,Edit,Delete,View
,M001,5,"DGCA Let.No.77-5/69- A1(I), Dt.24/5/1969",Magnetic Particle Inspection of Undercarriage Bolts of Agricultural Aircraft,MIS#,24-May-1969,DGCA/New-Misc/01,,,0:00, ,Applicable to agricultural aircraft.,Select,Edit,Delete,View
,M001,32,DGCA Let no.77-5-69AI(1),MPI of undercarriage bolts of agricultural aircraft,MIS,24-May-1969,DGCA/New-Misc/01,,,0:00, ,Applicable to agricultural aircraft.,Select,Edit,Delete,View
D,M002,5,DGCA Let No.9-414AI(II),M-3 Type Generator Insp. of Support Lugs at Commutator Front End Housing for Cracks,MIS,24-May-1969,DGCA/New-Misc/02,,,0:00, ,Applicable to M-3 Type generators,Select,Edit,Delete,View
D,M002,5,DGCA Let No.9-414AI(II),M-3 Type Generator Insp. of Support Lugs at Commutator Front End Housing for Cracks,MIS,24-May-1969,DGCA/New-Misc/02,,,0:00, ,Applicable to M-3 Type generators,Select,Edit,Delete,View
,M002,5,DGCA Let No.9-414AI(II) Dt.11/11/74,M-3 Type Generator Insp. of Support Lugs at Commutator Front End Housing for Cracks,MIS,24-May-1969,DGCA/New-Misc/02,,,0:00, ,Applicable to M-3 Type generators,Select,Edit,Delete,View
,M002,80,DGCA Letter No.9-414AI(11,M-3 TYPE generators insp. of support lug at commutator front end housing for cracks.,MIS,11-Nov-1974,DGCA/New-Misc/02,,,0:00, ,As in AD,Select,Edit,Delete,View
,M003,11,FAA AD 74-08-09 R3,"""No Smoking"" placard to be installed on lavatory door to prevent fires from smoking materials being dropped in to lavatory, paper or linen waste receptacles.",MIS,16-Apr-2012,DGCA/New-Misc/03 Rev.1,,,0:00, ,"Applies to transport category airplanes, certificated in any category, that have one or more lavatories equipped with paper or linen waste receptacles",Select,Edit,Delete,View
D,M003,11,FAA AD 74-08-09R2,"""No Smoking"" placard to be installed on lavatory door to prevent fires from smoking materials being dropped in to lavatory, paper or linen waste receptacles.",MIS,06-Aug-1974,DGCA/New-Misc/03 Rev.1,,,0:00, ,"All transport category airplanes, certified in any category",Select,Edit,Delete,View
D,M003,11,FAA AD 74-08-09R2,"""No Smoking"" placard to be installed on lavatory door to prevent fires from smoking materials being dropped in to lavatory, paper or linen waste receptacles.",MIS,06-Aug-1974,DGCA/New-Misc/03 Rev.1,,,0:00, ,"All transport category airplanes, certified in any category",Select,Edit,Delete,View
,M003,11,FAA AD 74-8-9R2,"""No Smoking"" placard to be installed on lavatory door to prevent fires from smoking materials being dropped in to lavatory paper or lenin waste receptacle.",MIS,06-Aug-1974,DGCA/New-Misc/03 Rev.1,,,0:00, ,"All transport category airplanes, certified in any category",Select,Edit,Delete,View
D,M004,31,DGCA let no. 4/26/73 AI,"Installation of ""G"" Meter During Cloud Seeding Operations",MIS,20-Jun-1974,DGCA/New-Misc/04,,,0:00, ,Applicable to all aircraft modified for cloud seeding operations,Select,Edit,Delete,View
D,M004,31,DGCA let no. 4/26/73 AI,"Installation of ""G"" Meter During Cloud Seeding Operations",MIS,20-Jun-1974,DGCA/New-Misc/04,,,0:00, ,Applicable to all aircraft modified for cloud seeding operations,Select,Edit,Delete,View
,M004,31,"DGCA Let. NO. 4/26/73AI(I), Dt. 20/6/74","Installation of ""G"" Meter During Cloud Seeding Operations",MIS,20-Jun-1974,DGCA/New-Misc/04,,,0:00, ,Applicable to all aircraft modified for cloud seeding operations,Select,Edit,Delete,View
,M004,31,DGCA letter no.4/26/73 A(I),"Installation of ""G"" meter during cloud seeding operations.",MIS,20-Jun-1974,DGCA/New-Misc/04,,,0:00, ,AS IN THE LETTER,Select,Edit,Delete,View
D,M005,51,DGCA let no.78/111/75 AI,Painting of Helicopter Engaged in Agro Operations with 'Day Glow' Paint,MIS,23-Mar-1977,DGCA/New-Misc/05,,,0:00, ,Applicable to helicopters,Select,Edit,Delete,View
D,M005,51,DGCA let no.78/111/75 AI,Painting of Helicopter Engaged in Agro Operations with 'Day Glow' Paint,MIS,23-Mar-1977,DGCA/New-Misc/05,,,0:00, ,Applicable to helicopters,Select,Edit,Delete,View
,M005,51,"DGCA Let.No.78/111/75AI(I), Dt. 23/3/77",Painting of Helicopter Engaged in Agro Operations with 'Day Glow' Paint,MIS,23-Mar-1977,DGCA/New-Misc/05,,,0:00, ,Applicable to helicopters,Select,Edit,Delete,View
,M005,51,DGCA letter no.78/111/75A(I),"Painting of helicopter engaged in agro operations with 'Day Glow"" paint",MIS,23-Mar-1977,DGCA/New-Misc/05,,,0:00, ,Applicable to helicopters,Select,Edit,Delete,View
,M006,23,"DGCA Let. No.4-18/79AI(1), Dt 27-Feb. 1992",Frequency Tolerance Limit for Transmitter Rev.1,MIS,27-Feb-1992,DGCA/New-Misc/06,,,0:00, ,Applicable to all HF and VHF equipment fitted on transport category aircraft.,Select,Edit,Delete,View
,M006,23,DGCA Letter No.4-18/79 A(I),Frequency Tolerance Limit For Transmitter Rev.1,MIS,27-Feb-1992,DGCA/New-Misc/06,,,0:00, ,Applicable to all HF and VHF equipment fitted on transport category aircraft.,Select,Edit,Delete,View
D,M006,23,DGCA Letter No.4-18/79 AI(I),Frequency Tolerance Limit for Transmitter Rev.1,MIS,27-Feb-1992,DGCA/New-Misc/06,,,0:00, ,Applicable to all HF and VHF equipment fitted on transport category aircraft.,Select,Edit,Delete,View
D,M006,23,DGCA Letter No.4-18/79 AI(I),Frequency Tolerance Limit for Transmitter Rev.1,MIS,27-Feb-1992,DGCA/New-Misc/06,,,0:00, ,Applicable to all HF and VHF equipment fitted on transport category aircraft.,Select,Edit,Delete,View
,M007,80,Bendix SB. No 551 & 556,"Improved Lubrication and Installation of Modified Distributor Block in Bendix Scintilla ""S"" Type Magnetos.",MIS,23-Jun-1972,DGCA/New-Misc/07,,,0:00, ,"Applicable to Bendix Scintilla ‘S’ 20, S 200 & ‘S’ 1200 series magnetos.",Select,Edit,Delete,View
,M007,80,Bendix SB. No 551 &556,"Improved lubrication and installation of modified distributor block in Bendix Scintilla ""S"" type magnetos",MIS,07-Jul-2007,DGCA/New-Misc/07,,,0:00, ,"APPLICABLE TO BENDIX SCINTILLA 'S' 20, 'S' 200, 'S' 1200 SERIES MAGNETOES",Select,Edit,Delete,View
,M008,100,ISI Insp.no.IS 6753-1972,Identification of aircraft pipelines,MIS,23-Jun-1972,DGCA/New-Misc/08,,,0:00, ,Applicable to aircraft with AUW of 15000 Kg and above & type certificate after 1-5-76.,Select,Edit,Delete,View
,M008,100,ISI Spec.no.6753-1972,Identification of aircraft pipelines,MIS,07-Jul-2007,DGCA/New-Misc/08,,,0:00, ,APPLICABLE TO AIRCRAFTS WITH AUW OF 15000 KGS & ABOVE & TYPE CERTIFICATED AFTER 1/5/76,Select,Edit,Delete,View
D,M009,100,Cancelled,Cancelled in view of DGCA/New Misc/84 vide letter no. 9-414/04 dated 06/10/05,MIS#,06-Oct-2005,DGCA/New-Misc/09,,,0:00, ,Cancelled,Select,Edit,Delete,View
D,M009,100,Cancelled,Cancelled in view of DGCA/New Misc/84 vide letter no. 9-414/04 dated 06/10/05,MIS#,06-Oct-2005,DGCA/New-Misc/09,,,0:00, ,Cancelled,Select,Edit,Delete,View
,M010,1,FAR PART 121.317(b),"""Fasten Seat Belt While Seated""sign or playcard on each forward bulkhead and n each passenger seat back.",MIS,07-Jul-2007,DGCA/New-Misc/10,,,0:00, ,PASSENGER AIRCRAFT,Select,Edit,Delete,View
,M010,11,FAR PART 121.317(B),'FASTEN SEAT BELT WHILE SEATED' sign or placard on each forward bulkhead and on each passenger seat back.,MIS*,29-Jun-2007,DGCA/New-Misc/10,,,0:00, ,Passenger aircraft.,Select,Edit,Delete,View
D,M010,11,FAR PART 121.317(b),"""Fasten Seat Belt While Seated"" sign or playcard on each forward bulkhead and on each passenger seat back.",MIS,29-Jun-2007,DGCA/New-Misc/10,,,0:00, ,PASSENGER AIRCRAFT,Select,Edit,Delete,View
D,M010,11,FAR PART 121.317(b),"""Fasten Seat Belt While Seated"" sign or playcard on each forward bulkhead and on each passenger seat back.",MIS,29-Jun-2007,DGCA/New-Misc/10,,,0:00, ,PASSENGER AIRCRAFT,Select,Edit,Delete,View
,M011,80,FAA AD 82-13-01 and Bendix SB no.,Inspection /Replacement of gear distributor of block of Bendix D-1200 series magnetos.,MIS*,28-Jun-1982,DGCA/New-Misc/11,,,0:00, ,Bendix engine products division's S-1200 series magnetos whin have green distributor blocks & do not have the letter R metal stamped on the identification plate.,Select,Edit,Delete,View
,M012,61,"DGCA Let. No. 9-414/81-A(II), Dt. 14/9/82",Examination of engine involved in propeller strike incidents,MIS,28-Jun-1982,DGCA/New-Misc/12,,,0:00, ,All types of piston engines aircrafts.,Select,Edit,Delete,View
,M012,61,DGCA letter no.9-414/81-A(II),Examination of engine involed in propeller strike incidents.,MIS,14-Sep-1982,DGCA/New-Misc/12,,,0:00, ,ALL TYPES OF PISTON ENGINE AIRCRAFT.,Select,Edit,Delete,View
,M013,61,FAA AD 84-26-02,Replacement of paper induction air filter,MIS*,29-Jan-1985,DGCA/New-Misc/13,,,0:00, ,All paper induction air filters used in small airplanes.,Select,Edit,Delete,View
,M013,61,FAA AD 84-26-02,Replacement of paper induction air filters,MIS,19-Jan-1985,DGCA/New-Misc/13,,,0:00, ,All paper induction air filters used in small airplanes.,Select,Edit,Delete,View
D,M014,100,FAR 121.310(c),Lighting for interior emergency exit markings,MIS,19-Jan-1985,DGCA/New-Misc/14,,,0:00, ,1) Large transport A/C having seating capacity of more than 30 passengers and type certified after 1st Jan 1958.,Select,Edit,Delete,View
,M014,100,FAR 121.310(C),Lighting for interior emergency exit markings,MIS,19-Jan-1985,DGCA/New-Misc/14,,,0:00, ,"1) Large transport aircraft having seating capacity of more than 30 passenger and Type certified after 01-01-58. 2)B707,Caravelle,F27 and HS748 a/c are exempted.",Select,Edit,Delete,View
D,M014,100,FAR 121.310(c),Lighting for interior emergency exit markings,MIS,19-Jan-1985,DGCA/New-Misc/14,,,0:00, ,1) Large transport A/C having seating capacity of more than 30 passengers and type certified after 1st Jan 1958.,Select,Edit,Delete,View
,M014,100,FAR 121.310(C),Lighting for interior emergency exit markings,MIS,30-Apr-1972,DGCA/New-Misc/14,,,0:00, ,Large transport A/C having seating capacity of more than 30 passengers and type certified after 1st Jan 1958.,Select,Edit,Delete,View
D,M015,32,FAA AD 87-08-09,Serivicing of aircraft tyres with Nitrogen gas.,MIS,01-Jun-1987,DGCA/New-Misc/15,,,0:00, ,"Airbus industries model A300,and A310;Boeing Models 707,720,727, 737,747, 757,767; British Models BAe-146 and BAC-1-11;Lockhead Model L-1011;Mcdonnel Douglas model DC-8,DC-9 and DC-10.",Select,Edit,Delete,View
D,M015,32,FAA AD 87-08-09,Serivicing of aircraft tyres with Nitrogen gas.,MIS,01-Jun-1987,DGCA/New-Misc/15,,,0:00, ,"Airbus industries model A300,and A310;Boeing Models 707,720,727, 737,747, 757,767; British Models BAe-146 and BAC-1-11;Lockhead Model L-1011;Mcdonnel Douglas model DC-8,DC-9 and DC-10.",Select,Edit,Delete,View
D,M015,32,FAA AD 87-08-09,Serivicing of aircraft tyres with Nitrogen gas.,MIS,01-Jun-1987,DGCA/New-Misc/15,,,0:00, ,"Airbus industries model A300,and A310;Boeing Models 707,720,727, 737,747, 757,767; British Models BAe-146 and BAC-1-11;Lockhead Model L-1011;Mcdonnel Douglas model DC-8,DC-9 and DC-10.",Select,Edit,Delete,View
D,M015,32,FAA AD 87-08-09,Serivicing of aircraft tyres with Nitrogen gas.,MIS,01-Jun-1987,DGCA/New-Misc/15,,,0:00, ,"Airbus industries model A300,and A310;Boeing Models 707,720,727, 737,747, 757,767; British Models BAe-146 and BAC-1-11;Lockhead Model L-1011;Mcdonnel Douglas model DC-8,DC-9 and DC-10.",Select,Edit,Delete,View
,M016,1,FAA AD 90-09-08,Inspection of IPECO crew seats,MIS,29-May-1990,DGCA/New-Misc/16,,,0:00, ,Boeing B737 and B747 aircraft.,Select,Edit,Delete,View
D,M016,1,FAA AD 90-09-08,Inspection of IPECO crew seats.,MIS,29-May-1990,DGCA /New-Misc/16,,,0:00, ,IPECO TSO-C39a crew seats. (For P/N and S/N refer AD),Select,Edit,Delete,View
D,M016,1,FAA AD 90-09-08,Inspection of IPECO crew seats.,MIS,29-May-1990,DGCA /New-Misc/16,,,0:00, ,IPECO TSO-C39a crew seats. (For P/N and S/N refer AD),Select,Edit,Delete,View
,M016,25,FAA AD 90-09-08,Inspection of IPECO crew seats,MIS,29-May-1990,DGCA/New-Misc/16,,,0:00, ,"Applicable to crew IPECO TSO C39A crew seats P/N :3A090, 3A103,3A102 & 3A118 series",Select,Edit,Delete,View
,M016,25,FAA AD 90-09-08,Inspection of IPECO crew seats.,MIS,29-May-1990,DGCA/New-Misc/16,,,0:00, ,As in AD,Select,Edit,Delete,View
,M017,100,CAA AD 001-02-93 and SB 25-46,Precautionary check for correct location of bridge pieces inside the main buoyancy tubes.,MIS,29-May-1990,DGCA/New-Misc/17,,,0:00, ,RFD liferafts Type 10R MK 1 and SAR MK 1 with Serial Numbers 10R 152 through 10R 1027 and liferafts Type 14R MK 1 with Serial Numbers 14R 213 through 14R 1020.,Select,Edit,Delete,View
,M017,100,CAA AD No.001-02-93,Precautionary check for correct location of bridge pieces inside the main buoyancy tubes,MIS,07-Jul-2007,DGCA/New-Misc/17,,,0:00, ,RFD liferafts Type 10R MK 1 and SAR MK 1 with Serial Numbers 10R 152 through 10R 1027 and liferafts Type 14R MK 1 with Serial Numbers 14R 213 through 14R 1020.,Select,Edit,Delete,View
,M018,25,CAA AD 006-03-93 and Flight Equipment and Engg SB 25-20-1287R2,Inspection / Replacement -Equipment and furnishing -passenger compartment.,MIS,29-May-1990,DGCA/New-Misc/18,,,0:00, ,"Seat Model 121,Type: Elete, P/N: D11211F101, D1121F101/7, D1121F103, F105, F105/79, F107, F167/79, P109, F102, F102/79, F104, F106, F106/79, F108, P109/79, F110, F302.",Select,Edit,Delete,View
,M018,25,CAA AD 006-03-93 and flight equipment and Engg SB 25-20-1287R2,Inspection/replacement Equipment and furnishing passenger compartment.,MIS,07-Jul-2007,DGCA/New-Misc/18,,,0:00, ,"Effectivity:seat model 121,Type: Elete, P/N:D11211F101,D1121F101/7, D1121F103,F105,F105/79,F107,F167/79,P109,F102,F102/79,F104,F106,F106/79,F108,P109/79,F110,F302.",Select,Edit,Delete,View
D,M019,11,BV AD NO.93-050(AB)RI,Collins- VHF-20 B Transreceivers Identification Plate.,MIS,03-Jul-1993,DGCA/New-Misc/19,,,0:00, ,All COLLINS VHF 20B transceivers installed on aircraft,Select,Edit,Delete,View
D,M019,11,BV AD NO.93-050(AB)RI,Collins- VHF-20 B Transreceivers Identification Plate.,MIS,03-Jul-1993,DGCA/New-Misc/19,,,0:00, ,All COLLINS VHF 20B transceivers installed on aircraft,Select,Edit,Delete,View
D,M019,11,BV AD NO.93-050(AB)RI,Collins- VHF-20 B Transreceivers Identification Plate.,MIS,03-Jul-1993,DGCA/New-Misc/19,,,0:00, ,All COLLINS VHF 20B transceivers installed on aircraft,Select,Edit,Delete,View
,M019,11,BVAD NO.93-050(AB)RI and SIL 3-92,Collins- VHF-208 transceivers identification plate.,MIS,03-Jul-1993,DGCA/New-Misc/19,,,0:00, ,All COLLINS VHF 20B transceivers installed on aircraft,Select,Edit,Delete,View
D,M020,28,FAA AD 98-01-06,To prevent disruption of the fuel flow to the engine resulting in failure attain related power.,MIS,13-Feb-2007,DGCA/New-Misc/20,,,0:00, ,"Precision Airmotive Corporation (formerly Facet Aerospace Products Corporation and Marvel-Schebler Corporation) Model MA-3, MA-3A, MA-3PA, MA-3SPA, MA-4SPA carburetors installed",Select,Edit,Delete,View
D,M020,28,FAA AD 98-01-06,To prevent disruption of the fuel flow to the engine resulting in failure attain related power.,MIS,13-Feb-2007,DGCA/New-Misc/20,,,0:00, ,"Precision Airmotive Corporation (formerly Facet Aerospace Products Corporation and Marvel-Schebler Corporation) Model MA-3, MA-3A, MA-3PA, MA-3SPA, MA-4SPA carburetors installed",Select,Edit,Delete,View
,M020,28,FAA AD 98-01-06 and BLA AD 1998-007-AB,To prevent disruption of the fuel to the engine resulting in failure attain related power.,MIS,13-Feb-1998,DGCA/New-Misc/20,,,0:00, ,"Precision Airmotive Corporation (formerly Facet Aerospace Products Corporation and Marvel-Schebler Corporation) Model MA-3, MA-3A, MA-3PA, MA-3SPA, MA-4SPA carburetors installed",Select,Edit,Delete,View
,M020,28,FAA AD 98-01-06 and BLA AD1998-007-AB,To prevent disruption of the fuel flow to the engine resulting in failure attain related power.,MIS,13-Feb-2007,DGCA/New-Misc/20,,,0:00, ,"Precision Airmotive Corporation Model MA-3, MA-3A,MA-3PA,MA-3SPA, MA-4SPA carburetors installed Model MA-3, MA-3A, MA-3PA, MA-3SPA, MA-4SPA carburetors installed on but not limited to Textron Lycoming O-235, O-290, and O-320 series engines, and Teledyne Continental Motors A-65, A-75, C-75, C-85, C-90, C-115, C-125, C-145, O-200, and O-300 series engines. These engines are installed on, but not limited to, normally aspirated reciprocating engine powered aircraft manufactured by Cessna, Piper, Raytheon, and Mooney.",Select,Edit,Delete,View
D,M021,80,FAA AD 94-06-09,Inspection/Replacement affected magneto capacitors.,MIS,20-May-1994,DGCA/New-Misc/21,,,0:00, ,Teledyne Continental Motors (TCM) (formerly Bendix) magnetos new and rebuilt TCM Model SC-20(For P/N Further info refer AD),Select,Edit,Delete,View
D,M021,80,FAA AD 94-06-09,Inspection/Replacement affected magneto capacitors.,MIS,20-May-1994,DGCA/New-Misc/21,,,0:00, ,Teledyne Continental Motors (TCM) (formerly Bendix) magnetos new and rebuilt TCM Model SC-20(For P/N Further info refer AD),Select,Edit,Delete,View
,M021,80,FAA priority let 94-06-09 &TCM critical SB 641,Inspection/Replacement affected magneto capacitors.,MIS#,20-May-1994,DGCA/New-Misc/21,,,0:00, ,Teledyne Continental Motors (TCM) (formerly Bendix) magnetos new and rebuilt TCM Model SC-20(For P/N Further info refer AD),Select,Edit,Delete,View
,M021,80,"FAA Priority Let. 94-06-09, And TCM",Inspection/Replacement affected magneto capacitors.,MIS,20-May-1994,DGCA/New-Misc/21,,,0:00, ,Teledyne Continental Motors (TCM) (formerly Bendix) magnetos new and rebuilt TCM Model SC-20(For P/N Further info refer AD),Select,Edit,Delete,View
D,M022,25,DGAC AD 1994-085(AB)R2,SICMA Aero seat-passenger seats-aft track fittings,MIS#,23-Jul-1999,DGCA/New-Misc/22,,,0:00, ,"All SICMA AERO SEAT passenger seats equipped with SICMA aft track fittings P / N 90-000120-790-0, to be mounted on aircraft seat track.",Select,Edit,Delete,View
D,M022,25,DGAC AD 1994-085(AB)R2,SICMA Aero seat-passenger seats-aft track fittings,MIS#,23-Jul-1999,DGCA/New-Misc/22,,,0:00, ,"All SICMA AERO SEAT passenger seats equipped with SICMA aft track fittings P / N 90-000120-790-0, to be mounted on aircraft seat track.",Select,Edit,Delete,View
,M023,32,BV AD 94-116(B),Up limit portion security,MIS#,21-May-1994,DGCA/New-Misc/23,,,0:00, ,LUCAS AIR EQUIPMENT electric hoist P/N 76375-xxx and 76378-xxx equipped with electronic control boxes P/N 61148-xxx.,Select,Edit,Delete,View
D,M023,100,BV AD 94-116(B),Up limit portion security,MIS,21-May-1994,DGCA/New-Misc/23,,,0:00, ,LUCAS AIR EQUIPMENT electric hoist P/N 76375-xxx and 76378-xxx equipped with electronic control boxes P/N 61148-xxx.,Select,Edit,Delete,View
D,M023,100,BV AD 94-116(B),Up limit portion security,MIS,21-May-1994,DGCA/New-Misc/23,,,0:00, ,LUCAS AIR EQUIPMENT electric hoist P/N 76375-xxx and 76378-xxx equipped with electronic control boxes P/N 61148-xxx.,Select,Edit,Delete,View
D,M023,100,BV AD 94-116(B),Up limit portion security,MIS,21-May-1994,DGCA/New-Misc/23,,,0:00, ,LUCAS AIR EQUIPMENT electric hoist P/N 76375-xxx and 76378-xxx equipped with electronic control boxes P/N 61148-xxx.,Select,Edit,Delete,View
D,M024,34,BLA AD 95-053(AB),Naviagation VHF/NAV receiver modification,MIS,01-Jul-1995,DGCA/New-Misc/24,,,0:00, ,"Alliedsignal Avionics Inc. Model VN-41B VHF navigation receivers,P/N 066-1101-00,all S/N upto 4001 and P/N 066-1101-01, 066-1101-10, 066-1101-00,all S/N upto 10407.",Select,Edit,Delete,View
D,M024,34,BLA AD 95-053(AB),Naviagation VHF/NAV receiver modification,MIS,01-Jul-1995,DGCA/New-Misc/24,,,0:00, ,"Alliedsignal Avionics Inc. Model VN-41B VHF navigation receivers,P/N 066-1101-00,all S/N upto 4001 and P/N 066-1101-01, 066-1101-10, 066-1101-00,all S/N upto 10407.",Select,Edit,Delete,View
D,M024,34,BLA AD 95-053(AB),Naviagation VHF/NAV receiver modification,MIS,01-Jul-1995,DGCA/New-Misc/24,,,0:00, ,"Alliedsignal Avionics Inc. Model VN-41B VHF navigation receivers,P/N 066-1101-00,all S/N upto 4001 and P/N 066-1101-01, 066-1101-10, 066-1101-00,all S/N upto 10407.",Select,Edit,Delete,View
,M024,34,BLA AD 95-053(AB),Naviagation VHF/NAV receiver modification,MIS#,01-Jul-1995,DGCA/New-Misc/24,,,0:00, ,"Alliedsignal Avionics Inc. Model VN-41B VHF navigation receivers,P/N 066-1101-00,all S/N upto 4001 and P/N 066-1101-01, 066-1101-10, 066-1101-00,all S/N upto 10407.",Select,Edit,Delete,View
D,M025,79,FAA AD 96-12-22,Cessna engine oil filter adapter assembly,MIS,31-Jul-1997,DGCA/New-Misc/25,,,0:00, ,"Cessna Engine Oil Filter Adapters Assemblies, P/N 0450404-(all dash nos), 0556004-(all dash nos), 0556010-(all dash nos), 0756023-(all dash nos), 0756024-(all dash nos), 1250403-(all dash nos), 125041",Select,Edit,Delete,View
D,M025,79,FAA AD 96-12-22,Cessna engine oil filter adapter assembly,MIS,31-Jul-1997,DGCA/New-Misc/25,,,0:00, ,"Cessna Engine Oil Filter Adapters Assemblies, P/N 0450404-(all dash nos), 0556004-(all dash nos), 0556010-(all dash nos), 0756023-(all dash nos), 0756024-(all dash nos), 1250403-(all dash nos), 125041",Select,Edit,Delete,View
D,M025,79,FAA AD 96-12-22,Cessna engine oil filter adapter assembly,MIS,31-Jul-1997,DGCA/New-Misc/25,,,0:00, ,"Cessna Engine Oil Filter Adapters Assemblies, P/N 0450404-(all dash nos), 0556004-(all dash nos), 0556010-(all dash nos), 0756023-(all dash nos), 0756024-(all dash nos), 1250403-(all dash nos).Airplanes equipped with any of the following Teledyne Continental Motors model or model series engines: O-200,O-470,IO-470,TSIO-470,O-520 IO-520,TSIO-520,GTSIO-520,IO-550,TSIO-550.(Refer AD for affected Aircrafts).",Select,Edit,Delete,View
,M025,79,FAA AD 96-12-22,Cessna engine oil filter adapter assembly,MIS#,31-Jul-1997,DGCA/New-Misc/25,,,0:00, ,"Cessna Engine Oil Filter Adapters Assemblies, P/N 0450404-(all dash nos), 0556004-(all dash nos), 0556010-(all dash nos), 0756023-(all dash nos), 0756024-(all dash nos), 1250403-(all dash nos), 125041",Select,Edit,Delete,View
D,M026,49,FAA AD 96-25-12,"To prevent compressor wheel rupture ,which could result in an uncontained APU failure and damage to the a/c",MIS,13-Jan-1997,DGCA/New-Misc/26,,,0:00, ,"Sundstrand Aerospace Models T-62T-40C series auxiliary power units (APUs), with compressor wheel, P/N 162690-1, 165111-1, and 167200-1",Select,Edit,Delete,View
D,M026,49,FAA AD 96-25-12,"To prevent compressor wheel rupture ,which could result in an uncontained APU failure and damage to the a/c",MIS,13-Jan-1997,DGCA/New-Misc/26,,,0:00, ,"Sundstrand Aerospace Models T-62T-40C series auxiliary power units (APUs), with compressor wheel, P/N 162690-1, 165111-1, and 167200-1",Select,Edit,Delete,View
D,M026,49,FAA AD 96-25-12,"To prevent compressor wheel rupture ,which could result in an uncontained APU failure and damage to the a/c",MIS,13-Jan-1997,DGCA/New-Misc/26,,,0:00, ,"Sundstrand Aerospace Models T-62T-40C series auxiliary power units (APUs), with compressor wheel, P/N 162690-1, 165111-1, and 167200-1",Select,Edit,Delete,View
,M026,49,FAA AD 96-25-12,"To prevent compressor wheel rupture ,which could result in an uncontained APU failure and damage to the a/c",MIS#,13-Jan-1997,DGCA/New-Misc/26,,,0:00, ,"Sundstrand Aerospace Models T-62T-40C series auxiliary power units (APUs), with compressor wheel, P/N 162690-1, 165111-1, and 167200-1",Select,Edit,Delete,View
D,M027,25,BV AD 97-134(AB),SICMA AERO-SEAT(Pax Seat) Leg Collar,MIS,28-Jul-1997,DGCA/New-Misc/27,,,0:00, ,"Applicable to SICMA AERO-SEAT seats, For P/n and S/N refer this AD, equippped with leg collars P/N 95-000100-008-0.",Select,Edit,Delete,View
D,M027,25,BV AD 97-134(AB),SICMA AERO-SEAT(Pax Seat) Leg Collar,MIS,28-Jul-1997,DGCA/New-Misc/27,,,0:00, ,"Applicable to SICMA AERO-SEAT seats, For P/n and S/N refer this AD, equippped with leg collars P/N 95-000100-008-0.",Select,Edit,Delete,View
D,M027,25,BV AD 97-134(AB),SICMA AERO-SEAT(Pax Seat) Leg Collar,MIS,28-Jul-1997,DGCA/New-Misc/27,,,0:00, ,"Applicable to SICMA AERO-SEAT seats, For P/n and S/N refer this AD, equippped with leg collars P/N 95-000100-008-0.",Select,Edit,Delete,View
,M027,25,BV AD 97-134(AB),SICMA AERO-SEAT(Pax Seat) Leg Collar,MIS#,28-Jul-1997,DGCA/New-Misc/27,,,0:00, ,"Applicable to SICMA AERO-SEAT seats, For P/n and S/N refer this AD, equippped with leg collars P/N 95-000100-008-0.",Select,Edit,Delete,View
D,M028,31,FAA AD 98-14-03,To prevent transmission of misleading encoding altimeter information between affected A/C,MIS,16-Aug-1998,DGCA/New-Misc/28,,,0:00, ,"AlliedSignal KT 76A Air Traffic Control (ATC) transponders;P/N 066-1062-00/10/02; S/N 93,000 through 109,999",Select,Edit,Delete,View
D,M028,31,FAA AD 98-14-03,To prevent transmission of misleading encoding altimeter information between affected A/C,MIS,16-Aug-1998,DGCA/New-Misc/28,,,0:00, ,"AlliedSignal KT 76A Air Traffic Control (ATC) transponders;P/N 066-1062-00/10/02; S/N 93,000 through 109,999",Select,Edit,Delete,View
D,M028,31,FAA AD 98-14-03,To prevent transmission of misleading encoding altimeter information between affected A/C,MIS,16-Aug-1998,DGCA/New-Misc/28,,,0:00, ,"AlliedSignal KT 76A Air Traffic Control (ATC) transponders;P/N 066-1062-00/10/02; S/N 93,000 through 109,999",Select,Edit,Delete,View
,M028,31,FAA AD 98-14-03,To prevent transmission of misleading encoding altimeter information between affected A/C,MIS#,16-Aug-1998,DGCA/New-Misc/28,,,0:00, ,"AlliedSignal KT 76A Air Traffic Control (ATC) transponders;P/N 066-1062-00/10/02; S/N 93,000 through 109,999",Select,Edit,Delete,View
D,M029,37,FAA AD 98-23-01,Vaccum dry air pump flexible coupling-Inspection/Replacement,MIS,10-Nov-1998,DGCA/New-Misc/29,,,0:00, ,"Airborne dry air pumps,conversion kits,coupling kits,with flexible coupling P/N B1-19-1 have date code of either ""12/97"" or ""5-6/98"".",Select,Edit,Delete,View
D,M029,37,FAA AD 98-23-01,Vaccum dry air pump flexible coupling-Inspection/Replacement,MIS,10-Nov-1998,DGCA/New-Misc/29,,,0:00, ,"Airborne dry air pumps,conversion kits,coupling kits,with flexible coupling P/N B1-19-1 have date code of either ""12/97"" or ""5-6/98"".",Select,Edit,Delete,View
,M029,37,FAA AD 98-23-01 & BLA AD 1998-141/2,Vaccum dry air pump flexible coupling-Inspection/Replacement,MIS#,10-Nov-1998,DGCA/New-Misc/29,,,0:00, ,"Airborne dry air pumps,conversion kits,coupling kits,with flexible coupling P/N B1-19-1 have date code of either ""12/97"" or ""5-6/98"".",Select,Edit,Delete,View
,M029,37,FAA AD 98-23-01 and BLA AD 1998-141/2,Vaccum dry air pump flexible coupling-Inspection/ Replacement,MIS,10-Nov-1998,DGCA/New-Misc/29,,,0:00, ,"Airborne dry air pumps,conversion kits,coupling kits,with flexible coupling P/N B1-19-1 have date code of either ""12/97"" or ""5-6/98"".",Select,Edit,Delete,View
,M030,26,FAA AD 98-21-21R1,To prevent smoke and a possible fire in the cockpit caused by overheating of the electric door seal inflation systems,MIS#,01-May-2000,DGCA/New-Misc/30,,,0:00, ,"Electric inflatable door seals equipped with Bob Fields aerocessories,IAW applicable supplemental type certificate(STC) or through field approval.(For further info refer AD)",Select,Edit,Delete,View
D,M030,52,FAA AD 98-21-21R1,To prevent smoke and a possible fire in the cockpit caused by overheating of the electric door seal inflation systems,MIS,01-May-2000,DGCA/New-Misc/30,,,0:00, ,"Electric inflatable door seals equipped with Bob Fields aerocessories,IAW applicable supplemental type certificate(STC) or through field approval.(For further info refer AD)",Select,Edit,Delete,View
D,M030,52,FAA AD 98-21-21R1,To prevent smoke and a possible fire in the cockpit caused by overheating of the electric door seal inflation systems,MIS,01-May-2000,DGCA/New-Misc/30,,,0:00, ,"Electric inflatable door seals equipped with Bob Fields aerocessories,IAW applicable supplemental type certificate(STC) or through field approval.(For further info refer AD)",Select,Edit,Delete,View
D,M030,52,FAA AD 98-21-21R1,To prevent smoke and a possible fire in the cockpit caused by overheating of the electric door seal inflation systems,MIS,01-May-2000,DGCA/New-Misc/30,,,0:00, ,"Electric inflatable door seals equipped with Bob Fields aerocessories,IAW applicable supplemental type certificate(STC) or through field approval.(For further info refer AD)",Select,Edit,Delete,View
D,M031,25,FAA AD 98-25-10 R1,To prevent failure of seat restraint system,MIS,14-Jan-2000,DGCA/New-Misc/31,,,0:00, ,"Aircraft Belts Model CS,CT,FM, FN,GK, GL, JD, JE, JTJU, MD, ME, MM, NB, PM, PN, RG and RH seat restraint systems.(For futher info refer AD).",Select,Edit,Delete,View
D,M031,25,FAA AD 98-25-10 R1,To prevent failure of seat restraint system,MIS,14-Jan-2000,DGCA/New-Misc/31,,,0:00, ,"Aircraft Belts Model CS,CT,FM, FN,GK, GL,JD,JE,JTJU,MD,ME,MM,NB,PM,PN,RG, and RH seat restraint systems.(For futher info refer AD)",Select,Edit,Delete,View
D,M031,25,FAA AD 98-25-10 R1,To prevent failure of seat restraint system,MIS,14-Jan-2000,DGCA/New-Misc/31,,,0:00, ,"Aircraft Belts Model CS,CT,FM, FN,GK, GL,JD,JE,JTJU,MD,ME,MM,NB,PM,PN,RG, and RH seat restraint systems.(For futher info refer AD)",Select,Edit,Delete,View
,M031,25,FAA AD 98-25-10 R1,To prevent failure of seat restraint system,MIS#,14-Jan-2000,DGCA/New-Misc/31,,,0:00, ,"Aircraft Belts Model CS,CT,FM, FN,GK, GL,JD,JE,JTJU,MD,ME,MM,NB,PM,PN,RG, and RH seat restraint systems.(For futher info refer AD)",Select,Edit,Delete,View
D,M032,100,FAA AD 97-05-03(R1),To prevent deviation from intended flight path during a non precision approach.,MIS,20-Apr-1999,DGCA/New-Misc/32,,,0:00, ,"Models GNS-XLS and GNS-XL global positioning systems (GPS), P/N 17960-0102-XXXX and P/N 18355-0101-XXXX",Select,Edit,Delete,View
D,M032,100,FAA AD 97-05-03(R1),To prevent deviation from intended flight path during a non precision approach.,MIS,20-Apr-1999,DGCA/New-Misc/32,,,0:00, ,"AlliedSignal Models s GNS-XLS and GNS-XL global positioning systems (GPS), P/N 17960-0102-XXXX and P/N 18355-0101-XXXX",Select,Edit,Delete,View
D,M032,100,FAA AD 97-05-03(R1),To prevent deviation from intended flight path during a non precision approach.,MIS,20-Apr-1999,DGCA/New-Misc/32,,,0:00, ,"Models GNS-XLS and GNS-XL global positioning systems (GPS), P/N 17960-0102-XXXX and P/N 18355-0101-XXXX",Select,Edit,Delete,View
,M032,100,FAA AD 97-05-03(R1),To prevent deviation from intended flight path during a non precision approach.,MIS#,20-Apr-1999,DGCA/New-Misc/32,,,0:00, ,"Models GNS-XLS and GNS-XL global positioning systems (GPS), P/N 17960-0102-XXXX and P/N 18355-0101-XXXX",Select,Edit,Delete,View
D,M033,35,FAA AD 99-08-21,To prevent reduced Oxygen consumption when passengers are required to use defective oxygen masks which could result in passenger injury,MIS,02-Jun-1999,DGCA/New-Misc/33,,,0:00, ,Puritan-Bennett Aero Systems Company C351-2000 Series Passenger Oxygen Masks and Portable Oxygen Masks(For P/N Refer AD).,Select,Edit,Delete,View
D,M033,35,FAA AD 99-08-21,To prevent reduced Oxygen consumption when passengers are required to use defective oxygen masks which could result in passenger injury,MIS,02-Jun-1999,DGCA/New-Misc/33,,,0:00, ,Puritan-Bennett Aero Systems Company C351-2000 Series Passenger Oxygen Masks and Portable Oxygen Masks(For P/N Refer AD),Select,Edit,Delete,View
D,M033,35,FAA AD 99-08-21,To prevent reduced Oxygen consumption when passengers are required to use defective oxygen masks which could result in passenger injury,MIS,02-Jun-1999,DGCA/New-Misc/33,,,0:00, ,Puritan-Bennett Aero Systems Company C351-2000 Series Passenger Oxygen Masks and Portable Oxygen Masks(For P/N Refer AD).,Select,Edit,Delete,View
,M033,35,FAA AD 99-08-21,To prevent reduced Oxygen consumption when passengers are required to use defective oxygen masks which could result in passenger injury,MIS#,02-Jun-1999,DGCA/New-Misc/33,,,0:00, ,Puritan-Bennett Aero Systems Company C351-2000 Series Passenger Oxygen Masks and Portable Oxygen Masks(For P/N Refer AD),Select,Edit,Delete,View
D,M034,23,DGCA AD 1999-298(AB),Allied Signal-VHF COM receiver bandwidth reduction,MIS,07-Aug-1999,DGCA/New-Misc/34,,,0:00, ,"Concerns KX175B, KX175BE, KY195B, KY195BE equipment type all serial number.",Select,Edit,Delete,View
D,M034,23,DGCA AD 1999-298(AB),Allied Signal-VHF COM receiver bandwidth reduction,MIS,07-Aug-1999,DGCA/New-Misc/34,,,0:00, ,"Concerns KX175B, KX175BE, KY195B, KY195BE equipment type all serial number.",Select,Edit,Delete,View
,M034,23,DGCA AD 1999-298(AB) R2,Allied Signal - VHF COM receiver bandwidth reduction,MIS#,12-Mar-2005,DGCA/New-Misc/34,,,0:00, ,Referenced AD Cancelled by DGAC Authority.,Select,Edit,Delete,View
,M034,34,DGAC AD 1999-298(AB) R2,Allied Signal-VHF COM receiver bandwidth reduction,MIS#,07-Aug-1999,DGCA/New-Misc/34,,,0:00, ,"Concerns KX175B, KX175BE, KY195B, KY195BE equipment type all serial number.",Select,Edit,Delete,View
,M035,23,EASA AD 2006-0265 CN,Check of Mode 'C' or Mode 'S' Transponder System(s),MIS*,10-Nov-2000,DGCA/New-Misc/35 Rev 1,,,0:00, ,All aircraft equipped with one or more Mode 'C' or Mode 'S' transponder systems which utilise Gilham code altitude input.,Select,Edit,Delete,View
D,M036,23,FAA A 99-12-06,To prevent VHF Navigation receiver interference from FM radio station broadcast frequencies,MIS,23-Jul-1999,DGCA/New-Misc/36,,,0:00, ,"AlliedSignal Inc. VN 411B Very High Frequency (VHF) Navigation Receivers For P/N,S/N refer AD.",Select,Edit,Delete,View
D,M036,23,FAA A 99-12-06,To prevent VHF Navigation receiver interference from FM radio station broadcast frequencies,MIS,23-Jul-1999,DGCA/New-Misc/36,,,0:00, ,"AlliedSignal Inc. VN 411B Very High Frequency (VHF) Navigation Receivers For P/N,S/N refer AD.",Select,Edit,Delete,View
,M036,23,FAA AD 99-12-06,To prevent VHF Navigation receiver interference from FM radio station broadcast frequencies,MIS,23-Jul-1999,DGCA/New-Misc/36,,,0:00, ,"AlliedSignal Inc. VN 411B Very High Frequency (VHF) Navigation Receivers For P/N,S/N refer AD.",Select,Edit,Delete,View
,M036,34,FAA A 99-12-06,To prevent VHF Navigation receiver interference from FM radio station broadcast frequencies,MIS#,23-Jul-1999,DGCA/New-Misc/36,,,0:00, ,"AlliedSignal Inc. VN 411B Very High Frequency (VHF) Navigation Receivers For P/N,S/N refer AD.",Select,Edit,Delete,View
D,M037,34,FAA AD 99-23-22R2,To prevent false traffic alert collision avoidance system (TACAS II),MIS,20-Apr-2000,DGCA/New-Misc/37,,,0:00, ,"Transport category airplanes, certificated in any category, equipped with any Mode ""C"" transponder with single Gillham code altitude input,For P/N's refer AD.",Select,Edit,Delete,View
D,M037,34,FAA AD 99-23-22R2,To prevent false traffic alert collision avoidance system (TACAS II),MIS,20-Apr-2000,DGCA/New-Misc/37,,,0:00, ,"Transport category airplanes, certificated in any category, equipped with any Mode ""C"" transponder with single Gillham code altitude input,For P/N's refer AD.",Select,Edit,Delete,View
D,M037,34,FAA AD 99-23-22R2,To prevent false traffic alert collision avoidance system (TACAS II),MIS,20-Apr-2000,DGCA/New-Misc/37,,,0:00, ,"Transport category airplanes, certificated in any category, equipped with any Mode ""C"" transponder with single Gillham code altitude input,For P/N's refer AD.",Select,Edit,Delete,View
,M037,34,FAA AD 99-23-22R2,To prevent false traffic alert collision avoidance system (TCAS II),MIS#,20-Apr-2000,DGCA/New-Misc/37,,,0:00, ,"Transport category airplanes, certificated in any category, equipped with any Mode ""C"" transponder with single Gillham code altitude input,For P/N's refer AD.",Select,Edit,Delete,View
D,M038,34,FAA AD 99-23-24,To ensure the ILS receiver provide the flight crew with accurate glide slope path.,MIS,20-Apr-2000,DGCA/New-Misc/38,,,0:00, ,"RIA-32A instrument landing system (ILS) navigation receivers, P/N 2070724-3201 and -3203 installed.",Select,Edit,Delete,View
D,M038,34,FAA AD 99-23-24,To ensure the ILS receiver provide the flight crew with accurate glide slope path.,MIS,20-Apr-2000,DGCA/New-Misc/38,,,0:00, ,"RIA-32A instrument landing system (ILS) navigation receivers, P/N 2070724-3201 and -3203 installed.",Select,Edit,Delete,View
D,M038,34,FAA AD 99-23-24,To ensure the ILS receiver provide the flight crew with accurate glide slope path.,MIS,20-Apr-2000,DGCA/New-Misc/38,,,0:00, ,"RIA-32A instrument landing system (ILS) navigation receivers, P/N 2070724-3201 and -3203 installed.",Select,Edit,Delete,View
,M038,34,FAA AD 99-23-24,To ensure the ILS receiver provide the flight crew with accurate glide slope path.,MIS#,20-Apr-2000,DGCA/New-Misc/38,,,0:00, ,"RIA-32A instrument landing system (ILS) navigation receivers, P/N 2070724-3201 and -3203 installed.",Select,Edit,Delete,View
D,M039,37,FAA AD 99-24-10,Revised operating limitations for the affected standby vaccum systems in to the airoplane flight manual,MIS,14-Jan-2000,DGCA/New-Misc/39,,,0:00, ,"Model SVS III standby vacuum systems installed, but not limited to refer this AD.",Select,Edit,Delete,View
D,M039,37,FAA AD 99-24-10,Revised operating limitations for the affected standby vaccum systems in to the airoplane flight manual,MIS,14-Jan-2000,DGCA/New-Misc/39,,,0:00, ,"Model SVS III standby vacuum systems installed, but not limited to refer this AD.",Select,Edit,Delete,View
,M039,37,FAA AD 99-24-10,Revised operating limitations for the affected standby vaccum systems in to the airoplane flight manual,MIS*,14-Jan-2000,DGCA/New-Misc/39,,,0:00, ,"Model SVS III standby vacuum systems installed, but not limited to refer this AD.",Select,Edit,Delete,View
,M039,37,FAA AD 99-24-10,Revised operating limitations for the affected standby vaccum systems in to the airoplane flight manual,MIS#,14-Jan-2000,DGCA/New-Misc/39,,,0:00, ,"Model SVS III standby vacuum systems installed, but not limited to refer this AD.",Select,Edit,Delete,View
,M040,25,DGAC AD 2000-042(AB),Third Occupant Seat Head Rest Locking Point,MIS#,23-Mar-2000,DGCA/New-Misc/40,,,0:00, ,"All Model A319, A320, and A321 aircraft which have the SICMA Aero Seat 133 series third occupant seats For P/N and S/N refer AD.",Select,Edit,Delete,View
D,M040,25,DGCA AD 2000-042(AB),Third Occupant Seat Head Rest Locking Point,MIS,23-Mar-2000,DGCA/New-Misc/40,,,0:00, ,"All Model A319, A320, and A321 aircraft which have the SICMA Aero Seat 133 series third occupant seats For P/N and S/N refer AD.",Select,Edit,Delete,View
D,M040,25,DGCA AD 2000-042(AB),Third Occupant Seat Head Rest Locking Point,MIS,23-Mar-2000,DGCA/New-Misc/40,,,0:00, ,"All Model A319, A320, and A321 aircraft which have the SICMA Aero Seat 133 series third occupant seats For P/N and S/N refer AD.",Select,Edit,Delete,View
D,M040,25,DGCA AD 2000-042(AB),Third Occupant Seat Head Rest Locking Point,MIS,23-Mar-2000,DGCA/New-Misc/40,,,0:00, ,"All Model A319, A320, and A321 aircraft which have the SICMA Aero Seat 133 series third occupant seats For P/N and S/N refer AD.",Select,Edit,Delete,View
,M041,1,DGAC AD 2002-505(AB),IFE electric harness protection in central foldable armrest.,MIS*,12-Oct-2002,DGCA/New-Misc/41,,,0:00, ,Sicma Aero Seat 9801 and 9802 Series passenger seats listed in Para A of Sicma Aero Seat SB 98-25-014 Issue 1 dt.1 Oct 2001.,Select,Edit,Delete,View
,M041,1,DGAC AD 2002-505(AB),IFE electric harness protection in central foldable armrest.,MIS#,12-Oct-2002,DGCA/New-Misc/41,,,0:00, ,Sicma Aero Seat 9801 and 9802 Series passenger seats listed in Para A of Sicma Aero Seat SB 98-25-014 Issue 1 dt.1 Oct 2001.,Select,Edit,Delete,View
D,M042,22,FAA AD 2000-05-24,Inspect the autopilot servo actuator for a loose fastener.,MIS,21-Apr-2000,DGCA/New-Misc/42,,,0:00, ,"Any aircraft, certificated in any category, equipped with Honeywell KAP 140 or KFC 225 autopilot system. For P/N and S/N refer chart presented in this AD.",Select,Edit,Delete,View
D,M042,22,FAA AD 2000-05-24,Inspect the autopilot servo actuator for a loose fastener.,MIS,21-Apr-2000,DGCA/New-Misc/42,,,0:00, ,"Any aircraft, certificated in any category,equipped with Honeywell KAP 140 or KFC 225 autopilot system.For P/N and S/N refer chart presented in this AD.",Select,Edit,Delete,View
D,M042,22,FAA AD 2000-05-24,Inspect the autopilot servo actuator for a loose fastener.,MIS,21-Apr-2000,DGCA/New-Misc/42,,,0:00, ,"Any aircraft, certificated in any category, equipped with Honeywell KAP 140 or KFC 225 autopilot system. For P/N and S/N refer chart presented in this AD.",Select,Edit,Delete,View
,M042,34,FAA AD 2000-05-24,Inspect the autopilot servo actuator for a loose fastener.,MIS#,21-Apr-2000,DGCA/New-Misc/42,,,0:00, ,"Any aircraft, certificated in any category,equipped with Honeywell KAP 140 or KFC 225 autopilot system.For P/N and S/N refer chart presented in this AD.",Select,Edit,Delete,View
D,M043,49,FAA AD 2000-04-24,To prevent an uncontained APU failure and damage to the Airplane,MIS,08-May-2000,DGCA/New-Misc/43,,,0:00, ,"Honeywell International (formerly AlliedSignal Inc.) 36-300(A), 36-280(B), and 36-280(D) series APUs, with load compressor impellers, P/Ns 3822270-4, or 3822270-5, installed.",Select,Edit,Delete,View
D,M043,49,FAA AD 2000-04-24,To prevent an uncontained APU failure and damage to the Airplane,MIS,08-May-2000,DGCA/New-Misc/43,,,0:00, ,"Honeywell International (formerly AlliedSignal Inc.) 36-300(A), 36-280(B), and 36-280(D) series APUs, with load compressor impellers, P/Ns 3822270-4, or 3822270-5, installed.",Select,Edit,Delete,View
D,M043,49,FAA AD 2000-04-24,To prevent an uncontained APU failure and damage to the Airplane,MIS,08-May-2000,DGCA/New-Misc/43,,,0:00, ,"Honeywell International (formerly AlliedSignal Inc.) 36-300(A), 36-280(B), and 36-280(D) series APUs, with load compressor impellers, P/Ns 3822270-4, or 3822270-5, installed.",Select,Edit,Delete,View
,M043,49,FAA AD 2000-04-24,To prevent an uncontained APU failure and damage to the Airplane,MIS#,08-May-2000,DGCA/New-Misc/43,,,0:00, ,"Honeywell International (formerly AlliedSignal Inc.) 36-300(A), 36-280(B), and 36-280(D) series APUs, with load compressor impellers, P/Ns 3822270-4, or 3822270-5, installed.",Select,Edit,Delete,View
,M044,1,DGAC AD 2002-471(AB)R1,SICMA AERO SEAT-Modification of seat belt attachment fitting,MIS#,07-Dec-2000,DGCA/New-Misc/44,,,0:00, ,"PSICMA AERO SEAT P/N 91xx,93xx, 95xx, 96xx,97xx,98xx, 99xx, 9Axx, 9Bxx,9Cxx,listed in Annex 1 of SB 91-25-045",Select,Edit,Delete,View
,M044,25,DGAC AD 2002-471(AB)R1,SICMA AERO SEAT-Modification of seat belt attachment fitting,MIS*,07-Dec-2002,DGCA/New-Misc/44,,,0:00, ,"PSICMA AERO SEAT P/N 91xx,93xx, 95xx, 96xx,97xx,98xx, 99xx, 9Axx, 9Bxx,9Cxx,listed in Annex 1 of SB 91-25-045",Select,Edit,Delete,View
,M045,34,FAA AD 2000-07-27,To prevent loss of the main sources of attitude data,MIS#,03-May-2000,DGCA/New-Misc/45,,,0:00, ,Transport category airplanes certificated in any category; equipped with any Honeywell air data inertial reference unit (ADIRU) having S/N 0841 and P/N as listed in this AD.,Select,Edit,Delete,View
D,M045,100,FAA AD 2000-07-27,To prevent loss of the main sources of attitude data,MIS,03-May-2000,DGCA/New-Misc/45,,,0:00, ,Transport category airplanes certificated in any category; equipped with any Honeywell air data inertial reference unit (ADIRU) having S/N 0841 and P/N as listed in this AD.,Select,Edit,Delete,View
D,M045,100,FAA AD 2000-07-27,To prevent loss of the main sources of attitude data,MIS,03-May-2000,DGCA/New-Misc/45,,,0:00, ,Transport category airplanes certificated in any category; equipped with any Honeywell air data inertial reference unit (ADIRU) having S/N 0841 and P/N as listed in this AD.,Select,Edit,Delete,View
D,M045,100,FAA AD 2000-07-27,To prevent loss of the main sources of attitude data,MIS,03-May-2000,DGCA/New-Misc/45,,,0:00, ,Transport category airplanes certificated in any category; equipped with any Honeywell air data inertial reference unit (ADIRU) having S/N 0841 and P/N as listed in this AD.,Select,Edit,Delete,View
D,M046,80,FAA AD 99-04-04,"To prevent the failure of the magneto impulse coupling assembly,resulting in seizure of the engine",MIS,25-Feb-1999,DGCA/New-Misc/46,,,0:00, ,"Textron Lycoming O-540-B2B5, B2C5, E4B5, E4C5, G1A5, G2A5, IO-540-K1A5, K1B5,K1G5 reciprocating model engines equipped with Slick Aircraft Products magneto model numbers 6251, 6252, 6255, 6351 and 635",Select,Edit,Delete,View
D,M046,80,FAA AD 99-04-04,"To prevent the failure of the magneto impulse coupling assembly,resulting in seizure of the engine",MIS,25-Feb-1999,DGCA/New-Misc/46,,,0:00, ,"Textron Lycoming O-540-B2B5, B2C5, E4B5, E4C5, G1A5, G2A5, IO-540-K1A5, K1B5,K1G5 reciprocating model engines equipped with Slick Aircraft Products magneto model numbers 6251, 6252, 6255, 6351 and 635",Select,Edit,Delete,View
D,M046,80,FAA AD 99-04-04,"To prevent the failure of the magneto impulse coupling assembly,resulting in seizure of the engine",MIS,25-Feb-1999,DGCA/New-Misc/46,,,0:00, ,"Textron Lycoming O-540-B2B5, B2C5, E4B5, E4C5, G1A5, G2A5, IO-540-K1A5, K1B5, and K1G5 reciprocating model engines equipped with Slick Aircraft Products magneto model numbers 6251, 6252, 6255, 6351 and 6355.",Select,Edit,Delete,View
,M046,80,FAA AD 99-04-04,"To prevent the failure of the magneto impulse coupling assembly,resulting in seizure of the engine",MIS#,25-Feb-1999,DGCA/New-Misc/46,,,0:00, ,"Textron Lycoming O-540-B2B5, B2C5, E4B5, E4C5, G1A5, G2A5, IO-540-K1A5, K1B5,K1G5 reciprocating model engines equipped with Slick Aircraft Products magneto model numbers 6251, 6252, 6255, 6351 and 635",Select,Edit,Delete,View
,M047,25,FAR 121.314 (c),Cargo and baggage compartment,MIS#,24-Jul-2007,DGCA/New-Misc/47,,,0:00, ,1. Turboprop aeroplane having a type certified Pax seating capacity of 10 or more excluding crew seat. 2. Turbojet aeroplane irrespective of,Select,Edit,Delete,View
,M047,52,FAR 121.314 (c),Cargo and baggage compartment,MIS,24-Jul-2007,DGCA/New-Misc/47,,,0:00, ,1. Turboprop aeroplane having a type certified Pax seating capacity of 10 or more excluding crew seat. 2. Turbojet aeroplane.,Select,Edit,Delete,View
D,M048,22,FAA AD 2001-10-09,To prevent undesirable auto trim command.,MIS,15-Jun-2001,DGCA/New-Misc/48,,,0:00, ,Honeywell automatic flight control systems (AFCS) KC 225 that are installed on Cessna Aircraft Company 208 and 208B.,Select,Edit,Delete,View
D,M048,22,FAA AD 2001-10-09,To prevent undesirable auto trim command.,MIS,15-Jun-2001,DGCA/New-Misc/48,,,0:00, ,"Model AS350B, BA, B1, B2, B3, D, and AS355E, F, F1, F2, and N helicopters, with Crouzet single-pole circuit breaker, P/N 84 400 028,P/N 84 400 031 through P/N 84 400 036,",Select,Edit,Delete,View
D,M048,22,FAA AD 2001-10-09,To prevent undesirable auto trim command.,MIS,15-Jun-2001,DGCA/New-Misc/48,,,0:00, ,Honeywell automatic flight control systems (AFCS) KC 225 that are installed on aircraft as specified in AD.,Select,Edit,Delete,View
D,M048,22,FAA AD 2001-10-09,To prevent undesirable auto trim command.,MIS,15-Jun-2001,DGCA/New-Misc/48,,,0:00, ,"Model AS350B, BA, B1, B2, B3, D, and AS355E, F, F1, F2, and N helicopters, with Crouzet single-pole circuit breaker, P/N 84 400 028,P/N 84 400 031 through P/N 84 400 036,",Select,Edit,Delete,View
,M049,34,FAA AD 2001-14-51,To prevent inaccurate navigation due to incorrect bearing information.,MIS#,29-Jun-2001,DGCA/New-Misc/49,,,0:00,,"All General Aviation aircraft equipped with UPS Aviation Technologies,Model Apollo SL30 very-high-frequency navigation/communication (VHF NAV/COMM) radio having P/N 430-6040-300/430-6040-301",Select,Edit,Delete,View
,M049,34,FAA Emergency AD 2001-14-51,To prevent inaccurate navigation due to incorrect bearing information.,MIS#,29-Jun-2001,DGCA/New-Misc/49,,,0:00, ,"All General Aviation aircraft equipped with UPS Aviation Technologies,Model Apollo SL30 very-high-frequency navigation/ communication (VHF NAV/COMM) radio having P/N 430-6040-300/430-6040-301;",Select,Edit,Delete,View
D,M050,23,FAA AD 2001-15-17,To modify the altitude encoder inputs of the CTL-92 transponder control panels.,MIS,20-Aug-2001,DGCA/New-Misc/50,,,0:00, ,"CTL-92 transponder control panel P/N 622-6523-204/-205/-206/-207/-208, S/N as specified in Rockwell SB 33 (CTL-92-34-33),",Select,Edit,Delete,View
D,M050,23,FAA AD 2001-15-17,To modify the altitude encoder inputs of the CTL-92 transponder control panels.,MIS,20-Aug-2001,DGCA/New-Misc/50,,,0:00, ,"CTL-92 transponder control panel P/N 622-6523-204/-205/-206/-207/-208, S/N as specified in Rockwell SB 33 (CTL-92-34-33).",Select,Edit,Delete,View
D,M050,23,FAA AD 2001-15-17,To modify the altitude encoder inputs of the CTL-92 transponder control panels.,MIS,20-Aug-2001,DGCA/New-Misc/50,,,0:00, ,"CTL-92 transponder control panel P/N 622-6523-204/-205/-206/-207/-208, S/N as specified in Rockwell SB 33 (CTL-92-34-33),",Select,Edit,Delete,View
,M050,23,FAA AD 2001-15-17,To modify the altitude encoder inputs of the CTL-92 transponder control panels.,MIS#,20-Aug-2001,DGCA/New-Misc/50,,,0:00, ,"CTL-92 transponder control panel P/N 622-6523-204/-205/-206/-207/-208, S/N as specified in Rockwell SB 33 (CTL-92-34-33),",Select,Edit,Delete,View
,M051,28,FAA AD 2004-25-16 R1,To prevent failure of the fuel regulator shutoff valve,MIS#,20-Jun-2005,DGCA/New-Misc/51 R1,,,0:00, ,"aircraft equipped with fuel regulator shutoff valve P/N 14D11, A14D11, B14D11, C14D11, 23D04, A23D04, B23D04, C23D04, or P23D04 used with B1500, B2030, B2500, B3040, B3500, B4050, or B4500 B-Series co",Select,Edit,Delete,View
,M051,28,FAA AD 2004-25-16R1,To eliminate or severely reduce the potential for fuel leakage in aircraft,MIS,20-Jun-2005,DGCA/New-Misc/51 R1,,,0:00, ,"Aircraft equipped with a fuel regulator shutoff valve P/N 14D11, A14D11, B14D11, C14D11, 23D04, A23D04, B23D04, C23D04, or P23D04 used with B1500, B2030, B2500, B3040, B3500, B4050, or B4500 B-Series combustion heaters.",Select,Edit,Delete,View
D,M052,73,DGAC AD 2001-17-15,To prevent engine fuel pump failure,MIS,16-Aug-2001,DGCA/New-Misc/52,,,0:00, ,"Honeywell LTS101-600A-2,-600A-3 and -600A-3A series turboshaft and LTP101-600A-1A,-700A-1A series turboprop engines incorporating CECO engine fuelpumps,P/N 4-301-128-01 to -11.",Select,Edit,Delete,View
D,M052,73,DGAC AD 2001-17-15,To prevent engine fuel pump failure,MIS,16-Aug-2001,DGCA/New-Misc/52,,,0:00, ,"Honeywell LTS101-600A-2, -600A-3 and -600A-3A series turboshaft and LTP101-600A-1A, -700A-1A series turboprop engines incorporating CECO engine fuel pumps, P/N 4-301-128-01, -02, -03, -04, -05, -06.",Select,Edit,Delete,View
D,M052,73,DGAC AD 2001-17-15,To prevent engine fuel pump failure,MIS,16-Aug-2001,DGCA/New-Misc/52,,,0:00, ,"Honeywell LTS101-600A-2, -600A-3 and -600A-3A series turboshaft and LTP101-600A-1A, -700A-1A series turboprop engines incorporating CECO engine fuel pumps, P/N 4-301-128-01, -02, -03, -04, -05, -06.",Select,Edit,Delete,View
,M052,73,DGAC AD2001-17-15,To prevent engine fuel pump failure.,MIS#,16-Aug-2001,DGCA/New-Misc/52,,,0:00, ,"Honeywell LTS101-600A-2, -600A-3 and -600A-3A series turboshaft and LTP101-600A-1A, -700A-1A series turboprop engines incorporating CECO engine fuel pumps, P/N 4-301-128-01, -02, -03, -04, -05, -06, -",Select,Edit,Delete,View
,M053,26,FAA AD 2001-22-14,To prevent damage to fire extinguishing system components.,MIS,10-Dec-2001,DGCA/New-Misc/53,,,0:00, ,Overland Aviation Service Fire extinguishing system bottle cartridges presented in paragraph (a)(1) of this AD.,Select,Edit,Delete,View
,M053,26,FAA AD 2001-22-14,To prevent damage to the fire extinguishing system components.,MIS#,10-Dec-2001,DGCA/New-Misc/53,,,0:00, ,"Fire extinguishing system bottle cartridges presented in paragraph (a)(1) of this AD the make/model aircraft that the system could be installed on Aerospatiale ATR72 Series ATR42-200, -300, -320; Embraer EMB-120 Series, Boeing 707-100, -100B Series, -300 Series, 720B; McDonnell Douglas DC-8 and DC-8F Series; Lockheed 382, 382E, 382F, 382G; Sabreliner NA-265 Series; Bell 204B, Gulfstream G-1159, G-1159B, G-1159A; Cessna 425, 441, 550, S550, 551, 552 Fokker F.28 Series; SAAB 340 Series; Bell 412 aircrafts.",Select,Edit,Delete,View
,M054,52,"FAR121.583, FAR25.795 & FAR 121.313",Modification of aircraft cockpit door,MIS#,09-Jan-2002,DGCA/New-Misc/54,,,0:00, ,Applicable to airplane having a door between the passenger & pilot compartment and engaged in 1.Scheduled Air Transport,Select,Edit,Delete,View
,M054,52,"SFAR 92-4 FAR 121.583, FAR25.795 &",Modification of aircraft cockpit door,MIS,19-Mar-2002,DGCA/New-Misc/54,,,0:00, ,Applicable to airplane having a door between the passenger & pilot compartment and engaged in 1.Scheduled Air Transport,Select,Edit,Delete,View
D,M055,100,CAA AD 002-11-2001,Hydrolok Pin Orientation,MIS,29-Nov-2001,DGCA/New-Misc/55,,,0:00, ,A320 series aircraft wiht B/E Aerospace Skyluxe II (AA2) Passenger Seats installed.,Select,Edit,Delete,View
D,M055,100,CAA AD 002-11-2001,Hydrolok Pin Orientation,MIS,29-Nov-2001,DGCA/New-Misc/55,,,0:00, ,B/E Aerospace Skyluxe II (AA2) Passenger Seats installed.,Select,Edit,Delete,View
D,M055,100,CAA AD 002-11-2001,Hydrolok Pin Orientation,MIS,29-Nov-2001,DGCA/New-Misc/55,,,0:00, ,B/E Aerospace Skyluxe II (AA2) Passenger Seats installed.,Select,Edit,Delete,View
,M055,100,CAA AD 002-11-2001,Hydrolok Pin Orientation,MIS#,07-Jul-2007,DGCA/New-Misc/55,,,0:00, ,B/E Aerospace Skyluxe II (AA2) Passenger Seats installed.,Select,Edit,Delete,View
,M056,25,DGAC AD 2001-605(AB),Equipment : Passenger Seats,MIS,21-Mar-2002,DGCA/New-Misc/56,,,0:00, ,"All SICMA AERO SEAT pax seats of series 9140, 9166, 9173, 9174, 9184, 9188,9196, 91B7, 91B8, 91C0, 91C2, 91C3, 91C4, 91C5, 9301, 9501, equipped with backrest links P/N 90-000200-104-1,90-000200-104-2.",Select,Edit,Delete,View
,M056,25,FAA AD 2011-21-08,Air Transport Association (ATA) of America Code 25: Equipment/ Furnishings.,MIS,23-Nov-2011,DGCA/New-Misc/56 R1,,,0:00, ,"Sicma Aero Seat 88xx, 89xx, 90xx, 91xx, 92xx, 93xx, 95xx, and 96xx series passenger seat assemblies identified in Annex 1, Issue 2, dated March 19, 2004, of Sicma Aero Seat Service Bulletin 90-25-013, Issue 4, dated March 19, 2004, that have backrest links having P/Ns 90-000200-104-1 and 90-000200-104-2.",Select,Edit,Delete,View
,M056,25,FAA AD 2011-21-08,Equipment passenger seats,MIS#,22-Dec-2001,DGCA/New-Misc/56 R1,,,0:00, ,"All SICMA AERO SEAT pax seats of series 9140, 9166, 9173, 9174, 9184, 9188,9196, 91B7, 91B8, 91C0, 91C2, 91C3, 91C4, 91C5, 9301, 9501, equipped with backrest links P/N 90-000200-104-1,90-000200-104-2.",Select,Edit,Delete,View
,M057,34,FAA AD 2001-23-17,GNS 430 units - To prevent inaccurate course deviation display,MIS,28-Dec-2001,DGCA/New-Misc/57,,,0:00, ,"Aircraft fitted with GNS 430 units, P/N 011-00280-00 and S/N as listed in AD.",Select,Edit,Delete,View
,M057,34,FAA AD 2001-23-17,GNS 430 units prevent inaccurate course deviation displays.,MIS#,28-Dec-2001,DGCA/New-Misc/57,,,0:00, ,GNS 430 units that are specified in paragraph (a)(1) of this AD and are installed on aircraft.,Select,Edit,Delete,View
D,M057,34,FAA AD 2001-23-17,GNS 430 units.To prevent inaccurate course deviation display,MIS,28-Dec-2001,DGCA/New-Misc/57,,,0:00, ,GNS 430 units that are specified in paragraph (a)(1) of this AD and are installed on aircraft.,Select,Edit,Delete,View
D,M057,34,FAA AD 2001-23-17,GNS 430 units.To prevent inaccurate course deviation display,MIS,28-Dec-2001,DGCA/New-Misc/57,,,0:00, ,GNS 430 units that are specified in paragraph (a)(1) of this AD and are installed on aircraft.,Select,Edit,Delete,View
,M058,72,FAA AD 2002-03-09 R1,To prevent impeller failure from cracks in the impeller back face area,MIS,27-Mar-2002,DGCA/New-Misc/58,,,0:00, ,Honeywell International Inc. LTS101 Series Turboshaft and LTP101 Series Turboprop Engines.,Select,Edit,Delete,View
,M058,72,FAA AD 2002-03-09-R1,To prevent impeller failure from cracks in the impeller back face area,MIS,27-Mar-2002,DGCA/New-Misc/58,,,0:00, ,Honeywell International Inc. LTS101 Series Turboshaft and LTP101 Series Turboprop Engines.,Select,Edit,Delete,View
,M059,23,FAA AD 2002-06-05,To prevent transmission of inaccurate data concerning altitude from one airplane to another,MIS,26-Apr-2002,DGCA/New-Misc/59,,,0:00, ,"Transport category airplanes, certificated in any category, equipped with Rockwell Collins Mode C 621A-3 Air Traffic Control (ATC) transponder(s),P/N 522-2703-XXX.",Select,Edit,Delete,View
,M059,23,FAA AD 2002-06-05 & 2002-06-06,To prevent transmission of inaccurate data concerning altitude from one airplane to another,MIS,26-Apr-2002,DGCA/New-Misc/59,,,0:00, ,"Transport category airplanes, certificated in any category, equipped with Rockwell Collins Mode C 621A-3 Air Traffic Control (ATC) transponder(s),P/N 522-2703-XXX.",Select,Edit,Delete,View
D,M060,34,FAA AD 2002-14-19,To prevent unwarranted display of the ADC flag,MIS,23-Aug-2002,DGCA/New-Misc/60,,,0:00, ,"Rockwell Collins, Inc. ADC-85, ADC-85A, ADC-850D, and ADC-850F Air Data Computers",Select,Edit,Delete,View
D,M060,34,FAA AD 2002-14-19,To prevent unwarranted display of the ADC flag,MIS,23-Aug-2002,DGCA/New-Misc/60,,,0:00, ,"Rockwell Collins, Inc. ADC-85, ADC-85A, ADC-850D, and ADC-850F Air Data Computers",Select,Edit,Delete,View
D,M060,34,FAA AD 2002-14-19,To prevent unwarranted display of the ADC flag,MIS,23-Aug-2002,DGCA/New-Misc/60,,,0:00, ,"Rockwell Collins, Inc. ADC-85, ADC-85A, ADC-850D, and ADC-850F Air Data Computers",Select,Edit,Delete,View
,M060,34,FAA AD 2002-14-19,To prevent unwarranted display of the ADC flag,MIS#,27-Aug-2002,DGCA/New-Misc/60,,,0:00, ,"Rockwell Collins, Inc. ADC-85, ADC-85A, ADC-850D, and ADC-850F Air Data Computers",Select,Edit,Delete,View
,M061,32,FAA AD 2002-15-02,To replace affected compressor wheels,MIS#,04-Jul-2007,DGCA/New-Misc/61,,,0:00, ,"Hamilton Sundstrand Power Systems models T-62T-2C, T-62T-25, T-62T-29, and T-62T-39 APU's that have compressor wheel P/N 100636-1 installed.",Select,Edit,Delete,View
,M061,72,FAA AD2002-15-02,To replace affected compressor wheels,MIS,28-Aug-2002,DGCA/New-Misc/61,,,0:00, ,"Hamilton Sundstrand Power Systems models T-62T-2C, T-62T-25, T-62T-29, and T-62T-39 APU's that have compressor wheel P/N 100636-1 installed.",Select,Edit,Delete,View
,M062,23,DGCA letterno.9-414/2002-AI(2),Installation of CVR,MIS,30-Sep-2002,DGCA/New-Misc/62,,,0:00, ,To all twin engine turbine aircraft where STC is available or the manufacturer has installed this.,Select,Edit,Delete,View
,M062,34,DGCA let no.9-414/2002-AI,Installation of CVR,MIS,30-Sep-2002,DGCA/New-Misc/62,,,0:00, ,To all twin engine turbine aircraft where STC is available or the manufacturer has installed this.,Select,Edit,Delete,View
D,M062,34,DGCA Let No.9-414/2002-AI(2),Installation of CVR,MIS,30-Sep-2002,DGCA/New-Misc/62,,,0:00, ,To all twin engine turbine aircraft where STC is available or the manufacturer has installed this.,Select,Edit,Delete,View
D,M062,34,DGCA Let No.9-414/2002-AI(2),Installation of CVR,MIS,30-Sep-2002,DGCA/New-Misc/62,,,0:00, ,To all twin engine turbine aircraft where STC is available or the manufacturer has installed this.,Select,Edit,Delete,View
,M063,23,DGCA Letter No.9-414/2002-AI(2),Installation of FDR,MIS#,30-Sep-2002,DGCA/New-Misc/63,,,0:00, ,To all turbine engine aircraft where STC is available or the manufacturer has installed this.,Select,Edit,Delete,View
,M063,34,"DGCA Letter No.9-414/2002- AI(2), Dt:30.09.2003",Installation of FDR,MIS,30-Sep-2002,DGCA/New-Misc/63,,,0:00, ,To all turbine engine aircraft where STC is available or the manufacturer has installed this.,Select,Edit,Delete,View
D,M063,34,DGCA Letter No.9-414/2002-AI(I) Dated: 30-09-2002,Installation of FDR,MIS,30-Sep-2002,DGCA/New-Misc/63,,,0:00, ,To all turbine engine aircraft where STC is available or the manufacturer has installed this.,Select,Edit,Delete,View
D,M063,34,DGCA Letter No.9-414/2002-AI(I) Dated: 30-09-2002,Installation of FDR,MIS,30-Sep-2002,DGCA/New-Misc/63,,,0:00, ,To all turbine engine aircraft where STC is available or the manufacturer has installed this.,Select,Edit,Delete,View
,M064,25,DGAC AD 2002-504(AB,Passengers Seats - Central Spreaders Mod,MIS#,12-Oct-2002,DGCA/New-Misc/64,,,0:00, ,"All SICMA AERO SEAT seats types 90XX and 92XX with seat P/N listed in Annex 1 of SICMA AERO SEAT Service Bulletin (SB) 92-25-005, all s/n, right side only.",Select,Edit,Delete,View
D,M064,25,DGAC AD 2002-504(AB),Passenger Seats - Central Spreaders Modification,MIS,12-Oct-2002,DGCA/New-Misc/64,,,0:00, ,"All SICMA AERO SEAT seats types 90XX and 92XX with seat P/N listed in Annex 1 of SICMA AERO SEAT Service Bulletin (SB) 92-25-005, all serial numbers, right side only.",Select,Edit,Delete,View
D,M064,25,DGAC AD 2002-504(AB),Passenger Seats - Central Spreaders Modification,MIS,12-Oct-2002,DGCA/New-Misc/64,,,0:00, ,"All SICMA AERO SEAT seats types 90XX and 92XX with seat P/N listed in Annex 1 of SICMA AERO SEAT Service Bulletin (SB) 92-25-005, all serial numbers, right side only.",Select,Edit,Delete,View
D,M064,25,DGAC AD 2002-504(AB),Passenger Seats - Central Spreaders Modification,MIS,12-Oct-2002,DGCA/New-Misc/64,,,0:00, ,"All SICMA AERO SEAT seats types 90XX and 92XX with seat P/N listed in Annex 1 of SICMA AERO SEAT Service Bulletin (SB) 92-25-005, all serial numbers, right side only.",Select,Edit,Delete,View
,M065,100,DGAC AD 2002-20-09,To prevent display of erroneous primary flight and engine parameter information,MIS#,12-Nov-2002,DGCA/New-Misc/65,,,0:00, ,"AFD-3010 adaptive flight display units, P/N 822-1084-012/-108/-202/-206/-302/-304/-402/-404/-406 (S/N as specified in Rockwell SB 12, Rev.2, AFD-3010-31-12).",Select,Edit,Delete,View
D,M065,100,DGAC AD 2002-20-09,To prevent display of erroneous primary flight and engine parameter information.,MIS,12-Nov-2002,DGCA/New-Misc/65,,,0:00, ,"AFD-3010 adaptive flight display units, P/N 822-1084-012/-108/-202/-206/-302/-304/-402/-404/-406 (S/N as specified in Rockwell SB 12, Rev.2, AFD-3010-31-12).",Select,Edit,Delete,View
D,M065,100,DGAC AD 2002-20-09,To prevent display of erroneous primary flight and engine parameter information.,MIS,12-Nov-2002,DGCA/New-Misc/65,,,0:00, ,"AFD-3010 adaptive flight display units, P/N 822-1084-012/-108/-202/-206/-302/-304/-402/-404/-406 (S/N as specified in Rockwell SB 12, Rev.2, AFD-3010-31-12).",Select,Edit,Delete,View
D,M065,100,DGAC AD 2002-20-09,To prevent display of erroneous primary flight and engine parameter information.,MIS,12-Nov-2002,DGCA/New-Misc/65,,,0:00, ,"AFD-3010 adaptive flight display units, P/N 822-1084-012/-108/-202/-206/-302/-304/-402/-404/-406 (S/N as specified in Rockwell SB 12, Rev.2, AFD-3010-31-12).",Select,Edit,Delete,View
,M066,34,DGAC AD 2002-22-13,To prevent the FMC from retaining incorrect information,MIS,20-Dec-2002,DGCA/New-Misc/66,,,0:00, ,"Rockwell Collins flight management computers (FMC) specified in paragraph (a)(1),(a)(2) of this AD.",Select,Edit,Delete,View
D,M066,34,DGAC AD 2002-22-13,To prevent the FMC from retaining incorrect information.,MIS,20-Dec-2002,DGCA/New-Misc/66,,,0:00, ,"Rockwell Collins flight management computers (FMC) specified in paragraph (a)(1),(a)(2) of this AD.",Select,Edit,Delete,View
D,M066,34,DGAC AD 2002-22-13,To prevent the FMC from retaining incorrect information.,MIS,20-Dec-2002,DGCA/New-Misc/66,,,0:00, ,"Rockwell Collins flight management computers (FMC) specified in paragraph (a)(1),(a)(2) of this AD.",Select,Edit,Delete,View
D,M066,34,DGAC AD 2002-22-13,To prevent the FMC from retaining incorrect information.,MIS,20-Dec-2002,DGCA/New-Misc/66,,,0:00, ,"Rockwell Collins flight management computers (FMC) specified in paragraph (a)(1),(a)(2) of this AD.",Select,Edit,Delete,View
,M067,26,FAA AD 2002-22-12,To prevent failure of hose when exposed to fire,MIS#,13-Dec-2002,DGCA/New-Misc/67,,,0:00, ,"Titeflex Corporation high-pressure and medium-pressure hoses that were fabricated at the Titeflex Springfield, MA, facility from January 1996 through June 2000. These hoses are installed on Airbus A300, A310, A340 airplanes, Boeing airplane models 707, 727, 737-200, 737-200C, 747, 757, and 767, Bombardier CL-600 1A11, BAE Avro 146 and BAE 146, McDonnell Douglas Corporation DC8 series, and Cessna 650 airplanes, and General Electric CF6-80C and CFM56-5C, and Honeywell International Inc., ALF502 and LF507 series turbofan engines.",Select,Edit,Delete,View
,M067,100,FAA AD 2002-22-12,To prevent failure of hose when exposed to fire,MIS#,13-Dec-2002,DGCA/New-Misc/67,,,0:00, ,"Airbus A300, A310, A340 airplanes, Boeing airplane models 707, 727, 737-200, 737-200C, 747, 757, and 767, Bombardier CL-600 1A11, BAE Avro 146 and BAE 146, McDonnell Douglas Corporation DC8 series, and Cessna 650 airplanes, and General Electric CF6-80C and CFM56-5C, and Honeywell International Inc., ALF502 and LF507 series turbofan engines.",Select,Edit,Delete,View
D,M068,25,FAA AD 2003-03-11,To prevent failure of the emergency evacuation slide raft.,MIS,11-Mar-2004,DGCA/New-Misc/68,,,0:00, ,"Air Cruisers Company Emergency Evacuation Slide/Raft System,P/N 62774 installed on, but not limited to Boeing 777-20, Affected Slide/Raft SNs refer Table 1 of AD.",Select,Edit,Delete,View
D,M068,25,FAA AD 2003-03-11,To prevent failure of the emergency evacuation slide raft.,MIS,11-Mar-2004,DGCA/New-Misc/68,,,0:00, ,"Air Cruisers Company Emergency Evacuation Slide/Raft System,P/N 62774 installed on, but not limited to Boeing 777-20, Affected Slide/Raft SNs refer Table 1 of AD.",Select,Edit,Delete,View
D,M068,25,FAA AD 2003-03-11,To prevent failure of the emergency evacuation slide raft.,MIS,11-Mar-2004,DGCA/New-Misc/68,,,0:00, ,"Air Cruisers Company Emergency Evacuation Slide/Raft System,P/N 62774 installed on, but not limited to Boeing 777-20, Affected Slide/Raft SNs refer Table 1 of AD.",Select,Edit,Delete,View
D,M068,25,FAA AD 2003-03-11,To prevent failure of the emergency evacuation slide raft.,MIS,11-Mar-2004,DGCA/New-Misc/68,,,0:00, ,"Air Cruisers Company Emergency Evacuation Slide/Raft System,P/N 62774 installed on, but not limited to Boeing 777-20, Affected Slide/Raft SNs refer Table 1 of AD.",Select,Edit,Delete,View
,M069,25,DGAC AD 2001-351(B) R1,Equipment; Babies Bassinets,MIS#,15-Nov-2001,DGCA/New Misc/69,,,0:00, ,The Referenced AD cancelled by DGAC Authority.,Select,Edit,Delete,View
,M069,25,DGAC AD 2001-351(B) R1,Equipment; Babies Bassinets,MIS#,15-Nov-2001,DGCA/New-Misc/69,,,0:00, ,The Referenced AD cancelled by DGAC Authority.,Select,Edit,Delete,View
,M070,100,FAA AD 2002-20-05,To prevent mounting bracket failure and seperation of the rescue hoist from the helicopter,MIS,07-Nov-2002,DGCA/New-Misc/70,,,0:00, ,"Breeze Eastern Aerospace rescue hoists series BL-16600,excluding BL-16600-160. These hoists are installed on, but not limited to Agusta A109, Bell 206, Bell 222, Bell 407 and Sikorsky S-61 helicopters.",Select,Edit,Delete,View
,M070,100,FAA AD 2002-20-05,To prevent mounting bracket failure and seperation of the rescue hoistfrom the helicopter,MIS#,07-Nov-2002,DGCA/New-Misc/70,,,0:00, ,"Breeze Eastern Aerospace rescue hoists series BL-16600, excluding BL-16600-160. These hoists are installed on, but not limited to Augusta A109, Bell 206, Bell 222, Bell 407, Eurocopter France AS332, M",Select,Edit,Delete,View
,M071,34,FAA AD 2006-22-05,To ensure that the flight crew has an accurate glideslope deviation indication,MIS,01-Dec-2006,DGCA/New-Misc/71,,,0:00, ,"To aircraft, certificated in any category, equipped with Honeywell Primus II RNZ-850( )/-851( ) integrated navigation unit (INU) having a P/N in Table 1 of this AD.",Select,Edit,Delete,View
,M071,34,FAA AD 2010-07-02,To ensure that the flight crew has an accurate glide slope deviation indication.,MIS,05-May-2010,DGCA/New-Misc/71 R2,,,0:00, ,"To aircraft, certificated in any category, equipped with Honeywell Primus II RNZ-850()/-851( ) integrated navigation unit (INU) having a P/N in Table 1 of this AD.",Select,Edit,Delete,View
,M071,34,FAA AD 2010-07-02,To ensure that the flight crew has an accurate glideslope deviation indication,MIS,05-May-2010,DGCA/New-Misc/71 R2,,,0:00, ,"To aircraft, certificated in any category, equipped with Honeywell Primus II RNZ-850( )/-851( ) integrated navigation unit (INU) having a P/N in Table 1 of this AD.",Select,Edit,Delete,View
,M071,34,FAA AD 2010-07-02,To ensure that the flight crew has an accurate glideslope deviation indication,MIS,05-May-2010,DGCA/New-Misc/71 Rev.2,,,0:00, ,"To aircraft, certificated in any category, equipped with Honeywell Primus II RNZ-850( )/-851( ) integrated navigation unit (INU) having a P/N in Table 1 of this AD.",Select,Edit,Delete,View
D,M072,26,DGCA let: 9-414/2003Al(2),Kidde aerospace hand held HALON fire extinguishers,MIS,22-May-2003,DGCA/New-Misc/72,,,0:00, ,"On any aircraft, a Kidde Aerospace P/N 898052 hand held halon fire extiguisher installed.",Select,Edit,Delete,View
D,M072,26,DGCA let: 9-414/2003Al(2),Kidde aerospace hand held HALON fire extinguishers,MIS,22-May-2003,DGCA/New-Misc/72,,,0:00, ,"On any aircraft, a Kidde Aerospace P/N 898052 hand held halon fire extiguisher installed.",Select,Edit,Delete,View
,M072,26,"DGCA LET. NO.9-414/2003 AI(2), dt:22.05.03",Kidde aerospace hand held HALON fire extinguishers,MIS,22-May-2003,DGCA/New-Misc/72,,,0:00, ,Kidde Aerospace P/N 898052 hand held halon fire extiguisher installed.,Select,Edit,Delete,View
,M072,26,DGCA Letter no.9-414/2003-AI(2),Kidde Aerospace hand held halon fire extinguisher.,MIS#,22-May-2003,DGCA/New-Misc/72,,,0:00, ,"On any aircraft, a Kidde Aerospace P/N 898052 hand held halon fire extiguisher installed.",Select,Edit,Delete,View
,M073,61,FAA AD 2003-13-17,To detect unsafe conditions that could result in seperation of a propeller blade.,MIS#,18-Jul-2003,DGCA/New-Misc/73,,,0:00, ,"Hartzell Propeller,Inc.,McCauley Propeller Systems, Sensenich Propeller Manufacturing Company, Inc.,& Raytheon Aircraft Company that have a propeller hub SN listed in Table 1 of this AD.",Select,Edit,Delete,View
D,M073,61,FAA AD 2003-13-17,To detect unsafe conditions that result in seperation of a propeller blade.,MIS,18-Jul-2003,DGCA/New-Misc/73,,,0:00, ,"Hartzell Propeller,Inc.,McCauley Propeller Systems, Sensenich Propeller Manufacturing Company, Inc.,& Raytheon Aircraft Company that have a propeller hub SN listed in Table 1 of this AD.",Select,Edit,Delete,View
D,M073,61,FAA AD 2003-13-17,To detect unsafe conditions that result in seperation of a propeller blade.,MIS,18-Jul-2003,DGCA/New-Misc/73,,,0:00, ,"Hartzell Propeller,Inc.,McCauley Propeller Systems, Sensenich Propeller Manufacturing Company, Inc.,& Raytheon Aircraft Company that have a propeller hub SN listed in Table 1 of this AD.",Select,Edit,Delete,View
D,M073,61,FAA AD 2003-13-17,To detect unsafe conditions that result in seperation of a propeller blade.,MIS,18-Jul-2003,DGCA/New-Misc/73,,,0:00, ,"Hartzell Propeller,Inc.,McCauley Propeller Systems, Sensenich Propeller Manufacturing Company, Inc.,& Raytheon Aircraft Company that have a propeller hub SN listed in Table 1 of this AD.",Select,Edit,Delete,View
D,M074,52,LBA AD 2002-303,Air cargo pallets and air cargo nets,MIS,03-Oct-2002,DGCA/New-Misc/74,,,0:00, ,"Ribeco Air Cargo Nets with type certification/with JTSO approval(Refer AD), S/N affected-released after 26 March 2002 or produced by the Chinese manufacturer Deyang Ribeco Air Cargo Equipment Co. Ltd.",Select,Edit,Delete,View
D,M074,52,LBA AD 2002-303,Air cargo pallets and air cargo nets,MIS,03-Oct-2002,DGCA/New-Misc/74,,,0:00, ,"Ribeco Air Cargo Nets with type certification/with JTSO approval(Refer AD), S/N affected-released after 26 March 2002 or produced by the Chinese manufacturer Deyang Ribeco Air Cargo Equipment Co. Ltd.",Select,Edit,Delete,View
D,M074,52,LBA AD 2002-303,Air cargo pallets and air cargo nets,MIS,03-Oct-2002,DGCA/New-Misc/74,,,0:00, ,"Ribeco Air Cargo Nets with type certification/with JTSO approval(Refer AD), S/N affected-released after 26 March 2002 or produced by the Chinese manufacturer Deyang Ribeco Air Cargo Equipment Co. Ltd.",Select,Edit,Delete,View
,M074,52,LBA AD 2002-303,Air Cargo pallets and air cargo nets.,MIS#,03-Oct-2002,DGCA/New-Misc/74,,,0:00, ,"Ribeco Air Cargo Nets with type certification/with JTSO approval(Refer AD), S/N affected-released after 26 March 2002 or produced by the Chinese manufacturer Deyang Ribeco Air Cargo Equipment Co. Ltd.",Select,Edit,Delete,View
D,M075,49,FAA AD 2003-15-07,To prevent APU compartment fires and fuel vapour explosion.,MIS,03-Sep-2003,DGCA/New-Misc/75,,,0:00, ,Honeywell International Inc. (formerly AlliedSignal) model RE220 (RJ) auxiliary power units (APUs) P/N WE3800770-2.,Select,Edit,Delete,View
D,M075,49,FAA AD 2003-15-07,To prevent APU compartment fires and fuel vapour explosion.,MIS,03-Sep-2003,DGCA/New-Misc/75,,,0:00, ,Honeywell International Inc. (formerly AlliedSignal) model RE220 (RJ) auxiliary power units (APUs) P/N WE3800770-2.,Select,Edit,Delete,View
D,M075,49,FAA AD 2003-15-07,To prevent APU compartment fires and fuel vapour explosion.,MIS,03-Sep-2003,DGCA/New-Misc/75,,,0:00, ,Honeywell International Inc. (formerly AlliedSignal) model RE220 (RJ) auxiliary power units (APUs) P/N WE3800770-2.,Select,Edit,Delete,View
D,M075,49,FAA AD 2003-15-07,To prevent APU compartment fires and fuel vapour explosion.,MIS,03-Sep-2003,DGCA/New-Misc/75,,,0:00, ,Honeywell International Inc. (formerly AlliedSignal) model RE220 (RJ) auxiliary power units (APUs) P/N WE3800770-2.,Select,Edit,Delete,View
D,M076,1,FAA AD 2003-26-06,To detect and correct defective safety belts and restraint systems,MIS,17-Feb-2004,DGCA/New-Misc/76,,,0:00, ,"Anjou Aeronautique safety belts and restraint systems specified in para(c)(1),installed on, but not limited to (c)(2) of AD,certificated in any category.",Select,Edit,Delete,View
D,M076,1,FAA AD 2003-26-06,To detect and correct defective safety belts and restraint systems,MIS,17-Feb-2004,DGCA/New-Misc/76,,,0:00, ,"Anjou Aeronautique safety belts and restraint systems specified in para(c)(1),installed on, but not limited to (c)(2) of AD,certificated in any category.",Select,Edit,Delete,View
,M076,1,FAA AD 2003-26-06,To detect and correct defective safety belts and restraint systems.,MIS#,02-Mar-2002,DGCA/New-Misc/76,,,0:00,.,"Anjou Aeronautique safety belts and restraint systems specified in para(c)(1),installed on, but not limited to (c)(2) of AD,certificated in any category.",Select,Edit,Delete,View
,M076,1,FAA AD 2003-26-06 and DGAC AD 2002-104(AB)R2 and 2002-105(AB)R2,To detect and correct defective safety belts and restraint systems,MIS*,17-Feb-2004,DGCA/New-Misc/76,,,0:00, ,"Anjou Aeronautique safety belts and restraint systems specified in para(c)(1),installed on, but not limited to (c)(2) of AD,certificated in any category.",Select,Edit,Delete,View
,M077,34,DGAC AD F 2004-053,TA / RA VSI TCAS Indicator Thales Aionics,MIS,14-Apr-2004,DGCA/New-Misc/77,,,0:00, ,All TA/RA VSI-TCAS indicator PN 457400-( )* fitted onboard aircraft equipped with TCAS II Change 7 computer (ACAS II).(* exception refer AD),Select,Edit,Delete,View
D,M077,34,DGAC AD F 2004-053,TA / RA VSI TCAS Indicator THALES Aionics,MIS,14-Apr-2004,DGCA/New-Misc/77,,,0:00, ,All TA/RA VSI-TCAS indicator PN 457400-( )* fitted onboard aircraft equipped with TCAS II Change 7 computer (ACAS II).(* exception refer AD),Select,Edit,Delete,View
D,M077,34,DGAC AD F 2004-053,TA / RA VSI TCAS Indicator THALES Aionics,MIS,14-Apr-2004,DGCA/New-Misc/77,,,0:00, ,All TA/RA VSI-TCAS indicator PN 457400-( )* fitted onboard aircraft equipped with TCAS II Change 7 computer (ACAS II).(* exception refer AD),Select,Edit,Delete,View
,M077,34,DGAC AD F-2004-053,TA/RA VSI TCAS Indicator Thales Aionics.,MIS#,14-Jul-2004,DGCA/New-Misc/77,,,0:00, ,All TA/RA VSI-TCAS indicator PN 457400-( )* fitted onboard aircraft equipped with TCAS II Change 7 computer (ACAS II).(* exception refer AD),Select,Edit,Delete,View
,M078,31,FAA AD 2004-08-15,"To prevent the loading of the BAROSET Potentiometer, which could result in an unacceptable altitude error.",MIS,07-Jun-2004,DGCA/New-Misc/78,,,0:00, ,"All airplane models and S/N, certificated in any category, that incorporate a Goodrich TAWS8000 terrain awareness warning system (TAWS),P/N 805-18000-001, with ""Mod None"", ""Mod A"", or ""Mod B"" hardware",Select,Edit,Delete,View
D,M078,31,FAA AD 2004-08-15,"To prevent the loading of the BAROSET Potentiometer,which could result in an unacceptable altitude error.",MIS,07-Jun-2004,DGCA/New-Misc/78,,,0:00, ,"All airplane models and S/N, certificated in any category, that incorporate a Goodrich TAWS8000 terrain awareness warning system (TAWS),P/N 805-18000-001, with ""Mod None"", ""Mod A"", or ""Mod B"" hardware",Select,Edit,Delete,View
D,M078,31,FAA AD 2004-08-15,"To prevent the loading of the BAROSET Potentiometer,which could result in an unacceptable altitude error.",MIS,07-Jun-2004,DGCA/New-Misc/78,,,0:00, ,"All airplane models and S/N, certificated in any category, that incorporate a Goodrich TAWS8000 terrain awareness warning system (TAWS),P/N 805-18000-001, with ""Mod None"", ""Mod A"", or ""Mod B"" hardware",Select,Edit,Delete,View
,M078,100,FAA AD 2004-08-15,"To prevent the landing of the baroset potentiometer, which could result in an acceptable altitude error",MIS#,06-Jun-2004,DGCA/New-Misc/78,,,0:00, ,"All airplane models and S/N, certificated in any category, that incorporate a Goodrich TAWS8000 terrain awareness warning system (TAWS),P/N 805-18000-001, with ""Mod None"", ""Mod A"", or ""Mod B"" hardware",Select,Edit,Delete,View
,M079,23,FAA AD 2005-01-19,To prevent interrogating aircraft from possibly receiving in accurate replies,MIS,23-Feb-2005,DGCA/New-Misc/79(R1),,,0:00, ,"GARMIN International Inc. GTX 33, GTX 33D, GTX 330,GTX 330D Mode S transponders that include software versions 3.00, 3.01, 3.02, 3.04,or 3.05 that are installed on,certificated in any category(Ref:AD)",Select,Edit,Delete,View
D,M079,23,FAA AD 2005-01-19,To prevent interrogating aircraft from possibly receiving inaccurate replies,MIS,23-Feb-2005,DGCA/New-Misc/79(R1),,,0:00, ,"GARMIN International Inc. GTX 33, GTX 33D, GTX 330,GTX 330D Mode S transponders that include software versions 3.00, 3.01, 3.02, 3.04,or 3.05 that are installed on,certificated in any category(Ref:AD)",Select,Edit,Delete,View
D,M079,23,FAA AD 2005-01-19,To prevent interrogating aircraft from possibly receiving inaccurate replies,MIS,23-Feb-2005,DGCA/New-Misc/79(R1),,,0:00, ,"GARMIN International Inc. GTX 33, GTX 33D, GTX 330,GTX 330D Mode S transponders that include software versions 3.00, 3.01, 3.02, 3.04,or 3.05 that are installed on,certificated in any category(Ref:AD)",Select,Edit,Delete,View
,M079,23,FAA AD 2005-01-19,To prevent interrogating aircraft from possibly receiving inaccurate replies,MIS#,23-Feb-2005,DGCA/New-Misc/79(R1),,,0:00, ,"GARMIN International Inc. GTX 33, GTX 33D, GTX 330,GTX 330D Mode S transponders that include software versions 3.00, 3.01, 3.02, 3.04,or 3.05 that are installed on,certificated in any category(Ref:AD)",Select,Edit,Delete,View
D,M080,34,FAA AD 2004-13-20,"To prevent the GPS NAVIGATION unit under certain condition, from providing erroneous cross deviation information",MIS,03-Aug-2004,DGCA/New-Misc/80,,,0:00, ,"Aircraft equipped with Garmin AT, Apollo GX50/55/ 60/65 TSO-C129a GPS navigation units with software versions 3.0 through 3.4 inclusive; as listed in SB 561-4002-001, certificated in any category.",Select,Edit,Delete,View
D,M080,34,FAA AD 2004-13-20,"To prevent the GPS NAVIGATION unit under certain condition, from providing erroneous cross deviation information",MIS,03-Aug-2004,DGCA/New-Misc/80,,,0:00, ,"Aircraft equipped with Garmin AT, Apollo GX50/55/ 60/65 TSO-C129a GPS navigation units with software versions 3.0 through 3.4 inclusive; as listed in SB 561-4002-001, certificated in any category.",Select,Edit,Delete,View
D,M080,34,FAA AD 2004-13-20,"To prevent the GPS NAVIGATION unit under certain condition, from providing erroneous cross deviation information",MIS,03-Aug-2004,DGCA/New-Misc/80,,,0:00, ,"Aircraft equipped with Garmin AT, Apollo GX50/55/ 60/65 TSO-C129a GPS navigation units with software versions 3.0 through 3.4 inclusive; as listed in SB 561-4002-001, certificated in any category.",Select,Edit,Delete,View
,M080,34,FAA AD 2004-13-20,To prevent the GPS navigation unit under certain condition. From providing erroneous cross deviation information,MIS,03-Aug-2004,DGCA/New-Misc/80,,,0:00, ,"Aircraft equipped with Garmin AT, Apollo GX50/55/ 60/65 TSO-C129a GPS navigation units with software versions 3.0 through 3.4 inclusive; as listed in SB 561-4002-001, certificated in any category.",Select,Edit,Delete,View
,M081,25,DGAC AD F-2004-083,Operational order on instruction for continued airworthiness for large airplanes cerfied under JAR 25,MIS#,09-Jun-2004,DGCA/New-Misc/81,,,0:00, ,"Any large aircraft (> 5,7t)",Select,Edit,Delete,View
D,M081,25,DGAC AD F-2004-083,Operational order on instruction for continued airworthiness for large airplanes cerfied under JAR 25.,MIS,09-Jun-2004,DGCA/New-Misc/81,,,0:00, ,"Any large aircraft (> 5,7t)",Select,Edit,Delete,View
D,M081,25,DGAC AD F-2004-083,Operational order on instruction for continued airworthiness for large airplanes cerfied under JAR 25.,MIS,09-Jun-2004,DGCA/New-Misc/81,,,0:00, ,"Any large aircraft (> 5,7t)",Select,Edit,Delete,View
,M081,25,DGAC AD F-2004-083,Operational order on instruction for continued airworthiness for large airplanes certificated under JAR 25.,MIS,09-Jun-2004,DGCA/New-Misc/81,,,0:00, ,"Any large aircraft (> 5,7t)",Select,Edit,Delete,View
,M082,25,DGAC AD F 2004-132,Equipment/Furnishings -LERMER GMBH water boilers.,MIS#,14-Aug-2004,DGCA/New-Misc/82,,,0:00, ,"LERMER GmbH water boilers with:- P/N: L13471, L13471-05, L13471-11 or L13471-19 or Type Number: 1010099-6, 1010099-10, 1010099-6.1 or 1010099-6.2.",Select,Edit,Delete,View
D,M082,25,DGAC AD F-2004-132,Equipment/ Furnishings -LERMER GMBH water boilers,MIS,14-Aug-2004,DGCA/New-Misc/82,,,0:00, ,"LERMER GmbH water boilers with:- P/N: L13471, L13471-05, L13471-11 or L13471-19 or Type Number: 1010099-6, 1010099-10, 1010099-6.1 or 1010099-6.2.",Select,Edit,Delete,View
D,M082,25,DGAC AD F-2004-132,Equipment/ Furnishings -LERMER GMBH water boilers,MIS,14-Aug-2004,DGCA/New-Misc/82,,,0:00, ,"LERMER GmbH water boilers with:- P/N: L13471, L13471-05, L13471-11 or L13471-19 or Type Number: 1010099-6, 1010099-10, 1010099-6.1 or 1010099-6.2.",Select,Edit,Delete,View
D,M082,25,DGAC AD F-2004-132,Equipment/ Furnishings -LERMER GMBH water boilers,MIS,14-Aug-2004,DGCA/New-Misc/82,,,0:00, ,"LERMER GmbH water boilers with:- P/N: L13471, L13471-05, L13471-11 or L13471-19 or Type Number: 1010099-6, 1010099-10, 1010099-6.1 or 1010099-6.2.",Select,Edit,Delete,View
D,M083,52,FAA AD 2004-22-01,"To prevent shifting or unrestrained cargo in the cargo compartment,which could cause an unexpected change in the airplanes center of gravity.",MIS,01-Dec-2004,DGCA/New-Misc/83,,,0:00, ,Various Transport Category Airplanes on Which Cargo Restraint Strap Assemblies P/N 1519-MCIDS Have Been Installed per Supplemental Type Certificate (STC) ST01004NY.,Select,Edit,Delete,View
D,M083,52,FAA AD 2004-22-01,"To prevent shifting or unrestrained cargo in the cargo compartment,which could cause an unexpected change in the airplanes center of gravity.",MIS,01-Dec-2004,DGCA/New-Misc/83,,,0:00, ,Various Transport Category Airplanes on Which Cargo Restraint Strap Assemblies P/N 1519-MCIDS Have Been Installed per Supplemental Type Certificate (STC) ST01004NY.,Select,Edit,Delete,View
D,M083,52,FAA AD 2004-22-01,"To prevent shifting or unrestrained cargo in the cargo compartment,which could cause an unexpected change in the airplanes center of gravity.",MIS,01-Dec-2004,DGCA/New-Misc/83,,,0:00, ,Various Transport Category Airplanes on Which Cargo Restraint Strap Assemblies P/N 1519-MCIDS Have Been Installed per Supplemental Type Certificate (STC) ST01004NY.,Select,Edit,Delete,View
,M083,52,FAA AD 2004-22-01,"To prevent shifting or unrestrained cargo in the cargo compartment,which could cause an unexpectedchange in the airplanes center of gravity.",MIS#,01-Dec-2004,DGCA/New-Misc/83,,,0:00, ,Various Transport Category Airplanes on Which Cargo Restraint Strap Assemblies P/N 1519-MCIDS Have Been Installed per Supplemental Type Certificate (STC) ST01004NY.,Select,Edit,Delete,View
D,M084,80,FAA AD 2005-12-06,To prevent failure of magneto impulse coupling assy and possible engine failure.,MIS,19-Jul-2005,DGCA/New-Misc/84,,,0:00, ,"Teledyne Continental Motors (TCM) (formerly Bendix) magnetos that have a magneto P/N listed in Table 1 of TCM Mandatory Service Bulletin (MSB) No. MSB645, dated April 4, 1994, installed on Lycoming AE",Select,Edit,Delete,View
D,M084,80,FAA AD 2005-12-06,To prevent failure of magneto impulse coupling assy and possible engine failure.,MIS,19-Jul-2005,DGCA/New-Misc/84,,,0:00, ,"Teledyne Continental Motors (TCM) (formerly Bendix) magnetos that have a magneto P/N listed in Table 1 of TCM Mandatory Service Bulletin (MSB) No. MSB645, dated April 4, 1994, installed on Lycoming AE",Select,Edit,Delete,View
,M084,80,FAA AD 2005-12-06,To prevent failure of magneto impulse coupling assy and possible engine failure.,MIS*,19-Jul-2005,DGCA/New-Misc/84,,,0:00, ,"Teledyne Continental Motors(TCM) (formerly Bendix) magnetos that have a magneto P/N listed in Table 1 of TCM Mandatory Service Bulletin (MSB) No. MSB645,dated April 4,1994,installed on Lycoming AE.",Select,Edit,Delete,View
D,M085,37,FAA AD 2005-11-05,To correct problems with standby vaccum systems(SVS) before failure or malfunction during instrument flight rules(IFR).,MIS,18-Jul-2005,DGCA/New-Misc/85,,,0:00, ,"Models SVS I and SVS IA standby vacuum systems (SVS), installed on, certificated in any category.(For but not limited to Refer AD)",Select,Edit,Delete,View
D,M085,37,FAA AD 2005-11-05,To correct problems with standby vaccum systems(SVS) before failure or malfunction during instrument flight rules(IFR).,MIS,18-Jul-2005,DGCA/New-Misc/85,,,0:00, ,"Models SVS I and SVS IA standby vacuum systems (SVS), installed on, certificated in any category.(For but not limited to Refer AD)",Select,Edit,Delete,View
D,M085,37,FAA AD 2005-11-05,To correct problems with standby vaccum systems(SVS) before failure or malfunction during instrument flight rules(IFR).,MIS,18-Jul-2005,DGCA/New-Misc/85,,,0:00, ,"Models SVS I and SVS IA standby vacuum systems (SVS), installed on, certificated in any category.(For but not limited to Refer AD)",Select,Edit,Delete,View
,M085,37,FAA AD 2005-11-05,To correct problems with standby vaccum systems(SVS) before failure or malfunction during instrument flight rules(IFR).,MIS#,18-Jul-2005,DGCA/New-Misc/85,,,0:00, ,"Models SVS I and SVS IA standby vacuum systems (SVS), installed on, certificated in any category.(For but not limited to Refer AD)",Select,Edit,Delete,View
D,M086,25,DGAC AD F 2005-135,Equipment /Furnishings inspection and replacement of the reading lights electrical power supplies of some SICMA aero seats,MIS,13-Aug-2005,DGCA/New-Misc/86,,,0:00, ,"Passenger seats, of which P/N are identified in the table of this AD, produced by SICMA AERO SEAT.",Select,Edit,Delete,View
D,M086,25,DGAC AD F 2005-135,Equipment /Furnishings inspection and replacement of the reading lights electrical power supplies of some SICMA aero seats,MIS,13-Aug-2005,DGCA/New-Misc/86,,,0:00, ,"Passenger seats, of which P/N are identified in the table of this AD, produced by SICMA AERO SEAT.",Select,Edit,Delete,View
D,M086,25,DGAC AD F 2005-135,Equipment /Furnishings inspection and replacement of the reading lights electrical power supplies of some SICMA aero seats,MIS,13-Aug-2005,DGCA/New-Misc/86,,,0:00, ,"Passenger seats, of which P/N are identified in the table of this AD, produced by SICMA AERO SEAT.",Select,Edit,Delete,View
,M086,26,DGAC AD F 2005-135,Equipment /Furnishingsinspection and replacement of the reading lights electrical power supplies of some sicma aero seats,MIS#,13-Aug-2005,DGCA/New-Misc/86,,,0:00, ,"Passenger seats, of which P/N are identified in the table of this AD, produced by SICMA AERO SEAT.",Select,Edit,Delete,View
,M087,34,FAA AD 2005-25-08,To prevent certain air data computers( ADC) from displaying in correct altitude information (SHADINADC2000),MIS#,23-Jan-2006,DGCA/New-Misc/87,,,0:00, ,"Shadin ADC-2000 ADC P/N 962830A-1-S-8,962830A-2-S-8,962830A-3-S-8, configurations B, C, and D, that are installed",Select,Edit,Delete,View
D,M087,34,FAA AD 2005-25-08,To prevent certain air data computers(ADC) from displaying incorrect altitude information (SHADIN ADC 2000),MIS,23-Jan-2006,DGCA/New-Misc/87,,,0:00, ,"Shadin ADC-2000 ADC P/N 962830A-1-S-8,962830A-2-S-8,962830A-3-S-8, configurations B, C, and D, that are installed",Select,Edit,Delete,View
D,M087,34,FAA AD 2005-25-08,To prevent certain air data computers(ADC) from displaying incorrect altitude information (SHADIN ADC 2000),MIS,23-Jan-2006,DGCA/New-Misc/87,,,0:00, ,"Shadin ADC-2000 ADC P/N 962830A-1-S-8,962830A-2-S-8,962830A-3-S-8, configurations B, C, and D, that are installed",Select,Edit,Delete,View
D,M087,34,FAA AD 2005-25-08,To prevent certain air data computers(ADC) from displaying incorrect altitude information (SHADIN ADC 2000),MIS,23-Jan-2006,DGCA/New-Misc/87,,,0:00, ,"Shadin ADC-2000 ADC P/N 962830A-1-S-8,962830A-2-S-8,962830A-3-S-8, configurations B, C, and D, that are installed",Select,Edit,Delete,View
,M088,37,FAA AD 2006-03-08,To prevent vaccum pump failure or malfunction during instrument flight rules (IFR)Flight.,MIS#,10-Mar-2006,DGCA/New-Misc/88,,,0:00, ,Aero Advantage ADV200 series P/Ns ADV211CC and ADV212CW) vacuum pumps installed(but not limited to refer AD),Select,Edit,Delete,View
D,M088,37,FAA AD 2006-03-08,To prevent vacuum pump failure or malfunction during instrument flight rules (IFR) flight,MIS,10-Mar-2006,DGCA/New-Misc/88,,,0:00, ,Aero Advantage ADV200 series P/Ns ADV211CC and ADV212CW) vacuum pumps installed(but not limited to refer AD),Select,Edit,Delete,View
D,M088,37,FAA AD 2006-03-08,To prevent vacuum pump failure or malfunction during instrument flight rules (IFR) flight,MIS,10-Mar-2006,DGCA/New-Misc/88,,,0:00, ,Aero Advantage ADV200 series P/Ns ADV211CC and ADV212CW) vacuum pumps installed(but not limited to refer AD),Select,Edit,Delete,View
D,M088,37,FAA AD 2006-03-08,To prevent vacuum pump failure or malfunction during instrument flight rules (IFR) flight,MIS,10-Mar-2006,DGCA/New-Misc/88,,,0:00, ,Aero Advantage ADV200 series P/Ns ADV211CC and ADV212CW) vacuum pumps installed(but not limited to refer AD),Select,Edit,Delete,View
,M089,100,FAA AD 2006-04-04,To identify and provide correct action for potentially inoperative smoke detector.,MIS#,24-Mar-2006,DGCA/New-Misc/89,,,0:00, ,Meggitt Model 602 smoke detectors approved under TSO-C1C and having any P/N 8930-( ):Refer table-1 of this AD.,Select,Edit,Delete,View
D,M089,100,FAA AD 2006-04-04,To Identify and Provide Corrective Action for a Potentially Inoperative Smoke Detector,MIS,24-Mar-2006,DGCA/New-Misc/89,,,0:00, ,Meggitt Model 602 smoke detectors approved under TSO-C1C and having any P/N 8930-( ):Refer table-1 of this AD.,Select,Edit,Delete,View
D,M089,100,FAA AD 2006-04-04,To Identify and Provide Corrective Action for a Potentially Inoperative Smoke Detector,MIS,24-Mar-2006,DGCA/New-Misc/89,,,0:00, ,Meggitt Model 602 smoke detectors approved under TSO-C1C and having any P/N 8930-( ):Refer table-1 of this AD.,Select,Edit,Delete,View
D,M089,100,FAA AD 2006-04-04,To Identify and Provide Corrective Action for a Potentially Inoperative Smoke Detector,MIS,24-Mar-2006,DGCA/New-Misc/89,,,0:00, ,Meggitt Model 602 smoke detectors approved under TSO-C1C and having any P/N 8930-( ):Refer table-1 of this AD.,Select,Edit,Delete,View
,M090,32,FAA AD 2006-12-08,To prevent loss of pressure in the skid slides/rafts after an emergency evacuation.,MIS#,17-Jul-2006,DGCA/New-Misc/90,,,0:00, ,Model A330-201/-202/-203/-223/-243/-301/-321/-322/- 323/-341/-342/-343 airplanes;Model A340-211/-212/-213/ - 311/-312/-313 airplanes;A340-541/-642 airplanes.,Select,Edit,Delete,View
,M090,32,FAA AD 2007-23-01,To prevent loss of pressure in the skid slides/rafts after an emergency evacuation,MIS,17-Jul-2006,DGCA/New-Misc/90,,,0:00, ,Model A330-201/-202/-203/-223/-243/-301/-321/-322/- 323/-341/-342/-343 airplanes;Model A340-211/-212/-213/ - 311/-312/-313 airplanes;A340-541/-642 airplanes.,Select,Edit,Delete,View
D,M090,32,FAA AD 2007-23-01(Superseded FAA AD 2006-12-08),To prevent loss of pressure in the skid slides/rafts after an emergency evacuation,MIS,17-Jul-2006,DGCA/New-Misc/90,,,0:00, ,Model A330-201/-202/-203/-223/-243/-301/-321/-322/- 323/-341/-342/-343 airplanes;Model A340-211/-212/-213/ - 311/-312/-313 airplanes;A340-541/-642 airplanes.,Select,Edit,Delete,View
D,M090,32,FAA AD 2007-23-01(Superseded FAA AD 2006-12-08),To prevent loss of pressure in the skid slides/rafts after an emergency evacuation,MIS,17-Jul-2006,DGCA/New-Misc/90,,,0:00, ,Model A330-201/-202/-203/-223/-243/-301/-321/-322/- 323/-341/-342/-343 airplanes;Model A340-211/-212/-213/ - 311/-312/-313 airplanes;A340-541/-642 airplanes.,Select,Edit,Delete,View
D,M091,100,FAA AD 2006-16-18,"To prevent a bearing error,which could lead to an aeroplane departing from its scheduled flight path",MIS,25-Sep-2006,DGCA/New-Misc/91,,,0:00, ,"Sandel Avionics Incorporated Model ST3400 Terrain Awareness Warning System/Radio Magnetic Indicator (TAWS/ RMI) Units Approved Under Technical Standard Order(s) C113, C151a, or C151b;",Select,Edit,Delete,View
D,M091,100,FAA AD 2006-16-18,"To prevent a bearing error,which could lead to an aeroplane departing from its scheduled flight path",MIS,25-Sep-2006,DGCA/New-Misc/91,,,0:00, ,"Sandel Avionics Incorporated Model ST3400 Terrain Awareness Warning System/Radio Magnetic Indicator (TAWS/ RMI) Units Approved Under Technical Standard Order(s) C113, C151a, or C151b;",Select,Edit,Delete,View
,M091,100,FAA AD 2006-16-18,"To prevent a bearing error,which could lead to an aeroplane departing from its scheduled flight path.",MIS#,25-Sep-2006,DGCA/New-Misc/91,,,0:00, ,"Sandel Avionics Incorporated Model ST3400 Terrain Awareness Warning System/Radio Magnetic Indicator (TAWS/ RMI) Units Approved Under Technical Standard Order(s) C113, C151a, or C151b;",Select,Edit,Delete,View
,M092,23,FAA AD 2006-19-04,Communication - COMM Units & Transponders - Modification/ Replacement,MIS#,17-Oct-2006,DGCA/New-Misc/92,,,0:00, ,"1.COM unit RCZ-833J (P/N)7510700-763,-863;RCZ-833K P/N 7510700-765,-875;RCZ-851J P/N 7510700-813;RCZ-851K P/N 7510700-815;RCZ-854J P/Ns 7510700-725 and 2. Mode S transponder XS-856A P/Ns 7517400-865.",Select,Edit,Delete,View
D,M092,23,FAA AD 2006-19-04,Communication--Comm Units and Transponders--Modification / Replacement,MIS,17-Oct-2006,DGCA/New-Misc/92,,,0:00, ,"1.COM unit RCZ-833J (P/N)7510700-763,-863;RCZ-833K P/N 7510700-765,-875;RCZ-851J P/N 7510700-813;RCZ-851K P/N 7510700-815;RCZ-854J P/Ns 7510700-725 and 2.Mode S transponder XS-856A P/Ns 7517400-865,",Select,Edit,Delete,View
D,M092,23,FAA AD 2006-19-04,Communication--Comm Units and Transponders--Modification / Replacement,MIS,17-Oct-2006,DGCA/New-Misc/92,,,0:00, ,"1.COM unit RCZ-833J (P/N)7510700-763,-863;RCZ-833K P/N 7510700-765,-875;RCZ-851J P/N 7510700-813;RCZ-851K P/N 7510700-815;RCZ-854J P/Ns 7510700-725 and 2.Mode S transponder XS-856A P/Ns 7517400-865,",Select,Edit,Delete,View
,M092,23,FAA AD 2006-19-04/ EASA AD 2007-0156,Communication--Comm Units and Transponders--Modification / Replacement,MIS,17-Oct-2006,DGCA/New-Misc/92,,,0:00, ,"1.COM unit RCZ-833J (P/N)7510700-763,-863;RCZ-833K P/N 7510700-765,-875;RCZ-851J P/N 7510700-813;RCZ-851K P/N 7510700-815;RCZ-854J P/Ns 7510700-725 and 2.Mode S transponder XS-856A P/Ns 7517400-865,",Select,Edit,Delete,View
D,M093,25,EASA AD 2006-0264,Equipment & Furnishing--Passenger Seats Rear Fitting Assembly Attachment--Replacement,MIS,13-Sep-2006,DGCA/New-Misc/93,,,0:00, ,"Rear Fitting Assembly having P/N 311889900017,3121994E0017, 3118899C0017, 3121994A0017, 312199400017 or 3118899A0017",Select,Edit,Delete,View
D,M093,25,EASA AD 2006-0264,Equipment & Furnishing--Passenger Seats Rear Fitting Assembly Attachment--Replacement,MIS,13-Sep-2006,DGCA/New-Misc/93,,,0:00, ,"Rear Fitting Assembly having P/N 311889900017,3121994E0017, 3118899C0017, 3121994A0017, 312199400017 or 3118899A0017",Select,Edit,Delete,View
D,M093,25,EASA AD 2006-0264,Equipment & Furnishing--Passenger Seats Rear Fitting Assembly Attachment--Replacement,MIS,13-Sep-2006,DGCA/New-Misc/93,,,0:00, ,"Rear Fitting Assembly having P/N 311889900017,3121994E0017, 3118899C0017, 3121994A0017, 312199400017 or 3118899A0017",Select,Edit,Delete,View
,M093,25,EASA AD 2006-0264,Equipment & Furnishing-Passenger seats rear fitting assembly attachment -replacement,MIS#,13-Sep-2006,DGCA/New-Misc/93,,,0:00, ,"AVIOINTERIORS S.p.A. Passenger Seats (P/N’s as listed in the referenced Aviointeriors Service Bulletin) manufactured before October 19, 1998 and on which the requirements of FAA AD 2001-11-11 were not accomplished (Aviointeriors SB 181/A16-03 Rev. A, SB 153/E33-01 Rev. B, SB 11F/E32-01 Rev. A, SB 181/A16-02 Rev. B and SB 184/E23-01 Rev. A) or seats to which the original issue of Aviointeriors SB 180/A84-01 was not applied.",Select,Edit,Delete,View
D,M094,100,FAA AD 2006-18-08,To Prevent Thread Seperation From a Nosewheel Tire During Takeoff or Landing.,MIS,11-Oct-2006,DGCA/New-Misc/94,,,0:00, ,"Goodyear aviation tires, P/N 217K22-1,(SB-2005- 32-004).",Select,Edit,Delete,View
D,M094,100,FAA AD 2006-18-08,To Prevent Thread Seperation From a Nosewheel Tire During Takeoff or Landing.,MIS,11-Oct-2006,DGCA/New-Misc/94,,,0:00, ,"Goodyear aviation tires, P/N 217K22-1,(SB-2005- 32-004).",Select,Edit,Delete,View
D,M094,100,FAA AD 2006-18-08,To Prevent Thread Seperation From a Nosewheel Tire During Takeoff or Landing.,MIS,11-Oct-2006,DGCA/New-Misc/94,,,0:00, ,"Goodyear aviation tires, P/N 217K22-1,(SB-2005- 32-004).",Select,Edit,Delete,View
,M094,100,FAA AD 2006-18-08,To prevent tread seperation from nose wheel tire during takeoff or landing.,MIS#,11-Oct-2006,DGCA/New-Misc/94,,,0:00, ,"Goodyear aviation tires, P/N 217K22-1,(SB-2005- 32-004).",Select,Edit,Delete,View
,M095,32,EASA AD 2006-0328,Landing Gear- Main Landing Gear Nose Wheeel Assy - Inspection/ Repair,MIS,12-Jun-2006,DGCA/New-Misc/95,,,0:00, ,"Messier-Goodrich S.A. or Goodrich-Messier Inc. Main Landing Gear (MLG) Wheel Assemblies having P/N C20500000 and P/N C20452000 installed,but not limited to refer AD.",Select,Edit,Delete,View
D,M095,32,EASA AD 2006-0328,Landing Gear--Main Landing Gear Wheel Assembly--Inspection / Repair,MIS,02-Nov-2006,DGCA/New-Misc/95,,,0:00, ,"Messier-Goodrich S.A. or Goodrich-Messier Inc. Main Landing Gear (MLG) Wheel Assemblies having P/N C20500000 and P/N C20452000 installed,but not limited to refer AD.",Select,Edit,Delete,View
D,M095,32,EASA AD 2006-0328,Landing Gear--Main Landing Gear Wheel Assembly--Inspection / Repair,MIS,02-Nov-2006,DGCA/New-Misc/95,,,0:00, ,"Messier-Goodrich S.A. or Goodrich-Messier Inc. Main Landing Gear (MLG) Wheel Assemblies having P/N C20500000 and P/N C20452000 installed,but not limited to refer AD.",Select,Edit,Delete,View
D,M095,32,EASA AD 2006-0328,Landing Gear--Main Landing Gear Wheel Assembly--Inspection / Repair,MIS,02-Nov-2006,DGCA/New-Misc/95,,,0:00, ,"Messier-Goodrich S.A. or Goodrich-Messier Inc. Main Landing Gear (MLG) Wheel Assemblies having P/N C20500000 and P/N C20452000 installed,but not limited to refer AD.",Select,Edit,Delete,View
,M096,25,EASA AD 2006-0135,Equipment and furnishings passenger seat backrest -inspection/replacement,MIS#,12-Jun-2006,DGCA/New-Misc/96,,,0:00, ,"Passenger Seats 12M( )( )-( )( )( )( )( )( ),all P/N as listed in Aviointeriors SB 12M/F68-01 Rev.1 dated 2 October 2006.",Select,Edit,Delete,View
D,M096,25,EASA AD 2008-0135,Equipment & Furnishings--Passenger Seat Backrest--Inspection / Replacement,MIS,22-Nov-2006,DGCA/New-Misc/96,,,0:00, ,"Passenger Seats 12M( )( )-( )( )( )( )( )( ), all part numbers (P/N) equipped with backrest P/N 313033000000 or 313033100000, as listed in Section 1.A of Aviointeriors Service Bulletin (SB) 12M/F68-06. The affected seats are known to be installed on, but not limited to, the following aircraft: - ATR 42 series; - ATR 72 series.",Select,Edit,Delete,View
D,M096,25,EASA AD 2008-0135,Equipment & Furnishings--Passenger Seat Backrest--Inspection / Replacement,MIS,22-Nov-2006,DGCA/New-Misc/96,,,0:00, ,"Passenger Seats 12M( )( )-( )( )( )( )( )( ),all P/N as listed in Aviointeriors SB 12M/F68-01 Rev.1 dated 2 October 2006.",Select,Edit,Delete,View
D,M096,25,EASA AD 2008-0135,Equipment & Furnishings--Passenger Seat Backrest--Inspection / Replacement,MIS,22-Nov-2006,DGCA/New-Misc/96,,,0:00, ,"Passenger Seats 12M( )( )-( )( )( )( )( )( ),all P/N as listed in Aviointeriors SB 12M/F68-01 Rev.1 dated 2 October 2006.",Select,Edit,Delete,View
,M097,1,FAA AS 2007-04-15,To prevent detachment of passenger seats assemblies during emergency conditions,MIS#,23-Mar-2007,DGCA/New-Misc/97,,,0:00, ,"Sicma Aero Seat, passenger seat assemblies,P/N 42XX series, 50XX series, 63XX series, 65XX series, 71XX series, 78XX series, 83XX series, 85XX series, 90XX series, 91XX series,92XX series,with aft tra",Select,Edit,Delete,View
D,M097,25,FAA AD 2007-04-15,To prevent detachment of passenger Seats assemblies during emergency conditions,MIS,23-Mar-2007,DGCA/New-Misc/97,,,0:00, ,"Sicma Aero Seat,Pax seat assemblies, P/N 42XX, 50XX, 63XX ,65XX, 71XX, 78XX, 83XX, 85XX,90XX,91XX, 92XX series with aft track fittings.",Select,Edit,Delete,View
D,M097,25,FAA AD 2007-04-15,To prevent detachment of passenger Seats assemblies during emergency conditions,MIS,23-Mar-2007,DGCA/New-Misc/97,,,0:00, ,"Sicma Aero Seat, passenger seat assemblies,P/N 42XX series, 50XX series, 63XX series, 65XX series, 71XX series, 78XX series, 83XX series, 85XX series, 90XX series, 91XX series,92XX series,with aft tra",Select,Edit,Delete,View
D,M097,25,FAA AD 2007-04-15,To prevent detachment of passenger Seats assemblies during emergency conditions,MIS,23-Mar-2007,DGCA/New-Misc/97,,,0:00, ,"Sicma Aero Seat, passenger seat assemblies,P/N 42XX series, 50XX series, 63XX series, 65XX series, 71XX series, 78XX series, 83XX series, 85XX series, 90XX series, 91XX series,92XX series,with aft tra",Select,Edit,Delete,View
D,M098,100,FAA AD 2007-04-19R1,To Prevent Cylinder Seperation,MIS,04-Jul-2007,DGCA/New-Misc/98 R1,,,0:00, ,"Cylinder Assemblies P/N SA47000L-A1/A20P,SA47000S-A1/A20P/A21P,SA52000-A1/ A20P / A21P / A22P / A23P, SA55000-A1/A20P, installed in TCM, LE and AL reciprocating engines.",Select,Edit,Delete,View
D,M098,100,FAA AD 2007-04-19R1,To Prevent Cylinder Seperation,MIS,04-Jul-2007,DGCA/New-Misc/98 R1,,,0:00, ,"Cylinder Assemblies P/N SA47000L-A1/A20P,SA47000S-A1/A20P/A21P,SA52000-A1/ A20P / A21P / A22P / A23P, SA55000-A1/A20P, installed in TCM, LE and AL reciprocating engines.",Select,Edit,Delete,View
D,M098,100,FAA AD 2007-04-19R1,To Prevent Cylinder Seperation,MIS,04-Jul-2007,DGCA/New-Misc/98 R1,,,0:00, ,"Cylinder Assemblies P/N SA47000L-A1/A20P,SA47000S-A1/A20P/ A21P, SA52000-A1/A20P/A21P/A22P/A23P, SA55000-A1/A20P, installed in TCM, LE and AL reciprocating engines.",Select,Edit,Delete,View
D,M098,100,FAA AD 2007-04-19R1,To Prevent Cylinder Seperation,MIS,04-Jul-2007,DGCA/New-Misc/98 R1,,,0:00, ,"Cylinder Assemblies P/N SA47000L-A1/A20P,SA47000S-A1/A20P/ A21P, SA52000-A1/A20P/A21P/A22P/A23P, SA55000-A1/A20P, installed in TCM, LE and AL reciprocating engines.",Select,Edit,Delete,View
D,M099,35,EASA AD 2006-0286 R1,Oxygen-Oxygen Reserve Cylinders--Removal / Emptying.,MIS,25-Sep-2006,DGCA/New-Misc/99,,,0:00, ,"Oxygen Reserve Cylinders having P/N GLF(XXX)-(X),GLD(XXX)-(X), PC2300 and SLF300.(Further info Ref:EASA AD No.: 2006–0286R1).",Select,Edit,Delete,View
D,M099,35,EASA AD 2006-0286 R1,Oxygen-Oxygen Reserve Cylinders--Removal / Emptying.,MIS,25-Sep-2006,DGCA/New-Misc/99,,,0:00, ,"Oxygen Reserve Cylinders having P/N GLF(XXX)-(X),GLD(XXX)-(X), PC2300 and SLF300.(Further info Ref:EASA AD No.: 2006–0286R1).",Select,Edit,Delete,View
,M099,35,EASA AD 2006-0286R1,Oxygen-Oxygen Reserve Cylinders--Removal / Emptying.,MIS,25-Sep-2006,DGCA/New-Misc/99,,,0:00, ,"Oxygen Reserve Cylinders having P/N GLF(XXX)-(X),GLD(XXX)-(X), PC2300 and SLF300.(Further info Ref:EASA AD No.: 2006–0286R1)",Select,Edit,Delete,View
,M099,100,EASA AD 2006-0286R1,Oxygen-Oxygen reserve cyliders---Removal/Emptying.,MIS,15-Sep-2006,DGCA/New-Misc/99,,,0:00, ,"Oxygen Reserve Cylinders having P/N GLF(XXX)-(X),GLD(XXX)-(X), PC2300 and SLF300.(Further info Ref:EASA AD No.: 2006–0286R1)",Select,Edit,Delete,View
,M100,34,FAA AD 2009-08-01,"To prevent a shift in the FMS computed position, which could result in uncommanded deviations from the intended flight path of the airplane.",MIS,14-May-2009,DGCA/New-Misc/100 (1),,,0:00, ,All Honeywell NZ-2000 navigation computers and Honeywell IC-800 or IC-800E integrated avionics computers as installed on transport category airplanes.,Select,Edit,Delete,View
,M100,34,FAA AD 2009-08-01,"To prevent a shift in the FMS computed position, which could result in uncommanded deviations from the intended flight path of the airplane.",MIS,14-May-2009,DGCA/New-Misc/100 (R),,,0:00, ,"Honeywell NZ-2000 nav computers and Honeywell IC-800 or IC-800E integrated avionics computers as installed on transport category airplanes, certificated in any cat.",Select,Edit,Delete,View
,M100,34,FAA AD 2009-08-01,"To prevent a shift in the FMS computed position, which could result in uncommanded deviations from the intended flight path of the airplane.",MIS,14-May-2009,DGCA/New-Misc/100 R1,,,0:00, ,"Honeywell NZ-2000 nav computers and Honeywell IC-800 or IC-800E integrated avionics computers as installed on transport category airplanes, certificated in any cat.",Select,Edit,Delete,View
D,M101,34,FAA AD 2007-14-06,Air Transport Association of America (ATA) Code 34: Navigation.,MIS,16-Aug-2007,DGCA/New-Misc/101,,,0:00, ,"Honeywell CAS67A ACAS II systems installed,Had Supplemental Type Certificate No. SA1310 installed prior to January 31, 2005,certificated in any category",Select,Edit,Delete,View
D,M101,34,FAA AD 2007-14-06,Air Transport Association of America (ATA) Code 34: Navigation.,MIS,16-Aug-2007,DGCA/New-Misc/101,,,0:00, ,"Honeywell CAS67A ACAS II systems installed,Had Supplemental Type Certificate No. SA1310 installed prior to January 31, 2005,certificated in any category",Select,Edit,Delete,View
D,M101,34,FAA AD 2007-14-06,Air Transport Association of America (ATA) Code 34: Navigation.,MIS,16-Aug-2007,DGCA/New-Misc/101,,,0:00, ,"Honeywell CAS67A ACAS II systems installed,Had Supplemental Type Certificate No. SA1310 installed prior to January 31, 2005,certificated in any category",Select,Edit,Delete,View
,M101,34,FAA AD 2007-14-06,Air Transport Association of America (ATA) Code 34: Navigation.,MIS#,16-Aug-2007,DGCA/New-Misc/101,,,0:00, ,"Honeywell CAS67A ACAS II systems installed,Had Supplemental Type Certificate No. SA1310 installed prior to January 31, 2005,certificated in any category",Select,Edit,Delete,View
,M102,25,EASA AD 2007-0256,Equipment and Furnishing - Seat Restraint System Plastic Rotary Buckle Handle - Inspection/Replacement,MIS*,03-Oct-2007,DGCA/New-Misc/102,,,0:00, ,"All rotary buckles p/n’s 1111430-XX and 1111475-XX used on restraint sys p/n:2000029-01/03/101/121,2000067-01,2000115-101/121,but not limited to Euro a/c AS 350/355,EC120/130/155.",Select,Edit,Delete,View
,M102,25,EASA AD 2007-0256,Equipment and Furnishing - Seat Restraint System Plastic Rotary Buckle Handle - Inspection/Replacement,MIS#,03-Oct-2007,DGCA/New-Misc/102,,,0:00, ,"Pacific Scientific Company All rotary buckles p/n’s 1111430-XX and 1111475-XX used on restraint sys p/n:2000029-01/03/101/121,2000067-01,2000115-101/121,but not limited to Euro a/c AS 350/355,EC120/130/155.",Select,Edit,Delete,View
D,M103,34,DGCA let 9-414/96-AI(2),CVR-The bulk Erase facility should be deactivated by removing the relevant card from the CVR unit,MIS,24-Sep-1996,DGCA/New-Misc/103,,,0:00, ,"All turbine engine aeroplanes having maximum takeoff mass of 5,700 Kg or more, helicopter having maximum takeoff mass of 2,700 Kg or more equipped with CVR",Select,Edit,Delete,View
D,M103,34,DGCA let 9-414/96-AI(2),CVR-The bulk Erase facility should be deactivated by removing the relevant card from the CVR unit,MIS,24-Sep-1996,DGCA/New-Misc/103,,,0:00, ,"All turbine engine aeroplanes having maximum takeoff mass of 5,700 Kg or more, helicopter having maximum takeoff mass of 2,700 Kg or more equipped with CVR",Select,Edit,Delete,View
,M103,34,DGCA let 9-414/96-AI(2),CVR-The bulk Erase facility should be deactivated by removing the relevant card from the CVR unit,MIS#,24-Sep-1996,DGCA/New-Misc/103,,,0:00, ,"All turbine engine aeroplanes having maximum takeoff mass of 5,700 Kg or more, helicopter having maximum takeoff mass of 2,700 Kg or more equipped with CVR",Select,Edit,Delete,View
,M103,34,"DGCA let 9-414/96-AI(2), dT: 24-Sept-1996",CVR-The bulk Erase facility should be deactivated by removing the relevant card from the CVR unit,MIS,24-Sep-1996,DGCA/New-Misc/103,,,0:00, ,"All turbine engine aeroplanes having maximum takeoff mass of 5,700 Kg or more, helicopter having maximum takeoff mass of 2,700 Kg or more equipped with CVR.",Select,Edit,Delete,View
,M104,35,FAA AD 2007-26-11,Risk Of High Pressure Oxygen Cylinder Tearing.,MIS,28-Jan-2008,DGCA /New-Misc/104,,,0:00, ,"To Intertechnique (F5341),aluminum alloy AA5283, oxygen cylinders manufactured by Societe Metallurgique de Gerzat SAS with GLD series, GLF series,PC2300 or SLF300 p/n.",Select,Edit,Delete,View
,M104,35,FAA AD 2007-26-11,Risk Of High Pressure Oxygen Cylinder Tearing.,MIS,28-Jan-2008,DGCA/New-Misc/104,,,0:00, ,"To Intertechnique (F5341),aluminum alloy AA5283, oxygen cylinders manufactured by Societe Metallurgique de Gerzat SAS with GLD series, GLF series,PC2300 or SLF300 p/n, installed in any a/c certificate",Select,Edit,Delete,View
,M105,52,FAA AD 2008-06-27,To prevent failure of an evacuation system.,MIS,24-Apr-2008,DGCA /New-Misc/105,,,0:00, ,"Goodrich evacuation systems approved under Technical Standard Orders (TSOs) TSO-C69,TSO-C69a, TSO-C69b,installed,certificated in any category, in table-1,-2,-3, of this AD.",Select,Edit,Delete,View
,M105,52,FAA AD 2008-06-27,To prevent failure of an evacuation system.,MIS,28-Apr-2008,DGCA /New-Misc/105,,,0:00, ,"Goodrich evacuation systems approved under Technical Standard Orders (TSOs) TSO-C69,TSO-C69a, TSO-C69b,installed,certificated in any category, in table-1,-2,-3, of this AD.",Select,Edit,Delete,View
,M105,52,FAA AD 2008-06-27,To prevent failure of an evacuation system.,MIS,28-Apr-2008,DGCA/New-Misc/105,,,0:00, ,"Goodrich evacuation systems approved under Technical Standard Orders (TSOs) TSO-C69,TSO-C69a, TSO-C69b,installed,certificated in any category, in table-1,-2,-3, of this AD.",Select,Edit,Delete,View
D,M106,34,EASA AD 2008-0159,Navigation Systems – Mode-S Transponder – Modification / Replacement,MIS,08-Sep-2008,DGCA/New-Misc/106,,,0:00, ,Honeywell MST-67A Mode-S Transponders P/N 066-1143-2001 s/n upto and including MST67A-F1450 and 066-01143-2101 s/n upto and including MST67A-G2850.,Select,Edit,Delete,View
D,M106,34,EASA AD 2008-0159,Navigation Systems – Mode-S Transponder – Modification / Replacement,MIS,08-Sep-2008,DGCA/New-Misc/106,,,0:00, ,Honeywell MST-67A Mode-S Transponders P/N 066-1143-2001 s/n upto and including MST67A-F1450 and 066-01143-2101 s/n upto and including MST67A-G2850.,Select,Edit,Delete,View
D,M106,34,EASA AD 2008-0159,Navigation Systems – Mode-S Transponder – Modification / Replacement,MIS,08-Sep-2008,DGCA/New-Misc/106,,,0:00, ,Honeywell MST-67A Mode-S Transponders P/N 066-1143-2001 s/n upto and including MST67A-F1450 and 066-01143-2101 s/n upto and including MST67A-G2850.,Select,Edit,Delete,View
,M106,34,EASA AD 2008-0159,Navigation Systems – Mode-S Transponder – Modification / Replacement,MIS#,08-Sep-2008,DGCA/New-Misc/106,,,0:00, ,Honeywell MST-67A Mode-S Transponders P/N 066-1143-2001 s/n upto and including MST67A-F1450 and 066-01143-2101 s/n upto and including MST67A-G2850.,Select,Edit,Delete,View
D,M107,21,EASA AD 2006-0140 R4,Air Conditioning - Zonal Drying System Deactivation,MIS,10-Jun-2009,DGCA/New-Misc/107 R4,,,0:00, ,"CTT Systems AB Zonal Drying System P/N 1000-001, 2000-000, 2000-005, 2001-001, 2001-006, 3000-000 Rev.A, 3000-001, 3000-002 Rev.A and 3000-002 Rev.D, known to be installed on Airbus, Boeing, Bombardie",Select,Edit,Delete,View
D,M107,21,EASA AD 2006-0140 R4,Air Conditioning - Zonal Drying System Deactivation,MIS,10-Jun-2009,DGCA/New-Misc/107 R4,,,0:00, ,"CTT Systems AB Zonal Drying System P/N 1000-001, 2000-000, 2000-005, 2001-001, 2001-006, 3000-000 Rev.A, 3000-001, 3000-002 Rev.A and 3000-002 Rev.D, known to be installed on Airbus, Boeing, Bombardie",Select,Edit,Delete,View
D,M107,21,EASA AD 2006-0140 R4,Air Conditioning - Zonal Drying System Deactivation,MIS,17-Apr-2009,DGCA/New-Misc/107 R4,,,0:00, ,"CTT Systems AB Zonal Drying System P/N 1000-001, 2000-000, 2000-005, 2001-001, 2001-006, 3000-000 Rev.A, 3000-001, 3000-002 Rev.A and 3000-002 Rev.D, known to be installed on Airbus, Boeing, Bombardie",Select,Edit,Delete,View
D,M107,21,EASA AD 2006-0140 R4,Air Conditioning - Zonal Drying System Deactivation,MIS,17-Apr-2009,DGCA/New-Misc/107 R4,,,0:00, ,"CTT Systems AB Zonal Drying System P/N 1000-001, 2000-000, 2000-005, 2001-001, 2001-006, 3000-000 Rev.A, 3000-001, 3000-002 Rev.A and 3000-002 Rev.D.",Select,Edit,Delete,View
D,M108,100,EASA AD 2008-22-01,"To prevent the potential of ignition sources inside fuel tanks, which, in combination with flammable fuel vapors, could result in fuel tank explosions and consequent loss of the airplane.",MIS,26-Nov-2008,DGCA/New Misc/108,,,0:00, ,Transport Category Airplanes equipped with auxiliary fuel tanks installed iaw specified STC (Boeing Model).,Select,Edit,Delete,View
D,M108,100,EASA AD 2008-22-01,"To prevent the potential of ignition sources inside fuel tanks, which, in combination with flammable fuel vapors, could result in fuel tank explosions and consequent loss of the airplane.",MIS,26-Nov-2008,DGCA/New Misc/108,,,0:00, ,Transport Category Airplanes equipped with auxiliary fuel tanks installed iaw specified STC (Boeing Model).,Select,Edit,Delete,View
D,M108,100,EASA AD 2008-22-01,"To prevent the potential of ignition sources inside fuel tanks, which, in combination with flammable fuel vapors, could result in fuel tank explosions and consequent loss of the airplane.",MIS,26-Nov-2008,DGCA/New Misc/108,,,0:00, ,Transport Category Airplanes equipped with auxiliary fuel tanks installed iaw specified STC (Boeing Model).,Select,Edit,Delete,View
D,M108,100,EASA AD 2008-22-01,"To prevent the potential of ignition sources inside fuel tanks, which, in combination with flammable fuel vapors, could result in fuel tank explosions and consequent loss of the airplane.",MIS,26-Nov-2008,DGCA/New Misc/108,,,0:00, ,Transport Category Airplanes equipped with auxiliary fuel tanks installed iaw specified STC (Boeing Model).,Select,Edit,Delete,View
D,M109,49,FAA AD 2003-15-07,"To Prevent APU Compartment Fires and Fuel Vapour, Explosion",MIS,03-Sep-2003,DGCA/New-Misc/109,,,0:00, ,Honeywell International Inc. model RE220 (RJ) APUs P/N WE3800770-2.,Select,Edit,Delete,View
D,M109,49,FAA AD 2003-15-07,"To Prevent APU Compartment Fires and Fuel Vapour, Explosion",MIS,03-Sep-2003,DGCA/New-Misc/109,,,0:00, ,Honeywell International Inc. model RE220 (RJ) APUs P/N WE3800770-2.,Select,Edit,Delete,View
D,M109,49,FAA AD 2003-15-07,"To Prevent APU Compartment Fires and Fuel Vapour, Explosion",MIS,03-Sep-2003,DGCA/New-Misc/109,,,0:00, ,Honeywell International Inc. model RE220 (RJ) APUs P/N WE3800770-2.,Select,Edit,Delete,View
D,M109,49,FAA AD 2003-15-07,"To Prevent APU Compartment Fires and Fuel Vapour, Explosion",MIS,03-Sep-2003,DGCA/New-Misc/109,,,0:00, ,Honeywell International Inc. model RE220 (RJ) APUs P/N WE3800770-2.,Select,Edit,Delete,View
,M110,72,FAA AD 2009-05-05,"To prevent certain conditions from existing when PFDs display incorrect attitude, altitude and airspeed information",MIS,03-Apr-2009,DGCA/New-Misc/110,,,0:00, ,"Avidyne Corporation (Avidyne) Primary Flight Displays (PFDs), P/N 700-00006-000, 700-00006-001, 700-00006-002, 700-00006-003 & 700-00006-100 with any serial number listed.",Select,Edit,Delete,View
D,M110,100,FAA AD 2009-05-05,"To prevent certain conditions from existing when PFDs display incorrect attitude,altitude information",MIS,03-Apr-2009,DGCA/New-Misc/110,,,0:00, ,"Avidyne Corporation (Avidyne) Primary Flight Displays (PFDs),P/N 700-00006-000,700-00006-001,700-00006-002,700-00006-003,& 700-00006-100 with any serial number listed.",Select,Edit,Delete,View
D,M110,100,FAA AD 2009-05-05,"To prevent certain conditions from existing when PFDs display incorrect attitude,altitude information",MIS,03-Apr-2009,DGCA/New-Misc/110,,,0:00, ,"Applies to Avidyne Corporation (Avidyne) Primary Flight Displays (PFDs),P/N 700-00006-000,700-00006-001,700-00006-002,700-00006-003,& 700-00006-100 with any serial number listed.",Select,Edit,Delete,View
D,M110,100,FAA AD 2009-05-05,"To prevent certain conditions from existing when PFDs display incorrect attitude,altitude information",MIS,03-Apr-2009,DGCA/New-Misc/110,,,0:00, ,"Avidyne Corporation (Avidyne) Primary Flight Displays (PFDs),P/N 700-00006-000,700-00006-001,700-00006-002,700-00006-003,& 700-00006-100 with any serial number listed.",Select,Edit,Delete,View
D,M111,23,EASA AD 2006-0334R1,Communications - Thales Communications VHF Data Radio - Modification,MIS,19-Mar-2009,DGCA/New Misc/111,,,0:00, ,"Thales VHF Data Radio, P/N: EVR716-11-0300A, EVR716-11-0350A, EVR716-01-0100A, EVR716-01-0200A, EVR750-03-0100A known to be installed on but not limited to Bombardier, Airbus and Boeing aircraft.",Select,Edit,Delete,View
D,M111,23,EASA AD 2006-0334R1,Communications - Thales Communications VHF Data Radio - Modification,MIS,19-Mar-2009,DGCA/New Misc/111,,,0:00, ,"Thales VHF Data Radio,P/N: EVR716-11-0300A, EVR716-11-0350A EVR716-01-0100A, EVR716-01-0200A EVR750-03-0100A known to be installed on but not limited to Bombardier, Airbus and Boeing aircraft.",Select,Edit,Delete,View
D,M111,23,EASA AD 2006-0334R1,Communications - Thales Communications VHF Data Radio - Modification,MIS,19-Mar-2009,DGCA/New Misc/111,,,0:00, ,"Thales VHF Data Radio,P/N: EVR716-11-0300A, EVR716-11-0350A EVR716-01-0100A, EVR716-01-0200A EVR750-03-0100A known to be installed on but not limited to Bombardier, Airbus and Boeing aircraft.",Select,Edit,Delete,View
D,M111,23,EASA AD 2006-0334R1,Communications - Thales Communications VHF Data Radio - Modification,MIS,19-Mar-2009,DGCA/New Misc/111,,,0:00, ,"Thales VHF Data Radio,P/N: EVR716-11-0300A, EVR716-11-0350A EVR716-01-0100A, EVR716-01-0200A EVR750-03-0100A known to be installed on but not limited to Bombardier, Airbus and Boeing aircraft.",Select,Edit,Delete,View
,M112,34,EASA AD 2010-0067,Navigation–Mode 'S' Transponder –Check/ Modification,MIS,11-May-2010,DGCA/New-Misc/112 R1,,,0:00, ,"Rockwell Collins Mode S Transponders identified by type TDR-94, TDR-94D and P/N (all s/n) as in AD, installed on ATR 42, ATR 72, Bombardier, Falcon, Hawker Beechcraft 200 & 400 series.",Select,Edit,Delete,View
D,M112,34,EASA AD 2010-0067,Navigation–Mode S Transponder –Check / Modification,MIS,11-May-2010,DGCA/New Misc/112 Rev.1,,,0:00, ,"Rockwell Collins Mode S Transponders identified by type TDR-94, TDR-94D and P/N (all s/n) as in AD, installed on ATR 42, ATR 72, Bombardier, Falcon, Hawker Beechcraft 200 & 400 series.",Select,Edit,Delete,View
D,M112,34,EASA AD 2010-0067,Navigation–Mode S Transponder –Check / Modification,MIS,11-May-2010,DGCA/New Misc/112 Rev.1,,,0:00, ,"Rockwell Collins Mode S Transponders identified by type TDR-94, TDR-94D and P/N (all s/n) as in AD, installed on ATR 42, ATR 72, Bombardier, Falcon, Hawker Beechcraft 200 & 400 series.",Select,Edit,Delete,View
,M113,4,FAR Part 121.311,Implementation of Federal Avaition administration(FAA) Rules regarding Crashworthiness standard for passenger operations,MIS,23-Sep-2009,DGCA/New-Misc/113 R1,,,0:00, ,Transport Category Airplanes,Select,Edit,Delete,View
,M113,4,FAR Part 121.311,Implementation of Federal Avaition administration(FAA) Rules regarding Crashworthiness standard for passenger operations,MIS,25-Aug-2009,DGCA/New-Misc/113 R1,,,0:00, ,Transport Category Airplanes,Select,Edit,Delete,View
,M113,25,FAR PART 121.311,Implementation of Federal Aviation Administration (FAA) Regarding crashworthiness Standard for Passenger Operations,MIS,23-Jul-2009,DGCA/New Misc/113 Rev.1,,,0:00, ,Transport Category Airplanes,Select,Edit,Delete,View
,M114,25,FAA AD 2010-03-02,Equipment / Furnishings – D-Lok Hook of the Rescue Hoist – Inspection / Removal from Service / Replacement,MIS,11-Feb-2010,DGCA/New Misc/114 Rev.1,,,0:00, ,"Applies to all helicopters, which have a rescue hoist assembly installed that contains a Lifesaving Systems Corp. D-Lok Hook assembly,P/N 410-A or 410-F,lot number 208 or 1108.",Select,Edit,Delete,View
,M114,25,FAA AD 2010-03-02,"To prevent failure of a hook during rescue hoist operations, loss of the rescued passenger, and subsequent serious injury or fatality.",MIS,11-Feb-2010,DGCA/New-Misc/114 Rev.1,,,0:00, ,"All helicopters, which have a rescue hoist assy installed that contains a Lifesaving Systems Corp. D-Lok Hook assembly, P/N 410-A or 410-F, lot number 208 or 1108.",Select,Edit,Delete,View
,M115,34,EASA AD 2009-0173,Navigation – Mode S Transponder – Modification / Replacement,MIS,25-Aug-2009,DGCA/New Misc/115 R1,,,0:00, ,"Rockwell Collins Mode S Transponders identified by type and Part Number (P/N) as follows: TDR-94 P/N 622-9352-007, 622-9352-008 and 622-9352-108 TDR-94D P/N 622-9210-007, 622-9210-008 and 622-921",Select,Edit,Delete,View
,M115,34,EASA AD 2009-0173,Navigation – Mode S Transponder Modification/ Replacement,MIS,30-Jun-2009,DGCA/New-Misc/115,,,0:00, ,"Rockwell Collins Mode S Transponders identified by type TDR-94: P/N (all s/n): 622-9352-007/-008/-108, type TDR-94D:P/N (all s/n):622-9210-007/-008/-108.",Select,Edit,Delete,View
,M115,34,EASA AD 2009-0173 R1,Navigation – Mode S Transponder – Modification / Replacement,MIS,14-Oct-2010,DGCA/New-Misc/115 R1,,,0:00, ,"Rockwell Collins Mode S Transponders identified by type TDR-94/TDR-94D and P/N as listed in AD, when installed in an aeroplane operating in European Designated Mode S Airspace and equipped with Honeywell AZ800 or AZ810 (all part numbers) air data computers (ADC).",Select,Edit,Delete,View
,M115,34,EASA AD 2009-0173 R1,Navigation – Mode S Transponder – Modification / Replacement,MIS,30-Sep-2010,DGCA/New Misc/115 R1,,,0:00, ,"Rockwell Collins Mode S Transponders identified by type and P/N as follows: TDR-94 622-9352-007, 622-9352-008 and 622-9352-108. TDR-94D 622-9210-007,622-9210-008 and 622-9210-108 when installed in an aeroplane operating in European Designated Mode S Airspace and equipped with Honeywell AZ800 or AZ810 (all part numbers) air data computers (ADC).",Select,Edit,Delete,View
,M116,34,EASA AD 2009-0200,Navigation - Mode A/C Transponder - Check/ Modification,MIS,22-Sep-2009,DGCA/New-Misc/116,,,0:00, ,"Narco Avionics Inc. AT-150 Mode A/C transponder, all Part Number, all serial numbers known to be installed on, but not limited to aircraft certified under CS23/ by EU member states prior to 28-09-03.",Select,Edit,Delete,View
D,M116,34,EASA AD 2009-0200,Navigation - Mode A/C Transponder - Check/ Replacement,MIS,22-Sep-2009,DGCA/New Misc/116,,,0:00, ,"Narco Avionics Inc. AT-150 Mode A/C transponder, all Part Number, all serial numbers known to be installed on, but not limited to aircraft certified under CS23/ by EU member states prior to 28-09-03.",Select,Edit,Delete,View
D,M116,34,EASA AD 2009-0200,Navigation - Mode A/C Transponder - Check/ Replacement,MIS,22-Sep-2009,DGCA/New Misc/116,,,0:00, ,"Narco Avionics Inc. AT-150 Mode A/C transponder, all P/N, all S/N known to be installed on, but not limited to aircraft certified under CS23/ by EU member states prior to 28-09-03.",Select,Edit,Delete,View
D,M116,34,EASA AD 2009-0200,Navigation - Mode A/C Transponder - Check/ Replacement,MIS,22-Sep-2009,DGCA/New Misc/116,,,0:00, ,"Narco Avionics Inc. AT-150 Mode A/C transponder, all P/N, all S/N known to be installed on, but not limited to aircraft certified under CS23/ by EU member states prior to 28-09-03.",Select,Edit,Delete,View
,M116,34,EASA AD 2009-0200,Navigation - Mode A/C Transponder - Check/ Replacement,MIS,26-Jun-2009,DGCA/New Misc/116,,,0:00, ,"Narco Avionics Inc. AT-150 Mode A/C transponder, all Part Number, all serial numbers known to be installed on, but not limited to aircraft certified under CS23/ by EU member states prior to 28-09-03.",Select,Edit,Delete,View
,M117,26,FAA AD 2010-01-03,Air Transport Association (ATA) of America Code 26: Fire Protection.,MIS,01-Jan-2010,DGCA/New-Misc/117 Rev.1,,,0:00, ,"Portable Halon 1211 (BCF) fire extinguishers manufactured by Fire Fighting Enterprises Limited. These fire extinguishers may be installed on (or carried or stowed on board) various transport airplanes, small airplanes, and rotorcraft, certificated in any category.",Select,Edit,Delete,View
D,M117,26,FAA AD 2010-01-03,Air Transport Association (ATA) of America Code 26: Fire Protection.,MIS,20-Jan-2010,DGCA/New-Misc/117 Rev.1,,,0:00, ,"Portable Halon 1211 (BCF) fire extinguishers manufactured by Fire Fighting Enterprises Limited. These fire extinguishers may be installed on (or carried or stowed on board) various transport airplanes, small airplanes, and rotorcraft, certificated in any category.",Select,Edit,Delete,View
D,M117,26,FAA AD 2010-01-03,Air Transport Association (ATA) of America Code 26: Fire Protection.,MIS,20-Jan-2010,DGCA/New-Misc/117 Rev.1,,,0:00, ,"Portable Halon 1211 (BCF) fire extinguishers manufactured by Fire Fighting Enterprises Limited. These fire extinguishers may be installed on (or carried or stowed on board) various transport airplanes, small airplanes, and rotorcraft, certificated in any category.",Select,Edit,Delete,View
,M117,26,FAA AD 2010-01-03,"Fire Fighting Enterprises Limited Portable Halon 1211 Fire Extinguishers as Installed on Various Transport Airplanes, Small Airplanes, and Rotorcraft",MIS,20-Jan-2010,DGCA/New-Misc/117 Rev.1,,,0:00, ,"Portable Halon 1211 (BCF) fire extinguishers manufactured by Fire Fighting Enterprises Limited. These fire extinguishers may be installed on (or carried or stowed on board) various transport airplanes, small airplanes, and rotorcraft, certificated in any category.",Select,Edit,Delete,View
,M118,35,FAA AD 2009-21-10 R1,"To Prevent An Oxgen Cylinder from Rupturing, Which Depending on the Location Could REsult in Structural Damage & Rapid Decompression Of the Airplane",MIS,04-Feb-2010,DGCA/New Misc/118 Rev.1,,,0:00, ,"AVOX Systems and B/E Aerospace oxygen cylinder assemblies, approved under United States Department of Transportation Regulations for Type 3HT cylinders, identified in Table 1 of this AD.",Select,Edit,Delete,View
,M118,35,FAA AD 2009-21-10 R1,"To prevent an oxygen cylinder from rupturing, which, depending on the location, could result in structural damage and rapid decompression of the airplane",MIS,04-Feb-2010,DGCA/New-Misc/118 Rev.1,,,0:00, ,"Oxygen cylinder assemblies, approved under United States Department of Transportation Regulations for Type 3HT cylinders, identified in Table 1 of this AD. These oxygen cylinder assemblies may be installed on various transport airplanes, certificated in anycategory.",Select,Edit,Delete,View
,M118,35,FAA AD 2009-21-10 R1,"To prevent an oxygen cylinder from rupturing, which, depending on the location, could result in structural damage and rapid decompression of the airplane.",MIS,09-Mar-2010,DGCA/New-Misc/118 Rev.1,,,0:00, ,"Oxygen cylinder assemblies, approved under United States Department of Transportation Regulations for Type 3HT cylinders, identified in Table 1 of this AD. These oxygen cylinder assemblies may be installed on various transport airplanes, certificated in any category.",Select,Edit,Delete,View
,M119,26,EASA AD 2009-0262 R1,Fire Protection – Halon 1211 Fire Extinguishers – Identification / Replacement,MIS,09-Mar-2010,DGCA/New-Misc/119 Rev.1,,,0:00, ,"Halon 1211 (BCF) fire extinguishers, manufactured by Fire Fighting Enterprises Limited, identified by P/N and S/N in Fire Fighting Enterprises Ltd (FFE) ASB 26-115.",Select,Edit,Delete,View
D,M119,26,EASA AD 2009-0262 R1,Fire Protection – Halon 1211 Fire Extinguishers – Identification / Replacement,MIS,10-Feb-2010,DGCA/New-Misc/119 Rev.1,,,0:00, ,"Halon 1211 (BCF) fire extinguishers, manufactured by Fire Fighting Enterprises Limited, identified by P/N and S/N in Fire Fighting Enterprises Ltd (FFE) ASB 26-115.",Select,Edit,Delete,View
D,M119,26,EASA AD 2009-0262 R1,Fire Protection – Halon 1211 Fire Extinguishers – Identification / Replacement,MIS,10-Feb-2010,DGCA/New-Misc/119 Rev.1,,,0:00, ,"Halon 1211 (BCF) fire extinguishers manufactured by Fire Fighting Enterprises Limited, identified by P/N and S/N in Fire Fighting Enterprises Ltd (FFE) ASB 26-115.",Select,Edit,Delete,View
D,M119,26,EASA AD 2009-0262 R1,Fire Protection – Halon 1211 Fire Extinguishers – Identification / Replacement,MIS,10-Feb-2010,DGCA/New-Misc/119 Rev.1,,,0:00, ,"Halon 1211 (BCF) fire extinguishers manufactured by Fire Fighting Enterprises Limited, identified by P/N and S/N in Fire Fighting Enterprises Ltd (FFE) ASB 26-115.",Select,Edit,Delete,View
D,M120,26,EASA AD 2009-0278,Fire Protection – Portable Halon 1211 Fire Extinguishers – Identification / Replacement,MIS,05-Jan-2010,DGCA/New-Misc/120,,,0:00, ,"Type H1-10 AIR Halon 1211 (BCF) portable fire extinguishers manufactured by SICLI, P/N 1708337B4, S/Nas listed in Appendix I of this AD.",Select,Edit,Delete,View
D,M120,26,EASA AD 2009-0278,Fire Protection – Portable Halon 1211 Fire Extinguishers – Identification / Replacement,MIS,05-Jan-2010,DGCA/New-Misc/120,,,0:00, ,"Type H1-10 AIR Halon 1211 (BCF) portable fire extinguishers manufactured by SICLI, P/N 1708337B4, S/N as listed in Appendix I of AD.",Select,Edit,Delete,View
D,M120,26,EASA AD 2009-0278,Fire Protection – Portable Halon 1211 Fire Extinguishers – Identification / Replacement,MIS,05-Jan-2010,DGCA/New-Misc/120,,,0:00, ,"Type H1-10 AIR Halon 1211 (BCF) portable fire extinguishers manufactured by SICLI, P/N 1708337B4, S/Nas listed in Appendix I of this AD.",Select,Edit,Delete,View
,M120,26,EASA AD 2009-0278,Fire Protection – Portable Halon 1211 Fire Extinguishers –Identification / Replacement,MIS,05-Jan-2010,DGCA/New-Misc/120,,,0:00, ,"Type H1-10 AIR Halon 1211 (BCF) portable fire extinguishers manufactured by SICLI, P/N 1708337B4, S/N as listed in Appendix I of this AD.",Select,Edit,Delete,View
D,M121,23,TC AD CF-2009-44,Emergency Locator Transmitter – Potential Failure To Transmit The Required 406MHz Coded Signal,MIS,17-Feb-2010,DGCA/New-Misc/121,,,0:00, ,Honeywell ASCa. Inc Emergency Locator Transmitter (ELT) Model RESCU 406S with P/N and S/N as listed in AD.,Select,Edit,Delete,View
D,M121,23,TC AD CF-2009-44,Emergency Locator Transmitter – Potential Failure To Transmit The Required 406MHz Coded Signal,MIS,17-Feb-2010,DGCA/New-Misc/121,,,0:00, ,Honeywell ASCa. Inc Emergency Locator Transmitter (ELT) Model RESCU 406S with P/N and S/N as listed in AD.,Select,Edit,Delete,View
D,M121,23,TC AD CF-2009-44,Emergency Locator Transmitter – Potential Failure To Transmit The Required 406MHz Coded Signal,MIS,17-Feb-2010,DGCA/New-Misc/121,,,0:00, ,Honeywell ASCa. Inc Emergency Locator Transmitter (ELT) Model RESCU 406S with P/N and S/N as listed in AD.,Select,Edit,Delete,View
D,M121,23,TC AD CF-2009-44,Emergency Locator Transmitter – Potential Failure To Transmit The Required 406MHz Coded Signal,MIS,17-Feb-2010,DGCA/New-Misc/121,,,0:00, ,Honeywell ASCa. Inc Emergency Locator Transmitter (ELT) Model RESCU 406S with P/N and S/N as listed in AD.,Select,Edit,Delete,View
,M122,34,EASA AD 2010-0003 R1,Navigation – Mode S Transponder Aircraft Type Mode Strapping – Check / Modification,MIS,18-Feb-2010,DGCA/New Misc/122,,,0:00, ,"Rockwell Collins Mode S Transponders identified by type & P/N as follows. TDR-94:622-9352-008, 622-9352-108, 622-9352-308 & 622-9352-408. TDR-94D:622-9210-008, 622-9210-108, 622-9210-308 & 622-9210-408.",Select,Edit,Delete,View
,M122,34,EASA AD 2010-0003 R2,Navigation – Mode S Transponder Aircraft Type Mode Strapping – Check / Modification,MIS,14-Oct-2014,DGCA/New Misc/122 R1,,,0:00, ,"Rockwell Collins Mode S Transponders identified by type & (P/N) as follows: TDR-94:-622-9352-008, 622-9352-108, 622-9352-308 & 622-9352-408. TDR-94D:622-9210-008, 622-9210-108, 622-9210-308 & 622-9210-408.",Select,Edit,Delete,View
,M122,34,EASA AD 2010-0003R1,Navigation – Mode S Transponder Aircraft Type Mode Strapping – Check / Modification,MIS,18-Feb-2010,DGCA/new Misc Mod/122,,,0:00, ,"Rockwell Collins Mode S Transponders identified by type & (P/N) as follows: TDR-94:-622-9352-008,622-9352-108, 622-9352-308 & 622-9352-408. TDR-94D:-622-9210-008,622-9210-108,622-9210-308 & 622-9210-408.",Select,Edit,Delete,View
D,M123,72,FAA AD 2010-07-08,"To prevent separation or seizure of the turbocharger turbine, which could result in full or partial engine power loss, loss of engine oil, and smoke in the airplane cabin.",MIS,19-Apr-2010,DGCA/New Misc/123,,,0:00, ,"Kelly Aerospace Energy Systems, LLC (KAES) rebuilt turbochargers listed by part number (P/N) in the Table 1 of this AD. The affected S/Ns are listed in Table III of Kelly Aerospace Energy Systems, LLC SB No. 039 A, dated Feb 10, 2010.",Select,Edit,Delete,View
D,M123,72,FAA AD 2010-07-08,"To prevent separation or seizure of the turbocharger turbine, which could result in full or partial engine power loss, loss of engine oil, and smoke in the airplane cabin.",MIS,19-Apr-2010,DGCA/New Misc/123,,,0:00, ,"Kelly Aerospace Energy Systems, LLC (KAES) rebuilt turbochargers listed by part number (P/N) in the Table 1 of this AD. The affected S/Ns are listed in Table III of Kelly Aerospace Energy Systems, LLC SB No. 039 A, dated Feb 10, 2010.",Select,Edit,Delete,View
D,M123,72,FAA AD 2010-07-08,"To prevent separation or seizure of the turbocharger turbine, which could result in full or partial engine power loss, loss of engine oil, and smoke in the airplane cabin.",MIS,19-Apr-2010,DGCA/New Misc/123,,,0:00, ,"Kelly Aerospace Energy Systems, LLC (KAES) rebuilt turbochargers listed by part number (P/N) in the Table 1 of this AD. The affected S/Ns are listed in Table III of Kelly Aerospace Energy Systems, LLC SB No. 039 A, dated Feb 10, 2010.",Select,Edit,Delete,View
D,M123,72,FAA AD 2010-07-08,"To prevent separation or seizure of the turbocharger turbine, which could result in full or partial engine power loss, loss of engine oil, and smoke in the airplane cabin.",MIS,19-Apr-2010,DGCA/New Misc/123,,,0:00, ,"Kelly Aerospace Energy Systems, LLC (KAES) rebuilt turbochargers listed by P/N in the Table 1 of AD. The affected S/Ns are listed in Table III of Kelly Aerospace Energy Systems, LLC SB No. 039 A, dated Feb 10, 2010.",Select,Edit,Delete,View
,M124,35,FAA AD 2010-11-05,Oxygen Cylinder - Inspection/ Replacement - To prevent an oxygen cylinder from rupturing,MIS,06-Jul-2010,DGCA/New-Misc/124,,,0:00, ,"Oxygen cylinders with a capacity of 114/115 cubic feet, approved under United States Department of Transportation Regulations for Type 3HT cylinders, identified in Table 1 of this AD.",Select,Edit,Delete,View
,M124,35,FAA AD 2010-11-05,"Oxygen Cylinder - Inspection/ Replacement - To Prevent Oxygen Cylinder From Rupturing,",MIS,12-Jul-2010,DGCA/New Misc/124,,,0:00, ,"Oxygen cylinders with a capacity of 114/115 cubic feet, approved under United States Department of Transportation Regulations for Type 3HT cylinders, identified in Table 1 of this AD. The affected oxygen cylinders may be installed as a component of, but not limited to, the AVOX Systems Inc. and B/E Aerospace cylinder assemblies listed in Table 2 of this AD.",Select,Edit,Delete,View
,M124,35,FAA AD 2010-11-05,Oxygen Cylinders - Inspection/ Replacement - To prevent an oxygen cylinder from rupturing,MIS,06-Jul-2010,DGCA/New Misc/124,,,0:00, ,"Oxygen cylinders with a capacity of 114/115 cubic feet, approved under United States Department of Transportation Regulations for Type 3HT cylinders, identified in Table 1 of this AD. The affected oxygen cylinders may be installed as a component of, but not limited to, the AVOX Systems Inc. and B/E Aerospace cylinder assemblies listed in Table 2 of this AD.",Select,Edit,Delete,View
,M125,61,FAA AD 2010-13-10,"To Prevent Loss Of Propeller Pitch Control, Damage To The Engine Which Could Prevent Continued Safe Flight Or Safe Landing.",MIS,05-Aug-2010,DGCA/New Misc/125,,,0:00, ,"Ontic Engineering and Manufacturing, Inc. propeller governors, Part Numbers C210766, T210761,D210760 and J210761 as listed bby serial numbers of Ontic Engineering MSB No. SB-DES-353, Rev.A.",Select,Edit,Delete,View
,M125,61,FAA AD 2010-13-10,"To Prevent Loss Of propeller Pitch Control, Damage to the Propeller Governor and Internal Damage to the Engine which could prevent Continued Safe Flight or Safe Landing.",MIS,05-Aug-2010,DGCA/NEW-MISC/125,,,0:00, ,"Ontic Engineering and Manufacturing, Inc. Propeller governors, part numbers (P/Ns) C210776, T210761, D210760, and J210761, as listed by serial number of Ontic Engineering and Manufacturing, Inc.MSB No. SB-DES-353,Rev A.",Select,Edit,Delete,View
D,M125,61,FAA AD 2010-13-10,"To prevent loss of propeller pitch control, damage to the propeller governor, and internal damage to the engine, which could prevent continued safe flight or safe landing.",MIS,05-Aug-2010,DGCA/New Misc/125,,,0:00, ,"Ontic Engineering and Manufacturing, Inc. propeller governors, part numbers (P/Ns) C210776, T210761, D210760, and J210761, as listed by serial number on pages 3 and 4 of Ontic Engineering and Manufacturing SB-DES-353, Rev. A.",Select,Edit,Delete,View
D,M125,61,FAA AD 2010-13-10,"To prevent loss of propeller pitch control, damage to the propeller governor, and internal damage to the engine, which could prevent continued safe flight or safe landing.",MIS,05-Aug-2010,DGCA/New Misc/125,,,0:00, ,"Ontic Engineering and Manufacturing, Inc. propeller governors, part numbers (P/Ns) C210776, T210761, D210760, and J210761, as listed by serial number on pages 3 and 4 of Ontic Engineering and Manufacturing SB-DES-353, Rev. A.",Select,Edit,Delete,View
D,M126,23,EASA AD 2010-0186,Communication – Very High Frequency (VHF/AM) Transceiver – Modification,MIS,22-Sep-2010,DGCA/New Misc/126,,,0:00, ,"Dittel FSG 2T VHF/AM Airband Transceivers, P/N F10350, serial numbers (s/n) 35(X)-05100 through 35(X)-06462 inclusive, except units marked with Mod-Index: SB 1.06, and s/n 353-05172, 353-5189, 355-05557, 355-05696 and 356-05828.",Select,Edit,Delete,View
D,M126,23,EASA AD 2010-0186,Communication – Very High Frequency (VHF/AM) Transceiver – Modification,MIS,22-Sep-2010,DGCA/New Misc/126,,,0:00, ,"Dittel Messtechnik GmbH, FSG 2T VHF/AM Airband Transceivers, Part Number (P/N) F10350, serial numbers (s/n) 35(X)-05100 through 35(X)-06462 inclusive, except units marked with Mod-Index: SB 1.06, and s/n 353-05172, 353-05189, 355-05557, 355-05696 and 356-05828.",Select,Edit,Delete,View
D,M126,23,EASA AD 2010-0186,Communication – Very High Frequency (VHF/AM) Transceiver – Modification,MIS,22-Sep-2010,DGCA/New Misc/126,,,0:00, ,"Dittel Messtechnik GmbH, FSG 2T VHF/AM Airband Transceivers, Part Number (P/N) F10350, serial numbers (s/n) 35(X)-05100 through 35(X)-06462 inclusive, except units marked with Mod-Index: SB 1.06, and s/n 353-05172, 353-05189, 355-05557, 355-05696 and 356-05828.",Select,Edit,Delete,View
D,M126,23,EASA AD 2010-0186,Communication – Very High Frequency (VHF/AM) Transceiver – Modification,MIS,22-Sep-2010,DGCA/New Misc/126,,,0:00, ,"Dittel FSG 2T VHF/AM Airband Transceivers, P/N F10350, serial numbers (s/n) 35(X)-05100 through 35(X)-06462 inclusive, except units marked with Mod-Index: SB 1.06, and s/n 353-05172, 353-5189, 355-05557, 355-05696 and 356-05828.",Select,Edit,Delete,View
,M127,34,EASA AD 2010-0204,Navigation Systems – Mode-S Transponder – Modification / Replacement,MIS,20-Oct-2010,DGCA/New Misc/127 R1,,,0:00, ,"Rockwell Collins Mode S Transponders identified by type TDR-94/ TDR-94D and P/N (all serial numbers) when installed in combination with certain Rockwell Collins Air Data Computers (ADC) as specified below, and the Rockwell Collins Commercial Standard Digital Bus (CSDB) databus is being used to transfer altitude information between the ADC and the transponder(s).",Select,Edit,Delete,View
D,M127,34,EASA AD 2010-0204 [Correction: 07 June 2011],Navigation Systems – Mode-S Transponder – Modification / Replacement,MIS,20-Oct-2010,DGCA/New Misc/127 R1,,,0:00, ,"Rockwell Collins Mode S Transponders identified by type TDR-94/TDR-94D and Part Number (P/N) as listed in AD, when installed in combination with certain Rockwell Collins ADC as specified in AD, and the Rockwell Collins CSDB databus is being used to transfer altitude information between the ADC and the transponder(s).",Select,Edit,Delete,View
D,M127,34,EASA AD 2010-0204 [Correction: 07 June 2011],Navigation Systems – Mode-S Transponder – Modification / Replacement,MIS,20-Oct-2010,DGCA/New Misc/127 R1,,,0:00, ,"Rockwell Collins Mode S Transponders identified by type TDR-94/TDR-94D and Part Number (P/N) as listed in AD, when installed in combination with certain Rockwell Collins ADC as specified in AD, and the Rockwell Collins CSDB databus is being used to transfer altitude information between the ADC and the transponder(s).",Select,Edit,Delete,View
,M127,34,EASA AD 2010-0204(Correction:07-06-2011),Navigation Systems – Mode-S Transponder – Modification / Replacement,MIS,20-Oct-2010,DGCA/New Misc/127 R1,,,0:00, ,"Rockwell Collins Mode S Transponders identified by type TDR-94/TDR-94D and Part Number (P/N) as listed in AD, when installed in combination with certain Rockwell Collins ADC as listed in AD, and the Rockwell Collins CSDB databus is being used to transfer altitude information between the ADC and the transponder(s).",Select,Edit,Delete,View
D,M128,27,EASA AD 2010-0233,Flight Controls – Turnbuckles – Inspection,MIS,10-Dec-2010,DGCA/New Misc/128,,,0:00, ,"CAP10B and CAP10B with Major Change 000302 (commercial name CAP10C), all serial numbers.",Select,Edit,Delete,View
D,M128,27,EASA AD 2010-0233,Flight Controls – Turnbuckles – Inspection,MIS,10-Dec-2010,DGCA/New Misc/128,,,0:00, ,"CAP10B and CAP10B with Major Change 000302 (commercial name CAP10C), all serial numbers.",Select,Edit,Delete,View
D,M128,27,EASA AD 2010-0233,Flight Controls – Turnbuckles – Inspection,MIS,10-Dec-2010,DGCA/New Misc/128,,,0:00, ,"CAP10B and CAP10B with Major Change 000302 (commercial name CAP10C), all serial numbers.",Select,Edit,Delete,View
D,M128,27,EASA AD 2010-0233,Flight Controls – Turnbuckles – Inspection,MIS,10-Dec-2010,DGCA/New Misc/128,,,0:00, ,"CAP10B and CAP10B with Major Change 000302 (commercial name CAP10C), all serial numbers.",Select,Edit,Delete,View
D,M128,27,EASA AD 2010-0233,Flight Controls – Turnbuckles – Inspection,MIS,10-Dec-2010,DGCA/New Misc/128,,,0:00, ,"CAP10B and CAP10B with Major Change 000302 (commercial name CAP10C), all serial numbers.",Select,Edit,Delete,View
D,M128,27,EASA AD 2010-0233,Flight Controls – Turnbuckles – Inspection,MIS,10-Dec-2010,DGCA/New Misc/128,,,0:00, ,"CAP10B and CAP10B with Major Change 000302 (commercial name CAP10C), all serial numbers.",Select,Edit,Delete,View
D,M128,27,EASA AD 2010-0233,Flight Controls – Turnbuckles – Inspection,MIS,10-Dec-2010,DGCA/New Misc/128,,,0:00, ,"CAP10B and CAP10B with Major Change 000302 (commercial name CAP10C), all serial numbers.",Select,Edit,Delete,View
D,M128,27,EASA AD 2010-0233,Flight Controls – Turnbuckles – Inspection,MIS,10-Dec-2010,DGCA/New Misc/128,,,0:00, ,"CAP10B and CAP10B with Major Change 000302 (commercial name CAP10C), all serial numbers.",Select,Edit,Delete,View
D,M128,27,EASA AD 2010-0233,Flight Controls – Turnbuckles – Inspection,MIS,10-Dec-2010,DGCA/New Misc/128,,,0:00, ,"CAP10B and CAP10B with Major Change 000302 (commercial name CAP10C), all serial numbers.",Select,Edit,Delete,View
D,M128,27,EASA AD 2010-0233,Flight Controls – Turnbuckles – Inspection,MIS,10-Dec-2010,DGCA/New Misc/128,,,0:00, ,"CAP10B and CAP10B with Major Change 000302 (commercial name CAP10C) manufactured by CAARP, Avions Mudry et Cie, Apex Industries, all serial numbers.",Select,Edit,Delete,View
D,M128,27,EASA AD 2010-0233,Flight Controls – Turnbuckles – Inspection,MIS,10-Dec-2010,DGCA/New Misc/128,,,0:00, ,"CAP10B and CAP10B with One Time Major Change 000302 (commercial name CAP10C), all serial numbers.",Select,Edit,Delete,View
D,M129,35,FAA AD 2011-01-09,Air Transport Association (ATA) of America Code 35: Oxygen.,MIS,09-Feb-2011,DGCA/New Misc/129,,,0:00, ,"B/E Aerospace protective breathing equipment (PBE) units having P/N 119003-11. These PBE units may be installed on (or carried or stowed on board), but not limited to, various transport category airplanes, certificated in any category, identified in but not limited to the airplanes as specified in Table 1 of this AD.",Select,Edit,Delete,View
D,M129,35,FAA AD 2011-01-09,Air Transport Association (ATA) of America Code 35: Oxygen.,MIS,09-Feb-2011,DGCA/New Misc/129,,,0:00, ,"B/E Aerospace protective breathing equipment (PBE) units having P/N 119003-11. These PBE units may be installed on (or carried or stowed on board), but not limited to, various transport category airplanes, certificated in any category, identified in but not limited to the airplanes as specified in Table 1 of this AD.",Select,Edit,Delete,View
D,M129,35,FAA AD 2011-01-09,Air Transport Association (ATA) of America Code 35: Oxygen.,MIS,09-Feb-2011,DGCA/New Misc/129,,,0:00, ,"B/E Aerospace protective breathing equipment (PBE) units having P/N 119003-11. These PBE units may be installed on (or carried or stowed on board), but not limited to, various transport category airplanes, certificated in any category, identified in but not limited to the airplanes as specified in Table 1 of this AD.",Select,Edit,Delete,View
D,M129,35,FAA AD 2011-01-09,Air Transport Association (ATA) of America Code 35: Oxygen.,MIS,09-Feb-2011,DGCA/New Misc/129,,,0:00, ,"B/E Aerospace protective breathing equipment (PBE) units having part number (P/N) 119003-11. These PBE units may be installed on (or carried or stowed on board), but not limited to, various transport category airplanes, certificated in any category, identified in but not limited to as specified in Table 1 of AD.",Select,Edit,Delete,View
D,M130,35,FAA AD 2012-11-09,"Air Transport Association (ATA) of America Code 35, Oxygen.",MIS,26-Jul-2012,DGCA/New Misc/130R2,,,0:00, ,"Transport category airplanes, in passenger-carrying operations, that are equipped with any chemical oxygen generator installed in any lavatory.",Select,Edit,Delete,View
D,M130,35,FAA AD 2012-11-09,"Air Transport Association (ATA) of America Code 35, Oxygen.",MIS,26-Jul-2012,DGCA/New Misc/130R2,,,0:00, ,"Transport category airplanes, in passenger-carrying operations, that are equipped with any chemical oxygen generator installed in any lavatory.",Select,Edit,Delete,View
D,M130,35,FAA AD 2012-11-09,"Air Transport Association (ATA) of America Code 35, Oxygen.",MIS,26-Jul-2012,DGCA/New Misc/130R2,,,0:00, ,"Transport category airplanes, in passenger-carrying operations, that are equipped with any chemical oxygen generator installed in any lavatory.",Select,Edit,Delete,View
,M130,35,FAA AD 2012-11-09 R1,"Air Transport Association (ATA) of America Code 35, Oxygen.",MIS,26-Jul-2012,DGCA/New Misc/130 R3,,,0:00, ,"Transport category airplanes, in passenger-carrying operations, that are equipped with any chemical oxygen generator installed in any lavatory.",Select,Edit,Delete,View
,M130,35,FAA AD 2012-11-09 R1,"ATA 35, Oxygen, To eliminate a hazard that could jeopardize flight safety and to ensure that all lavatories have a supplemental oxygen supply",MIS,18-Aug-2015,DGCA/New Misc/130 R3,,,0:00, ,"Transport category airplanes, in passenger-carrying operations, that are equipped with any chemical oxygen generator installed in any lavatory.",Select,Edit,Delete,View
D,M131,34,EASA AD 2011-0043,Navigation Systems – Mode-S Transponder Control Panels – Modification,MIS,30-Mar-2011,DGCA/New Misc/131,,,0:00, ,"Airbus, BAE Systems, Boeing, Fokker, Lockheed, McDonnell Douglas, Sabreliner Corporation models, all serial numbers, if equipped with Gables Engineering type G7490, G7492 or G7493 series ATC/TCAS Control Panels.",Select,Edit,Delete,View
D,M131,34,EASA AD 2011-0043,Navigation Systems – Mode-S Transponder Control Panels – Modification,MIS,30-Mar-2011,DGCA/New Misc/131,,,0:00, ,"Airbus, BAE Systems, Boeing, Fokker, Lockheed, McDonnell Douglas, Sabreliner Corporation models, all serial numbers, if equipped with Gables Engineering type G7490, G7492 or G7493 series ATC/TCAS Control Panels.",Select,Edit,Delete,View
D,M131,34,EASA AD 2011-0043,Navigation Systems – Mode-S Transponder Control Panels – Modification,MIS,30-Mar-2011,DGCA/New Misc/131,,,0:00, ,"Airbus, BAE Systems, Boeing, Fokker, Lockheed, McDonnell Douglas, Sabreliner Corporation models, all serial numbers, if equipped with Gables Engineering type G7490, G7492 or G7493 series ATC/TCAS Control Panels.",Select,Edit,Delete,View
D,M131,34,EASA AD 2011-0043,Navigation Systems – Mode-S Transponder Control Panels – Modification,MIS,30-Mar-2011,DGCA/New Misc/131,,,0:00, ,"Airbus, BAE Systems, Boeing, Fokker, Lockheed, McDonnell Douglas, Sabreliner Corporation models, all serial numbers, if equipped with Gables Engineering type G7490, G7492 or G7493 series ATC/TCAS Control Panels.",Select,Edit,Delete,View
D,M131,34,EASA AD 2011-0043,Navigation Systems – Mode-S Transponder Control Panels – Modification,MIS,30-Mar-2011,DGCA/New Misc/131,,,0:00, ,"Airbus, BAE Systems, Boeing, Fokker, Lockheed, McDonnell Douglas, Sabreliner Corporation models, all serial numbers, if equipped with Gables Engineering type G7490, G7492 or G7493 series ATC/TCAS Control Panels.",Select,Edit,Delete,View
D,M131,34,EASA AD 2011-0043,Navigation Systems – Mode-S Transponder Control Panels – Modification,MIS,30-Mar-2011,DGCA/New Misc/131,,,0:00, ,"Airbus, BAE Systems, Boeing, Fokker, Lockheed, McDonnell Douglas, Sabreliner Corporation models, all serial numbers, if equipped with Gables Engineering type G7490, G7492 or G7493 series ATC/TCAS Control Panels.",Select,Edit,Delete,View
D,M131,34,EASA AD 2011-0043,Navigation Systems – Mode-S Transponder Control Panels – Modification,MIS,30-Mar-2011,DGCA/New Misc/131,,,0:00, ,"Airbus, BAE Systems, Boeing, Fokker, Lockheed, McDonnell Douglas, Sabreliner Corporation models, all serial numbers, if equipped with Gables Engineering type G7490, G7492 or G7493 series ATC/TCAS Control Panels.",Select,Edit,Delete,View
D,M131,34,EASA AD 2011-0043,Navigation Systems – Mode-S Transponder Control Panels – Modification,MIS,30-Mar-2011,DGCA/New Misc/131,,,0:00, ,"Airbus, BAE Systems, Boeing, Fokker, Lockheed, McDonnell Douglas, Sabreliner Corporation models, all serial numbers, if equipped with Gables Engineering type G7490, G7492 or G7493 series ATC/TCAS Control Panels.",Select,Edit,Delete,View
D,M131,34,EASA AD 2011-0043,Navigation Systems – Mode-S Transponder Control Panels – Modification,MIS,30-Mar-2011,DGCA/New Misc/131,,,0:00, ,"Airbus, BAE Systems, Boeing, Fokker, Lockheed, McDonnell Douglas, Sabreliner Corporation models, all serial numbers, if equipped with Gables Engineering type G7490, G7492 or G7493 series ATC/TCAS Control Panels.",Select,Edit,Delete,View
D,M131,34,EASA AD 2011-0043,Navigation Systems – Mode-S Transponder Control Panels – Modification,MIS,30-Mar-2011,DGCA/New Misc/131,,,0:00, ,"Airbus, BAE Systems, Boeing, Fokker, Lockheed, McDonnell Douglas, Sabreliner Corporation models, all serial numbers, if equipped with Gables Engineering type G7490, G7492 or G7493 series ATC/TCAS Control Panels.",Select,Edit,Delete,View
D,M131,34,EASA AD 2011-0043,Navigation Systems – Mode-S Transponder Control Panels – Modification,MIS,30-Mar-2011,DGCA/New Misc/131,,,0:00, ,"Airbus, BAE Systems, Boeing, Fokker, Lockheed, McDonnell Douglas, Sabreliner Corporation models, all serial numbers, if equipped with Gables Engineering type G7490, G7492 or G7493 series ATC/TCAS Control Panels.",Select,Edit,Delete,View
D,M131,34,EASA AD 2011-0043,Navigation Systems – Mode-S Transponder Control Panels – Modification,MIS,30-Mar-2011,DGCA/New Misc/131,,,0:00, ,"Airbus, BAE Systems, Boeing, Fokker, Lockheed, McDonnell Douglas, Sabreliner Corporation models, all serial numbers, if equipped with Gables Engineering type G7490, G7492 or G7493 series ATC/TCAS Control Panels.",Select,Edit,Delete,View
D,M131,34,EASA AD 2011-0043,Navigation Systems – Mode-S Transponder Control Panels – Modification,MIS,30-Mar-2011,DGCA/New Misc/131,,,0:00, ,"Airbus, BAE Systems, Boeing, Fokker, Lockheed, McDonnell Douglas, Sabreliner Corporation models, all serial numbers, if equipped with Gables Engineering type G7490, G7492 or G7493 series ATC/TCAS Control Panels.",Select,Edit,Delete,View
D,M131,34,EASA AD 2011-0043,Navigation Systems – Mode-S Transponder Control Panels – Modification,MIS,30-Mar-2011,DGCA/New Misc/131,,,0:00, ,"Airbus, BAE Systems, Boeing, Fokker, Lockheed, McDonnell Douglas, Sabreliner Corporation models, all serial numbers, if equipped with Gables Engineering type G7490, G7492 or G7493 series ATC/TCAS Control Panels.",Select,Edit,Delete,View
D,M131,34,EASA AD 2011-0043,Navigation Systems – Mode-S Transponder Control Panels – Modification,MIS,30-Mar-2011,DGCA/New Misc/131,,,0:00, ,"Airbus, BAE Systems, Boeing, Fokker, Lockheed, McDonnell Douglas, Sabreliner Corporation models, all serial numbers, if equipped with Gables Engineering type G7490, G7492 or G7493 series ATC/TCAS Control Panels.",Select,Edit,Delete,View
D,M131,34,EASA AD 2011-0043,Navigation Systems – Mode-S Transponder Control Panels – Modification,MIS,30-Mar-2011,DGCA/New Misc/131,,,0:00, ,"Airbus, BAE Systems, Boeing, Fokker, Lockheed, McDonnell Douglas, Sabreliner Corporation models, all serial numbers, if equipped with Gables Engineering type G7490, G7492 or G7493 series ATC/TCAS Control Panels.",Select,Edit,Delete,View
D,M131,34,EASA AD 2011-0043,Navigation Systems – Mode-S Transponder Control Panels – Modification,MIS,30-Mar-2011,DGCA/New Misc/131,,,0:00, ,"Airbus, BAE Systems, Boeing, Fokker, Lockheed, McDonnell Douglas, Sabreliner Corporation models, all serial numbers, if equipped with Gables Engineering type G7490, G7492 or G7493 series ATC/TCAS Control Panels.",Select,Edit,Delete,View
,M132,35,EASA AD 2011-0090R1,Oxygen – Oxygen Mask Regulator Inflatable Harness – Identification / Replacement,MIS,13-Jul-2011,DGCA/New Misc/132 R1,,,0:00, ,"Flight Crew Oxygen Masks Regulators, Manufactured by Intertechnique (part of Zodiac Aerospace), EROS, all Part Number (P/N) MA10, MC10, MC20, MF10, MF20, MLC20, MLD20, MRA005, MRA022 and MRA023 series. Note: The affected batches were installed on harnesses manufactured between Dec 2008 and Aug 2010.",Select,Edit,Delete,View
,M132,35,EASA AD 2011-0090R1,Oxygen – Oxygen Mask Regulator Inflatable Harness – Identification / Replacement,MIS,18-Aug-2011,DGCA/New Misc/132 R1,,,0:00, ,"Flight Crew Oxygen Masks Regulators, Manufactured by Intertechnique (part of Zodiac Aerospace), EROS, all Part Number (P/N) MA10, MC10, MC20, MF10, MF20, MLC20, MLD20, MRA005, MRA022 and MRA023 series. Note: The affected batches were installed on harnesses manufactured between Dec 2008 and Aug 2010.",Select,Edit,Delete,View
,M132,35,EASA AD 2011-0090R1,Oxygen – Oxygen Mask Regulator Inflatable Harness – Identification / Replacement,MIS,18-Jun-2011,DGCA/New Misc/132 R1,,,0:00, ,"Flight Crew Oxygen Masks Regulators, Manufactured by Intertechnique (part of Zodiac Aerospace), EROS, all Part Number (P/N) MA10, MC10, MC20, MF10, MF20, MLC20, MLD20, MRA005, MRA022 and MRA023 series. Note: The affected batches were installed on harnesses manufactured between Dec 2008 and Aug 2010.",Select,Edit,Delete,View
,M132,35,EASA AD 2011-0090R1,Oxygen – Oxygen Mask Regulator Inflatable Harness – Identification / Replacement,MIS,27-Jul-2011,DGCA/New Misc/132,,,0:00, ,"Flight Crew Oxygen Masks Regulators, Manufactured by Intertechnique (part of Zodiac Aerospace), EROS, all Part Number (P/N) MA10, MC10, MC20, MF10, MF20, MLC20, MLD20, MRA005, MRA022 and MRA023 series. Note: The affected batches were installed on harnesses manufactured between Dec 2008 and Aug 2010.",Select,Edit,Delete,View
D,M132,35,EASA AD 2011-0090R1,Oxygen – Oxygen Mask Regulator Inflatable Harness – Identification / Replacement,MIS,27-Jul-2011,DGCA/New Misc/132 R1,,,0:00, ,"Flight Crew Oxygen Masks Regulators, Manufactured by Intertechnique (part of Zodiac Aerospace), EROS, all Part Number (P/N) MA10, MC10, MC20, MF10, MF20, MLC20, MLD20, MRA005, MRA022 and MRA023 series. Note: The affected batches were installed on harnesses manufactured between Dec 2008 and Aug 2010.",Select,Edit,Delete,View
D,M132,35,EASA AD 2011-0090R1,Oxygen – Oxygen Mask Regulator Inflatable Harness – Identification / Replacement,MIS,27-Jul-2011,DGCA/New Misc/132 R1,,,0:00, ,"Flight Crew Oxygen Masks Regulators, Manufactured by Intertechnique (part of Zodiac Aerospace), EROS, all Part Number (P/N) MA10, MC10, MC20, MF10, MF20, MLC20, MLD20, MRA005, MRA022 and MRA023 series. Note: The affected batches were installed on harnesses manufactured between Dec 2008 and Aug 2010.",Select,Edit,Delete,View
D,M132,35,EASA AD 2011-0090R1,Oxygen – Oxygen Mask Regulator Inflatable Harness – Identification / Replacement,MIS,27-Jul-2011,DGCA/New Misc/132 R1,,,0:00, ,"Flight Crew Oxygen Masks Regulators, Manufactured by Intertechnique (part of Zodiac Aerospace), EROS, all Part Number (P/N) MA10, MC10, MC20, MF10, MF20, MLC20, MLD20, MRA005, MRA022 and MRA023 series. Note: The affected batches were installed on harnesses manufactured between Dec 2008 and Aug 2010.",Select,Edit,Delete,View
D,M132,35,EASA AD 2011-0090R1,Oxygen – Oxygen Mask Regulator Inflatable Harness – Identification / Replacement,MIS,27-Jul-2011,DGCA/New Misc/132 R1,,,0:00, ,"Flight Crew Oxygen Masks Regulators, Manufactured by Intertechnique (part of Zodiac Aerospace), EROS, all Part Number (P/N) MA10, MC10, MC20, MF10, MF20, MLC20, MLD20, MRA005, MRA022 and MRA023 series. Note: The affected batches were installed on harnesses manufactured between Dec 2008 and Aug 2010.",Select,Edit,Delete,View
D,M132,35,EASA AD 2011-0090R1,Oxygen – Oxygen Mask Regulator Inflatable Harness – Identification / Replacement,MIS,27-Jul-2011,DGCA/New Misc/132 R1,,,0:00, ,"Flight Crew Oxygen Masks Regulators, Manufactured by Intertechnique (part of Zodiac Aerospace), EROS, all Part Number (P/N) MA10, MC10, MC20, MF10, MF20, MLC20, MLD20, MRA005, MRA022 and MRA023 series. Note: The affected batches were installed on harnesses manufactured between Dec 2008 and Aug 2010.",Select,Edit,Delete,View
D,M132,35,EASA AD 2011-0090R1,Oxygen – Oxygen Mask Regulator Inflatable Harness – Identification / Replacement,MIS,27-Jul-2011,DGCA/New Misc/132 R1,,,0:00, ,"Flight Crew Oxygen Masks Regulators, Manufactured by Intertechnique (part of Zodiac Aerospace), EROS, all Part Number (P/N) MA10, MC10, MC20, MF10, MF20, MLC20, MLD20, MRA005, MRA022 and MRA023 series. Note: The affected batches were installed on harnesses manufactured between Dec 2008 and Aug 2010.",Select,Edit,Delete,View
D,M132,35,EASA AD 2011-0090R1,Oxygen – Oxygen Mask Regulator Inflatable Harness – Identification / Replacement,MIS,27-Jul-2011,DGCA/New Misc/132 R1,,,0:00, ,"Flight Crew Oxygen Masks Regulators, Manufactured by Intertechnique (part of Zodiac Aerospace), EROS, all Part Number (P/N) MA10, MC10, MC20, MF10, MF20, MLC20, MLD20, MRA005, MRA022 and MRA023 series. Note: The affected batches were installed on harnesses manufactured between Dec 2008 and Aug 2010.",Select,Edit,Delete,View
D,M132,35,EASA AD 2011-0090R1,Oxygen – Oxygen Mask Regulator Inflatable Harness – Identification / Replacement,MIS,27-Jul-2011,DGCA/New Misc/132 R1,,,0:00, ,"Flight Crew Oxygen Masks Regulators, Manufactured by Intertechnique (part of Zodiac Aerospace), EROS, all Part Number (P/N) MA10, MC10, MC20, MF10, MF20, MLC20, MLD20, MRA005, MRA022 and MRA023 series. Note: The affected batches were installed on harnesses manufactured between Dec 2008 and Aug 2010.",Select,Edit,Delete,View
,M132,35,EASA AD 2011-0090R1,Oxygen – Oxygen Mask Regulator Inflatable Harness – Identification / Replacement,MIS,27-Jul-2011,DGCA/New Misc/132 Rev 1,,,0:00, ,"Flight Crew Oxygen Masks Regulators, Manufactured by Intertechnique (part of Zodiac Aerospace), EROS, all Part Number (P/N) MA10, MC10, MC20, MF10, MF20, MLC20, MLD20, MRA005, MRA022 and MRA023 series. Note: The affected batches were installed on harnesses manufactured between Dec 2008 and Aug 2010.",Select,Edit,Delete,View
D,M132,35,EASA AD 2011-0090R1,Oxygen – Oxygen Mask Regulator Inflatable Harness – Identification / Replacement,MIS,27-Jul-2011,DGCA/New Misc/132R1,,,0:00, ,"Flight Crew Oxygen Masks Regulators, Manufactured by Intertechnique (part of Zodiac Aerospace), EROS, all Part Number (P/N) MA10, MC10, MC20, MF10, MF20, MLC20, MLD20, MRA005, MRA022 and MRA023 series. Note: The affected batches were installed on harnesses manufactured between Dec 2008 and Aug 2010.",Select,Edit,Delete,View
D,M132,35,EASA AD 2011-0090R1,Oxygen – Oxygen Mask Regulator Inflatable Harness – Identification / Replacement,MIS,27-Jul-2011,DGCA/New Misc/132R1,,,0:00, ,"Flight Crew Oxygen Masks Regulators, Manufactured by Intertechnique (part of Zodiac Aerospace), EROS, all Part Number (P/N) MA10, MC10, MC20, MF10, MF20, MLC20, MLD20, MRA005, MRA022 and MRA023 series. Note: The affected batches were installed on harnesses manufactured between Dec 2008 and Aug 2010.",Select,Edit,Delete,View
D,M133,25,EASA AD 2011-0094,Equipment and Furnishing – Life Jacket Vacuum Bag – Modification,MIS,06-Jun-2011,DGCA/New Misc/133,,,0:00, ,"Life Jackets for Infant - Small Child, manufactured by Aerazur, Part Number (P/N) 216200-0, P/N 216203-0 and P/N 216204-0, having serial numbers (s/n) 28366 through 30739 inclusive.",Select,Edit,Delete,View
D,M133,25,EASA AD 2011-0094,Equipment and Furnishing – Life Jacket Vacuum Bag – Modification,MIS,06-Jun-2011,DGCA/New Misc/133,,,0:00, ,"Life Jackets for Infant - Small Child, manufactured by Aerazur, Part Number (P/N) 216200-0, P/N 216203-0 and P/N 216204-0, having serial numbers (s/n) 28366 through 30739 inclusive.",Select,Edit,Delete,View
D,M133,25,EASA AD 2011-0094,Equipment and Furnishing – Life Jacket Vacuum Bag – Modification,MIS,06-Jun-2011,DGCA/New Misc/133,,,0:00, ,"Life Jackets for Infant - Small Child, manufactured by Aerazur, Part Number (P/N) 216200-0, P/N 216203-0 and P/N 216204-0, having serial numbers (s/n) 28366 through 30739 inclusive.",Select,Edit,Delete,View
D,M133,25,EASA AD 2011-0094,Equipment and Furnishing – Life Jacket Vacuum Bag – Modification,MIS,06-Jun-2011,DGCA/New Misc/133,,,0:00, ,"Life Jackets for Infant - Small Child, manufactured by Aerazur, Part Number (P/N) 216200-0, P/N 216203-0 and P/N 216204-0, having serial numbers (s/n) 28366 through 30739 inclusive.",Select,Edit,Delete,View
D,M133,25,EASA AD 2011-0094,Equipment and Furnishing – Life Jacket Vacuum Bag – Modification,MIS,06-Jun-2011,DGCA/New Misc/133,,,0:00, ,"Life Jackets for Infant - Small Child, manufactured by Aerazur, Part Number (P/N) 216200-0, P/N 216203-0 and P/N 216204-0, having serial numbers (s/n) 28366 through 30739 inclusive.",Select,Edit,Delete,View
D,M133,25,EASA AD 2011-0094,Equipment and Furnishing – Life Jacket Vacuum Bag – Modification,MIS,06-Jun-2011,DGCA/New Misc/133,,,0:00, ,"Life Jackets for Infant - Small Child, manufactured by Aerazur, Part Number (P/N) 216200-0, P/N 216203-0 and P/N 216204-0, having serial numbers (s/n) 28366 through 30739 inclusive.",Select,Edit,Delete,View
D,M133,25,EASA AD 2011-0094,Equipment and Furnishing – Life Jacket Vacuum Bag – Modification,MIS,06-Jun-2011,DGCA/New Misc/133,,,0:00, ,"Life Jackets for Infant - Small Child, manufactured by Aerazur, Part Number (P/N) 216200-0, P/N 216203-0 and P/N 216204-0, having serial numbers (s/n) 28366 through 30739 inclusive.",Select,Edit,Delete,View
D,M133,25,EASA AD 2011-0094,Equipment and Furnishing – Life Jacket Vacuum Bag – Modification,MIS,06-Jun-2011,DGCA/New Misc/133,,,0:00, ,"Life Jackets for Infant - Small Child, manufactured by Aerazur, Part Number (P/N) 216200-0, P/N 216203-0 and P/N 216204-0, having serial numbers (s/n) 28366 through 30739 inclusive.",Select,Edit,Delete,View
D,M133,25,EASA AD 2011-0094,Equipment and Furnishing – Life Jacket Vacuum Bag – Modification,MIS,06-Jun-2011,DGCA/New Misc/133,,,0:00, ,"Life Jackets for Infant - Small Child, manufactured by Aerazur, Part Number (P/N) 216200-0, P/N 216203-0 and P/N 216204-0, having serial numbers (s/n) 28366 through 30739 inclusive.",Select,Edit,Delete,View
D,M133,25,EASA AD 2011-0094,Equipment and Furnishing – Life Jacket Vacuum Bag – Modification,MIS,06-Jun-2011,DGCA/New Misc/133,,,0:00, ,"Life Jackets for Infant - Small Child, manufactured by Aerazur, Part Number (P/N) 216200-0, P/N 216203-0 and P/N 216204-0, having serial numbers (s/n) 28366 through 30739 inclusive.",Select,Edit,Delete,View
D,M133,25,EASA AD 2011-0094,Equipment and Furnishing – Life Jacket Vacuum Bag – Modification,MIS,06-Jun-2011,DGCA/New Misc/133,,,0:00, ,"Life Jackets for Infant - Small Child, manufactured by Aerazur, Part Number (P/N) 216200-0, P/N 216203-0 and P/N 216204-0, having serial numbers (s/n) 28366 through 30739 inclusive.",Select,Edit,Delete,View
D,M133,25,EASA AD 2011-0094,Equipment and Furnishing – Life Jacket Vacuum Bag – Modification,MIS,06-Jun-2011,DGCA/New Misc/133,,,0:00, ,"Life Jackets for Infant - Small Child, manufactured by Aerazur, Part Number (P/N) 216200-0, P/N 216203-0 and P/N 216204-0, having serial numbers (s/n) 28366 through 30739 inclusive.",Select,Edit,Delete,View
D,M133,25,EASA AD 2011-0094,Equipment and Furnishing – Life Jacket Vacuum Bag – Modification,MIS,06-Jun-2011,DGCA/New Misc/133,,,0:00, ,"Life Jackets for Infant - Small Child, manufactured by Aerazur, Part Number (P/N) 216200-0, P/N 216203-0 and P/N 216204-0, having serial numbers (s/n) 28366 through 30739 inclusive.",Select,Edit,Delete,View
D,M133,25,EASA AD 2011-0094,Equipment and Furnishing – Life Jacket Vacuum Bag – Modification,MIS,06-Jun-2011,DGCA/New Misc/133,,,0:00, ,"Life Jackets for Infant - Small Child, manufactured by Aerazur, Part Number (P/N) 216200-0, P/N 216203-0 and P/N 216204-0, having serial numbers (s/n) 28366 through 30739 inclusive.",Select,Edit,Delete,View
D,M133,25,EASA AD 2011-0094,Equipment and Furnishing – Life Jacket Vacuum Bag – Modification,MIS,06-Jun-2011,DGCA/New Misc/133,,,0:00, ,"Life Jackets for Infant - Small Child, manufactured by Aerazur, Part Number (P/N) 216200-0, P/N 216203-0 and P/N 216204-0, having serial numbers (s/n) 28366 through 30739 inclusive.",Select,Edit,Delete,View
,M133,25,EASA AD 2011-0094,Equipment and Furnishing – Life Jacket Vacuum Bag – Modification,MIS,27-Jul-2011,DGCA/New Misc/133,,,0:00, ,"Life Jackets for Infant - Small Child, manufactured by Aerazur, Part Number (P/N) 216200-0, P/N 216203-0 and P/N 216204-0, having serial numbers (s/n) 28366 through 30739 inclusive.",Select,Edit,Delete,View
,M134,25,EASA AD 2011-0103,Equipment / Furnishings – Emergency Locator Transmitter (ELT) Antenna – Modification / Replacement,MIS,03-Jun-2011,DGCA/New Misc/134,,,0:00, ,"Tri-Band ELT antennas, Manuafctured by Chelton Limited (trading as Cobham Antenna Systems), Part Number (P/N) 21-41 ( ) series, all serial numbers (s/n) up to 12999 inclusive. Chelton P/N 21-41 ( ) series antennas installed in combination with the ELT Model ARTEX C406-N HM, P/N 453-5061/C406-N, P/N 453-5060 are not affected by this AD.",Select,Edit,Delete,View
D,M134,25,EASA AD 2011-0103,Equipment / Furnishings – Emergency Locator Transmitter (ELT) Antenna – Modification / Replacement,MIS*,03-Jun-2011,DGCA/New Misc/134,,,0:00, ,"Tri-Band ELT antennas, Manuafctured by Chelton Limited (trading as Cobham Antenna Systems), Part Number (P/N) 21-41 ( ) series, all serial numbers (s/n) up to 12999 inclusive. Chelton P/N 21-41 ( ) series antennas installed in combination with the ELT Model ARTEX C406-N HM, P/N 453 5061/C406-N, P/N 453-5060 are not affected by this AD.",Select,Edit,Delete,View
D,M134,25,EASA AD 2011-0103,Equipment / Furnishings – Emergency Locator Transmitter (ELT) Antenna – Modification / Replacement,MIS*,03-Jun-2011,DGCA/New Misc/134,,,0:00, ,"Tri-Band ELT antennas, Manuafctured by Chelton Limited (trading as Cobham Antenna Systems), Part Number (P/N) 21-41 ( ) series, all serial numbers (s/n) up to 12999 inclusive. Chelton P/N 21-41 ( ) series antennas installed in combination with the ELT Model ARTEX C406-N HM, P/N 453 5061/C406-N, P/N 453-5060 are not affected by this AD.",Select,Edit,Delete,View
D,M134,25,EASA AD 2011-0103,Equipment / Furnishings – Emergency Locator Transmitter (ELT) Antenna – Modification / Replacement,MIS*,03-Jun-2011,DGCA/New Misc/134,,,0:00, ,"Tri-Band ELT antennas, Manuafctured by Chelton Limited (trading as Cobham Antenna Systems), Part Number (P/N) 21-41 ( ) series, all serial numbers (s/n) up to 12999 inclusive. Chelton P/N 21-41 ( ) series antennas installed in combination with the ELT Model ARTEX C406-N HM, P/N 453-5061/C406-N, P/N 453-5060 are not affected by this AD.",Select,Edit,Delete,View
D,M134,25,EASA AD 2011-0103,Equipment / Furnishings – Emergency Locator Transmitter (ELT) Antenna – Modification / Replacement,MIS*,30-Jun-2011,DGCA/New Misc/134,,,0:00, ,"Tri-Band ELT antennas, Manuafctured by Chelton Limited (trading as Cobham Antenna Systems), Part Number (P/N) 21-41 ( ) series, all serial numbers (s/n) up to 12999 inclusive. Chelton P/N 21-41 ( ) series antennas installed in combination with the ELT Model ARTEX C406-N HM, P/N 453 5061/C406-N, P/N 453-5060 are not affected by this AD.",Select,Edit,Delete,View
D,M134,25,EASA AD 2011-0103,Equipment / Furnishings – Emergency Locator Transmitter (ELT) Antenna – Modification / Replacement,MIS*,30-Jun-2011,DGCA/New Misc/134,,,0:00, ,"Tri-Band ELT antennas, Manuafctured by Chelton Limited (trading as Cobham Antenna Systems), Part Number (P/N) 21-41 ( ) series, all serial numbers (s/n) up to 12999 inclusive. Chelton P/N 21-41 ( ) series antennas installed in combination with the ELT Model ARTEX C406-N HM, P/N 453 5061/C406-N, P/N 453-5060 are not affected by this AD.",Select,Edit,Delete,View
D,M134,25,EASA AD 2011-0103,Equipment / Furnishings – Emergency Locator Transmitter (ELT) Antenna – Modification / Replacement,MIS*,30-Jun-2011,DGCA/New Misc/134,,,0:00, ,"Tri-Band ELT antennas, Manuafctured by Chelton Limited (trading as Cobham Antenna Systems), Part Number (P/N) 21-41 ( ) series, all serial numbers (s/n) up to 12999 inclusive. Chelton P/N 21-41 ( ) series antennas installed in combination with the ELT Model ARTEX C406-N HM, P/N 453 5061/C406-N, P/N 453-5060 are not affected by this AD.",Select,Edit,Delete,View
D,M134,25,EASA AD 2011-0103,Equipment / Furnishings – Emergency Locator Transmitter (ELT) Antenna – Modification / Replacement,MIS*,30-Jun-2011,DGCA/New Misc/134,,,0:00, ,"Tri-Band ELT antennas, Manuafctured by Chelton Limited (trading as Cobham Antenna Systems), Part Number (P/N) 21-41 ( ) series, all serial numbers (s/n) up to 12999 inclusive. Chelton P/N 21-41 ( ) series antennas installed in combination with the ELT Model ARTEX C406-N HM, P/N 453-5061/C406-N, P/N 453-5060 are not affected by this AD.",Select,Edit,Delete,View
D,M134,25,EASA AD 2011-0103,Equipment / Furnishings – Emergency Locator Transmitter (ELT) Antenna – Modification / Replacement,MIS*,30-Jun-2011,DGCA/New Misc/134,,,0:00, ,"Tri-Band ELT antennas, Manuafctured by Chelton Limited (trading as Cobham Antenna Systems), Part Number (P/N) 21-41 ( ) series, all serial numbers (s/n) up to 12999 inclusive. Chelton P/N 21-41 ( ) series antennas installed in combination with the ELT Model ARTEX C406-N HM, P/N 453-5061/C406-N, P/N 453-5060 are not affected by this AD.",Select,Edit,Delete,View
D,M134,25,EASA AD 2011-0103,Equipment / Furnishings – Emergency Locator Transmitter (ELT) Antenna – Modification / Replacement,MIS*,30-Jun-2011,DGCA/New Misc/134,,,0:00, ,"Tri-Band ELT antennas, Manuafctured by Chelton Limited (trading as Cobham Antenna Systems), Part Number (P/N) 21-41 ( ) series, all serial numbers (s/n) up to 12999 inclusive. Chelton P/N 21-41 ( ) series antennas installed in combination with the ELT Model ARTEX C406-N HM, P/N 453-5061/C406-N, P/N 453-5060 are not affected by this AD.",Select,Edit,Delete,View
D,M134,25,EASA AD 2011-0103,Equipment / Furnishings – Emergency Locator Transmitter (ELT) Antenna – Modification / Replacement,MIS*,30-Jun-2011,DGCA/New Misc/134,,,0:00, ,"Tri-Band ELT antennas, Manuafctured by Chelton Limited (trading as Cobham Antenna Systems), Part Number (P/N) 21-41 ( ) series, all serial numbers (s/n) up to 12999 inclusive. Chelton P/N 21-41 ( ) series antennas installed in combination with the ELT Model ARTEX C406-N HM, P/N 453 5061/C406-N, P/N 453-5060 are not affected by this AD.",Select,Edit,Delete,View
D,M134,25,EASA AD 2011-0103,Equipment / Furnishings – Emergency Locator Transmitter (ELT) Antenna – Modification / Replacement,MIS*,30-Jun-2011,DGCA/New Misc/134,,,0:00, ,"Tri-Band ELT antennas, Manuafctured by Chelton Limited (trading as Cobham Antenna Systems), Part Number (P/N) 21-41 ( ) series, all serial numbers (s/n) up to 12999 inclusive. Chelton P/N 21-41 ( ) series antennas installed in combination with the ELT Model ARTEX C406-N HM, P/N 453 5061/C406-N, P/N 453-5060 are not affected by this AD.",Select,Edit,Delete,View
D,M135,25,EASA AD 2011-0098,Equipment & Furnishings – Passenger Seat – Replacement,MIS,01-Aug-2011,DGCA/New Misc/135,,,0:00, ,"Airbus, The Boeing Company (for DC-9, MD-11, MD-88 and MD-90 Series, formerly McDonnell Douglas Corporation), Fokker aeroplane types and models, all serial numbers, if equipped with any passenger seats manufactured by Koito Industries, including all seats modified by third party after the initial delivery.",Select,Edit,Delete,View
D,M135,25,EASA AD 2011-0098,Equipment & Furnishings – Passenger Seat – Replacement,MIS,01-Aug-2011,DGCA/New Misc/135,,,0:00, ,"Airbus, The Boeing Company (for DC-9, MD-11, MD-88 and MD-90 Series, formerly McDonnell Douglas Corporation), Fokker aeroplane types and models, all serial numbers, if equipped with any passenger seats manufactured by Koito Industries, including all seats modified by third party after the initial delivery.",Select,Edit,Delete,View
D,M135,25,EASA AD 2011-0098,Equipment & Furnishings – Passenger Seat – Replacement,MIS,01-Aug-2011,DGCA/New Misc/135,,,0:00, ,"Airbus, The Boeing Company (for DC-9, MD-11, MD-88 and MD-90 Series, formerly McDonnell Douglas Corporation), Fokker aeroplane types and models, all serial numbers, if equipped with any passenger seats manufactured by Koito Industries, including all seats modified by third party after the initial delivery.",Select,Edit,Delete,View
D,M135,25,EASA AD 2011-0098,Equipment & Furnishings – Passenger Seat – Replacement,MIS,01-Aug-2011,DGCA/New Misc/135,,,0:00, ,"Airbus, The Boeing Company (for DC-9, MD-11, MD-88 and MD-90 Series, formerly McDonnell Douglas Corporation), Fokker aeroplane types and models, all serial numbers, if equipped with any passenger seats manufactured by Koito Industries, including all seats modified by third party after the initial delivery.",Select,Edit,Delete,View
D,M135,25,EASA AD 2011-0098,Equipment & Furnishings – Passenger Seat – Replacement,MIS,01-Aug-2011,DGCA/New Misc/135,,,0:00, ,"Airbus, The Boeing Company (for DC-9, MD-11, MD-88 and MD-90 Series, formerly McDonnell Douglas Corporation), Fokker aeroplane types and models, all serial numbers, if equipped with any passenger seats manufactured by Koito Industries, including all seats modified by third party after the initial delivery.",Select,Edit,Delete,View
D,M135,25,EASA AD 2011-0098,Equipment & Furnishings – Passenger Seat – Replacement,MIS,01-Aug-2011,DGCA/New Misc/135,,,0:00, ,"Airbus, The Boeing Company (for DC-9, MD-11, MD-88 and MD-90 Series, formerly McDonnell Douglas Corporation), Fokker aeroplane types and models, all serial numbers, if equipped with any passenger seats manufactured by Koito Industries, including all seats modified by third party after the initial delivery.",Select,Edit,Delete,View
D,M135,25,EASA AD 2011-0098,Equipment & Furnishings – Passenger Seat – Replacement,MIS,01-Aug-2011,DGCA/New Misc/135,,,0:00, ,"Airbus, The Boeing Company (for DC-9, MD-11, MD-88 and MD-90 Series, formerly McDonnell Douglas Corporation), Fokker aeroplane types and models, all serial numbers, if equipped with any passenger seats manufactured by Koito Industries, including all seats modified by third party after the initial delivery.",Select,Edit,Delete,View
D,M135,25,EASA AD 2011-0098,Equipment & Furnishings – Passenger Seat – Replacement,MIS,01-Aug-2011,DGCA/New Misc/135,,,0:00, ,"Airbus, The Boeing Company (for DC-9, MD-11, MD-88 and MD-90 Series, formerly McDonnell Douglas Corporation), Fokker aeroplane types and models, all serial numbers, if equipped with any passenger seats manufactured by Koito Industries, including all seats modified by third party after the initial delivery.",Select,Edit,Delete,View
D,M135,25,EASA AD 2011-0098,Equipment & Furnishings – Passenger Seat – Replacement,MIS,01-Aug-2011,DGCA/New Misc/135,,,0:00, ,"Airbus, The Boeing Company (for DC-9, MD-11, MD-88 and MD-90 Series, formerly McDonnell Douglas Corporation), Fokker aeroplane types and models, all serial numbers, if equipped with any passenger seats manufactured by Koito Industries, including all seats modified by third party after the initial delivery.",Select,Edit,Delete,View
D,M135,25,EASA AD 2011-0098,Equipment & Furnishings – Passenger Seat – Replacement,MIS,01-Aug-2011,DGCA/New Misc/135,,,0:00, ,"Airbus, The Boeing Company (for DC-9, MD-11, MD-88 and MD-90 Series, formerly McDonnell Douglas Corporation), Fokker aeroplane types and models, all serial numbers, if equipped with any passenger seats manufactured by Koito Industries, including all seats modified by third party after the initial delivery.",Select,Edit,Delete,View
D,M135,25,EASA AD 2011-0098,Equipment & Furnishings – Passenger Seat – Replacement,MIS,01-Aug-2011,DGCA/New Misc/135,,,0:00, ,"Airbus, The Boeing Company (for DC-9, MD-11, MD-88 and MD-90 Series, formerly McDonnell Douglas Corporation), Fokker aeroplane types and models, all serial numbers, if equipped with any passenger seats manufactured by Koito Industries, including all seats modified by third party after the initial delivery.",Select,Edit,Delete,View
D,M135,25,EASA AD 2011-0098,Equipment & Furnishings – Passenger Seat – Replacement,MIS,01-Aug-2011,DGCA/New Misc/135,,,0:00, ,"Airbus, The Boeing Company (for DC-9, MD-11, MD-88 and MD-90 Series, formerly McDonnell Douglas Corporation), Fokker aeroplane types and models, all serial numbers, if equipped with any passenger seats manufactured by Koito Industries, including all seats modified by third party after the initial delivery.",Select,Edit,Delete,View
D,M135,25,EASA AD 2011-0098,Equipment & Furnishings – Passenger Seat – Replacement,MIS,01-Aug-2011,DGCA/New Misc/135,,,0:00, ,"Airbus, The Boeing Company (for DC-9, MD-11, MD-88 and MD-90 Series, formerly McDonnell Douglas Corporation), Fokker aeroplane types and models, all serial numbers, if equipped with any passenger seats manufactured by Koito Industries, including all seats modified by third party after the initial delivery.",Select,Edit,Delete,View
D,M135,25,EASA AD 2011-0098,Equipment & Furnishings – Passenger Seat – Replacement,MIS,01-Aug-2011,DGCA/New Misc/135,,,0:00, ,"Airbus, The Boeing Company (for DC-9, MD-11, MD-88 and MD-90 Series, formerly McDonnell Douglas Corporation), Fokker aeroplane types and models, all serial numbers, if equipped with any passenger seats manufactured by Koito Industries, including all seats modified by third party after the initial delivery.",Select,Edit,Delete,View
D,M135,25,EASA AD 2011-0098,Equipment & Furnishings – Passenger Seat – Replacement,MIS,01-Aug-2011,DGCA/New Misc/135,,,0:00, ,"Airbus, The Boeing Company (for DC-9, MD-11, MD-88 and MD-90 Series, formerly McDonnell Douglas Corporation), Fokker aeroplane types and models, all serial numbers, if equipped with any passenger seats manufactured by Koito Industries, including all seats modified by third party after the initial delivery.",Select,Edit,Delete,View
D,M135,25,EASA AD 2011-0098,Equipment & Furnishings – Passenger Seat – Replacement,MIS,01-Aug-2011,DGCA/New Misc/135,,,0:00, ,"Airbus, The Boeing Company (for DC-9, MD-11, MD-88 and MD-90 Series, formerly McDonnell Douglas Corporation), Fokker aeroplane types and models, all serial numbers, if equipped with any passenger seats manufactured by Koito Industries, including all seats modified by third party after the initial delivery.",Select,Edit,Delete,View
D,M135,25,EASA AD 2011-0098,Equipment & Furnishings – Passenger Seat – Replacement,MIS,01-Aug-2011,DGCA/New Misc/135,,,0:00, ,"Airbus, The Boeing Company (for DC-9, MD-11, MD-88 and MD-90 Series, formerly McDonnell Douglas Corporation), Fokker aeroplane types and models, all serial numbers, if equipped with any passenger seats manufactured by Koito Industries, including all seats modified by third party after the initial delivery.",Select,Edit,Delete,View
D,M136,26,FAA AD 2011-11-04,"The Joint Aircraft System/Component (JASC) Code is 2622: Fire Bottle, Portable.",MIS,17-Jun-2011,DGCA/New Misc/136,,,0:00, ,"Portable Halon 1211 fire extinguisher, part number 863520-00, with a serial number listed in Table 1 of this AD, installed on various model helicopters including Eurocopter France Model EC120B; AS350B, BA, B1, B2, B3, and D; AS355E, F, F1, N, and NP; and SA341G or 342J helicopters, certificated in any category.",Select,Edit,Delete,View
D,M136,26,FAA AD 2011-11-04,"The Joint Aircraft System/Component (JASC) Code is 2622: Fire Bottle, Portable.",MIS,17-Jun-2011,DGCA/New Misc/136,,,0:00, ,"Portable Halon 1211 fire extinguisher, part number 863520-00, with a serial number listed in Table 1 of this AD, installed on various model helicopters including Eurocopter France Model EC120B; AS350B, BA, B1, B2, B3, and D; AS355E, F, F1, N, and NP; and SA341G or 342J helicopters, certificated in any category.",Select,Edit,Delete,View
D,M136,26,FAA AD 2011-11-04,"The Joint Aircraft System/Component (JASC) Code is 2622: Fire Bottle, Portable.",MIS,17-Jun-2011,DGCA/New Misc/136,,,0:00, ,"L'Hotellier Portable Halon 1211 fire extinguisher, part number 863520-00, with a serial number listed in Table 1 of this AD, installed on various model helicopters including Eurocopter France Model EC120B; AS350B, BA, B1, B2, B3, and D; AS355E, F, F1, N, and NP; and SA341G or 342J helicopters, certificated in any category.",Select,Edit,Delete,View
D,M136,26,FAA AD 2011-11-04,"The Joint Aircraft System/Component (JASC) Code is 2622: Fire Bottle, Portable.",MIS,17-Jun-2011,DGCA/New Misc/136,,,0:00, ,"Portable Halon 1211 fire extinguisher, part number 863520-00, with a serial number listed in Table 1 of this AD, installed on various model helicopters including Eurocopter France Model EC120B; AS350B, BA, B1, B2, B3, and D; AS355E, F, F1, N, and NP; and SA341G or 342J helicopters, certificated in any category.",Select,Edit,Delete,View
D,M136,26,FAA AD 2011-11-04,"The Joint Aircraft System/Component (JASC) Code is 2622: Fire Bottle, Portable.",MIS,17-Jun-2011,DGCA/New Misc/136,,,0:00, ,"Portable Halon 1211 fire extinguisher, part number 863520-00, with a serial number listed in Table 1 of this AD, installed on various model helicopters including Eurocopter France Model EC120B; AS350B, BA, B1, B2, B3, and D; AS355E, F, F1, N, and NP; and SA341G or 342J helicopters, certificated in any category.",Select,Edit,Delete,View
D,M136,26,FAA AD 2011-11-04,"The Joint Aircraft System/Component (JASC) Code is 2622: Fire Bottle, Portable.",MIS,17-Jun-2011,DGCA/New Misc/136,,,0:00, ,"Portable Halon 1211 fire extinguisher, part number 863520-00, with a serial number listed in Table 1 of this AD, installed on various model helicopters including Eurocopter France Model EC120B; AS350B, BA, B1, B2, B3, and D; AS355E, F, F1, N, and NP; and SA341G or 342J helicopters, certificated in any category.",Select,Edit,Delete,View
D,M136,26,FAA AD 2011-11-04,"The Joint Aircraft System/Component (JASC) Code is 2622: Fire Bottle, Portable.",MIS,17-Jun-2011,DGCA/New Misc/136,,,0:00, ,"Portable Halon 1211 fire extinguisher, part number 863520-00, with a serial number listed in Table 1 of this AD, installed on various model helicopters including Eurocopter France Model EC120B; AS350B, BA, B1, B2, B3, and D; AS355E, F, F1, N, and NP; and SA341G or 342J helicopters, certificated in any category.",Select,Edit,Delete,View
D,M136,26,FAA AD 2011-11-04,"The Joint Aircraft System/Component (JASC) Code is 2622: Fire Bottle, Portable.",MIS,17-Jun-2011,DGCA/New Misc/136,,,0:00, ,"Portable Halon 1211 fire extinguisher, part number 863520-00, with a serial number listed in Table 1 of this AD, installed on various model helicopters including Eurocopter France Model EC120B; AS350B, BA, B1, B2, B3, and D; AS355E, F, F1, N, and NP; and SA341G or 342J helicopters, certificated in any category.",Select,Edit,Delete,View
D,M136,26,FAA AD 2011-11-04,"The Joint Aircraft System/Component (JASC) Code is 2622: Fire Bottle, Portable.",MIS,17-Jun-2011,DGCA/New Misc/136,,,0:00, ,"Portable Halon 1211 fire extinguisher, part number 863520-00, with a serial number listed in Table 1 of this AD, installed on various model helicopters including Eurocopter France Model EC120B; AS350B, BA, B1, B2, B3, and D; AS355E, F, F1, N, and NP; and SA341G or 342J helicopters, certificated in any category.",Select,Edit,Delete,View
D,M136,26,FAA AD 2011-11-04,"The Joint Aircraft System/Component (JASC) Code is 2622: Fire Bottle, Portable.",MIS,17-Jun-2011,DGCA/New Misc/136,,,0:00, ,"Portable Halon 1211 fire extinguisher, part number 863520-00, with a serial number listed in Table 1 of this AD, installed on various model helicopters including Eurocopter France Model EC120B; AS350B, BA, B1, B2, B3, and D; AS355E, F, F1, N, and NP; and SA341G or 342J helicopters, certificated in any category.",Select,Edit,Delete,View
D,M136,26,FAA AD 2011-11-04,"The Joint Aircraft System/Component (JASC) Code is 2622: Fire Bottle, Portable.",MIS,17-Jun-2011,DGCA/New Misc/136,,,0:00, ,"Portable Halon 1211 fire extinguisher, part number 863520-00, with a serial number listed in Table 1 of this AD, installed on various model helicopters including Eurocopter France Model EC120B; AS350B, BA, B1, B2, B3, and D; AS355E, F, F1, N, and NP; and SA341G or 342J helicopters, certificated in any category.",Select,Edit,Delete,View
D,M136,26,FAA AD 2011-11-04,"The Joint Aircraft System/Component (JASC) Code is 2622: Fire Bottle, Portable.",MIS,17-Jun-2011,DGCA/New Misc/136,,,0:00, ,"Portable Halon 1211 fire extinguisher, part number 863520-00, with a serial number listed in Table 1 of this AD, installed on various model helicopters including Eurocopter France Model EC120B; AS350B, BA, B1, B2, B3, and D; AS355E, F, F1, N, and NP; and SA341G or 342J helicopters, certificated in any category.",Select,Edit,Delete,View
D,M136,26,FAA AD 2011-11-04,"The Joint Aircraft System/Component (JASC) Code is 2622: Fire Bottle, Portable.",MIS,17-Jun-2011,DGCA/New Misc/136,,,0:00, ,"Portable Halon 1211 fire extinguisher, part number 863520-00, with a serial number listed in Table 1 of this AD, installed on various model helicopters including Eurocopter France Model EC120B; AS350B, BA, B1, B2, B3, and D; AS355E, F, F1, N, and NP; and SA341G or 342J helicopters, certificated in any category.",Select,Edit,Delete,View
D,M136,26,FAA AD 2011-11-04,"The Joint Aircraft System/Component (JASC) Code is 2622: Fire Bottle, Portable.",MIS,17-Jun-2011,DGCA/New Misc/136,,,0:00, ,"Portable Halon 1211 fire extinguisher, part number 863520-00, with a serial number listed in Table 1 of this AD, installed on various model helicopters including Eurocopter France Model EC120B; AS350B, BA, B1, B2, B3, and D; AS355E, F, F1, N, and NP; and SA341G or 342J helicopters, certificated in any category.",Select,Edit,Delete,View
D,M136,26,FAA AD 2011-11-04,"The Joint Aircraft System/Component (JASC) Code is 2622: Fire Bottle, Portable.",MIS,17-Jun-2011,DGCA/New Misc/136,,,0:00, ,"Portable Halon 1211 fire extinguisher, part number 863520-00, with a serial number listed in Table 1 of this AD, installed on various model helicopters including Eurocopter France Model EC120B; AS350B, BA, B1, B2, B3, and D; AS355E, F, F1, N, and NP; and SA341G or 342J helicopters, certificated in any category.",Select,Edit,Delete,View
D,M136,26,FAA AD 2011-11-04,"The Joint Aircraft System/Component (JASC) Code is 2622: Fire Bottle, Portable.",MIS,17-Jun-2011,DGCA/New Misc/136,,,0:00, ,"Portable Halon 1211 fire extinguisher, part number 863520-00, with a serial number listed in Table 1 of this AD, installed on various model helicopters including Eurocopter France Model EC120B; AS350B, BA, B1, B2, B3, and D; AS355E, F, F1, N, and NP; and SA341G or 342J helicopters, certificated in any category.",Select,Edit,Delete,View
D,M137,35,FAA AD 2011-14-08,Air Transport Association (ATA) of America Code 35: Oxygen,MIS,19-Aug-2011,DGCA/New Misc/137,,,0:00, ,"B/E Aerospace, Continuous Flow Passenger Oxygen Mask Assembly; P/N 174006-( ), 174080-( ), 174085-( ), 174095-( ), 174097-( ), and 174098-( ) as listed in B/E Aerospace SB 174080-35-04, Rev 000, dated Sept 6, 2010, that are installed on any aircraft except for those Boeing airplanes specified in the ADs referenced in para (b)(1), (b)(2), (b)(3), (b)(4), and (b)(5) of this AD.",Select,Edit,Delete,View
D,M137,35,FAA AD 2011-14-08,Air Transport Association (ATA) of America Code 35: Oxygen,MIS,19-Aug-2011,DGCA/New Misc/137,,,0:00, ,"B/E Aerospace, Continuous Flow Passenger Oxygen Mask Assembly; P/N 174006-( ), 174080-( ), 174085-( ), 174095-( ), 174097-( ), and 174098-( ) as listed in B/E Aerospace SB 174080-35-04, Rev 000, dated Sept 6, 2010, that are installed on any aircraft except for those Boeing airplanes specified in the ADs referenced in para (b)(1),(b)(2), (b)(3), (b)(4), and (b)(5) of this AD.",Select,Edit,Delete,View
D,M137,35,FAA AD 2011-14-08,Air Transport Association (ATA) of America Code 35: Oxygen,MIS,19-Aug-2011,DGCA/New Misc/137,,,0:00, ,"B/E Aerospace, Continuous Flow Passenger Oxygen Mask Assembly; P/N 174006-( ), 174080-( ), 174085-( ), 174095-( ), 174097-( ), and 174098-( ) as listed in B/E Aerospace SB 174080-35-04, Rev 000, dated Sept 6, 2010, that are installed on any aircraft except for those Boeing airplanes specified in the ADs referenced in para (b)(1), (b)(2), (b)(3), (b)(4), and (b)(5) of this AD.",Select,Edit,Delete,View
D,M137,35,FAA AD 2011-14-08,Air Transport Association (ATA) of America Code 35: Oxygen,MIS,19-Aug-2011,DGCA/New Misc/137,,,0:00, ,"B/E Aerospace, Continuous Flow Passenger Oxygen Mask Assembly; P/N 174006-( ), 174080-( ), 174085-( ), 174095-( ), 174097-( ), and 174098-( ) as listed in B/E Aerospace SB 174080-35-04, Rev 000, dated Sept 6, 2010, that are installed on any aircraft except for those Boeing airplanes specified in the ADs referenced in para (b)(1), (b)(2), (b)(3), (b)(4), and (b)(5) of this AD.",Select,Edit,Delete,View
D,M137,35,FAA AD 2011-14-08,Air Transport Association (ATA) of America Code 35: Oxygen,MIS,19-Aug-2011,DGCA/New Misc/137,,,0:00, ,"B/E Aerospace, Continuous Flow Passenger Oxygen Mask Assembly; P/N 174006-( ), 174080-( ), 174085-( ), 174095-( ), 174097-( ), and 174098-( ) as listed in B/E Aerospace SB 174080-35-04, Rev 000, dated Sept 6, 2010, that are installed on any aircraft except for those Boeing airplanes specified in the ADs referenced in para (b)(1), (b)(2), (b)(3), (b)(4), and (b)(5) of this AD.",Select,Edit,Delete,View
D,M137,35,FAA AD 2011-14-08,Air Transport Association (ATA) of America Code 35: Oxygen,MIS,19-Aug-2011,DGCA/New Misc/137,,,0:00, ,"B/E Aerospace, Continuous Flow Passenger Oxygen Mask Assembly; P/N 174006-( ), 174080-( ), 174085-( ), 174095-( ), 174097-( ), and 174098-( ) as listed in B/E Aerospace SB 174080-35-04, Rev 000, dated Sept 6, 2010, that are installed on any aircraft except for those Boeing airplanes specified in the ADs referenced in para (b)(1), (b)(2), (b)(3), (b)(4), and (b)(5) of this AD.",Select,Edit,Delete,View
D,M137,35,FAA AD 2011-14-08,Air Transport Association (ATA) of America Code 35: Oxygen,MIS,19-Aug-2011,DGCA/New Misc/137,,,0:00, ,"B/E Aerospace, Continuous Flow Passenger Oxygen Mask Assembly; P/N 174006-( ), 174080-( ), 174085-( ), 174095-( ), 174097-( ), and 174098-( ) as listed in B/E Aerospace SB 174080-35-04, Rev 000, dated Sept 6, 2010, that are installed on any aircraft except for those Boeing airplanes specified in the ADs referenced in para (b)(1), (b)(2), (b)(3), (b)(4), and (b)(5) of this AD.",Select,Edit,Delete,View
D,M137,35,FAA AD 2011-14-08,Air Transport Association (ATA) of America Code 35: Oxygen,MIS,19-Aug-2011,DGCA/New Misc/137,,,0:00, ,"B/E Aerospace, Continuous Flow Passenger Oxygen Mask Assembly; P/N 174006-( ), 174080-( ), 174085-( ), 174095-( ), 174097-( ), and 174098-( ) as listed in B/E Aerospace SB 174080-35-04, Rev 000, dated Sept 6, 2010, that are installed on any aircraft except for those Boeing airplanes specified in the ADs referenced in para (b)(1), (b)(2), (b)(3), (b)(4), and (b)(5) of this AD.",Select,Edit,Delete,View
D,M137,35,FAA AD 2011-14-08,Air Transport Association (ATA) of America Code 35: Oxygen,MIS,19-Aug-2011,DGCA/New Misc/137,,,0:00, ,"B/E Aerospace, Continuous Flow Passenger Oxygen Mask Assembly; P/N 174006-( ), 174080-( ), 174085-( ), 174095-( ), 174097-( ), and 174098-( ) as listed in B/E Aerospace SB 174080-35-04, Rev 000, dated Sept 6, 2010, that are installed on any aircraft except for those Boeing airplanes specified in the ADs referenced in para (b)(1), (b)(2), (b)(3), (b)(4), and (b)(5) of this AD.",Select,Edit,Delete,View
D,M137,35,FAA AD 2011-14-08,Air Transport Association (ATA) of America Code 35: Oxygen,MIS,19-Aug-2011,DGCA/New Misc/137,,,0:00, ,"B/E Aerospace, Continuous Flow Passenger Oxygen Mask Assembly; P/N 174006-( ), 174080-( ), 174085-( ), 174095-( ), 174097-( ), and 174098-( ) as listed in B/E Aerospace SB 174080-35-04, Rev 000, dated Sept 6, 2010, that are installed on any aircraft except for those Boeing airplanes specified in the ADs referenced in para (b)(1), (b)(2), (b)(3), (b)(4), and (b)(5) of this AD.",Select,Edit,Delete,View
D,M137,35,FAA AD 2011-14-08,Air Transport Association (ATA) of America Code 35: Oxygen,MIS,19-Aug-2011,DGCA/New Misc/137,,,0:00, ,"B/E Aerospace, Continuous Flow Passenger Oxygen Mask Assembly; P/N 174006-( ), 174080-( ), 174085-( ), 174095-( ), 174097-( ), and 174098-( ) as listed in B/E Aerospace SB 174080-35-04, Rev 000, dated Sept 6, 2010, that are installed on any aircraft except for those Boeing airplanes specified in the ADs referenced in para (b)(1), (b)(2), (b)(3), (b)(4), and (b)(5) of this AD.",Select,Edit,Delete,View
D,M137,35,FAA AD 2011-14-08,Air Transport Association (ATA) of America Code 35: Oxygen,MIS,19-Aug-2011,DGCA/New Misc/137,,,0:00, ,"B/E Aerospace, Continuous Flow Passenger Oxygen Mask Assembly; P/N 174006-( ), 174080-( ), 174085-( ), 174095-( ), 174097-( ), and 174098-( ) as listed in B/E Aerospace SB 174080-35-04, Rev 000, dated Sept 6, 2010, that are installed on any aircraft except for those Boeing airplanes specified in the ADs referenced in para (b)(1), (b)(2), (b)(3), (b)(4), and (b)(5) of this AD.",Select,Edit,Delete,View
D,M137,35,FAA AD 2011-14-08,Air Transport Association (ATA) of America Code 35: Oxygen,MIS,19-Aug-2011,DGCA/New Misc/137,,,0:00, ,"B/E Aerospace, Continuous Flow Passenger Oxygen Mask Assembly; P/N 174006-( ), 174080-( ), 174085-( ), 174095-( ), 174097-( ), and 174098-( ) as listed in B/E Aerospace SB 174080-35-04, Rev 000, dated Sept 6, 2010, that are installed on any aircraft except for those Boeing airplanes specified in the ADs referenced in para (b)(1), (b)(2), (b)(3), (b)(4), and (b)(5) of this AD.",Select,Edit,Delete,View
D,M137,35,FAA AD 2011-14-08,Air Transport Association (ATA) of America Code 35: Oxygen.,MIS,19-Aug-2011,DGCA/New Misc/137,,,0:00, ,"B/E Aerospace, Continuous Flow Passenger Oxygen Mask Assembly; Part Numbers 174006-( ), 174080-( ), 174085-( ), 174095-( ), 174097-( ), and 174098-( ) as listed in B/E Aerospace SB 174080-35-04, Rev 000, dated September 6, 2010, that are installed on any aircraft except for those Boeing airplanes specified in the ADs.",Select,Edit,Delete,View
D,M137,35,FAA AD 2011-14-08,Air Transport Association (ATA) of America Code 35: Oxygen.,MIS,19-Aug-2011,DGCA/New Misc/137,,,0:00, ,"B/E Aerospace, Continuous Flow Passenger Oxygen Mask Assembly; Part Numbers 174006-( ), 174080-( ), 174085-( ), 174095-( ), 174097-( ), and 174098-( ) as listed in B/E Aerospace SB 174080-35-04, Rev 000, dated September 6, 2010, that are installed on any aircraft except for those Boeing airplanes specified in the ADs.",Select,Edit,Delete,View
D,M137,35,FAA AD 2011-14-08,Air Transport Association (ATA) of America Code 35: Oxygen.,MIS,19-Aug-2011,DGCA/New Misc/137,,,0:00, ,"B/E Aerospace, Continuous Flow Passenger Oxygen Mask Assembly; Part Numbers 174006-( ), 174080-( ), 174085-( ), 174095-( ), 174097-( ), and 174098-( ) as listed in B/E Aerospace SB 174080-35-04, Rev 000, dated September 6, 2010, that are installed on any aircraft except for those Boeing airplanes specified in the ADs.",Select,Edit,Delete,View
,M138,25,FAA AD 2012-08-07,"To detect and correct cracking of the central and lateral spreaders, which could lead to further cracking of the seat spreaders, causing injury to passengers or crew members during heavy turbulence in flight or in the event of an emergency landing.",MIS,04-Jun-2012,DGCA/New Misc/138 Rev.1,,,0:00, ,"This AD applies to Sicma Aero Seat Model 9401, 9402, 9404,9505, 9406, 9407, 9408, and9409 series passenger seat assemblies, all P/N, except front row and aft facing seats, and those modified to ''Amendment B'' standard. These passenger seat assemblies are installed on,but not limited to, ATR-GIE Avions de Transport Régional Model ATR42-200, -300, -320,and -500 airplanes and Model ATR72-101, -201, 102,-202,-211, -212, and -212A airplanes",Select,Edit,Delete,View
,M138,25,FAA AD 2012-08-07,"To detect and correct cracking of the central and lateral spreaders, which could lead to further cracking of the seat spreaders, causing injury to passengers or crew members during heavy turbulence in flight or in the event of an emergency landing.",MIS*,04-Jun-2012,DGCA/New Misc/138 R1,,,0:00, ,"Sicma Aero Seat Model 9401, 9402, 9404, 9505, 9406, 9407, 9408, and 9409 series passenger seat assemblies, all part numbers, except front row and aft facing seats, and those modified to ''Amendment B'' standard, installed on ATR-GIE Avions de Transport Régional Model ATR42-200, -300, -320, and -500 airplanes and Model ATR72-101, -201, -102, -202, -211, -212, and -212A airplanes.",Select,Edit,Delete,View
,M139,31,EASA AD 2011-0239,ATA-34- Navigation– Radio Altimeter Indicator– Modification,MIS,05-Jan-2012,DGCA/New Misc/139,,,0:00, ,"Radio altimeter indicator IND201, P/N 102-2100, all serial numbers. The affected radio altimeter indicators are known to be installed on, but not limited to, Eurocopter (formerly Eurocopter France, Aerospatiale) EC 120 B, AS 350 B2, AS 350 B3 and AS 355 NP helicopters. It is also possible that the radio altimeter indicator is installed on fixed wing aircraft.",Select,Edit,Delete,View
D,M139,31,EASA AD 2011-0239,ATA-34-Navigation– Radio Altimeter Indicator–Modification,MIS,05-Jan-2012,DGCA/New Misc/139,,,0:00, ,"Radio altimeter indicator IND201, P/N 102-2100, all serial numbers.The affected radio altimeter indicators are known to be installed on, but not limited to, Eurocopter (formerly Eurocopter France, Aerospatiale)EC 120 B, AS 350 B2, AS 350B3 and AS 355 NP helicopters.It is also possible that the radio altimeter indicator is installed on fixed.",Select,Edit,Delete,View
D,M139,31,EASA AD 2011-0239,ATA-34-Navigation– Radio Altimeter Indicator–Modification,MIS,05-Jan-2012,DGCA/New Misc/139,,,0:00, ,"Radio altimeter indicator IND201, P/N 102-2100, all serial numbers.The affected radio altimeter indicators are known to be installed on, but not limited to, Eurocopter (formerly Eurocopter France, Aerospatiale)EC 120 B, AS 350 B2, AS 350B3 and AS 355 NP helicopters.It is also possible that the radio altimeter indicator is installed on fixed.",Select,Edit,Delete,View
,M139,34,EASA AD 2011-0239,ATA-34-Navigation– RadioAltimeter Indicator–Modification,MIS,05-Jan-2012,DGCA/New Misc/139,,,0:00, ,"Radio altimeter indicator IND201,P/N 102-2100,all serial numbers.The affected radio altimeter indicators are known to be installed on, but not limited to, Eurocopter (formerly Eurocopter France, Aerospatiale) EC 120 B, AS 350 B2, AS 350 B3 and AS 355 NP helicopters. It is also possible that the radio altimeter indicator is installed on fixed.",Select,Edit,Delete,View
,M139,95,EASA AD 2011-0239,ATA-34- Navigation– Radio Altimeter Indicator– Modification,MIS,05-Jan-2012,DGCA/New Misc/139,,,0:00, ,"Radio altimeter indicator IND201, P/N 102-2100, all serial numbers. The affected radio altimeter indicators are known to be installed on, but not limited to, Eurocopter (formerly Eurocopter France, Aerospatiale) EC 120 B, AS 350 B2, AS 350 B3 and AS 355 NP helicopters. It is also possible that the radio altimeter indicator is installed on fixed wing aircraft.",Select,Edit,Delete,View
,M140,25,FAA AD 2011-25-01,"""To install Placards to Aid in Locating and deploying Life rafts to Prevent Further Injury Or Loss Of Life In the Event Of a Helicopter Landing in the Water""",MIS,05-Jan-2011,DGCA/New Misc/140,,,0:00, ,"The helicopter models, certificated in any category, with an Emergency Float Kit with a P/N and S/N, installed by a supplemental type certificate (STC), as follows:Kit P/N: 614.3001, Kit S/N: 80 &below Affected Helicopter Model: Bell 407,STC Number :SR01535LA. Kit P/N: 614.3001, Kit S/N: 80 &below Affected Helicopter Model: Bell 407, STC Number :SR01535LA Kit P/N: 614.3003, Kit S/N: 133 &below Affected Helicopter Model: Bell 206L, L-1, L-3, and L-4, STC Number:SR01535LA Kit P/N:614.3007, Kit S/N:014 &below Affected Helicopter Model:Bell 206A& B STC Number : SR01535LA Kit P/N: 614.7601, Kit S/N: 45 &below Affected Helicopter Model: Bell 212,412,STCNumber:SR01779LA .",Select,Edit,Delete,View
D,M140,25,FAA AD 2011-25-01,"""To install Placards to Aid in Locating and deploying Life rafts to Prevent Further Injury Or Loss Of Life In the Event Of a Helicopter Landing in the Water""",MIS,05-Jan-2012,DGCA/New Misc/140,,,0:00, ,"The helicopter models,certificated in any category, with an Emergency Float Kit with a P/N and S/N, installed by a supplemental type certificate(STC), as follows:Kit P/N: 614.3001, Kit S/N: 80 &below Affected Helicopter Model: Bell 407, STC Number :SR01535LA. Kit P/N: 614.3001, Kit S/N: 80 &below Affected Helicopter Model: Bell 407, STC Number :SR01535LA Kit P/N: 614.3003, Kit S/N: 133 &below Affected Helicopter Model: Bell 206L, L-1, L-3, and L-4, STC Number :SR01535LA Kit P/N: 614.3007, Kit S/N: 014 &below Affected Helicopter Model: Bell 206A& B STC Number : SR01535LA Kit P/N: 614.7601, Kit S/N: 45 &below Affected Helicopter Model: Bell 212, 412, STC Number : SR01779LA .",Select,Edit,Delete,View
D,M140,25,FAA AD 2011-25-01,"""To install Placards to Aid in Locating and deploying Life rafts to Prevent Further Injury Or Loss Of Life In the Event Of a Helicopter Landing in the Water""",MIS,05-Jan-2012,DGCA/New Misc/140,,,0:00, ,"The helicopter models,certificated in any category, with an Emergency Float Kit with a P/N and S/N, installed by a supplemental type certificate(STC), as follows:Kit P/N: 614.3001, Kit S/N: 80 &below Affected Helicopter Model: Bell 407, STC Number :SR01535LA. Kit P/N: 614.3001, Kit S/N: 80 &below Affected Helicopter Model: Bell 407, STC Number :SR01535LA Kit P/N: 614.3003, Kit S/N: 133 &below Affected Helicopter Model: Bell 206L, L-1, L-3, and L-4, STC Number :SR01535LA Kit P/N: 614.3007, Kit S/N: 014 &below Affected Helicopter Model: Bell 206A& B STC Number : SR01535LA Kit P/N: 614.7601, Kit S/N: 45 &below Affected Helicopter Model: Bell 212, 412, STC Number : SR01779LA .",Select,Edit,Delete,View
,M140,25,FAA AD 2011-25-01,To install Placards to Aid in Locating and deploying Life rafts to Prevent Further Injury Or Loss Of Life In the Event Of a Helicopter Landing in the Water,MIS#,05-Jan-2011,DGCA/New Misc/140,,,0:00, ,"The helicopter models, certificated in any category, with an Emergency Float Kit with a P/N and S/N, installed by a supplemental type certificate (STC), as follows:Kit P/N: 614.3001, Kit S/N: 80 &below Affected Helicopter Model: Bell 407, STC No:SR01535LA. Kit P/N: 614.3001, Kit S/N: 80 &below Affected Helicopter Model: Bell 407, STC Number :SR01535LA Kit P/N: 614.3003, Kit S/N: 133 &below Affected Helicopter Model: Bell 206L, L-1, L-3, and L-4, STC No :SR01535LA Kit P/N: 614.3007, Kit S/N: 014 &below Affected Helicopter Model: Bell 206A& B STC No : SR01535LA Kit P/N: 614.7601, Kit S/N: 45 &below Affected Helicopter Model: Bell 212, 412, STC Number : SR01779LA .",Select,Edit,Delete,View
,M140,100,FAA AD 2011-25-01,To install Placards to Aid in Locating and deploying Life rafts to Prevent Further Injury Or Loss Of Life In the Event Of a Helicopter Landing in the Water,MIS,05-Jan-2012,DGCA/New Misc/140,,,0:00, ,"The helicopter models, certificated in any category, with an Emergency Float Kit with a P/N and S/N, installed by a supplemental type certificate (STC), as follows: Kit P/N: 614.3001, Kit S/N: 80 &below Affected Helicopter Model: Bell 407, STC Number :SR01535LA. Kit P/N: 614.3001, Kit S/N: 80 &below Affected Helicopter Model: Bell 407, STC Number :SR01535LA Kit P/N: 614.3003, Kit S/N: 133 &below Affected Helicopter Model: Bell 206L, L-1, L-3, and L-4, STC Number :SR01535LA Kit P/N: 614.3007, Kit S/N: 014 &below Affected Helicopter Model: Bell 206A& B STC Number : SR01535LA Kit P/N: 614.7601, Kit S/N: 45 &below Affected Helicopter Model: Bell 212, 412, STC Number : SR01779LA .",Select,Edit,Delete,View
,M141,23,FAA 2012-02-08,"“To prevent TCAS units from dropping tracks, this could compromise separation of air traffic and lead to subsequent mid-air collisions”",MIS,14-Mar-2012,DGCA/New-Misc/141,,,0:00, ,"This AD applies to Aviation Communication & Surveillance Systems (ACSS) traffic alert and collision avoidance system (TCAS) units with part numbers identified in ACSS Technical Newsletter 8008359, Revision B, dated August 3, 2011, as installed on but not limited to various transport and small airplanes, certificated in any category.",Select,Edit,Delete,View
D,M141,34,FAA 2012-02-08,“To Prevent TCAS units from dropping tracks which could compromise separation of air traffic and lead to subsequent Mid Air Collisions”.,MIS,14-Mar-2012,DGCA/New Misc/141,,,0:00, ,"AD applies to Aviation Communication & Surveillance Systems (ACSS) traffic alert and collision avoidance system (TCAS) units with part numbers identified in ACSS Technical Newsletter 8008359, Revision B, dated August 3, 2011, as installed on but not limited to various transport and small airplanes, certificated in any category",Select,Edit,Delete,View
D,M141,34,FAA 2012-02-08,“To Prevent TCAS units from dropping tracks which could compromise separation of air traffic and lead to subsequent Mid Air Collisions”.,MIS,14-Mar-2012,DGCA/New Misc/141,,,0:00, ,"AD applies to Aviation Communication & Surveillance Systems (ACSS) traffic alert and collision avoidance system (TCAS) units with part numbers identified in ACSS Technical Newsletter 8008359, Revision B, dated August 3, 2011, as installed on but not limited to various transport and small airplanes, certificated in any category",Select,Edit,Delete,View
D,M142,25,EASA AD 2012-0038,“Equipment & Furnishings – Passenger Seat Backrest Link – Inspection / Replacement’,MIS,16-Apr-2012,DGCA/New-Misc/142,,,0:00, ,"Passenger seat series 9140, 9166, 9173, 9174, 9184, 9188, 9196, 91B7, 91B8, 91C0, 91C2, 91C4, 91C5, 91C9, 9301 and 9501, as identified in Annex 1 issue 3 of Sicma Aero Seat Service Bulletin (SB) 90-25-012 issue 6. The affected passenger seats are known to be installed on, but no limited to,Airbus A330, A340 and Boeing 777 aeroplanes.",Select,Edit,Delete,View
D,M142,25,EASA AD 2012-0038,“Equipment & Furnishings – Passenger Seat Backrest Link – Inspection / Replacement’,MIS,16-Apr-2012,DGCA/New-Misc/142,,,0:00, ,"Passenger seat series 9140, 9166, 9173, 9174, 9184, 9188, 9196, 91B7, 91B8, 91C0, 91C2, 91C4, 91C5, 91C9, 9301 and 9501, as identified in Annex 1 issue 3 of Sicma Aero Seat Service Bulletin (SB) 90-25-012 issue 6. The affected passenger seats are known to be installed on, but no limited to,Airbus A330, A340 and Boeing 777 aeroplanes.",Select,Edit,Delete,View
D,M142,25,EASA AD 2012-0038,“Equipment & Furnishings – Passenger Seat Backrest Link – Inspection / Replacement’,MIS,16-Apr-2012,DGCA/New-Misc/142,,,0:00, ,"Passenger seat series 9140, 9166, 9173, 9174, 9184, 9188, 9196, 91B7, 91B8, 91C0, 91C2, 91C4, 91C5, 91C9, 9301 and 9501, as identified in Annex 1 issue 3 of Sicma Aero Seat Service Bulletin (SB) 90-25-012 issue 6. The affected passenger seats are known to be installed on, but no limited to,Airbus A330, A340 and Boeing 777 aeroplanes.",Select,Edit,Delete,View
,M142,25,EASA AD 2012-0038,“Equipment & Furnishings – Passenger Seat Backrest Link – Inspection / Replacement’,MIS,26-Apr-2012,DGCA/New-Misc/142,,,0:00, ,"Passenger seat series 9140, 9166, 9173, 9174, 9184, 9188, 9196, 91B7, 91B8, 91C0, 91C2, 91C4, 91C5, 91C9, 9301 and 9501, as identified in Annex 1 issue 3 of Sicma Aero Seat Service Bulletin (SB) 90-25-012 issue 6. The affected passenger seats are known to be installed on, but no limited to,Airbus A330, A340 and Boeing 777 aeroplanes.",Select,Edit,Delete,View
D,M143,25,EASA AD 2012-0037,“Fire Protection – Hand Operated Fire Extinguisher – Modification”,MIS,16-Apr-2012,DGCA/New-Misc/143,,,0:00, ,"Hand operated fire extinguisher, Part Number (P/N) 56412-001 (34H), 56411-001 (35H) and 56412-002 (38H).",Select,Edit,Delete,View
D,M143,25,EASA AD 2012-0037,“Fire Protection – Hand Operated Fire Extinguisher – Modification”,MIS,16-Apr-2012,DGCA/New-Misc/143,,,0:00, ,"Hand operated fire extinguisher, Part Number (P/N) 56412-001 (34H), 56411-001 (35H) and 56412-002 (38H).",Select,Edit,Delete,View
D,M143,25,EASA AD 2012-0037,“Fire Protection – Hand Operated Fire Extinguisher – Modification”,MIS,16-Apr-2012,DGCA/New-Misc/143,,,0:00, ,"Hand operated fire extinguisher, Part Number (P/N) 56412-001 (34H), 56411-001 (35H) and 56412-002 (38H).",Select,Edit,Delete,View
,M143,26,EASA AD 2012-0037,“Fire Protection – Hand Operated Fire Extinguisher – Modification”,MIS,26-Apr-2012,DGCA/New-Misc/143,,,0:00, ,"Hand operated fire extinguisher, Part Number (P/N) 56412-001 (34H), 56411-001 (35H) and 56412-002 (38H).",Select,Edit,Delete,View
,M144,99,FAA AD 2012-06-25,To prevent loss of pressure in the escape slides/rafts after an emergency evacuation.,MIS,11-May-2012,DGCA/NEW-MISC/144,,,0:00, ,"This AD applies to Goodrich evacuation systems approved under Technical Standard Order (TSO) TSO-C69b, as installed on the Airbus airplanes, certificated in any category.",Select,Edit,Delete,View
,M145,72,FAA AD 2012-10-52,"“To prevent turbocharger bearing seizure, failed turbocharger components, and damage to the airplane”.",MIS,03-Jul-2012,DGCA/New-Misc/145,,,0:00, ,"Hartzell Engine Technologies (HET) turbochargers: (1) Turbocharger HET part number (P/N) 406610-0005 or P/N 406610-9005 with serial numbers listed in Table 1 of HET Alert Service Bulletin No. 047. (2) Turbochargers with P/N 406610-0005 or P/N 406610-9005 overhauled or repaired on or later than January 1, 2012, with turbocharger center housing P/N 409836-0005 and date code H-0112. (3) Turbocharger center housings P/N 409836-0005 sold as piece parts which are in field/distributor inventory with date code H-0112.",Select,Edit,Delete,View
D,M145,72,FAA AD 2012-10-52,"To prevent turbocharger bearing seizure, failed turbocharger components, and damage to the airplane.",MIS,03-Jul-2012,DGCA/New-Misc/145,,,0:00, ,"This emergency AD applies to the Cessna 206, 207, and 210 airplanes with Hartzell Engine Technologies (HET) turbochargers Part Number listed in this AD.",Select,Edit,Delete,View
D,M145,72,FAA AD 2012-10-52,"To prevent turbocharger bearing seizure, failed turbocharger components, and damage to the airplane.",MIS,03-Jul-2012,DGCA/New-Misc/145,,,0:00, ,"This emergency AD applies to the Cessna 206, 207, and 210 airplanes with Hartzell Engine Technologies (HET) turbochargers Part Number listed in this AD.",Select,Edit,Delete,View
D,M146,24,FAA AD 2012-14-15,"“To prevent misleading information during Localizer performance(LP), Localizer performance with Vertical guidance (LPV), or SBAS Lateral Navigation/ Vertical Navigation(LNAV/VNAV) approached due to software problem in Honeywell Wide Area Augmentation System(WASS) Global Navigation Satellite Sensor Unit (GNSSU)”.",MIS,07-Sep-2012,DGCA/New Misc/146,,,0:00, ,"Model KGS200 Mercury2 wide area augmentation system (WAAS) global navigation satellite sensor units (GNSSU), Honeywell part numbers (P/N) 066-01201-0102 and 066-01201-0104.",Select,Edit,Delete,View
D,M146,24,FAA AD 2012-14-15,"“To prevent misleading information during Localizer performance(LP), Localizer performance with Vertical guidance (LPV), or SBAS Lateral Navigation/ Vertical Navigation(LNAV/VNAV) approached due to software problem in Honeywell Wide Area Augmentation System(WASS) Global Navigation Satellite Sensor Unit (GNSSU)”.",MIS,07-Sep-2012,DGCA/New Misc/146,,,0:00, ,"Model KGS200 Mercury2 wide area augmentation system (WAAS) global navigation satellite sensor units (GNSSU), Honeywell part numbers (P/N) 066-01201-0102 and 066-01201-0104.",Select,Edit,Delete,View
D,M146,24,FAA AD 2012-14-15,"“To prevent misleading information during Localizer performance(LP), Localizer performance with Vertical guidance (LPV), or SBAS Lateral Navigation/ Vertical Navigation(LNAV/VNAV) approached due to software problem in Honeywell Wide Area Augmentation System(WASS) Global Navigation Satellite Sensor Unit (GNSSU)”.",MIS,07-Sep-2012,DGCA/New Misc/146,,,0:00, ,"Model KGS200 Mercury2 wide area augmentation system (WAAS) global navigation satellite sensor units (GNSSU), Honeywell part numbers (P/N) 066-01201-0102 and 066-01201-0104.",Select,Edit,Delete,View
D,M147,32,FAA AD 2012-17-01,"To Prevent Failure Of The Main Landing Gear Tires During Take Off Or Landing, Which Could Cause Damage To The Airplane Structure, Flaps, Engine, And Wheel Well And Result In Reduces Controllability Of The Airplane.",MIS,24-Sep-2012,DGCA/New-Misc/147,,,0:00, ,"Goodyear Aviation Tires (retreads are not affected by this AD), installed on various transport category airplanes.",Select,Edit,Delete,View
D,M147,32,FAA AD 2012-17-01,"To Prevent Failure Of The Main Landing Gear Tires During Take Off Or Landing, Which Could Cause Damage To The Airplane Structure, Flaps, Engine, And Wheel Well And Result In Reduces Controllability Of The Airplane.",MIS,24-Sep-2012,DGCA/New-Misc/147,,,0:00, ,"Goodyear Aviation Tires (retreads are not affected by this AD), installed on various transport category airplanes.",Select,Edit,Delete,View
D,M147,32,FAA AD 2012-17-01,"To Prevent Failure Of The Main Landing Gear Tires During Take Off Or Landing, Which Could Cause Damage To The Airplane Structure, Flaps, Engine, And Wheel Well And Result In Reduces Controllability Of The Airplane.",MIS,24-Sep-2012,DGCA/New-Misc/147,,,0:00, ,"Goodyear Aviation Tires (retreads are not affected by this AD), installed on various transport category airplanes.",Select,Edit,Delete,View
D,M148,72,FAA AD 2012-18-14,"To prevent separation of the rear gas generator case and release of high energy debris, which could Result in injury and damage to the airplane.",MIS,18-Oct-2012,DGCA/New-Misc/148,,,0:00, ,Pratt & Whitney Canada (P&WC) PW901A auxiliary power units (APUs) approved under Technical Standard Order TSO-C77A and installed,Select,Edit,Delete,View
D,M148,72,FAA AD 2012-18-14,"To prevent separation of the rear gas generator case and release of high energy debris, which could Result in injury and damage to the airplane.",MIS,18-Oct-2012,DGCA/New-Misc/148,,,0:00, ,Pratt & Whitney Canada (P&WC) PW901A auxiliary power units (APUs) approved under Technical Standard Order TSO-C77A and installed,Select,Edit,Delete,View
,M148,72,FAA AD 2012-18-14,"To prevent separation of the rear gas generator case and release of high energy debris, which could Result in injury and damage to the airplane.",MIS,26-Oct-2012,DGCA/New-Misc/148,,,0:00, ,Pratt & Whitney Canada (P&WC) PW901A auxiliary power units (APUs) approved under Technical Standard Order TSO-C77A and installed.,Select,Edit,Delete,View
,M149,35,EASA AD 2012-0254 Rev 1,ATA-35 Oxygen – Flight Crew Oxygen Mask Regulator – Identification / Operational Procedure / Replacement,MIS,14-Dec-2012,DGCA/New-Misc/149 Rev 1,,,0:00, ,"Flight crew oxygen mask regulators, having Part Number (P/N) MC10, MF10 and MF20 series",Select,Edit,Delete,View
,M149,35,EASA AD 2012-0254 Rev.1,ATA-35 Oxygen – Flight Crew Oxygen Mask Regulator – Identification / Operational Procedure / Replacement.,MIS,17-Jan-2013,DGCA/New-Misc/149 Rev.1,,,0:00, ,"Flight crew oxygen mask regulators, having Part Number (P/N) MC10, MF10 and MF20 series.",Select,Edit,Delete,View
,M149,35,EASA AD 2012-0254 Rev1,ATA-35 Oxygen – Flight Crew Oxygen Mask Regulator – Identification / Operational Procedure / Replacement.,MIS,17-Jan-2013,DGCA/New-Misc/149 Rev1,,,0:00, ,"Flight crew oxygen mask regulators, having Part Number (P/N) MC10, MF10 and MF20 series.",Select,Edit,Delete,View
D,M150,72,FAA AD 2013-21-02,"To Prevent Turbocharger wheel failure , reduction or complete loss of engine power, loss of engine oil, oil fire and damage to the aircraft.",MIS,14-Nov-2013,DGCA/New-Misc/150 Rev 1,,,0:00, ,"Lycoming Engines TIO-540-AK1A, and Continental Motors, Inc. TSIO-360-MB, TSIO-360-SB, and TSIO-360-RB reciprocating engines.",Select,Edit,Delete,View
D,M150,72,FAA AD 2013-21-02,"To Prevent Turbocharger wheel failure , reduction or complete loss of engine power, loss of engine oil, oil fire and damage to the aircraft.",MIS,14-Nov-2013,DGCA/New-Misc/150 Rev 1,,,0:00, ,"Lycoming Engines TIO-540-AK1A, and Continental Motors, Inc. TSIO-360-MB, TSIO-360-SB, and TSIO-360-RB reciprocating engines.",Select,Edit,Delete,View
,M150,72,FAA AD 2013-21-02,"To Prevent Turbocharger wheel failure , reduction or complete loss of engine power, power loss of engine oil, oil fire and damage to the aircraft.",MIS,18-Nov-2013,DGCA/New-Misc/150 Rev 1,,,0:00, ,"Lycoming Engines TIO-540-AK1A, and Continental Motors, Inc. TSIO-360-MB, TSIO-360-SB, and TSIO-360-RB reciprocating engines",Select,Edit,Delete,View
,M151,27,FAA AD 2012-26-15 R1,"To detect and correct inaccuracies of the pressure sensors which could result in altitude computed air speed, true airspeed and mach computation errors.",MIS,19-Nov-2014,DGCA/New Misc / 151 R1,,,0:00, ,"Air data pressure transducers, as installed in air data computers (ADC), air data modules (ADM), air data attitude heading reference systems (ADAHRS), and digital air data computers (DADC) having the part numbers and serial numbers identified in Honeywell Alert Service Bulletin ADM/ADC/ADAHRS-34-A01.",Select,Edit,Delete,View
,M151,34,FAA AD 2012-26-15,"To Detect and correct inaccuraciec of the pressure sensor which could result in altitude, computed airspeed, true airspeed and mach computation errors.",MIS,29-Jan-2013,DGCA/New Misc/151,,,0:00, ,"This AD applies to air data pressure transducers, as installed in air data computers (ADC), air data modules (ADM), air data attitude heading reference systems (ADAHRS), and digital air data computers (DADC) having the part numbers and serial numbers identified in Honeywell Alert Service Bulletin.",Select,Edit,Delete,View
,M151,34,FAA AD 2012-26-15 R1,"To detect and correct inaccurancies of the pressure sensors,which could result in altitude, computed airspeed,true airspeed and mach computation errors.",MIS,19-Nov-2014,DGCA/New-Misc/151 R1,,,0:00, ,"Air data pressure transducers, as One Time installed in air data computers (ADC), air data modules (ADM), air data attitude heading reference systems (ADAHRS), and digital air data computers (DADC)",Select,Edit,Delete,View
,M152,25,EASA AD 2013-0020 Rev 4,ATA 25-Equipment & Furnishings – Safety Belts / Torso Restraint Systems – Inspection / Replacement,MIS,11-Jul-2014,DGCA/New-Misc/152 Rev 5,,,0:00, ,Applicable to Bell 427 and 429 Aircraft. All part numbers of safety belts and torso restraint systems installed on any aircraft if safety belts and torso restraint systems have been maintained or repaired after 28 September 2003,Select,Edit,Delete,View
,M152,25,EASA AD 2013-0020R4,Equipment & Furnishings – Safety Belts / Torso Restraint Systems – Inspection / Replacement,MIS,11-Jul-2014,DGCA/New Misc/ 152 Rev 5,,,0:00, ,"All P/N of safety belts and torso restraint systems installed on any aircraft where dynamically tested seats are required IAW airworthiness requirements like the European Certification Specifications (CS), or JAR/FAR, para 23.562, 25.562, 27.562 and 29.562, if safety belts and torso restraint systems have been maintained or repaired after 28 Sept 2003 by maintenance organizations not holding the applicable maintn data of the relevant approval holders, unless they are marked with European Parts Approval (EPA).",Select,Edit,Delete,View
,M153,25,EASA AD 2013-0275R1,ATA 25 Equipment / Furnishing – Hoist – Inspection / Replacement,MIS,10-Dec-2013,DGCA/New-Misc/153 Rev 3,,,0:00, ,"AgustaWestland A109, AB139, AW139, AB212 and AB412 helicopters, (all Models), all serial numbers (s/n); BHTI 212, 214 and 412 helicopters, all Models, all s/n; BHTC 429 and 430 helicopters, all s/n; Eurocopter AS 365 N3, AS 332 L2 and EC225 LP helicopters, all s/n; Eurocopter Deutschland (ECD) MBB-BK117 C-2, EC135 and EC 635 (all Models) helicopters, all s/n; Kamov Ka-32A11BC and Ka-32A12 helicopters, all s/n; and Sikorsky S-61 and S-76 (all Models) helicopters, and S-92A helicopters, all s/n.",Select,Edit,Delete,View
,M153,25,EASA AD 2015-0226 R2,Equipment / Furnishing – Hoist – Test / Replacement,MIS,10-Mar-2016,DGCA/New-Misc/153 Rev 9,,,0:00, ,"This AD applies to the following helicopters, when equipped with a Goodrich hoist having a Part Number (P/N) as listed in Table 1 of this AD: AW109SP, AB139, AW139 and AB412 (all Models) helicopters, all serial numbers (s/n); BHTI 212, 214 and 412 helicopters (all Models), all s/n; BHTC 429 and 430 helicopters, all s/n; AH AS 365 N3, AS 332 L2 and EC225 LP helicopters, all s/n; AHD MBB-BK117 C-2, EC135 and EC635 (all Models) helicopters, all s/n; MDHI MD900 helicopters, all s/n; and Sikorsky S-61 (all Models), S-76A, S-76B, S-76C and S-92A helicopters, all s/n.",Select,Edit,Delete,View
D,M154,25,EASA AD 2013-0106,Equipment / Furnishings – Varnish on Veneered Panels – Inspection / Re-furbishing,MIS,16-May-2013,DGCA/NEW MISC/154,,,0:00, ,All modifications whose approval numbers are listed in Appendix 1 of this AD.,Select,Edit,Delete,View
D,M154,25,EASA AD 2013-0106,Equipment / Furnishings – Varnish on Veneered Panels – Inspection / Re-furbishing,MIS,16-May-2013,DGCA/NEW MISC/154,,,0:00, ,All modifications whose approval numbers are listed in Appendix 1 of this AD.,Select,Edit,Delete,View
D,M154,25,EASA AD 2013-0106,Equipment / Furnishings – Varnish on Veneered Panels – Inspection / Re-furbishing,MIS,16-May-2013,DGCA/NEW MISC/154,,,0:00, ,"All modifications whose approval numbers are listed in Appendix 1 of this AD. Aeroplane TC Holder: Airbus ,Boeing ,Bombardier ,Dassault Aviation ,Gulfstream,BAE Systems includes their corresponding models.Refer AD Appendix 1.",Select,Edit,Delete,View
D,M155,33,FAA AD 2013-10-01,Unsafe Condition as the search Light / Gimbal Disconnecting from the helicopter and remaining attached solely by the internal cable harness or separating totally.,MIS,04-Jun-2013,DGCA/New-Misc/ 155,,,0:00, ,Spectrolab Nightsun XP Searchlight Assembly Systems with gimbal assembly part number (P/N) 033295-1 or 033295-2,Select,Edit,Delete,View
D,M155,33,FAA AD 2013-10-01,Unsafe Condition as the search Light / Gimbal Disconnecting from the helicopter and remaining attached solely by the internal cable harness or separating totally.,MIS,04-Jun-2013,DGCA/New-Misc/ 155,,,0:00, ,Spectrolab Nightsun XP Searchlight Assembly Systems with gimbal assembly part number (P/N) 033295-1 or 033295-2,Select,Edit,Delete,View
D,M155,33,FAA AD 2013-10-01,Unsafe Condition as the search Light / Gimbal Disconnecting from the helicopter and remaining attached solely by the internal cable harness or separating totally.,MIS,04-Jun-2013,DGCA/New-Misc/ 155,,,0:00, ,Spectrolab Nightsun XP Searchlight Assembly Systems with gimbal assembly part number (P/N) 033295-1 or 033295-2,Select,Edit,Delete,View
D,M156,26,FAA AD 2013-09-11,"To Prevent the Brushes in the A/C Motor from wearing down, which could result in the Rivet in the Brush contacting the commutator causing sparks and consequent fire and or smoke in the tail cone with no means to detect or extinguish the fire and or smoke",MIS,07-Jun-2013,DGCA/New-Misc/ 156,,,0:00, ,"Cessna Model 500 and 501 airplanes, serial numbers (S/N) 0001 through 0689 inclusive",Select,Edit,Delete,View
D,M156,26,FAA AD 2013-09-11,"To Prevent the Brushes in the A/C Motor from wearing down, which could result in the Rivet in the Brush contacting the commutator causing sparks and consequent fire and or smoke in the tail cone with no means to detect or extinguish the fire and or smoke",MIS,07-Jun-2013,DGCA/New-Misc/ 156,,,0:00, ,"Cessna Model 500 and 501 airplanes, serial numbers (S/N) 0001 through 0689 inclusive",Select,Edit,Delete,View
D,M156,26,FAA AD 2013-09-11,"To Prevent the Brushes in the A/C Motor from wearing down, which could result in the Rivet in the Brush contacting the commutator causing sparks and consequent fire and or smoke in the tail cone with no means to detect or extinguish the fire and or smoke",MIS,07-Jun-2013,DGCA/New-Misc/ 156,,,0:00, ,"Cessna Model 500 and 501 airplanes, serial numbers (S/N) 0001 through 0689 inclusive",Select,Edit,Delete,View
,M157,26,FAA AD 2013-11-04,To prevent the failure of urethane seals to maintain sufficient halon concentration in the cargo compartments to extinguish or contain fire or smoke,MIS,12-Jun-2013,DGCA/New-Misc/ 157,,,0:00, ,"Model 747-100, 747-100B, 747-100B SUD, 747-200B, 747-200F, 747-300, 747-400, 747- 400D, 747-400F, 747SR, and 747SP series airplanes, as identified in Boeing Special Attention Service Bulletin 747-25-3381, Revision 1",Select,Edit,Delete,View
,M157,26,FAA AD 2013-11-04,To prevent the Failure of urethane seals to maintain sufficient halon concentration in the cargo compartments to extinguish or contain fire or smoke,MIS,12-Jun-2013,DGCA/New-Misc/ 157,,,0:00, ,"Model 747-100, 747-100B, 747-100B SUD, 747-200B, 747-200F, 747-300, 747-400, 747- 400D, 747-400F, 747SR, and 747SP series airplanes, as identified in Boeing Special Attention Service Bulletin 747-25-3381, Revision 1",Select,Edit,Delete,View
,M157,26,FAA AD 2013-11-04,To prevent the failure of urethane seals to maintain sufficient halon concentration in the cargo compartments to extinguish or contain fire or smoke,MIS,20-Jun-2013,DGCA/New-Misc/ 157,,,0:00, ,"Model 747-100, 747-100B, 747-100B SUD, 747-200B, 747-200F, 747-300, 747-400, 747- 400D, 747-400F, 747SR, and 747SP series airplanes, as identified in Boeing Special Attention Service Bulletin 747-25-3381, Revision 1",Select,Edit,Delete,View
,M158,25,FAA AD 2013-06-51,"Unsafe Condition Failure Of The Overload Clutch Resulting In In Flight Failure Of The Hoist, Which Could Result In Injury To Person Being Lifted.",MIS,02-Jul-2013,DGCA/New-Misc/158,,,0:00, ,"Applicable to AgustaWestland, Bell Helicopter,Eurocopter France Models,Eurocopter Deutschland GmbH (ECD) Models,Sikorsky Aircraft Corporation Models",Select,Edit,Delete,View
D,M158,50,FAA AD 2013-06-51,"Unsafe Condition Failure Of The Overload Clutch Resulting In In Flight Failure Of The Hoist, Which Could Result In Injury To Person Being Lifted.",MIS,02-Jul-2013,DGCA/New-Misc/158,,,0:00, ,"Applicable to AgustaWestland S.p.A Models A109,A109S, A109K2, A109A, A109A II, A109C, A109E,AW109SP, AB139, AW139, AB412, and AB412 EP,Bell Helicopter Textron, Inc., Models 212, 214B, 214B-1, 214ST, 412, 412CF, and 412EP;Bell Helicopter Textron Canada, Ltd., Models 429 and 430.",Select,Edit,Delete,View
D,M158,50,FAA AD 2013-06-51,"Unsafe Condition Failure Of The Overload Clutch Resulting In In Flight Failure Of The Hoist, Which Could Result In Injury To Person Being Lifted.",MIS,02-Jul-2013,DGCA/New-Misc/158,,,0:00, ,"Applicable to AgustaWestland S.p.A Models A109,A109S, A109K2, A109A, A109A II, A109C, A109E,AW109SP, AB139, AW139, AB412, and AB412 EP,Bell Helicopter Textron, Inc., Models 212, 214B, 214B-1, 214ST, 412, 412CF, and 412EP;Bell Helicopter Textron Canada, Ltd., Models 429 and 430.",Select,Edit,Delete,View
,M159,24,FAA AD 2014-17-02,"To detect and correct discrepancies of the battery wiring installation inside the TU, which could result in an electrical short and possible ignition source.",MIS,25-Sep-2013,DGCA/New-Misc/ 159 Rev 1,,,0:00, ,"This AD applies to Honeywell ASCs Inc. emergency locator transmitters (ELTs) Model RESCU 406AF and 406AFN with transmitter unit (TU) part numbers (P/Ns) 1152682-1, -2, and -3, installed on transport category airplanes, certificated in any category, but not limited to the airplanes identified in table 1 to paragraph (c) of this AD.",Select,Edit,Delete,View
,M159,96,FAA AD 2014-17-02,"To detect and correct discrepancies of the battery wiring installation inside the TU, which could result in an electrical short and possible ignition source.",MIS,09-Oct-2013,DGCA/New-Misc/159 Rev 1,,,0:00, ,"This AD applies to Honeywell ASCs Inc. emergency locator transmitters (ELTs) Model RESCU 406AF and 406AFN with transmitter unit (TU) part numbers (P/Ns) 1152682-1, -2, and -3",Select,Edit,Delete,View
,M160,25,EASA AD 2014-0095 Rev 1,ATA 25 Equipment / Furnishings – Crash Position Indicator – Modification Aircraft Flight Manual – Amendment,MIS,27-May-2014,DGCA/New-Misc/160 Rev 2,,,0:00, ,HR Smith (Technical Developments) Crash Position Indicator (CPI) System 15-503-134 and 15-503-134-1 series equipped with Control Panel part number (P/N) 503-22-() and Beacon release unit P/N 503-21 and System Interface Unit P/N 503-24-() or 503-42-(),Select,Edit,Delete,View
D,M162,34,EASA AD 2014-0088,Communications – Cockpit Voice Recorder – Replacement,MIS,23-Apr-2014,DGCA/New-Misc/162,,,0:00, ,"TEAM Manufacturer CVR Part Number (P/N) AP71232101 and P/N AP71231101 Cockpit Voice Recorders (CVR), all serial numbers.",Select,Edit,Delete,View
D,M162,34,EASA AD 2014-0088,Communications – Cockpit Voice Recorder – Replacement,MIS,23-Apr-2014,DGCA/New-Misc/162,,,0:00, ,"Part Number (P/N) AP71232101 and P/N AP71231101 Cockpit Voice Recorders (CVR), all serial numbers.",Select,Edit,Delete,View
D,M162,34,EASA AD 2014-0088,Communications – Cockpit Voice Recorder – Replacement,MIS,23-Apr-2014,DGCA/New-Misc/162,,,0:00, ,"Part Number (P/N) AP71232101 and P/N AP71231101 Cockpit Voice Recorders (CVR), all serial numbers.",Select,Edit,Delete,View
,M163,25,EASA AD 2014-0125,Crash Position Indicator – Modification Aircraft Flight Manual – Amendment,MIS,27-May-2014,DGCA/New-Misc/163,,,0:00, ,"HR Smith (Technical Developments) Crash Position Indicator (CPI) system 15-503-134-1 series, if equipped with - Beacon Release Unit (BRU) Part Number (P/N) 503-21-1, and - System Interface Unit (SIU) P/N 503-24 or P/N 503-24-2 or P/N 503-24-6. This CPI system is known to be installed on, but not limited to the following aircraft: - Airbus Helicopters (formerly Eurocopter) Model EC 225 LP",Select,Edit,Delete,View
D,M164,35,EASA AD 2014-0142Rev 1,Oxygen – Oxygen Mask Regulator Inflatable Harness / Inflation Hose – Identification / Replacement,MIS,24-Jun-2014,DGCA/New-Misc/164,,,0:00, ,"Flight Crew Oxygen Mask Regulators MC10 series, having a Part Number (P/N) as identified in Section 1.A.(1) of Zodiac Aerotechnics Service Bulletin (SB) MC10-35-274 Revision 1 issue dated 18 April 2014.",Select,Edit,Delete,View
D,M164,35,EASA AD 2014-0142Rev 1,Oxygen – Oxygen Mask Regulator Inflatable Harness / Inflation Hose – Identification / Replacement,MIS,24-Jun-2014,DGCA/New-Misc/164,,,0:00, ,"Flight Crew Oxygen Mask Regulators MC10 series, having a Part Number (P/N) as identified in Section 1.A.(1) of Zodiac Aerotechnics Service Bulletin (SB) MC10-35-274 Revision 1 issue dated 18 April 2014. having a DMF code of November 2008 (0845-S or 08/45-S) or earlier, and those with a DMF of January 2011 (1101-S or 11/01-S) or later, is excluded from the inspection.",Select,Edit,Delete,View
D,M165,25,EASA AD 2014-0187,Equipment & Furnishings – Safety Belt Attachment Bolts – Inspection / Replacement,MIS,03-Sep-2014,DGCA/New-Misc/165,,,0:00, ,"Geven S.p.A. – Aircraft Seating and Interiors. Type D1-02 and D1-03 seats, also known as “Lightweight Classic” and “Lightweight Prestige”, Part Numbers (P/N) as specified in Geven Service Bulletin (SB) No. D103-25-004 Revision 2.The affected seats are known to be installed on, but not limited to, ATR 42 and ATR 72 aeroplanes.",Select,Edit,Delete,View
D,M165,25,EASA AD 2014-0187,Equipment & Furnishings – Safety Belt Attachment Bolts – Inspection / Replacement,MIS,03-Sep-2014,DGCA/New-Misc/165,,,0:00, ,"Type D1-02 and D1-03 seats, also known as “Lightweight Classic” and “Lightweight Prestige”, Part Numbers (P/N) as specified in Geven Service Bulletin (SB) No. D103-25-004 Revision 2.The affected seats are known to be installed on, but not limited to, ATR 42 and ATR 72 aeroplanes.",Select,Edit,Delete,View
,M166,25,EASA AD 2014-0188 R4,Equipment & Furnishings – Emergency Flotation System – Rotorcraft Flight Manual (Supplement) Limitation,MIS,01-Sep-2014,DGCA/New-Misc/166 R3,,,0:00, ,"This MOD applicable to only Airbus Helicopter Model SA 365,AS 365, EC 155, AS 332 and EC 225 helicopter, Airbus helicopters Deutschland Gmbh Model MM-BK117/helicopters and Agustawestland model AB412 and 412EP Helicopters.",Select,Edit,Delete,View
,M167,25,EASA AD 2014-0244,Equipment & Furnishings – Emergency Flotation System – Rotorcraft Flight Manual (Supplement) Limitation,MIS,26-Nov-2014,DGCA/New-Misc/167 R1,,,0:00, ,"Sikorsky S-76A, S-76B, S-76C and S-92A helicopters, all serial numbers (s/n), BHTI 212, 214B, 214B-1, 214ST, 412 and 412EP helicopters, all s/n, BHTC 222, 222B, 222U, 230 and 430 helicopters, all s/n, if equipped with an Emergency Flotation System (EFS), all part numbers, as approved optional kit for ditching provision from the helicopter Manufacturer or by a Supplemental Type Certificate (STC).",Select,Edit,Delete,View
D,M168,34,FAA AD 2014-18-01,Detect And Correct Mode S Transponders,MIS,14-Oct-2014,DGCA/New-Misc/168,,,0:00, ,"This AD applies to the following Rockwell Collins, Inc. part number (P/N) Mode S transponders TDR-94: CPN 622-9352-008, 622-9352-108, 622-9352-308, 622-9352-408; and TDR-94D: CPN 622-9210-008, 622-9210-108, 622-9210-308, 622-9210-408.",Select,Edit,Delete,View
D,M168,34,FAA AD 2014-18-01,Detect And Correct Mode S Transponders,MIS,14-Oct-2014,DGCA/New-Misc/168,,,0:00, ,"This AD applies to the following Rockwell Collins, Inc. part number (P/N) Mode S transponders TDR-94: CPN 622-9352-008, 622-9352-108, 622-9352-308, 622-9352-408; and TDR-94D: CPN 622-9210-008, 622-9210-108, 622-9210-308, 622-9210-408.",Select,Edit,Delete,View
D,M168,34,FAA AD 2014-18-01,Detect And Correct Mode S Transponders,MIS,14-Oct-2014,DGCA/New-Misc/168,,,0:00, ,"This AD applies to the following Rockwell Collins, Inc. part number (P/N) Mode S transponders TDR-94: CPN 622-9352-008, 622-9352-108, 622-9352-308, 622-9352-408; and TDR-94D: CPN 622-9210-008, 622-9210-108, 622-9210-308, 622-9210-408.",Select,Edit,Delete,View
,M169,25,FAA AD 2015-10-02,"TO DETECT AND CORRECT CRACKS IN THE BACKREST LINKS, WHICH COULD AFFECT THE STRUCTURAL INTEGRITY OF SEAT BACKRESTS. FAILURE OF THE BACKREST LINKS COULD RESULT IN INJURY TO AN OCCUPANT DURING EMERGENCY LANDING CONDITIONS",MIS#,06-Jun-2015,DGCA/NEW-MISC /169R1,,,0:00, ,"This AD applies to Zodiac Seats France 9140, 9166, 9173, 9174, 9184, 9188, 9196, 91B7, 91B8, 91C0, 91C2, 91C4, 91C5, 91C9, 9301, and 9501 series passenger seat assemblies; identified in Annex 1, Issue 3, dated January 25, 2012, of Sicma Aero Seat Service Bulletin 90-25-012, Issue 6, dated January 25, 2012. These passenger seat assemblies are installed on, but not limited to, the airplanes identified in paragraphs (c)(1), (c)(2) and (c)(3) of this AD, certificated in any category. (1) Airbus Model A330-200, A330-200 Freighter, and A320-300 series airplanes. (2) Airbus Model A340-200, A340-300, A340-500, and A340-600 series airplanes. (3) The Boeing Company Model 777-200, 777-200LR, 777-300, 777-300ER, and 777F series airplanes.",Select,Edit,Delete,View
,M169,25,FAA AD 2015-10-02,"TO DETECT AND CORRECT CRACKS IN THE BACKREST LINKS, WHICH COULD AFFECT THE STRUCTURAL INTEGRITY OF SEAT BACKRESTS. FAILURE OF THE BACKREST LINKS COULD RESULT IN INJURY TO AN OCCUPANT DURING EMERGENCY LANDING CONDITIONS",MIS#,11-Jun-2015,DGCA/NEW-MISC /169R1,,,0:00, ,"This AD applies to Zodiac Seats France 9140, 9166, 9173, 9174, 9184, 9188, 9196, 91B7, 91B8, 91C0, 91C2, 91C4, 91C5, 91C9, 9301, and 9501 series passenger seat assemblies; identified in Annex 1, Issue 3, dated January 25, 2012, of Sicma Aero Seat Service Bulletin 90-25-012, Issue 6, dated January 25, 2012. These passenger seat assemblies are installed on, but not limited to, the airplanes identified in paragraphs (c)(1), (c)(2) and (c)(3) of this AD, certificated in any category. (1) Airbus Model A330-200, A330-200 Freighter, and A320-300 series airplanes. (2) Airbus Model A340-200, A340-300, A340-500, and A340-600 series airplanes. (3) The Boeing Company Model 777-200, 777-200LR, 777-300, 777-300ER, and 777F series airplanes.",Select,Edit,Delete,View
,M170,1,EASA AD 2014-0279,Equipment/Furnishing - Restraint System Rotary Buckle Sub-Assembly - Identification/Replacement,MIS#,19-Jan-2014,DGCA/NEW-MISC/170,,,0:00, ,"Romtex Anjou Aeronautique model 358 torso restraint systems. These restraint systems are known to be installed on, but not limited to, Airbus Helicopters EC130 T2, AS 350 B2 and B3 helicopters",Select,Edit,Delete,View
,M170,25,EASA AD 2014-0279,Equipment / Furnishing – Restraint System Rotary Buckle Sub-Assembly – Identification / Replacement,MIS#,02-Jan-2015,DGCA/New-Misc/170,,,0:00, ,"Romtex Anjou Aeronautique model 358 torso restraint systems. These restraint systems are known to be installed on, but not limited to, Airbus Helicopters EC130 T2, AS 350 B2 and B3 helicopters.",Select,Edit,Delete,View
,M171,34,FAA AD 2015-10-51 Emergency AD,"ATA 34 - Navigation, To prevent such incorrect display of lateral deviations, which could result in the pilot making flight decisions that put the aircraft in unsafe flight conditions, flying into airspace that was, by the GPS approach design, to be avoided (Terrain, Obstacle, Traffic, Restricted)",MIS,19-May-2015,DGCA/NEW-MISC/171,,,0:00, ,"Avidyne Corporation (Avidyne) Integrated Flight Displays (IFDs) part number (P/N) 700-00083-( ) loaded with software release 9.3.1.0 or earlier release (referred to as Model R9 – 10 inch), P/N 700-00171-( ) loaded with software release 9.2.5.0 or earlier release (referred to as Model R9 - 12 inch), and P/N 700-00182-( ) loaded with software release 10.0.3.0 or earlier release (referred to as Model IFD540). Refer AD for further details.,",Select,Edit,Delete,View
,M171,34,"FAA AD 2015-10-51,Emergency AD","ATA 34-Navigation,to prevent such incorrect display of lateral deviations,which could result in the pilot making flight decisions that put the aircraft in unsafe flight conditions,flying into airspace that was , by the GPS approach design,to be avoided was,by the GPS approach design,to be avoided (TERRIN, OBSTACLE, TRAFFIC, RESTRICTED)",MIS#,29-May-2015,DGCA/New-Misc/171,,,0:00, ,"This MOD is Applicable to only Avidyne Corporation (Avidyne) Integrated Flight Displays (IFDs) part number (P/N) 700-00083-( ) loaded with software release 9.3.1.0 or earlier release (referred to as Model R9 – 10 inch), P/N 700-00171-( ) loaded with software release 9.2.5.0 or earlier release (referred to as Model R9 - 12 inch), and P/N 700-00182-( ) loaded with software release 10.0.3.0 or earlier release (referred to as Model IFD540).",Select,Edit,Delete,View
,M172,35,FAA AD 2015-08-07,"To detect and correct defective harness, which could lead in case of a sudden depressurization event, to a harness rupture thereby providing inadequate protection against hypoxia and possibly resulting in unconsciousness of the affected flight crew member and consequent reduced control of the airplane",MIS#,02-Jun-2015,DGCA/New-Misc/172,,,0:00, ,"Applicable to Zodiac Aerotechnics manufactured oxygen mask regulators only -Oxygen mask regulators having a date of manufacturing (DMF) code of November 2008 (112008 or 11-08) or earlier, and those with a DMF code of January 2011 (012011 or 01-11) or later. -Kindly refer Annexure 1 for non-applicability.",Select,Edit,Delete,View
,M172,35,FAA AD 2015-08-07,"To detect and correct defective harnesses, which could lead, in case of a sudden depressurization event, to a harness rupture, thereby providing inadequate protection against hypoxia and possibly resulting in unconsciousness of the affected flightcrew member and consequent reduced control of the airplane.",MIS,26-May-2015,DGCA/NEW-MISC/172,,,0:00, ,"This AD applies to Zodiac Aerotechnics (formerly Intertechnique Aircraft Systems) flightcrew oxygen mask regulators, all part number (P/N) MA10, MC10, MC20, MF10, MF20, MLC20, MLD20, MRA005, MRA022, and MRA023 series; certificated in any category; installed on, but not limited to, airplanes manufactured by Airbus, ATR, BAE Systems (Type Certificate previously held by British Aerospace), Boeing, Bombardier (Type Certificate previously held by Canadair, De Havilland Canada), Cessna, Dassault, EADS CASA, EMBRAER, Gulfstream, Hawker Beechcraft (Type Certificate previously held by Raytheon, Beech), Israel Aircraft Industries (IAI), McDonnell Douglas, Piaggio, Pilatus, Piper, and SOCATA.",Select,Edit,Delete,View
,M173,34,EASA AD 2015-0093,ATA 34 - Navigation – Attitude Heading Reference System – Modification / Replacement,MIS#,10-Jun-2015,DGCA/NEW-MISC/173,,,0:00, ,"Northrop Grumman LITEF GmbH LCR-100 Attitude Heading Reference System (AHRS), Part Number (P/N) 145130-2000, P/N 145130-2001, P/N 145130-7000, P/N 145130-7001 and P/N 145130-7100.",Select,Edit,Delete,View
,M173,34,EASA AD 2015-0093,Navigation – Attitude Heading Reference System – Modification / Replacement,MIS#,11-Jun-2015,DGCA/New-Misc/173,,,0:00, ,"This MOD is Applicable to only Northrop Grumman LITEF GmbH LCR-100 Attitude Heading Reference System (AHRS), Part Number (P/N) 145130-2000, P/N 145130-2001, P/N 145130-7000, P/N 145130-7001 and P/N 145130-7100.",Select,Edit,Delete,View
,M174,26,FAA AD 2015-16-04,"To prevent fire extinguishers from failing to operate in the event of a fire, which could jeopardize occupants' safety and continuation of safe flight and landing",MIS,24-Aug-2015,DGCA/NEW-MISC/174,,,0:00, ,"This Mod applies to Kidde Graviner hand-operated fire extinguishers having part numbers 56412-001 (34H), 56411-001 (35H), and 56412-002 (38H). These fire extinguishers may be installed on, but not limited to, aircraft, certificated in any category, specified in paragraphs (c)(1), (c)(2), (c)(3), (c)(4), (c)(5), and (c)(6) of referred AD.",Select,Edit,Delete,View
,M175,26,FAA AD 2015-15-14,"Fire Protection, To detect and correct solder deposited on the frangible plug of the fire extinguisher, which could result in failure of the fire extinguisher to discharge, and consequent inability to put out a fire in an engine or in the APU.",MIS,04-Aug-2016,DGCA/New-Misc/175,,,0:00, ,"This AD applies to all BAE Systems (Operations) Limited Model ATP airplanes, certificated in any category, all manufacturer serial numbers. For airplanes equipped with Kidde Graviner fire extinguishers having part number (P/N) 57183 (all dash numbers)",Select,Edit,Delete,View
,M176,35,FAA AD 2015-23-09,"ATA 35, OXYGEN - To detect and correct affected oxygen mask regulators, which could lead, In case of mask usage at or above 10,000 feet after a depressurization event, To the inhalation of air with improper content of oxygen, Due to the bad dilution settings, thereby providing inadequate protection to the affected flightcrew against hypoxia. Hypoxia can start from a headache and drowsiness and lead eventually to unconsciousness with severe consequence in terms of airplane controllability.",MIS,04-Aug-2016,DGCA/New-Misc/176,,,0:00, ,"This AD applies to Zodiac Aerotechnics (formerly Intertechnique Aircraft Systems) flightcrew oxygen mask regulators having part number MC10, MF10, and MF20 series, with serial numbers listed in Appendix 1 of Zodiac Services Service Bulletin MCF-SBU-35-001, Revision 1, dated December 3, 2012.",Select,Edit,Delete,View
,M177,35,FAA AD 2017-18-12,"ATA 35, Oxygen - To correct the unsafe condition on B/E Aerospace protective breathing equipment (PBE), P/N 119003-11.",MIS,25-Oct-2017,DGCA/New-Misc/177 R1,,,0:00, ,"This AD applies to B/E Aerospace Protective Breathing Equipment (PBE), part number (P/N) 119003-11, that is installed on airplanes.",Select,Edit,Delete,View
,M178,26,EASA AD 2016-0024,ATA 26 – Fire Protection – Optical and Ambient Smoke Detectors – Identification / Replacement,MIS#,11-Aug-2016,DGCA/New-Misc/178,,,0:00, ,"Part Number (P/N) PMC1102-02, P/N PMC3100-00 and P/N GMC1102-02 smoke detectors, having a date of manufacture (DMF, in digits as ‘MMYYYY’, e.g. 072010, see Appendix 2 of this AD) between November 2010 to January 2013 inclusive, and certain repaired units, as identified by P/N and serial number (s/n) in Appendix 1 of this AD.",Select,Edit,Delete,View
,M182,25,EASA AD 2016-0167,Equipment / Furnishing - Rear Cabin Attachment Seat- Inspection / Repair,MIS#,20-Jan-2017,DGCA/New-Misc/182,,,0:00, ,"Manufacturer: Zodiac Seats France (Formerly Sicma Aero Seat). CAS 536-series attendant seats, having part number (P/N) 53600, all dash numbers, all serial numbers.",Select,Edit,Delete,View
,M183,25,EASA AD No. 2016-0210,Equipment / Furnishings - Seat Energy Absorber Assembly - Replacement,MIS#,20-Jan-2017,DGCA/New-Misc/183,,,0:00, ,"Manufacturer: B/E Aerospace Fischer GmbH, formerly Fischer + Entwicklungen GmbH & Co. KG. Attendant Seats NG and Pilot Seats 120/335, all Part Numbers (P/N) and serial numbers (s/n) listed in Appendix I of this AD.",Select,Edit,Delete,View
,M185,25,EASA AD 2016-0256,Equipment / Furnishings - Pilot and Co-pilot Seats - Modification,MIS#,20-Jan-2017,DGCA/New-Misc/185,,,0:00, ,"Manufacturer: IPECO Holding Ltd (previously IPECO Europe Ltd) Type 3A063 pilot and co-pilot seats, identified by Part Number (P/N) in Appendix 1 of this AD, all serial numbers.",Select,Edit,Delete,View
,M190,23,FAA AD 2017-04-06,"TO PREVENT DISPLAY OF MISLEADING ALTITUDE DATA, WHICH COULD RESULT IN INADVERTENT FLIGHT INTO TERRAIN",MIS#,25-Oct-2017,DGCA/New-Misc/190,,,0:00, ,"This AD applies to United Instruments, Inc. 5934 series altimeters that were manufactured between January 2015 and February 2016 and installed in airplanes and helicopters.",Select,Edit,Delete,View
,M191,100,FAA AD 2017-06-03,"TO DETECT AND CORRECT A HAZARDOUS CONDITION CAUSED BY DETERIORATION OF THE COMBUSTION HEATER, WHICH COULD LEAD TO IGNITION OF COMPONENTS AND RESULT IN SMOKE AND FUMES IN THE CABIN",MIS#,25-Oct-2017,DGCA/New-Misc/191,,,0:00, ,"This AD applies to Meggitt (Troy), Inc. (previously known as Stewart Warner South Wind Corporation and as Stewart Warner South Wind Division) Models (to include all dash number and model number variants) 921, 930, 937, 940, 944, 945, 977, 978, 979, 8240, 8253, 8259, and 8472 combustion heaters",Select,Edit,Delete,View
,M192,100,FAA AD 2017-09-09,TO PREVENT SERIOUS INJURY TO THE OCCUPANT DURING FORWARD IMPACTS IN EMERGENCY LANDING CONDITIONS,MIS#,25-Oct-2017,DGCA/New-Misc/192,,,0:00, ,"This AD applies to Zodiac Seats California LLC seating systems having the model numbers and part numbers identified in table 1 to paragraphs (c), (g), (i), (j), and (k) of this AD",Select,Edit,Delete,View
,M193,23,FAA AD 2017-11-11,TO DEFINES THE UNSAFE CONDITION AS AN ADSB UNIT INCORRECTLY BROADCASTING A SOURCE INTEGRITY LEVEL (SIL) OF 3 INSTEAD OF ITS AUTHORIZED SIL OF 0. THIS CONDITION COULD RESULT IN THE UNIT COMMUNICATING UNRELIABLE POSITION INFORMATION TO AIR TRAFFIC CONTROL,MIS#,25-Oct-2017,DGCA/New-Misc/193,,,0:00, ,"This AD applies to the following NavWorx, Inc., Automatic Dependent Surveillance-Broadcast (ADS-B) Universal Access Transceiver units (unit) installed on aircraft certificated in any category.",Select,Edit,Delete,View
,M194,1,FAA AD 2017-16-04,"THIS AD DEFINES THE UNSAFE CONDITION AS A BROKEN BUCKLE KNOB. THIS CONDITION COULD RESULT IN A RESTRAINT SYSTEM STRAP FAILING TO RELEASE FROM THE BUCKLE, PREVENTING OCCUPANTS FROM EXITING THE HELICOPTER DURING AN EMERGENCY",MIS#,25-Oct-2017,DGCA/New-Misc/194,,,0:00, ,"This AD applies to Romtex torso restraint systems (restraint systems) with a rotary buckle sub-assembly (buckle assembly) with a part number and serial number as listed in the Effectivity, paragraph 1.2, of Anjou Aero Service Bulletin No. 358SB-14-101",Select,Edit,Delete,View
,M195,25,EASA AD 2017-0001,EQUIPMENT / FURNISHINGS – CABIN ATTENDANT SEAT – INSPECTION,MIS#,25-Oct-2017,DGCA/New-Misc/195,,,0:00, ,"Cabin Attendant Seats 536 series, Part Number (P/N) 53600, all dash numbers, all serial numbers.",Select,Edit,Delete,View
,M196,26,FAA AD 2017-19-05,"TO PREVENT FAILURE OF THE SMOKE DETECTOR, ON-BOARD UNCONTROLLED FIRE, AND DAMAGE TO THE AIRPLANE",MIS#,25-Oct-2017,DGCA/New-Misc/196,,,0:00, ,"This AD applies to Siemens S.A.S. smoke detectors, part numbers (P/Ns) PMC1102-02, PMC3100-00, and GMC1102-02, with serial numbers (S/Ns) listed in paragraph 1/D/ of Siemens Service Information Letter (SIL) No. PMC-26-002 R1.",Select,Edit,Delete,View
,M197,1,FAA AD 2017-22-02,To prevent unexpected movement of pilot and co-pilot seatson take off and landing. The unsafe condition if not corrected could result in reduced control of the airplane.,MIS,27-Dec-2017,DGCA/NEW-MISC/197,,,0:00, ,"This AD applies to Ipeco Holdings Ltd. (Ipeco) pilot and co-pilot seats with a part number listed in the Planning Information section of Ipeco Service Bulletins (SBs) Number 063-25-08, Revision 00; Number 063-25-09, Revision 00; and Number 063-25-10, Revision 00; all datedMay 31, 2016.",Select,Edit,Delete,View
,M198,25,EASA AD 2017-0225,ATA 25 – Equipment / Furnishings – Seat Restraint Systems – AFM Amendment / Modification,MIS,09-Jan-2018,DGCA/NEW-MISC/198,,,0:00, ,"Schroth Safety Products (hereafter referred to as “Schroth” in this AD) seat restraint systems Part Number (P/N) 4-01-( ), P/N 4-02-( ), P/N 4-03-( ), P/N 4-04-( ), P/N 1-09-043201BCR, P/N 1-09-483D01 and P/N 510100-01 REVA, all dash numbers, all serial numbers, if equipped with a buckle type as listed in Appendix 1 of this AD. (For detail refer SB)",Select,Edit,Delete,View
,M199,78,FAA AD 2018-02-04,Joint Aircraft system component - Muffler/Cuff Spot Weld Failure,MIS,06-Apr-2018,DGCA/NEWMISC/199,,,0:00, ,"This AD applies to Aerospace Welding Minneapolis, Inc. (AWI) mufflers: Muffler part No.: A1754001-23, S/N: 33553 through 33557; 34721 through 34728; 35322 through 35329; 35670; 38481 through 38485; 38584 through 38586; and 38723 through 38727. Muffler part No.: A1754001-25, S/N: 32795 through 32800; 33558 through 33569; 33779 through 33790; 34636 through 34653; 34968 through 34984; 35159 through 35176; 37903 through 37906; 38174 through 38193; 38502 through 38506; 38566 through 38575; and 38817 through 38836.",Select,Edit,Delete,View
,MM 35,64,FAA AD 2012-18-09 ASB 407-10-93 Rev A.,An Unsafe Condition As An Incorrect Torque Value Of The Tail Boom Attachment Bolt During Manufactures Exceeds The Torque Range For The Bolts.,MOD*,12-Dec-2011,DGCA/ Bell 407/35,,,0:00, ,"AD applies to BHTC Model 407 helicopters, serial numbers 53000 through 53990,certificated in any category",Select,Edit,Delete,View
,MM 45,63,FAA AD 2019-08-10,"Joint Aircraft Service Component (JASC) Code: 6300, Main Rotor Drive System",MOD,24-Jun-2019,DGCA/BELL 407/45,,,0:00, ,"This AD applies to Bell Model 206A, 206B, 206L, 206L -1, 206L -3, 206L -4, and 407 helicopters, certificated in any category.",Select,Edit,Delete,View
,MM 45,63,FAA AD 2019-08-10,"Joint Aircraft Service Component (JASC) Code: 6300, Main Rotor Drive System.",MOD,24-Jun-2019,DGCA/BELL407/45,,,0:00, ,"This AD applies to Bell Model 206A, 206B, 206L, 206L -1, 206L -3, 206L -4, and 407 helicopters, certificated in any category.",Select,Edit,Delete,View
,TB 001,73,TB 407-14-115,"FADEC MODE SWITCH SPACER, INSTALLATION",SB,20-Jan-2015,TB 407-15-115,,,0:00, ,Serial numbers 54300 through 54548.,Select,Edit,Delete,View
,TB 407-07-78RB,53,TB 407-07-78RB,"AFT FUSELAGE BULKHEAD AT FS 231.4, INSTALLATION OF.",SB,09-Apr-2024,TB 407-07-78RB,,,0:00, ,"Serial numbers 53000 through 53900, 53911 through 54166, 54300 through 54752, 54805 and subsequent.",Select,Edit,Delete,View
,TB 407-12-96 RA,53,TB 407-12-96 RA,"AFT FUSELAGE UPPER LEFT LONGERON ASSEMBLY P/N 206-031-314-237B, INTRODUCTION OF.",SB$,22-Jun-2012,TB 407-12-96 RA,,,0:00, ,"Serial number 53000 through 53900, 53911 through 54061 and 54300.",Select,Edit,Delete,View
,TB 407-12-96RB,53,TB 407-12-96RB,TB 407-12-96RB,SB,01-May-2024,TB 407-12-96RB,,,0:00, ,"AFT FUSELAGE UPPER LEFT LONGERON ASSEMBLY P/N 206-031-314-237B, INTRODUCTION OF.",Select,Edit,Delete,View
,TB 407-17-125,53,TB 407-17-125,"AFT FUSELAGE 2-PIECE UPPER LEFT LONGERON ASSEMBLY 407-030-067-105, INSTALLATION OF.",SB$,21-Aug-2020,TB 407-17-125,,,0:00, ,"Serial numbers 53000 through 53900, 53911 through 54166, 54300 through 54752, 54805 and subsequent.",Select,Edit,Delete,View
,TB 407-17-125RA,53,TB 407-17-125RA,"AFT FUSELAGE 2-PIECE UPPER LEFT LONGERON ASSEMBLY 407-030-067-105, INSTALLATION OF.",SB,04-Apr-2024,TB 407-17-125RA,,,0:00, ,"Serial numbers 53000 through 53900, 53911 through 54166, 54300 through 54752, 54805 through 54999, 56300 and subsequent.",Select,Edit,Delete,View
,TB 407-19-130,25,TB 407-19-130,"IMPROVED AFT ENGINE FIREWALL INSTALLATION KIT 407-704-037-101 and -103, INTRODUCTION OF.",SB$,28-Jul-2022,TB 407-19-130,,,0:00, ,"Serial numbers 53000 through 53900, 53911 through 54166, 54300 through 54752, 54806 through 54815, 54817 through 54823, 54825 through 54831.",Select,Edit,Delete,View
,TB 407-19-131,28,TB 407-19-131,"FUEL FILTER ASSEMBLY 222-366-621-103, UPGRADE OF.",SB$,29-Aug-2023,TB 407-19-131,,,0:00, ,"Serial numbers 53000 through 53900, 53911 through 54166, and 54300 through 54303, 54305 through 54566, and 54568 through 54800.",Select,Edit,Delete,View
,TB 407-20-132,52,TB 407-20-132,"LITTER DOOR HANDLE ASSEMBLY, MODIFICATION OF.",SB$,28-Nov-2022,TB 407-20-132,,,0:00, ,"Serial numbers 53000 through 53900, 53911 through 53999, 54000 through 54134, 54136 through 54166, 54300 through 54800, 54805 through 54989.",Select,Edit,Delete,View
,TB 407-20-133,95,TB 407-20-133,"ENGINE TORQUE, ENGINE OIL PRESSURE, AND TRANSMISSION OIL PRESSURE INDICATION SYSTEMS, MODIFICATION OF.",SB$,16-Oct-2023,TB 407-20-133,,,0:00, ,"Part I: Serial numbers 53000 through 53900, 53911 through 54166, 54300 through 54752, 54805 through 54929.",Select,Edit,Delete,View
,TB 407-20-134,95,TB 407-20-134,"ENGINE TORQUE INDICATION SYSTEM, MODIFICATION OF",SB,07-Jun-2023,TB 407-20-134,,,0:00, ,"Serial numbers 54304, 54567, 54805 through 54903, 54905 through 54906, 54908 through 54910 and 54912. [Serial numbers 54904, 54907, 54911, 54913 and subsequent will have the intent of this bulletin accomplished prior to delivery.]",Select,Edit,Delete,View
,TB 407-20-135,22,TB 407-20-135,"AUTOMATIC FLIGHT CONTROL SYSTEM (AFCS), MODIFICATION OF",SB#,16-Feb-2026,TB 407-20-135,,,0:00, ,"Serial numbers 54304, 54567, 54805 through 54903, 54905 through 54906, 54908 through 54910 and 54912 with 407-706-061-103 or 407-706-061-107 AFCS kit installed. [Serial numbers 54904, 54907, 54911, 54913 and subsequent will have the intent of this bulletin accomplished prior to delivery.]",Select,Edit,Delete,View
D,TB 407-22-138,26,TB 407-22-138,"HALON FREE CABIN FIRE EXTINGUISHER, INTRODUCTION OF.",SB$,18-May-2022,TB 407-22-138,,,0:00, ,"53000 through 53900, 53911 through 53999, 54000 through 54166, 54300 through 54800, 54805 through 54999, and 56300 through 56999.",Select,Edit,Delete,View
D,TB 407-22-138,26,TB 407-22-138,"HALON FREE CABIN FIRE EXTINGUISHER, INTRODUCTION OF.",SB$,18-May-2022,TB 407-22-138,,,0:00, ,"53000 through 53900, 53911 through 53999, 54000 through 54166, 54300 through 54800, 54805 through 54999, and 56300 through 56999.",Select,Edit,Delete,View
,TB 407-22-139,99,TB 407-22-139,"CARGO HOOK KIT 206-706-341-141 WEIGHT INCREASE TO 3100 LBS, MODIFICATION OF.",SB$,06-Apr-2023,TB 407-22-139,,,0:00, ,"Serial numbers 53000 through 53900, 53911 through 53999, 54000 through 54166, 54300 through 54799, 54805 through 54999, 56300 and subsequent. [Helicopters with cargo hook kit 206-706-341-143 installed will have the intent of this bulletin accomplished.]",Select,Edit,Delete,View
,TB 407-23-140,25,TB 407-23-140,"COLLECTIVE PITCH TRANSDUCER 412-074-101-105, INTRODUCTION OF.",SB,02-Mar-2023,TB 407-23-140,,,0:00, ,"Serial numbers 54304, 54567, 54805 through 54999, and 56300 through 56339. [Serial number 56340 and subsequent will have the intent of this bulletin accomplished prior to delivery.]",Select,Edit,Delete,View
D,TB 407-24-142 Rev A,62, ,"MAIN ROTOR PITCH LINK UNIVERSAL BEARING, LUBRICANT CONVERSION PROCEDURE FROM THIXO SYN (C-172) TO MOBILGREASE 28 (C-001), INTRODUCTION OF.",SB,21-Mar-2025,TB 407-24-142 Rev A,,,0:00, ,"Serial numbers 53000 through 53900, 53911 through 54166, 54300 through 54752, 54805 through 54999, 56300 and subsequent",Select,Edit,Delete,View
D,TB 407-24-142 Rev A,62, ,"MAIN ROTOR PITCH LINK UNIVERSAL BEARING, LUBRICANT CONVERSION PROCEDURE FROM THIXO SYN (C-172) TO MOBILGREASE 28 (C-001), INTRODUCTION OF.",SB,21-Mar-2025,TB 407-24-142 Rev A,,,0:00, ,"Serial numbers 53000 through 53900, 53911 through 54166, 54300 through 54752, 54805 through 54999, 56300 and subsequent",Select,Edit,Delete,View
,TB 407-25-143,53,TB 407-25-143,"Machined aft fuselage lower tailboom attachment longerons 407-030-014-101 and 407-030-014-102, introduction",SB,19-Aug-2025,TB 407-25-143,,,0:00, ,Serial numbers 53000 through 53553.,Select,Edit,Delete,View
,TB 407-25-144,25,TB 407-25-144,"5 G RADAR ALTIMETER FILTER KIT 407-704-039-101, INTRODUCTION.",SB,28-Aug-2025,TB 407-25-144,,,0:00, ,"Serial numbers 54304, 54567, 54805 through 54999, 56300 and subsequent with Radar Altimeter Kit 407-706-054-103 installed in conjunction with Radar Altimeter Antenna Relocation 407-899-142-103.",Select,Edit,Delete,View
,TC AD CF-2021-53,34,FAA AD 2021-23-13,Navigation – Rotorcraft – Prohibition of Operations Requiring Radio Altimeter in the Presence of 5G C-Band Wireless Broadband Interference,AD,24-Dec-2021,TC AD CF-2021-53,,,0:00, ,This AD applies to all helicopters certificated in any category for which the design approval document holder is identified below: 1) Airbus Helicopters 2) Airbus Helicopters Deutschland GmbH 3) Bell Textron Canada Limited 4) Hélicoptères Guimbal 5) Leonardo S.p.a.,Select,Edit,Delete,View
,TC AD CF-2022-68,53,ASB 407-22-128,Fuselage – Tailboom – Loss of Tailboom Attachment Hardware.,AD,15-Dec-2022,TC AD CF-2022-68,,,0:00, ,"Bell Textron Canada Limited (Bell) model 407 helicopters, serial numbers 53000 through 53900, 53911 through 53999, 54000 through 54166, 54300 through 54800, 54805 through 54954, 54956 through 54997, 54999, and 56300 through 56304.",Select,Edit,Delete,View
,TC AD CF-2023-11,28,ASB 407-21-124,Fuel System – Standpipe Assembly Sharp Edges Leading to Fuel Quantity Wiring Harness Chafing Condition.,AD,23-Feb-2023,TC AD CF-2023-11,,,0:00, ,"Bell Helicopter Textron Canada Limited (Bell) model 407 helicopters, serial numbers 54832 through 54931, 54933 through 54939, and 54942 through 54954.",Select,Edit,Delete,View
,TC AD CF-2023-49,34,FAA AD 2023-11-07,Navigation – Rotorcraft – Prohibition of Operations Requiring Radio Altimeter When Operating in the Contiguous United States due to 5G C-Band Wireless Broadband Interference.,AD,05-Jul-2023,TC AD CF-2023-49,,,0:00, ,"This AD applies to all helicopters, certificated in any category, equipped with a radio (also known as radar) altimeter. These radio altimeters are installed on various helicopter models including, but not limited to, the helicopters for which the design approval holder is identified below: 3) Bell Textron Canada Limited",Select,Edit,Delete,View
,TC AD CF-2023-63,64,ASB 407-23-132,Tail Rotor Blade – Missing Adhesive between Upper Skin and Core,AD,17-Aug-2023,TC AD CF-2023-63,,,0:00, ,Affected tail rotor blade: part number (P/N) 406-016-100-119 tail rotor blade having serial numbers listed in Table 1 of Part I of the Accomplishment Instructions of the applicable ASB.,Select,Edit,Delete,View
,TC AD CF-2024-15,34, ,Navigation – Rotorcraft – Limitations of Operations with Non-Tolerant Radio Altimeter when Operating in Canada due to 5G C-Band Wireless Broadband Interference,AD,15-May-2024,TC AD CF-2024-15,,,0:00, ,"This AD applies to all helicopters, certified in any category, equipped with a radio (also known as radar) altimeter. These radio altimeters are installed on various helicopter models including, but not limited to, the helicopters for which the design approval holder is identified below:",Select,Edit,Delete,View
,TC AD CF-2024-15,34,TC AD CF-2024-15,Navigation – Rotorcraft – Limitations of Operations with Non-Tolerant Radio Altimeter when Operating in Canada due to 5G C-Band Wireless Broadband Interference,AD,15-May-2024,TC AD CF-2024-15,,,0:00, ,"his AD applies to all helicopters, certified in any category, equipped with a radio (also known as radar) altimeter. These radio altimeters are installed on various helicopter models including, but not limited to, the helicopters for which the design approval holder is identified below: 1) Airbus Helicopters 2) Airbus Helicopters Deutschland GmbH 3) Air Space Design and Manufacturing, LLC",Select,Edit,Delete,View
,TC AD CF-2024-15,34,TC AD CF-2024-15,Navigation – Rotorcraft – Limitations of Operations with Non-Tolerant Radio Altimeter when Operating in Canada due to 5G C-Band Wireless Broadband Interference,SB,15-May-2024,TC AD CF-2024-15,,,0:00, ,"This AD applies to all helicopters, certified in any category, equipped with a radio (also known as radar) altimeter. These radio altimeters are installed on various helicopter models including, but not limited to, the helicopters for which the design approval holder is identified below: 1) Airbus Helicopters 2) Airbus Helicopters Deutschland GmbH 3) Air Space Design and Manufacturing, LLC 4) Bell Textron Canada Limited",Select,Edit,Delete,View
,TC AD CF-2024-18,67,ASB 407-23-130,Rotors Flight Control – Cyclic Stick Tube Cracking,AD,12-Jun-2024,TC AD CF-2024-18,,,0:00, ,"Bell Textron Canada Limited (Bell) model 407 helicopters, serial numbers 53000 through 53900, 53911 through 53999, 54000 through 54166, 54300 through 54800, 54805 through 54999, 56300 through 56305, and 56311 through 56315, installed with cyclic stick tube assembly part number (P/N) 206-001- 342-101 or 206-001-342-101FM.",Select,Edit,Delete,View
D,TC AD CF-2025-21,62,ASB 407-24-137,Main Rotor – Expandable Blade Bolt incorrect heat treatment,AD,22-Apr-2025,TC AD CF-2025-21,,,0:00, ,"Bell Textron Canada Limited (BTCL) model 407 helicopters, All Serial Numbers",Select,Edit,Delete,View
D,TC AD CF-2025-21,62,ASB 407-24-137,Main Rotor – Expandable Blade Bolt incorrect heat treatment,AD,22-Apr-2025,TC AD CF-2025-21,,,0:00, ,"Bell Textron Canada Limited (BTCL) model 407 helicopters, All Serial Numbers",Select,Edit,Delete,View
D,TC AD CF-2025-22,23,ASB 407-23-129 Rev A,Communication – Electrical harness chafing condition,AD,23-Apr-2025,TC AD CF-2025-22,,,0:00, ,"Bell Textron Canada Limited (BTCL) Model 407 helicopters, serial numbers 54300 through 54752, 54805 through 54999, and 56300 through 56366 and 56368",Select,Edit,Delete,View
D,TC AD CF-2025-22,23,ASB 407-23-129 Rev A,Communication – Electrical harness chafing condition,AD,23-Apr-2025,TC AD CF-2025-22,,,0:00, ,"Bell Textron Canada Limited (BTCL) Model 407 helicopters, serial numbers 54300 through 54752, 54805 through 54999, and 56300 through 56366 and 56368",Select,Edit,Delete,View
,TC-AD CF 2016-13 R1,63,407-14-106 Revision A,Main Rotor Drive – Loss of Lubrication to the Freewheel Assembly,AD,26-Sep-2019,TC-AD CF 2016-13 R1,,,0:00, ,"Bell Helicopter Textron Canada Limited (BHTC): Model 206A and 206B helicopters, all serial numbers Model 206L, 206L-1 206L-3 and 206L-4 helicopters, all serial numbers Model 407 helicopters, all serial numbers",Select,Edit,Delete,View