tenant_id,assembly_models,code_form_no,ata_code,reference_amp,description,category_code,issue_date,directive_no,is_rii,show_in_c_of_a,estimated_man_hours,note,applicability
157b8d12-c115-446e-a4dc-d12077751fe2,b70740bb-e394-490e-8fd4-271cf6dd2d90,AS355-52.00.32,52,52.00.32,DOORS - Sliding doors Inspection of the upper rail and roller of the of the LH and/or RH sliding doors,SB,18-Jun-2020,52.00.32,,,0:00,,"Helicopter AS355 versions E, F, F1, F2, N and NP with LH and/or RH sliding door."
157b8d12-c115-446e-a4dc-d12077751fe2,b70740bb-e394-490e-8fd4-271cf6dd2d90,62.00.40 R0,62,62.00.40 R0,Inspection of the Main Rotor Mast (MRM) upper housing.,SB,04-Nov-2021,62.00.40 R0,,,0:00,,"Civil version(s): E, F, F1, F2, N, NP"
157b8d12-c115-446e-a4dc-d12077751fe2,b70740bb-e394-490e-8fd4-271cf6dd2d90,52.00.31,52,AS355-52.00.31,DOORS - Sliding doors Addition of a label on the sliding door cover,SB,18-Jun-2020,AS355-52.00.31,,,0:00,,"AS355 helicopter versions E, F, F1, F2, N, NP equipped with a: - LH rear support Manufacturer Part Number (MP/N) 350A25-0031-38 or 350A25-0268-20, - RH rear support Manufacturer Part Number (MP/N) 350A25-0031-39 or 350A25-0268-21."
157b8d12-c115-446e-a4dc-d12077751fe2,b70740bb-e394-490e-8fd4-271cf6dd2d90,52.00.33,52,52.00.33,DOORS - Cargo doors Rear LH cargo door marking,SB,15-Jul-2020,AS355-52.00.33,,,0:00,,AS355 helicopters all versions.
157b8d12-c115-446e-a4dc-d12077751fe2,b70740bb-e394-490e-8fd4-271cf6dd2d90,33.00.20,33,ASB 33.00.20 R1,"LIGHTS - Position lights Protection of the power supply unit of the optional equipment ""position strobe lights""",SB,17-Nov-2014,ASB 33.00.20 R1,,,0:00,,Helicopters: - which embody modification OP0811 (installation of position strobe lights on the horizontal stabilizer) and - equipped with GRIMES - HONEYWELL power supply unit Part Number (MP/N) 60-1431-3 of the optional position strobe light equipment.
157b8d12-c115-446e-a4dc-d12077751fe2,b70740bb-e394-490e-8fd4-271cf6dd2d90,ASB 01.00.24 R1,64,ASB 01.00.24 R1,In-Service Monitoring of Tail Rotor Forward Drive Shaft P/N 355A34-1090-00,SB,29-Mar-2022,ASB 01.00.24 R1,,,0:00,,"AS 355 Helicopters, versions E - F - F1 - F2 - N fitted with forward shaft P/N 355A34-1090-00."
157b8d12-c115-446e-a4dc-d12077751fe2,b70740bb-e394-490e-8fd4-271cf6dd2d90,SB 01.00.43,53,ASB 01.00.43,Limitations - Check of Tail Boom to Aircraft Structure Attachment Bolts.,SB,28-Nov-2001,ASB 01.00.43,,,0:00,,Refer SB
157b8d12-c115-446e-a4dc-d12077751fe2,b70740bb-e394-490e-8fd4-271cf6dd2d90,SB 01.00.45,4,ASB 01.00.45 Rev.2,LIMITATIONS: Vibrations of Starter-Generators,SB*,22-Jun-2010,ASB 01.00.45 Rev.2,,,0:00,,"Model AS 355, N version Helicopters equipped with one or more starter generators MP/N 524-060 or MP/N 524-061."
157b8d12-c115-446e-a4dc-d12077751fe2,b70740bb-e394-490e-8fd4-271cf6dd2d90,SB 01.00.46,64,ASB 01.00.46,Limitations - Tail Rotor Hub Pitch Change Plate Bearing.,SB,28-Jan-2003,ASB 01.00.46,,,0:00,,"Aircrat equipped with tail rotor hub pitch change plate ""SNR"" bearing P/N 6010F234M16"
157b8d12-c115-446e-a4dc-d12077751fe2,b70740bb-e394-490e-8fd4-271cf6dd2d90,SB 01.00.47,25,ASB 01.00.47,Limitations - SIREN Load Release Units: Load jammed on the cargo hook in the open Position.,SB,12-May-2009,ASB 01.00.47,,,0:00,,"AS 355 E,F, F1, F2 N Helicopters equipped with all types SIREN load release units."
157b8d12-c115-446e-a4dc-d12077751fe2,b70740bb-e394-490e-8fd4-271cf6dd2d90,SB 01.00.49,25,ASB 01.00.49,Limitations - To Prevent Any Untimely Opening of Hoist Hook,SB,13-Dec-2005,ASB 01.00.49,,,0:00,,Helicopters equipped with Goodrich (Lucas- Air equipment) hoists P/N:76370-XXX fitted with hook P/N:709866.
157b8d12-c115-446e-a4dc-d12077751fe2,b70740bb-e394-490e-8fd4-271cf6dd2d90,SB 01.00.50,25,ASB 01.00.50,To prevent any untimely opening of the hoist hook,SB,24-Feb-2005,ASB 01.00.50,,,0:00,,H/C equipped with BREEZE hoists with hook assy P/N BL-7520-01 fitted with hook P/N BL-7520
157b8d12-c115-446e-a4dc-d12077751fe2,b70740bb-e394-490e-8fd4-271cf6dd2d90,SB 01.00.51,65,ASB 01.00.51 Rev.1,Limitations - Tail Rotor Drive Shaft Forward Shaft Section,SB,09-Feb-2006,ASB 01.00.51 Rev.1,,,0:00,,tail rotor drive shaft foward shaft section P/N 355A34-1090-00 with sl/no from M858 upto M873
157b8d12-c115-446e-a4dc-d12077751fe2,b70740bb-e394-490e-8fd4-271cf6dd2d90,SB 01.00.53,67,ASB 01.00.53 Rev.1,Limitations - Main Rotor Servo Controls and Tail Rotor Servo controls : Return to conformity of the Bearing of the Servo Control Input Lever.,SB,19-Apr-2007,ASB 01.00.53 Rev.1,,,0:00,,"Eurocopter AS355 E-F-F-F1 and N Helicopters equipped with servo controls,identified by there Part Number and serial number specified in the SB."
157b8d12-c115-446e-a4dc-d12077751fe2,b70740bb-e394-490e-8fd4-271cf6dd2d90,01.00.55,63,ASB 01.00.55 R4,LIMITATIONS - Main Gearbox (MGB) Casings Limitation and follow-up of casings in torque cycles (TC),SB#,07-Jan-2016,ASB 01.00.55 R4,,,0:00,,AS355-Civil version(s): NP
157b8d12-c115-446e-a4dc-d12077751fe2,b70740bb-e394-490e-8fd4-271cf6dd2d90,SB 01.00.56,63,ASB 01.00.56 R3 Part A,LIMITATIONS - Main Gearbox (MGB) Casings Limitation and follow-up of casings in torque cycles (TC),SB,07-Jan-2016,ASB 01.00.56 R3 Part A,,,0:00,,"AS355(Civil version(s): E, F, F1, F2, N)-Helicopters equipped with a MGB sump with a Part Number indicated in paragraph 4.A."
157b8d12-c115-446e-a4dc-d12077751fe2,b70740bb-e394-490e-8fd4-271cf6dd2d90,SB 01.00.56,63,ASB 01.00.56 R3 Part B,LIMITATIONS - Main Gearbox (MGB) Casings Limitation and follow-up of casings in torque cycles (TC),SB,07-Jan-2016,ASB 01.00.56 R3 Part B,,,0:00,,"AS355(Civil version(s): E, F, F1, F2, N)-Helicopters equipped with a MGB sump with a Part Number indicated in paragraph 4.A.Refer SB"
157b8d12-c115-446e-a4dc-d12077751fe2,b70740bb-e394-490e-8fd4-271cf6dd2d90,SB 01.00.56,63,ASB 01.00.56 R3 Part C,LIMITATIONS - Main Gearbox (MGB) Casings Limitation and follow-up of casings in torque cycles (TC),SB*,07-Jan-2016,ASB 01.00.56 R3 Part C,,,0:00,,"AS355 (Civil version(s): E, F, F1, F2, N)-Helicopters equipped with a MGB sump with a Part Number indicated in paragraph 4.A."
157b8d12-c115-446e-a4dc-d12077751fe2,b70740bb-e394-490e-8fd4-271cf6dd2d90,01.00.57,65,ASB 01.00.57 R2,LIMITATIONS - Tail rotor drive Tail rotor drive shaft bearings,SB*,19-Jan-2016,ASB 01.00.57 R2,,,0:00,,"AS355 Civil version(s): E, F, F1, F2, N, NP. a) Helicopters equipped with tail rotor drive shaft bearings with Part Numbers (MP/Nos.): - 6007-2RS1MT47CA (P/N 704A33-651-010, non-regreasable) manufactured by SKF, - P9107NPP7 (P/N 704A33-651-111, regreasable) manufactured by FAFNIR, - 83A851BC3 and 83A851B-1C3 (P/N 704A33-651-143, regreasable) manufactured by KOYO. b) Helicopters equipped with tail rotor drive shaft bearing with Part Number (MP/N): - 593404 (P/N 704A33-651-181, regreasable) manufactured by FAG. - 076200 (Mast vibration absorber - Cutout in spring cover plate)."
157b8d12-c115-446e-a4dc-d12077751fe2,b70740bb-e394-490e-8fd4-271cf6dd2d90,SB 05.00.30,64,ASB 05.00.30 Rev.3,Time Limits - Tail Rotor Hub Pitch Change Spider Bearing Check.,SB*,31-May-2001,ASB 05.00.30 Rev.3,,,0:00,,"Tail rotor hub (TRH) pitch change spiders, part numbers: 350A33-2004-00/01/02/03/05 which do not incorporate MOD 076551."
157b8d12-c115-446e-a4dc-d12077751fe2,b70740bb-e394-490e-8fd4-271cf6dd2d90,SB 05.00.33,5,ASB 05.00.33 Rev.1,Time Limits - Maintenance Checks Check for Absence of Rotation of the Bearing Spacer of the Tail Rotor Rotating PLate.,SB,11-Mar-2004,ASB 05.00.33 Rev.1,,,0:00,,Tail rotor pitch change plate assembly not modified per Mod 076554
157b8d12-c115-446e-a4dc-d12077751fe2,b70740bb-e394-490e-8fd4-271cf6dd2d90,SB 05.00.36,5,ASB 05.00.36,Time Limits - Checking the Tail Servocontrol Eye Endfitting for Correct Looking.,SB,13-May-2002,ASB 05.00.36,,,0:00,,Tail servo controls all types before embodiement of Mod 073139 or SB 67.00.22
157b8d12-c115-446e-a4dc-d12077751fe2,b70740bb-e394-490e-8fd4-271cf6dd2d90,SB 05.00.38,5,ASB 05.00.38 Rev.3,Time Limits - Tail Rotor Blade Skin Check,SB,18-Dec-2008,ASB 05.00.38 Rev.3,,,0:00,,Helicopter equipped with Tail Rotor Blade P/N: 355A12-0031-01 to 14 except -10. 355A12-0040-00 to 08 except -06. 355A12-0050-00 to 05.
157b8d12-c115-446e-a4dc-d12077751fe2,b70740bb-e394-490e-8fd4-271cf6dd2d90,SB 05.00.39,52,ASB 05.00.39 Rev.2,Time limits - Maintenance check - Check of the Sliding Door Aft Guide and Middle Rail.,SB*,29-Jun-2006,ASB 05.00.39 Rev.2,,,0:00,,Sliding Door Aft Guide and Middle Rail
157b8d12-c115-446e-a4dc-d12077751fe2,b70740bb-e394-490e-8fd4-271cf6dd2d90,SB 05.00.40,63,ASB 05.00.40 Rev.3,Time Limits - MGB Lubrication Pump.,SB*,09-Jul-2007,ASB 05.00.40 Rev.3,,,0:00,,"On lubrication pumps installed on main gear boxes P/N 355A32-0700-01,355A32-0700-02 and 355A32-0701-00"
157b8d12-c115-446e-a4dc-d12077751fe2,b70740bb-e394-490e-8fd4-271cf6dd2d90,SB 05.00.43,29,ASB 05.00.43 Rev.1,Time Limits - Maintenance Checks Replacement of Hydraulic Fluid in Cold Weather.,SB*,14-Oct-2004,ASB 05.00.43 Rev.1,,,0:00,,A/C that operates continuously or temporarily in a flight envelope where the outside ambient temp (OAT) is below minus 15 degree celsius
157b8d12-c115-446e-a4dc-d12077751fe2,b70740bb-e394-490e-8fd4-271cf6dd2d90,SB 05.00.44,100,ASB 05.00.44,Time Limits - Check Of Upper And Lower Fin Spars,SB*,20-Jan-2006,ASB 05.00.44,,,0:00,,"Applicable to CIVIL VERSION(S): E,F,F1,F2,N"
157b8d12-c115-446e-a4dc-d12077751fe2,b70740bb-e394-490e-8fd4-271cf6dd2d90,SB 05.00.45,52,ASB 05.00.45,Time Limits - Check of the Sliding Door Raer Roller Support Shaft and Rear Fitting.,SB*,19-Jul-2006,ASB 05.00.45,,,0:00,,Raer Roller Support Shaft and Rear Fittings fiited to sliding doors
157b8d12-c115-446e-a4dc-d12077751fe2,b70740bb-e394-490e-8fd4-271cf6dd2d90,SB 05.00.48,67,ASB 05.00.48,Time Limits - Maintenance Checks Cracked Main Servo-Control Tapered Housing.,SB,27-Feb-2007,ASB 05.00.48,,,0:00,,"Helicopters equipped with main servo controls (all P/N) not modified per modification 073343,and on which tightening torque of the nut that secures the upper ball end"
157b8d12-c115-446e-a4dc-d12077751fe2,b70740bb-e394-490e-8fd4-271cf6dd2d90,05.00.51,63,ASB 05.00.51 R1,Time limits- Maintenance check,SB*,27-Jul-2015,ASB 05.00.51 R1,,,0:00,,"H/C equipped with main gear box oil pumps P/N 355A32-0700-01,355A32-0700-02 and 355A32-0701-00"
157b8d12-c115-446e-a4dc-d12077751fe2,b70740bb-e394-490e-8fd4-271cf6dd2d90,SB 05.00.52,25,ASB 05.00.52 Rev.2,Equipment and Furnishings - Crack in the belt buckle,SB,13-Nov-2007,ASB 05.00.52 Rev.2,,,0:00,,Refer para 1.A.1 of ASB 05.00.52 Rev.2
157b8d12-c115-446e-a4dc-d12077751fe2,b70740bb-e394-490e-8fd4-271cf6dd2d90,SB 05.00.56,5,ASB 05.00.56,TIME LIMITS - MAINTENANCE CHECKS - Check for no play in the tail rotor pitch-change links,SB*,09-Dec-2009,ASB 05.00.56,,,0:00,,"Eurocopter AS355 E, F, F1, F2, N, NP Helicopters equipped with tail rotor pitch-change links with P/N: 350A33-2121-00, 350A33-2121-01, 350A33-2121-02, 350A33-2143-00, 350A33-2145-00 and 350A33-2145-01."
157b8d12-c115-446e-a4dc-d12077751fe2,b70740bb-e394-490e-8fd4-271cf6dd2d90,SB.05.00.56,65,ASB 05.00.56,Time Limits - Maaintenance Checks Check for no play in the Tail Rotor Pitch change Links,SB*,09-Dec-2009,ASB 05.00.56,,,0:00,,AS 355 F1 helicopters equipped with tail rotor Pitch change links with P/N 350A33-2121-00/ -2121-01/ -2143-00 /-2145-00 and -2145-01.
157b8d12-c115-446e-a4dc-d12077751fe2,b70740bb-e394-490e-8fd4-271cf6dd2d90,SB 05.00.58,25,ASB 05.00.58 R1,EQUIPMENT AND FURNISHINGS - Emergency floatation gear-Check of the front and rear attachment brackets,SB*,18-Apr-2011,ASB 05.00.58 R1,,,0:00,,"Eurocopter AS355 E, F, F1, F2, N, NP helicopters equipped with fixed parts of the emergency floatation gear."
157b8d12-c115-446e-a4dc-d12077751fe2,b70740bb-e394-490e-8fd4-271cf6dd2d90,ASB 05.00.58 R2,25,ASB 05.00.58 R2,EQUIPMENT AND FURNISHINGS - Emergency floatation gear Check of the front and rear attachment brackets,SB,17-Mar-2022,ASB 05.00.58 R2,,,0:00,,"Civil version(s): E, F, F1, F2, N, NP"
157b8d12-c115-446e-a4dc-d12077751fe2,b70740bb-e394-490e-8fd4-271cf6dd2d90,05.00.59,67,ASB 05.00.59 R3,TIME LIMITS - MAINTENANCE CHECKS - Tail rotor control Checking the locking of the stop screws of the yaw flight controls,SB*,11-Feb-2020,ASB 05.00.59 R3,,,0:00,,"Helicopters equipped with adjustable primary yaw stops in the baggage compartment, corresponding to the configuration shown below, and which do not embody modification 074602."
157b8d12-c115-446e-a4dc-d12077751fe2,b70740bb-e394-490e-8fd4-271cf6dd2d90,05.00.73,63,ASB 05.00.73,TIME LIMITS - MAINTENANCE CHECKS - Main rotor drive Periodic inspection of bi-directional suspension cross-bar,SB*,21-May-2015,ASB 05.00.73,,,0:00,,"Helicopters equipped with a bi-directional suspension cross-bar with one of the following Part Numbers (MP/N): - 350A38-1040-20 or, - 350A38-1040-00."
157b8d12-c115-446e-a4dc-d12077751fe2,b70740bb-e394-490e-8fd4-271cf6dd2d90,ASB 05.00.73 Rev 1,63,ASB 05.00.73 Rev 1,TIME LIMITS - MAINTENANCE CHECKS - Main rotor drive,SB#,17-Nov-2021,ASB 05.00.73 Rev 1,,,0:00,,"Civil version(s): E, F, F1, F2, N, NP"
157b8d12-c115-446e-a4dc-d12077751fe2,b70740bb-e394-490e-8fd4-271cf6dd2d90,ASB 05.00.80 R1,5,ASB 05.00.80 R1,TIME LIMITS - MAINTENANCE CHECKS Introduction of an Operating Time Limit (OTL) for the laminated half-bearings of the tail rotor blades.,SB,20-Dec-2021,ASB 05.00.80 R1,,,0:00,,"Helicopters equipped with tail rotor blades which contain laminated half-bearings P/N: - 704A33633116, - 704A33633261, - 704A33633303."
157b8d12-c115-446e-a4dc-d12077751fe2,b70740bb-e394-490e-8fd4-271cf6dd2d90,ASB 05.00.88,65,ASB 05.00.88,INSPECTION SCHEDULES - TAIL ROTOR DRIVE Periodic check of the fan supports.,SB,03-Apr-2022,ASB 05.00.88,,,0:00,,Helicopters equipped with the fan supports: - MP/N 355A34-1040-03 (left support) and 355A34-1041-03 (right support) (POST MOD 07 9010) - MP/N 355A34-1040-05 (left support) and 355A34-1041-05 (right support) (POST MOD 07 9028).
157b8d12-c115-446e-a4dc-d12077751fe2,b70740bb-e394-490e-8fd4-271cf6dd2d90,SB 24.00.14,24,ASB 24.00.14 Rev.1,Electrical Power - Upgrade of Electrical Master Boxes.,SB,27-Aug-2003,ASB 24.00.14 Rev.1,,,0:00,,"All AS 355 Helicopters-Versions E,F,F1,F2,N certified for IFR conditions"
157b8d12-c115-446e-a4dc-d12077751fe2,b70740bb-e394-490e-8fd4-271cf6dd2d90,SB 25.00.63,25,ASB 25.00.63,Equipments And Furnishings - Landing Light Operating Limitation.,SB,20-Nov-2002,ASB 25.00.63,,,0:00,,"All AS 355-versions E,F,F1,F2 and N fitted with IFR equipment pre-MOD 073019"
157b8d12-c115-446e-a4dc-d12077751fe2,b70740bb-e394-490e-8fd4-271cf6dd2d90,SB 25.00.68,25,ASB 25.00.68,Equipments and Furnishings - Breeze 450-lb Electric Hoist.,SB*,27-Jul-2005,ASB 25.00.68,,,0:00,,H/C fitted with Breeze 450-lb electric hoist installation P/N BL 29700-23
157b8d12-c115-446e-a4dc-d12077751fe2,b70740bb-e394-490e-8fd4-271cf6dd2d90,SB 25.00.71 Rev 2,25,ASB 25.00.71 Rev 2,Equipments and Furnishings - Breeze 300 LB.(136 kg) Electric Hoist Installation Failure of the Pyrotechnic Squib Control to Operate.,SB,14-May-2019,ASB 25.00.71 Rev 2,,,0:00,,"A/C equipped with optional breeze or TRW(or LUCAS or Air equipment)300lb electric hoist and hoists operators control unit 26M,P/N 350A63-1136-01"
157b8d12-c115-446e-a4dc-d12077751fe2,b70740bb-e394-490e-8fd4-271cf6dd2d90,SB 25.00.84,25,ASB 25.00.84,Equipments and Furnishings - Untimely Firing of Squibs on GOODRICH Electric Hoists.,SB,16-Nov-2005,ASB 25.00.84,,,0:00,,H/c equipped with Goodrich electrical hoists P/N 76370-XXX not equipped with AUXILEC motor
157b8d12-c115-446e-a4dc-d12077751fe2,b70740bb-e394-490e-8fd4-271cf6dd2d90,SB 25.00.85,25,ASB 25.00.85,Equipments and Furnishings - Elimination of a Ground Connection on the Hoist Squib Wiring.,SB,16-Nov-2005,ASB 25.00.85,,,0:00,,H/c equipped with Goodrich electrical hoists P/N 76370-XXX (all type of motors) and not modified per modification 073318
157b8d12-c115-446e-a4dc-d12077751fe2,b70740bb-e394-490e-8fd4-271cf6dd2d90,SB 25.00.89,25,ASB 25.00.89,Equipment and Furnishings : Cargo Swing or Cargo Sling release Control Improvement,SB$,18-Jun-2008,ASB 25.00.89,,,0:00,,Helicopter pre-MOD 073281 and equipped with cargo swing or cargo sling option and mechanical control P/N AS22-24
157b8d12-c115-446e-a4dc-d12077751fe2,b70740bb-e394-490e-8fd4-271cf6dd2d90,SB 25.01.00,25,ASB 25.01.00,EQUIPMENT AND FURNISHINGS - Cargo Hook- Issue of Service Bulletin No. 40 of the Indraéro Siren company,SB,14-Apr-2011,ASB 25.01.00,,,0:00,,"Eurocopter AS355 E, F, F1, F2, N, NP Helicopters equipped with cargo hook of the Indraéro Siren company, cargo hook S/N up to and including S/N 1499. Cargo hook referenced (MP/N) S1609-6 embodying all amendments."
157b8d12-c115-446e-a4dc-d12077751fe2,b70740bb-e394-490e-8fd4-271cf6dd2d90,25.01.30,25,ASB 25.01.30 R1,Emergency floatation system Inspection of the floatation balloon supply hoses,SB,12-Feb-2020,ASB 25.01.30 R1,,,0:00,,Helicopters equipped with emergency floatation system parts with the following MP/Nos. and for which the emergency floatation system parts have been produced before the issue date of this ALERT SERVICE BULLETIN. Refer ASB for further details.
157b8d12-c115-446e-a4dc-d12077751fe2,b70740bb-e394-490e-8fd4-271cf6dd2d90,ASB 25.01.35,25,ASB 25.01.35,EQUIPMENT AND FURNISHING - Electrical Hoist Complementary maintenance of the electrical hoist.,SB,05-May-2022,ASB 25.01.35,,,0:00,,Helicopters AS355 all versions with hoist AIR EQUIPMENT P/N 76370-XXX (where XXX correspond to all numbers).
157b8d12-c115-446e-a4dc-d12077751fe2,b70740bb-e394-490e-8fd4-271cf6dd2d90,26.00.10,26,ASB 26.00.10,FIRE PROTECTION - Engine fire extinguishing system Crossed connection in the distribution system of the engine fire extinguishers Corresponds to modification 073990,SB,02-Jul-2015,ASB 26.00.10,,,0:00,,Civil version: NP. Helicopters POST MOD OP-3931 (Installation of Arrius 1A1 engine fire extinguishing system) but PRE MOD 073990.
157b8d12-c115-446e-a4dc-d12077751fe2,b70740bb-e394-490e-8fd4-271cf6dd2d90,28.00.20,28,ASB 28.00.20 R1,FUEL Removal of the FUELTRON flow meter Corresponds to modification 355A085801,SB,24-Jun-2015,ASB 28.00.20 R1,,,0:00,,Helicopters embodying modification 350A070791 (installation of the FUELTRON flowmeter) and not embodying modifications 355A085801 and 074694.
157b8d12-c115-446e-a4dc-d12077751fe2,b70740bb-e394-490e-8fd4-271cf6dd2d90,SB 29.00.04,29,ASB 29.00.04,"Hydraulic Power - Improvement of the ""Hydraulic Cut off"" Function.",SB,08-Apr-2004,ASB 29.00.04,,,0:00,,Helicopter type AS355 pre MOD 073263
157b8d12-c115-446e-a4dc-d12077751fe2,b70740bb-e394-490e-8fd4-271cf6dd2d90,SB 29.00.09,29,ASB 29.00.09,ROTOR FLIGHT CONTROLS - Replacement of AUXITROL hydraulic pressure switch,SB$,24-Jun-2010,ASB 29.00.09,,,0:00,,"Eurocopter AS 355 versions E, F, F1, F2, N, NP Helicopters pre-MOD 073391."
157b8d12-c115-446e-a4dc-d12077751fe2,b70740bb-e394-490e-8fd4-271cf6dd2d90,SB 34.00.09,34,ASB 34.00.09,Navigation - Horizontal Situation Indicator KI 525A.,SB,08-Jan-2004,ASB 34.00.09,,,0:00,,Helicopters equipped with HSI KI 525A
157b8d12-c115-446e-a4dc-d12077751fe2,b70740bb-e394-490e-8fd4-271cf6dd2d90,SB 34.00.14,34,THALES SB No. ERT-160-34-009.,Navigation - Radio Altimeter: AVH16(ERT 160) Transceiver; improved reliability of the radio altimeter height signal transmitted for autopilot coupling and display of the radio altimeter indication,SB,25-May-2009,ASB 34.00.14,,,0:00,,"Eurocoper AS355 version F2, N and NP."
157b8d12-c115-446e-a4dc-d12077751fe2,b70740bb-e394-490e-8fd4-271cf6dd2d90,SB 52.00.23,52,ASB 52.00.23 Rev.1,Doors-Modification to Sliding Door Medium Roller Pin And Fitting,SB,29-Jun-2007,ASB 52.00.23 Rev.1,,,0:00,,"Models AS 355 E, AS 355 F, AS 355 F1, AS 355 F2 and AS 355 N, all serial numbers; if fitted with sliding door(s) pre-MOD 073298 and/or pre-MOD 073308."
157b8d12-c115-446e-a4dc-d12077751fe2,b70740bb-e394-490e-8fd4-271cf6dd2d90,SB 52.00.24 Rev2,52,ASB 52.00.24 Rev2,DOORS - Modified center lock bolt for LH and RH cargo doors (obsolescent locks),SB$,17-Apr-2020,ASB 52.00.24 Rev2,,,0:00,,Eurocopter AS 355 F1 Helicopters equipped with cargo doors listed in para 1.A.2 of SB and pre-MOD 073406.
157b8d12-c115-446e-a4dc-d12077751fe2,b70740bb-e394-490e-8fd4-271cf6dd2d90,52.00.25,52,ASB 52.00.25 R2,"""DOORS"" Improvement of window panel installation on pilot and copilot doors Corresponds to modification AL4220",SB,15-Feb-2016,ASB 52.00.25 R2,,,0:00,,Helicopters whose serial number is lower than 5792.
157b8d12-c115-446e-a4dc-d12077751fe2,b70740bb-e394-490e-8fd4-271cf6dd2d90,52.00.26,52,ASB 52.00.26,DOORS - Sliding Door Double locking of the sliding door lower ball-joint bolt Corresponds to modification AL. 4262,SB,09-Jul-2012,ASB 52.00.26,,,0:00,,"Applicable to Eurocopter AS 355 Helicopters Civil version(s): E, F, F1, F2, N, NP"
157b8d12-c115-446e-a4dc-d12077751fe2,b70740bb-e394-490e-8fd4-271cf6dd2d90,52.00.28,52,ASB 52.00.28,DOORS - Crew doors,SB,03-Apr-2014,ASB 52.00.28,,,0:00,,On crew door actuators on helicopters equipped with the emergency flotation gear.
157b8d12-c115-446e-a4dc-d12077751fe2,b70740bb-e394-490e-8fd4-271cf6dd2d90,ASB 52.00.32 R2,52,ASB 52.00.32 R2,DOORS - Sliding doors Inspection of the upper rail and roller of the of the LH and/or RH sliding doors.,SB,19-Oct-2021,ASB 52.00.32 R2,,,0:00,,"Civil version(s): E, F, F1, F2, N, NP"
157b8d12-c115-446e-a4dc-d12077751fe2,b70740bb-e394-490e-8fd4-271cf6dd2d90,SB 53.00.22,53,ASB 53.00.22,Containment box structure installation for RH cabin vibration damper,SB,18-Jul-2006,ASB 53.00.22,,,0:00,,"Helicopters equipped with autopilot (AFCS),post Mod 072262,071543,OP1055 and pre MOD 073325"
157b8d12-c115-446e-a4dc-d12077751fe2,b70740bb-e394-490e-8fd4-271cf6dd2d90,SB 53.00.23,53,ASB 53.00.23,Fuselage-Check of the Conformity of the Center Cross Member At X 2325 Under the Cabin Floor.,SB,11-Apr-2007,ASB 53.00.23,,,0:00,,"AS 355 E,F,F1,F2,N"
157b8d12-c115-446e-a4dc-d12077751fe2,b70740bb-e394-490e-8fd4-271cf6dd2d90,ASB 53.00.38 R0,25,ASB 53.00.38 R0,FUSELAGE - Engine cowlings Inspection of the engine fixed cowling.,SB,27-Oct-2021,ASB 53.00.38 R0,,,0:00,,"Helicopters AS355, versions E, F, F1 and F2 with engine upper fixed cowling, P/Ns 355A58-0513-xx and delivered before the release date of revision 0 of this ALERT SERVICE BULLETIN."
157b8d12-c115-446e-a4dc-d12077751fe2,b70740bb-e394-490e-8fd4-271cf6dd2d90,SB 55.00.11,55,ASB 55.00.11 Rev.2,STABILIZERS -Improvement and /or monitoring of upper and lower fin attachments.,SB*,28-Feb-2008,ASB 55.00.11 Rev.2,,,0:00,,"AS 355 E,F,F1F2,N Upper and lower fins, pre- or post-MOD 073288 and pre-MOD 073330."
157b8d12-c115-446e-a4dc-d12077751fe2,b70740bb-e394-490e-8fd4-271cf6dd2d90,SB 55.00.12,55,ASB 55.00.12 Rev.1,Stabilizer(s)-Improvent of attachment strength for upper and lower fin skids.,SB,05-Jan-2009,ASB 55.00.12 Rev.1,,,0:00,,"Eurocopter AS 355 E, F, F1, F2, N."
157b8d12-c115-446e-a4dc-d12077751fe2,b70740bb-e394-490e-8fd4-271cf6dd2d90,SB 62.00.07,62,ASB 62.00.07 Rev.2,Rotor(S) - Non-Rotating Swashplate.,SB,24-May-2002,ASB 62.00.07 Rev.2,,,0:00,,Non rotating swashplates premod 076124
157b8d12-c115-446e-a4dc-d12077751fe2,b70740bb-e394-490e-8fd4-271cf6dd2d90,SB 62.00.26,62,ASB 62.00.26,Main Rotor - Installing a Stud to Stop the Bush at the End of Starflex Star Arm.,SB,17-Dec-2001,ASB 62.00.26,,,0:00,,"AS 355 Helicopters ,versions E-F-F1-F2-N and FA"
157b8d12-c115-446e-a4dc-d12077751fe2,b70740bb-e394-490e-8fd4-271cf6dd2d90,SB 62.00.27,62,ASB 62.00.27 Rev.1,Main Rotor - Tail Rotor Drive -Correction of Operating Hours,SB,19-Feb-2007,ASB 62.00.27 Rev.1,,,0:00,,"AS 355 E,F,F1,F2,N"
157b8d12-c115-446e-a4dc-d12077751fe2,b70740bb-e394-490e-8fd4-271cf6dd2d90,SB 62.00.31,62,ASB 62.00.31,Main Rotor - Frequency Damper Ventilation,SB,16-Feb-2009,ASB 62.00.31,,,0:00,,"Eurocopter AS 355 E, F, F1, F2, N, NP. Aircraft pre-MOD 076232 on main rotor hubs equipped with frequency dampers, (P/N in Para. 1.A.2.)."
157b8d12-c115-446e-a4dc-d12077751fe2,b70740bb-e394-490e-8fd4-271cf6dd2d90,62.00.33,62,ASB 62.00.33,MAIN ROTOR - Swashplates,SB*,28-Apr-2014,ASB 62.00.33,,,0:00,,"On helicopters equipped with a swashplate assembly comprising a rotating star with Part Number (MP/N) 350A371003-04, -05, -06, -07 or -08."
157b8d12-c115-446e-a4dc-d12077751fe2,b70740bb-e394-490e-8fd4-271cf6dd2d90,62.00.35,63,ASB 62.00.35,MAIN ROTOR - Main rotor hub Check of the main rotor hub / mast attachment screws,SB,15-Feb-2017,ASB 62.00.35,,,0:00,,"AS355 helicopter versions E, F, F1, F2, N, NP: - equipped with main rotor hub / mast attachment screws P/N: . 350A37124220 and 350A37124320 or, . 350A37124221 and 350A37124321 or, . 350A37124222 and 350A37124322 or, . 350A37124420 and 350A37124520. and - which operate in a salt-laden or tropical and damp atmosphere."
157b8d12-c115-446e-a4dc-d12077751fe2,b70740bb-e394-490e-8fd4-271cf6dd2d90,ASB 62.00.35 R1,62,ASB 62.00.35 R1,MAIN ROTOR - Main rotor hub Check of the main rotor hub / mast attachment screws.,SB,24-Aug-2021,ASB 62.00.35 R1,,,0:00,,"Civil version(s): E, F, F1, F2, N, NP"
157b8d12-c115-446e-a4dc-d12077751fe2,b70740bb-e394-490e-8fd4-271cf6dd2d90,ASB 63.00.17 R2,63,,MAIN ROTOR DRIVE Installation of a long electrical magnetic plug in the Main Gear Box,SB,22-Jun-2021,ASB 63.00.17 R2,,,0:00,,For MGBs equipped with magnetic plug pre mod 077175
157b8d12-c115-446e-a4dc-d12077751fe2,b70740bb-e394-490e-8fd4-271cf6dd2d90,SB 63.00.21,63,ASB 63.00.21 R2,Main Rotor Drive - Main Gearbox Free Wheel,SB,20-Apr-2006,ASB 63.00.21 R2,,,0:00,,"H/C equipped with Combiner gear box pre Mod 077212,that has logged less than 10 flying hrs"
157b8d12-c115-446e-a4dc-d12077751fe2,b70740bb-e394-490e-8fd4-271cf6dd2d90,SB 64.00.04,64,ASB 64.00.04 Rev.2,Tail Rotor - Improving the Tail Rotor Blade Trailing edge Security,SB,15-Feb-2007,ASB 64.00.04 Rev.2,,,0:00,,For Tail rotor blades P/N 355A120040 all dash numbers with sl/no from 8400 to9224 inclusive
157b8d12-c115-446e-a4dc-d12077751fe2,b70740bb-e394-490e-8fd4-271cf6dd2d90,SB 65.00.22,27,ASB 65.00.22,ROTOR FLIGHT CONTROLS - Tail gearbox Check of the Tail gearbox (TGB) casing assembly.,SB,18-May-2011,ASB 65.00.22,,,0:00,,"Eurocopter AS 355 E, F, F1, F2, N, NP Helicopters with TGB casing assembly MP/N 350A33-1090-02 with S/N"
157b8d12-c115-446e-a4dc-d12077751fe2,b70740bb-e394-490e-8fd4-271cf6dd2d90,SB 67.00.12,67,ASB 67.00.12 Rev.2,Rotor Controls - Masking the collective lever bellcrank housing opening,SB,05-Oct-2007,ASB 67.00.12 Rev.2,,,0:00,,Helicopters pre-MOD 071995
157b8d12-c115-446e-a4dc-d12077751fe2,b70740bb-e394-490e-8fd4-271cf6dd2d90,SB 67.00.23,23,,"Rotor Flght Controls -""TRW SAMM"" Main Sevocontrols",SB,15-Feb-2007,ASB 67.00.23 Rev.1,,,0:00,,"AS 355 F,F1,F2 and N helicopters"
157b8d12-c115-446e-a4dc-d12077751fe2,b70740bb-e394-490e-8fd4-271cf6dd2d90,SB 67.00.24,67,ASB 67.00.24 R1,Rotor flight Controls - Cyclic stick in the nose up control stop position - Check for lower friction cup overlapping,SB,14-Jan-2004,ASB 67.00.24 R1,,,0:00,,Helicopters : Aircraft Post-Mods 070682 and 073179
157b8d12-c115-446e-a4dc-d12077751fe2,b70740bb-e394-490e-8fd4-271cf6dd2d90,SB 67.00.25,67,ASB 67.00.25 R1,Rotor flight Controls - Introduction of double locking of flight control stop screws by sealing the screw,SB,03-Mar-2004,ASB 67.00.25 R1,,,0:00,,Aircraft before embodimentof Mod 073206 or Mod 073102
157b8d12-c115-446e-a4dc-d12077751fe2,b70740bb-e394-490e-8fd4-271cf6dd2d90,SB 67.00.26,67,ASB 67.00.26 Rev.2,Rotor Flight Controls - Yaw Control,SB,12-Dec-2005,ASB 67.00.26 Rev.2,,,0:00,,Refer SB
157b8d12-c115-446e-a4dc-d12077751fe2,b70740bb-e394-490e-8fd4-271cf6dd2d90,SB 67.00.28,67,ASB 67.00.28,Rotor Flight Controls-Return to conformity of main Rotor Servo-Controls,SB,19-Feb-2007,ASB 67.00.28,,,0:00,,"Helicopter equipped with main servocontrols-P/N-SC8042-S/N-1590,1591,1592,1593,1616,1618,-P/N-SC8043-S/N-865,866,867,881."
157b8d12-c115-446e-a4dc-d12077751fe2,b70740bb-e394-490e-8fd4-271cf6dd2d90,SB 67.00.29,67,ASB 67.00.29 Rev.1,Rotor Flight Controls-Load Compensetor Lever,SB,27-Apr-2007,ASB 67.00.29 Rev.1,,,0:00,Not applicable as Load Compensetor not installed.,"AS 355 F2,N"
157b8d12-c115-446e-a4dc-d12077751fe2,b70740bb-e394-490e-8fd4-271cf6dd2d90,SB 67.00.42,27,ASB 67.00.42 R2,ROTOR FLIGHT CONTROLS- Installation of dual mechanical safetying on primary yaw stops,SB#,25-Jan-2017,ASB 67.00.42 R2,,,0:00,,Helicopters AS355 equipped with adjustable primary yaw stops in the luggage compartment POST MOD 072295 and PRE MOD 074602.
157b8d12-c115-446e-a4dc-d12077751fe2,b70740bb-e394-490e-8fd4-271cf6dd2d90,ASB 71.00.21 Rev.1,71,ASB 71.00.21 Rev.1,POWER PLANT- Addition of a label on the instrument panel,SB,10-Nov-2020,ASB 71.00.21 Rev.1,,,0:00,,"All AS355 helicopters, versions E, F, F1 and F2 equipped with ALLISON 250-C20F engines."
157b8d12-c115-446e-a4dc-d12077751fe2,b70740bb-e394-490e-8fd4-271cf6dd2d90,05.00.80,64,ASB NO 05.00.80,TIME LIMITS - MAINTENANCE CHECKS Introduction of an Operating Time Limit (OTL) for the laminated half-bearings of the tail rotor blades,SB*,13-Nov-2018,ASB NO 05.00.80,,,0:00,,"Helicopters equipped with tail rotor blades which contain laminated half-bearings P/N: - 704A33633116, - 704A33633261, - 704A33633303."
157b8d12-c115-446e-a4dc-d12077751fe2,b70740bb-e394-490e-8fd4-271cf6dd2d90,05.00.79,53,ASB No. AS355-05.00.79,PROTECTIVE MEASURE TIME LIMITS - MAINTENANCE CHECKS - Fuselage Check for the presence of the Main Gear Box (MGB) suspension bar attachment bracket screw head,SB,16-Jul-2018,ASB No. AS355-05.00.79,,,0:00,,For all AS355 helicopter versions.
157b8d12-c115-446e-a4dc-d12077751fe2,b70740bb-e394-490e-8fd4-271cf6dd2d90,05.00.79,53,ASB No. AS355-05.00.79,PROTECTIVE MEASURE TIME LIMITS - MAINTENANCE CHECKS - Fuselage Check for the presence of the Main Gear Box (MGB) suspension bar attachment bracket screw head,SB*,16-Jul-2018,ASB No. AS355-05.00.79,,,0:00,,For all AS355 helicopter versions.
157b8d12-c115-446e-a4dc-d12077751fe2,b70740bb-e394-490e-8fd4-271cf6dd2d90,05.00.77,65,ASB No.05.00.77,TIME LIMITS - MAINTENANCE CHECKS - Fan assembly Check of fan assembly bearings,SB*,03-Jul-2017,ASB No.05.00.77,,,0:00,,All helicopters.
157b8d12-c115-446e-a4dc-d12077751fe2,b70740bb-e394-490e-8fd4-271cf6dd2d90,05.00.81,65,ASB No.05.00.81,TIME LIMITS - MAINTENANCE CHECKS - TAIL ROTOR DRIVE Reduction of Operating Time Limits (OTL) of the tail rotor drive bearings,SB*,11-Jul-2019,ASB No.05.00.81,,,0:00,,"AS355 Helicopters, all versions equipped with bearings MP/N 6006F442M16 (P/N 704A33651075)."
157b8d12-c115-446e-a4dc-d12077751fe2,b70740bb-e394-490e-8fd4-271cf6dd2d90,SB 52.00.23,52,ASB No.52.00.23 Rev.1,Sliding Door Rear Roller Support Shaft and Rear Fitting inspection/ Replacement,SB,29-Jun-2007,ASB No.52.00.23 Rev.1,,,0:00,,"Models AS 355 E, AS 355 F, AS 355 F1, AS 355 F2 and AS 355 N, all serial numbers; if fitted with sliding door(s) pre-MOD 073298 and/or pre-MOD 073308."
157b8d12-c115-446e-a4dc-d12077751fe2,b70740bb-e394-490e-8fd4-271cf6dd2d90,52.00.32,52,ASB No.52.00.32,DOORS - Sliding doors Inspection of the upper rail and roller of the of the LH and/or RH sliding doors,SB,30-Jul-2020,ASB No.52.00.32,,,0:00,,"Helicopter AS355 versions E, F, F1, F2, N and NP with LH and/or RH sliding door."
157b8d12-c115-446e-a4dc-d12077751fe2,b70740bb-e394-490e-8fd4-271cf6dd2d90,05.00.77,65,ASB No-05.00.77,TIME LIMITS - MAINTENANCE CHECKS - Fan assembly Check of fan assembly bearings,SB,03-Jul-2017,ASB No-05.00.77,,,0:00,,All helicopters.
157b8d12-c115-446e-a4dc-d12077751fe2,b70740bb-e394-490e-8fd4-271cf6dd2d90,62.00.37,62,ASB No-62.00.37,PROTECTIVE MEASURE MAIN ROTOR - Main rotor mast Check of the bearing retaining rings of the main rotor mast,SB,17-Sep-2018,ASB No-62.00.37,,,0:00,,"AS355 helicopter versions E, F, F1, F2, N and NP that have an equipped main rotor shaft, P/N 350A37-1290-XX, with a serial number (S/N): - M2402 to M6500 except for S/N M6476 - M6479, or - strictly lower than S/N FR3146 except for S/N FR2495 - FR2681 - FR2740 - FR2791 - FR2799 - FR2801 - FR2829 - FR2854 - FR2921 - FR2927 - FR2928 - FR2929 - FR2948 - FR2956 - FR2964 - FR2967 - FR3021 - FR3029 - FR3031 - FR3032 - FR3035 - FR3044 - FR3048 - FR3056 - FR3057 - FR3059 - FR3060 - FR3061 - FR3063 - FR3064 - FR3071 - FR3072 - FR3073 - FR3074 - FR3075 - FR3076 - FR3077 - FR3080 - FR3085 - FR3086 - FR3087 - FR3088 - FR3089 - FR3090 - FR3091 - FR3092 - FR3093 - FR3094 - FR3099 - FR3100 - FR3101 - FR3103 - FR3107 - FR3108 - FR3109 - FR3110 - FR3111 - FR3112 - FR3113 - FR3114 - FR3115 - FR3117 - FR3118 - FR3119 - FR3120 - FR3121 - FR3124 - FR3125 - FR3127 - FR3128 - FR3129 - FR3130 - FR3131 - FR3132 - FR3133 - FR3134 - FR3135 - FR3136 - FR3137 - FR3140 - FR3141 - FR3142 - FR3143 - FR3144 - FR3145."
157b8d12-c115-446e-a4dc-d12077751fe2,b70740bb-e394-490e-8fd4-271cf6dd2d90,67.00.46 R1,67,ASB No-67.00.46 R1,ROTOR FLIGHT CONTROLS - Tail rotor flight controls Check of the TGB actuating rod,SB,11-Mar-2019,ASB No-67.00.46 R1,,,0:00,,"AS355 E, F, F1, F2, N and NP version helicopters equipped with a TGB actuating rod listed in paragraph 1.A.2. NOTE TGB actuating rods 350A27191001, 350A27191002, 350A27191003 are installed on helicopters which are not equipped with a load compensator. TGB actuating rods 350A27191004, 350A2719100401 are installed on helicopters equipped with a load compensator."
157b8d12-c115-446e-a4dc-d12077751fe2,b70740bb-e394-490e-8fd4-271cf6dd2d90,62.00.38 R1,62,ASB:62.00.38 R1,MAIN ROTOR - Rotor mast Check of the main rotor mast shaft,SB,25-Jul-2019,ASB:62.00.38 R1,,,0:00,,Helicopters equipped with a main rotor mast MP/N 350A37-1290-XX
157b8d12-c115-446e-a4dc-d12077751fe2,b70740bb-e394-490e-8fd4-271cf6dd2d90,05.00.68,21,ASB05.00.68,AIR CONDITIONING - Cabin ventilation airscoop,SB,19-May-2014,ASB05.00.68,,,0:00,,"AS355 Helicopters, all versions."
157b8d12-c115-446e-a4dc-d12077751fe2,b70740bb-e394-490e-8fd4-271cf6dd2d90,1429 R1,72,CEB -1429 R1,"ENGINE, TURBINE, 2ND--STAGE TURBINE WHEEL REPLACEMENT",SB,09-Oct-2018,CEB -1429 R1,,,0:00,,"M250 Series I, Series II, and Series IIR engines are affected by this Commercial Engine Bulletin (CEB)."
157b8d12-c115-446e-a4dc-d12077751fe2,b70740bb-e394-490e-8fd4-271cf6dd2d90,1408,72,CEB-1408,"ENGINE CONVERSION, M250--C20B TO M250- -C20W",SB,09-May-2011,CEB-1408,,,0:00,,Applicable to Rolls-Royce M250-C20B series engines are affected by this Commercial All Rolls-Royce M250--C20B series engines Bulletin (CEB).Engine Bulletin (CEB).
157b8d12-c115-446e-a4dc-d12077751fe2,b70740bb-e394-490e-8fd4-271cf6dd2d90,2019-01,20,CF-2019-01,"Standard Practices - Helicopter External Transport System (HETS?) - Unapproved Parts, Inadequate Service Life Limits and Maintenance Requirements",AD,22-Jan-2019,CF-2019-01,,,0:00,,"HETS? certified under Transport Canada Supplemental Type Certificate (STC) SH98-35, Issue 1 and Issue 2 installed on the following helicopter models:Airbus Helicopters (formerly Eurocopter France) model AS 355 E, AS 355 F, AS 355 F1 and AS 355 F2."
157b8d12-c115-446e-a4dc-d12077751fe2,b70740bb-e394-490e-8fd4-271cf6dd2d90,AD005,34,ASB 34.00.09,Navigation - Horizontal situation indicator KI 525A,AD,27-Mar-2004,DGAC AD F-2002-280-068 R1,,,0:00,,"Eurocopter AS 355 helicopter versions E, F, F1, F2 and N, equipped with HSI KI 525A."
157b8d12-c115-446e-a4dc-d12077751fe2,b70740bb-e394-490e-8fd4-271cf6dd2d90,AD015,65,,Rotor drive(s) - Main gearbox - Lubrication pump,AD#,12-Apr-2004,DGAC AD F-2002-331-071 R2,,,0:00,,SUPERSEDED BY DGAC AD F-2006-027
157b8d12-c115-446e-a4dc-d12077751fe2,b70740bb-e394-490e-8fd4-271cf6dd2d90,AD006,53,ASB 05.00.42,Fuselage - Rear structure junction frame,AD*,27-Mar-2004,DGAC AD F-2004-036,,,0:00,,"Eurocopter AS 355 helicopter versions E, F, F1, F2 and N, pre-MOD 073215, or not equipped with the four reinforcement angles, P/N 350A08.2493. 20/.21/.22 /.23."
157b8d12-c115-446e-a4dc-d12077751fe2,b70740bb-e394-490e-8fd4-271cf6dd2d90,MM 95,53,EASA AD No.: 2018-0152,ATA 53 - Fuselage - Main Gearbox Bracket Bolts - Inspection,MOD,18-Jul-2018,DGCA/ AS355 SERIES/ 95,,,0:00,,"AS 350 B, AS 350 D, AS 350 B1, AS 350 B2, AS 350 BA, AS 350 BB, AS 350 B3, EC 130 B4, EC 130 T2, AS 355 E, AS355 F, AS355 F1, AS355 F2, AS355 N and AS355 NP helicopters, all serial numbers."
157b8d12-c115-446e-a4dc-d12077751fe2,b70740bb-e394-490e-8fd4-271cf6dd2d90,DGCA/ AS355 SERIES/105,5,EASA AD No. 2021-0193,ATA 05 - Time Limits / Maintenance Checks - Airworthiness Limitations Section - Amendment.,MOD,21-Sep-2021,DGCA/ AS355 SERIES/105,,,0:00,,"AS 355 E, AS 355 F, AS 355 F1, AS 355 F2, AS 355 N and AS 355 NP helicopters, all serial numbers."
157b8d12-c115-446e-a4dc-d12077751fe2,b70740bb-e394-490e-8fd4-271cf6dd2d90,DGCA/ AS355 SERIES/66-CN,5,EASA AD No. 2010-0006-CN,ATA 05 - CANCELLED: Time Limits / Maintenance Checks - Tail Rotor Pitch-Change Links - Inspection.,MOD,21-Sep-2021,DGCA/ AS355 SERIES/66-CN,,,0:00,,"AS 355 E, F, F1, F2, N and NP helicopters, all s/n."
157b8d12-c115-446e-a4dc-d12077751fe2,b70740bb-e394-490e-8fd4-271cf6dd2d90,DGCA/ AS355 SERIES/69-CN,25,EASA AD: 2011-0072-CN,ATA 25 - CANCELLED: Equipment & Furnishings - Emergency Flotation Gear Attachment Brackets - Inspection / Replacement.,MOD,17-Mar-2022,DGCA/ AS355 SERIES/69-CN,,,0:00,,"AS 355 E, AS 355 F, AS 355 F1, AS 355 F2, AS 355 N and AS 355 NP helicopters, all s/n."
157b8d12-c115-446e-a4dc-d12077751fe2,b70740bb-e394-490e-8fd4-271cf6dd2d90,DGCA/ AS355 SERIES/84 R4,53,EASA AD No.: 2022-0051,ATA 53 - Fuselage - Rear Structure Junction Frame Reinforcement Angles - Inspection.,MOD,18-Apr-2022,DGCA/ AS355 SERIES/84 R4,,,0:00,,"AS 350 B, BA, BB, B1, B2, B3 and D helicopters, and AS 355 E, F, F1, F2 and N helicopters, all serial numbers (s/n)."
157b8d12-c115-446e-a4dc-d12077751fe2,b70740bb-e394-490e-8fd4-271cf6dd2d90,DGCA/ AS355 SERIES/91-CN,62,EASA AD No. 2017-0032-CN,ATA 62 - CANCELLED: Main Rotor - Main Rotor Hub / Mast Attachment Screws - Inspection.,MOD,21-Sep-2021,DGCA/ AS355 SERIES/91-CN,,,0:00,,"AS 355 E, F, F1, F2, N and NP helicopters, all serial numbers."
157b8d12-c115-446e-a4dc-d12077751fe2,b70740bb-e394-490e-8fd4-271cf6dd2d90,DGCA/ NEW MISC/ 224R1,34,FAA AD No.: 2021-05-17,"Joint Aircraft System Component (JASC) Code 3400, NAVIGATION SYSTEM.",MIS,19-Apr-2021,DGCA/ NEW MISC/ 224R1,,,0:00,,"This AD applies to Rockwell Collins, Inc., (Rockwell Collins) Flight Display System Application FDSA-6500 part numbers (P/Ns) 810-0234-1H0001, 810-0234-1H0002, 810-0234-1H0003, 810-0234-2H0001, 810-0234-2C0001, 810-0234-2C0002, and 810-0234-4B0001. These applications are installed on, but not limited to, Bombardier Inc. Model CL-600-2B16 (604 variant) airplanes and Textron Aviation Inc. Models 525B, B200, B200C, B200CGT, B200GT, B300, B300C, and C90GTi airplanes, certificated in any category."
157b8d12-c115-446e-a4dc-d12077751fe2,b70740bb-e394-490e-8fd4-271cf6dd2d90,A001,65,BVAD 91-158-044(B),Tail Rotor Drive Shaft Bearing,MOD,23-Jul-1991,DGCA/AS 355 SERIES/01,,,0:00,,"Eurocopter AS 355 E, F, F1, F2 and N helicopters with FAFNIR Bearings P/N P.9107.NPP7 not marked X on sealing Flange."
157b8d12-c115-446e-a4dc-d12077751fe2,b70740bb-e394-490e-8fd4-271cf6dd2d90,A002,24,BVAD 91-164-042(B),Electrical Hoist Installation,MOD,27-May-1991,DGCA/AS 355 SERIES/02,,,0:00,,"Eurocopter AS 355 E,F,F1,F2 N prior to embodiment of AMS 350A07-2457, equipped with AIR EQUIPMENT hoist with any of P/N 76370.010-011-030."
157b8d12-c115-446e-a4dc-d12077751fe2,b70740bb-e394-490e-8fd4-271cf6dd2d90,A003,62,BVAD 89-156-039(B),Swash Plate,MOD,20-Jan-1984,DGCA/AS 355 SERIES/03,,,0:00,,"AS 355 helicopters, all versions."
157b8d12-c115-446e-a4dc-d12077751fe2,b70740bb-e394-490e-8fd4-271cf6dd2d90,A004,24,BVAD 90-199-041(B)R1,Battery temperature probe cable,MOD,03-Oct-1991,DGCA/AS 355 SERIES/04,,,0:00,,"AS 355 E, F, F1, F2 and N equipped with one or two SAFT 1606-1 batteries."
157b8d12-c115-446e-a4dc-d12077751fe2,b70740bb-e394-490e-8fd4-271cf6dd2d90,A005,65,BVAD 82-078-005(B) R5 & SB No.05.00.02R5,Tail Rotor Drive Shaft Bearing,MOD*,02-Feb-1998,DGCA/AS 355 SERIES/05,,,0:00,,"AS 355 E,F,F1,F2 and N with tail rotor power transmission system pre and post MOD 079017 or 079032 R or 078542"
157b8d12-c115-446e-a4dc-d12077751fe2,b70740bb-e394-490e-8fd4-271cf6dd2d90,A006,25,BV AD 92-142-045(B) & SB NO.25-33,Vibration Response of the Jolliet Emergency Locator transmitter Antenna.,MOD,29-Jun-1992,DGCA/AS 355 SERIES/06,,,0:00,,"AS 355 Helicopter - Versions E,F,F1,F2 equipped with Jolliet E.L.T Antenna."
157b8d12-c115-446e-a4dc-d12077751fe2,b70740bb-e394-490e-8fd4-271cf6dd2d90,A007,63,BVAD 92-183-046(B) R1 & SB 62-24 R1,Inspection /Replcement of main rotor pitch chage lever,MOD,23-Jul-1992,DGCA/AS 355 SERIES/07,,,0:00,,"AS 355 E,F,F1,F2, N with pitch change lever P/N 350A31-1877-02 not marked with an 'X' and S/N lower than 100.000."
157b8d12-c115-446e-a4dc-d12077751fe2,b70740bb-e394-490e-8fd4-271cf6dd2d90,A008,64,BVAD 84-045-022 R4 & SB 05-06 R6,Check for Noise Cracks/Splitter in the Areas Bordering the Tail Rotor Blade,MOD*,06-Dec-1982,DGCA/AS 355 SERIES/08,,,0:00,,"AS 355 E,F,F1, F2, N with tail rotor blade assy P/N as in SB, all dash numbers."
157b8d12-c115-446e-a4dc-d12077751fe2,b70740bb-e394-490e-8fd4-271cf6dd2d90,A009,63,BVAD 93-031-047(B) & EUROCOPTER TELEX SERVICE 01-37,Main Rotor Mast Assy,MOD,03-Jun-2007,DGCA/AS 355 SERIES/09,,,0:00,,"Eurocopter AS 355 helicopters, versions E, F, F1, F2 N, with Main Rotor Mast P/N 350A37-0004-02, 350A37-0004-03, 350A37-0005-01 equipped with A4-Contact point bearing."
157b8d12-c115-446e-a4dc-d12077751fe2,b70740bb-e394-490e-8fd4-271cf6dd2d90,A010,52,BVAD 93-089-048(B) R1 & SB 05-26R1,Door Clear Vision Window,MOD*,03-Mar-1994,DGCA/AS 355 SERIES/10,,,0:00,,"AS 355 E, F,F1,F2, N equipped with sliding windows with P/N as specified in AD."
157b8d12-c115-446e-a4dc-d12077751fe2,b70740bb-e394-490e-8fd4-271cf6dd2d90,A011,22,BV AD 88-183-037(B)R1 & DUNLOP SB 65-10 & AS 355 SB 01-21,DUNLOP Servo Controls,MOD,08-Sep-1988,DGCA/AS 355 SERIES/11,,,0:00,,Eurocopter AS 355 helicopter versions E-F-F1-F2-N fitted with DUNLOP commande units.
157b8d12-c115-446e-a4dc-d12077751fe2,b70740bb-e394-490e-8fd4-271cf6dd2d90,A012,26,BVAD 93-137-049(B) & EUROCOPTER TELEX SERVICE NO. 26-03,Engine Fire Detection,MOD,03-Jun-2007,DGCA/AS 355 SERIES/12,,,0:00,,"Eurocopter AS 355 E, F, F1, F2 and N helicopters equipped with Allison engines with 4 fire detectors B432M."
157b8d12-c115-446e-a4dc-d12077751fe2,b70740bb-e394-490e-8fd4-271cf6dd2d90,A013,63,BVAD 94-088-050(B) & EUROCOPTER TELEX SERVICE 01-39,MGB oil pressure switch,MOD,09-Jun-1995,DGCA/AS 355 SERIES/13,,,0:00,,"AS 355 E, F, F1, F2 and N with MGB oil pressure switch P/N 704A37-721-0822, installed, certificated in any category."
157b8d12-c115-446e-a4dc-d12077751fe2,b70740bb-e394-490e-8fd4-271cf6dd2d90,A014,63,BVAD 94-179-051(B) & SB 01-38,Cyclic Pitch Change Control Rod,MOD,26-Jun-1994,DGCA/AS 355 SERIES/14,,,0:00,,Eurocopter AS 355 versions E-F-F1-F2-N with cyclic pitch change control rod P/N 704A34-113-279. This SB does not apply to helicopter equipped with automatic pilot.
157b8d12-c115-446e-a4dc-d12077751fe2,b70740bb-e394-490e-8fd4-271cf6dd2d90,A015,63,BVAD 94-280-052(B) R1 & TELEX SERVICE NO 01-41,Main Rotor Shaft,MOD,19-Dec-1994,DGCA/AS 355 SERIES/15,,,0:00,,"Eurocopter AS 355 E, F, F1 versions with TIMKEN main rotor shaft P/N 355A37.0000-All dash numbers that have logged less than 100 operating hrs since new or since overhaul."
157b8d12-c115-446e-a4dc-d12077751fe2,b70740bb-e394-490e-8fd4-271cf6dd2d90,A016,63,FAA AD 95-11-05,To prevent undetected loss of pressure loss of MBG power to main rotor system.,MOD,09-Jun-1995,DGCA/AS 355 SERIES/16,,,0:00,,"Model AS 355 E,F,F1, F2 and N with MGB oil pressure switch P/N 704A37-721-082, installed, certificated in any category"
157b8d12-c115-446e-a4dc-d12077751fe2,b70740bb-e394-490e-8fd4-271cf6dd2d90,A017,63,BVAD 96-155-053(B)R1 & TELEX SERVICE 10028/0194/96,MGB suspension Bi-Directional Cross Beam.,MOD*,26-May-1997,DGCA/AS 355 SERIES/17,,,0:00,,"Eurocopter AS 355 versions E-F-F1-F2-N, with MGB suspension bi-directional cross beam P/N : 350A38-1018-all dash nos installed on complete cross beam assemblies P/N : 350A38-0210-all dash nos."
157b8d12-c115-446e-a4dc-d12077751fe2,b70740bb-e394-490e-8fd4-271cf6dd2d90,A018,51,DGAC AD 97-146-054(A) R1,Tail boom to aircraft structure junction attachment screws,MOD,09-Mar-1998,DGCA/AS 355 SERIES/18,,,0:00,,"Model AS 350 B /BA/B1/B2 and D helicopters,AS 355 E/F/F1/F2 and N helicopter, certified in any category."
157b8d12-c115-446e-a4dc-d12077751fe2,b70740bb-e394-490e-8fd4-271cf6dd2d90,A019,24,BV AD 98-510-055(A),Single Pole Circuit Breaker,MOD,10-Nov-1998,DGCA/AS 355 SERIES/19,,,0:00,,Eurocopter AS 355 helicopter Versions E/F/F1/F2and N equipped with single pole CROUZET circuit breakers(For P/N refer AD)
157b8d12-c115-446e-a4dc-d12077751fe2,b70740bb-e394-490e-8fd4-271cf6dd2d90,A020,100,DGAC AD 1999-083-056(A),P2 System 3-Way Coupling,MOD,24-Feb-1999,DGCA/AS 355 SERIES/20,,,0:00,,"AS 355 Helicopters,Versions E,F,F1,F2 and N."
157b8d12-c115-446e-a4dc-d12077751fe2,b70740bb-e394-490e-8fd4-271cf6dd2d90,A021,64,DGAC AD 1999-084-057(A) R3,Tail Rotor Hub Pitch Change Plate Bearing,MOD*,31-May-2007,DGCA/AS 355 SERIES/21,,,0:00,,"Eurocopter AS 355 helicopters versions E, F1, F2 and N fitted with tail rotor hub pitch change Spiders, P/N as mentioned in AD and Incorporate Mod 076551."
157b8d12-c115-446e-a4dc-d12077751fe2,b70740bb-e394-490e-8fd4-271cf6dd2d90,A022,80,EASA AD 2012-0022,Starting-Starter Generator - Check/ Replacement/ Modification,MOD,13-Mar-2012,DGCA/AS 355 SERIES/22R2,,,0:00,,"Applicable for Eurocopter AS 355 N helicopters, all serial numbers"
157b8d12-c115-446e-a4dc-d12077751fe2,b70740bb-e394-490e-8fd4-271cf6dd2d90,A023,100,Cancelled,Cancelled in view of DGCA/AS 355/21,MOD#,02-Mar-2002,DGCA/AS 355 SERIES/23,,,0:00,,Cancelled
157b8d12-c115-446e-a4dc-d12077751fe2,b70740bb-e394-490e-8fd4-271cf6dd2d90,A024,65,DGAC AD 2000-223-059R1,Tail Rotor Bearing Spacer of the Tail Rotor Haed Pitch Change Plate.,MOD,25-Sep-2004,DGCA/AS 355 SERIES/24R1,,,0:00,,"AS 355 helicopters,versions E/F/F1/F2 and N fitted with Tail Rotor Pitch Change rotating plates all P/N,on which MOD -076554 has not been embodied. Not Apply to P/N-350A33-2030-00(MOD 076550)"
157b8d12-c115-446e-a4dc-d12077751fe2,b70740bb-e394-490e-8fd4-271cf6dd2d90,A025,28,DGAC AD 2000-302(A),Ferry Fuel Tanks,MOD,20-Sep-2001,DGCA/AS 355 SERIES/25,,,0:00,,"Eurocopter AS 355 E/F/F1/F2/and N equipped with metal ferry tanks P/N 330A 871310.00,.01,.02,.03 and .04."
157b8d12-c115-446e-a4dc-d12077751fe2,b70740bb-e394-490e-8fd4-271cf6dd2d90,A026,24,DGAC AD 2000-339-060(A)R3,Electrical Power,MOD,03-Sep-2003,DGCA/AS 355 SERIES/26,,,0:00,,Eurocopter AS 355 helicopter versions E/F/F1/F2 and N certified for IFR Conditions.
157b8d12-c115-446e-a4dc-d12077751fe2,b70740bb-e394-490e-8fd4-271cf6dd2d90,A027,64,DGAC AD 2001-073-061(A),Tail Rotor Hub Pitch Change Plate Bearing,MOD,23-Feb-2001,DGCA/AS 355 SERIES/27,,,0:00,,"Eurocopter AS 355 E, F, F1, F2 and N fitted with tail rotor hub pitch change plate SNR bearing P/N 6010F234M16( 704A33-651-190)"
157b8d12-c115-446e-a4dc-d12077751fe2,b70740bb-e394-490e-8fd4-271cf6dd2d90,A028,25,EASA AD 2008-0044,Rear Bench Seat and Sliding Doors-Limitation/ Removal/ Modification.,MOD,12-Mar-2008,DGCA/AS 355 SERIES/28,,,0:00,,"AS 350 B, BA, BB, B1, B2, B3, D and AS 355 E,F,F1,F2, N equipped with rear bench seat unless modified"
157b8d12-c115-446e-a4dc-d12077751fe2,b70740bb-e394-490e-8fd4-271cf6dd2d90,A029,25,EASA AD 2009-0122 R1,Equipment / Furnishings - Load Release Units - Inspection / Modification / Limitation,MOD,08-Dec-2010,DGCA/AS 355 SERIES/29 R1,,,0:00,,"Eurocopter helicopter models: AS 355 E, F, F1, F2 and N all serial numbers, if equipped with any type of SIREN Load Release Units."
157b8d12-c115-446e-a4dc-d12077751fe2,b70740bb-e394-490e-8fd4-271cf6dd2d90,A030,63,DGAC AD 2001-558-064(A)R3,Main rotor starflex star,MOD,15-May-2002,DGCA/AS 355 SERIES/30,,,0:00,,"AS 355 E, F,F1, F2 and N helicopters equipped with STARFLEX stars P/N 350A 91-1916-00 mounted on Main Rotor Hubs prior to embodiment of MOD 076221"
157b8d12-c115-446e-a4dc-d12077751fe2,b70740bb-e394-490e-8fd4-271cf6dd2d90,A031,64,DGAC AD 2001-581-063(A) R1,Tail Rotor Control Eye End Fitting Locking,MOD*,23-Oct-2001,DGCA/AS 355 SERIES/31,,,0:00,,"AS 355 E,F,F1,F2 and N equipped with servocontrols all P/N not modified per MOD 073139 or as per SB"
157b8d12-c115-446e-a4dc-d12077751fe2,b70740bb-e394-490e-8fd4-271cf6dd2d90,A032,64,EASA AD 2009-0039,Tail Rotor - Tail Rotor Blades Skin - Inspection/ Repair,MOD,26-Mar-2009,DGCA/AS 355 SERIES/32,,,0:00,,"Eurocopter Model AS 355 E, F, F1, F2, N and NP, all S/N, if equipped with TRB P/N as specified in AD."
157b8d12-c115-446e-a4dc-d12077751fe2,b70740bb-e394-490e-8fd4-271cf6dd2d90,A033,22,DGAC AD 2003-097(A),Main servo controls,MOD*,29-Apr-2002,DGCA/AS 355 SERIES/33,,,0:00,,"AS 355 F,F1,F2,N and helicopter models specified in Alert Telex"
157b8d12-c115-446e-a4dc-d12077751fe2,b70740bb-e394-490e-8fd4-271cf6dd2d90,A034,25,DGAC AD 2002-028-066R1,Equipment / Furnishing - Breeze 450 lb Electric Hoist,MOD*,24-Nov-2005,DGCA/AS 355 SERIES/34(R1),,,0:00,,"AS 355 helicopters, versions F, F1, F2 and N equipped with BREEZE 450-lb electric hoist PN BL 29700-23."
157b8d12-c115-446e-a4dc-d12077751fe2,b70740bb-e394-490e-8fd4-271cf6dd2d90,A035,31,DGAC AD 2002-280-068(R1),Horizontal situation indicator Ki-525a,MOD,10-Jun-2004,DGCA/AS 355 SERIES/35,,,0:00,,"AS 355 E,F,F1,F2 and N equipped with Bendix/King KI 525A Horizontal situation indicator"
157b8d12-c115-446e-a4dc-d12077751fe2,b70740bb-e394-490e-8fd4-271cf6dd2d90,A036,63,EASA AD 2007-0209-E/ SB No.05-00-51,Rotor Drive - Main Gearbox(MGB) Lubrication Pump - Inspection/ Replacement,MOD*,08-Aug-2007,DGCA/AS 355 SERIES/36(R3),,,0:00,,"AS355 E, F, F1, F2 and N, all S/N equipped with MGB oil pumps P/N 355A32-0700-01, P/N 355A32-0700-02 or P/N 355A32-0701-00 installed."
157b8d12-c115-446e-a4dc-d12077751fe2,b70740bb-e394-490e-8fd4-271cf6dd2d90,A038,27,DGAC AD 2002-315-069(R1),TRW-SAMM Main Servo Controls,MOD,12-Jun-2002,DGCA/AS 355 SERIES/38,,,0:00,,"AS 355 F,F1, F2 and N helicopters equipped with TRW-SAMM main servocontrols P/N SC 8042 or SC 8043."
157b8d12-c115-446e-a4dc-d12077751fe2,b70740bb-e394-490e-8fd4-271cf6dd2d90,A039,63,DGAC AD 2002-452(A)R1,Main Rotor and Tail Rotor Dynamic components - Correction of Operating Hrs,MOD,04-Sep-2002,DGCA/AS 355 SERIES/39,,,0:00,,"Eurocopter AS 355 E, F, F1, F2 and N"
157b8d12-c115-446e-a4dc-d12077751fe2,b70740bb-e394-490e-8fd4-271cf6dd2d90,A040,25,DGAC AD 2002-585(A),Electric Hoist Installation,MOD,12-Nov-2002,DGCA/AS 355 SERIES/40,,,0:00,,"AS 350 B,BA,BB,B1, B2, B3 and D, AS 355 E,F,F1,F2 and N equipped with optional BREEZE or TRW 300 lb, Electric hoist."
157b8d12-c115-446e-a4dc-d12077751fe2,b70740bb-e394-490e-8fd4-271cf6dd2d90,A041,62,DGAC AD 2003-003(R1),Rotor Flight Control-Cyclic Stick,MOD,10-Feb-2003,DGCA/AS 355 SERIES/41,,,0:00,,"AS 355 E,F,F1,F2 and N modified per MOD 070682 and before embodiment of MOD 073179, Component affected is lower friction cup P/N 350A27-1612-20 of cyclic stick."
157b8d12-c115-446e-a4dc-d12077751fe2,b70740bb-e394-490e-8fd4-271cf6dd2d90,A042,27,DGAC AD 2003-322R1,Double Locking of Rotor Flight Control Stop Screws,MOD,13-Sep-2003,DGCA/AS 355 SERIES/42,,,0:00,ASB 67-00-25 complied,"AS 355E, F, F1, F2 and N before embodiment of MOD 073206."
157b8d12-c115-446e-a4dc-d12077751fe2,b70740bb-e394-490e-8fd4-271cf6dd2d90,A043,67,DGAC AD 2003-100(A),Main & Tail TRW SAMM Servo Controls,MOD,03-Dec-2003,DGCA/AS 355 SERIES/43,,,0:00,,"AS 355 E,F,F1,F2 and N equipped with specified P/N and S/N main and tail rotor TRW SAMM servocontrols."
157b8d12-c115-446e-a4dc-d12077751fe2,b70740bb-e394-490e-8fd4-271cf6dd2d90,A044,63,EASA AD 2006-0250,Transmission Main Gear Box Free Wheel,MOD,01-Sep-2006,DGCA/AS 355 SERIES/44(R1),,,0:00,,"AS 355 E,F, F1, F2 and N Helicopters equipped with a combiner gear box before MOD 077212 that has logged less than 10 flying hours since new or overhaul or repair."
157b8d12-c115-446e-a4dc-d12077751fe2,b70740bb-e394-490e-8fd4-271cf6dd2d90,A045,53,DGAC AD F-2004-036,Fuselage - Rear Structure Junction Frame,MOD*,27-Mar-2004,DGCA/AS 355 SERIES/45,,,0:00,,"AS 355 E, F, F1, F2 and N helicopters: Pre-MOD 073215 or not equipped with four reinforcement angles, for P/N refer AD."
157b8d12-c115-446e-a4dc-d12077751fe2,b70740bb-e394-490e-8fd4-271cf6dd2d90,A047,5,DGAC AD F-2004-056,Time Limits-Maintenanace Checks -Replacement of Hydraulic Fluid in Cold Weather.,MOD,08-May-2004,DGCA/AS 355 SERIES/47,,,0:00,,Eurocopter AS 355 E that operate in a flight envelope where OAT is below-15 deg Celcius.
157b8d12-c115-446e-a4dc-d12077751fe2,b70740bb-e394-490e-8fd4-271cf6dd2d90,A049,25,DGAC AD F-2004-170 R1,Equipment & Furnishings of Hoists Hooks,MOD,26-Mar-2005,DGCA/AS 355 SERIES/49(R1),,,0:00,,"AS 355 E, F, F1, F2 and N, equipped with BREEZE hoists fitted with hook assembly PN BL-7520-01, with hook PN BL-7520."
157b8d12-c115-446e-a4dc-d12077751fe2,b70740bb-e394-490e-8fd4-271cf6dd2d90,A050,64,DGAC AD F-2004-176,Tail Rotor Blade Trailing Edge Tab,MOD,10-Nov-2004,DGCA/AS 355 SERIES/50,,,0:00,,"Eurocopter AS 355 E,F,F1,F2 & N fitted with tail rotor blades P/N 355A 12.0040 all dash nos. and P/N 355A 12.0050 all dash nos. with S/N from 8400 thru. 9224 inclusive."
157b8d12-c115-446e-a4dc-d12077751fe2,b70740bb-e394-490e-8fd4-271cf6dd2d90,A051,55,EASA AD 2009-0029,Stabilizers - Upper and Lower Fin Attachment Fitting-Inspection / Modification/ replacement,MOD,12-Feb-2009,DGCA/AS 355 SERIES/51,,,0:00,,"AS 355 E,F, F1, F2 and N h/c, all S/N, if fitted with (Mod 073330 embodied) UFA P/N: 355A14-0522-00XX/01XX/ 02XX/ 03XX/13XX/14XX/15XX. LFA P/N: 355A14-0521-00XX/01XX/ 02XX/03XX."
157b8d12-c115-446e-a4dc-d12077751fe2,b70740bb-e394-490e-8fd4-271cf6dd2d90,A052,52,EASA AD 2007-236,Sliding Door - Rear Roller Support Shaft and Rear Fitting,MOD,01-Sep-2006,DGCA/AS 355 SERIES/52,,,0:00,,"AS 355 E,F,F1,F2 and N and AS 350 B,BA,BB,B1,B2,B3 and D fitted with sliding door(s) before embodiment of MOD 073298 and/or MOD 073308."
157b8d12-c115-446e-a4dc-d12077751fe2,b70740bb-e394-490e-8fd4-271cf6dd2d90,A053,67,EASA AD 2006-081,Yaw Control Cable-Replcement of Ball Cage,MOD,08-Jun-2006,DGCA/AS 355 SERIES/53(R1),,,0:00,,"AS 355 F1 helicopter ,P/N 704A34-130-068(Pre-Mod072771) without autopilot and 704A34-130-086 (with autopilot) pre mod 072771."
157b8d12-c115-446e-a4dc-d12077751fe2,b70740bb-e394-490e-8fd4-271cf6dd2d90,A054,65,EASA AD 2006-100,Tail Rotor Drive Shaft Forward Shaft Section,MOD,05-May-2006,DGCA/AS 355 SERIES/54(R1),,,0:00,,"AS 355 E, F, F1, F2 and N helicopters equipped with a tail rotor drive shaft forward section PN 355A 34-1090-00 with s/n from No.M 858 (inclusive) up to No. M 873 (inclusive)."
157b8d12-c115-446e-a4dc-d12077751fe2,b70740bb-e394-490e-8fd4-271cf6dd2d90,A055,24,EASA AD 2006-0164,Ultimately Firing of Squibs on Electric Hoists,MOD,23-Jun-2006,DGCA/AS 355 SERIES/55(R1),,,0:00,,"-AS 350 B, BA, BB, B1, B2, B3 & D, -AS 355 E,F,F1,F2 & N equipped with GOODRICH electric hoist, PN 76370-XXX (all types of motors)."
157b8d12-c115-446e-a4dc-d12077751fe2,b70740bb-e394-490e-8fd4-271cf6dd2d90,A056,53,EASA AD 2006-0273,Fuselage RH cabin vibration damper and blade -Inspection/ Replacement/ Modification.,MOD,14-Sep-2006,DGCA/AS 355 SERIES/56(R2),,,0:00,,"All Model AS 350 B/BA/BB/B1/B2/B3/ D h/c, all s/n; All Model AS 355 E/F/F1/F2/N h/c, all s/n, if equipped with RH cabin vibrator damper blades, all p/n,with automatic flight control system."
157b8d12-c115-446e-a4dc-d12077751fe2,b70740bb-e394-490e-8fd4-271cf6dd2d90,A057,67,EASA AD 2006-0055-E,Rotor Flight Controls - Main Servo Controls,MOD,01-Mar-2006,DGCA/AS 355 SERIES/57,,,0:00,,"Eurocopter AS 350 B/BA/BB/ B1/B2/ B3/ D, and AS 355 E helicopters, equipped with main servo-controls, all part numbers, not modified per MOD 073343."
157b8d12-c115-446e-a4dc-d12077751fe2,b70740bb-e394-490e-8fd4-271cf6dd2d90,A058,100,EASA AD 2010-0014,Hoist Operators Bell Snap Hook,MOD,01-Sep-2006,DGCA/AS 355 SERIES/58R1,,,0:00,,"AS 355 E, F, F1, F2 and N, before embodiment of MOD 073299 and helicopter models specified in AD"
157b8d12-c115-446e-a4dc-d12077751fe2,b70740bb-e394-490e-8fd4-271cf6dd2d90,A059,24,EASA AD 2006-0338,Electrical Power-Starting- Starter Generator Limitations,MOD,17-Nov-2006,DGCA/AS 355 SERIES/59,,,0:00,,"Eurocopter AS 355 N helicopter fitted with starter generator, All P/N before embodiment of MOD 073344."
157b8d12-c115-446e-a4dc-d12077751fe2,b70740bb-e394-490e-8fd4-271cf6dd2d90,A060,62,EASA AD 2007-0099,Rotors flight control-main &tail rotors servo controls -Inspection/modification,MOD,25-Apr-2007,DGCA/AS 355 SERIES/60,,,0:00,,"Eurocopter AS 355F, F1, F2 & N, all Serial Number that are equipped with main & tail rotor GOODRICH servo-controls without letter ""R"" marked in inspection box of servo-control identification plate."
157b8d12-c115-446e-a4dc-d12077751fe2,b70740bb-e394-490e-8fd4-271cf6dd2d90,A061,67,EASA AD 2007-0131-E,Rotor Flight Controls-Load Compensator Levers-Inspection/ Replacement.,MOD,15-May-2007,DGCA/AS 355 SERIES/61,,,0:00,,"AS 355 N, and AS 355 F2 helicopters, all serial numbers."
157b8d12-c115-446e-a4dc-d12077751fe2,b70740bb-e394-490e-8fd4-271cf6dd2d90,A062,53,EASA AD 2007-0139-E,Fuselage - Center cross-member under the cabin floor - Inspection / Modification,MOD*,18-May-2007,DGCA/AS 355 SERIES/62,,,0:00,,"Eurocopter AS355 E, F, F1, F2 and N helicopters, all S/N delivered before Jan 1, 2007 and equipped with a collective-to-yaw control coupling with or without Automatic Flight control system."
157b8d12-c115-446e-a4dc-d12077751fe2,b70740bb-e394-490e-8fd4-271cf6dd2d90,A063,67,EASA AD 2007-0141-E,Rotor Flight Controls - Main & Tail Rotors Servo-Controls - Inspection / Replacement.,MOD,23-May-2007,DGCA/AS 355 SERIES/63,,,0:00,,"EUROCOPTER models: AS 355 E, F, F1, F2,N, all s/n, equipped with GOODRICH main rotor and tail rotor servo-controls with no letter ""C"" marked in inspection box of ID plate. For P/N refer AD."
157b8d12-c115-446e-a4dc-d12077751fe2,b70740bb-e394-490e-8fd4-271cf6dd2d90,A064,67,EASA AD 2007-0289,Rotor Flight Controls - Collective Lever Recess - Modification.,MOD,03-Dec-2007,DGCA/AS 355 SERIES/64,,,0:00,,"EUROCOPTER Models AS 350 B/B1/D, AS 355 E/F/F1/F2, all pre MOD 071995."
157b8d12-c115-446e-a4dc-d12077751fe2,b70740bb-e394-490e-8fd4-271cf6dd2d90,A066,4,EASA AD 2010-0006,Time Limits / Maintenance Checks - Tail Rotor (TR) Pitch-Change Links - Inspection,MOD*,21-Jan-2010,DGCA/AS 355 SERIES/66,,,0:00,,"Eurocopter helicopter Model: AS 355 F1, all serial numbers, if equipped with TR pitch-change links having P/N 350A33-2121-00, 350A33-2121-01, 350A33-2121-02, 350A33-2143-00, 350A33-2145-00 or 350A33-2145-01."
157b8d12-c115-446e-a4dc-d12077751fe2,b70740bb-e394-490e-8fd4-271cf6dd2d90,A067,53,EASA AD 2010-0023 R2,Fuselage - Engine and Main Gearbox Cowling Locking - Modification,MOD,01-Apr-2010,DGCA/AS 355 Series/67 R2,,,0:00,,"All AS355E, F, F1 and F2 helicopters, all serial numbers."
157b8d12-c115-446e-a4dc-d12077751fe2,b70740bb-e394-490e-8fd4-271cf6dd2d90,A068,65,EASA AD 2011-0038-E,Tail Rotor Drive - Tail Gearbox (TGB) Control Lever - Inspection / Rework / Replacement,MOD*,29-Apr-2010,DGCA/AS 355 SERIES/68R1,,,0:00,,"Eurocopter AS 355 E, F, F1, F2 and N helicopters, all serial numbers, if equipped with TGB control lever P/N 350A33-1058-00, P/N 350A33-1058-01, P/N 350A33-1058-02, or P/N 350A33-1058-03, except those marked with an ""X""."
157b8d12-c115-446e-a4dc-d12077751fe2,b70740bb-e394-490e-8fd4-271cf6dd2d90,A069,25,EASA AD 2011-0072,Equipment & Furnishings - Emergency Flotation Gear Attachment Brackets - Inspection / Replacement,MOD,04-May-2011,DGCA/AS 355 Series/69,,,0:00,,"Eurocopter AS 355 E, AS 355 F, AS 355 F1, AS 355 F2, AS 355 N and AS 355 NP helicopters, all serial numbers, if equipped with fixed parts of the emergency flotation gear."
157b8d12-c115-446e-a4dc-d12077751fe2,b70740bb-e394-490e-8fd4-271cf6dd2d90,A070,65,EASA AD 2011-0104,Tail rotor drive - Tail gearbox(TGB) casing assembly - Inspection/ Replacement,MOD,17-Oct-2011,DGCA/AS 355 SERIES/70,,,0:00,,"Eurocopter models AS350 B,BA,BB,B1,B2,B3 and D helicopters and AS355 E,F,F1,F2,N and NP helicopters, all serial numbers"
157b8d12-c115-446e-a4dc-d12077751fe2,b70740bb-e394-490e-8fd4-271cf6dd2d90,A072,26,"EASA AD 2015-0181,ASB No. AS355-26.00.10.",Fire Protection - Engine Fire Extinguisher System - Modification,MOD,13-Nov-2015,DGCA/AS 355 Series/72 R1,,,0:00,,"AS 355 NP helicopters, all serial numbers, if equipped with the ARRIUS 1A1 engine fire extinguishing system through production modification (mod) OP-3931, except those incorporating Airbus Helicopters (AH) mod 07-3990."
157b8d12-c115-446e-a4dc-d12077751fe2,b70740bb-e394-490e-8fd4-271cf6dd2d90,A073,33,EASA AD 2013-0281,ATA 33 Lights - Position Strobe Light - Inspection / Deactivation / Modification,MOD*,10-Dec-2013,DGCA/AS 355 Series/73 Rev 1,,,0:00,,"Eurocopter AS 350 B, AS 350 BA, AS 350 BB, AS 350 B1, AS 350 B2, AS 350 B3 and AS 350 D helicopters, all serial numbers (s/n), and AS 355E,AS355F,AS355 F1,AS 355F2,AS 355 N and AS 355 NP helicopters, all s/n , if modified in production with (optional) modification OP0811 and equipped with a Grimes- Honeywell power supply unit, P/N 60-1431-3,in the baggage compartment as part of that optional modification."
157b8d12-c115-446e-a4dc-d12077751fe2,b70740bb-e394-490e-8fd4-271cf6dd2d90,A074,52,EASA AD 2012-0205,ATA 52-Doors - Sliding Door Lower Ball-joint - Modification,MOD,09-Jul-2012,DGCA/AS 355 Series/74,,,0:00,,"AS 350 B, AS 350 BA, AS 350 BB, AS 350 B1, AS 350 B2, AS 350 B3 and AS 350 D helicopters."
157b8d12-c115-446e-a4dc-d12077751fe2,b70740bb-e394-490e-8fd4-271cf6dd2d90,A075,64,EASA AD 2012-0257-E,ATA 64-Tail Rotor - Laminated Half-Bearings - Inspection / Replacement,MOD*,29-Nov-2012,DGCA/AS 355 Series/75,,,0:00,,"Applies to AS 355 E, AS 355 F, AS 355 F1, AS 355 F2, AS 355 N and AS 355 NP helicopters"
157b8d12-c115-446e-a4dc-d12077751fe2,b70740bb-e394-490e-8fd4-271cf6dd2d90,A076,29,EASA AD 2013-0095- E,ATA 67- Rotor Flight Controls - Main/Tail Rotor Servo-Control Bearings - Inspection / Replacement,MOD*,19-Apr-2013,DGCA/AS 355 Series/76,,,0:00,,"AS 350 B, AS 350 BA, AS 350 BB, AS 350 B1, AS 350 B2, AS 350 B3 and AS 350 D, AS 355 E, AS 355 F, AS 355 F1, AS 355 F2, AS 355 N, AS 355 NP helicopters, all serial numbers"
157b8d12-c115-446e-a4dc-d12077751fe2,b70740bb-e394-490e-8fd4-271cf6dd2d90,A077,4,EASA AD 2013-0130,ATA-04 Time Limits / Maintenance Checks - Airworthiness Limitations - Revision,MOD,26-Jun-2013,DGCA/AS 355 Series/77,,,0:00,,"AS 355 E, AS 355 F, AS 355 F1, AS 355 F2, AS 355 N and AS 355 NP helicopters, all serial numbers."
157b8d12-c115-446e-a4dc-d12077751fe2,b70740bb-e394-490e-8fd4-271cf6dd2d90,AD078,64,EASA AD 2013-0133 & ASB No. 05.00.65,Tail Rotor - Tail Rotor Hub Pitch Horn - Inspection / Replacement,MOD*,27-May-2013,DGCA/AS 355 Series/78,,,0:00,,"AS 350 B, AS 350 BA, AS 350 BB, AS 350 B1, AS 350 B2, AS 350 B3, AS 350 D, AS 355 E, AS 355 F, AS 355 F1 helicopters,"
157b8d12-c115-446e-a4dc-d12077751fe2,b70740bb-e394-490e-8fd4-271cf6dd2d90,A079,28,EASA AD 2013-0205,Fuel - FUELTRON Flowmeter Installation - Removal,MOD,15-Oct-2013,DGCA/AS 355 Series/79,,,0:00,,"ECUREUIL AS355 E, AS355 F, AS355 F1, AS355 F2 helicopters, all serial numbers with modification 350A070791 embodied in production (installation of the FUELTRON flowmeter), except those with modification 355A085801 embodied in production."
157b8d12-c115-446e-a4dc-d12077751fe2,b70740bb-e394-490e-8fd4-271cf6dd2d90,A80,53,EASA AD 2014-0076-E,Fuselage - Rear Structure Junction Frame Reinforcement Angles - Inspection,MOD*,27-Mar-2014,DGCA/AS 355 Series/80,,,0:00,,"AS 350 B, BA, BB, B1, B2, B3 and D helicopters, and AS 355 E, F, F1, F2, N and NP helicopters, all serial numbers,"
157b8d12-c115-446e-a4dc-d12077751fe2,b70740bb-e394-490e-8fd4-271cf6dd2d90,A81,21,EASA AD 2014-0135-E,Air Conditioning - Cabin Ventilation Air Scoop Drainage - Inspection,MOD,27-May-2014,DGCA/AS 355 Series/81,,,0:00,,"AS 355 E, F, F1, F2, N and NP helicopters, all serial numbers."
157b8d12-c115-446e-a4dc-d12077751fe2,b70740bb-e394-490e-8fd4-271cf6dd2d90,DGCA/AS 355 SERIES/86,65,EASA AD 2015-0195,Tail Rotor Drive - Drive Shaft Bearings - Inspection / Replacement,MOD*,25-Sep-2015,DGCA/AS 355 SERIES/86,,,0:00,,"AS 350 B, BA, BB, B1, B2, B3 and D helicopters, and AS 355 E, F, F1, F2, N and NP helicopters, all serial numbers, if equipped with tail rotor (TR) drive shaft bearings as indicated in Table 1 of this AD."
157b8d12-c115-446e-a4dc-d12077751fe2,b70740bb-e394-490e-8fd4-271cf6dd2d90,DGCA/AS 355 SERIES/87,28,EASA AD 2015-0202,Fuel - FUELTRON Flowmeter - Removal,MOD,22-Feb-2016,DGCA/AS 355 SERIES/87,,,0:00,,"AS 355 E, AS 355 F, AS 355 F1 and AS 355 F2 helicopters, all serial numbers"
157b8d12-c115-446e-a4dc-d12077751fe2,b70740bb-e394-490e-8fd4-271cf6dd2d90,DGCA/AS 355 SERIES/88,63,EASA AD 2016-0021,Rotor Drive - Main Gearbox Bottom Casing - Inspection / Replacement,MOD*,22-Feb-2016,DGCA/AS 355 SERIES/88,,,0:00,,"AS 350 B1, B2 and AS 355 E, F, F1, F2, N helicopters, all serial numbers, if equipped with main gearbox (MGB) bottom Casing (sump) P/N 350A32-3119-03 or P/N 350A32-3119-05"
157b8d12-c115-446e-a4dc-d12077751fe2,b70740bb-e394-490e-8fd4-271cf6dd2d90,DGCA/AS 355 SERIES/89,63,EASA AD 2016-0022,Rotor Drive - Main Gearbox Main and Bottom Casings - Inspection / Replacement,MOD,09-Aug-2016,DGCA/AS 355 SERIES/89,,,0:00,,"AS 355 NP helicopters, all serial numbers, if equipped with main gearbox (MGB) main casing Part Number (P/N) 350A32-3121-07, or equipped with MGB bottom casing (sump) P/N 350A32-3119-03 or P/N 350A32-3119-05."
157b8d12-c115-446e-a4dc-d12077751fe2,b70740bb-e394-490e-8fd4-271cf6dd2d90,A065,26,EASA AD 2009-0277 R1,Fire Protection - Portable Halon 1211 Fire Extinguishers - Identification / Replacement,MOD,05-Feb-2010,DGCA/AS35 SERIES/65R1,,,0:00,,"Eurocopter Helicopter Model: AS 355 E, F, F1, F2, N and NP, if equipped with P/N 863520-00 portable fire extinguishers, serial numbers (s/n) as listed in L'Hotellier Service Bulletin (SB) 863520-26-001."
157b8d12-c115-446e-a4dc-d12077751fe2,b70740bb-e394-490e-8fd4-271cf6dd2d90,MM 149,62,EASA AD 2018-0206,ATA 62 - Main Rotor - Mast Upper Bearing Sealant Bead / Inner Race Retaining Rings - Inspection,MOD,28-Sep-2018,DGCA/AS350 SERIES/149,,,0:00,,"AS 350 B, AS 350 BA, AS 350 BB, AS 350 B1, AS 350 B2, AS 350 B3 and AS 350 D helicopters, all serial numbers (s/n)."
157b8d12-c115-446e-a4dc-d12077751fe2,b70740bb-e394-490e-8fd4-271cf6dd2d90,A037,52,EASA AD 2006-0249,Sliding door-wear on rollers and rails,MOD*,20-Jan-2005,DGCA/AS355 SERIES/37(R2),,,0:00,Complied SB No. 05.00.39,"AS 350 B,BA,BB,B1,B2,B3 and D, AS 355 E,F,F1,F2 and N, equipped withsliding doors not modified per MOD 073287 and/or MOD 073290 0r as per SB"
157b8d12-c115-446e-a4dc-d12077751fe2,b70740bb-e394-490e-8fd4-271cf6dd2d90,A046,25,EASA AD 2006-0098,Hoists Hook,MOD,31-Mar-2004,DGCA/AS355 SERIES/46(R1),,,0:00,,"Eurocopter AS 355 E, F , F1, F2 and N equipped with GOODRICH Hoist P/N and Hooks P/N refer AD."
157b8d12-c115-446e-a4dc-d12077751fe2,b70740bb-e394-490e-8fd4-271cf6dd2d90,A048,29,DGAC AD F-2004-090,Hydraulic System - Hydraulic Cutt Off Function,MOD,03-Jul-2004,DGCA/AS355 SERIES/48,,,0:00,,"Eurocopter AS 355 E helicopters , pre MOD 073263."
157b8d12-c115-446e-a4dc-d12077751fe2,b70740bb-e394-490e-8fd4-271cf6dd2d90,A071,67,EASA AD 2011-0164,Tail Rotor Control Stop Screws-Inspection,MOD*,07-Oct-2011,DGCA/AS355 SERIES/71,,,0:00,,"AS 355 E, AS 355 F, AS 355 F1, AS 355 F2, AS 355 N and AS 355 NP helicopters, all s/n, if equipped with an AP, and AS 355 N and AS 355 NP helicopters, all s/n, without an AP installed, but embodying modification 071908."
157b8d12-c115-446e-a4dc-d12077751fe2,b70740bb-e394-490e-8fd4-271cf6dd2d90,A82,62,EASA AD 2014-0132R1,Main Rotor - Rotating Star Swashplate - Inspection / Replacement,MOD*,09-Jun-2014,DGCA/AS355 Series/82 Rev 1,,,0:00,,"AS 350 B, BA, BB, B1, B2, B3 and D helicopters, and AS 355 E, F, F1, F2, N and NP helicopters, and EC130 B4 and T2 helicopters, all serial numbers, if equipped with a swashplate assembly comprising a rotating star with Part Number (P/N) 350A371003-04, P/N 350A371003-05, P/N 350A371003-06, P/N 350A371003-07, or P/N 350A371003-08."
157b8d12-c115-446e-a4dc-d12077751fe2,b70740bb-e394-490e-8fd4-271cf6dd2d90,MM 95,53,EASA AD No.: 2018-0152,ATA 53 - Fuselage - Main Gearbox Bracket Bolts - Inspection,MOD,18-Jul-2018,DGCA/AS355 SERIES/95,,,0:00,,"AS 350 B, AS 350 D, AS 350 B1, AS 350 B2, AS 350 BA, AS 350 BB, AS 350 B3, EC 130 B4, EC 130 T2, AS 355 E, AS355 F, AS355 F1, AS355 F2, AS355 N and AS355 NP helicopters, all serial numbers."
157b8d12-c115-446e-a4dc-d12077751fe2,b70740bb-e394-490e-8fd4-271cf6dd2d90,M152,25,EASA AD 2013-0020 Rev 4,Equipment & Furnishings - Safety Belts / Torso Restraint Systems - Inspection / Replacement,MIS,18-Jul-2013,DGCA/New Misc/ 152 Rev 4,,,0:00,,All part numbers of safety belts and torso restraint systems installed on any aircraft if safety belts and torso restraint systems have been maintained or repaired after 28 September 2003
157b8d12-c115-446e-a4dc-d12077751fe2,b70740bb-e394-490e-8fd4-271cf6dd2d90,M152,25,EASA AD 2013-0020R4,Equipment & Furnishings - Safety Belts / Torso Restraint Systems - Inspection / Replacement,MIS,11-Jul-2014,DGCA/New Misc/ 152 Rev 5,,,0:00,,"All P/N of safety belts and torso restraint systems installed on any aircraft where dynamically tested seats are required IAW airworthiness requirements like the European Certification Specifications (CS), or JAR/FAR, para 23.562, 25.562, 27.562 and 29.562, if safety belts and torso restraint systems have been maintained or repaired after 28 Sept 2003 by maintenance organizations not holding the applicable maintn data of the relevant approval holders, unless they are marked with European Parts Approval (EPA)."
157b8d12-c115-446e-a4dc-d12077751fe2,b70740bb-e394-490e-8fd4-271cf6dd2d90,M108,73,EASA AD 2008-22-01,"To prevent the potential of ignition sources inside fuel tanks, which, in combination with flammable fuel vapors, could result in fuel tank explosions and consequent loss of the airplane.",MIS,26-Nov-2008,DGCA/New Misc/108,,,0:00,,Transport Category Airplanes equipped with auxiliary fuel tanks installed iaw specified STC (Boeing Model).
157b8d12-c115-446e-a4dc-d12077751fe2,b70740bb-e394-490e-8fd4-271cf6dd2d90,M108,100,EASA AD 2008-22-01,"To prevent the potential of ignition sources inside fuel tanks, which, in combination with flammable fuel vapors, could result in fuel tank explosions and consequent loss of the airplane.",MIS,26-Nov-2008,DGCA/New Misc/108,,,0:00,,Transport Category Airplanes equipped with auxiliary fuel tanks installed iaw specified STC (Boeing Model).
157b8d12-c115-446e-a4dc-d12077751fe2,b70740bb-e394-490e-8fd4-271cf6dd2d90,M111,23,EASA AD 2006-0334R1,Communications - Thales Communications VHF Data Radio - Modification,MIS,19-Mar-2009,DGCA/New Misc/111,,,0:00,,"Thales VHF Data Radio,P/N: EVR716-11-0300A, EVR716-11-0350A EVR716-01-0100A, EVR716-01-0200A EVR750-03-0100A known to be installed on but not limited to Bombardier, Airbus and Boeing aircraft."
157b8d12-c115-446e-a4dc-d12077751fe2,b70740bb-e394-490e-8fd4-271cf6dd2d90,M112,34,EASA AD 2010-0067,Navigation-Mode S Transponder -Check / Modification,MIS,06-May-2009,DGCA/New Misc/112 R1,,,0:00,,"Rockwell Collins Mode S Transponders identified by type TDR-94, TDR-94D and P/N as in AD, are known to be installed on, but not limited to ATR, Bombardier, Hawker Beechcraft, Falcon."
157b8d12-c115-446e-a4dc-d12077751fe2,b70740bb-e394-490e-8fd4-271cf6dd2d90,M113,25,FAR PART 121.311,Implementation of Federal Aviation Administration (FAA) Regarding crashworthiness Standard for Passenger Operations,MIS,23-Jul-2009,DGCA/New Misc/113 Rev.1,,,0:00,,Transport Category Airplanes
157b8d12-c115-446e-a4dc-d12077751fe2,b70740bb-e394-490e-8fd4-271cf6dd2d90,M114,25,FAA AD 2010-03-02,"To prevent failure of a hook during rescue hoist opeartions,loss of the rescued passenger and subsequent injury or fatality",MIS,09-Mar-2010,DGCA/New Misc/114 Rev.1,,,0:00,,"Applies to all helicopters, which have a rescue hoist assembly installed that contains a Lifesaving Systems Corp. D-Lok Hook assembly, part number (P/N) 410-A or 410-F, lot number 208 or 1108."
157b8d12-c115-446e-a4dc-d12077751fe2,b70740bb-e394-490e-8fd4-271cf6dd2d90,M116,34,EASA AD 2009-0200,Navigation - Mode A/C Transponder - Check/ Replacement,MIS,22-Sep-2009,DGCA/New Misc/116,,,0:00,,"Narco Avionics Inc. AT-150 Mode A/C transponder, all Part Number, all serial numbers known to be installed on, but not limited to aircraft certified under CS23/ by EU member states prior to 28-09-03."
157b8d12-c115-446e-a4dc-d12077751fe2,b70740bb-e394-490e-8fd4-271cf6dd2d90,M118,35,FAA AD 2009-21-10 R1,"To Prevent an oxygen cylinder from rupturing, depending on the location, could result in structural damage and rapid decompression of the airplane.",MIS,09-Mar-2010,DGCA/New Misc/118 Rev.1,,,0:00,,"Applies to the oxygen cylinder assy, approved under United States Department of Transportation Regulations for Type 3HT cylinders, identified in Table 1 of the referenced AD."
157b8d12-c115-446e-a4dc-d12077751fe2,b70740bb-e394-490e-8fd4-271cf6dd2d90,M118,35,FAA AD 2009-21-10 R1,"To Prevent An Oxgen Cylinder from Rupturing, Which Depending on the Location Could REsult in Structural Damage & Rapid Decompression Of the Airplane",MIS,04-Feb-2010,DGCA/New Misc/118 Rev.1,,,0:00,,"AVOX Systems and B/E Aerospace oxygen cylinder assemblies, approved under United States Department of Transportation Regulations for Type 3HT cylinders, identified in Table 1 of this AD."
157b8d12-c115-446e-a4dc-d12077751fe2,b70740bb-e394-490e-8fd4-271cf6dd2d90,M122,34,EASA AD 2010-0003R1,Navigation - Mode S Transponder Aircraft Type Mode Strapping - Check / Modification,MIS,18-Feb-2010,DGCA/New Misc/122,,,0:00,,"Rockwell Collins Mode S Transponders identified by type & (P/N) as follows: TDR-94:-622-9352-008,622-9352-108, 622-9352-308 & 622-9352-408. TDR-94D:-622-9210-008,622-9210-108,622-9210-308 & 622-9210-408."
157b8d12-c115-446e-a4dc-d12077751fe2,b70740bb-e394-490e-8fd4-271cf6dd2d90,M122,34,EASA AD 2010-0003 R1,Navigation - Mode S Transponder Aircraft Type Mode Strapping - Check / Modification,MIS,18-Feb-2010,DGCA/New Misc/122,,,0:00,,"Rockwell Collins Mode S Transponders identified by type & P/N as follows. TDR-94:622-9352-008, 622-9352-108, 622-9352-308 & 622-9352-408. TDR-94D:622-9210-008, 622-9210-108, 622-9210-308 & 622-9210-408."
157b8d12-c115-446e-a4dc-d12077751fe2,b70740bb-e394-490e-8fd4-271cf6dd2d90,M123,72,FAA AD 2010-07-08,"To prevent separation or seizure of the turbocharger turbine, which could result in full or partial engine power loss, loss of engine oil, and smoke in the airplane cabin.",MIS,19-Apr-2010,DGCA/New Misc/123,,,0:00,,"Kelly Aerospace Energy Systems, LLC (KAES) rebuilt turbochargers listed by part number (P/N) in the Table 1 of this AD. The affected S/Ns are listed in Table III of Kelly Aerospace Energy Systems, LLC SB No. 039 A, dated Feb 10, 2010."
157b8d12-c115-446e-a4dc-d12077751fe2,b70740bb-e394-490e-8fd4-271cf6dd2d90,M124,35,FAA AD 2010-11-05,Oxygen Cylinder - Inspection / Replacement - To Prevent Oxygen Cylinder From Rupturing.,MIS,06-Jul-2010,DGCA/New Misc/124,,,0:00,,"Oxygen cylinders with a capacity of 114/115 cubic feet, approved under United States Department of Transportation Regulations for Type 3HT cylinders, identified in Table 1 of AD. The affected oxygen cylinders may be installed as a component of, but not limited to, the AVOX Systems Inc. and B/E Aerospace cylinder assemblies listed in Table 2 of AD."
157b8d12-c115-446e-a4dc-d12077751fe2,b70740bb-e394-490e-8fd4-271cf6dd2d90,M125,61,FAA AD 2010-13-10,"To prevent loss of propeller pitch control, damage to the propeller governor, and internal damage to the engine, which could prevent continued safe flight or safe landing.",MIS,05-Aug-2010,DGCA/New Misc/125,,,0:00,,"Ontic Engineering and Manufacturing, Inc. propeller governors, part numbers (P/Ns) C210776, T210761, D210760, and J210761, as listed by serial number on pages 3 and 4 of Ontic Engineering and Manufacturing SB-DES-353, Rev. A."
157b8d12-c115-446e-a4dc-d12077751fe2,b70740bb-e394-490e-8fd4-271cf6dd2d90,M126,23,EASA AD 2010-0186,Communication - Very High Frequency (VHF/AM) Transceiver - Modification,MIS,22-Sep-2010,DGCA/New Misc/126,,,0:00,,"Dittel FSG 2T VHF/AM Airband Transceivers, P/N F10350, s/n 35(X)-05100 through 35(X)-06462 inclusive, except units marked with Mod-Index: SB 1.06, and s/n 353-05172, 353-05189, 355-05557, 355-05696 and 356-05828."
157b8d12-c115-446e-a4dc-d12077751fe2,b70740bb-e394-490e-8fd4-271cf6dd2d90,M127,34,EASA AD 2010-0204 [Correction: 07 June 2011],Navigation Systems - Mode-S Transponder - Modification / Replacement,MIS,20-Oct-2010,DGCA/New Misc/127 R1,,,0:00,,"Rockwell Collins Mode S Transponders identified by type TDR-94/TDR-94D and Part Number (P/N) as listed in AD, when installed in combination with certain Rockwell Collins ADC as specified in AD, and the Rockwell Collins CSDB databus is being used to transfer altitude information between the ADC and the transponder(s)."
157b8d12-c115-446e-a4dc-d12077751fe2,b70740bb-e394-490e-8fd4-271cf6dd2d90,M127,34,EASA AD 2010-0204,Navigation Systems - Mode-S Transponder - Modification / Replacement,MIS,20-Oct-2010,DGCA/New Misc/127 Rev.1,,,0:00,,"Rockwell Collins Mode S Transponders identified by type (TDR-94/TDR-94D)and Part Number (P/N) as listed in AD, when installed in combination with certain Rockwell Collins ADC as specified in AD and the Rockwell CSDB databus is being used to transfer altitude information between the ADC and the transponder(s)."
157b8d12-c115-446e-a4dc-d12077751fe2,b70740bb-e394-490e-8fd4-271cf6dd2d90,M128,27,EASA AD 2010-0233,Flight Controls - Turnbuckles - Inspection,MIS,10-Dec-2010,DGCA/New Misc/128,,,0:00,,"CAP10B and CAP10B with Major Change 000302 (commercial name CAP10C), all serial numbers."
157b8d12-c115-446e-a4dc-d12077751fe2,b70740bb-e394-490e-8fd4-271cf6dd2d90,M129,35,FAA AD 2011-01-09,Air Transport Association (ATA) of America Code 35: Oxygen.,MIS,09-Feb-2011,DGCA/New Misc/129,,,0:00,,"B/E Aerospace protective breathing equipment (PBE) units having P/N 119003-11. These PBE units may be installed on (or carried or stowed on board), but not limited to, various transport category airplanes, certificated in any category, identified in but not limited to the airplanes as specified in Table 1 of this AD."
157b8d12-c115-446e-a4dc-d12077751fe2,b70740bb-e394-490e-8fd4-271cf6dd2d90,M130,35,FAA AD 2012-11-09 R1,To eliminate a hazard that could jeopardize flight safety and to ensure that all lavatories have a supplemental oxygen supply.,MIS,27-Jul-2015,DGCA/New Misc/130 R3,,,0:00,,"Transport category airplanes, in passenger-carrying operations, that are equipped with any chemical oxygen generator installed in any lavatory."
157b8d12-c115-446e-a4dc-d12077751fe2,b70740bb-e394-490e-8fd4-271cf6dd2d90,M130,35,FAA AD 2012-11-09,"Air Transport Association (ATA) of America Code 35, Oxygen.",MIS,26-Jul-2012,DGCA/New Misc/130R2,,,0:00,,"Transport category airplanes, in passenger-carrying operations, that are equipped with any chemical oxygen generator installed in any lavatory."
157b8d12-c115-446e-a4dc-d12077751fe2,b70740bb-e394-490e-8fd4-271cf6dd2d90,M131,34,EASA AD 2011-0043,Navigation Systems - Mode-S Transponder Control Panels - Modification,MIS,30-Mar-2011,DGCA/New Misc/131,,,0:00,,"Airbus, BAE Systems, Boeing, Fokker, Lockheed, McDonnell Douglas, Sabreliner Corporation models, all serial numbers, if equipped with Gables Engineering type G7490, G7492 or G7493 series ATC/TCAS Control Panels."
157b8d12-c115-446e-a4dc-d12077751fe2,b70740bb-e394-490e-8fd4-271cf6dd2d90,M132,35,EASA AD 2011-0090R1,Oxygen - Oxygen Mask Regulator Inflatable Harness - Identification / Replacement,MIS,27-Jul-2011,DGCA/New Misc/132,,,0:00,,"Flight Crew Oxygen Masks Regulators, Manufactured by Intertechnique (part of Zodiac Aerospace), EROS, all Part Number (P/N) MA10, MC10, MC20, MF10, MF20, MLC20, MLD20, MRA005, MRA022 and MRA023 series. Note: The affected batches were installed on harnesses manufactured between Dec 2008 and Aug 2010."
157b8d12-c115-446e-a4dc-d12077751fe2,b70740bb-e394-490e-8fd4-271cf6dd2d90,M132,35,EASA AD 2011-0090R1,Oxygen - Oxygen Mask Regulator Inflatable Harness - Identification / Replacement,MIS,27-Jul-2011,DGCA/New Misc/132 R1,,,0:00,,"Flight Crew Oxygen Masks Regulators, Manufactured by Intertechnique (part of Zodiac Aerospace), EROS, all Part Number (P/N) MA10, MC10, MC20, MF10, MF20, MLC20, MLD20, MRA005, MRA022 and MRA023 series. Note: The affected batches were installed on harnesses manufactured between Dec 2008 and Aug 2010."
157b8d12-c115-446e-a4dc-d12077751fe2,b70740bb-e394-490e-8fd4-271cf6dd2d90,M132,35,EASA AD 2011-0090R1,Oxygen - Oxygen Mask Regulator Inflatable Harness - Identification / Replacement,MIS,27-Jul-2011,DGCA/New Misc/132. Rev.1,,,0:00,,"Flight Crew Oxygen Masks Regulators, Manufactured by Intertechnique (part of Zodiac Aerospace), EROS, all Part Number (P/N) MA10, MC10, MC20, MF10, MF20, MLC20, MLD20, MRA005, MRA022 and MRA023 series. Note: The affected batches were installed on harnesses manufactured between Dec 2008 and Aug 2010."
157b8d12-c115-446e-a4dc-d12077751fe2,b70740bb-e394-490e-8fd4-271cf6dd2d90,M133,25,EASA AD 2011-0094,Equipment and Furnishing - Life Jacket Vacuum Bag - Modification,MIS,06-Jun-2011,DGCA/New Misc/133,,,0:00,,"Life Jackets for Infant - Small Child, manufactured by Aerazur, Part Number (P/N) 216200-0, P/N 216203-0 and P/N 216204-0, having serial numbers (s/n) 28366 through 30739 inclusive."
157b8d12-c115-446e-a4dc-d12077751fe2,b70740bb-e394-490e-8fd4-271cf6dd2d90,M134,25,EASA AD 2011-0103,Equipment / Furnishings - Emergency Locator Transmitter (ELT) Antenna - Modification / Replacement,MIS*,30-Jun-2011,DGCA/New Misc/134,,,0:00,,"Tri-Band ELT antennas, Manuafctured by Chelton Limited (trading as Cobham Antenna Systems), Part Number (P/N) 21-41 ( ) series, all serial numbers (s/n) up to 12999 inclusive. Chelton P/N 21-41 ( ) series antennas installed in combination with the ELT Model ARTEX C406-N HM, P/N 453 5061/C406-N, P/N 453-5060 are not affected by this AD."
157b8d12-c115-446e-a4dc-d12077751fe2,b70740bb-e394-490e-8fd4-271cf6dd2d90,M135,25,EASA AD 2011-0098,Equipment & Furnishings - Passenger Seat - Replacement,MIS,01-Aug-2011,DGCA/New Misc/135,,,0:00,,"Airbus, The Boeing Company (for DC-9, MD-11, MD-88 and MD-90 Series, formerly McDonnell Douglas Corporation), Fokker aeroplane types and models, all serial numbers, if equipped with any passenger seats manufactured by Koito Industries, including all seats modified by third party after the initial delivery."
157b8d12-c115-446e-a4dc-d12077751fe2,b70740bb-e394-490e-8fd4-271cf6dd2d90,M136,26,FAA AD 2011-11-04,"The Joint Aircraft System/Component (JASC) Code is 2622: Fire Bottle, Portable.",MIS,17-Jun-2011,DGCA/New Misc/136,,,0:00,,"Portable Halon 1211 fire extinguisher, part number 863520-00, with a serial number listed in Table 1 of this AD, installed on various model helicopters including Eurocopter France Model EC120B; AS350B, BA, B1, B2, B3, and D; AS355E, F, F1, N, and NP; and SA341G or 342J helicopters, certificated in any category."
157b8d12-c115-446e-a4dc-d12077751fe2,b70740bb-e394-490e-8fd4-271cf6dd2d90,M137,35,FAA AD 2011-14-08,Air Transport Association (ATA) of America Code 35: Oxygen,MIS,19-Aug-2011,DGCA/New Misc/137,,,0:00,,"B/E Aerospace, Continuous Flow Passenger Oxygen Mask Assembly; P/N 174006-( ), 174080-( ), 174085-( ), 174095-( ), 174097-( ), and 174098-( ) as listed in B/E Aerospace SB 174080-35-04, Rev 000, dated Sept 6, 2010, that are installed on any aircraft except for those Boeing airplanes specified in the ADs referenced in para (b)(1), (b)(2), (b)(3), (b)(4), and (b)(5) of this AD."
157b8d12-c115-446e-a4dc-d12077751fe2,b70740bb-e394-490e-8fd4-271cf6dd2d90,M138,25,FAA AD 2012-08-07,"To detect and correct cracking of the central and lateral spreaders, which could lead to further cracking of the seat spreaders, causing injury to passengers or crew members during heavy turbulence in flight or in the event of an emergency landing.",MIS,04-Jun-2012,DGCA/New Misc/138 Rev.1,,,0:00,,"This AD applies to Sicma Aero Seat Model 9401, 9402, 9404,9505, 9406, 9407, 9408, and 9409 series passenger seat assemblies, all P/N, except front row and aft facing seats, and those modified to ''Amendment B'' standard. These passenger seat assemblies are installed on,but not limited to, ATR-GIE Avions de Transport Régional Model ATR42-200, -300, -320, and -500 airplanes and Model ATR72-101, -201, 102,-202,-211,-212, and -212A airplanes"
157b8d12-c115-446e-a4dc-d12077751fe2,b70740bb-e394-490e-8fd4-271cf6dd2d90,M139,31,EASA AD 2011-0239,ATA-34-Navigation- Radio Altimeter Indicator-Modification,MIS,05-Jan-2012,DGCA/New Misc/139,,,0:00,,"Radio altimeter indicator IND201, P/N 102-2100, all serial numbers.The affected radio altimeter indicators are known to be installed on, but not limited to, Eurocopter (formerly Eurocopter France, Aerospatiale)EC 120 B, AS 350 B2, AS 350B3 and AS 355 NP helicopters.It is also possible that the radio altimeter indicator is installed on fixed."
157b8d12-c115-446e-a4dc-d12077751fe2,b70740bb-e394-490e-8fd4-271cf6dd2d90,M139,34,EASA AD 2011-0239,ATA-34-Navigation- Radio Altimeter Indicator-Modification,MIS,24-Jan-2012,DGCA/New Misc/139,,,0:00,,"Radio altimeter indicator IND201, P/N 102-2100, all serial numbers. The affected radio altimeter indicators are known to be installed on, but not limited to, Eurocopter (formerly Eurocopter France, Aerospatiale) EC 120 B, AS 350 B2, AS 350 B3 and AS 355 NP helicopters. It is also possible that the radio altimeter indicator is installed on fixed."
157b8d12-c115-446e-a4dc-d12077751fe2,b70740bb-e394-490e-8fd4-271cf6dd2d90,M140,25,FAA AD 2011-25-01,"To install Placards to Aid in Locating and deploying Life rafts to Prevent Further Injury Or Loss Of Life In the Event Of a Helicopter Landing in the Water""",MIS,05-Jan-2012,DGCA/New Misc/140,,,0:00,,"The helicopter models,certificated in any category, with an Emergency Float Kit with a P/N and S/N, installed by a supplemental type certificate (STC), as follows: Kit P/N: 614.3001, Kit S/N: 80 &below Affected Helicopter Model: Bell 407, STC Number :SR01535LA. Kit P/N: 614.3001,Kit S/N: 80 &below Affected Helicopter Model: Bell 407, STC Number :SR01535LA Kit P/N: 614.3003, Kit S/N: 133 &below Affected Helicopter Model:Bell206L,L1, L-3, and L-4, STC Number:SR01535LA Kit P/N:614.3007, Kit S/N: 014 &below Affected Helicopter Model:Bell 206A& B STC Number:SR01535LA Kit P/N: 614.7601,Kit S/N: 45 &below Affected Helicopter Model: Bell 212, 412, STC Number :SR01779LA ."
157b8d12-c115-446e-a4dc-d12077751fe2,b70740bb-e394-490e-8fd4-271cf6dd2d90,M141,34,FAA 2012-02-08,"""To Prevent TCAS units from dropping tracks which could compromise separation of air traffic and lead to subsequent Mid Air Collisions"".",MIS,14-Mar-2012,DGCA/New Misc/141,,,0:00,,"AD applies to Aviation Communication & Surveillance Systems (ACSS) traffic alert and collision avoidance system (TCAS) units with part numbers identified in ACSS Technical Newsletter 8008359, Revision B, dated August 3, 2011, as installed on but not limited to various transport and small airplanes, certificated in any category"
157b8d12-c115-446e-a4dc-d12077751fe2,b70740bb-e394-490e-8fd4-271cf6dd2d90,M146,24,FAA AD 2012-14-15,"""To prevent misleading information during Localizer performance(LP), Localizer performance with Vertical guidance (LPV), or SBAS Lateral Navigation/ Vertical Navigation(LNAV/VNAV) approached due to software problem in Honeywell Wide Area Augmentation System(WASS) Global Navigation Satellite Sensor Unit (GNSSU)"".",MIS,07-Sep-2012,DGCA/New Misc/146,,,0:00,,"Model KGS200 Mercury2 wide area augmentation system (WAAS) global navigation satellite sensor units (GNSSU), Honeywell part numbers (P/N) 066-01201-0102 and 066-01201-0104."
157b8d12-c115-446e-a4dc-d12077751fe2,b70740bb-e394-490e-8fd4-271cf6dd2d90,M149,35,EASA AD 2012-0254 Rev1,ATA-35 Oxygen - Flight Crew Oxygen Mask Regulator - Identification / Operational Procedure / Replacement.,MIS,14-Dec-2012,DGCA/New Misc/149 Rev1,,,0:00,,"Flight crew oxygen mask regulators, having Part Number (P/N) MC10, MF10 and MF20 series."
157b8d12-c115-446e-a4dc-d12077751fe2,b70740bb-e394-490e-8fd4-271cf6dd2d90,M151,34,FAA AD 2012-26-15,"To Detect and correct inaccuraciec of the pressure sensor which could result in altitude, computed airspeed, true airspeed and mach computation errors.",MIS,29-Jan-2013,DGCA/New Misc/151,,,0:00,,"This AD applies to air data pressure transducers, as installed in air data computers (ADC), air data modules (ADM), air data attitude heading reference systems (ADAHRS), and digital air data computers (DADC) having the part numbers and serial numbers identified in Honeywell Alert Service Bulletin."
157b8d12-c115-446e-a4dc-d12077751fe2,b70740bb-e394-490e-8fd4-271cf6dd2d90,M154,25,EASA AD 2013-0106,Equipment / Furnishings - Varnish on Veneered Panels - Inspection / Re-furbishing,MIS,16-May-2013,DGCA/NEW MISC/154,,,0:00,,All modifications whose approval numbers are listed in Appendix 1 of this AD.
157b8d12-c115-446e-a4dc-d12077751fe2,b70740bb-e394-490e-8fd4-271cf6dd2d90,M161,34,FAA AD 2014-05-27,To correct possible misalignment issues with transponders that could result in increased pilot and air traffic controller workload as well reduced separation of Airplanes.,MIS*,07-Apr-2014,DGCA/New Misc/161,,,0:00,,"Applicable to Rockwell Collins, Inc. Mode S transponders"
157b8d12-c115-446e-a4dc-d12077751fe2,b70740bb-e394-490e-8fd4-271cf6dd2d90,M155,33,FAA AD 2013-10-01,Unsafe Condition as the search Light / Gimbal Disconnecting from the helicopter and remaining attached solely by the internal cable harness or separating totally.,MIS,04-Jun-2013,DGCA/New-Misc/ 155,,,0:00,,Spectrolab Nightsun XP Searchlight Assembly Systems with gimbal assembly part number (P/N) 033295-1 or 033295-2
157b8d12-c115-446e-a4dc-d12077751fe2,b70740bb-e394-490e-8fd4-271cf6dd2d90,M156,26,FAA AD 2013-09-11,"To Prevent the Brushes in the A/C Motor from wearing down, which could result in the Rivet in the Brush contacting the commutator causing sparks and consequent fire and or smoke in the tail cone with no means to detect or extinguish the fire and or smoke",MIS,07-Jun-2013,DGCA/New-Misc/ 156,,,0:00,,"Cessna Model 500 and 501 airplanes, serial numbers (S/N) 0001 through 0689 inclusive"
157b8d12-c115-446e-a4dc-d12077751fe2,b70740bb-e394-490e-8fd4-271cf6dd2d90,M157,26,FAA AD 2013-11-04,To prevent the Failure of urethane seals to maintain sufficient halon concentration in the cargo compartments to extinguish or contain fire or smoke,MIS,12-Jun-2013,DGCA/New-Misc/ 157,,,0:00,,"Model 747-100, 747-100B, 747-100B SUD, 747-200B, 747-200F, 747-300, 747-400, 747- 400D, 747-400F, 747SR, and 747SP series airplanes, as identified in Boeing Special Attention Service Bulletin 747-25-3381, Revision 1"
157b8d12-c115-446e-a4dc-d12077751fe2,b70740bb-e394-490e-8fd4-271cf6dd2d90,M157,26,FAA AD 2013-11-04,To prevent the failure of urethane seals to maintain sufficient halon concentration in the cargo compartments to extinguish or contain fire or smoke,MIS,20-Jun-2013,DGCA/New-Misc/ 157,,,0:00,,"Model 747-100, 747-100B, 747-100B SUD, 747-200B, 747-200F, 747-300, 747-400, 747- 400D, 747-400F, 747SR, and 747SP series airplanes, as identified in Boeing Special Attention Service Bulletin 747-25-3381, Revision 1"
157b8d12-c115-446e-a4dc-d12077751fe2,b70740bb-e394-490e-8fd4-271cf6dd2d90,M035,23,EASA AD 2006-0265 CN,ATA 34-CANCELLED: Navigation Systems - Mode S and C Transponders - Check,MIS*,06-May-2013,DGCA/New-Misc/ 35 Rev 1,,,0:00,,"Mode 'C' and Mode 'S' transponders, all types and models utilising Gilham code altitude input."
157b8d12-c115-446e-a4dc-d12077751fe2,b70740bb-e394-490e-8fd4-271cf6dd2d90,M001,32,DGCA Let no.77-5-69AI(1),MPI of undecarriage bolts of agricultural aircraft,MIS,24-May-1969,DGCA/New-Misc/01,,,0:00,,Applicable to agricultural aircraft.
157b8d12-c115-446e-a4dc-d12077751fe2,b70740bb-e394-490e-8fd4-271cf6dd2d90,M002,80,DGCA Letter No.9-414AI(11,M-3 TYPE generators insp. of support lug at commutator front end housing for cracks.,MIS,11-Nov-1974,DGCA/New-Misc/02,,,0:00,,Applicable to M-3 Type generators
157b8d12-c115-446e-a4dc-d12077751fe2,b70740bb-e394-490e-8fd4-271cf6dd2d90,M002,5,DGCA Let No.9-414AI(II),M-3 Type Generator Insp. of Support Lugs at Commutator Front End Housing for Cracks,MIS,24-May-1969,DGCA/New-Misc/02,,,0:00,,Applicable to M-3 Type generators
157b8d12-c115-446e-a4dc-d12077751fe2,b70740bb-e394-490e-8fd4-271cf6dd2d90,M003,11,FAA AD 74-08-09R2,"""No Smoking"" placard to be installed on lavatory door to prevent fires from smoking materials being dropped in to lavatory, paper or linen waste receptacles.",MIS,06-Aug-1974,DGCA/New-Misc/03 Rev.1,,,0:00,,"All transport category airplanes, certified in any category"
157b8d12-c115-446e-a4dc-d12077751fe2,b70740bb-e394-490e-8fd4-271cf6dd2d90,M003,11,FAA AD 74-8-9R2,"""No Smoking"" placard to be installed on lavatory door to prevent fires from smoking materials being dropped in to lavatorypaper or lenin awaste receptacles",MIS,06-Aug-1974,DGCA/New-Misc/03 Rev.1,,,0:00,,"All transport category airplanes, certified in any category."
157b8d12-c115-446e-a4dc-d12077751fe2,b70740bb-e394-490e-8fd4-271cf6dd2d90,M004,31,DGCA let no. 4/26/73 AI,"Installation of ""G"" Meter During Cloud Seeding Operations",MIS,20-Jun-1974,DGCA/New-Misc/04,,,0:00,,Applicable to all aircraft modified for cloud seeding operations
157b8d12-c115-446e-a4dc-d12077751fe2,b70740bb-e394-490e-8fd4-271cf6dd2d90,M004,31,DGCA letter no.4/26/73-Al,"Installation of ""G"" meter during cloud seeding operations.",MIS,20-Jun-1974,DGCA/New-Misc/04,,,0:00,,Applicable to all aircraft modified for cloud seeding operations
157b8d12-c115-446e-a4dc-d12077751fe2,b70740bb-e394-490e-8fd4-271cf6dd2d90,M005,51,DGCA let no.78/111/75 AI,Painting of Helicopter Engaged in Agro Operations with 'Day Glow' Paint,MIS,23-Mar-1977,DGCA/New-Misc/05,,,0:00,,Applicable to helicopters
157b8d12-c115-446e-a4dc-d12077751fe2,b70740bb-e394-490e-8fd4-271cf6dd2d90,M005,51,DGCA letter no.78/111/75,"Painting of helicopter engaged in agro operation with ""Day Glow"" paint.",MIS,23-Mar-1977,DGCA/New-Misc/05,,,0:00,,Painting of Helicopter Engaged in Agro Operations with 'Day Glow' Paint
157b8d12-c115-446e-a4dc-d12077751fe2,b70740bb-e394-490e-8fd4-271cf6dd2d90,M006,23,DGCA Letter No.4-18/79 A1,Frequency Tolerance Limit For Transmitter Rev.1,MIS,27-Feb-1992,DGCA/New-Misc/06,,,0:00,,Applicable to all HF and VHF equipment fitted on transport category aircraft.
157b8d12-c115-446e-a4dc-d12077751fe2,b70740bb-e394-490e-8fd4-271cf6dd2d90,M006,23,DGCA Letter No.4-18/79 AI(I),Frequency Tolerance Limit for Transmitter Rev.1,MIS,27-Feb-1992,DGCA/New-Misc/06,,,0:00,,Applicable to all HF and VHF equipment fitted on transport category aircraft.
157b8d12-c115-446e-a4dc-d12077751fe2,b70740bb-e394-490e-8fd4-271cf6dd2d90,M007,80,Bendix SB. No 551 & 556,"Improved lubrication and installation of Scintilla ""S"" type magnetos.",MIS,23-Jun-1972,DGCA/New-Misc/07,,,0:00,,"Applicable to BENDIX No Frequency SCINTILLA 'S' 20, 'S' 200, 'S' 1200 Series Magnetoes."
157b8d12-c115-446e-a4dc-d12077751fe2,b70740bb-e394-490e-8fd4-271cf6dd2d90,M008,100,ISI Spec.no.IS6753-1972,Identification of aircraft pipelines,MIS,05-Jul-2007,DGCA/New-Misc/08,,,0:00,,APPLICABLE TO AIRCRAFTS WITH AUW OF 15000 KGS & ABOVE & TYPE CERTIFICATED AFTER 1/5/76
157b8d12-c115-446e-a4dc-d12077751fe2,b70740bb-e394-490e-8fd4-271cf6dd2d90,M009,100,Cancelled,Cancelled in view of DGCA/New-Misc/84 vide letter No.9-414/04 Dated:06/10/05,MIS#,06-Oct-2008,DGCA/New-Misc/09,,,0:00,,Cancelled
157b8d12-c115-446e-a4dc-d12077751fe2,b70740bb-e394-490e-8fd4-271cf6dd2d90,M010,11,FAR PART 121.317(b),"""Fasten Seat Belt While Seated"" sign or playcard on each forward bulkhead and on each passenger seat back.",MIS,29-Jun-2007,DGCA/New-Misc/10,,,0:00,,PASSENGER AIRCRAFT
157b8d12-c115-446e-a4dc-d12077751fe2,b70740bb-e394-490e-8fd4-271cf6dd2d90,M010,11,FAR PART 121.317(b),"""Fasten Seat Belt While Seated"" Sign or Playcard on Each Forward Bulkhead and Each Passenger Seat Back.",MIS,05-Jul-2007,DGCA/New-Misc/10,,,0:00,,PASSENGER AIRCRAFT
157b8d12-c115-446e-a4dc-d12077751fe2,b70740bb-e394-490e-8fd4-271cf6dd2d90,M100,100,FAA AD 2007-07-12,To prevent shift in FMS computed position.,MIS,18-Apr-2007,DGCA/New-Misc/100 R1,,,0:00,,"Honeywell NZ-2000 nav computers approved under TSO-C115a, IC-800 integrated avionics computers approved under TSOs C9c, C52a, C115a;installed on transport category airplanes, certificated in any categ"
157b8d12-c115-446e-a4dc-d12077751fe2,b70740bb-e394-490e-8fd4-271cf6dd2d90,M100,34,FAA AD 2009-08-01,"To prevent a shift in the FMS computed position, which could result in uncommanded deviations from the intended flight path of the airplane.",MIS,14-May-2009,DGCA/New-Misc/100 R1,,,0:00,,"Honeywell NZ-2000 nav computers and Honeywell IC-800 or IC-800E integrated avionics computers as installed on transport category airplanes, certificated in any cat."
157b8d12-c115-446e-a4dc-d12077751fe2,b70740bb-e394-490e-8fd4-271cf6dd2d90,M101,34,FAA AD 2007-14-06,Air transport association of America (ATA)Code 34:Navigation,MIS,16-Aug-2007,DGCA/New-Misc/101,,,0:00,,"Honeywell CAS67A ACAS II systems installed, Had Supplemental Type Certificate No. SA1310 installed prior to Jan 31, 2005,certificated in any category."
157b8d12-c115-446e-a4dc-d12077751fe2,b70740bb-e394-490e-8fd4-271cf6dd2d90,M102,25,EASA AD 2007-0256,Seat Restraint System Plastic Rotary Buckle Handle-Inspection/ Replacement,MIS,03-Oct-2007,DGCA/New-Misc/102,,,0:00,,"All rotary buckles p/n's 1111430-XX and 1111475-XX used on restraint sys p/n:2000029-01/03/101/121, 20000 67-01,2000115-101/121,but not limited to Euro a/c AS 350/355, EC120/130/155."
157b8d12-c115-446e-a4dc-d12077751fe2,b70740bb-e394-490e-8fd4-271cf6dd2d90,M103,34,DGCA let 9-414/96-AI(2),CVR-The bulk Erase facility should be deactivated by removing the relevant card from the CVR unit,MIS,24-Sep-1996,DGCA/New-Misc/103,,,0:00,,"All turbine engine aeroplanes having maximum takeoff mass of 5,700 Kg or more, helicopter having maximum takeoff mass of 2,700 Kg or more equipped with CVR"
157b8d12-c115-446e-a4dc-d12077751fe2,b70740bb-e394-490e-8fd4-271cf6dd2d90,M103,23,"dgca9-414/96AI(2),24-9-96",CVR-The Bulk erase facility should be deactivated by removing the relavant card from the CVR unit.,MIS,24-Sep-1996,DGCA/New-Misc/103,,,0:00,,"All turbine engine aeroplanes having maximum takeoff mass of 5,700 Kg or more, helicopter having maximum takeoff mass of 2,700 Kg or more equipped with CVR."
157b8d12-c115-446e-a4dc-d12077751fe2,b70740bb-e394-490e-8fd4-271cf6dd2d90,M104,35,FAA AD 2007-26-11,Risk of High Pressure Oxygen Cylinder Tearing.,MIS,28-Jan-2008,DGCA/New-Misc/104,,,0:00,,"To Intertechnique (F5341),aluminum alloy AA5283, oxygen cylinders manufactured by Societe Metallurgique de Gerzat SAS with GLD series, GLF series,PC2300 or SLF300 p/n, installed in any a/c certificat"
157b8d12-c115-446e-a4dc-d12077751fe2,b70740bb-e394-490e-8fd4-271cf6dd2d90,M105,52,FAA AD 2008-06-27,To prevent failure of an evacuation system.,MIS,28-Apr-2008,DGCA/New-Misc/105,,,0:00,,"Goodrich evacuation systems approved under Technical Standard Orders (TSOs) TSO-C69,TSO-C69a, TSO-C69b,installed,certificated in any category, in table-1,-2,-3, of this AD."
157b8d12-c115-446e-a4dc-d12077751fe2,b70740bb-e394-490e-8fd4-271cf6dd2d90,M105,25,FAA AD 2008-06-27,To prevent failure of an evacuation system,MIS,28-Apr-2008,DGCA/New-Misc/105,,,0:00,,"Goodrich evacuation systems approved under Technical Standard Orders (TSOs) TSO-C69,TSO-C69a, TSO-C69b,installed,certificated in any category, in table-1,-2,-3, of this AD."
157b8d12-c115-446e-a4dc-d12077751fe2,b70740bb-e394-490e-8fd4-271cf6dd2d90,M106,34,EASA AD 2008-0159,Navigation Systems - Mode-S Transponder - Modification / Replacement,MIS,08-Sep-2008,DGCA/New-Misc/106,,,0:00,,Honeywell MST-67A Mode-S Transponders P/N 066-1143-2001 s/n upto and including MST67A-F1450 and 066-01143-2101 s/n upto and including MST67A-G2850.
157b8d12-c115-446e-a4dc-d12077751fe2,b70740bb-e394-490e-8fd4-271cf6dd2d90,M106,23,EASA AD 2008-0159,Navigation Systems - Mode-S Transponder - Modification / Replacement,MIS,08-Sep-2008,DGCA/New-Misc/106,,,0:00,,Honeywell MST-67A Mode-S Transponders P/N 066-1143-2001 s/n upto and including MST67A-F1450 and 066-01143-2101 s/n upto and including MST67A-G2850.
157b8d12-c115-446e-a4dc-d12077751fe2,b70740bb-e394-490e-8fd4-271cf6dd2d90,M107,21,EASA AD 2006-0140 R4,Air Conditioning - Zonal Drying System Deactivation,MIS,10-Jun-2009,DGCA/New-Misc/107 R4,,,0:00,,"CTT Systems AB Zonal Drying System P/N 1000-001, 2000-000, 2000-005, 2001-001, 2001-006, 3000-000 Rev.A, 3000-001, 3000-002 Rev.A and 3000-002 Rev.D, known to be installed on Airbus, Boeing, Bombardie"
157b8d12-c115-446e-a4dc-d12077751fe2,b70740bb-e394-490e-8fd4-271cf6dd2d90,M107,21,EASA AD 2006-0140 R4,Air Conditioning - Zonal Drying System Deactivation,MIS,17-Apr-2009,DGCA/New-Misc/107 R4,,,0:00,,"CTT Systems AB Zonal Drying System P/N 1000-001, 2000-000, 2000-005, 2001-001, 2001-006, 3000-000 Rev.A, 3000-001, 3000-002 Rev.A and 3000-002 Rev.D, known to be installed on Airbus, Boeing, Bombardi"
157b8d12-c115-446e-a4dc-d12077751fe2,b70740bb-e394-490e-8fd4-271cf6dd2d90,M109,49,FAA AD 2003-15-07,"To Prevent APU Compartment Fires and Fuel Vapour, Explosion",MIS,03-Sep-2003,DGCA/New-Misc/109,,,0:00,,Honeywell International Inc. model RE220 (RJ) APUs P/N WE3800770-2.
157b8d12-c115-446e-a4dc-d12077751fe2,b70740bb-e394-490e-8fd4-271cf6dd2d90,M109,24,FAA AD 2003-15-07,"To Prevent APU Compartment Fires and Fuel Vapour, Explosion",MIS,03-Sep-2003,DGCA/New-Misc/109,,,0:00,,Honeywell International Inc. model RE220 (RJ) APUs P/N WE3800770-2.
157b8d12-c115-446e-a4dc-d12077751fe2,b70740bb-e394-490e-8fd4-271cf6dd2d90,M011,80,FAA AD 82-13-01,Inspection / Replacement of gear distributor of block of Bendix S-1200 series magnetos.,MIS*,28-Jun-1982,DGCA/New-Misc/11,,,0:00,,Bendix engine products division's S-1200 series magnetos whin have green distributor blocks & do not have the letter R metal stamped on the identification plate.
157b8d12-c115-446e-a4dc-d12077751fe2,b70740bb-e394-490e-8fd4-271cf6dd2d90,M110,100,FAA AD 2009-05-05,"To prevent certain conditions from existing when PFDs display incorrect attitude, altitude information",MIS,03-Apr-2009,DGCA/New-Misc/110,,,0:00,,"Applies to Avidyne Corporation (Avidyne) Primary Flight Displays (PFDs), P/N 700-00006-000,700-00006-001,700-00006-002,700-00006-003,& 700-00006-100 with any serial number listed."
157b8d12-c115-446e-a4dc-d12077751fe2,b70740bb-e394-490e-8fd4-271cf6dd2d90,M112,34,EASA AD 2010-0067,Navigation-Mode 'S' Transponder -Check/ Modification,MIS,11-May-2010,DGCA/New-Misc/112 R1,,,0:00,,"Rockwell Collins Mode S Transponders identified by type TDR-94, TDR-94D and P/N (all s/n) as in AD, installed on ATR 42, ATR 72, Bombardier, Falcon, Hawker Beechcraft 200 & 400 series."
157b8d12-c115-446e-a4dc-d12077751fe2,b70740bb-e394-490e-8fd4-271cf6dd2d90,M113,4,FAR Part 121.311,Implementation of Federal Avaition administration(FAA) Rules regarding Crashworthiness standard for passenger operations,MIS,23-Sep-2009,DGCA/New-Misc/113 R1,,,0:00,,Refer FAR Part 121.311
157b8d12-c115-446e-a4dc-d12077751fe2,b70740bb-e394-490e-8fd4-271cf6dd2d90,M114,25,FAA AD 2010-03-02,"To prevent failure of a hook during rescue hoist operations, loss of the rescued passenger, and subsequent serious injury or fatality.",MIS,11-Feb-2010,DGCA/New-Misc/114 Rev.1,,,0:00,,"All helicopters, which have a rescue hoist assy installed that contains a Lifesaving Systems Corp. D-Lok Hook assembly, P/N 410-A or 410-F, lot number 208 or 1108."
157b8d12-c115-446e-a4dc-d12077751fe2,b70740bb-e394-490e-8fd4-271cf6dd2d90,M115,34,EASA AD 2009-0173R1,Navigation - Mode S Transponder - Modification / Replacement,MIS,30-Sep-2010,DGCA/New-Misc/115 R1,,,0:00,,"Rockwell Collins Mode S Transponders identified by type (TDR-94/TDR-94D)and Part Number(all serial numbers) as listed in AD, equipped with Honeywell AZ800 or AZ810 (all part numbers) air data computers (ADC) where the data bus interface between the Honeywell ADC and the Rockwell Collins transponder."
157b8d12-c115-446e-a4dc-d12077751fe2,b70740bb-e394-490e-8fd4-271cf6dd2d90,M115,34,EASA AD 2009-0173 R1,Navigation - Mode S Transponder - Modification / Replacement,MIS,14-Oct-2010,DGCA/New-Misc/115 R1,,,0:00,,"Rockwell Collins Mode S Transponders identified by type TDR-94/TDR-94D and P/N as listed in AD, when installed in an aeroplane operating in European Designated Mode S Airspace and equipped with Honeywell AZ800 or AZ810 (all part numbers) air data computers (ADC)."
157b8d12-c115-446e-a4dc-d12077751fe2,b70740bb-e394-490e-8fd4-271cf6dd2d90,M117,26,FAA AD 2010-01-03,Air Transport Association (ATA) of America Code 26: Fire Protection.,MIS,20-Jan-2010,DGCA/New-Misc/117 Rev.1,,,0:00,,"Portable Halon 1211 (BCF) fire extinguishers manufactured by Fire Fighting Enterprises Limited. These fire extinguishers may be installed on (or carried or stowed on board) various transport airplanes, small airplanes, and rotorcraft, certificated in any category."
157b8d12-c115-446e-a4dc-d12077751fe2,b70740bb-e394-490e-8fd4-271cf6dd2d90,M119,26,EASA AD 2009-0262 R1,Fire Protection - Halon 1211 Fire Extinguishers - Identification / Replacement,MIS,17-Feb-2010,DGCA/New-Misc/119 Rev.1,,,0:00,,"Halon 1211 (BCF) fire extinguishers, manufactured by Fire Fighting Enterprises Limited, identified by P/N and S/N in Fire Fighting Enterprises Ltd (FFE) ASB 26-115."
157b8d12-c115-446e-a4dc-d12077751fe2,b70740bb-e394-490e-8fd4-271cf6dd2d90,M119,26,EASA AD 2009-0262 R1,Fire Protection - Halon 1211 Fire Extinguishers - Identification / Replacement,MIS,10-Feb-2010,DGCA/New-Misc/119 Rev.1,,,0:00,,"Halon 1211 (BCF) fire extinguishers manufactured by Fire Fighting Enterprises Limited, identified by P/N and S/N in Fire Fighting Enterprises Ltd (FFE) ASB 26-115."
157b8d12-c115-446e-a4dc-d12077751fe2,b70740bb-e394-490e-8fd4-271cf6dd2d90,M012,61,DGCA letter no.9-414/81-A,Examination of engine involed in propeller strike incidents.,MIS,14-Sep-1982,DGCA/New-Misc/12,,,0:00,,All types of piston engine aircraft.
157b8d12-c115-446e-a4dc-d12077751fe2,b70740bb-e394-490e-8fd4-271cf6dd2d90,M120,26,EASA AD 2009-0278,Fire Protection - Portable Halon 1211 Fire Extinguishers - Identification / Replacement,MIS,05-Jan-2010,DGCA/New-Misc/120,,,0:00,,"Type H1-10 AIR Halon 1211 (BCF) portable fire extinguishers manufactured by SICLI P/N 1708337B4, S/N as listed in Appendix I of this AD."
157b8d12-c115-446e-a4dc-d12077751fe2,b70740bb-e394-490e-8fd4-271cf6dd2d90,M121,23,TC AD CF-2009-44,Emergency Locator Transmitter - Potential Failure To Transmit The Required 406MHz Coded Signal,MIS,17-Feb-2010,DGCA/New-Misc/121,,,0:00,,Honeywell ASCa. Inc Emergency Locator Transmitter (ELT) Model RESCU 406S with P/N and S/N as listed in AD.
157b8d12-c115-446e-a4dc-d12077751fe2,b70740bb-e394-490e-8fd4-271cf6dd2d90,M124,35,FAA AD 2010-11-05,Oxygen Cylinder - Inspection/ Replacement - To prevent an oxygen cylinder from rupturing,MIS,06-Jul-2010,DGCA/New-Misc/124,,,0:00,,"Oxygen cylinders with a capacity of 114/115 cubic feet, approved under United States Department of Transportation Regulations for Type 3HT cylinders, identified in Table 1 of this AD."
157b8d12-c115-446e-a4dc-d12077751fe2,b70740bb-e394-490e-8fd4-271cf6dd2d90,M125,61,FAA AD 2010-13-10,"To Prevent Loss Of propeller Pitch Control, Damage to the Propeller Governor and Internal Damage to the Engine which could prevent Continued Safe Flight or Safe Landing.",MIS,05-Aug-2010,DGCA/NEW-MISC/125,,,0:00,,"Ontic Engineering and Manufacturing, Inc. Propeller governors, part numbers (P/Ns) C210776, T210761, D210760, and J210761, as listed by serial number of Ontic Engineering and Manufacturing, Inc.MSB No. SB-DES-353,Rev A."
157b8d12-c115-446e-a4dc-d12077751fe2,b70740bb-e394-490e-8fd4-271cf6dd2d90,M013,61,FAA AD 84-26-02,Replacement of paper induction air filters.,MIS,19-Jan-1985,DGCA/New-Misc/13,,,0:00,,All paper induction air filters used Reccurring in small airplanes.
157b8d12-c115-446e-a4dc-d12077751fe2,b70740bb-e394-490e-8fd4-271cf6dd2d90,M014,100,FAR 121.310(C),Lighting for interior emergency exit markings,MIS,30-Apr-1972,DGCA/New-Misc/14,,,0:00,,1) Large transport A/C having seating capacity of more than 30 passengers and type certified after 1st Jan 1958.
157b8d12-c115-446e-a4dc-d12077751fe2,b70740bb-e394-490e-8fd4-271cf6dd2d90,M014,100,FAR 121.310(c),Lighting for interior emergency exit markings,MIS,19-Jan-1985,DGCA/New-Misc/14,,,0:00,,1) Large transport A/C having seating capacity of more than 30 passengers and type certified after 1st Jan 1958.
157b8d12-c115-446e-a4dc-d12077751fe2,b70740bb-e394-490e-8fd4-271cf6dd2d90,M141,23,FAA 2012-02-08,"""To prevent TCAS units from dropping tracks, this could compromise separation of air traffic and lead to subsequent mid-air collisions""",MIS,14-Mar-2012,DGCA/New-Misc/141,,,0:00,,"This AD applies to Aviation Communication & Surveillance Systems (ACSS) traffic alert and collision avoidance system (TCAS) units with part numbers identified in ACSS Technical Newsletter 8008359, Revision B, dated August 3, 2011, as installed on but not limited to various transport and small airplanes, certificated in any category."
157b8d12-c115-446e-a4dc-d12077751fe2,b70740bb-e394-490e-8fd4-271cf6dd2d90,M142,25,EASA AD 2012-0038,"""Equipment & Furnishings - Passenger Seat Backrest Link - Inspection / Replacement'",MIS,16-Apr-2012,DGCA/New-Misc/142,,,0:00,,"Passenger seat series 9140, 9166, 9173, 9174, 9184, 9188, 9196, 91B7, 91B8, 91C0, 91C2, 91C4, 91C5, 91C9, 9301 and 9501, as identified in Annex 1 issue 3 of Sicma Aero Seat Service Bulletin (SB) 90-25-012 issue 6. The affected passenger seats are known to be installed on, but no limited to,Airbus A330, A340 and Boeing 777 aeroplanes."
157b8d12-c115-446e-a4dc-d12077751fe2,b70740bb-e394-490e-8fd4-271cf6dd2d90,M143,25,EASA AD 2012-0037,"""Fire Protection - Hand Operated Fire Extinguisher - Modification""",MIS,16-Apr-2012,DGCA/New-Misc/143,,,0:00,,"Hand operated fire extinguisher, Part Number (P/N) 56412-001 (34H), 56411-001 (35H) and 56412-002 (38H)."
157b8d12-c115-446e-a4dc-d12077751fe2,b70740bb-e394-490e-8fd4-271cf6dd2d90,M144,78,FAA AD 2012-06-25,"""To prevent loss of pressure in the escape slides/rafts after an emergency evacuation, which could result in inadequate buoyancy to support the raft's passenger capacity during ditching and increase the chance for injury to raft Passengers"".",MIS,04-May-2012,DGCA/New-Misc/144,,,0:00,,"This AD applies to Goodrich evacuation systems approved under Technical Standard Order (TSO) TSO-C69b, as installed on the Airbus airplanes, certificated in any category"
157b8d12-c115-446e-a4dc-d12077751fe2,b70740bb-e394-490e-8fd4-271cf6dd2d90,M145,72,FAA AD 2012-10-52,"""To prevent turbocharger bearing seizure, failed turbocharger components, and damage to the airplane"".",MIS,03-Jul-2012,DGCA/New-Misc/145,,,0:00,,"Hartzell Engine Technologies (HET) turbochargers: (1) Turbocharger HET part number (P/N) 406610-0005 or P/N 406610-9005 with serial numbers listed in Table 1 of HET Alert Service Bulletin No. 047. (2) Turbochargers with P/N 406610-0005 or P/N 406610-9005 overhauled or repaired on or later than January 1, 2012, with turbocharger center housing P/N 409836-0005 and date code H-0112. (3) Turbocharger center housings P/N 409836-0005 sold as piece parts which are in field/distributor inventory with date code H-0112."
157b8d12-c115-446e-a4dc-d12077751fe2,b70740bb-e394-490e-8fd4-271cf6dd2d90,M146,24,FAA AD 2012-14-15,"""To prevent misleading information during Localizer performance(LP), Localizer performance with Vertical guidance (LPV), or SBAS Lateral Navigation/ Vertical Navigation(LNAV/VNAV) approached due to software problem in Honeywell Wide Area Augmentation System(WASS) Global Navigation Satellite Sensor Unit (GNSSU)"".",MIS,07-Sep-2012,DGCA/New-Misc/146,,,0:00,,"Honeywell International, Inc. Model KGS200 Mercury2 wide area augmentation system (WAAS) global navigation satellite sensor units (GNSSU), Honeywell part numbers (P/N) 066-01201-0102 and 066-01201-0104."
157b8d12-c115-446e-a4dc-d12077751fe2,b70740bb-e394-490e-8fd4-271cf6dd2d90,M147,32,FAA AD 2012-17-01,"To Prevent Failure Of The Main Landing Gear Tires During Take Off Or Landing, Which Could Cause Damage To The Airplane Structure, Flaps, Engine, And Wheel Well And Result In Reduces Controllability Of The Airplane.",MIS,24-Sep-2012,DGCA/New-Misc/147,,,0:00,,"Goodyear Aviation Tires (retreads are not affected by this AD), installed on various transport category airplanes."
157b8d12-c115-446e-a4dc-d12077751fe2,b70740bb-e394-490e-8fd4-271cf6dd2d90,M147,32,FAA AD 2012-17-01,""" To Prevent Failure Of The Main Landing Gear Tires During Take Off Or Landing, Which Could Cause Damage To The Airplane Structure, Flaps, Engine, And Wheel Well Result In Reduced Controllability Of The Airplane"".",MIS,27-Sep-2012,DGCA/New-Misc/147,,,0:00,,"Goodyear Aviation Tires (retreads are not affected by this AD), installed on various transport category airplanes, including but not limited to Bombardier, Inc.Model CL-600-2B19 airplanes"
157b8d12-c115-446e-a4dc-d12077751fe2,b70740bb-e394-490e-8fd4-271cf6dd2d90,M148,72,FAA AD 2012-18-14,"To prevent separation of the rear gas generator case and release of high energy debris, which could Result in injury and damage to the airplane.",MIS,26-Oct-2012,DGCA/New-Misc/148,,,0:00,,Pratt & Whitney Canada (P&WC) PW901A auxiliary power units (APUs) approved under Technical Standard Order TSO-C77A and installed.
157b8d12-c115-446e-a4dc-d12077751fe2,b70740bb-e394-490e-8fd4-271cf6dd2d90,M148,72,FAA AD 2012-18-14,"To prevent separation of the rear gas generator case and release of high energy debris, which could Result in injury and damage to the airplane",MIS,18-Oct-2012,DGCA/New-Misc/148,,,0:00,,Pratt & Whitney Canada (P&WC) PW901A auxiliary power units (APUs) approved under Technical Standard Order TSO-C77A and installed
157b8d12-c115-446e-a4dc-d12077751fe2,b70740bb-e394-490e-8fd4-271cf6dd2d90,M149,35,EASA AD 2012-0254,ATA-35 Oxygen - Flight Crew Oxygen Mask Regulator - Identification / Operational Procedure / Replacement.,MIS,17-Jan-2013,DGCA/New-Misc/149 R1,,,0:00,,"Flight crew oxygen mask regulators, having Part Number (P/N) MC10, MF10 and MF20 series."
157b8d12-c115-446e-a4dc-d12077751fe2,b70740bb-e394-490e-8fd4-271cf6dd2d90,M015,32,FAA AD 87-08-09,Serivicing of aircraft tyres with Nitrogen gas.,MIS,01-Jun-1987,DGCA/New-Misc/15,,,0:00,,"Airbus industries model A300,and A310;Boeing Models 707,720,727, 737,747, 757,767; British Models BAe-146 and BAC-1-11;Lockhead Model L-1011;Mcdonnel Douglas model DC-8,DC-9 and DC-10."
157b8d12-c115-446e-a4dc-d12077751fe2,b70740bb-e394-490e-8fd4-271cf6dd2d90,M150,72,FAA AD 2013-21-02,"To Prevent Turbocharger wheel failure , reduction or complete loss of engine power, loss of engine oil, oil fire and damage to the aircraft.",MIS,14-Nov-2013,DGCA/New-Misc/150 Rev 1,,,0:00,,"Lycoming Engines TIO-540-AK1A, and Continental Motors, Inc. TSIO-360-MB, TSIO-360-SB, and TSIO-360-RB reciprocating engines."
157b8d12-c115-446e-a4dc-d12077751fe2,b70740bb-e394-490e-8fd4-271cf6dd2d90,M150,72,FAA AD 2013-21-02,"To Prevent Turbocharger wheel failure , reduction or complete loss of engine power, loss of engine oil, oil fire and damage to the aircraft.",MIS,18-Nov-2013,DGCA/New-Misc/150 Rev 1,,,0:00,,"Lycoming Engines TIO-540-AK1A, and Continental Motors, Inc. TSIO-360-MB, TSIO-360-SB, and TSIO-360-RB reciprocating engines"
157b8d12-c115-446e-a4dc-d12077751fe2,b70740bb-e394-490e-8fd4-271cf6dd2d90,M151,34,FAA AD 2012-26-15,"To Detect and Correct Inaccuracies Of the Pressure Sensors, Which Could Result In Altitude, Computed Airspeed and Mach Computation.",MIS,05-Feb-2013,DGCA/New-Misc/151,,,0:00,,"This AD applies to air data pressure transducers, as installed in air data computers (ADC), air data modules (ADM), air data attitude heading reference systems (ADAHRS), and digital air data computers (DADC) having the part numbers and serial numbers identified in Honeywell Alert Service Bulletin ADM/ADC/ADAHRS-34-A01."
157b8d12-c115-446e-a4dc-d12077751fe2,b70740bb-e394-490e-8fd4-271cf6dd2d90,M153,25,EASA AD 2015-0226R2,ATA 25-Equipment / Furnishing - Hoist - Test / Replacement,MIS,10-Mar-2016,DGCA/New-Misc/153 Rev 9,,,0:00,,"This AD applies to the following helicopters, when equipped with a Goodrich hoist having a Part Number (P/N) as listed in Table 1 of this AD: AW109SP, AB139, AW139 and AB412 (all Models) helicopters, all serial numbers (s/n); BHTI 212, 214 and 412 helicopters (all Models), all s/n; BHTC 429 and 430 helicopters, all s/n; AH AS 365 N3, AS 332 L2 and EC225 LP helicopters, all s/n; AHD MBB-BK117 C-2, EC135 and EC635 (all Models) helicopters, all s/n; MDHI MD900 helicopters, all s/n; and Sikorsky S-61 (all Models), S-76A, S-76B, S-76C and S-92A helicopters, all s/n."
157b8d12-c115-446e-a4dc-d12077751fe2,b70740bb-e394-490e-8fd4-271cf6dd2d90,M153,25,EASA AD 2015-0226 R2,Equipment / Furnishing - Hoist - Test / Replacement,MIS,10-Mar-2016,DGCA/New-Misc/153 Rev 9,,,0:00,,"This AD applies to the following helicopters, when equipped with a Goodrich hoist having a Part Number (P/N) as listed in Table 1 of this AD: AW109SP, AB139, AW139 and AB412 (all Models) helicopters, all serial numbers (s/n); BHTI 212, 214 and 412 helicopters (all Models), all s/n; BHTC 429 and 430 helicopters, all s/n; AH AS 365 N3, AS 332 L2 and EC225 LP helicopters, all s/n; AHD MBB-BK117 C-2, EC135 and EC635 (all Models) helicopters, all s/n; MDHI MD900 helicopters, all s/n; and Sikorsky S-61 (all Models), S-76A, S-76B, S-76C and S-92A helicopters, all s/n."
157b8d12-c115-446e-a4dc-d12077751fe2,b70740bb-e394-490e-8fd4-271cf6dd2d90,M158,25,FAA AD 2013-06-51,"Unsafe Condition Failure Of The Overload Clutch Resulting In In Flight Failure Of The Hoist, Which Could Result In Injury To Person Being Lifted.",MIS,02-Jul-2013,DGCA/New-Misc/158,,,0:00,,"Applicable to AgustaWestland, Bell Helicopter,Eurocopter France Models,Eurocopter Deutschland GmbH (ECD) Models,Sikorsky Aircraft Corporation Models"
157b8d12-c115-446e-a4dc-d12077751fe2,b70740bb-e394-490e-8fd4-271cf6dd2d90,M158,50,FAA AD 2013-06-51,"Unsafe Condition Failure Of The Overload Clutch Resulting In In Flight Failure Of The Hoist, Which Could Result In Injury To Person Being Lifted.",MIS,02-Jul-2013,DGCA/New-Misc/158,,,0:00,,"Applicable to AgustaWestland S.p.A Models A109,A109S, A109K2, A109A, A109A II, A109C, A109E,AW109SP, AB139, AW139, AB412, and AB412 EP,Bell Helicopter Textron, Inc., Models 212, 214B, 214B-1, 214ST, 412, 412CF, and 412EP;Bell Helicopter Textron Canada, Ltd., Models 429 and 430."
157b8d12-c115-446e-a4dc-d12077751fe2,b70740bb-e394-490e-8fd4-271cf6dd2d90,M159,96,FAA AD 2014-17-02,"To detect and correct discrepancies of the battery wiring installation inside the TU, which could result in an electrical short and possible ignition source",MIS,09-Oct-2013,DGCA/New-Misc/159 Rev 1,,,0:00,,"This AD applies to Honeywell ASCs Inc. emergency locator transmitters (ELTs) Model RESCU 406AF and 406AFN with transmitter unit (TU) part numbers (P/Ns) 1152682-1, -2, and -3,"
157b8d12-c115-446e-a4dc-d12077751fe2,b70740bb-e394-490e-8fd4-271cf6dd2d90,M016,1,FAA AD 90-09-08,Inspection of IPECO crew seats,MIS,29-May-1990,DGCA/New-Misc/16,,,0:00,,Boeing B737 and B747 aircraft.
157b8d12-c115-446e-a4dc-d12077751fe2,b70740bb-e394-490e-8fd4-271cf6dd2d90,M016,25,FAA AD 90-09-08,Inspection of IPECO crew seats.,MIS,29-May-1990,DGCA/New-Misc/16,,,0:00,,IPECO TSO-C39a crew seats. (For P/N and S/N refer AD)
157b8d12-c115-446e-a4dc-d12077751fe2,b70740bb-e394-490e-8fd4-271cf6dd2d90,M160,25,EASA AD 2014-0095 Rev 1,ATA 25 Equipment / Furnishings - Crash Position Indicator - Modification Aircraft Flight Manual - Amendment,MIS,09-Oct-2013,DGCA/New-Misc/160 Rev 2,,,0:00,,HR Smith (Technical Developments) Crash Position Indicator (CPI) System 15-503-134 and 15-503-134-1 series equipped with Control Panel part number (P/N) 503-22-() and Beacon release unit P/N 503-21 and System Interface Unit P/N 503-24-() or 503-42-()
157b8d12-c115-446e-a4dc-d12077751fe2,b70740bb-e394-490e-8fd4-271cf6dd2d90,M162,34,EASA AD 2014-0088,Communications - Cockpit Voice Recorder - Replacement,MIS,23-Apr-2014,DGCA/New-Misc/162,,,0:00,,"Part Number (P/N) AP71232101 and P/N AP71231101 Cockpit Voice Recorders (CVR), all serial numbers."
157b8d12-c115-446e-a4dc-d12077751fe2,b70740bb-e394-490e-8fd4-271cf6dd2d90,M163,25,EASA AD 2014-0125,Crash Position Indicator - Modification Aircraft Flight Manual - Amendment,MIS,27-May-2014,DGCA/New-Misc/163,,,0:00,,"HR Smith (Technical Developments) Crash Position Indicator (CPI) system 15-503-134-1 series, if equipped with - Beacon Release Unit (BRU) Part Number (P/N) 503-21-1, and - System Interface Unit (SIU) P/N 503-24 or P/N 503-24-2 or P/N 503-24-6. This CPI system is known to be installed on, but not limited to the following aircraft: - Airbus Helicopters (formerly Eurocopter) Model EC 225 LP"
157b8d12-c115-446e-a4dc-d12077751fe2,b70740bb-e394-490e-8fd4-271cf6dd2d90,M164,35,EASA AD 2014-0142Rev 1,ATA 35 Oxygen - Oxygen Mask Regulator Inflatable Harness / Inflation Hose - Identification / Replacement,MIS,11-Jun-2014,DGCA/New-Misc/164,,,0:00,,"Flight Crew Oxygen Mask Regulators MC10 series, having a Part Number (P/N) as identified in Section 1.A.(1) of Zodiac Aerotechnics Service Bulletin (SB) MC10-35-274 Revision 1 issue dated 18 April 2014."
157b8d12-c115-446e-a4dc-d12077751fe2,b70740bb-e394-490e-8fd4-271cf6dd2d90,M165,25,EASA AD 2014-0187,Equipment & Furnishings - Safety Belt Attachment Bolts - Inspection / Replacement,MIS,03-Sep-2014,DGCA/New-Misc/165,,,0:00,,"Type D1-02 and D1-03 seats, also known as ""Lightweight Classic"" and ""Lightweight Prestige"", Part Numbers (P/N) as specified in Geven Service Bulletin (SB) No. D103-25-004 Revision 2.The affected seats are known to be installed on, but not limited to, ATR 42 and ATR 72 aeroplanes."
157b8d12-c115-446e-a4dc-d12077751fe2,b70740bb-e394-490e-8fd4-271cf6dd2d90,M166,25,EASA AD 2014-0188 R4,Equipment & Furnishings - Emergency Flotation System - Rotorcraft Flight Manual -(Supplement),MIS,12-Aug-2015,DGCA/NEW-MISC/166 R3,,,0:00,,"SA 365 N, SA 365 N1, AS 365 N2, AS 332 C, AS 332 C1, AS 332 L, AS 332 L1, AS 332 L2 and EC 225 LP helicopters, all serial numbers (s/n), MBB-BK 117 A-1, MBB-BK 117 A-3, MBB-BK 117 A-4, MBB-BK 117 B-1, MBB-BK 117 B-2 and MBB-BK 117 C-1 helicopters, all s/n, and AB 212, AB 412 and AB 412EP helicopters, all s/n,"
157b8d12-c115-446e-a4dc-d12077751fe2,b70740bb-e394-490e-8fd4-271cf6dd2d90,M167,25,EASA AD 2014-0244,Equipment & Furnishings - Emergency Flotation System - Rotorcraft Flight Manual (Supplement) Limitation,MIS,26-Nov-2014,DGCA/NEW-MISC/167 R1,,,0:00,,"Sikorsky S-76A, S-76B, S-76C and S-92A helicopters, all serial numbers (s/n), BHTI 212, 214B, 214B-1, 214ST, 412 and 412EP helicopters, all s/n, BHTC 222, 222B, 222U, 230 and 430 helicopters, all s/n, if equipped with an Emergency Flotation System (EFS), all part numbers, as approved optional kit for ditching provision from the helicopter Manufacturer or by a Supplemental Type Certificate (STC)."
157b8d12-c115-446e-a4dc-d12077751fe2,b70740bb-e394-490e-8fd4-271cf6dd2d90,M168,34,FAA AD 2014-18-01,"To Detect And Correct Mode S Transponders That Do Not Respond Correctly To Mode S Only All-Call Interogations, Which Could Result In Increased pilot And Air Traffic Controller Workload As Well As Reduced Separation Of Airplanes",MIS,24-Sep-2014,DGCA/NEW-MISC/168,,,0:00,,"(1) This AD applies to the following Rockwell Collins, Inc. part number (P/N) Mode S transponders that are known to be installed on but not limited to the airplanes listed in paragraphs (c)(2)(i) through (c)(2)(xiv) of this AD, except for those airplanes listed in paragraphs (c)(3)(i) through (c)(3)(vi) of this AD, that have been modified in-production or in-service: (i) TDR-94: CPN 622-9352-008, 622-9352-108, 622-9352-308, 622-9352-408; and (ii) TDR-94D: CPN 622-9210-008, 622-9210-108, 622-9210-308, 622-9210-408. Refer AD for further details."
157b8d12-c115-446e-a4dc-d12077751fe2,b70740bb-e394-490e-8fd4-271cf6dd2d90,M168,34,FAA AD 2014-18-01,Detect And Correct Mode S Transponders,MIS,14-Oct-2014,DGCA/New-Misc/168,,,0:00,,"This AD applies to the following Rockwell Collins, Inc. part number (P/N) Mode S transponders TDR-94: CPN 622-9352-008, 622-9352-108, 622-9352-308, 622-9352-408; and TDR-94D: CPN 622-9210-008, 622-9210-108, 622-9210-308, 622-9210-408."
157b8d12-c115-446e-a4dc-d12077751fe2,b70740bb-e394-490e-8fd4-271cf6dd2d90,M169,1,FAA AD 2014-20-11,Zodiac Seats France (formerly Sicma Aero Seat) Passenger Seat Assemblies,MIS*,28-Oct-2014,DGCA/NEW-MISC/169,,,0:00,,"Zodiac Seats France 9140, 9166, 9173, 9174, 9184, 9188, 9196, 91B7, 91B8, 91C0, 91C2, 91C4, 91C5, 91C9, 9301, and 9501 series passenger seat assemblies; identified in Annex 1, Issue 3, dated January 25, 2012, of Sicma Aero Seat Service Bulletin 90-25-012, Issue 6, dated January 25, 2012."
157b8d12-c115-446e-a4dc-d12077751fe2,b70740bb-e394-490e-8fd4-271cf6dd2d90,M017,100,CAA AD No.001-02-93,Precautionary check for correct location of bridge pieces inside the main buoyancy tubes,MIS,05-Jul-2007,DGCA/New-Misc/17,,,0:00,,RFD liferafts Type 10R MK 1 and SAR MK 1 with Serial Numbers 10R 152 through 10R 1027 and liferafts Type 14R MK 1 with Serial Numbers 14R 213 through 14R 1020.
157b8d12-c115-446e-a4dc-d12077751fe2,b70740bb-e394-490e-8fd4-271cf6dd2d90,M170,1,EASA AD 2014-0279,Equipment / Furnishing - Restraint System Rotary Buckle Sub-Assembly - Identification / Replacement,MIS,27-Jan-2015,DGCA/NEW-MISC/170,,,0:00,,"Romtex Anjou Aeronautique model 358 torso restraint systems. These restraint systems are known to be installed on, but not limited to, Airbus Helicopters EC130 T2, AS 350 B2 and B3 helicopters"
157b8d12-c115-446e-a4dc-d12077751fe2,b70740bb-e394-490e-8fd4-271cf6dd2d90,M171,34,FAA AD 2015-10-51,"To prevent such incorrect display of lateral deviations, which could result in the pilot making flight decisions that put the aircraft in unsafe flight conditions",MIS,25-May-2015,DGCA/NEW-MISC/171,,,0:00,,"Avidyne Corporation (Avidyne) Integrated Flight Displays (IFDs) part number (P/N) 700-00083-( ) loaded with software release 9.3.1.0 or earlier release (referred to as Model R9 - 10 inch), P/N 700-00171-( ) loaded with software release 9.2.5.0 or earlier release (referred to as Model R9 - 12 inch), and P/N 700-00182-( ) loaded with software release 10.0.3.0 or earlier release (referred to as Model IFD540)"
157b8d12-c115-446e-a4dc-d12077751fe2,b70740bb-e394-490e-8fd4-271cf6dd2d90,M172,35,FAA AD 2015-08-07,"To detect and correct defective harness, which could lead n case of a sudden depressurization event, to a harness rupture thereby providing inadequate protection against hypoxia and possibly resulting in unconsciousness of the affected flight crew member and consequent reduced control of the airplane.",MIS,26-May-2015,DGCA/NEW-MISC/172,,,0:00,,Applicable for certain Zodiac Aerotechnics (formerly Intertechnique Aircraft Systems) oxygen mask regulators only.
157b8d12-c115-446e-a4dc-d12077751fe2,b70740bb-e394-490e-8fd4-271cf6dd2d90,M173,34,EASA AD 2015-0093,Navigation - Attitude Heading Reference System - Modification / Replacement,MIS,11-Jun-2015,DGCA/NEW-MISC/173,,,0:00,,"Northrop Grumman LITEF GmbH LCR-100 Attitude Heading Reference System (AHRS), Part Number (P/N) 145130-2000, P/N 145130-2001, P/N 145130-7000, P/N 145130-7001 and P/N 145130-7100."
157b8d12-c115-446e-a4dc-d12077751fe2,b70740bb-e394-490e-8fd4-271cf6dd2d90,174,26,FAA AD 2015-16-04,"To prevent fire extinguishers form failing to operate in the event of a fire, which could jeopardize occupants' safety and continuation of safe flight and landing",MIS,24-Aug-2015,DGCA/New-Misc/174,,,0:00,,"This AD applies to Kidde Graviner hand-operated fire extinguishers having part numbers 56412-001 (34H), 56411-001 (35H), and 56412-002 (38H). These fire extinguishers may be installed on, but not limited to, aircraft, certificated in any category, specified in paragraphs (c)(1), (c)(2), (c)(3), (c)(4), (c)(5), and (c)(6) of this AD. (1) BAE Systems (Operations) Limited Model ATP airplanes. (2) BAE Systems (Operations) Limited Model 4101 airplanes. (3) Airbus Defense and Space S.A. (Type Certificate previously held by EADS CASA; Construcciones Aeronauticas, S.A.) Model C-212-CB, C-212-CC, C-212-CD, C-212-CE, C-212-CF, C-212-DE, and C-212-DF airplanes. (4) Fokker Services B.V. Model F.27 Mark 050, 100, 200, 300, 400, 500, 600, and 700 airplanes. (5) Short Brothers PLC Model SD3-60 SHERPA, SD3-SHERPA, SD3-30, and SD3-60 airplanes. (6) SHORT BROTHERS & HARLAND LTD SC-7 Series 2 and SC-7 Series 3 airplanes."
157b8d12-c115-446e-a4dc-d12077751fe2,b70740bb-e394-490e-8fd4-271cf6dd2d90,M174,26,FAA AD 2015-16-04,"To prevent Fire Extinguisher from failing to operate in the event of a fire, which could jeopardize occupants' safety and continuation of safe flight and landing",MIS,24-Aug-2015,DGCA/NEW-MISC/174,,,0:00,,"Kidde Graviner hand-operated fire extinguishers having part numbers 56412-001 (34H), 56411-001 (35H), and 56412-002 (38H)."
157b8d12-c115-446e-a4dc-d12077751fe2,b70740bb-e394-490e-8fd4-271cf6dd2d90,M175,26,FAA AD 2015-15-14,"Fire Protection, To detect and correct solder deposited on the frangible plug of the fire extinguisher, which could result in failure of the fire extinguisher to discharge, and consequent inability to put out a fire in an engine or in the APU.",MIS,04-Aug-2016,DGCA/New-Misc/175,,,0:00,,"This AD applies to all BAE Systems (Operations) Limited Model ATP airplanes, certificated in any category, all manufacturer serial numbers. For airplanes equipped with Kidde Graviner fire extinguishers having part number (P/N) 57183 (all dash numbers)"
157b8d12-c115-446e-a4dc-d12077751fe2,b70740bb-e394-490e-8fd4-271cf6dd2d90,M176,35,FAA AD 2015-23-09,"ATA 35, OXYGEN - To detect and correct affected oxygen mask regulators, which could lead, In case of mask usage at or above 10,000 feet after a depressurization event, To the inhalation of air with improper content of oxygen, Due to the bad dilution settings, thereby providing inadequate protection to the affected flightcrew against hypoxia. Hypoxia can start from a headache and drowsiness and lead eventually to unconsciousness with severe consequence in terms of airplane controllability.",MIS,04-Aug-2016,DGCA/New-Misc/176,,,0:00,,"This AD applies to Zodiac Aerotechnics (formerly Intertechnique Aircraft Systems) flightcrew oxygen mask regulators having part number MC10, MF10, and MF20 series, with serial numbers listed in Appendix 1 of Zodiac Services Service Bulletin MCF-SBU-35-001, Revision 1, dated December 3, 2012."
157b8d12-c115-446e-a4dc-d12077751fe2,b70740bb-e394-490e-8fd4-271cf6dd2d90,M177,35,FAA AD 2016-11-20,"ATA 35, Oxygen - To correct the unsafe condition on B/E Aerospace protective breathing equipment (PBE), P/N 119003-11.",MIS,04-Aug-2016,DGCA/New-Misc/177,,,0:00,,"This AD applies to B/E Aerospace Protective Breathing Equipment (PBE), part number (P/N) 119003-11, that is installed on airplanes."
157b8d12-c115-446e-a4dc-d12077751fe2,b70740bb-e394-490e-8fd4-271cf6dd2d90,M018,25,CAA AD 006-03-93,Inspection/replacement Equipment and furnishing passenger compartment.,MIS,05-Jul-2007,DGCA/New-Misc/18,,,0:00,,"Seat model 121,Type: Elete, P/N:D11211F101, D1121F101/7, D1121F103,F105, F105/79,F107, F167/79, P109, F102, F102/79, F104, F106, F106/79, F108, P109/79, F110, F302."
157b8d12-c115-446e-a4dc-d12077751fe2,b70740bb-e394-490e-8fd4-271cf6dd2d90,M019,11,BVAD NO.93-050(AB)Rev.1,Collins- VHF-208 Transceivers identification plate.,MIS,03-Jul-1993,DGCA/New-Misc/19,,,0:00,,All COLLINS VHF 20B transceivers installed on aircraft.
157b8d12-c115-446e-a4dc-d12077751fe2,b70740bb-e394-490e-8fd4-271cf6dd2d90,M019,11,BV AD NO.93-050(AB)RI,Collins- VHF-20 B Transreceivers Identification Plate.,MIS,03-Jul-1993,DGCA/New-Misc/19,,,0:00,,All COLLINS VHF 20B transceivers installed on aircraft
157b8d12-c115-446e-a4dc-d12077751fe2,b70740bb-e394-490e-8fd4-271cf6dd2d90,M020,28,FAA AD 98-01-06,To prevent disruption of the fuel to the engine resulting in failure attain related power.,MIS,13-Feb-1998,DGCA/New-Misc/20,,,0:00,,"Precision Airmotive Corporation (formerly Facet Aerospace Products Corporation and Marvel-Schebler Corporation) Model MA-3, MA-3A, MA-3PA, MA-3SPA, MA-4SPA carburetors installed"
157b8d12-c115-446e-a4dc-d12077751fe2,b70740bb-e394-490e-8fd4-271cf6dd2d90,M020,28,FAA AD 98-01-06,To prevent disruption of the fuel flow to the engine resulting in failure attain related power.,MIS,13-Feb-2007,DGCA/New-Misc/20,,,0:00,,"Precision Airmotive Corporation (formerly Facet Aerospace Products Corporation and Marvel-Schebler Corporation) Model MA-3, MA-3A, MA-3PA, MA-3SPA, MA-4SPA carburetors installed"
157b8d12-c115-446e-a4dc-d12077751fe2,b70740bb-e394-490e-8fd4-271cf6dd2d90,M021,80,FAA AD 94-06-09,Inspection/Replacement affected magneto capacitors.,MIS,20-May-1994,DGCA/New-Misc/21,,,0:00,,Teledyne Continental Motors (TCM) (formerly Bendix) magnetos new and rebuilt TCM Model SC-20(For P/N Further info refer AD)
157b8d12-c115-446e-a4dc-d12077751fe2,b70740bb-e394-490e-8fd4-271cf6dd2d90,M021,80,FAA letter 94-06-09,Inspection/replacement affected magneto capacitors.,MIS,20-May-1994,DGCA/New-Misc/21,,,0:00,,Teledyne Continental Motors (TCM) (formerly Bendix) magnetos new and rebuilt TCM Model SC-20(For P/N Further info refer AD)
157b8d12-c115-446e-a4dc-d12077751fe2,b70740bb-e394-490e-8fd4-271cf6dd2d90,M022,25,DGAC AD 1994-085(AB)R2,SIMCA Aero seatpassenger seats-AFT track fittings.,MIS,05-Jul-2007,DGCA/New-Misc/22,,,0:00,,"All SICMA AERO SEAT passenger seats equipped with SICMA aft track fittings P/N 90-000120-790-0, to be mounted on aircraft seat track."
157b8d12-c115-446e-a4dc-d12077751fe2,b70740bb-e394-490e-8fd4-271cf6dd2d90,M 224,34,FAA AD 2019-12-09 & OPSB 0193-19 R1,Joint Aircraft System Component (JASC)/Air Transport Association (ATA) of America Code 34; Navigation.,MIS,18-Jul-2019,DGCA/NEW-MISC/224,,,0:00,,"This AD applies to Rockwell Collins, Inc. (Rockwell Collins) Flight Display System Application FDSA-6500 part numbers 810-0234-1H0001, 810-0234-1H0002, 810-0234-1H0003, 810-0234-2H0001, 810-0234-2C0001, 810-0234-2C0002, and 810-0234-4B0001. These appliances are installed on, but not limited to, Bombardier Inc. Model CL-600-2B16 (604 variant) airplanes and Textron Aviation Inc. Models 525B, B200, B200C, B200CGT, B200GT, B300, B300C, and C90GTi airplanes, certificated in any category."
157b8d12-c115-446e-a4dc-d12077751fe2,b70740bb-e394-490e-8fd4-271cf6dd2d90,M 225,34,FAA AD 2019-13-03,"Joint Aircraft System Component (JASC) Code 3452, ATC transponder system.",MIS,02-Aug-2019,DGCA/NEW-MISC/225,,,0:00,,"This AD applies to: (1) Trig Avionics Limited TT31 Mode S transponders, part number (P/N) 00220-00-01 and P/N 00225-00-01, with a serial number (S/N) from 05767 to S/N 09715 inclusive, and Modification (Mod) Level 6 or below, installed. (2) Avidyne Corporation AXP340 Mode S transponders, P/N 200-00247-0000, also marked with Trig Avionics P/N 01155-00-01, with a S/N from 00801 to S/N 01377 inclusive, and Mod Level 0, installed. (3) BendixKing/Honeywell International KT74 Mode S transponders, P/N 89000007-002001, also marked with Trig Avionics P/N 01157-00-01, with a S/N from 01143 to S/N 02955 inclusive, and Mod Level 0, installed."
157b8d12-c115-446e-a4dc-d12077751fe2,b70740bb-e394-490e-8fd4-271cf6dd2d90,M 226,25,FAA AD 2019-14-05,"Joint Aircraft System Component (JASC) Code 2510, Flight Compartment Equipment.",MIS,02-Aug-2019,DGCA/NEW-MISC/226,,,0:00,,"(1) This AD applies to B/E Aerospace Fischer GmbH (B/E Aerospace Fischer) Common Seats 170/260 H160 with a part number and serial number combination listed in Annex A to B/E Aerospace Fischer Alert Service Bulletin (ASB) No. SB0718-004, Issue A, dated June 26, 2018. (2) These seats are known to be installed on, but not limited to: Airbus Helicopters (formerly Airbus Helicopters Deutschland GmbH, Eurocopter Deutschland GmbH, Eurocopter Espa[ntilde]a S.A.) EC135 and EC635 helicopters; and Airbus Helicopters (formerly Eurocopter, Eurocopter France, Aerospatiale) AS 332 L1 and EC 225 LP helicopters."
157b8d12-c115-446e-a4dc-d12077751fe2,b70740bb-e394-490e-8fd4-271cf6dd2d90,DGCA/NEW-MISC/227,25,EASA AD 2019-0235,ATA 25 - Equipment / Furnishings - Emergency Locator Transmitter - Inspection / Modification / Replacement,MIS,30-Sep-2019,DGCA/NEW-MISC/227,,,0:00,,"This AD applies to the following series of Emergency locator transmitters (ELT) G406-4, C406-1, C406-1HM, C406-2, C406-2HM, C406-N and C406-NHM."
157b8d12-c115-446e-a4dc-d12077751fe2,b70740bb-e394-490e-8fd4-271cf6dd2d90,M023,100,BV AD 94-116(B),Up limit portion security,MIS,21-May-1994,DGCA/New-Misc/23,,,0:00,,LUCAS AIR EQUIPMENT electric hoist P/N 76375-xxx and 76378-xxx equipped with electronic control boxes P/N 61148-xxx.
157b8d12-c115-446e-a4dc-d12077751fe2,b70740bb-e394-490e-8fd4-271cf6dd2d90,M024,34,BLA AD 95-053(AB),Naviagation VHF/NAV receiver modification,MIS,01-Jul-1995,DGCA/New-Misc/24,,,0:00,,"Alliedsignal Avionics Inc. Model VN-41B VHF navigation receivers,P/N 066-1101-00,all S/N upto 4001 and P/N 066-1101-01, 066-1101-10, 066-1101-00,all S/N upto 10407."
157b8d12-c115-446e-a4dc-d12077751fe2,b70740bb-e394-490e-8fd4-271cf6dd2d90,M025,79,FAA AD 96-12-22,Cessna engine oil filter adapter assembly,MIS,31-Jul-1997,DGCA/New-Misc/25,,,0:00,,"Cessna Engine Oil Filter Adapters Assemblies, P/N 0450404-(all dash nos), 0556004-(all dash nos), 0556010-(all dash nos), 0756023-(all dash nos), 0756024-(all dash nos), 1250403-(all dash nos), 125041"
157b8d12-c115-446e-a4dc-d12077751fe2,b70740bb-e394-490e-8fd4-271cf6dd2d90,M025,79,FAA AD 96-12-22,Cessna engine oil filter adapter assemblies,MIS,31-Jul-1996,DGCA/New-Misc/25,,,0:00,,"Cessna Engine Oil Filter Adapters Assemblies, P/N 0450404-(all dash nos), 0556004-(all dash nos), 0556010-(all dash nos), 0756023-(all dash nos), 0756024-(all dash nos), 1250403-(all dash nos), 125041"
157b8d12-c115-446e-a4dc-d12077751fe2,b70740bb-e394-490e-8fd4-271cf6dd2d90,M026,49,FAA AD 96-25-12,"To prevent compressor wheel rupture ,which could result in an uncontained APU failure and to the A/c",MIS,13-Jan-1997,DGCA/New-Misc/26,,,0:00,,"Sundstrand Aerospace Models One Time no APU installed in H/C T-62T-40C series auxiliary power units (APUs), with compressor wheel, P/N 162690-1, 165111-1, and 167200-1."
157b8d12-c115-446e-a4dc-d12077751fe2,b70740bb-e394-490e-8fd4-271cf6dd2d90,M027,25,BV AD 97-134(AB),SICMA AERO-SEAT(Paxseat)Leg Collar,MIS,28-Jul-1997,DGCA/New-Misc/27,,,0:00,,"Applicable to SICMA AERO-SEAT seats, For P/n and S/N refer this AD, equippped with leg collars P/N 95-000100-008-0."
157b8d12-c115-446e-a4dc-d12077751fe2,b70740bb-e394-490e-8fd4-271cf6dd2d90,M028,31,FAA AD 98-14-03,To prevent transmission of misleading encoding altimeter information between affected A/C,MIS,16-Aug-1998,DGCA/New-Misc/28,,,0:00,,"AlliedSignal KT 76A Air Traffic Control (ATC) transponders;P/N 066-1062-00/10/02; S/N 93,000 through 109,999"
157b8d12-c115-446e-a4dc-d12077751fe2,b70740bb-e394-490e-8fd4-271cf6dd2d90,M029,37,FAA AD 98-23-01,Insp./Replacement of Vaccum dry air pump flexible coupling,MIS,11-Oct-1998,DGCA/New-Misc/29,,,0:00,,"Airborne dry air pumps,conversion kits,coupling kits,with flexible coupling P/N B1-19-1 have date code of either ""12/97"" or ""5-6/98""."
157b8d12-c115-446e-a4dc-d12077751fe2,b70740bb-e394-490e-8fd4-271cf6dd2d90,M029,37,FAA AD 98-23-01,Vaccum dry air pump flexible coupling-Inspection/Replacement,MIS,10-Nov-1998,DGCA/New-Misc/29,,,0:00,,"Airborne dry air pumps,conversion kits,coupling kits,with flexible coupling P/N B1-19-1 have date code of either ""12/97"" or ""5-6/98""."
157b8d12-c115-446e-a4dc-d12077751fe2,b70740bb-e394-490e-8fd4-271cf6dd2d90,M030,52,FAA AD 98-21-21R1,To prevent smoke and a possible fire in the cockpit caused by overheating of the electric door seal inflation systems,MIS,01-May-2000,DGCA/New-Misc/30,,,0:00,,"Electric inflatable door seals equipped with Bob Fields aerocessories,IAW applicable supplemental type certificate(STC) or through field approval.(For further info refer AD)"
157b8d12-c115-446e-a4dc-d12077751fe2,b70740bb-e394-490e-8fd4-271cf6dd2d90,M031,25,FAA AD 98-25-10R1,To prevent failure of seat restraint system,MIS,14-Jan-2000,DGCA/New-Misc/31,,,0:00,,"Aircraft Belts Model CS, CT, FM, FN, GK, GL, JD, JE,JTJU, MD, ME, MM, NB, PM, PN, RG and RH seat restraint systems.(For futher info refer AD)"
157b8d12-c115-446e-a4dc-d12077751fe2,b70740bb-e394-490e-8fd4-271cf6dd2d90,M031,25,FAA AD 98-25-10 R1,To prevent failure of seat restraint system,MIS,14-Jan-2000,DGCA/New-Misc/31,,,0:00,,"Aircraft Belts Model CS,CT,FM, FN,GK, GL,JD,JE,JTJU,MD,ME,MM,NB,PM,PN,RG, and RH seat restraint systems.(For futher info refer AD)"
157b8d12-c115-446e-a4dc-d12077751fe2,b70740bb-e394-490e-8fd4-271cf6dd2d90,M032,100,FAA AD 97-05-03(R1),To prevent deviation from intended flight path during a non precision approach,MIS,20-Apr-1999,DGCA/New-Misc/32,,,0:00,,"Models GNS-XLS and GNS-XL global positioning systems (GPS), P/N 17960-0102-XXXX and P/N 18355-0101-XXXX"
157b8d12-c115-446e-a4dc-d12077751fe2,b70740bb-e394-490e-8fd4-271cf6dd2d90,M033,35,FAA AD 99-08-21,To prevent reduced Oxygen consumption when passengers are required to use defective oxygen masks which could result in passenger injury,MIS,02-Jun-1999,DGCA/New-Misc/33,,,0:00,,Puritan-Bennett Aero Systems Company C351-2000 Series Passenger Oxygen Masks and Portable Oxygen Masks(For P/N Refer AD).
157b8d12-c115-446e-a4dc-d12077751fe2,b70740bb-e394-490e-8fd4-271cf6dd2d90,M034,23,DGCA AD 1999-298(AB),Allied Signal-VHF COM receiver bandwidth reduction,MIS,28-Jul-1999,DGCA/New-Misc/34,,,0:00,,"Concerns KX175B, KX175BE, KY195B, KY195BE equipment type all serial number."
157b8d12-c115-446e-a4dc-d12077751fe2,b70740bb-e394-490e-8fd4-271cf6dd2d90,M034,23,DGCA AD 1999-298(AB),Allied Signal-VHF COM receiver bandwidth reduction,MIS,07-Aug-1999,DGCA/New-Misc/34,,,0:00,,"Concerns KX175B, KX175BE, KY195B, KY195BE equipment type all serial number."
157b8d12-c115-446e-a4dc-d12077751fe2,b70740bb-e394-490e-8fd4-271cf6dd2d90,M036,23,FAA A 99-12-06,To prevent VHF Navigation receiver interference from FM radio station broadcast frequencies,MIS,23-Jul-1999,DGCA/New-Misc/36,,,0:00,,"AlliedSignal Inc. VN 411B Very High Frequency (VHF) Navigation Receivers For P/N,S/N refer AD."
157b8d12-c115-446e-a4dc-d12077751fe2,b70740bb-e394-490e-8fd4-271cf6dd2d90,M037,34,FAA AD 99-23-22 R2,To prevent false traffic alert collision avoidance system (TACAS),MIS,20-Apr-2000,DGCA/New-Misc/37,,,0:00,,"Transport category airplanes, certificated in any category, equipped with any Mode ""C"" transponder with single Gillham code altitude input,For P/N's refer AD."
157b8d12-c115-446e-a4dc-d12077751fe2,b70740bb-e394-490e-8fd4-271cf6dd2d90,M037,34,FAA AD 99-23-22R2,To prevent false traffic alert collision avoidance system (TACAS II),MIS,20-Apr-2000,DGCA/New-Misc/37,,,0:00,,"Transport category airplanes, certificated in any category, equipped with any Mode ""C"" transponder with single Gillham code altitude input,For P/N's refer AD."
157b8d12-c115-446e-a4dc-d12077751fe2,b70740bb-e394-490e-8fd4-271cf6dd2d90,M038,34,FAA AD 99-23-24,To ensure the ILS receiver provide the flight crew with accurate glide slope path.,MIS,20-Apr-2000,DGCA/New-Misc/38,,,0:00,,"RIA-32A instrument landing system (ILS) navigation receivers, P/N 2070724-3201 and -3203 installed."
157b8d12-c115-446e-a4dc-d12077751fe2,b70740bb-e394-490e-8fd4-271cf6dd2d90,M039,37,FAA AD 99-24-10,Revised operating limitations for the affected standby vaccum systems in to the airoplane flight manual,MIS,14-Jan-2000,DGCA/New-Misc/39,,,0:00,,"Model SVS III standby vacuum systems installed, but not limited to refer this AD."
157b8d12-c115-446e-a4dc-d12077751fe2,b70740bb-e394-490e-8fd4-271cf6dd2d90,M040,25,DGCA AD 2000-042(AB),Third Occupant Seat Head Rest Locking Point,MIS,23-Mar-2000,DGCA/New-Misc/40,,,0:00,,"All Model A319, A320, and A321 aircraft which have the SICMA Aero Seat 133 series third occupant seats For P/N and S/N refer AD."
157b8d12-c115-446e-a4dc-d12077751fe2,b70740bb-e394-490e-8fd4-271cf6dd2d90,M041,1,DGAC AD 2002-505,IFE Electric Harness Protection in Central Foldable Armrest,MIS,12-Oct-2002,DGCA/New-Misc/41,,,0:00,,Sicma Aero Seat 9801 and 9802 Series passenger seats listed in Para A of Sicma Aero Seat SB 98-25-014 Issue 1 dt.1 Oct 2001.
157b8d12-c115-446e-a4dc-d12077751fe2,b70740bb-e394-490e-8fd4-271cf6dd2d90,M042,22,FAA AD 2000-05-24,Inspect the autopilot servo actuator for a loose fastener.,MIS,21-Apr-2000,DGCA/New-Misc/42,,,0:00,,"Any aircraft, certificated in any category, equipped with Honeywell KAP 140 or KFC 225 autopilot system. For P/N and S/N refer chart presented in this AD."
157b8d12-c115-446e-a4dc-d12077751fe2,b70740bb-e394-490e-8fd4-271cf6dd2d90,M042,22,FAA AD 2000-05-24,Inspect the Autopilot servo actuator for a loose fastener.,MIS,12-Apr-2000,DGCA/New-Misc/42,,,0:00,,"Any aircraft, certificated in any One Time N/A. Autopilot not installed category,equipped with Honeywell KAP 140 or KFC 225 autopilot system.For P/N and S/N refer chart presented in this AD."
157b8d12-c115-446e-a4dc-d12077751fe2,b70740bb-e394-490e-8fd4-271cf6dd2d90,M043,49,FAA AD 2000-04-24,To prevent an uncontained APU failure and damage,MIS,08-May-2000,DGCA/New-Misc/43,,,0:00,,"Honeywell International (formerly Allied Signal Inc.) 36-300(A), 36-280(B), and 36-280(D) series APUs, with load compressor impellers, P/Ns 3822270-4, or 3822270-5, installed."
157b8d12-c115-446e-a4dc-d12077751fe2,b70740bb-e394-490e-8fd4-271cf6dd2d90,M044,25,DGAC AD 2002-471(AB)R1,SICMA AERO seat - modification of seat belt attachment fitting.,MIS,07-Dec-2002,DGCA/New-Misc/44,,,0:00,,"PSICMA AERO SEAT P/N 91xx,93xx, 95xx, 96xx,97xx,98xx, 99xx, 9Axx, 9Bxx,9Cxx, listed in Annex 1 of SB 91-25-045."
157b8d12-c115-446e-a4dc-d12077751fe2,b70740bb-e394-490e-8fd4-271cf6dd2d90,M045,100,FAA AD 2000-07-27,To prevent loss of the main sources of attitude data,MIS,03-May-2000,DGCA/New-Misc/45,,,0:00,,Transport category airplanes One Time certificated in any category; equipped with any Honeywell air data inertial reference unit (ADIRU) having S/N 0841 and P/N as listed in this AD.
157b8d12-c115-446e-a4dc-d12077751fe2,b70740bb-e394-490e-8fd4-271cf6dd2d90,M046,80,FAA AD 99-04-04,"To prevent the failure of the magneto impulse coupling assembly,resulting in seizure of the engine",MIS,25-Feb-1999,DGCA/New-Misc/46,,,0:00,,"Textron Lycoming O-540-B2B5, B2C5, E4B5, E4C5, G1A5, G2A5, IO-540-K1A5, K1B5,K1G5 reciprocating model engines equipped with Slick Aircraft Products magneto model numbers 6251, 6252, 6255, 6351 and 635"
157b8d12-c115-446e-a4dc-d12077751fe2,b70740bb-e394-490e-8fd4-271cf6dd2d90,M047,100,FAR 121.314,Cargo and Baggage Compartment.,MIS,05-Jul-2007,DGCA/New-Misc/47,,,0:00,,1.Turboprop aeroplane having a type certified Pax seating capacity of 10 or more excluding crew seat. 2. Turbojet aeroplane irrespective of
157b8d12-c115-446e-a4dc-d12077751fe2,b70740bb-e394-490e-8fd4-271cf6dd2d90,M048,22,FAA AD 2001-10-09,To prevent undesirable auto trim command.,MIS,15-Jun-2001,DGCA/New-Misc/48,,,0:00,,"Model AS350B, BA, B1, B2, B3, D, and AS355E, F, F1, F2, and N helicopters, with Crouzet single-pole circuit breaker, P/N 84 400 028,P/N 84 400 031 through P/N 84 400 036,"
157b8d12-c115-446e-a4dc-d12077751fe2,b70740bb-e394-490e-8fd4-271cf6dd2d90,M049,34,FAA AD 2001-14-51,To prevent inaccurate navigation due to incorrect bearing information.,MIS,29-Jun-2001,DGCA/New-Misc/49,,,0:00,,"All General Aviation aircraft equipped with UPS Aviation Technologies,Model Apollo SL30 very-high-frequency navigation/communication (VHF NAV/COMM) radio having P/N 430-6040-300/430-6040-301;"
157b8d12-c115-446e-a4dc-d12077751fe2,b70740bb-e394-490e-8fd4-271cf6dd2d90,M050,23,FAA AD 2001-15-17,To modify the altitude edcoder inputs of the CTL-92 transponder control panels.,MIS,20-Aug-2001,DGCA/New-Misc/50,,,0:00,,"CTL-92 transponder control panel P/N 622-6523-204/-205/-206/-207/-208, S/N as specified in Rockwell SB 33 (CTL-92-34-33)."
157b8d12-c115-446e-a4dc-d12077751fe2,b70740bb-e394-490e-8fd4-271cf6dd2d90,M051,28,FAA AD 2004-25-16 R2,To prevent failure of the fuel regulator shutoff valve,MIS,20-Jun-2005,DGCA/New-Misc/51(R2),,,0:00,,"Aircraft equipped with fuel regulator shutoff valve P/N 14D11, A14D11, B14D11, C14D11, 23D04, A23D04, B23D04, C23D04, or P23D04 used with B1500, B2030, B2500, B3040, B3500, B4050, or B4500 B-Serie"
157b8d12-c115-446e-a4dc-d12077751fe2,b70740bb-e394-490e-8fd4-271cf6dd2d90,M052,73,DGAC AD 2001-17-15,To prevent engine fuel pump failure,MIS,16-Aug-2001,DGCA/New-Misc/52,,,0:00,,"Honeywell LTS101-600A-2, -600A-3 and -600A-3A series turboshaft and LTP101-600A-1A, -700A-1A series turboprop engines incorporating CECO engine fuel pumps, P/N 4-301-128-01, -02, -03, -04, -05, -06."
157b8d12-c115-446e-a4dc-d12077751fe2,b70740bb-e394-490e-8fd4-271cf6dd2d90,M053,26,FAA AD 2001-22-14,To preven damage to the fire extinguishing system components.,MIS,10-Dec-2001,DGCA/New-Misc/53,,,0:00,,Fire extinguishing system bottle One Time N/A by type of Operation cartridges presented in para (a)(1) of this AD.
157b8d12-c115-446e-a4dc-d12077751fe2,b70740bb-e394-490e-8fd4-271cf6dd2d90,M054,52,"FAR 121.583,FAR25.795",Modification of aircraft cockpit door,MIS,29-Nov-2001,DGCA/New-Misc/54,,,0:00,,Airplane having a door between the passenger & pilot compartment and engaged in 1.Scheduled Air Transport
157b8d12-c115-446e-a4dc-d12077751fe2,b70740bb-e394-490e-8fd4-271cf6dd2d90,M055,100,CAA AD 002-11-2001,Hydrolock pin orientation,MIS,06-Jul-2007,DGCA/New-Misc/55,,,0:00,,B/E Aerospace Skyluxe II (AA2) One Time Not Applicable Passenger Seats installed.
157b8d12-c115-446e-a4dc-d12077751fe2,b70740bb-e394-490e-8fd4-271cf6dd2d90,M055,100,CAA AD 002-11-2001,Hydrolok Pin Orientation,MIS,29-Nov-2001,DGCA/New-Misc/55,,,0:00,,B/E Aerospace Skyluxe II (AA2) Passenger Seats installed.
157b8d12-c115-446e-a4dc-d12077751fe2,b70740bb-e394-490e-8fd4-271cf6dd2d90,M056,25,DGAC AD 2001-605(AB),Equipment : Passenger Seats,MIS,21-Mar-2002,DGCA/New-Misc/56,,,0:00,,"All SICMA AERO SEAT pax seats of series 9140, 9166, 9173, 9174, 9184, 9188,9196, 91B7, 91B8, 91C0, 91C2, 91C3, 91C4, 91C5, 9301, 9501, equipped with backrest links P/N 90-000200-104-1,90-000200-104-2."
157b8d12-c115-446e-a4dc-d12077751fe2,b70740bb-e394-490e-8fd4-271cf6dd2d90,M056,25,DGAC AD2001-605(AB),Equipment passenger seats,MIS,21-Mar-2002,DGCA/New-Misc/56 R1,,,0:00,,"All SICMA AERO SEAT pax seats of series 9140, 9166, 9173, 9174, 9184, 9188,9196, 91B7, 91B8, 91C0, 91C2, 91C3, 91C4, 91C5, 9301, 9501, equipped with backrest links P/N 90-000200-104-1,90-000200-104-2."
157b8d12-c115-446e-a4dc-d12077751fe2,b70740bb-e394-490e-8fd4-271cf6dd2d90,M057,34,FAA AD 2001-23-17,GNS 430 units.To prevent inaccurate course deviation display,MIS,28-Dec-2001,DGCA/New-Misc/57,,,0:00,,GNS 430 units that are specified in paragraph (a)(1) of this AD and are installed on aircraft.
157b8d12-c115-446e-a4dc-d12077751fe2,b70740bb-e394-490e-8fd4-271cf6dd2d90,M057,34,FAA AD 2001-3-17,GNS 430 units prevent inaccurate course deviation displays.,MIS,28-Dec-2001,DGCA/New-Misc/57,,,0:00,,GNS 430 units that are specified in paragraph (a)(1) of this AD and are installed on aircraft.
157b8d12-c115-446e-a4dc-d12077751fe2,b70740bb-e394-490e-8fd4-271cf6dd2d90,M058,72,FAA AD 2002-03-09-R1,To prevent impeller failure from cracks in the immpeller back face area,MIS,27-Mar-2002,DGCA/New-Misc/58,,,0:00,,Honeywell International Inc. LTS101 Series Turboshaft and LTP101 Series Turboprop Engines.
157b8d12-c115-446e-a4dc-d12077751fe2,b70740bb-e394-490e-8fd4-271cf6dd2d90,M059,23,FAA AD 2002-06-05,To prevent transmission of concerning altitude from one airplane to another,MIS,26-Apr-2002,DGCA/New-Misc/59,,,0:00,,"Transport category airplanes, certificated in any category, equipped with Rockwell Collins Mode C 621A-3 Air Traffic Control (ATC) transponder(s),P/N 522-2703-XXX."
157b8d12-c115-446e-a4dc-d12077751fe2,b70740bb-e394-490e-8fd4-271cf6dd2d90,M060,34,FAA AD 2002-14-19,To prevent unwarranted display of the ADC flag,MIS,23-Aug-2002,DGCA/New-Misc/60,,,0:00,,"Rockwell Collins, Inc. ADC-85, One Time No ADC installed ADC-85A, ADC-850D, and ADC-850F Air Data Computers."
157b8d12-c115-446e-a4dc-d12077751fe2,b70740bb-e394-490e-8fd4-271cf6dd2d90,M061,100,FAA AD 2002-15-02,To Replace Affected Compressor Wheels,MIS,28-Aug-2002,DGCA/New-Misc/61,,,0:00,,"Hamilton Sundstrand Power Systems models T-62T-2C, T-62T-25, T-62T-29, and T-62T-39 APU's that have compressor wheel P/N 100636-1 installed."
157b8d12-c115-446e-a4dc-d12077751fe2,b70740bb-e394-490e-8fd4-271cf6dd2d90,M062,34,DGCA Let No.9-414/2002-AI(2),Installation of CVR,MIS,30-Sep-2002,DGCA/New-Misc/62,,,0:00,,To all twin engine turbine aircraft where STC is available or the manufacturer has installed this.
157b8d12-c115-446e-a4dc-d12077751fe2,b70740bb-e394-490e-8fd4-271cf6dd2d90,M062,34,DGCA letterno.9-414/2002,Installation of CVR,MIS,30-Sep-2002,DGCA/New-Misc/62,,,0:00,,To all twin engine turbine aircraft where STC is available or the manufacturer has installed this.
157b8d12-c115-446e-a4dc-d12077751fe2,b70740bb-e394-490e-8fd4-271cf6dd2d90,M063,34,DGCA Letter No.9-414/2002-AI(I) Dated: 30-09-2002,Installation of FDR,MIS,30-Sep-2002,DGCA/New-Misc/63,,,0:00,,To all turbine engine aircraft where STC is available or the manufacturer has installed this.
157b8d12-c115-446e-a4dc-d12077751fe2,b70740bb-e394-490e-8fd4-271cf6dd2d90,M063,34,DGCA Letter No.9-414/2002,Installation of FDR,MIS,30-Sep-2002,DGCA/New-Misc/63,,,0:00,,To all turbine engine aircraft where STC is available or the manufacturer has installed this.
157b8d12-c115-446e-a4dc-d12077751fe2,b70740bb-e394-490e-8fd4-271cf6dd2d90,M064,25,DGAC AD 2002-504(AB),"Pax, Seat Belts, Central Spreaders Modification",MIS,12-Oct-2002,DGCA/New-Misc/64,,,0:00,,"All SICMA AERO SEAT seats types 90XX and 92XX with seat P/N listed in Annex 1 of SICMA AERO SEAT Service Bulletin (SB) 92-25-005, all serial numbers, right side only."
157b8d12-c115-446e-a4dc-d12077751fe2,b70740bb-e394-490e-8fd4-271cf6dd2d90,M065,100,DGAC AD 2002-20-09,To prevent display of erroneous primary flight and engine parameter information.,MIS,12-Nov-2002,DGCA/New-Misc/65,,,0:00,,"AFD-3010 adaptive flight display units, P/N 822-1084-012/-108/-202/-206/-302/-304/-402/-404/-406 (S/N as specified in Rockwell SB 12, Rev.2, AFD-3010-31-12)."
157b8d12-c115-446e-a4dc-d12077751fe2,b70740bb-e394-490e-8fd4-271cf6dd2d90,M066,34,DGAC AD 2002-22-13,To prevent the FMC from retaining incorrect information.,MIS,20-Dec-2002,DGCA/New-Misc/66,,,0:00,,"Rockwell Collins flight management computers (FMC) specified in paragraph (a)(1), (a)(2) of this AD."
157b8d12-c115-446e-a4dc-d12077751fe2,b70740bb-e394-490e-8fd4-271cf6dd2d90,M067,100,FAA AD 2002-22-12,To prevent failure of hose when exposed to fire.,MIS,13-Dec-2002,DGCA/New-Misc/67,,,0:00,,"Titeflex Corporation high-pressure and medium-pressure hoses that were fabricated at the Titeflex Springfield, MA, facility from January 1996 through June 2000."
157b8d12-c115-446e-a4dc-d12077751fe2,b70740bb-e394-490e-8fd4-271cf6dd2d90,M068,25,FAA AD 2003-03-11,To prevent failure of the emergency evacuation slide raft.,MIS,11-Mar-2004,DGCA/New-Misc/68,,,0:00,,"Air Cruisers Company Emergency Evacuation Slide/Raft System, P/N 62774 installed on, but not limited to Boeing 777-20, Affected Slide/Raft SNs refer Table 1 of AD."
157b8d12-c115-446e-a4dc-d12077751fe2,b70740bb-e394-490e-8fd4-271cf6dd2d90,M069,25,DGAC AD 2001-351(B),Equipment; babies bassinets,MIS,18-Aug-2001,DGCA/New-Misc/69,,,0:00,,"Innovit baby bassinets model basic PNR: 7250-XXA, 7250-XXB, 7253-XXB, all s/n, installed, but not limited to Airbus, Boeing, Douglas and Fokker aircrafts."
157b8d12-c115-446e-a4dc-d12077751fe2,b70740bb-e394-490e-8fd4-271cf6dd2d90,M070,100,FAA AD 2002-20-05,To prevent mounting bracket failure and seperation of the rescue hoist from the helicopter.,MIS,07-Nov-2002,DGCA/New-Misc/70,,,0:00,,"Breeze Eastern Aerospace rescue No Frequency No rescue hoist installed hoists series BL-16600, excluding BL-16600-160. These hoists are installed on, but not limited to Augusta A109, Bell 206, Bel"
157b8d12-c115-446e-a4dc-d12077751fe2,b70740bb-e394-490e-8fd4-271cf6dd2d90,M071,34,FAA AD 2010-07-02,To ensure that the flight crew has an accurate glideslope deviation indication,MIS,05-May-2010,DGCA/New-Misc/71 Rev.2,,,0:00,,"To aircraft, certificated in any category, equipped with Honeywell Primus II RNZ-850( )/-851( ) integrated navigation unit (INU) having a P/N in Table 1 of this AD."
157b8d12-c115-446e-a4dc-d12077751fe2,b70740bb-e394-490e-8fd4-271cf6dd2d90,M071,34,FAA AD 2010-07-02,To ensure that the flight crew has an accurate glide slope deviation indication.,MIS,11-Mar-2003,DGCA/New-Misc/71(R2),,,0:00,,"To aircraft, certificated in any category, equipped with Honeywell Primus II RNZ-850( )/ -851( ) integrated navigation unit (INU) having a P/N in Table 1 of this AD"
157b8d12-c115-446e-a4dc-d12077751fe2,b70740bb-e394-490e-8fd4-271cf6dd2d90,M072,26,DGCA Letter no.9-414/2003,Kidde Aerospace hand held halon fire extinguishers.,MIS,22-May-2003,DGCA/New-Misc/72,,,0:00,,"On any aircraft, a Kidde Aerospace P/N 898052 hand held halon fire extiguisher installed."
157b8d12-c115-446e-a4dc-d12077751fe2,b70740bb-e394-490e-8fd4-271cf6dd2d90,M072,26,DGCA let: 9-414/2003Al(2),Kidde aerospace hand held HALON fire extinguishers,MIS,22-May-2003,DGCA/New-Misc/72,,,0:00,,"On any aircraft, a Kidde Aerospace P/N 898052 hand held halon fire extiguisher installed."
157b8d12-c115-446e-a4dc-d12077751fe2,b70740bb-e394-490e-8fd4-271cf6dd2d90,M073,61,FAA AD 2003-13-17,To detect unsafe conditions that result in seperation of a propeller blade.,MIS,18-Jul-2003,DGCA/New-Misc/73,,,0:00,,"Hartzell Propeller,Inc., McCauley Propeller Systems, Sensenich Propeller Manufacturing Company, Inc.,& Raytheon Aircraft Company that have a propeller hub SN listed in Table 1 of this AD."
157b8d12-c115-446e-a4dc-d12077751fe2,b70740bb-e394-490e-8fd4-271cf6dd2d90,M074,52,LBA AD 2002-303,Air cargo pallets and air cargo nets,MIS,03-Oct-2002,DGCA/New-Misc/74,,,0:00,,"Ribeco Air Cargo Nets with type certification/with JTSO approval(Refer AD), S/N affected-released after 26 March 2002 or produced by the Chinese manufacturer Deyang Ribeco Air Cargo Equipment Co. Ltd."
157b8d12-c115-446e-a4dc-d12077751fe2,b70740bb-e394-490e-8fd4-271cf6dd2d90,M074,52,LBA AD 2003-303,Air Cargo pallets and air cargo nets.,MIS,03-Oct-2002,DGCA/New-Misc/74,,,0:00,,"Ribeco Air Cargo Nets with type certification/with JTSO approval(Refer AD), S/N affected-released after 26 March 2002 or produced by the Chinese manufacturer Deyang Ribeco Air Cargo Equipment Co. Lt"
157b8d12-c115-446e-a4dc-d12077751fe2,b70740bb-e394-490e-8fd4-271cf6dd2d90,M075,49,FAA AD 2003-15-07,To prevent APU compartment fires and fuel vapour explosion.,MIS,03-Sep-2003,DGCA/New-Misc/75,,,0:00,,Honeywell International Inc. One Time APU not installed (formerly Allied Signal) model RE220 (RJ) auxiliary power units (APUs) P/N WE3800770-2.
157b8d12-c115-446e-a4dc-d12077751fe2,b70740bb-e394-490e-8fd4-271cf6dd2d90,M076,1,FAA AD 2003-26-06,To detect and correct defective safety belts and restraint systems,MIS,17-Feb-2004,DGCA/New-Misc/76,,,0:00,,"Anjou Aeronautique safety belts and restraint systems specified in para(c)(1),installed on, but not limited to (c)(2) of AD,certificated in any category."
157b8d12-c115-446e-a4dc-d12077751fe2,b70740bb-e394-490e-8fd4-271cf6dd2d90,M076,1,FAA AD 2003-26-06,To detect and correct defective safety belts and restraint systems.,MIS*,02-Mar-2002,DGCA/New-Misc/76,,,0:00,,"Anjou Aeronautique safety belts and restraint systems specified in para(c)(1),installed on, but not limited to (c)(2) of AD, certificated in any category."
157b8d12-c115-446e-a4dc-d12077751fe2,b70740bb-e394-490e-8fd4-271cf6dd2d90,M077,34,DGAC AD F 2004-053,TA/RA VSI TCAS Indicator Thales Aionics,MIS,14-Apr-2004,DGCA/New-Misc/77,,,0:00,,All TA/RA VSI-TCAS indicator PN 457400-( ) fitted onboard aircraft equipped with TCAS II Change 7 computer (ACAS II). (For exception refer AD)
157b8d12-c115-446e-a4dc-d12077751fe2,b70740bb-e394-490e-8fd4-271cf6dd2d90,M078,31,FAA AD 2004-08-15,"To prevent the landing of the baroset potentiometer, which could result in an acceptable altitude.",MIS,07-Jun-2004,DGCA/New-Misc/78,,,0:00,,"All airplane models and S/N, certificated in any category, that incorporate a Goodrich TAWS8000 terrain awareness warning system (TAWS),P/N 805-18000-001, with ""Mod None"", ""Mod A"", or ""Mod B"" hardwar"
157b8d12-c115-446e-a4dc-d12077751fe2,b70740bb-e394-490e-8fd4-271cf6dd2d90,M079,23,FAA AD 2005-01-19,To prevent interrogating aircraft from possibly receiving inaccurate replies,MIS,23-Feb-2005,DGCA/New-Misc/79(R1),,,0:00,,"GARMIN International Inc. GTX 33, GTX 33D, GTX 330,GTX 330D Mode S transponders that include software versions 3.00, 3.01, 3.02, 3.04,or 3.05 that are installed on,certificated in any category(Ref:AD)"
157b8d12-c115-446e-a4dc-d12077751fe2,b70740bb-e394-490e-8fd4-271cf6dd2d90,M079,23,FAA AD 200501-019,To prevent interrogating aircraft from possibly receiving inaccurate replies,MIS,23-Feb-2005,DGCA/New-Misc/79(R1),,,0:00,,"GARMIN International Inc. GTX33, GTX 33D, GTX 330,GTX 330D Mode S transponders that include software versions 3.00, 3.01, 3.02, 3.04,or 3.05 that are installed on,certificated in any category(Ref:AD)"
157b8d12-c115-446e-a4dc-d12077751fe2,b70740bb-e394-490e-8fd4-271cf6dd2d90,M080,34,FAA AD 2004-13-20,"To prevent the GPS NAVIGATION unit under certain condition, from providing erroneous cross deviation information",MIS,03-Aug-2004,DGCA/New-Misc/80,,,0:00,,"Aircraft equipped with Garmin AT, Apollo GX50/55/ 60/65 TSO-C129a GPS navigation units with software versions 3.0 through 3.4 inclusive; as listed in SB 561-4002-001, certificated in any category."
157b8d12-c115-446e-a4dc-d12077751fe2,b70740bb-e394-490e-8fd4-271cf6dd2d90,M081,25,DGAC AD F-2004-083,Operational order on instruction for continued airworthiness for large airplanes cerfied under JAR 25,MIS,09-Jun-2004,DGCA/New-Misc/81,,,0:00,,"Any large aircraft (> 5,7t)"
157b8d12-c115-446e-a4dc-d12077751fe2,b70740bb-e394-490e-8fd4-271cf6dd2d90,M082,25,DGAC AD F-2004-132,Equipment/ Furnishings -LERMER GMBH water boilers,MIS,14-Aug-2004,DGCA/New-Misc/82,,,0:00,,"LERMER GmbH water boilers with:- P/N: L13471, L13471-05, L13471-11 or L13471-19 or Type Number: 1010099-6, 1010099-10, 1010099-6.1 or 1010099-6.2."
157b8d12-c115-446e-a4dc-d12077751fe2,b70740bb-e394-490e-8fd4-271cf6dd2d90,M082,25,DGAC AD F 2004-132,Equipment/ Furnishings -LERMER GMBH water boilers,MIS,14-Aug-2004,DGCA/New-Misc/82,,,0:00,,"LERMER GmbH water boilers with:- P/N: L13471, L13471-05, L13471-11 or L13471-19 or Type Number: 1010099-6, 1010099-10, 1010099-6.1 or 1010099-6.2."
157b8d12-c115-446e-a4dc-d12077751fe2,b70740bb-e394-490e-8fd4-271cf6dd2d90,M083,52,FAA AD 2004-22-01,"To prevent shifting or unrestrained cargo in the cargo compartment,which could cause an unexpectedchange in the airplanes center of gravity.",MIS,01-Dec-2004,DGCA/New-Misc/83,,,0:00,,Various Transport Category Airplanes on Which Cargo Restraint Strap Assemblies P/N 1519-MCIDS Have Been Installed per Supplemental Type Certificate (STC) ST01004NY.
157b8d12-c115-446e-a4dc-d12077751fe2,b70740bb-e394-490e-8fd4-271cf6dd2d90,M084,80,FAA AD 2005-12-06,To prevent failure of magneto impulse coupling assy and possible engine failure.,MIS,19-Jul-2005,DGCA/New-Misc/84,,,0:00,,"Teledyne Continental Motors (TCM) (formerly Bendix) magnetos that have a magneto P/N listed in Table 1 of TCM Mandatory Service Bulletin (MSB) No. MSB645, dated April 4, 1994, installed on Lycoming AE"
157b8d12-c115-446e-a4dc-d12077751fe2,b70740bb-e394-490e-8fd4-271cf6dd2d90,M084,80,FAA AD 2005-12-06,To prevent failure of magneto impulse coupling assy and possible engine failure.,MIS*,19-Jul-2005,DGCA/New-Misc/84,,,0:00,,"Teledyne Continental Motors (TCM) (formerly Bendix) magnetos that have a magneto P/N listed in Table 1 of TCM Mandatory Service Bulletin (MSB) No. MSB645, dated April 4, 1994, installed on Lycoming A"
157b8d12-c115-446e-a4dc-d12077751fe2,b70740bb-e394-490e-8fd4-271cf6dd2d90,M085,37,FAA AD 2005-11-05,To correct problems with standby vaccum systems(SVS) before failure or malfunction during instrument flight rules(IFR).,MIS,18-Jul-2005,DGCA/New-Misc/85,,,0:00,,"Models SVS I and SVS IA standby vacuum systems (SVS), installed on, certificated in any category.(For but not limited to Refer AD)"
157b8d12-c115-446e-a4dc-d12077751fe2,b70740bb-e394-490e-8fd4-271cf6dd2d90,M086,26,FAA AD 2005-135,Equipment / Furnishingsinspection and replacement of the reading lights electrical power supplies of some sicma aero seats,MIS,13-Aug-2005,DGCA/New-Misc/86,,,0:00,,"Passenger seats, of which P/N are identified in the table of this AD, produced by SICMA AERO SEAT."
157b8d12-c115-446e-a4dc-d12077751fe2,b70740bb-e394-490e-8fd4-271cf6dd2d90,M086,25,DGAC AD F 2005-135,Equipment /Furnishings inspection and replacement of the reading lights electrical power supplies of some SICMA aero seats,MIS,13-Aug-2005,DGCA/New-Misc/86,,,0:00,,"Passenger seats, of which P/N are identified in the table of this AD, produced by SICMA AERO SEAT."
157b8d12-c115-446e-a4dc-d12077751fe2,b70740bb-e394-490e-8fd4-271cf6dd2d90,M087,34,FAA AD 2005-25-08,To prevent certain air data computers(ADC) from displaying incorrect altitude information (SHADIN ADC 2000),MIS,23-Jan-2006,DGCA/New-Misc/87,,,0:00,,"Shadin ADC-2000 ADC P/N 962830A-1-S-8,962830A-2-S-8,962830A-3-S-8, configurations B, C, and D, that are installed"
157b8d12-c115-446e-a4dc-d12077751fe2,b70740bb-e394-490e-8fd4-271cf6dd2d90,M088,37,FAA AD 2006-03-08,To prevent vaccum pump failure or malfunction during instrument flight rules (IFR)Flight.,MIS,10-Mar-2006,DGCA/New-Misc/88,,,0:00,,Aero Advantage ADV200 series P/Ns ADV211CC and ADV212CW) vacuum pumps installed(but not limited to refer AD)
157b8d12-c115-446e-a4dc-d12077751fe2,b70740bb-e394-490e-8fd4-271cf6dd2d90,M089,100,FAA AD 2006-04-04,To identify and provide correct action for potentially inoperative smoke detector.,MIS,24-Mar-2006,DGCA/New-Misc/89,,,0:00,,Meggitt Model 602 smoke detectors approved under TSO-C1C and having any P/N 8930-( ):Refer table-1 of this AD.
157b8d12-c115-446e-a4dc-d12077751fe2,b70740bb-e394-490e-8fd4-271cf6dd2d90,M090,32,FAA AD 2006-12-08,To prevent loss of pressure in the skid slides/rafts after an emergency evacuation,MIS,17-Jul-2007,DGCA/New-Misc/90,,,0:00,,Model A330-201/-202/-203/-223/-243/-301/-321/-322/- 323/-341/-342/-343 airplanes;Model A340-211/-212/-213/ - 311/-312/-313 airplanes;A340-541/-642 airplanes.
157b8d12-c115-446e-a4dc-d12077751fe2,b70740bb-e394-490e-8fd4-271cf6dd2d90,M090,32,FAA AD 2007-23-01(Superseded FAA AD 2006-12-08),To prevent loss of pressure in the skid slides/rafts after an emergency evacuation,MIS,17-Jul-2006,DGCA/New-Misc/90,,,0:00,,Model A330-201/-202/-203/-223/-243/-301/-321/-322/- 323/-341/-342/-343 airplanes;Model A340-211/-212/-213/ - 311/-312/-313 airplanes;A340-541/-642 airplanes.
157b8d12-c115-446e-a4dc-d12077751fe2,b70740bb-e394-490e-8fd4-271cf6dd2d90,M091,100,FAA AD 2006-16-18,"To prevent a bearing error,which could lead to an aeroplane departing from its scheduled flight path",MIS,25-Sep-2006,DGCA/New-Misc/91,,,0:00,,"Sandel Avionics Incorporated Model ST3400 Terrain Awareness Warning System/Radio Magnetic Indicator (TAWS/ RMI) Units Approved Under Technical Standard Order(s) C113, C151a, or C151b;"
157b8d12-c115-446e-a4dc-d12077751fe2,b70740bb-e394-490e-8fd4-271cf6dd2d90,M092,23,FAA AD 2006-19-04,To prevent the transponder of the com unit from going into standby mode.,MIS,17-Oct-2006,DGCA/New-Misc/92,,,0:00,,"1.COM unit RCZ-833J (P/N)7510700-763,-863;RCZ-833K P/N 7510700-765,-875;RCZ-851J P/N 7510700-813;RCZ-851K P/N 7510700-815;RCZ-854J P/Ns 7510700-725 and 2.Mode S transponder XS-856A P/Ns 7517400-865."
157b8d12-c115-446e-a4dc-d12077751fe2,b70740bb-e394-490e-8fd4-271cf6dd2d90,M093,25,EASA AD 2006-0264,Equipment & Furnishing--Passenger Seats Rear Fitting Assembly Attachment--Replacement,MIS,13-Sep-2006,DGCA/New-Misc/93,,,0:00,,"Rear Fitting Assembly having P/N 311889900017,3121994E0017, 3118899C0017, 3121994A0017, 312199400017 or 3118899A0017"
157b8d12-c115-446e-a4dc-d12077751fe2,b70740bb-e394-490e-8fd4-271cf6dd2d90,M094,100,FAA AD 2006-18-08,To prevent thread seperation from a nosewheel tire during takeoff or landing.,MIS,11-Oct-2006,DGCA/New-Misc/94,,,0:00,,"Goodyear aviation tires, P/N One Time 217K22-1,(SB-2005- 32-004)."
157b8d12-c115-446e-a4dc-d12077751fe2,b70740bb-e394-490e-8fd4-271cf6dd2d90,M095,32,EASA AD 2006-0328,Landing Gear--Main Landing Gear Wheel Assembly--Inspection / Repair,MIS,02-Nov-2006,DGCA/New-Misc/95,,,0:00,,"Messier-Goodrich S.A. or Goodrich-Messier Inc. Main Landing Gear (MLG) Wheel Assemblies having P/N C20500000 and P/N C20452000 installed,but not limited to refer AD."
157b8d12-c115-446e-a4dc-d12077751fe2,b70740bb-e394-490e-8fd4-271cf6dd2d90,M095,32,EASA AD 2006-0328,Landing gear -Main landing gear wheel assembly-Inspection /replcement.,MIS,11-Feb-2006,DGCA/New-Misc/95,,,0:00,,"Messier-Goodrich S.A. or Goodrich-Messier Inc. Main Landing Gear (MLG) Wheel Assemblies having P/N C20500000 and P/N C20452000 installed,but not limited to refer AD."
157b8d12-c115-446e-a4dc-d12077751fe2,b70740bb-e394-490e-8fd4-271cf6dd2d90,M096,25,EASA AD 2008-0135,Equipment & Furnishings--Passenger Seat Backrest--Inspection / Replacement,MIS,22-Nov-2006,DGCA/New-Misc/96,,,0:00,,"Passenger Seats 12M( )( )-( )( )( )( )( )( ),all P/N as listed in Aviointeriors SB 12M/F68-01 Rev.1 dated 2 October 2006."
157b8d12-c115-446e-a4dc-d12077751fe2,b70740bb-e394-490e-8fd4-271cf6dd2d90,M096,25,EASA AD 2006-0350,Equipment & Furnishings -passenger seat backrest -inspection/ replacement.,MIS,12-Jun-2006,DGCA/New-Misc/96,,,0:00,,"Passenger Seats 12M( )( )-( )( )( )() ( )( ), all P/N as listed in Aviointeriors SB 12M/F68-01 Rev.1 dated 2 Oct, 2006."
157b8d12-c115-446e-a4dc-d12077751fe2,b70740bb-e394-490e-8fd4-271cf6dd2d90,M097,25,FAA AD 2007-04-15,To prevent detachment of passenger Seats assemblies during emergency conditions,MIS,23-Mar-2007,DGCA/New-Misc/97,,,0:00,,"Sicma Aero Seat, passenger seat assemblies,P/N 42XX series, 50XX series, 63XX series, 65XX series, 71XX series, 78XX series, 83XX series, 85XX series, 90XX series, 91XX series,92XX series,with aft tra"
157b8d12-c115-446e-a4dc-d12077751fe2,b70740bb-e394-490e-8fd4-271cf6dd2d90,M097,1,FAA AD 2007-04-15,To Prevent Detachment of Passenger Seats Assemblies During Emergency.,MIS,23-Mar-2007,DGCA/New-Misc/97,,,0:00,,"Sicma Aero Seat, passenger seat assemblies,P/N 42XX series, 50XX series, 63XX series, 65XX series, 71XX series, 78XX series, 83XX series, 85XX series, 90XX series, 91XX series,92XX series."
157b8d12-c115-446e-a4dc-d12077751fe2,b70740bb-e394-490e-8fd4-271cf6dd2d90,M098,100,FAA AD 2007-04-19R1,To Prevent Cylinder Seperation,MIS,04-Jul-2007,DGCA/New-Misc/98 R1,,,0:00,,"Cylinder Assemblies P/N SA47000L-A1/A20P,SA47000S-A1/A20P/ A21P, SA52000-A1/A20P/A21P/A22P/A23P, SA55000-A1/A20P, installed in TCM, LE and AL reciprocating engines."
157b8d12-c115-446e-a4dc-d12077751fe2,b70740bb-e394-490e-8fd4-271cf6dd2d90,M098,100,FAA AD 2007-04-19(R1),To prevent cylinder seperation.,MIS,04-Jul-2007,DGCA/New-Misc/98(R1),,,0:00,,"Cylinder Assemblies P/N SA47000L-A1/A20P,SA47000S-A 1/A20P/A21P, SA52000-A1/A20P/A21P/A22P/A23P, SA55000-A1/A20P, installed in TCM, LE and AL reciprocating engines."
157b8d12-c115-446e-a4dc-d12077751fe2,b70740bb-e394-490e-8fd4-271cf6dd2d90,M099,100,EASA AD 2006-0286R1,Oxygen-Oxygen reserve cylinders -removal/emptying.,MIS,15-Sep-2006,DGCA/New-Misc/99,,,0:00,,"Oxygen Reserve Cylinders having P/N GLF(XXX)-(X),GLD(XXX)-(X), PC2300 and SLF300.(Further info Ref:EASA AD No.: 2006-0286R1)"
157b8d12-c115-446e-a4dc-d12077751fe2,b70740bb-e394-490e-8fd4-271cf6dd2d90,M099,35,EASA AD 2006-0286 R1,Oxygen-Oxygen Reserve Cylinders--Removal / Emptying.,MIS,25-Sep-2006,DGCA/New-Misc/99,,,0:00,,"Oxygen Reserve Cylinders having P/N GLF(XXX)-(X),GLD(XXX)-(X), PC2300 and SLF300.(Further info Ref:EASA AD No.: 2006-0286R1)."
157b8d12-c115-446e-a4dc-d12077751fe2,b70740bb-e394-490e-8fd4-271cf6dd2d90,AD044,52,ASB 05.00.45/ASB 52.00.23 R1,Doors - Sliding Door Rear roller support shaft and Rear Fitting Inspection/Replacement,AD*,14-Sep-2007,EASA 2007-0236,,,0:00,,"Model AS 355 E, F, F1, F2, N all serial numbers if fitted with sliding door(s) pre-Mod 073298 and/or pre-Mod 73308."
157b8d12-c115-446e-a4dc-d12077751fe2,b70740bb-e394-490e-8fd4-271cf6dd2d90,AD017,67,F-2005-043,Rotor flight controls - Yaw control,AD,26-Mar-2005,EASA AD - 2005-2236,,,0:00,,"AS 355 helicopter versions E, F, F1, F2 and N - Refer AD"
157b8d12-c115-446e-a4dc-d12077751fe2,b70740bb-e394-490e-8fd4-271cf6dd2d90,2014-0132,62,AS355 62.00.33,Main Rotor - Rotating Star Swashplate - Inspection / Replacement,AD*,31-May-2014,EASA AD 2014-0132R1,,,0:00,,"AS 350 B, BA, BB, B1, B2, B3 and D helicopters, and AS 355 E, F, F1, F2, N and NP helicopters, and EC130 B4 and T2 helicopters, all serial numbers, if equipped with a swashplate assembly comprising a rotating star with Part Number (P/N) 350A371003-04, P/N 350A371003-05, P/N 350A371003-06, P/N 350A371003-07, or P/N 350A371003-08."
157b8d12-c115-446e-a4dc-d12077751fe2,b70740bb-e394-490e-8fd4-271cf6dd2d90,AD,52,,Doors - Sliding Door - Wear on Rollers and Rails,AD*,28-Jul-2006,EASA AD 06-164,,,0:00,,"AS 355 E, F, F1, F2 and N,equipped with sliding door(s) not modified per MOD 073287 and/or MOD 073290"
157b8d12-c115-446e-a4dc-d12077751fe2,b70740bb-e394-490e-8fd4-271cf6dd2d90,,67,DGAC AD F-2003-322R1,Rotor Flight Controlss - Double locking of the stop screws,AD,21-May-2012,EASA AD 2004-5339,,,0:00,,"AS 355 E,F,F1,F2 and N, before embodiment of MOD 073206 or MOD 073102. Components affected:Roll pitch and collective flight control stops"
157b8d12-c115-446e-a4dc-d12077751fe2,b70740bb-e394-490e-8fd4-271cf6dd2d90,AD009,67,ASB No.67.00.25 R1,Rotor Flight Controls - Double Locking of the Stop Screws,AD,05-Jun-2004,EASA AD 2004-5339,,,0:00,,"AS 355 E, F, F1, F2 and N, before embodiment of MOD 073206 or MOD 073102.Components affected: Roll, pitch and collective flight control stops."
157b8d12-c115-446e-a4dc-d12077751fe2,b70740bb-e394-490e-8fd4-271cf6dd2d90,AD010,29,DGAC F-2004-090,Hydraulic system - Hydraulic Cut Off Function,AD,03-Jul-2004,EASA AD 2004-6366,,,0:00,,"AS 355 E helicopters, pre-MOD 073263."
157b8d12-c115-446e-a4dc-d12077751fe2,b70740bb-e394-490e-8fd4-271cf6dd2d90,AD012,64,ASB 05.00.33 R1,Tail Rotor - Bearing spacer of the tail rotor head pitch change plate,AD,25-Sep-2004,EASA AD 2004-9370,,,0:00,,"AS 355 helicopters, versions E, F, F1, F2 and N."
157b8d12-c115-446e-a4dc-d12077751fe2,b70740bb-e394-490e-8fd4-271cf6dd2d90,AD019,65,EASA AD 2006-0100,Tail rotor drive shaft - forward shaft section,AD,25-May-2005,EASA AD 2005-4319,,,0:00,,"AS 355 E, F, F1, F2 and N helicopters equipped with tail rotor drive shaft forward shaft section, P/N355A 34-1090-00 with s/n from 858 up to 873 (inclusive)."
157b8d12-c115-446e-a4dc-d12077751fe2,b70740bb-e394-490e-8fd4-271cf6dd2d90,AD020,25,PAD No: 06 - 085,Equipment/Furnishings - Untimely firing of squibs on GOODRICH electric hoists.,AD#,05-Apr-2006,EASA AD 2005-4691,,,0:00,,"AS 355 E, F, F1, F2, and N,equipped with GOODRICH electric hoist 76370-XXX fitted with any types of motor except AUXILEC motors."
157b8d12-c115-446e-a4dc-d12077751fe2,b70740bb-e394-490e-8fd4-271cf6dd2d90,AD021,52,PAD NO. F-2005-033 R1,Doors - Pin of the sliding door rear fitting - CANCELLATION NOTICE,AD#,03-Aug-2005,EASA AD 2005-6127,,,0:00,,"CANCELLATION NOTICE : This Revision 1 cancels Airworthiness Directive (AD) F-2005-033, which is replaced by AD F-2005-136."
157b8d12-c115-446e-a4dc-d12077751fe2,b70740bb-e394-490e-8fd4-271cf6dd2d90,AD024,25,ASB 25.00.68/ AD No F-2002-028-066 R1,Equipment/ Furnishings - BREEZE 450-lb electric hoist,AD,14-Sep-2005,EASA AD 2005-6225,,,0:00,,"Eurocopter AS 355 Helicopters versions F, F1, F2 and N equipped with Breeze 450-lb electric hoist P/N BL 29700-23."
157b8d12-c115-446e-a4dc-d12077751fe2,b70740bb-e394-490e-8fd4-271cf6dd2d90,AD034,25,ASB 25.00.79,Equipment and Furnishings - Hoist Operator's Belt Snap Hook,AD#,01-Sep-2006,EASA AD 2006 - 0252,,,0:00,,SUPERSEDED BY EASA AD 2010-0014
157b8d12-c115-446e-a4dc-d12077751fe2,b70740bb-e394-490e-8fd4-271cf6dd2d90,AD026,67,,Rotors Flight Control - Yaw Control,AD,12-Apr-2006,EASA AD 2006-0081,,,0:00,,"AS 355 E, F, F1, F2 and N helicopters,equipped with stainless steelcaged ball-type controls pre MOD 07 2771,"
157b8d12-c115-446e-a4dc-d12077751fe2,b70740bb-e394-490e-8fd4-271cf6dd2d90,AD028,55,,SUPERSEDED BY EASA AD 2008-0120,AD#,12-May-2006,EASA AD 2006-0096,,,0:00,,SUPERSEDED BY EASA AD 2008-0120
157b8d12-c115-446e-a4dc-d12077751fe2,b70740bb-e394-490e-8fd4-271cf6dd2d90,AD031,55,,Superseded by EASA AD 2008-0120,AD#,18-Aug-2006,EASA AD 2006-0097 R1,,,0:00,,Superseded by EASA AD 2008-0120
157b8d12-c115-446e-a4dc-d12077751fe2,b70740bb-e394-490e-8fd4-271cf6dd2d90,AD035,25,,Equipment / Furnishings - Hoist Hooks,AD,05-May-2006,EASA AD 2006-0098,,,0:00,,"AS 355 E,F,F1,F2,N - equipped with GOODRICH (LUCAS-AIR EQUIPEMENT) hoists, P/N 76370-xxx, fitted with hooks, P/N 709866."
157b8d12-c115-446e-a4dc-d12077751fe2,b70740bb-e394-490e-8fd4-271cf6dd2d90,AD027,65,,Tail Rotor Drive - Tail Rotor Drive Shaft Forward Shaft Section,AD,05-May-2006,EASA AD 2006-0100,,,0:00,,"AS 355 E, F, F1, F2 and N helicopters equipped with a tail rotor drive shaft forward section PN 355A 34-1090-00 with s/n from No.M 858 (inclusive) up to No. M 873 (inclusive)."
157b8d12-c115-446e-a4dc-d12077751fe2,b70740bb-e394-490e-8fd4-271cf6dd2d90,AD029,25,Pad No.06-085,Equipment/Furnishings - Untimely Firing of Squibs on GOODRICH Electric Hoists,AD,03-May-2006,EASA AD 2006-0164,,,0:00,,"AS 355 E, F, F1, F2 and N,Equipped with GOODRICH electric hoists, PN 76370-XXX, (all types of motors), and not modified per MOD 073318."
157b8d12-c115-446e-a4dc-d12077751fe2,b70740bb-e394-490e-8fd4-271cf6dd2d90,AD030,64,,SUPERSEDED BY EASA AD 2007-0138-E,AD#,10-Aug-2006,EASA AD 2006-0235-E,,,0:00,,SUPERSEDED BY EASA AD 2007-0138-E
157b8d12-c115-446e-a4dc-d12077751fe2,b70740bb-e394-490e-8fd4-271cf6dd2d90,AD032,52,----,Doors - Sliding Door - Wear on Rollers and Rails,AD*,28-Jul-2006,EASA AD 2006-0249,,,0:00,,"AS 355 E, F, F1, F2 and N, equipped with sliding door(s) not modified per MOD 073287 and/or MOD 073290."
157b8d12-c115-446e-a4dc-d12077751fe2,b70740bb-e394-490e-8fd4-271cf6dd2d90,AD033,63,,Main Rotor Drive - Main Gearbox (MGB) Free-Wheel,AD,28-Jul-2006,EASA AD 2006-0250,,,0:00,,"AS 355 E, F, F1, F2 and N,with a combiner gearbox before MOD 77212, has logged less than 10 flying hrs since new or overhaul or repair."
157b8d12-c115-446e-a4dc-d12077751fe2,b70740bb-e394-490e-8fd4-271cf6dd2d90,AD042,52,PAD NO. 06-166,Doors - Sliding Door Rear Roller Support Shaft and Rear Fitting,AD#,01-Sep-2006,EASA AD 2006-0251R2,,,0:00,,Superseded by EASA AD 2007-0236
157b8d12-c115-446e-a4dc-d12077751fe2,b70740bb-e394-490e-8fd4-271cf6dd2d90,AD036,53,,Fuselage - RH Cabin Vibration Damper & Blade - Inspection / Replacement / Modification,AD,14-Sep-2006,EASA AD 2006-0273,,,0:00,,"All Model AS 355 E, F, F1, F2 and N helicopters, all s/n,if equipped with RH cabin vibrator damper blades, all p/n, with an automatic flight control system, all design standards."
157b8d12-c115-446e-a4dc-d12077751fe2,b70740bb-e394-490e-8fd4-271cf6dd2d90,AD037,24,,Electrical Power - Starting - Starter Generator Limitations,AD,17-Nov-2006,EASA AD 2006-0338,,,0:00,,"AS 355 N helicopters fitted with starter generators, all p/n,before embodiment of MOD 073344."
157b8d12-c115-446e-a4dc-d12077751fe2,b70740bb-e394-490e-8fd4-271cf6dd2d90,AD038,63,,Superseded by EASA EMERGENCY AD 2007-0209-E,AD#,27-Dec-2007,EASA AD 2006-0378-E,,,0:00,,Superseded by EASA EMERGENCY AD 2007-0209-E
157b8d12-c115-446e-a4dc-d12077751fe2,b70740bb-e394-490e-8fd4-271cf6dd2d90,AD039,67,ASB No. 67.00.28,Rotors Flight Control - Main & Tail Rotors Servo - Controls -Inspection / Modification,AD,25-Apr-2007,EASA AD 2007-0099,,,0:00,,"Eurocopter AS 355 F, F1, F2 and N helicopters."
157b8d12-c115-446e-a4dc-d12077751fe2,b70740bb-e394-490e-8fd4-271cf6dd2d90,AD-07-0131,67,ASB No. 67.00.29 rev.1,Rotor Flight Controls - Load Compensator Levers - Inspection / Replacement.,AD,15-May-2007,EASA AD 2007-0131-E,,,0:00,,"AS 355 N and AS 355 F2 helicopters, all serial numbers."
157b8d12-c115-446e-a4dc-d12077751fe2,b70740bb-e394-490e-8fd4-271cf6dd2d90,AD048,64,EASA AD 2009-0039,SUPERSEDED BY EASA AD 2009-0039,AD#,12-Jan-2009,EASA AD 2007-0138 R2,,,0:00,,SUPERSEDED BY EASA AD 2009-0039
157b8d12-c115-446e-a4dc-d12077751fe2,b70740bb-e394-490e-8fd4-271cf6dd2d90,AD040,53,,Fuselage - Center cross-member under the cabin floor -Inspection / Modification,AD,18-May-2007,EASA AD 2007-0139-E,,,0:00,,"EUROCOPTER AS355 E, F, F1, F2 and N helicopters, all s/n delivered before January 1st, 2007 and equipped with a collective-to-yaw control coupling with or without an Automatic Flight Control System."
157b8d12-c115-446e-a4dc-d12077751fe2,b70740bb-e394-490e-8fd4-271cf6dd2d90,AD041,67,ASB No. 01.00.53 Rev.1.,Rotor Flight Controls - Main & Tail Rotors Servo-Controls - Inspection / Replacement.,AD,23-May-2007,EASA AD 2007-0141-E,,,0:00,,"AS 355 E, F, F1, F2 and N,all s/n, and equipped with GOODRICH main rotor servo-controls and tail rotor servo-controls with no letter ""C"" marked in inspection box.For P/n & S/N refer AD."
157b8d12-c115-446e-a4dc-d12077751fe2,b70740bb-e394-490e-8fd4-271cf6dd2d90,AD043,67,ASB No. 05.00.51,Rotor Drive - Main Gearbox Lubrication Pump - Inspection / Replacement,AD*,11-Sep-2015,EASA AD 2007-0209R1,,,0:00,,"AS 355 E, AS 355 F, AS 355 F1, AS 355 F2 and AS 355 N helicopters, all serial numbers, equipped with lubrication pumps Part Number (P/N) 355A32-0700-01, P/N 355A32-0700-02 or P/N 355A32-0701-00, installed on the main gearbox (MGB), except those modified in accordance with Airbus Helicopters modification (mod) 077222."
157b8d12-c115-446e-a4dc-d12077751fe2,b70740bb-e394-490e-8fd4-271cf6dd2d90,AD045,67,,Rotor Flight Controls - Collective Lever Recess - Modification.,AD,03-Dec-2007,EASA AD 2007-0289,,,0:00,,"EUROCOPTER helicopters models AS 350 B, AS 350 B1, AS 350 D,AS 355 E, AS 355 F, AS 355 F1 and AS 355 F2, all pre MOD 071995."
157b8d12-c115-446e-a4dc-d12077751fe2,b70740bb-e394-490e-8fd4-271cf6dd2d90,AD046,25,,Rear Bench Seat and Sliding Doors -Limitation/ Removal / Modification.,AD,12-Mar-2008,EASA AD 2008-0044,,,0:00,,"Eurocopter AS 355 helicopters models E, F, F1, F2, N, equipped with rear bench seat, unless modified iaw Modification (MOD) 073166."
157b8d12-c115-446e-a4dc-d12077751fe2,b70740bb-e394-490e-8fd4-271cf6dd2d90,AD047,55,,SUPERSEDED BY EASA AD 2009-0029,AD#,27-Jul-2008,EASA AD 2008-0120,,,0:00,,SUPERSEDED BY EASA AD 2009-0029
157b8d12-c115-446e-a4dc-d12077751fe2,b70740bb-e394-490e-8fd4-271cf6dd2d90,AD039,55,ASB No. 55.00.12,Stabilizers-Upper and Lower Fin Attachment Fitting - Modification,AD,11-Jul-2008,EASA AD 2008-0120,,,0:00,,"AS 355 E, F, F1, F2 and N helicopters, all s/n, fitted with the upper and lower fins to which MOD 073330 has not been embodied, for P/N refer AD."
157b8d12-c115-446e-a4dc-d12077751fe2,b70740bb-e394-490e-8fd4-271cf6dd2d90,AD049,55,SB 55.00.11 R2/55.00.12 R1,Stabilizers - Upper and Lower Fin Attachment Fitting - Inspection / Modification / Replacement,AD,26-Feb-2009,EASA AD 2009-0029,,,0:00,,"AS355 E,F,F1,F2,all S/N, fitted with upper & lower fins Mod 073330 has not been embidied: Upper fin P/N: 355A14-0522-00XX/ 01XX/02XX/03XX/13XX/ 14XX/15XX.Lower fin P/N 355A14-0521-00XX/01XX/02XX/03XX."
157b8d12-c115-446e-a4dc-d12077751fe2,b70740bb-e394-490e-8fd4-271cf6dd2d90,AD50,64,ASB 05.00.38 R3,Tail Rotor - Tail Rotor Blades Skin - Inspection / Repair,AD,19-Feb-2009,EASA AD 2009-0039,,,0:00,,"EUROCOPTER helicopter models: - AS 350 B, BA, BB, B1, B2, B3 and D - AS 355 E, F, F1, F2, N and NP all serial numbers, if equipped with tail rotor blades, Part Number (P/N) : - 355A12-0031-01/ -02/ -03/ -04/ -05/ -06/ -07/ -08/ -09/ -11/ -12/ -13/ -14.- 355A12-0040-00/ -01/ -02/ -03/ -04/ -05/ -07/ -08.- 355A12-0050-00/ -01/ -02/ -03/ -04/ -05."
157b8d12-c115-446e-a4dc-d12077751fe2,b70740bb-e394-490e-8fd4-271cf6dd2d90,AD050,55,ASB 05.00.38 R3,Tail Rotor - Tail Rotor Blades Skin - Inspection / Repair,AD,05-Mar-2009,EASA AD 2009-0039,,,0:00,,"EUROCOPTER helicopter models: AS 355 E, F, F1, F2, N and NP. all S/N, if equipped with tail rotor blades, P/N : 355A12-0031-01 to -14(except -10) 355A12-0040-00 to -08(except -06)355A12-0050-00 to -"
157b8d12-c115-446e-a4dc-d12077751fe2,b70740bb-e394-490e-8fd4-271cf6dd2d90,AD060,25,ASB 01.00.47,Equipment / Furnishings - Load Release Units - Inspection / Modification / Limitation,AD,10-Nov-2010,EASA AD 2009-0122 R1,,,0:00,,"Eurocopter helicopter models: AS 355 E, F, F1, F2 and N, all serial numbers, if equipped with any type of SIREN Load Release Units."
157b8d12-c115-446e-a4dc-d12077751fe2,b70740bb-e394-490e-8fd4-271cf6dd2d90,AD051,25,Goodrich 42315-489-01,Equipment / Furnishings - Lifesaving Systems' D-Lok Hook of the Rescue Hoist - Inspection / Replacement,AD#,26-Jun-2009,EASA AD 2009-0124,,,0:00,,SUPERSEDED BY EASA AD 2009-0148-E
157b8d12-c115-446e-a4dc-d12077751fe2,b70740bb-e394-490e-8fd4-271cf6dd2d90,AD052,25,Goodrich 42315-489-01,Equipment / Furnishings - D-Lok Hook of the Rescue Hoist - Inspection / Removal from Service / Replacement,AD#,11-Jul-2009,EASA AD 2009-0148-E,,,0:00,,SUPERSEDED BY EASA AD 2009-0179-E
157b8d12-c115-446e-a4dc-d12077751fe2,b70740bb-e394-490e-8fd4-271cf6dd2d90,AD053,25,Goodrich 42315-489-01,Equipment / Furnishings - D-Lok Hook of the Rescue Hoist - Inspection / Removal from Service / Replacement,AD#,11-Jul-2009,EASA AD 2009-0179-E,,,0:00,,SUPERSEDED BY EASA AD 2009-0179-E
157b8d12-c115-446e-a4dc-d12077751fe2,b70740bb-e394-490e-8fd4-271cf6dd2d90,AD057,25,FAA AD 2010-03-02,Equipment / Furnishings - D-Lok Hook of the Rescue Hoist -Inspection / Removal from Service / Replacement,AD#,11-Jul-2009,EASA AD 2009-0183-CN,,,0:00,,Cancelled on 11-Feb-2010.
157b8d12-c115-446e-a4dc-d12077751fe2,b70740bb-e394-490e-8fd4-271cf6dd2d90,AD056,26,L'Hotellier SB 863520-26-001,Fire Protection - Portable Halon 1211 Fire Extinguishers - Identification / Replacement,AD,06-Jan-2010,EASA AD 2009-0277 R1,,,0:00,,"Eurocopter helicopter models: AS 355 E, F, F1, F2, N, NP, if equipped with P/N 863520-00 portable fire extinguishers, s/n as listed in L'Hotellier SB 863520-26-001."
157b8d12-c115-446e-a4dc-d12077751fe2,b70740bb-e394-490e-8fd4-271cf6dd2d90,AD054,5,Eucocopter ASB 05.00.56,Time Limits / Maintenance Checks - Tail Rotor (TR) Pitch-Change Links - Inspection,AD*,21-Jan-2010,EASA AD 2010-0006,,,0:00,,"Eurocopter Models AS 355 F1 helicopters, all S/N, if equipped with TR pitch-change links having P/N 350A33-2121-00, 350A33-2121-01, 350A33-2121-02, 350A33-2143-00, 350A33-2145-00 or 350A33-2145-01."
157b8d12-c115-446e-a4dc-d12077751fe2,b70740bb-e394-490e-8fd4-271cf6dd2d90,EASA AD 2010-0006-CN,5,ASB 05.00.56,Time Limits / Maintenance Checks - Tail Rotor Pitch-Change Links - Inspection,AD,03-Sep-2021,EASA AD 2010-0006-CN,,,0:00,,"AS 355 E, F, F1, F2, N and NP helicopters, all s/n; if equipped with an affected part."
157b8d12-c115-446e-a4dc-d12077751fe2,b70740bb-e394-490e-8fd4-271cf6dd2d90,AD055,25,ASB 25.00.79,Equipment and Furnishings - Hoist Operator's Belt Snap Hook,AD,09-Feb-2010,EASA AD 2010-0014,,,0:00,,"Eurocopter AS 355 E, F, F1, F2 and N, before embodiment of MOD 073299."
157b8d12-c115-446e-a4dc-d12077751fe2,b70740bb-e394-490e-8fd4-271cf6dd2d90,AD058,53,SB 53.00.24,Fuselage - Engine and Main Gearbox Cowling Locking - Modification,AD,28-Feb-2012,EASA AD 2010-0023 R2,,,0:00,,"Eurocopter AS355E, F, F1 and F2 helicopters, all serial numbers."
157b8d12-c115-446e-a4dc-d12077751fe2,b70740bb-e394-490e-8fd4-271cf6dd2d90,AD059,65,ASB 05.00.57 R1,Tail Rotor Drive - Tail Gearbox (TGB) Control Lever - Inspection / Rework / Replacement,AD#,29-Apr-2010,EASA AD 2010-0082-E,,,0:00,,SUPERSEDED BY EASA EMERGENCY AD 2011-0038-E
157b8d12-c115-446e-a4dc-d12077751fe2,b70740bb-e394-490e-8fd4-271cf6dd2d90,AD061,5,"ASB 05.00.57, Rev.2",Tail Rotor Drive - Tail Gearbox (TGB) Control Lever - Inspection /Rework / Replacement,AD*,04-Mar-2011,EASA AD 2011-0038-E,,,0:00,,"Eurocopter AS 355 E, F, F1, F2 and N helicopters, all serial numbers, if equipped with TGB control lever Part Number (P/N) 350A33-1058-00, P/N 350A33-1058-01, P/N 350A33-1058-02, or P/N 350A33-1058-03."
157b8d12-c115-446e-a4dc-d12077751fe2,b70740bb-e394-490e-8fd4-271cf6dd2d90,AD062,25,ASB 05.00.58 Rev.1,Equipment & Furnishings - Emergency Flotation Gear Attachment Brackets - Inspection / Replacement,AD*,18-Apr-2011,EASA AD 2011-0072,,,0:00,,"Eurocopter AS 355 E, AS 355 F, AS 355 F1, AS 355 F2, AS 355 N and AS 355 NP helicopters, all serial numbers, if equipped with fixed parts of the emergency flotation gear."
157b8d12-c115-446e-a4dc-d12077751fe2,b70740bb-e394-490e-8fd4-271cf6dd2d90,AD063,65,ASB 65.00.22,Tail Rotor Drive - Tail Gearbox (TGB) Casing Assembly - Inspection / Replacement,AD,10-Jun-2011,EASA AD 2011-0104,,,0:00,,"Eurocopter AS 355 E, F, F1, F2, N and NP helicopters, all serial numbers."
157b8d12-c115-446e-a4dc-d12077751fe2,b70740bb-e394-490e-8fd4-271cf6dd2d90,2011-0164 R3,67,ASB 05.00.59,Rotors Flight Control - Tail Rotor Control Stop Screws - Inspection,AD*,07-Apr-2020,EASA AD 2011-0164R3,,,0:00,,"AS 355 E, AS 355 F, AS 355 F1, AS 355 F2, AS 355 N and AS 355 NP helicopters, all s/n, if equipped with an AP, and AS 355 N and AS 355 NP helicopters, all s/n, without an AP installed, but embodying modification 071908."
157b8d12-c115-446e-a4dc-d12077751fe2,b70740bb-e394-490e-8fd4-271cf6dd2d90,,33,ASB 05.00.60,Lights - Position Strobe Light - Inspection / Deactivation,AD*,23-Dec-2011,EASA AD 2011-0244-E,,,0:00,,"AS 355 E, AS 355 F, AS 355 F1, AS 355 F2, AS 355 N and AS 355 NP helicopters, all s/n, if modified in production with (optional) modification OP0811 and equipped with a Grimes-Honeywell power supply unit, Part Number (P/N) 60-1431-3"
157b8d12-c115-446e-a4dc-d12077751fe2,b70740bb-e394-490e-8fd4-271cf6dd2d90,AD070,52,ASB 52.00.26,Sliding Door Lower Ball-joint - Modification,AD,09-Jul-2012,EASA AD 2012-0205,,,0:00,,"AS 350 B, AS 350 BA, AS 350 BB, AS 350 B1, AS 350 B2, AS 350 B3 and AS 350 D helicopters, all serial numbers (s/n), and AS 355 E, AS 355 F, AS 355 F1, AS 355 F2, AS 355 N and AS 355 NP helicopters, all s/n, if equipped with sliding doors, except those that embody modification AL. 4262."
157b8d12-c115-446e-a4dc-d12077751fe2,b70740bb-e394-490e-8fd4-271cf6dd2d90,AD075,64,EASB 05.00.63 Rev 1,ATA 64-Tail Rotor - Laminated Half-Bearings - Inspection / Replacement,AD*,05-Dec-2012,EASA AD 2012-0257-E,,,0:00,,"Applies to AS 355 E, AS 355 F, AS 355 F1, AS 355 F2, AS 355 N and AS 355 NP helicopters."
157b8d12-c115-446e-a4dc-d12077751fe2,b70740bb-e394-490e-8fd4-271cf6dd2d90,AD076,4,EASA AD 2013-0130,ATA04-Time Limits / Maintenance Checks - Airworthiness Limitations - Revision,AD,22-Jul-2013,EASA AD 2013-0130,,,0:00,,"AS 355 E, AS 355 F, AS 355 F1, AS 355 F2, AS 355 N and AS 355 NP helicopters, all serial numbers."
157b8d12-c115-446e-a4dc-d12077751fe2,b70740bb-e394-490e-8fd4-271cf6dd2d90,AD077,5,ASB 05.00.65,ATA -64 Tail Rotor - Tail Rotor Hub Pitch Horn - Inspection / Replacement,AD*,27-May-2013,EASA AD 2013-0133,,,0:00,,"AS 350 B, AS 350 BA, AS 350 BB, AS 350 B1, AS 350 B2, AS 350 B3, AS 350 D, AS 355 E, AS 355 F, AS 355 F1, AS 355 F2, AS 355 N and AS 355 NP helicopters, all serial numbers"
157b8d12-c115-446e-a4dc-d12077751fe2,b70740bb-e394-490e-8fd4-271cf6dd2d90,AD079,28,ASB 28.00.20,Fuel - FUELTRON Flowmeter Installation - Removal,AD,23-Sep-2013,EASA AD 2013-0205,,,0:00,,"ECUREUIL AS355 E, AS355 F, AS355 F1, AS355 F2 helicopters, all serial numbers with modification 350A070791 embodied in production (installation of the FUELTRON flowmeter), except those with modification 355A085801 embodied in production."
157b8d12-c115-446e-a4dc-d12077751fe2,b70740bb-e394-490e-8fd4-271cf6dd2d90,AD080,33,ASB 05.00.60,ATA 33-Lights - Position Strobe Light - Inspection / Deactivation / Modification,AD*,13-Feb-2013,EASA AD 2013-0281 R1,,,0:00,,"Applicable to modification OP0811 and equipped with a Grimes-Honeywell power supply unit, Part Number (P/N) 60-1431-3, in the baggage compartment as part of that optional modification"
157b8d12-c115-446e-a4dc-d12077751fe2,b70740bb-e394-490e-8fd4-271cf6dd2d90,2015-0195,65,ASB 01.00.57 R2,Tail Rotor Drive - Drive Shaft Bearings - Inspection / Replacement,AD*,23-Sep-2015,EASA AD 2015-0195,,,0:00,,Affected TR drive shaft bearings are those identified by P/N : 593404
157b8d12-c115-446e-a4dc-d12077751fe2,b70740bb-e394-490e-8fd4-271cf6dd2d90,2015-0202,73,ASB 28.00.20.,Fuel - FUELTRON Flowmeter - Removal,AD,21-Oct-2015,EASA AD 2015-0202,,,0:00,,"AS 355 E, AS 355 F, AS 355 F1 and AS 355 F2 helicopters, all serial numbers."
157b8d12-c115-446e-a4dc-d12077751fe2,b70740bb-e394-490e-8fd4-271cf6dd2d90,AD100,62,ASB 01.00.56,Rotor Drive - Main Gearbox Bottom Casing - Inspection / Replacement,SB*,22-Jan-2016,EASA AD 2016-0021,,,0:00,,"AS 350 B1, B2 and AS 355 E, F, F1, F2, N helicopters, all serial numbers, if equipped with main gearbox (MGB) bottom Casing (sump) P/N 350A32-3119-03 or P/N 350A32-3119-05."
157b8d12-c115-446e-a4dc-d12077751fe2,b70740bb-e394-490e-8fd4-271cf6dd2d90,2016-0109,73,EASA AD 2016-0109R1,Fuel - FUELTRON Flowmeter - Removal,SB,27-Oct-2016,EASA AD 2016-0109R1,,,0:00,,"AS 355 E, AS 355 F, AS 355 F1 and AS 355 F2 helicopters, all serial numbers."
157b8d12-c115-446e-a4dc-d12077751fe2,b70740bb-e394-490e-8fd4-271cf6dd2d90,2017-0089 R1,63,EASB AS355-62.00.36 R2,ATA 62- Main Rotor - Main Rotor Mast Upper Bearing - Lubrication / Main Rotor Mast Jet Oil Hose - Inspection,AD,30-Jun-2020,EASA AD 2017-0089R1,,,0:00,,"AS 350 B, AS 350 BA, AS 350 BB, AS 350 B1, AS 350 B2, AS 350 B3 and AS 350 D helicopters, AS 355 E, AS 355 F, AS 355 F1, AS 355 F2, AS 355 N and AS 355 NP helicopters, and EC 130 B4 and EC 130 T2 helicopters, all serial numbers."
157b8d12-c115-446e-a4dc-d12077751fe2,b70740bb-e394-490e-8fd4-271cf6dd2d90,2019-0184,67,ASB 67.00.48,ATA 67 - Rotors Flight Control - Main Rotor Servo Actuators - Inspection,AD,29-Jul-2019,EASA AD 2019-0184,,,0:00,,"AS355 F, AS355 F1, AS355 F2, AS355 N and AS355 NP helicopters, all s/n."
157b8d12-c115-446e-a4dc-d12077751fe2,b70740bb-e394-490e-8fd4-271cf6dd2d90,2020-0266,81,ASB 71.00.21,ATA - Rotorcraft Flight Manual - N2 Speed Avoidance Range Limitation - Amendment / Placard - Installation,AD,22-Dec-2020,EASA AD 2020-0266,,,0:00,,"AS 355 E, AS 355 F, AS 355 F1 and AS 355 F2 helicopters, all serial numbers, if equipped with Rolls-Royce Corporation (formerly Allison) engine model 250-C20F."
157b8d12-c115-446e-a4dc-d12077751fe2,b70740bb-e394-490e-8fd4-271cf6dd2d90,,64,ASB 05.00.33 R1,Tail rotor - Bearing spacer of the tail rotor head pitch change plate,AD,21-May-2012,EASA AD F-2000-223-059 R1,,,0:00,,"AS 355 E, F, F1, F2 and N, fitted with tail rotor pitch change rotating plates all part numbers, on which (MOD) 07 6554 has not been embodied. Not applicable to part number 350A33-2030-00 (MOD 076550)."
157b8d12-c115-446e-a4dc-d12077751fe2,b70740bb-e394-490e-8fd4-271cf6dd2d90,AD001,67,ASB No. 67.00.23,Rotor flight controls - TRW - SAMM Main Servocontrols - Check,AD,20-Dec-2003,EASA AD F-2002-315-069 R1,,,0:00,,"AS 355 F, F1, F2 and N helicopters equipped with ""TRW - SAMM"" main servocontrols, P/N SC 8042 or SC 8043 that underwent their last complete overhaul or repair since complete overhaul at ""HAWKER PACIFI"
157b8d12-c115-446e-a4dc-d12077751fe2,b70740bb-e394-490e-8fd4-271cf6dd2d90,AD014,52,,SUPERSEDED BY EASA AD 2006-0249,AD#,04-Nov-2004,EASA AD F-2002-345-070R1,,,0:00,,SUPERSEDED BY EASA AD 2006-0249
157b8d12-c115-446e-a4dc-d12077751fe2,b70740bb-e394-490e-8fd4-271cf6dd2d90,AD002,67,ASB 67.00.24 R1,Rotor Flight Controls - Cyclic Stick,AD,18-Feb-2004,EASA AD F-2003-003 R1,,,0:00,,"AS 355 helicopter versions E, F, F1, F2 and N, modified per MOD 070682 and before embodiment of MOD 073179."
157b8d12-c115-446e-a4dc-d12077751fe2,b70740bb-e394-490e-8fd4-271cf6dd2d90,,67,ASB 67.00.25 R1,Rotor flight controls - Double locking of the stop screws,AD,26-May-2004,EASA AD F-2003-322 R1,,,0:00,,"AS350 B,BA,BB,B1,B2,B3 and D, AS355 E,F,F1,F2 and N,EC130B4,before embodiment of MOD 073206 or MOD 073102.AS365N,N1,N2 and N3,SA 366G1,EC 155B,B1,before embodiment of MOD 0767B58.EC120B.delivered before June 30, 2003."
157b8d12-c115-446e-a4dc-d12077751fe2,b70740bb-e394-490e-8fd4-271cf6dd2d90,AD003,63,Superseded by DGAC AD F-2004-021,Cancellation Notice - Superseded by DGAC AD F-2004-021,AD#,03-Mar-2004,EASA AD F-2003-454 R2,,,0:00,,Cancellation Notice - Superseded by DGAC AD F-2004-021
157b8d12-c115-446e-a4dc-d12077751fe2,b70740bb-e394-490e-8fd4-271cf6dd2d90,AD004,63,Superseded by EASA AD 2006-0250,Superseded by EASA AD 2006-0250,AD#,03-Mar-2004,EASA AD F-2004-021,,,0:00,,Superseded by EASA AD 2006-0250
157b8d12-c115-446e-a4dc-d12077751fe2,b70740bb-e394-490e-8fd4-271cf6dd2d90,AD007,25,Superseded by EASA AD 2006-0098,Superseded by EASA AD 2006-0098,AD#,31-Mar-2004,EASA AD F-2004-046,,,0:00,,Superseded by EASA AD 2006-0098
157b8d12-c115-446e-a4dc-d12077751fe2,b70740bb-e394-490e-8fd4-271cf6dd2d90,AD008,29,ASB No.05.00.43,Time limits - Maintenance checks - Replacement of hydraulic fluid in cold weather,AD,08-May-2004,EASA AD F-2004-056,,,0:00,,AS 355 E helicopters.
157b8d12-c115-446e-a4dc-d12077751fe2,b70740bb-e394-490e-8fd4-271cf6dd2d90,AD011,25,,Equipment/Furnishings - Hoist Operator's Belt Snap Hook,AD#,03-Jul-2004,EASA AD F-2004-096,,,0:00,,Superseded by EASA AD 2006-0252
157b8d12-c115-446e-a4dc-d12077751fe2,b70740bb-e394-490e-8fd4-271cf6dd2d90,AD018,25,,Equipments/Furnishings - Hoist hooks,AD,26-Mar-2005,EASA AD F-2004-170 R1,,,0:00,,"AS 355 E, F, F1, F2 and N,"
157b8d12-c115-446e-a4dc-d12077751fe2,b70740bb-e394-490e-8fd4-271cf6dd2d90,AD013,64,,Tail Rotor - Tail Rotor Blade Trailing Edge Tab,AD,20-Nov-2004,EASA AD F-2004-176,,,0:00,,"AS 355 helicopters, versions E, F, F1, F2 and N"
157b8d12-c115-446e-a4dc-d12077751fe2,b70740bb-e394-490e-8fd4-271cf6dd2d90,AD016,55,,Superseded by EASA AD 2006-0096,AD#,05-Jan-2005,EASA AD F-2005-006,,,0:00,,Superseded by EASA AD 2006-0096
157b8d12-c115-446e-a4dc-d12077751fe2,b70740bb-e394-490e-8fd4-271cf6dd2d90,AD023,53,,SUPERSEDED BY EASA AD 2006-0273,AD#,03-Aug-2005,EASA AD F-2005-102 R1,,,0:00,,SUPERSEDED BY EASA AD 2006-0273
157b8d12-c115-446e-a4dc-d12077751fe2,b70740bb-e394-490e-8fd4-271cf6dd2d90,AD022,52,,Superseded by EASA AD 2006-0251,AD#,03-Aug-2005,EASA AD F-2005-136,,,0:00,,Superseded by EASA AD 2006-0251
157b8d12-c115-446e-a4dc-d12077751fe2,b70740bb-e394-490e-8fd4-271cf6dd2d90,AD025,63,,Superseded by EASA Emergency AD 2006-0378-E,AD#,01-Feb-2006,EASA AD F-2006-027,,,0:00,,Superseded by EASA Emergency AD 2006-0378-E
157b8d12-c115-446e-a4dc-d12077751fe2,b70740bb-e394-490e-8fd4-271cf6dd2d90,EASA AD No.: 2011-0072-CN,25,ASB 05.00.58,ATA 25 - CANCELLED: Equipment & Furnishings - Emergency Flotation Gear Attachment Brackets - Inspection / Replacement,AD,04-Mar-2022,EASA AD No.: 2011-0072-CN,,,0:00,,ATA 25 - CANCELLED: Equipment & Furnishings - Emergency Flotation Gear Attachment Brackets - Inspection / Replacement
157b8d12-c115-446e-a4dc-d12077751fe2,b70740bb-e394-490e-8fd4-271cf6dd2d90,EASA AD No.: 2014-0076R3,53,EASB No. 05.00.62,Fuselage - Rear Structure Junction Frame Reinforcement Angles - Inspection.,AD,30-Nov-2021,EASA AD No.: 2014-0076R3,,,0:00,,"AS 350 B, BA, BB, B1, B2, B3 and D helicopters, and AS 355 E, F, F1, F2, N and NP helicopters, all serial numbers, if an affected part, as defined in this AD, is installed, except helicopters on which AH modification (MOD) 073232 or MOD 073922 has been embodied in production, or AH AS350 Service Bulletin (SB) No. 53.00.58 and AS355 SB No. 53.00.34, as applicable, have been embodied in service."
157b8d12-c115-446e-a4dc-d12077751fe2,b70740bb-e394-490e-8fd4-271cf6dd2d90,EASA AD No.: 2015-0094-CN,63,ASB 05.00.73,Main Rotor Drive - Bi-Directional Suspension Cross-Bar - Inspection,AD,03-Sep-2021,EASA AD No.: 2015-0094-CN,,,0:00,,"AS 355 E, F, F1, F2, N and NP helicopters, all s/n;"
157b8d12-c115-446e-a4dc-d12077751fe2,b70740bb-e394-490e-8fd4-271cf6dd2d90,2017-0020 R1,5,ASB AS355-05.00.75,ATA 05 - Tail Rotor - Pitch Rod - Inspection,AD*,22-May-2019,EASA AD No.: 2017-0020 R1,,,0:00,,"AS 350 B, AS 350 BA, AS 350 BB, AS 350 B1, AS 350 B2, AS 350 B3, AS 355 E, AS 355 F, AS 355 F1, AS 355 F2, AS 355 N and AS 355 NP helicopters, all serial numbers, which embody modification (mod) 075601 or mod 076602."
157b8d12-c115-446e-a4dc-d12077751fe2,b70740bb-e394-490e-8fd4-271cf6dd2d90,EASA AD No.: 2017-0032-CN,62,AS355-62.00.35,Main Rotor - Main Rotor Hub / Mast Attachment Screws - Inspection.,AD#,11-Aug-2021,EASA AD No.: 2017-0032-CN,,,0:00,,"AS 355 E, F, F1, F2, N and NP helicopters, all serial numbers"
157b8d12-c115-446e-a4dc-d12077751fe2,b70740bb-e394-490e-8fd4-271cf6dd2d90,2018-0152,53,AH AS 350 ASB No. AS350-05.00.92 AH AS 355 ASB No. AS355-05.00.79,ATA 53 - Fuselage - Main Gearbox Bracket Bolts - Inspection,AD,18-Jul-2018,EASA AD No.: 2018-0152,,,0:00,,"AS 350 B, AS 350 D, AS 350 B1, AS 350 B2, AS 350 BA, AS 350 BB, AS 350 B3, EC 130 B4, EC 130 T2, AS 355 E, AS355 F, AS355 F1, AS355 F2, AS355 N and AS355 NP helicopters, all serial numbers."
157b8d12-c115-446e-a4dc-d12077751fe2,b70740bb-e394-490e-8fd4-271cf6dd2d90,2018-0287,67,ASB AS355-67.00.46,ATA 67 - Rotors Flight Control - Tail Rotor Gearbox Actuating Rod - Inspection,AD,20-Dec-2018,EASA AD No.: 2018-0287,,,0:00,,"AS 355 E, AS 355 F, AS 355 F1, AS 355 F2, AS 355 N and AS 355 NP helicopters, all s/n"
157b8d12-c115-446e-a4dc-d12077751fe2,b70740bb-e394-490e-8fd4-271cf6dd2d90,2019-0060,67,ASB AS350-67.00.76 R1,ATA 67 - Rotors Flight Control - Tail Rotor Gearbox Actuating Rod - Inspection,AD,20-Mar-2019,EASA AD No.: 2019-0060,,,0:00,,"AS 355 E, AS 355 F, AS 355 F1, AS 355 F2, AS 355 N and AS 355 NP helicopters, all s/n."
157b8d12-c115-446e-a4dc-d12077751fe2,b70740bb-e394-490e-8fd4-271cf6dd2d90,2020-0064,25,ASB AS355 25.01.30 Revision,ATA 25 - Equipment / Furnishings - Emergency Flotation System / Inflation Hoses - Inspection,AD,19-Mar-2020,EASA AD No.: 2020-0064,,,0:00,,"AS 355 E, AS 355 F, AS 355 F1, AS 355 F2, AS 355 N and AS 355 NP helicopters, all s/n,"
157b8d12-c115-446e-a4dc-d12077751fe2,b70740bb-e394-490e-8fd4-271cf6dd2d90,2020-0175,52,ASB-52.00.54,ATA 52 - Doors - Sliding Doors - Inspection,AD,05-Aug-2020,EASA AD No.: 2020-0175,,,0:00,,"AS 350 helicopters, all serial number (s/n);"
157b8d12-c115-446e-a4dc-d12077751fe2,b70740bb-e394-490e-8fd4-271cf6dd2d90,2020-0186,55,ASB 05.00.76,ATA 5ATA 55 - Stabilizers - Vertical Fin - Inspection,AD*,20-Aug-2020,EASA AD No.: 2020-0186,,,0:00,,"AS 355 E, AS 355 F, AS 355 F1, AS 355 F2, AS 355 N and AS 355 NP helicopters, all serial numbers (s/n); and AS 350 B3 helicopters, all s/n, except those that have embodied modification (MOD) 07.3148 in production, or AS350 Service Bulletin (SB) 55.00.14 (any revision) in service."
157b8d12-c115-446e-a4dc-d12077751fe2,b70740bb-e394-490e-8fd4-271cf6dd2d90,EASA AD No.: 2020-0224R1,64,EASA AD No.: 2020-0224R1,ATA 64 - Tail Rotor - Tail Rotor Blades - Inspection / Replacement / Modification,AD*,11-Nov-2020,EASA AD No.: 2020-0224R1,,,0:00,,"AS 350 B, AS 350 BA, AS 350 BB, AS 350 B1, AS350 B2 and AS 350 D helicopters, all serial numbers (s/n); and AS 355 E, AS 355 F, AS 355 F1, AS 355 F2 and AS 355 N helicopters, all s/n."
157b8d12-c115-446e-a4dc-d12077751fe2,b70740bb-e394-490e-8fd4-271cf6dd2d90,EASA AD No.: 2021-0099,55,,Stabilizers - Vertical Fin - Inspection,AD,09-Apr-2021,EASA AD No.: 2021-0099,,,0:00,,"AS 355 E, AS 355 F, AS 355 F1, AS 355 F2, AS 355 N and AS 355 NP helicopters, all serial numbers (s/n); and AS 350 B3 helicopters, all s/n, except those that have embodied modification (MOD) 073148 in production."
157b8d12-c115-446e-a4dc-d12077751fe2,b70740bb-e394-490e-8fd4-271cf6dd2d90,EASA AD No.: 2021-0193,5,EASA AD No.: 2021-0193,ATA 05 - Time Limits / Maintenance Checks - Airworthiness Limitations Section - Amendment,AD,03-Sep-2021,EASA AD No.: 2021-0193,,,0:00,,"AS 355 E, AS 355 F, AS 355 F1, AS 355 F2, AS 355 N and AS 355 NP helicopters, all serial numbers."
157b8d12-c115-446e-a4dc-d12077751fe2,b70740bb-e394-490e-8fd4-271cf6dd2d90,EASA AD No.: 2021-0265,25,ASB 53.00.38,Power Plant - Cowlings - Inspection / Repainting,AD,23-Nov-2021,EASA AD No.: 2021-0265,,,0:00,,"AS 355 E, AS 355 F, AS 355 F1 and AS 355 F2 helicopters, all s/n."
157b8d12-c115-446e-a4dc-d12077751fe2,b70740bb-e394-490e-8fd4-271cf6dd2d90,EASA AD No.: 2022-0051,53,EASB 05.00.62 R3,ATA 53 - Fuselage - Rear Structure Junction Frame Reinforcement Angles - Inspection,AD,22-Mar-2022,EASA AD No.: 2022-0051,,,0:00,,"AS 355 E, F, F1, F2 and N helicopters,except helicopters on which AH modification (MOD) 073232 has been embodied in production."
157b8d12-c115-446e-a4dc-d12077751fe2,b70740bb-e394-490e-8fd4-271cf6dd2d90,EASA AD No.: 2022-0069,65,ASB 05.00.88,ATA 65 - Tail Rotor Drive - Fan Assembly - Inspection,AD*,19-Apr-2022,EASA AD No.: 2022-0069,,,0:00,,"AS 355 E, AS 355 F, AS 355 F1, AS 355 F2 and AS 355 N helicopters, all serial numbers."
157b8d12-c115-446e-a4dc-d12077751fe2,b70740bb-e394-490e-8fd4-271cf6dd2d90,EASA AD No.: 2022-0077-E,67,EASB 67.00.49,ATA 67 - Rotors Flight Control - Flight Control Flexball Cables - Replacement,AD,29-Apr-2022,EASA AD No.: 2022-0077-E,,,0:00,,"AS 355 E, AS 355 F, AS 355 F1, AS 355 F2, AS 355 N and AS 355 NP helicopters, all s/n."
157b8d12-c115-446e-a4dc-d12077751fe2,b70740bb-e394-490e-8fd4-271cf6dd2d90,2018-0206,62,ASB. No:62.00.37,ATA 62 - Main Rotor - Mast Upper Bearing Sealant Bead / Inner Race Retaining Rings - Inspection,AD,04-Oct-2018,EASA AD No.: 2018-0206,,,0:00,,"AS 350 B, AS 350 BA, AS 350 BB, AS 350 B1, AS 350 B2, AS 350 B3 and AS 350 D helicopters, all serial numbers (s/n); EC 130 B4 and EC 130 T2 helicopters, all s/n; and AS 355 E, AS 355 F, AS 355 F1, AS 355 F2, AS 355 N and AS 355 NP helicopters, all s/n."
157b8d12-c115-446e-a4dc-d12077751fe2,b70740bb-e394-490e-8fd4-271cf6dd2d90,2019-0228,25,ASB: 25.00.71,Equipment / Furnishings - Electric Hoist Installation - Modification,AD,12-Sep-2019,EASA AD: 2019-0228,,,0:00,,"AS 355 E, AS 355 F, AS 355 F1, AS 355 F2 and AS 355 N helicopters, all S/N."
157b8d12-c115-446e-a4dc-d12077751fe2,b70740bb-e394-490e-8fd4-271cf6dd2d90,AD76,29,EASB 67.00.41,ATA 67- Rotor Flight Controls - Main/Tail Rotor Servo-Control Bearings - Inspection / Replacement,AD*,18-Apr-2013,EASA AD2013-0095-E,,,0:00,,"AS 350 B, AS 350 BA, AS 350 BB, AS 350 B1, AS 350 B2, AS 350 B3 and AS 350 D, AS 355 E, AS 355 F, AS 355 F1, AS 355 F2, AS 355 N, AS 355 NP helicopters"
157b8d12-c115-446e-a4dc-d12077751fe2,b70740bb-e394-490e-8fd4-271cf6dd2d90,,29,ASB 29.00.04,Hydraulic system - Hydraulic cut off function,AD,23-Jun-2004,EASA F-2004-090,,,0:00,,"AS 355 E helicopters, pre-MOD 073263."
157b8d12-c115-446e-a4dc-d12077751fe2,b70740bb-e394-490e-8fd4-271cf6dd2d90,2014-0076-R2,5,EASB 05.00.62,ATA-53 Fuselage - Rear Structure Junction Frame Reinforcement Angles - Inspection,AD*,20-Aug-2020,EASAAD 2014-0076-R2,,,0:00,,"AS 350 B, BA, BB, B1, B2, B3 and D helicopters, and AS 355 E, F, F1, F2, N and NP helicopters, all serial numbers,"
157b8d12-c115-446e-a4dc-d12077751fe2,b70740bb-e394-490e-8fd4-271cf6dd2d90,67.00.41,29,EASB 67.00.41,"Rotor Flight Controls - Single hydraulic main and tail servo-controls Replacement of the ""SAMM"", ""TRW"", ""GOODRICH"" and ""UTAS"" main single hydraulic and tail servo-controls equipped with non-compliant input lever articulation bearings",SB,15-Apr-2013,EASB 67.00.41,,,0:00,,"Helicopters equipped with single hydraulic main and/or tail servo-controls, manufactured by ""SAMM"", ""TRW"", ""GOODRICH"" or ""UTAS""."
157b8d12-c115-446e-a4dc-d12077751fe2,b70740bb-e394-490e-8fd4-271cf6dd2d90,EASB 05.00.62 R2,53,EASB 05.00.62 R2,TIME LIMITS - MAINTENANCE CHECKS Rear structure - Check of the rear frame reinforcement angles.,SB,24-Nov-2021,EASB 05.00.62 R2,,,0:00,,"Helicopters fitted with a rear structure / tail boom junction frame, repaired or reinforced with at least one reinforcement angle on the RH side as per MRM Work Card 53.10.22.772 or AMM Task 53-31-00,8-5 or which embody MOD 073215 and: - PRE MOD 073232 (Machined Rear Structure Frame), - PRE MOD 074766 (Cargo compartment / Tailboom junction frame)."
157b8d12-c115-446e-a4dc-d12077751fe2,b70740bb-e394-490e-8fd4-271cf6dd2d90,EASB 05.00.62 R3,53,EASB 05.00.62 R3,TIME LIMITS - MAINTENANCE CHECKS Rear structure - Check of the rear frame reinforcement angles,SB,22-Mar-2022,EASB 05.00.62 R3,,,0:00,,"Helicopters fitted with a rear structure / tail boom junction frame, repaired or reinforced with at least one reinforcement angle on the RH side as per MRM Work Card 53.10.22.772 or AMM Task 53-31-00,8-5 or which embody MOD 073215 and: - PRE MOD 073232 (Machined Rear Structure Frame), - PRE MOD 074766 (Cargo compartment / Tailboom junction frame)."
157b8d12-c115-446e-a4dc-d12077751fe2,b70740bb-e394-490e-8fd4-271cf6dd2d90,05.00.62 rev1,5,EASB 05.00.62 rev1,Rear structure - Check of the rear frame reinforcement angles,SB*,27-Jul-2020,EASB 05.00.62 rev1,,,0:00,,"Helicopters fitted with a rear structure / tail boom junction frame, repaired or reinforced with at least one reinforcement angle on the RH side as per MRM Work Card 53.10.22.772 or AMM Task 53-31-00, 8-5 or which embody MOD 073215."
157b8d12-c115-446e-a4dc-d12077751fe2,b70740bb-e394-490e-8fd4-271cf6dd2d90,05.00.63,5,EASB 05.00.63 Rev 2,Time Limits - Maintenance Checks Inspection of the laminated half bearings ATA 05 and 64,SB*,19-Dec-2012,EASB 05.00.63 Rev 2,,,0:00,,"Applicable to AS 350 Helicopter Civil version(s): E, F, F1, F2, N, NP"
157b8d12-c115-446e-a4dc-d12077751fe2,b70740bb-e394-490e-8fd4-271cf6dd2d90,05.00.65,5,EASB 05.00.65 Rev 2,Time Limits/Maintenance Checks - Tail Rotor - Tail Rotor Hub (TRH) Pitch Horn.,SB*,17-Dec-2015,EASB 05.00.65 Rev 2,,,0:00,,Helicopters equipped with TRH pitch horn assemblies P/Nos. 350A12-1368-01 / 02 / 03 / 04 equipped with pitch horn P/N 350A12-1368-XX.
157b8d12-c115-446e-a4dc-d12077751fe2,b70740bb-e394-490e-8fd4-271cf6dd2d90,05.00.74,65,EASB 05.00.74,TIME LIMITS - MAINTENANCE CHECKS Rear Rotor Blades,SB,06-Jul-2015,EASB 05.00.74,,,0:00,,AS 355F1 Helicopter Civil Version: NP. Helicopters equipped with Rear Rotor blades with P/Nos.: - 355A12-0050-10 - 355A12-0050-12 - 355A12-0051-10 - 355A12-0051-12
157b8d12-c115-446e-a4dc-d12077751fe2,b70740bb-e394-490e-8fd4-271cf6dd2d90,05.00.75 R3,64,EASB 05.00.75 R3,TIME LIMITS - MAINTENANCE CHECKS - Pitch change rod Periodic check of the Tail Rotor Hub (TRH) pitch change rod,SB,08-May-2019,EASB 05.00.75 R3,,,0:00,,Helicopters which embody MOD 075601 or 075606 or 076602.
157b8d12-c115-446e-a4dc-d12077751fe2,b70740bb-e394-490e-8fd4-271cf6dd2d90,05.00.76 REV 1,5,EASB 05.00.76 REV 1,TIME LIMITS - MAINTENANCE CHECKS - Upper fin Inspection of the spar and attachment screws of the upper fin,SB*,22-Jul-2020,EASB 05.00.76 REV 1,,,0:00,,For AS355 and AS555 helicopters: all helicopters are concerned by this ALERT SERVICE BULLETIN
157b8d12-c115-446e-a4dc-d12077751fe2,b70740bb-e394-490e-8fd4-271cf6dd2d90,EASB 05.00.76 REV 2,55,EASB 05.00.76,TIME LIMITS - MAINTENANCE CHECKS - Upper fin Inspection of the spar and attachment screws of the upper fin.,SB*,04-Mar-2021,EASB 05.00.76 REV 2,,,0:00,,For AS355 and AS555 helicopters: all helicopters are concerned by this ALERT SERVICE BULLETIN
157b8d12-c115-446e-a4dc-d12077751fe2,b70740bb-e394-490e-8fd4-271cf6dd2d90,EASB 05.00.84 Rev.1,5,EASB 05.00.84 Rev.1,TIME LIMITS - MAINTENANCE CHECKS - Tail Rotor Hub check of the tail rotor hub blades.,SB*,11-May-2020,EASB 05.00.84 Rev.1,,,0:00,,Helicopters equipped with PRE MOD 075580 tail rotor blades.
157b8d12-c115-446e-a4dc-d12077751fe2,b70740bb-e394-490e-8fd4-271cf6dd2d90,26.00.09,26,EASB 26.00.09,FIRE PROTECTION - Engine fire extinguishing system Crossed connection in the distribution system of the engine fire extinguishers Corresponds to Modification 355A088608.00,SB,23-May-2012,EASB 26.00.09,,,0:00,,Applicable to Civil Version: NP
157b8d12-c115-446e-a4dc-d12077751fe2,b70740bb-e394-490e-8fd4-271cf6dd2d90,62.00.36 R2,62,EASB 62.00.36 R2,MAIN ROTOR - Rotor mast Check of the rotor mast oil pipe,SB,25-Jun-2019,EASB 62.00.36 R2,,,0:00,,"Helicopters equipped with a pipe P/N 704A34-412-015, which is not identified by an ""X"" behind the Part Number and marked with a manufacture date of ""2T17"" or earlier on its metal identification plate."
157b8d12-c115-446e-a4dc-d12077751fe2,b70740bb-e394-490e-8fd4-271cf6dd2d90,67.00.48,67,EASB 67.00.48,ROTOR FLIGHT CONTROLS - Main rotor actuators Check of the link between the lower ball end fitting and the actuator rod.,SB,25-Jul-2019,EASB 67.00.48,,,0:00,,"AS350, AS355, AS555 and EC130 helicopter versions listed on page 1 and equipped with main rotor actuators with the following part numbers: - MP/N SC8042 (P/N 704A44831102) or, - MP/N SC8043 (P/N 704A44831103)."
157b8d12-c115-446e-a4dc-d12077751fe2,b70740bb-e394-490e-8fd4-271cf6dd2d90,EASB 67.00.49,67,EASB 67.00.49,ROTOR FLIGHT CONTROL - General Inspection for Conformity of the Flexballs,SB,29-Apr-2022,EASB 67.00.49,,,0:00,,"AS 355 E, F, F1, F2, N, NP All S/N"
157b8d12-c115-446e-a4dc-d12077751fe2,b70740bb-e394-490e-8fd4-271cf6dd2d90,71.00.20,71,EASB 71.00.20,"POWER PLANT Procedure to be complied with in the event of an engine ""CHIP"" warning",SB,23-Jun-2015,EASB 71.00.20,,,0:00,,"AS 355 Helicopter version:N,NP. Helicopters equipped with Arrius 1A, 1A1 and 1M engines"
157b8d12-c115-446e-a4dc-d12077751fe2,b70740bb-e394-490e-8fd4-271cf6dd2d90,SB 05.00.57,5,Emergency ASB 05.00.57 R2,TIME LIMITS / MAINTENANCE CHECKS - Periodic inspection of the Tail Gear Box (TGB) control lever,SB*,01-Mar-2011,Emergency ASB 05.00.57 R2,,,0:00,,"Eurocopter LB1-B A-BB-B1-B2-D Helicopters equipped with a Tail Gear Box (TGB) fitted with control levers marked or not marked with a letter ""X"", referenced 350A33-1058-00, 350A33-1058-01, 350A33-1058-02, 350A33-1058-03."
157b8d12-c115-446e-a4dc-d12077751fe2,b70740bb-e394-490e-8fd4-271cf6dd2d90,AD008,72,,Compressor Adaptor Couplings,AD,08-Feb-2005,FAA AD 2004-26-09,,,0:00,,"RRC Models 250-C20, -C20B, -C20F, -C20J, -C20S, and -C20W series turboprop and turboshaft engines with compressor adaptor couplings P/N as listed in AD."
157b8d12-c115-446e-a4dc-d12077751fe2,b70740bb-e394-490e-8fd4-271cf6dd2d90,2018-15-02,64,FAA AD 2018-15-02,Joint Aircraft Service Component (JASC) Code: 6720 Tail Rotor Control System.,AD*,19-Jul-2018,FAA AD 2018-15-02,,,0:00,,"This AD applies to Airbus Helicopters Model AS350B, AS350B1, AS350B2, AS350B3, AS350BA, AS355E, AS355F, AS355F1, AS355F2, AS355N, and AS355NP helicopters, certificated in any category, with a tail rotor (TR) pitch change rod elastomeric ball joint installed. Note 1 to paragraph (a): Airbus Helicopters modification (MOD) 075601 and MOD 076602 consist of replacing the TR pitch change rod with an elastomeric ball joint rod."
157b8d12-c115-446e-a4dc-d12077751fe2,b70740bb-e394-490e-8fd4-271cf6dd2d90,2018-19-10,65,ASB NO: 05.00.77,"Joint Aircraft Service Component (JASC) Code: 6510, Tail Rotor Driveshaft.",AD,30-Oct-2018,FAA AD 2018-19-10,,,0:00,,"This AD applies to Airbus Helicopters Model AS355E, AS355F, AS355F1, AS355F2, and AS355N helicopters, certificated in any category."
157b8d12-c115-446e-a4dc-d12077751fe2,b70740bb-e394-490e-8fd4-271cf6dd2d90,AD000,72,----,Power Turbine Outer Coupling Nuts,AD,23-Sep-1977,FAA AD 77-15-12,,,0:00,,"250-B15, B17, C18, and C 20 series engines with power turbine outer coupling nuts P/N 6846278"
157b8d12-c115-446e-a4dc-d12077751fe2,b70740bb-e394-490e-8fd4-271cf6dd2d90,05.00.64,24,SB 05.00.64,"Time Limits - Maintenance Checks - Engine starting SKURKA (ex APC) starter-generators (MP/N) 150SG111Q, 150SG117Q and 150SG117Q-1",SB*,19-Dec-2012,SB 05.00.64,,,0:00,,Applicable to AS 355F1 helicopter.
157b8d12-c115-446e-a4dc-d12077751fe2,b70740bb-e394-490e-8fd4-271cf6dd2d90,67.00.39,67,SB 67.00.39 Rev 1,Turbo shaft Engine Engine Fuels And Additives - Requirements And Approved Listing,SB,16-Oct-2013,SB 67.00.39 Rev 1,,,0:00,,Applicable to AS 355 F1 Helicopters equipped with with dual body servo controls assemblies
157b8d12-c115-446e-a4dc-d12077751fe2,b70740bb-e394-490e-8fd4-271cf6dd2d90,SB 00.00.01,1,"SB 00.00.01 Issue 2,Rev.2","Presentation of the subject, content and use of ALERT SERVICE BULLETINS, SERVICE BULLETINS and TECHNICAL DIRECTIVES",SB,23-Aug-2011,"SB 00.00.01 Issue 2,Rev.2",,,0:00,,"Refer SB 00.00.01 Issue 2,Rev.2"
157b8d12-c115-446e-a4dc-d12077751fe2,b70740bb-e394-490e-8fd4-271cf6dd2d90,SB 00.00.02 R2,5,SB 00.00.02 R2,GENERAL - HARMONIZATION Introduction to ALERT SERVICE BULLETINS and Service Bulletins and Technical Directives updated for harmonization,SB,22-Mar-2022,SB 00.00.02 R2,,,0:00,,"Civil version(s): E, F, F1, F2, N, NP"
157b8d12-c115-446e-a4dc-d12077751fe2,b70740bb-e394-490e-8fd4-271cf6dd2d90,00.00.02,1,SB 00.00.02 Rev.1,"INTRODUCTION - Harmonization Introduction to ALERT SERVICE BULLETINS, Service Bulletins and Technical Directives updated for harmonization",SB,23-Aug-2011,SB 00.00.02 Rev.1,,,0:00,,Refer SB 00.00.02 Rev.1 for applicablity
157b8d12-c115-446e-a4dc-d12077751fe2,b70740bb-e394-490e-8fd4-271cf6dd2d90,SB 01.00.01,1,SB 01.00.01 Rev.1,Limitations - Pitch Change Fittings P/N 350A.12.1368.01 and .02 on Tail Rotor Blade Assemblies.,SB,19-Oct-1981,SB 01.00.01 Rev.1,,,0:00,,Refer SB 01.00.01
157b8d12-c115-446e-a4dc-d12077751fe2,b70740bb-e394-490e-8fd4-271cf6dd2d90,SB 01.00.02,67,SB 01.00.02 Rev.1,Limitations - Transformation of AS 355E into AS 355F Helicopter (VFR version),SB$,24-Aug-2007,SB 01.00.02 Rev.1,,,0:00,,All AS 355E Helicopters
157b8d12-c115-446e-a4dc-d12077751fe2,b70740bb-e394-490e-8fd4-271cf6dd2d90,SB 01.00.03,1,SB 01.00.03 Rev.a,Limitations - Doublers Beneath LH and RH Engine Mounts.,SB,21-Dec-1981,SB 01.00.03 Rev.a,,,0:00,,Refer SB 01.00.03
157b8d12-c115-446e-a4dc-d12077751fe2,b70740bb-e394-490e-8fd4-271cf6dd2d90,SB 01.00.04,4,SB 01.00.04,Limitations - CAA-Cerified Aircraft Certification,SB$,11-Dec-1990,SB 01.00.04,,,0:00,,"All AS 355 Helicopters-Versions F,F1,F2"
157b8d12-c115-446e-a4dc-d12077751fe2,b70740bb-e394-490e-8fd4-271cf6dd2d90,SB 01.00.05,4,SB 01.00.05,Limitations - Specific CAA Installation,SB$,24-Aug-2007,SB 01.00.05,,,0:00,,"All AS 355-versions F,F1,F2 helicopters submitted to the CAA regulation covered by SB no 01.04"
157b8d12-c115-446e-a4dc-d12077751fe2,b70740bb-e394-490e-8fd4-271cf6dd2d90,SB 01.00.06,4,SB 01.00.06,Limitations - Withdrawing Tail Rotors from Service for Replacement of Rotor Blade Stainless Steel Leading Edge Protective Strips.,SB,21-Apr-1983,SB 01.00.06,,,0:00,,Refer SB 01.00.06
157b8d12-c115-446e-a4dc-d12077751fe2,b70740bb-e394-490e-8fd4-271cf6dd2d90,SB 01.00.07,4,SB 01.00.07 Rev.2,Limitations - Reduction of Gear Cage.,SB,06-Oct-1983,SB 01.00.07 Rev.2,,,0:00,,Reduction of planet gear cage P/N 350A32-3147-20 350A32-1081-20 or 21
157b8d12-c115-446e-a4dc-d12077751fe2,b70740bb-e394-490e-8fd4-271cf6dd2d90,SB 01.00.08,4,SB 01.00.08 Rev.2,Limitations - Epicyclic Reduction Gear Module.,SB$,23-Mar-1984,SB 01.00.08 Rev.2,,,0:00,,All AS 355 Helicopters-All versions
157b8d12-c115-446e-a4dc-d12077751fe2,b70740bb-e394-490e-8fd4-271cf6dd2d90,SB 01.00.09,100,SB 01.00.09 Rev.1,Limitations - Conversion of AS 355F Helicopter into AS 355F1 Helicopter.,SB$,12-Jan-1984,SB 01.00.09 Rev.1,,,0:00,,All AS 355 Helicopters- F version for conversion into F1 version
157b8d12-c115-446e-a4dc-d12077751fe2,b70740bb-e394-490e-8fd4-271cf6dd2d90,SB 01.00.10,55,SB 01.00.10 Rev.2,Limitations - Horizontal Stabilizers 355A 13.0520.01.01 Addition of An operational Limitations.,SB,24-Aug-2007,SB 01.00.10 Rev.2,,,0:00,,REFER SB 01.00.10
157b8d12-c115-446e-a4dc-d12077751fe2,b70740bb-e394-490e-8fd4-271cf6dd2d90,SB 01.00.11,4,SB 01.00.11,"Limitations - Buckle Type 343, fitted on SECURAIGLON (Ex L'AIGLON) Safety Belts.",SB,18-Jun-1984,SB 01.00.11,,,0:00,,REFER SB
157b8d12-c115-446e-a4dc-d12077751fe2,b70740bb-e394-490e-8fd4-271cf6dd2d90,SB 01.00.12,100,SB 01.00.12,Superseded by Telex 01.00.13,SB#,20-May-2009,SB 01.00.12,,,0:00,,Superseded by Telex 01.00.13
157b8d12-c115-446e-a4dc-d12077751fe2,b70740bb-e394-490e-8fd4-271cf6dd2d90,SB 01.00.13,63,SB 01.00.13,"Limitations - Main Rotor Head Roving Blades Sleeve, Upper and lower Sleeve Attach Beams.",SB,10-Jun-1986,SB 01.00.13,,,0:00,,"Main Rotor Head Roving Blades Sleeve, Upper and lower Sleeve Attach Beams P/N: 350A31.1831.05 and 04 350A31.1831.07 and 06"
157b8d12-c115-446e-a4dc-d12077751fe2,b70740bb-e394-490e-8fd4-271cf6dd2d90,SB 01.00.14,100,SB 01.00.14 Ra,Behaviour of the Helicopter on the Ground with Rotor Turning.,SB,21-Aug-1986,SB 01.00.14 Ra,,,0:00,,Refer SB
157b8d12-c115-446e-a4dc-d12077751fe2,b70740bb-e394-490e-8fd4-271cf6dd2d90,SB 01.00.15,32,SB 01.00.15,Limitations - Reinforcement of Skid Type Landing Gear (High Type or Low Type) Fitted with Emergency Floats.,SB,12-Nov-1986,SB 01.00.15,,,0:00,,All AS 355 Helicopters-Versions F1-F2
157b8d12-c115-446e-a4dc-d12077751fe2,b70740bb-e394-490e-8fd4-271cf6dd2d90,SB 01.00.16,100,SB 01.00.16 Iss.2,Limitations - Removal From Service of 'Former Standard' Parts With a Short Service Life.,SB,05-Feb-1991,SB 01.00.16 Iss.2,,,0:00,,All AS 355 Helicopters-Versions E-F-F1-F2-N
157b8d12-c115-446e-a4dc-d12077751fe2,b70740bb-e394-490e-8fd4-271cf6dd2d90,SB 01.00.17,100,SB 01.00.17,Limitations - Flight Cycle Calculation,SB,13-Jul-1987,SB 01.00.17,,,0:00,,All AS 355 Helicopters-Versions E-F-F1-F2
157b8d12-c115-446e-a4dc-d12077751fe2,b70740bb-e394-490e-8fd4-271cf6dd2d90,SB 01.00.18,72,SB 01.00.18 Rev.2,Limitations - Installation of Re-Lighting System for Allison 250 C20 Engine.,SB,05-Oct-1987,SB 01.00.18 Rev2,,,0:00,,All AS 355 Helicopters-Versions E-F-F1-F2
157b8d12-c115-446e-a4dc-d12077751fe2,b70740bb-e394-490e-8fd4-271cf6dd2d90,SB 01.00.19,100,SB 01.00.19,Limitatons - Thrust Bearing Bolt P/N 350A31-2051-20 and 350A31-2067-20 Service Life Reduction.,SB,05-Nov-1987,SB 01.00.19,,,0:00,,All AS 355 Helicopters-Versions E-F-F1-F2
157b8d12-c115-446e-a4dc-d12077751fe2,b70740bb-e394-490e-8fd4-271cf6dd2d90,SB 01.00.20,100,SB 01.00.20 Rev.5,Limitations - Conversion of AS 355F1 Helicopter into an AS 355F2 Helicopter.,SB$,10-Oct-2016,SB 01.00.20 Rev.5,,,0:00,,AS 355 helicopters Versions F1
157b8d12-c115-446e-a4dc-d12077751fe2,b70740bb-e394-490e-8fd4-271cf6dd2d90,SB 01.00.21,62,SB 01.00.21 Rev.1,Limitations - Dunlop Main and Tail Servo-Commands units.,SB,08-Sep-1988,SB 01.00.21 Rev.1,,,0:00,,All AS 355 Helicopters-Versions E-F-F1-F2-N fiited with the Dunlop Main and Tail Servo-Commands units.
157b8d12-c115-446e-a4dc-d12077751fe2,b70740bb-e394-490e-8fd4-271cf6dd2d90,SB 01.00.22,62,SB 01.00.22,"Limitations - Main Rotor Blade P/N 355A11-0020-01,-02,-03,-04 and -06: Modification to Service-Life Limit.",SB,26-Sep-1988,SB 01.00.22,,,0:00,,All AS 355 Helicopters-Versions E-F-F1-F2
157b8d12-c115-446e-a4dc-d12077751fe2,b70740bb-e394-490e-8fd4-271cf6dd2d90,SB 01.00.23,62,SB 01.00.23,Limitations - Rotor Speed at Ground Idle Power Rating.,SB,09-Dec-1988,SB 01.00.23,,,0:00,,REFER SB 01.00.23
157b8d12-c115-446e-a4dc-d12077751fe2,b70740bb-e394-490e-8fd4-271cf6dd2d90,SB 01.00.24,65,SB 01.00.24,Limitations - In Service Monitoring of Tail Rotor Drive Shaft.,SB,06-Apr-1989,SB 01.00.24,,,0:00,,All AS 355 Helicopters-Versions E-F-F1-F2-N fitted with forward shaft P/N 355A34-1090-00
157b8d12-c115-446e-a4dc-d12077751fe2,b70740bb-e394-490e-8fd4-271cf6dd2d90,SB 01.00.25,100,SB 01.00.25,Limitations - Operating Limitation in Very Cold Weather For Aircraft Equipped With Spherical Thrust Bearing.,SB,24-Mar-1989,SB 01.00.25,,,0:00,,AS 355E Helicopter.
157b8d12-c115-446e-a4dc-d12077751fe2,b70740bb-e394-490e-8fd4-271cf6dd2d90,SB 01.00.26,73,SB 01.00.26,Flight Envelop Limitation and Use of LP Fuel Pump,SB,13-Jul-1989,SB 01.00.26,,,0:00,,AS 355 N a/c fitted with TM 319 engines prior to embodiment of the M30 modification.
157b8d12-c115-446e-a4dc-d12077751fe2,b70740bb-e394-490e-8fd4-271cf6dd2d90,SB 01.00.27,100,SB 01.00.27 Rev.1,"Limitations - Paulstra Spherical Thrust Bearing Which With Withstands Low Temperature,Down to -40 deg. C",SB,11-Jan-1995,SB 01.00.27 Rev.1,,,0:00,,A/C fitted with PAULSTRA spherical thrust bearings P/N 704A33-633-156
157b8d12-c115-446e-a4dc-d12077751fe2,b70740bb-e394-490e-8fd4-271cf6dd2d90,SB 01.00.28,73,SB 01.00.28 Rev.1,LH engine fuel supply hose E-F-F1-F2 P/N 704A34-416-031 T 90-09 R1 90-22,SB$,26-May-2009,SB 01.00.28 Rev.1,,,0:00,,All AS 355 Helicopters-Versions E-F-F1-F2
157b8d12-c115-446e-a4dc-d12077751fe2,b70740bb-e394-490e-8fd4-271cf6dd2d90,SB 01.00.29,100,SB 01.00.29 Rev.1,A.C Geneartion,SB,06-Apr-1990,SB 01.00.29 Rev.1,,,0:00,,All AS 355 Helicopters-Versions E-F-F1-F2-N equipped with dual AC generation systems delivered befor 5 April 1990
157b8d12-c115-446e-a4dc-d12077751fe2,b70740bb-e394-490e-8fd4-271cf6dd2d90,SB 01.00.30,25,SB 01.00.30,"Limitations - LUCAS Air Euipment Electric Rescue Hoists P/N 76370,76370.010,011,020,030.",SB,29-Jun-1990,SB 01.00.30,,,0:00,,All AS 355 Helicopters-Versions E-F-F1-F2-M-N equipped with one of the subject Electric Rescue Hoists.
157b8d12-c115-446e-a4dc-d12077751fe2,b70740bb-e394-490e-8fd4-271cf6dd2d90,SB 01.00.31,64,SB 01.00.31,"Tail Rotors, Detection of Installed Laminated Bearings P/N 704A33-633-147.",SB,04-May-1990,SB 01.00.31,,,0:00,,Tail rotors P/N: 350.A.12..0030.06 & higher. 350.A.12..0031.06 & higher. 350.A.12..0040.02 & higher.
157b8d12-c115-446e-a4dc-d12077751fe2,b70740bb-e394-490e-8fd4-271cf6dd2d90,SB 01.00.32,4,SB 01.00.32 Rev.1,Limitations - Battery Temperature Probe.,SB,03-Oct-1991,SB 01.00.32 Rev.1,,,0:00,,"All AS 355 Helicopters-Versions E,F,F1,F2,N equipped with 1 or 2 SAFT 1606 batteries."
157b8d12-c115-446e-a4dc-d12077751fe2,b70740bb-e394-490e-8fd4-271cf6dd2d90,SB 01.00.33,25,SB 01.00.33,"LUCAS AIR EQUIPEMENT E-F-F1-F2-N electric hoists P/N : 76370 all types,76375 all types,76378 all types.",SB$,26-May-2009,SB 01.00.33,,,0:00,,Helicopters AS 355 ECUREUIL E-F-F1-F2-N
157b8d12-c115-446e-a4dc-d12077751fe2,b70740bb-e394-490e-8fd4-271cf6dd2d90,SB 01.00.34,66,SB 01.00.34,Limitations - Tail Gear Box - Pitch Conrtol Lever Expansion Pin.,SB,13-Apr-1991,SB 01.00.34,,,0:00,,Helicopters AS 355 ECUREUIL E-F-F1-F2-N
157b8d12-c115-446e-a4dc-d12077751fe2,b70740bb-e394-490e-8fd4-271cf6dd2d90,SB 01.00.35,65,SB 01.00.35,Limitations - Tail Rotor Drive Shaft Bearings.,SB,23-Jul-1991,SB 01.00.35,,,0:00,,"AS 355 helicopters versions E,F,F1,F2,N"
157b8d12-c115-446e-a4dc-d12077751fe2,b70740bb-e394-490e-8fd4-271cf6dd2d90,SB 01.00.36,4,SB 01.00.36,No. no longer used,SB#,26-May-2009,SB 01.00.36,,,0:00,,No. no longer used
157b8d12-c115-446e-a4dc-d12077751fe2,b70740bb-e394-490e-8fd4-271cf6dd2d90,SB 01.00.37,62,SB 01.00.37,Check for correct assembly E-F-F1-F2-N of main rotor,SB$,26-May-2009,SB 01.00.37,,,0:00,,Applicable to Main rotor Mast P/N 350 A37-0004-02 and -03 and 350A37-0005-01
157b8d12-c115-446e-a4dc-d12077751fe2,b70740bb-e394-490e-8fd4-271cf6dd2d90,SB 01.00.38,67,SB 01.00.38,Limitations - Cyclic Pitch Change Control Rod.,SB,26-Jun-1994,SB 01.00.38,,,0:00,,Applies to cyclic pitch change control rod P/N 704A34-113-279.
157b8d12-c115-446e-a4dc-d12077751fe2,b70740bb-e394-490e-8fd4-271cf6dd2d90,SB 01.00.39,1,SB 01.00.39,MGB oil pressure switch,SB,26-May-2009,SB 01.00.39,,,0:00,,"AS 355 helicopters versions E,F,F1,F2,N"
157b8d12-c115-446e-a4dc-d12077751fe2,b70740bb-e394-490e-8fd4-271cf6dd2d90,SB 01.00.40,1,SB 01.00.40,No longer used,SB#,26-May-2009,SB 01.00.40,,,0:00,,No longer used
157b8d12-c115-446e-a4dc-d12077751fe2,b70740bb-e394-490e-8fd4-271cf6dd2d90,SB 01.00.41,1,SB 01.00.41,Main rotor shaft,SB,19-Dec-1994,SB 01.00.41,,,0:00,,Applicable to main rotor shaft P/N 355A3700-00 all dash numbers that have logged less than 100 hrs since new or overhaul.
157b8d12-c115-446e-a4dc-d12077751fe2,b70740bb-e394-490e-8fd4-271cf6dd2d90,SB 01.00.42,1,SB 01.00.42,No reserved,SB#,26-May-2009,SB 01.00.42,,,0:00,,No reserved
157b8d12-c115-446e-a4dc-d12077751fe2,b70740bb-e394-490e-8fd4-271cf6dd2d90,SB 01.00.44,24,SB 01.00.44,Limitations - Check of Single Pole Circuit Breakers.,SB,10-Nov-1998,SB 01.00.44,,,0:00,,"This Service Bulletin applies to aircraft equipped with : a) The emergency flotation gear optional installation protected by CROUZET single-pole circuit breakers, part numbers: - 5A 84 400 032 - 10"
157b8d12-c115-446e-a4dc-d12077751fe2,b70740bb-e394-490e-8fd4-271cf6dd2d90,SB 01.00.48,62,SB 01.00.48,Main & Tail TRW SAMM servo controls,SB,22-May-2002,SB 01.00.48,,,0:00,,Refer ASB
157b8d12-c115-446e-a4dc-d12077751fe2,b70740bb-e394-490e-8fd4-271cf6dd2d90,SB 01.00.52,74,SB 01.00.52 Rev.1,Starter Generator limitations,SB,14-Sep-2006,SB 01.00.52 Rev.1,,,0:00,,Eurocopter AS355 N Model.
157b8d12-c115-446e-a4dc-d12077751fe2,b70740bb-e394-490e-8fd4-271cf6dd2d90,ASB01.00.53,67,SB 01.00.53 Rev.1,Limitation - Main rotor servo controls and tail rotor servo controls: Return to conformity of the bearing of the servo-control input lever,SB,19-Apr-2007,SB 01.00.53 Rev.1,,,0:00,,
157b8d12-c115-446e-a4dc-d12077751fe2,b70740bb-e394-490e-8fd4-271cf6dd2d90,SB 01.00.54,1,SB 01.00.54,"Callback of ""cast"" LIFESAVING D'LOK hooks from batches 208 and 1108",SB,06-Aug-2009,SB 01.00.54,,,0:00,,"Helicopters equipped with GOODRICH hoist installations, P/N 76370-130-D or 76370-140-D or BREEZE hoist P/N BL29700-23"
157b8d12-c115-446e-a4dc-d12077751fe2,b70740bb-e394-490e-8fd4-271cf6dd2d90,SB 05.00.01,5,SB 05.00.01,Inspection of upper fin P/N 355A14-0522,SB,26-May-2009,SB 05.00.01,,,0:00,,Refer SB
157b8d12-c115-446e-a4dc-d12077751fe2,b70740bb-e394-490e-8fd4-271cf6dd2d90,SB 05.00.02,65,SB 05.00.02 Rev.6,Time Limits - Checking the Ball Bearing in the Tail Rotor Drive Shaft Rear Section Bearing Mounting.,SB*,11-Jul-2016,SB 05.00.02 Rev.6,,,0:00,,Superseded by 01.00.57
157b8d12-c115-446e-a4dc-d12077751fe2,b70740bb-e394-490e-8fd4-271cf6dd2d90,SB 05.00.03,5,SB 05.00.03,Checking the Upper Fin Attachment Fitting.,SB,15-Jul-1982,SB 05.00.03,,,0:00,,Refer SB
157b8d12-c115-446e-a4dc-d12077751fe2,b70740bb-e394-490e-8fd4-271cf6dd2d90,SB 05.00.04,65,SB 05.00.04,Tail Rotor Transmission -Splines on Sliding Flange.,SB*,01-Sep-2007,SB 05.00.04,,,0:00,,Refer SB
157b8d12-c115-446e-a4dc-d12077751fe2,b70740bb-e394-490e-8fd4-271cf6dd2d90,SB 05.00.05,5,SB 05.00.05 Rev.1,Inspection of Bevel Ring Gear Vertical Shaft Bolted Coupling of the MGB Bevel Reduction Gear Module.,SB*,29-Nov-1982,SB 05.00.05 Rev.1,,,0:00,,Refer SB
157b8d12-c115-446e-a4dc-d12077751fe2,b70740bb-e394-490e-8fd4-271cf6dd2d90,SB 05.00.06,64,SB 05.00.06 Rev.6,Time Limits - Inspection Of The Tail Rotor Assembly.,SB*,06-Dec-1982,SB 05.00.06 Rev.6,,,0:00,,AS 355 helicopters Versions E-F-F1-F2-N
157b8d12-c115-446e-a4dc-d12077751fe2,b70740bb-e394-490e-8fd4-271cf6dd2d90,SB 05.00.07,5,SB 05.00.07,Time Limits - Monitoring of the Main Gearbox Oil,SB*,29-Nov-1982,SB 05.00.07,,,0:00,,Refer SB
157b8d12-c115-446e-a4dc-d12077751fe2,b70740bb-e394-490e-8fd4-271cf6dd2d90,SB 05.00.08,63,SB 05.00.08 Rev.2,MAin rotor mast shaft monitoring,SB,26-May-2009,SB 05.00.08 Rev.2,,,0:00,,Refer SB
157b8d12-c115-446e-a4dc-d12077751fe2,b70740bb-e394-490e-8fd4-271cf6dd2d90,SB 05.00.09,5,SB 05.00.09 Rev.2,Checking Combining Gearbox LH and RH Input Flanges for Wear.,SB*,17-Jun-1983,SB 05.00.09 Rev.2,,,0:00,,Refer SB
157b8d12-c115-446e-a4dc-d12077751fe2,b70740bb-e394-490e-8fd4-271cf6dd2d90,SB 05.00.10,5,SB 05.00.10 Rev.1,Monitoring Horizontl stabilizer P/N 355A13-0520-01-01,SB,26-May-2009,SB 05.00.10 Rev.1,,,0:00,,Refer SB
157b8d12-c115-446e-a4dc-d12077751fe2,b70740bb-e394-490e-8fd4-271cf6dd2d90,SB 05.00.11,5,SB 05.00.11,Aircraft equipped with sliding doorsP/N 350A25-0030-00 and 350A25-0030-01,SB,26-May-2009,SB 05.00.11,,,0:00,,Refer SB
157b8d12-c115-446e-a4dc-d12077751fe2,b70740bb-e394-490e-8fd4-271cf6dd2d90,SB 05.00.12,5,SB 05.00.12,Abandoned,SB#,26-May-2009,SB 05.00.12,,,0:00,,Abandoned
157b8d12-c115-446e-a4dc-d12077751fe2,b70740bb-e394-490e-8fd4-271cf6dd2d90,SB 05.00.13,5,SB 05.00.13 Ra,"Main rotor shaft P/N 350A37-1076-04,-05 or -06 equipping AS 355 helicopters all versions",SB,26-May-2009,SB 05.00.13 Ra,,,0:00,,Refer SB
157b8d12-c115-446e-a4dc-d12077751fe2,b70740bb-e394-490e-8fd4-271cf6dd2d90,SB 05.00.14,5,SB 05.00.14,Time Limits - Monitoring Fuselage to Tail Boom Junction.,SB*,19-Jul-1985,SB 05.00.14,,,0:00,,Refer SB
157b8d12-c115-446e-a4dc-d12077751fe2,b70740bb-e394-490e-8fd4-271cf6dd2d90,SB 05.00.14 R1,53,SB 05.00.14 R1,Monitoring Fuselage to Tail boom Junction.,SB,16-Mar-2022,SB 05.00.14 R1,,,0:00,,AS 355 Helicopters
157b8d12-c115-446e-a4dc-d12077751fe2,b70740bb-e394-490e-8fd4-271cf6dd2d90,SB 05.00.15,5,SB 05.00.15 Rev.1,"Time Limits - Checking the MGB and Engine Cowling ""DZUS"" Fasteners.",SB,05-Mar-1986,SB 05.00.15 Rev.1,,,0:00,,Refer SB
157b8d12-c115-446e-a4dc-d12077751fe2,b70740bb-e394-490e-8fd4-271cf6dd2d90,SB 05.00.16,5,SB 05.00.16 Rev.1,"Monitoring the ends of MGB suspension bars P/N 355A38-0040-02.-03,-04,-05",SB,26-May-2009,SB 05.00.16 Rev.1,,,0:00,,Refer SB
157b8d12-c115-446e-a4dc-d12077751fe2,b70740bb-e394-490e-8fd4-271cf6dd2d90,SB 05.00.17,5,SB 05.00.17,Time Limits - Combining Gearbox Module Service-Life Evolution.,SB$,22-Apr-1987,SB 05.00.17,,,0:00,,AS 355 helicopters All versions
157b8d12-c115-446e-a4dc-d12077751fe2,b70740bb-e394-490e-8fd4-271cf6dd2d90,SB 05.00.18,66,SB 05.00.18,Time Limits - Checking Tail Gear Box Casing P/N 350A33-1090-00.,SB,25-Sep-1987,SB 05.00.18,,,0:00,,Refer SB
157b8d12-c115-446e-a4dc-d12077751fe2,b70740bb-e394-490e-8fd4-271cf6dd2d90,SB 05.00.19,5,SB 05.00.19,Montoring main rotor pitch change control rod end fittings,SB*,26-May-2009,SB 05.00.19,,,0:00,,Refer SB
157b8d12-c115-446e-a4dc-d12077751fe2,b70740bb-e394-490e-8fd4-271cf6dd2d90,SB 05.00.20,5,SB 05.00.20 Rev 2,Time Limits - MGB Oil Cooler Fan Vibration Level Check.,SB,01-Feb-1989,SB 05.00.20 Rev 2,,,0:00,,Refer SB
157b8d12-c115-446e-a4dc-d12077751fe2,b70740bb-e394-490e-8fd4-271cf6dd2d90,SB 05.00.21,5,SB 05.00.21,Vibration check of MGB oil cooler fan,SB,26-May-2009,SB 05.00.21,,,0:00,,Refer SB
157b8d12-c115-446e-a4dc-d12077751fe2,b70740bb-e394-490e-8fd4-271cf6dd2d90,SB 05.00.22,55,SB 05.00.22,Time Limits/Maintenance Checks - Control of the Horizontal Stabilizer P/N 355A13.0520.0201,SB*,10-Nov-1989,SB 05.00.22,,,0:00,,Ecureuil AS 355 h/c versions E-F-F1-F2-M2 mounted with subject stabilizer
157b8d12-c115-446e-a4dc-d12077751fe2,b70740bb-e394-490e-8fd4-271cf6dd2d90,SB 05.00.23,100,SB 05.00.23 Rev.1,Time Limits - Checking The Bonding Of The Stainless Steel Leading Edge.,SB*,20-Sep-1990,SB 05.00.23 Rev.1,,,0:00,,AS 355 helicopters versions E-F-F1-F2-N-M2 equipped with main blades P/N 355A11.0020 all dash numbers
157b8d12-c115-446e-a4dc-d12077751fe2,b70740bb-e394-490e-8fd4-271cf6dd2d90,SB 05.00.24,63,SB 05.00.24,TIME LIMITS Addition of a Calendar Time Limit for the Dynamic Assemblies,SB,20-Dec-2021,SB 05.00.24,,,0:00,,CIVIL VERSION(S): E-F-F1-F2-N
157b8d12-c115-446e-a4dc-d12077751fe2,b70740bb-e394-490e-8fd4-271cf6dd2d90,SB 05.00.24,100,SB 05.00.24 Rev.1,Time Limits - Addition of a Calender Time Limit for the Dynamic Assemblies.,SB*,05-Sep-2001,SB 05.00.24 Rev.1,,,0:00,,"Dynamic assemblies, all part numbers and all dash numbers: - Main rotor head - Main rotor mast - Main gearbox - Engine-to-MGB coupling - Tail rotor drive - Tail gearbox."
157b8d12-c115-446e-a4dc-d12077751fe2,b70740bb-e394-490e-8fd4-271cf6dd2d90,SB 05.00.25,64,SB 05.00.25,Time Limits - TRH:Monitoring Of Pitch-Change Lever End Yokes.,SB,16-Mar-1993,SB 05.00.25,,,0:00,,All AS 355 Helicopters-Versions E-F-F1-F2
157b8d12-c115-446e-a4dc-d12077751fe2,b70740bb-e394-490e-8fd4-271cf6dd2d90,SB 05.00.26,52,SB 05.00.26 Rev.1,Time Limits - Sliding Window Of RH And LH Standard And Sliding Door,SB*,13-May-1993,SB 05.00.26 Rev.1,,,0:00,,All AS 355 Helicopters-Versions E-F-F1-F2-N
157b8d12-c115-446e-a4dc-d12077751fe2,b70740bb-e394-490e-8fd4-271cf6dd2d90,SB 05.00.27,72,SB 05.00.27,Time Limits - P2 System Three-Way Union.,SB,21-Oct-1993,SB 05.00.27,,,0:00,,All AS 355 Helicopters-Versions E-F-F1-F2-N
157b8d12-c115-446e-a4dc-d12077751fe2,b70740bb-e394-490e-8fd4-271cf6dd2d90,SB 05.00.28,5,SB 05.00.28,Tail rotor blade pitch change lever,SB*,09-Oct-1995,SB 05.00.28,,,0:00,,All tail rotor blade pitch levers installed on the aircraft.
157b8d12-c115-446e-a4dc-d12077751fe2,b70740bb-e394-490e-8fd4-271cf6dd2d90,SB 05.00.29,5,SB 05.00.29,Time Limits - Checking the Main Gear Box Suspension Bi-Directional Cross Beam.,SB*,26-May-1997,SB 05.00.29,,,0:00,,"The MGB suspension bi-directional cross beams P/N: 350A38-1018-all dash numbers, installed on the complete cross beam assemblies P/N: 350A38-0210-all dash numbers."
157b8d12-c115-446e-a4dc-d12077751fe2,b70740bb-e394-490e-8fd4-271cf6dd2d90,SB 05.00.31,55,SB 05.00.31 Rev.1,Time Limits - Check of Upper and Lower Fin Attachment Screws and Spar Fittings.,SB*,25-May-2000,SB 05.00.31 Rev.1,,,0:00,,Tail boom upper and lower fins pre- and post-MOD 073012.
157b8d12-c115-446e-a4dc-d12077751fe2,b70740bb-e394-490e-8fd4-271cf6dd2d90,SB 05.00.32 R2,62,,TIME LIMITS Corrosion Check and Corrosion Prevention at the Lower Bearing and on the Splines of the Main Rotor Shaft.,SB#,02-Apr-2021,SB 05.00.32 R2,,,0:00,,Main rotor shafts P/Nos.: 350A37-1076-04 to 12 pre and post MOD 076202. 350A37-1290-00 to 05 pre and post MOD 076201.
157b8d12-c115-446e-a4dc-d12077751fe2,b70740bb-e394-490e-8fd4-271cf6dd2d90,SB 05.00.32,5,SB 05.00.32 Rev.1,Time Limits - Corrosion Check and Corrosion Prevention at the Lower Bearing and on the Splines of the Main Rotor Shaft.,SB*,06-Mar-2001,SB 05.00.32 Rev.1,,,0:00,,Main rotor shafts P/Nos.: 350A37-1076-04 to 12 pre and post MOD 076202. 350A37-1290-00 to 05 pre and post MOD 076201.
157b8d12-c115-446e-a4dc-d12077751fe2,b70740bb-e394-490e-8fd4-271cf6dd2d90,SB 05.00.34,5,SB 05.00.34,No reserved,SB#,26-May-2009,SB 05.00.34,,,0:00,,No reserved
157b8d12-c115-446e-a4dc-d12077751fe2,b70740bb-e394-490e-8fd4-271cf6dd2d90,SB 05.00.35,100,SB 05.00.35 Rev.1,Time Limits - Maintenance Checks Check for Absence of Play in the Pilot and Copilot Windshield WiperArm Attachment.,SB*,10-Mar-2004,SB 05.00.35 Rev.1,,,0:00,,"A/C equipped with Pilot and Copilot Windshield wiper arms P/N 350A89.1037.01,except aircraft modified per Mod 073194"
157b8d12-c115-446e-a4dc-d12077751fe2,b70740bb-e394-490e-8fd4-271cf6dd2d90,SB 05.00.37,5,SB 05.00.37 Rev.2,Separation of the bush from the STARFLEX star arm end,SB,26-May-2009,SB 05.00.37 Rev.2,,,0:00,,Refer SB
157b8d12-c115-446e-a4dc-d12077751fe2,b70740bb-e394-490e-8fd4-271cf6dd2d90,SB 05.00.41 R1,25,SB 05.00.41 R1,Time Limits - Maintenance Checks - Check and Repair of the Buckets of Pilot and Copilot Seats,SB*,15-Nov-2018,SB 05.00.41 R1,,,0:00,,Pilot and Copilot Seats P/N 350A77-0068-01
157b8d12-c115-446e-a4dc-d12077751fe2,b70740bb-e394-490e-8fd4-271cf6dd2d90,SB 05.00.42,53,SB 05.00.42 Rev.2,Time Limits - Maintenance Checks Rear Structure - Checks of the Rear Frame.,SB*,27-Jul-2020,SB 05.00.42 Rev.2,,,0:00,,Rear structure /tail boom junction frame pre Mod 073215
157b8d12-c115-446e-a4dc-d12077751fe2,b70740bb-e394-490e-8fd4-271cf6dd2d90,SB 05.00.46,5,SB 05.00.46 Rev.1,Blade of RH cabin vibration damper all Part No.,SB,26-May-2009,SB 05.00.46 Rev.1,,,0:00,,"All H/c fitted with an automatic flight control system, all design standards."
157b8d12-c115-446e-a4dc-d12077751fe2,b70740bb-e394-490e-8fd4-271cf6dd2d90,SB 05.00.47,5,SB 05.00.47 Rev 1,Time Limits - Maintenance Checks-Collective Pitch and Yaw Pitch Anticipator Potentiometers,SB,22-Mar-2013,SB 05.00.47 Rev 1,,,0:00,,Helicopters equipped with Collective pitch and yaw pitch anticipator potentiometers
157b8d12-c115-446e-a4dc-d12077751fe2,b70740bb-e394-490e-8fd4-271cf6dd2d90,SB 05.00.49,5,SB 05.00.49,Life raft kit checks,SB,31-Aug-2007,SB 05.00.49,,,0:00,,Helicopters equipped with life raft kit P/N 206994-0
157b8d12-c115-446e-a4dc-d12077751fe2,b70740bb-e394-490e-8fd4-271cf6dd2d90,SB 05.00.50,53,SB 05.00.50,Time Limits - Maintenance checks - Check of the Upper and Lower FIn spar Attachments Frame And Screws Assembly .,SB*,25-May-2007,SB 05.00.50,,,0:00,,Upper and Lower FIn spar Attachments Frame And Screws Assembly
157b8d12-c115-446e-a4dc-d12077751fe2,b70740bb-e394-490e-8fd4-271cf6dd2d90,SB 05.00.53,5,SB 05.00.53 Rev.1,Emegency floatation gear float cover,SB$,20-Jul-2009,SB 05.00.53 Rev.1,,,0:00,,"Eurocopter AS 355, E, F, F1, F2, N, NP versions Helicopters equipped with emergency floatation gear."
157b8d12-c115-446e-a4dc-d12077751fe2,b70740bb-e394-490e-8fd4-271cf6dd2d90,SB 05.00.54,29,SB 05.00.54 Rev.2,Time Limits - Maintenance Checks - Check the Yaw load compensator accumulator charging pressure,SB*,08-Oct-2012,SB 05.00.54 Rev.2,,,0:00,,"Eurocopter AS 355 F2, N, NP helicopters equipped with yaw load compensator accumulator."
157b8d12-c115-446e-a4dc-d12077751fe2,b70740bb-e394-490e-8fd4-271cf6dd2d90,05.00.55,53,SB 05.00.55 Rev 1,FUSELAGE-Visual Check for Cracks in the Lower Crossbeams of the Yaw Control Bellcrank Support,SB*,23-Oct-2014,SB 05.00.55 Rev 1,,,0:00,,"Applicable to CIVIL VERSION(S): E, F, F1, F2, N, NP and Helicopters equipped with the lower crossbeams of the yaw control bellcrank support PRE MOD 073466."
157b8d12-c115-446e-a4dc-d12077751fe2,b70740bb-e394-490e-8fd4-271cf6dd2d90,05.00.60,33,SB 05.00.60,"LIGHTS - Position lights Inspection of the optional equipment: ""Position strobe lights""",SB,22-Dec-2012,SB 05.00.60,,,0:00,,"Applicable to Civil Version E, F, F1, F2, N, NP"
157b8d12-c115-446e-a4dc-d12077751fe2,b70740bb-e394-490e-8fd4-271cf6dd2d90,05.00.61,65,SB 05.00.61 R1,Time Limits - Maintenance Checks - Tail Rotor Drive Fan Support,SB*,20-Jul-2015,SB 05.00.61 R1,,,0:00,,"Applicable to AS 355 Helicopter Civil version(s): E, F, F1, F2, N"
157b8d12-c115-446e-a4dc-d12077751fe2,b70740bb-e394-490e-8fd4-271cf6dd2d90,SB 05.00.61 R2,65,SB 05.00.61 R2,TIME LIMITS - MAINTENANCE CHECKS - TAIL ROTOR DRIVE Fan Support,SB,04-May-2022,SB 05.00.61 R2,,,0:00,,"Civil version(s): E, F, F1, F2, N"
157b8d12-c115-446e-a4dc-d12077751fe2,b70740bb-e394-490e-8fd4-271cf6dd2d90,SB 05.00.64 R1,80,,"TIME LIMITS - MAINTENANCE CHECKS - Engine starting SKURKA (ex APC) starter-generators (MP/N) 150SG111Q, 150SG117Q and 150SG117Q-1",SB*,25-Mar-2021,SB 05.00.64 R1,,,0:00,,"Helicopters equipped with SKURKA (ex APC) starter-generator with part number (MP/N) 150SG111Q, 150SG117Q or 150SG117Q-1."
157b8d12-c115-446e-a4dc-d12077751fe2,b70740bb-e394-490e-8fd4-271cf6dd2d90,05.00.66 R1,5,SB 05.00.66 R1,Time Limits - Maintenance Checks - Fuel Tank Draining Check of the condition of the drain control cables,SB*,03-Dec-2020,SB 05.00.66 R1,,,0:00,,"Civil version(s): E, F, F1, F2, N, NP Applicable to AS 355 F1 Helicopters equipped with a tank drain assembly with cable clamp"
157b8d12-c115-446e-a4dc-d12077751fe2,b70740bb-e394-490e-8fd4-271cf6dd2d90,05.00.67,5,SB 05.00.67 R1,FUSELAGE - Bottom Structure Check of the front lower part of the bottom structure (X970-Y400),SB*,22-Mar-2018,SB 05.00.67 R1,,,0:00,,"This SB is no longer applicable, following the integration of its contents in the documentation."
157b8d12-c115-446e-a4dc-d12077751fe2,b70740bb-e394-490e-8fd4-271cf6dd2d90,11.00.01,11,SB 11.00.01,"PLACARDS AND MARKINGS INSTALLATION OF EMERGENCY ""EXIT"" LABELS-Corresponds to MOD 07 4213",SB,11-Jan-2011,SB 11.00.01,,,0:00,,"Applicable to Civil version(s): E, F, F1, F2, N, NP"
157b8d12-c115-446e-a4dc-d12077751fe2,b70740bb-e394-490e-8fd4-271cf6dd2d90,SB 12.00.01,5,SB 12.00.01,Routine Servicing - Crimping Contacts On MTA Connectors.,SB$,17-Sep-1992,SB 12.00.01,,,0:00,,All AS 355 Helicopters-Versions E-F-F1-F2
157b8d12-c115-446e-a4dc-d12077751fe2,b70740bb-e394-490e-8fd4-271cf6dd2d90,20.00.01,20,SB 20.00.01,"STANDARD PRACTICES - AIRFRAME Detailed storage conditions for parking, immobilization and maintenance operation",SB,29-Apr-2020,SB 20.00.01,,,0:00,,"Helicopters versions AS350, AS355, AS550, AS555 and EC130."
157b8d12-c115-446e-a4dc-d12077751fe2,b70740bb-e394-490e-8fd4-271cf6dd2d90,SB 21.00.01,21,SB 21.00.01,P2 hot air bleed rate increased,SB$,26-May-2009,SB 21.00.01,,,0:00,,Refer SB
157b8d12-c115-446e-a4dc-d12077751fe2,b70740bb-e394-490e-8fd4-271cf6dd2d90,SB 21.00.02,21,SB 21.00.02,Air Conditioning - Cabin Ventilation Air Intake.,SB$,11-Jan-1984,SB 21.00.02,,,0:00,,Refer SB
157b8d12-c115-446e-a4dc-d12077751fe2,b70740bb-e394-490e-8fd4-271cf6dd2d90,SB 21.00.03,21,SB 21.00.03,"Air Conditioning - New P2 valve, Heating and Dimisting Control.",SB$,28-Sep-1988,SB 21.00.03,,,0:00,,All AS 355 Helicopters-Versions E-F-F1-F2-M2-N
157b8d12-c115-446e-a4dc-d12077751fe2,b70740bb-e394-490e-8fd4-271cf6dd2d90,SB 21.00.04,21,SB 21.00.04,Air Conditioning - Improved Sealing of Cabin Ventilation Unit.,SB$,21-Nov-1988,SB 21.00.04,,,0:00,,All AS 355 Helicopters- All Versions
157b8d12-c115-446e-a4dc-d12077751fe2,b70740bb-e394-490e-8fd4-271cf6dd2d90,SB 21.00.05,21,SB 21.00.05 Rev.1,Air Conditioning - New Material for Engine P2 Air Bleed System.,SB,18-Feb-1991,SB 21.00.05 Rev.1,,,0:00,,All AS 355 Helicopters-Versions E-F-F1-F2-M2
157b8d12-c115-446e-a4dc-d12077751fe2,b70740bb-e394-490e-8fd4-271cf6dd2d90,SB 21.00.06,21,SB 21.00.06,No longer used,SB#,26-May-2009,SB 21.00.06,,,0:00,,No longer used
157b8d12-c115-446e-a4dc-d12077751fe2,b70740bb-e394-490e-8fd4-271cf6dd2d90,SB 21.00.07,21,SB 21.00.07,Air Conditioning - P2 Pipe Assembly.,SB,30-Nov-1995,SB 21.00.07,,,0:00,,"AS 355 helicopters. Versions: E, F, F1, F2, N."
157b8d12-c115-446e-a4dc-d12077751fe2,b70740bb-e394-490e-8fd4-271cf6dd2d90,21.00.11,21,SB 21.00.11,AIR CONDITIONING-Modification of the cable protection device used to supply power to the air conditioning power fans Corresponds to drawing 355A636030.01.,SB,13-Oct-2011,SB 21.00.11,,,0:00,,Applicable Civil Version: NP
157b8d12-c115-446e-a4dc-d12077751fe2,b70740bb-e394-490e-8fd4-271cf6dd2d90,ASB21.00.21,21,SB 21.00.21,Air Conditioning - P2 Hot Air Bleed Rate Increased.,SB,18-Dec-1981,SB 21.00.21,,,0:00,,
157b8d12-c115-446e-a4dc-d12077751fe2,b70740bb-e394-490e-8fd4-271cf6dd2d90,SB 23.00.01,23,SB 23.00.01,Communications - Installation of a VHF Antenna in the Ventilation Air Intake.,SB$,27-Jun-1983,SB 23.00.01,,,0:00,,All AS 355 Type F Helicopters-
157b8d12-c115-446e-a4dc-d12077751fe2,b70740bb-e394-490e-8fd4-271cf6dd2d90,ASB23.00.01,24,SB 23.00.01 R2,Electrical Power - Starting in Very Cold Weather,SB,26-Jun-1997,SB 23.00.01 R2,,,0:00,,
157b8d12-c115-446e-a4dc-d12077751fe2,b70740bb-e394-490e-8fd4-271cf6dd2d90,SB 23.00.02,23,SB 23.00.02 Ra,Communications - Relocation of the DME Antenna From the Tail Boom to the Cabin Lower Fairing,SB$,23-Nov-1984,SB 23.00.02 Ra,,,0:00,,Refer SB
157b8d12-c115-446e-a4dc-d12077751fe2,b70740bb-e394-490e-8fd4-271cf6dd2d90,SB 23.00.03,23,SB 23.00.03,Communications - SSB Antenna Installation Modification.,SB,20-Sep-1990,SB 23.00.03,,,0:00,,All AS 355 Helicopters-Versions E-F-F1-F2-M-N fitted with an SSB antenna
157b8d12-c115-446e-a4dc-d12077751fe2,b70740bb-e394-490e-8fd4-271cf6dd2d90,SB 24.00.01,24,SB 24.00.01 Rev.5,Electrical Power - Cold Weather Starting.,SB#,21-Oct-1981,SB 24.00.01 Rev.5,,,0:00,,All AS 355 Helicopters-Versions F-F1-F2-N-NP.
157b8d12-c115-446e-a4dc-d12077751fe2,b70740bb-e394-490e-8fd4-271cf6dd2d90,SB 24.00.02,24,SB 24.00.02,Electrical Power - Fuse Box on the (Direct from Battery) Circuit.,SB$,04-Feb-1982,SB 24.00.02,,,0:00,,All AS 355 Helicopters-Versions E and F
157b8d12-c115-446e-a4dc-d12077751fe2,b70740bb-e394-490e-8fd4-271cf6dd2d90,SB 24.00.03,24,SB 24.00.03,"Electrical Power - Cut-out on ""Direct Battery"" Circuits.",SB,22-Jan-1982,SB 24.00.03,,,0:00,,Refer SB
157b8d12-c115-446e-a4dc-d12077751fe2,b70740bb-e394-490e-8fd4-271cf6dd2d90,SB 24.00.04,24,SB 24.00.04,AC Generation - AC generation System No.1,SB$,21-Dec-1982,SB 24.00.04,,,0:00,,All AS 355 Helicopters-Versions E and F
157b8d12-c115-446e-a4dc-d12077751fe2,b70740bb-e394-490e-8fd4-271cf6dd2d90,SB 24.00.05,24,SB 24.00.05,AC Generation System - Ac Generation System No.2,SB$,21-Dec-1982,SB 24.00.05,,,0:00,,All AS 355 Helicopters-Versions E and F
157b8d12-c115-446e-a4dc-d12077751fe2,b70740bb-e394-490e-8fd4-271cf6dd2d90,SB 24.00.06,24,SB 24.00.06,Electrical Power - Protection of Ground Power Receptacle Circuit Against Overvoltage.,SB$,27-Aug-1986,SB 24.00.06,,,0:00,,All AS 355 Helicopters- All Versions having received modification AMS 350A07-1123 improvement of the electrical power system for IFR a/c
157b8d12-c115-446e-a4dc-d12077751fe2,b70740bb-e394-490e-8fd4-271cf6dd2d90,SB 24.00.07,24,SB 24.00.07 Rev.1,Electrical Power - Simplified Starting Procedure and Shielded Electrical Master Boxes.,SB$,31-Jul-1989,SB 24.00.07 Rev.1,,,0:00,,"All AS 355 Helicopters-Versions E-F-F1-F2-M2 equipped with 1 or 2 starting batteries, post modification 1123"
157b8d12-c115-446e-a4dc-d12077751fe2,b70740bb-e394-490e-8fd4-271cf6dd2d90,SB 24.00.10,24,SB 24.00.10,Electrical Power - Power Supply to the Direct battery Busbar via the Ground Power Recepticle,SB$,30-Mar-1992,SB 24.00.10,,,0:00,,All AS 355 Helicopters-Version N
157b8d12-c115-446e-a4dc-d12077751fe2,b70740bb-e394-490e-8fd4-271cf6dd2d90,SB 24.00.12,24,SB 24.00.12 Rev.1,Electrical Power - Starting in Very Cold Weather.,SB$,25-Aug-2007,SB 24.00.12 Rev.1,,,0:00,,"All AS 355 Helicopters-Versions F1,F2 and N"
157b8d12-c115-446e-a4dc-d12077751fe2,b70740bb-e394-490e-8fd4-271cf6dd2d90,SB 24.00.13,24,SB 24.00.13 Rev 1,Electrical Power Generation - DC electrical power generation,SB$,08-Jul-2013,SB 24.00.13 Rev 1,,,0:00,,"AS 355 helicopters - Versions E, F, F1, F2, N."
157b8d12-c115-446e-a4dc-d12077751fe2,b70740bb-e394-490e-8fd4-271cf6dd2d90,SB 24.00.15,24,SB 24.00.15 Rev.1,Elecreical Power - Upgade of Electrical Master Boxes.,SB,30-Sep-2003,SB 24.00.15 Rev.1,,,0:00,,"All AS 355 Helicopters-Versions E,F,F1,F2,N certified for VFR conditions"
157b8d12-c115-446e-a4dc-d12077751fe2,b70740bb-e394-490e-8fd4-271cf6dd2d90,24.00.16,24,SB 24.00.16,"ELECTRICAL POWER - Dual DC electrical power system Improvement of the electrical ""engine fire detection"" system",SB#,07-Mar-2016,SB 24.00.16,,,0:00,,"AS355 Civil version(s): NP. Helicopters equipped with a ""Vehicle and Engine Multifunction Display"" (VEMD) POST MOD 073265 and which do not embody modification 355A08451700."
157b8d12-c115-446e-a4dc-d12077751fe2,b70740bb-e394-490e-8fd4-271cf6dd2d90,ASB24.00.26,24,SB 24.00.26,Electrical Power - Protection of Ground Power Recepticle Circuit Against Overvoltage,SB,27-Aug-1986,SB 24.00.26,,,0:00,,
157b8d12-c115-446e-a4dc-d12077751fe2,b70740bb-e394-490e-8fd4-271cf6dd2d90,SB 25.00.01,25,SB 25.00.01,Instalation of Two Passenger Seat on Copilot's side,SB$,28-May-1981,SB 25.00.01,,,0:00,,Never Issued
157b8d12-c115-446e-a4dc-d12077751fe2,b70740bb-e394-490e-8fd4-271cf6dd2d90,SB 25.00.02,25,SB 25.00.02,"Equipment and Furnishings -Jettisoning Installation:Hoist,Cargo Swing,Flares.",SB$,02-Apr-1982,SB 25.00.02,,,0:00,,"AS 355 Helicopters ,versions E and F"
157b8d12-c115-446e-a4dc-d12077751fe2,b70740bb-e394-490e-8fd4-271cf6dd2d90,SB 25.00.03,25,SB 25.00.03.Rev 3,Equipment and Furnishings -Jolliet JE2 Emergency Locater Transmitter Installation at the Rear of the Aircraft.,SB$,23-Nov-1984,SB 25.00.03.Rev 3,,,0:00,,"AS 355 Helicopters ,versions E-F-F1-F2."
157b8d12-c115-446e-a4dc-d12077751fe2,b70740bb-e394-490e-8fd4-271cf6dd2d90,SB 25.00.04,25,SB 25.00.04 Rev.5,Equipment and Furnishings -1045 Kg Capacity Cargo Installation - Fixed Parts Common to SIREN and E.R.C.,SB$,07-Oct-2003,SB 25.00.04 Rev.5,,,0:00,,"AS355, N-E-F-F1-F2-NP Helicopters."
157b8d12-c115-446e-a4dc-d12077751fe2,b70740bb-e394-490e-8fd4-271cf6dd2d90,SB 25.00.05,25,SB 25.00.05 Rev.3,"Equipment and Furnishings - ""Navy Type"" Blade Folding Insatllation (Fixed Part)",SB$,05-Feb-2003,SB 25.00.05 Rev.3,,,0:00,,"AS 355 Helicopters ,versions E, F, F1, F2, N."
157b8d12-c115-446e-a4dc-d12077751fe2,b70740bb-e394-490e-8fd4-271cf6dd2d90,SB 25.00.06,25,SB 25.00.06,Equipment and Furnishings - SHERMULLY flame Installation,SB$,27-Jun-1983,SB 25.00.06,,,0:00,,"AS 355 Helicopters ,versions E and F"
157b8d12-c115-446e-a4dc-d12077751fe2,b70740bb-e394-490e-8fd4-271cf6dd2d90,SB 25.00.07,25,SB 25.00.07 Rev.5,Equipment and Furnishings - AERAZUR helium type emergency floation gear installation (Fixed Parts).,SB*,17-Apr-2012,SB 25.00.07 Rev.5,,,0:00,,"AS 355 F, F1, F2, N."
157b8d12-c115-446e-a4dc-d12077751fe2,b70740bb-e394-490e-8fd4-271cf6dd2d90,SB 25.00.08,25,SB 25.00.08 Rev.1,Equipment and Furnishings - Installation of Two External Rear view Mirrors.,SB$,12-Jan-1983,SB 25.00.08 Rev.1,,,0:00,,"AS 355 Helicopters ,versions E and F"
157b8d12-c115-446e-a4dc-d12077751fe2,b70740bb-e394-490e-8fd4-271cf6dd2d90,SB 25.00.09,25,SB 25.00.09,Equipment and Furnishings - To Enable Simultaneous Fitment of Hoist and Ferry Tank Installation.,SB$,04-Feb-1983,SB 25.00.09,,,0:00,,All AS 355 Helicopters
157b8d12-c115-446e-a4dc-d12077751fe2,b70740bb-e394-490e-8fd4-271cf6dd2d90,SB 25.00.10,25,SB 25.00.10 Rev.1,Equipment / Furnishings - Ferry Tank (Fixed Part).,SB$,24-Feb-1983,SB 25.00.10 Rev.1,,,0:00,,All AS 355 Helicopters
157b8d12-c115-446e-a4dc-d12077751fe2,b70740bb-e394-490e-8fd4-271cf6dd2d90,SB 25.00.11,25,SB 25.00.11 Rev.2,Equipment and Furnishings - 136kg/ 300lbs Hoist Fixed Part Installation,SB$,05-Jul-2007,SB 25.00.11 Rev.2,,,0:00,,"AS355, E-F-F1-F2-N helicopters equipped with fixed Part of 136Kgs/300 lbs hoists installation"
157b8d12-c115-446e-a4dc-d12077751fe2,b70740bb-e394-490e-8fd4-271cf6dd2d90,SB 25.00.12,25,SB 25.00.12 Rev.4,Equipment and Furnishings - Aeromedical Evacuation Installation(Fixed Parts),SB,21-Jul-2011,SB 25.00.12 Rev.4,,,0:00,,"AS355, E-F-F1-F2-N helicopter pre Mod OP0146, OP0179, 070899, 070970 and pre MOD or Post Mod 071644."
157b8d12-c115-446e-a4dc-d12077751fe2,b70740bb-e394-490e-8fd4-271cf6dd2d90,SB 25.00.13,25,SB 25.00.13 Rev.3,Equipment and Furnishings - High and Low Back Bucket Seats.,SB,25-Apr-1997,SB 25.00.13 Rev.3,,,0:00,,"AS 355 helicopters, versions E, F, F1, F2."
157b8d12-c115-446e-a4dc-d12077751fe2,b70740bb-e394-490e-8fd4-271cf6dd2d90,SB 25.00.14,25,SB 25.00.14,Equipment and Furnishings - Emergency Floatation Gear :Relocation of Circuit Breakers.,SB$,09-Jul-1984,SB 25.00.14,,,0:00,,All AS 355 Helicopters-All Versions eqipped with floatation gear
157b8d12-c115-446e-a4dc-d12077751fe2,b70740bb-e394-490e-8fd4-271cf6dd2d90,SB 25.00.15,25,SB 25.00.15.Rev.1,Equipment and Furnishings - Installing Mooring Rings.,SB$,21-Jul-2011,SB 25.00.15.Rev.1,,,0:00,,All AS 355 Helicopters-All Versions
157b8d12-c115-446e-a4dc-d12077751fe2,b70740bb-e394-490e-8fd4-271cf6dd2d90,SB 25.00.16,25,SB 25.00.16 R1,Equipment and Furnishings - Compatibility of the Air Ambulance Installation with the Autopilot Coupler.,SB$,13-Apr-2015,SB 25.00.16 R1,,,0:00,,SB is no longer Applicable
157b8d12-c115-446e-a4dc-d12077751fe2,b70740bb-e394-490e-8fd4-271cf6dd2d90,SB 25.00.17,25,SB 25.00.17,Map holde nets on pilot and copilot seats,SB#,26-May-2009,SB 25.00.17,,,0:00,,Supersceded by Sb No.25.00.29
157b8d12-c115-446e-a4dc-d12077751fe2,b70740bb-e394-490e-8fd4-271cf6dd2d90,SB 25.00.18,25,SB 25.00.18 Rev.2,Equipment and Furnishings -Outside Panoramic Rear view Mirror,SB,03-Oct-2002,SB 25.00.18 Rev.2,,,0:00,,"This SB is no longer applicable as form July 01, 2011."
157b8d12-c115-446e-a4dc-d12077751fe2,b70740bb-e394-490e-8fd4-271cf6dd2d90,SB 25.00.19,25,SB 25.00.19,Equipment and Furnishings - Rear Bench Seat - Reinforcemecnt of Cushion Attachment.,SB$,27-Feb-1987,SB 25.00.19,,,0:00,,All AS 355 Helicopters-All Versions
157b8d12-c115-446e-a4dc-d12077751fe2,b70740bb-e394-490e-8fd4-271cf6dd2d90,SB 25.00.20,25,SB 25.00.20,Equipment and Furnishings - Console Trimmings.,SB,02-Apr-1987,SB 25.00.20,,,0:00,,Refer SB
157b8d12-c115-446e-a4dc-d12077751fe2,b70740bb-e394-490e-8fd4-271cf6dd2d90,SB 25.00.22,25,SB 25.00.22,Equipment and Furnishings -Improvement of the Cargo Swing Emergency Manual Control.,SB,04-Aug-1987,SB 25.00.22,,,0:00,,All AS 355 Helicopters-All Versions equipped with cargo swing with the SIREN S1609-5 release nut
157b8d12-c115-446e-a4dc-d12077751fe2,b70740bb-e394-490e-8fd4-271cf6dd2d90,SB 25.00.23,25,SB 25.00.23,Equipment and Furnishings - Cargo Swing Installation - Removable Parts: New Reinforced Gauge Type Shackle and Electrical Connector.,SB$,10-Nov-1987,SB 25.00.23,,,0:00,,All AS 355 Helicopters-All Versions equipped with cargo swing installation
157b8d12-c115-446e-a4dc-d12077751fe2,b70740bb-e394-490e-8fd4-271cf6dd2d90,SB 25.00.24,25,SB 25.00.24 Rev.2,Equipment and Furnishings - Cable Cutter Installation.,SB$,20-Jun-2011,SB 25.00.24 Rev.2,,,0:00,,All AS 355 Helicopters-Versions E-F-F1-F2-M2-N equipped for VFR or IFR and two pilot version equipped for IFR
157b8d12-c115-446e-a4dc-d12077751fe2,b70740bb-e394-490e-8fd4-271cf6dd2d90,SB 25.00.25,25,SB 25.00.25,Equipment and Furnishings - First Aid Kit + Emergency Axe Installation (Public Air Transport).,SB$,13-Feb-1990,SB 25.00.25,,,0:00,,All AS 355 Helicopters-Versions E-F-F1-F2 fitted with emergency axe and first aid kit installation
157b8d12-c115-446e-a4dc-d12077751fe2,b70740bb-e394-490e-8fd4-271cf6dd2d90,SB 25.00.26,25,SB 25.00.26,Equipment/Furnishings - Definition of a Glass Cloth High Back Seat Assy and a Shoulder Harness System.,SB$,18-Apr-1990,SB 25.00.26,,,0:00,,All AS 355 Helicopters-Versions E-F-F1-F2-N-M2
157b8d12-c115-446e-a4dc-d12077751fe2,b70740bb-e394-490e-8fd4-271cf6dd2d90,SB 25.00.27,25,SB 25.00.27 Rev.1,"Equipment/Furnishings - Forward Two- SeatHigh back Bench,Copilot Side.",SB$,26-Jun-1990,SB 25.00.27 Rev.1,,,0:00,,"All AS 355 Helicopters-Versions E,F,F1,F2"
157b8d12-c115-446e-a4dc-d12077751fe2,b70740bb-e394-490e-8fd4-271cf6dd2d90,SB 25.00.28,28,SB 25.00.28,Equipment And Furnishings - Protection of the Flotation Gear LH Strut Attachment Bolts.,SB,20-Sep-1990,SB 25.00.28,,,0:00,,"AS 355 helicopters-versions E,F,F1,F2,N,M2 fitted with the forward strut"
157b8d12-c115-446e-a4dc-d12077751fe2,b70740bb-e394-490e-8fd4-271cf6dd2d90,SB 25.00.29,25,SB 25.00.29,Equipment and Furnishings - Map Holder Net on Pilot's Seat.,SB$,18-Feb-1991,SB 25.00.29,,,0:00,,"AS 355 helicopters-versions E,F,F1,F2,M1,N"
157b8d12-c115-446e-a4dc-d12077751fe2,b70740bb-e394-490e-8fd4-271cf6dd2d90,SB 25.00.30,25,SB 25.00.30,Equipment and Furnishings - Improved Electrical Bonding of the Electric Hoist Installation.,SB,20-Jun-1991,SB 25.00.30,,,0:00,,"AS 355 helicopters-versions E,F,F1,F2"
157b8d12-c115-446e-a4dc-d12077751fe2,b70740bb-e394-490e-8fd4-271cf6dd2d90,SB 25.00.31,25,SB 25.00.31,Equipment and Furnishings - Replacement of the Distress Beacon Antenna.,SB$,30-Mar-1992,SB 25.00.31,,,0:00,,"AS 355 helicopters -versions E,F,F1,F2"
157b8d12-c115-446e-a4dc-d12077751fe2,b70740bb-e394-490e-8fd4-271cf6dd2d90,SB 25.00.32,25,SB 25.00.32 Rev.1,Equipment and Furnishings - Gas Supply Cylinders For Installation of the Emergency Floatation Gear.,SB,28-Jun-1995,SB 25.00.32 Rev.1,,,0:00,,"AS 355 helicopters - Versions E, F, F1, F2, N fitted with cylinders P/N 200740-0/-1, Versions E, F fitted with cylinders P/N200877-0/-1 (mechanical control)."
157b8d12-c115-446e-a4dc-d12077751fe2,b70740bb-e394-490e-8fd4-271cf6dd2d90,SB 25.00.33,25,SB 25.00.33,"Equipment/Furnishings - Vibration response of the ""JOLLIET"" Emergency Locator Transmitter Antenna.",SB,02-Jun-1992,SB 25.00.33,,,0:00,,"AS 355 h/c version E,F,F1,F2 equipped with JOLLIET EMERGENCY LOCATOR TRANSMITTER"" installation"
157b8d12-c115-446e-a4dc-d12077751fe2,b70740bb-e394-490e-8fd4-271cf6dd2d90,SB 25.00.34,25,SB 25.00.34,"Equipment/Furnishings - ""LUCAS Air Equipment"" Hoists.",SB,25-May-1992,SB 25.00.34,,,0:00,,-LUCAS air equipmant hoists. -P/N 76370 all types with sl/no upto 494. -Installed on AS355 H/C versions E-F-F1-F2-N
157b8d12-c115-446e-a4dc-d12077751fe2,b70740bb-e394-490e-8fd4-271cf6dd2d90,SB 25.00.36,25,SB 25.00.36 Rev.2,Equipment and Furnishings - Installation of 3 Point Inertia Reel Harnessess On Rear Bench SAEts For 3 and 4 Saet Revisions,SB$,12-Jul-2006,SB 25.00.36 Rev.2,,,0:00,,"AS355, E-F-F1-F2-N Helicopters Pre-MOD 072518, 072519, 072683, 072689, 072619, 073040, 073093."
157b8d12-c115-446e-a4dc-d12077751fe2,b70740bb-e394-490e-8fd4-271cf6dd2d90,SB 25.00.37,25,SB 25.00.37,Rescue Hoist Arm,SB,26-May-1991,SB 25.00.37,,,0:00,,"All aircraft equipped with rescue hoist installation and delivered new before Jan 01, 1991."
157b8d12-c115-446e-a4dc-d12077751fe2,b70740bb-e394-490e-8fd4-271cf6dd2d90,SB 25.00.38,25,SB 25.00.38,Equipment And Furnishings - Emergency Locator Transmitter Installation With CHELTON Antenna.,SB$,07-Oct-1996,SB 25.00.38,,,0:00,,"AS 355 helicopters, version N not fitted with an air conditioning system."
157b8d12-c115-446e-a4dc-d12077751fe2,b70740bb-e394-490e-8fd4-271cf6dd2d90,SB 25.00.40,25,SB 25.00.40 Rev.2,Equipment And Furnishings - Installing the Mechanical and Electrical Fixed Parts of a 450 lb (204 kg) Capacity Hoist.,SB,23-Jan-2001,SB 25.00.40 Rev.2,,,0:00,,"AS 355 helicopters - versions F, F1 and F2."
157b8d12-c115-446e-a4dc-d12077751fe2,b70740bb-e394-490e-8fd4-271cf6dd2d90,SB 25.00.41,25,SB 25.00.41,Mechanical Release Control Unit(Sling Installation),SB,19-May-1999,SB 25.00.41,,,0:00,,Aircraft fitted with mechanical release control unit P/N AS 22-09-20 supplied by INDRAERO SIREN.
157b8d12-c115-446e-a4dc-d12077751fe2,b70740bb-e394-490e-8fd4-271cf6dd2d90,SB 25.00.43,25,SB 25.00.43 Rev.2,Equipments and Furnishings - Reinforcement of Pilot/Copilot Bucket Seat Installation.,SB,14-Mar-2002,SB 25.00.43 Rev.2,,,0:00,,"All AS 355 Helicopters-Versions E,F,F1,F2,N"
157b8d12-c115-446e-a4dc-d12077751fe2,b70740bb-e394-490e-8fd4-271cf6dd2d90,SB 25.00.58,25,SB 25.00.58 Rev.4,Equipment and Furnishings - Installation of Pilot's and Copilot's Energy -Absorbing Seats,SB,11-Feb-2008,SB 25.00.58 Rev.4,,,0:00,,"AS355, E-F-F1-F2-N-NP helicopters not equipped with energy absorbing seats."
157b8d12-c115-446e-a4dc-d12077751fe2,b70740bb-e394-490e-8fd4-271cf6dd2d90,SB 25.00.59,25,SB 25.00.59 Rev.2,Equipments And Furnishings - Installation of 450 lb Hoist Mechanical and Electrical Fixed Parts.,SB,26-May-2005,SB 25.00.59 Rev.2,,,0:00,,"AS355, versions N Only."
157b8d12-c115-446e-a4dc-d12077751fe2,b70740bb-e394-490e-8fd4-271cf6dd2d90,SB 25.00.60,25,SB 25.00.60 Rev.3,Equipments And Furnishings - Instalation of Forward Two-Place Bench Seat.,SB,23-Jul-2007,SB 25.00.60 Rev.3,,,0:00,,"AS355, Versions N-NP model."
157b8d12-c115-446e-a4dc-d12077751fe2,b70740bb-e394-490e-8fd4-271cf6dd2d90,ASB25.00.60,25,SB 25.00.60 Rev.3,Equipment and Furnishings - Installation of Copilot's Front Double Bench Seat With High Seat Back.,SB,23-Jul-2007,SB 25.00.60 Rev.3,,,0:00,,
157b8d12-c115-446e-a4dc-d12077751fe2,b70740bb-e394-490e-8fd4-271cf6dd2d90,SB 25.00.61 R1,25,SB 25.00.61 Rev.1,EQUIPMENT AND FURNISHINGS- Fixed Part for heliroping installation.,SB$,31-Aug-2010,SB 25.00.61 Rev.1,,,0:00,,Helicopters pre-MOD 355P840080.00 and equipped with 2 sliding doors.
157b8d12-c115-446e-a4dc-d12077751fe2,b70740bb-e394-490e-8fd4-271cf6dd2d90,SB 25.00.64,25,SB 25.00.64,Equipments And Furnishings - LUCAS Aerospace FCS Hoists Increased Safety for Hoist Operatons.,SB,28-Mar-2002,SB 25.00.64,,,0:00,,Helicopters equipped with TRW / LUCAS series-76370 electrically-operated hoists (all models) with a hoist cable made from galvanized steel.
157b8d12-c115-446e-a4dc-d12077751fe2,b70740bb-e394-490e-8fd4-271cf6dd2d90,SB 25.00.65,25,SB 25.00.65,Equipments and Furnishings - Routing of Cargo Swing Installation Mechanical Emergency Load Release Unit Control Cable.,SB,03-Jul-2001,SB 25.00.65,,,0:00,,Aircraft below serial number 3410 equipped with cargo swing installation.
157b8d12-c115-446e-a4dc-d12077751fe2,b70740bb-e394-490e-8fd4-271cf6dd2d90,SB 25.00.66,25,SB 25.00.66,Equipment and Furnishings - Rear Bench Seat Cushion Security Improvement,SB,02-Mar-2007,SB 25.00.66,,,0:00,,H/C pre mod 073022(partial seat rest padding and back) and Mod 073166
157b8d12-c115-446e-a4dc-d12077751fe2,b70740bb-e394-490e-8fd4-271cf6dd2d90,SB 25.00.67,25,SB 25.00.67 R1,Equipments and Furnishings - Instalaltion of Emergency Floatation Gear Light Weight Cylinders,SB$,12-Jun-2009,SB 25.00.67 R1,,,0:00,,"AS 355 helicopters, versions E, F, F1, F2, N."
157b8d12-c115-446e-a4dc-d12077751fe2,b70740bb-e394-490e-8fd4-271cf6dd2d90,SB 25.00.69,25,SB 25.00.69,Equipment and Furnishings - E.L.T Antenna Relocaton.,SB,17-Nov-2005,SB 25.00.69,,,0:00,,H/C post Mod OP0693(SB no:25.00.03) and pre DWG 355P085253
157b8d12-c115-446e-a4dc-d12077751fe2,b70740bb-e394-490e-8fd4-271cf6dd2d90,SB 25.00.70,25,SB 25.00.70,Equipments and Furnishings - Installation of EC-120 Handles on Ecureuil Canopy Post.,SB,26-Sep-2002,SB 25.00.70,,,0:00,,"AS 355 helicopters, versions E, F,F1, F2, N."
157b8d12-c115-446e-a4dc-d12077751fe2,b70740bb-e394-490e-8fd4-271cf6dd2d90,SB 25.00.73,25,SB 25.00.73,Equipment and Furnishings - New Hoist Arm Locking Pin.,SB,06-Apr-2004,SB 25.00.73,,,0:00,,"AS 355 Helicopters ,versions F2,N equipped with 450-lb hoist fixed part(OP3802,OP3067)"
157b8d12-c115-446e-a4dc-d12077751fe2,b70740bb-e394-490e-8fd4-271cf6dd2d90,SB 25.00.75,25,SB 25.00.75,Equipment and Furnishings - E.L.T. Kannad 121 AF-H Installation.,SB,22-Jun-2005,SB 25.00.75,,,0:00,,"AS355, Versions N Model."
157b8d12-c115-446e-a4dc-d12077751fe2,b70740bb-e394-490e-8fd4-271cf6dd2d90,SB 25.00.76,25,SB 25.00.76,Equipment and Furnishings - Safetying of TIRFOR J5 Type Lock Box Used On Hoisting Jib.,SB,24-Nov-2005,SB 25.00.76,,,0:00,,"AS355, Versions E-F-F1-F2-N."
157b8d12-c115-446e-a4dc-d12077751fe2,b70740bb-e394-490e-8fd4-271cf6dd2d90,SB 25.00.78,25,,"Equipment and Furnishings : ""ON BOARD"" Hook adaptation on cargo swing",SB$,12-Jun-2008,SB 25.00.78,,,0:00,,"AS 355 N, NP"
157b8d12-c115-446e-a4dc-d12077751fe2,b70740bb-e394-490e-8fd4-271cf6dd2d90,SB 25.00.79,25,SB 25.00.79,"""Hoist Operators Belt"" Snap hook Locking",SB,27-Jun-2006,SB 25.00.79,,,0:00,,"Helicopters quipped with an operator's belt P/N 350A84-0047-00, fitted with a snap hook P/N GA343-95."
157b8d12-c115-446e-a4dc-d12077751fe2,b70740bb-e394-490e-8fd4-271cf6dd2d90,SB 25.00.80,25,SB 25.00.80 R1,Equipment and Furnishings - Checking the Emergency Floatation Gear Installaion and Bringing it Upto Standard,SB,29-May-2009,SB 25.00.80 R1,,,0:00,,"Eurocopter AS 355 E, F, F1, F2, N versions with with emergency floatation gear."
157b8d12-c115-446e-a4dc-d12077751fe2,b70740bb-e394-490e-8fd4-271cf6dd2d90,SB 25.00.81,25,SB 25.00.81 Rev.2,Equipment and Furnishings - Kannad 406 AF-H E.L.T. Installation.,SB,01-Jun-2011,SB 25.00.81 Rev.2,,,0:00,,"Helicopters,pre Mod OP3119 and OP3203 and non fitted with an ELT"
157b8d12-c115-446e-a4dc-d12077751fe2,b70740bb-e394-490e-8fd4-271cf6dd2d90,SB 25.00.83,25,SB 25.00.83,Hoist Operator Safety Belt Reinforcement,SB,26-Jun-2006,SB 25.00.83,,,0:00,,Helicopters pre MOD 073299 and equipped with operator safety belt P/N 350A84-0047-00.
157b8d12-c115-446e-a4dc-d12077751fe2,b70740bb-e394-490e-8fd4-271cf6dd2d90,SB 25.00.86,25,SB 25.00.86 Rev.1,Equipment and Furnishings - Rescue Hoists - Elimination of a Potential Short-CIrcuit,SB,19-Sep-2007,SB 25.00.86 Rev.1,,,0:00,,H/c equipped with Goodrich electrical hoists listed in equipment Manufacturer's SB No.76370-25-04
157b8d12-c115-446e-a4dc-d12077751fe2,b70740bb-e394-490e-8fd4-271cf6dd2d90,SB 25.00.87,25,SB 25.00.87.Rev.1,Equipment and Furnishings- Installation of Extended Rails For SICMA Pilot's and Copilot's Seats,SB,22-Jul-2011,SB 25.00.87.Rev.1,,,0:00,,H/C eqipped with SICMA pilot and copliot seats
157b8d12-c115-446e-a4dc-d12077751fe2,b70740bb-e394-490e-8fd4-271cf6dd2d90,SB 25.00.90,25,SB 25.00.90,Electrical Bonding of Energy - Absorbing Seats,SB,22-Nov-2007,SB 25.00.90,,,0:00,,"helicopters pre MOD 073380, equipped with SICMA type 159 energy absorbing seats."
157b8d12-c115-446e-a4dc-d12077751fe2,b70740bb-e394-490e-8fd4-271cf6dd2d90,SB 25.00.91,25,SB 25.00.91 Rev.2,Emergency floatation gear fixed part installation,SB$,10-Apr-2012,SB 25.00.91 Rev.2,,,0:00,,"Eurocopter AS 355, NP version."
157b8d12-c115-446e-a4dc-d12077751fe2,b70740bb-e394-490e-8fd4-271cf6dd2d90,SB 25.00.92,25,SB 25.00.92,Replacement of the existing hook with a D'LOCK type hook with utility eye,SB,04-Jan-2010,SB 25.00.92,,,0:00,,Helicopters equipped with an electric hoist MP/N 76370-130 (704A41815035) with amendment 12 and with a serial number below 563.
157b8d12-c115-446e-a4dc-d12077751fe2,b70740bb-e394-490e-8fd4-271cf6dd2d90,SB 25.00.93,25,SB 25.00.93 R1,EQUIPMENT AND FURNISHINGS - Check of the load release unit cargo hook arming unit,SB,13-Jul-2010,SB 25.00.93 R1,,,0:00,,"Eurocopter AS 355 E, F, F1, F2, N, NP Helicopters fitted with load release unit mechanical control P/N AS22-21, with an arming unit P/N AS22-09-20 or AS22-09-20 amendment a: 1. Which has not been subject to compliance with INDRAERO SIREN SB34. 2. With S/N below S/N A0191 and/or with a date of manufacture prior to Feb 10, 2006."
157b8d12-c115-446e-a4dc-d12077751fe2,b70740bb-e394-490e-8fd4-271cf6dd2d90,SB 25.00.95,25,SB 25.00.95,Electric Hoist: replacement of hook with a D'LOK type hook with sight,SB,08-Feb-2010,SB 25.00.95,,,0:00,,"Eurocopter AS 355 F1 Helicopters equipped with an electric hoist, P/N 76370-130 (704A41815035) without amendment 12."
157b8d12-c115-446e-a4dc-d12077751fe2,b70740bb-e394-490e-8fd4-271cf6dd2d90,25.01.17,25,SB 25.01.17,EQUIPMENT AND FURNISHINGS Change of JAR OPS3.745 first aid kit Corresponds to MOD 074687,SB,05-Oct-2015,SB 25.01.17,,,0:00,,"Helicopters Civil version(s): E, F, F1, F2, N, NP. - with first aid kit P/N 7052A4256019 and POST MOD OP3110 (Type 159 pilot and copilot crashworthy seats), or - POST MOD 074338 (Sicma 198 seats with SRP210 for pilot and co-pilot), and PRE MOD 074687 (Change of JAR OPS 3.745 first aid kit). Compliance with this Service Bulletin is incompatible with helicopters on which the customized O2 cylinder installation was complied with."
157b8d12-c115-446e-a4dc-d12077751fe2,b70740bb-e394-490e-8fd4-271cf6dd2d90,SB 25.01.32,25,,EQUIPMENT AND FURNISHINGS Improvement of the attachment of the hoist cable cutter in its support,SB,08-Apr-2021,SB 25.01.32,,,0:00,,Helicopters with a hoist that are POST MOD 072235 and PRE MOD 0720017.
157b8d12-c115-446e-a4dc-d12077751fe2,b70740bb-e394-490e-8fd4-271cf6dd2d90,SB 26.00.01,26,SB 26.00.01 Rev.2,Fire Protection - Fire Protection System,SB$,15-Jan-1982,SB 26.00.01 Rev.2,,,0:00,,"AS 355 Helicopters ,all versions"
157b8d12-c115-446e-a4dc-d12077751fe2,b70740bb-e394-490e-8fd4-271cf6dd2d90,SB 26.00.02,25,SB 26.00.02,Fire Protection - Improvement of M.G.B Fire Detection System.,SB$,07-Sep-1982,SB 26.00.02,,,0:00,,"AS 355 Helicopters ,all types"
157b8d12-c115-446e-a4dc-d12077751fe2,b70740bb-e394-490e-8fd4-271cf6dd2d90,SB 26.00.03,26,SB 26.00.03,Engine Fire Detection Wiring Diagrams,SB,26-May-1993,SB 26.00.03,,,0:00,,"Eurocopter AS 355, versions E, F, F1 and F2."
157b8d12-c115-446e-a4dc-d12077751fe2,b70740bb-e394-490e-8fd4-271cf6dd2d90,ASB26.00.03,26,SB 26.00.03,Engine Fire Detection - Wiring Diagram (MCS chapter 26.00.00 refers),SB,27-Aug-2007,SB 26.00.03,,,0:00,,
157b8d12-c115-446e-a4dc-d12077751fe2,b70740bb-e394-490e-8fd4-271cf6dd2d90,SB 26.00.04,26,SB 26.00.04,Engine Fire Detection Wiring Diagram,SB,26-May-1993,SB 26.00.04,,,0:00,,"Eurocopter AS355, version N."
157b8d12-c115-446e-a4dc-d12077751fe2,b70740bb-e394-490e-8fd4-271cf6dd2d90,SB 26.00.06,26,SB 26.00.06,Fire Protection - Addition of Two Resistors to the Engine Fire Detection Warning System.,SB,25-Oct-2001,SB 26.00.06,,,0:00,,"AS 355 Helicopters ,versions N"
157b8d12-c115-446e-a4dc-d12077751fe2,b70740bb-e394-490e-8fd4-271cf6dd2d90,SB 26.00.07,26,SB 26.00.07,Fire Protection - Replacement of Engine Fire Extinguisher Percussion Pushbuttons.,SB,24-Oct-2002,SB 26.00.07,,,0:00,,"AS 355 Helicopters ,versions E,F,F1,F2,N"
157b8d12-c115-446e-a4dc-d12077751fe2,b70740bb-e394-490e-8fd4-271cf6dd2d90,SB 26.00.08,26,SB 26.00.08,Replacement of engine fire extinguishers MP/N 861390,SB,26-Sep-2006,SB 26.00.08,,,0:00,,"Eurocopter AS 355 E, versions F1, F2 and N."
157b8d12-c115-446e-a4dc-d12077751fe2,b70740bb-e394-490e-8fd4-271cf6dd2d90,SB 28.00.01,28,SB 28.00.01 Rev.1,Fuel System - Installation of a Fuel Jettisoning System,SB$,27-Jun-1983,SB 28.00.01 Rev.1,,,0:00,,"AS 355 Helicopters ,versions E and F,F1,F2,M2"
157b8d12-c115-446e-a4dc-d12077751fe2,b70740bb-e394-490e-8fd4-271cf6dd2d90,28.00.02,31,SB 28.00.02 R1,Installation of the FUELTRON flowmeter,SB#,24-Jun-2015,SB 28.00.02 R1,,,0:00,,SB No Longer Applicable
157b8d12-c115-446e-a4dc-d12077751fe2,b70740bb-e394-490e-8fd4-271cf6dd2d90,SB 28.00.02 R1,28,SB 28.00.02 R1,"Fuel - Installation of ""FUELTRON"" Fuel Flowmeter. SB No longer Applicable.",SB$,24-Jun-2015,SB 28.00.02 R1,,,0:00,,"AS 355 Helicopters ,versions E and F. SB No longer Applicable."
157b8d12-c115-446e-a4dc-d12077751fe2,b70740bb-e394-490e-8fd4-271cf6dd2d90,SB 28.00.03,28,SB 28.00.03 Rev.1,"Fuel - ""FAURE HERMAN"" Fuel Flowmeter Instalation.",SB$,09-May-1989,SB 28.00.03 Rev.1,,,0:00,,"All AS 355 Helicopters-Versions E, F, F1, F2, M2"
157b8d12-c115-446e-a4dc-d12077751fe2,b70740bb-e394-490e-8fd4-271cf6dd2d90,SB 28.00.05,28,SB 28.00.05 Rev.1,"Fuel - ""Fuel Anti-Icing""System.",SB$,23-Apr-1991,SB 28.00.05 Rev.1,,,0:00,,"All AS 355 Helicopters-Versions E, F, F1, F2."
157b8d12-c115-446e-a4dc-d12077751fe2,b70740bb-e394-490e-8fd4-271cf6dd2d90,SB 28.00.06,28,SB 28.00.06,Fuel System - Engine Fuel Intake Coupling.,SB,26-May-1994,SB 28.00.06,,,0:00,,"All AS 355 Helicopters-Versions E,F,F1,F2 not modified per AMS 07.2666, not equipped with fuel flow meter and fuel antiicing system"
157b8d12-c115-446e-a4dc-d12077751fe2,b70740bb-e394-490e-8fd4-271cf6dd2d90,SB 28.00.07,28,SB 28.00.07,Fuel System - Installing a Fuel Flowmeter on the Low Pressure System.,SB$,06-Oct-1994,SB 28.00.07,,,0:00,,"All AS 355 Helicopters-Version N equipped with ""Arrius 1A"" engine"
157b8d12-c115-446e-a4dc-d12077751fe2,b70740bb-e394-490e-8fd4-271cf6dd2d90,SB 28.00.08,28,SB 28.00.08 Rev.1,Fuel - Installation of Control Relay in the Booster Pump Electrical Power Supply.,SB$,09-Aug-1999,SB 28.00.08 Rev.1,,,0:00,,"AS 355 helicopters, versions E, F, F1, F2, N."
157b8d12-c115-446e-a4dc-d12077751fe2,b70740bb-e394-490e-8fd4-271cf6dd2d90,SB 28.00.10,28,SB 28.00.10,Fuel - Electrical Bonding of the Mount of the Electrostatic Ground Connector of Metal Ferry Fuel Tanks.,SB,20-Sep-2001,SB 28.00.10,,,0:00,,"Helicopters equipped with metal ferry fuel tanks Part Nos.:330A 871310.00, 330A 871310.01, 330A 871310.02, 330A 871310.03, 330A 871310.04."
157b8d12-c115-446e-a4dc-d12077751fe2,b70740bb-e394-490e-8fd4-271cf6dd2d90,SB 28.00.16,28,SB 28.00.16,Fuel - Fuel Transfer Solenoid Valve,SB,21-Nov-2007,SB 28.00.16,,,0:00,,"Helicopters Pre mod 073321,equipped with PARKER solenoid valve"
157b8d12-c115-446e-a4dc-d12077751fe2,b70740bb-e394-490e-8fd4-271cf6dd2d90,28.00.21,73,SB 28.00.21,FUEL- Return to service of the FUELTRON flowmeter installation Corresponds to modifications 074694 and 355A085206.00,SB$,24-Jun-2015,SB 28.00.21,,,0:00,,"Civil version(s): E, F, F1, F2. Helicopters: - which embody modification 355A085801 (removal of the FUELTRON flowmeter), and - which do not embody modifications 074694 and 355A085206.00."
157b8d12-c115-446e-a4dc-d12077751fe2,b70740bb-e394-490e-8fd4-271cf6dd2d90,SB 29.00.01,29,SB 29.00.01 Rev.1,Hydraulic Power - Hydraulic Pressure Regulating,SB,08-Sep-1986,SB 29.00.01 Rev.1,,,0:00,,Refer SB
157b8d12-c115-446e-a4dc-d12077751fe2,b70740bb-e394-490e-8fd4-271cf6dd2d90,SB 29.00.02,29,SB 29.00.02,Hydraulic Power - Instalaltion of Ground Power Connectors on the Hydraulic System.,SB$,13-Dec-1988,SB 29.00.02,,,0:00,,"AS 355 Helicopters ,all versions"
157b8d12-c115-446e-a4dc-d12077751fe2,b70740bb-e394-490e-8fd4-271cf6dd2d90,SB 29.00.03,29,SB 29.00.03,No reserved,SB#,27-May-2009,SB 29.00.03,,,0:00,,No reserved
157b8d12-c115-446e-a4dc-d12077751fe2,b70740bb-e394-490e-8fd4-271cf6dd2d90,SB 29.00.05,29,SB 29.00.05,Hydraulic Power - Check of the Tail Servo Control Hydraulic Cut off Solenoid Valve Wiring.,SB,18-Nov-2004,SB 29.00.05,,,0:00,,"H/C equipped with aw load compensator and single circuit hydraulic power system for a/c delivered before June 1,2004"
157b8d12-c115-446e-a4dc-d12077751fe2,b70740bb-e394-490e-8fd4-271cf6dd2d90,SB 29.00.06,29,SB 29.00.06 R3,Hydraulic Power - Replacement of the hydraulic Hoses,SB,24-Mar-2011,SB 29.00.06 R3,,,0:00,,"Eurocopter AS 355, versions E, F, F1, F2 and N with Hydraulic hosespart numbers as specified in AD."
157b8d12-c115-446e-a4dc-d12077751fe2,b70740bb-e394-490e-8fd4-271cf6dd2d90,29.00.10,29,SB 29.00.10 Rev 1,HYDRAULIC GENERATION - LH hydraulic reservoir Improvement of LH hydraulic pump suction pipe connection Corresponds to modification 074216,SB$,23-Mar-2016,SB 29.00.10 Rev 1,,,0:00,,"Helicopters equipped with LH hydraulic reservoir P/N 355A75133003 and PRE MOD 074216. Civil version(s): F, F1, F2, N, NP"
157b8d12-c115-446e-a4dc-d12077751fe2,b70740bb-e394-490e-8fd4-271cf6dd2d90,29.00.11,29,SB 29.00.11,Hydraulic Power-Hydraulic ground power coupling installation. Corresponds to MOD OP1684,SB$,11-Jul-2012,SB 29.00.11,,,0:00,,Applicable to Eurocopter AS 355 Civil version(s): NP
157b8d12-c115-446e-a4dc-d12077751fe2,b70740bb-e394-490e-8fd4-271cf6dd2d90,SB 30.00.01,30,SB 30.00.01,Protection Against Ice and Rain - Copilot WindShield Wiper.,SB$,21-Apr-1983,SB 30.00.01,,,0:00,,All AS 355 Helicopters
157b8d12-c115-446e-a4dc-d12077751fe2,b70740bb-e394-490e-8fd4-271cf6dd2d90,SB 30.00.02,30,SB 30.00.02,Ice and Rain Protection - Improvement of Windshield Wiper Control.,SB$,21-Apr-1983,SB 30.00.02,,,0:00,,"AS 355 Helicopters ,versions E and F"
157b8d12-c115-446e-a4dc-d12077751fe2,b70740bb-e394-490e-8fd4-271cf6dd2d90,SB 30.00.03,30,SB 30.00.03 Rev.a,Ice and Rain Protection - General Measure of Rain Proofness.,SB$,18-Jan-1984,SB 30.00.03 Rev.a,,,0:00,,Refer SB
157b8d12-c115-446e-a4dc-d12077751fe2,b70740bb-e394-490e-8fd4-271cf6dd2d90,SB 30.00.04,30,SB 30.00.04,Ice and Rain Protection - Copilot's Windshield Wiper - Shaft Replacement.,SB$,08-Jan-1987,SB 30.00.04,,,0:00,,"AS 355 Helicopters ,versions E-F-F1"
157b8d12-c115-446e-a4dc-d12077751fe2,b70740bb-e394-490e-8fd4-271cf6dd2d90,SB 30.00.05,30,SB 30.00.05,Ice and Rain Protection - Air Intake -Plenum Air Duct Mount Relocation,SB$,07-Apr-1995,SB 30.00.05,,,0:00,,"AS 355 Helicopters ,version: N"
157b8d12-c115-446e-a4dc-d12077751fe2,b70740bb-e394-490e-8fd4-271cf6dd2d90,SB 30.00.06,30,SB 30.00.06,Ice and Rain Protection - WIndshield Wiper Instalation.,SB,15-Mar-2004,SB 30.00.06,,,0:00,,"AS 355 Helicopters ,versions E, F, F1, F2, N"
157b8d12-c115-446e-a4dc-d12077751fe2,b70740bb-e394-490e-8fd4-271cf6dd2d90,30.00.07,30,SB 30.00.07,ICE AND RAIN PROTECTION- Pilot and copilot windshield wipers,SB$,27-Nov-2015,SB 30.00.07,,,0:00,,"Helicopters POST MODs OP0431 (Copilot windshield wiper (Fixed Part)) and 070709 (Pilot windshield wiper (Fixed Part)) and: - PRE MODs: . 071463 (Copilot windshield wiper control by pilot) for helicopters equipped with dual control, . AL4295 (Change in windshield wiper relay bolts) for helicopters POST MOD 073439 (Ecureuil canopy re-design), . OP2736 (New pilot windshield wiper motor), . OP2743 (New copilot windshield wiper motor), . 073029 (Addition of lockwire on windshield wiper), . 073168 (Windshield wiper installation), . 073194 (Windshield wiper installation), . 350A828052.02 (Windshield wiper installation) for helicopters with only windshield wiper on pilot side to be installed, . 350A828052.04 (Windshield wiper installation) for helicopters with only windshield wiper on copilot side to be installed, - POST or PRE MODs 073386 (New definition of integrated circuits) and 070874 (Providing the optional equipment with IFR capability)."
157b8d12-c115-446e-a4dc-d12077751fe2,b70740bb-e394-490e-8fd4-271cf6dd2d90,SB 31.00.01,31,SB 31.00.01 R1,"INDICATING AND RECORDING SYSTEMS - Hour meter Installation of DATCON hour meter Corresponds to modifications 070594, 073435 and 073436.",SB$,15-Apr-2011,SB 31.00.01 R1,,,0:00,,"Eurocopter AS355 E, F, F1, F2, N, NP helicopters."
157b8d12-c115-446e-a4dc-d12077751fe2,b70740bb-e394-490e-8fd4-271cf6dd2d90,SB 31.00.02,31,SB 31.00.02,Indicating and Recording Systems - Installation of a Repeater Warning Light.,SB$,27-Jun-1983,SB 31.00.02,,,0:00,,"AS 355 Helicopters ,E and F versions"
157b8d12-c115-446e-a4dc-d12077751fe2,b70740bb-e394-490e-8fd4-271cf6dd2d90,SB 32.00.01,32,SB 32.00.01,Float - Type Landing Gear.,SB$,04-Mar-1983,SB 32.00.01,,,0:00,,All AS 355 Helicopters
157b8d12-c115-446e-a4dc-d12077751fe2,b70740bb-e394-490e-8fd4-271cf6dd2d90,SB 32.00.02,32,SB 32.00.02 Rev.1,Landing Gear - Protection of the Hoist Cable,SB,23-Sep-1985,SB 32.00.02 Rev.1,,,0:00,,AS 355 Helicopters versions fitted with the hoist installation
157b8d12-c115-446e-a4dc-d12077751fe2,b70740bb-e394-490e-8fd4-271cf6dd2d90,SB 32.00.03,32,SB 32.00.03,Aandoned,SB#,27-May-2009,SB 32.00.03,,,0:00,,Aandoned
157b8d12-c115-446e-a4dc-d12077751fe2,b70740bb-e394-490e-8fd4-271cf6dd2d90,SB 32.00.04,32,SB 32.00.04 Rev.A,Optional High Type Landing Gear and Emergency Floatation Gear Instalation.,SB,29-Jan-1986,SB 32.00.04 Rev.A,,,0:00,,Refer SB
157b8d12-c115-446e-a4dc-d12077751fe2,b70740bb-e394-490e-8fd4-271cf6dd2d90,SB 32.00.05,32,SB 32.00.05 R1,Landing Gear - New Standard for Aft Footsteps on High Landing Gear.,SB$,22-Apr-1987,SB 32.00.05 R1,,,0:00,,"AS 355 Helicopters ,all versions fitted with high landing gear"
157b8d12-c115-446e-a4dc-d12077751fe2,b70740bb-e394-490e-8fd4-271cf6dd2d90,SB 32.00.07,32,SB 32.00.07 Rev.1,Landing Gear - Immobilization of the Forward Cross Tube SHock Absorber Attachment Clamp.,SB$,23-Jun-1987,SB 32.00.07 Rev.1,,,0:00,,"AS 355 Helicopters ,all versions"
157b8d12-c115-446e-a4dc-d12077751fe2,b70740bb-e394-490e-8fd4-271cf6dd2d90,SB 32.00.08,32,SB 32.00.08 Rev.1,Landing Gear - Stiffening the Shock Absorbers.,SB$,27-Nov-1989,SB 32.00.08 Rev.1,,,0:00,,"AS 355 Helicopters ,versions E-F-F1-F2-M2-N fitted with shock absorbers P/N 350A75-2050-05"
157b8d12-c115-446e-a4dc-d12077751fe2,b70740bb-e394-490e-8fd4-271cf6dd2d90,SB 32.00.09,32,SB 32.00.09 Rev.1,Landing Gear - Extension of Skid Shoes.,SB$,08-Jan-1990,SB 32.00.09 Rev.1,,,0:00,,"AS 355 Helicopters ,versions E-F-F1-F2-M2-N"
157b8d12-c115-446e-a4dc-d12077751fe2,b70740bb-e394-490e-8fd4-271cf6dd2d90,SB 32.00.11,32,SB 32.00.11 Rev 4,LANDING GEAR - skid L/G Reinforced wear plates for skid L/G,SB$,26-Feb-2020,SB 32.00.11 Rev 4,,,0:00,,"Civil version(s): NP, N, E, F, F1, F2. Helicopters equipped with L/G skids P/N 350A41-1016-12XX and 350A41-1016-13XX with reinforced wear plates pre-MOD OP 3376."
157b8d12-c115-446e-a4dc-d12077751fe2,b70740bb-e394-490e-8fd4-271cf6dd2d90,SB 33.00.01,33,SB 33.00.01 Rev.1,Lighting - Anti-Collision Strobe Light.,SB$,01-Jun-1987,SB 33.00.01 Rev.1,,,0:00,,"AS 355 Helicopters ,E and F versions"
157b8d12-c115-446e-a4dc-d12077751fe2,b70740bb-e394-490e-8fd4-271cf6dd2d90,SB 33.00.02,33,SB 33.00.02,Instrumental Panel lightning,SB$,27-May-2009,SB 33.00.02,,,0:00,,AS 355 helicopters E and F versions
157b8d12-c115-446e-a4dc-d12077751fe2,b70740bb-e394-490e-8fd4-271cf6dd2d90,SB 33.00.03,33,SB 33.00.03,Lighting - Locator Search Light.,SB$,22-Oct-1986,SB 33.00.03,,,0:00,,"AS 355 Helicopters ,all versions."
157b8d12-c115-446e-a4dc-d12077751fe2,b70740bb-e394-490e-8fd4-271cf6dd2d90,SB 33.00.04,33,SB 33.00.04 Rev.3,Lighting - Elevation and Azimuth Swivelling Landing Light.,SB$,06-Oct-1983,SB 33.00.04 Rev.3,,,0:00,,"AS 355 Helicopters ,versions E-F-F1-F2-M2-N"
157b8d12-c115-446e-a4dc-d12077751fe2,b70740bb-e394-490e-8fd4-271cf6dd2d90,SB 33.00.05,33,SB 33.00.05 Rev.1,Lighting - Elevation-Controllable Landing Light.,SB$,27-Jun-1983,SB 33.00.05 Rev.1,,,0:00,,"AS 355 Helicopters ,versions E-F-F1-F2-M2"
157b8d12-c115-446e-a4dc-d12077751fe2,b70740bb-e394-490e-8fd4-271cf6dd2d90,SB 33.00.06,33,SB 33.00.06,Lights - Instalaltion of a Disconnect WELLEN Anti-Collision Strobe Light.,SB$,10-Feb-1984,SB 33.00.06,,,0:00,,AS 355 Helicopters fitted with an anticollision strobe light
157b8d12-c115-446e-a4dc-d12077751fe2,b70740bb-e394-490e-8fd4-271cf6dd2d90,SB 33.00.07,33,SB 33.00.07,Lights - Lateral Strobe Lights -Wiring Protection.,SB$,05-Mar-1986,SB 33.00.07,,,0:00,,AS 355 Helicopters all types
157b8d12-c115-446e-a4dc-d12077751fe2,b70740bb-e394-490e-8fd4-271cf6dd2d90,SB 33.00.08,33,SB 33.00.08,Lights - Instrument Panel and Console Lighting Simplified Dimmer.,SB$,30-Aug-1989,SB 33.00.08,,,0:00,,"AS 355 Helicopters ,all versions"
157b8d12-c115-446e-a4dc-d12077751fe2,b70740bb-e394-490e-8fd4-271cf6dd2d90,SB 33.00.10,33,SB 33.00.10,Lights - Installation of Strobe Light on Horizontal Stabilizer.,SB$,13-Apr-1995,SB 33.00.10,,,0:00,,"AS 355 Helicopters ,versions E-F-F1-F2-N"
157b8d12-c115-446e-a4dc-d12077751fe2,b70740bb-e394-490e-8fd4-271cf6dd2d90,SB 33.00.11,33,SB 33.00.11,Lighting - Adaptation of Cable Lighting For Public Air Transport.,SB$,13-Jun-1996,SB 33.00.11,,,0:00,,"AS 355 helicopters, versions E - F - F1 - F2 - N POST MOD 072617(Replacement of cabin ventilation nozzles)."
157b8d12-c115-446e-a4dc-d12077751fe2,b70740bb-e394-490e-8fd4-271cf6dd2d90,SB 33.00.15,33,SB 33.00.15 Rev.1,Lights - Overheating of Diodes on Printed Circuit Board 8 ALPHA.,SB$,06-Apr-2004,SB 33.00.15 Rev.1,,,0:00,,"AS 355 Helicopters ,versions E-F-F1-F2-N"
157b8d12-c115-446e-a4dc-d12077751fe2,b70740bb-e394-490e-8fd4-271cf6dd2d90,SB 33.00.16,33,SB 33.00.16,Lights - Spectrolab SX 16 Searchlight.,SB,24-Feb-2003,SB 33.00.16,,,0:00,,Helicopters equipped with optional spectrolab SX 16 searchlight Junction box-P/N 020706 post ammendment V(serial no.equal to or above 3307)
157b8d12-c115-446e-a4dc-d12077751fe2,b70740bb-e394-490e-8fd4-271cf6dd2d90,SB 33.00.17,33,SB 33.00.17,Lights - SPECTROLAB SX 16 Searchlight,SB,24-Feb-2003,SB 33.00.17,,,0:00,,Helicopters equipped with optional spectrolab SX 16 searchlight Junction box-P/N 020706
157b8d12-c115-446e-a4dc-d12077751fe2,b70740bb-e394-490e-8fd4-271cf6dd2d90,SB 33.00.19,33,SB 33.00.19 Rev 2,LED Position Lights,SB$,23-Oct-2014,SB 33.00.19 Rev 2,,,0:00,,"Eurocopter AS 355, versions E, F, F1, N and NP. Helicopters PRE MOD 073335 and POST MOD 073162. Helicopters on which this Service Bulletin Revision 1 has been complied with are concerned by this Revision 2."
157b8d12-c115-446e-a4dc-d12077751fe2,b70740bb-e394-490e-8fd4-271cf6dd2d90,SB 33.00.21,33,SB 33.00.21 R1,LIGHTING - Outer lighting. Improvement of wiring protection in the stabilizer,SB#,26-Nov-2015,SB 33.00.21 R1,,,0:00,,Helicopters PRE MOD 074720.
157b8d12-c115-446e-a4dc-d12077751fe2,b70740bb-e394-490e-8fd4-271cf6dd2d90,SB 34.00.01,34,SB 34.00.01,Navigation - Installation of the Second Air Data System.,SB$,07-Sep-1982,SB 34.00.01,,,0:00,,"AS 355 Helicopters ,versions E and F"
157b8d12-c115-446e-a4dc-d12077751fe2,b70740bb-e394-490e-8fd4-271cf6dd2d90,SB 34.00.03,34,SB 34.00.03,Navigation - Relocation of MARKER Antenna.,SB$,05-Oct-1992,SB 34.00.03,,,0:00,,"AS 355 Helicopters ,versions E-F-F1-F2-N equipped with MARKER KR 21 or MKR 350"
157b8d12-c115-446e-a4dc-d12077751fe2,b70740bb-e394-490e-8fd4-271cf6dd2d90,SB 34.00.04,34,SB 34.00.04,"Navigation - ""TRIMBLE NAVIGATION"" Global Positioning System.",SB,11-Jan-1993,SB 34.00.04,,,0:00,,"AS 355 Helicopters ,versions E-F-F1-F2-N fitted with the ""Trimble Navigation""TNL 2000 GPS system P/N:13824-02-101,-102,-103,-104,-0106 or -0106A"
157b8d12-c115-446e-a4dc-d12077751fe2,b70740bb-e394-490e-8fd4-271cf6dd2d90,SB 34.00.05,34,SB 34.00.05,Navigation -Pitot Tube Support With Anti-Icing Decanting Device.,SB$,18-Feb-1993,SB 34.00.05,,,0:00,,"AS 355 Helicopters ,versions E-F-F1-F2-N"
157b8d12-c115-446e-a4dc-d12077751fe2,b70740bb-e394-490e-8fd4-271cf6dd2d90,SB 34.00.16,34,SB 34.00.16,NAVIGATION : Maintenance of radar antenna slaving units,SB*,26-Nov-2009,SB 34.00.16,,,0:00,,"Eurocopter AS355 E, F, F1, F2, N, NP Helicopters equipped with the weather radar installation, with slaving unit P/N 400504-0301 or 400504-0303."
157b8d12-c115-446e-a4dc-d12077751fe2,b70740bb-e394-490e-8fd4-271cf6dd2d90,34.00.18,34,SB 34.00.18,NAVIGATION - Pitot-static circuit New routing of the pitot-static circuit Corresponds to MOD 073994,SB,07-Apr-2015,SB 34.00.18,,,0:00,,"Helicopter Civil version(s): NP Helicopters:- POST MOD 073940, or - POST MOD 073940 and post optional OP 3902 but PRE MOD 073994"
157b8d12-c115-446e-a4dc-d12077751fe2,b70740bb-e394-490e-8fd4-271cf6dd2d90,SB 39.00.01,39,SB 39.00.01,"Electronic / Electric Panel - Fuse Panels 16 alpha,10 alpha,8 alpha and 7alpha.",SB$,13-Mar-1985,SB 39.00.01,,,0:00,,AS 355 helicopters-All versions
157b8d12-c115-446e-a4dc-d12077751fe2,b70740bb-e394-490e-8fd4-271cf6dd2d90,SB 39.00.02,39,SB 39.00.02,Multiple Eletrical Panels - Provisions for Thommen Clock Installation.,SB$,01-Jun-1987,SB 39.00.02,,,0:00,,AS 355 helicopters-All versions
157b8d12-c115-446e-a4dc-d12077751fe2,b70740bb-e394-490e-8fd4-271cf6dd2d90,SB 39.00.03,39,SB 39.00.03,Eletrical Panels - Improved NR Min-Max. Warning System.,SB$,05-Feb-1991,SB 39.00.03,,,0:00,,"AS 355 helicopters- versions F1,F2,M2,N"
157b8d12-c115-446e-a4dc-d12077751fe2,b70740bb-e394-490e-8fd4-271cf6dd2d90,SB 52.00.01,52,SB 52.00.01,New lower ball joint block on sliding door,SB,26-May-1981,SB 52.00.01,,,0:00,,AS 355 helicopters-All versions
157b8d12-c115-446e-a4dc-d12077751fe2,b70740bb-e394-490e-8fd4-271cf6dd2d90,SB 52.00.02,52,SB 52.00.02 Rev.a,Doors - Sliding door Closing System Cotrol Rod.,SB,07-Dec-1983,SB 52.00.02 Rev.a,,,0:00,,Refer SB
157b8d12-c115-446e-a4dc-d12077751fe2,b70740bb-e394-490e-8fd4-271cf6dd2d90,SB 52.00.03,52,SB 52.00.03. Rev.4,Improvement of cabin doors,SB$,26-May-1984,SB 52.00.03. Rev.4,,,0:00,,"AS 355 Helicopters ,versions E-F-F1-F2"
157b8d12-c115-446e-a4dc-d12077751fe2,b70740bb-e394-490e-8fd4-271cf6dd2d90,SB 52.00.04,52,SB 52.00.04,Doors and Openings - Installation of on Indicaing System for the Rear Compartment Doors.,SB$,09-Jul-1984,SB 52.00.04,,,0:00,,Refer SB
157b8d12-c115-446e-a4dc-d12077751fe2,b70740bb-e394-490e-8fd4-271cf6dd2d90,SB 52.00.05,52,SB 52.00.05,Doors - Bistable Locking Mechanism for sliding Doors.,SB$,26-Feb-1985,SB 52.00.05,,,0:00,,AS 355 helicopters-All versions fitted with sliding doors
157b8d12-c115-446e-a4dc-d12077751fe2,b70740bb-e394-490e-8fd4-271cf6dd2d90,SB 52.00.06,52,SB 52.00.06 Rev.3,Doors - Sliding Doors,SB$,25-Apr-1985,SB 52.00.06 Rev.3,,,0:00,,AS 355 helicopters-All versions
157b8d12-c115-446e-a4dc-d12077751fe2,b70740bb-e394-490e-8fd4-271cf6dd2d90,SB 52.00.07,52,SB 52.00.07,Doors - Protection of Seals in the Sliding Door Locking Area.,SB$,10-Apr-1986,SB 52.00.07,,,0:00,,AS 355 h/c equipped with sliding doors
157b8d12-c115-446e-a4dc-d12077751fe2,b70740bb-e394-490e-8fd4-271cf6dd2d90,SB 52.00.08,52,SB 52.00.08,Doors - Visualization of Sliding Door Closure.,SB$,22-Oct-1986,SB 52.00.08,,,0:00,,"AS 355 helicopters-All versions,All a/c fitted with sliing doors embodied modification 350 AOP-1413:Indicating light of side hold doors(dealt with in SBNo.52.04)"
157b8d12-c115-446e-a4dc-d12077751fe2,b70740bb-e394-490e-8fd4-271cf6dd2d90,SB 52.00.09,52,SB 52.00.09,Doors - Improved Closing of Small and Sliding Doors (LH & RH Sides),SB$,16-Dec-1986,SB 52.00.09,,,0:00,,"AS 355 Helicopters ,versions E and F, fitted with small and sliding doors"
157b8d12-c115-446e-a4dc-d12077751fe2,b70740bb-e394-490e-8fd4-271cf6dd2d90,SB 52.00.10,52,SB 52.00.10,Doors and Openings - New Ball Joint Pin On Sliding Door.,SB,01-Jun-1987,SB 52.00.10,,,0:00,,"AS 355 Helicopters ,versions E-F-F1-F2"
157b8d12-c115-446e-a4dc-d12077751fe2,b70740bb-e394-490e-8fd4-271cf6dd2d90,SB 52.00.11,52,SB 52.00.11 Rev.1,Doors - Installation of Sliding Door Lower Stop.,SB$,28-Sep-1988,SB 52.00.11 Rev.1,,,0:00,,"AS 355 Helicopters ,versions E-F-F1-F2"
157b8d12-c115-446e-a4dc-d12077751fe2,b70740bb-e394-490e-8fd4-271cf6dd2d90,SB 52.00.12,52,SB 52.00.12,Doors - Locking of Small and Standard Doors for Passenger Transport.,SB$,08-Sep-1988,SB 52.00.12,,,0:00,,"AS 355 Helicopters ,versions E-F-F1-F2"
157b8d12-c115-446e-a4dc-d12077751fe2,b70740bb-e394-490e-8fd4-271cf6dd2d90,SB 52.00.15,52,SB 52.00.15,Doors - Locking Pilot's and Copilot's Small Cabin Doors.,SB,27-Mar-1991,SB 52.00.15,,,0:00,,"AS 355 Helicopters ,versions E-F-F1-F2-M2-N on which modification 350A07.1415 has not been embodied"
157b8d12-c115-446e-a4dc-d12077751fe2,b70740bb-e394-490e-8fd4-271cf6dd2d90,SB 52.00.16,52,SB 52.00.16,No longer used,SB#,27-May-2009,SB 52.00.16,,,0:00,,No longer used
157b8d12-c115-446e-a4dc-d12077751fe2,b70740bb-e394-490e-8fd4-271cf6dd2d90,SB 52.00.17,52,SB 52.00.17,Doors - High Visibility Installation.,SB,26-Jun-1995,SB 52.00.17,,,0:00,,"AS 355 Helicopters ,versions E-F-F1-F2-N"
157b8d12-c115-446e-a4dc-d12077751fe2,b70740bb-e394-490e-8fd4-271cf6dd2d90,SB 52.00.18,52,SB 52.00.18,Doors - Improved Pilot Door and Copilot Door Deflector Attachment.,SB,25-Nov-1999,SB 52.00.18,,,0:00,,Pilot and copilot door fitted with a deflector.
157b8d12-c115-446e-a4dc-d12077751fe2,b70740bb-e394-490e-8fd4-271cf6dd2d90,SB 52.00.19,52,SB 52.00.19 R1,Doors - Improved Closing System for the Side Baggage Compartment Doors.,SB,13-Oct-2015,SB 52.00.19 R1,,,0:00,,"AS 355 helicopters - Versions E, F, F1, F2, N."
157b8d12-c115-446e-a4dc-d12077751fe2,b70740bb-e394-490e-8fd4-271cf6dd2d90,SB 52.00.20,52,SB 52.00.20,Doors - Addiing Another Lock to Baggage Compartment Basic Version (Monolithic) Side Doors.,SB$,21-Aug-2000,SB 52.00.20,,,0:00,,"- AS 355 Helicopters - Versions E, F, F1, F2, N. - This installation is effective only for those aircraft on which MOD 073016 has been embodied"
157b8d12-c115-446e-a4dc-d12077751fe2,b70740bb-e394-490e-8fd4-271cf6dd2d90,SB 52.00.21,52,SB 52.00.21,No reserved,SB#,27-May-2009,SB 52.00.21,,,0:00,,No reserved
157b8d12-c115-446e-a4dc-d12077751fe2,b70740bb-e394-490e-8fd4-271cf6dd2d90,SB 52.00.22,52,SB 52.00.22,Improvement of LH and RH sliding doors,SB,06-Jul-2006,SB 52.00.22,,,0:00,,H/C pre mod 073287-LH sliding door H/C pre mod 073290-RH sliding door
157b8d12-c115-446e-a4dc-d12077751fe2,b70740bb-e394-490e-8fd4-271cf6dd2d90,SB 53.00.01,53,SB 53.00.01,Cancelled by SB 32.01provisions and fixed parts for installation of a float type landing gear,SB#,26-May-1981,SB 53.00.01,,,0:00,,Cancelled by SB 32.01provisions and fixed parts for installation of a float type landing gear
157b8d12-c115-446e-a4dc-d12077751fe2,b70740bb-e394-490e-8fd4-271cf6dd2d90,SB 53.00.02,53,SB 53.00.02,M.G.B Side Cowings,SB$,26-May-1981,SB 53.00.02,,,0:00,,"Eurocopter AS 355, versions E and F."
157b8d12-c115-446e-a4dc-d12077751fe2,b70740bb-e394-490e-8fd4-271cf6dd2d90,SB 53.00.03,53,SB 53.00.03 REv.a,Fuselage - Reinforced Structure for Fuel Tanks.,SB$,01-Sep-1981,SB 53.00.03 Rev.a,,,0:00,,AS 355 E helicopters
157b8d12-c115-446e-a4dc-d12077751fe2,b70740bb-e394-490e-8fd4-271cf6dd2d90,SB 53.00.04,53,SB 53.00.04,Fuselage - Improving Surface Contact of Upper Angle Doublers on LH and RH Side Walls.,SB$,22-Jan-1982,SB 53.00.04,,,0:00,,Refer SB
157b8d12-c115-446e-a4dc-d12077751fe2,b70740bb-e394-490e-8fd4-271cf6dd2d90,SB 53.00.05,53,SB 53.00.05,Reinforcement of Canopy Posts,SB$,26-May-1984,SB 53.00.05,,,0:00,,"AS 355 Helicopters ,versions E-F-F1-F2"
157b8d12-c115-446e-a4dc-d12077751fe2,b70740bb-e394-490e-8fd4-271cf6dd2d90,SB 53.00.06,53,SB 53.00.06,Superseded by SB No. 79.02 modification of engine and MGB oil cooler brackets,SB#,26-May-1984,SB 53.00.06,,,0:00,,Superseded by SB No. 79.02 modification of engine and MGB oil cooler brackets
157b8d12-c115-446e-a4dc-d12077751fe2,b70740bb-e394-490e-8fd4-271cf6dd2d90,SB 53.00.07,53,SB 53.00.07 Rev.7,Fuselage - Locking of MGB and Engine Cowling.,SB,19-Aug-1996,SB 53.00.07 Rev.7,,,0:00,,"AS 355 helicopters, versions E, F, F1, F2."
157b8d12-c115-446e-a4dc-d12077751fe2,b70740bb-e394-490e-8fd4-271cf6dd2d90,SB 53.00.08,53,SB 53.00.08,Fuselage - Rear Cowling Attachment to Tail Boom.,SB$,07-Sep-1985,SB 53.00.08,,,0:00,,AS 355 helicopters-All versions
157b8d12-c115-446e-a4dc-d12077751fe2,b70740bb-e394-490e-8fd4-271cf6dd2d90,SB 53.00.10,53,SB 53.00.10,Fuselage - Reinforcement of Aft Cowling Locking Points.,SB$,08-Sep-1988,SB 53.00.10,,,0:00,,AS 355 helicopters-All versions
157b8d12-c115-446e-a4dc-d12077751fe2,b70740bb-e394-490e-8fd4-271cf6dd2d90,SB 53.00.11,53,SB 53.00.11 Rev.3,Fuselage - Two-Piece Windshield Installation.,SB$,23-Jan-1989,SB 53.00.11 Rev.3,,,0:00,,"AS 355 Helicopters ,versions E-F-F1-F2-N-M2"
157b8d12-c115-446e-a4dc-d12077751fe2,b70740bb-e394-490e-8fd4-271cf6dd2d90,SB 53.00.14,53,SB 53.00.14 Rev.1,Fuselage - Vibration Damper Blade.,SB,21-Mar-1991,SB 53.00.14 Rev.1,,,0:00,,"AS 355 Helicopters ,versions E-F-F1-F2-N on which the vibration dampers are fitted with blades P/N 350A21-1383-23, whether or they are marked R"
157b8d12-c115-446e-a4dc-d12077751fe2,b70740bb-e394-490e-8fd4-271cf6dd2d90,SB 53.00.15,53,SB 53.00.15,"Fuselage - Installation of Increased Resistance ""ARRIUS"" Computers",SB$,15-Sep-1993,SB 53.00.15,,,0:00,,"AS 355 helicopters, version N"
157b8d12-c115-446e-a4dc-d12077751fe2,b70740bb-e394-490e-8fd4-271cf6dd2d90,SB 53.00.16,53,SB 53.00.16 Rev.2,Fuselage - Automatic Safety Device on Engine and MGB Cowling Locks.,SB,08-Apr-1999,SB 53.00.16 Rev.2,,,0:00,,"AS 355 helicopters, versions E, F, F1, F2."
157b8d12-c115-446e-a4dc-d12077751fe2,b70740bb-e394-490e-8fd4-271cf6dd2d90,SB 53.00.17,53,SB 53.00.17,Fuselage - New Fasteners for the Bottom Structure Fairings.,SB$,13-Mar-1987,SB 53.00.17,,,0:00,,"AS 355 helicopters - Versions : E, F, F1, F2, N."
157b8d12-c115-446e-a4dc-d12077751fe2,b70740bb-e394-490e-8fd4-271cf6dd2d90,SB 53.00.18,53,SB 53.00.18 Rev.2,Fuselage-Engine flushing with cowlings closed Corresponds to MOD OP2028,SB$,23-May-2012,SB 53.00.18 Rev.2,,,0:00,,"Applibcable to Civil version(s): N, NP."
157b8d12-c115-446e-a4dc-d12077751fe2,b70740bb-e394-490e-8fd4-271cf6dd2d90,SB 53.00.19,53,SB 53.00.19,Abandoned,SB#,27-May-2009,SB 53.00.19,,,0:00,,Abandoned
157b8d12-c115-446e-a4dc-d12077751fe2,b70740bb-e394-490e-8fd4-271cf6dd2d90,SB 53.00.20,53,SB 53.00.20 Rev 1,Fuselage - Tail Rotor Protection.,SB,29-Mar-2016,SB 53.00.20 rev 1,,,0:00,,"AS 355 helicopters. Versions: E, F, F1, F2, N, AF, UF."
157b8d12-c115-446e-a4dc-d12077751fe2,b70740bb-e394-490e-8fd4-271cf6dd2d90,SB 53.00.21,53,SB 53.00.21 Rev.1,Fuselage - Reinforcement of the Horizontal Angle on Tail Boom RH side at Frame X3035,SB,28-Feb-2000,SB 53.00.21 Rev.1,,,0:00,,Tail boom assembly P/No. 350A23XXXX.
157b8d12-c115-446e-a4dc-d12077751fe2,b70740bb-e394-490e-8fd4-271cf6dd2d90,SB 53.00.24,53,SB 53.00.24,Improvement to engine and MGB cowling locking,SB,01-Apr-2010,SB 53.00.24,,,0:00,,Helicopters with pre-MOD 073313 and equipped with cowlings listed in paragraph 1.A.2. of this SB.
157b8d12-c115-446e-a4dc-d12077751fe2,b70740bb-e394-490e-8fd4-271cf6dd2d90,53.00.25,53,SB 53.00.25,FUSELAGE-New cabin vibration damper blade Corresponds to MOD 073353,SB$,03-May-2012,SB 53.00.25,,,0:00,,"Applicable to Civil Version:E, F, F1, F2, N, NP"
157b8d12-c115-446e-a4dc-d12077751fe2,b70740bb-e394-490e-8fd4-271cf6dd2d90,SB,53,SB 53.00.27,FUSELAGE Reinforcement of the lower cross beams of the yaw control bellcrank support,SB$,23-Oct-2014,SB 53.00.27,,,0:00,,Helicopters PRE MOD 073466
157b8d12-c115-446e-a4dc-d12077751fe2,b70740bb-e394-490e-8fd4-271cf6dd2d90,53.00.30,53,SB 53.00.30 Rev 1,Tail rotor protection,SB$,08-Apr-2014,SB 53.00.30 Rev 1,,,0:00,,Applicable to AS 355 NP Helicopters
157b8d12-c115-446e-a4dc-d12077751fe2,b70740bb-e394-490e-8fd4-271cf6dd2d90,SB 55.00.01,55,SB 55.00.01 Rev.1,Stabilizers - Improvement of Vertical Fin Installation.,SB,23-Nov-1981,SB 55.00.01 Rev.1,,,0:00,,Refer SB
157b8d12-c115-446e-a4dc-d12077751fe2,b70740bb-e394-490e-8fd4-271cf6dd2d90,SB 55.00.02,55,SB 55.00.02 Rev.2,Stabilizers - Upper Fin Attachment Reinforced Bracket.,SB$,12-Aug-1982,SB 55.00.02 Rev.2,,,0:00,,Refer SB
157b8d12-c115-446e-a4dc-d12077751fe2,b70740bb-e394-490e-8fd4-271cf6dd2d90,SB 55.00.03,55,SB 55.00.03 Rev.2,Stabilizers - Reinforced Horizontal Stabilizer on Tail Boom.,SB$,09-Feb-1984,SB 55.00.03 Rev.2,,,0:00,,"AS 355 helicopters ,all versions"
157b8d12-c115-446e-a4dc-d12077751fe2,b70740bb-e394-490e-8fd4-271cf6dd2d90,SB 55.00.04,55,SB 55.00.04,Stabilizers - Reinforcement of Lower Fin.,SB$,03-Feb-1986,SB 55.00.04,,,0:00,,"AS 355 helicopters ,all versions"
157b8d12-c115-446e-a4dc-d12077751fe2,b70740bb-e394-490e-8fd4-271cf6dd2d90,SB 55.00.05,55,SB 55.00.05 Rev.1,Stabilizers - Reinforcement of Upper Fin.,SB$,27-Nov-1985,SB 55.00.05 Rev.1,,,0:00,,"AS 355 Helicopters ,versions E-F-F1-F2"
157b8d12-c115-446e-a4dc-d12077751fe2,b70740bb-e394-490e-8fd4-271cf6dd2d90,SB 55.00.07,55,SB 55.00.07,Reinforcement of upper fin rib,SB#,27-May-2009,SB 55.00.07,,,0:00,,Supersceded by SB No. 55.08
157b8d12-c115-446e-a4dc-d12077751fe2,b70740bb-e394-490e-8fd4-271cf6dd2d90,SB 55.00.08,55,SB 55.00.08,Stabilizers - Reinforcement of Upper Tail in Flight.,SB$,20-Sep-1990,SB 55.00.08,,,0:00,,"AS 355 Helicopters ,versions E-F-F1-F2-M2-N"
157b8d12-c115-446e-a4dc-d12077751fe2,b70740bb-e394-490e-8fd4-271cf6dd2d90,SB 55.00.09,55,SB 55.00.09,Stabilizers -Check of Fin Attachment Frame.,SB,28-Nov-2002,SB 55.00.09,,,0:00,,On tail boom fin attachment frame
157b8d12-c115-446e-a4dc-d12077751fe2,b70740bb-e394-490e-8fd4-271cf6dd2d90,SB 55.00.10,55,SB 55.00.10,No reserved,SB#,27-May-2009,SB 55.00.10,,,0:00,,No reserved
157b8d12-c115-446e-a4dc-d12077751fe2,b70740bb-e394-490e-8fd4-271cf6dd2d90,55.00.13 R2,55,SB 55.00.13 Rev 2,Stabilizers - Upper Fin Checking Tool For The Upper Fin,SB,27-May-2019,SB 55.00.13 Rev 2,,,0:00,,"Applicable to AS 350 Helicopter Civil version(s): E, F, F1, F2, N, NP"
157b8d12-c115-446e-a4dc-d12077751fe2,b70740bb-e394-490e-8fd4-271cf6dd2d90,55.00.14,55,SB 55.00.14 R1,STABILIZER - Horizontal stabilizer Improvement of the Stabilizer / Tail Boom Fittings interface Corresponds to modification 074643,SB,22-Feb-2016,SB 55.00.14 R1,,,0:00,,"Civil versions: E, F, F1, F2, N, NP. Helicopters PRE MOD 074643."
157b8d12-c115-446e-a4dc-d12077751fe2,b70740bb-e394-490e-8fd4-271cf6dd2d90,55.00.15,53,SB 55.00.15,Improvement of assembly of vertical stabilizer tip attachment angles Corresponds to MOD 074613,SB,23-Jun-2016,SB 55.00.15,,,0:00,,"Helicopters: Helicopters PRE MODs: . 074613 (Attachment of vertical stabilizer tip), . 073454 (New vertical stabilizer tip) (version NP only), - and: . equipped with a GPS antenna of the vertical stabilizer tip, . POST MOD 072367 (Reinforcement of extended tip on upper vertical stabilizer) or on which Service Bulletin No. 55.00.08 (Reinforcement of upper vertical stabilizer light) was complied with."
157b8d12-c115-446e-a4dc-d12077751fe2,b70740bb-e394-490e-8fd4-271cf6dd2d90,55,55,SB 55.0016,STABILIZERS - Fins Increasing upper fin strength,SB,22-Sep-2016,SB 55.0016,,,0:00,,Helicopters/installed equipment or parts Helicopters PRE MOD 073312
157b8d12-c115-446e-a4dc-d12077751fe2,b70740bb-e394-490e-8fd4-271cf6dd2d90,SB 62.00.01,62,SB 62.00.01 R1,Rotor Shaft Planet Gear Cage,SB,26-May-1988,SB 62.00.01 R1,,,0:00,,"Eurocopter AS 355, versions E and F."
157b8d12-c115-446e-a4dc-d12077751fe2,b70740bb-e394-490e-8fd4-271cf6dd2d90,SB 62.00.02,62,SB 62.00.02.Rev.1,Main Rotor - Main Rotor Shaft to Hub Attachment : Lockwasher Safetying.,SB$,16-Nov-1981,SB 62.00.02.Rev.1,,,0:00,,AS 355 E and F helicopters
157b8d12-c115-446e-a4dc-d12077751fe2,b70740bb-e394-490e-8fd4-271cf6dd2d90,SB 62.00.03,62,SB 62.00.03,Main Rotor - Head/Shaft Isolating Seal.,SB$,27-Nov-1980,SB 62.00.03,,,0:00,,AS 355 E and F helicopters
157b8d12-c115-446e-a4dc-d12077751fe2,b70740bb-e394-490e-8fd4-271cf6dd2d90,SB 62.00.04,62,SB 62.00.04.Rev.2,Main Rotor - New Technology Ball Joint Located at the ends of Star-Hub Arms.,SB$,21-Dec-1984,SB 62.00.04.Rev.2,,,0:00,,Refer SB
157b8d12-c115-446e-a4dc-d12077751fe2,b70740bb-e394-490e-8fd4-271cf6dd2d90,SB 62.00.05,62,SB 62.00.05,Reinforcement of the swivel bearing guide/scissors drive adapter assembly,SB$,19-Mar-1984,SB 62.00.05,,,0:00,,"Eurocopter AS 355, versions E and F."
157b8d12-c115-446e-a4dc-d12077751fe2,b70740bb-e394-490e-8fd4-271cf6dd2d90,SB 62.00.06,62,SB 62.00.06,"Main Rotor - Installation of ""MAX. ROTOR RPM"" Warning System.",SB$,06-Oct-1983,SB 62.00.06,,,0:00,,All AS 355F helicopters
157b8d12-c115-446e-a4dc-d12077751fe2,b70740bb-e394-490e-8fd4-271cf6dd2d90,SB 62.00.08,62,SB 62.00.08 Rev.2,Main Rotor - Main Rotor Head Spherical Thrust Bearing.,SB$,19-May-1984,SB 62.00.08 Rev.2,,,0:00,,"AS 355 helicopters ,versions E,F,F1,F2"
157b8d12-c115-446e-a4dc-d12077751fe2,b70740bb-e394-490e-8fd4-271cf6dd2d90,SB 62.00.09,62,SB 62.00.09 Rev.2,Main Rotor - Improvement of Anti-Vibrator Sealing.,SB,18-Jan-1984,SB 62.00.09 Rev.2,,,0:00,,"AS 355 helicopters ,all versions"
157b8d12-c115-446e-a4dc-d12077751fe2,b70740bb-e394-490e-8fd4-271cf6dd2d90,SB 62.00.10,62,SB 62.00.10 Rev.2,Main Rotor - Main Rotor Blade.,SB$,21-Dec-1984,SB 62.00.10 Rev.2,,,0:00,,All AS 355 main rotor blades which have not been modified per AMS 350A07.5043
157b8d12-c115-446e-a4dc-d12077751fe2,b70740bb-e394-490e-8fd4-271cf6dd2d90,SB 62.00.11,62,SB 62.00.11,Main Rotor - Quick Release Metal Chip Detector on Rotor Mast.,SB$,19-Mar-1984,SB 62.00.11,,,0:00,,"All AS 355 helicopters,all types"
157b8d12-c115-446e-a4dc-d12077751fe2,b70740bb-e394-490e-8fd4-271cf6dd2d90,SB 62.00.12,62,SB 62.00.12,New Swashplate bearing,SB#,27-May-2009,SB 62.00.12,,,0:00,,Cancellled
157b8d12-c115-446e-a4dc-d12077751fe2,b70740bb-e394-490e-8fd4-271cf6dd2d90,SB 62.00.13,62,SB 62.00.13,Main Rotor - Protection of Main Rotor Blade Against Sand with Aerospatiale Adhesive Coated Polyurethine Shields.,SB$,08-Jan-1987,SB 62.00.13,,,0:00,,All main rotor blades P/N 355A11-0020-All dash numbers
157b8d12-c115-446e-a4dc-d12077751fe2,b70740bb-e394-490e-8fd4-271cf6dd2d90,SB 62.00.14,62,SB 62.00.14,"Rotor Shaft - Electric Chip Detection on Main Rotor Shaft Fitted With ""4-Contact"" Bearing.",SB$,12-Apr-1988,SB 62.00.14,,,0:00,,"AS 355 Helicopters ,versions E-F-F1"
157b8d12-c115-446e-a4dc-d12077751fe2,b70740bb-e394-490e-8fd4-271cf6dd2d90,SB 62.00.15,62,SB 62.00.15,Main Rotor - Improvement of Chip Detector Electrical Bonding.,SB,28-Sep-1989,SB 62.00.15,,,0:00,,"AS 355 helicopters ,all versions"
157b8d12-c115-446e-a4dc-d12077751fe2,b70740bb-e394-490e-8fd4-271cf6dd2d90,SB 62.00.16,62,SB 62.00.16 Rev.2,Main Rotor - Rotating Star Check.,SB,07-Nov-1989,SB 62.00.16 Rev.2,,,0:00,,"AS 355 Helicopters ,versions E-F-F1-F2-M2-N on which swashplate is fitted with bearings p/N as listed in SB"
157b8d12-c115-446e-a4dc-d12077751fe2,b70740bb-e394-490e-8fd4-271cf6dd2d90,SB 62.00.17,62,SB 62.00.17 Rev.1,Main Rotor - Heat Shrinkable Sheath Eliminated on yellow Pitch-Change Rod.,SB,18-Feb-1991,SB 62.00.17 Rev.1,,,0:00,,"AS 355 Helicopters ,versions E-F-F1-F2-N"
157b8d12-c115-446e-a4dc-d12077751fe2,b70740bb-e394-490e-8fd4-271cf6dd2d90,SB 62.00.18,62,SB 62.00.18 Rev.2,Main Rotor - Installation of Sleeve Attach Beams with Straight Winding.,SB$,05-Jan-2016,SB 62.00.18 Rev.2,,,0:00,,"AS 355 Helicopters ,versions E-F-F1-F2-N fitted with droop restrainers"
157b8d12-c115-446e-a4dc-d12077751fe2,b70740bb-e394-490e-8fd4-271cf6dd2d90,SB 62.00.19,62,SB 62.00.19,Main Rotor - Bonding BRAid with VITON Sheath - New Attachment Lugs.,SB$,18-Feb-1991,SB 62.00.19,,,0:00,,"AS 355 Helicopters ,versions E-F-F1-F2-M2-N"
157b8d12-c115-446e-a4dc-d12077751fe2,b70740bb-e394-490e-8fd4-271cf6dd2d90,SB 62.00.20,62,SB 62.00.20 Rev.1,Main Rotor - Operating Limit for Swashplate Bearing.,SB,22-Jun-1991,SB 62.00.20 Rev.1,,,0:00,,"AS 355 Helicopters ,versions E-F-F1-F2-M2-N fitted with subject swashplate bearings"
157b8d12-c115-446e-a4dc-d12077751fe2,b70740bb-e394-490e-8fd4-271cf6dd2d90,SB 62.00.21,62,SB 62.00.21 Rev.2,Main Rotor - Rotor Mast Assembly Fitted With 4-Contact Bearing P/N 350A37-0004-03 and 350A 37-0005-01,SB,14-May-1991,SB 62.00.21 Rev.2,,,0:00,,"AS 355 Helicopters ,versions E-F-F1-F2-N on which main rotor mast assembly is fitted with a shaft P/N 350A37.1290.00,01,02,03 whose sl/no i listed in the appendix A of this SB"
157b8d12-c115-446e-a4dc-d12077751fe2,b70740bb-e394-490e-8fd4-271cf6dd2d90,SB 62.00.22,62,SB 62.00.22,Main Rotor - New Attachment Screw for Pitch-Change Rods and Servo-Controls on the Swashplate.,SB$,13-Jan-1992,SB 62.00.22,,,0:00,,"AS 355 Helicopters ,versions E-F-F1-F2"
157b8d12-c115-446e-a4dc-d12077751fe2,b70740bb-e394-490e-8fd4-271cf6dd2d90,SB 62.00.23,62,SB 62.00.23,Main Rotor - Replacement of the Frequency Adapter Bearing Retaining Washers.,SB$,05-Oct-1992,SB 62.00.23,,,0:00,,"AS 355 Helicopters ,versions E-F-F1-F2-M2-N"
157b8d12-c115-446e-a4dc-d12077751fe2,b70740bb-e394-490e-8fd4-271cf6dd2d90,SB 62.00.24,62,SB 62.00.24 Rev.1,Main Rotor - Pitch-Change Lever Bushes.,SB,23-Jun-1992,SB 62.00.24 Rev.1,,,0:00,,"AS 355 Helicopters ,versions E-F-F1-F2-N"
157b8d12-c115-446e-a4dc-d12077751fe2,b70740bb-e394-490e-8fd4-271cf6dd2d90,SB 62.00.25,62,SB 62.00.25,Main Rotor - Spring Type Vibration Damper.,SB,18-Mar-1994,SB 62.00.25,,,0:00,,"AS 355 Helicopters ,versions E-F-F1-F2-N"
157b8d12-c115-446e-a4dc-d12077751fe2,b70740bb-e394-490e-8fd4-271cf6dd2d90,ASB62.00.27,62,SB 62.00.27 Rev.1,Main Rotor -Tail Rotor Drive Correction of Operating Hours,SB,19-Feb-2007,SB 62.00.27 Rev.1,,,0:00,,
157b8d12-c115-446e-a4dc-d12077751fe2,b70740bb-e394-490e-8fd4-271cf6dd2d90,SB 62.00.28,62,SB 62.00.28,Main Rotor - Multi-Purpose Arm End Bush Arrester Dog,SB$,26-Oct-2005,SB 62.00.28,,,0:00,,Helicopters Pre mod 076227 and post mod 076177
157b8d12-c115-446e-a4dc-d12077751fe2,b70740bb-e394-490e-8fd4-271cf6dd2d90,SB 62.00.30,62,SB 62.00.30,Main Rotor - Main Blade Sand protection,SB$,27-Mar-2009,SB 62.00.30,,,0:00,,Helicopters equipped with main blades P/N 355A11-0020-xx or 355A11-0030-xx with or without sand protection (MOD OP5049) and pre MOD 075070.
157b8d12-c115-446e-a4dc-d12077751fe2,b70740bb-e394-490e-8fd4-271cf6dd2d90,SB 63.00.01,63,SB 63.00.01 Rev.1,Main Rotor Drive - Accessory Drive Provisions on Combiner Gearbox.,SB$,12-Jan-1981,SB 63.00.01 Rev.1,,,0:00,,AS 355 E and F helicopters
157b8d12-c115-446e-a4dc-d12077751fe2,b70740bb-e394-490e-8fd4-271cf6dd2d90,SB 63.00.02,63,SB 63.00.02 Rev.2,Main Rotor Drive - Installation of Chip Detectors in MGB and TGB.,SB$,30-Jul-1981,SB 63.00.02 Rev.2,,,0:00,,AS 355 E and F helicopters
157b8d12-c115-446e-a4dc-d12077751fe2,b70740bb-e394-490e-8fd4-271cf6dd2d90,SB 63.00.03,63,SB 63.00.03,Main Rotor Drive - Accessory Drive.,SB$,04-Feb-1983,SB 63.00.03,,,0:00,,All AS 355 E and F h/c on which modification 355A.07.7052 has been embodied(service bulletin No 63.01)
157b8d12-c115-446e-a4dc-d12077751fe2,b70740bb-e394-490e-8fd4-271cf6dd2d90,SB 63.00.04,63,SB 63.00.04 Rev.1,Main Rotor Drive System - Engine-to-M.G.B. Shaft.,SB$,22-Oct-1986,SB 63.00.04 Rev.1,,,0:00,,"AS 355 helicopters ,all versions"
157b8d12-c115-446e-a4dc-d12077751fe2,b70740bb-e394-490e-8fd4-271cf6dd2d90,SB 63.00.05,63,SB 63.00.05 R1,Main Rotor Drive System - Putting into Service of an Epicyclic Reduction Gear P/N 350A32-0100-10 and 350A32-0110-00.,SB$,04-Mar-1985,SB 63.00.05 R1,,,0:00,,"AS 355 helicopters ,versions E, F, F1 and N."
157b8d12-c115-446e-a4dc-d12077751fe2,b70740bb-e394-490e-8fd4-271cf6dd2d90,SB 63.00.06,63,SB 63.00.06,Main Rotor Drive - New Rotor Brake Lining.,SB$,27-Aug-1986,SB 63.00.06,,,0:00,,"AS 355 helicopters ,all versions"
157b8d12-c115-446e-a4dc-d12077751fe2,b70740bb-e394-490e-8fd4-271cf6dd2d90,SB 63.00.08,63,SB 63.00.08,Main Rotor Drive - Protection of the Engine-to-MGB Gimbal Assembly Torque Tube.,SB$,24-Jun-1988,SB 63.00.08,,,0:00,,"AS 355 helicopters ,all versions"
157b8d12-c115-446e-a4dc-d12077751fe2,b70740bb-e394-490e-8fd4-271cf6dd2d90,SB 63.00.11,63,SB 63.00.11,Abandoned,SB#,27-May-2009,SB 63.00.11,,,0:00,,Abandoned
157b8d12-c115-446e-a4dc-d12077751fe2,b70740bb-e394-490e-8fd4-271cf6dd2d90,SB 63.00.12,63,SB 63.00.12,Main Rotor Drive - Main Rotor Shaft Bearing Lubrication Line Check.,SB,25-Oct-1995,SB 63.00.12,,,0:00,,"AS 355 helicopters, versions E,F,F1,F2,N fitted with Main Rotor Shaft Bearing Lubrication system Lines with p/n as listed in the SB"
157b8d12-c115-446e-a4dc-d12077751fe2,b70740bb-e394-490e-8fd4-271cf6dd2d90,SB 63.00.13,63,SB 63.00.13,Main Rotor Drive - New MGB Base Bidirectional Crossbeam.,SB,07-Apr-1997,SB 63.00.13,,,0:00,,"AS 355 helicopters, versions E - F - F1 - F2 - N."
157b8d12-c115-446e-a4dc-d12077751fe2,b70740bb-e394-490e-8fd4-271cf6dd2d90,ASB63.00.14,63,SB 63.00.14 R1,Rotor Drive(S) - New Filter Cap on MGB Casing.,SB,02-Nov-1998,SB 63.00.14 R1,,,0:00,,
157b8d12-c115-446e-a4dc-d12077751fe2,b70740bb-e394-490e-8fd4-271cf6dd2d90,SB 63.00.14,63,SB 63.00.14 Rev.1,Rotor Drive(S) - New Filler Cap on MGB Casing.,SB$,02-Nov-1998,SB 63.00.14 Rev.1,,,0:00,,"AS 355 helicopters - Versions E, F, F1, F2, N."
157b8d12-c115-446e-a4dc-d12077751fe2,b70740bb-e394-490e-8fd4-271cf6dd2d90,SB 63.00.15,63,SB 63.00.15,Rotor Drive - Replacement of the Rotor Warning Horn.,SB$,04-Dec-1997,SB 63.00.15,,,0:00,,"AS 355 helicopters, versions E, F, F1, F2, N."
157b8d12-c115-446e-a4dc-d12077751fe2,b70740bb-e394-490e-8fd4-271cf6dd2d90,SB 63.00.16,63,SB 63.00.16 Rev.2,Rotor Drive(S) - Relocation of the Main Gearbox Oil Temperture Transmitter.,SB,10-Nov-2000,SB 63.00.16 Rev.2,,,0:00,,"""CAA"" certified AS 355 aircraft fitted with a main gearbox oil temperature indicator and a main gearbox oil pressure indicator."
157b8d12-c115-446e-a4dc-d12077751fe2,b70740bb-e394-490e-8fd4-271cf6dd2d90,SB 63.00.17,63,SB 63.00.17 Rev.1,Main Rotor Drive - Installing a Long Electrical Magnetic Plug in the Main Gearbox.,SB,24-May-2005,SB 63.00.17 Rev.1,,,0:00,,For MGBs equipped with magnetic plug pre mod 077175
157b8d12-c115-446e-a4dc-d12077751fe2,b70740bb-e394-490e-8fd4-271cf6dd2d90,SB 63.00.18,63,SB 63.00.18 Rev.1,Main Rotor Drive - New MGB Oil Filter Element.,SB,01-Sep-2005,SB 63.00.18 Rev.1,,,0:00,,Helicopters pre-MOD 077162 and post-MOD 077175 or Service Bulletin 63.00.17 (extended magnetic plug).
157b8d12-c115-446e-a4dc-d12077751fe2,b70740bb-e394-490e-8fd4-271cf6dd2d90,63.00.25,63,SB 63.00.25 R1,MAIN ROTOR DRIVE New distribution of the oil flow between the combiner gearbox and the MGB,SB,29-Jul-2015,SB 63.00.25 R1,,,0:00,,"Civil version(s): F, F1, F2, N. On the Main Gearboxes (BTP) and combiner gearbox listed in paragraph 1.A.2. and PRE MOD 077222."
157b8d12-c115-446e-a4dc-d12077751fe2,b70740bb-e394-490e-8fd4-271cf6dd2d90,63.00.26,63,SB 63.00.26,MAIN ROTOR DRIVE - MGB lubrication system Replacement of a hose.,SB,03-Apr-2012,SB 63.00.26,,,0:00,,"Helicopters whose MGB lubrication system is equipped with hose part number (MP/N) 704A34-412-015, with date of manufacture 2T10 or 3T10, and on which the letter ""V"" is not marked under the date of manufacture."
157b8d12-c115-446e-a4dc-d12077751fe2,b70740bb-e394-490e-8fd4-271cf6dd2d90,63.00.27,63,SB 63.00.27 R1,MAIN ROTOR DRIVE - Bevel Reduction Gear,SB,13-Nov-2019,SB 63.00.27 R1,,,0:00,,"Civil versions: E, F, F1, F2, N, NP"
157b8d12-c115-446e-a4dc-d12077751fe2,b70740bb-e394-490e-8fd4-271cf6dd2d90,SB 64.00.01,64,SB 64.00.01 Rev.3,Tail Rotor - Tail Rotor with Increased Blade Chod.,SB$,15-Dec-2005,SB 64.00.01 Rev.3,,,0:00,,Helicopters AS 355 pre Mod 075555 subject to SB No 64.01
157b8d12-c115-446e-a4dc-d12077751fe2,b70740bb-e394-490e-8fd4-271cf6dd2d90,SB 64.00.02,64,SB 64.00.02 Rev.2,Tail Rotor - New Feathering Hinge.,SB$,25-Oct-2004,SB 64.00.02 Rev.2,,,0:00,,Refer SB
157b8d12-c115-446e-a4dc-d12077751fe2,b70740bb-e394-490e-8fd4-271cf6dd2d90,SB 64.00.03,64,SB 64.00.03 Rev.1,Tail Rotor - Improved Pre-loading of Laminated Half-Bearings.,SB,17-Jun-1997,SB 64.00.03 Rev.1,,,0:00,,"AS 355 Helicopters ,versions E-F-F1-F2-N"
157b8d12-c115-446e-a4dc-d12077751fe2,b70740bb-e394-490e-8fd4-271cf6dd2d90,SB 79.00.02,64,SB 64.00.06,Tail Rotor Sand Protection,SB$,27-Mar-2009,SB 64.00.06,,,0:00,,"AS 355 E, F, F1, F2, N, NP versions. Helicopters equipped with tail rotor blades P/N 350A12-0030-XX, 355A12-0031-XX, 355A12-0040-XX or 355A12-0050-XX with or without sand protection (MOD OP5543) and p"
157b8d12-c115-446e-a4dc-d12077751fe2,b70740bb-e394-490e-8fd4-271cf6dd2d90,SB 64.00.06,64,SB 64.00.06,Tail Rotor - Tail Rotor Blade Sand Protection,SB$,25-Feb-2009,SB 64.00.06,,,0:00,,"Eurocopter AS 355 E, F1, F2, N, NP version. Helicopters equipprd with tail rotor blades P/N 350A12-0030-XX, 355A12-0031-XX, 355A12-0040-XX or 355A12-0050-XX with or without sand protection(MOD OP5543)"
157b8d12-c115-446e-a4dc-d12077751fe2,b70740bb-e394-490e-8fd4-271cf6dd2d90,SB 65.00.01,65,SB 65.00.01 R1,Rotors - Inspection Door Created in Cooling Duct.,SB,09-Jul-1981,SB 65.00.01 R1,,,0:00,,Refer SB
157b8d12-c115-446e-a4dc-d12077751fe2,b70740bb-e394-490e-8fd4-271cf6dd2d90,SB 65.00.02,65,SB 65.00.02 Rev.3,Tail Rotor Transmission - Laminated Bearing on the Tail Rotor See-Saw Unit.,SB,04-Feb-1982,SB 65.00.02 Rev.3,,,0:00,,"AS 355 Helicopters ,versions E-F-F1"
157b8d12-c115-446e-a4dc-d12077751fe2,b70740bb-e394-490e-8fd4-271cf6dd2d90,SB 65.00.03,65,SB 65.00.03 R1,Tail Rotor Drive - Installation of a 2nd Fan Stage on the Engine and MGB Oil Cooling Unit.,SB,24-Sep-1982,SB 65.00.03 R1,,,0:00,,Refer SB.
157b8d12-c115-446e-a4dc-d12077751fe2,b70740bb-e394-490e-8fd4-271cf6dd2d90,SB 65.00.04,65,SB 65.00.04,TGB pitch change control bell crank equipped with carbide bushes,SB,27-May-2009,SB 65.00.04,,,0:00,,Applicable for AS 355E and AS355 F helicopters
157b8d12-c115-446e-a4dc-d12077751fe2,b70740bb-e394-490e-8fd4-271cf6dd2d90,SB 65.00.05,65,SB 65.00.05,Tail Rotor Drive - Tail Rotor Shaft forward Section Sliding Flange.,SB,11-Jan-1984,SB 65.00.05,,,0:00,,Refer SB
157b8d12-c115-446e-a4dc-d12077751fe2,b70740bb-e394-490e-8fd4-271cf6dd2d90,SB 65.00.06,65,SB 65.00.06,Tail Rotor Drive - Tail Rotor Pitch Change Spider.,SB$,19-Sep-1984,SB 65.00.06,,,0:00,,All As 355 h/c whose TGB is equipped with long shaft P/N 350A33.0200.04(AMS350A07.8523)
157b8d12-c115-446e-a4dc-d12077751fe2,b70740bb-e394-490e-8fd4-271cf6dd2d90,SB 65.00.07,65,SB 65.00.07.Rev.1,Tail Rotor Drive - New Elastomer Sleeves Supporting the Tail Rotor Shaft Bearings.,SB$,25-Apr-1985,SB 65.00.07.Rev.1,,,0:00,,"AS 355 helicopters ,all versions"
157b8d12-c115-446e-a4dc-d12077751fe2,b70740bb-e394-490e-8fd4-271cf6dd2d90,SB 65.00.08,65,SB 65.00.08,Tail Rotor Drive - Oil Coller Cooling Duct.,SB$,02-May-1985,SB 65.00.08,,,0:00,,"AS 355 helicopters ,all versions"
157b8d12-c115-446e-a4dc-d12077751fe2,b70740bb-e394-490e-8fd4-271cf6dd2d90,SB 65.00.09,65,SB 65.00.09,"Tail rotor control spider P/N 350A33-2004-00.-01,-02, for AS 355 Helicopters all versions",SB#,27-May-2009,SB 65.00.09,,,0:00,,Supersceded by Service Bulletin No. 05.33
157b8d12-c115-446e-a4dc-d12077751fe2,b70740bb-e394-490e-8fd4-271cf6dd2d90,SB 65.00.11,65,SB 65.00.11,Tail Rotor Drive - TGB Front Attachment Bolts.,SB,15-Sep-1993,SB 65.00.11,,,0:00,,"AS 355 helicopters versions E,F,F1,F2 and N whose TGB front attachments are fitted with flanged eliptic nuts P/N 22541N080"
157b8d12-c115-446e-a4dc-d12077751fe2,b70740bb-e394-490e-8fd4-271cf6dd2d90,SB 65.00.12,65,SB 65.00.12 Rev.1,Tail Rotor Drive - Tail Rotor Hub Pitch Change Spider,SB,15-Nov-2000,SB 65.00.12 Rev.1,,,0:00,,"AS 355 helicopters.Versions: E, F, F1, F2, N."
157b8d12-c115-446e-a4dc-d12077751fe2,b70740bb-e394-490e-8fd4-271cf6dd2d90,SB 65.00.13,65,SB 65.00.13,Tail Rotor Drive - TGB Input Flange Splines and Tightening Torque Check.,SB,17-Mar-1997,SB 65.00.13,,,0:00,,TGB pre MOD 078543.
157b8d12-c115-446e-a4dc-d12077751fe2,b70740bb-e394-490e-8fd4-271cf6dd2d90,SB 65.00.14,65,SB 65.00.14,"Tail Rotor Drive - Drive Shaft Flange Check, on TGB End.",SB,05-Aug-1997,SB 65.00.14,,,0:00,,"On all AS 355 aircraft and tail rotor drive shafts delivered before October 1, 1996."
157b8d12-c115-446e-a4dc-d12077751fe2,b70740bb-e394-490e-8fd4-271cf6dd2d90,SB 65.00.15,65,SB 65.00.15 Rev.1,Tail Rotor Drive - Tail Rotor Hub Pitch Change Spider.,SB,28-Feb-2001,SB 65.00.15 Rev.1,,,0:00,,Tail Rotor Hub (TRH) pitch change spider pre MOD 076551.
157b8d12-c115-446e-a4dc-d12077751fe2,b70740bb-e394-490e-8fd4-271cf6dd2d90,SB 65.00.16,65,SB 65.00.16,Tail Rotor Drive - KOYO and FAFNIR Greasable Bearing of Tail Rotor Drive Shaft.,SB,17-Jul-2000,SB 65.00.16,,,0:00,,Tail rotor drive shaft equipped with following greasable bearings: KOYO bearings-P/N 83A851BC3(704A33-651-143) FAFNIR bearings-P/NP9107NPP7A3272(704A33-651-111)
157b8d12-c115-446e-a4dc-d12077751fe2,b70740bb-e394-490e-8fd4-271cf6dd2d90,65.00.17 R4,65,SB 65.00.17 Rev.4,TAIL ROTOR DRIVE Tail rotor pitch change plate - four contact bearing,SB,23-Apr-2019,SB 65.00.17 Rev.4,,,0:00,,AS 355 Heliopters -Version N Helicopters PRE MOD 076550.
157b8d12-c115-446e-a4dc-d12077751fe2,b70740bb-e394-490e-8fd4-271cf6dd2d90,SB 65.00.18,65,SB 65.00.18,Tail Rotor Drive - Checking the Installation of The Pitch Change Control Bellcrank.,SB,07-Oct-2002,SB 65.00.18,,,0:00,,TGB pitch change control bellcrank equipped with expansion bolt post MOD 078525 or 078527 or 078533
157b8d12-c115-446e-a4dc-d12077751fe2,b70740bb-e394-490e-8fd4-271cf6dd2d90,65.00.19 R3,64,SB 65.00.19 R3,Tail rotor pitch change plate - Four contact bearings,SB,23-Apr-2019,SB 65.00.19 R3,,,0:00,,"All AS 355 Helicopters-Versions E,F,F1,F2. with Helicopters PRE MOD 076550."
157b8d12-c115-446e-a4dc-d12077751fe2,b70740bb-e394-490e-8fd4-271cf6dd2d90,SB 65.00.21,66,SB 65.00.21,Rotors - Attachment nuts securing the Tail Gearbox (TGB) on the front mount,SB,18-Feb-2009,SB 65.00.21,,,0:00,,"Eurocopter AS 355 E, F, F1, F2, N, NP. On Tail Gearboxes (TGBs), all part numbers."
157b8d12-c115-446e-a4dc-d12077751fe2,b70740bb-e394-490e-8fd4-271cf6dd2d90,SB 67.00.01,67,SB 67.00.01,Rotor controls - DUNLOP Main Servo Controls,SB$,30-Apr-1982,SB 67.00.01,,,0:00,,"All AS 355 h/c ,E version fitted with Dunlop main servo control bearing the foolowing P/N -AC64182(704A.44.831.062) -AC67030(704A.44.831.093) -AC66442(704A.44.831.065) -AC67034(704A.44.831.095)"
157b8d12-c115-446e-a4dc-d12077751fe2,b70740bb-e394-490e-8fd4-271cf6dd2d90,SB 67.00.02,67,SB 67.00.02,Rotor controls - Tail Rotor Servo control,SB$,30-Apr-1982,SB 67.00.02,,,0:00,,"AS 355 helicopters , versions E & F with tail rotor servo control P/N AC 66436(704A.44.831.063) or AC67032(704A.44.831.094)"
157b8d12-c115-446e-a4dc-d12077751fe2,b70740bb-e394-490e-8fd4-271cf6dd2d90,SB 67.00.03,67,SB 67.00.03,Flying control - Protection directional controls in single-pilot aircraft configuration.,SB$,24-May-1982,SB 67.00.03,,,0:00,,"AS 355 helicopters ,versions E & F"
157b8d12-c115-446e-a4dc-d12077751fe2,b70740bb-e394-490e-8fd4-271cf6dd2d90,SB 67.00.04,67,SB 67.00.04,Rotor Controls - Protection of ball control linkage in directional control system,SB$,21-Apr-1983,SB 67.00.04,,,0:00,,"AS 355 helicopters ,E and F versions"
157b8d12-c115-446e-a4dc-d12077751fe2,b70740bb-e394-490e-8fd4-271cf6dd2d90,SB 67.00.05,67,SB 67.00.05,Rotor Controls - Installation of a friction grip on the direction control linkage,SB$,31-Mar-1983,SB 67.00.05,,,0:00,,"AS 355 helicopters ,versions E and F"
157b8d12-c115-446e-a4dc-d12077751fe2,b70740bb-e394-490e-8fd4-271cf6dd2d90,SB 67.00.06,67,SB 67.00.06 Rev.1,Rotor Controls - Collective Pitch Change : Load Compensation on Collective Lever.,SB,17-Jul-1984,SB 67.00.06 Rev.1,,,0:00,,Refer SB
157b8d12-c115-446e-a4dc-d12077751fe2,b70740bb-e394-490e-8fd4-271cf6dd2d90,SB 67.00.07,67,SB 67.00.07,Rotor Controls - Main rotor servo jacks,SB$,22-Feb-1985,SB 67.00.07,,,0:00,,"AS 355 helicopters ,versions F and F1"
157b8d12-c115-446e-a4dc-d12077751fe2,b70740bb-e394-490e-8fd4-271cf6dd2d90,SB 67.00.08,67,SB 67.00.08,Flying Controls - Servo Controls -Friction on pilot cyclic stick,SB$,28-Nov-1985,SB 67.00.08,,,0:00,,"AS 355 helicopters ,all versions"
157b8d12-c115-446e-a4dc-d12077751fe2,b70740bb-e394-490e-8fd4-271cf6dd2d90,SB 67.00.09,67,SB 67.00.09 R2,Flying Controls - New bearing for yaw control rod,SB$,22-Oct-1986,SB 67.00.09 R2,,,0:00,,"AS 355 helicopters ,all versions with a yaw control rod fitted with heat shrinkable sheath"
157b8d12-c115-446e-a4dc-d12077751fe2,b70740bb-e394-490e-8fd4-271cf6dd2d90,SB 67.00.10,67,SB 67.00.10,Rotor Controls - Removability of yaw control bearing no.1,SB$,15-Jun-1989,SB 67.00.10,,,0:00,,"AS 355 helicopters ,all versions"
157b8d12-c115-446e-a4dc-d12077751fe2,b70740bb-e394-490e-8fd4-271cf6dd2d90,SB 67.00.11,67,SB 67.00.11,Rotor Controls - Correct Positioning of the Copilot's Cyclic Stick,SB,31-Jul-1989,SB 67.00.11,,,0:00,,Refer SB
157b8d12-c115-446e-a4dc-d12077751fe2,b70740bb-e394-490e-8fd4-271cf6dd2d90,SB 67.00.13,67,SB 67.00.13,Rotor Control - Improved collective pitch lever friction,SB$,05-Jun-1990,SB 67.00.13,,,0:00,,"AS 355 Helicopters ,versions E-F1-F2-M2-N"
157b8d12-c115-446e-a4dc-d12077751fe2,b70740bb-e394-490e-8fd4-271cf6dd2d90,SB 67.00.14,67,SB 67.00.14,Dunlop Main sevo control cover,SB,27-May-2009,SB 67.00.14,,,0:00,,Refer SB
157b8d12-c115-446e-a4dc-d12077751fe2,b70740bb-e394-490e-8fd4-271cf6dd2d90,SB 67.00.16,67,SB 67.00.16,Rotor Control - Diaphragm on the hydaulic supply system of the tail rotor servo control load comensator,SB,04-Jan-1991,SB 67.00.16,,,0:00,,"AS 355 Helicopters ,versions F2 and N"
157b8d12-c115-446e-a4dc-d12077751fe2,b70740bb-e394-490e-8fd4-271cf6dd2d90,SB 67.00.17,67,SB 67.00.17.Rev.2,Rotor Control - Installation of the dynamic seals on the yaw compensator actuator,SB$,06-Sep-1991,SB 67.00.17.Rev.2,,,0:00,,"AS 355 Helicopters ,versions F2,N,F1,F"
157b8d12-c115-446e-a4dc-d12077751fe2,b70740bb-e394-490e-8fd4-271cf6dd2d90,SB 67.00.18,67,SB 67.00.18,No longer used,SB#,27-May-2009,SB 67.00.18,,,0:00,,No longer used
157b8d12-c115-446e-a4dc-d12077751fe2,b70740bb-e394-490e-8fd4-271cf6dd2d90,SB 67.00.21 Rev.1,67,SB 67.00.21 Rev.1,Rotor Flight Controls - Collecting Lever Hooking with Return Spring.,SB,03-Jan-2006,SB 67.00.21 Rev.1,,,0:00,,Helicopters Pre Mod 073175
157b8d12-c115-446e-a4dc-d12077751fe2,b70740bb-e394-490e-8fd4-271cf6dd2d90,SB 67.00.22,67,SB 67.00.22.Rev.1,Rotor Control - Double locking of tail servocontrol endfitting,SB,20-Mar-2003,SB 67.00.22.Rev.1,,,0:00,,"AS 355 Helicopters ,versions E-F-F1-F2-N"
157b8d12-c115-446e-a4dc-d12077751fe2,b70740bb-e394-490e-8fd4-271cf6dd2d90,SB 67.00.26,67,SB 67.00.26 R1,Rotor Flight Controls - Yaw control replacing stainless steel-cargo ball type controls with (PTFE) Teflon-caged ball-type controls,SB,11-Jan-2005,SB 67.00.26 R1,,,0:00,,
157b8d12-c115-446e-a4dc-d12077751fe2,b70740bb-e394-490e-8fd4-271cf6dd2d90,SB 67.00.27,67,SB 67.00.27,Rotor Flight Controls - Check of the servo control travel,SB,21-Jun-2005,SB 67.00.27,,,0:00,,Refer SB
157b8d12-c115-446e-a4dc-d12077751fe2,b70740bb-e394-490e-8fd4-271cf6dd2d90,67.00.30,67,SB 67.00.30,ROTOR FLIGHT CONTROLS - COLLECTIVE LEVER GRIP Replacement of the electrical connectors of the collective lever grip Corresponds to modification 073467,SB,16-Feb-2016,SB 67.00.30,,,0:00,,"Airbus Helicopters Civil versions: E, F, F1, F2, N.Helicopters equipped with collective lever grips (MP/N) 52441 ((P/N) 704A41110060) whose serial number is higher than or equal to 900 or post amendment E."
157b8d12-c115-446e-a4dc-d12077751fe2,b70740bb-e394-490e-8fd4-271cf6dd2d90,SB 67.00.31,67,SB 67.00.31,Installation of GOODRICH New-Generation Main Servo-Controls,SB,24-Mar-2010,SB 67.00.31,,,0:00,,AS 355 E version-Helicopters which do not embody MOD 073221.
157b8d12-c115-446e-a4dc-d12077751fe2,b70740bb-e394-490e-8fd4-271cf6dd2d90,SB 67.00.33,67,SB 67.00.33,Rotor Flight Controls - Servo Controls: Modification to tail servo-control attachment on the structure - Protection and check of the Load compensator lever,SB,15-Apr-2009,SB 67.00.33,,,0:00,,"Model AS 355 F2, N and NP version. Helicopters equipped with a load compensator not modified per MOD 073364."
157b8d12-c115-446e-a4dc-d12077751fe2,b70740bb-e394-490e-8fd4-271cf6dd2d90,SB 67.00.35,67,SB 67.00.35,Checking the locking of the distributor cover attachment screws on the dual-cylinder servocontrols,SB,24-Mar-2010,SB 67.00.35,,,0:00,,"Eurocopter AS 355 F, F1, F2, N, NP version helicopters equipped with servocontrols type SC8042, Serial Numbers 1766 to 1769, 1771 to 1777, 1779, 1780, 1786 to 1793 and servocontrols type SC8043, Serial Numbers 943, 945 to 948, 957 to 960 and 962."
157b8d12-c115-446e-a4dc-d12077751fe2,b70740bb-e394-490e-8fd4-271cf6dd2d90,SB 67.00.36,67,SB 67.00.36,Replacement of Dunlop servo-control input lever hinge pins,SB,10-May-2010,SB 67.00.36,,,0:00,,"Eurocoper AS 355 F1 Helicopters equipped with Dunlop tail rotor servo-controls AC66436 and AC67032 which have been overhauled or repaired since February 01, 2008."
157b8d12-c115-446e-a4dc-d12077751fe2,b70740bb-e394-490e-8fd4-271cf6dd2d90,SB 67.00.37,67,SB 67.00.37,ROTOR FLIGHT CONTROLS - Yaw ball-type control: Check of the tightening torque load of sheath stop nuts and lock-nuts,SB,09-Jun-2010,SB 67.00.37,,,0:00,,"Model AS 350 N, NP Helicopters with serial numbers (S/N) from 5744 to 5784 inclusive."
157b8d12-c115-446e-a4dc-d12077751fe2,b70740bb-e394-490e-8fd4-271cf6dd2d90,67.00.43 R2,27,SB 67.00.43 R2,"ROTOR FLIGHT CONTROLS - Double hydraulic servocontrols. ""HYDR"" test indication for double hydraulic servocontrols Corresponds to modification 074622",SB,13-Nov-2018,SB 67.00.43 R2,,,0:00,,"Civil versions: NP, F, F1, F2, N. Helicopters PRE MOD 074622."
157b8d12-c115-446e-a4dc-d12077751fe2,b70740bb-e394-490e-8fd4-271cf6dd2d90,SB 67.00.45,67,SB 67.00.45 Rev 0,Rotor Flight Controls Improvement of yaw primary flight control stops,SB,11-Feb-2020,SB 67.00.45 Rev 0,,,0:00,,"Helicopters: - equipped with adjustable yaw primary stops in the luggage compartment, which corresponds to the configuration shown in sb or - on which the yaw primary stops in the luggage compartment are equipped with stop screws locked, with lockwire to block their rotation, which corresponds to the configuration shown in sb and - PRE MOD 074819 (Improvement of yaw primary flight control stops)."
157b8d12-c115-446e-a4dc-d12077751fe2,b70740bb-e394-490e-8fd4-271cf6dd2d90,SB 67.00.49,67,SB 67.00.49,ROTOR FLIGHT CONTROLS - Replacement of Dunlop servo-control input lever hinge pins,SB,10-May-2010,SB 67.00.49,,,0:00,,"Eurocopter AS 355 F1 Helicopters with With Dunlop tail rotor servo-controls AC66436 and AC67032 which have been overhauled or repaired since February 01, 2008. And/or With Dunlop main rotor servo-controls AC64182, AC67030 and AC67244 which have been overhauled or repaired since February 01, 2008."
157b8d12-c115-446e-a4dc-d12077751fe2,b70740bb-e394-490e-8fd4-271cf6dd2d90,67.00.57,62,SB 67.00.57,Rotor Flight Controls - Yaw ball-type control Optimization of the yaw sheath routing Corresponds to modification 073422,SB,17-Sep-2013,SB 67.00.57,,,0:00,,Applicable to As 350 B3 Helicopters
157b8d12-c115-446e-a4dc-d12077751fe2,b70740bb-e394-490e-8fd4-271cf6dd2d90,SB 71.00.01,71,SB 71.00.01.Rev.2,Power Plant - Engine draining system,SB$,31-Mar-1983,SB 71.00.01.Rev.2,,,0:00,,"AS 355 Helicopters ,versions E and F"
157b8d12-c115-446e-a4dc-d12077751fe2,b70740bb-e394-490e-8fd4-271cf6dd2d90,SB 71.00.02,71,SB 71.00.02,Power Plant - Allison 250 C 20F engine air intake,SB$,01-Mar-1982,SB 71.00.02,,,0:00,,"AS 355 helicopters ,E and F versions"
157b8d12-c115-446e-a4dc-d12077751fe2,b70740bb-e394-490e-8fd4-271cf6dd2d90,SB 71.00.03,71,SB 71.00.03 R2,Power Plant - Fan air inlet screen,SB$,25-Jan-1990,SB 71.00.03 R2,,,0:00,,"AS 355 Helicopters ,versions E-F-F1-F2."
157b8d12-c115-446e-a4dc-d12077751fe2,b70740bb-e394-490e-8fd4-271cf6dd2d90,SB 71.00.04,71,SB 71.00.04 Rev.1,Power Plant - Fire Proofing of Firewall.,SB,08-Nov-1982,SB 71.00.04 Rev.1,,,0:00,,"AS 355 helicopters ,versions E and F"
157b8d12-c115-446e-a4dc-d12077751fe2,b70740bb-e394-490e-8fd4-271cf6dd2d90,SB 71.00.05,71,SB 71.00.05 Rev.2,Power Plant - Sand filter Installation,SB,06-Nov-1987,SB 71.00.05 Rev.2,,,0:00,,"AS 355 helicopters ,all versions"
157b8d12-c115-446e-a4dc-d12077751fe2,b70740bb-e394-490e-8fd4-271cf6dd2d90,SB 71.00.06,71,SB 71.00.06 Rev.2,Power Plant - Modified routing of fuel differential pressure switch pipes on right engine,SB$,15-May-1984,SB 71.00.06 Rev.2,,,0:00,,"AS 355 Helicopters ,versions E-F-F1"
157b8d12-c115-446e-a4dc-d12077751fe2,b70740bb-e394-490e-8fd4-271cf6dd2d90,SB 71.00.07,71,SB 71.00.07,Abandoned,SB#,27-May-2009,SB 71.00.07,,,0:00,,Abandoned
157b8d12-c115-446e-a4dc-d12077751fe2,b70740bb-e394-490e-8fd4-271cf6dd2d90,SB 71.00.08,71,SB 71.00.08,Power plant -Reinforcement of the engine cowling upper lock mounts on the aft firewall,SB,05-Dec-1986,SB 71.00.08,,,0:00,,"AS 355 helicopters ,all versions"
157b8d12-c115-446e-a4dc-d12077751fe2,b70740bb-e394-490e-8fd4-271cf6dd2d90,SB 71.00.10,71,SB 71.00.10,Power plant - Protective tunnel for forward drive shaft. Larger flexible coupling access door.,SB$,07-Mar-1989,SB 71.00.10,,,0:00,,"AS 355 helicopters , all versions."
157b8d12-c115-446e-a4dc-d12077751fe2,b70740bb-e394-490e-8fd4-271cf6dd2d90,SB 71.00.11,71,SB 71.00.11 Rev.1,Power plant - New attachment for the L.H. engine oil pressure line.,SB$,30-Mar-1992,SB 71.00.11 Rev.1,,,0:00,,"AS 355 Helicopters ,versions E-F-F1-F2"
157b8d12-c115-446e-a4dc-d12077751fe2,b70740bb-e394-490e-8fd4-271cf6dd2d90,SB 71.00.12,71,SB 71.00.12,Power plant - Reinforcing the axial firewall and fixd cowling.,SB$,05-Oct-1992,SB 71.00.12,,,0:00,,AS 355 Heliopters -Version N
157b8d12-c115-446e-a4dc-d12077751fe2,b70740bb-e394-490e-8fd4-271cf6dd2d90,SB 71.00.13,71,SB 71.00.13,Power Plant - Fuel lines on the RH engine differential pressure switch,SB,30-Apr-1993,SB 71.00.13,,,0:00,,"AS 355 Helicopters ,versions E-F-F1-F2"
157b8d12-c115-446e-a4dc-d12077751fe2,b70740bb-e394-490e-8fd4-271cf6dd2d90,SB 71.00.14,71,SB 71.00.14 Rev.3,Power Plant - Installation of Sand Filters.,SB$,20-Jul-2006,SB 71.00.14 Rev.3,,,0:00,,Helicopters Pre-Mods OP2064 and 073017
157b8d12-c115-446e-a4dc-d12077751fe2,b70740bb-e394-490e-8fd4-271cf6dd2d90,SB 71.00.15,71,SB 71.00.15,No longer used,SB#,27-May-2009,SB 71.00.15,,,0:00,,No longer used
157b8d12-c115-446e-a4dc-d12077751fe2,b70740bb-e394-490e-8fd4-271cf6dd2d90,SB 71.00.16,71,SB 71.00.16 R2,"Power Plant - P2 System Extension Pipe and Union Protection on ""ARRIUS"" engines.",SB,11-Mar-1996,SB 71.00.16 R2,,,0:00,,AS 355 Heliopters -Version N
157b8d12-c115-446e-a4dc-d12077751fe2,b70740bb-e394-490e-8fd4-271cf6dd2d90,SB 71.00.17,71,SB 71.00.17,Power Plant - MGB Oil Pipe Support / Engine,SB,19-Mar-2003,SB 71.00.17,,,0:00,,"AS 355 Helicopters ,versions E-F-F1-F2 and N"
157b8d12-c115-446e-a4dc-d12077751fe2,b70740bb-e394-490e-8fd4-271cf6dd2d90,SB 71.00.18,71,SB 71.00.18,Power Plant - Draining of the ARRIUS Engine Power Takeoff Casing.,SB$,06-Apr-2004,SB 71.00.18,,,0:00,,AS 355 Heliopters -Version N
157b8d12-c115-446e-a4dc-d12077751fe2,b70740bb-e394-490e-8fd4-271cf6dd2d90,SB 76.00.01,76,SB 76.00.01 R3,Engine Controls - Enhanced Anticipator Control.,SB$,24-Feb-1983,SB 76.00.01 R3,,,0:00,,"All AS 355 Helicopters-Versions E, F,F1,F2 helicopters"
157b8d12-c115-446e-a4dc-d12077751fe2,b70740bb-e394-490e-8fd4-271cf6dd2d90,SB 76.00.02,76,SB 76.00.02.Rev.2,Engine Controls - New Screen on Power Control Quadrant.,SB$,15-Feb-1987,SB 76.00.02.Rev.2,,,0:00,,AS 355 Helicopters-All versions
157b8d12-c115-446e-a4dc-d12077751fe2,b70740bb-e394-490e-8fd4-271cf6dd2d90,SB 76.00.03,76,SB 76.00.03 Rev.1,Engine Controls - Improvement of Anticipator Control Sheath Ball Joint Stop.,SB,20-Jan-1993,SB 76.00.03 Rev.1,,,0:00,,"All AS 355 Helicopters-Versions F,F1,F2,M2"
157b8d12-c115-446e-a4dc-d12077751fe2,b70740bb-e394-490e-8fd4-271cf6dd2d90,SB 76.00.04,76,SB 76.00.04,Engine shutdown when changing to training mode,SB$,11-Dec-1990,SB 76.00.04,,,0:00,,"All AS 355 helicopters versions F,F1,F2"
157b8d12-c115-446e-a4dc-d12077751fe2,b70740bb-e394-490e-8fd4-271cf6dd2d90,SB 76.00.05,76,,Engine Controls - Replacement of NFT trim plate further to equipment evolution,SB$,26-May-2008,SB 76.00.05,,,0:00,,"AS 355 N, NP"
157b8d12-c115-446e-a4dc-d12077751fe2,b70740bb-e394-490e-8fd4-271cf6dd2d90,SB 76.00.06,76,SB 76.00.06 R1,ENGINE CONTROLS Integration of a free-wheeling diode in the electrical master box wiring,SB#,17-Nov-2015,SB 76.00.06 R1,,,0:00,,Helicopters PRE MOD 074624 (integration of a free-wheeling diode in the electrical master box wiring of twin-engined helicopters).
157b8d12-c115-446e-a4dc-d12077751fe2,b70740bb-e394-490e-8fd4-271cf6dd2d90,SB 77.00.01,77,SB 77.00.01 Rev.a,Engine Indicating - Slaved Dual T4 Indicator.,SB$,27-Oct-1984,SB 77.00.01 Rev.a,,,0:00,,"AS 355 Helicopters ,versions E-F"
157b8d12-c115-446e-a4dc-d12077751fe2,b70740bb-e394-490e-8fd4-271cf6dd2d90,SB 77.00.02,77,SB 77.00.02,Abandoned,SB#,27-May-2009,SB 77.00.02,,,0:00,,Abandoned
157b8d12-c115-446e-a4dc-d12077751fe2,b70740bb-e394-490e-8fd4-271cf6dd2d90,SB 77.00.03,77,SB 77.00.03 Rev.1,"Engine Indicating - Relocation of Engine ""250 C 20F"" Torque Transmitters.",SB$,23-Nov-1987,SB 77.00.03 Rev.1,,,0:00,,"AS 355 Helicopters ,versions E-F-F1"
157b8d12-c115-446e-a4dc-d12077751fe2,b70740bb-e394-490e-8fd4-271cf6dd2d90,SB 77.00.05,77,SB 77.00.05 Rev.1,Engine Indicating - Modified Cycle Counter Installation.,SB,05-Apr-2002,SB 77.00.05 Rev.1,,,0:00,,"AS 355 Helicopters ,versions E-F-F1-F2 and equipped with Allisn C 20 engines and the automatic inflight relightning system"
157b8d12-c115-446e-a4dc-d12077751fe2,b70740bb-e394-490e-8fd4-271cf6dd2d90,SB 77.00.06,77,SB 77.00.06,"Engine Indicating -Dimmed ""Intermediate / Maximum Contingency Power"" Indication",SB$,09-Dec-1992,SB 77.00.06,,,0:00,,AS 355 Heliopters -Version N
157b8d12-c115-446e-a4dc-d12077751fe2,b70740bb-e394-490e-8fd4-271cf6dd2d90,SB 77.00.07,77,SB 77.00.07,Relocation of Torquemeter transmitter,SB$,26-May-1993,SB 77.00.07,,,0:00,,Eurocopter AS 355 helicopters - Version N.
157b8d12-c115-446e-a4dc-d12077751fe2,b70740bb-e394-490e-8fd4-271cf6dd2d90,SB 79.00.01,79,SB 79.00.01,Engine Lubrication - Improved Installation for Engine / MGB Oil Coolers.,SB$,22-Mar-1982,SB 79.00.01,,,0:00,,Refer SB
157b8d12-c115-446e-a4dc-d12077751fe2,b70740bb-e394-490e-8fd4-271cf6dd2d90,SB 79.00.02,79,SB 79.00.02 R1,Engine Lubrication - New Engine Oil Cooler Atatchments and Lines Replaced.,SB$,15-Oct-1987,SB 79.00.02 R1,,,0:00,,AS 355 helicopters-All versions
157b8d12-c115-446e-a4dc-d12077751fe2,b70740bb-e394-490e-8fd4-271cf6dd2d90,SB 79.00.03,79,SB 79.00.03 Rev.1,Oil - Engine and MGB Oil Lines in the Ventilation Tunnel.,SB$,01-Jun-1987,SB 79.00.03 Rev.1,,,0:00,,"AS 355 helicopters ,all versions"
157b8d12-c115-446e-a4dc-d12077751fe2,b70740bb-e394-490e-8fd4-271cf6dd2d90,SB 79.00.06,79,SB 79.00.06,Oil - Reinforcement of MGB and Engine Oil Cooling Unit Forward Mount.,SB$,23-Feb-1999,SB 79.00.06,,,0:00,,MGB and Engine oil cooling unit forward mount pre Mod 072731
157b8d12-c115-446e-a4dc-d12077751fe2,b70740bb-e394-490e-8fd4-271cf6dd2d90,SB 79.00.07,79,SB 79.00.07,Lubrication - Reinforcement of Rear Attachments of MGB and Engine Cooler's Cooling Air Duct.,SB$,02-Sep-2005,SB 79.00.07,,,0:00,,Helicopters affected-H/C pre mod 073248 Component affected-Cooling air duct for MGB/Engine coolers P/N 355A53-3520-01
157b8d12-c115-446e-a4dc-d12077751fe2,b70740bb-e394-490e-8fd4-271cf6dd2d90,SB 80.00.01,80,SB 80.00.01,Starter Generator,SB$,26-May-1981,SB 80.00.01,,,0:00,,"AS 355 Helicopters ,versions E-F-F1-F2"
157b8d12-c115-446e-a4dc-d12077751fe2,b70740bb-e394-490e-8fd4-271cf6dd2d90,SB 80.00.02,80,SB 80.00.02 Rev.4,Starting - Automatic Relighting of ALLISON 250C 20F Engines.,SB$,08-Jul-1987,SB 80.00.02 Rev.4,,,0:00,,"AS 355 Helicopters ,versions E-F-F1-F2"
157b8d12-c115-446e-a4dc-d12077751fe2,b70740bb-e394-490e-8fd4-271cf6dd2d90,SB 80.00.04,80,SB 80.00.04 Rev.1,Starting - Starting System.,SB,14-Nov-1996,SB 80.00.04 Rev.1,,,0:00,,AS 355 Heliopters -Version N
157b8d12-c115-446e-a4dc-d12077751fe2,b70740bb-e394-490e-8fd4-271cf6dd2d90,SB 80.00.05,80,SB 80.00.05 Rev.1,Starting - Manual Rotation of the Gas Generator.,SB,09-Jan-1998,SB 80.00.05 Rev.1,,,0:00,,AS 355 Helicopters-Version N
157b8d12-c115-446e-a4dc-d12077751fe2,b70740bb-e394-490e-8fd4-271cf6dd2d90,SB 80.00.06,80,SB 80.00.06,"Starting - Modification of Starter Generators,P/N 524-060 and 524-061.",SB,18-May-2000,SB 80.00.06,,,0:00,,Starter Generators: 524-060 any ammendment prior to ammendment C 524-061 any ammendment prior to ammendment B
157b8d12-c115-446e-a4dc-d12077751fe2,b70740bb-e394-490e-8fd4-271cf6dd2d90,SB 80.00.09,80,SB 80.00.09,Starting - Vibrations of Starter-Generators.,SB,22-Jan-2003,SB 80.00.09,,,0:00,,"AS 355N helicopters modified per MOD TU 106(Engine exhaust pipe with retaining cables) described in SB 319 78 0073, and equipped with starter generators P/N 524-060 or 524-061"
157b8d12-c115-446e-a4dc-d12077751fe2,b70740bb-e394-490e-8fd4-271cf6dd2d90,SB 80.00.10,80,SB 80.00.10,Improved attachment of the starter generator to its support,SB$,26-May-2003,SB 80.00.10,,,0:00,,"Eurocopter AS 355, version N."
157b8d12-c115-446e-a4dc-d12077751fe2,b70740bb-e394-490e-8fd4-271cf6dd2d90,SB 80.00.11,80,SB 80.00.11,Starting - Modification to Starter Generator P/N 524-061.,SB,26-Sep-2005,SB 80.00.11,,,0:00,,Helicopters fitted with starter generator No 524-061
157b8d12-c115-446e-a4dc-d12077751fe2,b70740bb-e394-490e-8fd4-271cf6dd2d90,SB 80.00.12,80,SB 80.00.12 R2,ENGINE STARTING: Modification to the installation of the Bearings in Starter Generators MP/N 524-060 and MP/N 524-061.,SB,11-May-2012,SB 80.00.12 R2,,,0:00,,"Model AS 355, N version Helicopters equipped with one or more starter generators, Part Number (MP/N) 524-060 or MP/N 524-061."
157b8d12-c115-446e-a4dc-d12077751fe2,b70740bb-e394-490e-8fd4-271cf6dd2d90,SB 80.00.13,80,SB 80.00.13,STARTING - Starter Generator- Addition of a calendar limit to the Time Between Overhaul (TBO) of the starter generator.,SB,07-Dec-2020,SB 80.00.13,,,0:00,,"AS355 helicopter versions N and NP delivered before receipt of this Service Bulletin, issued on the date indicated in the page footer, and equipped with a starter generator Part Number (P/N) 524-062 (704A46101024)."
157b8d12-c115-446e-a4dc-d12077751fe2,b70740bb-e394-490e-8fd4-271cf6dd2d90,SB 80.00.14,80,,STARTING - Starter Generator Introduction of a calendar limit for the Time Between Overhaul (TBO) of the starter generator,SB,23-Jun-2021,SB 80.00.14,,,0:00,,"AS355 helicopters versions E, F, F1 and F2 that have a starter generator with one of the Part Numbers (P/N) that follow: - P/N 150SG111Q (704A46101010), - P/N 150SG117Q, - P/N 150SG117Q-1 (704A46101012)."
157b8d12-c115-446e-a4dc-d12077751fe2,b70740bb-e394-490e-8fd4-271cf6dd2d90,05.00.70,21,SB No 05.00.70 R1,TIME LIMITS - MAINTENANCE CHECKS - Air Conditioning Periodic check for corrosion on the pipes of the P2 air heating/demisting system,SB*,16-Dec-2016,SB No 05.00.70 R1,,,0:00,,"On AS355 helicopters, all versions"
157b8d12-c115-446e-a4dc-d12077751fe2,b70740bb-e394-490e-8fd4-271cf6dd2d90,SB No. 63.00.29,63,SB No. 63.00.29 Rev 1,MAIN ROTOR DRIVE - NR sensor,SB#,27-Apr-2015,SB No. 63.00.29 Rev 1,,,0:00,,Helicopters POST MOD 074223 or with which Service Bulletin 63.00.24 was complied and PRE MOD 074713 or 350A084672.02.
157b8d12-c115-446e-a4dc-d12077751fe2,b70740bb-e394-490e-8fd4-271cf6dd2d90,23.00.06,23,AS355-23.00.06,COMMUNICATION VHF KX165 installation for 8.33 KHz capacity.,SB$,22-Sep-2014,SB No. AS355-23.00.06,,,0:00,,Helicopters/Installed equipment Helicopters post-MOD OP 3917 and pre-MOD 355A084683.15.
157b8d12-c115-446e-a4dc-d12077751fe2,b70740bb-e394-490e-8fd4-271cf6dd2d90,AS355-25.01.13,25,SB No. AS355-25.01.13,EQUIPMENT AND FURNISHINGS Medical installation: lower stretcher Corresponds to MODs OP0146 and OP0283,SB$,13-Jan-2015,SB No. AS355-25.01.13,,,0:00,,"Helicopters pre-MODs: - OP0146 (Lower stretcher installation (Fixed Part)), - OP0283 (medical installation: Folding lower stretcher installation (Removable Part))."
157b8d12-c115-446e-a4dc-d12077751fe2,b70740bb-e394-490e-8fd4-271cf6dd2d90,25.01.26,25,SB No. AS355-25.01.26,PRODUCT IMPROVEMENT EQUIPMENT AND FURNISHINGS - Electric Hoist Replacement of the steel anchorage pins and rings with titanium versions,SB,27-Jul-2018,SB No. AS355-25.01.26,,,0:00,,Helicopters PRE MOD 074823 (Adding of hoistman hook alternative). NOTE: Refer to the aircraft individual inspection record (RIC AMS) and the aircraft log book to identify the actual modification status of the helicopter.
157b8d12-c115-446e-a4dc-d12077751fe2,b70740bb-e394-490e-8fd4-271cf6dd2d90,33.00.24,33,SB No. AS355-33.00.24,LIGHTS - Landing lights Replacement of the landing light silicium diodes,SB,27-Jan-2020,SB No. AS355-33.00.24,,,0:00,,"Helicopters equipped with silicium diodes ""129L1"" and ""129L2"" with P/N BYX67-1000I and: CONFIGURATION 1: For helicopter versions E, F, F1, F2 and N: - PRE MOD 078010 (Replacement diode silicium BYX67-1000I by diode module STTH200L06TV), - POST MOD 072719 (IMPROVED POWER SUPPLY SYSTEM FOR LANDING LIGHT 8 ALPHA). CONFIGURATION 2: For helicopter versions E, F, F1, F2 and N: - PRE MOD 078010 (Replacement diode silicium BYX67-1000I by diode module STTH200L06TV), - POST MOD 072719 and 072821 (SWIVELING LANDING LIGHT. RELOCATION OF POWER SUPPLY DIODES). CONFIGURATION 3: For helicopter versions E, F, F1, F2 and N: - PRE MOD 078010 (Replacement diode silicium BYX67-1000I by diode module STTH200L06TV), - POST MOD 072719 and 072821 (SWIVELING LANDING LIGHT. RELOCATION OF POWER SUPPLY DIODES) through compliance with Service Bulletin No. 33.00.15"
157b8d12-c115-446e-a4dc-d12077751fe2,b70740bb-e394-490e-8fd4-271cf6dd2d90,67.00.44,62,SB No. AS355-67.00.44,ROTOR FLIGHT CONTROLS - Servo-controls Check of the load compensator piston following compliance with Work Card 67.30.00.405,SB,16-Dec-2014,SB No. AS355-67.00.44,,,0:00,,AS355 version N helicopters.
157b8d12-c115-446e-a4dc-d12077751fe2,b70740bb-e394-490e-8fd4-271cf6dd2d90,SB No.25.01.15,25,SB No. 25.01.15,EQUIPMENT AND FURNISHINGS - Front seats,SB,11-May-2015,SB No.25.01.15,,,0:00,,"On helicopters equipped with ZODIAC 198-series seats, except for the S/Nos. specified in paragraph 1/A of appended ZODIAC Service Bulletin No. 198-25-006."
157b8d12-c115-446e-a4dc-d12077751fe2,b70740bb-e394-490e-8fd4-271cf6dd2d90,25.01.16,25,SB No.25.01.16,EQUIPMENT AND FURNISHINGS - Crashworthy seat Replacement of long attachment rails of pilot and copilot seats with reduced inertia long rails,SB,04-Dec-2018,SB No.25.01.16,,,0:00,,Helicopters fitted with SICMA 159 seats POST MOD OP 3314 and PRE MOD 074338 and 074347. NOTE 1 Refer to the Aircraft Individual Inspection Record (or RIC AMS) to identify the actual modification status of the aircraft. NOTE 2 OP 3314 consists in making the attachment rails for the SICMA seats longer. NOTE 3 Modification 074338 consists of installing pilot and copilot SICMA 198 SRP 210 seats.
157b8d12-c115-446e-a4dc-d12077751fe2,b70740bb-e394-490e-8fd4-271cf6dd2d90,25.01.23R1,25,SB No.25.01.23R1,PROTECTIVE MEASURE EQUIPMENT AND FURNISHINGS Check mechanical Cargo Swing release control P/N AS22-24 and AS22-79,SB,10-Jul-2018,SB No.25.01.23R1,,,0:00,,"Helicopters AS355, all versions equipped with Cargo Swing or Cargo Sling option and mechanical cargo release control."
157b8d12-c115-446e-a4dc-d12077751fe2,b70740bb-e394-490e-8fd4-271cf6dd2d90,SB No.29.00.12,29,SB No.29.00.12,HYDRAULIC POWER GENERATION - Collective lever,SB,11-May-2015,SB No.29.00.12,,,0:00,,Single hydraulic helicopters POST MOD modification 073263 (or Service Bulletin No. 29.00.04) and PRE MODs 073397 and 074688.
157b8d12-c115-446e-a4dc-d12077751fe2,b70740bb-e394-490e-8fd4-271cf6dd2d90,SB No.53.00.34,53,SB No.53.00.34,FUSELAGE - Rear structure Replacement upgrade of rear junction frame for tail boom connection,SB,27-Jul-2020,SB No.53.00.34,,,0:00,,"Helicopters which have not embodied any of the following modifications: - modification 073232 (Machined tail boom frame), - modification 074766 (Replacement of folded intermediate structure junction frame by machined junction frame)."
157b8d12-c115-446e-a4dc-d12077751fe2,b70740bb-e394-490e-8fd4-271cf6dd2d90,62.00.39,62,SB No.62.00.39,MAIN ROTOR - Rotor mast Improvement of the planet gear carrier / rotor mast link,SB$,30-Jul-2020,SB No.62.00.39,,,0:00,,"CONF 4 (helicopter versions F, F1, F2, N, NP) Helicopters equipped with the main rotor mast assembly (MP/N) 355A37-0005-01M on which modification 07.6201 (Amélioration de la protection du mât rotor principal) has been embodied."
157b8d12-c115-446e-a4dc-d12077751fe2,b70740bb-e394-490e-8fd4-271cf6dd2d90,SB No.63.00.24,63,SB No.63.00.24 Rev 4,MAIN ROTOR DRIVE-Installation of a new NR sensor on the Main Rotor Hub (MRH).,SB$,25-Jul-2016,SB No.63.00.24 Rev 4,,,0:00,,"Applicable for AS355-E, F, F1, F2, N, NP. Helicopter(s): - pre-MOD 074223 (Change in NR sensor), - post-MOD 076120 (Improvement of rotor mast assembly)"
157b8d12-c115-446e-a4dc-d12077751fe2,b70740bb-e394-490e-8fd4-271cf6dd2d90,64.00.08,64,SB No.64.00.08 R3,TAIL ROTOR - Tail rotor pitch rods Decrease in tightening torque of connections on elastomeric pitch rods,SB,05-Feb-2020,SB No.64.00.08 R3,,,0:00,,"- PRE MOD 076605 (Decrease of tightening torque of the tail rotor pitch rod), - POST MOD 076602 (Pitch-change rod with elastomer ball-joint), - and equipped with elastomeric pitch rods of part number (P/N) LB6-1231-3-1 (704A47137035). NOTE 1 Refer to the Individual Inspection Log Book (RIC AMS) and/or the Aircraft Log Book to identify the actual modification status of the helicopter. NOTE 2 Refer to the Equipment Log Cards (FM) to identify the actual elastomeric pitch rod part numbers installed on the"
157b8d12-c115-446e-a4dc-d12077751fe2,b70740bb-e394-490e-8fd4-271cf6dd2d90,79.00.10,79,SB No.79.00.10,OIL Addition of 4 clamps on the oil cooling pipes Corresponds to modification 078008,SB,14-Dec-2018,SB No.79.00.10,,,0:00,,Helicopters which have not embodied modification 078008 (addition of 4 clamps to prevent the chafing of the oil cooler pipes). NOTE Refer to the Individual Inspection Log Book (RIC AMS) to identify the current modification status of the helicopter.
157b8d12-c115-446e-a4dc-d12077751fe2,b70740bb-e394-490e-8fd4-271cf6dd2d90,SB No.05.00.72 R1,53,SB No-05.00.72 R1,FUSELAGE - Rear Structure,SB*,05-Sep-2019,SB No-05.00.72 R1,,,0:00,,"AS355 helicopters, all versions"
157b8d12-c115-446e-a4dc-d12077751fe2,b70740bb-e394-490e-8fd4-271cf6dd2d90,64.00.07 R4,64,SB No-64.00.07 R4,TAIL ROTOR - Anti-torque rotor,SB,10-Dec-2018,SB No-64.00.07 R4,,,0:00,,"Rear mechanical assemblies equipped with TGB meeting criteria of the table below, POST MOD 076550 and PRE MOD 078551."
157b8d12-c115-446e-a4dc-d12077751fe2,b70740bb-e394-490e-8fd4-271cf6dd2d90,25.01.27,25,SB-25.01.27,EQUIPMENT AND FURNISHINGS - Passenger Seats Non-compliant installation of the harness reel on the two-seat bench,SB,08-Apr-2019,SB-25.01.27,,,0:00,,Helicopter equipped with a two-seat bench MP/N 350A77-0230-0501.
157b8d12-c115-446e-a4dc-d12077751fe2,b70740bb-e394-490e-8fd4-271cf6dd2d90,SB 57-15,57,SB525-57-15,Wings-Keel Fitting Inspection,SB,25-Jan-2010,SB525-57-15,,,0:00,,"Model 525 (CJ1+), serial No -0666 thru -0669."
157b8d12-c115-446e-a4dc-d12077751fe2,b70740bb-e394-490e-8fd4-271cf6dd2d90,2011-15,23,SIB No 2011-15R2,Mode S and Mode C Transponder Systems: Ground Testing,SB*,26-Jun-2012,SIB No 2011-15R2,,,0:00,,All owners and operators of aircraft having Secondary Surveillance Radar (SSR) Mode S transponder or SSR Mode C transponder systems installed.
