tenant_id,assembly_models,code_form_no,ata_code,reference_amp,description,category_code,issue_date,directive_no,is_rii,show_in_c_of_a,estimated_man_hours,note,applicability
157b8d12-c115-446e-a4dc-d12077751fe2,d88e2641-dd39-4814-9f04-682a3c823bff,"""DGCA / NEW MISCELLANEOUS / 265""",25,FAA AD 2025-16-09,"Air Transport Association (ATA) of America Code:25, Equipment/Furnishings, or Joint Aircraft System Component (JASC) Code 2500, Cabin Equipment/Furnishing; and 2510, flight Compartment Equipment.",MIS,22-Aug-2025,"""DGCA / NEW MISCELLANEOUS / 265""",,,0:00,,"This AD applies to all airplanes, certified in any category, with a restraint system with a Pacific Scientific Company rotary buckle assembly (buckle) part number (P/N) 1111475 (all dash numbers) or P/N 1111548-01 installed having a date of manufacture (DOM) between January 2012 and April 2013 inclusive, or an unknown DOM. These buckle may be installed on, but not limited to, The Boeing Company model airplanes."
157b8d12-c115-446e-a4dc-d12077751fe2,d88e2641-dd39-4814-9f04-682a3c823bff,39.00.01 R1,39,39.00.01 R1,HONEYWELL electric control panel.,SB$,06-Sep-1991,39.00.01 R1,,,0:00,,"AS 350 helicopters, ve iork33, D, B1,"
157b8d12-c115-446e-a4dc-d12077751fe2,d88e2641-dd39-4814-9f04-682a3c823bff,55.00.22,27,55.00.22,STABILIZERS - Tail rotor flight control Adjustment of the yaw control with a fin with reduced angle,SB,20-Nov-2019,55.00.22,,,0:00,,Helicopters equipped with a fin with reduced angle (Figure 1) on which Service Bulletin No. 55.00.14 was not complied with. Helicopters which have embodied modification 073148 are not concerned by this Service Bulletin.
157b8d12-c115-446e-a4dc-d12077751fe2,d88e2641-dd39-4814-9f04-682a3c823bff,05.00.92,53,AS350-05.00.92,TIME LIMITS - MAINTENANCE CHECKS - Fuselage Check for the presence of the Main Gear Box (MGB) suspension bar attachment bracket screw head,SB*,16-Jul-2018,AS350-05.00.92,,,0:00,,For all AS350 helicopter versions.
157b8d12-c115-446e-a4dc-d12077751fe2,d88e2641-dd39-4814-9f04-682a3c823bff,AS350-05.00.93 R1,29,,TIME LIMITS - MAINTENANCE CHECKS - Hydraulic pump Greasing of the splines of the secondary hydraulic pump,SB,18-Jun-2021,AS350-05.00.93 R1,,,0:00,,Helicopters with a dual hydraulic system (POST MOD OP3346 or OP3082).
157b8d12-c115-446e-a4dc-d12077751fe2,d88e2641-dd39-4814-9f04-682a3c823bff,AS350-24.00.38 R1,24,,ELECTRICAL POWER Installation of a fuse on the main battery or on the main battery and optional battery,SB,21-Jun-2021,AS350-24.00.38 R1,,,0:00,,"Civil versions: B, D, BA, BB, B1, B2, B3 Military version: L1"
157b8d12-c115-446e-a4dc-d12077751fe2,d88e2641-dd39-4814-9f04-682a3c823bff,52.00.53,52,52.00.53,DOORS - Sliding doors Addition of a label on the sliding door cover,SB,18-Jun-2020,AS350-52.00.53,,,0:00,,"AS350 helicopter versions B, BA, BB, B1, B2, B3, D, L1 equipped with a: - LH rear support Manufacturer Part Number (MP/N) 350A25-0031-38 or 350A25-0268-20. - RH rear support Manufacturer Part Number (MP/N) 350A25-0031-39 or 350A25-0268-21."
157b8d12-c115-446e-a4dc-d12077751fe2,d88e2641-dd39-4814-9f04-682a3c823bff,52.00.55,52,Carry out ASB 52.00.55,DOORS - Cargo doors Rear LH cargo door marking,SB,15-Jul-2020,AS350-52.00.55,,,0:00,,AS350 helicopters all versions.
157b8d12-c115-446e-a4dc-d12077751fe2,d88e2641-dd39-4814-9f04-682a3c823bff,AS350-88.00.02,24,AS350-88.00.02,ELECTRICAL HARNESSES AND INSTALLATION Improvement of the wiring of the Direct Current (DC) generation system Related to modification 0720189,SB,16-Jan-2024,AS350-88.00.02,,,0:00,,Helicopters/installed equipment or parts Helicopters that satisfy all the conditions that follow: - PRE MOD 0720189 - PRE MOD 073415.
157b8d12-c115-446e-a4dc-d12077751fe2,d88e2641-dd39-4814-9f04-682a3c823bff,71.00.36,71,ASB 71.00.36,Power Plant - Air intake Air intake draining on helicopters equipped with the ARRIEL 1 engine,SB,15-Jan-2014,ASB 71.00.36,,,0:00,,"Applicable to AS B, B1 Helicopter version"
157b8d12-c115-446e-a4dc-d12077751fe2,d88e2641-dd39-4814-9f04-682a3c823bff,01.00.03,27,ASB 01.00.03,LIMITATIONS-S.E.P. spherical thrust bearings -P.N. 704A.33.633.27 or .30,SB,04-Jul-1979,ASB 01.00.03,,,0:00,,All AS 350 Helicopters all versions spherical thrust bearings -P.N. 704A.33.633.27 or .30 the serial number of which are found in the following list:
157b8d12-c115-446e-a4dc-d12077751fe2,d88e2641-dd39-4814-9f04-682a3c823bff,01.00.07,20,ASB 01.00.07 Rev 2,L1MITATIONS - Pitch change fifitings reference 350A.12.1368.01 and .02 on tail. rotor blade assemblies.,SB,19-Oct-1981,ASB 01.00.07 Rev 2,,,0:00,,"AS 350 helicopters, all versions.Date of Issue-19-Oct-1981"
157b8d12-c115-446e-a4dc-d12077751fe2,d88e2641-dd39-4814-9f04-682a3c823bff,01.00.14,28,ASB 01.00.14a,"VERIFYING ""LEBOZEC AND GAUTH1ER"" FUEL FILTER P/N. 432B12.3C AND MGB OIL FILTER P/N. 434B12.11",SB$,21-Jun-1985,ASB 01.00.14a,,,0:00,,"VERIFYING ""LEBOZEC AND GAUTH1ER"" FUEL FILTER P/N. 432B12.3C AND MGB OIL FILTER P/N. 434B12.11."
157b8d12-c115-446e-a4dc-d12077751fe2,d88e2641-dd39-4814-9f04-682a3c823bff,01.00.17,1,ASB 01.00.17 Rev A,BEHAVIOUR OF THE HELICOPTER ON THE GROUND WITH ROTOR TURNING,SB*,31-Oct-1986,ASB 01.00.17 Rev A,,,0:00,,Applicable to Eurocopter AS 350 B3 Helicopters.
157b8d12-c115-446e-a4dc-d12077751fe2,d88e2641-dd39-4814-9f04-682a3c823bff,ASB 01.00.57 R2,80,ASB 01.00.57 R2,LIMITATIONS SKURKA (ex APC) 200-ampere Starter Generator Limitations,SB#,14-Apr-2026,ASB 01.00.57 R2,,,0:00,,AS350 B3
157b8d12-c115-446e-a4dc-d12077751fe2,d88e2641-dd39-4814-9f04-682a3c823bff,01.00.67,1,ASB 01.00.67 Rev 2,Limitation - Fuel System And Check FADEC - Flight manual procedure,SB,18-Feb-2014,ASB 01.00.67 Rev 2,,,0:00,,"AS350 B3 helicopters equipped with an ARRIEL 2D engine and THALES FADEC P/N C13165DA00 or 13165DA00PC00 or C13165FA00, including all amendments"
157b8d12-c115-446e-a4dc-d12077751fe2,d88e2641-dd39-4814-9f04-682a3c823bff,01.00.68,4,ASB 01.00.68 R2,Limitation and follow-up of casings in torque cycles (TC),SB,22-Dec-2015,ASB 01.00.68 R2 Part B,,,0:00,,Helicopters equipped with MGB casings (main casing assembly and MGB sump) with Part Numbers specified in paragraph 4.A.
157b8d12-c115-446e-a4dc-d12077751fe2,d88e2641-dd39-4814-9f04-682a3c823bff,01.00.68 A1,63,ASB 01.00.68 Rev 2,LIMITATIONS - Main Gearbox (MGB) Casings - Limitation and follow-up of casings in torque cycles (TC),SB*,22-Dec-2015,ASB 01.00.68 Rev 2 Part A 1,,,0:00,,"Main Casing with Part Number 350A32-3121-04, 350A32-3121-06, MGB sump with Part Number 350A32-3119-05."
157b8d12-c115-446e-a4dc-d12077751fe2,d88e2641-dd39-4814-9f04-682a3c823bff,01.00.68 A,83,ASB 01.00.68 Rev.2,LIMITATIONS - Main Gearbox (MGB) Casings Limitation and follow-up of casings in torque cycles (TC),SB,22-Dec-2015,ASB 01.00.68 Rev.2 Initial Compliance,,,0:00,,Helicopters equipped with MGB casings (main casing assembly and MGB sump) with Part Numbers specified in SB
157b8d12-c115-446e-a4dc-d12077751fe2,d88e2641-dd39-4814-9f04-682a3c823bff,01.00.68 B,83,ASB 01.00.68 Rev.2,LIMITATIONS - Main Gearbox (MGB) Casings Limitation and follow-up of casings in torque cycles (TC),SB,22-Dec-2015,ASB 01.00.68 Rev.2 Part B,,,0:00,,Helicopters equipped with MGB casings (main casing assembly and MGB sump) with Part Numbers specified in SB
157b8d12-c115-446e-a4dc-d12077751fe2,d88e2641-dd39-4814-9f04-682a3c823bff,01.00.68 C,83,ASB 01.00.68 Rev.2,LIMITATIONS - Main Gearbox (MGB) Casings Limitation and follow-up of casings in torque cycles (TC),SB*,28-Jul-2015,ASB 01.00.68 Rev.2 Part B1,,,0:00,,Helicopters equipped with MGB casings (main casing assembly and MGB sump) with Part Numbers specified in SB
157b8d12-c115-446e-a4dc-d12077751fe2,d88e2641-dd39-4814-9f04-682a3c823bff,01.00.69,83,ASB 01.00.69 Rev.2,LIMITATIONS - Main Gearbox (MGB) Casings Limitation and follow-up of casings in torque cycles (TC),SB,22-Dec-2015,ASB 01.00.69 Rev.2 Part B,,,0:00,,Helicopters equipped with MGB casings (main casing assembly and MGB sump) with Part Numbers specified in SB
157b8d12-c115-446e-a4dc-d12077751fe2,d88e2641-dd39-4814-9f04-682a3c823bff,01.00.69,83,ASB 01.00.69 Rev.2,LIMITATIONS - Main Gearbox (MGB) Casings Limitation and follow-up of casings in torque cycles (TC),SB*,22-Dec-2015,ASB 01.00.69 Rev.2 Part C,,,0:00,,Helicopters equipped with MGB casings (main casing assembly and MGB sump) with Part Numbers specified in SB
157b8d12-c115-446e-a4dc-d12077751fe2,d88e2641-dd39-4814-9f04-682a3c823bff,01.00.69,83,ASB 01.00.69 Rev.3,LIMITATIONS - Main Gearbox (MGB) Casings Limitation and follow-up of casings in torque cycles (TC),SB,07-Jan-2016,ASB 01.00.69 Rev.3,,,0:00,,"Helicopters equipped with a MGB sump with a Part Number indicated in SB. Applicable models are Civil version(s): B1, B2 Military version(s): L1"
157b8d12-c115-446e-a4dc-d12077751fe2,d88e2641-dd39-4814-9f04-682a3c823bff,01.00.70,65,ASB 01.00.70 R1,Tail rotor drive Tail rotor drive shaft bearings,SB*,21-Sep-2015,ASB 01.00.70 R1,,,0:00,,"Helicopters equipped with tail rotor drive shaft bearing with Part Number (MP/N): - 593404 (P/N 704A33-651-181, regreasable) manufactured by FAG."
157b8d12-c115-446e-a4dc-d12077751fe2,d88e2641-dd39-4814-9f04-682a3c823bff,01.00.70,65,ASB 01.00.70 Rev.1,LIMITATIONS - Tail rotor drive shaft bearings,SB*,21-Sep-2015,ASB 01.00.70 Rev.1,,,0:00,,"Helicopters equipped with tail rotor drive shaft bearing with Part Number (MP/N): - 593404 (P/N 704A33-651-181, regreasable) manufactured by FAG."
157b8d12-c115-446e-a4dc-d12077751fe2,d88e2641-dd39-4814-9f04-682a3c823bff,01.04 Rev 1,72,ASB 01.04 Rev 1,LIMITATIONS - Watching of reduction gearbox bearings on ARRIEL 1B engine.,SB,05-Jun-1980,ASB 01.04 Rev 1,,,0:00,,Applicable to AS 350 hellicopters with Arriel 1 series engine. Date of Issue: 06-Nov-1979.
157b8d12-c115-446e-a4dc-d12077751fe2,d88e2641-dd39-4814-9f04-682a3c823bff,1.06,63,ASB 01.06,LIMITATIONS - Engine to MGB coupling. Bolts attaching hydraulic pump driving pulley to MGB input flange.,SB,28-Apr-1981,ASB 01.06,,,0:00,,AS 350 helicopters all versions.
157b8d12-c115-446e-a4dc-d12077751fe2,d88e2641-dd39-4814-9f04-682a3c823bff,1.1,64,ASB 01.10,"LIMITATIONS - Withdrawing, tail rotors from service for replacement of rotor blade stainless steel leading edge protective strips.",SB,21-Apr-1983,ASB 01.10,,,0:00,,"AS 350 helicopters, all versions. Tail rotor blade assembly - P/N 350Al2.0030.01 through .05 whose serial numbers are from 979 to 1150 * included. * Except rotors 997 - 998 999 - 1004 - 1010 - 1014 - 1016 - 1021 - 1022 - 1023 - 1024 1025 - 1026 - 1028 - 1029 - 1033 - 1044 - 1136 - which are not affected by the Directive."
157b8d12-c115-446e-a4dc-d12077751fe2,d88e2641-dd39-4814-9f04-682a3c823bff,1.13,28,ASB 01.13,"LIMITATIONS - Installation of a new blanking plug, P/N 350A77.123.21, on the lower part of the main fuel tank. Dated: 04-Mar-1985",SB,04-Mar-1989,ASB 01.13,,,0:00,,AS 350 Helicopters - All versions
157b8d12-c115-446e-a4dc-d12077751fe2,d88e2641-dd39-4814-9f04-682a3c823bff,1.19,100,ASB 01.19,LIMITATION-Flight cycie calculation,SB,31-Jul-1987,ASB 01.19,,,0:00,,"AS 350 helicopters, versions B - B1 - D."
157b8d12-c115-446e-a4dc-d12077751fe2,d88e2641-dd39-4814-9f04-682a3c823bff,1.2,67,ASB 01.20,Thrust bearing bolts P/N : 350A31-2051-20 and 35031-2067-20 Service life reduction.,SB,05-Nov-1987,ASB 01.20,,,0:00,,AS 350 heiicopters - versions B1 - L1.
157b8d12-c115-446e-a4dc-d12077751fe2,d88e2641-dd39-4814-9f04-682a3c823bff,01.22 Rev 1,63,ASB 01.22 Rev 1,"Main Rotor Blades P/Nos. 355A11-0020-02, -03, -04 and -06. Modification to Service-Life Limit.",SB,21-Nov-1988,ASB 01.22 Rev 1,,,0:00,,"AS 350 helicopters, versions B1 L1."
157b8d12-c115-446e-a4dc-d12077751fe2,d88e2641-dd39-4814-9f04-682a3c823bff,1.23,27,ASB 01.23,OPERATING LIMITATION IN VERY COLD WEATHER FOR AIRCRAFT EQUIPPED WITH SPHERICAL THRUST BEARINGS P/N 704A33.633.109.,SB,29-May-1990,ASB 01.23,,,0:00,,"AS 350 type Helicopters, Version B, B1, D, L1."
157b8d12-c115-446e-a4dc-d12077751fe2,d88e2641-dd39-4814-9f04-682a3c823bff,1.36,4,ASB 01.36,LIMITATIONS Hydraulic system contamination.,SB,16-Jun-1992,ASB 01.36,,,0:00,,"AS 350 hencopters, versions B. D. Bl, B2, BA, Ll , equIpped with hydraulic reservoir P/N 350A75-1030-00."
157b8d12-c115-446e-a4dc-d12077751fe2,d88e2641-dd39-4814-9f04-682a3c823bff,1.38,4,ASB 01.38,LIMITATIONS Fire Detection In the Engine Bay,SB,16-Nov-1992,ASB 01.38,,,0:00,,"AS 350B Versions : Bl, B2, Ll"
157b8d12-c115-446e-a4dc-d12077751fe2,d88e2641-dd39-4814-9f04-682a3c823bff,1.41,62,ASB 01.41,": CHECKFOR CORRECT ASSEMBLY OF MAIN ROTOR MAST P/N 350A37-0004-02, 350A37-0004-03, 355A37-0005-01 EQUIPPED WITH A 4-CONTACT POINT BEARING.",SB,27-May-1993,ASB 01.41,,,0:00,,"AS 350 HELICOPTERS, VERSIONS : D. B. B. B2, BA, Ll."
157b8d12-c115-446e-a4dc-d12077751fe2,d88e2641-dd39-4814-9f04-682a3c823bff,1.42,27,ASB 01.42,LIMITA11ONS CYCLIC PITCH CHANGE CONTROL ROD.,SB,28-Jun-1994,ASB 01.42,,,0:00,,"This Service Bulletin applies to cyclic pitch change control rod, P/N 704A34-113-279. This Service Bulletin does not apply to helicopters equipped with automatic pilot."
157b8d12-c115-446e-a4dc-d12077751fe2,d88e2641-dd39-4814-9f04-682a3c823bff,05.00.01 Rev 1,64,ASB 05.00.01 Rev 1,Checking the self aligning bearing on the tail rotor pitch change mechanism non rotating section.,SB,19-Sep-1986,ASB 05.00.01 Rev 1,,,0:00,,AS 350 helicopters - All versions fitted with a tail rotor pitch change mechanism.Date of Issue : 19-Oct-1978
157b8d12-c115-446e-a4dc-d12077751fe2,d88e2641-dd39-4814-9f04-682a3c823bff,05.00.03,63,ASB 05.00.03,Time Limits- Checking the vibration absorber assembly mounting flange on the main rotor head.,SB*,10-May-1979,ASB 05.00.03,,,0:00,,"All AS.350 helicopters, all versions. Mounting flange PIN 350 A.37.1201.20 fitted to vibration absorber assembly installed on main Rotor Shaft 350A.37.0003.02."
157b8d12-c115-446e-a4dc-d12077751fe2,d88e2641-dd39-4814-9f04-682a3c823bff,05.00.04,65,ASB 05.00.04 Rev 1,TIME LIMITS-Monitoring of Bolts Securing Starflex Star to Main Rotor Shaft.,SB,07-Dec-1987,ASB 05.00.04 Rev 1,,,0:00,,"AS 350 helicopters, all versions."
157b8d12-c115-446e-a4dc-d12077751fe2,d88e2641-dd39-4814-9f04-682a3c823bff,05.00.06,27,ASB 05.00.06 Rev 2,TIME LIMITS Surveillance of wear on the MGB vertical shaft splines.,SB,18-May-1981,ASB 05.00.06 Rev 2,,,0:00,,Helicopters AS 350 all versions. Bevel reduction gear module P/N 350A32-0300-00 or -01 in main gearbox.
157b8d12-c115-446e-a4dc-d12077751fe2,d88e2641-dd39-4814-9f04-682a3c823bff,05.00.08,5,ASB 05.00.08 Rev.6,Checking ball bearings in tail rotor drive shaft rear section bearing mountings,SB*,11-Jul-2016,ASB 05.00.08 Rev.6,,,0:00,,Superseded by 01.00.70
157b8d12-c115-446e-a4dc-d12077751fe2,d88e2641-dd39-4814-9f04-682a3c823bff,05.00.10,63,ASB 05.00.10 Rev 1,PERIODICITE - inspection of the bevel ring gear to vertical shaft bolted coupling of the MGB bevel reduction gear module.,SB,25-Apr-1985,ASB 05.00.10 Rev 1,,,0:00,,"Bevel reduction gear assemblies P/N 350A32.0300.00, .01 and .02."
157b8d12-c115-446e-a4dc-d12077751fe2,d88e2641-dd39-4814-9f04-682a3c823bff,05.00.12,43,ASB 05.00.12,PERIODICITE- monotoring the mains gearbox oil,SB,29-Nov-1982,ASB 05.00.12,,,0:00,,All versions of AS 350 helicopters
157b8d12-c115-446e-a4dc-d12077751fe2,d88e2641-dd39-4814-9f04-682a3c823bff,05.00.13 Rev 3,63,ASB 05.00.13 Rev 3,TIME LIMITS Main rotor mast shaft monitoring.,SB,19-Apr-1983,ASB 05.00.13 Rev 3,,,0:00,,"Applicable to AS 350 Helicopters all versions.Rotor shaft 350A37.1076.00 to .06,"
157b8d12-c115-446e-a4dc-d12077751fe2,d88e2641-dd39-4814-9f04-682a3c823bff,05.00.16,53,ASB 05.00.16,TIME LIMITS - Monitoring Fuselage to Tail Boom junction(Issue Dt; 19/Jul/1985),SB*,19-Jul-1985,ASB 05.00.16,,,0:00,,Helicopters AS 350 all versions.
157b8d12-c115-446e-a4dc-d12077751fe2,d88e2641-dd39-4814-9f04-682a3c823bff,ASB 05.00.16 R1,64,ASB 05.00.16 R1,Time Limits - Monitoring Fuselage to Tailboom Junction,SB,16-Mar-2022,ASB 05.00.16 R1,,,0:00,,"B2 and B3 versions, Aircraft Maintenance Manual (AMM) and Master Servicing Manual (MSM)"
157b8d12-c115-446e-a4dc-d12077751fe2,d88e2641-dd39-4814-9f04-682a3c823bff,05.00.17,72,ASB 05.00.17 Rev 1,TIME LIMITS - Checking the MGB and Engine Cowling «DZUS»fasteners P/Nos TL 100 AXE 8L and TL 100 AXE 6L. Fasteners PIN TL 100 AXE 9L are not affected by this Service- Bulletin.,SB,05-Mar-1986,ASB 05.00.17 Rev 1,,,0:00,,"All ECUREUIL AS 350 helicopters, all versions."
157b8d12-c115-446e-a4dc-d12077751fe2,d88e2641-dd39-4814-9f04-682a3c823bff,05.00.28,5,ASB 05.00.28,"Checking the MGB Suspension Bi-Directional Cross Beam P/N:350A38-1018 All Dash No., Installed on the Complete Cross Beam Assemblies P/N:350A38-0210 All Dash No.",SB*,26-May-1997,ASB 05.00.28,,,0:00,,"Eurocopter AS 350 h/c,versions B, B1, B2, BA, D, L1.The MGB suspension bi-directional cross beams P/N: 350A38-1018-all dash no,installed on the complete cross beam assemblies P/N: 350A38-0210-all dash no."
157b8d12-c115-446e-a4dc-d12077751fe2,d88e2641-dd39-4814-9f04-682a3c823bff,05.00.33,5,ASB 05.00.33 R1,Check for Absence of Rotation of the Bearing Spacer of the Tail Rotor Rotating Plate,SB,11-Mar-2004,ASB 05.00.33 R1,,,0:00,,"Eurocopter AS 350 B, BA, B1, B2, B3, BB Helicopters with Tail rotor pitch change plate assembly not modified per MOD 076554."
157b8d12-c115-446e-a4dc-d12077751fe2,d88e2641-dd39-4814-9f04-682a3c823bff,05.00.35,53,ASB 05.00.35,Check of the Attachment Areas of the Heat Shield of the Tail Rotor Drive Shaft Forward Fairing,SB*,27-Jun-2012,ASB 05.00.35,,,0:00,,"Eurocopter AS 350 B3 Helicopter with Tail rotor drive shaft forward fairing, - Forward fairing, P/N: 350A23-0032-09 pre MOD 073097, 350A23-1075-00 post MOD 073097."
157b8d12-c115-446e-a4dc-d12077751fe2,d88e2641-dd39-4814-9f04-682a3c823bff,05.00.35,53,ASB 05.00.35,Check of the Attachment Areas of the Heat Shield of the Tail Rotor Drive Shaft Forward Fairing,SB*,24-Jan-2002,ASB 05.00.35,,,0:00,,"Eurocopter AS 350 B3 Helicopter with Tail rotor drive shaft forward fairing, - Forward fairing, P/N: 350A23-0032-09 pre MOD 073097, 350A23-1075-00 post MOD 073097."
157b8d12-c115-446e-a4dc-d12077751fe2,d88e2641-dd39-4814-9f04-682a3c823bff,05.00.37 R1,65,ASB 05.00.37 R1,Checking the Tail Servocontrol Eye Endfitting for Correct Locking.,SB*,19-Nov-2004,ASB 05.00.37 R1,,,0:00,,Eurocopter AS350 B3 Helicopters equipped with TailServo Controls (All types) before embodiment MOD 073139 or SB 67.00.22.
157b8d12-c115-446e-a4dc-d12077751fe2,d88e2641-dd39-4814-9f04-682a3c823bff,05.00.40,64,ASB 05.00.40 R3,TIME LIMITS: Tail Rotor Blade Skin Check,SB*,18-Dec-2008,ASB 05.00.40 R3,,,0:00,,"Eurocopter AS 350 B, BA, B1, B2, B3, BB, D helicopters equipped with tail rotor blades, P/N a) 355A12-0031-01/ -02/ -03/ -04/ -05/ -06/ -07/ -08/ -09/ -11/ -12/ -13/ -14. b) 355A12-0040-00/ -01/ -02/ -03/ -04/ -05/ -07/ -08. c) 355A12-0050-04."
157b8d12-c115-446e-a4dc-d12077751fe2,d88e2641-dd39-4814-9f04-682a3c823bff,05.00.41,52,ASB 05.00.41 R2,Time Limits - Maintenance Checks - Check of the Sliding Door Aft Guide Roller and Middle Rail,SB*,29-Jun-2006,ASB 05.00.41 R2,,,0:00,,Eurocopter AS 350 B3 helicopter with Sliding door Aft guide roller and middle rail. NOTE Embodiment of MOD 073287 and/or MOD 073290 (introduced by Service Bulletin No. 52.00.29) cancels compliance with the instructions given in this ALERT SERVICE BULLETIN.
157b8d12-c115-446e-a4dc-d12077751fe2,d88e2641-dd39-4814-9f04-682a3c823bff,05.00.45,29,ASB 05.00.45 R1,TIME LIMITS - MAINTENANCE CHECKS: Replacement of Hydraulic Fluid in Cold Weather,SB,14-Oct-2004,ASB 05.00.45 R1,,,0:00,,"Eurocopter AS 350 B, BA, BB, B1, B2, B3 helicopters that operate continuously or temporarily in a flight envelope where the outside ambient temperature (OAT) is below minus 15° Celsius (or below plus 5° Fahrenheit)."
157b8d12-c115-446e-a4dc-d12077751fe2,d88e2641-dd39-4814-9f04-682a3c823bff,05.00.46,5,ASB 05.00.46,TIME LIMITS - MAINTENANCE CHECKS: Check of upper and lower fin spars,SB*,20-Jan-2006,ASB 05.00.46,,,0:00,,Eurocopter AS 350 B3 helicopters.
157b8d12-c115-446e-a4dc-d12077751fe2,d88e2641-dd39-4814-9f04-682a3c823bff,05.00.47,52,ASB 05.00.47,TIME LIMITS - MAINTENANCE CHECKS: Check of the Sliding Door Rear Roller Support Shaft and Rear Fitting,SB*,19-Jul-2006,ASB 05.00.47,,,0:00,,"Eurocopter AS 350 B, BA, BB, B1, B2, B3 helicopters."
157b8d12-c115-446e-a4dc-d12077751fe2,d88e2641-dd39-4814-9f04-682a3c823bff,05.00.48,53,ASB 05.00.48,"TIME LIMITS - MAINTENANCE CHECKS: Blade of the RH Cabin Vibration Damper, all part numbers",SB,19-Jul-2006,ASB 05.00.48,,,0:00,,"Eurocopter AS 350 B,BA,BB,B1,B2,B3 helicopters fitted with an automatic flight control system, all design standards. (Note: Compliance with Alert Service Bulletin 53.00.34 supersedes the prescriptions in Telex Alert No. 05.00.48 Revision 1. This information is reiterated by Revision 0 of Alert Service Bulletin No. 05.00.48)"
157b8d12-c115-446e-a4dc-d12077751fe2,d88e2641-dd39-4814-9f04-682a3c823bff,05.00.49,80,ASB 05.00.49 R2,"TIME LIMITS - MAINTENANCE CHECKS ""Forced Idle"" Microswitch of the Twist Grip Assembly",SB*,06-Oct-2011,ASB 05.00.49 R2,,,0:00,,Eurocopter AS350B3 Helicopters equipped with the ARRIEL 2B engine.
157b8d12-c115-446e-a4dc-d12077751fe2,d88e2641-dd39-4814-9f04-682a3c823bff,05.00.49A,80,ASB 05.00.49 R3,"TIME LIMITS - MAINTENANCE CHECKS ""Forced Idle"" Microswitch of the Twist Grip Assembly",SB*,08-Mar-2012,ASB 05.00.49 R3,,,0:00,,Eurocopter AS350B3 Helicopters equipped with the ARRIEL 2B engine.
157b8d12-c115-446e-a4dc-d12077751fe2,d88e2641-dd39-4814-9f04-682a3c823bff,05.00.49,80,ASB 05.00.49 R3,"TIME LIMITS - MAINTENANCE CHECKS ""Forced Idle"" Microswitch of the Twist Grip Assembly",SB*,05-Mar-2012,ASB 05.00.49 R3,,,0:00,,CIVIL VERSION(S): B3
157b8d12-c115-446e-a4dc-d12077751fe2,d88e2641-dd39-4814-9f04-682a3c823bff,05.00.54,35,ASB 05.00.54,TIME LIMITS - MAINTENANCE CHECKS: Oxygen Cylinders,SB,16-Aug-2010,ASB 05.00.54,,,0:00,,"Eurocopter AS 350 B3 Helicopters equipped with oxygen cylinders, P/N GLF311-1, GLF312, GLF313, GLF316, GLF514 or GLD511."
157b8d12-c115-446e-a4dc-d12077751fe2,d88e2641-dd39-4814-9f04-682a3c823bff,05.00.58,67,ASB 05.00.58,Time Limits - Maintenance Checks : Collective pitch lever locking stud,SB,01-Dec-2008,ASB 05.00.58,,,0:00,,"helicopters with a serial number equal to: 3972-3973-3982-3987-4003-4023-4046-4050-4086-4120- 4122-4132-4143-4152-4172-4194-4259-4314-4324-4378-4392-4447-4452-4477-4489-4490-4501- 4523-4546-4560-4589-4594-4599-4632-4659-4666-4671. Eurocopter AS 350 B A-BB-B1-B2-B3-D Helicopters delivered before mod 073175, or helicopters on which work has been carried out in service on the locking studs or or on the collective pitch levers or on the locking strips, or Helicopters having been subject to compliance of ASB 67.00.19."
157b8d12-c115-446e-a4dc-d12077751fe2,d88e2641-dd39-4814-9f04-682a3c823bff,05.00.59,53,ASB 05.00.59 Rev 1,Visual Check for Cracks in the Lower Crossbeams of the Yaw Control Bellcrank Support,SB*,23-Oct-2014,ASB 05.00.59 Rev 1,,,0:00,,Helicopters equipped with the lower crossbeams of the yaw control bellcrank support PRE MOD 073466.
157b8d12-c115-446e-a4dc-d12077751fe2,d88e2641-dd39-4814-9f04-682a3c823bff,ASB 05.00.60 R1,65,ASB 05.00.60 R1,TIME LIMITS - MAINTENANCE CHECKS Check for no play in the tail rotor pitch-change links,SB,21-Dec-2021,ASB 05.00.60 R1,,,0:00,,"Helicopters equipped with tail rotor pitch-change links with part numbers: 350A33-2100-00, 350A33-2100-01, 350A33-2100-02, 350A33-2100-03, 350A33-2100-04, 350A33-2121-00, 350A33-2121-01, 350A33-2121-02, 350A33-2143-00, 350A33-2145-00 and 350A33-2145-01."
157b8d12-c115-446e-a4dc-d12077751fe2,d88e2641-dd39-4814-9f04-682a3c823bff,05.00.61 R3,76,ASB 05.00.61 R 3,ENGINE CONTROLS: Functional check of the 2 contactors 53Ka and 53Kb which are used to switch from IDLE mode to FLIGHT mode or from FLIGHT mode to IDLE mode mode to FLIGHT mode or from FLIGHT mode to IDLE mode,SB*,15-Jun-2015,ASB 05.00.61 R 3,,,0:00,,"Eurocopter AS350 helicopters equipped with the ARRIEL 2B1 engine associated with the two-channel FADEC, and embodying modification 073254 (new twist grip)."
157b8d12-c115-446e-a4dc-d12077751fe2,d88e2641-dd39-4814-9f04-682a3c823bff,05.00.63,25,ASB 05.00.63 R1,EQUIPMENT AND FURNISHINGS - Emergency floatation gear - Check of the front and rear attachment brackets,SB*,18-Apr-2010,ASB 05.00.63 R1,,,0:00,,"Eurocopter AS350 B, BA, BB, B1, B2, B3, D helicopters equipped with fixed parts of the emergency floatation gear."
157b8d12-c115-446e-a4dc-d12077751fe2,d88e2641-dd39-4814-9f04-682a3c823bff,ASB 05.00.63 R2,25,ASB 05.00.63 R2,EQUIPMENT AND FURNISHINGS - Emergency floatation gear Check of the front and rear attachment brackets.,SB,17-Mar-2022,ASB 05.00.63 R2,,,0:00,,"Civil version(s): B, BA, BB, B1, B2, B3, D"
157b8d12-c115-446e-a4dc-d12077751fe2,d88e2641-dd39-4814-9f04-682a3c823bff,05.00.64,67,ASB 05.00.64 Rev.3,TIME LIMITS - MAINTENANCE CHECKS - Tail rotor control Checking the locking of the stop screws of the yaw flight controls,SB*,11-Feb-2020,ASB 05.00.64 Rev.3,,,0:00,,"Helicopters equipped with adjustable primary yaw stops in the baggage compartment, corresponding to the configuration shown below, and which do not embody modification 074602 or 074819."
157b8d12-c115-446e-a4dc-d12077751fe2,d88e2641-dd39-4814-9f04-682a3c823bff,05.00.79,5,"ASB 05.00.79,Rev-1",TIME LIMITS - MAINTENANCE CHECKS - Engine-to-MGB coupling Periodic check of the hydraulic pump drive bearing,SB*,02-Dec-2013,"ASB 05.00.79,Rev-1",,,0:00,,Helicopters with dual hydraulics (POST MOD OP3346 or OP3082) equipped with hydraulic pump drive assembly Part Number (P/N) 350A35-0132-00 (POST MOD 079566 and PRE MOD 079568).
157b8d12-c115-446e-a4dc-d12077751fe2,d88e2641-dd39-4814-9f04-682a3c823bff,05.00.82,73,ASB 05.00.82,FUEL CONTROL SYSTEM - FADEC,SB*,19-Dec-2014,ASB 05.00.82,,,0:00,,All helicopters equipped with engine model Arriel 2B1 or Arriel 2D.
157b8d12-c115-446e-a4dc-d12077751fe2,d88e2641-dd39-4814-9f04-682a3c823bff,05.00.84,31,ASB 05.00.84,TIME LIMITS - MAINTENANCE CHECKS - Main rotor drive Periodic inspection of bi-directional suspension cross-bar P/Nos. 350A381040.20 and 350A381040.00,SB*,21-May-2015,ASB 05.00.84,,,0:00,,
157b8d12-c115-446e-a4dc-d12077751fe2,d88e2641-dd39-4814-9f04-682a3c823bff,05.00.84,31,ASB 05.00.844,05.00.84 TIME LIMITS - MAINTENANCE CHECKS - Main rotor drive Periodic inspection of bi-directional suspension cross-bar P/Nos. 350A381040.20 and 350A381040.00,SB*,21-May-2015,ASB 05.00.84,,,0:00,,Helicopterrs equipped with a bi-directional suspension cross-bar as per paragraph 3. every 3300 FH or 60000 torque cycles (TC) ( the first limit reached is applicable)
157b8d12-c115-446e-a4dc-d12077751fe2,d88e2641-dd39-4814-9f04-682a3c823bff,ASB 05.00.84 Rev 1,63,ASB 05.00.84 Rev 1,TIME LIMITS - MAINTENANCE CHECKS - Main rotor drive.,SB#,17-Nov-2021,ASB 05.00.84 Rev 1,,,0:00,,"Civil version(s): B, B1, B2, B3, BA, BB, D"
157b8d12-c115-446e-a4dc-d12077751fe2,d88e2641-dd39-4814-9f04-682a3c823bff,05.00.88,24,ASB 05.00.88,Checking the level of wear on the brushes and commutator of SKURKA starter-generators,SB,21-Jun-2017,ASB 05.00.88,,,0:00,,- B3 version helicopters which are equipped with an Arriel 2B engine and SKURKA starter-generators Part Number (MP/N) 150SG122Q-4.
157b8d12-c115-446e-a4dc-d12077751fe2,d88e2641-dd39-4814-9f04-682a3c823bff,ASB 05.00.92 R1,53,ASB 05.00.92 R1,TIME LIMITS - MAINTENANCE CHECKS - Fuselage Check for the presence of the Main Gear Box (MGB) suspension bar attachment bracket screw head,SB,30-May-2022,ASB 05.00.92 R1,,,0:00,,For all AS350 helicopter versions PRE MOD 0720049.
157b8d12-c115-446e-a4dc-d12077751fe2,d88e2641-dd39-4814-9f04-682a3c823bff,ASB 05.00.92R1,53,ASB 05.00.92R1,TIME LIMITS - MAINTENANCE CHECKS - Fuselage Check for the presence of the Main Gear Box (MGB) suspension bar attachment bracket screw head,SB,30-May-2022,ASB 05.00.92R1,,,0:00,,For all AS350 helicopter versions PRE MOD 0720049.
157b8d12-c115-446e-a4dc-d12077751fe2,d88e2641-dd39-4814-9f04-682a3c823bff,ASB 05.00.94 R1,5,ASB 05.00.94 R1,TIME LIMITS - MAINTENANCE CHECKS Introduction of an Operating Time Limit (OTL) for the laminated half-bearings of the tail rotor blades.,SB,20-Dec-2021,ASB 05.00.94 R1,,,0:00,,"Helicopters equipped with tail rotor blades which contain laminated half-bearings P/N: - 704A33633116, - 704A33633261, - 704A33633303."
157b8d12-c115-446e-a4dc-d12077751fe2,d88e2641-dd39-4814-9f04-682a3c823bff,ASB 05.01.00,31,,PROTECTIVE MEASURE INDICATING AND RECORDING SYSTEMS - Control unit Inspection of the control panel.,SB,31-Mar-2021,ASB 05.01.00,,,0:00,,Helicopters AS350 POST MOD 073273 and PRE MOD 074280.
157b8d12-c115-446e-a4dc-d12077751fe2,d88e2641-dd39-4814-9f04-682a3c823bff,ASB 05.01.00 R1,31,ASB 05.01.00,INDICATING AND RECORDING SYSTEMS - Control unit Inspection of the control panel ATA: 31,SB,25-Oct-2023,ASB 05.01.00 R1,,,0:00,,Helicopters AS350 POST MOD 073273 and PRE MOD 074280 and PRE MOD 0720175
157b8d12-c115-446e-a4dc-d12077751fe2,d88e2641-dd39-4814-9f04-682a3c823bff,ASB 05.01.01,62,ASB 05.01.01,TIME LIMITS - MAINTENANCE CHECKS - Main Rotor Inspection of the pitch rod upper links,SB,09-Feb-2021,ASB 05.01.01,,,0:00,,"Civil versions: B, BA, BB, B1, B2, B3, D Military version: L1"
157b8d12-c115-446e-a4dc-d12077751fe2,d88e2641-dd39-4814-9f04-682a3c823bff,ASB 05.01.01,62,ASB 05.01.01,TIME LIMITS - MAINTENANCE CHECKS - Main Rotor Inspection of the pitch rod upper links,SB*,09-Feb-2021,ASB 05.01.01,,,0:00,,"Civil versions: B, BA, BB, B1, B2, B3, D Military version: L1"
157b8d12-c115-446e-a4dc-d12077751fe2,d88e2641-dd39-4814-9f04-682a3c823bff,ASB 05.01.01 R1,62,ASB 05.01.01 R1,TIME LIMITS - MAINTENANCE CHECKS - Main Rotor Inspection of the pitch rod upper links.,SB,15-Mar-2023,ASB 05.01.01 R1,,,0:00,,"AS350 helicopters, all versions that have screws MP/N 350A31-1873-20 (PRE MOD 0760008)."
157b8d12-c115-446e-a4dc-d12077751fe2,d88e2641-dd39-4814-9f04-682a3c823bff,ASB 05.01.01 R1,62,ASB 05.01.01 R1,TIME LIMITS - MAINTENANCE CHECKS - Main Rotor Inspection of the pitch rod upper links.,SB*,15-Mar-2023,ASB 05.01.01 R1,,,0:00,,"AS350 helicopters, all versions that have screws MP/N 350A31-1873-20 (PRE MOD 0760008)."
157b8d12-c115-446e-a4dc-d12077751fe2,d88e2641-dd39-4814-9f04-682a3c823bff,ASB 05.01.03,65,ASB 05.01.03,TIME LIMITS - MAINTENANCE CHECKS Check for absence of rotation of the bearing spacer of the Tail-Rotor-Head (TRH) pitch-change-unit,SB,17-Dec-2021,ASB 05.01.03,,,0:00,,AS350 helicopters all versions fitted with TRH pitch change unit MP/N 350A33-2030-00 or 350A33-2167-00 or 350A33-2167-01.
157b8d12-c115-446e-a4dc-d12077751fe2,d88e2641-dd39-4814-9f04-682a3c823bff,ASB 05.01.03 R0,5,ASB 05.01.03 R0,TIME LIMITS - MAINTENANCE CHECKS Check for absence of rotation of the bearing spacer of the Tail-Rotor-Head (TRH) pitch-change-unit,SB,16-Dec-2021,ASB 05.01.03 R0,,,0:00,,AS350 helicopters all versions fitted with TRH pitch change unit MP/N 350A33-2030-00 or 350A33-2167-00 or 350A33-2167-01.
157b8d12-c115-446e-a4dc-d12077751fe2,d88e2641-dd39-4814-9f04-682a3c823bff,ASB 05.01.03R1,65,ASB 05.01.03R1,Sub: Check for absence of rotation of the bearing spacer of the Tail-Rotor-Head(TRH) pitch-change-unit. To update the TRH pitch change unit log card with POST MOD 0765002,SB,08-Jul-2024,ASB 05.01.03R1,,,0:00,,AS350 helicopters all versions fitted with TRH pitch change unit MP/N 350A33-2030-00 or 350A33-2167-00 or 350A33-2167-01 PRE MOD 0765002
157b8d12-c115-446e-a4dc-d12077751fe2,d88e2641-dd39-4814-9f04-682a3c823bff,ASB 05.01.04,63,ASB 05.01.04,TIME LIMITS - MAINTENANCE CHECKS - Main rotor drive Check of the Main Gear Box (MGB) bevel wheel,SB*,25-Jan-2023,ASB 05.01.04,,,0:00,,Helicopters AS350 version B3 that have MGB planet gears bearing MP/N 350A32-1082-03 or MP/N 350A32-1114-00.
157b8d12-c115-446e-a4dc-d12077751fe2,d88e2641-dd39-4814-9f04-682a3c823bff,ASB 05.01.07,62,ASB 05.01.07,10. TIME LIMITS - MAINTENANCE CHECKS - Main rotor Inspection by Tapping of the stainless steel leading edge protection of the main rotor blades.,SB,06-Dec-2022,ASB 05.01.07,,,0:00,,Helicopters AS350 that have main rotor blades: - MP/N 350A11-0010-01 - MP/N 350A11-0010-02 - MP/N 350A11-0010-03 - MP/N 350A11-0010-04 - MP/N 350A11-0010-06 - MP/N 355A11-0020-00 - MP/N 355A11-0020-01 - MP/N 355A11-0020-02 - MP/N 355A11-0020-03 - MP/N 355A11-0020-04 - MP/N 355A11-0020-06 - MP/N 355A11-0020-07.
157b8d12-c115-446e-a4dc-d12077751fe2,d88e2641-dd39-4814-9f04-682a3c823bff,05.15 Rev A,63,ASB 05.15A Rev A,TIME LIMITS MAIN ROTOR SHAFT P/N 350A37.1076.00 TO 06 EQUIPPING AS 350 HELICOPTERS ALL VERSIONS.,SB,10-Dec-1987,ASB 05.15A Rev A,,,0:00,,MAIN ROTOR SHAFT P/N 350A37.1076.00 TO 06 EQUIPPING AS 350 HELICOPTERS ALL VERSIONS
157b8d12-c115-446e-a4dc-d12077751fe2,d88e2641-dd39-4814-9f04-682a3c823bff,5.18,65,ASB 05.18,TIME LIMITS-Checking Tail Gearbox Casing PIN 350A33-1090-00,SB,25-Sep-1987,ASB 05.18,,,0:00,,"AS 350 helicopters, all versions fitted with a TGB whose casing has not been modified by the embodiment of AMS 350A07.8535 (polishing the blade horn support yoke blend radii). Date of Issue:25-Sep-1987"
157b8d12-c115-446e-a4dc-d12077751fe2,d88e2641-dd39-4814-9f04-682a3c823bff,5.19,27,ASB 05.19,T1ME LIM1T-Monitoring Main Rotor Pitch Change Control Rocl End-Fittings,SB,08-Mar-1988,ASB 05.19,,,0:00,,"AS 350 helicopters, versions D B - B1 -L1"
157b8d12-c115-446e-a4dc-d12077751fe2,d88e2641-dd39-4814-9f04-682a3c823bff,ASB 11-30-0001 Issue 001,11,,Interior placards and markings - Installation of safety label for unlock sliding door,SB,20-Dec-2024,ASB 11-30-0001 Issue 001,,,0:00,,"Model: AS350 Version: B, B1, B2, B3, BA, BB, D, L1 Helicopters PRE MOD: 0720257"
157b8d12-c115-446e-a4dc-d12077751fe2,d88e2641-dd39-4814-9f04-682a3c823bff,24.00.10,24,ASB 24.00.10,Electrical Power - Checking the Installation of the Battery Lug Connection,SB,03-Feb-2004,ASB 24.00.10,,,0:00,,"AS 350 Helicopters, all versions pre Mod 073226"
157b8d12-c115-446e-a4dc-d12077751fe2,d88e2641-dd39-4814-9f04-682a3c823bff,24.00.31R1,24,ASB 24.00.31R1,ELECTRICAL POWER - DC electrical power Replacement of a power cable belonging to very cold weather starting optional equipment Corresponds to modification 074838.,SB,22-Oct-2018,ASB 24.00.31R1,,,0:00,,Helicopters which complied with the very cold weather starting installation (double battery) and PRE MOD 074838.
157b8d12-c115-446e-a4dc-d12077751fe2,d88e2641-dd39-4814-9f04-682a3c823bff,25.00.32,25,ASB 25.00.32,EQUIPMENT / FURNISHINGS Electrical control circuit for cargo-sling and cargo-swing jettisoning,SB,19-Oct-1989,ASB 25.00.32,,,0:00,,AS 350 helicopters - Versions B - B1 - D - L1 with a serial number lower than 2025'and fittedwith the:cargo-sling and cargo-swing options.
157b8d12-c115-446e-a4dc-d12077751fe2,d88e2641-dd39-4814-9f04-682a3c823bff,25.00.73,25,ASB 25.00.73,BREEZE 450-lb Electric Hoist,SB*,27-Jul-2007,ASB 25.00.73,,,0:00,,Helicopters fitted with Breeze 450-lb electric hoist installation P/N BL29700-23
157b8d12-c115-446e-a4dc-d12077751fe2,d88e2641-dd39-4814-9f04-682a3c823bff,25.00.79 Rev 3,25,ASB 25.00.79 Rev 3,BREEZE 300 lb. (136 kg) ELECTRIC HOIST INSTALLATION Failure of the Pyrotechnic Squib Control to Operate,SB,24-Sep-2019,ASB 25.00.79 Rev 3,,,0:00,,"Aircraft equipped with Optional BREEZE or TRW (or LUCAS or Air Equipment) 300 lb. electric Hoist and hoist Operator's control unit 26M, P/N 350A63-1136-00."
157b8d12-c115-446e-a4dc-d12077751fe2,d88e2641-dd39-4814-9f04-682a3c823bff,25.00.89,25,ASB 25.00.89,Hoist Operators Belt Snap Hook Locking,SB*,27-Jun-2006,ASB 25.00.89,,,0:00,,"Helicopters equipped with an operator's belt (called ""Hoist operator's belt"") P/N 350A84-0047-00, fitted with a snap hook P/N GA 343-95."
157b8d12-c115-446e-a4dc-d12077751fe2,d88e2641-dd39-4814-9f04-682a3c823bff,25.00.93,25,ASB 25.00.93,Equipment And Furnishings - Hoist operator safety belt reinforcement,SB,26-Jun-2006,ASB 25.00.93,,,0:00,,"AS350 B3 Helicopters Pre Mod 073299 , equipped with operator safety belt P/N 350A84-0047-00."
157b8d12-c115-446e-a4dc-d12077751fe2,d88e2641-dd39-4814-9f04-682a3c823bff,25.00.94,25,ASB 25.00.94,Untimely firing of squibs on GOODRICH electric hoists,SB,16-Nov-2005,ASB 25.00.94,,,0:00,,Helicopters equipped with GOODRICH electric hoists P/N 76370-XXX not equipped with the Auxilec Motor
157b8d12-c115-446e-a4dc-d12077751fe2,d88e2641-dd39-4814-9f04-682a3c823bff,25.00.95,25,ASB 25.00.95,Elimination of a Ground Connection on the Hoist Squib Wiring,SB,16-Nov-2005,ASB 25.00.95,,,0:00,,"-H/C equipped with Goodrich electric Hoists P/N 76370-XXX (All types of motors),and not modified per modification 073318, and -Goodrich Electric hoists P/N 76370-XXX-, not equipped with AUXILEC motor ,and modified in compliance with Alert TELEX no 25.00.94, issued on 25-May-05."
157b8d12-c115-446e-a4dc-d12077751fe2,d88e2641-dd39-4814-9f04-682a3c823bff,25.01.02,25,ASB 25.01.02,1900 Kg and 1950 Kg Floatation Gear Dated: 24-Sep-2008,SB,24-Sep-2008,ASB 25.01.02,,,0:00,,"Helicopters fitted with emergency floatation gear including the assemblies listed below and not having been granted an operating time limit extension from the equipment nanufacturer AERAZUR: -LH container assembly P/N 158170 or P/N 158210-1, -RH container assembly P/N 158171 or P/N 158215-1."
157b8d12-c115-446e-a4dc-d12077751fe2,d88e2641-dd39-4814-9f04-682a3c823bff,25.01.06,25,ASB 25.01.06,Replacement of the existing hook with a D'LOCK type hook with utility eye,SB$,01-Apr-2010,ASB 25.01.06,,,0:00,,Eurocopter AS 350 B3 Helicopters equipped with an electric hoist MP/N 76370-130(704A41815035) with amendment 12 and with a serial number below 563.
157b8d12-c115-446e-a4dc-d12077751fe2,d88e2641-dd39-4814-9f04-682a3c823bff,25.01.39,25,Indraéro Siren SB No.40,EQUIPMENT AND FURNISHINGS - Cargo Hook - Issue of Service Bulletin No. 40 of the Indraéro Siren company,SB,22-Apr-2011,ASB 25.01.39,,,0:00,,"Eurocopter AS350 B, BA, BB, B1, B2, B3, D Helicopters equipped with cargo hook of the Indraéro Siren company, cargo hook S/N up to and including S/N 1499. Cargo hook referenced (MP/N) S1609-6 embodying all amendments."
157b8d12-c115-446e-a4dc-d12077751fe2,d88e2641-dd39-4814-9f04-682a3c823bff,ASB 25.04.46,25,ASB 25.04.46,EQUIPMENT AND FURNISHINGS - Cyclic stick grip UP/DOWN switch for hoist control.,SB,06-Jan-2021,ASB 25.04.46,,,0:00,,"Civil version(s): B, B1, B2, BA, D Military version(s): L1"
157b8d12-c115-446e-a4dc-d12077751fe2,d88e2641-dd39-4814-9f04-682a3c823bff,ASB 25.04.77,25,ASB 25.04.77,EQUIPMENT AND FURNISHING - Electrical Hoist Complementary maintenance of the electrical hoist,SB,05-May-2022,ASB 25.04.77,,,0:00,,Helicopters AS350 all versions with hoist AIR EQUIPMENT P/N 76370-XXX (where XXX correspond to all numbers).
157b8d12-c115-446e-a4dc-d12077751fe2,d88e2641-dd39-4814-9f04-682a3c823bff,ASB 25.04.87,25,ASB 25.04.87,EQUIPMENT AND FURNISHINGS - Emergency Floatation Gear Movement of the emergency floatation gear button(s) from the SMS Block to the instrument panel,SB,25-Oct-2023,ASB 25.04.87,,,0:00,,"Airbus Helicopters Civil version(s): B2, B3"
157b8d12-c115-446e-a4dc-d12077751fe2,d88e2641-dd39-4814-9f04-682a3c823bff,ASB 25.05.03,25,ASB 25.05.03,EQUIPMENT AND FURNISHINGS - Main Rotor Flight Controls Check of the shear-button safety-cap on the collective pitch handle,SB,04-Oct-2022,ASB 25.05.03,,,0:00,,Helicopters AS350 version L1 equipped with a hoist (removable and/or fixed parts) and that have collective pitch handle MP/N 704A41-1100-60 on pilot and co-pilot collective sticks (Figure 1).
157b8d12-c115-446e-a4dc-d12077751fe2,d88e2641-dd39-4814-9f04-682a3c823bff,ASB 25.05.05,25,ASB 25.05.05,EQUIPMENT AND FURNISHING - Electrical hoist Complementary maintenance of the electrical hoist,SB,05-Oct-2022,ASB 25.05.05,,,0:00,,Helicopters AS350 all versions with electrical hoist P/N 76370-XXX (where XXX means all references).
157b8d12-c115-446e-a4dc-d12077751fe2,d88e2641-dd39-4814-9f04-682a3c823bff,ASB 25.05.05 R1,25,ASB 25.05.05 R1,EQUIPMENT AND FURNISHING - Electrical hoist Complementary maintenance of the electrical hoist.,SB,24-May-2023,ASB 25.05.05 R1,,,0:00,,Helicopters AS350 all versions with electrical hoist P/N 76370-XXX (where XXX means all references).
157b8d12-c115-446e-a4dc-d12077751fe2,d88e2641-dd39-4814-9f04-682a3c823bff,ASB 25-00-0001,25,,"Equipment/furnishings - Replacement of the attachment screws, washers and nuts of the lower cable cutter.",SB#,29-Jan-2026,ASB 25-00-0001,,,0:00,,"Model: AS350 Version: B3 Helicopters affected: 8550, 8558, 8564, 8592, 8696, 8740, 8743, 8773, 8809, 8810, 8824, 8860, 8878, 8900, 9129, 9273, 9292, 9314, 9534"
157b8d12-c115-446e-a4dc-d12077751fe2,d88e2641-dd39-4814-9f04-682a3c823bff,ASB 25-98-0001 Issue 001,25,,EXTERNAL LOAD SYSTEMS - Check of the cargo hook,SB,18-Dec-2024,ASB 25-98-0001 Issue 001,,,0:00,,"Model: AS350 Version: B. B1, B2, B3, BA, BB, D, L1"
157b8d12-c115-446e-a4dc-d12077751fe2,d88e2641-dd39-4814-9f04-682a3c823bff,ASB 25-98-0002 Issue 001,25,ASB 25-98-0002 Issue 001,External load system - Check of emergency release control of the cargo-swing installation,SB,15-Jan-2025,ASB 25-98-0002 Issue 001,,,0:00,,"Model: AS350 Version: B2 , B3"
157b8d12-c115-446e-a4dc-d12077751fe2,d88e2641-dd39-4814-9f04-682a3c823bff,28.00.06,28,"ASB 28.00.06,Rev-1",FUEL SYSTEM - Enlargement of the fuel filter drain feedthrough hole.,SB,20-Dec-2012,"ASB 28.00.06,Rev-1",,,0:00,,Helicopters AS 350 - Versions B and D
157b8d12-c115-446e-a4dc-d12077751fe2,d88e2641-dd39-4814-9f04-682a3c823bff,28.00.16,28,ASB 28.00.16,In Flight loss of Fuel Bleed lever,SB,03-Mar-2004,ASB 28.00.16,,,0:00,,Helicopters Aircraft Pre Mod 073239
157b8d12-c115-446e-a4dc-d12077751fe2,d88e2641-dd39-4814-9f04-682a3c823bff,28.05,28,ASB 28.05,FUEL - Fuel filter.,SB,21-Oct-1983,ASB 28.05,,,0:00,,"All AS 350 B, C and D helicopters"
157b8d12-c115-446e-a4dc-d12077751fe2,d88e2641-dd39-4814-9f04-682a3c823bff,28.07,28,ASB 28.07 Rev 1,FUEL-Addition of a Differential PressureS witch on the Fuel Filter.,SB$,16-May-1986,ASB 28.07 Rev 1,,,0:00,,"AS 350 helicopters, versions B and D."
157b8d12-c115-446e-a4dc-d12077751fe2,d88e2641-dd39-4814-9f04-682a3c823bff,29.00.04,29,ASB 29.00.04 Rev.1,Lubrification of the Splines on the Hydraulic Pump Drive Shaft,SB*,27-Jan-2004,ASB 29.00.04 Rev.1,,,0:00,,Eurocopter AS 350 B3 Helicopter equipped with Hydraulic pump drive shaft.
157b8d12-c115-446e-a4dc-d12077751fe2,d88e2641-dd39-4814-9f04-682a3c823bff,29. 00. 04,29,ASB 29.00.04 Rev.1,Lubrification of the Splines on the Hydraulic Pump Drive Shaft,SB*,27-Jan-2004,ASB 29.00.04 Rev.1,,,0:00,,Eurocopter AS 350 B3 Helicopter equipped with Hydraulic pump drive shaft.
157b8d12-c115-446e-a4dc-d12077751fe2,d88e2641-dd39-4814-9f04-682a3c823bff,29.00.07,29,ASB 29.00.07,Improvement of the hydraulic cut off function,SB,08-Apr-2004,ASB 29.00.07,,,0:00,,"Helicopters Type AS 350 , pre Mod 073263"
157b8d12-c115-446e-a4dc-d12077751fe2,d88e2641-dd39-4814-9f04-682a3c823bff,29.00.13,29,ASB 29.00.13,HYDRAULIC POWER - Protection of the forward servo-control hoses,SB,26-Jul-2010,ASB 29.00.13,,,0:00,,"Eurocopter AS350 B3 Helicopters with a single hydraulic power system which are not modified by mod 074238 and equipped with both the forward (pitch) servo-control hydraulic hoses P/N 704A34-412-033 or MP/N 675-102-05-01, P/N 704A34-412-035 or MP/N 675-102-06-01."
157b8d12-c115-446e-a4dc-d12077751fe2,d88e2641-dd39-4814-9f04-682a3c823bff,29.00.14,29,ASB 29.00.14,Rotor Flight Controls- Replacement of Auxitrol hydraulic pressure switch,SB$,24-Jun-2010,ASB 29.00.14,,,0:00,,"Eurocopter AS 350 versions B, B1, B2, B3, BA, BB, D helicopter"
157b8d12-c115-446e-a4dc-d12077751fe2,d88e2641-dd39-4814-9f04-682a3c823bff,ASB 31-10-0002 Issue 001,31,ASB 31-10-0002 Issue 001,Instrument and control panels - Reinforcement of the fuse cover attachment of the 31-32 Alpha circuit breaker panel,SB#,11-Feb-2026,ASB 31-10-0002 Issue 001,,,0:00,,Model: AS350 Version: B2 / B3
157b8d12-c115-446e-a4dc-d12077751fe2,d88e2641-dd39-4814-9f04-682a3c823bff,33.00.17,33,ASB 33.00.17,NR indicator emergency light modification Corresponds to MOD 072840.,SB,20-Nov-1999,ASB 33.00.17,,,0:00,,"AS 350 helicopters, version B3, except for helicopters which embody MOD 072810 or an approved modification which enables full NR indicator lighting in normal mode and emergency mode."
157b8d12-c115-446e-a4dc-d12077751fe2,d88e2641-dd39-4814-9f04-682a3c823bff,33.00.33,33,"ASB 33.00.33,rev-1","Protection of the power supply unit of the optional equipment ""position strobe lights"" Corresponds to modification 074611",SB,17-Nov-2014,"ASB 33.00.33,Rev-1",,,0:00,,"Helicopters: - embodying modification OP0811 and equipped with the GRIMES - HONEYWELL power supply unit MP/N 60-1431-3 of the optional equipment ""position strobe lights"
157b8d12-c115-446e-a4dc-d12077751fe2,d88e2641-dd39-4814-9f04-682a3c823bff,34.00.13,34,ASB 34.00.13,Horizontal Situation Indicator KI 525A,SB,25-Feb-2004,ASB 34.00.13,,,0:00,,"Helicopters equipped with HSI KI 525A,P/N 066-3046-07"
157b8d12-c115-446e-a4dc-d12077751fe2,d88e2641-dd39-4814-9f04-682a3c823bff,ASB 407-23-133 PART 1,55,ASB 407-23-133,"HORIZONTAL STABILIZER AND CARGO HOOK FITTINGS - SELF LOCKING INSERTS, INSPECTION OF",SB*,25-Jan-2024,ASB 407-23-133,,,0:00,,"ASB PART I: Serial numbers 53000 through 53900, 53911 through 53999, 54000 through 54166, 54300 through 54800, 54805 through 54999, and 56300 and subsequent."
157b8d12-c115-446e-a4dc-d12077751fe2,d88e2641-dd39-4814-9f04-682a3c823bff,52.00.10,52,ASB 52.00.10a,"DOORS - Sliding door closing system control rods. SB date : March 13, 1984",SB,13-Mar-1984,ASB 52.00.10a,,,0:00,,AS 350 helicopters - All versions.Date of Issue:13-03-1984
157b8d12-c115-446e-a4dc-d12077751fe2,d88e2641-dd39-4814-9f04-682a3c823bff,52.00.18,52,ASB 52.00.18,"DOORS AND OPENINGS- New Ball Joint Pin on Sliding Door. SB Dated : June 1st, 1987",SB,01-Jan-1987,ASB 52.00.18,,,0:00,,AS 350 helicopters All versions fitted with RH and/or LH sliding door.Date of Issue::01-June-1987
157b8d12-c115-446e-a4dc-d12077751fe2,d88e2641-dd39-4814-9f04-682a3c823bff,52.00.30,52,ASB 52.00.30 Rev.1,Modification to sliding door medium roller pin and fitting,SB,29-Jun-2007,ASB 52.00.30 Rev.1,,,0:00,,Eurocopter AS350B3 Helicopters equipped with LH and/or RH sliding doors whose P/N are listed in Para 1.A.2 and pre Mods 073298and /or 073308
157b8d12-c115-446e-a4dc-d12077751fe2,d88e2641-dd39-4814-9f04-682a3c823bff,52.00.34,52,ASB 52.00.34,DOORS - Sliding Door Double locking of the sliding door lower ball-joint bolt Corresponds to modification AL. 4262,SB,09-Jul-2012,ASB 52.00.34,,,0:00,,"Applicable to Eurocopter AS 350 B3 Helicopter Civil version(s): B, B1, B2, B3, BA, BB, D Military version(s): L1"
157b8d12-c115-446e-a4dc-d12077751fe2,d88e2641-dd39-4814-9f04-682a3c823bff,52.00.35,52,ASB 52.00.35,DOORS - Crew doors,SB,03-Apr-2014,ASB 52.00.35,,,0:00,,On crew door actuators on helicopters equipped with the emergency flotation gear.
157b8d12-c115-446e-a4dc-d12077751fe2,d88e2641-dd39-4814-9f04-682a3c823bff,ASB 52.00.53 R1,52,ASB 52.00.53,PROTECTIVE MEASURE DOORS - Sliding doors Addition of a label on the sliding door cover,SB,29-Mar-2021,ASB 52.00.53 R1,,,0:00,,"AS350 helicopter versions B, BA, BB, B1, B2, B3, D and L1 that are PRE MOD 0720042 and equipped with a: - LH rear support Manufacturer Part Number (MP/N) 350A25-0031-38 or 350A25-0268-20 - RH rear support Manufacturer Part Number (MP/N) 350A25-0031-39 or 350A25-0268-21."
157b8d12-c115-446e-a4dc-d12077751fe2,d88e2641-dd39-4814-9f04-682a3c823bff,ASB 52.00.54 R2,52,ASB 52.00.54 R2,DOORS - Sliding doors Inspection of the upper rail and roller of the LH and/or RH sliding doors.,SB,19-Oct-2021,ASB 52.00.54 R2,,,0:00,,"Civil version(s): B, B1, B2, B3, BA, BB, D"
157b8d12-c115-446e-a4dc-d12077751fe2,d88e2641-dd39-4814-9f04-682a3c823bff,ASB 52.00.65,52,ASB 52.00.65,DOORS - Sliding doors Double locking of the upper rail roller of the LH and/or RH sliding door and locking markings,SB,23-May-2023,ASB 52.00.65,,,0:00,,Helicopters equipped with the LH and/or RH sliding door fitted with roller reference 350A25-1324-20 or 350A25-1324-22.
157b8d12-c115-446e-a4dc-d12077751fe2,d88e2641-dd39-4814-9f04-682a3c823bff,ASB 52.00.65R1,52,ASB 52.00.65R1,DOORS - Sliding doors Double locking of the upper rail roller of the LH and/or RH sliding doors and locking markings.,SB,10-Jul-2024,ASB 52.00.65R1,,,0:00,,Helicopters equipped with the LH and/or RH sliding door fitted with roller reference 350A25-1324-20 or 350A25-1324-22. Roller references 350A25-1324-20 and 350A25-1324-22 are parts of sliding doors PRE MOD 0720150
157b8d12-c115-446e-a4dc-d12077751fe2,d88e2641-dd39-4814-9f04-682a3c823bff,52.04,52,ASB 52.04,"DOORS-Checking the locking device of L.H. side baggage hold door. SB date : July 4, 1979",SB,04-Jul-1979,ASB 52.04,,,0:00,,"systematica11y, before delivery for aircraft SIN 1007 - 1025 1037 ° 1041 - l0/4 6 - 1053-1056 -1060 - 1063 to 1065 1069 to 1075 1079-1081 to 1090 1092 onwards . AS 350 helicopters, all versions. LH side baggage hold door assembly, P/N 350A.21.0032.10"
157b8d12-c115-446e-a4dc-d12077751fe2,d88e2641-dd39-4814-9f04-682a3c823bff,52.09,52,ASB 52.09,DOORS - New lower ball joint block on sliding door,SB,26-Oct-4986,ASB 52.09,,,0:00,,AS 350 helicopters All versions.Date of Issue: 26-Oct-1983
157b8d12-c115-446e-a4dc-d12077751fe2,d88e2641-dd39-4814-9f04-682a3c823bff,53.00.31,53,ASB 53.00.31,Replacement of the MGB opening cowling seals Corresponds to MOD 073161,SB,11-Jul-2002,ASB 53.00.31,,,0:00,,AS 350 Helicopters versions B-B1-B2-B3-BA-BB-D-L1
157b8d12-c115-446e-a4dc-d12077751fe2,d88e2641-dd39-4814-9f04-682a3c823bff,53.00.34,53,ASB 53.00.34,Containment box structure installation for RH cabin vibration damper,SB,18-Jul-2006,ASB 53.00.34,,,0:00,,"Helicopters equipped with AFCS, post Mod 072262,071543, OP1055and pre Mod 073325."
157b8d12-c115-446e-a4dc-d12077751fe2,d88e2641-dd39-4814-9f04-682a3c823bff,55.00.13,55,ASB 55.00.13 R2,STABILIZERS - Improvement and/or monitoring of upper and lower fin attachments,SB*,28-Feb-2008,ASB 55.00.13 R2,,,0:00,,Model AS 350 B3 Helicopters equipped with upper and lower fins Pre/Post-MOD 073288 and equipped with an upper fin pre- or post-MOD 073148 (see NOTE 2) and pre-MOD 073330 (see NOTE 3).
157b8d12-c115-446e-a4dc-d12077751fe2,d88e2641-dd39-4814-9f04-682a3c823bff,55.00.16,55,ASB 55.00.16 R1,STABILIZER(S) : Improvement of attachment strength for upper and lower fin skids,SB,05-Jan-2009,ASB 55.00.16 R1,,,0:00,,"Model AS 350 B,B1,B2,B3,BA,BB,D helicopters pre-MOD 073330, fitted with fins whose P/N listed in para 1.A.2. of ASB."
157b8d12-c115-446e-a4dc-d12077751fe2,d88e2641-dd39-4814-9f04-682a3c823bff,55.02,25,ASB 55.02 Rev 1,STABIL1ZERS - Improvement of vertical fin installation - Upper fin P/N 350A14.0020 - Lower fin P/N 350A14.0021 or 355A14.0521.(Issue Dt: 18-Dec-1981),SB,18-Dec-1981,ASB 55.02 Rev 1,,,0:00,,"AS 350 helicopters, all versions without embodiment of modifications AMS 350A07.1046 and AMS 350A07.1050."
157b8d12-c115-446e-a4dc-d12077751fe2,d88e2641-dd39-4814-9f04-682a3c823bff,62.00.02 R2,62,ASB 62.00.02 R2,ROTOR(S)-Non-Rotating Swashplate,SB,28-May-2002,ASB 62.00.02 R2,,,0:00,,"Applicable to AS 350 helicopters with CIVIL VERSION(S): B,B1,D"
157b8d12-c115-446e-a4dc-d12077751fe2,d88e2641-dd39-4814-9f04-682a3c823bff,62.00.24,62,ASB 62.00.24,Installing a Stud to Stop the Bush at the End of the Starflex Star Arm,SB,17-Dec-2001,ASB 62.00.24,,,0:00,,AS 350 Helicopters versions B-BA-BB-B1-B2-B3-D-L1. Affected components-MAin rotor heads fitted with starflex star P/N 350A31-1916-00(Post Mod 076209) only. Date of Issue:17-Dec-2001
157b8d12-c115-446e-a4dc-d12077751fe2,d88e2641-dd39-4814-9f04-682a3c823bff,62.00.25,62,ASB 62.00.25 Rev.1,MAIN ROTOR - TAIL ROTOR DRIVE Correction of Operating Hours,SB,19-Feb-2007,ASB 62.00.25 Rev.1,,,0:00,,"Model AS 350 B, BA, BB, B1, B2, B3, D helicopters With Dynamic components, following Overhaul (RG) or Repair (RE) at D.E.R.H., listed in Table 1 of para 4 ""APPENDIX"" of ASB."
157b8d12-c115-446e-a4dc-d12077751fe2,d88e2641-dd39-4814-9f04-682a3c823bff,62.00.34,62,ASB 62.00.34,MAIN ROTOR - Swashplates,SB*,30-Apr-2014,ASB 62.00.34,,,0:00,,"On helicopters equipped with a swashplate assembly comprising a rotating star with Part Number (MP/N) 350A371003-04, -05, -06, -07 or -08."
157b8d12-c115-446e-a4dc-d12077751fe2,d88e2641-dd39-4814-9f04-682a3c823bff,62 .00. 34,62,ASB 62.00.34,MAIN ROTOR - Swashplates,SB*,31-Dec-2014,ASB 62.00.34,,,0:00,,"On helicopters equipped with a swashplate assembly comprising a rotating star with Part Number (MP/N) 350A371003-04, -05, -06, -07 or -08."
157b8d12-c115-446e-a4dc-d12077751fe2,d88e2641-dd39-4814-9f04-682a3c823bff,62.00.34,62,ASB 62.00.34,MAIN ROTOR - Swashplates,SB*,28-Apr-2014,ASB 62.00.34,,,0:00,,"On helicopters equipped with a swashplate assembly comprising a rotating star with Part Number (MP/N) 350A371003-04, -05, -06, -07 or -08."
157b8d12-c115-446e-a4dc-d12077751fe2,d88e2641-dd39-4814-9f04-682a3c823bff,62.00.38,63,ASB 62.00.38,MAIN ROTOR - Main rotor hub Check of the main rotor hub / mast attachment screws,SB,15-Feb-2017,ASB 62.00.38,,,0:00,,"AS350 helicopter versions B, BA, BB, B1, B2, B3, D, L1: - equipped with main rotor hub / mast attachment screws P/N: . 350A37124220 and 350A37124320 or, . 350A37124221 and 350A37124321 or, . 350A37124222 and 350A37124322 or, . 350A37124420 and 350A37124520. and - which operate in a salt-laden or tropical and damp atmosphere."
157b8d12-c115-446e-a4dc-d12077751fe2,d88e2641-dd39-4814-9f04-682a3c823bff,62.00.38 1,63,ASB 62.00.38,MAIN ROTOR - Main rotor hub Check of the main rotor hub / mast attachment screws,SB,15-Feb-2017,ASB 62.00.38,,,0:00,,"AS350 helicopter versions B, BA, BB, B1, B2, B3, D, L1: - equipped with main rotor hub / mast attachment screws P/N: . 350A37124220 and 350A37124320 or, . 350A37124221 and 350A37124321 or, . 350A37124222 and 350A37124322 or, . 350A37124420 and 350A37124520. and - which operate in a salt-laden or tropical and damp atmosphere."
157b8d12-c115-446e-a4dc-d12077751fe2,d88e2641-dd39-4814-9f04-682a3c823bff,ASB 62.00.38 R1,62,ASB 62.00.38 R1,MAIN ROTOR - Main rotor hub Check of the main rotor hub / mast attachment screws.,SB,24-Aug-2021,ASB 62.00.38 R1,,,0:00,,"Civil version(s): B, BA, BB, B1, B2, B3, D Military version(s): L1."
157b8d12-c115-446e-a4dc-d12077751fe2,d88e2641-dd39-4814-9f04-682a3c823bff,ASB 62-00-0001 Issue 001,62,ASB 62-00-0001 Issue 001,Main rotors - First compliance with reduced Service Life Limit (SLL) on the unequipped blade pins and the spherical thrust bearings,SB,19-May-2025,ASB 62-00-0001 Issue 001,,,0:00,,"Unequipped blade pin: 350A31-1771-21, 350A31177121 Spherical thrust bearing: LB4-1231-1, 704A33633208 Spherical thrust bearing: 57910700, 704A33633211"
157b8d12-c115-446e-a4dc-d12077751fe2,d88e2641-dd39-4814-9f04-682a3c823bff,ASB 63.00.09 R2,63,,MAIN ROTOR DRIVE Installation of a long electrical magnetic plug in the Main Gear Box,SB,22-Jun-2021,ASB 63.00.09 R2,,,0:00,,For MGB's equipped with a magnetic plug pre Mod 077175
157b8d12-c115-446e-a4dc-d12077751fe2,d88e2641-dd39-4814-9f04-682a3c823bff,63.00.17,63,ASB 63.00.17 Rev 3,MAIN ROTOR DRIVE - Check of the Hydraulic Pump Drive Pulley,SB*,20-Aug-2012,ASB 63.00.17 Rev 3,,,0:00,,"On helicopters equipped with hydraulic pump drive pulley P/N 350A35-1092-20, -21, -22 or -23 (hydraulic pump drive assembly post MOD 079555), having logged less than 500 flying hours since new and delivered before April 15, 2010."
157b8d12-c115-446e-a4dc-d12077751fe2,d88e2641-dd39-4814-9f04-682a3c823bff,63.00.19,63,ASB 63.00.19,"MAIN ROTOR DRIVE - Return to conformity of the ""MGB control"" harness",SB,28-Jul-2010,ASB 63.00.19,,,0:00,,"Eurocopter AS350 B2, B3 Helicopters delivered between Jan 1, 1990 and Aug 18, 2009, and equipped with a ""MGB control"" harness P/N 350A611070603 or P/N 350A61107001BA, as well as helicopters with S/N 4826, 4788 and 4812."
157b8d12-c115-446e-a4dc-d12077751fe2,d88e2641-dd39-4814-9f04-682a3c823bff,63.00.24,63,ASB 63.00.24,MAIN ROTOR DRIVE - Engine-to-MGB coupling,SB#,21-Oct-2014,ASB 63.00.24,,,0:00,,Helicopters equipped with a single hydraulic system and a hydraulic pump drive assembly Part Number (P/N) 350A35-0132-00 (POST MOD 079566 and PRE MOD 079568).(Note: PRE MOD 079568: Bearings P/N 704A33651243 (MP/N 594448A) are fitted to hydraulic pump drive assemblies P/N 350A35-0132-00. POST MOD 079568: Bearings P/N 704A33651269 (MP/N 594976) are fitted to hydraulic pump drive assemblies P/N 350A35-0132-01)
157b8d12-c115-446e-a4dc-d12077751fe2,d88e2641-dd39-4814-9f04-682a3c823bff,63.00.26,72,ASB 63.00.26 R1,MAIN ROTOR DRIVE - MGB / engine coupling Increase of tightening torque of the MGB/engine coupling Corresponds to modification 079804,SB,25-Apr-2017,ASB 63.00.26 R1,,,0:00,,"Helicopters PRE MOD 079804 and: - POST MOD modification 079555 (Hydraulic Pump Drive with Poly V trapezoidal type belt), or - having complied with Service Bulletin 63.90.10 (MGB / Engine coupling - Poly V trapezoidal type belt installation on hydraulic pump drive). or - having complied with Service Bulletin 63.00.08 (Poly V trapezoidal type belt installation on hydraulic pump drive)."
157b8d12-c115-446e-a4dc-d12077751fe2,d88e2641-dd39-4814-9f04-682a3c823bff,63.00.27,63,ASB 63.00.27,MAIN ROTOR DRIVE - NR indicator Addition of a second power supply on the NR indicator,SB#,17-May-2016,ASB 63.00.27,,,0:00,,AS350 B2 version helicopters equipped with an NR sensor MP/N VIT2458201 or 245820-01 (P/N 704A37614007) which do not embody modification 350A084886.00.
157b8d12-c115-446e-a4dc-d12077751fe2,d88e2641-dd39-4814-9f04-682a3c823bff,ASB 63.00.34 R0,63,ASB 63.00.34 R0,MAIN ROTOR DRIVE - Main gear box Inspection of the hydraulic pump drive system,SB,14-Mar-2022,ASB 63.00.34 R0,,,0:00,,"Helicopters AS350: - POST MOD 079568 (See NOTE 1) - Single hydraulic - That have hydraulic pump drive system assembled before February 2021 (See NOTE 2) - And which have never been complied with the Work Card 63-00-00-610 (MET) or the Task 63-11-00,6-15B (AMM)."
157b8d12-c115-446e-a4dc-d12077751fe2,d88e2641-dd39-4814-9f04-682a3c823bff,ASB 63.00.38,63,ASB 63.00.38,MAIN ROTOR DRIVE - Main Gear Box (MGB) engine coupling Check the correct assembly of the MGB engine coupling flange.,SB,31-May-2023,ASB 63.00.38,,,0:00,,"- Helicopters AS350 all versions delivered before May 15, 2023 (date of statement of conformity, EASA form 52 or equivalent). - Helicopters AS350 version D that have a Lycoming engine are not concerned with this ALERT SERVICE BULLETIN."
157b8d12-c115-446e-a4dc-d12077751fe2,d88e2641-dd39-4814-9f04-682a3c823bff,ASB 63.00.38 R1,63,ASB 63.00.38 R1,MAIN ROTOR DRIVE - Main Gear Box (MGB) engine coupling Check the correct assembly of the MGB engine coupling flange.,SB,19-Jul-2023,ASB 63.00.38 R1,,,0:00,,"- Helicopters AS350 all versions delivered before May 15, 2023 (date of statement of conformity, EASA form 52 or equivalent). - Helicopters AS350 version D that have a Lycoming engine are not concerned with this ALERT SERVICE BULLETIN."
157b8d12-c115-446e-a4dc-d12077751fe2,d88e2641-dd39-4814-9f04-682a3c823bff,64.00.05,64,ASB 64.00.05 Rev.2,Tail Rotor - Improving the tail rotor blade trailing edge Tab security,SB,15-Feb-2007,ASB 64.00.05 Rev.2,,,0:00,,"Eurocopter AS350B3 Helicopter with tail rotor blades P/N 355A120040. All dash numbers, with S/N from 8400 to 9224 inclusive & P/N 355A120050.04, with S/N from 8400-9224 inclusive."
157b8d12-c115-446e-a4dc-d12077751fe2,d88e2641-dd39-4814-9f04-682a3c823bff,65.00.07,65,ASB 65.00.07,ROTORS-Attachments crewso n tail gearbox attaching lugs. (Issue Dt: 03-Jan-1979),SB,03-Jan-1979,ASB 65.00.07,,,0:00,,All helicopterAsS 350 that do not embodym odification AMS 350A.07.8517.
157b8d12-c115-446e-a4dc-d12077751fe2,d88e2641-dd39-4814-9f04-682a3c823bff,65.00.26,62,ASB 65.00.26 Rev 1,MAIN ROTOR Main Rotor Shaft-Pianet Gear Cage.,SB,05-Feb-1982,ASB 65.00.26 Rev 1,,,0:00,,"All AS 350 helicopters, fitted with main rotor shaft assembly P/N 350A37-0003 - All dash numbers."
157b8d12-c115-446e-a4dc-d12077751fe2,d88e2641-dd39-4814-9f04-682a3c823bff,65.00.46,65,ASB 65.00.46,ROTOR FLIGHT CONTROLS - Tail gearbox Check of the Tail gearbox (TGB) casing assembly.,SB,18-May-2011,ASB 65.00.46,,,0:00,,"Eurocopter AS350 B, BA, BB, B1, B2, B3,D helicopters with TGB casing assembly MP/N 350A33-1090-02 with serial numbers MA47577, MA47585, MA47587,MA47588,MA47589,MA47590, MA47591, MA47592,MA47593,MA47597, MA47598, MA47599, MA47600, MA47602, MA47604, MA47606, MA47610, MA47613,MA47615,MA47617,MA47619, MA47620, MA47621, MA47622, MA47623, MA47624, MA47626,MA47628, MA47631"
157b8d12-c115-446e-a4dc-d12077751fe2,d88e2641-dd39-4814-9f04-682a3c823bff,65.01,62,ASB 65.01,ROTORS-Checking the rotating star drive adapter in main rotor shaft assembly.,SB,20-Oct-1978,ASB 65.01,,,0:00,,Main rotor shaft assembly P/N 350A.37.0003
157b8d12-c115-446e-a4dc-d12077751fe2,d88e2641-dd39-4814-9f04-682a3c823bff,65.08,62,ASB 65.08 Rev 2,ROTORS - Increase of pre-stress on tail shaft 'TIMKEN' bearings in tail gearbox,SB,13-Aug-1979,ASB 65.08 Rev 2,,,0:00,,"AS 350 aircraft, all versions.Date of Issue: 19-09-1986"
157b8d12-c115-446e-a4dc-d12077751fe2,d88e2641-dd39-4814-9f04-682a3c823bff,65.13,62,ASB 65.13,ROTORS-Wear tell-tale washers for laminated bearing on tail rotor hub.,SB,06-Nov-1979,ASB 65.13,,,0:00,,All AS350 helicopters.Date of Issue: 06-Nov-1979
157b8d12-c115-446e-a4dc-d12077751fe2,d88e2641-dd39-4814-9f04-682a3c823bff,65.18,62,ASB 65.18,ROTORS - temperature probe on main gearbox housing,SB,23-May-1980,ASB 65.18,,,0:00,,All AS 350 helicopters.Date of Issue;23-May-1980
157b8d12-c115-446e-a4dc-d12077751fe2,d88e2641-dd39-4814-9f04-682a3c823bff,65.33,62,ASB 65.33,"TAIL ROTOR DRIVE TAIL ROTOR CONTROL SPIDER P/N 350A33.2004-00, -01 AND -02 NOT INCORPORATING AMS 350A07.6536 (MODIFICATION OF RQUE AND CONTROL SPIDER NUT), P/N 350A33.2008 AND P/N 350A33. ALL DASH NUMBERS. FOR AS 350 HELICOPTERS ALL VERSIONS.",SB,13-May-1987,ASB 65.33,,,0:00,,Superseded by SB No. 05.00.33.
157b8d12-c115-446e-a4dc-d12077751fe2,d88e2641-dd39-4814-9f04-682a3c823bff,67.00.01,27,ASB 67.00.01,FLUNG CONTROLS Replacemenotf the yaw controlr od.,SB,03-Jan-1979,ASB 67.00.01,,,0:00,,Aircraft serial number 1027 with embodiment before applicable number on serial numbers : 1001-1003-1007-1015-1021 and All helicopters AS 350 that do not embody modification AMS 350A.07.0452
157b8d12-c115-446e-a4dc-d12077751fe2,d88e2641-dd39-4814-9f04-682a3c823bff,67.00.16 R2,67,ASB 67.00.16 R2,"Masking the collective lever bellcrank housing opening (Issue Dt: Oct 05, 2007)",SB,05-Oct-2007,ASB 67.00.16 R2,,,0:00,,"Eurocopter AS350, versions B, B1, D. Helicopters pre-MOD 071995."
157b8d12-c115-446e-a4dc-d12077751fe2,d88e2641-dd39-4814-9f04-682a3c823bff,67.00.23,67,ASB 67.00.23 Rev.1,"ROTOR FLIGHT CONTROLS - ""TRW SAMM"" Main Servocontrols",SB,15-Feb-2007,ASB 67.00.23 Rev.1,,,0:00,,"Eurocopter AS350 B3 helicopters equipped with ""TRW-SAMM"" main servocontrols, P/N SC 8042 or SC 8043 that underwent their last complete overhaul or repair since complete overhaul at ""HAWKER PACIFIC AEROSPACE, 11240, Sherman Way Sun Valley, California 91352-4942, USA"", before Mar 1, 2002."
157b8d12-c115-446e-a4dc-d12077751fe2,d88e2641-dd39-4814-9f04-682a3c823bff,67.00.24,67,ASB 67.00.24,ROTOR FLIGHT CONTROLS - Cyclic Stick in the Nose-Up Control Stop Position - Check for Lower Friction Cup Overlapping,SB,15-Jan-2004,ASB 67.00.24,,,0:00,,"Eurocopter AS350B3 Helicopters: Aircraft post MOD 070682 and pre MOD 073179. Component(s) affected: Lower friction cup, part number 350A27-1612-20."
157b8d12-c115-446e-a4dc-d12077751fe2,d88e2641-dd39-4814-9f04-682a3c823bff,67.00.25,67,ASB 67.00.25 Rev.1,ROTOR FLIGHT CONTROLS- Introduction of Double Locking of Flight Control Stop Screws by Sealing the Screws,SB,04-Mar-2004,ASB 67.00.25 Rev.1,,,0:00,,"Aircraft before embodiment of MOD 073206 or MOD 073102. Components affected: (Roll, pitch and collective) flight control stops."
157b8d12-c115-446e-a4dc-d12077751fe2,d88e2641-dd39-4814-9f04-682a3c823bff,67.00.26 R1,67,ASB 67.00.26 R1,YAW CONTROL-Replacing Stainless Steel-Caged Ball-Type Controls with (PTFE) Teflon-Caged Ball-Type Controls,SB,11-Jan-2005,ASB 67.00.26 R1,,,0:00,,"Eurocopter AS350, Versions B, BA, BB, B1, B2, D Helicopters fitted with Stainless Steel Ball-type controls."
157b8d12-c115-446e-a4dc-d12077751fe2,d88e2641-dd39-4814-9f04-682a3c823bff,67.00.27,67,ASB 67.00.27,ROTOR FLIGHT CONTROLS- Check of the Collective Lever Lock for Wear,SB,25-Sep-2003,ASB 67.00.27,,,0:00,,"Eurocopter AS350, versions B, BA, B1, BB, B2, B3,D Helicopters with Locking system of the pilot collective lever: Locks P/N 350A77.1309. xx and 350A27.3155.20."
157b8d12-c115-446e-a4dc-d12077751fe2,d88e2641-dd39-4814-9f04-682a3c823bff,67.00.33,67,ASB 67.00.33,ROTOR FLIGHT CONTROLS - Twist grip functional improvement,SB,07-Jul-2008,ASB 67.00.33,,,0:00,,"Eurocopter AS 350 B3 Helicopters post-MOD 073084 ""twist grip with flight notch stop at collective lever foot "" and pre-MOD 073222."
157b8d12-c115-446e-a4dc-d12077751fe2,d88e2641-dd39-4814-9f04-682a3c823bff,67.00.40,67,ASB 67.00.40,ROTOR FLIGHT CONTROLS - Return to conformity of main rotor servo-controls,SB,19-Feb-2007,ASB 67.00.40,,,0:00,,"Model AS350 B3 Helicopters equipped with servo-controls, identified by their P/N and S/N listed in ASB and with no letter ""R"" marked in the inspection box of the servo-control identification plate. Main rotor servo-control SC8042 1590, 1591, 1592, 1593, 1616, 1618 Main rotor servo-control SC8043 865, 866, 867, 881"
157b8d12-c115-446e-a4dc-d12077751fe2,d88e2641-dd39-4814-9f04-682a3c823bff,67.00.43 r3,67,ASB 67.00.43 R3,Modification to the electrical operation of the twist grip for ARRIEL 2B engines Corresponds to modification 073357,SB,16-Jun-2016,ASB 67.00.43 R3,,,0:00,,Applicable to Aircraft Model AS350 B3 equipped with ARRIEL 2B engines.
157b8d12-c115-446e-a4dc-d12077751fe2,d88e2641-dd39-4814-9f04-682a3c823bff,67.00.49,67,ASB 67.00.49,ROTOR FLIGHT CONTROLS - Replacement of Dunlop servo-control input lever hinge pins,SB,01-May-2010,ASB 67.00.49,,,0:00,,"Eurocopter AS 350 B3 Helicopter With Dunlop TR servo-controls AC66436 and AC67032 which have been overhauled or repaired since Feb 01, 2008. And/or With Dunlop MR servo-controls AC64182, AC67030 and AC67244 which have been overhauled or repaired since Feb 01, 2008."
157b8d12-c115-446e-a4dc-d12077751fe2,d88e2641-dd39-4814-9f04-682a3c823bff,67.00.61,67,ASB 67.00.61 R3,ROTOR FLIGHT CONTROLS Installation of dual mechanical safetying on primary yaw stops,SB,04-Sep-2017,ASB 67.00.61 R3,,,0:00,,"Helicopters: - on which modification 074602 has not been embodied, - equipped with adjustable yaw primary stops in the baggage compartment - equipped in accordance with the POST MOD 072295 configuration, in which stiffener (m), which is located on the front of the stop lever assembly"
157b8d12-c115-446e-a4dc-d12077751fe2,d88e2641-dd39-4814-9f04-682a3c823bff,67.00.77,67,ASB 67.00.77,ROTOR FLIGHT CONTROLS - Main rotor actuators Check of the link between the lower ball end fitting and the actuator rod,SB,25-Jul-2019,ASB 67.00.77,,,0:00,,"AS350, AS355, AS555 and EC130 helicopter versions listed on page 1 and equipped with main rotor actuators with the following part numbers: - MP/N SC8042 (P/N 704A44831102) or, - MP/N SC8043 (P/N 704A44831103. For the AS350 B3 helicopter, the actuators MP/N SC8042 or MP/N SC8043 are installed on helicopters equipped with the dual hydraulic system (OP 3346 or OP 3082)."
157b8d12-c115-446e-a4dc-d12077751fe2,d88e2641-dd39-4814-9f04-682a3c823bff,67.11,27,ASB 67.11 Rev 1,FLYING CONTROLS - SERVO-CONTROLS DUNLOP Main Servo-Control Cover.,SB,09-Oct-1989,ASB 67.11 Rev 1,,,0:00,,"All AS 350 helicopters, all versions not modified to AMS 350A07.0923 and equipped with DUNLOP main servocontrols"
157b8d12-c115-446e-a4dc-d12077751fe2,d88e2641-dd39-4814-9f04-682a3c823bff,67.15,62,ASB 67.15,ROTOR CONTROLS-Correct Positioning of the Copilot's Cyclic Stick.,SB,31-Jul-1989,ASB 67.15,,,0:00,,AS 350 helicopters - all versions. Date of Issue: 31-07-1989
157b8d12-c115-446e-a4dc-d12077751fe2,d88e2641-dd39-4814-9f04-682a3c823bff,ASB 67-30-0002 Issue 001,67,ASB 67-30-0002 Issue 001,Servo-control system - Check of the connection between the upper ball bearing end and the main rotor servo-control,SB#,01-Apr-2026,ASB 67-30-0002 Issue 001,,,0:00,,Model: AS350 Version: B3
157b8d12-c115-446e-a4dc-d12077751fe2,d88e2641-dd39-4814-9f04-682a3c823bff,71.00.16,71,ASB 71.00.16,Interference Between the Bleed Valve Air Exhaust Duct and the Engine Fuel Line,SB,12-May-2003,ASB 71.00.16,,,0:00,,"AS 350 B3 Helicopters with optional engine flushing system fitted with a bleed valve air exhaust duct P/N 704A34-415-244, post Mod 073098."
157b8d12-c115-446e-a4dc-d12077751fe2,d88e2641-dd39-4814-9f04-682a3c823bff,71.00.33,71,71.00.33,POWER PLANT - ARRIEL 2D turbine equipment,SB$,16-Nov-2014,ASB 71.00.33,,,0:00,,Helicopters equipped with ARRIEL 2D engine and PRE MOD 074672.
157b8d12-c115-446e-a4dc-d12077751fe2,d88e2641-dd39-4814-9f04-682a3c823bff,76.00.03,72,ASB 76.00.03,ENGINE CONTROLS - «Twist grip» installation Improvement of idle stop setting and reinforcernent of gimbal joint attachment.,SB,03-Jun-1985,ASB 76.00.03,,,0:00,,All 350 Helicopters versions.
157b8d12-c115-446e-a4dc-d12077751fe2,d88e2641-dd39-4814-9f04-682a3c823bff,76.00.16,76,ASB 76.00.16,Tightness Of Switching Unit 200192,SB,19-Sep-2001,ASB 76.00.16,,,0:00,,"New AS 350 version B3 helicopters equipped with switching unit 200192 and delivered before October 15, 2001."
157b8d12-c115-446e-a4dc-d12077751fe2,d88e2641-dd39-4814-9f04-682a3c823bff,76.00.18,76,ASB 76.00.18,ENGINE CONTROLS - NR drop in flight - Slow drift in the XPC anticipator (collective pitch signal),SB,16-Mar-2009,ASB 76.00.18,,,0:00,,Model AS 350 B3 Helicopters that are not modified per MOD 073443 or MOD 350A085498.00.
157b8d12-c115-446e-a4dc-d12077751fe2,d88e2641-dd39-4814-9f04-682a3c823bff,76.00.19,76,ASB 76.00.19,"ENGINE CONTROLS - Twist grip marking and functional harmonization for ARRIEL 2B engines, Corresponds to MOD 073084 and 073222",SB$,09-Nov-2010,ASB 76.00.19,,,0:00,,Eurocopter AS 350B3 Helicopters pre-MOD 073084 and 073222.
157b8d12-c115-446e-a4dc-d12077751fe2,d88e2641-dd39-4814-9f04-682a3c823bff,ASB 76.00.29,76,ASB 76.00.29,ENGINE CONTROLS - Fuel Control System - DECU (Digital Engine Control Unit) Upgrading of the DECU software,SB,20-Jun-2022,ASB 76.00.29,,,0:00,,Helicopters: - That have an ARRIEL 2B1 engine with an EMC101 DECU manufacturer part number (MP/N) 70BMF11000 (P/N 704A43201015) - That are PRE MOD 0720060.
157b8d12-c115-446e-a4dc-d12077751fe2,d88e2641-dd39-4814-9f04-682a3c823bff,ASB 76.00.30,76,ASB 76.00.30,ENGINE CONTROLS Blade-shedding improvement on helicopter with ARRIEL 2B1 engineand FADEC B digital computer,SB,20-Jun-2022,ASB 76.00.30,,,0:00,,Helicopters equipped with an ARRIEL 2B1 engine with the FADEC B digital computer: - MP/N 70BMF01030 (P/N 6790625064) for a PRE MOD TU111 helicopter or - MP/N 70BMF01020 (P/N 6
157b8d12-c115-446e-a4dc-d12077751fe2,d88e2641-dd39-4814-9f04-682a3c823bff,ASB 76.00.31,73,ASB 76.00.31 R0,ENGINE CONTROLS Engine cut-off device after overspeed phenomenon (New Harness) Related to modification 0720015,SB,28-Jan-2022,ASB 76.00.31 R0,,,0:00,,Helicopters that are: - POST MOD TU210 or / and POST MOD 074830 - PRE MOD 0720015.
157b8d12-c115-446e-a4dc-d12077751fe2,d88e2641-dd39-4814-9f04-682a3c823bff,ASB 76.00.32,76,ASB 76.00.32,ENGINE CONTROLS Engine shut-off device in response to overspeed phenomenon,SB,28-Sep-2022,ASB 76.00.32,,,0:00,Back dated Original Issue on 28-01-2022,"Helicopters: - POST MOD TU210 or / and 074830, - PRE MOD 074831."
157b8d12-c115-446e-a4dc-d12077751fe2,d88e2641-dd39-4814-9f04-682a3c823bff,ASB 76.00.32 R0,73,ASB 76.00.32 R0,ENGINE CONTROLS Engine shut-off device in response to overspeed phenomenon Corresponds to modification 074831,SB,28-Jan-2022,ASB 76.00.32 R0,,,0:00,,"Helicopters: - POST MOD TU210 or / and 074830, - PRE MOD 074831."
157b8d12-c115-446e-a4dc-d12077751fe2,d88e2641-dd39-4814-9f04-682a3c823bff,ASB 76.00.33,76,ASB 76.00.33,"ENGINE CONTROLS - Twist Grip Replacement of microswitches 53Ka, 53Kb and 65K of the engine power control Related to modification 074782",SB,17-Apr-2023,ASB 76.00.33,,,0:00,,The application of this ALERT SERVICE BULLETIN replaces the instructions of ALERT SERVICE BULLETINS No. 05.00.61 (for Arriel 2B1) and No. 05.00.77 (for Arriel 2D).
157b8d12-c115-446e-a4dc-d12077751fe2,d88e2641-dd39-4814-9f04-682a3c823bff,ASB 76.00.33 R1,76,ASB 76.00.33 R1,"ENGINE CONTROLS - Twist Grip Replacement of microswitches 53Ka, 53Kb and 65K of the engine power control",SB,25-Oct-2023,ASB 76.00.33 R1,,,0:00,,Airbus Helicopters Civil version(s): B3
157b8d12-c115-446e-a4dc-d12077751fe2,d88e2641-dd39-4814-9f04-682a3c823bff,77.02,72,ASB 77.02 Rev 2,ENGINE MONITORING - Metal particle detection.(Issue Dt: 21-Aug-1980),SB,21-Aug-1980,ASB 77.02 Rev 2,,,0:00,,All 350 Hellicopters all versions.
157b8d12-c115-446e-a4dc-d12077751fe2,d88e2641-dd39-4814-9f04-682a3c823bff,77.04,72,ASB 77.04,ENGINE MONOTORING - Installation of diaphragm union on the torquemeter transmitter piping.,SB,13-Feb-1987,ASB 77.04,,,0:00,,"Helicopters, type AS 350 - Version D."
157b8d12-c115-446e-a4dc-d12077751fe2,d88e2641-dd39-4814-9f04-682a3c823bff,80.00.09 R1,72,ASB 80.00.09 R1,ENGINE STARTING-Improving twist grip operational logic,SB,13-Aug-2013,ASB 80.00.09 R1,,,0:00,,"Helicopters equipped with ARRIEL 2B1 engine (MOD 073254), post-MOD 073261 and pre-MOD 074263."
157b8d12-c115-446e-a4dc-d12077751fe2,d88e2641-dd39-4814-9f04-682a3c823bff,05.00.43 R2,53,ASB No. 05.00.43 R2,TIME LIMITS - MAINTENANCE CHECKS: REAR STRUCTURE - Check of the Rear Frame,SB,27-Jul-2020,ASB No. 05.00.43 R2,,,0:00,,"Eurocopter AS 350 B, BA, BB, B1, B2, B3 Helicopters equipped with Rear structure / tail boom junction frame pre-MOD 073215, or not equipped with the four reinforcement angles, P/Nos. 350A08.2493.20 /.21 /.22 /.23."
157b8d12-c115-446e-a4dc-d12077751fe2,d88e2641-dd39-4814-9f04-682a3c823bff,05.00.49,80,ASB No. 05.00.49 R3,"TIME LIMITS - MAINTENANCE CHECKS ""Forced Idle"" Microswitch of the Twist Grip Assembly",SB*,05-Mar-2012,ASB No. 05.00.49 R3,,,0:00,,Helicopters equipped with the ARRIEL 2B engine and not embodying modification 073357
157b8d12-c115-446e-a4dc-d12077751fe2,d88e2641-dd39-4814-9f04-682a3c823bff,05.00.94,64,ASB No. 05.00.94,TIME LIMITS - MAINTENANCE CHECKS Introduction of an Operating Time Limit (OTL) for the laminated half-bearings of the tail rotor blades,SB*,13-Nov-2018,ASB No. 05.00.94,,,0:00,,"Helicopters equipped with tail rotor blades which contain laminated half-bearings P/N: - 704A33633116, - 704A33633261, - 704A33633303."
157b8d12-c115-446e-a4dc-d12077751fe2,d88e2641-dd39-4814-9f04-682a3c823bff,25.04.10 R2,25,ASB No. AS350-25.04.10 R2,EQUIPMENT AND FURNISHINGS - Emergency floatation system Inspection of the floatation balloon supply hoses,SB,23-Sep-2020,ASB No. AS350-25.04.10 R2,,,0:00,,Affected parts: helicopters equipped with emergency floatation system parts with the following MP/Nos. and for which the emergency floatation system parts have been produced before the issue date of this ALERT SERVICE BULLETIN. Refer ASB for further details.
157b8d12-c115-446e-a4dc-d12077751fe2,d88e2641-dd39-4814-9f04-682a3c823bff,01.00.68 R2,4,ASB No. 01.00.68 R2,LIMITATIONS - Main Gearbox (MGB) Casings Limitation and follow-up of casings in torque cycles (TC),SB*,22-Dec-2015,ASB No.-01.00.68 R2,,,0:00,,Helicopters equipped with MGB casings (main casing assembly and MGB sump) with Part Numbers specified in paragraph 4.A.
157b8d12-c115-446e-a4dc-d12077751fe2,d88e2641-dd39-4814-9f04-682a3c823bff,05.00.92,53,ASB No.05.00.92,TIME LIMITS - MAINTENANCE CHECKS - Fuselage,SB,16-Jul-2018,ASB No.05.00.92,,,0:00,,For all AS350 helicopter versions.
157b8d12-c115-446e-a4dc-d12077751fe2,d88e2641-dd39-4814-9f04-682a3c823bff,52.00.55,52,ASB No.-52.00.55,DOORS - Cargo doors Rear LH cargo door marking,SB,15-Jul-2020,ASB No.-52.00.55,,,0:00,,AS350 helicopters all versions
157b8d12-c115-446e-a4dc-d12077751fe2,d88e2641-dd39-4814-9f04-682a3c823bff,62.00.42,62,ASB No.62.00.42,PROTECTIVE MEASURE MAIN ROTOR - Main rotor mast Check of the bearing retaining rings of the main rotor mast,SB*,17-Sep-2018,ASB No.62.00.42,,,0:00,,"AS350 helicopter versions B, BA, BB, B1, B2, B3, D and L1 that have an equipped main rotor shaft, P/N 350A37-1290-XX, with a serial number (S/N): - M2402 to M6500, except for S/N M6476 - M6479, or - strictly lower than S/N FR3146 except for S/N FR2495 - FR2681 - FR2740 - FR2791 - FR2799 - FR2801 - FR2829 - FR2854 - FR2921 - FR2927 - FR2928 - FR2929 - FR2948 - FR2956 - FR2964 - FR2967 - FR3021 - FR3029 - FR3031 - FR3032 - FR3035 - FR3044 - FR3048 - FR3056 - FR3057 - FR3059 - FR3060 - FR3061 - FR3063 - FR3064 - FR3071 - FR3072 - FR3073 - FR3074 - FR3075 - FR3076 - FR3077 - FR3080 - FR3085 - FR3086 - FR3087 - FR3088 - FR3089 - FR3090 - FR3091 - FR3092 - FR3093 - FR3094 - FR3099 - FR3100 - FR3101 - FR3103 - FR3107 - FR3108 - FR3109 - FR3110 - FR3111 - FR3112 - FR3113 - FR3114 - FR3115 - FR3117 - FR3118 - FR3119 - FR3120 - FR3121 - FR3124 - FR3125 - FR3127 - FR3128 - FR3129 - FR3130 - FR3131 - FR3132 - FR3133 - FR3134 - FR3135 - FR3136 - FR3137 - FR3140 - FR3141 - FR3142 - FR3143 - FR3144 -"
157b8d12-c115-446e-a4dc-d12077751fe2,d88e2641-dd39-4814-9f04-682a3c823bff,62.00.42,62,ASB No.-62.00.42,MAIN ROTOR - Main rotor mast Check of the bearing retaining rings of the main rotor mast,SB,17-Sep-2018,ASB No.-62.00.42,,,0:00,,"AS350 helicopter versions B, BA, BB, B1, B2, B3, D and L1 that have an equipped main rotor shaft, P/N 350A37-1290-XX, with a serial number (S/N): - M2402 to M6500, except for S/N M6476 - M6479, or - strictly lower than S/N FR3146 except for S/N FR2495 - FR2681 - FR2740 - FR2791 - FR2799 - FR2801 - FR2829 - FR2854 - FR2921 - FR2927 - FR2928 - FR2929 - FR2948 - FR2956 - FR2964 - FR2967 - FR3021 - FR3029 - FR3031 - FR3032 - FR3035 - FR3044 - FR3048 - FR3056 - FR3057 - FR3059 - FR3060 - FR3061 - FR3063 - FR3064 - FR3071 - FR3072 - FR3073 - FR3074 - FR3075 - FR3076 - FR3077 - FR3080 - FR3085 - FR3086 - FR3087 - FR3088 - FR3089 - FR3090 - FR3091 - FR3092 - FR3093 - FR3094 - FR3099 - FR3100 - FR3101 - FR3103 - FR3107 - FR3108 - FR3109 - FR3110 - FR3111 - FR3112 - FR3113 - FR3114 - FR3115 - FR3117 - FR3118 - FR3119 - FR3120 - FR3121 - FR3124 - FR3125 - FR3127 - FR3128 - FR3129 - FR3130 - FR3131 - FR3132 - FR3133 - FR3134 - FR3135 - FR3136 - FR3137 - FR3140 - FR3141 - FR3142 - FR3143 - FR3144 -"
157b8d12-c115-446e-a4dc-d12077751fe2,d88e2641-dd39-4814-9f04-682a3c823bff,67.00.76 R1,67,ASB No.67.00.76 R1,ROTOR FLIGHT CONTROLS - Tail rotor flight controls Check of the TGB actuating rod,SB,11-Mar-2019,ASB No.67.00.76 R1,,,0:00,,"AS350 B, BA, BB, B1, B2, B3, D and L1 version helicopters equipped with a TGB actuating rod listed in paragraph 1.A.2. NOTE TGB actuating rods 350A27191000, 350A27191001, 350A27191002, 350A27191003 are installed on helicopters which are not equipped with a load compensator. TGB actuating rods 350A27191004, 350A2719100401, 350A2719100402, 350A27192000 are installed on helicopters equipped with a load compensator."
157b8d12-c115-446e-a4dc-d12077751fe2,d88e2641-dd39-4814-9f04-682a3c823bff,05.00.49,80,ASB No: 05.00.49 R3,"TIME LIMITS - MAINTENANCE CHECKS ""Forced Idle"" Microswitch of the Twist Grip Assembly",SB*,05-Mar-2012,ASB No: 05.00.49 R3,,,0:00,,CIVIL VERSION(S): B3
157b8d12-c115-446e-a4dc-d12077751fe2,d88e2641-dd39-4814-9f04-682a3c823bff,05.00.94,64,ASB No: 05.00.94,TIME LIMITS - MAINTENANCE CHECKS Introduction of an Operating Time Limit (OTL) for the laminated half-bearings of the tail rotor blades,SB*,13-Nov-2018,ASB No: 05.00.94,,,0:00,,"Helicopters equipped with tail rotor blades which contain laminated half-bearings P/N: - 704A33633116, - 704A33633261, - 704A33633303."
157b8d12-c115-446e-a4dc-d12077751fe2,d88e2641-dd39-4814-9f04-682a3c823bff,67.00.76,67,ASB No: 67.00.76,ROTOR FLIGHT CONTROLS - Tail rotor flight controls Check of the TGB actuating rod,SB,17-Dec-2018,ASB No: 67.00.76,,,0:00,,"AS350 B, BA, BB, B1, B2, B3, D and L1 version helicopters equipped with a TGB actuating rod listed in paragraph 1.A.2. NOTE TGB actuating rods 350A27191001, 350A27191002, 350A27191003 are installed on helicopters which are not equipped with a load compensator. TGB actuating rods 350A27191004, 350A2719100401 are installed on helicopters equipped with a load compensator."
157b8d12-c115-446e-a4dc-d12077751fe2,d88e2641-dd39-4814-9f04-682a3c823bff,62.00.43 R1,62,ASB No:62.00.43 R1,MAIN ROTOR - Rotor mast Check of the main rotor mast shaft,SB,25-Jul-2019,ASB No:62.00.43 R1,,,0:00,,Helicopters equipped with a main rotor mast shaft MP/N 350A37-1290-XX.
157b8d12-c115-446e-a4dc-d12077751fe2,d88e2641-dd39-4814-9f04-682a3c823bff,62.00.43 R1,62,ASB No:AS 350-62.00.43 R1,MAIN ROTOR - Rotor mast Check of the main rotor mast shaft,SB,25-Jul-2019,ASB No:AS 350-62.00.43 R1,,,0:00,,Helicopters equipped with a main rotor mast shaft MP/N 350A37-1290-XX.
157b8d12-c115-446e-a4dc-d12077751fe2,d88e2641-dd39-4814-9f04-682a3c823bff,62.00.43 R1,62,ASB No-62.00.43 R1,MAIN ROTOR - Rotor mast Check of the main rotor mast shaft,SB,25-Jul-2019,ASB No-62.00.43 R1,,,0:00,,Helicopters equipped with a main rotor mast shaft MP/N 350A37-1290-XX.
157b8d12-c115-446e-a4dc-d12077751fe2,d88e2641-dd39-4814-9f04-682a3c823bff,67.00.76 R1,67,ASB No-67.00.76 R1,ROTOR FLIGHT CONTROLS - Tail rotor flight controls Check of the TGB actuating rod,SB,11-Mar-2019,ASB No-67.00.76 R1,,,0:00,,"AS350 B, BA, BB, B1, B2, B3, D and L1 version helicopters equipped with a TGB actuating rod listed in paragraph 1.A.2. NOTE TGB actuating rods 350A27191001, 350A27191002, 350A27191003 are installed on helicopters which are not equipped with a load compensator. TGB actuating rods 350A27191004, 350A2719100401 are installed on helicopters equipped with a load compensator."
157b8d12-c115-446e-a4dc-d12077751fe2,d88e2641-dd39-4814-9f04-682a3c823bff,ASB-52.00.55 R1,25,ASB-52.00.55,PROTECTIVE MEASURE DOORS - Cargo doors Rear LH cargo door marking.,SB,01-Jun-2021,ASB-52.00.55 R1,,,0:00,,"AS350 helicopters versions B, BA, B1, B2, BB, D, L1 and, AS350 helicopters version B3 PRE MOD 0720050."
157b8d12-c115-446e-a4dc-d12077751fe2,d88e2641-dd39-4814-9f04-682a3c823bff,52.00.54 rev1,52,ASB No.52.00.54 rev1,DOORS - Sliding doors Inspection of the upper rail and roller of the LH and/or RH sliding doors,SB,30-Jul-2020,Carry out ASB No.52.00.54 rev1,,,0:00,,"Helicopter AS350 versions B, B1, B2, B3, BA, BB, D and L1 with LH and/or RH sliding door."
157b8d12-c115-446e-a4dc-d12077751fe2,d88e2641-dd39-4814-9f04-682a3c823bff,2014-26,20,,"Standard Practices - Helicopter External Transport System (HETS) - Unapproved Parts, Inadequate Service Life Limits and Maintenance Requirements",AD,28-Aug-2014,CF-2014-26,,,0:00,,"HETS certified under Transport Canada Supplemental Type Certificate (STC) SH98-35, Issue 1 and Issue 2. for the models Bell Helicopter Textron Canada Ltd. model 206B, 206L, 206L-1, 206L-3, 206L- 4 and 407. Airbus Helicopters (formerly Eurocopter France) model AS350 B, AS350 B1, AS350 B2, AS350 B3, AS350 BA and AS350 D. Airbus Helicopters (formerly Eurocopter) model AS355 E, AS355 F, AS355 F1 and AS355 F2. MD Helicopter Inc. model 369, 369A, 369H, 369HM, 369HS, 369HE, 369D, 369E, 369F, 369FF and 500N."
157b8d12-c115-446e-a4dc-d12077751fe2,d88e2641-dd39-4814-9f04-682a3c823bff,2017-37,67,SB-AHCA-128,Flight Controls - Restriction of directional control pedal movement,AD,02-Jan-2018,CF-2017-37,,,0:00,,"Litter kits part numbers (P/Ns) 350-200034 or 350-200194 (left-hand litter kit) or P/N 350-200144 (right-hand litter kit). These kits are eligible for installation on the following Airbus Helicopters models: AS 350 B, AS 350 BA, AS 350 B1, AS 350 B2, AS 350 B3, AS 350 D, AS 355 E, AS 355 F, AS 355 F1, AS 355 F2, AS 355 N, AS 355 NP."
157b8d12-c115-446e-a4dc-d12077751fe2,d88e2641-dd39-4814-9f04-682a3c823bff,2003-260,24,ASB 24.00.10,Electrical Power - Battery Lug Connection,AD*,19-Jun-2004,DGAC AD F-2003-260 R1,,,0:00,,"Eurocopter AS 350 helicopter versions B, BA, BB, B1, B2, B3 and D, pre-MOD 073226."
157b8d12-c115-446e-a4dc-d12077751fe2,d88e2641-dd39-4814-9f04-682a3c823bff,2003-322,67,ASB 67.00.25 R1,Rotor Flight Controls - Double Locking Of The Stop Screws,AD,05-Jun-2004,DGAC AD F-2003-322 R1,,,0:00,,"Eurocopter AS 350 B, BA, BB, B1, B2, B3 and D, before embodiment of MOD 073206 or MOD 073102. Components affected: Roll, pitch and collective flight control stops."
157b8d12-c115-446e-a4dc-d12077751fe2,d88e2641-dd39-4814-9f04-682a3c823bff,DGCA / AS350 / 116R5,4,EASA AD No.: 2024-0133,ATA 04 - Time Limits / Maintenance Checks - Airworthiness Limitations Section - Amendment.,MOD,11-Jul-2024,DGCA / AS350 / 116R5,,,0:00,,"AS 350 B, AS 350 BA, AS 350 BB, AS 350 B1, AS 350 B2, AS 350 B3, AS 350 D, EC 130 B4 and EC 130 T2 helicopters, all serial numbers."
157b8d12-c115-446e-a4dc-d12077751fe2,d88e2641-dd39-4814-9f04-682a3c823bff,DGCA / AS350 / 116R6,4,EASA AD 2024-0133R1,ATA 04 - Time Limits / Maintenance Checks - Airworthiness Limitations Section - Amendment,MOD,01-Jul-2025,DGCA / AS350 / 116R6,,,0:00,,"AS 350 B, AS 350 BA, AS 350 BB, AS 350 B1 and AS 350 D helicopters, all serial numbers."
157b8d12-c115-446e-a4dc-d12077751fe2,d88e2641-dd39-4814-9f04-682a3c823bff,DGCA / AS350 / 117 R5,76,EASA AD 2023-0187,ATA 76 - Engine Controls - Microswitches - Inspection / Modification.,MOD,01-Nov-2023,DGCA / AS350 / 117 R5,,,0:00,,"AS 350 B3 helicopters, all serial numbers (s/n). EC 130 B4 helicopters, all s/n. EC 130 T2 helicopters, all s/n."
157b8d12-c115-446e-a4dc-d12077751fe2,d88e2641-dd39-4814-9f04-682a3c823bff,DGCA / AS350 / 117R6,76,EASA AD 2023-0187R1,ATA 76 - Engine Controls - Microswitches - Inspection / Modification,MOD*,21-Mar-2025,DGCA / AS350 / 117R6,,,0:00,,"AS 350 B3 helicopters, all serial numbers (s/n)."
157b8d12-c115-446e-a4dc-d12077751fe2,d88e2641-dd39-4814-9f04-682a3c823bff,DGCA / AS350 / 129R1,64,EASA AD Cancellation Notice No.: 2012-0257-CN,ATA 64 - CANCELLED: Tail Rotor - Laminated Half-Bearings - Inspection / Replacement.,MOD,18-Jul-2024,DGCA / AS350 / 129R1,,,0:00,,"AS 350 B3 helicopters, all s/n, except helicopters that embody modification (MOD) 075601"
157b8d12-c115-446e-a4dc-d12077751fe2,d88e2641-dd39-4814-9f04-682a3c823bff,DGCA / AS350 / 144 R3,55,EASA AD 2023-0075,ATA 55 - Stabilizers - Vertical Fin - Inspection ATA 11 - Placards and Markings - Interior Placards - Installation,MOD,03-May-2023,DGCA / AS350 / 144 R3,,,0:00,,"AS 355 E, AS 355 F, AS 355 F1, AS 355 F2, AS 355 N and AS 355 NP helicopters, all serial numbers (s/n); and AS 350 B3 helicopters, all s/n, except those that have embodied modification (MOD) 073148 in production."
157b8d12-c115-446e-a4dc-d12077751fe2,d88e2641-dd39-4814-9f04-682a3c823bff,DGCA / AS350 / 144 R4,55,EASA AD 2023-0089,ATA 55 - Stabilizers - Vertical Fin - Inspection.,MOD,22-May-2023,DGCA / AS350 / 144 R4,,,0:00,,"AS 350 B3 helicopters, all s/n, except those that have embodied modification (MOD) 073148 in production."
157b8d12-c115-446e-a4dc-d12077751fe2,d88e2641-dd39-4814-9f04-682a3c823bff,DGCA / AS350 / 144R5,55,EASA AD No.: 2024-0139,ATA 55 - Stabilizers - Vertical Fin - Inspection / Modification ATA 11 - Placards and Markings - Interior Placards - Installation ATA - Aircraft Flight Manual / Airspeed Limitations - Amendment,MOD,12-Jul-2024,DGCA / AS350 / 144R5,,,0:00,,"AS 350 B3 helicopters, all s/n, except those that have embodied modification (MOD) 073148 in production."
157b8d12-c115-446e-a4dc-d12077751fe2,d88e2641-dd39-4814-9f04-682a3c823bff,DGCA / AS350 / 160R1,31,EASA AD No.: 2024-0018,ATA 31 - Indicating / Recording Systems - Control Unit - Inspection,MOD*,12-Jan-2024,DGCA / AS350 / 160R1,,,0:00,,"EC 130 B4 helicopters, all serial numbers (s/n); and EC 120 B helicopters, all s/n; and AS 350 B2 and AS 350 B3 helicopters, all s/n."
157b8d12-c115-446e-a4dc-d12077751fe2,d88e2641-dd39-4814-9f04-682a3c823bff,DGCA / AS350 / 160R1,31,EASA AD 2024-0018,ATA 31 - Indicating / Recording Systems - Control Unit - Inspection,MOD*,12-Jan-2024,DGCA / AS350 / 160R1,,,0:00,,"EC 130 B4 helicopters, all serial numbers (s/n); and EC 120 B helicopters, all s/n; and AS 350 B2 and AS 350 B3 helicopters, all s/n."
157b8d12-c115-446e-a4dc-d12077751fe2,d88e2641-dd39-4814-9f04-682a3c823bff,DGCA / AS350 / 160R1,31,ASB AS350-25.04.87,ATA 31 - Indicating / Recording Systems - Control Unit - Inspection,MOD*,12-Jan-2024,DGCA / AS350 / 160R1,,,0:00,,"EC 130 B4 helicopters, all serial numbers (s/n); and EC 120 B helicopters, all s/n; and AS 350 B2 and AS 350 B3 helicopters, all s/n."
157b8d12-c115-446e-a4dc-d12077751fe2,d88e2641-dd39-4814-9f04-682a3c823bff,DGCA / AS350 / 161R1,64,EASA AD No.: 2021-0282R1,ATA 64 - Tail Rotor - Tail Rotor Head Pitch Change Unit Bearing Spacer - Marking / Check.,MOD,11-Jul-2024,DGCA / AS350 / 161R1,,,0:00,,"AS 350 B, AS 350 BA, AS 350 BB, AS 350 B1, AS 350 B2, AS 350 B3, AS 350 D helicopters, all serial numbers"
157b8d12-c115-446e-a4dc-d12077751fe2,d88e2641-dd39-4814-9f04-682a3c823bff,DGCA / AS350 / 164,63,EASA AD 2023-0044,ATA 63 - Main Rotor Drive - Main Gearbox Planet Gear - Inspection,MOD,03-May-2023,DGCA / AS350 / 164,,,0:00,,"AS 350 B, AS 350 D, AS 350 B1, AS 350 B2, AS 350 BA, AS 350 BB, AS 350 B3, EC 130 B4, EC 130 T2, AS 355 E, AS 355 F, AS 355 F1, AS 355 F2, AS355 N and AS355 NP helicopters, all serial numbers."
157b8d12-c115-446e-a4dc-d12077751fe2,d88e2641-dd39-4814-9f04-682a3c823bff,DGCA / AS350 / 165,25,EASA AD 2023-0107,ATA 25 - Equipment / Furnishings - Cargo Swing Frame - Inspection.,MOD,30-May-2023,DGCA / AS350 / 165,,,0:00,,"AS 350 B2, AS 350 B3 and EC 130 B4 helicopters, if equipped with a cargo hook onboard Part Number (P/N) 704A41811035 and with a cargo swing frame (any P/N)."
157b8d12-c115-446e-a4dc-d12077751fe2,d88e2641-dd39-4814-9f04-682a3c823bff,DGCA / AS350 / 166,52,EASA AD 2023-0131,ATA 52 - Doors - Sliding Doors - Modification,MOD,07-Jul-2023,DGCA / AS350 / 166,,,0:00,,"AS 350 B, AS 350 D, AS 350 BA, AS 350 BB, AS 350 B1, AS 350 B2 and AS 350 B3 helicopters, all serial number (s/n); and AS 355 E, AS 355 F, AS 355 F1, AS 355 F2, AS 355 N and AS 355 NP helicopters, all s/n; if equipped with a left-hand (LH) and/or right-hand (RH) sliding door."
157b8d12-c115-446e-a4dc-d12077751fe2,d88e2641-dd39-4814-9f04-682a3c823bff,DGCA / AS350 / 167,63,EASA AD 2023-0127,ATA 63 - Main Rotor Drive - Main Gear Box Engine Coupling - Inspection,MOD,01-Aug-2023,DGCA / AS350 / 167,,,0:00,,"AS 350 B, AS 350 B1, AS 350 B2, AS 350 BA, AS 350 BB, AS 350 B3 helicopters, all s/n having a helicopter date of manufacture before 15 May 2023; and AS 350 D helicopters, all s/n having a helicopter date of manufacture before 15 May 2023, except helicopters equipped with a Lycoming engine."
157b8d12-c115-446e-a4dc-d12077751fe2,d88e2641-dd39-4814-9f04-682a3c823bff,DGCA / AS350 / 168,25,EASA AD 2025-0025,ATA 25 - Equipment / Furnishings - Emergency Release Control of Cargo-Swing Installation - Inspection,MOD,24-Jan-2025,DGCA / AS350 / 168,,,0:00,,"AS 350 B2, AS 350 B3, AS 355 NP, AS 355 N and EC 130 B4 helicopters, all serial numbers equipped with ONBOARD systems 3500LB, having Part Number (P/N) 704A41811035 (manufacturer reference 528-023-51)"
157b8d12-c115-446e-a4dc-d12077751fe2,d88e2641-dd39-4814-9f04-682a3c823bff,DGCA / AS350 / 169,25,EASA AD 2025-0036,ATA 25 - Equipment / Furnishings - Cargo Hook Assembly - Inspection,MOD,17-Feb-2025,DGCA / AS350 / 169,,,0:00,,"AS 350 B, AS 350 BA, AS 350 BB, AS 350 B1, AS 350 B2, AS 350 B3 and AS 350 D helicopters, all serial numbers (s/n)."
157b8d12-c115-446e-a4dc-d12077751fe2,d88e2641-dd39-4814-9f04-682a3c823bff,DGCA / AS350 / 170,4,,ATA 04 - Time Limits / Maintenance Checks - Airworthiness Limitations Section - Amendment,MOD,01-Jul-2025,DGCA / AS350 / 170,,,0:00,,"AS 350 B2, AS 350 B3, EC 130 B4 and EC 130 T2 helicopters, all serial numbers"
157b8d12-c115-446e-a4dc-d12077751fe2,d88e2641-dd39-4814-9f04-682a3c823bff,DGCA / AS350 / 170R1,4,EASA AD No: 2025-0137,ATA 04 - Time Limits / Maintenance Checks - Airworthiness Limitations Section - Amendment,MOD,03-Nov-2025,DGCA / AS350 / 170R1,,,0:00,,"AS 350 B2, AS 350 B3, EC 130 B4 and EC 130 T2 helicopters, all serial numbers."
157b8d12-c115-446e-a4dc-d12077751fe2,d88e2641-dd39-4814-9f04-682a3c823bff,DGCA / AS350 / 171,11,EASA AD 2025-0159,ATA 11 - Placards and Markings - Unlock Sliding Door - Installation,MOD,31-Jul-2025,DGCA / AS350 / 171,,,0:00,,"AS 350 B, AS 350 BA, AS 350 BB, AS 350 B1, AS 350 B2, AS 350 B3, AS 350 D, EC 120 B, EC 130 B4, AS 355 E, AS 355 F, AS 355 F1, AS 355 F2, AS 355 N and AS 355 NP helicopters, all serial numbers on which modification 0720257 has not been embodied."
157b8d12-c115-446e-a4dc-d12077751fe2,d88e2641-dd39-4814-9f04-682a3c823bff,DGCA / AS350 / 172,29,EASA AD 2025-0263,Hydraulic Power - Single Generation Hydraulic System Wiring Diode - Cutt-Off Test,MOD#,03-Dec-2025,DGCA / AS350 / 172,,,0:00,,"AS 350 B2 helicopters, serial numbers 1095, 1149, 1157, 1179, 1189, 1193, 1215, 1240, 1262, 1377, 1432, 1440, 1495, 1527, 1647, 1669, 1670, 1693, 1736, 1784, 1794, 1845, 1848, 1856, 1896, 1924, 1984, 2041, 2055, 2083, 2101, 2245, 2249, 2294, 2363, 2426, 2427, 2430, 2510, 2515, 2532, 2546, 2552, 2611, 2623, 2650, 2682, 2801, 2802, 2868, 2869, 2941, 2959, 2969, 9037, 9049 and 9056"
157b8d12-c115-446e-a4dc-d12077751fe2,d88e2641-dd39-4814-9f04-682a3c823bff,DGCA / AS350 / 173,53,EASA AD No.: 2026-0021,ATA 53 - Fuselage - Mounts and Attachment - Checks / Replacement,MOD,30-Jan-2026,DGCA / AS350 / 173,,,0:00,,"AS 350 B, AS 350 BA, AS 350 BB, AS 350 B1, AS 350 B2, AS 350 B3 and AS 350 D helicopters, all serial numbers, delivered before 01 January 2026 (date of EASA Form 52, or equivalent statement of conformity)."
157b8d12-c115-446e-a4dc-d12077751fe2,d88e2641-dd39-4814-9f04-682a3c823bff,DGCA / AS350 /174,31,EASA AD 2026-0052,ATA 31 - Instruments - Fuse Cover Attachment of Circuit Breaker Panel - Modification,MOD#,13-Mar-2026,DGCA / AS350 /174,,,0:00,,"AS 350 B2, AS 350 B3 all serial numbers (s/n), on which modification (mod) 073273 and mod 073274 have been embodied, except those which mod 074280 has been embodied;"
157b8d12-c115-446e-a4dc-d12077751fe2,d88e2641-dd39-4814-9f04-682a3c823bff,DGCA / NEW MISC / 261,78,EASA AD 2024-0221,ATA 78 - Exhaust - Engine / Turbocharger Exhaust System / Components - Inspection,MIS,04-Dec-2024,DGCA / NEW MISC / 261,,,0:00,,"This AD applies to all turbocharged reciprocating engine-powered aircraft and turbocharged reciprocating engines, types and models that have an affected part installed, as well as to those for which an affected part is eligible for installation"
157b8d12-c115-446e-a4dc-d12077751fe2,d88e2641-dd39-4814-9f04-682a3c823bff,DGCA / NEW MISCELLANEOUS / 237R1,25,FAA AD 2024-26-02,"Joint Aircraft System Component (JASC) Code: 2500, Cabin Equipment/Furnishings.",MIS,17-Feb-2025,DGCA / NEW MISCELLANEOUS / 237R1,,,0:00,,"This AD applies to all airplanes and helicopters, certificated in any category, with a restraint system with a Pacific Scientific Company plastic rotary buckle assembly (buckle) part number (P/N) 1111430 or P/N 1111475 (all dash numbers) installed having a date of manufacture on or before May 31, 2007, or an unknown date of manufacture, except not those buckles repaired with the installation of an airworthy buckle handle after May 31, 2007, and marked with a BLUE logo on the center button."
157b8d12-c115-446e-a4dc-d12077751fe2,d88e2641-dd39-4814-9f04-682a3c823bff,DGCA / NEW MISCELLANEOUS / 258,72,DGCA-25012(05)/103/2023-AW,Use of Indian MOGAS on Indian registered Aircraft.,MIS,13-Feb-2024,DGCA / NEW MISCELLANEOUS / 258,,,0:00,,This MISC MOD applies to Tecnam P2006T and Tecnam 2008JC Aircraft Model Which are fitted with Rotax 912 Series engines.
157b8d12-c115-446e-a4dc-d12077751fe2,d88e2641-dd39-4814-9f04-682a3c823bff,DGCA / NEW MISCELLANEOUS / 260,25,FAA AD 2024-20-07,"Joint Aircraft System Component (JASC) Code: 2560, Emergency Equipment; and 3212, Emergency Flotation Section.",MIS,08-Nov-2024,DGCA / NEW MISCELLANEOUS / 260,,,0:00,,"Airbus Helicopters Model AS350B, AS350BA, AS350B1, AS350B2, AS350B3, AS350C, AS350D, AS350D1, helicopters modified by Supplemental Type Certificate(STC) SR00831LA"
157b8d12-c115-446e-a4dc-d12077751fe2,d88e2641-dd39-4814-9f04-682a3c823bff,DGCA / NEW MISCELLANEOUS / 262,34,FAA AD 2025-07-01,"Joint Aircraft System Component (JASC) Code 3417, Air Data Computer.",MIS,11-Apr-2025,DGCA / NEW MISCELLANEOUS / 262,,,0:00,,This AD applies to THOMMEN AIRCRAFT EQUIPMENT AG (THOMMEN) AC32 Digital Air Data Computers (ADCs) having an affected part as defined in paragraph (f)(1) of this AD
157b8d12-c115-446e-a4dc-d12077751fe2,d88e2641-dd39-4814-9f04-682a3c823bff,DGCA / NEW MISCELLANEOUS / 263,25,UK CAA AD No. G-2025-0002,ATA: 25 - Equipment / Furnishings - Pilot & Co-Pilot Seats - Inspection / Modification.,MIS,16-Apr-2025,DGCA / NEW MISCELLANEOUS / 263,,,0:00,,"Type 3A063 pilot and co-pilot crew seats, identified by series Part Number (P/N) in Table below These crew seats are known to be installed on, but not limited to, ATR-GIE Avions de Transport Régional ATR 42 and ATR 72 aeroplanes."
157b8d12-c115-446e-a4dc-d12077751fe2,d88e2641-dd39-4814-9f04-682a3c823bff,DGCA / NEW MISCELLANEOUS / 263R1,25,UK CAA AD No. G-2025-0002 - Correction,ATA: 25 - Equipment / Furnishings - Pilot & Co-Pilot Seats - Inspection / Modification,MIS,30-Apr-2025,DGCA / NEW MISCELLANEOUS / 263R1,,,0:00,,"Type 3A063 pilot and co-pilot crew seats, identified by series Part Number (P/N) in Table below. These crew seats are known to be installed on, but not limited to, ATR-GIE Avions de Transport Régional ATR 42 and ATR 72 aeroplanes."
157b8d12-c115-446e-a4dc-d12077751fe2,d88e2641-dd39-4814-9f04-682a3c823bff,DGCA / NEW MISCELLANEOUS / 264,34,EASA AD 2025-0088,ATA 34 - Navigation - Satellite Based Augmentation Systems / Global Positioning System Receiver - Replacement,MIS,17-Apr-2025,DGCA / NEW MISCELLANEOUS / 264,,,0:00,,"Rockwell Collins GPS-4000S, GLU-2100, GLUS-2100 and GLUS-2100A receivers, having a Part Number (P/N) as listed in Appendix 1 of this AD, all serial numbers."
157b8d12-c115-446e-a4dc-d12077751fe2,d88e2641-dd39-4814-9f04-682a3c823bff,DGCA / NEW MISCELLANEOUS / 266,25,UK CAA AD G-2025-0005,Equipment / Furnishings -Passenger Seats - Modification,MIS#,06-Oct-2025,DGCA / NEW MISCELLANEOUS / 266,,,0:00,,Acro Series 9 Passenger Seats with the part number listed in Appendix 1 to this AD.
157b8d12-c115-446e-a4dc-d12077751fe2,d88e2641-dd39-4814-9f04-682a3c823bff,DGCA / NEW MISCELLANEOUS / 267,35,EASA AD 2025-0222,Oxygen - Portable Breathing Equipment - Operational Instructions,MIS#,17-Oct-2025,DGCA / NEW MISCELLANEOUS / 267,,,0:00,,"Portable Breathing Equipment (PBE) Part Number (P/N) 15-40F-11 and P/N 15-40F-80, all serial numbers. The affected PBE may be eligible for installation on any aircraft and may have been installed during the aircraft manufacturing process (production line), or in-service modification, either through a Supplemental Type Certificate, or using Type Certificate Holder (TCH) approved modification instructions, or through a non-TCH modification approval."
157b8d12-c115-446e-a4dc-d12077751fe2,d88e2641-dd39-4814-9f04-682a3c823bff,DGCA / NEW MISCELLANEOUS / 268,34,"DGCA letter reference no.: DGCA-21011/2/2022-AW, dated 19/11/2025",5G C-Band (3300 - 3600 MHz) - Fitment of modified Radio Altimeters on aircraft - reg,MIS,19-Nov-2025,DGCA / NEW MISCELLANEOUS / 268,,,0:00,,"This order applies to all rotorcrafts certificated in any category, equipped with radio altimeter(s). These radio altimeters are installed on various rotorcraft models including but not limited to, the rotorcrafts for which the design approval holder is identified below: 1. Airbus helicopters 2. Bell helicopters 3. Enstrom Helicopter Corporation 4. Kamov Helicopter 5. Leonardo S.p.A. 6. Robinson helicopters"
157b8d12-c115-446e-a4dc-d12077751fe2,d88e2641-dd39-4814-9f04-682a3c823bff,DGCA / NEW MISCELLANEOUS / 269,25,EASA AD 2025-0295,ATA 25 - Equipment / Furnishings - Pallet Net - Limitation,MIS#,22-Dec-2025,DGCA / NEW MISCELLANEOUS / 269,,,0:00,,"Pallet nets part number 5010-2M4N-()-()()(), all serial numbers manufactured on or before 20 May 2025. The affected pallet nets can be carried on board of various aircraft types, included, but not limited to, large aeroplanes used for transportation of passengers and/or freight."
157b8d12-c115-446e-a4dc-d12077751fe2,d88e2641-dd39-4814-9f04-682a3c823bff,DGCA / NEW MISCELLANEOUS / 270,25,EASA AD 2025-0294,ATA 25 - Equipment / Furnishings - Medical Seats - Modification,MIS#,22-Dec-2025,DGCA / NEW MISCELLANEOUS / 270,,,0:00,,"Medical seat part number 9613-1-35-( ), serial numbers 3241, 3242, 3243, 3244, 3245, 3473, 3474, 3475, 3476, 3481, 3482, 3483, 3484, 3546, 3547, 3548, 3549, 3575, 3576, 3577, 3578, 3591, 3646, 3647, 3648, 3649, 3703, 3958, 3959, 3960, 3961, 4114, 4115, 4116, 4117, 4118, 4119, 4120, 4121, 4122, 4131, 4132, 4133, 4134, 4135, 4175, 4180, 4202, 4203, 4204, 4205, 4206, 4207, 4208, 4209, 4210, 4211, 4212 and 4213. These seats are known to be installed on, but not limited to, Airbus Helicopters Deutschland (AHD) EC135, AHD MBB-BK 117, Bell Textron Canada 429 and Bell Textron 412 helicopters."
157b8d12-c115-446e-a4dc-d12077751fe2,d88e2641-dd39-4814-9f04-682a3c823bff,DGCA / NEW MISCELLANEOUS / 270R1,25,EASA AD No.: 2025-0294R1,ATA 25 - Equipment / Furnishings - Medical Seats - Modification,MIS#,10-Feb-2026,DGCA / NEW MISCELLANEOUS / 270R1,,,0:00,,"Medical seat Part Number (P/N) 9613-1-35-( ), serial numbers (s/n) 3241, 3242, 3243, 3244, 3245, 3473, 3474, 3475, 3476, 3481, 3482, 3483, 3484, 3546, 3547, 3548, 3549, 3575, 3576, 3577, 3578, 3591, 3646, 3647, 3648, 3649, 3703, 3958, 3959, 3960, 3961, 4114, 4115, 4116, 4117, 4118, 4119, 4120, 4121, 4122, 4131, 4132, 4133, 4134, 4135, 4175, 4180, 4202, 4203, 4204, 4205, 4206, 4207, 4208, 4209, 4210, 4211, 4212 and 4213."
157b8d12-c115-446e-a4dc-d12077751fe2,d88e2641-dd39-4814-9f04-682a3c823bff,DGCA / NEW MISCELLANEOUS / 271,35,EASA AD 2025-0297,ATA 35 - Oxygen - Portable Breathing Equipment - Removal From Service,MIS#,23-Dec-2025,DGCA / NEW MISCELLANEOUS / 271,,,0:00,,"Portable Breathing Equipment (PBE) Part Number (P/N) 15-40F-11 and P/N 15-40F-80, having manufacturing date between November 2015 and March 2017 (inclusive), and a serial number (s/n) as listed in Appendix A of the SB."
157b8d12-c115-446e-a4dc-d12077751fe2,d88e2641-dd39-4814-9f04-682a3c823bff,DGCA / NEW MISCELLANEOUS / 271R1,35,EASA AD No.: 2025-0297R1,ATA 35 - Oxygen - Portable Breathing Equipment - Removal from Service,MIS#,17-Feb-2026,DGCA / NEW MISCELLANEOUS / 271R1,,,0:00,,"Portable Breathing Equipment (PBE) Part Number (P/N) 15-40F-11 and P/N 15-40F-80, having manufacturing date between November 2015 and March 2017 (inclusive), and a serial number (s/n) as listed in Appendix A of the SB."
157b8d12-c115-446e-a4dc-d12077751fe2,d88e2641-dd39-4814-9f04-682a3c823bff,DGCA / NEW MISCELLANEOUS / 153R16,25,EASA AD 2015-0226R8,ATA 25 - Equipment / Furnishings - Hoist - Test / Replacement,MIS,22-Jul-2025,DGCA / NEW MISCELLANEOUS / 153R16,,,0:00,,"This AD applies to the following helicopters, when equipped with a Goodrich hoist having a Part Number (P/N) as listed in Table 1 of this AD: Leonardo AW109SP, AB139, AW139 and AB412 (all models) helicopters, all serial numbers (s/n); BTI 212, 214 and 412 helicopters (all models), all s/n; BTCL 429 and 430 helicopters, all s/n; AH AS 365 N3, AS 332 L2 and EC225 LP helicopters, all s/n; AHD MBB-BK117 C-2, EC135 and EC635 (all models) helicopters, all s/n; MDHI MD900 helicopters, all s/n; and Sikorsky S-61 (all models), S-76A, S-76B, S-76C and S-92A helicopters, all s/n."
157b8d12-c115-446e-a4dc-d12077751fe2,d88e2641-dd39-4814-9f04-682a3c823bff,DGCA / NEW MISCELLANEOUS / 259,22,FAA AD 2024-14-03,"Joint Aircraft System Component (JASC) Code 2210, Autopilot System",MIS,19-Jul-2024,DGCA / NEW MISCELLANEOUS / 259,,,0:00,,"This AD applies to all airplane models specified in Table 1 to paragraph (c) of this AD, certificated in any category, having a Garmin GFC 500 Autopilot System that includes an optional GSA 28 pitch trim servo installed per Supplemental Type Certificate No. SA01866WI using Master Drawing List 005-01264-00, Revisions 1 through 76."
157b8d12-c115-446e-a4dc-d12077751fe2,d88e2641-dd39-4814-9f04-682a3c823bff,DGCA /NEW MISCELLANEOUS / 272,25,EASA AD 2025-0044,ATA 25 - Equipment / Furnishings - Emergency Locator Transmitter - Modification,MIS#,05-Mar-2026,DGCA /NEW MISCELLANEOUS / 272,,,0:00,,"AF-Compact Emergency Locator Transmitter (ELT) model, having Part Number (P/N) S1840501-01 or P/N S1840501-04, all serial numbers."
157b8d12-c115-446e-a4dc-d12077751fe2,d88e2641-dd39-4814-9f04-682a3c823bff,M104,35,FAA AD 2007-26-11,Risk Of High Pressure Oxygen Cylinder Tearing.,MIS#,28-Jan-2008,DGCA /New-Misc/104,,,0:00,,"To Intertechnique (F5341),aluminum alloy AA5283, oxygen cylinders manufactured by Societe Metallurgique de Gerzat SAS with GLD series, GLF series,PC2300 or SLF300 p/n, installed in any a/c certificate"
157b8d12-c115-446e-a4dc-d12077751fe2,d88e2641-dd39-4814-9f04-682a3c823bff,M 208,46,EASA AD No.: 2018-0259,ATA 46 - Information Systems - Electronic Flight Bag Universal Serial Bus Receptacle - Modification,MIS,14-Jan-2019,DGCA /New-Misc/208,,,0:00,,"Fokker F27 Mark 050, F28 Mark 3000, F28 Mark 0070 and F28 Mark 0100 aeroplanes; Airbus A318, A319, A320, A321, A330 and A340 aeroplanes; Avions de Transport Régional (ATR) ATR42 and ATR72 aeroplanes; Boeing 737, 757, 767 and 777 aeroplanes; and Bombardier (formerly Canadair) CL-600 and (formerly De Havilland Canada) DHC-8 aeroplanes; as identified in Appendix 1 of this AD."
157b8d12-c115-446e-a4dc-d12077751fe2,d88e2641-dd39-4814-9f04-682a3c823bff,M 211 R1,25,FAA AD 2018-23-12,"Air Transport Association (ATA) of America Code 25, Equipment/furnishings.",MIS,30-Jan-2019,DGCA /New-Misc/211 R1,,,0:00,,"This AD applies to Zodiac Aero Evacuation Systems (also known as Air Cruisers Company) fusible plugs installed on emergency evacuation equipment identified in the service information specified in paragraphs (c)(1) through (c)(16) of this AD. These affected fusible plugs might be installed on the emergency evacuation equipment of the following manufacturers' airplanes: Airbus SAS, The Boeing Company, BAE Systems (Operations) Limited, and Fokker Services B.V."
157b8d12-c115-446e-a4dc-d12077751fe2,d88e2641-dd39-4814-9f04-682a3c823bff,DGCA/ AS 350 SERIES/116 R3,5,EASA AD No.: 2021-0194R1,ATA 05 - Time Limits / Maintenance Checks - Airworthiness Limitations Section - Amendment,MOD,22-Sep-2021,DGCA/ AS 350 SERIES/116 R3,,,0:00,,"AS 350 B, AS 350 BA, AS 350 BB, AS 350 B1, AS 350 B2, AS 350 B3, AS 350 D, EC 130 B4 and EC 130 T2 helicopters, all serial numbers."
157b8d12-c115-446e-a4dc-d12077751fe2,d88e2641-dd39-4814-9f04-682a3c823bff,DGCA/ AS 350 SERIES/116R4,5,EASA AD No.: 2021-0194R1,ATA 05 - Time Limits / Maintenance Checks - Airworthiness Limitations Section - Amendment,MOD,12-Nov-2021,DGCA/ AS 350 SERIES/116R4,,,0:00,,"AS 350 B, AS 350 BA, AS 350 BB, AS 350 B1, AS 350 B2, AS 350 B3, AS 350 D, EC 130 B4 and EC 130 T2 helicopters, all serial numbers."
157b8d12-c115-446e-a4dc-d12077751fe2,d88e2641-dd39-4814-9f04-682a3c823bff,DGCA/ AS 350 SERIES/119-CN,5,EASA AD No.: 2010-0006-CN,ATA 05 - CANCELLED: Time Limits / Maintenance Checks - Tail Rotor Pitch-Change Links - Inspection.,MOD,22-Sep-2021,DGCA/ AS 350 SERIES/119-CN,,,0:00,,ATA 05 - CANCELLED: Time Limits / Maintenance Checks - Tail Rotor Pitch-Change Links - Inspection.
157b8d12-c115-446e-a4dc-d12077751fe2,d88e2641-dd39-4814-9f04-682a3c823bff,DGCA/ AS 350 SERIES/122-CN,25,EASA AD: 2011-0072-CN,ATA 25 - CANCELLED: Equipment & Furnishings - Emergency Flotation Gear Attachment Brackets - Inspection / Replacement.,MOD,17-Mar-2022,DGCA/ AS 350 SERIES/122-CN,,,0:00,,"AS 350 B, AS 350 BA, AS 350 BB, AS 350 B1, AS 350 B2, AS 350 B3 and AS 350 D helicopters, all serial numbers (s/n)."
157b8d12-c115-446e-a4dc-d12077751fe2,d88e2641-dd39-4814-9f04-682a3c823bff,DGCA/ AS 350 SERIES/133 R1,76,EASA AD No.: 2021-0195,ATA - Rotorcraft Flight Manual - Engine Digital Electronic Control Unit Emergency Procedure - Amendment.,MOD,22-Sep-2021,DGCA/ AS 350 SERIES/133R1,,,0:00,,"AS 350 B3 and EC 130 T2 helicopters, all serial numbers (s/n), if equipped with ARRIEL 2D engine."
157b8d12-c115-446e-a4dc-d12077751fe2,d88e2641-dd39-4814-9f04-682a3c823bff,DGCA/ AS 350 SERIES/134 R4,53,EASA AD: 2022-0051,ATA 53 - Fuselage - Rear Structure Junction Frame Reinforcement Angles - Inspection,MOD,18-Apr-2022,DGCA/ AS 350 SERIES/134 R4,,,0:00,,"AS 350 B, BA, BB, B1, B2, B3 and D helicopters, and AS 355 E, F, F1, F2 and N helicopters, all serial numbers (s/n)."
157b8d12-c115-446e-a4dc-d12077751fe2,d88e2641-dd39-4814-9f04-682a3c823bff,DGCA/ AS 350 SERIES/134 R5,53,EASA AD: 2022-0051,ATA 53 - Fuselage - Rear Structure Junction Frame Reinforcement Angles - Inspection,MOD,06-Jul-2022,DGCA/ AS 350 SERIES/134 R5,,,0:00,,"AS 350 B, BA, BB, B1, B2, B3 and D helicopters, and AS 355 E, F, F1, F2 and N helicopters, all serial numbers (s/n)"
157b8d12-c115-446e-a4dc-d12077751fe2,d88e2641-dd39-4814-9f04-682a3c823bff,A136,62,EASA AD 2015.0094,Main Rotor Drive - Cross-Bar - Inspection,MOD*,12-Jun-2015,DGCA/ AS 350 SERIES/136,,,0:00,,"AS 350 B, BA, BB, B1, B2, B3 and D helicopters, and AS 355 E, F, F1, F2, N and NP helicopters, and EC130 B4 and T2 helicopters, all serial numbers."
157b8d12-c115-446e-a4dc-d12077751fe2,d88e2641-dd39-4814-9f04-682a3c823bff,MM 153,62,EASA AD No: 2019-0280,ATA 62 - Main Rotor - Spherical Bearing - Inspection / Time Limit,MOD,28-Nov-2019,DGCA/ AS 350 SERIES/153,,,0:00,,"AS 350 BB helicopters, all serial numbers."
157b8d12-c115-446e-a4dc-d12077751fe2,d88e2641-dd39-4814-9f04-682a3c823bff,DGCA/ AS 350 SERIES/160,31,EASA AD No.: 2021-0168,Indicating / Recording Systems - Control Unit - Inspection,MOD,31-Mar-2021,DGCA/ AS 350 SERIES/160,,,0:00,,"AS 350 B3 helicopters, all s/n that have embodied MOD 073273 in production, except those that have also embodied MOD 074280 in production."
157b8d12-c115-446e-a4dc-d12077751fe2,d88e2641-dd39-4814-9f04-682a3c823bff,DGCA/ AS 350 SERIES/161,64,EASA AD: 2021-0282,ATA 64 - Tail Rotor - Tail Rotor Head Pitch Change Unit Bearing Spacer - Marking / Check,MOD,24-Feb-2022,DGCA/ AS 350 SERIES/161,,,0:00,,"AS 350 B, AS 350 BA, AS 350 BB, AS 350 B1, AS 350 B2, AS 350 B3, AS 350 D helicopters, and AS 355 E, AS 355 F, AS 355 F1, AS 355 F2, AS 355 N, AS 355 NP helicopters, all serial numbers."
157b8d12-c115-446e-a4dc-d12077751fe2,d88e2641-dd39-4814-9f04-682a3c823bff,DGCA/ AS 350 SERIES/163,62,EASA AD 2022-0246,ATA 62 - Main Rotor - Main Rotor Blades - Inspection,MOD,26-Dec-2022,DGCA/ AS 350 SERIES/163,,,0:00,,"AS 350 B, AS 350 B1, AS 350 B2, AS 350 BA, AS 350 BB and AS 350 D helicopters, all serial numbers (s/n). AS 355 E, AS 355 F, AS 355 F1, AS 355 F2 and AS 355 N helicopters, all s/n."
157b8d12-c115-446e-a4dc-d12077751fe2,d88e2641-dd39-4814-9f04-682a3c823bff,DGCA/ AS350 SERIES/148 R1,53,EASA AD No.: 2022-0128,ATA 53 - Fuselage - Main Gearbox Bracket Bolts - Inspection.,MOD,27-Jul-2022,DGCA/ AS350 SERIES/148 R1,,,0:00,,"AS 350 B, AS 350 D, AS 350 B1, AS 350 B2, AS 350 BA, AS 350 BB, AS 350 B3, EC 130 B4, EC 130 T2, AS 355 E, AS355 F, AS355 F1, AS355 F2, AS355 N and AS355 NP helicopters, all serial numbers."
157b8d12-c115-446e-a4dc-d12077751fe2,d88e2641-dd39-4814-9f04-682a3c823bff,DGCA/ NEW MISC/ 224R1,34,FAA AD No.: 2021-05-17,"Joint Aircraft System Component (JASC) Code 3400, NAVIGATION SYSTEM.",MIS,19-Apr-2021,DGCA/ NEW MISC/ 224R1,,,0:00,,"This AD applies to Rockwell Collins, Inc., (Rockwell Collins) Flight Display System Application FDSA-6500 part numbers (P/Ns) 810-0234-1H0001, 810-0234-1H0002, 810-0234-1H0003, 810-0234-2H0001, 810-0234-2C0001, 810-0234-2C0002, and 810-0234-4B0001. These applications are installed on, but not limited to, Bombardier Inc. Model CL-600-2B16 (604 variant) airplanes and Textron Aviation Inc. Models 525B, B200, B200C, B200CGT, B200GT, B300, B300C, and C90GTi airplanes, certificated in any category."
157b8d12-c115-446e-a4dc-d12077751fe2,d88e2641-dd39-4814-9f04-682a3c823bff,M 232,34,FAA AD No.: 2020-16-08,"Joint Aircraft System Component (JASC)/Air Transport Association (ATA) of America Code 3410, FLIGHT ENVIRONMENT DATA; 3420, ATTITUDE AND DIRECTION DATA SYSTEM.",MIS,14-Oct-2020,DGCA/ NEW MISC/ 232,,,0:00,,"This AD applies to Aspen Avionics, Inc., Evolution Flight Display (EFD) EFD1000 Primary Flight Display part number (P/N) 910-00001-011, EFD1000 Multi-Function Display P/N 910-00001- 012, and EFD1000 Emergency Backup Display P/N 910-00001-017 units that meet both conditions in paragraphs (c)(1)(i) and (ii) of this AD"
157b8d12-c115-446e-a4dc-d12077751fe2,d88e2641-dd39-4814-9f04-682a3c823bff,M 233,34,FAA AD No.: 2020-18-51,"Joint Airplane Service Component (JASC) Code: 3420, Attitude and Direction Data System",MIS,27-Oct-2020,DGCA/ NEW MISC/ 233,,,0:00,,This AD applies to Sandia attitude indicator (attitude indicator) part number 306171-10 and 306171-20. These attitude indicators may be marked as BendixKing Model KI-300 or Sandia Model SAI-340A. They may be installed on airplanes certificated in any category
157b8d12-c115-446e-a4dc-d12077751fe2,d88e2641-dd39-4814-9f04-682a3c823bff,DGCA/ NEW MISC/ 234,61,FAA AD No.: 2020-19-06,"Joint Aircraft System Component (JASC)/Air Transport Association (ATA) of America Code 61, Propellers.",MIS,11-Nov-2020,DGCA/ NEW MISC/ 234,,,0:00,,"This AD applies to the McCauley Propeller Systems (McCauley) governors specified in paragraph (c)(1) or (2) of this AD and installed on airplanes, certificated in any category."
157b8d12-c115-446e-a4dc-d12077751fe2,d88e2641-dd39-4814-9f04-682a3c823bff,DGCA/ NEW MISC/ 234,61,FAA AD No.:2020-19-06,"Joint Aircraft System Component (JASC)/Air Transport Association (ATA) of America Code 61, Propellers.",MIS,11-Nov-2020,DGCA/ NEW MISC/ 234,,,0:00,,"This AD applies to The McCauley Propeller Systems (McCauley) governors specified in paragraph (c)(1) or (2) of this AD and Installed on airplanes, Certificated in any category. (1) Models listed in table 2 of McCauley Alert Service Bulletin No. ASB273C, dated January 30, 2019 (McCauley ASB273C) with a serial number from 170061 through 180501, excluding the serial numbers listed in table 1 of McCauley ASB273C; or (2) Models listed in table 2 of McCauley ASB273C, with any serial number, that have an installation date after January31, 2017, or an installation date that cannot be determined."
157b8d12-c115-446e-a4dc-d12077751fe2,d88e2641-dd39-4814-9f04-682a3c823bff,DGCA/ NEW MISC/ 235,26,FAA AD 2020-21-02,Air transport association (ATA) of america code 26 fire protection.,MIS,13-Jan-2021,DGCA/ NEW MISC/ 235,,,0:00,,"(1) This AD applies to the Kidde Aerospace & Defense cargo fire extinguisher halon bottles having part numbers and serial numbers identified in Table 1 of the service information identified in paragraphs (c)(1)(i) and (ii) of this AD. (i) Kidde Aerospace & Defense Service Bulletin 473957-26-518, Rev 02, dated November 4, 2019. (ii) Kidde Aerospace & Defense Service Bulletin 473919-26-521, Rev 02, dated November 7, 2019."
157b8d12-c115-446e-a4dc-d12077751fe2,d88e2641-dd39-4814-9f04-682a3c823bff,DGCA/ NEW MISC/ 236,25,EASA AD -2020-0272,ATA 25 - Equipment / furnishing -buckle - modification/ replacement.,MIS,13-Jan-2021,DGCA/ NEW MISC/ 236,,,0:00,,"4 Point Harness Restraint Systems, having Part Number 18-( )-( ), all dash numbers, all serial numbers. These parts are known to be installed on, but not limited to, Airbus A330, A340 and A350 aeroplanes."
157b8d12-c115-446e-a4dc-d12077751fe2,d88e2641-dd39-4814-9f04-682a3c823bff,DGCA/ NEW MISC/ 240,25,EASA AD : G-2021-0003,Equipment / Furnishings - Life Jacket - Inspection.,MIS,28-Jun-2021,DGCA/ NEW MISC/ 240,,,0:00,,"Survitec Group Limited (hereafter referred to as ""Survitec"" in this AD) Emergency Breathing System (EBS) P/N 12677009 fitted to Halo Passenger Lifejacket P/Ns 00031010 and 00031031."
157b8d12-c115-446e-a4dc-d12077751fe2,d88e2641-dd39-4814-9f04-682a3c823bff,DGCA/ NEW MISC/ 241,25,EASA AD :2021-0137,ATA 25 - Equipment / Furnishings - Pilot and Co-pilot Seats / Longitudinal Locking System Pins - Measurement / Adjustment,MIS,28-Jun-2021,DGCA/ NEW MISC/ 241,,,0:00,,"191 series pilot seats, having Part Number (P/N) 19101-00-00, and 191 series co-pilot seats, having P/N 19102-00-00. These seats are known to be installed on, but not limited to, COMAC ARJ21-700 aeroplanes."
157b8d12-c115-446e-a4dc-d12077751fe2,d88e2641-dd39-4814-9f04-682a3c823bff,DGCA/ NEW MISC/ 242,25,EASA AD :G-2021-0004,Equipment / Furnishings - Life Raft - Inspection,MIS,23-Jul-2021,DGCA/ NEW MISC/ 242,,,0:00,,"Survitec Group Limited (hereafter referred to as ""Survitec"" in this AD) Life Raft with packed assembly P/N 00051054 (Port) and 00051055 (Starboard)."
157b8d12-c115-446e-a4dc-d12077751fe2,d88e2641-dd39-4814-9f04-682a3c823bff,DGCA/ NEW MISC/ 243,26,EASA AD :2021-0185 R1,ATA 26 - Fire Protection - Hand-operated Fire Extinguishers - Inspection / Replacement.,MIS,17-Aug-2021,DGCA/ NEW MISC/ 243,,,0:00,,"HAFEX (Halon-free) hand-held fire extinguishers, having Part Number (P/N) P3APP003010A, P/N P3APP003010B or P/N P3APP003010C, all serial numbers (s/n)."
157b8d12-c115-446e-a4dc-d12077751fe2,d88e2641-dd39-4814-9f04-682a3c823bff,DGCA/ NEW MISC/ 243R1,26,EASA AD : 2021-0185R1,ATA 26 - Fire Protection - Hand-operated Fire Extinguishers - Inspection / Replacement,MIS,27-Sep-2021,DGCA/ NEW MISC/ 243R1,,,0:00,,"HAFEX (Halon-free) hand-held fire extinguishers, having Part Number (P/N) P3APP003010A, P/N P3APP003010B or P/N P3APP003010C, all serial numbers (s/n)."
157b8d12-c115-446e-a4dc-d12077751fe2,d88e2641-dd39-4814-9f04-682a3c823bff,DGCA/ NEW MISC/ 245,28,UK CAA AD: G-2021-0010-E,ATA 28 - Fuel -Cylinder Quick Shut-off Valve Mounting Flange - Inspection / Replacement.,MIS,14-Dec-2021,DGCA/ NEW MISC/ 245,,,0:00,,This AD Applies to CAMERON BALLOONS Ltd
157b8d12-c115-446e-a4dc-d12077751fe2,d88e2641-dd39-4814-9f04-682a3c823bff,DGCA/ NEW MISC/ 245R1,28,UK CAA AD: G-2021-0014,ATA 28 - Fuel -Cylinder Quick Shut-off Valve Mounting Flange - Inspection / Replacement,MIS,14-Dec-2021,DGCA/ NEW MISC/ 245R1,,,0:00,,This AD Applies to Cameron Balloons Ltd
157b8d12-c115-446e-a4dc-d12077751fe2,d88e2641-dd39-4814-9f04-682a3c823bff,DGCA/ NEW MISC/ 247 R1,34,FAA AD 2023-11-07,"Air Transport Association (ATA) of America Code 34, Ground Proximity System.",MIS,27-Jul-2023,DGCA/ NEW MISC/ 247 R1,,,0:00,,"This AD applies to all helicopters, certificated in any category, equipped with a radio (also known as radar) altimeter."
157b8d12-c115-446e-a4dc-d12077751fe2,d88e2641-dd39-4814-9f04-682a3c823bff,DGCA/ NEW MISC/ 252 R1,35,FAA AD : 2023-13-11,"Air Transport Association (ATA) of America Code 35, Oxygen System.",MIS#,18-Aug-2023,DGCA/ NEW MISC/ 252 R1,,,0:00,,"This AD applies to AVOX Systems Inc. (formerly Scott Aviation) oxygen cylinder and valve assemblies having part number (P/N) 89794077, 89794015, 891511-14, 806835-01, 807982-01, or 808433-01."
157b8d12-c115-446e-a4dc-d12077751fe2,d88e2641-dd39-4814-9f04-682a3c823bff,DGCA/ NEW MISC/ 257,25,FAA AD 2023-12-25,"Air Transport Association (ATA) of America Code 25, Equipment/Furnishings.",MIS#,07-Aug-2023,DGCA/ NEW MISC/ 257,,,0:00,,"This AD applies to Survitec Group Limited (RFD Beaufort Ltd.) life jackets identified in paragraphs (c)(1) and (2) of this AD, having a part number and serial number identified in tables 2 through 13 of Survitec [RFD] Alert Service Bulletin 25-207-A, Version 1, dated November 24, 2021, and a date of manufacture between October 1, 2018, and April 30, 2019, inclusive."
157b8d12-c115-446e-a4dc-d12077751fe2,d88e2641-dd39-4814-9f04-682a3c823bff,DGCA/ NEW MISC/244,26,FAA AD : 2021-22-07,"Joint Aircraft Service Component (JASC) Code: 2622, Fire Bottle, Portable.",MIS,14-Dec-2021,DGCA/ NEW MISC/244,,,0:00,,"This AD applies to Umlaut Engineering GmbH (previously P3 Engineering GmbH) HAFEX (Halon-free) hand-held fire extinguisher (fire extinguisher) part numbers (P/Ns) P3APP003010A, P3APP003010B, and P3APP003010C."
157b8d12-c115-446e-a4dc-d12077751fe2,d88e2641-dd39-4814-9f04-682a3c823bff,DGCA/ NEW MISC/246,34,FAA AD : 2021-23-12,"Air Transport Association (ATA) of America Code 31, Indicating/Recording System; 34, Navigation",MIS,23-Dec-2021,DGCA/ NEW MISC/246,,,0:00,,This AD applies to all transport and commuter category airplanes equipped with a radio (also known as radar) altimeter.
157b8d12-c115-446e-a4dc-d12077751fe2,d88e2641-dd39-4814-9f04-682a3c823bff,DGCA/ NEW MISC/247,34,FAA AD : 2021-23-13,"Joint Aircraft Service Component (JASC) Code: 3444, Ground Proximity System.",MIS,23-Dec-2021,DGCA/ NEW MISC/247,,,0:00,,"This AD applies to all helicopters, certificated in any category, equipped with a radio (also known as radar) altimeter."
157b8d12-c115-446e-a4dc-d12077751fe2,d88e2641-dd39-4814-9f04-682a3c823bff,DGCA/ NEW MISC/248 R2,25,EASA AD : 2022-0029-E,ATA 25 - Equipment / Furnishings - Emergency Parachutes - Removal from Service.,MIS,23-Mar-2022,DGCA/ NEW MISC/248 R2,,,0:00,,"ATL-88/90-1B (commercially known as ATL-15 SL) emergency parachutes, all serial numbers (s/n) manufactured from 2016."
157b8d12-c115-446e-a4dc-d12077751fe2,d88e2641-dd39-4814-9f04-682a3c823bff,MM 154,25,FAA AD No. 2020-02-23,"Air Transport Association (ATA) of America Code 25, Equipment/Furnishings, and 32, Landing gear.",MOD,18-Mar-2020,DGCA/AS 350 SERIES /154,,,0:00,,"Airbus Helicopters Model AS350B, AS350BA, AS350B1, AS350B2, AS350B3, AS350C, AS350D, A350D1, AS355E, AS355F, AS355F1, AS355F2, AS355N, and AS355NP helicopters."
157b8d12-c115-446e-a4dc-d12077751fe2,d88e2641-dd39-4814-9f04-682a3c823bff,MM 155,25,EASA AD No. 2020-0064,ATA 25 - Equipment / Furnishings - Emergency Flotation System / Inflation Hoses - Inspection.,MOD,06-Apr-2020,DGCA/AS 350 SERIES /155,,,0:00,,"EC 120 B, EC 175, AS 332, AS 350, EC 130, AS 355, SA 365, AS 365 and EC 155 helicopters"
157b8d12-c115-446e-a4dc-d12077751fe2,d88e2641-dd39-4814-9f04-682a3c823bff,A103 R2,67,EASA AD 2017-0035,ATA 67-Rotor Flight Controls - Twist Grip Assembly - Adjustment / Functional Check / Replacement / Modification.,MOD*,06-Mar-2017,DGCA/AS 350 Series/103 Rev 3,,,0:00,,"This AD applies to AS 350 B3 helicopters, all serial numbers, if equipped with ARRIEL 2B engines."
157b8d12-c115-446e-a4dc-d12077751fe2,d88e2641-dd39-4814-9f04-682a3c823bff,A120,65,EASA AD 2011-0038-E,Tail Rotor Drive - Tail Gearbox (TGB) Control Lever - Inspection / Rework / Replacement,MOD*,08-Mar-2011,DGCA/AS 350 Series/120R1,,,0:00,,"AS 350 B, BA, BB, B1, B2, and D helicopters, all serial numbers, if equipped with TGB control lever P/N 350A33-1058-00, P/N 350A33-1058-01, P/N 350A33-1058-02, or P/N 350A33-1058-03."
157b8d12-c115-446e-a4dc-d12077751fe2,d88e2641-dd39-4814-9f04-682a3c823bff,A121,25,EASA AD 2011-0033/ ASB 29.00.13,Hydraulic Power - Forward Hydraulic Servo Control Hoses / Protection Installation,MOD,15-Mar-2011,DGCA/AS 350 Series/121,,,0:00,,"AS 350 B, BA, BB, D, B1, B2, and B3 helicopters, all serial numbers, with a single hydraulic power system and the following forward (pitch) servo-control hydraulic hoses P/N 704A34-412-033, P/N 704A34-412-035 installed."
157b8d12-c115-446e-a4dc-d12077751fe2,d88e2641-dd39-4814-9f04-682a3c823bff,A122,25,EASA AD 2011-0072,Equipment & Furnishings - Emergency Flotation Gear Attachment Brackets - Inspection / Replacement,MOD,04-May-2011,DGCA/AS 350 Series/122,,,0:00,,"Eurocopter AS 350 B, AS 350 BA, AS 350 BB, AS 350 B1, AS 350 B2, AS 350 B3 and AS 350 D helicopters, all serial numbers, if equipped with fixed parts of the emergency flotation gear."
157b8d12-c115-446e-a4dc-d12077751fe2,d88e2641-dd39-4814-9f04-682a3c823bff,A123,65,EASA AD 2011-0104,Tail Rotor Drive - Tail Gearbox (TGB) Casing Assembly - Inspection / Replacement,MOD,10-Jun-2011,DGCA/AS 350 Series/123,,,0:00,,"Eurocopter AS 350 B, BA, BB, B1, B2, B3 and D helicopters and AS 355 E, F, F1, F2, N and NP helicopters, all serial numbers.(Affected TGB Casing serial number MA47577, MA47585, MA47587, MA47588, Refer AD for further details)"
157b8d12-c115-446e-a4dc-d12077751fe2,d88e2641-dd39-4814-9f04-682a3c823bff,A124,67,EASA AD 2011-0164 R2,ATA 67 - Rotors Flight Control - Tail Rotor Control Stop Screws - Inspection,MOD*,25-Oct-2017,DGCA/AS 350 Series/124 R3,,,0:00,,"This MOD applies to AS 350 B, AS 350 BA, AS 350 BB, AS 350 B1, AS 350 B2, AS 350 B3 and AS 350 D helicopters, all serial numbers (s/n), if equipped with an Autopilot (AP), and AS350 B3 helicopters, all s/n, without an AP installed, but embodying modification (mod) 073252."
157b8d12-c115-446e-a4dc-d12077751fe2,d88e2641-dd39-4814-9f04-682a3c823bff,A125,33,EASA AD 2013-0281 R1,Lights - Position Strobe Light - Inspection / Deactivation,MOD*,25-Oct-2017,DGCA/AS 350 Series/125 Rev 2,,,0:00,,"Eurocopter AS 350 B, AS 350 BA, AS 350 BB, AS 350 B1, AS 350 B2, AS 350 B3 and AS 350 D helicopters, all serial numbers (s/n), and AS 355 E, AS 355 F, AS 355 F1, AS 355 F2, AS 355 N and AS 355 NP helicopters, all s/n, if modified in production with (optional) modification OP0811 and equipped with a Grimes-Honeywell power supply unit, P/N 60-1431-3, in the baggage compartment as part of that optional modification."
157b8d12-c115-446e-a4dc-d12077751fe2,d88e2641-dd39-4814-9f04-682a3c823bff,A127 R2,62,EASA AD 2012-0207-E,"""Rotorcraft Flight Manual - Section Limitations - Amendment Tail Rotor - Laminated Half-Bearings - Inspection / Replacement""",MOD,29-Mar-2013,DGCA/AS 350 Series/127 R2,,,0:00,,"AS 350 B3 helicopters, all serial numbers, if modified in production by incorporating Eurocopter modification (MOD) 07 5601."
157b8d12-c115-446e-a4dc-d12077751fe2,d88e2641-dd39-4814-9f04-682a3c823bff,A128,52,EASA AD 2012-0205,ATA 52-Doors - Sliding Door Lower Ball-joint - Modification,MOD,09-Jul-2012,DGCA/AS 350 Series/128,,,0:00,,"AS 350 B, AS 350 BA, AS 350 BB, AS 350 B1, AS 350 B2, AS 350 B3 and AS 350 D helicopters, all serial numbers (s/n), and AS 355 E, AS 355 F,AS 355 F1, AS 355 F2, AS 355 N and AS 355 NP helicopters"
157b8d12-c115-446e-a4dc-d12077751fe2,d88e2641-dd39-4814-9f04-682a3c823bff,A129,64,EASA AD 2012-0257-E,ATA 64-Tail Rotor - Laminated Half-Bearings - Inspection / Replacement,MOD*,29-Nov-2012,DGCA/AS 350 Series/129,,,0:00,,"AS 350 B3 helicopters, all s/n, except helicopters that embody modification (MOD) 075601."
157b8d12-c115-446e-a4dc-d12077751fe2,d88e2641-dd39-4814-9f04-682a3c823bff,A130,63,EASA AD 2014-0233 Supersedes EASA AD 2013-0284-E,ATA 63- Rotor Drive - Hydraulic Pump - Inspection / Replacement 3 Rotorcraft Flight Manual - Section Limitations - Amendment Tail Rotor - Laminated Half-Bearings -,MOD*,25-Oct-2017,DGCA/AS 350 Series/130 Rev 3,,,0:00,,"AS 350 B, AS 350 BA, AS 350 BB, AS 350 B1, AS 350 B2, AS 350 B3 and AS 350 D helicopters, all serial numbers, if equipped with single hydraulic system (PRE MOD OP3346 or OP3082) and incorporating Eurocopter modification 079566"
157b8d12-c115-446e-a4dc-d12077751fe2,d88e2641-dd39-4814-9f04-682a3c823bff,A131,67,EASA AD 2013-0095- E,ATA 67- Rotor Flight Controls - Main/Tail Rotor Servo-Control Bearings - Inspection / Replacement,MOD,19-Apr-2013,DGCA/AS 350 Series/131,,,0:00,,"AS 350 B, AS 350 BA, AS 350 BB, AS 350 B1, AS 350 B2, AS 350 B3 and AS 350 D, AS 355 E, AS 355 F, AS 355 F1, AS 355 F2, AS 355 N, AS 355 NP helicopters. Effected P/N: SC5072 with S/N: 2921, 2961, 2962, 2966 and P/N:SC5083-1 with S/N: 5045, 5091, 5127 etc."
157b8d12-c115-446e-a4dc-d12077751fe2,d88e2641-dd39-4814-9f04-682a3c823bff,A132,64,EASA AD 2013-0133-CN,Tail Rotor - Tail Rotor Hub Pitch Horn - Inspection / Replacement,MOD#,25-Oct-2017,DGCA/AS 350 Series/132 R1,,,0:00,,"AS 350 B, AS 350 BA, AS 350 BB, AS 350 B1, AS 350 B2, AS 350 B3, AS 350 D, AS 355 E, AS 355 F, AS 355 F1 helicopters,"
157b8d12-c115-446e-a4dc-d12077751fe2,d88e2641-dd39-4814-9f04-682a3c823bff,A133,72,EASA AD 2013-0287,Rotorcraft Flight Manual - Engine Digital Electronic Control Unit Emergency Procedure - Amendment,MOD,24-Dec-2013,DGCA/AS 350 Series/133,,,0:00,,"AS 350 B3 and EC 130 T2 helicopters, all serial numbers, if equipped with ARRIEL 2D engine and THALES FADEC Part Number (P/N) C13165DA00 or P/N C13165FA00."
157b8d12-c115-446e-a4dc-d12077751fe2,d88e2641-dd39-4814-9f04-682a3c823bff,A134 U,53,EASA AD 2014-0076R1,Fuselage - Rear Structure Junction Frame Reinforcement Angles - Inspection,MOD*,17-Jan-2017,DGCA/AS 350 Series/134 R1,,,0:00,,"AS 350 B, BA, BB, B1, B2, B3 and D helicopters, and AS 355 E, F, F1, F2, N and NP helicopters, all serial numbers, if incorporating modification (MOD) 073215, or if equipped with at least one reinforcement angle, Part Number (P/N) 350A08.2493.21 or P/N 350A08.2493.23 except those that embody Airbus Helicopters MOD 073232 in production."
157b8d12-c115-446e-a4dc-d12077751fe2,d88e2641-dd39-4814-9f04-682a3c823bff,A134,53,EASA AD 2014-0076R1,Fuselage - Rear Structure Junction Frame Reinforcement Angles - Inspection,MOD*,17-Jan-2017,DGCA/AS 350 Series/134 R1,,,0:00,,"AS 350 B, BA, BB, B1, B2, B3 and D helicopters, and AS 355 E, F, F1, F2, N and NP helicopters, all serial numbers, if incorporating modification (MOD) 073215, or if equipped with at least one reinforcement angle, Part Number (P/N) 350A08.2493.21 or P/N 350A08.2493.23, following the repair carried out in accordance with MRM Work Card 53.10.22.772 or AMM Task 53-31-00, 8-5, except those that embody Airbus Helicopters MOD 073232 in production."
157b8d12-c115-446e-a4dc-d12077751fe2,d88e2641-dd39-4814-9f04-682a3c823bff,A134..,53,EASA AD 2014-0076-E,Fuselage - Rear Structure Junction Frame Reinforcement Angles - Inspection,MOD*,17-Jan-2017,DGCA/AS 350 Series/134 R1,,,0:00,,"AS 350 B, BA, BB, B1, B2, B3 and D helicopters, and AS 355 E, F, F1, F2, N and NP helicopters, all serial numbers,"
157b8d12-c115-446e-a4dc-d12077751fe2,d88e2641-dd39-4814-9f04-682a3c823bff,A135R1,62,EASA AD 2014-0132 R1,Main Rotor - Rotating Star Swashplate - Inspection / Replacement,MOD*,14-Oct-2014,DGCA/AS 350 Series/135 Rev 1,,,0:00,,"AS 350 B, BA, BB, B1, B2, B3 and D helicopters, and AS 355 E, F, F1, F2, N and NP helicopters, and EC130 B4 and T2 helicopters, all serial numbers, if equipped with a swashplate assembly comprising a rotating star with Part Number (P/N) 350A371003-04, P/N 350A371003-05, P/N 350A371003-06, P/N 350A371003-07, or P/N 350A371003-08."
157b8d12-c115-446e-a4dc-d12077751fe2,d88e2641-dd39-4814-9f04-682a3c823bff,A135,62,EASA AD 2014-0132 R1,Main Rotor - Rotating Star Swashplate - Inspection / Replacement,MOD*,26-Jun-2014,DGCA/AS 350 Series/135 Rev 1,,,0:00,,"AS 350 B, BA, BB, B1, B2, B3 and D helicopters, and AS 355 E, F, F1, F2, N and NP helicopters, and EC130 B4 and T2 helicopters, all serial numbers, if equipped with a swashplate assembly comprising a rotating star with Part Number (P/N) 350A371003-04, P/N 350A371003-05, P/N 350A371003-06, P/N 350A371003-07, or P/N 350A371003-08."
157b8d12-c115-446e-a4dc-d12077751fe2,d88e2641-dd39-4814-9f04-682a3c823bff,A137,72,EASA AD 2015-0178,Rotorcraft Flight Manual - Chapter Normal Procedures - Engine Prestart Check / Run-up Check / Engine and Rotor Shutdown - Amendment,MOD#,13-Nov-2015,DGCA/AS 350 Series/137,,,0:00,,"AS 350 B3 helicopters, all serial numbers, if equipped with a dual hydraulic system, production modification (mod) OP 3082, or mod OP 3346."
157b8d12-c115-446e-a4dc-d12077751fe2,d88e2641-dd39-4814-9f04-682a3c823bff,A139,67,EASA AD 2016-0220,ATA 67 - Rotor Flight Controls - Dual Hydraulic System - Modification,MOD#,17-Jan-2017,DGCA/AS 350 SERIES/139,,,0:00,,"AS 350 B3 helicopters, all serial numbers, if equipped with a dual hydraulic system, except those that embody Airbus Helicopters modification (mod) 074719 and mod 074622."
157b8d12-c115-446e-a4dc-d12077751fe2,d88e2641-dd39-4814-9f04-682a3c823bff,MM 156,52,AD No:2020-0175,ATA 52 - Doors - Sliding Doors - Inspection,MOD,19-Aug-2020,DGCA/AS 350 SERIES/156,,,0:00,,"AS 350 helicopters, all serial number (s/n); and AS 355 helicopters, all s/n; if equipped with a left-hand (LH) and/or right-hand (RH) sliding door."
157b8d12-c115-446e-a4dc-d12077751fe2,d88e2641-dd39-4814-9f04-682a3c823bff,A001,63,FAA AD 80-14-15 & SNIAS SB No. 05-03,Inspection of Flange For Cracks,MOD*,03-Jul-1980,DGCA/AS350 SERIES/001,,,0:00,,"Model AS-350 series helicopters with flange, P/N 350A371201-20 installed, certificated in all categories."
157b8d12-c115-446e-a4dc-d12077751fe2,d88e2641-dd39-4814-9f04-682a3c823bff,A002,63,FAA AD 80-15-05 & SNIAS SB No. 01-13,Inspection of Spherical Thrust Bearing Rear Block,MOD,14-Jul-1980,DGCA/AS350 SERIES/002,,,0:00,,"Model AS 350 series and Model SA 365C series helicopters with spherical thrust bearing rear block P/N 704A-33-633-27 or P/N 704A-33-633-30 installed, certificated in all categories."
157b8d12-c115-446e-a4dc-d12077751fe2,d88e2641-dd39-4814-9f04-682a3c823bff,A003,65,FAA AD 80-15-13 &SIAS Sb NO. 65-01,Measurement And Comparison of the Dimension Between the Spacer and the Upper Face of the Rotating Drive Adapter,MOD,07-Aug-1980,DGCA/AS350 SERIES/003,,,0:00,,"Model AS 350 series helicopters, certificated in all categories, which have main rotor assembly, P/N 350A.37.0003, serial numbers M1 through M146 installed."
157b8d12-c115-446e-a4dc-d12077751fe2,d88e2641-dd39-4814-9f04-682a3c823bff,A004,64,FAA AD 80-22-08 & SNIAS A8-350 SB No.65-08 R1 &65-13,Modification of Tail Rotor Drive Shaft Assembly And Tail Rotor Transmission,MOD,23-Oct-1983,DGCA/AS350 SERIES/004,,,0:00,,"Model AS 350 Series helicopters, certificated in all categories. October 23, 1980."
157b8d12-c115-446e-a4dc-d12077751fe2,d88e2641-dd39-4814-9f04-682a3c823bff,A005,63,"FAA AD 81-09-06, BVAD 81-094-018 (B)R1, Aerospatial SB 05.06 R2",Inspection/ Replacement of Bevel Gear Module,MOD*,20-Jul-1988,DGCA/AS350 SERIES/005,,,0:00,,"Model AS350 series helicopters certificated in all categories which have Bevel Gear Module P/N 350A32.0300.00 or -.01 installed, except bevel gear modules which include nitrided shaft P/N 350A32.3107.23 or -.24. (Bevel Gear Module P/N 350A32.0300.02 includes nitrided shaft, P/N 350A32.3107.23 or -.24 & is exempt from this application.)"
157b8d12-c115-446e-a4dc-d12077751fe2,d88e2641-dd39-4814-9f04-682a3c823bff,A006,64,FAA AD 81-13-09 R2 & AS 350 SB No. 01-07 R2,Inspection/ Replacement of Tail Rotor Blade Pitch Horns,MOD,18-Dec-1981,DGCA/AS350 SERIES/006,,,0:00,,"AS350 and AS355 Series Helicopters, certificated in all categories, that are equipped with tail rotor blade pitch horns, P/N 350A12-1368-01 or -02."
157b8d12-c115-446e-a4dc-d12077751fe2,d88e2641-dd39-4814-9f04-682a3c823bff,A007,100,FAA AD 81-15-02 & Aerospatiale SB no. 350-13,Inspection/ Replacement of the Four Float mounting for Brackets,MOD,07-Aug-1981,DGCA/AS350 SERIES/007,,,0:00,,"Models AS350B, AS350C, AS350D, and AS350D-1 helicopters equipped with Air Cruisers' emergency flotation gear Model D24724 in accordance with STC SH2825SW (AS350C, AS350D, AS350D-1) or SH4032SW (AS350B), certificated in all categories."
157b8d12-c115-446e-a4dc-d12077751fe2,d88e2641-dd39-4814-9f04-682a3c823bff,A008,64,FAA AD 82-10-01,Inspection of Tail Rotor Blade,MOD*,10-May-1982,DGCA/AS350 SERIES/008,,,0:00,,"Model AS350 and AS355 Series helicopters certificated in all categories that are equipped with tail rotor blades P/N 350A.12.0030.01, 02, 04, or 05."
157b8d12-c115-446e-a4dc-d12077751fe2,d88e2641-dd39-4814-9f04-682a3c823bff,A009,55,FAA AD 82-13-05 R1,Inspection/ Replacement of Upper Vertical Fin Support For Cracks,MOD*,01-Mar-1983,DGCA/AS350 SERIES/009,,,0:00,,"Model AS350 series helicopters equipped with upper tail fin, P/N 350A.14.0020, and Model AS355 series helicopters equipped with upper tail fin, P/N 350A.14.0522, including fins modified per AMS 071047, certificated in all categories."
157b8d12-c115-446e-a4dc-d12077751fe2,d88e2641-dd39-4814-9f04-682a3c823bff,A010,65,"FAA AD 82-20-05 and BVAD 82-077-025 R4, AS 350 SB no. 05-08 R4",Inspection/ Replacement Of Tail Rotor Drive Shaft Bearings and Rubber Sleeves,MOD,15-Oct-1982,DGCA/AS350 SERIES/010,,,0:00,,Model AS-350 and Model AS-355 series helicopters certificated in all categories. part numbers SKF 6007-2RS1MT47CA/AS704A33.651.010.
157b8d12-c115-446e-a4dc-d12077751fe2,d88e2641-dd39-4814-9f04-682a3c823bff,A011,63,Aerospatial SB 05-10,Inspection Of The Bevel Ring Gear Vertical Shaft Bolted Coupling Of The MGB Bevel Reduction Gear Module,MOD,01-Dec-2000,DGCA/AS350 SERIES/011,,,0:00,,"Model AS350 series helicopters certificated in all categories which have Bevel Gear Module P/N 350A32.0300.00 or -.01 installed, except bevel gear modules which include nitrided shaft P/N 350A32.3107.23 or -.24. (Bevel Gear Module P/N 350A32.0300.02 includes nitrided shaft, P/N 350A32.3107.23 or -.24 and is exempt from this application.)"
157b8d12-c115-446e-a4dc-d12077751fe2,d88e2641-dd39-4814-9f04-682a3c823bff,A012,63,Aerospatiale SB 05-12,Monitoring Of The Main Gear Base Oil (Issue Dt: 16-Dec-2000),MOD,16-Dec-2000,DGCA/AS350 SERIES/012,,,0:00,,Refer AD
157b8d12-c115-446e-a4dc-d12077751fe2,d88e2641-dd39-4814-9f04-682a3c823bff,A013,63,FAA AD 83-07-05 R3,Inspection/ Replacement of Main Rotor Mast,MOD,04-Jun-2010,DGCA/AS350 SERIES/013,,,0:00,,Model AS-350 and AS-355 series helicopters certificated in all categories. with Main Rotor Mast P/N: 350A.37.1076.07 (Issue Dt: 18-09-1985)
157b8d12-c115-446e-a4dc-d12077751fe2,d88e2641-dd39-4814-9f04-682a3c823bff,A014,63,BVAD 83-30-31(B) & Aerospatiale S.B 05-13A,Inspection/Reconditioning Of Main Rotor Mast Shaft,MOD,16-Dec-2000,DGCA/AS350 SERIES/014,,,0:00,,Aerospatiale Model AS-350 and AS-355 series helicopters certificated in all categories. Date of Issue:16-Dec-2000
157b8d12-c115-446e-a4dc-d12077751fe2,d88e2641-dd39-4814-9f04-682a3c823bff,A015,65,BVAD 84-064-037 (B) REV.3 & Aerospatiale S.B 05-11 REV.5,Inspection Of The Tail Rotor Blade Assembly,MOD,16-Dec-2000,DGCA/AS350 SERIES/015,,,0:00,,"Model AS350 and AS355 Series helicopters certificated in all categories that are equipped with tail rotor blades P/N 350A.12.0030.01, 02, 04, or 05"
157b8d12-c115-446e-a4dc-d12077751fe2,d88e2641-dd39-4814-9f04-682a3c823bff,A016,63,BVAD 85-68-38(B) & Aerospatiale S.B 05-10 REV.1,Inspection Of The Bolted Junction Bevel Ring Gear/Vertical Shaft Of The Bevel Reduction Gear Module On The MGB,MOD,21-Dec-2000,DGCA/AS350 SERIES/016,,,0:00,,"Bevel reduction gear assemblies P/N 350A32.0300.00, .01 and .02."
157b8d12-c115-446e-a4dc-d12077751fe2,d88e2641-dd39-4814-9f04-682a3c823bff,A017,28,BVAD 85-112-41(B) & Aerospatiale S.B.NO 28-06 REV.1,Fuel System - Fuel Filter Drain Pipe,MOD,16-Dec-2000,DGCA/AS350 SERIES/017,,,0:00,,Helicopters AS 350 - Versions B and D
157b8d12-c115-446e-a4dc-d12077751fe2,d88e2641-dd39-4814-9f04-682a3c823bff,A018,63,BVAD NO.85-95-40(B) & AS 350 TELEX SERVICE NO.05-15,Inspection Of Main Rotor Shaft P/N 350 A 37-1076-00 Through 06,MOD,28-Dec-2000,DGCA/AS350 SERIES/018,,,0:00,,MAIN ROTOR SHAFT P/N: 350A37.1076.00 TO 06 EQUIPPING AS 350 HELICOPTERS ALL VERSIONS
157b8d12-c115-446e-a4dc-d12077751fe2,d88e2641-dd39-4814-9f04-682a3c823bff,A019,53,FAA AD 2001-04-14 supersedes FAA AD 85-14-06 R1,Inspection of Fuselage To Tail From Interface Frame,MOD*,10-Nov-2010,DGCA/AS350 SERIES/019,,,0:00,,"Model AS350B, AS350B1, AS350B2, AS350B3, AS350BA, AS350C, AS350D, AS350D1, AS355E, AS355F, AS355F1, AS355F2, and AS355N helicopters, certificated in any category."
157b8d12-c115-446e-a4dc-d12077751fe2,d88e2641-dd39-4814-9f04-682a3c823bff,A020,28,BVAD 85-135-42 B,Fuel Filter And Gear Box Filter Checking Of The Filtering Cartridge,MOD,22-Dec-2000,DGCA/AS350 SERIES/020,,,0:00,,Refer AD.Date of Issue: 22-Dec-2000
157b8d12-c115-446e-a4dc-d12077751fe2,d88e2641-dd39-4814-9f04-682a3c823bff,A021,25,BVAD NO.86-30-43 (B),Interference Of Emergency Flotation Gear With Rear Stops On Raired Said Type Landing Gear,MOD,07-Dec-2000,DGCA/AS350 SERIES/021,,,0:00,,Refer AD.Date of Issue:07-Dec-2000
157b8d12-c115-446e-a4dc-d12077751fe2,d88e2641-dd39-4814-9f04-682a3c823bff,A022,63,BVAD NO.86-57-44(B) R1,MAIN ROTOR HEAD ROVING SLEAVE BEAMS,MOD,16-Dec-2000,DGCA/AS350 SERIES/022,,,0:00,,"Aerospatiale Model AS 350 and AS 355 series helicopters, certificated in any category."
157b8d12-c115-446e-a4dc-d12077751fe2,d88e2641-dd39-4814-9f04-682a3c823bff,A023,63,BVAD ERRATUM 86-70-45(B),Fuel Filter Drain To Prevent Fuel Leak At The Fuel System Filter Drains,MOD,16-Dec-2000,DGCA/AS350 SERIES/023,,,0:00,,Refer AD.Date of Issue:16-Dec-2000
157b8d12-c115-446e-a4dc-d12077751fe2,d88e2641-dd39-4814-9f04-682a3c823bff,A024,28,BVAD 86-77-46B REV.2,To Prevent Fuel Filter Leakage At The Bypass Valve Mounted On The Filter Casing And At The Seal In The Bottom Of The Bowl,MOD,14-Dec-2000,DGCA/AS350 SERIES/024,,,0:00,,Refer AD
157b8d12-c115-446e-a4dc-d12077751fe2,d88e2641-dd39-4814-9f04-682a3c823bff,A025,28,BVAD NO.86-97-47 (B),Fuel Filter Leakage May Occur Due To Bad Setting In And Lightening Of The Bowl On The Filter Casing At The Seal In The Bottom Of The Bowl,MOD,16-Dec-2000,DGCA/AS350 SERIES/025,,,0:00,,Refer AD.Date of Issue:16-Dec-2000
157b8d12-c115-446e-a4dc-d12077751fe2,d88e2641-dd39-4814-9f04-682a3c823bff,A026,67,FAA AD 2000-20-19 supersedes FAA AD 86-15-10 R1,To Prevent The Failure Of Main Rotor Star Arms And Main Gear Box Suspension Bars,MOD*,05-Dec-2012,DGCA/AS350 SERIES/026,,,0:00,,"Model AS-350B, BA, B1, B2, B3, C, D, and D1, and AS-355E, F, F1, F2 and N helicopters, certificated in any category."
157b8d12-c115-446e-a4dc-d12077751fe2,d88e2641-dd39-4814-9f04-682a3c823bff,A027,72,B.V.AD.NO.86-29(B) ARRIEL TUREDMECA AB NO.72-292-0093,TO INSPECT CORROSION ON TURBINE CASING (MODULE 03) UNDERNEATH THE IDENTIFICATTION PLATE,MOD,14-Dec-2000,DGCA/AS350 SERIES/027,,,0:00,,Refer AD.Date of Issue:14-Dec-2000
157b8d12-c115-446e-a4dc-d12077751fe2,d88e2641-dd39-4814-9f04-682a3c823bff,A028,52,BVAD NO.87-088-049-0093,SLIDING DOORS,MOD,22-Dec-2000,DGCA/AS350 SERIES/028,,,0:00,,Refer AD.Date of Issue:22-Dec-2000
157b8d12-c115-446e-a4dc-d12077751fe2,d88e2641-dd39-4814-9f04-682a3c823bff,A029,100,BVAD 80-184-015(B) R1,Monitoring in Service of Bolts For attachment Of the Starflex Hub to the Main Rotor Shaft,MOD,23-Dec-1987,DGCA/AS350 SERIES/029,,,0:00,,Eurocopter AS 350 helicopters all types (ASTAR and EUREUIL)
157b8d12-c115-446e-a4dc-d12077751fe2,d88e2641-dd39-4814-9f04-682a3c823bff,A030,5,B.V.A.D. NO.87-161-051(B) & AerospatialeS.B.NO.01-20,Reduction Of Service Life Limit Of Spherical Thrust Bearing Bolts,MOD,16-Dec-2000,DGCA/AS350 SERIES/030,,,0:00,,Refer AD.AS 350 heiicopters - versions B1 - L1.
157b8d12-c115-446e-a4dc-d12077751fe2,d88e2641-dd39-4814-9f04-682a3c823bff,A031,25,BVAD NO.88-024(B),Bronzavia - Air Equipment Rescue Hoists - Replacement Of Return Spring On The Upper End Of Travel Lever,MOD,16-Dec-2000,DGCA/AS350 SERIES/031,,,0:00,,Refer AD
157b8d12-c115-446e-a4dc-d12077751fe2,d88e2641-dd39-4814-9f04-682a3c823bff,A032,63,BVAD.NO.88-184-052(B) R1 And Dunlop SB 65-11 AND Aerospatiale AS350 S.B.01-21,Removal Of Dunlop Main And Tail Servo Control Assembly Bolts,MOD,21-Dec-2010,DGCA/AS350 SERIES/032,,,0:00,,"Model AS 350 and AS 355 series helicopters, with Dunlop main rotor servo controls, part numbers (P/N) AC 64182, AC 67030, AC 66442, and AC 67034 installed."
157b8d12-c115-446e-a4dc-d12077751fe2,d88e2641-dd39-4814-9f04-682a3c823bff,A033,4,B.V.A.D.NO.89-081-053(B),Prohibition Of Use Of Helicopters Fitted With Spherical Thrust Bearings P/N 704A 33-633-109 At Low Temperatures Below -25 Degree Celcius,MOD,16-Dec-2000,DGCA/AS350 SERIES/033,,,0:00,,"Model AS 350 series and Model SA 365C series helicopters with spherical thrust bearing rear block P/N 704A-33-633-27 or P/N 704A-33-633-30 installed, certificated in all categories."
157b8d12-c115-446e-a4dc-d12077751fe2,d88e2641-dd39-4814-9f04-682a3c823bff,A034,27,FAA AD 2004-05-23 supersedes FAA AD 89-21-01,Inspection of Rotating SwashPlate,MOD*,14-Apr-2004,DGCA/AS350 SERIES/034,,,0:00,,"Model AS350B, AS350BA, AS350B1, AS350B2, AS350B3, AS350C, AS350D, AS350D1, AS355E, AS355F, AS355F1, AS355F2, and AS355N helicopters, certificated in any category."
157b8d12-c115-446e-a4dc-d12077751fe2,d88e2641-dd39-4814-9f04-682a3c823bff,A034,27,FAA AD 2004-05-23 supersedes FAA AD 89-21-01 and MSM Revision 014 : 2017.12.04,Inspection of Rotating SwashPlate,MOD*,04-Dec-2017,DGCA/AS350 SERIES/034,,,0:00,,"Model AS350B, AS350BA, AS350B1, AS350B2, AS350B3, AS350C, AS350D, AS350D1, AS355E, AS355F, AS355F1, AS355F2, and AS355N helicopters, certificated in any category."
157b8d12-c115-446e-a4dc-d12077751fe2,d88e2641-dd39-4814-9f04-682a3c823bff,A035,100,Cancelled,Cancelled as it applicable to Arriel 1 Engine Vide Letter no. 9-515/03 dated 10/10/05.,MOD#,04-Jun-2010,DGCA/AS350 SERIES/035,,,0:00,,Cancelled as it applicable to Arriel 1 Engine Vide Letter no. 9-515/03 dated 10/10/05.
157b8d12-c115-446e-a4dc-d12077751fe2,d88e2641-dd39-4814-9f04-682a3c823bff,A036,100,Cancelled,Cancelled as it applicable to Arriel 1 Engine Vide Letter no. 9-515/03 dated 10/10/05.,MOD#,10-Oct-2005,DGCA/AS350 SERIES/036,,,0:00,,Cancelled as it applicable to Arriel 1 Engine Vide Letter no. 9-515/03 dated 10/10/05.
157b8d12-c115-446e-a4dc-d12077751fe2,d88e2641-dd39-4814-9f04-682a3c823bff,A037,24,B.V.A.D. 90-198-056 (B) R1,Battery Temperatture Probe,MOD,28-Dec-2000,DGCA/AS350 SERIES/037,,,0:00,,"This AD Applicable to AEROSPATIALE Helicopters AS350 D,B,B1,B2 Equipped with One or two SAFT 1606-1 (Battery)"
157b8d12-c115-446e-a4dc-d12077751fe2,d88e2641-dd39-4814-9f04-682a3c823bff,A038,100,FAA AD 90-23-03,Installation of a Protective Cover On Each Main Rotor Servo COntrol Valve,MOD,03-Dec-1990,DGCA/AS350 SERIES/038,,,0:00,,"Model AS 350 and AS 355 series helicopters, with Dunlop main rotor servo controls, part numbers (P/N) AC 64182, AC 67030, AC 66442, and AC 67034 installed."
157b8d12-c115-446e-a4dc-d12077751fe2,d88e2641-dd39-4814-9f04-682a3c823bff,A039,100,Cancelled,Cancelled in View of DGCA/AS35008/35,MOD#,04-Jun-2010,DGCA/AS350 SERIES/039,,,0:00,,Cancelled in View of DGCA/AS35008/35
157b8d12-c115-446e-a4dc-d12077751fe2,d88e2641-dd39-4814-9f04-682a3c823bff,A040,65,B.V.A.D. 91-137-059 (B),Pitch Control Lower Expansion Pin - Tail Rotor,MOD,28-Dec-2000,DGCA/AS350 SERIES/040,,,0:00,,"This AD Applicable to AEROSPATIALE Helicopters AS350 D,B,B1,B2"
157b8d12-c115-446e-a4dc-d12077751fe2,d88e2641-dd39-4814-9f04-682a3c823bff,A041,65,BVAD 91-159-060(B),Tail Rotor Drive Shaft Bearings,MOD,16-Dec-2000,DGCA/AS350 SERIES/041,,,0:00,,"This AD Applicable to AEROSPATIALE AS 350 Helicopter Versions B,D,B1,B2,L1 and AVEX Equipped with FAFNIR Tail rotor drive shaft Bearing"
157b8d12-c115-446e-a4dc-d12077751fe2,d88e2641-dd39-4814-9f04-682a3c823bff,A042,25,B.V.A.D.91-165-058(B) R1,Electric Hoist Installation,MOD,30-Dec-2000,DGCA/AS350 SERIES/042,,,0:00,,Refer AD
157b8d12-c115-446e-a4dc-d12077751fe2,d88e2641-dd39-4814-9f04-682a3c823bff,A043,100,Cancelled,Cancelled as it applicable to Arriel 1 Engine Vide Letter No. 9-515/03 dated 10/10/05,MOD#,10-Oct-2005,DGCA/AS350 SERIES/043,,,0:00,,Cancelled as it applicable to Arriel 1 Engine Vide Letter No. 9-515/03 dated 10/10/05
157b8d12-c115-446e-a4dc-d12077751fe2,d88e2641-dd39-4814-9f04-682a3c823bff,A044,25,BVAD 92-144-061 (B),"""JOLLIET"" Emergency Locator Transmitter Antenna",MOD,08-Jul-1992,DGCA/AS350 SERIES/044,,,0:00,,"Eurocopter AS 350 helicopters, versions B, BA, B1, B2 and D, fitted with the ""JOLLIET"" emergency locator transmitter system, not modified per AMS 350A.07.2492."
157b8d12-c115-446e-a4dc-d12077751fe2,d88e2641-dd39-4814-9f04-682a3c823bff,A045,29,BVAD 92-145-062 (B),Hydraulic System,MOD,08-Jul-1992,DGCA/AS350 SERIES/045,,,0:00,,"Eurocopter AS 350 helicopters, versions B, BA, B1, B2 and D, fitted with the hydraulic reservoir P/N 350A75-1030-00."
157b8d12-c115-446e-a4dc-d12077751fe2,d88e2641-dd39-4814-9f04-682a3c823bff,A046,63,BVAD 92-179-064 (B) R1 and Eurocopter SB 62.21 R1,Main Rotor Pitch Change Horn Bushes,MOD,31-Mar-1993,DGCA/AS350 SERIES/046,,,0:00,,"Eurocopter AS 350 helicopters, versions B, D, B1, B2 and BA on which the pitch change horns P/N 350A31-1877-02 are not marked with an ""X"" and have a serial number less than 100-000."
157b8d12-c115-446e-a4dc-d12077751fe2,d88e2641-dd39-4814-9f04-682a3c823bff,A047,52,BVAD 93-090-067(B) R1,"Door ""Clear Vision"" Window",MOD,22-Dec-1993,DGCA/AS350 SERIES/047,,,0:00,,"Eurocopter AS 350 helicopters, versions B, BA, B1, B2 and D fitted with ""clear vision"" windows P/N as specified in AD."
157b8d12-c115-446e-a4dc-d12077751fe2,d88e2641-dd39-4814-9f04-682a3c823bff,A048,72,"BVAD 93-114(B)R2 & FAA AD 93-11-01, Turbomeca SB 292-72-0181, 292-72-0150 & 292-72",Repetitive Checks For Engine Rubbing During Gas Generator Shutdown,MOD,22-Jul-1993,DGCA/AS350 SERIES/048,,,0:00,,"MCDONNELL DOUGLAS DC-9-11, -12, -13, -14, -15, and -15F Series Airplanes"
157b8d12-c115-446e-a4dc-d12077751fe2,d88e2641-dd39-4814-9f04-682a3c823bff,A049,67,"BVAD 94-087-068(B), FAA AD 95-11-06, Eurocopter TELEX 01-43",MGB Oil Pressure Switch,MOD,13-Apr-1994,DGCA/AS350 SERIES/049,,,0:00,,"Eurocopter AS 350 B, BA, D, B1 and B2 helicopters fitted with MGB oil pressure switch P/N 704A37.721.082 (S 1130.021.082)."
157b8d12-c115-446e-a4dc-d12077751fe2,d88e2641-dd39-4814-9f04-682a3c823bff,A050,67,BVAD 94-180-069B,Cyclic Pitch Change Control Rod,MOD,03-Aug-1994,DGCA/AS350 SERIES/050,,,0:00,,"Eurocopter AS 350 helicopters, versions B, BA, D, B1 and B2, fitted with cyclic pitch change control rod P/N 704A34-113-279."
157b8d12-c115-446e-a4dc-d12077751fe2,d88e2641-dd39-4814-9f04-682a3c823bff,A051,63,BVAD 94-279-010(B) R1 and Eurocopter France AS 350 Telex Service no. 01-44,Main Rotor Shaft,MOD,18-Jan-1995,DGCA/AS350 SERIES/051,,,0:00,,"Eurocopter AS 350 helicopters, versions B, BA, B1, B2 and D, equipped with a ""TIMKEN"" main rotor shaft P/N 350A37-0003- all dash numbers, that have logged less than 100 operating hours since new or overhaul."
157b8d12-c115-446e-a4dc-d12077751fe2,d88e2641-dd39-4814-9f04-682a3c823bff,A052,72,"FAA AD 94-25-08, SB 292-72-0157",To prevent damage to the aircraft resulting from engine debris following an uncontained engine failure.,MOD,17-Jan-1995,DGCA/AS350 SERIES/052,,,0:00,,"Turbomeca Arriel Model 1B, 1D, 1D1, 1A with TU13, and 1A1 with TU13, turboshaft engines installed on but not limited to Aerospatiale AS-350B helicopters."
157b8d12-c115-446e-a4dc-d12077751fe2,d88e2641-dd39-4814-9f04-682a3c823bff,A053,100,Cancelled,Cancelled as it is applicable to Arriel 1 Engine Vide Letter No. 9-515/03 dated 10/10/05.,MOD#,10-Oct-2005,DGCA/AS350 SERIES/053,,,0:00,,Cancelled as it is applicable to Arriel 1 Engine Vide Letter No. 9-515/03 dated 10/10/05.
157b8d12-c115-446e-a4dc-d12077751fe2,d88e2641-dd39-4814-9f04-682a3c823bff,A054,63,BVAD 96-156-071(B) R1,MGB Suspension Bi-directional Cross Beam,MOD*,04-Jun-1997,DGCA/AS350 SERIES/054,,,0:00,,"Eurocopter AS 350 helicopters, versions B, BA, B1, B2 and D fitted with a MGB suspension bi-directional cross beam P/N 350A38.1018-all dash numbers, installed on the complete cross beam assemblies P/N 350A38.0210-all dash numbers (which are not modified per MOD. 072720)."
157b8d12-c115-446e-a4dc-d12077751fe2,d88e2641-dd39-4814-9f04-682a3c823bff,A055,53,"DGAC AD 1997-147-072(A) R1,",Tail Boom-to-Aircraft Structure Junction Attachment Screws,MOD,23-Jan-2002,DGCA/AS350 SERIES/055,,,0:00,,"Eurocopter AS 350 helicopters, versions B, BA, BB, B1, B2 and D equipped with attachment screws P/N 22201BC060008L (N5103337287)."
157b8d12-c115-446e-a4dc-d12077751fe2,d88e2641-dd39-4814-9f04-682a3c823bff,A056,64,"BVAD 98-173-073(A) (This AD superseded by EASA AD 2015-0195), ASB 05.00.08 R5 (This SB superseded by ASB 01.00.70 R1)",Tail Rotor Drive Shaft Bearings,MOD*,22-Apr-1998,DGCA/AS350 SERIES/056,,,0:00,,"Eurocopter AS 350 helicopters, versions B, B1, B2, D, BA, BB and B3 with tail rotor drive shaft rear section bearing mountings, equipped with non-regreasable bearings or regreasable bearings(For P/N Refer AD)."
157b8d12-c115-446e-a4dc-d12077751fe2,d88e2641-dd39-4814-9f04-682a3c823bff,A057,24,BVAD 98-511-074(A),Single - Pole Circuit Breakers,MOD,02-Jun-2010,DGCA/AS350 SERIES/057,,,0:00,,"AS 350 helicopter, versions B, BA, BB, B1, B2, B3 and D equipped with single pole circuit breakers, P/N as listed in AD."
157b8d12-c115-446e-a4dc-d12077751fe2,d88e2641-dd39-4814-9f04-682a3c823bff,A058,100,Canncelled,Cancelled as it is applicable to Arriel Engine vide letter no. 9-515/03 dated 10/10/05,MOD,10-Oct-2005,DGCA/AS350 SERIES/058,,,0:00,,Cancelled as it is applicable to Arriel Engine vide letter no. 9-515/03 dated 10/10/05
157b8d12-c115-446e-a4dc-d12077751fe2,d88e2641-dd39-4814-9f04-682a3c823bff,A059,64,DGAC AD 1999-085-076(A) R3,Tail rotor hub pitch change plate bearing,MOD,20-Feb-2002,DGCA/AS350 SERIES/059,,,0:00,,"Eurocopter AS 350 helicopters, versions: B, BA, B1, B2, B3, BB and D fitted with tail rotor hub pitch change plate, P/Nos. 350A33-2004-00/-01/-02/-03/-05 or 350A33-2009-00/-01, and which do not incorporate MOD 076551."
157b8d12-c115-446e-a4dc-d12077751fe2,d88e2641-dd39-4814-9f04-682a3c823bff,A060,73,DGAC AD 1999-285(A),Pump body of the fuel pumps and metering unit assembly,MOD,13-Jul-1999,DGCA/AS350 SERIES/060,,,0:00,,"This Airworthiness Directive refers to ARRIEL 2S1, 2B and 2C turboshaft engines fitted with fuel pumps and metering unit assemblies listed by serial number in Service Bulletin No. 292 73 2803."
157b8d12-c115-446e-a4dc-d12077751fe2,d88e2641-dd39-4814-9f04-682a3c823bff,A061,100,Cancelled,Cancelled in View Of DGCA/AS 350/59,MOD#,11-Mar-2008,DGCA/AS350 SERIES/061,,,0:00,,Cancelled in View Of DGCA/AS 350/59
157b8d12-c115-446e-a4dc-d12077751fe2,d88e2641-dd39-4814-9f04-682a3c823bff,A062,64,DGAC AD F-2000-222-079 R1,Tail rotor - Bearing spacer of the tail rotor head pitch change plate,MOD,15-Sep-2004,DGCA/AS350 SERIES/062 (R1),,,0:00,,"Eurocopter AS 350 helicopters, versions B, B1, B2, B3, BA, BB and D, fitted with tail rotor pitch change rotating plates all part numbers, on which EUROCOPTER modification (MOD) 07 6554 has not been embodied."
157b8d12-c115-446e-a4dc-d12077751fe2,d88e2641-dd39-4814-9f04-682a3c823bff,A063,79,DGAC AD 2000-268-078(A),Engine oil pipe - Fire proofing,MOD,28-Jun-2000,DGCA/AS350 SERIES/063,,,0:00,,"Eurocopter AS 350 helicopters, versions: B, B1, B2, BA, BB and D on which MOD 07 2793 has not been embodied."
157b8d12-c115-446e-a4dc-d12077751fe2,d88e2641-dd39-4814-9f04-682a3c823bff,A064,28,DGAC AD 2000-302(A),Ferry Fuel Tanks,MOD,12-Jul-2000,DGCA/AS350 SERIES/064,,,0:00,,"Eurocopter AS 350 B, BA, B1, B2, B3, BB and D, equipped with metal ferry fuel tanks, part number 330A 871310 .00, .01, .02, .03 and .04."
157b8d12-c115-446e-a4dc-d12077751fe2,d88e2641-dd39-4814-9f04-682a3c823bff,A065,25,EASA AD2008 - 0044,Equipment / Furnishings - Rear Bench Seat and Sliding Doors - Limitation / Removal / Modification.,MOD,12-Mar-2008,DGCA/AS350 SERIES/065,,,0:00,,"Eurocopter AS 350 helicopters models B, BA, BB, B1, B2, B3, D, equipped with rear bench seat, unless modified in accordance with Modification (MOD) 073166."
157b8d12-c115-446e-a4dc-d12077751fe2,d88e2641-dd39-4814-9f04-682a3c823bff,A066,65,DGAC AD 2001-074-081(A),Tail rotor hub pitch-change plate bearing,MOD#,07-Mar-2001,DGCA/AS350 SERIES/066,,,0:00,,"Will be issued later (Has been the subject of a telegraphic diffusion on February 23, 2001)"
157b8d12-c115-446e-a4dc-d12077751fe2,d88e2641-dd39-4814-9f04-682a3c823bff,A067,77,DGAC AD 2001-319-083(A),Engine Indicating - ASU PCB,MOD,25-Jul-2001,DGCA/AS350 SERIES/067,,,0:00,,"Eurocopter AS 350 B3 helicopters equipped with printed circuit boards P/Nos. SE 03022 (704A47720110) (ASU No. 2 board) delivered before May 1st, 1999 and AS 350 B3 helicopters delivered new before May 1st, 1999."
157b8d12-c115-446e-a4dc-d12077751fe2,d88e2641-dd39-4814-9f04-682a3c823bff,A068,25,EASA AD 2009-0122 R1,Equipment / Furnishings -Load Release Units - Inspection / Modification / Limitation,MOD,27-Oct-2010,DGCA/AS350 SERIES/068 Rev 1,,,0:00,,"Eurocopter AS 350 B, BA, B1, B2, B3, BB and D helicopters, all serial numbers, if equipped with any type of SIREN Load Release Units."
157b8d12-c115-446e-a4dc-d12077751fe2,d88e2641-dd39-4814-9f04-682a3c823bff,A069,62,DGAC AD 2001-557-086(A) R3,Main Rotor - Starflex Star,MOD,15-May-2002,DGCA/AS350 SERIES/069,,,0:00,,"Eurocopter AS 350 version B, BA, B1, B2, B3, BB and D helicopters equipped with STARFLEX stars P/N 350A31.1916.00, mounted on Main Rotor Hubs (MRH) prior to the embodiment of MOD 076221."
157b8d12-c115-446e-a4dc-d12077751fe2,d88e2641-dd39-4814-9f04-682a3c823bff,A070,67,DGAC AD F-2003-099(A)/ ASB 01.00.52.,Main and Tail TRW SAMM servocontrols,MOD,05-Mar-2003,DGCA/AS350 SERIES/070,,,0:00,,"Eurocopter AS 350 helicopters, versions B, BA, B1, B2, B3, BB and D equipped with the main and tail TRW SAMM servocontrols P/N an S/N as listed in AD."
157b8d12-c115-446e-a4dc-d12077751fe2,d88e2641-dd39-4814-9f04-682a3c823bff,A071,67,DGAC AD F-2001-580-085 R2,Rotor flight controls - Tail servocontrols - Eye end fitting locking,MOD*,18-Dec-2004,DGCA/AS350 SERIES/071 R1,,,0:00,,"AS350 B, BA, B1, B2, B3, BB and D helicopters, equipped with tail servocontrols, all part numbers and all types, that have not been modified per MOD 073139/ ASB 67.00.22."
157b8d12-c115-446e-a4dc-d12077751fe2,d88e2641-dd39-4814-9f04-682a3c823bff,A072,64,EASA AD 2009-0039/ ASB,Tail Rotor - Tail Rotor Blades Skin - Inspection / Repair,MOD*,19-Feb-2009,DGCA/AS350 SERIES/072,,,0:00,,"Eurocopter AS 350 B, BA, BB, B1, B2, B3 and D. All serial numbers, if equipped with tail rotor blades, P/N: a) 355A12-0031-01/-02/-03/-04/ -05/-06/-07/-08/-09/-11/-12/-13/-14. b) 355A12-0040-00/-01/-02/-03/ -04/ -05/-07/-08. c) 355A12-0050-00/-01/-02/-03/ -04/-05."
157b8d12-c115-446e-a4dc-d12077751fe2,d88e2641-dd39-4814-9f04-682a3c823bff,A073,25,DGAC AD F-2002-027-088 R1/ ASB 25.00.73,Equipment / Furnishings - BREEZE 450-lb electric hoist,MOD,24-Sep-2005,DGCA/AS350 SERIES/073 R1,,,0:00,,Eurocopter AS 350 B3 helicopters equipped with BREEZE 450-lb electric hoist PN BL 29700-23.
157b8d12-c115-446e-a4dc-d12077751fe2,d88e2641-dd39-4814-9f04-682a3c823bff,A074,65,DGAC AD F-2000-340-080(A) R2 ASB 05.00.35,Tail rotor drive shaft forward fairing,MOD*,27-Jun-2012,DGCA/AS350 SERIES/074,,,0:00,,"Eurocopter AS 350 B helicopters equipped with tail rotor drive shaft forward fairing P/N: 350A23.0032.09 pre MOD 073097, 350A23.1075.00 post MOD 073097."
157b8d12-c115-446e-a4dc-d12077751fe2,d88e2641-dd39-4814-9f04-682a3c823bff,A074,5,DGAC AD F-2000-340-080(A) R2/ ASB 05.00.35,Tail rotor drive shaft forward fairing,MOD*,20-Feb-2002,DGCA/AS350 SERIES/074,,,0:00,,"Eurocopter AS 350 B3 helicopters equipped with tail rotor drive shaft forward fairing P/N: 350A23.0032.09 pre MOD 073097, 350A23.1075.00 post MOD 073097."
157b8d12-c115-446e-a4dc-d12077751fe2,d88e2641-dd39-4814-9f04-682a3c823bff,A074,65,DGAC AD-2000-340-080(A) R2 ASB 05.00.35,Tail rotor drive shaft forward fairing,MOD*,20-Feb-2002,DGCA/AS350 SERIES/074,,,0:00,,AS 350 B3 helicopters equipped with tail rotor drive shaft forward fairing P/Nos.: - 350A23.0032.09 pre MOD 073097- 350A23.1075.00 post MOD 073097.
157b8d12-c115-446e-a4dc-d12077751fe2,d88e2641-dd39-4814-9f04-682a3c823bff,A075,100,Cancelled,CANCELLED AS IT IS APPLICABLE TO ARRIEL 1 ENGINE VIDE LETTER NO 9-515/03 DATED 10/10/05,MOD#,10-Oct-2005,DGCA/AS350 SERIES/075,,,0:00,,Cancelled
157b8d12-c115-446e-a4dc-d12077751fe2,d88e2641-dd39-4814-9f04-682a3c823bff,A076,34,DGAC AD F-2002-281-091 R1/ ASB 34.00.13,Navigation - Horizontal situation indicator KI 525A,MOD,27-Mar-2004,DGCA/AS350 SERIES/076,,,0:00,,"Eurocopter AS 350 helicopter versions B, BA, B1, B2, B3, BB and D, equipped with HSI KI 525A."
157b8d12-c115-446e-a4dc-d12077751fe2,d88e2641-dd39-4814-9f04-682a3c823bff,A077,52,EASA AD 2006-0249 (EASA AD Replaces DGAC AD 2002-344-093R1) PAD NO. 06-164,Doors - Sliding Door - Wear on Rollers and Rails,MOD*,28-Jun-2006,DGCA/AS350 SERIES/077 R2,,,0:00,,"Eurocopter AS 350 B, BA, BB, B1, B2, B3 and D helicopters, equipped with sliding door(s) not modified per MOD 073287 and/or MOD073290."
157b8d12-c115-446e-a4dc-d12077751fe2,d88e2641-dd39-4814-9f04-682a3c823bff,A078,67,DGAC AD F-2002-314-092 R1/ ASB 67.00.23,Rotor flight controls - TRW - SAMM main servocontrols,MOD,20-Dec-2003,DGCA/AS350 SERIES/078,,,0:00,,"Eurocopter AS 350 B3 helicopters equipped with ""TRW - SAMM"" main servocontrols, P/N SC 8042 or SC 8043 that underwent their last complete overhaul or repair since complete overhaul at ""HAWKER PACIFIC AEROSPACE"", USA, before March 1, 2002."
157b8d12-c115-446e-a4dc-d12077751fe2,d88e2641-dd39-4814-9f04-682a3c823bff,A079,62,DGAC AD F-2002-452(A) R1/ ASB 62.00.25,Main rotor and tail rotor dynamic components - Correction of operating hours,MOD,30-Apr-2003,DGCA/AS350 SERIES/079,,,0:00,,"Eurocopter AS 350 B, BA, BB, B1, B2, B3 and D helicopters, equipped with dynamic components following overhaul (RG) or repair (RE) at the EUROCOPTER helicopter maintenance and overhaul facility (D.E.R.H.), listed in Tables 1 and 2 (as applicable) in para 4 ""Appendix"" of ASB."
157b8d12-c115-446e-a4dc-d12077751fe2,d88e2641-dd39-4814-9f04-682a3c823bff,A080,53,DGAC AD F-2002-537-094(A)/ASB 53.00.31,MGB - Mobile cowling seals,MOD,09-Nov-2002,DGCA/AS350 SERIES/080,,,0:00,,"Eurocopter AS 350 helicopters versions B, B1, B2, B3, BA, BB and D, delivered before July 1st, 2002."
157b8d12-c115-446e-a4dc-d12077751fe2,d88e2641-dd39-4814-9f04-682a3c823bff,A081,25,DGAC AD F-2002-585(A)/,Electric Hoist Installation,MOD,27-Nov-2002,DGCA/AS350 SERIES/081,,,0:00,,"Eurocopter AS 350 helicopters versions B, BA, BB, B1, B2, B3 and D, equipped with the optional BREEZE or TRW (or LUCAS or AIR EQUIPEMENT) 300 lb. electric hoist and hoist box 26 M part number 350A63-1136-00 (AS 350) not modified per MOD 073190, and delivered before October 1st, 2002."
157b8d12-c115-446e-a4dc-d12077751fe2,d88e2641-dd39-4814-9f04-682a3c823bff,A083,71,DGAC AD F-2003-208(A)/ ASB 71.00.16,Power plant - Interference between the bleed valve air exhaust duct and the engine fuel line,MOD,28-May-2003,DGCA/AS350 SERIES/083,,,0:00,,Eurocopter AS 350 B3 helicopters equipped with optional engine flushing system and modified per MOD 073098.
157b8d12-c115-446e-a4dc-d12077751fe2,d88e2641-dd39-4814-9f04-682a3c823bff,A084,24,DGAC AD F-2003-260 R1/ ASB No. 24.00.10,Electrical Power - Battery Lug Connection,MOD,19-Jun-2004,DGCA/AS350 SERIES/084,,,0:00,,"Eurocopter AS 350 helicopter versions B, BA, BB, B1, B2, B3 and D, pre-MOD 073226."
157b8d12-c115-446e-a4dc-d12077751fe2,d88e2641-dd39-4814-9f04-682a3c823bff,A085,67,DGAC AD F-2003-322 R1/ ASB 67.00.25 R1,Rotor Flight Controls - Double Locking Of The Stop Screws,MOD,05-Jun-2004,DGCA/AS350 SERIES/085,,,0:00,,"Eurocopter AS 350 B, BA, BB, B1, B2, B3 and D, before embodiment of MOD 073206 or MOD 073102. Components affected: Roll, pitch and collective flight control stops."
157b8d12-c115-446e-a4dc-d12077751fe2,d88e2641-dd39-4814-9f04-682a3c823bff,A088,25,EASA AD 2006-0098,Equipment / Furnishings - Hoist Hooks,MOD*,05-May-2006,DGCA/AS350 SERIES/088 R1,,,0:00,,"Eurocopter AS350, BA, B1, B2, B3, BB, D equipped with GOODRICH (LUCAS-AIR EQUIPEMENT) hoists, P/N 76370-xxx fitted with hooks, P/N 709866."
157b8d12-c115-446e-a4dc-d12077751fe2,d88e2641-dd39-4814-9f04-682a3c823bff,A089,76,EASA AD 2006-0183-E/ ASB 05.00.44,Engine Controls - Twist Grip Assembly - Inspection/Replacement,MOD*,30-Jun-2006,DGCA/AS350 SERIES/089 R1,,,0:00,,Eurocopter AS 350 B3 helicopters equipped with twist grips post-MOD 073084 and not modified per MOD 073222 (new solenoid).
157b8d12-c115-446e-a4dc-d12077751fe2,d88e2641-dd39-4814-9f04-682a3c823bff,A090,5,DGAC AD F-2004-055,Time Limits/Maintenance Checks - Replacement of Hydraulic Fluid in Cold Weather,MOD,08-May-2004,DGCA/AS350 SERIES/090,,,0:00,,"Eurocopter AS 350 helicopter versions B, BA, BB, B1, B2, B3 and D that operate in a flight envelope where the outside air temperature (OAT) is below minus 15° Celsius (or below plus 5° Fahrenheit)."
157b8d12-c115-446e-a4dc-d12077751fe2,d88e2641-dd39-4814-9f04-682a3c823bff,A091,29,DGAC AD F-2004-089/ASB 29.00.07,Hydraulic System - Hydraulic Cut Off Function,MOD,03-Jul-2004,DGCA/AS350 SERIES/091,,,0:00,,"Eurocopter AS 350 helicopter versions B, B1, B2, B3, BA, BB and D, pre-MOD 073263."
157b8d12-c115-446e-a4dc-d12077751fe2,d88e2641-dd39-4814-9f04-682a3c823bff,A092,25,DGAC AD F-2004-170 R1,Equipment And Furnishings - Hoists Hooks (Breeze Hoist),MOD*,26-Mar-2005,DGCA/AS350 SERIES/092 R1,,,0:00,,"Eurocopter AS 350 B, BA, B1, B2, B3, BB and D, equipped with BREEZE hoists fitted with hook assembly PN BL-7520-01, with hook PN BL-7520."
157b8d12-c115-446e-a4dc-d12077751fe2,d88e2641-dd39-4814-9f04-682a3c823bff,A093,29,DGAC AD F-2004-174,Hydraulic Power - Hydraulic Power Loss,MOD,20-Nov-2004,DGCA/AS350 SERIES/093,,,0:00,,"Eurocopter AS 350 helicopter versions B, BA, B1, B3, BB and D. Note: The information contained in this AD is intended for crews."
157b8d12-c115-446e-a4dc-d12077751fe2,d88e2641-dd39-4814-9f04-682a3c823bff,A094,64,DGAC AD F-2004-178,Tail Rotor - Tail Rotor Blade Trailing Eedge Tab,MOD,20-Nov-2004,DGCA/AS350 SERIES/094,,,0:00,,"Eurocopter AS 350 helicopters, versions B, BA, BB, B1, B2, B3 and D, fitted with tail rotor blades PN 355A 12.0040 all dash numbers and PN 355A 12.0050.04, with S/N from 8400 to 9224 inclusive, before embodiment of Repair Sheet FR No. 238 or of Work Card 64.10.00.872."
157b8d12-c115-446e-a4dc-d12077751fe2,d88e2641-dd39-4814-9f04-682a3c823bff,A095,67,EASA AD 2006-0247,Rotor Flight Controls - Tail Servo-Control,MOD,01-Sep-2006,DGCA/AS350 SERIES/095 R1,,,0:00,,"Eurocopter AS 350 B3 helicopters fitted with a GOODRICH tail servo-control P/No. SC5071-XX or SC5072, except: tail servo-controls P/N SC5072 with a S/N equal to or above 1372."
157b8d12-c115-446e-a4dc-d12077751fe2,d88e2641-dd39-4814-9f04-682a3c823bff,A096,55,EASA AD 2009-0030/ ASB 55.00.16 Rev.1,Stabilizers - Upper and Lower Fin Attachment Fitting - Inspection / Modification / Replacement,MOD,26-Feb-2009,DGCA/AS350 SERIES/096,,,0:00,,"Eurocopter AS 350 B, B1, B2, B3, BA, BB and D helicopters, all S/N if fitted with the following upper and lower fins on which MOD 073330 has not been embodied: Upper fin assy P/N: 350A14-0020-00XX/ 01XX/ 02XX/ 03XX/ 08XX/ 09XX/ 10XX/ 17XX/ 18XX/ 19XX, 350A64-1144-00XX. Lower fin assy P/N: 350A14-0021-00XX/01XX/ 02XX/ 03XX/04XX."
157b8d12-c115-446e-a4dc-d12077751fe2,d88e2641-dd39-4814-9f04-682a3c823bff,A097,52,EASA AD 2007-0236/ ASB No. 52.00.30,Doors - Sliding Door Rear Roller Support Shaft and Rear Fitting Inspection/Replacement,MOD,14-Sep-2007,DGCA/AS350 SERIES/097,,,0:00,,"Eurocopter AS 350 B, AS 350 BA, AS 350 BB, AS 350 B1, AS 350 B2, AS 350 B3 and AS 350 D, all serial numbers, if fitted with sliding door(s) pre-MOD 073298 and/or pre-MOD 073308."
157b8d12-c115-446e-a4dc-d12077751fe2,d88e2641-dd39-4814-9f04-682a3c823bff,A097,52,EASA AD 2007-0236,Doors - Sliding Door Rear Roller Support Shaft and Rear Fitting Inspection/Replacement,MOD*,12-Dec-2012,DGCA/AS350 SERIES/097,,,0:00,,"Eurocopter AS 350 B, AS 350 BA, AS 350 BB, AS 350 B1, AS 350 B2, AS 350 B3 and AS 350 D, all serial numbers, if fitted with sliding door(s) pre-MOD 073298 and/or pre-MOD 073308."
157b8d12-c115-446e-a4dc-d12077751fe2,d88e2641-dd39-4814-9f04-682a3c823bff,A098,67,DGAC AD F-2005-042,Rotor Flight Controls -Yaw Control,MOD,26-Mar-2005,DGCA/AS350 SERIES/098,,,0:00,,"Eurocopter AS 350 helicopter versions B, BA, BB, B1, B2 and D, fitted with stainless steel-caged ball-type controls, P/N: 704A 34-130-068 with automatic flight control system (pre-MOD 072771), P/N 704A 34-130-058 without automatic flight control system (pre-MOD 072771)."
157b8d12-c115-446e-a4dc-d12077751fe2,d88e2641-dd39-4814-9f04-682a3c823bff,A099,25,EASA AD 2006-0164/ ASB 25.00.95,Equipment/Furnishings- Untimely Firing of Squibs on GOODRICH Electric Hoists,MOD,23-Jun-2006,DGCA/AS350 SERIES/099 R1,,,0:00,,"Eurocopter AS 350 B, BA, BB, B1, B2, B3 and D helicopters equipped with GOODRICH electric hoists, PN 76370-XXX, (all types of motors), and not modified per MOD 073318. or GOODRICH electric hoists, PN 76370-XXX, not equipped with the AUXILEC motor."
157b8d12-c115-446e-a4dc-d12077751fe2,d88e2641-dd39-4814-9f04-682a3c823bff,A100,53,EASA AD 2006-0273,Fuselage - RH Cabin Vibration Damper & Blade - Inspection / Replacement / Modification,MOD*,01-Feb-2010,DGCA/AS350 SERIES/100 R2,,,0:00,,"All Model AS 350 B, BA, BB, B1, B2, B3 and D helicopters, all S/N; and if equipped with RH (right hand) cabin vibrator damper blades, all P/N, and with an automatic flight control system, all design standards."
157b8d12-c115-446e-a4dc-d12077751fe2,d88e2641-dd39-4814-9f04-682a3c823bff,A101,65,DGAC AD F-2005-158,Tail Rotor Drive - Tail Rotor Drive Shaft,MOD*,01-Oct-2005,DGCA/AS350 SERIES/101,,,0:00,,Eurocopter AS 350 B3 and EC 130 B4 helicopters.
157b8d12-c115-446e-a4dc-d12077751fe2,d88e2641-dd39-4814-9f04-682a3c823bff,A102,67,EASA AD 2006-0055-E/ ASB 05.00.51,Rotor Flight Controls - Main Servo-Controls,MOD,01-Mar-2006,DGCA/AS350 SERIES/102,,,0:00,,"AS 350 B, BA, BB, B1, B2, B3 and D, and AS 355 E helicopters, equipped with main servo-controls, all part numbers, not modified per MOD 073343, and on which the tightening torque of the nut that secures the upper ball-end has been increased."
157b8d12-c115-446e-a4dc-d12077751fe2,d88e2641-dd39-4814-9f04-682a3c823bff,A103,76,EASA AD 2012-0252,Engine Controls - Twist Grip Assembly - Adjustment / Functional Check / Replacement,MOD*,28-Nov-2012,DGCA/AS350 SERIES/103 Rev 2,,,0:00,,"AS 350 B3 helicopters, all serial numbers, if equipped with the ARRIEL 2B engines."
157b8d12-c115-446e-a4dc-d12077751fe2,d88e2641-dd39-4814-9f04-682a3c823bff,A104,35,EASA AD 2006-0261-E,Oxygen - Oxygen Reserve Cylinders - Removal/Emptying,MOD,25-Sep-2006,DGCA/AS350 SERIES/104,,,0:00,,"Oxygen Reserve Cylinders having Part Number (P/N) GLF(XXX)-(X), GLD(XXX)-(X), PC2300 and SLF300, which are known to be installed on, but not limited to Pilatus aircraft; Eurocopter SA 315 B and AS 350 B3 helicopters; and Hindustan Aeronautics Limited helicopters."
157b8d12-c115-446e-a4dc-d12077751fe2,d88e2641-dd39-4814-9f04-682a3c823bff,A105,1,EASA AD 2008-0214-E/ ASB 01.00.59,Equipment & Furnishing - Emergency Flotation Gear - Inspection / Limitation / Replacement,MOD,10-Dec-2008,DGCA/AS350 SERIES/105,,,0:00,,"Eurocopter AS350 B, BA and D helicopters, all serial numbers equipped with the emergency flotation gear installation."
157b8d12-c115-446e-a4dc-d12077751fe2,d88e2641-dd39-4814-9f04-682a3c823bff,A106,25,EASA AD 2010-0014,Equipment and Furnishings - Hoist Operator's Belt Snap Hook - Replacement / Modification,MOD,09-Feb-2010,DGCA/AS350 SERIES/106R1,,,0:00,,"Eurocopter AS 350 B, BA, BB, B1, B2, B3 and D, before embodiment of MOD 073299."
157b8d12-c115-446e-a4dc-d12077751fe2,d88e2641-dd39-4814-9f04-682a3c823bff,A107,24,EASA AD 2006-0337/ ASB 01.00.57 R1,Electrical Power - Starting - Starter Generator Limitations,MOD,17-Nov-2006,DGCA/AS350 SERIES/107,,,0:00,,Eurocopter AS 350 B3 and EC 130 B4 helicopters fitted with APC 200 A starter generators (P/N 200SGL130Q) before embodiment of MOD 073345.
157b8d12-c115-446e-a4dc-d12077751fe2,d88e2641-dd39-4814-9f04-682a3c823bff,A108,67,EASA AD 2006-0363-E/ ASB 67.00.39,Rotor Flight Controls - Load Compensator Lever - Check,MOD,04-Dec-2006,DGCA/AS350 SERIES/108,,,0:00,,"Eurocopter AS 350 B1 and AS 350 B2 helicopters, all serial numbers."
157b8d12-c115-446e-a4dc-d12077751fe2,d88e2641-dd39-4814-9f04-682a3c823bff,A109,67,EASA AD 2007-0099,Rotors Flight Control - Main & Tail Rotors Servo-Controls - Inspection/ Modification,MOD,25-Apr-2007,DGCA/AS350 SERIES/109,,,0:00,,"Eurocopter AS 350 B3, all s/n that are equipped with main and tail rotor GOODRICH servo-controls without the letter ""R"" marked in the inspection box of the servo-control identification plate, and whose P/N and S/N are listed in ASB."
157b8d12-c115-446e-a4dc-d12077751fe2,d88e2641-dd39-4814-9f04-682a3c823bff,A110,53,EASA EAD 2007-0139-E & ASB 53.00.37,Fuselage - Center cross-member under the cabin floor - Inspection / Modification,MOD,18-May-2007,DGCA/AS350 SERIES/110,,,0:00,,"Eurocopter AS350 B, BA, BB, B1, B2, B3 and D helicopters, all s/n delivered before Jan 1st, 2007 and equipped with a collective-to-yaw control coupling with or without an Automatic Flight Control System."
157b8d12-c115-446e-a4dc-d12077751fe2,d88e2641-dd39-4814-9f04-682a3c823bff,A111,67,EASA AD 2007-0141-E,Rotor Flight Controls - Main & Tail Rotors Servo-Controls - Inspection / Replacement.,MOD,23-May-2007,DGCA/AS350 SERIES/111,,,0:00,,"EUROCOPTER helicopters models: AS 350 B, BA, BB, B1, B2, B3 and D, all serial numbers, and equipped with GOODRICH main rotor servo-controls and tail rotor servo-controls with no letter ""C"" marked in the inspection box of the servo-control identification plate, and with P/N and S/N as listed in AD."
157b8d12-c115-446e-a4dc-d12077751fe2,d88e2641-dd39-4814-9f04-682a3c823bff,A112,67,EASA AD 2007-0289 & SB 67.00.16,Rotor flight controls - Collective lever recess - Modification.,MOD,03-Dec-2007,DGCA/AS350 SERIES/112,,,0:00,,"EUROCOPTER helicopters models AS 350 B, AS 350 B1, AS 350 D, AS 355 E, AS 355 F, AS 355 F1 and AS 355 F2, all pre MOD 071995."
157b8d12-c115-446e-a4dc-d12077751fe2,d88e2641-dd39-4814-9f04-682a3c823bff,A113,25,EASA AD 2008-0189/ ASB25.01.02,Equipment and Furnishings - Emergency Flotation Gear -Replacement,MOD,24-Oct-2008,DGCA/AS350 SERIES/113,,,0:00,,"All AS350 BA helicopters, all S/N fitted with emergency flotation gear including the container assemblies listed below: LH container assy P/N 158170/ P/N 158210-1. RH container assy P/N 158171/ P/N 158215-1."
157b8d12-c115-446e-a4dc-d12077751fe2,d88e2641-dd39-4814-9f04-682a3c823bff,A114,67,EASA AD 2009-0019/ ASB05.00.58,Rotors Flight Control - Collective Pitch Lever Locking Stud - Inspection / Repair,MOD,17-Feb-2009,DGCA/AS350 SERIES/114,,,0:00,,"All AS350 B, BA, BB, B1, B2, B3, D helicopters, Delivered before embodiment of modification 073175, or Helicopters on which the locking studs or the collective pitch levers or the locking strips have been reworked or modified in service, or Refer AD for helicopter S/N."
157b8d12-c115-446e-a4dc-d12077751fe2,d88e2641-dd39-4814-9f04-682a3c823bff,A115,80,EASA AD 2009-0027/ ASB80.00.07 Rev.1,Engine Starting - Starter-Generator Damping Assembly - Adjustment,MOD,04-Mar-2009,DGCA/AS350 SERIES/115,,,0:00,,"Eurocopter AS 350 B, BA, BB, B1, B2, B3 and EC 130 B4 helicopters, all S/N, if equipped with ARRIEL engines where Aircraft Parts Corporation (APC) starter generators with P/N 150SG122Q or P/N 200SGL130Q without ""004"" marking on their name plates are installed."
157b8d12-c115-446e-a4dc-d12077751fe2,d88e2641-dd39-4814-9f04-682a3c823bff,A116,5,EASA AD 2015-0132,Time Limits / Maintenance Checks - Airworthiness Limitations / Maintenance Requirements - Implementation,MOD,08-Jul-2015,DGCA/AS350 SERIES/116 Rev 2,,,0:00,,"AS 350 B, AS 350 BA, AS 350 BB, AS 350 D, AS 350 B1, AS 350 B2, AS 350 B3, EC 130 T2 and EC 130 B4 helicopters, all serial numbers."
157b8d12-c115-446e-a4dc-d12077751fe2,d88e2641-dd39-4814-9f04-682a3c823bff,A117,76,EASA AD 2017-0059,"Engine controls - Switches 53Ka, 53Kb and 65K - Inspection / Modification",MOD*,25-Oct-2017,DGCA/AS350 SERIES/117 R4,,,0:00,,"AS 350 B3 helicopters, all serial numbers, if equipped with a Turbomeca ARRIEL 2B1 engine incorporating the two-channel FADEC (modification (MOD) 073254) and embodying MOD 073261 (new twist grip), or if equipped with a Turbomeca ARRIEL 2D engine (MOD 074302). EC 130 B4 helicopters, all serial numbers, if equipped with a Turbomeca ARRIEL 2B1 engine incorporating the two-channel FADEC and embodying MOD 073773 (new twist grip). EC 130 T2 helicopters, all serial numbers, if equipped with a Turbomeca ARRIEL 2D engine."
157b8d12-c115-446e-a4dc-d12077751fe2,d88e2641-dd39-4814-9f04-682a3c823bff,A118,26,EASA AD 2009-0277 R1,Fire Protection - Portable Halon 1211 Fire Extinguishers - Identification / Replacement,MOD,11-Mar-2010,DGCA/AS350 SERIES/118 R1,,,0:00,,"Eurocopter AS 350 B, BA, B1, B2, B3, if equipped with P/N 863520-00 portable fire extinguishers, s/n as listed in L'Hotellier SB 863520-26-001."
157b8d12-c115-446e-a4dc-d12077751fe2,d88e2641-dd39-4814-9f04-682a3c823bff,A119,5,EASA AD 2010-0006,Time Limits / Maintenance Checks - Tail Rotor (TR) Pitch-Change Links - Inspection,MOD*,11-Mar-2010,DGCA/AS350 SERIES/119,,,0:00,,"Models AS 350 B3 and AS 350 D helicopters, all S/N, if equipped with TR pitch-change links having P/N 350A33-2100-00, 350A33-2100-01, 350A33-2100-02, 350A33-2100-03, 350A33-2100-04, 350A33-2121-00, 350A33-2121-01, 350A33-2121-02, 350A33-2143-00, 350A33-2145-00 or 350A33-2145-01."
157b8d12-c115-446e-a4dc-d12077751fe2,d88e2641-dd39-4814-9f04-682a3c823bff,A126,26,EASA AD 2012-0033 R1,Ata 26- Fire Protection-Fire Detection System -Modification,MOD,27-Feb-2012,DGCA/AS350 SERIES/126,,,0:00,,"AS 350 B2 helicopters, all serial numbers, if equipped with a Turbomeca ARRIEL 1D1 engine and incorporating Eurocopter modification (mod) 073273, except helicopters that incorporate mod 074346."
157b8d12-c115-446e-a4dc-d12077751fe2,d88e2641-dd39-4814-9f04-682a3c823bff,MM 318,63,EASA AD 2016-0020,ATA 63 - Rotor Drive - Main Gearbox Main and Bottom Casings - Inspection / Replacement,MOD*,22-Jan-2016,DGCA/AS350 SERIES/138,,,0:00,,"AS 350 B3 helicopters, all serial numbers,"
157b8d12-c115-446e-a4dc-d12077751fe2,d88e2641-dd39-4814-9f04-682a3c823bff,A138 Part A 1,63,EASA AD 2016-0020,Rotor Drive - Main Gearbox Main and Bottom Casings - Inspection / Replacement,MOD*,09-Aug-2016,DGCA/AS350 SERIES/138 Part A,,,0:00,,"Applicable to AS 350 B3 helicopters, all serial numbers, if equipped with main gearbox (MGB) main casing Part Number (P/N) 350A32-3156-21 (Fitted on assembly 350A32-3156-01), or P/N 350A32-3156-22 (Fitted on assembly 350A32-3156-02) or P/N 350A32-3121-04 or P/N 350A32-3121-06 or equipped with MGB bottom Casing (sump) P/N 350A32-3119-05."
157b8d12-c115-446e-a4dc-d12077751fe2,d88e2641-dd39-4814-9f04-682a3c823bff,A138 Part B,63,EASA AD 2016-0020,Rotor Drive - Main Gearbox Main and Bottom Casings - Inspection / Replacement,MOD,09-Aug-2016,DGCA/AS350 SERIES/138 Part B,,,0:00,,"AS 350 B3 helicopters, all serial numbers, if equipped with main gearbox (MGB) main casing Part Number (P/N) 350A32-3156-21 (Fitted on assembly 350A32-3156-01), or P/N 350A32-3156-22 (Fitted on assembly 350A32-3156-02) or P/N 350A32-3121-04 or P/N 350A32-3121-06 or equipped with MGB bottom Casing (sump) P/N 350A32-3119-05."
157b8d12-c115-446e-a4dc-d12077751fe2,d88e2641-dd39-4814-9f04-682a3c823bff,A138 Part C,63,EASA AD 2016-0020,Rotor Drive - Main Gearbox Main and Bottom Casings - Inspection / Replacement,MOD,09-Aug-2016,DGCA/AS350 SERIES/138 Part B,,,0:00,,"Applicable to AS 350 B3 helicopters, all serial numbers, if equipped with main gearbox (MGB) main casing Part Number (P/N) 350A32-3156-21 (Fitted on assembly 350A32-3156-01), or P/N 350A32-3156-22 (Fitted on assembly 350A32-3156-02) or P/N 350A32-3121-04 or P/N 350A32-3121-06 or equipped with MGB bottom Casing (sump) P/N 350A32-3119-05."
157b8d12-c115-446e-a4dc-d12077751fe2,d88e2641-dd39-4814-9f04-682a3c823bff,A140,63,EASA AD 2016-0260,Main Rotor Drive - NR Indicator - Check / Modification,MOD#,06-Mar-2017,DGCA/AS350 SERIES/140,,,0:00,,"This AD applies to AS 350 B2 helicopters, all serial numbers, if equipped with NR sensor Part Number 704A37614007, except helicopters modified in accordance with AH modification 350A084886.00."
157b8d12-c115-446e-a4dc-d12077751fe2,d88e2641-dd39-4814-9f04-682a3c823bff,A141,5,EASA AD 2017-0020-E,Tail Rotor - Pitch Rod - Inspection,MOD#,06-Mar-2017,DGCA/AS350 SERIES/141,,,0:00,,"This AD applies to AS 350 B, AS 350 BA, AS 350 BB, AS 350 B1, AS 350 B2, AS 350 B3, AS 355 E, AS 355 F, AS 355 F1, AS 355 F2, AS 355 N and AS 355 NP helicopters, all serial numbers, which embody modification (mod) 075601 or mod 076602."
157b8d12-c115-446e-a4dc-d12077751fe2,d88e2641-dd39-4814-9f04-682a3c823bff,A142,100,EASA AD 2017-0032,Main Rotor - Main Rotor Hub / Mast Attachment Screws - Inspection,MOD,06-Mar-2017,DGCA/AS350 Series/142,,,0:00,,"This AD applies to AS 350 B, BA, BB, B1, B2, B3 and D helicopters, all serial numbers"
157b8d12-c115-446e-a4dc-d12077751fe2,d88e2641-dd39-4814-9f04-682a3c823bff,MM 142,62,EASA AD 2017-0032,Main Rotor - Main Rotor Hub / Mast Attachment Screws - Inspection,MOD,03-Mar-2017,DGCA/AS350 Series/142,,,0:00,,"AS 350 B, BA, BB, B1, B2, B3 and D helicopters, all serial numbers, and AS 355 E, F, F1, F2, N and NP helicopters, all serial numbers, and EC 130 B4 and T2 helicopters, all serial numbers."
157b8d12-c115-446e-a4dc-d12077751fe2,d88e2641-dd39-4814-9f04-682a3c823bff,MM 144 R1,5,EASA AD: 2017-0020R1,ATA 05 - Tail Rotor - Pitch Rod - Inspection,MOD*,28-Jul-2019,DGCA/AS350 SERIES/144R1,,,0:00,,"AS 350 B, AS 350 BA, AS 350 BB, AS 350 B1, AS 350 B2, AS 350 B3, AS 355 E, AS 355 F, AS 355 F1, AS 355 F2, AS 355 N and AS 355 NP helicopters, all serial numbers, which embody modification (mod) 075601 or mod 076602."
157b8d12-c115-446e-a4dc-d12077751fe2,d88e2641-dd39-4814-9f04-682a3c823bff,MM 148,53,EASA AD: 2018-0152,ATA 53 - Fuselage - Main Gearbox Bracket Bolts - Inspection,MOD,21-Aug-2018,DGCA/AS350 Series/148,,,0:00,,"AS 350 B, AS 350 D, AS 350 B1, AS 350 B2, AS 350 BA, AS 350 BB, AS 350 B3, EC 130 B4, EC 130 T2, AS 355 E, AS355 F, AS355 F1, AS355 F2, AS355 N and AS355 NP helicopters, all serial numbers."
157b8d12-c115-446e-a4dc-d12077751fe2,d88e2641-dd39-4814-9f04-682a3c823bff,M 149,62,EASA AD 2018-0206,ATA 62 - Main Rotor - Mast Upper Bearing Sealant Bead / Inner Race Retaining Rings - Inspection,MOD,28-Sep-2018,DGCA/AS350 SERIES/149,,,0:00,,"AS 350 B, AS 350 BA, AS 350 BB, AS 350 B1, AS 350 B2, AS 350 B3 and AS 350 D helicopters, all serial numbers (s/n)."
157b8d12-c115-446e-a4dc-d12077751fe2,d88e2641-dd39-4814-9f04-682a3c823bff,MM 149,62,EASA AD 2018-0206,ATA 62 - Main Rotor - Mast Upper Bearing Sealant Bead / Inner Race Retaining Rings - Inspection,MOD,28-Sep-2018,DGCA/AS350 SERIES/149,,,0:00,,"AS 350 B, AS 350 BA, AS 350 BB, AS 350 B1, AS 350 B2, AS 350 B3 and AS 350 D helicopters, all serial numbers (s/n)."
157b8d12-c115-446e-a4dc-d12077751fe2,d88e2641-dd39-4814-9f04-682a3c823bff,M 149,62,EASA AD 2018-0206,ATA 62 - Main Rotor - Mast Upper Bearing Sealant Bead / Inner Race Retaining Rings - Inspection,MOD*,28-Sep-2018,DGCA/AS350 SERIES/149,,,0:00,,"AS 350 B, AS 350 BA, AS 350 BB, AS 350 B1, AS 350 B2, AS 350 B3 and AS 350 D helicopters, all serial numbers (s/n)."
157b8d12-c115-446e-a4dc-d12077751fe2,d88e2641-dd39-4814-9f04-682a3c823bff,MM 150,71,FAA AD 2018-18-12,"Joint Aircraft Service Component (JASC) Code: 7160, Engine Air Intake System.",MOD,27-Oct-2018,DGCA/AS350 SERIES/150,,,0:00,,"This AD applies to Model AS350B, AS350B1, AS350B2, AS350B3, and AS350BA helicopters, certificated in any category, with a Pall Aerospace Inlet Barrier Filter element part number CE01301F2 or CE01301F2B installed."
157b8d12-c115-446e-a4dc-d12077751fe2,d88e2641-dd39-4814-9f04-682a3c823bff,MM 151 R1,67,EASA AD: 2019-0060,ATA 67 - Rotors Flight Control - Tail Rotor Gearbox Actuating Rod - Inspection,MOD,20-Mar-2019,DGCA/AS350 SERIES/151 R1,,,0:00,,"AS 350 B, AS 350 BA, AS 350 BB, AS 350 B1, AS 350 B2, AS 350 B3 and AS 350 D helicopters, all serial numbers (s/n)."
157b8d12-c115-446e-a4dc-d12077751fe2,d88e2641-dd39-4814-9f04-682a3c823bff,MM 152-E,63,EASA AD: 2019-0225-E,ATA 63 - Main Rotor Drive - Main Gearbox Drive Shaft / Engine Coupling - Inspection,MOD,12-Sep-2019,DGCA/AS350 SERIES/152-E,,,0:00,,"AS 350 B3 helicopters, all serial numbers (s/n), if equipped with a SAFRAN Helicopter Engines (SAFRAN) ARRIEL 2D engine, having accumulated (on the effective date of this AD) less than 300 flight hours (FH) since first flight"
157b8d12-c115-446e-a4dc-d12077751fe2,d88e2641-dd39-4814-9f04-682a3c823bff,DGCA/AS350 SERIES/162,67,EASA AD No.: 2022-0077-E,ATA 67 - Rotors Flight Control - Flight Control Flexball Cables - Replacement,MOD,04-May-2022,DGCA/AS350 SERIES/162,,,0:00,,"AS 350 B, AS 350 B1, AS 350 B2, AS 350 B3, AS 350 BA, AS 350 BB and AS 350 D helicopters, all s/n."
157b8d12-c115-446e-a4dc-d12077751fe2,d88e2641-dd39-4814-9f04-682a3c823bff,MM 81R1,25,EASA AD 2019-0228,ATA 25 - Equipment / Furnishings - Electric Hoist Installation - Modification,MOD,23-Sep-2019,DGCA/AS350 SERIES/81 R1,,,0:00,,"AS 350 B, AS 350 BA, AS 350 BB, AS 350 B1, AS 350 B2, AS 350 B3 and AS 350 D helicopters, all serial numbers (S/N)."
157b8d12-c115-446e-a4dc-d12077751fe2,d88e2641-dd39-4814-9f04-682a3c823bff,A082,67,DGAC AD F-2003-002 R1/ ASB 67.00.24.,Rotor flight controls - Cyclic stick,MOD,28-Feb-2004,DGCA/AS350 SERIES/82,,,0:00,,"Eurocopter AS 350 helicopter versions B, BA, B1, B2, B3, BB and D, modified per MOD 070682 and before embodiment of MOD 073179."
157b8d12-c115-446e-a4dc-d12077751fe2,d88e2641-dd39-4814-9f04-682a3c823bff,A086,28,DGAC AD F-2004-033,Fuel - Fuel Bleed Lever,MOD,17-Mar-2004,DGCA/AS350 SERIES/86,,,0:00,,"Eurocopter AS 350 helicopter versions B, BA, BB, B1, B2, B3 and D, pre-MOD 073239."
157b8d12-c115-446e-a4dc-d12077751fe2,d88e2641-dd39-4814-9f04-682a3c823bff,A087,53,DGAC AD F-2004-035/ ASB 05.00.43R1,Fuselage - Rear Structure Junction Frame,MOD*,27-Mar-2004,DGCA/AS350 SERIES/87,,,0:00,,"Eurocopter AS 350 helicopter versions B, BA, BB, B1, B2, B3 and D, pre-MOD 073215, or not equipped with the four reinforcement angles, P/N 350A08. 2493.20/.21/.22/.23, following the repair carried out IAW MRM Work Card 53.10.22.772."
157b8d12-c115-446e-a4dc-d12077751fe2,d88e2641-dd39-4814-9f04-682a3c823bff,M 141,64,EASA AD 2017-0020-E,Tail Rotor - Pitch Rod - Inspection,MOD*,06-Mar-2017,DGCA/AS350 SERIES/141,,,0:00,,"This AD applies to AS 350 B, AS 350 BA, AS 350 BB, AS 350 B1, AS 350 B2, AS 350 B3, AS 355 E, AS 355 F, AS 355 F1, AS 355 F2, AS 355 N and AS 355 NP helicopters, all serial numbers, which embody modification (mod) 075601 or mod 076602."
157b8d12-c115-446e-a4dc-d12077751fe2,d88e2641-dd39-4814-9f04-682a3c823bff,A127,64,EASA AD 2013-0029 and SB 01.00.65,Rotorcraft Flight Manual - Section Limitations - Amendment Tail Rotor - Laminated Half-Bearings - Inspection / Replacement / Modification,MOD,13-Feb-2013,DGCA/AS350/127 Rev 2,,,0:00,,"AS 350 B3 helicopters, all serial numbers, if modified in production by incorporating Eurocopter modification (MOD) 07 5601, except those helicopters that have been modified by incorporating Eurocopter MOD 07 5606 in production."
157b8d12-c115-446e-a4dc-d12077751fe2,d88e2641-dd39-4814-9f04-682a3c823bff,A135R1,62,EASA AD 2014-0132 R1,Main Rotor - Rotating Star Swashplate - Inspection / Replacement,MOD*,08-Oct-2014,DGCA/AS350B3/135R1,,,0:00,,"AS 350 B, BA, BB, B1, B2, B3 and D helicopters, and AS 355 E, F, F1, F2, N and NP helicopters, and EC130 B4 and T2 helicopters, all serial numbers, if equipped with a swashplate assembly comprising a rotating star with Part Number (P/N) 350A371003-04, P/N 350A371003-05, P/N 350A371003-06, P/N 350A371003-07, or P/N 350A371003-08."
157b8d12-c115-446e-a4dc-d12077751fe2,d88e2641-dd39-4814-9f04-682a3c823bff,A143,62,EASA AD 2017-0089,Main Rotor - MR Mast Upper Bearing Lubrication / MR Mast Jet Oil Hose - Inspection,MOD,25-Oct-2017,DGCA/AS350SERIES/143,,,0:00,,"AS 350 B, AS 350 BA, AS 350 BB, AS 350 B1, AS 350 B2, AS 350 B3 and AS 350 D helicopters, AS 355 E, AS 355 F, AS 355 F1, AS 355 F2, AS 355 N and AS 355 NP helicopters, and EC 130 B4 and EC 130 T2 helicopters, all serial numbers."
157b8d12-c115-446e-a4dc-d12077751fe2,d88e2641-dd39-4814-9f04-682a3c823bff,A144,55,EASA AD 2017-0114,STABILIZERS - VERTICAL FIN - INSPECTION,MOD#,25-Oct-2017,DGCA/AS350SERIES/144,,,0:00,,"AS 355 E, AS 355 F, AS 355 F1, AS 355 F2, AS 355 N and AS 355 NP helicopters, all serial numbers, and AS 350 B3 helicopters, all serial numbers, except those that have embodied modification (MOD) 07.3148 in production, or AS350 Service Bulletin (SB) 55.00.14 (any revision) in service."
157b8d12-c115-446e-a4dc-d12077751fe2,d88e2641-dd39-4814-9f04-682a3c823bff,A145,24,EASA AD 2017-0109,ELECTRICAL POWER - STARTER GENERATOR AND BRUSHES - INSPECTION/REPLACEMENT,MOD,25-Oct-2017,DGCA/AS350SERIES/145,,,0:00,,"AS 350 B3 helicopters, all s/n, if equipped with ARRIEL 2B engine."
157b8d12-c115-446e-a4dc-d12077751fe2,d88e2641-dd39-4814-9f04-682a3c823bff,A146,24,EASA AD 2017-0143,- ELECTRICAL POWER - DIRECT CURRENT (OPTIONAL) SECOND BATTERY - REPLACEMENT,MOD#,25-Oct-2017,DGCA/AS350SERIES/146,,,0:00,,"AS 350 B, AS 350 B1, AS 350 B2, AS 350 B3, AS 350 BA, AS 350 BB and AS 350 D helicopters, if equipped with Very Cold Weather Starting Installation (second battery), except those that have embodied modification 074838 in production."
157b8d12-c115-446e-a4dc-d12077751fe2,d88e2641-dd39-4814-9f04-682a3c823bff,MM 146,24,EASA AD 2017-0143,Electrical Power - Direct Current (Optional) Second Battery - Replacement,MOD,08-Jul-2017,DGCA/AS350SERIES/146,,,0:00,,"AS 350 B, AS 350 B1, AS 350 B2, AS 350 B3, AS 350 BA, AS 350 BB and AS 350 D helicopters, if equipped with Very Cold Weather Starting Installation (second battery), except those that have embodied modification 074838 in production."
157b8d12-c115-446e-a4dc-d12077751fe2,d88e2641-dd39-4814-9f04-682a3c823bff,MM 147,67,CF-2017-37,Flight Controls - Restriction of directional control pedal movement,MOD,02-Jan-2018,DGCA/AS350SERIES/147,,,0:00,,"Litter kits part numbers (P/Ns) 350-200034 or 350-200194 (left-hand litter kit) or P/N 350-200144 (right-hand litter kit). These kits are eligible for installation on the following Airbus Helicopters models: AS 350 B, AS 350 BA, AS 350 B1, AS 350 B2, AS 350 B3, AS 350 D, AS 355 E, AS 355 F, AS 355 F1, AS 355 F2, AS 355 N, AS 355 NP"
157b8d12-c115-446e-a4dc-d12077751fe2,d88e2641-dd39-4814-9f04-682a3c823bff,MM 148,53,EASA AD 2018-0152,ATA 53 - Fuselage - Main Gearbox Bracket Bolts - Inspection,MOD*,21-Aug-2018,DGCA/AS350Series/148,,,0:00,,For all AS350 helicopter versions
157b8d12-c115-446e-a4dc-d12077751fe2,d88e2641-dd39-4814-9f04-682a3c823bff,MM 157 R1,25,EASA AD 2021-0023,Equipment / Furnishings - Cyclic Stick Grip UP/DOWN Hoist Control Switch - Modification.,MOD,12-Feb-2021,DGCA/AS350SERIES/157 R1,,,0:00,,"AS 350 B, AS 350 BA, AS 350 B1, AS 350 B2 and AS 350 D helicopters, all serial numbers (s/n), except those that have embodied AH modification (MOD) MC20096; and AS 355 E, AS 355 F, AS 355 F1 and AS 355 F2 helicopters, all s/n, except those that have embodied MOD MC20096."
157b8d12-c115-446e-a4dc-d12077751fe2,d88e2641-dd39-4814-9f04-682a3c823bff,M152,25,EASA AD 2013-0020R4,Equipment & Furnishings - Safety Belts / Torso Restraint Systems - Inspection / Replacement,MIS,11-Jul-2014,DGCA/New Misc/ 152 Rev 5,,,0:00,,"All P/N of safety belts and torso restraint systems installed on any aircraft where dynamically tested seats are required IAW airworthiness requirements like the European Certification Specifications (CS), or JAR/FAR, para 23.562, 25.562, 27.562 and 29.562, if safety belts and torso restraint systems have been maintained or repaired after 28 Sept 2003 by maintenance organizations not holding the applicable maintn data of the relevant approval holders, unless they are marked with European Parts Approval (EPA)."
157b8d12-c115-446e-a4dc-d12077751fe2,d88e2641-dd39-4814-9f04-682a3c823bff,M001,100,"DGCA Let.No.77-5/69-A1(I), Dt.24/5/1969",MPI of Undercarriage Bolts of Aricultural Aircraft,MIS,24-May-1969,DGCA/New Misc/01,,,0:00,,Applicable to agricultural aircraft.
157b8d12-c115-446e-a4dc-d12077751fe2,d88e2641-dd39-4814-9f04-682a3c823bff,M101,34,FAA AD 2007-14-06,Air Transport Association of America (ATA) Code 34: Navigation.,MIS#,16-Aug-2007,DGCA/New Misc/101,,,0:00,,"Honeywell CAS67A ACAS II systems installed, Had Supplemental Type Certificate No. SA1310 installed prior to January 31, 2005,certificated in any category"
157b8d12-c115-446e-a4dc-d12077751fe2,d88e2641-dd39-4814-9f04-682a3c823bff,M107,21,EASA AD 2008-0140 R4,Air Conditioning - Zonal Drying System Deactivation,MIS,16-Oct-2008,DGCA/New Misc/107 R4,,,0:00,,"CTT Systems AB Zonal Drying System known to be installed in, but not limited to Airbus, Boeing, Bombardier & McDonnell Douglas series aeroplanes."
157b8d12-c115-446e-a4dc-d12077751fe2,d88e2641-dd39-4814-9f04-682a3c823bff,M108,100,EASA AD 2008-22-01,"To prevent the potential of ignition sources inside fuel tanks, which, in combination with flammable fuel vapors, could result in fuel tank explosions and consequent loss of the airplane.",MIS,26-Nov-2008,DGCA/New Misc/108,,,0:00,,Transport Category Airplanes equipped with auxiliary fuel tanks installed iaw specified STC (Boeing Model).
157b8d12-c115-446e-a4dc-d12077751fe2,d88e2641-dd39-4814-9f04-682a3c823bff,M111,23,EASA AD 2006-0334R1,Communications - Thales Communications VHF Data Radio - Modification,MIS,19-Mar-2009,DGCA/New Misc/111,,,0:00,,"Thales VHF Data Radio,P/N: EVR716-11-0300A, EVR716-11-0350A EVR716-01-0100A, EVR716-01-0200A EVR750-03-0100A known to be installed on but not limited to Bombardier, Airbus and Boeing aircraft."
157b8d12-c115-446e-a4dc-d12077751fe2,d88e2641-dd39-4814-9f04-682a3c823bff,M113,25,FAR PART 121.311,Implementation of Federal Aviation Administration (FAA) Regarding crashworthiness Standard for Passenger Operations,MIS,23-Jul-2009,DGCA/New Misc/113 Rev.1,,,0:00,,Transport Category Airplanes
157b8d12-c115-446e-a4dc-d12077751fe2,d88e2641-dd39-4814-9f04-682a3c823bff,M116,34,EASA AD 2009-0200,Navigation - Mode A/C Transponder - Check/ Replacement,MIS,22-Sep-2009,DGCA/New Misc/116,,,0:00,,"Narco Avionics Inc. AT-150 Mode A/C transponder, all P/N, all S/N known to be installed on, but not limited to aircraft certified under CS23/ by EU member states prior to 28-09-03."
157b8d12-c115-446e-a4dc-d12077751fe2,d88e2641-dd39-4814-9f04-682a3c823bff,M118,35,FAA AD 2009-21-10 R1,"To Prevent An Oxgen Cylinder from Rupturing, Which Depending on the Location Could REsult in Structural Damage & Rapid Decompression Of the Airplane",MIS,04-Feb-2010,DGCA/New Misc/118 Rev.1,,,0:00,,"AVOX Systems and B/E Aerospace oxygen cylinder assemblies, approved under United States Department of Transportation Regulations for Type 3HT cylinders, identified in Table 1 of this AD."
157b8d12-c115-446e-a4dc-d12077751fe2,d88e2641-dd39-4814-9f04-682a3c823bff,M121,23,TC AD CF-2009-44,Emergency Locator Transmitter - Potential Failure To Transmit The Required 406MHz Coded Signal,MIS,17-Feb-2010,DGCA/New Misc/121,,,0:00,,Honeywell ASCa. Inc Emergency Locator Transmitter (ELT) Model RESCU 406S with P/N and S/N as listed in AD.
157b8d12-c115-446e-a4dc-d12077751fe2,d88e2641-dd39-4814-9f04-682a3c823bff,M122,34,EASA AD 2010-0003 R1,Navigation - Mode S Transponder Aircraft Type Mode Strapping - Check / Modification,MIS,18-Feb-2010,DGCA/New Misc/122,,,0:00,,"Rockwell Collins Mode S Transponders identified by type & P/N as follows. TDR-94:622-9352-008, 622-9352-108, 622-9352-308 & 622-9352-408. TDR-94D:622-9210-008, 622-9210-108, 622-9210-308 & 622-9210-408."
157b8d12-c115-446e-a4dc-d12077751fe2,d88e2641-dd39-4814-9f04-682a3c823bff,M123,72,FAA AD 2010-07-08,"To prevent separation or seizure of the turbocharger turbine, which could result in full or partial engine power loss, loss of engine oil, and smoke in the airplane cabin.",MIS,19-Apr-2010,DGCA/New Misc/123,,,0:00,,"Kelly Aerospace Energy Systems, LLC (KAES) rebuilt turbochargers listed by part number (P/N) in the Table 1 of this AD. The affected S/Ns are listed in Table III of Kelly Aerospace Energy Systems, LLC SB No. 039 A, dated Feb 10, 2010."
157b8d12-c115-446e-a4dc-d12077751fe2,d88e2641-dd39-4814-9f04-682a3c823bff,M124,35,FAA AD 2010-11-05,Oxygen Cylinder - Inspection/ Replacement - To prevent an oxygen cylinder from rupturing,MIS,06-Jul-2010,DGCA/New Misc/124,,,0:00,,"Oxygen cylinders with a capacity of 114/115 cubic feet, approved under United States Department of Transportation Regulations for Type 3HT cylinders, identified in Table 1 of AD. The affected oxygen cylinders may be installed as a component of, but not limited to, the AVOX Systems Inc. and B/E Aerospace cylinder assemblies listed in Table 2 of AD."
157b8d12-c115-446e-a4dc-d12077751fe2,d88e2641-dd39-4814-9f04-682a3c823bff,M125,61,FAA AD 2010-13-10,"To prevent loss of propeller pitch control, damage to the propeller governor, and internal damage to the engine, which could prevent continued safe flight or safe landing.",MIS,05-Aug-2010,DGCA/New Misc/125,,,0:00,,"Ontic Engineering and Manufacturing, Inc. propeller governors, part numbers (P/Ns) C210776, T210761, D210760, and J210761, as listed by serial number on pages 3 and 4 of Ontic Engineering and Manufacturing SB-DES-353, Rev. A."
157b8d12-c115-446e-a4dc-d12077751fe2,d88e2641-dd39-4814-9f04-682a3c823bff,M126,23,EASA AD 2010-0186,Communication - Very High Frequency (VHF/AM) Transceiver - Modification,MIS,22-Sep-2010,DGCA/New Misc/126,,,0:00,,"Dittel FSG 2T VHF/AM Airband Transceivers, P/N F10350, serial numbers (s/n) 35(X)-05100 through 35(X)-06462 inclusive, except units marked with Mod-Index: SB 1.06, and s/n 353-05172, 353-5189, 355-05557, 355-05696 and 356-05828."
157b8d12-c115-446e-a4dc-d12077751fe2,d88e2641-dd39-4814-9f04-682a3c823bff,M126,23,EASA AD 2010-0186,Communication - Very High Frequency (VHF/AM) Transceiver - Modification,MIS,08-Sep-2010,DGCA/New Misc/126,,,0:00,,"Dittel FSG 2T VHF/AM Airband Transceivers, Part Number (P/N) F10350, serial numbers (s/n) 35(X)-05100 through 35(X)-06462 inclusive, except units marked with Mod-Index: SB 1.06, and s/n 353-05172, 353-05189, 355-05557, 355-05696 and 356-05828."
157b8d12-c115-446e-a4dc-d12077751fe2,d88e2641-dd39-4814-9f04-682a3c823bff,M127,34,EASA AD 2010-0204 (Correction:07-Jun-2011),Navigation Systems - Mode-S Transponder - Modification / Replacement,MIS,06-Oct-2010,DGCA/New Misc/127 R1,,,0:00,,"Rockwell Collins Mode S Transponders identified by type TDR-94/TDR-94D and Part Number as listed in AD, when installed in combination with certain Rockwell Collins ADC as specified below, and the Rockwell Collins Commercial Standard Digital Bus (CSDB) databus is being used to transfer altitude information between the ADC and the transponder."
157b8d12-c115-446e-a4dc-d12077751fe2,d88e2641-dd39-4814-9f04-682a3c823bff,M127,34,EASA AD 2010-0204 [Correction: 07 June 2011],Navigation Systems - Mode-S Transponder - Modification / Replacement,MIS,20-Oct-2010,DGCA/New Misc/127 R1,,,0:00,,"Rockwell Collins Mode S Transponders identified by type TDR-94/TDR-94D and Part Number (P/N) as listed in AD, when installed in combination with certain Rockwell Collins ADC as specified in AD, and the Rockwell Collins CSDB databus is being used to transfer altitude information between the ADC and the transponder(s)."
157b8d12-c115-446e-a4dc-d12077751fe2,d88e2641-dd39-4814-9f04-682a3c823bff,M128,27,EASA AD 2010-0233,Flight Controls - Turnbuckles - Inspection,MIS,10-Dec-2010,DGCA/New Misc/128,,,0:00,,"CAP10B and CAP10B with Major Change 000302 (commercial name CAP10C), all serial numbers."
157b8d12-c115-446e-a4dc-d12077751fe2,d88e2641-dd39-4814-9f04-682a3c823bff,M129,35,FAA AD 2011-01-09,Air Transport Association (ATA) of America Code 35: Oxygen.,MIS,09-Feb-2011,DGCA/New Misc/129,,,0:00,,"B/E Aerospace protective breathing equipment (PBE) units having P/N 119003-11. These PBE units may be installed on (or carried or stowed on board), but not limited to, various transport category airplanes, certificated in any category, identified in but not limited to the airplanes as specified in Table 1 of this AD."
157b8d12-c115-446e-a4dc-d12077751fe2,d88e2641-dd39-4814-9f04-682a3c823bff,M130,35,FAA AD 2012-11-09 R1,"""Joint Aircraft System Component (JASC)/Air Transport Association (ATA) Of America Code 35 Oxygen""..",MIS,18-Aug-2015,DGCA/New Misc/130 Rev 3,,,0:00,,"Transport category airplanes in compliance with the requirements of AD 2011-04-09,equipped with any chemical oxygen generator installed in any lavatory operating under 14 CFR part 129, with a maximum passenger capacity of 20 or greater."
157b8d12-c115-446e-a4dc-d12077751fe2,d88e2641-dd39-4814-9f04-682a3c823bff,M130,35,FAA AD 2012-11-09,"Air Transport Association (ATA) of America Code 35, Oxygen.",MIS,26-Jul-2012,DGCA/New Misc/130R2,,,0:00,,"Transport category airplanes, in passenger-carrying operations, that are equipped with any chemical oxygen generator installed in any lavatory."
157b8d12-c115-446e-a4dc-d12077751fe2,d88e2641-dd39-4814-9f04-682a3c823bff,M131,34,EASA AD 2011-0043,Navigation Systems - Mode-S Transponder Control Panels - Modification,MIS,30-Mar-2011,DGCA/New Misc/131,,,0:00,,"Airbus, BAE Systems, Boeing, Fokker, Lockheed, McDonnell Douglas, Sabreliner Corporation models, all serial numbers, if equipped with Gables Engineering type G7490, G7492 or G7493 series ATC/TCAS Control Panels."
157b8d12-c115-446e-a4dc-d12077751fe2,d88e2641-dd39-4814-9f04-682a3c823bff,M132,35,EASA AD 2011-0090R1,Oxygen - Oxygen Mask Regulator Inflatable Harness - Identification / Replacement,MIS,27-Jul-2011,DGCA/New Misc/132,,,0:00,,"Flight Crew Oxygen Masks Regulators, Manufactured by Intertechnique (part of Zodiac Aerospace), EROS, all Part Number (P/N) MA10, MC10, MC20, MF10, MF20, MLC20, MLD20, MRA005, MRA022 and MRA023 series. Note: The affected batches were installed on harnesses manufactured between Dec 2008 and Aug 2010."
157b8d12-c115-446e-a4dc-d12077751fe2,d88e2641-dd39-4814-9f04-682a3c823bff,M132,35,EASA AD 2011-0090R1,Oxygen - Oxygen Mask Regulator Inflatable Harness - Identification / Replacement,MIS,27-Jul-2011,DGCA/New Misc/132 R1,,,0:00,,"Flight Crew Oxygen Masks Regulators, Manufactured by Intertechnique (part of Zodiac Aerospace), EROS, all Part Number (P/N) MA10, MC10, MC20, MF10, MF20, MLC20, MLD20, MRA005, MRA022 and MRA023 series. Note: The affected batches were installed on harnesses manufactured between Dec 2008 and Aug 2010."
157b8d12-c115-446e-a4dc-d12077751fe2,d88e2641-dd39-4814-9f04-682a3c823bff,M132,35,EASA AD 2011-0090R1,Oxygen - Oxygen Mask Regulator Inflatable Harness - Identification / Replacement,MIS,09-Aug-2011,DGCA/New Misc/132 Rev 1,,,0:00,,"Flight Crew Oxygen Masks Regulators, Manufactured by Intertechnique (part of Zodiac Aerospace), EROS, all Part Number (P/N) MA10, MC10, MC20, MF10, MF20, MLC20, MLD20, MRA005, MRA022 and MRA023 series. Note: The affected batches were installed on harnesses manufactured between Dec 2008 and Aug 2010."
157b8d12-c115-446e-a4dc-d12077751fe2,d88e2641-dd39-4814-9f04-682a3c823bff,M132,35,EASA AD 2011-0090R1,Oxygen - Oxygen Mask Regulator Inflatable Harness - Identification / Replacement,MIS,27-Jul-2011,DGCA/New Misc/132R1,,,0:00,,"Flight Crew Oxygen Masks Regulators, Manufactured by Intertechnique (part of Zodiac Aerospace), EROS, all Part Number (P/N) MA10, MC10, MC20, MF10, MF20, MLC20, MLD20, MRA005, MRA022 and MRA023 series. Note: The affected batches were installed on harnesses manufactured between Dec 2008 and Aug 2010."
157b8d12-c115-446e-a4dc-d12077751fe2,d88e2641-dd39-4814-9f04-682a3c823bff,M133,25,EASA AD 2011-0094,Equipment and Furnishing - Life Jacket Vacuum Bag - Modification,MIS,06-Jun-2011,DGCA/New Misc/133,,,0:00,,"Life Jackets for Infant - Small Child, manufactured by Aerazur, Part Number (P/N) 216200-0, P/N 216203-0 and P/N 216204-0, having serial numbers (s/n) 28366 through 30739 inclusive."
157b8d12-c115-446e-a4dc-d12077751fe2,d88e2641-dd39-4814-9f04-682a3c823bff,M134,25,EASA AD 2011-0103,Equipment / Furnishings - Emergency Locator Transmitter (ELT) Antenna - Modification / Replacement,MIS*,03-Jun-2011,DGCA/New Misc/134,,,0:00,,"Tri-Band ELT antennas, Manuafctured by Chelton Limited (trading as Cobham Antenna Systems), Part Number (P/N) 21-41 ( ) series, all serial numbers (s/n) up to 12999 inclusive. Chelton P/N 21-41 ( ) series antennas installed in combination with the ELT Model ARTEX C406-N HM, P/N 453-5061/C406-N, P/N 453-5060 are not affected by this AD."
157b8d12-c115-446e-a4dc-d12077751fe2,d88e2641-dd39-4814-9f04-682a3c823bff,M134,25,EASA AD 2011-0103,Equipment / Furnishings - Emergency Locator Transmitter (ELT) Antenna - Modification / Replacement,MIS*,30-Jun-2011,DGCA/New Misc/134,,,0:00,,"Tri-Band ELT antennas, Manuafctured by Chelton Limited (trading as Cobham Antenna Systems), Part Number (P/N) 21-41 ( ) series, all serial numbers (s/n) up to 12999 inclusive. Chelton P/N 21-41 ( ) series antennas installed in combination with the ELT Model ARTEX C406-N HM, P/N 453-5061/C406-N, P/N 453-5060 are not affected by this AD."
157b8d12-c115-446e-a4dc-d12077751fe2,d88e2641-dd39-4814-9f04-682a3c823bff,M135,25,EASA AD 2011-0098,Equipment & Furnishings - Passenger Seat - Replacement,MIS,01-Aug-2011,DGCA/New Misc/135,,,0:00,,"Airbus, The Boeing Company (for DC-9, MD-11, MD-88 and MD-90 Series, formerly McDonnell Douglas Corporation), Fokker aeroplane types and models, all serial numbers, if equipped with any passenger seats manufactured by Koito Industries, including all seats modified by third party after the initial delivery."
157b8d12-c115-446e-a4dc-d12077751fe2,d88e2641-dd39-4814-9f04-682a3c823bff,M136,26,FAA AD 2011-11-04,"The Joint Aircraft System/Component (JASC) Code is 2622: Fire Bottle, Portable.",MIS,17-Jun-2011,DGCA/New Misc/136,,,0:00,,"Portable Halon 1211 fire extinguisher, part number 863520-00, with a serial number listed in Table 1 of this AD, installed on various model helicopters including Eurocopter France Model EC120B; AS350B, BA, B1, B2, B3, and D; AS355E, F, F1, N, and NP; and SA341G or 342J helicopters, certificated in any category."
157b8d12-c115-446e-a4dc-d12077751fe2,d88e2641-dd39-4814-9f04-682a3c823bff,M137,35,FAA AD 2011-14-08,Air Transport Association (ATA) of America Code 35: Oxygen,MIS,19-Aug-2011,DGCA/New Misc/137,,,0:00,,"B/E Aerospace, Continuous Flow Passenger Oxygen Mask Assembly; P/N 174006-( ), 174080-( ), 174085-( ), 174095-( ), 174097-( ), and 174098-( ) as listed in B/E Aerospace SB 174080-35-04, Rev 000, dated Sept 6, 2010, that are installed on any aircraft except for those Boeing airplanes specified in the ADs referenced in para (b)(1), (b)(2), (b)(3), (b)(4), and (b)(5) of this AD."
157b8d12-c115-446e-a4dc-d12077751fe2,d88e2641-dd39-4814-9f04-682a3c823bff,M138,25,FAA AD 2012-08-07,Air Transport Association (ATA) of America Code 25: Equipment/ Furnishings.,MIS*,04-Jun-2012,DGCA/New Misc/138 R1,,,0:00,,"Sicma Aero Seat Model 9401, 9402, 9404, 9505, 9406, 9407, 9408, and 9409 series passenger seat assemblies, all part numbers, except front row and aft facing seats, and those modified to ''Amendment B'' standard."
157b8d12-c115-446e-a4dc-d12077751fe2,d88e2641-dd39-4814-9f04-682a3c823bff,M138,25,FAA AD 2012-08-07,"To detect and correct cracking of the central and lateral spreaders, which could lead to further cracking of the seat spreaders, causing injury to passengers or crew members during heavy turbulence in flight or in the event of an emergency landing.",MIS,04-Jun-2012,DGCA/New Misc/138 Rev.1,,,0:00,,"This AD applies to Sicma Aero Seat Model 9401, 9402, 9404,9505, 9406, 9407, 9408, and9409 series passenger seat assemblies, all P/N, except front row and aft facing seats, and those modified to ''Amendment B'' standard. These passenger seat assemblies are installed on,but not limited to, ATR-GIE Avions de Transport Régional Model ATR42-200, -300, -320,and -500 airplanes and Model ATR72-101, -201, 102,-202,-211, -212, and -212A airplanes"
157b8d12-c115-446e-a4dc-d12077751fe2,d88e2641-dd39-4814-9f04-682a3c823bff,M139,31,EASA AD 2011-0239,ATA-34-Navigation- Radio Altimeter Indicator-Modification,MIS,05-Jan-2012,DGCA/New Misc/139,,,0:00,,"Radio altimeter indicator IND201, P/N 102-2100, all serial numbers.The affected radio altimeter indicators are known to be installed on, but not limited to, Eurocopter (formerly Eurocopter France, Aerospatiale)EC 120 B, AS 350 B2, AS 350B3 and AS 355 NP helicopters.It is also possible that the radio altimeter indicator is installed on fixed."
157b8d12-c115-446e-a4dc-d12077751fe2,d88e2641-dd39-4814-9f04-682a3c823bff,M139,31,EASA AD 2011-0239,Navigation- Radio Altimeter Indicator- Modification,MIS,29-Dec-2011,DGCA/New Misc/139,,,0:00,,"Radio altimeter indicator IND201, P/N 102-2100, all serial numbers.The affected radio altimeter indicators are known to be installed on, but not limited to, Eurocopter (formerly Eurocopter France, Aerospatiale) EC 120 B, AS 350 B2, AS 350 B3 and AS 355 NP helicopters. It is also possible that the radio altimeter indicator is installed on fixed wing aircraft."
157b8d12-c115-446e-a4dc-d12077751fe2,d88e2641-dd39-4814-9f04-682a3c823bff,M140,25,FAA AD 2011-25-01,To install Placards to Aid in Locating and deploying Life rafts to Prevent Further Injury Or Loss Of Life In the Event Of a Helicopter Landing in the Water,MIS#,05-Jan-2011,DGCA/New Misc/140,,,0:00,,"The helicopter models, certificated in any category, with an Emergency Float Kit with a P/N and S/N, installed by a supplemental type certificate (STC), as follows:Kit P/N: 614.3001, Kit S/N: 80 &below Affected Helicopter Model: Bell 407, STC No:SR01535LA. Kit P/N: 614.3001, Kit S/N: 80 &below Affected Helicopter Model: Bell 407, STC Number :SR01535LA Kit P/N: 614.3003, Kit S/N: 133 &below Affected Helicopter Model: Bell 206L, L-1, L-3, and L-4, STC No :SR01535LA Kit P/N: 614.3007, Kit S/N: 014 &below Affected Helicopter Model: Bell 206A& B STC No : SR01535LA Kit P/N: 614.7601, Kit S/N: 45 &below Affected Helicopter Model: Bell 212, 412, STC Number : SR01779LA ."
157b8d12-c115-446e-a4dc-d12077751fe2,d88e2641-dd39-4814-9f04-682a3c823bff,M140,25,FAA AD 2011-25-01,"""To install Placards to Aid in Locating and deploying Life rafts to Prevent Further Injury Or Loss Of Life In the Event Of a Helicopter Landing in the Water""",MIS,30-Jan-2012,DGCA/New Misc/140,,,0:00,,"The helicopter models,certificated in any category,with an Emergency Float Kit with a P/N and S/N, installed by a supplemental type certificate (STC), as follows:Kit P/N: 614.3001, Kit S/N: 80 &below Affected Helicopter Model:Bell 407, STC Number:SR01535LA.Kit P/N: 614.3001, Kit S/N: 80 &below Affected Helicopter Model: Bell 407, STC Number :SR01535LA Kit P/N: 614.3003, Kit S/N: 133 &below Affected Helicopter Model:Bell 206L, L-1, L-3, and L-4, STC Number:SR01535LA Kit P/N:614.3007, Kit S/N: 014 & below. Etc. Refer AD."
157b8d12-c115-446e-a4dc-d12077751fe2,d88e2641-dd39-4814-9f04-682a3c823bff,M140,25,FAA AD 2011-25-01,"""To install Placards to Aid in Locating and deploying Life rafts to Prevent Further Injury Or Loss Of Life In the Event Of a Helicopter Landing in the Water""",MIS,05-Jan-2012,DGCA/New Misc/140,,,0:00,,"The helicopter models,certificated in any category, with an Emergency Float Kit with a P/N and S/N, installed by a supplemental type certificate(STC), as follows:Kit P/N: 614.3001, Kit S/N: 80 &below Affected Helicopter Model: Bell 407, STC Number :SR01535LA. Kit P/N: 614.3001, Kit S/N: 80 &below Affected Helicopter Model: Bell 407, STC Number :SR01535LA Kit P/N: 614.3003, Kit S/N: 133 &below Affected Helicopter Model: Bell 206L, L-1, L-3, and L-4, STC Number :SR01535LA Kit P/N: 614.3007, Kit S/N: 014 &below Affected Helicopter Model: Bell 206A& B STC Number : SR01535LA Kit P/N: 614.7601, Kit S/N: 45 &below Affected Helicopter Model: Bell 212, 412, STC Number : SR01779LA ."
157b8d12-c115-446e-a4dc-d12077751fe2,d88e2641-dd39-4814-9f04-682a3c823bff,M141,34,FAA 2012-02-08,"""To Prevent TCAS units from dropping tracks which could compromise separation of air traffic and lead to subsequent Mid Air Collisions"".",MIS,14-Mar-2012,DGCA/New Misc/141,,,0:00,,"AD applies to Aviation Communication & Surveillance Systems (ACSS) traffic alert and collision avoidance system (TCAS) units with part numbers identified in ACSS Technical Newsletter 8008359, Revision B, dated August 3, 2011, as installed on but not limited to various transport and small airplanes, certificated in any category"
157b8d12-c115-446e-a4dc-d12077751fe2,d88e2641-dd39-4814-9f04-682a3c823bff,M146,24,FAA AD 2012-14-15,"""To prevent misleading information during Localizer performance(LP), Localizer performance with Vertical guidance (LPV), or SBAS Lateral Navigation/ Vertical Navigation(LNAV/VNAV) approached due to software problem in Honeywell Wide Area Augmentation System(WASS) Global Navigation Satellite Sensor Unit (GNSSU)"".",MIS,07-Sep-2012,DGCA/New Misc/146,,,0:00,,"Model KGS200 Mercury2 wide area augmentation system (WAAS) global navigation satellite sensor units (GNSSU), Honeywell part numbers (P/N) 066-01201-0102 and 066-01201-0104."
157b8d12-c115-446e-a4dc-d12077751fe2,d88e2641-dd39-4814-9f04-682a3c823bff,M151,34,FAA AD 2012-26-15,"To Detect and correct inaccuraciec of the pressure sensor which could result in altitude, computed airspeed, true airspeed and mach computation errors.",MIS,29-Jan-2013,DGCA/New Misc/151,,,0:00,,"This AD applies to air data pressure transducers, as installed in air data computers (ADC), air data modules (ADM), air data attitude heading reference systems (ADAHRS), and digital air data computers (DADC) having the part numbers and serial numbers identified in Honeywell Alert Service Bulletin."
157b8d12-c115-446e-a4dc-d12077751fe2,d88e2641-dd39-4814-9f04-682a3c823bff,M154,25,EASA AD 2013-0106,Equipment / Furnishings - Varnish on Veneered Panels - Inspection / Re-furbishing,MIS,16-May-2013,DGCA/NEW MISC/154,,,0:00,,All modifications whose approval numbers are listed in Appendix 1 of this AD.
157b8d12-c115-446e-a4dc-d12077751fe2,d88e2641-dd39-4814-9f04-682a3c823bff,M154,25,EASA AD 2013-0106,Equipment / Furnishings - Varnish on Veneered Panels - Inspection / Re-furbishing,MIS,16-May-2013,DGCA/New Misc/154,,,0:00,,"All modifications whose approval numbers are listed in Appendix 1 of this AD. This AD applies to PILATUS Aircraft Ltd. Models PC-7 airplanes, serial numbers 101 through 618, certificated in any category."
157b8d12-c115-446e-a4dc-d12077751fe2,d88e2641-dd39-4814-9f04-682a3c823bff,M156,26,FAA AD 2013-09-11,"To Prevent the Brushes in the A/C Motor from wearing down, which could result in the Rivet in the Brush contacting the commutator causing sparks and consequent fire and or smoke in the tail cone with no means to detect or extinguish the fire and or smoke",MIS,07-Jun-2013,DGCA/New Misc/156,,,0:00,,"Cessna Model 500 and 501 airplanes, serial numbers (S/N) 0001 through 0689 inclusive"
157b8d12-c115-446e-a4dc-d12077751fe2,d88e2641-dd39-4814-9f04-682a3c823bff,M157,26,FAA AD 2013-11-04,To prevent the Failure of urethane seals to maintain sufficient halon concentration in the cargo compartments to extinguish or contain fire or smoke,MIS,12-Jun-2013,DGCA/New Misc/157,,,0:00,,"Model 747-100, 747-100B, 747-100B SUD, 747-200B, 747-200F, 747-300, 747-400, 747- 400D, 747-400F, 747SR, and 747SP series airplanes, as identified in Boeing Special Attention Service Bulletin 747-25-3381, Revision 1"
157b8d12-c115-446e-a4dc-d12077751fe2,d88e2641-dd39-4814-9f04-682a3c823bff,M016,1,FAA AD 90-09-08,Inspection of IPECO crew seats.,MIS*,29-May-1990,DGCA/New Misc/16,,,0:00,,Applicable to Boeing aircraft.
157b8d12-c115-446e-a4dc-d12077751fe2,d88e2641-dd39-4814-9f04-682a3c823bff,M161,34,FAA AD 2014-05-27,To correct possible misalignment issues with transponders that could result in increased pilot and air traffic controller workload as well reduced separation of Airplanes.,MIS*,07-Apr-2014,DGCA/New Misc/161,,,0:00,,"Applicable to Rockwell Collins, Inc. Mode S transponders"
157b8d12-c115-446e-a4dc-d12077751fe2,d88e2641-dd39-4814-9f04-682a3c823bff,M190,44,FAA AD 2017-04-06,"TO PREVENT DISPLAY OF MISLEADING ALTITUDE DATA, WHICH COULD RESULT IN INADVERTENT FLIGHT INTO TERRAIN",MIS#,25-Oct-2017,DGCA/New Misc/190,,,0:00,,"This AD applies to United Instruments, Inc. 5934 series altimeters that were manufactured between January 2015 and February 2016 and installed in airplanes and helicopters."
157b8d12-c115-446e-a4dc-d12077751fe2,d88e2641-dd39-4814-9f04-682a3c823bff,M191,21,FAA AD 2017-06-03,"TO DETECT AND CORRECT A HAZARDOUS CONDITION CAUSED BY DETERIORATION OF THE COMBUSTION HEATER, WHICH COULD LEAD TO IGNITION OF COMPONENTS AND RESULT IN SMOKE AND FUMES IN THE CABIN",MIS#,25-Oct-2017,DGCA/New Misc/191,,,0:00,,"This AD applies to Meggitt (Troy), Inc. (previously known as Stewart Warner South Wind Corporation and as Stewart Warner South Wind Division) Models (to include all dash number and model number variants) 921, 930, 937, 940, 944, 945, 977, 978, 979, 8240, 8253, 8259, and 8472 combustion heaters"
157b8d12-c115-446e-a4dc-d12077751fe2,d88e2641-dd39-4814-9f04-682a3c823bff,M192,25,FAA AD 2017-09-09,TO PREVENT SERIOUS INJURY TO THE OCCUPANT DURING FORWARD IMPACTS IN EMERGENCY LANDING CONDITIONS,MIS#,25-Oct-2017,DGCA/New Misc/192,,,0:00,,"This AD applies to Zodiac Seats California LLC seating systems having the model numbers and part numbers identified in table 1 to paragraphs (c), (g), (i), (j), and (k) of this AD,"
157b8d12-c115-446e-a4dc-d12077751fe2,d88e2641-dd39-4814-9f04-682a3c823bff,M193,34,FAA AD 2017-11-11,TO DEFINES THE UNSAFE CONDITION AS AN ADSB UNIT INCORRECTLY BROADCASTING A SOURCE INTEGRITY LEVEL (SIL) OF 3 INSTEAD OF ITS AUTHORIZED SIL OF 0. THIS CONDITION COULD RESULT IN THE UNIT COMMUNICATING UNRELIABLE POSITION INFORMATION TO AIR TRAFFIC CONTROL AND NEARBY AIRCRAFT AND A SUBSEQUENT AIRCRAFT COLLISION.,MIS#,25-Oct-2017,DGCA/New Misc/193,,,0:00,,"This AD applies to the following NavWorx, Inc., Automatic Dependent Surveillance-Broadcast (ADS-B) Universal Access Transceiver units (unit) installed on aircraft certificated in any category."
157b8d12-c115-446e-a4dc-d12077751fe2,d88e2641-dd39-4814-9f04-682a3c823bff,M194,25,FAA AD 2017-16-04,"THIS AD DEFINES THE UNSAFE CONDITION AS A BROKEN BUCKLE KNOB. THIS CONDITION COULD RESULT IN A RESTRAINT SYSTEM STRAP FAILING TO RELEASE FROM THE BUCKLE, PREVENTING OCCUPANTS FROM EXITING THE HELICOPTER DURING AN EMERGENCY",MIS#,25-Oct-2017,DGCA/New Misc/194,,,0:00,,"This AD applies to Romtex torso restraint systems (restraint systems) with a rotary buckle sub-assembly (buckle assembly) with a part number and serial number as listed in the Effectivity, paragraph 1.2, of Anjou Aero Service Bulletin No. 358SB-14-101"
157b8d12-c115-446e-a4dc-d12077751fe2,d88e2641-dd39-4814-9f04-682a3c823bff,M195,25,EASA AD 2017-0001,EQUIPMENT / FURNISHINGS - CABIN ATTENDANT SEAT - INSPECTION,MIS#,25-Oct-2017,DGCA/New Misc/195,,,0:00,,"Cabin Attendant Seats 536 series, Part Number (P/N) 53600, all dash numbers, all serial numbers."
157b8d12-c115-446e-a4dc-d12077751fe2,d88e2641-dd39-4814-9f04-682a3c823bff,M196,26,FAA AD 2017-19-05,"TO PREVENT FAILURE OF THE SMOKE DETECTOR, ON-BOARD UNCONTROLLED FIRE, AND DAMAGE TO THE AIRPLANE",MIS#,25-Oct-2017,DGCA/New Misc/196,,,0:00,,"This AD applies to Siemens S.A.S. smoke detectors, part numbers (P/Ns) PMC1102-02, PMC3100-00, and GMC1102-02, with serial numbers (S/Ns) listed in paragraph 1/D/ of Siemens Service Information Letter (SIL) No. PMC-26-002 R1."
157b8d12-c115-446e-a4dc-d12077751fe2,d88e2641-dd39-4814-9f04-682a3c823bff,M 229,26,EASA AD No.: 2020-0013,ATA 26 - Fire Protection - Hand-held Fire Extinguishers - Replacement,MIS,04-Feb-2020,DGCA/NEW MISC/229,,,0:00,,"AS 332 C, C1, L, L1 and L2, AS 365 N2 and N3, EC 155 B and B1, EC 175 B, EC 225 LP, SA 330 J, and SA 365 C1, C2, C3, N and N1 helicopters, all serial numbers (s/n)"
157b8d12-c115-446e-a4dc-d12077751fe2,d88e2641-dd39-4814-9f04-682a3c823bff,DGCA/NEW -MISC/238,34,FAA AD 2021-08-07,"Joint Aircraft System Component (JASC)/Air Transport Association (ATA) of America Code 3400, NAVIGATION SYSTEM.",MIS,26-Apr-2021,DGCA/NEW -MISC/238,,,0:00,,"This AD applies to Rockwell Collins, Inc. GPS-4000S Global Positioning System (GPS) part number (P/N) 822-2189-100 installed on airplanes, certificated in any category."
157b8d12-c115-446e-a4dc-d12077751fe2,d88e2641-dd39-4814-9f04-682a3c823bff,DGCA/NEW -MISC/239,34,FAA AD 2021-08-15,"Joint Aircraft System Component (JASC) Code 3445, AIR COLLISION AVOIDANCE SYSTEM (TCAS).",MIS,24-May-2021,DGCA/NEW -MISC/239,,,0:00,,"This AD applies to Garmin International GMN-00962 GTS processor units, part number 011-02571-0( ), with software version 3.13 or earlier, except software version 3.12.1, installed on airplanes certificated in any category. These units are marketed as the GTS 825, GTS 855, or GTS 8000."
157b8d12-c115-446e-a4dc-d12077751fe2,d88e2641-dd39-4814-9f04-682a3c823bff,M069,25,DGAC AD 2001-351(B) R1,Equipment; Babies Bassinets,MIS#,02-Mar-2005,DGCA/New Misc/69,,,0:00,,The Reference AD Cancelled by the DGAC Authority.
157b8d12-c115-446e-a4dc-d12077751fe2,d88e2641-dd39-4814-9f04-682a3c823bff,M070,100,FAA AD 2002-20-05,To prevent mounting bracket failure and seperation of the rescue hoistfrom the helicopter,MIS,07-Nov-2002,DGCA/New Misc/70,,,0:00,,"Breeze Eastern Aerospace rescue hoists series BL-16600, excluding BL-16600-160. These hoists are installed on, but not limited to Augusta A109, Bell 206, Bell 222, Bell 407 and Sikorsky S-61 helicopters."
157b8d12-c115-446e-a4dc-d12077751fe2,d88e2641-dd39-4814-9f04-682a3c823bff,M071,34,FAA AD 2010-07-02,To ensure that the flight crew has an accurate glide slope deviation indication.,MIS,11-May-2010,DGCA/New Misc/71 R2,,,0:00,,"To aircraft, certificated in any category, equipped with Honeywell Primus II RNZ-850( )/ -851( ) integrated navigation unit (INU) having a P/N in Table 1 of this AD."
157b8d12-c115-446e-a4dc-d12077751fe2,d88e2641-dd39-4814-9f04-682a3c823bff,M089,100,FAA AD 2006-04-04,To identify and provide correct action for potentially inoperative smoke detector,MIS,24-Mar-2006,DGCA/New Misc/89,,,0:00,,Meggitt Model 602 smoke detectors approved underTSO-C1C and having any P/N 8930-( ):Refer table-1 of this AD.
157b8d12-c115-446e-a4dc-d12077751fe2,d88e2641-dd39-4814-9f04-682a3c823bff,M169,25,FAA AD 2015-10-02,"TO DETECT AND CORRECT CRACKS IN THE BACKREST LINKS, WHICH COULD AFFECT THE STRUCTURAL INTEGRITY OF SEAT BACKRESTS. FAILURE OF THE BACKREST LINKS COULD RESULT IN INJURY TO AN OCCUPANT DURING EMERGENCY LANDING CONDITIONS",MIS#,06-Jun-2015,DGCA/NEW-MISC /169R1,,,0:00,,"This AD applies to Zodiac Seats France 9140, 9166, 9173, 9174, 9184, 9188, 9196, 91B7, 91B8, 91C0, 91C2, 91C4, 91C5, 91C9, 9301, and 9501 series passenger seat assemblies; identified in Annex 1, Issue 3, dated January 25, 2012, of Sicma Aero Seat Service Bulletin 90-25-012, Issue 6, dated January 25, 2012. These passenger seat assemblies are installed on, but not limited to, the airplanes identified in paragraphs (c)(1), (c)(2) and (c)(3) of this AD, certificated in any category. (1) Airbus Model A330-200, A330-200 Freighter, and A320-300 series airplanes. (2) Airbus Model A340-200, A340-300, A340-500, and A340-600 series airplanes. (3) The Boeing Company Model 777-200, 777-200LR, 777-300, 777-300ER, and 777F series airplanes."
157b8d12-c115-446e-a4dc-d12077751fe2,d88e2641-dd39-4814-9f04-682a3c823bff,M 227,25,EASA AD : 2019-0235,ATA 25 - Equipment / Furnishings - Emergency Locator Transmitter - Inspection / Modification / Replacement,MIS,30-Sep-2019,DGCA/New-Misc./227,,,0:00,,"Emergency locator transmitters (ELT) G406-4, C406-1, C406-1HM, C406-2, C406-2HM, C406-N and C406-NHM identified by Part Number (P/N) and serial number (s/n) in Appendix 1 of this AD."
157b8d12-c115-446e-a4dc-d12077751fe2,d88e2641-dd39-4814-9f04-682a3c823bff,M155,33,FAA AD 2013-10-01,Unsafe Condition as the search Light / Gimbal Disconnecting from the helicopter and remaining attached solely by the internal cable harness or separating totally.,MIS,04-Jun-2013,DGCA/New-Misc/ 155,,,0:00,,Spectrolab Nightsun XP Searchlight Assembly Systems with gimbal assembly part number (P/N) 033295-1 or 033295-2
157b8d12-c115-446e-a4dc-d12077751fe2,d88e2641-dd39-4814-9f04-682a3c823bff,M156,26,FAA AD 2013-09-11,"To Prevent the Brushes in the A/C Motor from wearing down, which could result in the Rivet in the Brush contacting the commutator causing sparks and consequent fire and or smoke in the tail cone with no means to detect or extinguish the fire and or smoke",MIS,07-Jun-2013,DGCA/New-Misc/ 156,,,0:00,,"Cessna Model 500 and 501 airplanes, serial numbers (S/N) 0001 through 0689 inclusive"
157b8d12-c115-446e-a4dc-d12077751fe2,d88e2641-dd39-4814-9f04-682a3c823bff,M157,26,FAA AD 2013-11-04,To prevent the failure of urethane seals to maintain sufficient halon concentration in the cargo compartments to extinguish or contain fire or smoke,MIS,20-Jun-2013,DGCA/New-Misc/ 157,,,0:00,,"Model 747-100, 747-100B, 747-100B SUD, 747-200B, 747-200F, 747-300, 747-400, 747- 400D, 747-400F, 747SR, and 747SP series airplanes, as identified in Boeing Special Attention Service Bulletin 747-25-3381, Revision 1"
157b8d12-c115-446e-a4dc-d12077751fe2,d88e2641-dd39-4814-9f04-682a3c823bff,M035,23,EASA AD 2006-0265 CN,ATA 34-CANCELLED:Navigation Systems -Mode S and C Transponders - Check,MIS*,13-May-2013,DGCA/New-Misc/ 35 Rev 1,,,0:00,,"Mode 'C' and Mode 'S' transponders, all types and models utilising Gilham code altitude input."
157b8d12-c115-446e-a4dc-d12077751fe2,d88e2641-dd39-4814-9f04-682a3c823bff,M001,5,"DGCA Let.No.77-5/69- A1(I), Dt.24/5/1969",Magnetic Particle Inspection of Undercarriage Bolts of Agricultural Aircraft,MIS#,24-May-1969,DGCA/New-Misc/01,,,0:00,,Applicable to agricultural aircraft.
157b8d12-c115-446e-a4dc-d12077751fe2,d88e2641-dd39-4814-9f04-682a3c823bff,M002,5,DGCA Let No.9-414AI(II),M-3 Type Generator Insp. of Support Lugs at Commutator Front End Housing for Cracks,MIS,24-May-1969,DGCA/New-Misc/02,,,0:00,,Applicable to M-3 Type generators
157b8d12-c115-446e-a4dc-d12077751fe2,d88e2641-dd39-4814-9f04-682a3c823bff,M002,100,"DGCA Let. NO. 9-414/AI(II), Dt.11/11/74",M-3 Type Generators Inspection Of Support Lug At Commutator Front End Housing For Cracks,MIS,11-Nov-1974,DGCA/New-Misc/02,,,0:00,,As in the letter
157b8d12-c115-446e-a4dc-d12077751fe2,d88e2641-dd39-4814-9f04-682a3c823bff,M003,11,FAA AD 74-08-09R2,"""No Smoking"" placard to be installed on lavatory door to prevent fires from smoking materials being dropped in to lavatory, paper or linen waste receptacles.",MIS,06-Aug-1974,DGCA/New-Misc/03 Rev.1,,,0:00,,"All transport category airplanes, certified in any category"
157b8d12-c115-446e-a4dc-d12077751fe2,d88e2641-dd39-4814-9f04-682a3c823bff,M003,11,FAA AD 74-8-9 R3,"""No Smoking"" placard to be installed on lavatory door to prevent fires from smoking materials being dropped in to lavatory paper orlenin awaste receptacles",MIS*,29-Jul-1996,DGCA/New-Misc/03 Rev.1,,,0:00,,"All transport category airplanes, certificated in any category, that have one or more lavatories equipped with paper or linen waste receptacles."
157b8d12-c115-446e-a4dc-d12077751fe2,d88e2641-dd39-4814-9f04-682a3c823bff,M004,31,"DGCA Let. NO. 4/26/73AI(I), Dt. 20/6/74","Installation of ""G"" Meter During Cloud Seeding Operations.",MIS,20-Jun-1974,DGCA/New-Misc/04,,,0:00,,As in letter
157b8d12-c115-446e-a4dc-d12077751fe2,d88e2641-dd39-4814-9f04-682a3c823bff,M004,31,DGCA let no. 4/26/73 AI,"Installation of ""G"" Meter During Cloud Seeding Operations",MIS,20-Jun-1974,DGCA/New-Misc/04,,,0:00,,Applicable to all aircraft modified for cloud seeding operations
157b8d12-c115-446e-a4dc-d12077751fe2,d88e2641-dd39-4814-9f04-682a3c823bff,M005,100,"DGCA Let. No.78/111/75AI(I), Dt. 23/3/77","Painting of helicopter engaged in agro operations with 'Day Glow paint""",MIS,23-Mar-1977,DGCA/New-Misc/05,,,0:00,,As in the letter.
157b8d12-c115-446e-a4dc-d12077751fe2,d88e2641-dd39-4814-9f04-682a3c823bff,M005,51,DGCA let no.78/111/75 AI,Painting of Helicopter Engaged in Agro Operations with 'Day Glow' Paint,MIS,23-Mar-1977,DGCA/New-Misc/05,,,0:00,,Applicable to helicopters
157b8d12-c115-446e-a4dc-d12077751fe2,d88e2641-dd39-4814-9f04-682a3c823bff,M006,23,"DGCA Let. No. 4-18/79AI(1), Dt 27-Feb. 1992",Frequency Tolerance Limit For Transmiters Rev.1,MIS,27-Feb-1992,DGCA/New-Misc/06,,,0:00,,Applicable to all HF and VHF equipment fitted on transport category aircraft.
157b8d12-c115-446e-a4dc-d12077751fe2,d88e2641-dd39-4814-9f04-682a3c823bff,M006,23,DGCA Letter No.4-18/79 AI(I),Frequency Tolerance Limit for Transmitter Rev.1,MIS,27-Feb-1992,DGCA/New-Misc/06,,,0:00,,Applicable to all HF and VHF equipment fitted on transport category aircraft.
157b8d12-c115-446e-a4dc-d12077751fe2,d88e2641-dd39-4814-9f04-682a3c823bff,M007,80,BENDIX SB. No 551 A& 566,"Improved Lubrication And Installation Of Modified Distributor Block In Bendix Scintilla ""S"" Type Magneto",MIS,21-Jun-2007,DGCA/New-Misc/07,,,0:00,,Applicable to Bendix Scintilla 'S' 200 & 'S' 1200 series magnetos.
157b8d12-c115-446e-a4dc-d12077751fe2,d88e2641-dd39-4814-9f04-682a3c823bff,M008,100,ISI SPEC. NO. IS653-1972,Identification Of Aircraft Pipelines,MIS,21-Jun-2007,DGCA/New-Misc/08,,,0:00,,Applicable to aircraft with AUW of 15000 Kg and above & type certificate after 1-5-76.
157b8d12-c115-446e-a4dc-d12077751fe2,d88e2641-dd39-4814-9f04-682a3c823bff,M009,100,Cancelled,Cancelled in view of DGCA/New Misc/84 vide letter no. 9-414/04 dated 06/10/05,MIS#,06-Oct-2005,DGCA/New-Misc/09,,,0:00,,Cancelled
157b8d12-c115-446e-a4dc-d12077751fe2,d88e2641-dd39-4814-9f04-682a3c823bff,M009,80,Cancelled,Cancelled in view of DGCA/New Misc/84 vide letter no. 9-414/04 dated 06/10/05,MIS#,06-Oct-2005,DGCA/New-Misc/09,,,0:00,,Cancelled in view of DGCA/New Misc/84 vide letter no. 9-414/04 dated 06/10/05
157b8d12-c115-446e-a4dc-d12077751fe2,d88e2641-dd39-4814-9f04-682a3c823bff,M009,1,Cancelled,Cancelled in view of DGCA/New Misc/84 vide letter no. 9-414/04 dated 06/10/05,MIS#,06-Oct-2005,DGCA/New-Misc/09,,,0:00,,Cancelled in view of DGCA/New Misc/84 vide letter no. 9-414/04 dated 06/10/05
157b8d12-c115-446e-a4dc-d12077751fe2,d88e2641-dd39-4814-9f04-682a3c823bff,M010,1,FAR PART 121.317b,"""FASTEN SEAT BELT WHILE SEATED"" sign or placard on each forword bulkhead and on each passenger seat back. 06-04-2000",MIS,21-Jun-2007,DGCA/New-Misc/10,,,0:00,,Passenger aircraft
157b8d12-c115-446e-a4dc-d12077751fe2,d88e2641-dd39-4814-9f04-682a3c823bff,M010,11,FAR PART 121.317(b),"""Fasten Seat Belt While Seated"" sign or playcard on each forward bulkhead and on each passenger seat back.",MIS,29-Jun-2007,DGCA/New-Misc/10,,,0:00,,PASSENGER AIRCRAFT
157b8d12-c115-446e-a4dc-d12077751fe2,d88e2641-dd39-4814-9f04-682a3c823bff,M100,100,FAA AD 2009-08-01,"To Prevent Shift In FMS Computed Position, Which Could Result in Uncommended Deviations From the Intended Flight Path Of The Airplane.",MIS,18-Apr-2007,DGCA/New-Misc/100,,,0:00,,All Honeywell NZ-2000 navigation computers and Honeywell IC-800 or IC-800E integrated avionics computers as installed on transport category airplanes.
157b8d12-c115-446e-a4dc-d12077751fe2,d88e2641-dd39-4814-9f04-682a3c823bff,M100,34,FAA AD 2009-08-01,"To prevent a shift in the FMS computed position, which could result in uncommanded deviations from the intended flight path of the airplane.",MIS,14-May-2009,DGCA/New-Misc/100 R1,,,0:00,,"Honeywell NZ-2000 nav computers and Honeywell IC-800 or IC-800E integrated avionics computers as installed on transport category airplanes, certificated in any cat."
157b8d12-c115-446e-a4dc-d12077751fe2,d88e2641-dd39-4814-9f04-682a3c823bff,M101,34,FAA AD 2007-14-06,Air Transport Association of America (ATA) Code 34: Navigation.,MIS#,16-Aug-2007,DGCA/New-Misc/101,,,0:00,,"Honeywell CAS67A ACAS II systems installed,Had Supplemental Type Certificate No. SA1310 installed prior to January 31, 2005,certificated in any category"
157b8d12-c115-446e-a4dc-d12077751fe2,d88e2641-dd39-4814-9f04-682a3c823bff,M101,34,FAA AD 2007-14-06,Air Transport Association of America (ATA) Code 34: Navigation.,MIS,16-Aug-2007,DGCA/New-Misc/101,,,0:00,,"Honeywell CAS67A ACAS II systems installed,Had Supplemental Type Certificate No. SA1310 installed prior to January 31, 2005, certificated in any category."
157b8d12-c115-446e-a4dc-d12077751fe2,d88e2641-dd39-4814-9f04-682a3c823bff,M102,25,EASA AD 2007-0256,Equipment and Furnishing - Seat Restraint System Plastic Rotary Buckle Handle - Inspection/Replacement,MIS#,03-Oct-2007,DGCA/New-Misc/102,,,0:00,,"Pacific Scientific Company All rotary buckles p/n's 1111430-XX and 1111475-XX used on restraint sys p/n:2000029-01/03/101/121,2000067-01,2000115-101/121,but not limited to Euro a/c AS 350/355,EC120/130/155."
157b8d12-c115-446e-a4dc-d12077751fe2,d88e2641-dd39-4814-9f04-682a3c823bff,M102,25,EASA AD 2007-0256,Equipment and Furnishing - Seat Restraint System Plastic Rotary Buckle Handle - Inspection/Replacement,MIS,03-Oct-2008,DGCA/New-Misc/102,,,0:00,,"Manufacturer Name: Pacific Scientific Company.All rotary buckles p/n's 1111430-XX and 1111475-XX used on restraint sys p/n:2000029-01/03/101/121,20000 67-01,2000115-101/121,but not limited to Euro a/c AS 350/355, EC120/130/155."
157b8d12-c115-446e-a4dc-d12077751fe2,d88e2641-dd39-4814-9f04-682a3c823bff,M103,34,DGCA let 9-414/96-AI(2) DT:24-sep-1996,CVR-The bulk Erase facility should be deactivated by removing the relevant card from the CVR unit,MIS#,24-Sep-1996,DGCA/New-Misc/103,,,0:00,,"All turbine engine aeroplanes having maximum takeoff mass of 5,700 Kg or more, helicopter having maximum takeoff mass of 2,700 Kg or more equipped with CVR"
157b8d12-c115-446e-a4dc-d12077751fe2,d88e2641-dd39-4814-9f04-682a3c823bff,M103,34,DGCA let 9-414/96-AI(2),CVR-The bulk Erase facility should be deactivated by removing the relevant card from the CVR unit,MIS#,24-Sep-1996,DGCA/New-Misc/103,,,0:00,,"All turbine engine aeroplanes having maximum takeoff mass of 5,700 Kg or more, helicopter having maximum takeoff mass of 2,700 Kg or more equipped with CVR"
157b8d12-c115-446e-a4dc-d12077751fe2,d88e2641-dd39-4814-9f04-682a3c823bff,M103,34,DGCA let 9-414/96-AI(2),CVR-The bulk Erase facility should be deactivated by removing the relevant card from the CVR unit,MIS,24-Sep-1996,DGCA/New-Misc/103,,,0:00,,"All turbine engine aeroplanes having maximum takeoff mass of 5,700 Kg or more, helicopter having maximum takeoff mass of 2,700 Kg or more equipped with CVR"
157b8d12-c115-446e-a4dc-d12077751fe2,d88e2641-dd39-4814-9f04-682a3c823bff,M103,23,DGCA let 9-414/96-AI(2),CVR-The bulk Erase facility should be deactivated by removing the relevant card from the CVR unit,MIS,30-Sep-1996,DGCA/New-Misc/103,,,0:00,,"All turbine engine aeroplanes having maximum takeoff mass of 5,700 Kg or more, helicopter having maximum takeoff mass of 2,700 Kg or more equipped with CVR"
157b8d12-c115-446e-a4dc-d12077751fe2,d88e2641-dd39-4814-9f04-682a3c823bff,M104,35,FAA AD 2007-26-11,Risk Of High Pressure Oxygen Cylinder Tearing.,MIS#,28-Jan-2008,DGCA/New-Misc/104,,,0:00,,"To Intertechnique (F5341),aluminum alloy AA5283, oxygen cylinders manufactured by Societe Metallurgique de Gerzat SAS with GLD series, GLF series,PC2300 or SLF300 p/n, installed in any a/c certificate"
157b8d12-c115-446e-a4dc-d12077751fe2,d88e2641-dd39-4814-9f04-682a3c823bff,M104,35,FAA AD 2007-26-11,Risk Of High Pressure Oxygen Cylinder Tearing.,MIS,28-Jan-2008,DGCA/New-Misc/104,,,0:00,,"To Intertechnique (F5341),aluminum alloy AA5283, oxygen cylinders manufactured by Societe Metallurgique de Gerzat SAS with GLD series, GLF series,PC2300 or SLF300 p/n, installed in any a/c certificate"
157b8d12-c115-446e-a4dc-d12077751fe2,d88e2641-dd39-4814-9f04-682a3c823bff,M104,35,FAA AD 2007-26-11,Risk Of High Pressure Oxygen Cylinder Tearing.,MIS,28-Apr-2008,DGCA/New-Misc/104,,,0:00,,"Intertechnique (F5341), aluminum alloy AA5283, oxygen cylinders manufactured by Societe Metallurgique de Gerzat SAS with GLD series, GLF series, PC2300/SLF300 P/Ns, installed in any a/c certificated"
157b8d12-c115-446e-a4dc-d12077751fe2,d88e2641-dd39-4814-9f04-682a3c823bff,M105,35,FAA AD 2008-06-27,To prevent failure of an evacuation system.,MIS,28-Jan-2008,DGCA/New-Misc/105,,,0:00,,"Goodrich evacuation systems approved under Technical Standard Orders (TSO's) TSO-C69,TSO-C69a, TSO-C69b,installed,certificated in any category, in table-1,-2,-3, of this AD."
157b8d12-c115-446e-a4dc-d12077751fe2,d88e2641-dd39-4814-9f04-682a3c823bff,M105,52,FAA AD 2008-06-27,To prevent failure of an evacuation system.,MIS,28-Apr-2008,DGCA/New-Misc/105,,,0:00,,"Goodrich evacuation systems approved under Technical Standard Orders (TSOs) TSO-C69,TSO-C69a, TSO-C69b,installed,certificated in any category, in table-1,-2,-3, of this AD."
157b8d12-c115-446e-a4dc-d12077751fe2,d88e2641-dd39-4814-9f04-682a3c823bff,M106,34,EASA AD 2008-0159,Navigation Systems - Mode-S Transponder - Modification / Replacement,MIS#,08-Sep-2008,DGCA/New-Misc/106,,,0:00,,Honeywell MST-67A Mode-S Transponders P/N 066-1143-2001 s/n upto and including MST67A-F1450 and 066-01143-2101 s/n upto and including MST67A-G2850.
157b8d12-c115-446e-a4dc-d12077751fe2,d88e2641-dd39-4814-9f04-682a3c823bff,M106,34,EASA AD 2008-0159,Navigation Systems - Mode-S Transponder - Modification / Replacement,MIS,08-Sep-2008,DGCA/New-Misc/106,,,0:00,,Honeywell MST-67A Mode-S Transponders P/N 066-1143-2001 s/n upto and including MST67A-F1450 and 066-01143-2101 s/n upto and including MST67A-G2850.
157b8d12-c115-446e-a4dc-d12077751fe2,d88e2641-dd39-4814-9f04-682a3c823bff,M106,23,EASA AD 2008-0159,Navigation Systems - Mode-S Transponder - Modification / Replacement,MIS,08-Sep-2008,DGCA/New-Misc/106,,,0:00,,Honeywell MST-67A Mode-S Transponders P/N 066-01143-2001 S/Ns up to & including MST67A-F1450 & P/N 066-01143-2101 S/Ns up to and including MST67A-G2850.
157b8d12-c115-446e-a4dc-d12077751fe2,d88e2641-dd39-4814-9f04-682a3c823bff,M107,21,EASA AD 2006-0140 R4,Air Conditioning - Zonal Drying System Deactivation,MIS,10-Jun-2009,DGCA/New-Misc/107 R4,,,0:00,,"CTT Systems AB Zonal Drying System P/N 1000-001, 2000-000, 2000-005, 2001-001, 2001-006, 3000-000 Rev.A, 3000-001, 3000-002 Rev.A and 3000-002 Rev.D, known to be installed on Airbus, Boeing, Bombardie"
157b8d12-c115-446e-a4dc-d12077751fe2,d88e2641-dd39-4814-9f04-682a3c823bff,M108,100,FAA AD 2008-22-01,"To prevent the potential of ignition sources inside fuel tanks, which, in combination with flammable fuel vapors, could result in fuel tank explosions and consequent loss of the airplane.",MIS,26-Nov-2008,DGCA/New-Misc/108,,,0:00,,Transport Category Airplanes equipped with auxiliary fuel tanks installed iaw specified STC (Boeing Model).
157b8d12-c115-446e-a4dc-d12077751fe2,d88e2641-dd39-4814-9f04-682a3c823bff,M109,49,FAA AD 2003-15-07,"To Prevent APU Compartment Fires and Fuel Vapour, Explosion",MIS,03-Sep-2003,DGCA/New-Misc/109,,,0:00,,Honeywell International Inc. model RE220 (RJ) APUs P/N WE3800770-2.
157b8d12-c115-446e-a4dc-d12077751fe2,d88e2641-dd39-4814-9f04-682a3c823bff,M011,80,FAA AD 82-13-01,Inspection /Replacement of Gear Distributor of Block of Bendix S-1200 Series Magnetos.,MIS*,28-Jun-1982,DGCA/New-Misc/11,,,0:00,,Bendix engine products division's S-1200 series magnetos which have green distributor blocks & do not have the letter R metal stamped on the identification plate.
157b8d12-c115-446e-a4dc-d12077751fe2,d88e2641-dd39-4814-9f04-682a3c823bff,M110,100,FAA AD 2009-05-05,"To prevent certain conditions from existing when PFDs display incorrect attitude,altitude information",MIS,03-Apr-2009,DGCA/New-Misc/110,,,0:00,,"Applies to Avidyne Corporation (Avidyne) Primary Flight Displays (PFDs),P/N 700-00006-000,700-00006-001,700-00006-002,700-00006-003,& 700-00006-100 with any serial number listed."
157b8d12-c115-446e-a4dc-d12077751fe2,d88e2641-dd39-4814-9f04-682a3c823bff,M111,23,EASA AD 2006-0334 R1,Communications - Thales Communications VHF Data Radio - Modification,MIS,19-Mar-2009,DGCA/New-Misc/111,,,0:00,,"Thales VHF Data Radio, P/N: EVR716-11-0300A, EVR716-11-0350A, EVR716-01-0100A, EVR716-01-0200A, EVR750-03-0100A known to be installed on but not limited to Bombardier, Airbus and Boeing aircraft."
157b8d12-c115-446e-a4dc-d12077751fe2,d88e2641-dd39-4814-9f04-682a3c823bff,M112,34,EASA AD 2010-0067,Navigation-Mode 'S' Transponder -Check/ Modification,MIS,11-May-2010,DGCA/New-Misc/112 R1,,,0:00,,"Rockwell Collins Mode S Transponders identified by type TDR-94, TDR-94D and P/N (all s/n) as in AD, installed on ATR 42, ATR 72, Bombardier, Falcon, Hawker Beechcraft 200 & 400 series."
157b8d12-c115-446e-a4dc-d12077751fe2,d88e2641-dd39-4814-9f04-682a3c823bff,M112,34,EASA AD 2010-0067,Navigation-Mode S Transponder -Check / Modification,MIS,05-Jun-2009,DGCA/New-Misc/112 Rev.1,,,0:00,,"Rockwell Collins Mode S Transponders identified by type TDR-94, TDR-94D and P/N (all s/n) as in AD, installed on ATR 42, ATR 72, Bombardier, Falcon, Hawker Beechcraft 200 & 400 series."
157b8d12-c115-446e-a4dc-d12077751fe2,d88e2641-dd39-4814-9f04-682a3c823bff,M113,25,FAR Part 121.311,Implementation of Federal Aviation Administration (FAA) regarding crashworthiness Standard for passenger Operations.,MIS,23-Sep-2009,DGCA/New-Misc/113 R1,,,0:00,,Transport Category Airplanes
157b8d12-c115-446e-a4dc-d12077751fe2,d88e2641-dd39-4814-9f04-682a3c823bff,M114,25,FAA AD 2010-03-02,"To prevent failure of a hook during rescue hoist operations, loss of the rescued passenger, and subsequent serious injury or fatality.",MIS,11-Feb-2010,DGCA/New-Misc/114 Rev.1,,,0:00,,"All helicopters, which have a rescue hoist assy installed that contains a Lifesaving Systems Corp. D-Lok Hook assembly, P/N 410-A or 410-F, lot number 208 or 1108."
157b8d12-c115-446e-a4dc-d12077751fe2,d88e2641-dd39-4814-9f04-682a3c823bff,M115,34,EASA AD 2009-0173 R1,Navigation - Mode S Transponder - Modification / Replacement,MIS,14-Oct-2010,DGCA/New-Misc/115 R1,,,0:00,,"Rockwell Collins Mode S Transponders identified by type TDR-94/TDR-94D and P/N as listed in AD, when installed in an aeroplane operating in European Designated Mode S Airspace and equipped with Honeywell AZ800 or AZ810 (all part numbers) air data computers (ADC)."
157b8d12-c115-446e-a4dc-d12077751fe2,d88e2641-dd39-4814-9f04-682a3c823bff,M115,34,EASA AD 2009-0173R1,Navigation - Mode S Transponder - Modification / Replacement,MIS,19-Aug-2009,DGCA/NEW-MISC/115R1,,,0:00,,"Rockwell Collins Mode S Transponders identified by type and Part Number (P/N) as follows: TDR-94 622-9352-007, 622-9352-008 and 622-9352-108 TDR-94D 622-9210-007, 622-9210-008 and 622-9210-108."
157b8d12-c115-446e-a4dc-d12077751fe2,d88e2641-dd39-4814-9f04-682a3c823bff,M116,34,EASA AD 2009-0200,Navigation - Mode A/C Transponder - Check/ Modification,MIS,22-Sep-2009,DGCA/New-Misc/116,,,0:00,,"Narco Avionics Inc. AT-150 Mode A/C transponder, all Part Number, all serial numbers known to be installed on, but not limited to aircraft certified under CS23/ by EU member states prior to 28-09-03."
157b8d12-c115-446e-a4dc-d12077751fe2,d88e2641-dd39-4814-9f04-682a3c823bff,M117,26,FAA AD 2010-01-03,Air Transport Association (ATA) of America Code 26: Fire Protection.,MIS,20-Jan-2010,DGCA/New-Misc/117 Rev.1,,,0:00,,"Portable Halon 1211 (BCF) fire extinguishers manufactured by Fire Fighting Enterprises Limited. These fire extinguishers may be installed on (or carried or stowed on board) various transport airplanes, small airplanes, and rotorcraft, certificated in any category."
157b8d12-c115-446e-a4dc-d12077751fe2,d88e2641-dd39-4814-9f04-682a3c823bff,M118,34,FAA AD 2009-21-10 R1,"To prevent an oxygen cylinder from rupturing, which, depending on the location, could result in structural damage and rapid decompression of the airplane.",MIS,04-Feb-2010,DGCA/New-Misc/118 Rev.1,,,0:00,,"AVOX Systems and B/E Aerospace oxygen cylinder assemblies, approved under United States Department of Transportation Regulations for Type 3HT cylinders, identified in Table 1 of this AD. These oxygen cylinder assemblies may be installed on various transport airplanes, certificated in any category."
157b8d12-c115-446e-a4dc-d12077751fe2,d88e2641-dd39-4814-9f04-682a3c823bff,M119,26,EASA AD 2009-0262 R1,Fire Protection - Halon 1211 Fire Extinguishers - Identification / Replacement,MIS,17-Feb-2010,DGCA/New-Misc/119 Rev.1,,,0:00,,Cancelled vide DGCA letter no Mod/Misc/1154 dated 11-May-2010.
157b8d12-c115-446e-a4dc-d12077751fe2,d88e2641-dd39-4814-9f04-682a3c823bff,M119,26,EASA AD 2009-0262 R1,Fire Protection - Halon 1211 Fire Extinguishers - Identification / Replacement,MIS,10-Feb-2010,DGCA/New-Misc/119 Rev.1,,,0:00,,"Halon 1211 (BCF) fire extinguishers manufactured by Fire Fighting Enterprises Limited, identified by P/N and S/N in Fire Fighting Enterprises Ltd (FFE) ASB 26-115."
157b8d12-c115-446e-a4dc-d12077751fe2,d88e2641-dd39-4814-9f04-682a3c823bff,M012,61,"DGCA Let. No. 9-414/81-A(II), Dt. 14/9/82",Examination of engine involed in propeller strike incidents.,MIS,14-Sep-1982,DGCA/New-Misc/12,,,0:00,,All Types of Piston Engine Aircraft.
157b8d12-c115-446e-a4dc-d12077751fe2,d88e2641-dd39-4814-9f04-682a3c823bff,M120,26,EASA AD 2009-0278,Fire Protection - Portable Halon 1211 Fire Extinguishers -Identification / Replacement,MIS,18-Feb-2010,DGCA/New-Misc/120,,,0:00,,"Type H1-10 AIR Halon 1211 (BCF) portable fire extinguishers, manufactured by SICLI (formerly General Incendie MAIP), SICLI P/N 1708337B4, S/N as listed in Appendix I of this AD."
157b8d12-c115-446e-a4dc-d12077751fe2,d88e2641-dd39-4814-9f04-682a3c823bff,M120,26,EASA AD 2009-0278,Fire Protection - Portable Halon 1211 Fire Extinguishers - Identification / Replacement,MIS,05-Jan-2010,DGCA/New-Misc/120,,,0:00,,"Type H1-10 AIR Halon 1211 (BCF) portable fire extinguishers manufactured by SICLI, P/N 1708337B4, S/Nas listed in Appendix I of this AD."
157b8d12-c115-446e-a4dc-d12077751fe2,d88e2641-dd39-4814-9f04-682a3c823bff,M121,23,TC AD CF-2009-44,Emergency Locator Transmitter - Potential Failure To Transmit The Required 406MHz Coded Signal,MIS,17-Feb-2010,DGCA/New-Misc/121,,,0:00,,Honeywell ASCa. Inc Emergency Locator Transmitter (ELT) Model RESCU 406S with P/N and S/N as listed in AD.
157b8d12-c115-446e-a4dc-d12077751fe2,d88e2641-dd39-4814-9f04-682a3c823bff,M122,34,EASA AD 2010-0003R1,Navigation - Mode S Transponder Aircraft Type Mode Strapping - Check / Modification,MIS,18-Feb-2010,DGCA/New-Misc/122,,,0:00,,"Rockwell Collins Mode S Transponders identified by type & (P/N) as follows: TDR-94:-622-9352-008, 622-9352-108, 622-9352-308 & 622-9352-408. TDR-94D:622-9210-008, 622-9210-108, 622-9210-308 & 622-9210-408."
157b8d12-c115-446e-a4dc-d12077751fe2,d88e2641-dd39-4814-9f04-682a3c823bff,M123,72,FAA AD 2010-07-08,"To prevent separation or seizure of the turbocharger turbine, which could result in full or partial engine power loss, loss of engine oil, and smoke in the airplane cabin.",MIS,11-May-2010,DGCA/New-Misc/123,,,0:00,,"Kelly Aerospace Energy Systems, LLC (KAES) rebuilt turbochargers listed by part number (P/N) in Table 1 of AD. The affected S/Ns are listed in Table III of Kelly Aerospace Energy Systems, LLC, SB No. 039 A, dated Feb 10, 2010."
157b8d12-c115-446e-a4dc-d12077751fe2,d88e2641-dd39-4814-9f04-682a3c823bff,M124,35,FAA AD 2010-11-05,Oxygen Cylinder - Inspection/ Replacement - To prevent an oxygen cylinder from rupturing,MIS,06-Jul-2010,DGCA/New-Misc/124,,,0:00,,"Oxygen cylinders with a capacity of 114/115 cubic feet, approved under United States Department of Transportation Regulations for Type 3HT cylinders, identified in Table 1 of this AD."
157b8d12-c115-446e-a4dc-d12077751fe2,d88e2641-dd39-4814-9f04-682a3c823bff,M125,61,FAA AD 2010-13-10,"To Prevent Loss Of propeller Pitch Control, Damage to the Propeller Governor and Internal Damage to the Engine which could prevent Continued Safe Flight or Safe Landing.",MIS,05-Aug-2010,DGCA/NEW-MISC/125,,,0:00,,"Ontic Engineering and Manufacturing, Inc. Propeller governors, part numbers (P/Ns) C210776, T210761, D210760, and J210761, as listed by serial number of Ontic Engineering and Manufacturing, Inc.MSB No. SB-DES-353,Rev A."
157b8d12-c115-446e-a4dc-d12077751fe2,d88e2641-dd39-4814-9f04-682a3c823bff,M013,100,FAA AD 84-26-02,Replacement of paper induction air filters,MIS*,29-Jan-1985,DGCA/New-Misc/13,,,0:00,,Replace with improved filter.
157b8d12-c115-446e-a4dc-d12077751fe2,d88e2641-dd39-4814-9f04-682a3c823bff,M014,100,FAR 121.310(c),Lighting for interior emergency exit markings,MIS,19-Jan-1985,DGCA/New-Misc/14,,,0:00,,1) Large transport A/C having seating capacity of more than 30 passengers and type certified after 1st Jan 1958.
157b8d12-c115-446e-a4dc-d12077751fe2,d88e2641-dd39-4814-9f04-682a3c823bff,M014,100,FAR 121.310(C),Lighting for interior emergency exit markings,MIS,21-Jun-2007,DGCA/New-Misc/14,,,0:00,,"1) Large transport aircraft having seating capacity of more than 30 passenger and Type certified after 01-01-58. 2)B707,Caravelle,F27 and HS748a/c are exempted"
157b8d12-c115-446e-a4dc-d12077751fe2,d88e2641-dd39-4814-9f04-682a3c823bff,M141,23,FAA 2012-02-08,"""To prevent TCAS units from dropping tracks, this could compromise separation of air traffic and lead to subsequent mid-air collisions""",MIS,14-Mar-2012,DGCA/New-Misc/141,,,0:00,,"This AD applies to Aviation Communication & Surveillance Systems (ACSS) traffic alert and collision avoidance system (TCAS) units with part numbers identified in ACSS Technical Newsletter 8008359, Revision B, dated August 3, 2011, as installed on but not limited to various transport and small airplanes, certificated in any category."
157b8d12-c115-446e-a4dc-d12077751fe2,d88e2641-dd39-4814-9f04-682a3c823bff,M142,25,EASA AD 2012-0038,"""Equipment & Furnishings - Passenger Seat Backrest Link - Inspection / Replacement'",MIS,16-Apr-2012,DGCA/New-Misc/142,,,0:00,,"Passenger seat series 9140, 9166, 9173, 9174, 9184, 9188, 9196, 91B7, 91B8, 91C0, 91C2, 91C4, 91C5, 91C9, 9301 and 9501, as identified in Annex 1 issue 3 of Sicma Aero Seat Service Bulletin (SB) 90-25-012 issue 6. The affected passenger seats are known to be installed on, but no limited to,Airbus A330, A340 and Boeing 777 aeroplanes."
157b8d12-c115-446e-a4dc-d12077751fe2,d88e2641-dd39-4814-9f04-682a3c823bff,M143,25,EASA AD 2012-0037,"""Fire Protection - Hand Operated Fire Extinguisher - Modification""",MIS,16-Apr-2012,DGCA/New-Misc/143,,,0:00,,"Kidde Graviner: Hand operated fire extinguisher, Part Number (P/N) 56412-001 (34H), 56411-001 (35H) and 56412-002 (38H)."
157b8d12-c115-446e-a4dc-d12077751fe2,d88e2641-dd39-4814-9f04-682a3c823bff,M144,25,FAA AD 2012-06-25,To prevent loss of pressure in the escape slides/rafts after an emergency evacuation for Goodrich Evacuation Systems.,MIS#,11-May-2012,DGCA/NEW-MISC/144,,,0:00,,"This AD applies to Goodrich evacuation systems approved under Technical Standard Order (TSO) TSO-C69b, as installed on the Airbus airplanes, certificated in any category, identified in paragraphs (c)(1), (c) (2), and (c)(3) of this AD. (1) Model A330-201, -202, -203, -223, -243, -301, -302, -303, -321, -322, -323, -341, -342, -343, -223F, and -243F airplanes."
157b8d12-c115-446e-a4dc-d12077751fe2,d88e2641-dd39-4814-9f04-682a3c823bff,M144,78,FAA AD 2012-06-25,"""To prevent loss of pressure in the escape slides/rafts after an emergency evacuation, which could result in inadequate buoyancy to support the raft's passenger capacity during ditching and increase the chance for injury to raft Passengers.",MIS,11-May-2012,DGCA/New-Misc/144,,,0:00,,"This AD applies to Goodrich evacuation systems approved under Technical Standard Order (TSO) TSO-C69b, as installed on the Airbus airplanes, certificated in any category, identified in paragraphs (c)(1), (c)(2), and (c)(3) of this AD."
157b8d12-c115-446e-a4dc-d12077751fe2,d88e2641-dd39-4814-9f04-682a3c823bff,M145,72,FAA AD 2012-10-52,"""To prevent turbocharger bearing seizure, failed turbocharger components, and damage to the airplane"".",MIS,03-Jul-2012,DGCA/New-Misc/145,,,0:00,,"Hartzell Engine Technologies (HET) turbochargers: (1) Turbocharger HET part number (P/N) 406610-0005 or P/N 406610-9005 with serial numbers listed in Table 1 of HET Alert Service Bulletin No. 047. (2) Turbochargers with P/N 406610-0005 or P/N 406610-9005 overhauled or repaired on or later than January 1, 2012, with turbocharger center housing P/N 409836-0005 and date code H-0112. (3) Turbocharger center housings P/N 409836-0005 sold as piece parts which are in field/distributor inventory with date code H-0112."
157b8d12-c115-446e-a4dc-d12077751fe2,d88e2641-dd39-4814-9f04-682a3c823bff,M146,34,FAA AD 2012-14-15,"""To prevent misleading information during Localizer performance(LP), Localizer performance with Vertical guidance (LPV), or SBAS Lateral Navigation/ Vertical Navigation(LNAV/VNAV) approached due to software problem in Honeywell Wide Area Augmentation System(WASS) Global Navigation Satellite Sensor Unit (GNSSU)"".",MIS,07-Sep-2012,DGCA/New-Misc/146,,,0:00,,"Model KGS200 Mercury2 wide area augmentation system (WAAS) global navigation satellite sensor units (GNSSU), Honeywell part numbers (P/N) 066-01201-0102 and 066-01201-0104."
157b8d12-c115-446e-a4dc-d12077751fe2,d88e2641-dd39-4814-9f04-682a3c823bff,M147,32,FAA AD 2012-17-01,"To Prevent Failure Of The Main Landing Gear Tires During Take Off Or Landing, Which Could Cause Damage To The Airplane Structure, Flaps, Engine, And Wheel Well And Result In Reduces Controllability Of The Airplane.",MIS,24-Sep-2012,DGCA/New-Misc/147,,,0:00,,"Goodyear Aviation Tires (retreads are not affected by this AD), installed on various transport category airplanes."
157b8d12-c115-446e-a4dc-d12077751fe2,d88e2641-dd39-4814-9f04-682a3c823bff,M147,32,FAA AD 2012-17-01,""" To Prevent Failure Of The Main Landing Gear Tires During Take Off Or Landing, Which Could Cause Damage To The Airplane Structure, Flaps, Engine, And Wheel Well Result In Reduced Controllability Of The Airplane"".",MIS,27-Sep-2012,DGCA/New-Misc/147,,,0:00,,"Goodyear Aviation Tires (retreads are not affected by this AD), installed on various transport category airplanes, including but not limited to Bombardier, Inc. Model CL-600-2B19 airplanes"
157b8d12-c115-446e-a4dc-d12077751fe2,d88e2641-dd39-4814-9f04-682a3c823bff,M148,72,FAA AD 2012-18-14,"To prevent separation of the rear gas generator case and release of high energy debris, which could Result in injury and damage to the airplane.",MIS,26-Oct-2012,DGCA/New-Misc/148,,,0:00,,Pratt & Whitney Canada (P&WC) PW901A auxiliary power units (APUs) approved under Technical Standard Order TSO-C77A and installed.
157b8d12-c115-446e-a4dc-d12077751fe2,d88e2641-dd39-4814-9f04-682a3c823bff,M148,72,FAA AD 2012-18-14,"To prevent separation of the rear gas generator case and release of high energy debris, which could Result in injury and damage to the airplane.",MIS,18-Oct-2012,DGCA/New-Misc/148,,,0:00,,Pratt & Whitney Canada (P&WC) PW901A auxiliary power units (APUs) approved under Technical Standard Order TSO-C77A and installed
157b8d12-c115-446e-a4dc-d12077751fe2,d88e2641-dd39-4814-9f04-682a3c823bff,M149,35,EASA AD 2012-0254,ATA-35 Oxygen - Flight Crew Oxygen Mask Regulator - Identification / Operational Procedure / Replacement.,MIS,17-Jan-2013,DGCA/New-Misc/149 R1,,,0:00,,"Flight crew oxygen mask regulators, having Part Number (P/N) MC10, MF10 and MF20 series."
157b8d12-c115-446e-a4dc-d12077751fe2,d88e2641-dd39-4814-9f04-682a3c823bff,M149,35,EASA AD 2012-0254 Rev1,ATA-35 Oxygen - Flight Crew Oxygen Mask Regulator - Identification / Operational Procedure / Replacement,MIS,17-Jan-2013,DGCA/New-Misc/149 Rev1,,,0:00,,"Flight crew oxygen mask regulators, having Part Number (P/N) MC10, MF10 and MF20 series"
157b8d12-c115-446e-a4dc-d12077751fe2,d88e2641-dd39-4814-9f04-682a3c823bff,M015,32,FAA AD 87-08-09,Serivicing of aircraft tyres with Nitrogen gas,MIS,01-Jun-1987,DGCA/New-Misc/15,,,0:00,,"Applicable to Airbus A300,A310 Boeing 707,73 &747"
157b8d12-c115-446e-a4dc-d12077751fe2,d88e2641-dd39-4814-9f04-682a3c823bff,M150,81,FAA AD 2013-21-02,"To Prevent Turbocharger wheel failure , reduction or complete loss of engine power, loss of engine oil, oil fire and damage to the aircraft.",MIS,18-Nov-2013,DGCA/New-Misc/150 rev 1,,,0:00,,"Applies to Lycoming Engines TIO-540-AK1A, and Continental Motors, Inc. TSIO-360-MB, TSIO-360-SB, and TSIO-360-RB reciprocating engines"
157b8d12-c115-446e-a4dc-d12077751fe2,d88e2641-dd39-4814-9f04-682a3c823bff,M150,72,FAA AD 2013-21-02,"To Prevent Turbocharger wheel failure , reduction or complete loss of engine power, loss of engine oil, oil fire and damage to the aircraft.",MIS,14-Nov-2013,DGCA/New-Misc/150 Rev 1,,,0:00,,"Lycoming Engines TIO-540-AK1A, and Continental Motors, Inc. TSIO-360-MB, TSIO-360-SB, and TSIO-360-RB reciprocating engines."
157b8d12-c115-446e-a4dc-d12077751fe2,d88e2641-dd39-4814-9f04-682a3c823bff,M151,34,FAA AD 2012-26-15 R1,"To Detect and Correct Inaccuracies Of the Pressure Sensors, Which Could Result In Altitude, Computed Airspeed and Mach Computation.",MIS,03-Dec-2014,DGCA/New-Misc/151 R1,,,0:00,,"Air data pressure transducers, as installed in air data computers (ADC), air data modules (ADM), air data attitude heading reference systems (ADAHRS), and digital air data computers (DADC) having the part numbers and serial numbers identified in Honeywell Alert Service Bulletin ADM/ADC/ADAHRS-34-A01."
157b8d12-c115-446e-a4dc-d12077751fe2,d88e2641-dd39-4814-9f04-682a3c823bff,M152,25,EASA AD 2013-0020 Rev 4,ATA 25-Equipment & Furnishings - Safety Belts / Torso Restraint Systems - Inspection / Replacement,MIS,04-Jul-2014,DGCA/New-Misc/152 Rev 5,,,0:00,,All part numbers of safety belts and torso restraint systems installed on any aircraft if safety belts and torso restraint systems have been maintained or repaired after 28 September 2003
157b8d12-c115-446e-a4dc-d12077751fe2,d88e2641-dd39-4814-9f04-682a3c823bff,DGCA/NEW-MISC/153 R15,25,EASA AD : 2015-0226R7,Equipment / Furnishings - Hoist - Test / Replacement.,MIS,03-Jun-2022,DGCA/NEW-MISC/153 R15,,,0:00,,"This AD applies to the following helicopters, when equipped with a Goodrich hoist having a Part Number (P/N) as listed in Table 1 of this AD."
157b8d12-c115-446e-a4dc-d12077751fe2,d88e2641-dd39-4814-9f04-682a3c823bff,M153 R12,25,EASA AD 2015-0226 R5,ATA 25 - Equipment / Furnishings - Hoist - Test / Replacement,MIS*,24-Aug-2020,DGCA/New-Misc/153 Rev 12,,,0:00,,"This AD applies to the following helicopters, when equipped with a Goodrich hoist having a Part Number (P/N) as listed in Table 1 of this AD: AW109SP, AB139, AW139 and AB412 (all Models) helicopters, all serial numbers (s/n); BHTI 212, 214 and 412 helicopters (all Models), all s/n; BHTC 429 and 430 helicopters, all s/n; AH AS 365 N3, AS 332 L2 and EC225 LP helicopters, all s/n; AHD MBB-BK117 C-2, EC135 and EC635 (all Models) helicopters, all s/n; MDHI MD900 helicopters, all s/n; and Sikorsky S-61 (all Models), S-76A, S-76B, S-76C and S-92A helicopters, all s/n."
157b8d12-c115-446e-a4dc-d12077751fe2,d88e2641-dd39-4814-9f04-682a3c823bff,M153 R11,25,EASA AD 2015-0226 R2,Equipment / Furnishing - Hoist - Test / Replacement,MIS,11-Jun-2019,DGCA/New-Misc/153 Rev11,,,0:00,,"This AD applies to the following helicopters, when equipped with a Goodrich hoist having a Part Number (P/N) as listed in Table 1 of this AD: AW109SP, AB139, AW139 and AB412 (all Models) helicopters, all serial numbers (s/n); BHTI 212, 214 and 412 helicopters (all Models), all s/n; BHTC 429 and 430 helicopters, all s/n; AH AS 365 N3, AS 332 L2 and EC225 LP helicopters, all s/n; AHD MBB-BK117 C-2, EC135 and EC635 (all Models) helicopters, all s/n; MDHI MD900 helicopters, all s/n; and Sikorsky S-61 (all Models), S-76A, S-76B, S-76C and S-92A helicopters, all s/n."
157b8d12-c115-446e-a4dc-d12077751fe2,d88e2641-dd39-4814-9f04-682a3c823bff,M158,25,FAA AD 2013-06-51,"Unsafe Condition Failure Of The Overload Clutch Resulting In In Flight Failure Of The Hoist, Which Could Result In Injury To Person Being Lifted.",MIS,02-Jul-2013,DGCA/New-Misc/158,,,0:00,,"Applicable to AgustaWestland, Bell Helicopter,Eurocopter France Models,Eurocopter Deutschland GmbH (ECD) Models,Sikorsky Aircraft Corporation Models"
157b8d12-c115-446e-a4dc-d12077751fe2,d88e2641-dd39-4814-9f04-682a3c823bff,M158,50,FAA AD 2013-06-51,"Unsafe Condition Failure Of The Overload Clutch Resulting In In Flight Failure Of The Hoist, Which Could Result In Injury To Person Being Lifted.",MIS,02-Jul-2013,DGCA/New-Misc/158,,,0:00,,"Applicable to AgustaWestland S.p.A Models A109,A109S, A109K2, A109A, A109A II, A109C, A109E,AW109SP, AB139, AW139, AB412, and AB412 EP,Bell Helicopter Textron, Inc., Models 212, 214B, 214B-1, 214ST, 412, 412CF, and 412EP;Bell Helicopter Textron Canada, Ltd., Models 429 and 430"
157b8d12-c115-446e-a4dc-d12077751fe2,d88e2641-dd39-4814-9f04-682a3c823bff,M159,96,FAA AD 2014-17-02,"To detect and correct discrepancies of the battery wiring installation inside the TU, which could result in an electrical short and possible ignition source.",MIS,01-Oct-2013,DGCA/New-Misc/159 Rev 1,,,0:00,,"This AD applies to Honeywell ASCs Inc. emergency locator transmitters (ELTs) Model RESCU 406AF and 406AFN with transmitter unit (TU) part numbers (P/Ns) 1152682-1, -2, and -3, installed on transport category airplanes, certificated in any category, but not limited to the airplanes identified in table 1 to paragraph (c) of this AD."
157b8d12-c115-446e-a4dc-d12077751fe2,d88e2641-dd39-4814-9f04-682a3c823bff,M016,1,FAA AD 90-09-08,Inspection of IPECO crew seats,MIS,29-May-1990,DGCA/New-Misc/16,,,0:00,,Boeing B737 and B747 aircraft.
157b8d12-c115-446e-a4dc-d12077751fe2,d88e2641-dd39-4814-9f04-682a3c823bff,M160,25,EASA AD 2014-0095 Rev 1,ATA 25 Equipment / Furnishings - Crash Position Indicator - Modification Aircraft Flight Manual - Amendment,MIS,09-Oct-2013,DGCA/New-Misc/160 Rev 2,,,0:00,,HR Smith (Technical Developments) Crash Position Indicator (CPI) System 15-503-134 and 15-503-134-1 series equipped with Control Panel part number (P/N) 503-22-() and Beacon release unit P/N 503-21 and System Interface Unit P/N 503-24-() or 503-42-()
157b8d12-c115-446e-a4dc-d12077751fe2,d88e2641-dd39-4814-9f04-682a3c823bff,M162,34,EASA AD 2014-0088,Communications - Cockpit Voice Recorder - Replacement,MIS,23-Apr-2014,DGCA/New-Misc/162,,,0:00,,"Part Number (P/N) AP71232101 and P/N AP71231101 Cockpit Voice Recorders (CVR), all serial numbers."
157b8d12-c115-446e-a4dc-d12077751fe2,d88e2641-dd39-4814-9f04-682a3c823bff,M163,25,EASA AD 2014-0125,Crash Position Indicator - Modification Aircraft Flight Manual - Amendment,MIS,27-May-2014,DGCA/New-Misc/163,,,0:00,,"HR Smith (Technical Developments) Crash Position Indicator (CPI) system 15-503-134-1 series, if equipped with - Beacon Release Unit (BRU) Part Number (P/N) 503-21-1, and - System Interface Unit (SIU) P/N 503-24 or P/N 503-24-2 or P/N 503-24-6. This CPI system is known to be installed on, but not limited to the following aircraft: - Airbus Helicopters (formerly Eurocopter) Model EC 225 LP"
157b8d12-c115-446e-a4dc-d12077751fe2,d88e2641-dd39-4814-9f04-682a3c823bff,M164,35,EASA AD 2014-0142Rev 1,Oxygen - Oxygen Mask Regulator Inflatable Harness / Inflation Hose - Identification / Replacement,MIS,24-Jun-2014,DGCA/New-Misc/164,,,0:00,,"Flight Crew Oxygen Mask Regulators MC10 series, having a Part Number (P/N) as identified in Section 1.A.(1) of Zodiac Aerotechnics Service Bulletin (SB) MC10-35-274 Revision 1 issue dated 18 April 2014."
157b8d12-c115-446e-a4dc-d12077751fe2,d88e2641-dd39-4814-9f04-682a3c823bff,M165,25,EASA AD 2014-0187,Equipment & Furnishings - Safety Belt Attachment Bolts - Inspection / Replacement,MIS,03-Sep-2014,DGCA/New-Misc/165,,,0:00,,"Type D1-02 and D1-03 seats, also known as ""Lightweight Classic"" and ""Lightweight Prestige"", Part Numbers (P/N) as specified in Geven Service Bulletin (SB) No. D103-25-004 Revision 2.The affected seats are known to be installed on, but not limited to, ATR 42 and ATR 72 aeroplanes."
157b8d12-c115-446e-a4dc-d12077751fe2,d88e2641-dd39-4814-9f04-682a3c823bff,M166,25,EASA AD 2014-0188 Rev-4,Equipment & Furnishings - Emergency Flotation System - Rotorcraft Flight Manual (Supplement) Limitation,MIS,12-Aug-2015,DGCA/New-Misc/166 Rev-3,,,0:00,,"SA 365 N, SA 365 N1, AS 365 N2, AS 365 N3, EC 155 B, EC 155 B1, AS 332 C, AS332 C1, AS332 L, AS 332 L1, AS 332 L2 and EC 225 LP helicopters, all serial numbers (s/n), MBB-BK 117 A-1, MBB-BK 117 A-3, MBB-BK 117 A-4, MBB-BK 117 B-1, MBB-BK 117 B-2, MBB-BK 117 C-1 and MBB-BK 117 C-2 helicopters, all s/n, and AB 212, AB 412 and AB 412EP helicopters, all s/n,."
157b8d12-c115-446e-a4dc-d12077751fe2,d88e2641-dd39-4814-9f04-682a3c823bff,M167,25,EASA AD 2014-0244,Equipment & Furnishings - Emergency Flotation System - Rotorcraft Flight Manual (Supplement) Limitation,MIS,07-Nov-2014,DGCA/New-Misc/167 Rev-1,,,0:00,,"Sikorsky S-76A, S-76B, S-76C and S-92A helicopters, all serial numbers (s/n), BHTI 212, 214B, 214B-1, 214ST, 412 and 412EP helicopters, all s/n, BHTC 222, 222B, 222U, 230 and 430 helicopters, all s/n,"
157b8d12-c115-446e-a4dc-d12077751fe2,d88e2641-dd39-4814-9f04-682a3c823bff,M168,34,FAA AD 2014-18-01,Detect And Correct Mode S Transponders,MIS,14-Oct-2014,DGCA/New-Misc/168,,,0:00,,"This AD applies to the following Rockwell Collins, Inc. part number (P/N) Mode S transponders TDR-94: CPN 622-9352-008, 622-9352-108, 622-9352-308, 622-9352-408; and TDR-94D: CPN 622-9210-008, 622-9210-108, 622-9210-308, 622-9210-408."
157b8d12-c115-446e-a4dc-d12077751fe2,d88e2641-dd39-4814-9f04-682a3c823bff,M168,18,FAA AD 2014-18-01,Detect And Correct Mode S Transponders,MIS,14-Oct-2014,DGCA/New-Misc/168,,,0:00,,"This AD applies to the following Rockwell Collins, Inc. part number (P/N) Mode S transponders TDR-94: CPN 622-9352-008, 622-9352-108, 622-9352-308, 622-9352-408; and TDR-94D: CPN 622-9210-008, 622-9210-108, 622-9210-308, 622-9210-408."
157b8d12-c115-446e-a4dc-d12077751fe2,d88e2641-dd39-4814-9f04-682a3c823bff,M169,1,FAA AD 2015-10-02,"TO DETECT AND CORRECT CRACKS IN THE BACKREST LINKS, WHICH COULD AFFECT THE STRUCTURAL INTEGRITY OF SEAT BACKRESTS. FAILURE OF THE BACKREST LINKS COULD RESULT IN INJURY TO AN OCCUPANT DURING EMERGENCY LANDING CONDITIONS",MIS#,11-Jun-2015,DGCA/NEW-MISC/169 R1,,,0:00,,"This AD applies to Zodiac Seats France 9140, 9166, 9173, 9174, 9184, 9188, 9196, 91B7, 91B8, 91C0, 91C2, 91C4, 91C5, 91C9, 9301, and 9501 series passenger seat assemblies; identified in Annex 1, Issue 3, dated January 25, 2012, of Sicma Aero Seat Service Bulletin 90-25-012, Issue 6, dated January 25, 2012. These passenger seat assemblies are installed on, but not limited to, the airplanes identified in paragraphs (c)(1), (c)(2), and (c)(3) of this AD, certificated in any category. (1) Airbus Model A330-200, A330-200 Freighter, and A330-300 series airplanes. (2) Airbus Model A340-200, A340-300, A340-500, and A340-600 series airplanes. (3) The Boeing Company Model 777-200, 777-200LR, 777-300, 777-300ER, and 777F series airplanes."
157b8d12-c115-446e-a4dc-d12077751fe2,d88e2641-dd39-4814-9f04-682a3c823bff,M169,25,FAA AD 2015-10-02,"TO DETECT AND CORRECT CRACKS IN THE BACKREST LINKS, WHICH COULD AFFECT THE STRUCTURAL INTEGRITY OF SEAT BACKRESTS.FAILURE OF THE BACKREST LINKS COULD RESULT IN INJURY TO AN OCCUPANT DURING EMERGENCY LANDING CONDITIONS",MIS,10-Jun-2015,DGCA/NEW-MISC/169 R1,,,0:00,,"This AD applies to Zodiac Seats France 9140, 9166, 9173, 9174, 9184, 9188, 9196, 91B7, 91B8, 91C0, 91C2, 91C4, 91C5, 91C9, 9301, and 9501 series passenger seat assemblies; identified in Annex 1, Issue 3, dated January 25, 2012, of Sicma Aero Seat Service Bulletin 90-25-012, Issue 6, dated January 25, 2012. These passenger seat assemblies are installed on, but not limited to, the airplanes identified in paragraphs (c)(1), (c)(2), and (c)(3) of this AD, certificated in any category. (1) Airbus Model A330-200, A330-200 Freighter, and A330-300 series airplanes. Refer AD."
157b8d12-c115-446e-a4dc-d12077751fe2,d88e2641-dd39-4814-9f04-682a3c823bff,M017,32,CAA AD 006-03-93 And SB 25-46,Precautionary Check For Correct Location of Bridge Pieces Inside The Main Buoyancy Tubes,MIS,21-Jun-2007,DGCA/New-Misc/17,,,0:00,,RFD liferafts Type 10R MK 1 and SAR MK 1 with Serial Numbers 10R 152 through 10R 1027 and liferafts Type 14R MK 1 with Serial Numbers 14R 213 through 14R 1020.
157b8d12-c115-446e-a4dc-d12077751fe2,d88e2641-dd39-4814-9f04-682a3c823bff,M170,1,EASA AD 2014-0279,Equipment/Furnishing - Restraint System Rotary Buckle Sub-Assembly - Identification/Replacement,MIS#,19-Jan-2014,DGCA/NEW-MISC/170,,,0:00,,"Romtex Anjou Aeronautique model 358 torso restraint systems. These restraint systems are known to be installed on, but not limited to, Airbus Helicopters EC130 T2, AS 350 B2 and B3 helicopters"
157b8d12-c115-446e-a4dc-d12077751fe2,d88e2641-dd39-4814-9f04-682a3c823bff,M170,25,EASA AD 2014-0279,Equipment / Furnishing - Restraint System Rotary Buckle Sub-Assembly - Identification / Replacement,MIS#,27-Jan-2015,DGCA/New-Misc/170,,,0:00,,"Romtex Anjou Aeronautique model 358 torso restraint systems. These restraint systems are known to be installed on, but not limited to, Airbus Helicopters EC130 T2, AS 350 B2 and B3 helicopters"
157b8d12-c115-446e-a4dc-d12077751fe2,d88e2641-dd39-4814-9f04-682a3c823bff,M171,34,"FAA AD 2015-10-51,Emergency AD","ATA 34-Navigation,to prevent such incorrect display of lateral deviations,which could result in the pilot making flight decisions that put the aircraft in unsafe flight conditions,flying into airspace that was , by the GPS approach design,to be avoided was,by the GPS approach design,to be avoided (TERRIN, OBSTACLE, TRAFFIC, RESTRICTED)",MIS#,29-May-2015,DGCA/New-Misc/171,,,0:00,,"This MOD is Applicable to only Avidyne Corporation (Avidyne) Integrated Flight Displays (IFDs) part number (P/N) 700-00083-( ) loaded with software release 9.3.1.0 or earlier release (referred to as Model R9 - 10 inch), P/N 700-00171-( ) loaded with software release 9.2.5.0 or earlier release (referred to as Model R9 - 12 inch), and P/N 700-00182-( ) loaded with software release 10.0.3.0 or earlier release (referred to as Model IFD540)."
157b8d12-c115-446e-a4dc-d12077751fe2,d88e2641-dd39-4814-9f04-682a3c823bff,M171,23,FAA AD 2015-10-51,"ATA 34-Naviagtion,to prevent such Incorrect display of lateral deviations,which could result in the pilot making flight decisions that put the aircraft in unsafe flight conditions,flying into the aerospace that was by the GPS approach design, to be avioded (Terrain,Obstacle,Traffic,restricted)",MIS#,18-May-2015,DGCA/NEW-MISC/171,,,0:00,,"Emergency Airworthiness Directive (AD) 2015-10-51 is sent to owners and operators of all aircraft that incorporate Avidyne Corporation (Avidyne) Integrated Flight Displays (IFDs) part number (P/N) 700-00083-( ) loaded with software release 9.3.1.0 or earlier release (referred to as Model R9 - 10 inch), P/N 700-00171-( ) loaded with software release 9.2.5.0 or earlier release (referred to as Model R9 - 12 inch), and P/N 700-00182-( ) loaded with software release 10.0.3.0 or earlier release (referred to as Model IFD540)."
157b8d12-c115-446e-a4dc-d12077751fe2,d88e2641-dd39-4814-9f04-682a3c823bff,M171,34,FAA AD 2015-10-51 Emergency AD,"ATA 34- Navigation, To prevent such incorrect display of lateral deviations, which could result in the pilot making flight decisions that put the aircraft in unsafe flight conditions, flying into airspace that was, by the GPS approach design, to be avoided (Terrain, Obstacle, Traffic, Restricted).",MIS,19-May-2015,DGCA/NEW-MISC/171,,,0:00,,"Avidyne Corporation (Avidyne) Integrated Flight Displays (IFDs) part number (P/N) 700-00083-( ) loaded with software release 9.3.1.0 or earlier release (referred to as Model R9 - 10 inch), P/N 700-00171-( ) loaded with software release 9.2.5.0 or earlier release (referred to as Model R9 - 12 inch), and P/N 700-00182-( ) loaded with software release 10.0.3.0 or earlier release (referred to as Model IFD540). Refer AD for further details."
157b8d12-c115-446e-a4dc-d12077751fe2,d88e2641-dd39-4814-9f04-682a3c823bff,M172,35,FAA AD 2015-08-07,"To detect and correct defective harness, which could lead in case of a sudden depressurization event, to a harness rupture thereby providing inadequate protection against hypoxia and possibly resulting in unconsciousness of the affected flight crew member and consequent reduced control of the airplane",MIS#,02-Jun-2015,DGCA/New-Misc/172,,,0:00,,"Applicable to Zodiac Aerotechnics manufactured oxygen mask regulators only -Oxygen mask regulators having a date of manufacturing (DMF) code of November 2008 (112008 or 11-08) or earlier, and those with a DMF code of January 2011 (012011 or 01-11) or later. -Kindly refer Annexure 1 for non-applicability."
157b8d12-c115-446e-a4dc-d12077751fe2,d88e2641-dd39-4814-9f04-682a3c823bff,M172,35,FAA AD 2015-08-07,"To detect and correct defective harness,which could lead in case of a sudden depressurization event to a harness rupture,thereby providing inadequate protection against hypoxia and possibly resulting in unconsciousness of the affected flightcrew member and consequent reduced control of the airplane",MIS#,16-Jun-2015,DGCA/NEW-MISC/172,,,0:00,,"This AD applies to Zodiac Aerotechnics (formerly Intertechnique Aircraft Systems) flightcrew oxygen mask regulators, all part number (P/N) MA10, MC10, MC20, MF10, MF20, MLC20, MLD20, MRA005, MRA022, and MRA023 series; certificated in any category; installed on, but not limited to, airplanes manufactured by Airbus, ATR, BAE Systems (Type Certificate previously held by British Aerospace), Boeing, Bombardier (Type Certificate previously held by Canadair, De Havilland Canada), Cessna, Dassault, EADS CASA, EMBRAER, Gulfstream, Hawker Beechcraft (Type Certificate previously held by Raytheon, Beech), Israel Aircraft Industries (IAI), McDonnell Douglas, Piaggio, Pilatus, Piper, and SOCATA."
157b8d12-c115-446e-a4dc-d12077751fe2,d88e2641-dd39-4814-9f04-682a3c823bff,M172,35,FAA AD 2015-08-07,"To Detect and correct defective harnesses, which could lead in case of a sudden depressurization event, To a harness rupture, thereby providing inadequate protection against hypoxia and possibly resulting in unconsciousness of the affected flightcrew member and consequent reduced control of the airplane.",MIS,26-May-2015,DGCA/NEW-MISC/172,,,0:00,,"Zodiac Aerotechnics (formerly Intertechnique Aircraft Systems) flightcrew oxygen mask regulators, all part number (P/N) MA10, MC10, MC20, MF10, MF20, MLC20, MLD20, MRA005, MRA022, and MRA023 series; certificated in any category; installed on, but not limited to, airplanes manufactured by Airbus, ATR, BAE Systems (Type Certificate previously held by British Aerospace), Boeing, Bombardier (Type Certificate previously held by Canadair, De Havilland Canada), Cessna, Dassault, EADS CASA, EMBRAER, Gulfstream, Hawker Beechcraft (Type Certificate previously held by Raytheon, Beech), Israel Aircraft Industries (IAI), McDonnell Douglas, Piaggio, Pilatus, Piper, and SOCATA."
157b8d12-c115-446e-a4dc-d12077751fe2,d88e2641-dd39-4814-9f04-682a3c823bff,M173,34,EASA 2015-0093,Navigation - Attitude Heading Reference System - Modification / Replacement,MIS#,07-Jul-2015,DGCA/NEW-MISC/173,,,0:00,,"Northrop Grumman LITEF GmbH LCR-100 Attitude Heading Reference System (AHRS), Part Number (P/N) 145130-2000, P/N 145130-2001, P/N 145130-7000, P/N 145130-7001 and P/N 145130-7100. These AHRS units are known to be installed on, but not limited to, Pilatus PC-12, Learjet 31A, Cessna 560XL, RUAG (Dornier) 228 series, and PZL Mielec M28 (Sky Truck) aeroplanes; and Bell Helicopter Textron Inc. 412EP, Bell Helicopter Textron Canada 407, and Sikorsky S-76C helicopters."
157b8d12-c115-446e-a4dc-d12077751fe2,d88e2641-dd39-4814-9f04-682a3c823bff,M173,34,EASA AD 2015-0093,ATA 34 - Navigation - Attitude Heading Reference System - Modification / Replacement,MIS#,10-Jun-2015,DGCA/NEW-MISC/173,,,0:00,,"Northrop Grumman LITEF GmbH LCR-100 Attitude Heading Reference System (AHRS), Part Number (P/N) 145130-2000, P/N 145130-2001, P/N 145130-7000, P/N 145130-7001 and P/N 145130-7100."
157b8d12-c115-446e-a4dc-d12077751fe2,d88e2641-dd39-4814-9f04-682a3c823bff,M173,34,EASA AD 2015-0093,Navigation - Attitude Heading Reference System - Modification / Replacement,MIS#,11-Jun-2015,DGCA/New-Misc/173,,,0:00,,"This MOD is Applicable to only Northrop Grumman LITEF GmbH LCR-100 Attitude Heading Reference System (AHRS), Part Number (P/N) 145130-2000, P/N 145130-2001, P/N 145130-7000, P/N 145130-7001 and P/N 145130-7100."
157b8d12-c115-446e-a4dc-d12077751fe2,d88e2641-dd39-4814-9f04-682a3c823bff,M173,34,EASA AD 2015-0093,ATA - 34 Navigation - Attitude Heading Reference System - Modification/Replacement,MIS,10-Jun-2015,DGCA/NEW-MISC/173,,,0:00,,"Northrop Grumman LITEF GmbH LCR-100 Attitude Heading Reference System (AHRS), Part Number (P/N) 145130-2000, P/N 145130-2001, P/N 145130-7000, P/N 145130-7001 and P/N 145130-7100"
157b8d12-c115-446e-a4dc-d12077751fe2,d88e2641-dd39-4814-9f04-682a3c823bff,M174,26,FAA AD 2015-16-04,"To prevent Fire Extinguisher from failing to operate in the event of a fire, which could jeopardize occupants' safety and continuation of safe flight and landing",MIS#,24-Aug-2015,DGCA/New-Misc/174,,,0:00,,"This AD applies to Kidde Graviner hand-operated fire extinguishers having part numbers 56412-001 (34H), 56411-001 (35H), and 56412-002 (38H). These fire extinguishers may be installed on, but not limited to, aircraft, certificated in any category, specified in paragraphs (c)(1), (c)(2), (c)(3), (c)(4), (c)(5), and (c)(6) of this AD."
157b8d12-c115-446e-a4dc-d12077751fe2,d88e2641-dd39-4814-9f04-682a3c823bff,M174,26,FAA AD 2015-16-04,"To prevent fire extinguishers form failing to operate in the event of a fire, which could jeopardize occupants' safety and continuation of safe flight and landing",MIS,24-Aug-2015,DGCA/New-Misc/174,,,0:00,,"This AD applies to Kidde Graviner hand-operated fire extinguishers having part numbers 56412-001 (34H), 56411-001 (35H), and 56412-002 (38H). These fire extinguishers may be installed on, but not limited to, aircraft, certificated in any category, specified in paragraphs (c)(1), (c)(2), (c)(3), (c)(4), (c)(5), and (c)(6) of this AD. (1) BAE Systems (Operations) Limited Model ATP airplanes. (2) BAE Systems (Operations) Limited Model 4101 airplanes. (3) Airbus Defense and Space S.A. (Type Certificate previously held by EADS CASA; Construcciones Aeronauticas, S.A.). Refer AD."
157b8d12-c115-446e-a4dc-d12077751fe2,d88e2641-dd39-4814-9f04-682a3c823bff,M175,26,FAA AD 2015-15-14,"ATA 26, Fire protection, To dsetect and correct slolder deposited on the frangible plug of the fire edxtingusher, which could result in failiure of the fire extinguisher to discharge, and consequent inability to put out a fire in an engine or in the apu",MIS,04-Aug-2016,DGCA/New-Misc/175,,,0:00,,"This AD applies to all BAE Systems (Operations) Limited Model ATP airplanes, certificated in any category, all manufacturer serial numbers."
157b8d12-c115-446e-a4dc-d12077751fe2,d88e2641-dd39-4814-9f04-682a3c823bff,M176,35,FAA AD 2015-23-09,"ATA 35-Oxygen- To detect and correct affected oxygen mask regulators, which could lead, to inadequate protection to the affected flight crew against hypoxia. Hypoxia can start from a headache and drowsiness and lead eventually to unconsciousness with severe consequence in terms of airplane controllability.",MIS,04-Aug-2016,DGCA/New-Misc/176,,,0:00,,"This AD applies to Zodiac Aerotechnics (formerly Intertechnique Aircraft Systems) flightcrew oxygen mask regulators having part number MC10, MF10, and MF20 series, with serial numbers listed in Appendix 1 of Zodiac Services Service Bulletin MCF-SBU-35-001, Revision 1, dated December 3, 2012. These oxygen mask regulators are installed on various transport and small airplanes, certificated in any category, including, but not limited to, the airplanes of the manufacturers specified in paragraphs (c)(1), (c)(2), (c)(3), (c)(4), (c)(5), (c)(6), and (c)(7) of this AD. An oxygen mask regulator having part number MC10-04-127 with serial number 48573 is affected only if it is part of part number MSE101-27 with serial number 7521."
157b8d12-c115-446e-a4dc-d12077751fe2,d88e2641-dd39-4814-9f04-682a3c823bff,M177,35,FAA AD 2017-18-12,"ATA 35, Oxygen - To correct the unsafe condition on B/E Aerospace protective breathing equipment (PBE), P/N 119003-11.",MIS,25-Oct-2017,DGCA/New-Misc/177 R1,,,0:00,,"This AD applies to B/E Aerospace Protective Breathing Equipment (PBE), part number (P/N) 119003-11, that is installed on airplanes."
157b8d12-c115-446e-a4dc-d12077751fe2,d88e2641-dd39-4814-9f04-682a3c823bff,M178,26,EASA AD 2016-0024,ATA 26 - Fire Protection - Optical and Ambient Smoke Detectors - Identification / Replacement,MIS#,11-Aug-2016,DGCA/New-Misc/178,,,0:00,,"Part Number (P/N) PMC1102-02, P/N PMC3100-00 and P/N GMC1102-02 smoke detectors, having a date of manufacture (DMF, in digits as 'MMYYYY', e.g. 072010, see Appendix 2 of this AD) between November 2010 to January 2013 inclusive, and certain repaired units, as identified by P/N and serial number (s/n) in Appendix 1 of this AD."
157b8d12-c115-446e-a4dc-d12077751fe2,d88e2641-dd39-4814-9f04-682a3c823bff,M178,26,EASA AD 2016-0024,ATA 26 - Fire Protection - Optical and Ambient Smoke Detectors - Identification / Replacement,MIS#,11-Aug-2016,DGCA/NEW-MISC/178,,,0:00,,"Part Number (P/N) PMC1102-02, P/N PMC3100-00 and P/N GMC1102-02 smoke detectors, having a date of manufacture (DMF, in digits as 'MMYYYY', e.g. 072010, see Appendix 2 of this AD) between November 2010 to January 2013 inclusive, and certain repaired units, as identified by P/N and serial number (s/n) in Appendix 1 of this AD. These smoke detectors are known to be installed on, but not limited to: Airbus A330, A330 Freighter and A380 aeroplanes by the aeroplane manufacturer on the production line; and in service by Supplemental Type Certificate (STC) modification on certain Airbus A319 and A320, Bombardier CL-600-2B19 (Challenger 850), Boeing (formerly McDonnell Douglas) DC-9 series 80, and Boeing 737-400(BDSF), 767 and 747-8 aeroplanes."
157b8d12-c115-446e-a4dc-d12077751fe2,d88e2641-dd39-4814-9f04-682a3c823bff,M179,99,EASA AD 2016-0026,ATA 25 - Equipment / Furnishings - Emergency Parachute Rubber Bands - Replacement,MIS#,11-Aug-2016,DGCA/NEW-MISC/179,,,0:00,,"Type 10-30/24, 12-61/24 and 12-82/23 Emergency Parachutes, all variants, serial number (s/n) 13-227154 to s/n 14-227292 inclusive."
157b8d12-c115-446e-a4dc-d12077751fe2,d88e2641-dd39-4814-9f04-682a3c823bff,M179,100,EASA AD 2016-0026,ATA 25 - Equipment / Furnishings - Emergency Parachute Rubber Bands - Replacement,MIS#,11-Aug-2016,DGCA/New-Misc/179,,,0:00,,"Type 10-30/24, 12-61/24 and 12-82/23 Emergency Parachutes, all variants, serial number (s/n) 13-227154 to s/n 14-227292 inclusive."
157b8d12-c115-446e-a4dc-d12077751fe2,d88e2641-dd39-4814-9f04-682a3c823bff,M018,100,CAA AD 006-03-93,Inspection/replacement Equipment and furnishing passenger compartment.,MIS,21-Jun-2007,DGCA/New-Misc/18,,,0:00,,"Seat Model 121,Type: Elete, P/N:D11211F101, D1121F101/7, D1121F103, F105, F105/79, F107, F167/79, P109, F102, F102/79, F104, F106, F106/79, F108, P109/79, F110, F302."
157b8d12-c115-446e-a4dc-d12077751fe2,d88e2641-dd39-4814-9f04-682a3c823bff,M180,26,EASA AD 2016-0044,ATA 26 - Fire Protection - Engine and Auxiliary Power Unit Automatic Fire Extinguishers - Inspection/Overhaul,MIS#,11-Aug-2016,DGCA/New-Misc/180,,,0:00,,"Kidde Graviner Single Head Automatic Fire Extinguishers, Part Number (P/N) 12A, P/N 13A, P/N 59A, P/N 60A, P/N 99A, P/N 146A, P/N 161A, P/N 162A"
157b8d12-c115-446e-a4dc-d12077751fe2,d88e2641-dd39-4814-9f04-682a3c823bff,M180,26,EASA AD 2016-0044,ATA 26 - Fire Protection - Engine and Auxiliary Power Unit Automatic Fire Extinguishers - Inspection/Overhaul,MIS#,11-Aug-2016,DGCA/NEW-MISC/180,,,0:00,,"Kidde Graviner Single Head Automatic Fire Extinguishers, Part Number (P/N) 12A, P/N 13A, P/N 59A, P/N 60A, P/N 99A, P/N 146A, P/N 161A, P/N 162A, P/N 167A, P/N 170A, P/N 170A-02, P/N 182A, P/N 187A, P/N 229A(1), P/N 242A(1), P/N 236A, P/N 237A, P/N 241A, P/N 1167A, P/N 1187A, P/N 1200A, P/N 57133 series, P/N 57135 series, P/N 57183 series, P/N 57331 series, P/N 57333 series and P/N 57335 series, all serial numbers. The use of the word 'series' signifies that all dash numbers of those P/N are affected."
157b8d12-c115-446e-a4dc-d12077751fe2,d88e2641-dd39-4814-9f04-682a3c823bff,M181,100,EASA AD 2016-0151,ATA 28 - Fuel - Burner and Fuel Hoses - Identification / Replacement,MIS#,11-Aug-2016,DGCA/New-Misc/181,,,0:00,,"All balloon types and models, as specified in the referenced TCDS listed above, all serial numbers, if equipped with a Kubi?ek Burner with fuel hoses made of ""EGEFLEX"" material."
157b8d12-c115-446e-a4dc-d12077751fe2,d88e2641-dd39-4814-9f04-682a3c823bff,M181,100,EASA AD 2016-0151,ATA 28 - Fuel - Burner and Fuel Hoses - Identification / Replaceme,MIS#,11-Aug-2016,DGCA/NEW-MISC/181,,,0:00,,"All balloon types and models, as specified in the referenced TCDS listed above, all serial numbers, if equipped with a Kubi?ek Burner with fuel hoses made of ""EGEFLEX"" material."
157b8d12-c115-446e-a4dc-d12077751fe2,d88e2641-dd39-4814-9f04-682a3c823bff,M182,25,EASA AD 2016-0167,Equipment / Furnishing - Rear Cabin Attachment Seat- Inspection / Repair,MIS#,20-Jan-2017,DGCA/New-Misc/182,,,0:00,,"Manufacturer: Zodiac Seats France (Formerly Sicma Aero Seat). CAS 536-series attendant seats, having part number (P/N) 53600, all dash numbers, all serial numbers."
157b8d12-c115-446e-a4dc-d12077751fe2,d88e2641-dd39-4814-9f04-682a3c823bff,M183,25,EASA AD 2016-0210,Equipment / Furnishings - Seat Energy Absorber Assembly - Replacement,MIS#,20-Jan-2017,DGCA/New-Misc/183,,,0:00,,"Manufacturer: B/E Aerospace Fischer GmbH, formerly Fischer + Entwicklungen GmbH & Co. KG. Attendant Seats NG and Pilot Seats 120/335, all PartNumbers (P/N) and serial numbers (s/n) listed in Appendix I of this AD."
157b8d12-c115-446e-a4dc-d12077751fe2,d88e2641-dd39-4814-9f04-682a3c823bff,M183,25,EASA AD No. 2016-0210,Equipment / Furnishings - Seat Energy Absorber Assembly - Replacement,MIS#,20-Jan-2017,DGCA/New-Misc/183,,,0:00,,"Manufacturer: B/E Aerospace Fischer GmbH, formerly Fischer + Entwicklungen GmbH & Co. KG. Attendant Seats NG and Pilot Seats 120/335, all Part Numbers (P/N) and serial numbers (s/n) listed in Appendix I of this AD."
157b8d12-c115-446e-a4dc-d12077751fe2,d88e2641-dd39-4814-9f04-682a3c823bff,M184,28,EASA AD 2016-0211,Fuel-Cross Feed Fuel Pipe-Replacement,MIS#,20-Jan-2017,DGCA/New-Misc/184,,,0:00,,"BAE ATP aeroplanes, all serial numbers."
157b8d12-c115-446e-a4dc-d12077751fe2,d88e2641-dd39-4814-9f04-682a3c823bff,M185,25,EASA AD 2016-0256,Equipment / Furnishings - Pilot and Co-pilot Seats - Modification,MIS#,20-Jan-2017,DGCA/New-Misc/185,,,0:00,,"Manufacturer: IPECO Holding Ltd (previously IPECO Europe Ltd) Type 3A063 pilot and co-pilot seats, identified by Part Number (P/N) in Appendix 1 of this AD, all serial numbers."
157b8d12-c115-446e-a4dc-d12077751fe2,d88e2641-dd39-4814-9f04-682a3c823bff,M186,57,FAA AD 2016-16-11,"To detect and correct corrosion and cracking of the wing fixed leading edge and front spar structure, which could result in reduced structural integrity of the airplane.",MIS#,23-Jan-2017,DGCA/New-Misc/186,,,0:00,,"This AD applies to BAE Systems (Operations) Limited Model BAe 146-100A, -200A, and -300A series airplanes; and Model Avro 146-RJ70A, 146-RJ85A, and 146-RJ100A airplanes; certificated in any category, all serial numbers."
157b8d12-c115-446e-a4dc-d12077751fe2,d88e2641-dd39-4814-9f04-682a3c823bff,M186,27,FAA AD 2016-16-11,"To detect and correct corrosion and cracking of the wing fixed leading edge and front spar structure, which could result in reduced structural integrity of the airplane.",MIS#,23-Jan-2017,DGCA/New-Misc/186,,,0:00,,"This AD applies to BAE Systems (Operations) Limited Model BAe 146-100A, -200A, and -300A series airplanes; and Model Avro 146-RJ70A, 146-RJ85A, and 146-RJ100A airplanes; certificated in any category, all serial numbers."
157b8d12-c115-446e-a4dc-d12077751fe2,d88e2641-dd39-4814-9f04-682a3c823bff,M187,32,FAA AD 2016-18-11,"To prevent such cracking, which could result in depletion of the combined (left) and utility hydraulic system fluid and the nitrogen emergency blowdown system, failure of the combined (left) hydraulic system (all phrases) to provide adequate hydraulic pressure, and failure of the MLG to extend when commanded.",MIS#,23-Jan-2017,DGCA/New-Misc/187,,,0:00,,"This AD applies to the Gulfstream Aerospace Corporation airplanes, certificated in any category, identified in paragraphs (c)(1) through (c)(7) of this AD. (1) All Model G-1159 airplanes."
157b8d12-c115-446e-a4dc-d12077751fe2,d88e2641-dd39-4814-9f04-682a3c823bff,M188,27,FAA AD 2016-20-06,To prevent failure of the elevator assembly and consequent loss of control of the airplane.,MIS#,23-Jan-2017,DGCA/New-Misc/188,,,0:00,,"This AD applies to all Gulfstream Aerospace Corporation Model G-1159, G-1159A, G-1159B, and G-IV airplanes, certificated in any category."
157b8d12-c115-446e-a4dc-d12077751fe2,d88e2641-dd39-4814-9f04-682a3c823bff,M188,4,FAA AD 2016-20-06,To prevent failure of the elevator assembly and consequent loss of control of the airplane.,MIS#,23-Jan-2017,DGCA/New-Misc/188,,,0:00,,"This AD applies to all Gulfstream Aerospace Corporation Model G-1159, G-1159A, G-1159B, and G-IV airplanes, certificated in any category."
157b8d12-c115-446e-a4dc-d12077751fe2,d88e2641-dd39-4814-9f04-682a3c823bff,M189,4,FAA AD 2016-22-04,To ensure fatigue cracking of principal structural elements (PSEs) is detected and corrected; such fatigue cracking could result in reduced structural integrity of the PSEs and critical components.,MIS#,23-Jan-2017,DGCA/New-Misc/189,,,0:00,,"This AD applies to Gulfstream Aerospace Corporation Model GV airplanes, certificated in any category, serial numbers 501 through 693 inclusive and serial number 699; and Model GV-SP airplanes, certificated in any category, serial numbers 5001 through 5433 inclusive."
157b8d12-c115-446e-a4dc-d12077751fe2,d88e2641-dd39-4814-9f04-682a3c823bff,M189,32,FAA AD 2016-22-04,To ensure fatigue cracking of principal structural elements (PSEs) is detected and corrected; such fatigue cracking could result in reduced structural integrity of the PSEs and critical components.,MIS#,23-Jan-2017,DGCA/New-Misc/189,,,0:00,,"This AD applies to Gulfstream Aerospace Corporation Model GV airplanes, certificated in any category, serial numbers 501 through 693 inclusive and serial number 699; and Model GV-SP airplanes, certificated in any category, serial numbers 5001 through 5433 inclusive."
157b8d12-c115-446e-a4dc-d12077751fe2,d88e2641-dd39-4814-9f04-682a3c823bff,M019,23,"BVAD NO.93-050(AB)RI and SIL 3-92, Dt. Dec.11.1992",Collins- VHF-208 Transceivers identification plate.,MIS,03-Jul-1993,DGCA/New-Misc/19,,,0:00,,All COLLINS VHF-208 Transceivers
157b8d12-c115-446e-a4dc-d12077751fe2,d88e2641-dd39-4814-9f04-682a3c823bff,M019,11,BV AD NO.93-050(AB)RI,Collins- VHF-20 B Transreceivers Identification Plate.,MIS,03-Jul-1993,DGCA/New-Misc/19,,,0:00,,All COLLINS VHF 20B transceivers installed on aircraft
157b8d12-c115-446e-a4dc-d12077751fe2,d88e2641-dd39-4814-9f04-682a3c823bff,M 197,25,FAA AD 2017-22-02,"Joint Aircraft System Component (JASC) Code 2510, Flight Compartment Equipment.",MIS,27-Dec-2017,DGCA/NEW-MISC/197,,,0:00,,"(1) This AD applies to Ipeco Holdings Ltd. (Ipeco) pilot and co-pilot seats with a part number listed in the Planning Information section of Ipeco Service Bulletins (SBs) Number 063-25-08, Revision 00; Number 063-25-09, Revision 00; and Number 063-25-10, Revision 00; all dated May 31, 2016. (2) These seats are installed on, but not limited to, ATR-GIE Avions de Transport Regional ATR 42 and ATR 72 airplanes."
157b8d12-c115-446e-a4dc-d12077751fe2,d88e2641-dd39-4814-9f04-682a3c823bff,M 198,25,EASA AD No.: 2017-0225,ATA 25 - Equipment / Furnishings - Seat Restraint Systems - AFM Amendment / Modification,MIS,27-Dec-2017,DGCA/NEW-MISC/198,,,0:00,,"Schroth Safety Products (hereafter referred to as ""Schroth"" in this AD) seat restraint systems Part Number (P/N) 4-01-( ), P/N 4-02-( ), P/N 4-03-( ), P/N 4-04-( ), P/N 1-09-043201BCR, P/N 1-09-483D01 and P/N 510100-01 REVA, all dash numbers, all serial numbers, if equipped with a buckle type as listed in Appendix 1 of this AD."
157b8d12-c115-446e-a4dc-d12077751fe2,d88e2641-dd39-4814-9f04-682a3c823bff,M 199,78,FAA AD 2018-02-04,"Joint Aircraft System Component (JASC)/Air Transport Association (ATA) of America Code 7820, Exhaust Noise Suppressor.",MIS,04-Apr-2018,DGCA/NEW-MISC/199,,,0:00,,"This AD applies to Aerospace Welding Minneapolis, Inc. (AWI) mufflers"
157b8d12-c115-446e-a4dc-d12077751fe2,d88e2641-dd39-4814-9f04-682a3c823bff,M020,28,FAA AD 98-01-06,To prevent disruption of the fuel flow to the engine resulting in failure attain related power.,MIS,13-Feb-2007,DGCA/New-Misc/20,,,0:00,,"Precision Airmotive Corporation (formerly Facet Aerospace Products Corporation and Marvel-Schebler Corporation) Model MA-3, MA-3A, MA-3PA, MA-3SPA, MA-4SPA carburetors installed"
157b8d12-c115-446e-a4dc-d12077751fe2,d88e2641-dd39-4814-9f04-682a3c823bff,M020,28,FAA AD 98-01-06 and BLA AD1998-007-AB.,To prevent disruption of the fuel to thye engine resulting in failure attain related power.,MIS*,13-Feb-1998,DGCA/New-Misc/20,,,0:00,,"Precision Airmotive Corporation Model MA-3, MA-3A, MA-3PA, MA-3SPA, MA-4SPA carburetors installed but not limited to Lycoming O-235, O-290 and O-320 series engines."
157b8d12-c115-446e-a4dc-d12077751fe2,d88e2641-dd39-4814-9f04-682a3c823bff,M200,34,FAA AD 2018-03-04,"TO PREVENT INCORRECT AIRSPEED INDICATIONS DURING FLIGHT,WHICH COULD TO LEAD LOSS OF CONTROL.DUE TO DESIGN REDUNDANCY,THIS IS ONLY APPLICABLE IF MORE THAN ONE DEFICIENT PROBE IS INSTALLED.",MIS,30-May-2018,DGCA/NEW-MISC/200,,,0:00,,"This AD applies to Rosemount Aerospace, Inc. Model 851AK pitot probes that were repaired by CSI Aerospace Inc."
157b8d12-c115-446e-a4dc-d12077751fe2,d88e2641-dd39-4814-9f04-682a3c823bff,M 201,25,EASA AD 2018-0143-E,ATA 25 - Equipment / Furnishings - Towing Release Mechanism - Inspection,MIS,21-Aug-2018,DGCA/NEW-MISC/201,,,0:00,,"H 301 ""Libelle"", H 301 B, Standard Libelle, Standard Libelle 201 B, Standard Libelle 203, Glasflügel 604, BS 1, Kestrel, Club Libelle 205, Hornet, Hornet C, Mosquito, Mosquito B and Glasflügel 304 sailplanes, all manufacturer serial numbers, if equipped with a centre of gravity (C.G.) towing release mechanism."
157b8d12-c115-446e-a4dc-d12077751fe2,d88e2641-dd39-4814-9f04-682a3c823bff,M 202,25,FAA AD 2018-16-01,"Joint Aircraft System Component (JASC) Code 2510, Flight Compartment Equipment.",MIS,04-Sep-2018,DGCA/NEW-MISC/202,,,0:00,,This AD applies to attendant seats NG and pilot seats 120/335 with part numbers (P/Ns) and serial numbers (For further details refer AD)
157b8d12-c115-446e-a4dc-d12077751fe2,d88e2641-dd39-4814-9f04-682a3c823bff,M 203,25,EASA AD No.: 2018-0195,ATA 25 - Equipment / Furnishings - Restraint Systems Rotary Buckle Sub Assembly - Removal from Service,MIS,14-Sep-2018,DGCA/NEW-MISC/203,,,0:00,,"Model 358 torso restraint systems Part Number (P/N) 358XX XXX-XX-XXX (where XX XXX-XX-XXX can be any combination of numbers and/or letters), serial number (s/n) 738 to 1619 inclusive"
157b8d12-c115-446e-a4dc-d12077751fe2,d88e2641-dd39-4814-9f04-682a3c823bff,M 204,28,FAA AD 2018-17-11,Air Transport Association of America (ATA) Code 28: Fuel.,MIS,25-Sep-2018,DGCA/NEW-MISC/204,,,0:00,,"This AD applies to Linstrandt T30 part number (P/N) CY050001 propane cylinders, serial numbers (S/N) 0227/0158, 0316/-, 0321/-, 0322/0150, 0446/0152, 0534/0145, 0539/-, 0543/0154, 0626/0153, and 0638/0151; installed on hot air balloons."
157b8d12-c115-446e-a4dc-d12077751fe2,d88e2641-dd39-4814-9f04-682a3c823bff,M 205,25,EASA AD No.: 2018-0223,ATA 25 - Equipment / Furnishing - Seat Energy Absorber Assembly - Modification,MIS,26-Oct-2018,DGCA/NEW-MISC/205,,,0:00,,"Common Seats 170/260 H160, having a Part Number (P/N) and serial numbers (s/n) as identified in Annex A of the SB. These seats are known to be installed on, but not limited to, Airbus Helicopters (formerly Airbus Helicopters Deutschland GmbH, Eurocopter Deutschland GmbH, Eurocopter España S.A.) EC135 and EC635 helicopters; Airbus Helicopters (formerly Eurocopter, Eurocopter France, Aerospatiale) AS 332 L1 and EC 225 LP"
157b8d12-c115-446e-a4dc-d12077751fe2,d88e2641-dd39-4814-9f04-682a3c823bff,M 206,25,FAA AD : 2018-16-13,"Joint Aircraft System Component (JASC) 2500 Code, Cabin Equipment/Furnishings.",MIS,26-Oct-2018,DGCA/NEW-MISC/206,,,0:00,,"This AD applies to all Zodiac Seats France, 537-Series Cabin Attendant Seats, part number (P/N) 53701-( )( )-( )( )( )."
157b8d12-c115-446e-a4dc-d12077751fe2,d88e2641-dd39-4814-9f04-682a3c823bff,M 207,34,EASA AD 2018-0247,ATA 34 - Navigation - Transponders - Inspection / Modification,MIS,22-Nov-2018,DGCA/NEW-MISC/207,,,0:00,,"Trig Avionics TT31 Mode S transponders, Part Number (P/N) 00220-00-01, serial number (s/n) 05767 to 09715 inclusive, except those having modification (mod) level 7 or higher embodied. P/N 00220-00-01 may have been procured as part of Trig Avionics P/N 00225-00-01, which designates a kit composed of the transponder and its mounting tray; Avidyne Corporation AXP340 Mode S transponders, P/N 200-00247-0000, also marked with Trig Avionics P/N 01155-00-01, s/n 00801 to 01377 inclusive, except those with mod level 1 or higher embodied; and BendixKing / Honeywell International KT74 Mode S transponders P/N 89000007-000001, also marked with Trig Avionics P/N 01157-00-01, s/n 01143 to 02955 inclusive, except those with mod level 1 or higher embodied. P/N 89000007-000001 may have been procured as part of BendixKing / Honeywell International P/N 89000007-002001, which designates a kit composed of the transponder and its mounting tray."
157b8d12-c115-446e-a4dc-d12077751fe2,d88e2641-dd39-4814-9f04-682a3c823bff,M 209,25,EASA AD No.: 2018-0262,ATA 25 - Equipment / Furnishings - Pilot and Co-pilot Seats - Modification / Inspection,MIS*,14-Jan-2019,DGCA/NEW-MISC/209,,,0:00,,"Type 3A063 pilot and co-pilot seats, identified by Part Number (P/N) in Appendix 1 of this AD, all serial numbers. These seats are known to be installed on, but not limited to, ATR-GIE Avions de Transport Régional ATR 42 and ATR 72 aeroplanes."
157b8d12-c115-446e-a4dc-d12077751fe2,d88e2641-dd39-4814-9f04-682a3c823bff,DGCA/NEW-MISC/209R1,25,UK CAA AD: G-2022-0011,Equipment / Furnishings - Pilot & Co-Pilot Seats - Inspection / Modification.,MIS,29-Jun-2022,DGCA/NEW-MISC/209R1,,,0:00,,"Type 3A063 pilot and co-pilot seats, identified by Part Number (P/N) in Appendix 1 of this AD, all serial numbers. These seats are known to be installed on, but not limited to, ATR-GIE Avions de Transport Régional ATR 42 and ATR 72 aeroplanes."
157b8d12-c115-446e-a4dc-d12077751fe2,d88e2641-dd39-4814-9f04-682a3c823bff,M021,80,FAA priority let 94-06-09 &TCM critical SB 641,Inspection/Replacement affected magneto capacitors.,MIS#,20-May-1994,DGCA/New-Misc/21,,,0:00,,Teledyne Continental Motors (TCM) (formerly Bendix) magnetos new and rebuilt TCM Model SC-20(For P/N Further info refer AD)
157b8d12-c115-446e-a4dc-d12077751fe2,d88e2641-dd39-4814-9f04-682a3c823bff,M021,80,FAA priority let 94-06-09 &TCM critical SB 641 Dt:01-Feb-1994,Inspection/Replacement affected magneto capacitors.,MIS#,20-May-1994,DGCA/New-Misc/21,,,0:00,,Teledyne Continental Motors (TCM) (formerly Bendix) magnetos new and rebuilt TCM Model SC-20(For P/N Further info refer AD)
157b8d12-c115-446e-a4dc-d12077751fe2,d88e2641-dd39-4814-9f04-682a3c823bff,M021,80,FAA AD 94-06-09,Inspection/Replacement affected magneto capacitors.,MIS,20-May-1994,DGCA/New-Misc/21,,,0:00,,Teledyne Continental Motors (TCM) (formerly Bendix) magnetos new and rebuilt TCM Model SC-20(For P/N Further info refer AD)
157b8d12-c115-446e-a4dc-d12077751fe2,d88e2641-dd39-4814-9f04-682a3c823bff,M021,80,"FAA Priority Let. 94-06-09, And TCM Critical SB 641, Dt. 1.Feb.1994",Inspection/ Replacement Affected Magneto Capacitors.,MIS,20-May-1999,DGCA/New-Misc/21,,,0:00,,Teledyne Continental Motors (TCM) (formerly Bendix) magnetos new and rebuilt TCM Model SC-20(For P/N Further info refer AD)
157b8d12-c115-446e-a4dc-d12077751fe2,d88e2641-dd39-4814-9f04-682a3c823bff,M 210 R1,25,EASA AD No.: 2018-0264 R1,ATA 25 - Equipment / Furnishings - Life Vest Pouch - Inspection,MIS,09-Apr-2019,DGCA/New-Misc/210 R1,,,0:00,,"Centaurus Economy Class 13E, 13H and 13K passenger seats, having a Part Number (P/N) as identified in Appendix 1 of this AD, all serial numbers. These seats are known to be installed on, but not limited to, Boeing 777-200 and 777-300 aeroplanes."
157b8d12-c115-446e-a4dc-d12077751fe2,d88e2641-dd39-4814-9f04-682a3c823bff,M 212,34,EASA AD 2019-0004,ATA 34 - Navigation - Global Navigation Satellite System - Operational Limitations,MIS,30-Jan-2019,DGCA/NEW-MISC/212,,,0:00,,"Thales Global Positioning System/Satellite Based Augmentation System (GPS/SBAS) receivers, Topstar 200 LPV, identified by Part Number (P/N) C17149HA01 and P/N C17149JA02, using SBAS."
157b8d12-c115-446e-a4dc-d12077751fe2,d88e2641-dd39-4814-9f04-682a3c823bff,M 213,20,CF-2019-01,"Standard Practices - Helicopter External Transport System (HETS?) - Unapproved Parts, Inadequate Service Life Limits and Maintenance Requirements",MIS,30-Jan-2019,DGCA/NEW-MISC/213,,,0:00,,"HETS? certified under Transport Canada Supplemental Type Certificate (STC) SH98-35, Issue 1 and Issue 2 installed on the following helicopter models: Bell Helicopter Textron Canada Ltd. model 206B, 206L, 206L-1, 206L-3, 206L-4 and 407. Airbus Helicopters (formerly Eurocopter France) model AS 350 B, AS 350 B1, AS 350 B2, AS 350 B3, AS 350 BA and AS 350 D. Airbus Helicopters (formerly Eurocopter France) model AS 355 E, AS 355 F, AS 355 F1 and AS 355 F2. MD Helicopter Inc. model 369, 369A, 369H, 369HM, 369HS, 369HE, 369D, 369E, 369F, 369FF and 500N."
157b8d12-c115-446e-a4dc-d12077751fe2,d88e2641-dd39-4814-9f04-682a3c823bff,M 214,21,FAA AD 2018-25-17,"Joint Aircraft Service Component (JASC) Code: 2197, Air Conditioning System Wiring.",MIS,30-Jan-2019,DGCA/NEW-MISC/214,,,0:00,,"This AD applies to the following helicopters, certificated in any category: (1) Airbus Helicopters Model AS350B, AS350B1, AS350B2, AS350B3, AS350BA, AS350C, AS350D, and AS350D1 helicopters with an Air Comm air conditioning system part number (P/N) AS350-202-1, AS350-202-2, AS350-202-3, AS350-202-4, AS350-202-5, AS350-204-1, AS350-204-2, AS350-204-3, AS350-204-4, AS350-204-5, AS350-204-6, AS350-204-7, AS350-204-8, AS350-204-9, AS350-204-10, AS350-204-11, or AS350-204-12 installed. (2) Airbus Helicopters Model EC130B4 helicopters with an Air Comm air conditioning system P/N EC130-202-1, EC130-202-2, EC130-202-3, EC130-202-4, EC130-202-5, EC130-202-6, EC130-202-7, or EC130-202-8 installed. (3) Bell Helicopter Textron Canada Limited (Bell) Model 206A, 206B, 206L, 206L-1, 206L-3, and 206L-4 helicopters with an Air Comm air conditioning system P/N 206EC-200, 206EC-201, 206EC-202, 206EC-203, 206EC-204, 206EC-205, 206EC-206, 206EC-207, 206EC-208, 206EC-209, 206EC-210, 206EC-211, or 206EC-21"
157b8d12-c115-446e-a4dc-d12077751fe2,d88e2641-dd39-4814-9f04-682a3c823bff,M 215,34,FAA AD 2019-01-02,"Joint Aircraft System Component (JASC): 3410, Flight Environment Data; and 3420, Attitude and Direction Data System.",MIS,30-Jan-2019,DGCA/NEW-MISC/215,,,0:00,,"(1) This AD applies to Aspen Avionics, Inc., Evolution Flight Display (EFD) EFD1000 Primary Flight Display, EFD1000 Multi-Function Display (MFD), EFD1000 Emergency Backup Display, or EFD500 MFD units, that are installed on various aircraft and meet all conditions in paragraphs (c)(1)(i), (c)(1)(ii), and (c)(1)(iii) of this AD. (i) Software version 2.9 (SW 2.9) is installed; (ii) The Flight Information Service-Broadcast (FIS-B) Weather Interface option is enabled; and (iii) Independent airspeed, attitude, and altitude back-up instruments are not installed."
157b8d12-c115-446e-a4dc-d12077751fe2,d88e2641-dd39-4814-9f04-682a3c823bff,M216,25,EASA AD 2019-0010,ATA 25 - Equipment / Furnishing - Life Jacket - Removal / Repair,MIS,30-Jan-2019,DGCA/NEW-MISC/216,,,0:00,,"Life Jackets, having a Part Number (P/N) 210225-2, and Infant/Small Child Life Jackets, having P/N 216200-0 or P/N 216203-0, and having a serial number as identified in Appendix 1 of this AD."
157b8d12-c115-446e-a4dc-d12077751fe2,d88e2641-dd39-4814-9f04-682a3c823bff,M 217,35,FAA AD 2018-21-14,"Joint Aircraft System Component (JASC) Code 3510, Crew Oxygen System.",MIS,11-Mar-2019,DGCA/NEW-MISC/217,,,0:00,,"This AD applies to Zodiac Aerotechnics (Zodiac) MC10 series crew oxygen mask regulators fitted with an inflatable harness assembly, part number (P/N) MXH20-1 or MXH21-1."
157b8d12-c115-446e-a4dc-d12077751fe2,d88e2641-dd39-4814-9f04-682a3c823bff,M 218,25,FAA AD 2018-07-03,"Joint Aircraft System Component (JASC) Code 2500, Cabin Equipment/Furnishings.",MIS,04-Apr-2019,DGCA/NEW-MISC/218,,,0:00,,"This AD applies to all Zodiac Seats France, 536-Series Cabin Attendant Seats, part number (P/N) 53600, all dash numbers, all serial numbers. These appliances are installed on, but not limited to: Avions de transport regional (ATR) 42 and ATR 72 model airplanes of U.S. registry."
157b8d12-c115-446e-a4dc-d12077751fe2,d88e2641-dd39-4814-9f04-682a3c823bff,M 219,34,FAA AD 2017-22-14,"Joint Aircraft System Component (JASC)/Air Transport Association (ATA) of America Code 34, Navigation.",MIS*,20-May-2019,DGCA/NEW-MISC/219,,,0:00,,"Rockwell Collins, Inc. TSSA-4100 Field Loadable Software (FLS) Rockwell Collins part numbers (RCPNs) 810-0052-002, -003, -010, -011, -012, -100, or -101 found on TSS-4100 Traffic Surveillance System Processing Units, (RCPN) 822-2132-001 installed on airplanes."
157b8d12-c115-446e-a4dc-d12077751fe2,d88e2641-dd39-4814-9f04-682a3c823bff,M022,25,DGAC AD 1994-085(AB)R2,SICMA Aero seat-passenger seats-aft track fittings,MIS#,23-Jul-1999,DGCA/New-Misc/22,,,0:00,,"All SICMA AERO SEAT passenger seats equipped with SICMA aft track fittings P / N 90-000120-790-0, to be mounted on aircraft seat track."
157b8d12-c115-446e-a4dc-d12077751fe2,d88e2641-dd39-4814-9f04-682a3c823bff,M022,1,DGAC-AD 1994-085AB R2,SICMA Aero seat-passenger seats-aft track fitting.,MIS,21-Jun-2007,DGCA/New-Misc/22,,,0:00,,"All SICMA AERO SEAT passenger seats equipped with SICMA aft track fittings P/N 90-000120-790-0, to be mounted on aircraft seat track."
157b8d12-c115-446e-a4dc-d12077751fe2,d88e2641-dd39-4814-9f04-682a3c823bff,M 220,26,EASA AD 2019-0084,ATA 26 - Fire Protection - Fire Extinguisher Percussion Cartridge - Life Limit,MIS,20-May-2019,DGCA/NEW-MISC/220,,,0:00,,"Mystere-Falcon 50 aeroplanes (including F50EX commercial variant), all manufacturer serial numbers (MSN)."
157b8d12-c115-446e-a4dc-d12077751fe2,d88e2641-dd39-4814-9f04-682a3c823bff,M 221,34,FAA AD 2019-07-10,"Joint Aircraft Service Component (JASC) Code: 3420, Attitude and Directional Data System.",MIS,20-May-2019,DGCA/NEW-MISC/221,,,0:00,,"This AD applies to airplanes and helicopters, certificated in any category, with a Northrop Grumman LITEF GmbH LCR-100 Attitude and Heading Reference System (AHRS) unit part number (P/N) 145130-2000, 145130-2001, 145130-7000, 145130-7001, or 145130-7100 installed using analog outputs for primary flight information display or autopilot functions without automatic output compariso"
157b8d12-c115-446e-a4dc-d12077751fe2,d88e2641-dd39-4814-9f04-682a3c823bff,M 222,25,FAA AD 2019-08-01,"Joint Aircraft System Component (JASC) Code 2520, Passenger Compartment Equipment",MIS,20-May-2019,DGCA/NEW-MISC/222,,,0:00,,This AD applies to RECARO Aircraft Seating GmbH & Co. KG (RECARO) Model 3510A and 3510D passenger seats.
157b8d12-c115-446e-a4dc-d12077751fe2,d88e2641-dd39-4814-9f04-682a3c823bff,M 223,25,EASA AD 2019-0125,ATA 25 - Equipment / Furnishing - 9G NGS XL StepX Stretcher 1120050-Series - Modification.,MIS,16-Jun-2019,DGCA/NEW-MISC/223,,,0:00,,"Embraer ERJ 170-100 STD, ERJ 170-100 LR, ERJ 170-200 STD, ERJ 170-200 LR, ERJ 190-100 STD, ERJ 190-100 LR, ERJ 190-100 IGW, ERJ 190-100 ECJ, ERJ 190-100 SR, ERJ 190-200 STD, ERJ 190-200 LR and ERJ 190-200 IGW aeroplanes, all serial numbers (s/n), if modified to have an affected stretcher installed in accordance with EASA STC 10030758, formerly STC number EASA.A.S.03712."
157b8d12-c115-446e-a4dc-d12077751fe2,d88e2641-dd39-4814-9f04-682a3c823bff,M 224,34,FAA AD 2019-12-09,Joint Aircraft System Component (JASC)/Air Transport Association (ATA) of America Code 34; Navigation.,MIS,24-Jul-2019,DGCA/NEW-MISC/224,,,0:00,,"This AD applies to Rockwell Collins, Inc. (Rockwell Collins) Flight Display System Application FDSA-6500 part numbers 810-0234-1H0001, 810-0234-1H0002, 810-0234-1H0003, 810-0234- 2H0001, 810-0234-2C0001, 810-0234-2C0002, and 810-0234-4B0001. These appliances are installed on, but not limited to, Bombardier Inc. Model CL-600-2B16 (604 variant) airplanes and Textron Aviation Inc. Models 525B, B200, B200C, B200CGT, B200GT, B300, B300C, and C90GTi airplanes, certificated in any category."
157b8d12-c115-446e-a4dc-d12077751fe2,d88e2641-dd39-4814-9f04-682a3c823bff,M 225,34,FAA AD 2019-13-03,"Joint Aircraft System Component (JASC) Code 3452, ATC transponder system.",MIS,02-Aug-2019,DGCA/NEW-MISC/225,,,0:00,,"This AD applies to: (1) Trig Avionics Limited TT31 Mode S transponders, part number (P/N) 00220-00-01 and P/N 00225-00-01, with a serial number (S/N) from 05767 to S/N 09715 inclusive, and Modification (Mod) Level 6 or below, installed. (2) Avidyne Corporation AXP340 Mode S transponders, P/N 200-00247-0000, also marked with Trig Avionics P/N 01155-00-01, with a S/N from 00801 to S/N 01377 inclusive, and Mod Level 0, installed. (3) BendixKing/Honeywell International KT74 Mode S transponders, P/N 89000007-002001, also marked with Trig Avionics P/N 01157-00-01, with a S/N from 01143 to S/N 02955 inclusive, and Mod Level 0, installed."
157b8d12-c115-446e-a4dc-d12077751fe2,d88e2641-dd39-4814-9f04-682a3c823bff,M 226,25,FAA AD 2019-14-05,"Joint Aircraft System Component (JASC) Code 2510, Flight Compartment Equipment.",MIS,02-Aug-2019,DGCA/NEW-MISC/226,,,0:00,,"This AD applies to B/E Aerospace Fischer GmbH (B/E Aerospace Fischer) Common Seats 170/260 H160 with a part number and serial number combination listed in Annex A to B/E Aerospace Fischer Alert Service Bulletin (ASB) No. SB0718-004, Issue A, dated June 26, 2018."
157b8d12-c115-446e-a4dc-d12077751fe2,d88e2641-dd39-4814-9f04-682a3c823bff,M 228,46,FAA AD 2019-20-03,"Air Transport Association (ATA) of America Code 46, Information systems.",MIS,19-Nov-2019,DGCA/NEW-MISC/228,,,0:00,,AIRBUS SAS Model A 340-312 and -313 airplanes. Refer Reference AD for further details.
157b8d12-c115-446e-a4dc-d12077751fe2,d88e2641-dd39-4814-9f04-682a3c823bff,DGCA/NEW-MISC/228 R1,46,FAA AD: 2022-15-08,"Air Transport Association (ATA) of America Code 46, Information systems.",MIS,02-Sep-2022,DGCA/NEW-MISC/228 R1,,,0:00,,"Fokker F27 Mark 050, F28 Mark 3000, F28 Mark 0070 and F28 Mark 0100 aeroplanes; Airbus A318, A319, A320, A321, A330 and A340 aeroplanes; ATR42 and ATR72 aeroplanes; Boeing 737, 757, 767 and 777 aeroplanes; Bombardier (formerly Canadair) and MHI RJ Aviation ULC (formerly Bombardier) CL-600 aeroplanes; and De Havilland Aircraft of Canada (formerly Bombardier) DHC-8 aeroplanes; models and manufacturer serial numbers (MSN). (As per EASA AD 2021-0234)"
157b8d12-c115-446e-a4dc-d12077751fe2,d88e2641-dd39-4814-9f04-682a3c823bff,M023,32,BV AD 94-116(B),Up limit portion security,MIS#,21-May-1994,DGCA/New-Misc/23,,,0:00,,LUCAS AIR EQUIPMENT electric hoist P/N 76375-xxx and 76378-xxx equipped with electronic control boxes P/N 61148-xxx.
157b8d12-c115-446e-a4dc-d12077751fe2,d88e2641-dd39-4814-9f04-682a3c823bff,M023,100,BV AD 94-116(B),Up limit portion security.,MIS,21-Apr-1999,DGCA/New-Misc/23,,,0:00,,LUCAS AIR EQUIPMENT electric hoist P/N 76375-xxx and 76378-xxx equipped with electronic control boxes P/N 61148-xxx.
157b8d12-c115-446e-a4dc-d12077751fe2,d88e2641-dd39-4814-9f04-682a3c823bff,M023,100,BV AD 94-116(B),Up limit portion security,MIS,21-May-1994,DGCA/New-Misc/23,,,0:00,,LUCAS AIR EQUIPMENT electric hoist P/N 76375-xxx and 76378-xxx equipped with electronic control boxes P/N 61148-xxx.
157b8d12-c115-446e-a4dc-d12077751fe2,d88e2641-dd39-4814-9f04-682a3c823bff,M 230,34,FAA AD 2020-0802,"Joint Aircraft System Component (JASC) Code 3457, Global Positioning System.",MIS,03-Jun-2020,DGCA/NEW-MISC/230,,,0:00,,"This AD applies to Thales AVS France SAS (Thales) Global Positioning System/Satellite Based Augmentation System (GPS/SBAS) receivers, Topstar 200 LPV, part numbers (P/Ns) C17149JA02 and C17149HA01. These GPS/SBAS receivers are installed on, but not limited to, ATR-GIE Avions de Transport Régional (ATR) model ATR42 and ATR72 airplanes and Sikorsky Aircraft Corporation model S-76D helicopters, respectively."
157b8d12-c115-446e-a4dc-d12077751fe2,d88e2641-dd39-4814-9f04-682a3c823bff,M 231,23,FAA AD 2020-10-05,"Joint Aircraft System Component (JASC)/Air Transport Association (ATA) of America Code 3460, Flight Management Computing Hardware System.",MIS,01-Jul-2020,DGCA/NEW-MISC/231,,,0:00,,"This AD applies to Rockwell Collins, Inc. (Rockwell Collins) Pro Line 4 and Pro Line 21 Flight Management Systems installed on airplanes, certificated in any category, that has a flight management computer (FMC) with a Rockwell Collins part number (RCPN) listed in paragraph (c)(1) of this AD and with a configuration strapping unit (CSU) listed in paragraph (c)(2) of this AD. (1) FMC-3000 RCPN 822-0883-031, -036, -038, -040, -041, -053, -054, -056, -057, -058, -059, 060, -081, -082, -083, -084; FMC-4200 RCPN 822-0783-022, -025, -028, -032, -036, -039, -040; FMC-5000 RCPN 822-0891-021, -027, -028, -034, -040; or FMC-6000 RCPN 822-0868-074, -075, 082, -083, -084, -085, -087, -089, -090, -109, -110, -111, -112, -113, -114, -116, -117, -122, -123, 127, -130, -132, -133, -134, -139. (2) CSU-3100 RCPN 822-1363-002, CSU-4000 RCPN 822-0049-002, or CSU-4100 RCPN 8221364-002."
157b8d12-c115-446e-a4dc-d12077751fe2,d88e2641-dd39-4814-9f04-682a3c823bff,DGCA/NEW-MISC/237,25,FAA AD 2021-07-13,"Joint Aircraft Service Component (JASC) Code: 2500, Cabin Equipment/Furnishin gs.",MIS#,26-Apr-2021,DGCA/NEW-MISC/237,,,0:00,,"This airworthiness directive (AD) applies to Pacific Scientific Company rotary buckle assembly (buckle), part numbers (P/Ns) 1111430 and 1111475, all dash numbers. These buckles may be installed on but not limited to Bombardier Inc., Learjet Inc., Mitsubishi Heavy Industries, Ltd., Textron Aviation, Inc. (Type Certificate (TC) previously held by Cessna Aircraft Company), and Viking Air Limited (TC previously held by de Havilland, Inc.) model airplanes and Airbus Helicopters."
157b8d12-c115-446e-a4dc-d12077751fe2,d88e2641-dd39-4814-9f04-682a3c823bff,M024,34,BLA AD 95-053(AB),Naviagation VHF/NAV receiver modification,MIS#,01-Jul-1995,DGCA/New-Misc/24,,,0:00,,"Alliedsignal Avionics Inc. Model VN-41B VHF navigation receivers,P/N 066-1101-00,all S/N upto 4001 and P/N 066-1101-01, 066-1101-10, 066-1101-00,all S/N upto 10407."
157b8d12-c115-446e-a4dc-d12077751fe2,d88e2641-dd39-4814-9f04-682a3c823bff,M024,34,BLA AD 95-053(AB),Naviagation VHF/NAV receiver modification,MIS,07-Jan-1995,DGCA/New-Misc/24,,,0:00,,"Allied Signal Avionics Inc. Model VN-41B VHF navigation receivers, Part Number 066-1101-00, all Serial Number upto 4001 and Part Number 066-1101-01,066-1101-10, 066-1101-00,all Serial Number upto 10407."
157b8d12-c115-446e-a4dc-d12077751fe2,d88e2641-dd39-4814-9f04-682a3c823bff,M024,34,BLA AD 95-053(AB),Naviagation VHF/NAV receiver modification,MIS,01-Jul-1995,DGCA/New-Misc/24,,,0:00,,"Alliedsignal Avionics Inc. Model VN-41B VHF navigation receivers,P/N 066-1101-00,all S/N upto 4001 and P/N 066-1101-01, 066-1101-10, 066-1101-00,all S/N upto 10407."
157b8d12-c115-446e-a4dc-d12077751fe2,d88e2641-dd39-4814-9f04-682a3c823bff,DGCA/NEW-MISC/243 R2,26,EASA AD 2021-0185R2,ATA 26 - Fire Protection - Hand-operated Fire Extinguishers - Inspection / Replacement.,MIS,26-Sep-2022,DGCA/NEW-MISC/243 R2,,,0:00,,"HAFEX (Halon-free) hand-held fire extinguishers, having Part Number (P/N) P3APP003010A, P/N P3APP003010B or P/N P3APP003010C, all serial numbers (s/n)."
157b8d12-c115-446e-a4dc-d12077751fe2,d88e2641-dd39-4814-9f04-682a3c823bff,DGCA/NEW-MISC/246R1,34,FAA AD : 2023-10-02,"Air Transport Association (ATA) of America Code 31, Indicating/Recording System; 34, Navigation.",MIS#,04-Aug-2023,DGCA/NEW-MISC/246R1,,,0:00,,This AD applies to all transport and commuter category airplanes equipped with a radio (also known as radar) altimeter.
157b8d12-c115-446e-a4dc-d12077751fe2,d88e2641-dd39-4814-9f04-682a3c823bff,DGCA/NEW-MISC/247 R1,34,FAA AD 2023-11-07,"Air Transport Association (ATA) of America Code 3444, Ground Proximity System.",MIS,27-Jul-2023,DGCA/NEW-MISC/247 R1,,,0:00,,"This AD applies to all helicopters, certificated in any category, equipped with a radio (also known as radar) altimeter."
157b8d12-c115-446e-a4dc-d12077751fe2,d88e2641-dd39-4814-9f04-682a3c823bff,DGCA/NEW-MISC/248 R2,25,EASA AD : 2022-0029-E,ATA 25 - Equipment / Furnishings - Emergency Parachutes - Removal from Service,MIS,23-Feb-2022,DGCA/NEW-MISC/248 R2,,,0:00,,"ATL-88/90-1B (commercially known as ATL-15 SL) emergency parachutes, all serial numbers (s/n) manufactured from 2016."
157b8d12-c115-446e-a4dc-d12077751fe2,d88e2641-dd39-4814-9f04-682a3c823bff,DGCA/NEW-MISC/248 R3,25,EASA AD : 2022-0029 R1,ATA 25 - Equipment / Furnishings - Emergency Parachutes - Removal from Service / Modification.,MIS,02-May-2022,DGCA/NEW-MISC/248 R3,,,0:00,,"ATL-88/90-1B (commercially known as ATL-15 SL) emergency parachutes, all serial numbers (s/n) manufactured from 2016, having Part Number (P/N) 09994, P/N 09995 or P/N 09996 (no suffix)."
157b8d12-c115-446e-a4dc-d12077751fe2,d88e2641-dd39-4814-9f04-682a3c823bff,DGCA/NEW-MISC/249,34,EASA AD : 2022-0024,ATA 34 - Navigation - Flight Management Computer 2 / Navigation Modules - Operational Limitations / Amendment,MIS,02-Mar-2022,DGCA/NEW-MISC/249,,,0:00,,"Thales Flight Management Computer (FMC) 2 Navigation Modules (NAVM), identified by Part Number C13084CA03."
157b8d12-c115-446e-a4dc-d12077751fe2,d88e2641-dd39-4814-9f04-682a3c823bff,M025,79,FAA AD 96-12-22,Cessna engine oil filter adapter assembly,MIS#,31-Jul-1997,DGCA/New-Misc/25,,,0:00,,"Cessna Engine Oil Filter Adapters Assemblies, P/N 0450404-(all dash nos), 0556004-(all dash nos), 0556010-(all dash nos), 0756023-(all dash nos), 0756024-(all dash nos), 1250403-(all dash nos), 125041"
157b8d12-c115-446e-a4dc-d12077751fe2,d88e2641-dd39-4814-9f04-682a3c823bff,M025,79,FAA AD 96-12-22,Cessna engine oil filter adapter assembly,MIS,31-Jul-1997,DGCA/New-Misc/25,,,0:00,,"Cessna Engine Oil Filter Adapters Assemblies, P/N 0450404-(all dash nos), 0556004-(all dash nos), 0556010-(all dash nos), 0756023-(all dash nos), 0756024-(all dash nos), 1250403-(all dash nos), 125041"
157b8d12-c115-446e-a4dc-d12077751fe2,d88e2641-dd39-4814-9f04-682a3c823bff,M025,79,FAA AD 96-12-22,Cessna engine oil filter adapter assemblies,MIS*,31-Jul-1996,DGCA/New-Misc/25,,,0:00,,"Cessna Models:100,200,300 and 400 Series Airplanes,Rockwell-200 Series,Twin Commander-Model 500A and 685,Beech-33,35,36 and 55 Series,Piper-PA46 Series,navion-Rangemaster 17 Series etc. Cessna Engine Oil Filter Adapters Assemblies, P/N 0450404-(all dash nos), 0556004-(all dash nos), 0556010-(all dash nos), 0756023- (all dash nos), 0756024-(all dash nos), 1250403-(all dash nos),"
157b8d12-c115-446e-a4dc-d12077751fe2,d88e2641-dd39-4814-9f04-682a3c823bff,DGCA/NEW-MISC/250,28,FAA AD 2022-03-15,"Joint Aircraft System Component (JASC) Code 2841, Fuel Quantity Indicator.",MIS,23-Mar-2022,DGCA/NEW-MISC/250,,,0:00,,"This AD applies to all serial numbers of the airplane models listed in table 1 to paragraph (c), certificated in any category, that are either: 1.Modified with a Garmin G3X Touch Electronic Flight Instrument System 2. Modified with a Garmin GI 275 Multi-Function Display."
157b8d12-c115-446e-a4dc-d12077751fe2,d88e2641-dd39-4814-9f04-682a3c823bff,DGCA/NEW-MISC/251,26,FAA AD 2022-01-03,"Joint Aircraft Service Component (JASC) Code: 2622, Fire Bottle, Portable.",MIS,23-Mar-2022,DGCA/NEW-MISC/251,,,0:00,,This AD applies to Umlaut Engineering GmbH (previously P3 Engineering GmbH) HAFEX (Halon-free) hand-held P3HAFEX fire extinguisher (fire extinguisher) part numbers P3APP003010A and P3APP003010C.
157b8d12-c115-446e-a4dc-d12077751fe2,d88e2641-dd39-4814-9f04-682a3c823bff,DGCA/NEW-MISC/252,35,FAA AD 2022-04-09,"Air Transport Association (ATA) of America Code 35, Oxygen System.",MIS,31-Mar-2022,DGCA/NEW-MISC/252,,,0:00,,"This AD applies to AVOX Systems Inc. (formerly Scott Aviation) oxygen cylinder and valve assemblies having part number (P/N) 89794077, 89794015, 891511-14, 806835-01, 807982-01, or 808433-01."
157b8d12-c115-446e-a4dc-d12077751fe2,d88e2641-dd39-4814-9f04-682a3c823bff,DGCA/NEW-MISC/253,25,FAA AD: 2022-05-10,"Joint Aircraft Service Component (JASC) Code: 2500, Cabin Equipment/Furnishings.",MIS,18-Apr-2022,DGCA/NEW-MISC/253,,,0:00,,"This AD applies to helicopters, certificated in any category, with an externally-mounted Goodrich hoist assembly (hoist)."
157b8d12-c115-446e-a4dc-d12077751fe2,d88e2641-dd39-4814-9f04-682a3c823bff,DGCA/NEW-MISC/254,62,FAA AD 2022-06-05,"Joint Aircraft System Component (JASC) Code: 6200, Main Rotor System.",MIS,18-Apr-2022,DGCA/NEW-MISC/254,,,0:00,,"This AD applies to the following various restricted category helicopters with a main rotor hub strap pin (pin) part number 204-012-104-005 with a serial number prefix ""FNFS"""
157b8d12-c115-446e-a4dc-d12077751fe2,d88e2641-dd39-4814-9f04-682a3c823bff,DGCA/NEW-MISC/255,25,UK CAA AD: G-2022-0009,ATA 25 - Equipment / Furnishings - Lifejackets - Inspection.,MIS,13-May-2022,DGCA/NEW-MISC/255,,,0:00,,"Survitec Group Limited (hereafter referred to as ""Survitec"" in this AD) Lifejackets Type 102 Mk 3 (Adult) ,102 Mk 4 (Crew) and 105 Mk 1 (Infant)."
157b8d12-c115-446e-a4dc-d12077751fe2,d88e2641-dd39-4814-9f04-682a3c823bff,DGCA/NEW-MISC/256,85,FAA AD: 2022-16-03,"Joint Aircraft System Component (JASC) Code 8500, Engine (RECIPROCATING).",MIS,02-Sep-2022,DGCA/NEW-MISC/256,,,0:00,,"(1) Continental Aerospace Technologies, Inc. reciprocating engine. (2) Lycoming Engines and Textron Lycoming/Subsidiary of Textron, Inc. reciprocating engine."
157b8d12-c115-446e-a4dc-d12077751fe2,d88e2641-dd39-4814-9f04-682a3c823bff,M026,49,FAA AD 96-25-12,"To prevent compressor wheel rupture ,which could result in an uncontained APU failure and damage to the a/c",MIS#,13-Jan-1997,DGCA/New-Misc/26,,,0:00,,"Sundstrand Aerospace Models T-62T-40C series auxiliary power units (APUs), with compressor wheel, P/N 162690-1, 165111-1, and 167200-1"
157b8d12-c115-446e-a4dc-d12077751fe2,d88e2641-dd39-4814-9f04-682a3c823bff,M026,49,FAA AD 96-25-12,"To prevent compressor wheel rupture ,which could result in an uncontained APU failure and to the Aircraft.",MIS,13-Jan-1967,DGCA/New-Misc/26,,,0:00,,"Sundstrand Aerospace Models T-62T-40C series auxiliary power units (APUs), with compressor wheel, P/N 162690-1, 165111-1, and 167200-1"
157b8d12-c115-446e-a4dc-d12077751fe2,d88e2641-dd39-4814-9f04-682a3c823bff,M026,49,FAA AD 96-25-12,"To prevent compressor wheel rupture ,which could result in an uncontained APU failure and damage to the a/c",MIS,13-Jan-1997,DGCA/New-Misc/26,,,0:00,,"Sundstrand Aerospace Models T-62T-40C series auxiliary power units (APUs), with compressor wheel, P/N 162690-1, 165111-1, and 167200-1"
157b8d12-c115-446e-a4dc-d12077751fe2,d88e2641-dd39-4814-9f04-682a3c823bff,M027,25,BV AD 97-134(AB),SICMA AERO-SEAT(Pax Seat) Leg Collar,MIS#,28-Jul-1997,DGCA/New-Misc/27,,,0:00,,"Applicable to SICMA AERO-SEAT seats, For P/n and S/N refer this AD, equippped with leg collars P/N 95-000100-008-0."
157b8d12-c115-446e-a4dc-d12077751fe2,d88e2641-dd39-4814-9f04-682a3c823bff,M027,25,BV AD 97-134(AB),SICMA AERO-SEAT(Pax Seat) Leg Collar,MIS,28-Jul-1997,DGCA/New-Misc/27,,,0:00,,"Applicable to SICMA AERO-SEAT seats, For P/n and S/N refer this AD, equippped with leg collars P/N 95-000100-008-0."
157b8d12-c115-446e-a4dc-d12077751fe2,d88e2641-dd39-4814-9f04-682a3c823bff,M027,1,BV AD 97-134(AB),SICMA AERO-SEAT(Pax seat) leg collar,MIS,28-Jun-1997,DGCA/New-Misc/27,,,0:00,,"Applicable to SICMA AERO-SEAT seats, For P/n and S/N refer this AD, equippped with leg collars P/N 95-000100-008-0."
157b8d12-c115-446e-a4dc-d12077751fe2,d88e2641-dd39-4814-9f04-682a3c823bff,M028,31,FAA AD 98-14-03,To prevent transmission of misleading encoding altimeter information between affected A/C,MIS#,16-Aug-1998,DGCA/New-Misc/28,,,0:00,,"AlliedSignal KT 76A Air Traffic Control (ATC) transponders;P/N 066-1062-00/10/02; S/N 93,000 through 109,999"
157b8d12-c115-446e-a4dc-d12077751fe2,d88e2641-dd39-4814-9f04-682a3c823bff,M028,31,FAA AD 98-14-03,To prevent transmission of misleading encoding altimeter information between affected A/C,MIS,16-Aug-1998,DGCA/New-Misc/28,,,0:00,,"AlliedSignal KT 76A Air Traffic Control (ATC) transponders;P/N 066-1062-00/10/02; S/N 93,000 through 109,999"
157b8d12-c115-446e-a4dc-d12077751fe2,d88e2641-dd39-4814-9f04-682a3c823bff,M029,37,FAA AD 98-23-01 & BLA AD 1998-141/2,Vaccum dry air pump flexible coupling-Inspection/Replacement,MIS#,10-Nov-1998,DGCA/New-Misc/29,,,0:00,,"Airborne dry air pumps,conversion kits,coupling kits,with flexible coupling P/N B1-19-1 have date code of either ""12/97"" or ""5-6/98""."
157b8d12-c115-446e-a4dc-d12077751fe2,d88e2641-dd39-4814-9f04-682a3c823bff,M029,37,FAA AD 98-23-01,Vaccum dry air pump flexible coupling-Inspection/Replacement,MIS,10-Nov-1998,DGCA/New-Misc/29,,,0:00,,"Airborne dry air pumps,conversion kits,coupling kits,with flexible coupling P/N B1-19-1 have date code of either ""12/97"" or ""5-6/98""."
157b8d12-c115-446e-a4dc-d12077751fe2,d88e2641-dd39-4814-9f04-682a3c823bff,M029,100,FAA AD 98-23-01 and BLA AD 1998-141/2,Inspection/ Replacement of Vaccum Dry Air Pump Flexible Coupling,MIS,10-Nov-1998,DGCA/New-Misc/29,,,0:00,,"Airborne dry air pumps,conversion kits,coupling kits,with flexible coupling P/N B1-19-1 have date code of either ""12/97"" or ""5-6/98""."
157b8d12-c115-446e-a4dc-d12077751fe2,d88e2641-dd39-4814-9f04-682a3c823bff,M030,26,FAA AD 98-21-21R1,To prevent smoke and a possible fire in the cockpit caused by overheating of the electric door seal inflation systems,MIS#,01-May-2000,DGCA/New-Misc/30,,,0:00,,"Electric inflatable door seals equipped with Bob Fields aerocessories,IAW applicable supplemental type certificate(STC) or through field approval.(For further info refer AD)"
157b8d12-c115-446e-a4dc-d12077751fe2,d88e2641-dd39-4814-9f04-682a3c823bff,M030,26,FAA AD 98-21-21R1,To prevent smoke and possible fire in the cockpit caused by overheating of the electric door seal inflation syatem.,MIS,04-Jan-2000,DGCA/New-Misc/30,,,0:00,,"Electric inflatable door seals equipped with Bob Fields aerocessories,IAW applicable supplemental type certificate(STC) or through field approval.(For further info refer AD)"
157b8d12-c115-446e-a4dc-d12077751fe2,d88e2641-dd39-4814-9f04-682a3c823bff,M030,52,FAA AD 98-21-21R1,To prevent smoke and a possible fire in the cockpit caused by overheating of the electric door seal inflation systems,MIS,01-May-2000,DGCA/New-Misc/30,,,0:00,,"Electric inflatable door seals equipped with Bob Fields aerocessories,IAW applicable supplemental type certificate(STC) or through field approval.(For further info refer AD)"
157b8d12-c115-446e-a4dc-d12077751fe2,d88e2641-dd39-4814-9f04-682a3c823bff,M031,25,FAA AD 98-25-10 R1,To prevent failure of seat restraint system,MIS#,14-Jan-2000,DGCA/New-Misc/31,,,0:00,,"Aircraft Belts Model CS,CT,FM, FN,GK, GL,JD,JE,JTJU,MD,ME,MM,NB,PM,PN,RG, and RH seat restraint systems.(For futher info refer AD)"
157b8d12-c115-446e-a4dc-d12077751fe2,d88e2641-dd39-4814-9f04-682a3c823bff,M031,25,FAA AD 98-25-10 R1,To prevent failure of seat restraint system,MIS,14-Jan-2000,DGCA/New-Misc/31,,,0:00,,"Aircraft Belts Model CS,CT,FM, FN,GK, GL,JD,JE,JTJU,MD,ME,MM,NB,PM,PN,RG, and RH seat restraint systems.(For futher info refer AD)"
157b8d12-c115-446e-a4dc-d12077751fe2,d88e2641-dd39-4814-9f04-682a3c823bff,M031,1,FAA AD 98-25-10R1,To prevent failure of seat restraint system,MIS,14-Jan-2000,DGCA/New-Misc/31,,,0:00,,"Aircraft Belts INC; Model CS, CT, FM,FN,GK, GL, JD, JE, JTJU, MD,ME,MM,NB,PM,PN, RG, and RH seat restraint systems.(For futher info refer AD)."
157b8d12-c115-446e-a4dc-d12077751fe2,d88e2641-dd39-4814-9f04-682a3c823bff,M032,100,FAA AD 97-05-03(R1),To prevent deviation from intended flight path during a non precision approach.,MIS#,20-Apr-1999,DGCA/New-Misc/32,,,0:00,,"Models GNS-XLS and GNS-XL global positioning systems (GPS), P/N 17960-0102-XXXX and P/N 18355-0101-XXXX"
157b8d12-c115-446e-a4dc-d12077751fe2,d88e2641-dd39-4814-9f04-682a3c823bff,M032,100,FAA AD 97-05-03R1,To prevent deviation from intended flight path during a non precision approach.,MIS,20-Apr-1999,DGCA/New-Misc/32,,,0:00,,"Models GNS-XLS and GNS-XL global positioning systems (GPS),P/N 17960-0102-XXXX and P/N 18355-0101-XXXX"
157b8d12-c115-446e-a4dc-d12077751fe2,d88e2641-dd39-4814-9f04-682a3c823bff,M032,100,FAA AD 97-05-03(R1),To prevent deviation from intended flight path during a non precision approach.,MIS,20-Apr-1999,DGCA/New-Misc/32,,,0:00,,"Models GNS-XLS and GNS-XL global positioning systems (GPS), P/N 17960-0102-XXXX and P/N 18355-0101-XXXX"
157b8d12-c115-446e-a4dc-d12077751fe2,d88e2641-dd39-4814-9f04-682a3c823bff,M033,35,FAA AD 99-08-21,To prevent reduced Oxygen consumption when passengers are required to use defective oxygen masks which could result in passenger injury,MIS#,02-Jun-1999,DGCA/New-Misc/33,,,0:00,,Puritan-Bennett Aero Systems Company C351-2000 Series Passenger Oxygen Masks and Portable Oxygen Masks(For P/N Refer AD)
157b8d12-c115-446e-a4dc-d12077751fe2,d88e2641-dd39-4814-9f04-682a3c823bff,M033,35,FAA AD 99-08-21,To prevent reduced Oxygen consumption when passengers are required to use defective oxygen masks which could result in passenger injury,MIS,02-Jun-1999,DGCA/New-Misc/33,,,0:00,,Puritan-Bennett Aero Systems Company C351-2000 Series Passenger Oxygen Masks and Portable Oxygen Masks(For P/N Refer AD).
157b8d12-c115-446e-a4dc-d12077751fe2,d88e2641-dd39-4814-9f04-682a3c823bff,M033,35,FAA AD 99-08-21,To prevent reduced Oxygen consumption when passengers are required to use defective oxygen masks.which could result in passenger inquiry,MIS,06-Feb-1999,DGCA/New-Misc/33,,,0:00,,Puritan-Bennett Aero Systems Company C351-2000 Series Passenger Oxygen Masks and Portable Oxygen Masks(For P/N Refer AD)
157b8d12-c115-446e-a4dc-d12077751fe2,d88e2641-dd39-4814-9f04-682a3c823bff,M034,23,DGCA AD 1999-298(AB) R2,Allied Signal - VHF COM receiver bandwidth reduction,MIS#,12-Mar-2005,DGCA/New-Misc/34,,,0:00,,Referenced AD Cancelled by DGAC Authority.
157b8d12-c115-446e-a4dc-d12077751fe2,d88e2641-dd39-4814-9f04-682a3c823bff,M034,23,DGCA AD 1999-298 (AB) R2,Allied Signal-VHF COM receiver bandwidth reduction,MIS#,07-Jul-1999,DGCA/New-Misc/34,,,0:00,,AD Cancelled by DGAC Authority.
157b8d12-c115-446e-a4dc-d12077751fe2,d88e2641-dd39-4814-9f04-682a3c823bff,M034,34,DGAC AD 1999-298(AB) R2,Allied Signal-VHF COM receiver bandwidth reduction,MIS#,07-Aug-1999,DGCA/New-Misc/34,,,0:00,,"Concerns KX175B, KX175BE, KY195B, KY195BE equipment type all serial number."
157b8d12-c115-446e-a4dc-d12077751fe2,d88e2641-dd39-4814-9f04-682a3c823bff,M034,23,DGCA AD 1999-298(AB),Allied Signal-VHF COM receiver bandwidth reduction,MIS,07-Aug-1999,DGCA/New-Misc/34,,,0:00,,"Concerns KX175B, KX175BE, KY195B, KY195BE equipment type all serial number."
157b8d12-c115-446e-a4dc-d12077751fe2,d88e2641-dd39-4814-9f04-682a3c823bff,M036,34,FAA A 99-12-06,To prevent VHF Navigation receiver interference from FM radio station broadcast frequencies,MIS#,23-Jul-1999,DGCA/New-Misc/36,,,0:00,,"AlliedSignal Inc. VN 411B Very High Frequency (VHF) Navigation Receivers For P/N,S/N refer AD."
157b8d12-c115-446e-a4dc-d12077751fe2,d88e2641-dd39-4814-9f04-682a3c823bff,M036,23,FAA A 99-12-06,To prevent VHF Nav receiver interferencefrom FM radio station broadcast frequency,MIS,23-Jul-1999,DGCA/New-Misc/36,,,0:00,,"AlliedSignal Inc. VN 411B Very High Frequency (VHF) Navigation Receivers For Part Number,Serial Number refer AD."
157b8d12-c115-446e-a4dc-d12077751fe2,d88e2641-dd39-4814-9f04-682a3c823bff,M037,34,FAA AD 99-23-22R2,"Various Transport Category Airplanes Equipped With Air Traffic Control (ATC) Transponders Manufactured by Rockwell Collins, Inc.",MIS#,20-Apr-2000,DGCA/New-Misc/37,,,0:00,,"Transport category airplanes, certificated in any category, equipped with any Mode ""C"" transponder with single Gillham code altitude input,For P/N's refer AD."
157b8d12-c115-446e-a4dc-d12077751fe2,d88e2641-dd39-4814-9f04-682a3c823bff,M037,34,FAA AD 99-23-22R2,To prevent false traffic alert collision avoidance system (TACAS II),MIS,20-Apr-2000,DGCA/New-Misc/37,,,0:00,,"Transport category airplanes, certificated in any category, equipped with any Mode ""C"" transponder with single Gillham code altitude input,For P/N's refer AD."
157b8d12-c115-446e-a4dc-d12077751fe2,d88e2641-dd39-4814-9f04-682a3c823bff,M037,23,FAA AD 99-23-22R2,To prevent false traffic alert collision avoidance system (TACAS),MIS,20-Jun-2000,DGCA/New-Misc/37,,,0:00,,"Transport category airplanes, certificated in any category, equipped with any Mode ""C"" transponder with single Gillham code altitude input,For P/N's refer AD."
157b8d12-c115-446e-a4dc-d12077751fe2,d88e2641-dd39-4814-9f04-682a3c823bff,M038,34,FAA AD 99-23-24,To ensure the ILS receiver provide the flight crew with accurate glide slope path.,MIS#,20-Apr-2000,DGCA/New-Misc/38,,,0:00,,"RIA-32A instrument landing system (ILS) navigation receivers, P/N 2070724-3201 and -3203 installed."
157b8d12-c115-446e-a4dc-d12077751fe2,d88e2641-dd39-4814-9f04-682a3c823bff,M038,34,FAA AD 99-23-24,To ensure the ILS receiver provide the flight crew with accurate glide slope path.,MIS,20-Apr-2000,DGCA/New-Misc/38,,,0:00,,"RIA-32A instrument landing system (ILS) navigation receivers, P/N 2070724-3201 and -3203 installed."
157b8d12-c115-446e-a4dc-d12077751fe2,d88e2641-dd39-4814-9f04-682a3c823bff,M038,34,FAA AD 99-23-24,To ensure the ils receiver provide the flight crew with accurate glide slope path.,MIS,12-Jun-1999,DGCA/New-Misc/38,,,0:00,,"RIA-32A instrument landing system (ILS) navigation receivers,P/N 2070724-3201 and -3203 installed."
157b8d12-c115-446e-a4dc-d12077751fe2,d88e2641-dd39-4814-9f04-682a3c823bff,M039,37,FAA AD 99-24-10,Revised operating limitations for the affected standby vaccum systems in to the airoplane flight manual,MIS#,14-Jan-2000,DGCA/New-Misc/39,,,0:00,,"Model SVS III standby vacuum systems installed, but not limited to refer this AD."
157b8d12-c115-446e-a4dc-d12077751fe2,d88e2641-dd39-4814-9f04-682a3c823bff,M039,37,FAA AD 99-24-10,Revised operating limitations for the affected standby vaccum systems in to the airoplane flight manual,MIS,14-Jan-2000,DGCA/New-Misc/39,,,0:00,,"Model SVS III standby vacuum systems installed, but not limited to refer this AD."
157b8d12-c115-446e-a4dc-d12077751fe2,d88e2641-dd39-4814-9f04-682a3c823bff,M039,37,FAA AD 99-24-10,Revised operating limitations for the affected standby vaccum systems in to the airoplane flight manual,MIS*,14-Jan-2000,DGCA/New-Misc/39,,,0:00,,"Model SVS III Standby Vacuum systems installed, but not limited to refer this AD."
157b8d12-c115-446e-a4dc-d12077751fe2,d88e2641-dd39-4814-9f04-682a3c823bff,M040,25,DGAC AD 2000-042(AB),Third Occupant Seat Head Rest Locking Point,MIS#,23-Mar-2000,DGCA/New-Misc/40,,,0:00,,"All Model A319, A320, and A321 aircraft which have the SICMA Aero Seat 133 series third occupant seats For P/N and S/N refer AD."
157b8d12-c115-446e-a4dc-d12077751fe2,d88e2641-dd39-4814-9f04-682a3c823bff,M040,25,DGCA AD 2000-042(AB),Third Occupant Seat Head Rest Locking Point,MIS,23-Mar-2000,DGCA/New-Misc/40,,,0:00,,"All Model A319, A320, and A321 aircraft which have the SICMA Aero Seat 133 series third occupant seats For P/N and S/N refer AD."
157b8d12-c115-446e-a4dc-d12077751fe2,d88e2641-dd39-4814-9f04-682a3c823bff,M040,1,DGCA AD 2000-042(AB),Trird Occupant Seat Head Rest Locking Point,MIS,23-Jan-2000,DGCA/New-Misc/40,,,0:00,,"All Model A319, A320, and A321 aircraft which have the SICMA Aero Seat 133 series third occupant seats For Part Number and Serial Number refer AD."
157b8d12-c115-446e-a4dc-d12077751fe2,d88e2641-dd39-4814-9f04-682a3c823bff,M041,1,DGAC AD 2002-505(AB),IFE electric harness protection in central foldable armrest.,MIS#,12-Oct-2002,DGCA/New-Misc/41,,,0:00,,Sicma Aero Seat 9801 and 9802 Series passenger seats listed in Para A of Sicma Aero Seat SB 98-25-014 Issue 1 dt.1 Oct 2001.
157b8d12-c115-446e-a4dc-d12077751fe2,d88e2641-dd39-4814-9f04-682a3c823bff,M041,1,DGAC AD 2002-505(AB),IFE electric harness protection in central foldable armrest,MIS,12-Oct-2002,DGCA/New-Misc/41,,,0:00,,Sicma Aero Seat 9801 and 9802 Series passenger seats listed in Para A of Sicma Aero Seat SB 98-25-014 Issue 1 dt.1 Oct 2001.
157b8d12-c115-446e-a4dc-d12077751fe2,d88e2641-dd39-4814-9f04-682a3c823bff,M042,34,FAA AD 2000-05-24,Inspect the autopilot servo actuator for a loose fastener.,MIS#,21-Apr-2000,DGCA/New-Misc/42,,,0:00,,"Any aircraft, certificated in any category,equipped with Honeywell KAP 140 or KFC 225 autopilot system.For P/N and S/N refer chart presented in this AD."
157b8d12-c115-446e-a4dc-d12077751fe2,d88e2641-dd39-4814-9f04-682a3c823bff,M042,22,FAA AD 2000-05-24,Inspect the Autopilot servo actuator for a loose fastener.,MIS,12-Apr-2000,DGCA/New-Misc/42,,,0:00,,"Any aircraft, certificated in any category,equipped with Honeywell KAP 140 or KFC 225 autopilot system.For P/N and S/N refer chart presented in this AD."
157b8d12-c115-446e-a4dc-d12077751fe2,d88e2641-dd39-4814-9f04-682a3c823bff,M042,22,FAA AD 2000-05-24,Inspect the autopilot servo actuator for a loose fastener.,MIS,21-Apr-2000,DGCA/New-Misc/42,,,0:00,,"Any aircraft, certificated in any category, equipped with Honeywell KAP 140 or KFC 225 autopilot system. For P/N and S/N refer chart presented in this AD."
157b8d12-c115-446e-a4dc-d12077751fe2,d88e2641-dd39-4814-9f04-682a3c823bff,M043,49,FAA AD 2000-04-24,To prevent an uncontained APU failure and damage to the Airplane,MIS#,08-May-2000,DGCA/New-Misc/43,,,0:00,,"Honeywell International (formerly AlliedSignal Inc.) 36-300(A), 36-280(B), and 36-280(D) series APUs, with load compressor impellers, P/Ns 3822270-4, or 3822270-5, installed."
157b8d12-c115-446e-a4dc-d12077751fe2,d88e2641-dd39-4814-9f04-682a3c823bff,M043,49,FAA AD 2000-04-24,To prevent an uncontained APU failure and damage to the airplane,MIS,08-May-2000,DGCA/New-Misc/43,,,0:00,,"Honeywell International (formerly AlliedSignal Inc.) 36-300(A), 36-280(B), and 36-280(D) series APUs, with load compressor impellers, P/Ns 3822270-4, or 3822270-5, installed."
157b8d12-c115-446e-a4dc-d12077751fe2,d88e2641-dd39-4814-9f04-682a3c823bff,M044,1,DGAC AD 2002-471(AB)R1,SICMA AERO SEAT-Modification of seat belt attachment fitting,MIS#,07-Dec-2000,DGCA/New-Misc/44,,,0:00,,"PSICMA AERO SEAT P/N 91xx,93xx, 95xx, 96xx,97xx,98xx, 99xx, 9Axx, 9Bxx,9Cxx,listed in Annex 1 of SB 91-25-045"
157b8d12-c115-446e-a4dc-d12077751fe2,d88e2641-dd39-4814-9f04-682a3c823bff,M044,1,DGAC AD2002-471AB R1,SICMA AERO seat -modification of seat belt attachment fittings.,MIS,07-Dec-2002,DGCA/New-Misc/44,,,0:00,,"PSICMA AERO SEAT P/N 91xx, 93xx, 95xx, 96xx, 97xx,98xx, 99xx, 9Axx, 9Bxx, 9Cxx listed in Annex 1 of SB 91-25-045."
157b8d12-c115-446e-a4dc-d12077751fe2,d88e2641-dd39-4814-9f04-682a3c823bff,M045,34,FAA AD 2000-07-27,To prevent loss of the main sources of attitude data,MIS#,03-May-2000,DGCA/New-Misc/45,,,0:00,,Transport category airplanes certificated in any category; equipped with any Honeywell air data inertial reference unit (ADIRU) having S/N 0841 and P/N as listed in this AD.
157b8d12-c115-446e-a4dc-d12077751fe2,d88e2641-dd39-4814-9f04-682a3c823bff,M045,34,FAA AD 200-07-27,To prevent loss of the main sources of attitude data,MIS#,03-May-2000,DGCA/New-Misc/45,,,0:00,,Transport category airplanes certificated in any category; equipped with any Honeywell air data inertial reference unit (ADIRU) having S/N 0841 and P/N as listed in this AD.
157b8d12-c115-446e-a4dc-d12077751fe2,d88e2641-dd39-4814-9f04-682a3c823bff,M045,100,FAA AD 2000-07-27,To prevent loss of the main sources of attitude data,MIS,03-May-2000,DGCA/New-Misc/45,,,0:00,,Transport category airplanes certificated in any category; equipped with any Honeywell air data inertial reference unit (ADIRU) having S/N 0841 and P/N as listed in this AD.
157b8d12-c115-446e-a4dc-d12077751fe2,d88e2641-dd39-4814-9f04-682a3c823bff,M046,80,FAA AD 99-04-04,"To prevent the failure of the magneto impulse coupling assembly,resulting in seizure of the engine",MIS#,25-Feb-1999,DGCA/New-Misc/46,,,0:00,,"Textron Lycoming O-540-B2B5, B2C5, E4B5, E4C5, G1A5, G2A5, IO-540-K1A5, K1B5,K1G5 reciprocating model engines equipped with Slick Aircraft Products magneto model numbers 6251, 6252, 6255, 6351 and 635"
157b8d12-c115-446e-a4dc-d12077751fe2,d88e2641-dd39-4814-9f04-682a3c823bff,M046,80,FAA AD 99-04-04,"To prevent the failure of the magneto impulse coupling, Resulting in seizure of engine",MIS,25-Feb-1999,DGCA/New-Misc/46,,,0:00,,"Textron Lycoming O-540-B2B5, B2C5, E4B5,E4C5,G1A5,G2A5,IO-540-K1A5, K1B5,K1G5,Slick magneto no. 6251, 6252,6255,6351,6355."
157b8d12-c115-446e-a4dc-d12077751fe2,d88e2641-dd39-4814-9f04-682a3c823bff,M047,25,FAR 121.314 (c),Cargo and baggage compartment,MIS#,24-Jul-2007,DGCA/New-Misc/47,,,0:00,,1. Turboprop aeroplane having a type certified Pax seating capacity of 10 or more excluding crew seat. 2. Turbojet aeroplane irrespective of
157b8d12-c115-446e-a4dc-d12077751fe2,d88e2641-dd39-4814-9f04-682a3c823bff,M047,25,FAR 121.314 (c),Cargo and baggage compartment,MIS#,19-Mar-1998,DGCA/New-Misc/47,,,0:00,,Turboprop aeroplane having a type certified Pax seating capacity of 10 or more excluding crew seat. or Turbojet aeroplanes.
157b8d12-c115-446e-a4dc-d12077751fe2,d88e2641-dd39-4814-9f04-682a3c823bff,M047,100,FAR 121.314(c),Cargo & Baggage Compartment,MIS,22-Jun-2007,DGCA/New-Misc/47,,,0:00,,1. Turboprop aeroplane having a type certified Pax seating capacity of 10 or more excluding crew seat. 2. Turbojet aeroplane irrespective of
157b8d12-c115-446e-a4dc-d12077751fe2,d88e2641-dd39-4814-9f04-682a3c823bff,M048,22,FAA AD 2001-10-09,To prevent undesirable auto trim command.,MIS,15-Jun-2001,DGCA/New-Misc/48,,,0:00,,"Model AS350B, BA, B1, B2, B3, D, and AS355E, F, F1, F2, and N helicopters, with Crouzet single-pole circuit breaker, P/N 84 400 028,P/N 84 400 031 through P/N 84 400 036,"
157b8d12-c115-446e-a4dc-d12077751fe2,d88e2641-dd39-4814-9f04-682a3c823bff,M049,34,FAA Emergency AD 2001-14-51,To prevent inaccurate navigation due to incorrect bearing information.,MIS#,29-Jun-2001,DGCA/New-Misc/49,,,0:00,,"All General Aviation aircraft equipped with UPS Aviation Technologies,Model Apollo SL30 very-high-frequency navigation/ communication (VHF NAV/COMM) radio having P/N 430-6040-300/430-6040-301;"
157b8d12-c115-446e-a4dc-d12077751fe2,d88e2641-dd39-4814-9f04-682a3c823bff,M049,34,FAA AD 2001-14-51,To prevent inaccurate navigation due to incorrect bearing information.,MIS#,29-Jun-2001,DGCA/New-Misc/49,,,0:00,,"All General Aviation aircraft equipped with UPS Aviation Technologies,Model Apollo SL30 very-high-frequency navigation/communication (VHF NAV/COMM) radio having P/N 430-6040-300/430-6040-301"
157b8d12-c115-446e-a4dc-d12077751fe2,d88e2641-dd39-4814-9f04-682a3c823bff,M049,34,FAA AD 2001-14-51,To prevent inaccurate navigation due to incorrect bearing information.,MIS,30-Jul-2001,DGCA/New-Misc/49,,,0:00,,"All General Aviation aircraft equipped with UPS Aviation Technologies,Model Apollo SL30 very-high-frequency navigation/communication (VHF NAV/COMM) radio having P/N 430-6040-300/430-6040-301"
157b8d12-c115-446e-a4dc-d12077751fe2,d88e2641-dd39-4814-9f04-682a3c823bff,M050,23,FAA AD 2001-15-17,To modify the altitude encoder inputs of the CTL-92 transponder control panels.,MIS#,20-Aug-2001,DGCA/New-Misc/50,,,0:00,,"CTL-92 transponder control panel P/N 622-6523-204/-205/-206/-207/-208, S/N as specified in Rockwell SB 33 (CTL-92-34-33),"
157b8d12-c115-446e-a4dc-d12077751fe2,d88e2641-dd39-4814-9f04-682a3c823bff,M050,23,FAA AD 2001-15-17,To modify the altitude encoder inputs of the CTL-92 transponder control panels.,MIS,20-Aug-2001,DGCA/New-Misc/50,,,0:00,,"CTL-92 transponder control panel P/N 622-6523-204/-205/-206/-207/-208, S/N as specified in Rockwell SB 33 (CTL-92-34-33),"
157b8d12-c115-446e-a4dc-d12077751fe2,d88e2641-dd39-4814-9f04-682a3c823bff,M051,28,FAA AD 2004-25-16 R1,To prevent failure of the fuel regulator shutoff valve,MIS#,20-Jun-2005,DGCA/New-Misc/51 R1,,,0:00,,"aircraft equipped with fuel regulator shutoff valve P/N 14D11, A14D11, B14D11, C14D11, 23D04, A23D04, B23D04, C23D04, or P23D04 used with B1500, B2030, B2500, B3040, B3500, B4050, or B4500 B-Series co"
157b8d12-c115-446e-a4dc-d12077751fe2,d88e2641-dd39-4814-9f04-682a3c823bff,M051,28,FAA AD 2004-25-16 R1,To prevent failure of the fuel regulator shutoff valve,MIS#,20-Jun-2005,DGCA/New-Misc/51 R2,,,0:00,,"Aircraft equipped with fuel regulator shutoff valve P/N 14D11, A14D11, B14D11, C14D11, 23D04, A23D04, B23D04, C23D04, or P23D04 used with B1500, B2030, B2500, B3040, B3500, B4050, or B4500 B-Series combustion Heaters."
157b8d12-c115-446e-a4dc-d12077751fe2,d88e2641-dd39-4814-9f04-682a3c823bff,M051,28,FAA AD 2004-25-16 Rev 2,To prevent failure of the fuel regulator shutoff valve,MIS,20-Jun-2005,DGCA/New-Misc/51 Rev 2,,,0:00,,"This AD applies to aircraft equipped with a fuel regulator shutoff valve part number (P/N) 14D11, A14D11, B14D11, C14D11, 23D04, A23D04, B23D04, C23D04, or P23D04 used with B1500, B2030, B2500, B3040, B3500, B4050, or B4500 B-Series combustion heaters"
157b8d12-c115-446e-a4dc-d12077751fe2,d88e2641-dd39-4814-9f04-682a3c823bff,M052,73,DGAC AD2001-17-15,To prevent engine fuel pump failure.,MIS#,16-Aug-2001,DGCA/New-Misc/52,,,0:00,,"Honeywell LTS101-600A-2, -600A-3 and -600A-3A series turboshaft and LTP101-600A-1A, -700A-1A series turboprop engines incorporating CECO engine fuel pumps, P/N 4-301-128-01, -02, -03, -04, -05, -06, -"
157b8d12-c115-446e-a4dc-d12077751fe2,d88e2641-dd39-4814-9f04-682a3c823bff,M052,73,FAA AD 2001-17-15,To prevent engine fuel pump failure.,MIS#,16-Aug-2001,DGCA/New-Misc/52,,,0:00,,"Honeywell LTS101-600A-2, -600A-3 and -600A-3A series turboshaft and LTP101-600A-1A, -700A-1A series turboprop engines incorporating CECO engine fuel pumps, P/N 4-301-128-01, -02, -03, -04, -05, -06, -"
157b8d12-c115-446e-a4dc-d12077751fe2,d88e2641-dd39-4814-9f04-682a3c823bff,M052,73,DGAC AD 2001-17-15,To prevent engine fuel pump failure,MIS,16-Aug-2001,DGCA/New-Misc/52,,,0:00,,"Honeywell LTS101-600A-2, -600A-3 and -600A-3A series turboshaft and LTP101-600A-1A, -700A-1A series turboprop engines incorporating CECO engine fuel pumps, P/N 4-301-128-01, -02, -03, -04, -05, -06."
157b8d12-c115-446e-a4dc-d12077751fe2,d88e2641-dd39-4814-9f04-682a3c823bff,M052,73,FAA AD 2001-17-15,To prevent engine fuel pump failure,MIS,01-Oct-2001,DGCA/New-Misc/52,,,0:00,,"Honeywell LTS101-600A-2,-600A-3 and -600A-3A series turboshaft and LTP101-600A-1A, -700A-1A series turboprop engines incorporating CECO engine fuelpumps, Part Number 4-301-128-01 to -11."
157b8d12-c115-446e-a4dc-d12077751fe2,d88e2641-dd39-4814-9f04-682a3c823bff,M053,26,FAA AD 2001-22-14,To prevent damage to the fire extinguishing system components.,MIS#,10-Dec-2001,DGCA/New-Misc/53,,,0:00,,"Fire extinguishing system bottle cartridges presented in paragraph (a)(1) of this AD the make/model aircraft that the system could be installed on Aerospatiale ATR72 Series ATR42-200, -300, -320; Embraer EMB-120 Series, Boeing 707-100, -100B Series, -300 Series, 720B; McDonnell Douglas DC-8 and DC-8F Series; Lockheed 382, 382E, 382F, 382G; Sabreliner NA-265 Series; Bell 204B, Gulfstream G-1159, G-1159B, G-1159A; Cessna 425, 441, 550, S550, 551, 552 Fokker F.28 Series; SAAB 340 Series; Bell 412 aircrafts."
157b8d12-c115-446e-a4dc-d12077751fe2,d88e2641-dd39-4814-9f04-682a3c823bff,M053,26,FAA AD 2001-22-14,To prevent damage to fire extinguishing system components.,MIS,10-Dec-2001,DGCA/New-Misc/53,,,0:00,,fire extinguishing system bottle cartridges presented in paragraph (a)(1) of this AD
157b8d12-c115-446e-a4dc-d12077751fe2,d88e2641-dd39-4814-9f04-682a3c823bff,M054,52,"FAR121.583, FAR25.795 & FAR 121.313",Modification of aircraft cockpit door,MIS#,09-Jan-2002,DGCA/New-Misc/54,,,0:00,,Applicable to airplane having a door between the passenger & pilot compartment and engaged in 1.Scheduled Air Transport services(passenger). 2. All cargo operations where provision is also aailable to carry passenger.
157b8d12-c115-446e-a4dc-d12077751fe2,d88e2641-dd39-4814-9f04-682a3c823bff,M054,52,"SFAR 92-4, FAR121.583, FAR 25.795 & FAR121.313",Modification of aircraft cockpit door,MIS,22-Jun-2007,DGCA/New-Misc/54,,,0:00,,Applicable to airplane having a door between the passenger & pilot compartment and engaged in 1.Scheduled Air Transport
157b8d12-c115-446e-a4dc-d12077751fe2,d88e2641-dd39-4814-9f04-682a3c823bff,M055,100,CAA AD 002-11-2001,Hydrolok Pin Orientation,MIS#,07-Jul-2007,DGCA/New-Misc/55,,,0:00,,B/E Aerospace Skyluxe II (AA2) Passenger Seats installed.
157b8d12-c115-446e-a4dc-d12077751fe2,d88e2641-dd39-4814-9f04-682a3c823bff,M055,100,CAA AD 002-11-2001,Hydrolok Pin Orientation,MIS,29-Nov-2001,DGCA/New-Misc/55,,,0:00,,B/E Aerospace Skyluxe II (AA2) Passenger Seats installed.
157b8d12-c115-446e-a4dc-d12077751fe2,d88e2641-dd39-4814-9f04-682a3c823bff,M055,100,CAA AD 002-11-2001,HYDROLOK PIN ORIENTATION,MIS,27-Nov-2001,DGCA/New-Misc/55,,,0:00,,"B/E Aerospace (UK) Skyluxe II (AA2) Passenger seat. Known to be fitted in Airbus A300,A300-600,A320,A321,A330 and A340 Aircraft,Boeing 737-800 series aircraft;Boeing 747-200,300 and 400 Series Aircraft: Boeing 767-200 and 300 series aircraft;Boeing 777-200 and 300 series aircraft and MCDonnell Douglas MD-11 Series Aircraft."
157b8d12-c115-446e-a4dc-d12077751fe2,d88e2641-dd39-4814-9f04-682a3c823bff,M056,25,DGAC AD 2001-605(AB),Equipment : Passenger Seats,MIS,21-Mar-2002,DGCA/New-Misc/56,,,0:00,,"All SICMA AERO SEAT pax seats of series 9140, 9166, 9173, 9174, 9184, 9188,9196, 91B7, 91B8, 91C0, 91C2, 91C3, 91C4, 91C5, 9301, 9501, equipped with backrest links P/N 90-000200-104-1,90-000200-104-2."
157b8d12-c115-446e-a4dc-d12077751fe2,d88e2641-dd39-4814-9f04-682a3c823bff,M056,25,FAA AD 2011-21-08,Equipment passenger seats,MIS#,22-Dec-2001,DGCA/New-Misc/56 R1,,,0:00,,"All SICMA AERO SEAT pax seats of series 9140, 9166, 9173, 9174, 9184, 9188,9196, 91B7, 91B8, 91C0, 91C2, 91C3, 91C4, 91C5, 9301, 9501, equipped with backrest links P/N 90-000200-104-1,90-000200-104-2."
157b8d12-c115-446e-a4dc-d12077751fe2,d88e2641-dd39-4814-9f04-682a3c823bff,M056,25,DGAC AD2001-605(AB) & DGAC AD 2001-613(AB),Equipment passenger seats,MIS#,22-Dec-2001,DGCA/New-Misc/56R1,,,0:00,,"All SICMA AERO SEAT pax seats of series 9140, 9166, 9173, 9174, 9184, 9188,9196, 91B7, 91B8, 91C0, 91C2, 91C3, 91C4, 91C5, 9301, 9501, equipped with backrest links P/N 90-000200-104-1,90-000200-104-2."
157b8d12-c115-446e-a4dc-d12077751fe2,d88e2641-dd39-4814-9f04-682a3c823bff,M056,1,FAA AD 2011-21-08,Air Transport Association (ATA) of America Code 25: Equipment/ Furnishings.,MIS*,22-Dec-2001,DGCA/New-Misc/56R1,,,0:00,,"Sicma Aero Seat 88xx, 89xx, 90xx, 91xx, 92xx, 93xx, 95xx, and 96xx series passenger seat assemblies identified in Sicma Aero Seat SB90-25-013, that have backrest links having P/Ns 90-000200-104-1 and 90-000200-104-2; and that are installed on, but not limited to, the airplanes identified in table 1 of this AD, certificated in any category."
157b8d12-c115-446e-a4dc-d12077751fe2,d88e2641-dd39-4814-9f04-682a3c823bff,M057,34,FAA AD 2001-23-17,GNS 430 units prevent inaccurate course deviation displays.,MIS#,28-Dec-2001,DGCA/New-Misc/57,,,0:00,,GNS 430 units that are specified in paragraph (a)(1) of this AD and are installed on aircraft.
157b8d12-c115-446e-a4dc-d12077751fe2,d88e2641-dd39-4814-9f04-682a3c823bff,M057,34,FAA AD 2001-23-17,GNS 430 units.To prevent inaccurate course deviation display,MIS,28-Dec-2001,DGCA/New-Misc/57,,,0:00,,GNS 430 units that are specified in paragraph (a)(1) of this AD and are installed on aircraft.
157b8d12-c115-446e-a4dc-d12077751fe2,d88e2641-dd39-4814-9f04-682a3c823bff,M058,72,FAA AD 2002-03-09 R1,To prevent impeller failure from cracks in the impeller back face area,MIS#,27-Mar-2002,DGCA/New-Misc/58,,,0:00,,Honeywell International Inc. LTS101 Series Turboshaft and LTP101 Series Turboprop Engines.
157b8d12-c115-446e-a4dc-d12077751fe2,d88e2641-dd39-4814-9f04-682a3c823bff,M058,72,FAA AD 2002-03-09-R1,To prevent impeller failure from cracks in the impeller back face area.,MIS,27-Mar-2002,DGCA/New-Misc/58,,,0:00,,Honeywell International Inc. LTS101 Series Turboshaft and LTP101 Series Turboprop Engines.
157b8d12-c115-446e-a4dc-d12077751fe2,d88e2641-dd39-4814-9f04-682a3c823bff,M059,23,FAA AD 2002-06-05/ FAA AD 2002-06-06,To prevent transmission of inaccurate data concerning altitude from one airplane to another,MIS,26-Apr-2002,DGCA/New-Misc/59,,,0:00,,"Transport category airplanes, certificated in any category, equipped with Rockwell Collins Mode C 621A-3 Air Traffic Control (ATC) transponder(s), P/N 522-2703-XXX."
157b8d12-c115-446e-a4dc-d12077751fe2,d88e2641-dd39-4814-9f04-682a3c823bff,M060,34,FAA AD 2002-14-19,To prevent unwarranted display of the ADC flag,MIS#,27-Aug-2002,DGCA/New-Misc/60,,,0:00,,"Rockwell Collins, Inc. ADC-85, ADC-85A, ADC-850D, and ADC-850F Air Data Computers"
157b8d12-c115-446e-a4dc-d12077751fe2,d88e2641-dd39-4814-9f04-682a3c823bff,M060,34,FAA AD 2002-14-19,To prevent unwarranted display of the ADC flag,MIS,26-Apr-2002,DGCA/New-Misc/60,,,0:00,,"Rockwell Collins, Inc. ADC-85,ADC-85A, ADC-850D, and ADC-850F Air Data Computers"
157b8d12-c115-446e-a4dc-d12077751fe2,d88e2641-dd39-4814-9f04-682a3c823bff,M060,34,FAA AD 2002-14-19,To prevent unwarranted display of the ADC flag,MIS,23-Aug-2002,DGCA/New-Misc/60,,,0:00,,"Rockwell Collins, Inc. ADC-85, ADC-85A, ADC-850D, and ADC-850F Air Data Computers"
157b8d12-c115-446e-a4dc-d12077751fe2,d88e2641-dd39-4814-9f04-682a3c823bff,M061,72,FAA AD 2002-15-02,To replace affected compressor wheels,MIS#,28-Aug-2002,DGCA/New-Misc/61,,,0:00,,"Hamilton Sundstrand Power Systems models T-62T-2C, T-62T-25, T-62T-29, and T-62T-39 APU's that have compressor wheel P/N 100636-1 installed."
157b8d12-c115-446e-a4dc-d12077751fe2,d88e2641-dd39-4814-9f04-682a3c823bff,M061,32,FAA AD 2002-15-02,To replace affected compressor wheels,MIS#,04-Jul-2007,DGCA/New-Misc/61,,,0:00,,"Hamilton Sundstrand Power Systems models T-62T-2C, T-62T-25, T-62T-29, and T-62T-39 APU's that have compressor wheel P/N 100636-1 installed."
157b8d12-c115-446e-a4dc-d12077751fe2,d88e2641-dd39-4814-9f04-682a3c823bff,M061,72,FAA AD 2002-15-02,To replace affected compressor wheels,MIS,28-Aug-2002,DGCA/New-Misc/61,,,0:00,,"Hamilton Sundstrand Power Systems models T-62T-2C,T-62T-25, T-62T-29, and T-62T-39 APU's that have compressor wheel P/N 100636-1 installed."
157b8d12-c115-446e-a4dc-d12077751fe2,d88e2641-dd39-4814-9f04-682a3c823bff,DGCA/NEW-MISC/62,31,DGCA/NEW-MISC/62,INSTALLATION OF CVR,MIS,07-Jul-2022,DGCA/NEW-MISC/62,,,0:00,,CANCELLED MISC MOD
157b8d12-c115-446e-a4dc-d12077751fe2,d88e2641-dd39-4814-9f04-682a3c823bff,M062,34,DGCA Let No.9-414/2002-AI(2),Installation of CVR,MIS,30-Sep-2002,DGCA/New-Misc/62,,,0:00,,To all twin engine turbine aircraft where STC is available or the manufacturer has installed this.
157b8d12-c115-446e-a4dc-d12077751fe2,d88e2641-dd39-4814-9f04-682a3c823bff,M062,34,DGCA Let no.9-414/2002-AI(2),Installation of CVR,MIS,30-Sep-2002,DGCA/New-Misc/62,,,0:00,,To all twin engine turbine aircraft where STC is available or the manufacturer has installed this.
157b8d12-c115-446e-a4dc-d12077751fe2,d88e2641-dd39-4814-9f04-682a3c823bff,M063,23,DGCA Letter No.9-414/2002-AI(2),Installation of FDR,MIS#,30-Sep-2002,DGCA/New-Misc/63,,,0:00,,To all turbine engine aircraft where STC is available or the manufacturer has installed this.
157b8d12-c115-446e-a4dc-d12077751fe2,d88e2641-dd39-4814-9f04-682a3c823bff,M063,23,DGCA Letter No.9-414/2002-AI(2) Dt:30.09.2002.,Installation of FDR,MIS#,30-Sep-2002,DGCA/New-Misc/63,,,0:00,,To all turbine engine aircraft where STC is available or the manufacturer has installed this.
157b8d12-c115-446e-a4dc-d12077751fe2,d88e2641-dd39-4814-9f04-682a3c823bff,M063,34,DGCA Letter No.9-414/2002-AI(I) Dated: 30-09-2002,Installation of FDR,MIS,30-Sep-2002,DGCA/New-Misc/63,,,0:00,,To all turbine engine aircraft where STC is available or the manufacturer has installed this.
157b8d12-c115-446e-a4dc-d12077751fe2,d88e2641-dd39-4814-9f04-682a3c823bff,M063,34,DGCA LetterNo.9-414/2002-AI(2),Installation of FDR,MIS,30-Sep-2002,DGCA/New-Misc/63,,,0:00,,To all turbine engine aircraft where STC is available or the manufacturer has installed this.
157b8d12-c115-446e-a4dc-d12077751fe2,d88e2641-dd39-4814-9f04-682a3c823bff,DGCA/NEW-MISC/63,31,DGCA/NEW-MISC/63,INSTALLATION OF CVR,MIS,07-Jul-2022,DGCA/NEW-MISC/63,,,0:00,,CANCELLED MISC MOD
157b8d12-c115-446e-a4dc-d12077751fe2,d88e2641-dd39-4814-9f04-682a3c823bff,M064,25,DGAC AD 2002-504(AB,Passengers Seats - Central Spreaders Mod,MIS#,12-Oct-2002,DGCA/New-Misc/64,,,0:00,,"All SICMA AERO SEAT seats types 90XX and 92XX with seat P/N listed in Annex 1 of SICMA AERO SEAT Service Bulletin (SB) 92-25-005, all s/n, right side only."
157b8d12-c115-446e-a4dc-d12077751fe2,d88e2641-dd39-4814-9f04-682a3c823bff,M064,25,DGAC AD 2002-504(AB),Passenger Seats - Central Spreaders Modification,MIS,12-Oct-2002,DGCA/New-Misc/64,,,0:00,,"All SICMA AERO SEAT seats types 90XX and 92XX with seat P/N listed in Annex 1 of SICMA AERO SEAT Service Bulletin (SB) 92-25-005, all serial numbers, right side only."
157b8d12-c115-446e-a4dc-d12077751fe2,d88e2641-dd39-4814-9f04-682a3c823bff,M064,25,DGAC AD2002-504(AB),PASSENGER SEATS -CENTRAL SREADERS MODIFICATION,MIS,12-Oct-2002,DGCA/New-Misc/64,,,0:00,,"All SICMA AERO SEAT seats types 90XX and 92XX with seat P/N listed in Annex 1 of SICMA AERO SEAT Service Bulletin (SB) 92-25-005, all serial numbers, right side only."
157b8d12-c115-446e-a4dc-d12077751fe2,d88e2641-dd39-4814-9f04-682a3c823bff,M065,100,DGAC AD 2002-20-09,To prevent display of erroneous primary flight and engine parameter information,MIS#,12-Nov-2002,DGCA/New-Misc/65,,,0:00,,"AFD-3010 adaptive flight display units, P/N 822-1084-012/-108/-202/-206/-302/-304/-402/-404/-406 (S/N as specified in Rockwell SB 12, Rev.2, AFD-3010-31-12)."
157b8d12-c115-446e-a4dc-d12077751fe2,d88e2641-dd39-4814-9f04-682a3c823bff,M065,100,FAA AD 2002-20-09,To prevent display of erroneous primary flight and engine parameter information,MIS#,12-Nov-2002,DGCA/New-Misc/65,,,0:00,,"AFD-3010 adaptive flight display units, P/N 822-1084-012/-108/-202/-206/-302/-304/-402/-404/-406 (S/N as specified in Rockwell SB 12, Rev.2, AFD-3010-31-12)."
157b8d12-c115-446e-a4dc-d12077751fe2,d88e2641-dd39-4814-9f04-682a3c823bff,M065,100,DGAC AD 2002-20-09,To prevent display of erroneous primary flight and engine parameter information.,MIS,12-Nov-2002,DGCA/New-Misc/65,,,0:00,,"AFD-3010 adaptive flight display units, P/N 822-1084-012/-108/-202/-206/-302/-304/-402/-404/-406 (S/N as specified in Rockwell SB 12, Rev.2, AFD-3010-31-12)."
157b8d12-c115-446e-a4dc-d12077751fe2,d88e2641-dd39-4814-9f04-682a3c823bff,M066,34,DGAC AD 2002-22-13,To prevent the FMC from retaining incorrect information,MIS,20-Dec-2002,DGCA/New-Misc/66,,,0:00,,"Rockwell Collins flight management computers (FMC) specified in paragraph (a)(1),(a)(2) of this AD."
157b8d12-c115-446e-a4dc-d12077751fe2,d88e2641-dd39-4814-9f04-682a3c823bff,M067,100,FAA AD 2002-22-12,To prevent failure of hose when exposed to fire,MIS#,13-Dec-2002,DGCA/New-Misc/67,,,0:00,,"Airbus A300, A310, A340 airplanes, Boeing airplane models 707, 727, 737-200, 737-200C, 747, 757, and 767, Bombardier CL-600 1A11, BAE Avro 146 and BAE 146, McDonnell Douglas Corporation DC8 series, and Cessna 650 airplanes, and General Electric CF6-80C and CFM56-5C, and Honeywell International Inc., ALF502 and LF507 series turbofan engines."
157b8d12-c115-446e-a4dc-d12077751fe2,d88e2641-dd39-4814-9f04-682a3c823bff,M067,26,FAA AD 2002-22-12,To prevent failure of hose when exposed to fire,MIS#,13-Dec-2002,DGCA/New-Misc/67,,,0:00,,"Titeflex Corporation high-pressure and medium-pressure hoses that were fabricated at the Titeflex Springfield, MA, facility from January 1996 through June 2000. These hoses are installed on Airbus A300, A310, A340 airplanes, Boeing airplane models 707, 727, 737-200, 737-200C, 747, 757, and 767, Bombardier CL-600 1A11, BAE Avro 146 and BAE 146, McDonnell Douglas Corporation DC8 series, and Cessna 650 airplanes, and General Electric CF6-80C and CFM56-5C, and Honeywell International Inc., ALF502 and LF507 series turbofan engines."
157b8d12-c115-446e-a4dc-d12077751fe2,d88e2641-dd39-4814-9f04-682a3c823bff,M067,26,FAA AD 2002-22-12(Corrected),To prevent failure of hose when exposed to fire,MIS#,13-Dec-2002,DGCA/New-Misc/67,,,0:00,,"These hoses are installed on Airbus A300, A310, A340 airplanes, Boeing airplane models 707, 727, 737-200, 737-200C, 747, 757, and 767, Bombardier CL-600 1A11, BAE Avro 146 and BAE 146, McDonnell Douglas Corporation DC8 series, and Cessna 650 airplanes, and General Electric CF6-80C and CFM56-5C, and Honeywell International Inc., ALF502 and LF507 series turbofan engines."
157b8d12-c115-446e-a4dc-d12077751fe2,d88e2641-dd39-4814-9f04-682a3c823bff,M067,34,DGAC AD2002-22-12,To prevent failure of hose when exposed to fire,MIS,13-Dec-2002,DGCA/New-Misc/67,,,0:00,,"These hoses are installed on Airbus A300, A310, A340 airplanes,Boeing airplane models 707, 727,737-200, 737-200C, 747, 757, and 767, Bombardier CL-600 1A11,BAE Avro 146 and BAE 146, McDonnell Douglas Corporation DC8 series, and Cessna 650 airplanes,and General Electric CF6-80C and CFM56-5C, and Honeywell International Inc., ALF502 and LF507 series turbofan engines."
157b8d12-c115-446e-a4dc-d12077751fe2,d88e2641-dd39-4814-9f04-682a3c823bff,M068,25,FAA AD 2003-03-11,To prevent failure of the emergency evacuation slide raft.,MIS,11-Mar-2004,DGCA/New-Misc/68,,,0:00,,"Air Cruisers Company Emergency Evacuation Slide/Raft System,P/N 62774 installed on, but not limited to Boeing 777-20, Affected Slide/Raft SNs refer Table 1 of AD."
157b8d12-c115-446e-a4dc-d12077751fe2,d88e2641-dd39-4814-9f04-682a3c823bff,M068,25,FAA AD 2003-03-11,To prevent failure of the emergency evacuation slide raft.,MIS,22-Jun-2007,DGCA/New-Misc/68,,,0:00,,"Air Cruisers Company Emergency Evacuation Slide/Raft System,P/N 62774 installed on, but not limited to Boeing 777-20, Affected Slide/Raft SNs refer Table 1 of AD."
157b8d12-c115-446e-a4dc-d12077751fe2,d88e2641-dd39-4814-9f04-682a3c823bff,M069,25,DGAC AD 2001-351(B) R1,Equipment; Babies Bassinets,MIS#,15-Nov-2001,DGCA/New-Misc/69,,,0:00,,The Referenced AD cancelled by DGAC Authority.
157b8d12-c115-446e-a4dc-d12077751fe2,d88e2641-dd39-4814-9f04-682a3c823bff,M069,25,DGAC AD 2001-351(B) R1,Equipment; Babies Bassinets,MIS,22-Jun-2007,DGCA/New-Misc/69,,,0:00,,This revision 1 cancels Airworthiness Directive (AD) 2001-351. This AD is not replaced
157b8d12-c115-446e-a4dc-d12077751fe2,d88e2641-dd39-4814-9f04-682a3c823bff,M070,25,FAA AD 2002-20-05,To prevent mounting bracket failure and seperation of the rescue hoist from the helicopter2.1,MIS#,07-Nov-2002,DGCA/New-Misc/70,,,0:00,,"Breeze Eastern Aerospace rescue hoists series BL-16600, excluding BL-16600-160. These hoists are installed on, but not limited to Augusta A109, Bell 206, Bell 222, Bell 407, Eurocopter France AS332."
157b8d12-c115-446e-a4dc-d12077751fe2,d88e2641-dd39-4814-9f04-682a3c823bff,M071,34,FAA AD 2010-07-02,To ensure that the flight crew has an accurate glideslope deviation indication,MIS,05-May-2010,DGCA/New-Misc/71 Rev.2,,,0:00,,"To aircraft, certificated in any category, equipped with Honeywell Primus II RNZ-850( )/-851( ) integrated navigation unit (INU) having a P/N in Table 1 of this AD."
157b8d12-c115-446e-a4dc-d12077751fe2,d88e2641-dd39-4814-9f04-682a3c823bff,M072,26,DGCA Letter no.9-414/2003-AI(2),Kidde Aerospace hand held halon fire extinguisher.,MIS#,22-May-2003,DGCA/New-Misc/72,,,0:00,,"On any aircraft, a Kidde Aerospace P/N 898052 hand held halon fire extiguisher installed."
157b8d12-c115-446e-a4dc-d12077751fe2,d88e2641-dd39-4814-9f04-682a3c823bff,M072,26,DGCA let: 9-414/2003Al(2),Kidde aerospace hand held HALON fire extinguishers,MIS,22-May-2003,DGCA/New-Misc/72,,,0:00,,"On any aircraft, a Kidde Aerospace P/N 898052 hand held halon fire extiguisher installed."
157b8d12-c115-446e-a4dc-d12077751fe2,d88e2641-dd39-4814-9f04-682a3c823bff,M072,26,DGCA LET. NO.9-414/2003AI(2),Kidde Aerospace hand held halon fire extinguishisher,MIS,22-May-2003,DGCA/New-Misc/72,,,0:00,,"On any aircraft, a Kidde Aerospace P/N 898052 hand held halon fire extiguisher installed."
157b8d12-c115-446e-a4dc-d12077751fe2,d88e2641-dd39-4814-9f04-682a3c823bff,M073,61,FAA AD 2003-13-17,To detect unsafe conditions that could result in seperation of a propeller blade.,MIS#,18-Jul-2003,DGCA/New-Misc/73,,,0:00,,"Hartzell Propeller,Inc.,McCauley Propeller Systems, Sensenich Propeller Manufacturing Company, Inc.,& Raytheon Aircraft Company that have a propeller hub SN listed in Table 1 of this AD."
157b8d12-c115-446e-a4dc-d12077751fe2,d88e2641-dd39-4814-9f04-682a3c823bff,M073,61,FAA AD2003-13-17,TO DETECT UNSAFE CONDITIONS THAT COULD RESULT IN SEPERATION OF A PROPELER BLADE,MIS,18-Jul-2003,DGCA/New-Misc/73,,,0:00,,"Hartzell Propeller,Inc.,McCauley Propeller Systems, Sensenich Propeller Manufacturing Company, Inc.,& Raytheon Aircraft Company that have a propeller hub SN listed in Table 1 of this AD."
157b8d12-c115-446e-a4dc-d12077751fe2,d88e2641-dd39-4814-9f04-682a3c823bff,M073,61,FAA AD 2003-13-17,To detect unsafe conditions that result in seperation of a propeller blade.,MIS,18-Jul-2003,DGCA/New-Misc/73,,,0:00,,"Hartzell Propeller,Inc.,McCauley Propeller Systems, Sensenich Propeller Manufacturing Company, Inc.,& Raytheon Aircraft Company that have a propeller hub SN listed in Table 1 of this AD."
157b8d12-c115-446e-a4dc-d12077751fe2,d88e2641-dd39-4814-9f04-682a3c823bff,M074,52,LBA AD 2002-303,Air Cargo pallets and air cargo nets.,MIS#,03-Oct-2002,DGCA/New-Misc/74,,,0:00,,"Ribeco Air Cargo Nets with type certification/with JTSO approval(Refer AD), S/N affected-released after 26 March 2002 or produced by the Chinese manufacturer Deyang Ribeco Air Cargo Equipment Co. Ltd."
157b8d12-c115-446e-a4dc-d12077751fe2,d88e2641-dd39-4814-9f04-682a3c823bff,M074,52,LBA AD 2003-303,Air Cargo pallets and air cargo nets,MIS,03-Oct-2002,DGCA/New-Misc/74,,,0:00,,"Ribeco Air Cargo Nets with type certification/with JTSO approval (Refer AD), S/N affected-released after 26 March 2002 or produced by the Chinese manufacturer Deyang Ribeco Air Cargo Equipment Co."
157b8d12-c115-446e-a4dc-d12077751fe2,d88e2641-dd39-4814-9f04-682a3c823bff,M074,52,LBA AD 2002-303,Air cargo pallets and air cargo nets,MIS,03-Oct-2002,DGCA/New-Misc/74,,,0:00,,"Ribeco Air Cargo Nets with type certification/with JTSO approval(Refer AD), S/N affected-released after 26 March 2002 or produced by the Chinese manufacturer Deyang Ribeco Air Cargo Equipment Co. Ltd."
157b8d12-c115-446e-a4dc-d12077751fe2,d88e2641-dd39-4814-9f04-682a3c823bff,M075,49,FAA AD 2003-15-07,To prevent APU compartment fires and fuel vapour explosion,MIS,03-Sep-2003,DGCA/New-Misc/75,,,0:00,,Honeywell International Inc. (formerly AlliedSignal) model RE220 (RJ) auxiliary power units (APUs) P/N WE3800770-2.
157b8d12-c115-446e-a4dc-d12077751fe2,d88e2641-dd39-4814-9f04-682a3c823bff,M076,1,FAA AD 2003-26-06,To detect and correct defective safety belts and restraint systems.,MIS#,02-Mar-2002,DGCA/New-Misc/76,,,0:00,.,"Anjou Aeronautique safety belts and restraint systems specified in para(c)(1),installed on, but not limited to (c)(2) of AD,certificated in any category."
157b8d12-c115-446e-a4dc-d12077751fe2,d88e2641-dd39-4814-9f04-682a3c823bff,M076,1,FAA AD 2003-26-06 and DGAC AD 2002-104(AB)R2 and 2002-105(AB)R2,To detect and correct defective safety belts and restraint systems.,MIS#,02-Mar-2002,DGCA/New-Misc/76,,,0:00,,"Anjou Aeronautique safety belts and restraint systems specified in para(c)(1),installed on, but not limited to (c)(2) of AD,certificated in any category."
157b8d12-c115-446e-a4dc-d12077751fe2,d88e2641-dd39-4814-9f04-682a3c823bff,M076,1,FAA AD 2003-26-06,To detect and correct defective safety belts and restraint systems.,MIS,02-Mar-2002,DGCA/New-Misc/76,,,0:00,,"Anjou Aeronautique safety belts and restraint systems specified in para(c)(1),installed on, but not limited to (c)(2) of AD,certificated in any category."
157b8d12-c115-446e-a4dc-d12077751fe2,d88e2641-dd39-4814-9f04-682a3c823bff,M076,1,FAA AD 2003-26-06,To detect and correct defective safety belts and restraint systems,MIS,17-Feb-2004,DGCA/New-Misc/76,,,0:00,,"Anjou Aeronautique safety belts and restraint systems specified in para(c)(1),installed on, but not limited to (c)(2) of AD,certificated in any category."
157b8d12-c115-446e-a4dc-d12077751fe2,d88e2641-dd39-4814-9f04-682a3c823bff,M077,34,DGAC AD F-2004-053,TA/RA VSI TCAS Indicator Thales Aionics.,MIS#,14-Jul-2004,DGCA/New-Misc/77,,,0:00,,All TA/RA VSI-TCAS indicator PN 457400-( )* fitted onboard aircraft equipped with TCAS II Change 7 computer (ACAS II).(* exception refer AD)
157b8d12-c115-446e-a4dc-d12077751fe2,d88e2641-dd39-4814-9f04-682a3c823bff,M077,34,DGAC AD F-2004-053,TA/RA VSI TCAS Indicator Thales Aionics.,MIS,14-Apr-2004,DGCA/New-Misc/77,,,0:00,,All TA/RA VSI-TCAS indicator PN 457400-( )* fitted onboard aircraft equipped with TCAS II Change 7 computer (ACAS II).(* exception refer AD)
157b8d12-c115-446e-a4dc-d12077751fe2,d88e2641-dd39-4814-9f04-682a3c823bff,M077,34,DGAC AD F 2004-053,TA / RA VSI TCAS Indicator THALES Aionics,MIS,14-Apr-2004,DGCA/New-Misc/77,,,0:00,,All TA/RA VSI-TCAS indicator PN 457400-( )* fitted onboard aircraft equipped with TCAS II Change 7 computer (ACAS II).(* exception refer AD)
157b8d12-c115-446e-a4dc-d12077751fe2,d88e2641-dd39-4814-9f04-682a3c823bff,M078,100,FAA AD 2004-08-15,"To prevent the landing of the baroset potentiometer, which could result in an acceptable altitude error",MIS#,06-Jun-2004,DGCA/New-Misc/78,,,0:00,,"All airplane models and S/N, certificated in any category, that incorporate a Goodrich TAWS8000 terrain awareness warning system (TAWS),P/N 805-18000-001, with ""Mod None"", ""Mod A"", or ""Mod B"" hardware"
157b8d12-c115-446e-a4dc-d12077751fe2,d88e2641-dd39-4814-9f04-682a3c823bff,M078,31,FAA AD 2004-08-15,"To prevent the landing of the baroset potentiometer ,which could result in an acceptable altitude",MIS,07-Jun-2004,DGCA/New-Misc/78,,,0:00,,"All airplane models and S/N, certificated in any category, that incorporate a Goodrich TAWS8000 terrain awareness warning system (TAWS),P/N 805-18000-001, with ""Mod None"", ""Mod A"", or ""Mod B"" har"
157b8d12-c115-446e-a4dc-d12077751fe2,d88e2641-dd39-4814-9f04-682a3c823bff,M079,23,FAA AD 2005-01-019,To prevent interrogating aircraft from possibly receiving inaccurate replies,MIS,23-Feb-2005,DGCA/New-Misc/79 (R1),,,0:00,,"GARMIN International Inc. GTX 33, GTX 33D,GTX 330D Mode S transponders that include software versions 3.00, 3.01, 3.02, 3.04,or 3.05 that are installed on,certificated in any category(Refer AD)."
157b8d12-c115-446e-a4dc-d12077751fe2,d88e2641-dd39-4814-9f04-682a3c823bff,M079,23,FAA AD 2005-01-19,To prevent interrogating aircraft from possibly receiving inaccurate replies,MIS,23-Feb-2005,DGCA/New-Misc/79(R1),,,0:00,,"GARMIN International Inc. GTX 33, GTX 33D, GTX 330,GTX 330D Mode S transponders that include software versions 3.00, 3.01, 3.02, 3.04,or 3.05 that are installed on,certificated in any category(Ref:AD)"
157b8d12-c115-446e-a4dc-d12077751fe2,d88e2641-dd39-4814-9f04-682a3c823bff,M080,34,FAA AD 2004-13-20,"To prevent the GPS NAVIGATION unit under certain condition, from providing erroneous cross deviation information",MIS,03-Aug-2004,DGCA/New-Misc/80,,,0:00,,"Aircraft equipped with Garmin AT, Apollo GX50/55/ 60/65 TSO-C129a GPS navigation units with software versions 3.0 through 3.4 inclusive; as listed in SB 561-4002-001, certificated in any category."
157b8d12-c115-446e-a4dc-d12077751fe2,d88e2641-dd39-4814-9f04-682a3c823bff,M081,25,DGAC AD F-2004-083,Operational order on instruction for continued airworthiness for large airplanes cerfied under JAR 25,MIS#,09-Jun-2004,DGCA/New-Misc/81,,,0:00,,"Any large aircraft (> 5,7t)"
157b8d12-c115-446e-a4dc-d12077751fe2,d88e2641-dd39-4814-9f04-682a3c823bff,M081,25,DGAC AD F-2004-083,Operational order on instruction for continued airworthiness for large airplanes cerfied under JAR 25,MIS,03-Aug-2004,DGCA/New-Misc/81,,,0:00,,"Any large aircraft (> 5,7t)"
157b8d12-c115-446e-a4dc-d12077751fe2,d88e2641-dd39-4814-9f04-682a3c823bff,M081,25,DGAC AD F-2004-083,Operational order on instruction for continued airworthiness for large airplanes cerfied under JAR 25.,MIS,09-Jun-2004,DGCA/New-Misc/81,,,0:00,,"Any large aircraft (> 5,7t)"
157b8d12-c115-446e-a4dc-d12077751fe2,d88e2641-dd39-4814-9f04-682a3c823bff,M082,25,DGAC AD F 2004-132,Equipment/Furnishings -LERMER GMBH water boilers.,MIS#,14-Aug-2004,DGCA/New-Misc/82,,,0:00,,"LERMER GmbH water boilers with:- P/N: L13471, L13471-05, L13471-11 or L13471-19 or Type Number: 1010099-6, 1010099-10, 1010099-6.1 or 1010099-6.2."
157b8d12-c115-446e-a4dc-d12077751fe2,d88e2641-dd39-4814-9f04-682a3c823bff,M082,25,DGAC AD F-2004-132,Equipment/Furnishings -LERMER GMBH water boilers,MIS,14-Aug-2004,DGCA/New-Misc/82,,,0:00,,"LERMER GmbH water boilers with:- P/N: L13471, L13471-05, L13471-11 or L13471-19 or Type Number: 1010099-6, 1010099-10, 1010099-6.1 or 1010099-6.2."
157b8d12-c115-446e-a4dc-d12077751fe2,d88e2641-dd39-4814-9f04-682a3c823bff,M083,52,FAA AD 2004-22-01,"To prevent shifting or unrestrained cargo in the cargo compartment,which could cause an unexpectedchange in the airplanes center of gravity.",MIS#,01-Dec-2004,DGCA/New-Misc/83,,,0:00,,Various Transport Category Airplanes on Which Cargo Restraint Strap Assemblies P/N 1519-MCIDS Have Been Installed per Supplemental Type Certificate (STC) ST01004NY.
157b8d12-c115-446e-a4dc-d12077751fe2,d88e2641-dd39-4814-9f04-682a3c823bff,M083,52,FAA AD 2004-22-01,"To prevent shifting or unrestrained cargo in the cargo compartment,which could cause an unexpectedchange in the airplanes center of gravity",MIS,01-Dec-2004,DGCA/New-Misc/83,,,0:00,,Various Transport Category Airplanes on Which Cargo Restraint Strap Assemblies P/N 1519-MCIDS Have Been Installed per Supplemental Type Certificate (STC) ST01004NY.
157b8d12-c115-446e-a4dc-d12077751fe2,d88e2641-dd39-4814-9f04-682a3c823bff,M084,80,FAA AD 2005-12-06,To prevent failure of magneto impulse coupling assy and possible engine failure.,MIS,19-Jul-2005,DGCA/New-Misc/84,,,0:00,,"This AD applies to Teledyne Continental Motors (TCM) (formerly Bendix) magnetos that have a magneto part number (P/N) listed in Table 1 of TCM Mandatory Service Bulletin (MSB) No. MSB645, dated April 4, 1994, installed on Lycoming AEIO-540, HIO-540, IO-540, 0-540, and TIO- 540 series engines"
157b8d12-c115-446e-a4dc-d12077751fe2,d88e2641-dd39-4814-9f04-682a3c823bff,M085,37,FAA AD 2005-11-05,To correct problems with standby vaccum systems(SVS) before failure or malfunction during instrument flight rules(IFR).,MIS#,18-Jul-2005,DGCA/New-Misc/85,,,0:00,,"Models SVS I and SVS IA standby vacuum systems (SVS), installed on, certificated in any category.(For but not limited to Refer AD)"
157b8d12-c115-446e-a4dc-d12077751fe2,d88e2641-dd39-4814-9f04-682a3c823bff,M085,37,FAA AD 2005-11-05,To correct problems with standby vaccum systems(SVS) before failure or malfunction during instrument flight rules(IFR).,MIS,18-Jul-2005,DGCA/New-Misc/85,,,0:00,,"Models SVS I and SVS IA standby vacuum systems (SVS),installed on, certificated in any category.(For but not limited to Refer AD)"
157b8d12-c115-446e-a4dc-d12077751fe2,d88e2641-dd39-4814-9f04-682a3c823bff,M086,26,DGAC AD F 2005-135,Equipment /Furnishings Inspection and replacement of the reading lights electrical power supplies of some sicma aero seats,MIS#,13-Aug-2005,DGCA/New-Misc/86,,,0:00,,"Passenger seats, of which P/N are identified in the table of this AD, produced by SICMA AERO SEAT."
157b8d12-c115-446e-a4dc-d12077751fe2,d88e2641-dd39-4814-9f04-682a3c823bff,M086,25,DGAC AD F 2005-135,Equipment /Furnishings inspection and replacement of the reading lights electrical power supplies of some SICMA aero seats,MIS,13-Aug-2005,DGCA/New-Misc/86,,,0:00,,"Passenger seats, of which P/N are identified in the table of this AD, produced by SICMA AERO SEAT."
157b8d12-c115-446e-a4dc-d12077751fe2,d88e2641-dd39-4814-9f04-682a3c823bff,M086,25,DGAC AD F-2005-135,Equipment/ Furnishings- Inspection and replacement of the reading lightS electrical power supplies of some sicma aero seats,MIS,03-Aug-2005,DGCA/New-Misc/86,,,0:00,,"Passenger seats, of which P/N are identified in the table of this AD, produced by SICMA AERO SEAT."
157b8d12-c115-446e-a4dc-d12077751fe2,d88e2641-dd39-4814-9f04-682a3c823bff,M087,34,FAA AD 2005-25-08,To prevent certain air data computers( ADC) from displaying in correct altitude information (SHADINADC2000),MIS#,23-Jan-2006,DGCA/New-Misc/87,,,0:00,,"Shadin ADC-2000 ADC P/N 962830A-1-S-8,962830A-2-S-8,962830A-3-S-8, configurations B, C, and D, that are installed"
157b8d12-c115-446e-a4dc-d12077751fe2,d88e2641-dd39-4814-9f04-682a3c823bff,M087,34,FAA AD 2005-25-08,To prevent certain air data computers(ADC) from displaying incorrect altitude information (SHADIN ADC 2000),MIS,23-Jan-2006,DGCA/New-Misc/87,,,0:00,,"Shadin ADC-2000 ADC P/N 962830A-1-S-8,962830A-2-S-8,962830A-3-S-8, configurations B, C, and D, that are installed"
157b8d12-c115-446e-a4dc-d12077751fe2,d88e2641-dd39-4814-9f04-682a3c823bff,M087,34,faa ad 2005-25-08,To prevent certain air data computers(ADC) from displaying in correct altitude information (SHADIN ADC200),MIS,23-Jan-2006,DGCA/New-Misc/87,,,0:00,,"Shadin ADC-2000 ADC P/N 962830A-1-S-8,962830A-2-S-8,96 2830A-3-S-8, configurations B, C, and D, that are installed"
157b8d12-c115-446e-a4dc-d12077751fe2,d88e2641-dd39-4814-9f04-682a3c823bff,M088,37,FAA AD 2006-03-08,To prevent vaccum pump failure or malfunction during instrument flight rules (IFR)Flight.,MIS#,10-Mar-2006,DGCA/New-Misc/88,,,0:00,,Aero Advantage ADV200 series P/Ns ADV211CC and ADV212CW) vacuum pumps installed(but not limited to refer AD)
157b8d12-c115-446e-a4dc-d12077751fe2,d88e2641-dd39-4814-9f04-682a3c823bff,M088,37,FAA AD 2006-03-08,To prevent vacuum pump failure or malfunction during instrument flight rules (IFR) flight,MIS,10-Mar-2006,DGCA/New-Misc/88,,,0:00,,Aero Advantage ADV200 series P/Ns ADV211CC and ADV212CW) vacuum pumps installed(but not limited to refer AD)
157b8d12-c115-446e-a4dc-d12077751fe2,d88e2641-dd39-4814-9f04-682a3c823bff,M088,37,FAA AD 2006-13-08,To prevent vacuum pump failure or malfunction during instrument flight rules (IFR) Flight,MIS,10-Mar-2006,DGCA/New-Misc/88,,,0:00,,Aero Advantage ADV200 series P/Ns ADV211CC and ADV212CW) vacuum pumps installed(but not limited to refer AD)
157b8d12-c115-446e-a4dc-d12077751fe2,d88e2641-dd39-4814-9f04-682a3c823bff,M089,100,FAA AD 2006-04-04,To Identify and Provide Corrective Action for a Potentially Inoperative Smoke Detector,MIS,24-Mar-2006,DGCA/New-Misc/89,,,0:00,,Meggitt Model 602 smoke detectors approved under TSO-C1C and having any P/N 8930-( ):Refer table-1 of this AD.
157b8d12-c115-446e-a4dc-d12077751fe2,d88e2641-dd39-4814-9f04-682a3c823bff,M090,32,FAA AD 2006-12-08,To prevent loss of pressure in the skid slides/rafts after an emergency evacuation.,MIS#,17-Jul-2006,DGCA/New-Misc/90,,,0:00,,Model A330-201/-202/-203/-223/-243/-301/-321/-322/- 323/-341/-342/-343 airplanes;Model A340-211/-212/-213/ - 311/-312/-313 airplanes;A340-541/-642 airplanes.
157b8d12-c115-446e-a4dc-d12077751fe2,d88e2641-dd39-4814-9f04-682a3c823bff,M090,32,FAA AD 2007-23-01(Superseded FAA AD 2006-12-08),To prevent loss of pressure in the skid slides/rafts after an emergency evacuation,MIS,17-Jul-2006,DGCA/New-Misc/90,,,0:00,,Model A330-201/-202/-203/-223/-243/-301/-321/-322/- 323/-341/-342/-343 airplanes;Model A340-211/-212/-213/ - 311/-312/-313 airplanes;A340-541/-642 airplanes.
157b8d12-c115-446e-a4dc-d12077751fe2,d88e2641-dd39-4814-9f04-682a3c823bff,M090,32,FAA AD 2006-12-08,To prevent loss of pressure in the skid slides/rafts after an emergency evacuation,MIS,17-Jul-2006,DGCA/New-Misc/90,,,0:00,,Model A330-201/-202/-203/-223/-243/-301/-321/-322/- 323/-341/-342/-343 airplanes;Model A340-211/-212/-213/ - 311/-312/-313 airplanes;A340-541/-642 airplanes.
157b8d12-c115-446e-a4dc-d12077751fe2,d88e2641-dd39-4814-9f04-682a3c823bff,M091,100,FAA AD 2006-16-18,"To prevent a bearing error,which could lead to an aeroplane departing from its scheduled flight path.",MIS#,25-Sep-2006,DGCA/New-Misc/91,,,0:00,,"Sandel Avionics Incorporated Model ST3400 Terrain Awareness Warning System/Radio Magnetic Indicator (TAWS/ RMI) Units Approved Under Technical Standard Order(s) C113, C151a, or C151b;"
157b8d12-c115-446e-a4dc-d12077751fe2,d88e2641-dd39-4814-9f04-682a3c823bff,M091,100,FAA AD 2006-16-18,"To prevent a bearing error,which could lead to an aeroplane departing from its scheduled flight path",MIS,25-Sep-2006,DGCA/New-Misc/91,,,0:00,,"Sandel Avionics Incorporated Model ST3400 Terrain Awareness Warning System/Radio Magnetic Indicator (TAWS/ RMI) Units Approved Under Technical Standard Order(s) C113, C151a, or C151b;"
157b8d12-c115-446e-a4dc-d12077751fe2,d88e2641-dd39-4814-9f04-682a3c823bff,M091,100,FAA AD 2006-12-18,"To Prevent a Bearing Error, Which Could Lead To an Airplane Departing From Its Scheduled Flight Path",MIS,25-Sep-2006,DGCA/New-Misc/91,,,0:00,,"Sandel Avionics Incorporated Model ST3400 Terrain Awareness Warning System/Radio Magnetic Indicator (TAWS/ RMI) Units Approved Under Technical Standard Order(s) C113, C151a, or C151b;"
157b8d12-c115-446e-a4dc-d12077751fe2,d88e2641-dd39-4814-9f04-682a3c823bff,M 91 R1,100,FAA AD 2006-16-18 R1,"To prevent a bearing error,which could lead to an aeroplane departing from its scheduled flight path.",MIS#,11-Sep-2019,DGCA/New-Misc/91 R1,,,0:00,,"Sandel Avionics Incorporated Model ST3400 Terrain Awareness Warning System/Radio Magnetic Indicator (TAWS/ RMI) Units Approved Under Technical Standard Order(s) C113, C151a, or C151b;"
157b8d12-c115-446e-a4dc-d12077751fe2,d88e2641-dd39-4814-9f04-682a3c823bff,M092,23,FAA AD 2006-19-04/ EASA AD 2007-0156,Communication - COMM Units & Transponders - Modification/ Replacement,MIS#,17-Oct-2006,DGCA/New-Misc/92,,,0:00,,"1.COM unit RCZ-833J (P/N)7510700-763,-863;RCZ-833K P/N 7510700-765,-875;RCZ-851J P/N 7510700-813;RCZ-851K P/N 7510700-815;RCZ-854J P/Ns 7510700-725 and 2. Mode S transponder XS-856A P/Ns 7517400-865."
157b8d12-c115-446e-a4dc-d12077751fe2,d88e2641-dd39-4814-9f04-682a3c823bff,M092,23,FAA AD 2006-19-04,Communication - COMM Units & Transponders - Modification/ Replacement,MIS#,17-Oct-2006,DGCA/New-Misc/92,,,0:00,,"1.COM unit RCZ-833J (P/N)7510700-763,-863;RCZ-833K P/N 7510700-765,-875;RCZ-851J P/N 7510700-813;RCZ-851K P/N 7510700-815;RCZ-854J P/Ns 7510700-725 and 2. Mode S transponder XS-856A P/Ns 7517400-865."
157b8d12-c115-446e-a4dc-d12077751fe2,d88e2641-dd39-4814-9f04-682a3c823bff,M092,23,FAA AD 2006-19-04,Communication--Comm Units and Transponders--Modification / Replacement,MIS,17-Oct-2006,DGCA/New-Misc/92,,,0:00,,"1.COM unit RCZ-833J (P/N)7510700-763,-863;RCZ-833K P/N 7510700-765,-875;RCZ-851J P/N 7510700-813;RCZ-851K P/N 7510700-815;RCZ-854J P/Ns 7510700-725 and 2.Mode S transponder XS-856A P/Ns 7517400-865,"
157b8d12-c115-446e-a4dc-d12077751fe2,d88e2641-dd39-4814-9f04-682a3c823bff,M092,34,FAA AD 2006-19-04,To prevent the transponder of the COM unit from going into standby mode,MIS,17-Oct-2006,DGCA/New-Misc/92,,,0:00,,"1.COM unit RCZ-833J (P/N)7510700-763,-863;RCZ-833K P/N 7510700-765,-875;RCZ-851J P/N 7510700-813;RCZ-851K P/N 7510700-815;RCZ-854J P/Ns 7510700-725 and 2.Mode S transponder XS-856AP/Ns 7517400-865,"
157b8d12-c115-446e-a4dc-d12077751fe2,d88e2641-dd39-4814-9f04-682a3c823bff,M093,25,EASA AD 2006-0264,Equipment & Furnishing-Passenger seats rear fitting assembly attachment -replacement,MIS#,13-Sep-2006,DGCA/New-Misc/93,,,0:00,,"AVIOINTERIORS S.p.A. Passenger Seats (P/N's as listed in the referenced Aviointeriors Service Bulletin) manufactured before October 19, 1998 and on which the requirements of FAA AD 2001-11-11 were not accomplished (Aviointeriors SB 181/A16-03 Rev. A, SB 153/E33-01 Rev. B, SB 11F/E32-01 Rev. A, SB 181/A16-02 Rev. B and SB 184/E23-01 Rev. A) or seats to which the original issue of Aviointeriors SB 180/A84-01 was not applied."
157b8d12-c115-446e-a4dc-d12077751fe2,d88e2641-dd39-4814-9f04-682a3c823bff,M093,25,EASA AD 2006-0264,Equipment & Furnishing--Passenger Seats Rear Fitting Assembly Attachment--Replacement,MIS,13-Sep-2006,DGCA/New-Misc/93,,,0:00,,"Rear Fitting Assembly having P/N 311889900017,3121994E0017, 3118899C0017, 3121994A0017, 312199400017 or 3118899A0017"
157b8d12-c115-446e-a4dc-d12077751fe2,d88e2641-dd39-4814-9f04-682a3c823bff,M094,100,FAA AD 2006-18-08,To prevent tread seperation from nose wheel tire during takeoff or landing.,MIS#,11-Oct-2006,DGCA/New-Misc/94,,,0:00,,"Goodyear aviation tires, P/N 217K22-1,(SB-2005- 32-004)."
157b8d12-c115-446e-a4dc-d12077751fe2,d88e2641-dd39-4814-9f04-682a3c823bff,M094,100,FAA AD 2006-18-08,To Prevent Thread Seperation From a Nosewheel Tire During Takeoff or Landing.,MIS,11-Oct-2006,DGCA/New-Misc/94,,,0:00,,"Goodyear aviation tires, P/N 217K22-1,(SB-2005- 32-004)."
157b8d12-c115-446e-a4dc-d12077751fe2,d88e2641-dd39-4814-9f04-682a3c823bff,M094,32,FAA AD 2006-18-08,To prevent tread seperation from a nosewheel tire during takeoff or landing,MIS,11-Oct-2006,DGCA/New-Misc/94,,,0:00,,"Goodyear aviation tires, P/N 217K22-1,(SB-2005- 32-004"
157b8d12-c115-446e-a4dc-d12077751fe2,d88e2641-dd39-4814-9f04-682a3c823bff,M095,32,EASA AD 2006-0328,Landing gear - main landing gear wheel assembly - inspection or repair,MIS,02-Nov-2006,DGCA/New-Misc/95,,,0:00,,"Messier-Goodrich S.A. or Goodrich-Messier Inc. Main Landing Gear (MLG) Wheel Assemblies having P/N C20500000 and P/N C20452000 installed,but not limited to refer AD."
157b8d12-c115-446e-a4dc-d12077751fe2,d88e2641-dd39-4814-9f04-682a3c823bff,M096,25,EASA AD 2006-0135,Equipment and furnishings passenger seat backrest -inspection/replacement,MIS#,12-Jun-2006,DGCA/New-Misc/96,,,0:00,,"Passenger Seats 12M( )( )-( )( )( )( )( )( ),all P/N as listed in Aviointeriors SB 12M/F68-01 Rev.1 dated 2 October 2006."
157b8d12-c115-446e-a4dc-d12077751fe2,d88e2641-dd39-4814-9f04-682a3c823bff,M096,25,EASA AD 2008-0135,Equipment & Furnishings - Passenger Seat Backrest - Replacement,MIS,06-Dec-2006,DGCA/New-Misc/96,,,0:00,,"Aviointeriors S.p.A. Passenger Seats 12M( )( )-( )( )( )( )( )( ), all P/N equipped with backrest P/N 313033000000 or 313033100000, as listed in Section 1.A of Aviointeriors SB 12M/F68-06."
157b8d12-c115-446e-a4dc-d12077751fe2,d88e2641-dd39-4814-9f04-682a3c823bff,M096,25,EASA AD 2008-0135,Equipment & Furnishings--Passenger Seat Backrest--Inspection / Replacement,MIS,22-Nov-2006,DGCA/New-Misc/96,,,0:00,,"Passenger Seats 12M( )( )-( )( )( )( )( )( ),all P/N as listed in Aviointeriors SB 12M/F68-01 Rev.1 dated 2 October 2006."
157b8d12-c115-446e-a4dc-d12077751fe2,d88e2641-dd39-4814-9f04-682a3c823bff,M097,1,FAA AS 2007-04-15,To prevent detachment of passenger seats assemblies during emergency conditions,MIS#,23-Mar-2007,DGCA/New-Misc/97,,,0:00,,"Sicma Aero Seat, passenger seat assemblies,P/N 42XX series, 50XX series, 63XX series, 65XX series, 71XX series, 78XX series, 83XX series, 85XX series, 90XX series, 91XX series,92XX series,with aft tra"
157b8d12-c115-446e-a4dc-d12077751fe2,d88e2641-dd39-4814-9f04-682a3c823bff,M097,25,FAA AD 2007-04-15,TO prevent detachment of passenger seats assemblies during emergengy conditions,MIS,23-Mar-2007,DGCA/New-Misc/97,,,0:00,,"Sicma Aero Seat, Pax seat assemblies, P/N 42XX, 50XX, 63XX, 65XX, 71XX, 78XX, 83XX, 85XX, 90XX, 91XX, 92XX series with aft track fittings."
157b8d12-c115-446e-a4dc-d12077751fe2,d88e2641-dd39-4814-9f04-682a3c823bff,M098,100,FAA AD 2007-04-19 R1,To Prevent Cylinder Seperation,MIS,07-Apr-2007,DGCA/New-Misc/98 R1,,,0:00,,"Super Air Parts Inc. Cylinder Assemblies, manufactured between April 2005 and Nov 2005, P/N (As specified in AD) installed in Teledyne Continental Motors (TCM) series reciprocating engines."
157b8d12-c115-446e-a4dc-d12077751fe2,d88e2641-dd39-4814-9f04-682a3c823bff,M098,100,FAA AD 2007-04-19R1,To Prevent Cylinder Seperation,MIS,04-Jul-2007,DGCA/New-Misc/98 R1,,,0:00,,"Cylinder Assemblies P/N SA47000L-A1/A20P,SA47000S-A1/A20P/ A21P, SA52000-A1/A20P/A21P/A22P/A23P, SA55000-A1/A20P, installed in TCM, LE and AL reciprocating engines."
157b8d12-c115-446e-a4dc-d12077751fe2,d88e2641-dd39-4814-9f04-682a3c823bff,M098,100,FAA AD 2007-04-19(R1),To Prevent Cylinder Sepration,MIS#,07-Apr-2007,DGCA/New-Misc/98R1,,,0:00,,"Cylinder Assemblies P/N SA47000L-A1/A20P,SA47000S-A1/A20P/A21P, SA52000-A1/ A20P/ A21P /A22P / A23P, SA55000-A1/A20P, installed in TCM, LE and AL reciprocating engines."
157b8d12-c115-446e-a4dc-d12077751fe2,d88e2641-dd39-4814-9f04-682a3c823bff,M099,35,EASA AD 2006-0286R1,OXYGEN- oxygen reserve cylinders- removal / emptying,MIS,25-Sep-2006,DGCA/New-Misc/99,,,0:00,,"Oxygen Reserve Cylinders having P/N GLF(XXX)-(X),GLD(XXX)-(X), PC2300 and SLF300.(Further info Ref:EASA AD No.: 2006-0286R1)"
157b8d12-c115-446e-a4dc-d12077751fe2,d88e2641-dd39-4814-9f04-682a3c823bff,M099,35,EASA AD 2006-0286 R1,Oxygen-Oxygen Reserve Cylinders--Removal / Emptying.,MIS,25-Sep-2006,DGCA/New-Misc/99,,,0:00,,"Oxygen Reserve Cylinders having P/N GLF(XXX)-(X),GLD(XXX)-(X), PC2300 and SLF300.(Further info Ref:EASA AD No.: 2006-0286R1)."
157b8d12-c115-446e-a4dc-d12077751fe2,d88e2641-dd39-4814-9f04-682a3c823bff,2014-0132,62,ASB 62.00.34,Main Rotor - Rotating Star Swashplate - Inspection / Replacement,AD*,09-Jun-2014,EASA 2014-0132R1,,,0:00,,"AS 350 B, BA, BB, B1, B2, B3 and D helicopters, and AS 355 E, F, F1, F2, N and NP helicopters, and EC130 B4 and T2 helicopters, all serial numbers, if equipped with a swashplate assembly comprising a rotating star with Part Number (P/N) 350A371003-04, P/N 350A371003-05, P/N 350A371003-06, P/N 350A371003-07, or P/N 350A371003-08."
157b8d12-c115-446e-a4dc-d12077751fe2,d88e2641-dd39-4814-9f04-682a3c823bff,2015-0094,27,ASB AS350-05.00.84,Main Rotor Drive - Cross-Bar - Inspection,AD*,12-Jun-2015,EASA 2015-0094,,,0:00,,"AS 350 B, BA, BB, B1, B2, B3 and D helicopters, and AS 355 E, F, F1, F2, N and NP helicopters, and EC130 B4 and T2 helicopters, all serial numbers."
157b8d12-c115-446e-a4dc-d12077751fe2,d88e2641-dd39-4814-9f04-682a3c823bff,AD 0022,100,Airbus Helicopters SB AS350-67.00.64 dated 25 February 2015. Airbus Helicopters SB AS350-67.00.65 dated 25 August 2016.,ATA 67 - Rotor Flight Controls - Dual Hydraulic System - Modification,AD#,30-Sep-2016,EASA AD 16-140,,,0:00,,"AS350 B3 helicopters, all serial numbers, if equipped with a dual hydraulic system, except those that embody mod 074719 and mod 074622."
157b8d12-c115-446e-a4dc-d12077751fe2,d88e2641-dd39-4814-9f04-682a3c823bff,2001-074-081(A),64,SB NO.01.00.48,Tail rotor hub pitch-change plate bearing,AD,21-Mar-2001,EASA AD 2001-074-081(A),,,0:00,,"AS 350 helicopters AS 350 B, BA, BB, B1, B2, B3 and D fitted with tail rotor hub pitch-change plate SNR bearing part number 6010F234M16 (704A33-651-190)."
157b8d12-c115-446e-a4dc-d12077751fe2,d88e2641-dd39-4814-9f04-682a3c823bff,2002-044(A),25,Telex No. 05.00.39,SIREN Cargo Hooks,AD,23-Jan-2002,EASA AD 2002-044(A),,,0:00,,"This Airworthiness Directive applies to the following helicopter models: - AS 350 B3, - AS 365 N, N1, N2 and N3, - EC 155 B, fitted with SIREN cargo hooks P/N AS-21-5-7."
157b8d12-c115-446e-a4dc-d12077751fe2,d88e2641-dd39-4814-9f04-682a3c823bff,2004-9369,64,DGAC AD F-2000-222-079 R1,Tail Rotor - Bearing Spacer Of The Tail Rotor Head Pitch Change Plate,AD,25-Sep-2004,EASA AD 2004-9369,,,0:00,,"Eurocopter AS 350 helicopters, versions B, B1, B2, B3, BA, BB and D, fitted with tail rotor pitch change rotating plates all P/N, on which EUROCOPTER MOD 07 6554 has not been embodied. This AD does not apply to pitch change plate assy P/N 350A33-2030-00 (MOD 076550)."
157b8d12-c115-446e-a4dc-d12077751fe2,d88e2641-dd39-4814-9f04-682a3c823bff,2005-2235,67,DGAC AD No F-2005-042,Rotor Flight Controls - Yaw Control,AD,26-Mar-2005,EASA AD 2005-2235,,,0:00,,"AS 350 helicopter versions B, BA, BB, B1, B2 and D, fitted with stainless steel-caged ball-type controls, P/N: 704A 34-130-068 with automatic flight control system (pre-MOD 072771), P/N 704A 34-130-058 withoututomatic flight control system (pre-MOD072771)."
157b8d12-c115-446e-a4dc-d12077751fe2,d88e2641-dd39-4814-9f04-682a3c823bff,2005-4691,25,DGAC AD No F-2005-087,Equipment/Furnishings - Untimely firing of squibs on GOODRICH electric hoists,AD,30-May-2005,EASA AD 2005-4691,,,0:00,,"Eurocopter AS 350 B, BA, BB, B1, B2, B3, and D, equipped with GOODRICH electric hoist 76370-XXX fitted with any types of motor except AUXILEC motors. Superseded by EASA AD 2006-0164"
157b8d12-c115-446e-a4dc-d12077751fe2,d88e2641-dd39-4814-9f04-682a3c823bff,2005-6126,52,,Doors - pin of the sliding door rear fitting - CANCELLATION NOTICE,AD#,03-Aug-2005,EASA AD 2005-6126,,,0:00,,Cancelled
157b8d12-c115-446e-a4dc-d12077751fe2,d88e2641-dd39-4814-9f04-682a3c823bff,2005-6222,65,"Temp Rev.005a of the PRE, sec 05.99. DGAC AD F-2005-158",Tail Rotor Drive - Tail Rotor Drive Shaft,AD*,12-Nov-2014,EASA AD 2005-6222 (DGAC AD F-2005-158),,,0:00,,Eurocopter AS 350 B3 and EC 130 B4 helicopters.
157b8d12-c115-446e-a4dc-d12077751fe2,d88e2641-dd39-4814-9f04-682a3c823bff,2005-6224,25,"DGAC AD F-2002-027-088 R1, ASB 25.00.73",Equipment / Furnishings - BREEZE 450-lb electric hoist,AD*,24-Sep-2005,EASA AD 2005-6224(DGAC AD F-2002-027-088 R1),,,0:00,,Eurocopter AS 350 B3 helicopters equipped with BREEZE 450-lb electric hoist PN BL 29700-23.
157b8d12-c115-446e-a4dc-d12077751fe2,d88e2641-dd39-4814-9f04-682a3c823bff,2006-0183,76,ASB 05.00.44,Engine Controls - Twist Grip Assembly - Inspection/Replacement,AD,29-Jun-2006,EASA AD 2006 - 0183-E,,,0:00,,AS 350 B3 helicopters equipped with twist grips post-MOD 073084 and not modified per MOD 073222 (new solenoid).
157b8d12-c115-446e-a4dc-d12077751fe2,d88e2641-dd39-4814-9f04-682a3c823bff,AD028,72,ASB 05.00.44,ATA 76- Engine Controls - Twist Grip Assembly - Inspection/Replacement,AD*,30-Jun-2006,EASA AD 2006 - 0183-E,,,0:00,,AS 350 B3 helicopters equipped with twist grips post-MOD 073084 and not modified per MOD 073222 (new solenoid).
157b8d12-c115-446e-a4dc-d12077751fe2,d88e2641-dd39-4814-9f04-682a3c823bff,2006-0055,67,ASB 05.00.51,Rotor Flight Controls - Main Servo-Controls,AD,01-Mar-2006,EASA AD 2006-0055-E,,,0:00,,"Eurocopter AS 350 B, BA, BB, B1, B2, B3 and D, and AS 355 E helicopters, equipped with main servo-controls, all part numbers, not modified per MOD 073343."
157b8d12-c115-446e-a4dc-d12077751fe2,d88e2641-dd39-4814-9f04-682a3c823bff,2006-0060,55,EASA AD 2006-0060-E,Stabilizers - Upper and Lower Fins,AD#,07-Mar-2006,EASA AD 2006-0060-E,,,0:00,,SUPERSEDED BY EASA AD 2008-0121
157b8d12-c115-446e-a4dc-d12077751fe2,d88e2641-dd39-4814-9f04-682a3c823bff,2006-0094,76,ASB 05.00.49,Engine Controls - Twist Grip Assembly,AD*,05-May-2006,EASA AD 2006-0094,,,0:00,,"AS 350 B3 helicopters, equipped with twist grips before embodiment of MOD 073261 (new twist grip assembly compatible with the ARRIEL 2B1 engine installation)."
157b8d12-c115-446e-a4dc-d12077751fe2,d88e2641-dd39-4814-9f04-682a3c823bff,AD031,76,ASB 05.00.49,Engine Controls - Twist Grip Assembly,AD,05-May-2006,EASA AD 2006-0094,,,0:00,,"Eurocopter AS 350 B3 helicopters, equipped with twist grips before embodiment of MOD 073261."
157b8d12-c115-446e-a4dc-d12077751fe2,d88e2641-dd39-4814-9f04-682a3c823bff,2006-0095,55,EASA AD 2008-0121,Stabilizers - Upper and Lower Fins,AD#,02-May-2006,EASA AD 2006-0095,,,0:00,,SUPERSEDED BY EASA AD 2008-0121
157b8d12-c115-446e-a4dc-d12077751fe2,d88e2641-dd39-4814-9f04-682a3c823bff,2006-0098,25,ASB 01.00.54,Equipment / Furnishings - Hoist Hooks,AD,05-May-2006,EASA AD 2006-0098,,,0:00,,"Eurocopter AS350, BA, B1, B2, B3, BB, D equipped with GOODRICH (LUCAS-AIR EQUIPEMENT) hoists, P/N 76370-xxx fitted with hooks, P/N 709866."
157b8d12-c115-446e-a4dc-d12077751fe2,d88e2641-dd39-4814-9f04-682a3c823bff,2006-0164,25,ASB No. 25.00.94,Equipment/Furnishings - Untimely Firing of Squibs on GOODRICH Electric Hoists,AD*,03-May-2006,EASA AD 2006-0164,,,0:00,,"AS 350 B3 h/c equipped with GOODRICH electric hoists,PN 76370-XXX,(all types of motors),& not modified per MOD 073318 or GOODRICH electric hoists,PN 76370-XXX,not equipped with the AUXILEC motor."
157b8d12-c115-446e-a4dc-d12077751fe2,d88e2641-dd39-4814-9f04-682a3c823bff,2006-0183,76,FAA AD 2010-03-02,Engine Controls - Twist Grip Assembly - Inspection/Replacement,AD,30-Jun-2006,EASA AD 2006-0183-CN,,,0:00,,Cancelled
157b8d12-c115-446e-a4dc-d12077751fe2,d88e2641-dd39-4814-9f04-682a3c823bff,2006-0183,76,ASB 05.00.44,ATA 76 Engine Controls - Twist Grip Assembly - Inspection/Replacement,AD*,29-Jun-2006,EASA AD 2006-0183-E,,,0:00,,AS 350 B3 helicopters equipped with twist grips post-MOD 073084 and not modified per MOD 073222 (new solenoid).
157b8d12-c115-446e-a4dc-d12077751fe2,d88e2641-dd39-4814-9f04-682a3c823bff,2006-0235,64,SB 05.00.40 R1,Tail Rotor - Tail Rotor Blade Skin - Check,AD#,10-Aug-2006,EASA AD 2006-0235-E,,,0:00,,SUPERSEDED BY EASA AD 2007-0138-E
157b8d12-c115-446e-a4dc-d12077751fe2,d88e2641-dd39-4814-9f04-682a3c823bff,2006-0247,67,ASB 67.00.30,Rotor Flight Controls - Tail Servo-Control,AD,01-Sep-2006,EASA AD 2006-0247,,,0:00,,"Eurocopter AS 350 B3 helicopters fitted with a GOODRICH tail servo-control P/No. SC5071-XX or SC5072, except: tail servo-controls P/N SC5072 with a S/N equal to or above 1372,"
157b8d12-c115-446e-a4dc-d12077751fe2,d88e2641-dd39-4814-9f04-682a3c823bff,2006-0249,52,ASB 05.00.41 R2,Doors - Sliding Door - Wear on Rollers and Rails,AD*,01-Sep-2006,EASA AD 2006-0249,,,0:00,,"Eurocopter AS 350 B, BA, BB, B1, B2, B3 and D, equipped with sliding door(s) not modified per MOD 073287 and/or MOD 073290 or in compliance with SB 52. 00.29 or No. 52.00.22."
157b8d12-c115-446e-a4dc-d12077751fe2,d88e2641-dd39-4814-9f04-682a3c823bff,2006-0251,52,EASA AD 2006-0251R2,Doors - Sliding Door Rear Roller Support Shaft and Rear Fitting,AD#,01-Sep-2006,EASA AD 2006-0251R2,,,0:00,,SUPERSEDED BY EASA AD 2007-0236
157b8d12-c115-446e-a4dc-d12077751fe2,d88e2641-dd39-4814-9f04-682a3c823bff,2006-0252,25,EASA AD 2006-0252,Equipment and Furnishings - Hoist Operator's Belt Snap Hook,AD#,01-Sep-2006,EASA AD 2006-0252,,,0:00,,SUPERSEDED BY EASA AD 2010-0014
157b8d12-c115-446e-a4dc-d12077751fe2,d88e2641-dd39-4814-9f04-682a3c823bff,2006-0261,35,EASA AD 2006-0261-E,Oxygen - Oxygen Cylinders - Removal/Emptying,AD#,28-Aug-2006,EASA AD 2006-0261-E,,,0:00,,SUPERSEDED BY EASA EAD 2006-0286-E
157b8d12-c115-446e-a4dc-d12077751fe2,d88e2641-dd39-4814-9f04-682a3c823bff,2006-0273,53,ASB 05.00.48/ 53.00.34,Fuselage - RH Cabin Vibration Damper & Blade - Inspection / Replacement / Modification,AD,14-Sep-2006,EASA AD 2006-0273,,,0:00,,"All Model AS 350 B, BA, BB, B1, B2, B3 and D helicopters, all S/N and if equipped with RH (right hand) cabin vibrator damper blades, all part numbers, and with an automatic flight control system, all design standards."
157b8d12-c115-446e-a4dc-d12077751fe2,d88e2641-dd39-4814-9f04-682a3c823bff,2006-0337,24,ASB 01.00.57,Electrical Power - Starting - Starter Generator Limitation,AD,17-Nov-2006,EASA AD 2006-0337,,,0:00,,Eurocopter AS 350 B3 and EC 130 B4 helicopters fitted with APC 200 A starter generators (P/N 200SGL130Q) before embodiment of MOD 073345.
157b8d12-c115-446e-a4dc-d12077751fe2,d88e2641-dd39-4814-9f04-682a3c823bff,2006-0378,62,EASA AD 2006-0378-E,Rotor Drive(s)-Main Gear box(MGB) Lubrication pump-Inspection/Replacement.,AD#,21-Dec-2006,EASA AD 2006-0378-E,,,0:00,,SUPERSEDED BY EASA EMERGENCY AD 2007-0209-E
157b8d12-c115-446e-a4dc-d12077751fe2,d88e2641-dd39-4814-9f04-682a3c823bff,2007-0141,62,ASB 01.00.58 Rev 1,Rotor Flight Controls - Main & Tail Rotors Servo-Controls - Inspection / Replacement.,AD,21-May-2007,EASA AD 2007- 0141-E,,,0:00,,"EUROCOPTER helicopters models: - AS 350 B, BA, BB, B1, B2, B3 and D - AS 355 E, F, F1, F2 and N"
157b8d12-c115-446e-a4dc-d12077751fe2,d88e2641-dd39-4814-9f04-682a3c823bff,2007-0099,67,ASB 67.00.40,Rotors Flight Control - Main & Tail Rotors Servo-Controls - Inspection / Modification,AD,25-Apr-2007,EASA AD 2007-0099,,,0:00,,"Eurocopter AS 350 B3, all s/n that are equipped with main and tail rotor GOODRICH servo-controls without the letter ""R"" marked in the inspection box of the servo-control identification plate, P/N: SC8042 S/N :1590, 1591, 1592, 1593, 1616, 1618 P/N: SC8043 S/N: 865, 866, 867, 881"
157b8d12-c115-446e-a4dc-d12077751fe2,d88e2641-dd39-4814-9f04-682a3c823bff,2007-0138 R2,64,05.00.40 R3,Tail Rotor - Tail rotor blades skin- Inspection / Repair (This AD Supersedes EASA AD 2006-0235-E),AD#,15-May-2007,EASA AD 2007-0138 R2,,,0:00,,"EUROCOPTER helicopters models: - AS 350 B, BA, BB, B1, B2, B3 and D - AS 355 E, F, F1, F2 and N all serial numbers and equipped with tail rotor blades, Part /Number (P/N) : - 355A12-0031-01/ -02/ -03/ -04/ -05/ -06/ -07/ -08/ -09/ -11/ -12/ -13/ -14. - 355A12-0040-00/ -01/ -02/ -03/ -04/ -05/ -07/ -08. - 355A12-0050-00/ -01/ -02/ -03/ -04/ -05."
157b8d12-c115-446e-a4dc-d12077751fe2,d88e2641-dd39-4814-9f04-682a3c823bff,2007-0138,64,EASA AD 2007-0138R2,Tail Rotor - Tail Rotor Blades Skin- Inspection / Repair,AD#,18-May-2007,EASA AD 2007-0138R2,,,0:00,,SUPERSEDED BY EASA AD 2009-0039
157b8d12-c115-446e-a4dc-d12077751fe2,d88e2641-dd39-4814-9f04-682a3c823bff,2007-0139,53,ASB 53.00.37,Fuselage - Center cross-member under the cabin floor - Inspection / Modification,AD,18-May-2007,EASA AD 2007-0139-E,,,0:00,,"Eurocopter AS350 B, BA, BB, B1, B2, B3 and D helicopters, all s/n delivered before Jan 1st, 2007 and equipped with a collective-to-yaw control coupling with or without an Automatic Flight Control System."
157b8d12-c115-446e-a4dc-d12077751fe2,d88e2641-dd39-4814-9f04-682a3c823bff,2007-0141,67,ASB 01.00.58 Rev.1,Rotor Flight Controls - Main & Tail Rotors Servo-Controls - Inspection / Replacement.,AD,23-May-2007,EASA AD 2007-0141-E,,,0:00,,"Eurocopter AS 350 B, BA, BB, B1, B2, B3 and D helicopters, all S/N, and equipped with GOODRICH main rotor servo-controls and tail rotor servo-controls with no letter ""C"" marked in the inspection box of the servo-control identification plate, - Main rotor servo-controls P/N SC5083 with S/N 270M, 272M, 409M, 423M, 452M or 1573 P/N SC5083-1 with S/N from 2902 to 2921 inclusive P/N SC5084 with S/N 30, 84, 104, 186, 438, 575 or 695 P/N SC5084-1 with S/N from 1462 to 1481 inclusive. And - Tail rotor servo-controls: P/N SC5072 with serial number 222M, 306M or 309."
157b8d12-c115-446e-a4dc-d12077751fe2,d88e2641-dd39-4814-9f04-682a3c823bff,2007-0236,52,ASB 05.00.47,Doors - Sliding Door Rear Roller Support Shaft and Rear Fitting Inspection/Replacement,AD*,14-Sep-2007,EASA AD 2007-0236,,,0:00,,"Eurocopter AS 350 B3, all serial numbers, if fitted with sliding door(s) pre-MOD 073298 and/or pre-MOD 073308."
157b8d12-c115-446e-a4dc-d12077751fe2,d88e2641-dd39-4814-9f04-682a3c823bff,2008-0044,52,ASB 25.00.70,ATA 25-Equipment / Furnishings - Rear Bench Seat and Sliding Doors-Limitation / Removal / Modification.,AD,27-Feb-2008,EASA AD 2008-0044,,,0:00,,"AS 350 helicopters models B, BA, BB, B1, B2, B3, D and AS 355 helicopters models E, F, F1, F2, N, equipped with rear bench seat, unless modified in accordance with Modification (MOD) 073166"
157b8d12-c115-446e-a4dc-d12077751fe2,d88e2641-dd39-4814-9f04-682a3c823bff,2008-0044,25,ASB 25.00.70,Equipment / Furnishings - Rear Bench Seat and Sliding Doors - Limitation / Removal / Modification.,AD,12-Mar-2008,EASA AD 2008-0044,,,0:00,,"Eurocopter AS 350 helicopters models B, BA, BB, B1, B2, B3, D, equipped with rear bench seat, unless modified in accordance with MOD 073166."
157b8d12-c115-446e-a4dc-d12077751fe2,d88e2641-dd39-4814-9f04-682a3c823bff,2008-0121,55,EASA AD 2008-0121,Stabilizers - Upper and Lower Fin Attachment Fitting - Modification,AD#,11-Jul-2008,EASA AD 2008-0121,,,0:00,,SUPERSEDED BY EASA AD 2009-0030
157b8d12-c115-446e-a4dc-d12077751fe2,d88e2641-dd39-4814-9f04-682a3c823bff,2008-0205,67,EASA AD 2008-0205-E,Rotors Flight Control - Collective Pitch Lever Locking Stud - Inspection / Repair,AD#,04-Dec-2008,EASA AD 2008-0205-E,,,0:00,,SUPERSEDED BY EASA AD 2009-0019
157b8d12-c115-446e-a4dc-d12077751fe2,d88e2641-dd39-4814-9f04-682a3c823bff,2009-0004,80,EASA AD 2009-0004,Engine Starting - Starter-generator Damping Assembly - Inspection / Adjustment,AD#,01-Jan-2009,EASA AD 2009-0004,,,0:00,,SUPERSEDED BY EASA AD 2009-0027
157b8d12-c115-446e-a4dc-d12077751fe2,d88e2641-dd39-4814-9f04-682a3c823bff,2009-0011,5,AS 350B3 ALS RN12,Time Limits/Maintenance Checks - Airworthiness Limitation - Revision,AD,11-Feb-2009,EASA AD 2009-0011,,,0:00,,"Eurocopter AS 350B, BA, BB, B1, B2, B3 and EC 130B4 helicopters, all serial numbers. Superseded by EASA AD 2013-0088."
157b8d12-c115-446e-a4dc-d12077751fe2,d88e2641-dd39-4814-9f04-682a3c823bff,2009-0019,62,ASB 05.00.58,Rotots Flight Control - Collective Pitch Lever Locking Stud - Inspection / Repair,AD#,17-Feb-2009,EASA AD 2009-0019,,,0:00,,"Eurocopter AS350 B, BA, BB, B1, B2, B3, D helicopters, Delivered before embodiment of modification 073175 or Helicopter having modification 073237, Helicopter Serial number as Listed in AD."
157b8d12-c115-446e-a4dc-d12077751fe2,d88e2641-dd39-4814-9f04-682a3c823bff,2009-0019,67,ASB 05.00.58,Rotors Flight Control - Collective Pitch Lever Locking Stud - Inspection / Repair,AD*,17-Feb-2009,EASA AD 2009-0019,,,0:00,,"Delivered before embodiment of modification 073175; or - Helicopters on which the locking studs or the collective pitch levers or the locking strips have been reworked or modified in service; or - Helicopters having accomplished Revision 0 or Revision 1 of EUROCOPTER SB No. 67.00.37, corresponding to modification 073237; or - Helicopters with a serial number equal to: 3972, 3973, 3982, 3987, 4003, 4023, 4046, 4050, 4086, 4120, 4122, 4132, 4143, 4152, 4172, 4194, 4259, 4314, 4324, 4378, 4392, 4447, 4452, 4477, 4489, 4490, 4501, 4523, 4546, 4560, 4589, 4594, 4599, 4632, 4659, 4666, 4671."
157b8d12-c115-446e-a4dc-d12077751fe2,d88e2641-dd39-4814-9f04-682a3c823bff,2009-0027,80,ASB No. 80.00.07 Rev.1,Engine Starting - Starter-Generator Damping Assembly - Adjustment,AD,04-Mar-2009,EASA AD 2009-0027,,,0:00,,"Eurocopter AS 350 B, BA, BB, B1, B2, B3 and EC 130 B4 helicopters, all S/N, if equipped with ARRIEL engines where Aircraft Parts Corporation (APC) starter generator with P/N 150SG122Q or P/N 200SGL130Q without ""004"" marking on their name plates are installed."
157b8d12-c115-446e-a4dc-d12077751fe2,d88e2641-dd39-4814-9f04-682a3c823bff,2009-0030,55,"ASB 55.00.16. Rev.1, ASB 55.00.13 Rev 2.",Stabilizers - Upper and Lower Fin Attachment Fitting - Inspection / Modification / Replacement,AD*,26-Feb-2009,EASA AD 2009-0030,,,0:00,,"Eurocopter AS 350 B, B1, B2, B3, BA, BB and D helicopters, all S/N if fitted with the following upper and lower fins on which MOD 073330 has not been embodied: Upper fin assy P/N: 350A14-0020-00XX/ 01XX/ 02XX/ 03XX/ 08XX/ 09XX/ 10XX/ 17XX/ 18XX/ 19XX, 350A64-1144-00XX. Lower fin assy P/N: 350A14-0021-0XX/01XX/02XX/03XX/04XX."
157b8d12-c115-446e-a4dc-d12077751fe2,d88e2641-dd39-4814-9f04-682a3c823bff,2009-0039,64,ASB 05.00.40 Rev.3,Tail Rotor - Tail Rotor Blades Skin - Inspection / Repair,AD,05-Mar-2009,EASA AD 2009-0039,,,0:00,,"EUROCOPTER AS 350 B, BA, BB, B1, B2, B3 and D. All serial numbers, if equipped with tail rotor blades, P/N: a) 355A12-0031-01/-02/-03/-04/-05/-06/-07/-08/-09/-11/-12/-13/-14. b) 355A12-0040-00/-01/-02/-03/-04/ -05/-07/-08. c) 355A12-0050-00/-01/-02/-03/-04/-05."
157b8d12-c115-446e-a4dc-d12077751fe2,d88e2641-dd39-4814-9f04-682a3c823bff,2009-0122,25,ASB 01.00.49,Equipment / Furnishings -Load Release Units - Inspection / Modification / Limitation,AD,27-Oct-2010,EASA AD 2009-0122 R1,,,0:00,,"Eurocopter helicopter models: AS 350 B, BA, B1, B2, B3, BB and D. All serial numbers, if equipped with any type of SIREN Load Release Units."
157b8d12-c115-446e-a4dc-d12077751fe2,d88e2641-dd39-4814-9f04-682a3c823bff,2009-0124,25,EASA AD 2009-0124,Equipment / Furnishings - Lifesaving Systems' D-Lok Hook of the Rescue Hoist - Inspection / Replacement,AD#,26-Jun-2009,EASA AD 2009-0124,,,0:00,,SUPERSEDED BY EASA AD 2009-0148-E
157b8d12-c115-446e-a4dc-d12077751fe2,d88e2641-dd39-4814-9f04-682a3c823bff,2009-0148,25,EASA AD 2009-0148-E,Equipment / Furnishings - D-Lok Hook of the Rescue Hoist - Inspection / Removal from Service / Replacement,AD#,11-Jul-2009,EASA AD 2009-0148-E,,,0:00,,SUPERSEDED BY EASA AD 2009-0179-E
157b8d12-c115-446e-a4dc-d12077751fe2,d88e2641-dd39-4814-9f04-682a3c823bff,AD033,25,ASB 25.00.94 and 25.00.95,Equipment/Furnishings - Untimely Firing of Squibs on GOODRICH Electric Hoists,AD,23-Jul-2006,EASA AD 2009-0164,,,0:00,,"Eurocopter AS 350 B, BA, BB, B1, B2, B3 and D helicopters, equipped with GOODRICH electric hoists, PN 76370-XXX, (all types of motors), and not modified per MOD 073318. or GOODRICH electric hoists, PN 76370-XXX, not equipped with the AUXILEC motor."
157b8d12-c115-446e-a4dc-d12077751fe2,d88e2641-dd39-4814-9f04-682a3c823bff,2009-0179,25,EASA AD 2009-0179-E,Equipment / Furnishings - D-Lok Hook of the Rescue Hoist - Inspection / Removal from Service / Replacement,AD#,12-Aug-2009,EASA AD 2009-0179-E,,,0:00,,SUPERSEDED BY EASA AD 2009-0183-E
157b8d12-c115-446e-a4dc-d12077751fe2,d88e2641-dd39-4814-9f04-682a3c823bff,2009-0183,25,Cancelled,Equipment / Furnishings - D-Lok Hook of the Rescue Hoist -Inspection / Removal from Service / Replacement,AD#,17-Aug-2009,EASA AD 2009-0183-CN,,,0:00,,Cancelled On 11-Feb-2010.
157b8d12-c115-446e-a4dc-d12077751fe2,d88e2641-dd39-4814-9f04-682a3c823bff,2009-0256,76,ASB 05.00.61,Engine Controls - Contactors 53Ka and 53Kb - Check,AD*,22-Nov-2010,EASA AD 2009-0256,,,0:00,,"Eurocopter AS350 B3 and EC130 B4 helicopters, all S/N, if equipped with the ARRIEL 2B1 engine associated with the two-channel FADEC, and embodying modification (MOD) 073254 (AS 350 B3) or MOD 073773 (EC 130 B4) (new twist grip). Superseded by EASA AD 2013-0061"
157b8d12-c115-446e-a4dc-d12077751fe2,d88e2641-dd39-4814-9f04-682a3c823bff,2009-0277,26,L'Hotellier SB 863520-26-001,Fire Protection - Portable Halon 1211 Fire Extinguishers - Identification / Replacement,AD,05-Feb-2010,EASA AD 2009-0277 R1,,,0:00,,"Eurocopter AS 350 B, BA, B1, B2, B3, BB and D, and EC 130 B4 helicopters. if equipped with P/N 863520-00 portable fire extinguishers, S/N as listed in L'Hotellier SB 863520-26-001."
157b8d12-c115-446e-a4dc-d12077751fe2,d88e2641-dd39-4814-9f04-682a3c823bff,2010-0006,5,ASB 05.00.60,Time Limits / Maintenance Checks - Tail Rotor (TR) Pitch-Change Links - Inspection,AD*,21-Jan-2010,EASA AD 2010-0006,,,0:00,,"Eurocoter AS 350 B3 helicopters, all serial numbers, if equipped with TR pitch-change links having P/N 350A33-2100-00, 350A33-2100-01, 350A33-2100-02, 350A33-2100-03, 350A33-2100-04, 350A33-2121-00, 350A33-2121- 01, 350A33-2121-02, 350A33-2143-00, 350A33-2145-00 or 350A33-2145-01."
157b8d12-c115-446e-a4dc-d12077751fe2,d88e2641-dd39-4814-9f04-682a3c823bff,2010-0014,25,ASB 25.00.89/ 25.00.93,Equipment and Furnishings - Hoist Operator's Belt Snap Hook - Replacement / Modification,AD*,09-Feb-2010,EASA AD 2010-0014,,,0:00,,"Eurocopter Helicopters: AS 350 B, BA, BB, B1, B2, B3 and D, before embodiment of MOD 073299. All S/N if equipped with an ""hoist operator's belt"" P/N 330A87-0730-00, 330A87-2371-00, 341A84-1120-00, 350A84-0047-00, 360A84-0040-00, 360A84-0040-01/360A84-0040-02, fitted with snap hook P/N GA343-95 and, All S/N if equipped with hoist operator's belt P/N 3160S73-08-200-1 fitted with snap hook P/N 4100-80AT28."
157b8d12-c115-446e-a4dc-d12077751fe2,d88e2641-dd39-4814-9f04-682a3c823bff,2010-0082,65,ASB No. 05.00.62 Rev.1,Tail Rotor Drive - Tail Gearbox (TGB) Control Lever - Inspection / Rework / Replacement,AD*,28-Apr-2010,EASA AD 2010-0082-E,,,0:00,,Superseded by EASA AD 2011-0038-E
157b8d12-c115-446e-a4dc-d12077751fe2,d88e2641-dd39-4814-9f04-682a3c823bff,M126,23,Dittel SB FSG2T-1.06,Communication - Very High Frequency (VHF/AM) Transceiver - Modification,SB,22-Sep-2010,EASA AD 2010-0186,,,0:00,,"Dittel Messtechnik GmbH, FSG 2T VHF/AM Airband Transceivers, Part Number (P/N) F10350, serial numbers (s/n) 35(X)-05100 through 35(X)-06462 inclusive, except units marked with Mod-Index: SB 1.06, and s/n 353-05172, 353-05189, 355-05557, 355-05696 and 356-05828."
157b8d12-c115-446e-a4dc-d12077751fe2,d88e2641-dd39-4814-9f04-682a3c823bff,2011-0033,29,ASB 29.00.13,Hydraulic Power - Forward Hydraulic Servo Control Hoses / Protection Installation,AD,15-Mar-2011,EASA AD 2011-0033,,,0:00,,"Eurocopter AS 350 B, BA, BB, D, B1, B2, and B3 helicopters, all serial numbers, with a single hydraulic power system and the forward (pitch) servo-control hydraulic hoses P/N 704A34-412-033, 704A34-412-035 installed."
157b8d12-c115-446e-a4dc-d12077751fe2,d88e2641-dd39-4814-9f04-682a3c823bff,2011-0038-E,65,ASB 05.00.62,Tail Rotor Drive - Tail Gearbox (TGB) Control Lever - Inspection / Rework / Replacement,AD*,08-Mar-2011,EASA AD 2011-0038-E,,,0:00,,"AS 350 B, BA, BB, B1, B2, and D helicopters, all serial numbers, and AS 355 E, F, F1, F2 and N helicopters, all serial numbers, if equipped with TGB control lever Part Number (P/N) 350A33-1058-00, P/N 350A33-1058-01, P/N 350A33-1058-02, or P/N 350A33-1058-03."
157b8d12-c115-446e-a4dc-d12077751fe2,d88e2641-dd39-4814-9f04-682a3c823bff,2011-0072,5,ASB 05.00.63 R1,Equipment & Furnishings - Emergency Flotation Gear Attachment Brackets - Inspection / Replacement,AD*,04-May-2011,EASA AD 2011-0072,,,0:00,,"Eurocopter AS 350 B, AS 350 BA, AS 350 BB, AS 350 B1, AS 350 B2, AS 350 B3 and AS 350 D helicopters, all serial numbers, if equipped with fixed parts of the emergency flotation gear."
157b8d12-c115-446e-a4dc-d12077751fe2,d88e2641-dd39-4814-9f04-682a3c823bff,2011-0104,65,ASB 65.00.46,Tail Rotor Drive - Tail Gearbox (TGB) Casing Assembly - Inspection / Replacement,AD,10-Jun-2011,EASA AD 2011-0104,,,0:00,,"Eurocopter AS 350 B, BA, BB, B1, B2, B3 and D helicopters. Affected serial Numbers of TGB casings are MA47577, MA47585, MA47587, MA47588, MA47589, MA47590, MA47591, MA47592, MA47593, MA47597, MA47598, MA47599, MA47600, MA47602, MA47604, MA47606, MA47610, MA47613, MA47615, MA47617, MA47619, MA47620, MA47621, MA47622, MA47623, MA47624, MA47626, MA47628, MA47631."
157b8d12-c115-446e-a4dc-d12077751fe2,d88e2641-dd39-4814-9f04-682a3c823bff,2011-0164 R3,67,ASB 05.00.64 R3,Rotors Flight Control - Tail Rotor Control Stop Screws - Inspection,AD*,07-Apr-2020,EASA AD 2011-0164 R3,,,0:00,,"AS 350 B, AS 350 BA, AS 350 BB, AS 350 B1, AS 350 B2, AS 350 B3 and AS 350 D helicopters, all serial numbers (s/n), if equipped with an Autopilot (AP), and AS350 B3 helicopters, all s/n, without an AP installed, but embodying modification (mod) 073252;except helicopters that have embodied mod 074819."
157b8d12-c115-446e-a4dc-d12077751fe2,d88e2641-dd39-4814-9f04-682a3c823bff,2011-0237,76,ASB 05.00.49 R2,Engine Controls - Twist Grip Assembly - Adjustment / Functional Check / Replacement,AD*,06-Oct-2011,EASA AD 2011-0237,,,0:00,,"Eurocopter AS 350 B3 helicopters, all serial numbers, if equipped with the ARRIEL 2B engine. (Superseded by EASA AD 2012-0252)"
157b8d12-c115-446e-a4dc-d12077751fe2,d88e2641-dd39-4814-9f04-682a3c823bff,2011-0244,33,ASB 05.00.66,Lights - Position Strobe Light - Inspection / Deactivation,AD*,23-Dec-2011,EASA AD 2011-0244-E,,,0:00,,"Eurocopter AS 350 B3 and AS 350D helicopters, all s/n, if modified in production with (optional) modification OP0811 and equipped with a Grimes-Honeywell power supply unit, P/N 60-1431-3, in the baggage compartment as part of that optional modification. Superseded by EASA AD 2013-0281"
157b8d12-c115-446e-a4dc-d12077751fe2,d88e2641-dd39-4814-9f04-682a3c823bff,2012-0205,52,AS350-52.00.34,Doors - Sliding Door Lower Ball-joint - Modification,AD,09-Jul-2012,EASA AD 2012-0205,,,0:00,,"AS 350 B, AS 350 BA, AS 350 BB, AS 350 B1, AS 350 B2, AS 350 B3 and AS 350 D helicopters, all serial numbers (s/n), and AS 355 E, AS 355 F, AS 355 F1, AS 355 F2, AS 355 N and AS 355 NP helicopters, all s/n, if equipped with sliding doors, except those that embody modification AL. 4262."
157b8d12-c115-446e-a4dc-d12077751fe2,d88e2641-dd39-4814-9f04-682a3c823bff,2012-0207,64,ASB No. 01.00.65,Rotorcraft Flight Manual - Section Limitations - Amendment Tail Rotor - Laminated Half-Bearings - Inspection / Replacement,AD*,05-Oct-2012,EASA AD 2012-0207-E,,,0:00,,Superseded by EASA AD 2012-0217-E
157b8d12-c115-446e-a4dc-d12077751fe2,d88e2641-dd39-4814-9f04-682a3c823bff,2012-0217,61,ASB No. 01.00.65,Rotorcraft Flight Manual - Section Limitations - Amendment Tail Rotor - Laminated Half-Bearings - Inspection / Replacement,AD,19-Oct-2012,EASA AD 2012-0217-E,,,0:00,,Superseded by EASA AD 2013-0029
157b8d12-c115-446e-a4dc-d12077751fe2,d88e2641-dd39-4814-9f04-682a3c823bff,2012-0252,62,ASB 05.00.49 Rev 3,"ATA-67,Rotor Flight Controls - Twist Grip Assembly - Adjustment / Functional Check / Replacement / Modification",AD*,12-Dec-2012,EASA AD 2012-0252,,,0:00,,"AS 350 B3 helicopters, all serial numbers, if equipped with the ARRIEL 2B engines."
157b8d12-c115-446e-a4dc-d12077751fe2,d88e2641-dd39-4814-9f04-682a3c823bff,2012-0252,67,ASB 05.00.49 ReV 3,ATA 67 - Rotor Flight Controls - Twist Grip Assembly - Adjustment / Functional Check / Replacement / Modification,AD*,12-Dec-2012,EASA AD 2012-0252,,,0:00,,"AS 350 B3 helicopters, all serial numbers, if equipped with the ARRIEL 2B engines."
157b8d12-c115-446e-a4dc-d12077751fe2,d88e2641-dd39-4814-9f04-682a3c823bff,2012-0257,64,EASB 05.00.71 Rev 1,ATA 64-Tail Rotor - Laminated Half-Bearings - Inspection / Replacement,AD*,05-Dec-2012,EASA AD 2012-0257-E,,,0:00,,"AS 350 B, AS 350 BA, AS 350 BB, AS 350 B1, AS 350 B2 and AS 350 D helicopters, all serial numbers (s/n). AS 350 B3 helicopters, all s/n, except helicopters that embody modification (MOD) 075601. AS 355 E, AS 355 F, AS 355 F1, AS 355 F2, AS 355 N and AS 355 NP helicopters, all s/n."
157b8d12-c115-446e-a4dc-d12077751fe2,d88e2641-dd39-4814-9f04-682a3c823bff,2013-0029,65,EASB 01.00.65 or its Rev 1.,Rotorcraft Flight Manual - Section Limitations - Amendment Tail Rotor - Laminated Half-Bearings - Inspection / Replacement / Modification.,AD,08-Feb-2013,EASA AD 2013-0029,,,0:00,,"Applicable to AS 350 B3 helicopters, all serial numbers, if modified in production by incorporating Eurocopter modification (MOD) 07 5601, except those helicopters that have been modified by incorporating Eurocopter MOD 07 5606 in production"
157b8d12-c115-446e-a4dc-d12077751fe2,d88e2641-dd39-4814-9f04-682a3c823bff,2013-0044,63,SB 05.00.72,ATA 63 Rotor Drive - Hydraulic Pump - Inspection / Replacement,AD*,27-Feb-2013,EASA AD 2013-0044-E,,,0:00,,"AS 350 B, AS 350 BA, AS 350 BB, AS 350 B1, AS 350 B2, AS 350 B3 and AS 350 D helicopters, all serial numbers, if equipped with single hydraulic system (PRE MOD OP3346 or OP3082) and incorporating Euro copter modification 079566 (new hydraulic pump drive). Superseded by EASA AD 2013-0284-E."
157b8d12-c115-446e-a4dc-d12077751fe2,d88e2641-dd39-4814-9f04-682a3c823bff,2013-0061,76,ASB 05.00.61 Rev 1,ATA 76 Engine controls - Switches 53Ka and 53Kb - Inspection / Modification,AD*,05-Dec-2012,EASA AD 2013-0061,,,0:00,,"AS 350 B3 helicopters, all serial numbers, if equipped with an ARRIEL 2B1 engine Superseded by EASA AD 2013-0191-E"
157b8d12-c115-446e-a4dc-d12077751fe2,d88e2641-dd39-4814-9f04-682a3c823bff,2013-0088,5,ALS new (2nd) edition - revision REV001,ATA 05- Time Limits / Maintenance Checks - Airworthiness Limitations - Revision,AD,24-Apr-2013,EASA AD 2013-0088,,,0:00,,"AS 350 B, AS 350 BA, AS 350 BB, AS 350 D, AS 350 B1, AS 350 B2, AS 350 B3 and EC 130 B4 helicopters, all serial numbers."
157b8d12-c115-446e-a4dc-d12077751fe2,d88e2641-dd39-4814-9f04-682a3c823bff,A132,5,ASB 05.00.74,ATA -64 Tail Rotor - Tail Rotor Hub Pitch Horn - Inspection / Replacement,AD#,16-Feb-2016,EASA AD 2013-0133,,,0:00,,"AS 350 B, AS 350 BA, AS 350 BB, AS 350 B1, AS 350 B2, AS 350 B3, AS 350 D, AS 355 E, AS 355 F, AS 355 F1, AS 355 F2, AS 355 N and AS 355 NP helicopters, all serial numbers"
157b8d12-c115-446e-a4dc-d12077751fe2,d88e2641-dd39-4814-9f04-682a3c823bff,2013-0133,5,ASB 05.00.74,ATA -64 Tail Rotor - Tail Rotor Hub Pitch Horn - Inspection / Replacement,AD*,16-Feb-2016,EASA AD 2013-0133CN,,,0:00,,AD Cancelled
157b8d12-c115-446e-a4dc-d12077751fe2,d88e2641-dd39-4814-9f04-682a3c823bff,2013-0191,76,ASB 05.00.61 Rev 3,"Engine controls - Switches 53Ka, 53Kb and 65K - Inspection / Modification",AD*,26-Aug-2013,EASA AD 2013-0191-E,,,0:00,,"AS 350 B3 helicopters, all serial numbers, if equipped with an ARRIEL 2B1 engine incorporating the two-channel FADEC (MOD 073254), and embodying modification MOD 073261 (new twist grip). EC 130 B4 helicopters, all serial numbers, equipped with an ARRIEL 2B1 engine incorporating the two-channel FADEC, and embodying modification MOD 073773 (new twist grip)."
157b8d12-c115-446e-a4dc-d12077751fe2,d88e2641-dd39-4814-9f04-682a3c823bff,2013-0281,33,ASB 05.00.66,Lights - Position Strobe Light - Inspection / Deactivation / Modification,AD*,30-Jan-2015,EASA AD 2013-0281 R1,,,0:00,,"Helicopters equipped with a Grimes-Honeywell power supply unit, Part Number (P/N) 60-1431-3, in the baggage compartment as part of that optional modification"
157b8d12-c115-446e-a4dc-d12077751fe2,d88e2641-dd39-4814-9f04-682a3c823bff,2013-0284,63,EASB 05.00.72 Rev 4,Rotor Drive - Hydraulic Pump - Inspection / Replacement,AD,08-Aug-2014,EASA AD 2013-0284 Rev 1,,,0:00,,(SUPERSEDED BY EASA AD 2014-0233)
157b8d12-c115-446e-a4dc-d12077751fe2,d88e2641-dd39-4814-9f04-682a3c823bff,2013-0287,1,SB 01.00.67,Rotorcraft Flight Manual - Engine Digital Electronic Control Unit Emergency Procedure - Amendment,AD,05-Dec-2013,EASA AD 2013-0287,,,0:00,,"AS 350 B3 and EC 130 T2 helicopters, all serial numbers, if equipped with ARRIEL 2D engine and THALES FADEC Part Number (P/N) C13165DA00 or P/N C13165FA00."
157b8d12-c115-446e-a4dc-d12077751fe2,d88e2641-dd39-4814-9f04-682a3c823bff,2014-0132,62,ASB No. AS350 62.00.34,Main Rotor - Rotating Star Swashplate - Inspection / Replacement,AD*,02-Jun-2014,EASA AD 2014-0132 R1,,,0:00,,"AS 350 B, BA, BB, B1, B2, B3 and D helicopters, and AS 355 E, F, F1, F2, N and NP helicopters, and EC130 B4 and T2 helicopters, all serial numbers, if equipped with a swashplate assembly comprising a rotating star with Part Number (P/N) 350A371003-04, P/N 350A371003-05, P/N 350A371003-06, P/N 350A371003-07, or P/N 350A371003-08."
157b8d12-c115-446e-a4dc-d12077751fe2,d88e2641-dd39-4814-9f04-682a3c823bff,2014-0132,62,AS350 62.00.34,Main Rotor - Rotating Star Swashplate - Inspection / Replacement,AD#,31-May-2014,EASA AD 2014-0132R1,,,0:00,,"AS 350 B, BA, BB, B1, B2, B3 and D helicopters, and AS 355 E, F, F1, F2, N and NP helicopters, and EC130 B4 and T2 helicopters, all serial numbers, if equipped with a swashplate assembly comprising a rotating star with Part Number (P/N) 350A371003-04, P/N 350A371003-05, P/N 350A371003-06, P/N 350A371003-07, or P/N 350A371003-08."
157b8d12-c115-446e-a4dc-d12077751fe2,d88e2641-dd39-4814-9f04-682a3c823bff,2014-0233,63,"ASB 63.00.24, ASB 05.00.72 Rev 4",Rotor Drive - Hydraulic Pump Bearing - Inspection / Replacement,AD,31-Oct-2014,EASA AD 2014-0233,,,0:00,,"AS 350 B, AS 350 BA, AS 350 BB, AS 350 B1, AS 350 B2, AS 350 B3 and AS 350 D helicopters, all serial numbers, 1) if equipped with single hydraulic system (PRE MOD OP3346 or OP3082) and incorporating Airbus Helicopters, modification 079566 (hydraulic pump drive assembly part number (P/N) 350A35-0132-00 equipped with bearing P/N 704A33651243), or 2) modified in service by Airbus Helicopter Alert Service Bulletin (ASB) No. 05.00.72 Rev.04 when the pump drive assembly is equipped with bearing P/N 704A33651243, except helicopters which embody modification 079568 (hydraulic pump drive assembly P/N 350A35-0132-01 fitted with bearing P/N 704A33651269)."
157b8d12-c115-446e-a4dc-d12077751fe2,d88e2641-dd39-4814-9f04-682a3c823bff,A136,63,ASB 05.00.84,Main Rotor Drive - Cross-Bar - Inspection,MOD*,12-Jun-2015,EASA AD 2015-0094,,,0:00,,"AS 350 B, BA, BB, B1, B2, B3 and D helicopters, and AS 355 E, F, F1, F2, N and NP helicopters, and EC130 B4 and T2 helicopters, all serial numbers."
157b8d12-c115-446e-a4dc-d12077751fe2,d88e2641-dd39-4814-9f04-682a3c823bff,2015-0094,63,ASB 05.00.84,ATA-63 Main Rotor Drive - Cross-Bar - Inspection,SB*,29-May-2015,EASA AD 2015-0094,,,0:00,,"AS 350 B, BA, BB, B1, B2, B3 and D helicopters,all serial numbers."
157b8d12-c115-446e-a4dc-d12077751fe2,d88e2641-dd39-4814-9f04-682a3c823bff,2015-0132,12,EASA AD 2015-0132,Time Limits / Maintenance Checks - Airworthiness Limitations / Maintenance Requirements - Implementation,AD,22-Jul-2015,EASA AD 2015-0132,,,0:00,,"AS 350 B, AS 350 BA, AS 350 BB, AS 350 D, AS 350 B1, AS 350 B2, AS 350 B3, EC 130 T2 and EC 130 B4 helicopters, all serial numbers."
157b8d12-c115-446e-a4dc-d12077751fe2,d88e2641-dd39-4814-9f04-682a3c823bff,2015-0178,63,SB AS350-67.00.66,Rotorcraft Flight Manual - Chapter Normal Procedures - Engine Prestart Check / Run-up Check / Engine and Rotor Shutdown - Amendment,AD,31-Aug-2015,EASA AD 2015-0178,,,0:00,,"AS 350 B3 helicopters, all serial numbers, if equipped with a dual hydraulic system, production modification (mod) OP 3082, or mod OP 3346."
157b8d12-c115-446e-a4dc-d12077751fe2,d88e2641-dd39-4814-9f04-682a3c823bff,2015-0195,65,AS350-01.00.70,Tail Rotor Drive - Drive Shaft Bearings - Inspection / Replacement,AD*,23-Sep-2015,EASA AD 2015-0195,,,0:00,,"AS 350 B, BA, BB, B1, B2, B3 and D helicopters, and AS 355 E, F, F1, F2, N and NP helicopters, all serial numbers, if equipped with tail rotor (TR) drive shaft bearings AH P/N 593404,MPN 704A33-651-181, regreasable (FAG)"
157b8d12-c115-446e-a4dc-d12077751fe2,d88e2641-dd39-4814-9f04-682a3c823bff,AD 0020 Part1,61,ASB 01.00.68,ATA 63 - Rotor Drive - Main Gearbox Main and Bottom Casings - Inspection / Replacement,AD,22-Jan-2016,EASA AD 2016-0020 Part A,,,0:00,,"AS 350 B3 helicopters, all serial numbers, if equipped with main gearbox (MGB) main casing Part Number (P/N) 350A32-3156-21 (Fitted on assembly 350A32-3156-01), or P/N 350A32-3156-22 (Fitted on assembly 350A32-3156-02) or P/N 350A32-3121-04 or P/N 350A32-3121-06 or equipped with MGB bottom Casing (sump) P/N 350A32-3119-05."
157b8d12-c115-446e-a4dc-d12077751fe2,d88e2641-dd39-4814-9f04-682a3c823bff,AD 0020 Part2,61,ASB 01.00.68,ATA 63 - Rotor Drive - Main Gearbox Main and Bottom Casings - Inspection / Replacement,AD,22-Jan-2016,EASA AD 2016-0020 PartB,,,0:00,,"AS 350 B3 helicopters, all serial numbers, if equipped with main gearbox (MGB) main casing Part Number (P/N) 350A32-3156-21 (Fitted on assembly 350A32-3156-01), or P/N 350A32-3156-22 (Fitted on assembly 350A32-3156-02) or P/N 350A32-3121-04 or P/N 350A32-3121-06 or equipped with MGB bottom Casing (sump) P/N 350A32-3119-05."
157b8d12-c115-446e-a4dc-d12077751fe2,d88e2641-dd39-4814-9f04-682a3c823bff,AD 0021,61,ASB 01.00.68,ATA 63 - Rotor Drive - Main Gearbox Main and Bottom Casings - Inspection / Replacement,AD*,22-Jan-2016,EASA AD 2016-0020 PartC,,,0:00,,"AS 350 B3 helicopters, all serial numbers, if equipped with main gearbox (MGB) main casing Part Number (P/N) 350A32-3156-21 (Fitted on assembly 350A32-3156-01), or P/N 350A32-3156-22 (Fitted on assembly 350A32-3156-02) or P/N 350A32-3121-04 or P/N 350A32-3121-06 or equipped with MGB bottom Casing (sump) P/N 350A32-3119-05."
157b8d12-c115-446e-a4dc-d12077751fe2,d88e2641-dd39-4814-9f04-682a3c823bff,2016-0220,72,SB 67.00.64 and SB 67.00.65,ATA 67 - Rotor Flight Controls - Dual Hydraulic System - Modification,AD#,04-Nov-2016,EASA AD 2016-0220,,,0:00,,"AS 350 B3 helicopters, all serial numbers, if equipped with a dual hydraulic system, except those that embody Airbus Helicopters modification (mod) 074719 and mod 074622."
157b8d12-c115-446e-a4dc-d12077751fe2,d88e2641-dd39-4814-9f04-682a3c823bff,2017-0032,63,ASB 62.00.38,ATA 62 - Main Rotor - Main Rotor Hub / Mast Attachment Screws - Inspection,AD,20-Feb-2017,EASA AD 2017-0032,,,0:00,,"AS 350 B, BA, BB, B1, B2, B3 and D helicopters, all serial numbers"
157b8d12-c115-446e-a4dc-d12077751fe2,d88e2641-dd39-4814-9f04-682a3c823bff,2017-0035,62,ASB No. 05.00.49 R3,Rotor Flight Controls - Twist Grip Assembly - Adjustment / Functional Check / Replacement / Modification (This AD Supersedes EASA AD 2012-0252),AD*,20-Feb-2017,EASA AD 2017-0035,,,0:00,,"AS 350 B3 helicopters, all serial numbers, if equipped with ARRIEL 2B engines."
157b8d12-c115-446e-a4dc-d12077751fe2,d88e2641-dd39-4814-9f04-682a3c823bff,2017-0052,76,EASA AD 2017-0052,"Engine Controls - Switches 53Ka, 53Kb and 65K - Inspection / Modification",AD#,24-Mar-2017,EASA AD 2017-0052,,,0:00,,"AS 350 B3 helicopters, all serial numbers, if equipped with a Turbomeca ARRIEL 2B1 engine incorporating the two-channel FADEC (modification (MOD) 073254) and embodying MOD 073261 (new twist grip), or if equipped with a Turbomeca ARRIEL 2D engine (MOD 074302)."
157b8d12-c115-446e-a4dc-d12077751fe2,d88e2641-dd39-4814-9f04-682a3c823bff,2017-0052,73,EASA AD 2013-0191-E,"ATA 76 - Engine Controls - Switches 53Ka, 53Kb and 65K - Inspection / Modification",Sup,24-Mar-2017,EASA AD 2017-0052,,,0:00,,"AS 350 B3 helicopters, all serial numbers, if equipped with a Turbomeca ARRIEL 2B1 engine incorporating the two-channel FADEC (modification (MOD) 073254) and embodying MOD 073261 (new twist grip), or if equipped with a Turbomeca ARRIEL 2D engine (MOD 074302)."
157b8d12-c115-446e-a4dc-d12077751fe2,d88e2641-dd39-4814-9f04-682a3c823bff,2017-0059,76,EASA AD 2013-0191-E EASA AD 2017-0052 EASB 05.00.61 R3 ASB No. 05.00.77,"ATA 76 - Engine Controls - Switches 53Ka, 53Kb and 65K - Inspection / Modification",AD*,13-Apr-2017,EASA AD 2017-0059,,,0:00,,"AS 350 B3 helicopters, all serial numbers, if equipped with a Turbomeca ARRIEL 2B1 engine incorporating the two-channel FADEC (modification (MOD) 073254) and embodying MOD 073261 (new twist grip), or if equipped with a Turbomeca ARRIEL 2D engine (MOD 074302). EC 130 B4 helicopters, all serial numbers, if equipped with a Turbomeca ARRIEL 2B1 engine incorporating the two-channel FADEC and embodying MOD 073773 (new twist grip). EC 130 T2 helicopters, all serial numbers, if equipped with a Turbomeca ARRIEL 2D engine."
157b8d12-c115-446e-a4dc-d12077751fe2,d88e2641-dd39-4814-9f04-682a3c823bff,2017-0089 R1,62,EASB 62.00.39R2,ATA 62- Main Rotor - MR Mast Upper Bearing Lubrication / MR Mast Jet Oil Hose - Inspection,AD,30-Jun-2020,EASA AD 2017-0089 R1,,,0:00,,"AS 350 B, AS 350 BA, AS 350 BB, AS 350 B1, AS 350 B2, AS 350 B3 and AS 350 D helicopters, AS 355 E, AS 355 F, AS 355 F1, AS 355 F2, AS 355 N and AS 355 NP helicopters, and EC 130 B4 and EC 130 T2 helicopters, all serial numbers."
157b8d12-c115-446e-a4dc-d12077751fe2,d88e2641-dd39-4814-9f04-682a3c823bff,2017-0109,24,ASB 05.00.88,ATA 24 - Electrical Power - Starter Generator and Brushes - Inspection / Replacement,AD,23-Jun-2017,EASA AD 2017-0109,,,0:00,,"AS 350 B3 helicopters, all s/n, if equipped with ARRIEL 2B engine."
157b8d12-c115-446e-a4dc-d12077751fe2,d88e2641-dd39-4814-9f04-682a3c823bff,2017-0114,55,EASA AD 2017-0114,Stabilizers - Vertical Fin - Inspection,AD#,28-Jun-2017,EASA AD 2017-0114,,,0:00,,"AS 355 E, AS 355 F, AS 355 F1, AS 355 F2, AS 355 N and AS 355 NP helicopters, all serial numbers, and AS 350 B3 helicopters, all serial numbers, except those that have embodied modification (MOD) 07.3148 in production, or AS350 Service Bulletin (SB) 55.00.14 (any revision) in service."
157b8d12-c115-446e-a4dc-d12077751fe2,d88e2641-dd39-4814-9f04-682a3c823bff,2017-0143,24,EASA AD 2017-0143,Electrical Power - Direct Current (Optional) Second Battery - Replacement,AD#,08-Jul-2017,EASA AD 2017-0143,,,0:00,,"AS 350 B, AS 350 B1, AS 350 B2, AS 350 B3, AS 350 BA, AS 350 BB and AS 350 D helicopters, if equipped with Very Cold Weather Starting Installation (second battery), except those that have embodied modification 074838 in production."
157b8d12-c115-446e-a4dc-d12077751fe2,d88e2641-dd39-4814-9f04-682a3c823bff,2018-0152,53,ASB : 05.00.92,ATA 53 - Fuselage - Main Gearbox Bracket Bolts - Inspection,AD,18-Jul-2018,EASA AD 2018-0152,,,0:00,,For all AS350 helicopter versions.
157b8d12-c115-446e-a4dc-d12077751fe2,d88e2641-dd39-4814-9f04-682a3c823bff,2018-0152,53,ASB :05.00.92,ATA 53 - Fuselage - Main Gearbox Bracket Bolts - Inspection,AD*,18-Jul-2018,EASA AD 2018-0152,,,0:00,,For all AS350 helicopter versions.
157b8d12-c115-446e-a4dc-d12077751fe2,d88e2641-dd39-4814-9f04-682a3c823bff,2018-0206,62,ASB 62.00.42,ATA 62 - Main Rotor - Mast Upper Bearing Sealant Bead / Inner Race Retaining Rings - Inspection,AD*,04-Oct-2018,EASA AD 2018-0206,,,0:00,,"AS 350 B, AS 350 BA, AS 350 BB, AS 350 B1, AS 350 B2, AS 350 B3 and AS 350 D helicopters, all serial numbers (s/n); EC 130 B4 and EC 130 T2 helicopters, all s/n; and AS 355 E, AS 355 F, AS 355 F1, AS 355 F2, AS 355 N and AS 355 NP helicopters, all s/n."
157b8d12-c115-446e-a4dc-d12077751fe2,d88e2641-dd39-4814-9f04-682a3c823bff,2019-0184,67,ASB 67.00.77,ATA 67 - Rotors Flight Control - Main Rotor Servo Actuators - Inspection,AD,29-Jul-2019,EASA AD 2019-0184,,,0:00,,"AS 350 B3 helicopters, all s/n, if equipped with dual hydraulic system (OP 3346 or OP 3082)"
157b8d12-c115-446e-a4dc-d12077751fe2,d88e2641-dd39-4814-9f04-682a3c823bff,2020-0064,25,Safran Aerosystems SB 025-69-18,ATA 25 - Equipment / Furnishings - Emergency Flotation System / Inflation Hoses - Inspection,AD#,19-Mar-2020,EASA AD 2020-0064,,,0:00,,"AS 350 B, AS 350 B1, AS 350 B2, AS 350 BA, AS 350 BB, AS 350 B3, AS 350 D, EC 130 B4 and EC 130 T2 helicopters, all s/n, refer AD for more details."
157b8d12-c115-446e-a4dc-d12077751fe2,d88e2641-dd39-4814-9f04-682a3c823bff,EASA AD 2023-0044,63,ASB 05.01.04,ATA 63 - Main Rotor Drive - Main Gearbox Planet Gear - Inspection,AD*,28-Feb-2023,EASA AD 2023-0044,,,0:00,,"AS 350 B, AS 350 D, AS 350 B1, AS 350 B2, AS 350 BA, AS 350 BB, AS 350 B3, EC 130 B4, EC 130 T2, AS 355 E, AS 355 F, AS 355 F1, AS 355 F2, AS355 N and AS355 NP helicopters, all serial numbers."
157b8d12-c115-446e-a4dc-d12077751fe2,d88e2641-dd39-4814-9f04-682a3c823bff,EASA AD 2023-0064,62,EASA AD 2023-0064,ATA 62 - Main Rotor - Pitch Rod Upper Links - Marking / Inspection,AD,20-Mar-2023,EASA AD 2023-0064,,,0:00,,"AS 350 B, AS 350 BA, AS 350 BB, AS 350 B1, AS 350 B2, AS 350 B3, AS 350 D, EC 130 B4 and EC 130 T2 helicopters, all serial numbers (s/n)."
157b8d12-c115-446e-a4dc-d12077751fe2,d88e2641-dd39-4814-9f04-682a3c823bff,EASA AD 2023-0075,55,ASB 05.00.90,ATA 55 - Stabilizers - Vertical Fin - Inspection ATA 11 - Placards and Markings - Interior Placards - Installation ATA - Aircraft Flight Manual / Airspeed Limitations - Amendment,AD*,07-Apr-2023,EASA AD 2023-0075,,,0:00,,"AS 355 E, AS 355 F, AS 355 F1, AS 355 F2, AS 355 N and AS 355 NP helicopters, all serial numbers (s/n); and AS 350 B3 helicopters, all s/n, except those that have embodied modification (MOD) 073148 in production."
157b8d12-c115-446e-a4dc-d12077751fe2,d88e2641-dd39-4814-9f04-682a3c823bff,EASA AD 2023-0089,55,EASA AD 2023-0089,ATA 55 - Stabilizers - Vertical Fin - Inspection ATA 11 - Placards and Markings - Interior Placards - Installation,AD,04-May-2023,EASA AD 2023-0089,,,0:00,,"AS 355 E, AS 355 F, AS 355 F1, AS 355 F2, AS 355 N and AS 355 NP helicopters, all serial numbers (s/n); and AS 350 B3 helicopters, all s/n, except those that have embodied modification (MOD) 073148 in production."
157b8d12-c115-446e-a4dc-d12077751fe2,d88e2641-dd39-4814-9f04-682a3c823bff,EASA AD 2023-0107,25,EASA AD 2023-0107,ATA 25 - Equipment / Furnishings - Cargo Swing Frame - Inspection,AD,02-Jun-2023,EASA AD 2023-0107,,,0:00,,"AS 350 B2, AS 350 B3 and EC 130 B4 helicopters, if equipped with a cargo hook onboard Part Number (P/N) 704A41811035 and with a cargo swing frame (any P/N)."
157b8d12-c115-446e-a4dc-d12077751fe2,d88e2641-dd39-4814-9f04-682a3c823bff,EASA AD 2023-0127,63,ASB 63.00.38,ATA 63 - Main Rotor Drive - Main Gear Box Engine Coupling - Inspection,AD,27-Jun-2023,EASA AD 2023-0127,,,0:00,,"AS 350 B, AS 350 B1, AS 350 B2, AS 350 BA, AS 350 BB, AS 350 B3 helicopters, all s/n having a helicopter date of manufacture before 15 May 2023;"
157b8d12-c115-446e-a4dc-d12077751fe2,d88e2641-dd39-4814-9f04-682a3c823bff,EASA AD 2023-0131,52,ASB 52.00.65,ATA 52 - Doors - Sliding Doors - Modification,AD,03-Jul-2023,EASA AD 2023-0131,,,0:00,,"AS 350 B, AS 350 D, AS 350 BA, AS 350 BB, AS 350 B1, AS 350 B2 and AS 350 B3 helicopters, all serial number (s/n);"
157b8d12-c115-446e-a4dc-d12077751fe2,d88e2641-dd39-4814-9f04-682a3c823bff,EASA AD 2023-0133,76,ASB 05.00.61 R3 EASB 05.00.77 R1,ATA 76 - Engine Controls - Microswitches - Inspection / Modification.,AD*,05-Jul-2023,EASA AD 2023-0133,,,0:00,,"AS 350 B3 helicopters, all serial numbers (s/n). Affected microswitch: Microswitches, having Part Number (P/N) T3933-3."
157b8d12-c115-446e-a4dc-d12077751fe2,d88e2641-dd39-4814-9f04-682a3c823bff,EASA AD 2023-0187,76,ASB 76.00.33 R1,ATA 76 - Engine Controls - Microswitches - Inspection / Modification,AD,27-Oct-2023,EASA AD 2023-0187,,,0:00,,"AS 350 B3 helicopters, all serial numbers (s/n)."
157b8d12-c115-446e-a4dc-d12077751fe2,d88e2641-dd39-4814-9f04-682a3c823bff,EASA AD 2023-0187 R1,76,,ATA 76 - Engine Controls - Microswitches - Inspection / Modification,AD*,20-Mar-2025,EASA AD 2023-0187 R1,,,0:00,,"AS 350 B3 helicopters, all serial numbers (s/n)."
157b8d12-c115-446e-a4dc-d12077751fe2,d88e2641-dd39-4814-9f04-682a3c823bff,EASA AD 2025-0025,25,ASB 25-98-0002 ASB 25-98-0001,ATA 25 - Equipment / Furnishings - Emergency Release Control of Cargo-Swing Installation - Inspection,AD,23-Jan-2025,EASA AD 2025-0025,,,0:00,,"AS 350 B2, AS 350 B3, AS 355 NP, AS 355 N and EC 130 B4 helicopters, all serial numbers equipped with ONBOARD systems 3500LB, having Part Number (P/N) 704A41811035 (manufacturer reference 528-023-51)."
157b8d12-c115-446e-a4dc-d12077751fe2,d88e2641-dd39-4814-9f04-682a3c823bff,EASA AD 2025-0036,25,ASB 25-98-0001,ATA 25 - Equipment / Furnishings - Cargo Hook Assembly - Inspection,AD,12-Feb-2025,EASA AD 2025-0036,,,0:00,,"AS 350 B, AS 350 BA, AS 350 BB, AS 350 B1, AS 350 B2, AS 350 B3 and AS 350 D helicopters, all serial numbers (s/n)"
157b8d12-c115-446e-a4dc-d12077751fe2,d88e2641-dd39-4814-9f04-682a3c823bff,EASA AD 2025-0137,4,ASB 62-00-0001,ATA 04 - Time Limits / Maintenance Checks - Airworthiness Limitations Section - Amendment,AD,27-Jun-2025,EASA AD 2025-0137,,,0:00,,"AS 350 B2, AS 350 B3, EC 130 B4 and EC 130 T2 helicopters, all serial numbers"
157b8d12-c115-446e-a4dc-d12077751fe2,d88e2641-dd39-4814-9f04-682a3c823bff,EASA AD 2025-0137,4,,Time Limits / Maintenance Checks - Airworthiness Limitations Section - Amendment,AD,27-Jun-2025,EASA AD 2025-0137,,,0:00,,"AS 350 B2, AS 350 B3, EC 130 B4 and EC 130 T2 helicopters, all serial numbers."
157b8d12-c115-446e-a4dc-d12077751fe2,d88e2641-dd39-4814-9f04-682a3c823bff,EASA AD 2025-0159,11,ASB 11-30-0001,ATA 11 - Placards and Markings - Unlock Sliding Door - Installation,AD,24-Jul-2025,EASA AD 2025-0159,,,0:00,,"AS 350 B, AS 350 BA, AS 350 BB, AS 350 B1, AS 350 B2, AS 350 B3, AS 350 D, EC 120 B, EC 130 B4, AS 355 E, AS 355 F, AS 355 F1, AS 355 F2, AS 355 N and AS 355 NP helicopters, all serial numbers on which modification 0720257 has not been embodied."
157b8d12-c115-446e-a4dc-d12077751fe2,d88e2641-dd39-4814-9f04-682a3c823bff,EASA AD 2026-0052,31,,ATA 31 - Instruments - Fuse Cover Attachment of Circuit Breaker Panel - Modification,AD,12-Mar-2026,EASA AD 2026-0052,,,0:00,,"AS 350 B2, AS 350 B3 all serial numbers (s/n), on which modification (mod) 073273 and mod 073274 have been embodied, except those which mod 074280 has been embodied; and EC 130 B4 helicopters, all s/n, on which mod 073245 has been embodied."
157b8d12-c115-446e-a4dc-d12077751fe2,d88e2641-dd39-4814-9f04-682a3c823bff,EASA AD 2026-0052,31,,ATA 31 - Instruments - Fuse Cover Attachment of Circuit Breaker Panel - Modification,AD#,12-Mar-2026,EASA AD 2026-0052,,,0:00,,"AS 350 B2, AS 350 B3 all serial numbers (s/n), on which modification (mod) 073273 and mod 073274 have been embodied, except those which mod 074280 has been embodied; and EC 130 B4 helicopters, all s/n, on which mod 073245 has been embodied."
157b8d12-c115-446e-a4dc-d12077751fe2,d88e2641-dd39-4814-9f04-682a3c823bff,2001-580-085,67,ASB No. 05.00.37 R1,Rotor Flight Controls - Tail Servo Controls - Eye End Fitting Locking,AD*,18-Dec-2004,EASA AD F-2001-580-085 R2,,,0:00,,"AS350 B, BA, B1, B2, B3, BB and D helicopters, equipped with tail servo controls, all P/N and all types, that have not been modified per MOD 073139 or per ASB No. 67.00.22."
157b8d12-c115-446e-a4dc-d12077751fe2,d88e2641-dd39-4814-9f04-682a3c823bff,2002-281-091,34,ASB 34.00.13.,Navigation - Horizontal Situation Indicator KI 525A,AD,27-Mar-2004,EASA AD F-2002-281-091 R1,,,0:00,,"Eurocopter AS 350 helicopter versions B, BA, B1, B2, B3, BB and D, equipped with HSI KI 525A."
157b8d12-c115-446e-a4dc-d12077751fe2,d88e2641-dd39-4814-9f04-682a3c823bff,2002-314-092,67,ASB No. 67.00.23,"Rotor Flight Controls - ""TRW-SAMM"" Main Servo Controls - Check",AD,02-Dec-2003,EASA AD F-2002-314-092 R1,,,0:00,,"Eurocopter AS 350 B3 helicopters equipped with ""TRW-SAMM"" main servocontrols, P/N SC 8042 or SC 8043 that underwent their last complete overhaul or repair since complete overhaul at ""HAWKER PACIFIC AEROSPACE"", USA, before March 1, 2002."
157b8d12-c115-446e-a4dc-d12077751fe2,d88e2641-dd39-4814-9f04-682a3c823bff,2002-331-071,63,,Rotor drive(s) - Main gearbox - Lubrication pump,AD#,04-Dec-2004,EASA AD F-2002-331-071R2,,,0:00,,SUPERSEDED BY DGAC AD F-2006-027
157b8d12-c115-446e-a4dc-d12077751fe2,d88e2641-dd39-4814-9f04-682a3c823bff,2002-344-093,52,EASA AD F-2002-344-093R1,Doors - Sliding door - Wear on rollers and rails,AD#,20-Nov-2004,EASA AD F-2002-344-093R1,,,0:00,,SUPERSEDED BY EASA AD 2006-0249
157b8d12-c115-446e-a4dc-d12077751fe2,d88e2641-dd39-4814-9f04-682a3c823bff,2003-002,67,ASB 67.00.24,Rotor Flight Controls - Cyclic Stick,AD,28-Feb-2004,EASA AD F-2003-002 R1,,,0:00,,"Eurocopter AS 350 helicopter versions B, BA, B1, B2, B3, BB and D, modified per MOD 070682 and before embodiment of MOD 073179."
157b8d12-c115-446e-a4dc-d12077751fe2,d88e2641-dd39-4814-9f04-682a3c823bff,2004-033,28,ASB 28.00.16,Fuel - Fuel Bleed Lever,AD,17-Mar-2004,EASA AD F-2004-033,,,0:00,,"Eurocopter AS 350 helicopter versions B, BA, BB, B1, B2, B3 and D, pre-MOD 073239."
157b8d12-c115-446e-a4dc-d12077751fe2,d88e2641-dd39-4814-9f04-682a3c823bff,2004-035,53,ASB 05.00.43,Fuselage - Rear Structure Junction Frame,AD,27-Mar-2004,EASA AD F-2004-035,,,0:00,,"Eurocopter AS 350 helicopter versions B, BA, BB, B1, B2, B3 and D, pre-MOD 073215, or not equipped with the four reinforcement angles, P/N 350A08.2493.20/.21 /.22 /.23, following the repair carried out IAW MRM Work Card 53.10.22.772."
157b8d12-c115-446e-a4dc-d12077751fe2,d88e2641-dd39-4814-9f04-682a3c823bff,2004-045,76,EASA AD F-2004-045,Engine controls - Twist grip solenoid,AD#,31-Mar-2004,EASA AD F-2004-045,,,0:00,,SUPERSEDED BY EASA EMERGENCY AD 2006-0183-E
157b8d12-c115-446e-a4dc-d12077751fe2,d88e2641-dd39-4814-9f04-682a3c823bff,2004-046,25,EASA AD F-2004-046,Equipment and furnishings - Hoist hooks,AD#,31-Mar-2004,EASA AD F-2004-046,,,0:00,,Superseded by EASA AD 2006-0098
157b8d12-c115-446e-a4dc-d12077751fe2,d88e2641-dd39-4814-9f04-682a3c823bff,2004-055,29,ASB 05.00.45 R1,Time Limits/Maintenance Checks - Replacement of Hydraulic Fluid in Cold Weather,AD,08-May-2004,EASA AD F-2004-055,,,0:00,,"Eurocopter AS 350 helicopter versions B, BA, BB, B1, B2, B3 and D that operate in a flight envelope where the outside air temperature (OAT) is below minus 15° Celsius (or below plus 5° Fahrenheit)."
157b8d12-c115-446e-a4dc-d12077751fe2,d88e2641-dd39-4814-9f04-682a3c823bff,2004-089,29,ASB 29.00.07,Hydraulic System - Hydraulic Cut Off Function,AD,03-Jul-2004,EASA AD F-2004-089,,,0:00,,"Eurocopter AS 350 helicopter versions B, B1, B2, B3, BA, BB and D, pre-MOD 073263."
157b8d12-c115-446e-a4dc-d12077751fe2,d88e2641-dd39-4814-9f04-682a3c823bff,2004-096,25,EASA AD F-2004-096,Equipment/Furnishings - Hoist operator's belt snap hook,AD#,03-Jul-2004,EASA AD F-2004-096,,,0:00,,SUPERSEDED BY EASA AD 2006-0252
157b8d12-c115-446e-a4dc-d12077751fe2,d88e2641-dd39-4814-9f04-682a3c823bff,2004-170,25,ASB 01.00.56,Equipments/Furnishings - Hoist hooks,AD,26-Mar-2005,EASA AD F-2004-170 R1,,,0:00,,"Eurocopter AS 350 B, BA, B1, B2, B3, BB and D, equipped with BREEZE hoists fitted with hook assembly PN BL-7520-01, with hook PN BL-7520."
157b8d12-c115-446e-a4dc-d12077751fe2,d88e2641-dd39-4814-9f04-682a3c823bff,2004-174,29,,Hydraulic Power - Hydraulic Power Loss,AD,20-Nov-2004,EASA AD F-2004-174,,,0:00,,"Eurocopter AS 350 helicopter versions B, BA, B1, B2, B3, BB and D. Note: The information contained in this AD is intended for crews."
157b8d12-c115-446e-a4dc-d12077751fe2,d88e2641-dd39-4814-9f04-682a3c823bff,2004-178,64,ASB 64.00.05,Tail rotor - Tail rotor blade trailing edge tab,AD,20-Nov-2004,EASA AD F-2004-178,,,0:00,,"AS 350 helicopters, versions B, BA, BB, B1, B2, B3 and D, fitted with tail rotor blades PN 355A 12.0040 all dash numbers and PN 355A 12.0050.04, with serial numbers from 8400 to 9224 inclusive."
157b8d12-c115-446e-a4dc-d12077751fe2,d88e2641-dd39-4814-9f04-682a3c823bff,2004-196,67,EASA AD F-2004-196,Rotor flight controls - Tail servo-control,AD#,28-Dec-2004,EASA AD F-2004-196,,,0:00,,SUPERSEDED BY EASA AD 2006-0247
157b8d12-c115-446e-a4dc-d12077751fe2,d88e2641-dd39-4814-9f04-682a3c823bff,2005-010,55,EASA AD F-2005-010,Stabilizers - Upper and lower vertical fin spars,AD#,05-Jan-2005,EASA AD F-2005-010,,,0:00,,SUPERSEDED BY EASA AD 2006-0095
157b8d12-c115-446e-a4dc-d12077751fe2,d88e2641-dd39-4814-9f04-682a3c823bff,2005-102,53,EASA AD F-2005-102R1,Fuselage - RH cabin vibration damper,AD#,13-Aug-2005,EASA AD F-2005-102R1,,,0:00,,SUPERSEDED BY EASA AD 2006-0273
157b8d12-c115-446e-a4dc-d12077751fe2,d88e2641-dd39-4814-9f04-682a3c823bff,2005-136,52,EASA AD F-2005-136,Doors - Sliding door rear roller support shaft and rear fitting,AD,03-Aug-2005,EASA AD F-2005-136,,,0:00,,SUPERSEDED BY EASA AD 2006-0251
157b8d12-c115-446e-a4dc-d12077751fe2,d88e2641-dd39-4814-9f04-682a3c823bff,2006-027,62,EASA AD F-2006-027,Rotor drive(s) - Main gearbox - Lubrication pump,AD#,01-Feb-2006,EASA AD F-2006-027,,,0:00,,SUPERSEDED BY EASA EMERGENCY AD 2006-0378-E
157b8d12-c115-446e-a4dc-d12077751fe2,d88e2641-dd39-4814-9f04-682a3c823bff,EASA AD No. 2012-0257-CN,64,,ATA 64 - CANCELLED: Tail Rotor - Laminated Half-Bearings - Inspection / Replacement,AD,17-Jul-2024,EASA AD No. 2012-0257-CN,,,0:00,,"AS 350 B3 helicopters, all s/n, except helicopters that embody modification (MOD) 075601."
157b8d12-c115-446e-a4dc-d12077751fe2,d88e2641-dd39-4814-9f04-682a3c823bff,EASA AD No.: 2010-0006-CN,5,ASB 05.00.60,Time Limits / Maintenance Checks - Tail Rotor Pitch-Change Links - Inspection,AD,03-Sep-2021,EASA AD No.: 2010-0006-CN,,,0:00,,"AS 350 B, BA, BB, B1, B2, B3 and D helicopters, all serial numbers (s/n);"
157b8d12-c115-446e-a4dc-d12077751fe2,d88e2641-dd39-4814-9f04-682a3c823bff,EASA AD No.: 2011-0072-CN,25,ASB 05.00.63,ATA 25 - CANCELLED: Equipment & Furnishings - Emergency Flotation Gear Attachment Brackets - Inspection / Replacement,AD,04-Mar-2022,EASA AD No.: 2011-0072-CN,,,0:00,,"AS 350 B, AS 350 BA, AS 350 BB, AS 350 B1, AS 350 B2, AS 350 B3 and AS 350 D helicopters, all serial numbers (s/n), and"
157b8d12-c115-446e-a4dc-d12077751fe2,d88e2641-dd39-4814-9f04-682a3c823bff,EASA AD No.: 2014-0076R3,53,EASB No. 05.00.70,Fuselage - Rear Structure Junction Frame Reinforcement Angles - Inspection.,AD,30-Nov-2021,EASA AD No.: 2014-0076R3,,,0:00,,"AS 350 B, BA, BB, B1, B2, B3 and D helicopters, and AS 355 E, F, F1, F2, N and NP helicopters, all serial numbers, if an affected part, as defined in this AD, is installed, except helicopters on which AH modification (MOD) 073232 or MOD 073922 has been embodied in production, or AH AS350 Service Bulletin (SB) No. 53.00.58 and AS355 SB No. 53.00.34, as applicable, have been embodied in service."
157b8d12-c115-446e-a4dc-d12077751fe2,d88e2641-dd39-4814-9f04-682a3c823bff,EASA AD No.: 2015-0094-CN,62,EASA AD No.: 2015-0094-CN,CANCELLED: Main Rotor Drive - Bi-Directional Suspension Cross-Bar - Inspection,AD,03-Sep-2021,EASA AD No.: 2015-0094-CN,,,0:00,,"AS 350 B, BA, BB, B1, B2, B3 and D helicopters, all serial numbers (s/n)."
157b8d12-c115-446e-a4dc-d12077751fe2,d88e2641-dd39-4814-9f04-682a3c823bff,2017-0020-R1,64,ASB No AS350-05.00.86,ATA 05 - Tail Rotor - Pitch Rod - Inspection,AD*,22-May-2019,EASA AD No.: 2017-0020-R1,,,0:00,,"AS 350 B, AS 350 BA, AS 350 BB, AS 350 B1, AS 350 B2, AS 350 B3, AS 355 E, AS 355 F, AS 355 F1, AS 355 F2, AS 355 N and AS 355 NP helicopters, all serial numbers, which embody modification (mod) 075601 or mod 076602"
157b8d12-c115-446e-a4dc-d12077751fe2,d88e2641-dd39-4814-9f04-682a3c823bff,EASA AD No.: 2017-0032-CN,62,AS350-62.00.38,Main Rotor - Main Rotor Hub / Mast Attachment Screws - Inspection,AD#,11-Aug-2021,EASA AD No.: 2017-0032-CN,,,0:00,,"AS 350 B, BA, BB, B1, B2, B3 and D helicopters, all serial numbers;"
157b8d12-c115-446e-a4dc-d12077751fe2,d88e2641-dd39-4814-9f04-682a3c823bff,EASA AD No.: 2018-0206,62,ASB :62.00.42,ATA 62 - Main Rotor - Mast Upper Bearing Sealant Bead / Inner Race Retaining Rings - Inspection,AD,04-Oct-2018,EASA AD No.: 2018-0206,,,0:00,,"AS 350 B, AS 350 BA, AS 350 BB, AS 350 B1, AS 350 B2, AS 350 B3 and AS 350 D helicopters, all serial numbers (s/n); EC 130 B4 and EC 130 T2 helicopters, all s/n; and AS 355 E, AS 355 F, AS 355 F1, AS 355 F2, AS 355 N and AS 355 NP helicopters, all s/n."
157b8d12-c115-446e-a4dc-d12077751fe2,d88e2641-dd39-4814-9f04-682a3c823bff,2018-0206,62,SB. No: 62.00.42,ATA 62 - Main Rotor - Mast Upper Bearing Sealant Bead / Inner Race Retaining Rings - Inspection,AD,04-Oct-2018,EASA AD No.: 2018-0206,,,0:00,,"AS 350 B, AS 350 BA, AS 350 BB, AS 350 B1, AS 350 B2, AS 350 B3 and AS 350 D helicopters, all serial numbers (s/n); EC 130 B4 and EC 130 T2 helicopters, all s/n; and AS 355 E, AS 355 F, AS 355 F1, AS 355 F2, AS 355 N and AS 355 NP helicopters, all s/n."
157b8d12-c115-446e-a4dc-d12077751fe2,d88e2641-dd39-4814-9f04-682a3c823bff,2018-0287,67,ASB -67.00.76 R1,ATA 67 - Rotors Flight Control - Tail Rotor Gearbox Actuating Rod - Inspection,AD,20-Dec-2018,EASA AD No.: 2018-0287,,,0:00,,"AS 350 B, AS 350 BA, AS 350 BB, AS 350 B1, AS 350 B2, AS 350 B3 and AS 350 D helicopters, all serial numbers (s/n)"
157b8d12-c115-446e-a4dc-d12077751fe2,d88e2641-dd39-4814-9f04-682a3c823bff,2019-0060,67,ASB AS350-67.00.76,Rotors Flight Control - Tail Rotor Gearbox Actuating Rod - Inspection,AD,20-Mar-2019,EASA AD No.: 2019-0060,,,0:00,,"AS 350 B, AS 350 BA, AS 350 BB, AS 350 B1, AS 350 B2, AS 350 B3 and AS 350 D helicopters, all serial numbers (s/n); and AS 355 E, AS 355 F, AS 355 F1, AS 355 F2, AS 355 N and AS 355 NP helicopters, all s/n."
157b8d12-c115-446e-a4dc-d12077751fe2,d88e2641-dd39-4814-9f04-682a3c823bff,2019- 0060,67,ASB:67.00.76 R1,ATA 67 - Rotors Flight Control - Tail Rotor Gearbox Actuating Rod - Inspection,AD,20-Mar-2019,EASA AD No.: 2019-0060,,,0:00,,"AS 350 B, AS 350 BA, AS 350 BB, AS 350 B1, AS 350 B2, AS 350 B3 and AS 350 D helicopters, all serial numbers (s/n);"
157b8d12-c115-446e-a4dc-d12077751fe2,d88e2641-dd39-4814-9f04-682a3c823bff,2020-0175,52,carryout as per ASB 52.00.54,ATA 52 - Doors - Sliding Doors - Inspection,AD,05-Aug-2020,EASA AD No.: 2020-0175,,,0:00,,"AS 350 helicopters, all serial number (s/n);"
157b8d12-c115-446e-a4dc-d12077751fe2,d88e2641-dd39-4814-9f04-682a3c823bff,EASA AD No.: 2020-0175-CN,52,ASB 52.00.54,Doors - Sliding Doors - Inspection.,AD,13-Sep-2021,EASA AD No.: 2020-0175-CN,,,0:00,,"AS 350 helicopters, all serial number (s/n)."
157b8d12-c115-446e-a4dc-d12077751fe2,d88e2641-dd39-4814-9f04-682a3c823bff,2020-0186,55,ASB : 05.00.90,ATA 55 - Stabilizers - Vertical Fin - Inspection,AD*,20-Aug-2020,EASA AD No.: 2020-0186,,,0:00,,"AS 355 E, AS 355 F, AS 355 F1, AS 355 F2, AS 355 N and AS 355 NP helicopters, all serial numbers (s/n); and AS 350 B3 helicopters, all s/n, except those that have embodied modification (MOD) 07.3148 in production, or AS350 Service Bulletin (SB) 55.00.14 (any revision) in service"
157b8d12-c115-446e-a4dc-d12077751fe2,d88e2641-dd39-4814-9f04-682a3c823bff,EASA AD No.: 2021-0048,62,ASB 05.01.01,Pitch Rod Upper Links - Marking / Inspection,AD,16-Feb-2021,EASA AD No.: 2021-0048,,,0:00,,"AS 350 B, AS 350 BA, AS 350 BB, AS 350 B1, AS 350 B2, AS 350 B3, AS 350 D, EC 130 B4 and EC 130 T2 helicopters, all serial numbers (s/n);"
157b8d12-c115-446e-a4dc-d12077751fe2,d88e2641-dd39-4814-9f04-682a3c823bff,EASA AD No.: 2021-0123-E,29,EASB 29.00.23,Hydraulic Power - Tail Rotor Load Compensator - Functional Check / Modification,AD,07-May-2021,EASA AD No.: 2021-0123-E,,,0:00,,"AS 350 B, AS 350 B2, AS 350 B3 and AS 350 BA helicopters, serial numbers 1241, 1525, 1601, 1708, 1825, 1910, 1973, 2056, 2072, 2361, 2394, 3170, 3223, 3479, 3789, 9005, 9010 and 9035."
157b8d12-c115-446e-a4dc-d12077751fe2,d88e2641-dd39-4814-9f04-682a3c823bff,EASA AD No.: 2021-0168,31,ASB 05.01.00,Recording Systems - Control Unit - Inspection.,AD,16-Jul-2021,EASA AD No.: 2021-0168,,,0:00,,"AS 350 B2 and AS 350 B3 helicopters, all s/n that have embodied MOD 073273 in production, except those that have also embodied MOD 074280 in production."
157b8d12-c115-446e-a4dc-d12077751fe2,d88e2641-dd39-4814-9f04-682a3c823bff,EASA AD No.: 2021-0194,5,EASA AD No.: 2021-0194,Time Limits / Maintenance Checks - Airworthiness Limitations Section - Amendment.,AD,03-Sep-2021,EASA AD No.: 2021-0194,,,0:00,,"AS 350 B, AS 350 BA, AS 350 BB, AS 350 B1, AS 350 B2, AS 350 B3, AS 350 D, EC 130 B4 and EC 130 T2 helicopters, all serial numbers."
157b8d12-c115-446e-a4dc-d12077751fe2,d88e2641-dd39-4814-9f04-682a3c823bff,EASA AD No.: 2021-0194 R1,5,EASA AD No.: 2021-0194R1,ATA 05 - Time Limits / Maintenance Checks - Airworthiness Limitations Section - Amendment,AD,08-Oct-2021,EASA AD No.: 2021-0194R1,,,0:00,,"AS 350 B, AS 350 BA, AS 350 BB, AS 350 B1, AS 350 B2, AS 350 B3, AS 350 D, EC 130 B4 and EC 130 T2 helicopters, all serial numbers."
157b8d12-c115-446e-a4dc-d12077751fe2,d88e2641-dd39-4814-9f04-682a3c823bff,EASA AD No.: 2021-0195,67,AS350-01.00.67,Rotorcraft Flight Manual - Engine Digital Electronic Control Unit Emergency Procedure - Amendment.,AD,03-Sep-2021,EASA AD No.: 2021-0195,,,0:00,,"AS 350 B3 and EC 130 T2 helicopters, all serial numbers (s/n), if equipped with ARRIEL 2D engine."
157b8d12-c115-446e-a4dc-d12077751fe2,d88e2641-dd39-4814-9f04-682a3c823bff,EASA AD No.: 2021-0282R1,64,ASB 05.01.03R1,ATA 64 - Tail Rotor - Tail Rotor Head Pitch Change Unit Bearing Spacer - Marking / Check,AD,10-Jul-2024,EASA AD No.: 2021-0282R1,,,0:00,,"AS 350 B, AS 350 BA, AS 350 BB, AS 350 B1, AS 350 B2, AS 350 B3, AS 350 D helicopters"
157b8d12-c115-446e-a4dc-d12077751fe2,d88e2641-dd39-4814-9f04-682a3c823bff,EASA AD No.: 2022-0051,53,EASB 05.00.70,ATA 53 - Fuselage - Rear Structure Junction Frame Reinforcement Angles - Inspection,AD,22-Mar-2022,EASA AD No.: 2022-0051,,,0:00,,"AS 350 B, BA, BB, B1, B2, B3 and D helicopters,except helicopters on which AH modification (MOD) 073232 has been embodied in production."
157b8d12-c115-446e-a4dc-d12077751fe2,d88e2641-dd39-4814-9f04-682a3c823bff,EASA AD No.: 2022-0077-E,67,EASB 67.00.81,ATA 67 - Rotors Flight Control - Flight Control Flexball Cables - Replacement,AD,29-Apr-2022,EASA AD No.: 2022-0077-E,,,0:00,,"AS 350 B, AS 350 B1, AS 350 B2, AS 350 B3, AS 350 BA, AS 350 BB and AS 350 D helicopters, all s/n;"
157b8d12-c115-446e-a4dc-d12077751fe2,d88e2641-dd39-4814-9f04-682a3c823bff,EASA AD No.: 2022-0128,53,ASB 05.00.92,ATA 53 - Fuselage - Main Gearbox Bracket Bolts - Inspection,AD,30-Jun-2022,EASA AD No.: 2022-0128,,,0:00,,"AS 350 B, AS 350 D, AS 350 B1, AS 350 B2, AS 350 BA, AS 350 BB, AS 350 B3, EC 130 B4, EC 130 T2, AS 355 E, AS355 F, AS355 F1, AS355 F2, AS355 N and AS355 NP helicopters, all serial numbers."
157b8d12-c115-446e-a4dc-d12077751fe2,d88e2641-dd39-4814-9f04-682a3c823bff,EASA AD No.: 2022-0128,53,ASB AS350-05.00.92,ATA 53 - Fuselage - Main Gearbox Bracket Bolts - Inspection.,AD,30-Jun-2022,EASA AD No.: 2022-0128,,,0:00,,"AS 350 B, AS 350 D, AS 350 B1, AS 350 B2, AS 350 BA, AS 350 BB, AS 350 B3, EC 130 B4, EC 130 T2, AS 355 E, AS355 F, AS355 F1, AS355 F2, AS355 N and AS355 NP helicopters, all serial numbers."
157b8d12-c115-446e-a4dc-d12077751fe2,d88e2641-dd39-4814-9f04-682a3c823bff,EASA AD No.: 2024-0018,31,ASB AS350-25.04.87,ATA 31 - Indicating / Recording Systems - Control Unit - Inspection,AD*,11-Jan-2024,EASA AD No.: 2024-0018,,,0:00,,"EC 130 B4 helicopters, all serial numbers (s/n); and EC 120 B helicopters, all s/n; and AS 350 B2 and AS 350 B3 helicopters, all s/n."
157b8d12-c115-446e-a4dc-d12077751fe2,d88e2641-dd39-4814-9f04-682a3c823bff,EASA AD No.: 2024-0133,4,,ATA 04 - Time Limits / Maintenance Checks - Airworthiness Limitations Section - Amendment,AD,10-Jul-2024,EASA AD No.: 2024-0133,,,0:00,,"AS 350 B, AS 350 BA, AS 350 BB, AS 350 B1, AS 350 B2, AS 350 B3, AS 350 D, EC 130 B4 and EC 130 T2 helicopters, all serial numbers."
157b8d12-c115-446e-a4dc-d12077751fe2,d88e2641-dd39-4814-9f04-682a3c823bff,EASA AD No.: 2024-0139,55,EASB 05.00.90R5,ATA 55 - Stabilizers - Vertical Fin - Inspection / Modification ATA 11 - Placards and Markings - Interior Placards - Installation ATA - Aircraft Flight Manual / Airspeed Limitations - Amendment,AD,12-Jul-2024,EASA AD No.: 2024-0139,,,0:00,,"AS 350 B3 helicopters, all s/n, except those that have embodied modification (MOD) 073148 in production."
157b8d12-c115-446e-a4dc-d12077751fe2,d88e2641-dd39-4814-9f04-682a3c823bff,EASA AD No.: 2025-0137,4,EASA AD No.: 2025-0137,ATA 04 - Time Limits / Maintenance Checks - Airworthiness Limitations Section - Amendment,AD,27-Jun-2025,EASA AD No.: 2025-0137,,,0:00,,"AS 350 B2, AS 350 B3, EC 130 B4 and EC 130 T2 helicopters, all serial numbers"
157b8d12-c115-446e-a4dc-d12077751fe2,d88e2641-dd39-4814-9f04-682a3c823bff,2003-0008,25,MAG(E) SB-A25-001.,ATA 25 - CAMERA SYSTEM INSTALLATION - RE-WORK OF THE TAIL ROTOR AND CYCLIC CONTROL CUT-OUTS OF THE FLOOR MOUNTED PLATFORM PANEL,AD,17-Sep-2003,EASA AD No: G-2003-0008,,,0:00,,"Eurocopter Model AS350 and AS355 helicopters, certificated in any category that have been modified in accordance with MAG(E) modification 350-1521 or 350-1680. Installation of Camera platform."
157b8d12-c115-446e-a4dc-d12077751fe2,d88e2641-dd39-4814-9f04-682a3c823bff,EASA AD No.: 2021-0048,62,(ASB) AS350-05.01.01,Main Rotor - Pitch Rod Upper Links - Marking / Inspection,AD,16-Feb-2021,EASA AD NO:2021-0048,,,0:00,,"AS 350 B, AS 350 BA, AS 350 BB, AS 350 B1, AS 350 B2, AS 350 B3, AS 350 D, EC 130 B4 and EC 130 T2 helicopters, all serial numbers (s/n); AS 355 E, AS 355 F, AS 355 F1, AS 355 F2, AS 355 N and AS 355 NP helicopters, all s/n; and SA 365 C1, SA 365 C2, SA 365 C3, SA 365 N, SA 365 N1, AS 365 N2 and AS 365 N3 helicopters, all s/n."
157b8d12-c115-446e-a4dc-d12077751fe2,d88e2641-dd39-4814-9f04-682a3c823bff,EASA AD No:2021-0099,55,,Stabilizers - Vertical Fin - Inspection,AD,09-Apr-2021,EASA AD No:2021-0099,,,0:00,,"AS 355 E, AS 355 F, AS 355 F1, AS 355 F2, AS 355 N and AS 355 NP helicopters, all serial numbers (s/n); and AS 350 B3 helicopters, all s/n, except those that have embodied modification (MOD) 073148 in production."
157b8d12-c115-446e-a4dc-d12077751fe2,d88e2641-dd39-4814-9f04-682a3c823bff,2020-02-23,25,"DART Aerospace Service Bulletin SB-2018-07, Revision D","Air Transport Association (ATA) of America Code 25, Equipment/Furnishings, and 32, Landing gear.",AD#,28-Feb-2020,EASA AD US 2020-02-23,,,0:00,,"any category. (1) Airbus Helicopters Model AS350B, AS350BA, AS350B1, AS350B2, AS350B3, AS350C, AS350D, and AS350D1 helicopters, modified by supplemental type certificate (STC) SR00470LA. (2) Airbus Helicopters Model AS355E, AS355F, AS355F1, AS355F2, AS355N, and AS355NP helicopters, modified by STC SR00645LA."
157b8d12-c115-446e-a4dc-d12077751fe2,d88e2641-dd39-4814-9f04-682a3c823bff,EASA AD US-2024-20-07,25,,"Joint Aircraft System Component (JASC) Code: 2560, Emergency Equipment and 3212, Emergency Flotation Section",AD,31-Oct-2024,EASA AD US-2024-20-07,,,0:00,,"Airbus Helicopters Model AS350B, AS350BA, AS350B1, AS350B2, AS350B3"
157b8d12-c115-446e-a4dc-d12077751fe2,d88e2641-dd39-4814-9f04-682a3c823bff,2000-340-080(A) R2,53,ASB No. 05.00.35,Tail rotor drive shaft forward fairing,AD,02-Mar-2002,EASA AD: 2000-340-080(A) R2,,,0:00,,AS 350 B3 helicopters equipped with tail rotor drive shaft forward fairing P/Nos.: - 350A23.0032.09 pre MOD 073097 - 350A23.1075.00 post MOD 073097.
157b8d12-c115-446e-a4dc-d12077751fe2,d88e2641-dd39-4814-9f04-682a3c823bff,2003-406(A),67,ASB No. 67.00.27,Rotor flight controls - Collective lever lock.,AD,29-Oct-2003,EASA AD: 2003-406(A),,,0:00,,"AS 350 helicopter versions B, BA, BB, B1, B2, B3 and D fitted with the pilot collective lever locking system: Locks PN 350A77.1309.xx and 350A27.3155.20."
157b8d12-c115-446e-a4dc-d12077751fe2,d88e2641-dd39-4814-9f04-682a3c823bff,A136,63,ASB 05.00.84,Main Rotor Drive - Cross-Bar - Inspection,MOD*,12-Jun-2015,EASA AD: 2015-0094,,,0:00,,"AS 350 B, BA, BB, B1, B2, B3 and D helicopters, and AS 355 E, F, F1, F2, N and NP helicopters, and EC130 B4 and T2 helicopters, all serial numbers."
157b8d12-c115-446e-a4dc-d12077751fe2,d88e2641-dd39-4814-9f04-682a3c823bff,2019-0225-E,63,ASB: 63.00.32,ATA 63 - Main Rotor Drive - Main Gearbox Drive Shaft / Engine Coupling - Inspection,AD,13-Sep-2019,EASA AD: 2019-0225-E,,,0:00,,"AS 350 B3 helicopters, all serial numbers (s/n), if equipped with a SAFRAN Helicopter Engines (SAFRAN) ARRIEL 2D engine, having accumulated (on the effective date of this AD) less than 300 flight hours (FH) since first flight."
157b8d12-c115-446e-a4dc-d12077751fe2,d88e2641-dd39-4814-9f04-682a3c823bff,2019-0228,25,ASB: 25.00.79,ATA 25 - Equipment / Furnishings - Electric Hoist Installation - Modification,AD,12-Sep-2019,EASA AD: 2019-0228,,,0:00,,"AS 350 B, AS 350 BA, AS 350 BB, AS 350 B1, AS 350 B2, AS 350 B3 and AS 350 D helicopters, all serial numbers,"
157b8d12-c115-446e-a4dc-d12077751fe2,d88e2641-dd39-4814-9f04-682a3c823bff,EASA AD: 2021-0282,64,ASB 05.01.03,ATA 64 - Tail Rotor - Tail Rotor Head Pitch Change Unit Bearing Spacer - Marking / Check,AD,17-Dec-2021,EASA AD: 2021-0282,,,0:00,,"AS 350 B, AS 350 BA, AS 350 BB, AS 350 B1, AS 350 B2, AS 350 B3, AS 350 D helicopters. Tail rotor head (TRH) spider pitch change unit, having Part Number (P/N) 350A33-2030-00, P/N 350A33-2167-00, or P/N 350A33-2167-01."
157b8d12-c115-446e-a4dc-d12077751fe2,d88e2641-dd39-4814-9f04-682a3c823bff,EASA AD: 2026-0021,53,EASA AD: 2026-0021,ATA 53 - Fuselage - Mounts and Attachment - Checks / Replacement,AD,29-Jan-2026,EASA AD: 2026-0021,,,0:00,,"AS 350 B, AS 350 BA, AS 350 BB, AS 350 B1, AS 350 B2, AS 350 B3 and AS 350 D helicopters, all serial numbers, delivered before 01 January 2026 (date of EASA Form 52, or equivalent statement of conformity)."
157b8d12-c115-446e-a4dc-d12077751fe2,d88e2641-dd39-4814-9f04-682a3c823bff,CF-2019-01,20,,"Standard Practices - Helicopter External Transport System (HETS?) - Unapproved Parts, Inadequate Service Life Limits and Maintenance Requirements",AD*,10-Jan-2019,EASA AD: CF-2019-01,,,0:00,,"HETS? certified under Transport Canada Supplemental Type Certificate (STC) SH98-35, Issue 1 and Issue 2 installed on the following helicopter models: Bell Helicopter Textron Canada Ltd. model 206B, 206L, 206L-1, 206L-3, 206L-4 and 407. Airbus Helicopters (formerly Eurocopter France) model AS 350 B, AS 350 B1, AS 350 B2, AS 350 B3, AS 350 BA and AS 350 D."
157b8d12-c115-446e-a4dc-d12077751fe2,d88e2641-dd39-4814-9f04-682a3c823bff,2019-16-16,71,EASA AD: US 2019-16-16,"Joint Aircraft System Component (JASC) Code: 7160, Engine Air Intake System.",AD,12-Sep-2019,EASA AD: US 2019-16-16,,,0:00,,"This AD applies to Airbus Helicopters Model AS350B, AS350B1, AS350B2, AS350B3, and AS350BA helicopters, certificated in any category, with a Pall Aerospace Inlet Barrier Filter (IBF) element part number (P/N) CE01301F2, CE01301F2B, CE01303F2, or CE01303F2B installed."
157b8d12-c115-446e-a4dc-d12077751fe2,d88e2641-dd39-4814-9f04-682a3c823bff,CF-2005-16,24,CF-2005-16,Battery Fuse Circuit,AD,03-Jun-2005,EASA AD:CF-2005-16,,,0:00,,"All Eurocopter (Aerospatiale) AS 350 series helicopters with Eurocopter Canada Limited ""Battery Relocation"" modification (P/N 350-700214 and P/N 350-700324) installed in accordance with Transport Canada approved Supplemental Type Certificate (STC) number SH 96-31, Issue 5 or earlier"
157b8d12-c115-446e-a4dc-d12077751fe2,d88e2641-dd39-4814-9f04-682a3c823bff,2013-0095,67,ASB 67.00.60,ATA 67- Rotor Flight Controls - Main/Tail Rotor Servo-Control Bearings - Inspection / Replacement,AD,16-Apr-2013,EASA AD2013-0095-E,,,0:00,,"AS 350 B, AS 350 BA, AS 350 BB, AS 350 B1, AS 350 B2, AS 350 B3 and AS 350 D, AS 355 E, AS 355 F, AS 355 F1, AS 355 F2, AS 355 N, AS 355 NP helicopters, all serial numbers, equipped with single hydraulic main and tail servo-controls manufactured by ""SAMM"", ""TRW"", ""GOODRICH"", or ""UTAS"". (S/N 3014,3016,3020,3022,3024,3027,3028,3031,3032)"
157b8d12-c115-446e-a4dc-d12077751fe2,d88e2641-dd39-4814-9f04-682a3c823bff,2017-0020-E,5,EASB 05.00.86 R1,Tail rotor -Pitch rod -Inspection,AD#,09-Feb-2017,EASA EAD 2017-0020-E,,,0:00,,"AS 350 B, AS 350 BA, AS 350 BB, AS 350 B1, AS 350 B2, AS 350 B3, AS 355 E, AS 355 F, AS 355 F1, AS 355 F2, AS 355 N and AS 355 NP helicopters, all serial numbers, which embody modification (mod) 075601 or mod 076602."
157b8d12-c115-446e-a4dc-d12077751fe2,d88e2641-dd39-4814-9f04-682a3c823bff,EASA PAD 24-068,4,EASA PAD 24-068,ATA 04 - Time Limits / Maintenance Checks - Airworthiness Limitations Section - Amendment,AD,17-Jun-2024,EASA PAD 24-068,,,0:00,,"AS 350 B, AS 350 BA, AS 350 BB, AS 350 B1, AS 350 B2, AS 350 B3, AS 350 D, EC 130 B4 and EC 130 T2 helicopters, all serial numbers."
157b8d12-c115-446e-a4dc-d12077751fe2,d88e2641-dd39-4814-9f04-682a3c823bff,EASA PAD 25-003,25,ASB 25-98-0001,ATA 25 - Equipment / Furnishings - Cargo Hook Assembly - Inspection,AD,07-Jan-2025,EASA PAD 25-003,,,0:00,,"AS 350 B, AS 350 BA, AS 350 BB, AS 350 B1, AS 350 B2, AS 350 B3 and AS 350 D helicopters, all serial numbers (s/n)."
157b8d12-c115-446e-a4dc-d12077751fe2,d88e2641-dd39-4814-9f04-682a3c823bff,EASA PAD 25-079,4,ASB 62-00-0001 Issue 001,ATA 04 - Time Limits / Maintenance Checks - Airworthiness Limitations Section - Amendment,AD,28-May-2025,EASA PAD 25-079,,,0:00,,"AS 350 B2, AS 350 B3, EC 130 B4 and EC 130 T2 helicopters, all serial numbers."
157b8d12-c115-446e-a4dc-d12077751fe2,d88e2641-dd39-4814-9f04-682a3c823bff,EASA PAD 25-085,11,ASB 11-30-0001,ATA 11 - Placards and Markings - Unlock Sliding Door - Installation,AD,16-Jun-2025,EASA PAD 25-085,,,0:00,,"AS 350 B, AS 350 BA, AS 350 BB, AS 350 B1, AS 350 B2, AS 350 B3, AS 350 D, EC 120 B, EC 130 B4, AS 355 E, AS 355 F, AS 355 F1, AS 355 F2, AS 355 N and AS 355 NP helicopters, all serial numbers on which modification 0720257 has not been embodied"
157b8d12-c115-446e-a4dc-d12077751fe2,d88e2641-dd39-4814-9f04-682a3c823bff,EASA PAD 26-051,67,"ASB 67-30-0002, ASB 67-30-0001",ATA 67 - Rotors Flight Control - Upper Ball Bearing End of the Main Rotor ServoControls - Inspection,AD#,17-Apr-2026,EASA PAD 26-051,,,0:00,,"AS 350 B3 helicopters, all serial numbers (s/n); AS 355 F, AS 355 F1, AS 355 F2, AS 355 N and AS 355 NP helicopters, all s/n; and EC 130 B4 and EC 130 T2 helicopters, all s/n."
157b8d12-c115-446e-a4dc-d12077751fe2,d88e2641-dd39-4814-9f04-682a3c823bff,EASA PAD 26-052,80,ASB 01.00.57 R2,ATA 80 - Starting - Starter Generator Limitation Label - Installation,AD#,20-Apr-2026,EASA PAD 26-052,,,0:00,,"AS 350 B3 helicopters, all serial numbers equipped with a starter generator having part number (P/N) 200SGL130Q or P/N 200SGL130Q-4, except those in any of the following configuration: - Equipped with a SAFRAN (formerly Turboméca) ARRIEL 2D engine. - AH modification (mod) 073345 embodied. - AH mod 073354 embodied."
157b8d12-c115-446e-a4dc-d12077751fe2,d88e2641-dd39-4814-9f04-682a3c823bff,EASA PAD No.: 25-085,11,,ATA 11 - Placards and Markings - Unlock Sliding Door - Installation,AD,16-Jun-2025,EASA PAD No.: 25-085,,,0:00,,"AS 350 B, AS 350 BA, AS 350 BB, AS 350 B1, AS 350 B2, AS 350 B3, AS 350 D, EC 120 B, EC 130 B4, AS 355 E, AS 355 F, AS 355 F1, AS 355 F2, AS 355 N and AS 355 NP helicopters, all serial numbers on which modification 0720257 has not been embodied"
157b8d12-c115-446e-a4dc-d12077751fe2,d88e2641-dd39-4814-9f04-682a3c823bff,EASA PAD: 26-031,31,ASB 31-10-0002,ATA 31 - Instruments - Fuse Cover Attachment of Circuit Breaker Panel - Modification.,AD#,20-Feb-2026,EASA PAD: 26-031,,,0:00,,"AS 350 B2, AS 350 B3 all serial numbers (s/n), on which modification (mod) 073273 and mod 073274 have been embodied, except those which mod 074280 has been embodied; and EC 130 B4 helicopters, all s/n, on which mod 073245 has been embodied."
157b8d12-c115-446e-a4dc-d12077751fe2,d88e2641-dd39-4814-9f04-682a3c823bff,2011-15,23,EASA SIB No 2011-15R2,Mode S and Mode C Transponder Systems:Ground Testing,SB*,06-Nov-2012,EASA SIB No 2011-15R2,,,0:00,,All owners and operators of aircraft having Secondary Surveillance Radar (SSR) Mode S transponder or SSR Mode C transponder systems installed.
157b8d12-c115-446e-a4dc-d12077751fe2,d88e2641-dd39-4814-9f04-682a3c823bff,EASA SIB No.: 2021-05 R1,76,ASB 76.00.24,Fuel Shut-off Lever Modification,AD,08-Apr-2022,EASA SIB No.: 2021-05 R1,,,0:00,,"AS 350 B, AS 350 B1, AS 350 B2, AS 350 B3, AS 350 BA, AS 350 BB and AS 350 D helicopters, all serial numbers."
157b8d12-c115-446e-a4dc-d12077751fe2,d88e2641-dd39-4814-9f04-682a3c823bff,2014-0076 Rev 2,5,EASB 05.00.70,ATA-53 Fuselage - Rear Structure Junction Frame Reinforcement Angles - Inspection,AD*,20-Aug-2020,EASAAD 2014-0076 Rev 2,,,0:00,,"AS 350 B, BA, BB, B1, B2, B3 and D helicopters, and AS 355 E, F, F1, F2, N and NP helicopters, all serial numbers, if incorporating modification (MOD) 073215, or if equipped with at least one reinforcement angle, Part Number (P/N) 350A08.2493.21 or P/N 350A08.2493.23, following the repair carried out in accordance with MRM Work Card 53.10.22.772 or AMM Task 53-31-00, 8-5, except those that embody Airbus Helicopters MOD 073232 in production"
157b8d12-c115-446e-a4dc-d12077751fe2,d88e2641-dd39-4814-9f04-682a3c823bff,05.00.71,64,EASB 05.00.71 Rev 2,Time Limits - Maintenance Checks Inspection of the laminated half bearings,SB*,19-Dec-2012,EASB 05.00.71 Rev 2,,,0:00,,"Applicable to AS 350 Helicopter Civil version(s): B, BA, BB, D, B1, B2, B3; Military version(s): L1"
157b8d12-c115-446e-a4dc-d12077751fe2,d88e2641-dd39-4814-9f04-682a3c823bff,01.00.58 Rev.1,62,EASB 01.00.58 Rev.1,Main rotor servo-controls and tail rotor servo-controls: Return to conformity of the bearing of the servo-control input lever,SB,19-Apr-2007,EASB 01.00.58 Rev.1,,,0:00,,"Helicopters Equipped Main rotor servo-controls: . ""SC5083"", with serial number: 270M, 272M, 409M, 423M, 452M or 1573, . ""SC5083-1"", with a serial number from 2902 to 2921, . ""SC5084"", with serial number 30, 84, 104, 186, 438, 575. Refer Sb"
157b8d12-c115-446e-a4dc-d12077751fe2,d88e2641-dd39-4814-9f04-682a3c823bff,01.00.63,1,EASB 01.00.63,"Callback of ""cast"" LIFESAVING D'LOK hooks from batches 208 & 1108",SB,06-Aug-2009,EASB 01.00.63,,,0:00,,"Helicopters equipped with GOODRICH Hoists installations, P/N 76370-130-D or 76370-140-D or breeze hoist P/N BL29700-23 with a D'LOK type hoist hook P/N & batch no as listed in table of the ASB."
157b8d12-c115-446e-a4dc-d12077751fe2,d88e2641-dd39-4814-9f04-682a3c823bff,01.00.65 Rev 3,64,EASB 01.00.65 Rev 3,LIMITATIONS:Speed limitation and check of Tail Rotor laminated half-bearings (Helicopters post MOD 07 5601 equipped with Arriel 2D engine) ATA 01 and 64,SB*,04-Feb-2013,EASB 01.00.65 Rev 3,,,0:00,,Applicable t0 AS 350 and AS 355 Helicopters with Arriel 2D engines.
157b8d12-c115-446e-a4dc-d12077751fe2,d88e2641-dd39-4814-9f04-682a3c823bff,01.00.72,25,EASB 01.00.72,LIMITATIONS - Cyclic stick grip UP/DOWN switch for hoist control,SB,01-Oct-2020,EASB 01.00.72,,,0:00,,"Helicopters equipped with: - a hoist, and - a DUNLOP cyclic stick grip MP/N AC66444 fitted with an UP/DOWN switch for hoist control, (Figures 1 and 2)."
157b8d12-c115-446e-a4dc-d12077751fe2,d88e2641-dd39-4814-9f04-682a3c823bff,EASB 01.00.72,67,EASB 01.00.72,Protective measure- Limitations - cyclic stick grip.,SB*,01-Oct-2020,EASB 01.00.72,,,0:00,,"Helicopters equipped with: - a hoist, and - a DUNLOP cyclic stick grip MP/N AC66444 fitted with an UP/DOWN switch for hoist control."
157b8d12-c115-446e-a4dc-d12077751fe2,d88e2641-dd39-4814-9f04-682a3c823bff,EASB 01.00.72 R1,67,EASB 01.00.72 R1,Protective measure- Limitations - cyclic stick grip.,SB*,06-Jan-2021,EASB 01.00.72 R1,,,0:00,,"Helicopters equipped with: - a hoist, and - a DUNLOP cyclic stick grip MP/N AC66444 fitted with an UP/DOWN switch for hoist control.."
157b8d12-c115-446e-a4dc-d12077751fe2,d88e2641-dd39-4814-9f04-682a3c823bff,05.00.38,62,EASB 05.00.38 R2,ROTOR(S) Separation of the Bush from the STARFLEX Star Arm End,SB,16-Apr-2002,EASB 05.00.38 R2,,,0:00,,Applicable to AS 350 B3 Helicopters.
157b8d12-c115-446e-a4dc-d12077751fe2,d88e2641-dd39-4814-9f04-682a3c823bff,05.00.44,76,EASB 05.00.44,LIMITATIONS : Twist Grip - Functional Check of the Solenoid,SB*,23-Jun-2006,EASB 05.00.44,,,0:00,,Eurocopter AS 350 B3 Helicopters fitted with twist grips post-MOD 073084 and not modified per MOD 073222 (new solenoid). Helicopters modified per modification 073261 embodied only on helicopters equipped with the ARRIEL 2B1 engine are not concerned by this ALERT SERVICE BULLETIN
157b8d12-c115-446e-a4dc-d12077751fe2,d88e2641-dd39-4814-9f04-682a3c823bff,05.00.51,67,EASB 05.00.51,TIME LIMITS - MAINTENANCE CHECKS: Cracked Main Servo-Control Tapered Housing,SB,27-Feb-2006,EASB 05.00.51,,,0:00,,"Eurocopter AS 350 BL1, B A, BB, B1, B2, B3, D Helicopters equipped with main servo-controls (all part numbers) not modified per modification 073343, and on which the tightening torque of the nut that secures the upper ball-end has been increased."
157b8d12-c115-446e-a4dc-d12077751fe2,d88e2641-dd39-4814-9f04-682a3c823bff,05.00.55,25,EASB 05.00.55 R2,EQUIPMENT AND FURNISHINGS - Crack in the Belt Buckle,SB,13-Nov-2007,EASB 05.00.55 R2,,,0:00,,"Eurocopter AS 350 B, BA, BB, B1, B2, B3, D Helicopters."
157b8d12-c115-446e-a4dc-d12077751fe2,d88e2641-dd39-4814-9f04-682a3c823bff,EASB 05.00.61 R4,55,EASB 05.00.61 R4,TIME LIMITS - MAINTENANCE CHECKS - Twist grip Functional check and installation of a protection for microswitches 53Ka and 53Kb and 65K (IDLE / FLIGHT mode) Corresponds to modification 074699,SB*,17-Apr-2023,EASB 05.00.61 R4,,,0:00,,AS350 and AS550 helicopters equipped with the ARRIEL 2B1 engine (MOD 073254) associated with the two-channel FADEC POST MOD 073261 (new twist grip) and that have microswitch MP/N T3933-3.
157b8d12-c115-446e-a4dc-d12077751fe2,d88e2641-dd39-4814-9f04-682a3c823bff,05.00.66 Rev 2,33,EASB 05.00.66 Rev 2,"LIGHTS - Position lights Inspection of the optional equipment: ""Position strobe lights""",SB*,17-Nov-2014,EASB 05.00.66 Rev 2,,,0:00,,"Eurocopter AS 350B3 Helicopters embodying modification OP0811 and equipped with power supply unit, part number (MP/N) 60-1431-3 GRIMES - HONEYWELL power supply unit of the optional equipment ""Position strobe lights""."
157b8d12-c115-446e-a4dc-d12077751fe2,d88e2641-dd39-4814-9f04-682a3c823bff,05.00.66,5,EASB 05.00.66 Rev 2,"LIGHTS - Position lights Inspection of the optional equipment: ""Position strobe lights""",SB*,17-Nov-2014,EASB 05.00.66 Rev 2,,,0:00,,OP0811 (installation of position strobe lights on the horizontal stabilizer) and . equipped with GRIMES - HONEYWELL power supply unit Part Number (MP/N) 60-1431-3 of the optional position strobe light equipment.
157b8d12-c115-446e-a4dc-d12077751fe2,d88e2641-dd39-4814-9f04-682a3c823bff,05.00.70,5,EASB 05.00.70,Rear structure - Check of the rear frame reinforcement angles,SB*,24-Mar-2014,EASB 05.00.70,,,0:00,,"Helicopters fitted with a rear structure / tail boom junction frame, repaired or reinforced with at least one reinforcement angle on the RH side as per MRM Work Card 53.10.22.772 or AMM Task 53-31-00, 8-5 or which embody MOD 073215 (Note: Helicopters which embody MOD 073232 are not concerned by the instructions of this ALERT SERVICE BULLETIN. The purpose of MOD 073232 is to produce a new machined frame)"
157b8d12-c115-446e-a4dc-d12077751fe2,d88e2641-dd39-4814-9f04-682a3c823bff,EASB 05.00.70 R2,5,EASB 05.00.70 R2,TIME LIMITS - MAINTENANCE CHECKS Rear structure - Check of the rear frame reinforcement angles,SB,24-Nov-2021,EASB 05.00.70 R2,,,0:00,,"Helicopters fitted with a rear structure / tail boom junction frame, repaired or reinforced with at least one reinforcement angle on the RH side as per MRM Work Card 53.10.22.772 or AMM Task 53-31-00,8-5 or which embody MOD 073215 and: - PRE MOD 073232 (Machined Rear Structure Frame), - PRE MOD 074766 (Cargo compartment / Tailboom junction frame)."
157b8d12-c115-446e-a4dc-d12077751fe2,d88e2641-dd39-4814-9f04-682a3c823bff,EASB 05.00.70 R3,5,EASB 05.00.70 R3,TIME LIMITS - MAINTENANCE CHECKS Rear structure - Check of the rear frame reinforcement angles.,SB*,18-Mar-2022,EASB 05.00.70 R3,,,0:00,,"Helicopters fitted with a rear structure / tail boom junction frame, repaired or reinforced with at least one reinforcement angle on the RH side as per MRM Work Card 53.10.22.772 or AMM Task 53-31-00,8-5 or which embody MOD 073215 and: - PRE MOD 073232 (Machined Rear Structure Frame), - PRE MOD 074766 (Cargo compartment / Tailboom junction frame)."
157b8d12-c115-446e-a4dc-d12077751fe2,d88e2641-dd39-4814-9f04-682a3c823bff,EASB 05.00.71 R3,64,EASB 05.00.71 R3,TIME LIMITS - MAINTENANCE CHECKS Check of the Tail Rotor laminated half bearings,SB,22-Jul-2024,EASB 05.00.71 R3,,,0:00,,On helicopters equipped with a tail rotor PRE MOD 075601 on which laminated half bearings (all parts numbers) are installed.
157b8d12-c115-446e-a4dc-d12077751fe2,d88e2641-dd39-4814-9f04-682a3c823bff,05.00.72 Rev 4,5,EASB 05.00.72 Rev 4,TIME Limits - Maintenance Checks - Engine-to-MGB coupling Hydraulic pump drive check,SB*,15-Jul-2014,EASB 05.00.72 Rev 4,,,0:00,,Helicopters equipped with a single hydraulic system (PRE MOD OP3346 or OP3082) which embody modification 079566 (new hydraulic pump drive).
157b8d12-c115-446e-a4dc-d12077751fe2,d88e2641-dd39-4814-9f04-682a3c823bff,05.00.77 R1,77,EASB 05.00.77 R1,"TIME LIMITS - MAINTENANCE CHECKS - Twist grip Checking and ensuring water-tightness of connectors on microswitches 53Ka, 53Kb and 65K (IDLE / FLIGHT modes)",SB*,15-Jun-2015,EASB 05.00.77 R1,,,0:00,,AS350 and AS550 helicopters equipped with the ARRIEL 2D engine (MOD 07-4302). EC130 helicopters equipped with the ARRIEL 2D engine.
157b8d12-c115-446e-a4dc-d12077751fe2,d88e2641-dd39-4814-9f04-682a3c823bff,EASB 05.00.77 R2,76,EASB 05.00.77 R2,"TIME LIMITS - MAINTENANCE CHECKS - Twist grip Checking and ensuring water-tightness of connectors on microswitches 53Ka, 53Kb and 65K (IDLE / FLIGHT modes) Corresponds to modification 074699",SB*,17-Apr-2023,EASB 05.00.77 R2,,,0:00,,AS350 and AS550 helicopters equipped with the ARRIEL 2D engine (MOD 07-4302) and that have microswitch MP/N T3933-3 on the twist grip.
157b8d12-c115-446e-a4dc-d12077751fe2,d88e2641-dd39-4814-9f04-682a3c823bff,05.00.77,98,EASB 05.00.77 Rev. 1,"TIME LIMITS - MAINTENANCE CHECKS - Twist grip Checking and ensuring water-tightness of connectors on microswitches 53Ka, 53Kb and 65K (IDLE / FLIGHT modes)",SB#,15-Jun-2015,EASB 05.00.77 Rev. 1,,,0:00,,AS350 and AS550 helicopters equipped with the ARRIEL 2D engine (MOD 07-4302).
157b8d12-c115-446e-a4dc-d12077751fe2,d88e2641-dd39-4814-9f04-682a3c823bff,05.00.86 R3,5,EASB 05.00.86 R3,TIME LIMITS - MAINTENANCE CHECKS - Pitch change rod Periodic check of the Tail Rotor Hub (TRH) pitch change rod,SB*,08-May-2019,EASB 05.00.86 R3,,,0:00,,"AS350 Civil versions B,BA,BB,B1,B2,B3,D. Helicopters which embody MOD 075601 or 076602."
157b8d12-c115-446e-a4dc-d12077751fe2,d88e2641-dd39-4814-9f04-682a3c823bff,05.00.90 R1,55,EASB 05.00.90 R1,TIME LIMITS - MAINTENANCE CHECKS - Upper fin Inspection of the spar and attachment screws of the upper fin,SB#,22-Jul-2020,EASB 05.00.90 R1,,,0:00,,For AS350 and AS550 helicopters: only versions B3 and C3 PRE MOD 073148 are concerned by this ASB.
157b8d12-c115-446e-a4dc-d12077751fe2,d88e2641-dd39-4814-9f04-682a3c823bff,EASB 05.00.90 R2,64,,TIME LIMITS - MAINTENANCE CHECKS - Upper fin Inspection of the spar and attachment screws of the upper fin.,SB#,04-Mar-2021,EASB 05.00.90 R2,,,0:00,,For AS350 and AS550 helicopters: only versions B3 and C3 PRE MOD 073148 are concerned by this ASB.
157b8d12-c115-446e-a4dc-d12077751fe2,d88e2641-dd39-4814-9f04-682a3c823bff,EASB 05.00.90 R3,55,EASB 05.00.90 R3,TIME LIMITS - MAINTENANCE CHECKS - Upper fin Inspection of the spar and attachment screws of the upper fin ATA: 55,SB*,06-Apr-2023,EASB 05.00.90 R3,,,0:00,,For AS350 B3 and AS550 C3 helicopters: this ALERT SERVICE BULLETIN is only applicable to: . PRE MOD 073148 helicopters equipped with upper fin assembly listed in the Table No.2 below NOTE 4 This ALERT SERVICE BULLETIN is not applicable to helicopters that have embodied modification 073148 at manufacturer level.
157b8d12-c115-446e-a4dc-d12077751fe2,d88e2641-dd39-4814-9f04-682a3c823bff,EASB 05.00.90 R4,55,EASB 05.00.90 R4,TIME LIMITS - MAINTENANCE CHECKS - Upper fin Inspection of the spar and attachment screws of the upper fin,SB*,02-May-2023,EASB 05.00.90 R4,,,0:00,,"For AS355 and AS555 helicopters: all helicopters are concerned by this ALERT SERVICE BULLETIN. - For AS350 B3 and AS550 C3 helicopters: this ALERT SERVICE BULLETIN is only applicable to: PRE MOD 073148 helicopters or that have embodied 073148 through Service Bulletin AS350 No. 55.00.14 or AS550 No.55.00.08 ""Vertical fin with small trailing edge angle""."
157b8d12-c115-446e-a4dc-d12077751fe2,d88e2641-dd39-4814-9f04-682a3c823bff,EASB 05.00.90R5,55,EASB 05.00.90R5,TIME LIMITS - MAINTENANCE CHECKS - Upper fin Inspection of the spar and attachment screws of the upper fin,SB,09-Jul-2024,EASB 05.00.90R5,,,0:00,,"For AS350 B3 and AS550 C3 helicopters: this ALERT SERVICE BULLETIN is only applicable to: PRE MOD 073148 helicopters or that have embodied 073148 through Service Bulletin AS350 No.55.00.14 or AS550 No.55.00.08 ""Vertical fin with small trailing edge angle""."
157b8d12-c115-446e-a4dc-d12077751fe2,d88e2641-dd39-4814-9f04-682a3c823bff,05.00.97,62,EASB 05.00.97,TIME LIMITS - MAINTENANCE CHECKS - Main rotor hub Addition of a spherical thrust bearing P/N for AS350 version BB helicopters,SB*,18-Oct-2019,EASB 05.00.97,,,0:00,,AS350 BB helicopters equipped with the spherical thrust bearings MP/N: 579085 (P/N: 704A33633156).
157b8d12-c115-446e-a4dc-d12077751fe2,d88e2641-dd39-4814-9f04-682a3c823bff,EASB 05.00.99 R1,64,EASB 05.00.99 R1,Time Limits - Maintenance Checks - Tail Rotor Hub Check of the tail rotor hub blades.,SB*,09-Nov-2020,EASB 05.00.99 R1,,,0:00,,Helicopters equipped with PRE MOD 075580 tail rotor blades.
157b8d12-c115-446e-a4dc-d12077751fe2,d88e2641-dd39-4814-9f04-682a3c823bff,EASB 25.05.21 R1,25,EASB 25.05.21 R1,EQUIPMENT AND FURNISHINGS - Cargo swing Inspection of the cargo swing frame.,SB*,15-May-2023,EASB 25.05.21 R1,,,0:00,,Helicopters that have a cargo hook Onboard Part Number (P/N) 704A41811035 with an Airbus Helicopters frame all P/N.
157b8d12-c115-446e-a4dc-d12077751fe2,d88e2641-dd39-4814-9f04-682a3c823bff,26.00.02,26,EASB 26.00.02,FIRE PROTECTION - Power Plant Fire Detection Restoration of the power plant fire detection circuit function Corresponds to modification 074346,SB,23-Feb-2012,EASB 26.00.02,,,0:00,,Applicbale to AS 350 Helicopter B2 Version and equipped with an Arriel 1.D.1 engine which embodies modification 073273 and which does not embody modification 074346.
157b8d12-c115-446e-a4dc-d12077751fe2,d88e2641-dd39-4814-9f04-682a3c823bff,EASB 29.00.23,29,,"PROTECTIVE MEASURE HYDRAULIC POWER - Main hydraulic generation Check of ""hydraulic cut-off"" function (""HYD"" switch on the collective stick)",SB#,04-May-2021,EASB 29.00.23,,,0:00,,"AS350 helicopters, versions B, B2, B3 and BA with a serial number listed on page 1.Helicopters: 1241, 1525, 1601, 1708, 1825, 1910, 1973, 2056, 2072, 2361, 2394, 3170, 3223, 3479, 3789, 9005, 9010, 9035"
157b8d12-c115-446e-a4dc-d12077751fe2,d88e2641-dd39-4814-9f04-682a3c823bff,53.00.37,53,EASB 53.00.37,Fuselage - Check of the conformity of the center cross member at X 2325 under the cabin floor,SB,11-Apr-2007,EASB 53.00.37,,,0:00,,"Model AS 350 LB1,B A,BB,B1,B2,B3,D Helicopter with Center cross member at X 2325 under the cabin floor equipped with a collective-to-yaw control coupling with or without an Automatic Flight Control System."
157b8d12-c115-446e-a4dc-d12077751fe2,d88e2641-dd39-4814-9f04-682a3c823bff,53.00.37,53,EASB 53.00.37,Fuselage - Check of the conformity of the center cross member at X 2325 under the cabin floor,SB,17-Apr-2007,EASB 53.00.37,,,0:00,,"Model AS 350 LB1,B A,BB,B1,B2,B3,D with Center cross member at X 2325 under the cabin floor of helicopters equipped with a collective-to-yaw control coupling with or without an Automatic Flight Control System."
157b8d12-c115-446e-a4dc-d12077751fe2,d88e2641-dd39-4814-9f04-682a3c823bff,62.00.39,63,EASB 62.00.39 R2,MAIN ROTOR - Rotor mast Check of the rotor mast oil pipe,SB,25-Jun-2019,EASB 62.00.39 R2,,,0:00,,"Helicopters equipped with a pipe P/N 704A34-412-015, which is not identified by an ""X"" behind the Part Number on its metal identification plate."
157b8d12-c115-446e-a4dc-d12077751fe2,d88e2641-dd39-4814-9f04-682a3c823bff,EASB 63-31-0001,31,,"Mounts and attachments - Replacement of the fittings, screws, washers and nuts of the MGB suspension bars.",SB,22-Jan-2026,EASB 63-31-0001,,,0:00,,"Model: AS350 Version: B, BA, BB, B1, B2, B3, D, L1"
157b8d12-c115-446e-a4dc-d12077751fe2,d88e2641-dd39-4814-9f04-682a3c823bff,EASB 63-31-0001 Issue 001,63,EASB 63-31-0001 Issue 001,"Mounts and attachments - Replacement of the fittings, screws, washers and nuts of the MGB suspension bars",SB,23-Jul-2025,EASB 63-31-0001 Issue 001,,,0:00,,"Model: AS350 Version: B, BA, BB, B1, B2, B3, D, L1"
157b8d12-c115-446e-a4dc-d12077751fe2,d88e2641-dd39-4814-9f04-682a3c823bff,EASB 63-31-0001 Issue 002,31,EASB 63-31-0001 Issue 002,"Mounts and attachments - Replacement of the fittings, screws, washers and nuts of the MGB suspension bars.",SB,22-Jan-2026,EASB 63-31-0001 Issue 002,,,0:00,,"Model: AS350 Version: B, BA, BB, B1, B2, B3, D, L1"
157b8d12-c115-446e-a4dc-d12077751fe2,d88e2641-dd39-4814-9f04-682a3c823bff,67.00.39 R1,67,EASB 67.00.39 R1,ROTOR FLIGHT CONTROLS - Load Compensator Lever,SB,26-Mar-2007,EASB 67.00.39 R1,,,0:00,,"Model AS 350 B1, B2, BB Helicopters equipped with a load compensator fitted with a lever that was replaced after delivery."
157b8d12-c115-446e-a4dc-d12077751fe2,d88e2641-dd39-4814-9f04-682a3c823bff,67.00.60,67,EASB 67.00.60,"Rotor Flight Controls - Single hydraulic main and tail servo-controls Replacement of the ""SAMM"", ""TRW"", ""GOODRICH"" and ""UTAS"" main single hydraulic and tail servo-controls equipped with non-compliant input lever articulation bearings",SB*,15-Apr-2013,EASB 67.00.60,,,0:00,,"Applicable to AS 350 B3 Helicopters.SC5072- 3033,SC5072 -3034,SC5072 -3036,SC5072- 3038,SC5072- 3042,SC5072- 3043 with S/N 2921, 2961, 2962, 2966, 2967, 2968, 2971, 2972, 2973, 2974, 2975, 2976, 2977, 2978, 2979, 2980, 2981, 2982, 2983, 2984, 2985, 2986 repaired in the period from September 27, 2012 to January 30, 2013."
157b8d12-c115-446e-a4dc-d12077751fe2,d88e2641-dd39-4814-9f04-682a3c823bff,EASB 67.00.77 R1,67,EASB 67.00.77 R1,ROTOR FLIGHT COONTROLS - Main rotor actuators Check of the link between the lower end fitting and the actuator rod,SB,03-Feb-2025,EASB 67.00.77 R1,,,0:00,,"AS350, AS355, AS555 and EC130 helicopter versions listed on page 1 and equipped with main rotor actuators delivered before August 12, 2019 and with the following part numbers: MP/N SC8042 (P/N 704A44831102) MP/N SC8043 (P/N 704A44831103)"
157b8d12-c115-446e-a4dc-d12077751fe2,d88e2641-dd39-4814-9f04-682a3c823bff,EASB 67.00.81,67,EASB 67.00.81,ROTOR FLIGHT CONTROL - General Inspection for Conformity of the Flexballs,SB,29-Apr-2022,EASB 67.00.81,,,0:00,,"Helicopters AS350, AS355, AS550, AS555 and EC130, all versions, with the following flexball: - Yaw Flexible Control MP/N 76CF-10115 (P/N 704A34130221) - Ball Type Control MP/N 75CF-10132 (P/N 704A34130223) - Control,Rotor Pitch,Flexible MP/N 75CF-9115 (P/N 704A34130184) - Yaw Flexible Control MP/N 76CF-10116 (P/N 704A34130222) - Control,Rotor Pitch,Flexible MP/N 75CF-9134 (P/N 704A34130182)"
157b8d12-c115-446e-a4dc-d12077751fe2,d88e2641-dd39-4814-9f04-682a3c823bff,05.00.70 R1,5,EASB No. 05.00.70 R1,Rear structure - Check of the rear frame reinforcement angles,SB*,27-Jul-2020,EASB No. 05.00.70 R1,,,0:00,,"Helicopters fitted with a rear structure / tail boom junction frame, repaired or reinforced with at least one reinforcement angle on the RH side as per MRM Work Card 53.10.22.772 or AMM Task 53-31-00, 8-5 or which embody MOD 073215."
157b8d12-c115-446e-a4dc-d12077751fe2,d88e2641-dd39-4814-9f04-682a3c823bff,05.00.86 R3,5,EASB NO:05.00.86 R3,TIME LIMITS - MAINTENANCE CHECKS - Pitch change rod Periodic check of the Tail Rotor Hub (TRH) pitch change rod,SB*,08-May-2019,EASB NO:05.00.86 R3,,,0:00,,Helicopters which embody MOD 075601 or 075606 or 076602.
157b8d12-c115-446e-a4dc-d12077751fe2,d88e2641-dd39-4814-9f04-682a3c823bff,05.00.74 Rev 2,5,EASB SB 05.00.74 Rev 2,Time Limits/Maintenance Checks - Tail Rotor - Tail Rotor Hub (TRH) Pitch Horn,SB*,17-Dec-2015,EASB SB 05.00.74 Rev 2,,,0:00,,Applicable to Helicopters equipped with TRH pitch horn assemblies P/Nos. 350A12-1368-01 / 02 / 03 / 04 equipped with pitch horn P/N 350A12-1368-XX.
157b8d12-c115-446e-a4dc-d12077751fe2,d88e2641-dd39-4814-9f04-682a3c823bff,63.00.32,63,EASB: 63.00.32,MAIN ROTOR DRIVE - Engine/MGB drive line Check of the MGB/engine coupling.,SB,10-Sep-2019,EASB: 63.00.32,,,0:00,,"Helicopters: - AS350 B3 and AS550 C3 equipped with an ARRIEL 2D engine, - EC130 T2, with 300 flight hours or less since new."
157b8d12-c115-446e-a4dc-d12077751fe2,d88e2641-dd39-4814-9f04-682a3c823bff,05.00.62 R2,5,Emergency ASB 05.00.62 R2,TIME LIMITS / MAINTENANCE CHECKS - Periodic inspection of the Tail Gear Box (TGB) control lever,SB*,01-Mar-2011,Emergency ASB 05.00.62 R2,,,0:00,,"Eurocopter LB1-B A-BB-B1-B2-D Helicopters equipped with a Tail Gear Box (TGB) fitted with control levers marked or not marked with a letter ""X"", referenced 350A33-1058-00, 350A33-1058-01, 350A33-1058-02, 350A33-1058-03."
157b8d12-c115-446e-a4dc-d12077751fe2,d88e2641-dd39-4814-9f04-682a3c823bff,F 88-184-052(B)R1,62,SB NO:01-21R1,DUNLOP Servocontrol,AD,31-Jul-1993,F 88-184-052(B)R1,,,0:00,,"This Airworthiness Directive covers AS350B, B1, D helicopters fitted with the following DUNLOP main and tail servocontrols: P/N: AC64182,AC67034, AC67030,AC67246, AC67244,AC66436, AC66442,AC67032."
157b8d12-c115-446e-a4dc-d12077751fe2,d88e2641-dd39-4814-9f04-682a3c823bff,F 1991-137-059(B),64,SB NO: 01.33,Pitch control lever expansion pin-Tail rotor,AD*,01-Jul-1991,F 1991-137-059(B),,,0:00,,"This Airworthiness Directive is applicable to AEROSPATIALE helicopters AS350 D, B, B1 and B2."
157b8d12-c115-446e-a4dc-d12077751fe2,d88e2641-dd39-4814-9f04-682a3c823bff,F 1992-145-062(B),36,SB NO.: 01.36,Hydraulic system,AD,18-Jul-1992,F 1992-145-062(B),,,0:00,,"This Airworthiness Directive applies to AS 350 helicopters, versions B, BA, B1, B2 and D, fitted with the hydraulic reservoir P/N 350A75-1030-00."
157b8d12-c115-446e-a4dc-d12077751fe2,d88e2641-dd39-4814-9f04-682a3c823bff,F 1992-159-063(B) R2,26,SB NO.26.01,Engine bay fire detection,AD,25-Nov-1992,F 1992-159-063(B) R2,,,0:00,,"This Airworthiness Directive applies to all EUROCOPTER AS 350 helicopters, versions B1 and B2."
157b8d12-c115-446e-a4dc-d12077751fe2,d88e2641-dd39-4814-9f04-682a3c823bff,F 1992-179-064(B) R1,62,SB No 62.21 R1.,Main Rotor Pitch Change Horn Bushes,AD,10-Apr-1993,F 1992-179-064(B) R1,,,0:00,,"The present Airworthiness Directive applies to AS 350 helicopters, versions B, D, B1, B2 and BA on which the pitch change horns P/N 350A31-1877-02 are not marked with an ""X"" and have a serial number less than 100-000."
157b8d12-c115-446e-a4dc-d12077751fe2,d88e2641-dd39-4814-9f04-682a3c823bff,F 1993-030-065(B),62,Telex Service N° 01-41,Main rotor mast assembly,AD,03-Mar-1993,F 1993-030-065(B),,,0:00,,"This Airworthiness Directive applies to EUROCOPTER AS 350 helicopters, versions B, BA, B1, B2 and D fitted with rotor mast assembly Part Numbers : 350A37.0004.02 350A37.0004.03 355A37.0005.01"
157b8d12-c115-446e-a4dc-d12077751fe2,d88e2641-dd39-4814-9f04-682a3c823bff,F 1998-173-073,65,SB NO:05.00.08.R5,Tail Rotor Drive Shaft Bearings,AD,22-Apr-1998,F 1998-173-073,,,0:00,,"AS 350 helicopters, versions B, B1, B2, D, BA, BB and B3 with tail rotor drive shaft rear section bearing mountings, equipped with non-regreasable bearings P/N:SKF 6007.2RS 1 MT 47CA (AS 704A33.651.010) or regreasable bearings P/N:KOYO 83A 85 1C3 (AS 704A33.651.143) FAFNIR P9107NPP7 (AS 704A33.651.111) FAG 593404 (AS 704A33.651.181)"
157b8d12-c115-446e-a4dc-d12077751fe2,d88e2641-dd39-4814-9f04-682a3c823bff,F 1999-017-075(A),100,FLIGHT MANUAL,Climbing Speeds,AD,13-Jan-1999,F 1999-017-075(A),,,0:00,,AS 350 B3 helicopters
157b8d12-c115-446e-a4dc-d12077751fe2,d88e2641-dd39-4814-9f04-682a3c823bff,F 1999-085-076(A) R3,65,SB No:05.00.29,Tail rotor hub pitch change plate bearing,AD,20-Oct-1999,F 1999-085-076(A) R3,,,0:00,,"AS 350 helicopters, versions: B, BA, B1, B2, B3, BB and D fitted with tail rotor hub pitch change plate, P/Nos. 350A33-2004-00/-01/-02/-03/-05 or 350A33-2009-00/-01, and which do not incorporate MOD 076551"
157b8d12-c115-446e-a4dc-d12077751fe2,d88e2641-dd39-4814-9f04-682a3c823bff,F 1999-512-077(B),33,SB No. 33.00.17,"""NR"" indicator lighting",AD,08-Jan-2000,F 1999-512-077(B),,,0:00,,"AS 350 B3 version helicopters, which do not incorporate MOD 072810 or any other approved modification, enabling full ""NR"" indicator lighting in normal mode and emergency mode."
157b8d12-c115-446e-a4dc-d12077751fe2,d88e2641-dd39-4814-9f04-682a3c823bff,F 2000-302(A),28,SB No. 28.00.14,Ferry fuel tanks,AD,12-Jul-2000,F 2000-302(A),,,0:00,,"AS 350 B, BA, B1, B2, B3, BB and D equipped with metal ferry fuel tanks, part number 330A 871310 .00, .01, .02, .03 and .04."
157b8d12-c115-446e-a4dc-d12077751fe2,d88e2641-dd39-4814-9f04-682a3c823bff,F 2001-319-083(A),77,SB No. 77.00.07,Engine indicating - ASU PCB,AD,25-Jul-2001,F 2001-319-083(A),,,0:00,,"AS 350 B3 helicopters equipped with printed circuit boards P/Nos. SE 03022 (704A47720110) (ASU No. 2 board) delivered before May 1st, 1999 and AS 350 B3 helicopters delivered new before May 1st, 1999."
157b8d12-c115-446e-a4dc-d12077751fe2,d88e2641-dd39-4814-9f04-682a3c823bff,F 2001-548-084(A),76,ASB No. 76.00.16.,Engine Controls - Switching Unit,AD,14-Nov-2001,F 2001-548-084(A),,,0:00,,"This Airworthiness Directive applies to AS 350 B3 helicopters delivered new before October 15, 2001 and equipped with switching unit P/N 200192."
157b8d12-c115-446e-a4dc-d12077751fe2,d88e2641-dd39-4814-9f04-682a3c823bff,F 2001-557-086(A) R3,62,ASB No. 62.00.24.,Main rotor - STARFLEX star,AD,15-May-2002,F 2001-557-086(A) R3,,,0:00,,"AS 350 version B, BA, B1, B2, B3, BB and D helicopters equipped with STARFLEX stars P/N 350A31.1916.00, mounted on Main Rotor Hubs (MRH) prior to the embodiment of MOD 076221."
157b8d12-c115-446e-a4dc-d12077751fe2,d88e2641-dd39-4814-9f04-682a3c823bff,F 2002-187-090(A),25,ASB: 24.00.09.,Electrical power,AD,13-Apr-2002,F 2002-187-090(A),,,0:00,,"AS 350 version B3 helicopters before embodiment of MOD 073146, with the following serial numbers: 3461, 3463, 3464, 3467, 3469, 3471, 3472, 3473, 3475, 3477, 3478, 3479, 3484, 3485, 3486, 3493, 3494, 3511 and 3522"
157b8d12-c115-446e-a4dc-d12077751fe2,d88e2641-dd39-4814-9f04-682a3c823bff,F 2002-452(A) R1,62,SB No. 62.00.25,Main rotor and tail rotor dynamic components - Correction of operating hours,AD,10-May-2003,F 2002-452(A) R1,,,0:00,,"- SA 330 F, G and J - AS 332 C, C1, L and L1 - SA 341 G and SA 342 J - AS 350 B, BA, BB, B1, B2, B3 and D - AS 355 E, F, F1, F2 and N - SA 365 C, C1, C2 and C3 - AS 365 N, N1, N2 and N3 equipped with dynamic components following overhaul (RG) or repair (RE) at the EUROCOPTER helicopter maintenance and overhaul facility (D.E.R.H.)."
157b8d12-c115-446e-a4dc-d12077751fe2,d88e2641-dd39-4814-9f04-682a3c823bff,F 2002-585(A),25,ASB: 25.00.79,BREEZE or TRW (or LUCAS or AIR EQUIPEMENT) 300 lb. - Electric hoist installation,AD,27-Nov-2002,F 2002-585(A),,,0:00,,1) Aircraft equipped with a BREEZE 300 lb. electric hoist: - No later than within the next 100 flight hours or 2 months (whichever limit is reached first). 2) Aircraft equipped with a TRW (or LUCAS or AIR EQUIPEMENT) 300 lb. electric hoist: - No later than within the next 550 flight hours or 12 months (whichever limit is reached first).
157b8d12-c115-446e-a4dc-d12077751fe2,d88e2641-dd39-4814-9f04-682a3c823bff,F 2003-099(A),67,F 2003-099(A),Main and Tail TRW SAMM servocontrols,AD,05-Mar-2003,F 2003-099(A),,,0:00,,"AS 350 helicopters, versions B, BA, B1, B2, B3, BB and D equipped with the following main and tail TRW SAMM servocontrols: 1.1. Main servocontrols, part number SC5083 or SC5084, with part numbers without suffix ""V"", having the following serial numbers: - SC5083: S/N from 1500 to 1515 inclusive. - SC5084: S/N from 722 to 726 inclusive. 1.2. Main and tail servocontrols, part number SC5081-1 or SC5082-1 or SC5083 or SC5084 or SC5071-1 or SC5072, with part numbers without suffix ""V"", with the following serial numbers: SC5081-1: S/N 78, 89, 227, 240, 315, 362, 427, 451, 452, 492, 497, 498, 506, 512, 532, 550, 556, 561. SC5082-1: S/N 045, 180, 194, 197, 254, 264. SC5083: S/N 01, 03, 05, 082, 17, 21, 40, 43M, 65M, 77, 87, 103M, 106M, 107, 109, 128, 129, 138, 139, 144, 148, 152, 206, 207, 218, 221, 226, 235, 239, 240, 241, 243, 254, 256, 269, 286, 287, 290, 291, 302, 312, 321, 325, 327, 330, 331, 334, 338, 339, 347M, 356M, 365, 371, 372, 378M, 380M, 389, 412M, 418, 423, 428, 439, 484M, 503, 50"
157b8d12-c115-446e-a4dc-d12077751fe2,d88e2641-dd39-4814-9f04-682a3c823bff,F 2003-208(A),71,F 2003-208(A),Power plant - Interference between the bleed valve air exhaust duct and the engine fuel line,AD,28-May-2003,F 2003-208(A),,,0:00,,AS 350 B3 helicopters equipped with optional engine flushing system and modified per MOD 073098.
157b8d12-c115-446e-a4dc-d12077751fe2,d88e2641-dd39-4814-9f04-682a3c823bff,F 79-104-6(B),63,SB NO.05-03,Checking the thrust flange on the Main rotor head vibration damper assembly.,AD,23-May-1979,F 79-104-6(B),,,0:00,,AS350 all model.
157b8d12-c115-446e-a4dc-d12077751fe2,d88e2641-dd39-4814-9f04-682a3c823bff,F 79-134-8(B),62,SB NO.01-03,Conformity inspection of rear thrust plates.,AD,18-Jul-1979,F 79-134-8(B),,,0:00,,AS 350 all model installed with spherical thurst Bearing P/N:704A.33.633.27 to 33.
157b8d12-c115-446e-a4dc-d12077751fe2,d88e2641-dd39-4814-9f04-682a3c823bff,F 79-174-9(B),66,SB No. 65-08R1,Increase Pre-loading of Timken Bearings of the Tail gearbox rotor shaft - Modification.,AD,26-Sep-1979,F 79-174-9(B),,,0:00,,Helicopter AS350 all Models.
157b8d12-c115-446e-a4dc-d12077751fe2,d88e2641-dd39-4814-9f04-682a3c823bff,F 83-75-33(B),64,SB NO. 01-10,Tail rotor retiring from operation and replacing stainless steel leading edges.,AD,04-May-1983,F 83-75-33(B),,,0:00,,"Applicable to Tail rotor blade P/N: 350A12.0030.01 to 05, from S/N: 979 to 1150."
157b8d12-c115-446e-a4dc-d12077751fe2,d88e2641-dd39-4814-9f04-682a3c823bff,F 84-064-037 (B) REV.3,64,SB NO. 05-11,Inspection Of The Tail Rotor Blade Assembly.,AD,02-Feb-1994,F 84-064-037 (B) REV.3,,,0:00,,"Model AS350 and AS355 Series helicopters certificated in all categories that are equipped with tail rotor blades P/N 350A.12.0030.01, 02, 04, or 05."
157b8d12-c115-446e-a4dc-d12077751fe2,d88e2641-dd39-4814-9f04-682a3c823bff,F 85-112-41(B ),28,SB NO. 28-06,Fuel System - Fuel Filter Drain Pip,AD,03-Jul-1985,F 85-112-41(B ),,,0:00,,Helicopters AS 350 - Versions B and D
157b8d12-c115-446e-a4dc-d12077751fe2,d88e2641-dd39-4814-9f04-682a3c823bff,F 85-135-42 B,28,Telex SB NO. 01-14,Fuel Filter And Gear Box Filter Checking Of The Filtering Cartridge,AD,31-Jul-1985,F 85-135-42 B,,,0:00,,AS350 all model.
157b8d12-c115-446e-a4dc-d12077751fe2,d88e2641-dd39-4814-9f04-682a3c823bff,F 85-68-38(B),63,SB NO. 05-10,Inspection Of The Bolted Junction Bevel Ring Gear/Vertical Shaft Of The Bevel Reduction Gear Module On The MGB,AD*,22-May-1985,F 85-68-38(B),,,0:00,,"Bevel reduction gear assemblies P/N 350A32.0300.00, .01 and .02."
157b8d12-c115-446e-a4dc-d12077751fe2,d88e2641-dd39-4814-9f04-682a3c823bff,F 85-95-40(B),62,Telex service No. 05-15,Main rotor shaft P/N:350A37.1076.00 through 06,AD,19-Jun-1985,F 85-95-40(B),,,0:00,,AS350 Helicopter all versions.
157b8d12-c115-446e-a4dc-d12077751fe2,d88e2641-dd39-4814-9f04-682a3c823bff,F 87-161-0 51(B),20,SB NO. 01-20,Reduction Of Service Life Limit Of Spherical Thrust Bearing Bolts,AD,25-Nov-1987,F 87-161-0 51(B),,,0:00,,"AS 350 heiicopters - versions B1, L1."
157b8d12-c115-446e-a4dc-d12077751fe2,d88e2641-dd39-4814-9f04-682a3c823bff,F 90-198-056 (B) R1,29,SB NO: 01-29,Battery Temperatture Probe,AD,27-Nov-1991,F 90-198-056 (B) R1,,,0:00,,"This AD Applicable to AEROSPATIALE Helicopters AS350 D,B,B1,B2 Equipped with One or two SAFT 1606-1 (Battery)"
157b8d12-c115-446e-a4dc-d12077751fe2,d88e2641-dd39-4814-9f04-682a3c823bff,F 91-159-060( B),34,SB NO.01-34,Tail Rotor Drive Shaft Bearings,AD,29-Jul-1991,F 91-159-060( B),,,0:00,,"This AD Applicable to AEROSPATIALE AS 350 Helicopter Versions B,D,B1,B2,L1 and AVEX Equipped with FAFNIR Tail rotor drive shaft Bearing"
157b8d12-c115-446e-a4dc-d12077751fe2,d88e2641-dd39-4814-9f04-682a3c823bff,F 91-165-058(B) R1,25,SB NO.:25.42,Electric Hoist Installation,AD*,27-Nov-1991,F 91-165-058(B) R1,,,0:00,,"This Airworthiness Directive applies to AEROSPATIALE AS350 helicopters, versions BB1, B2,D, fitted with an AIR EQUIPEMENT hoist P/N:76370.010, 76370.011 & 76370.030."
157b8d12-c115-446e-a4dc-d12077751fe2,d88e2641-dd39-4814-9f04-682a3c823bff,F 98-511-074(A),47,SB No. 01 00 47,Single-Pole circuit Breakers,AD,16-Dec-1998,F 98-511-074(A),,,0:00,,"AS 350 helicopters, versions : B, BA, BB, B1, B2, B3 and D equipped with single-pole CROUZET circuit breakers, part numbers : - 5 amperes : 84 4000 032 Emergency flotation gear optional installation - 10 amperes : 84 4000 034 - 1 ampere : 84 4000 028 Other optional installations - 3 amperes : 84 4000 031 - 7,5 amperes : 84 4000 033 - 15 amperes : 84 4000 035 - 20 amperes : 84 4000 036"
157b8d12-c115-446e-a4dc-d12077751fe2,d88e2641-dd39-4814-9f04-682a3c823bff,F NO.86-30-43 (B),32,SB NO.32-06,Interference Of Emergency Flotation Gear With Rear StEps On Raised Skid Type Landing Gear.,AD,19-Feb-1986,F NO.86-30-43 (B),,,0:00,,AS350 Series helicopter all model.
157b8d12-c115-446e-a4dc-d12077751fe2,d88e2641-dd39-4814-9f04-682a3c823bff,F NO.86-57-44 (B) R1,62,F NO.86-57-44 (B) R1,MAIN ROTOR HEAD ROVING SLEAVE BEAMS,AD,09-Jul-1986,F NO.86-57-44 (B) R1,,,0:00,,"Aerospatiale Model AS One Time 350 and AS 355 series helicopters, certificated in any category."
157b8d12-c115-446e-a4dc-d12077751fe2,d88e2641-dd39-4814-9f04-682a3c823bff,86-77-46B REV.2,28,Sb 28.00.07,To Prevent Fuel Filter Leakage At The Bypass Valve Mounted On The Filter Casing And At The Seal In The Bottom Of The Bowl,AD,10-Dec-1986,F- 86-77-46B REV.2,,,0:00,,Refer AD
157b8d12-c115-446e-a4dc-d12077751fe2,d88e2641-dd39-4814-9f04-682a3c823bff,F-1978-204-002,63,SB 65.01,Checking the rotating star drive adapter on main rotor shaft assy.,AD,14-Nov-1978,F-1978-204-002,,,0:00,,"AS 350 ALL MODEL, Main rotor shaft assy. part No.350 A37 0003 with serial No. lower than M146."
157b8d12-c115-446e-a4dc-d12077751fe2,d88e2641-dd39-4814-9f04-682a3c823bff,F1992-144-061(B),25,SB NO.:25.45,"""JOLLIET"" Emergency Locator Transmitter Antenna",AD,18-Jul-1992,F1992-144-061(B),,,0:00,,"This Airworthiness Directive applies to AS 350 helicopters, versions B, BA, B1, B2 and D, fitted with the ""JOLLIET"" emergency locator transmitter system, not modified per AMS 350A.07.2492."
157b8d12-c115-446e-a4dc-d12077751fe2,d88e2641-dd39-4814-9f04-682a3c823bff,2000-222-079,62,ASB 05.00.33 Rev 1,Tail rotor - Bearing spacer of the tail rotor head pitch change plate,AD,15-Sep-2004,F-2000-222-079 R1,,,0:00,,"AS 350 helicopters, versions B, B1, B2, B3, BA, BB and D, fitted with tail rotor pitch change rotating plates all part numbers, on which EUROCOPTER modification (MOD) 07 6554 has not been embodied."
157b8d12-c115-446e-a4dc-d12077751fe2,d88e2641-dd39-4814-9f04-682a3c823bff,2005-032,52,F-2005-032 R1,Doors - Pin of the sliding door rear fitting,AD,03-Aug-2003,F-2005-032 R1,,,0:00,,AS 350 helicopters
157b8d12-c115-446e-a4dc-d12077751fe2,d88e2641-dd39-4814-9f04-682a3c823bff,2005-087,25,F-2005-087,Equipment/Furnishings - Untimely firing of squibs on GOODRICH electric hoists,AD,22-Jun-2005,F-2005-087,,,0:00,,SUPERSEDED BY EASA AD 2006-0164
157b8d12-c115-446e-a4dc-d12077751fe2,d88e2641-dd39-4814-9f04-682a3c823bff,79-12-4,64,F-79-12-4,TO IMPROVE THE TIGHTENING OF THE TAIL GEAR BOX ON THE TAIL BOOM,AD,24-Jan-1979,F-79-12-4,,,0:00,,AEROSPATIALE HELICOPTERS AS350 BOLTS FOR ATTACHMENT FOR THE TAIL GEAR BOX OF THE TAIL BOOM TO IMPROVE THE TIGHTENING OF THE TAIL GEAR BOX ON THE TAIL BOOM it has been decided that replacement of the two rear bolts for attachment of tail gear box P/N 350A.33.1052.20.or 22202 BC 100.023l shll be rendered mandatory in accordance with the directives of aerospataiale SB As350 SB NO:65.07
157b8d12-c115-446e-a4dc-d12077751fe2,d88e2641-dd39-4814-9f04-682a3c823bff,79-133-7,52,F-79-133-7,inspection of the locking system LH lateral baggage hold door P/N 350A.21.0032.10,AD,25-Jul-1979,F-79-133-7,,,0:00,,aerospatiale helicopter AS 350 all models
157b8d12-c115-446e-a4dc-d12077751fe2,d88e2641-dd39-4814-9f04-682a3c823bff,79-13-5,62,F-79-13-5,ROTOR CONTROL: REPLACE OF THE YAW CONTROL ROD,AD,24-Jan-1979,F-79-13-5,,,0:00,,As 350 Helicopters
157b8d12-c115-446e-a4dc-d12077751fe2,d88e2641-dd39-4814-9f04-682a3c823bff,79-211-11,64,F-79-211-11,"tail rotor-installation of wear tell-tale washers and stop washers for laminated bearing on tail rotors ""SEE-SAW"" assembly",AD,14-Nov-1979,F-79-211-11,,,0:00,,aerospatiale helicopters AS350 all models
157b8d12-c115-446e-a4dc-d12077751fe2,d88e2641-dd39-4814-9f04-682a3c823bff,79-217-011,79,SB NO: 65.13,"Tail rotor - Installation of wear Tell-Tale washers and stop washers for laminated bearings on Tail Rotor ""SEE-SAW "" assembly.",AD,14-Nov-1979,F-79-217-011,,,0:00,,AS350 all model.
157b8d12-c115-446e-a4dc-d12077751fe2,d88e2641-dd39-4814-9f04-682a3c823bff,80-104-13,63,F-80-104-13,main gear box-improving the installation of the oil temperature prob.,AD,11-Jun-1980,F-80-104-13,,,0:00,,"Aerospatiale helicopters AS350 All models with the ther,al switch part number of"
157b8d12-c115-446e-a4dc-d12077751fe2,d88e2641-dd39-4814-9f04-682a3c823bff,80-184-015 R1,63,F-80-184-015 R1,Monitoring in service of bolts P/N 350A.37-1202.20 and 350A.37.1224.20 for attachment of the startflex hub to the main rotor shaft.,AD,01-Oct-1980,F-80-184-015 R1,,,0:00,,Aerospatiale helicopters AS350 all tyoes
157b8d12-c115-446e-a4dc-d12077751fe2,d88e2641-dd39-4814-9f04-682a3c823bff,81-094-018 R2,63,F-81-094-018 R2,Main gear box bevel reduction gear modules P/N 350A.32.0300.00 and 01,AD,20-Jul-1988,F-81-094-018 R2,,,0:00,,Aerospatiale helicopters AS350 all models
157b8d12-c115-446e-a4dc-d12077751fe2,d88e2641-dd39-4814-9f04-682a3c823bff,81-184-20,64,F-81-184-20,Tail rotor-pitch change horn assembly 350.12.1368.01 and 02 inspection and retirement lives,AD,12-Oct-1981,F-81-184-20,,,0:00,,Aerospatiale Helicopters AS350 All models
157b8d12-c115-446e-a4dc-d12077751fe2,d88e2641-dd39-4814-9f04-682a3c823bff,81-203-21,62,F-81-203-21,monitoring upper fins P/N 350A.14.0020 improved installation of upper fins P/N 350A.14.0020 and lever Fins P/N 350A.14.0021,AD,02-Dec-1981,F-81-203-21,,,0:00,,Aerospatiale Helicopters AS 350 all models
157b8d12-c115-446e-a4dc-d12077751fe2,d88e2641-dd39-4814-9f04-682a3c823bff,81-223-22,62,F-81-223-22,Improve installation of Lower fins P/N:355A.14.0152,AD,06-Jan-1982,F-81-223-22,,,0:00,,Aerospatiale Helicopters AS 350 all models
157b8d12-c115-446e-a4dc-d12077751fe2,d88e2641-dd39-4814-9f04-682a3c823bff,81-84-17,83,F-81-84-17,Engine/MGB junction attaching bolts of hydraulic pump drive pulley on MGB input fkange inspection and replacement if required,AD,13-May-1981,F-81-84-17,,,0:00,,Aerospatiale AS 350 all models
157b8d12-c115-446e-a4dc-d12077751fe2,d88e2641-dd39-4814-9f04-682a3c823bff,82-158-27,28,F-82-158-27,Fuel filter- improving the reliability of the by-pass,AD,24-Nov-1982,F-82-158-27,,,0:00,,Aerospatiale helicopters AS 350 All models
157b8d12-c115-446e-a4dc-d12077751fe2,d88e2641-dd39-4814-9f04-682a3c823bff,82-175-29,63,F-82-175-29,main gearbox -oil monitoring,AD*,15-Dec-1982,F-82-175-29,,,0:00,,Aerospatiale helicopters AS350 All models
157b8d12-c115-446e-a4dc-d12077751fe2,d88e2641-dd39-4814-9f04-682a3c823bff,82-23-23,28,F-82-23-23,check for the corrective operation of the clogging indicator on le bozec and Gauthier fuel filter,AD,03-Mar-1982,F-82-23-23,,,0:00,,Aerospatiale Helicopters AS 350 all models.
157b8d12-c115-446e-a4dc-d12077751fe2,d88e2641-dd39-4814-9f04-682a3c823bff,82-24-24,64,F-82-24-24,"Tail rotor Blades 350A.12.0020 to .10, 350A.12.0030.00 to 05, 350A.08.1011.00 checking the bonding of stainless steel protections on leading edges",AD,03-Mar-1982,F-82-24-24,,,0:00,,aerospatiale Helicopters AS350 all models
157b8d12-c115-446e-a4dc-d12077751fe2,d88e2641-dd39-4814-9f04-682a3c823bff,82-98-26,62,F-82-98-26,upper fin attachment fitting,AD,28-Jul-1982,F-82-98-26,,,0:00,,Aerospatiale helicopters AS 350 all Models .
157b8d12-c115-446e-a4dc-d12077751fe2,d88e2641-dd39-4814-9f04-682a3c823bff,83-173-36,62,F-83-173-36,"main rotor mast shaft P/N 350.A.37.1076.04,.06 and .06 checking for cracks and/or corrosion",AD*,16-Nov-1983,F-83-173-36,,,0:00,,Aerospatiale helicopters AS 350 All models
157b8d12-c115-446e-a4dc-d12077751fe2,d88e2641-dd39-4814-9f04-682a3c823bff,86-97-47(B),28,SB:28.00.28,Fuel Filter Leakage May Occur Due To Bad Setting In And Lightening Of The Bowl On The Filter Casing At The Seal In The Bottom Of The Bowl,AD,25-Jun-1986,F-86-97-47(B),,,0:00,,Refer AD.Date of Issue:16-Dec-2000
157b8d12-c115-446e-a4dc-d12077751fe2,d88e2641-dd39-4814-9f04-682a3c823bff,87-088-0 49,52,Sb-52.00.18,SLIDING DOORS,AD,24-Jun-1987,F-87-088-0 49,,,0:00,,Refer AD.Date of Issue:22-Dec-2000
157b8d12-c115-446e-a4dc-d12077751fe2,d88e2641-dd39-4814-9f04-682a3c823bff,87-67-16,25,F-87-67-16,Optional cargo swing installation,AD,01-Apr-1981,F-87-67-16,,,0:00,,Aerospatiale AS 350 Helicopters all models
157b8d12-c115-446e-a4dc-d12077751fe2,d88e2641-dd39-4814-9f04-682a3c823bff,2018-18-12,75,FAA AD :2018-18-12,"Joint Aircraft Service Component (JASC) Code: 7160, Engine Air Intake System.",AD,25-Sep-2018,FAA AD :2018-18-12,,,0:00,,"This AD applies to Model AS350B, AS350B1, AS350B2, AS350B3, and AS350BA helicopters, certificated in any category, with a Pall Aerospace Inlet Barrier Filter element part number CE01301F2 or CE01301F2B installed."
157b8d12-c115-446e-a4dc-d12077751fe2,d88e2641-dd39-4814-9f04-682a3c823bff,2018-15-02,64,EASB No. 05.00.86,Joint Aircraft Service Component (JASC) Code: 6720 Tail Rotor Control System.,AD*,19-Jul-2018,FAA AD 2018-15-02,,,0:00,,"This AD applies to Airbus Helicopters Model AS350B, AS350B1, AS350B2, AS350B3, AS350BA, AS355E, AS355F, AS355F1, AS355F2, AS355N, and AS355NP helicopters, certificated in any category, with a tail rotor (TR) pitch change rod elastomeric ball joint installed. Note 1 to paragraph (a): Airbus Helicopters modification (MOD) 075601 and MOD 076602 consist of replacing the TR pitch change rod with an elastomeric ball joint rod."
157b8d12-c115-446e-a4dc-d12077751fe2,d88e2641-dd39-4814-9f04-682a3c823bff,2018-18-12,75,FAA AD 2018-18-12,"Joint Aircraft Service Component (JASC) Code: 7160, Engine Air Intake System.",SB,25-Sep-2018,FAA AD 2018-18-12,,,0:00,,"This AD applies to Model AS350B, AS350B1, AS350B2, AS350B3, and AS350BA helicopters, certificated in any category, with a Pall Aerospace Inlet Barrier Filter element part number CE01301F2 or CE01301F2B installed."
157b8d12-c115-446e-a4dc-d12077751fe2,d88e2641-dd39-4814-9f04-682a3c823bff,2018-25-17,21,SB AS350-111014,"Joint Aircraft Service Component (JASC) Code: 2197, Air Conditioning System Wiring.",AD,17-Dec-2018,FAA AD 2018-25-17,,,0:00,,"Airbus Helicopters Model AS350B, AS350B1, AS350B2, AS350B3, AS350BA, AS350C, AS350D, and AS350D1 helicopters with an Air Comm air conditioning system part number (P/N) AS350-202-1, AS350-202-2, AS350-202-3, AS350-202-4, AS350-202-5, AS350-204-1, AS350-204-2, AS350-204-3, AS350-204-4, AS350-204-5, AS350-204-6, AS350-204-7, AS350-204-8, AS350-204-9, AS350-204-10, AS350-204-11, or AS350-204-12 installed."
157b8d12-c115-446e-a4dc-d12077751fe2,d88e2641-dd39-4814-9f04-682a3c823bff,FAA AD 2021-23-13,34,FAA AD 2021-23-13,"Joint Aircraft Service Component (JASC) Code: 3444, Ground Proximity System.",AD,09-Dec-2021,FAA AD 2021-23-13,,,0:00,,"This AD applies to all helicopters, certificated in any category, equipped with a radio (also known as radar) altimeter. These radio altimeters are installed on various helicopter models including, but not limited to, the helicopters for which the design approval holder is identified in paragraphs (c)(1) through (20) of this AD. (1) Airbus Helicopters"
157b8d12-c115-446e-a4dc-d12077751fe2,d88e2641-dd39-4814-9f04-682a3c823bff,FAA AD2021-23-13,34,FAA AD 2021-23-13,"Joint Aircraft Service Component (JASC) Code: 3444, Ground Proximity System.",AD,09-Dec-2021,FAA AD 2021-23-13,,,0:00,,"This AD applies to all helicopters, certificated in any category, equipped with a radio (also known as radar) altimeter. These radio altimeters are installed on various helicopter models including, but not limited to, the helicopters for which the design approval holder is identified in paragraphs (c)(1) through (20) of this AD. (1) Airbus Helicopters"
157b8d12-c115-446e-a4dc-d12077751fe2,d88e2641-dd39-4814-9f04-682a3c823bff,FAA AD 2022-05-10,25,FAA AD 2022-05-10,"Joint Aircraft Service Component (JASC) Code: 2500, Cabin Equipment/Furnishings.",AD,16-Mar-2022,FAA AD 2022-05-10,,,0:00,,"This AD applies to helicopters, certificated in any category, with an externally-mounted Goodrich hoist assembly (hoist).Airbus Helicopters (previously Eurocopter France) Model AS332L, AS332L1, AS332L2, AS350B2, AS350B3, AS365N3, and EC225LP helicopters"
157b8d12-c115-446e-a4dc-d12077751fe2,d88e2641-dd39-4814-9f04-682a3c823bff,FAA AD 2023-11-07,34,FAA AD 2023-11-07,"Air Transport Association (ATA) of America Code 3444, Ground Proximity System.",AD,15-Jun-2023,FAA AD 2023-11-07,,,0:00,,"This AD applies to all helicopters, certificated in any category, equipped with a radio (also known as radar) altimeter."
157b8d12-c115-446e-a4dc-d12077751fe2,d88e2641-dd39-4814-9f04-682a3c823bff,2004-0019,25,SB-A25-002,CAMERA SYSTEM INSTALLATION - REPLACEMENT OF FLOOR MOUNTED PLATFORM PANEL HOLD DOWN HOOK AND MODIFICATION OF PLATFORM BEAM (MANN AVIATION LTD),AD,05-Aug-2004,G-2004-0019,,,0:00,,"Eurocopter Model AS350 and AS355 helicopters, certificated in any category that have been modified in accordance with MAG(E) modification 350-1521, 350-1680 or 350-1707. Installation of Camera platform."
157b8d12-c115-446e-a4dc-d12077751fe2,d88e2641-dd39-4814-9f04-682a3c823bff,jedfojasf,8,lksdjflksdjfg,;afkgkafgm,SB,01-Oct-2015,lksfloksd,,,0:00,,ksdfgjksjgisjg
157b8d12-c115-446e-a4dc-d12077751fe2,d88e2641-dd39-4814-9f04-682a3c823bff,05.00.68,80,SB 05.00.68,Time Limits - Maintenance Checks - Engine starting SKURKA (ex APC) starter-generators (MP/N) 150SG122Q and 200SGL130Q ATA 24 and 80,SB*,25-Jul-2012,SB 05.00.68,,,0:00,,"Applicable to Eurocopter AS 350, Civil version(s): B, BA, BB, B1, B2, B3, D"
157b8d12-c115-446e-a4dc-d12077751fe2,d88e2641-dd39-4814-9f04-682a3c823bff,SB 05.01.02,62,SB 05.01.02,TIME LIMITS - MAINTENANCE CHECKS - Main rotor Inspection of the Main Rotor Mast (MRM) upper housing,SB,18-Jun-2021,SB 05.01.02,,,0:00,,Helicopters AS350 versions B2 and B3.
157b8d12-c115-446e-a4dc-d12077751fe2,d88e2641-dd39-4814-9f04-682a3c823bff,25.02.40,100,SB 25.02.40 Rev.1,EQUIPMENT AND FURNISHINGS - External load carrying Improved locking system of the LISI AS21-5-7 cargo hook,SB#,14-Apr-2016,SB 25.02.40 Rev.1,,,0:00,,Helicopters equipped with the fixed parts of cargo hook assembly P/N 704A418110.29 (MP/N AS21-5-7).
157b8d12-c115-446e-a4dc-d12077751fe2,d88e2641-dd39-4814-9f04-682a3c823bff,SB 25-67-0001,25,SB 25-67-0001,Emergency floatation system - Installation of the Emergency Floatation System,SB,15-Sep-2025,SB 25-67-0001,,,0:00,,AS350 B3
157b8d12-c115-446e-a4dc-d12077751fe2,d88e2641-dd39-4814-9f04-682a3c823bff,31.00.52,31,SB 31.00.52 Rev.2,INDICATING AND RECORDING SYSTEMS,SB,06-Oct-2015,SB 31.00.52 Rev.2,,,0:00,,"Helicopters equipped with VEMDs ""Vehicle & Engine Multifunction Display"" listed in paragraph 1.A.2. and with Global Positioning System (GPS), compatible with ARINC 429 High Speed, and pre-MOD 073195."
157b8d12-c115-446e-a4dc-d12077751fe2,d88e2641-dd39-4814-9f04-682a3c823bff,SB 67-10-0003,67,SB 67-10-0003,Rotor control - Installation of dual flight controls,SB,08-Sep-2025,SB 67-10-0003,,,0:00,,AS350 B3
157b8d12-c115-446e-a4dc-d12077751fe2,d88e2641-dd39-4814-9f04-682a3c823bff,00.00.01,4,SB 00.00.01 Rev 2,"INTRODUCTION Presentation of the subject, content and use of ALERT SERVICE BULLETINS, SERVICE BULLETINS and TECHNICAL DIRECTIVES",SB,23-Aug-2011,SB 00.00.01 Rev 2,,,0:00,,"CIVIL VERSION(S): B, BA, BB, B1, B2, B3, D MILITARY VERSION(S): L1"
157b8d12-c115-446e-a4dc-d12077751fe2,d88e2641-dd39-4814-9f04-682a3c823bff,SB 00.00.02 R2,5,SB 00.00.02 R2,GENERAL - HARMONIZATION Introduction to ALERT SERVICE BULLETINS and Service Bulletins and Technical Directives updated for harmonization,SB,22-Mar-2022,SB 00.00.02 R2,,,0:00,,"Civil version(s): B, BA, BB, B1, B2, B3, D Military version(s): L1"
157b8d12-c115-446e-a4dc-d12077751fe2,d88e2641-dd39-4814-9f04-682a3c823bff,SB 00.00.02 R3,100,SB 00.00.02 R3,Introduction - SERVICE BULLETIN.,SB,12-Dec-2023,SB 00.00.02 R3,,,0:00,,"The aim of document No. 00-002 is to improve understanding and to explain the rules governing ALERT SERVICE BULLETINS (ASBs), Service Bulletins (SBs) and Temporary Technical Instruction (TTI)."
157b8d12-c115-446e-a4dc-d12077751fe2,d88e2641-dd39-4814-9f04-682a3c823bff,00.00.02,4,SB 00.00.02 Rev 1,"INTRODUCTION - Harmonization Introduction to ALERT SERVICE BULLETINS, Service Bulletins and Technical Directives updated for harmonization.",SB,23-Aug-2011,SB 00.00.02 Rev 1,,,0:00,,"Civil version(s): B, BA, BB, B1, B2, B3, D Military version(s): L1"
157b8d12-c115-446e-a4dc-d12077751fe2,d88e2641-dd39-4814-9f04-682a3c823bff,01.00.11,44,SB 01.00.11,"Buckle, type 343, fitted on ECURAIGLON (Ex L'AIGLON) safety belts",SB,18-Jun-1984,SB 01.00.11,,,0:00,,SA 350 helicopters - AU versions Passenger seat belts equippeci with a belt identified in paragraph 1 of Service-Bulletin TRW No. 01
157b8d12-c115-446e-a4dc-d12077751fe2,d88e2641-dd39-4814-9f04-682a3c823bff,01.00.12,1,"SB 01.00.12,Rev-1",Conversion of AS 350 Helicopter D into B,SB$,02-Apr-1998,"SB 01.00.12,Rev-1",,,0:00,,"All AS 350 helicopters, Version D (LTS 101 engine) MODIFIED BY SB 39.00.07 and 79.00.06."
157b8d12-c115-446e-a4dc-d12077751fe2,d88e2641-dd39-4814-9f04-682a3c823bff,01.00.25,1,SB 01.00.25,Slippage Of the Freewheel,SB,05-Feb-1991,SB 01.00.25,,,0:00,,Helicopters Type Ecureuil AS350 B-B1-L1-L2 & Avex
157b8d12-c115-446e-a4dc-d12077751fe2,d88e2641-dd39-4814-9f04-682a3c823bff,01.00.26,1,SB 01.00.26 Rev.4,Conversion of AS 350 Helicopter B1 into B2,SB$,22-Oct-2007,SB 01.00.26 Rev.4,,,0:00,,AS 350 Helicopters Versions B1
157b8d12-c115-446e-a4dc-d12077751fe2,d88e2641-dd39-4814-9f04-682a3c823bff,01.00.32,1,SB 01.00.32,Freewheel Damage,SB,30-Jan-1992,SB 01.00.32,,,0:00,,Helicopters Type Ecureuil AS350 B-B1-L1-L2 & Avex
157b8d12-c115-446e-a4dc-d12077751fe2,d88e2641-dd39-4814-9f04-682a3c823bff,01.00.34,1,SB 01.00.34,Tail Rotor Drive Shaft Bearings,SB,06-Dec-1991,SB 01.00.34,,,0:00,,Helicopters Type Ecureuil AS350 B-B1-L1-L2 & Avex
157b8d12-c115-446e-a4dc-d12077751fe2,d88e2641-dd39-4814-9f04-682a3c823bff,01.00.34,65,SB 01.00.34,Tail Rotor Drive Shaft Bearings,SB,06-Dec-1991,SB 01.00.34,,,0:00,,Helicopters Type Ecureuil AS350 B-B1-L1-L2 & Avex
157b8d12-c115-446e-a4dc-d12077751fe2,d88e2641-dd39-4814-9f04-682a3c823bff,01.00.35,1,SB 01.00.35 Rev.10,Conversion Of AS 350 B Version into AS 350 BA version,SB$,29-Apr-2016,SB 01.00.35 Rev.10,,,0:00,,"AS 350 Helicopters Version B, in airworthy condition at the time of conversion"
157b8d12-c115-446e-a4dc-d12077751fe2,d88e2641-dd39-4814-9f04-682a3c823bff,01.00.39,1,SB 01.00.39,Conversion of AS 350 version BA helicopters into version B,SB$,10-Dec-1992,SB 01.00.39,,,0:00,,"AS 350 Helicopters Version BA, in airworthy condition at the time of conversion"
157b8d12-c115-446e-a4dc-d12077751fe2,d88e2641-dd39-4814-9f04-682a3c823bff,01.00.40,1,SB 01.00.40,Conversion of AS 350 version D helicopters into version BA,SB$,04-Mar-1993,SB 01.00.40,,,0:00,,Eurocopter AS 350 Helicopters versions D
157b8d12-c115-446e-a4dc-d12077751fe2,d88e2641-dd39-4814-9f04-682a3c823bff,01.00.41,1,SB 01.00.41,Check For correct assembly of main rotor,SB,27-May-1993,SB 01.00.41,,,0:00,,Eurocopter AS 350 Helicopters versions D-B-B1-B2-BA-L1
157b8d12-c115-446e-a4dc-d12077751fe2,d88e2641-dd39-4814-9f04-682a3c823bff,01.00.42,1,SB 01.00.42,Cyclic Pitch Change Control Rod,SB,28-Jun-1994,SB 01.00.42,,,0:00,,"Aircraft VERSIONS: B, BA, D, B1, B2, Li.Cyclic Pitch Change Control Rod P/N 704A34-113-279."
157b8d12-c115-446e-a4dc-d12077751fe2,d88e2641-dd39-4814-9f04-682a3c823bff,01.00.46,1,SB 01.00.46,Check of Tail Boom-to-Aircraft Structure Attachment Bolts P/No. 22201BC060008L (N5103337287),SB,28-Nov-2001,SB 01.00.46,,,0:00,,"CIVIL(S) VERSION(S) : B-BA-B1-B2-BB-D MIL1TARY(S) VERS1ON(S) : 121 Applies to all the ECUREUIL helicopters of the except for the two following cases: -Aircraft (new or overhauled)delivered after May 15, 1997. - Aircraft on which no tail boom-to-aircraft structure attachment bolt has been replaced after July 1, 1994."
157b8d12-c115-446e-a4dc-d12077751fe2,d88e2641-dd39-4814-9f04-682a3c823bff,01.00.47,1,SB 01.00.47,LIMITATIONS Check of Single-Pole Circuit Breakers,SB,10-Nov-1998,SB 01.00.47,,,0:00,,"The emergency flotation gear optional installation protected by CROUZET single-pole circuit breakers, part numbers: - 5A 84 400 032 - 10A 84 400 034."
157b8d12-c115-446e-a4dc-d12077751fe2,d88e2641-dd39-4814-9f04-682a3c823bff,01.00.48,1,SB 01.00.48,Tail Rotor Hub Pitch Change Plate Bearing. Dated: 03-Feb-2003,SB,28-Jan-2003,SB 01.00.48,,,0:00,,"Aircraft equipped with TRH Pitch Change Plate ""SNR"" Bearing P/N 6010F234M16(704A33-651-190). Bearing installed post MOD 076551 or after compliance with SB 65.00.38."
157b8d12-c115-446e-a4dc-d12077751fe2,d88e2641-dd39-4814-9f04-682a3c823bff,01.00.49,1,SB 01.00.49,SIREN Load Release Units AS21-5-(1 to 7): Anomaly on the locking keeper and load jammed on the cargo hook in the open position Other (SIREN) Load Release Unit Types: Load jammed on the cargo hook in the open position,SB,12-May-2009,SB 01.00.49,,,0:00,,Helicopters Equipped with all type of SIREN Load Release Units
157b8d12-c115-446e-a4dc-d12077751fe2,d88e2641-dd39-4814-9f04-682a3c823bff,01.00.50,1,SB 01.00.50 Rev.4,Conversion of the AS 350 Version BA Helicopter into Issued on users a Version B2 Helicopter,SB#,10-Apr-2009,SB 01.00.50 Rev.4,,,0:00,,This SB is no more applicable
157b8d12-c115-446e-a4dc-d12077751fe2,d88e2641-dd39-4814-9f04-682a3c823bff,01.00.51,1,SB 01.00.51 Rev 1,Transformation of AS 350 Version B helicopter into AS 350 Version B2,SB$,06-Dec-2007,SB 01.00.51 Rev 1,,,0:00,,"Eurocopter AS 350 Helicopters Version B, in airworthy condition at the time of conversion."
157b8d12-c115-446e-a4dc-d12077751fe2,d88e2641-dd39-4814-9f04-682a3c823bff,01.00.52,1,SB 01.00.52,Main And Tail TRW SAMM Servo Controls,SB,16-May-2002,SB 01.00.52,,,0:00,,"Above listed helicopters equipped with main and tail TRW-SAMM servo controls. 1.A.1 Main servoc ontrols P/N SC5083 or SC5084 (no letter ""V"" after part number) with the following serial numbers: SC5083: serial numbers from 1500 to 1515 inclusive. SC5084: serial numbers from 722 to 726 inclusive."
157b8d12-c115-446e-a4dc-d12077751fe2,d88e2641-dd39-4814-9f04-682a3c823bff,01.00.54,1,SB 01.00.54,To prevent any untimely opening of the Hoist Hook,SB,13-Dec-2005,SB 01.00.54,,,0:00,,"Helicopters equipped with Goodrich (LUCAS AIR EQUIPMENT) hoists, P/N 76370-XX fitted with hook P/N: 709866. The hook concerned is not fitted with a tongue locking system."
157b8d12-c115-446e-a4dc-d12077751fe2,d88e2641-dd39-4814-9f04-682a3c823bff,01.00.55,1,SB 01.00.55 Rev.2,"Emergency Flotation Gear, Maximum Operating Weight Replaced with ASB No. 01.00.59",SB#,20-Nov-2008,SB 01.00.55 Rev.2,,,0:00,,Replaced with ASB No. 01.00.59
157b8d12-c115-446e-a4dc-d12077751fe2,d88e2641-dd39-4814-9f04-682a3c823bff,01.00.56,1,SB 01.00.56,To Prevent any Untimely Opening of the Hoist Hook,SB,24-Feb-2005,SB 01.00.56,,,0:00,,Helicopters Equipped with Breeze Hoists with Hook assembly P/N BL-7520-1 fitted with Hook P/N BL-7520
157b8d12-c115-446e-a4dc-d12077751fe2,d88e2641-dd39-4814-9f04-682a3c823bff,01.00.57,1,SB 01.00.57 Rev.1,APC 200A Starter Generator Limitation,SB,14-Sep-2006,SB 01.00.57 Rev.1,,,0:00,,Helicopters Equipped with an APC 200A Starter Generator Part Number 200SGL130Q and not modified per modification 073345.
157b8d12-c115-446e-a4dc-d12077751fe2,d88e2641-dd39-4814-9f04-682a3c823bff,01.00.59,1,SB 01.00.59,Mixability of the emergency floatation gear,SB,20-Nov-2008,SB 01.00.59,,,0:00,,Helicopters Equipped with emergency floatation gear installation
157b8d12-c115-446e-a4dc-d12077751fe2,d88e2641-dd39-4814-9f04-682a3c823bff,01.00.66,8,SB 01.00.66 Rev 1,Limitations-Removal of the additional chin weights and addition of a load compensator on the yaw channel on helicopters which are POST modification 075601 and equipped with an Arriel 2D engine,SB,15-Feb-2013,SB 01.00.66 Rev 1,,,0:00,,Applicable to Euro copter As 350 B3 Helicopters.which are POST modification 075601 and equipped with an Arriel 2D engine
157b8d12-c115-446e-a4dc-d12077751fe2,d88e2641-dd39-4814-9f04-682a3c823bff,01.00.68,63,SB 01.00.68 Rev.2,LIMITATIONS - Main Gearbox (MGB) Casings Limitation and follow-up of casings in torque cycles (TC),SB,22-Dec-2015,SB 01.00.68 Rev.2 Part A,,,0:00,,AS350 B3 Helicopters with Main casing P/N 350A32-3156-21 Fitted on assembly 350A32-3156-01 350A32-3156-22 Fitted on assembly 350A32-3156-02 350A32-3121-04 350A32-3121-06
157b8d12-c115-446e-a4dc-d12077751fe2,d88e2641-dd39-4814-9f04-682a3c823bff,01.00.68,100,SB 01.00.68 Rev.2,LIMITATIONS - Main Gearbox (MGB) Casings Limitation and follow-up of casings in torque cycles (TC),SB,22-Dec-2015,SB 01.00.68 Rev.2 Part B,,,0:00,,Helicopters equipped with MGB casings (main casing assembly and MGB sump) with Part Numbers specified in paragraph 4.A.
157b8d12-c115-446e-a4dc-d12077751fe2,d88e2641-dd39-4814-9f04-682a3c823bff,1.03,100,SB 01.03,S.E.P. spherical thrust bearings - P.N. 704A.33.633.27 or .30,SB#,04-Jul-1979,SB 01.03,,,0:00,,"AS350 all versions with Serial number 70118, 70200, 70251, 70289, 70320, 70354 etc."
157b8d12-c115-446e-a4dc-d12077751fe2,d88e2641-dd39-4814-9f04-682a3c823bff,01.18 Issue 2,1,SB 01.18 Issue 2,Removal from Service Of Former Standard parts with a short service life.,SB,05-Feb-1991,SB 01.18 Issue 2,,,0:00,,AS 350 Helicopters versions B-D-B1-B2-L1 and L2
157b8d12-c115-446e-a4dc-d12077751fe2,d88e2641-dd39-4814-9f04-682a3c823bff,01.21 Rev.1,1,SB 01.21 Rev.1,Dunlop Main and Tail servo-Commande Units,SB,08-Sep-1988,SB 01.21 Rev.1,,,0:00,,"AS 350 Helicopters ,versions B-B1-D-L1 fitted with the subject Dunlop servo commande unit"
157b8d12-c115-446e-a4dc-d12077751fe2,d88e2641-dd39-4814-9f04-682a3c823bff,124,1,SB 01.24 Rev.1,Paulstra Spherical Thrust Bearing,SB,01-Feb-1995,SB 01.24 Rev.1,,,0:00,,Aircraft Fitted with Paulstra spherical thrust bearings P/N 704A33-633-156
157b8d12-c115-446e-a4dc-d12077751fe2,d88e2641-dd39-4814-9f04-682a3c823bff,1.27,1,SB 01.27,"LUCAS Air equipment Electric Rescue Hoist P/Nos 76370, 76370.010, 011, 020, and 030",SB,07-Jun-1990,SB 01.27,,,0:00,,AS 350 Helicopters versions B-D-B1-B2-L1 and L2 equipped with one of the subject electric Rescue Hoists
157b8d12-c115-446e-a4dc-d12077751fe2,d88e2641-dd39-4814-9f04-682a3c823bff,1.28,1,SB 01.28,"350/355 Tail Rotors, Detection of installed Laminated Bearings P/N 704.A.33.633.147",SB,14-Aug-1990,SB 01.28,,,0:00,,Tail Rotor Part No.350.A.12.0030.06 and Higher
157b8d12-c115-446e-a4dc-d12077751fe2,d88e2641-dd39-4814-9f04-682a3c823bff,1.29,24,SB 01.29,Battery Temperature Probe,SB,03-Oct-1991,SB 01.29,,,0:00,,AS 350 Helicopters versions B-D-B1-B2-L1 and L2 equipped with one or two SAFT 1606-1 Batteries that have not been modified according to amendment E( refer to Battery Equipment log card-FME)
157b8d12-c115-446e-a4dc-d12077751fe2,d88e2641-dd39-4814-9f04-682a3c823bff,1.33,66,SB 01.33,Tail Gear Box-Pitch Control Lever Expansion Pin,SB,05-Sep-1991,SB 01.33,,,0:00,,Helicopters Type Ecureuil AS350 B-B1-L1-L2 & Avex
157b8d12-c115-446e-a4dc-d12077751fe2,d88e2641-dd39-4814-9f04-682a3c823bff,1.43,79,SB 01.43,MGB OIL PRESSURE SWITCH P/N 704A37-721-082 (51130-021-082) POST MODIFICATION 350A07-7141.,SB*,21-Apr-1994,SB 01.43,,,0:00,,Eurocopter AS 350 Helicopters versions D-B-B1-B2-BA-L1
157b8d12-c115-446e-a4dc-d12077751fe2,d88e2641-dd39-4814-9f04-682a3c823bff,1.44,62,SB 01.44,Main Rotor Shaft,SB,19-Dec-1994,SB 01.44,,,0:00,,Eurocopter AS 350 Helicopters versions D-B-B1-B2-BA-L1
157b8d12-c115-446e-a4dc-d12077751fe2,d88e2641-dd39-4814-9f04-682a3c823bff,05.00.08,65,SB 05.00.08 Rev.5,Checking the BalI Bearings in the Tail Rotor Dhve Shaft Rear Section Bearing Mountings,SB*,02-Feb-1998,SB 05.00.08 Rev.5 Part A,,,0:00,,"AS 350 helicopters - Ver. B, B1, B2, B3, BA, BB, D, L1, AVEX. Tail rotor power transmission system pre and post mod 079017 or 079032 R or 078542."
157b8d12-c115-446e-a4dc-d12077751fe2,d88e2641-dd39-4814-9f04-682a3c823bff,05.00.11 Rev.5,64,SB 05.00.11 Rev.5,Inspection of the Tail Rotor Blade Assembly,SB,23-Dec-1993,SB 05.00.11 Rev.5,,,0:00,,"AS 350 helicopters, All versions with Tail rotor Blade assy P/N 350A08-1011, 350A12-0020, 350A12-0030, 350A12-0031, 350A12-0040, All dash numbers."
157b8d12-c115-446e-a4dc-d12077751fe2,d88e2641-dd39-4814-9f04-682a3c823bff,05.00.14,52,SB 05.00.14,"AIRCRAFT EQUIPPED WITH SLIDING DOORS P/N 350A.25.0030.00 AND 350A.25.0030 01 (FOR LOCATING THE PARTS REFERRED TO IN THE PRESENT TELEX, SEE IPC,CHAPTER 52-90-10 FOR AS 350, OR 52-91-10 FOR AS 355).",SB,25-Jul-1983,SB 05.00.14,,,0:00,,TO All AS 350B3 Helicopter Models.
157b8d12-c115-446e-a4dc-d12077751fe2,d88e2641-dd39-4814-9f04-682a3c823bff,05.00.21,5,SB 05.00.21 Rev.1,Checking the Bonding of Stainless Steel Leading edges,SB*,20-Sep-1990,SB 05.00.21 Rev.1,,,0:00,,"AS 350 type helicopters, Versions B, B1, B2, D, L1,L2 and equipped with main blades P/N 350A11.0010 all dash Numbers"
157b8d12-c115-446e-a4dc-d12077751fe2,d88e2641-dd39-4814-9f04-682a3c823bff,SB 05.00.22,62,SB 05.00.22,TIME LIMITS Addition of a Calendar Time Limit for the Dynamic Assemblies,SB,20-Dec-2021,SB 05.00.22,,,0:00,,CIVIL VERSION(S): B-BA-B1-B2-B3-BB-D.
157b8d12-c115-446e-a4dc-d12077751fe2,d88e2641-dd39-4814-9f04-682a3c823bff,05.00.22,5,SB 05.00.22 Rev.1,Addition of a calendar time Limit for the dynamic assemblies (Issue Dt: 05-Sep-2001),SB,05-Sep-2001,SB 05.00.22 Rev.1,,,0:00,,"Eurocopter AS 350 type h/c Versions B, BA,B1, B2,B3,BB,D Dynamic assemblies, all part numbers and all dash numbers"
157b8d12-c115-446e-a4dc-d12077751fe2,d88e2641-dd39-4814-9f04-682a3c823bff,05.00.23,5,SB 05.00.23,TRH Monitoring of Pitch change lever end yokes,SB*,16-Mar-1993,SB 05.00.23,,,0:00,,"Eurocopter AS 350 h/c ,versions B, B1, B2, BA, D, L1. Pitch Change lever assemblies, repaired by bushing , Part No:350A33-1058.02."
157b8d12-c115-446e-a4dc-d12077751fe2,d88e2641-dd39-4814-9f04-682a3c823bff,05.00.24,5,SB 05.00.24,Power plant/MGB drive shaft,SB,01-Oct-1992,SB 05.00.24,,,0:00,,"Eurocopter AS 350 helicopters, versions B, B1, B2, BA, D, L1."
157b8d12-c115-446e-a4dc-d12077751fe2,d88e2641-dd39-4814-9f04-682a3c823bff,05.00.25 Rev.1,5,SB 05.00.25 Rev.1,Sliding window of RH and LH standard and Sliding Door,SB*,30-Nov-1993,SB 05.00.25 Rev.1,,,0:00,,"Eurocopter AS 350 helicopters, versions B, B1, B2, BA, D, L1."
157b8d12-c115-446e-a4dc-d12077751fe2,d88e2641-dd39-4814-9f04-682a3c823bff,05.00.26,5,SB 05.00.26,Damping Capacitor on the Lycoming LTS 101 Engine,SB*,19-May-1995,SB 05.00.26,,,0:00,,Eurocopter AS 350 Version D helicopter
157b8d12-c115-446e-a4dc-d12077751fe2,d88e2641-dd39-4814-9f04-682a3c823bff,05.00.27,5,SB 05.00.27 R1,TGB/ Tail Rotor Blade Horn,SB*,05-Sep-2016,SB 05.00.27 R1,,,0:00,,"This SB is no longer applicable, Its content has been integrated in the documentation"
157b8d12-c115-446e-a4dc-d12077751fe2,d88e2641-dd39-4814-9f04-682a3c823bff,05.00.29 Rev.3,5,SB 05.00.29 Rev.3,Tail rotor hub pitch change spider plate bearing check,SB*,31-May-2001,SB 05.00.29 Rev.3,,,0:00,,"Tail rotor hub (TRH) pitch change spiders, P/N: -350A33-2004-00/01/02/03/05 which do not incorporate MOD 076551. -350A33-2009-00/01 which do not incorporate MOD 076551."
157b8d12-c115-446e-a4dc-d12077751fe2,d88e2641-dd39-4814-9f04-682a3c823bff,05.00.30,5,SB 05.00.30,Checking the MGB oil for metal chips,SB*,09-Dec-1999,SB 05.00.30,,,0:00,,"MGB, all P/N, on which MOD 077175 has not been incorporated (increased length of the MGB magnetic drain plug)."
157b8d12-c115-446e-a4dc-d12077751fe2,d88e2641-dd39-4814-9f04-682a3c823bff,05.00.31,5,SB 05.00.31 Rev.1,Check of Upper and Lower Fin Attachment Screws and Spar Fittings.,SB*,22-Nov-2010,SB 05.00.31 Rev.1,,,0:00,,Tail boom upper and lower fins pre- and post-MOD 073012.
157b8d12-c115-446e-a4dc-d12077751fe2,d88e2641-dd39-4814-9f04-682a3c823bff,05.00.32,5,SB 05.00.32,TIME L1MITS - Corrosion Check and Corrosion Prevention at the Lower Bearing and on the Splines of the Main Rotor Shaft.,SB*,01-Aug-2000,SB 05.00.32,,,0:00,,"Eurocopter AS350B3 Helicopters with Main Rotor shafts P/N: 350A37-1076-00 ti 12 Pre and Post MOD 076202, 350A37-1290-00 to 05 Pre and post MOD 076201."
157b8d12-c115-446e-a4dc-d12077751fe2,d88e2641-dd39-4814-9f04-682a3c823bff,SB 05.00.32 R1,5,,TIME LIMITS Corrosion Check and Corrosion Prevention at the Lower Bearing and on the Splines of the Main Rotor Shaft.,SB#,02-Apr-2021,SB 05.00.32 R1,,,0:00,,"Eurocopter AS350B3 Helicopters with Main Rotor shafts P/N: 350A37-1076-00 ti 12 Pre and Post MOD 076202, 350A37-1290-00 to 05 Pre and post MOD 076201."
157b8d12-c115-446e-a4dc-d12077751fe2,d88e2641-dd39-4814-9f04-682a3c823bff,SB 05.00.32 R1,62,,TIME LIMITS Corrosion Check and Corrosion Prevention at the Lower Bearing and on the Splines of the Main Rotor Shaft.,SB#,02-Apr-2021,SB 05.00.32 R1,,,0:00,,"Eurocopter AS350B3 Helicopters with Main Rotor shafts P/N: 350A37-1076-00 ti 12 Pre and Post MOD 076202, 350A37-1290-00 to 05 Pre and post MOD 076201."
157b8d12-c115-446e-a4dc-d12077751fe2,d88e2641-dd39-4814-9f04-682a3c823bff,05.00.36,5,SB 05.00.36 R1,Check for Absence of Play in the Pilot and Copilot Windshield Wiper Arm Attachment,SB,10-Mar-2004,SB 05.00.36 R1,,,0:00,,"Eurocopter AS 350 B3 Helicopters equipped with pilot and copilot windshield wiper arms, part number 350A 89.1037.01, except aircraft modified per MOD 073194 (Service Bulletin No. 30.00.07)."
157b8d12-c115-446e-a4dc-d12077751fe2,d88e2641-dd39-4814-9f04-682a3c823bff,SB 05.00.36 R2,30,SB 05.00.36 R2,ICE AND RAIN PROTECTION Check for Absence of Play in the Pilot and Copilot Windshield Wiper Arm Attachment,SB,28-May-2021,SB 05.00.36 R2,,,0:00,,"Aircraft equipped with pilot and copilot windshield wiper arms, part number 350A89-1037-01, except aircraft modified per MOD 073194 (Service Bulletin No. 30.00.07). Helicopters that have receive the previous Revisions are not affected by the Revision 2 of this present Service Bulletin."
157b8d12-c115-446e-a4dc-d12077751fe2,d88e2641-dd39-4814-9f04-682a3c823bff,05.00.39,5,SB 05.00.39,TIME LIMITS LOAD RELEASE UNIT - Untimely Load Release,SB,20-Dec-2001,SB 05.00.39,,,0:00,,Eurocopter AS350B3 Helicopters equipped with optional SLING fitted with SIREN load release unit cargo hook P/N AS21-5-7.
157b8d12-c115-446e-a4dc-d12077751fe2,d88e2641-dd39-4814-9f04-682a3c823bff,05.00.42R1,25,SB 05.00.42R1,Check and Repair of the Buckets of Pilot and Copilot Seats,SB*,15-Nov-2018,SB 05.00.42R1,,,0:00,,"Eurocopter AS 350 B, BA, BB, B1, B2, B3 helicopters equipped with Pilot and copilot seat buckets, part numbers 350A77-0068-01."
157b8d12-c115-446e-a4dc-d12077751fe2,d88e2641-dd39-4814-9f04-682a3c823bff,05.00.50,5,SB 05.00.50 R1,TIME LIMITS - MAINTENANCE CHECKS - Collective Pitch and Yaw Pitch Anticipator Potentiometers,SB#,07-Sep-2009,SB 05.00.50 R1,,,0:00,,Eurocopter AS 350 B3 Helicopters equipped with collective pitch and yaw anticipator potentiometers.
157b8d12-c115-446e-a4dc-d12077751fe2,d88e2641-dd39-4814-9f04-682a3c823bff,05.00.50,76,SB 05.00.50 R1,Collective Pitch and Yaw Pitch Anticipator Potentiometers,SB,07-Sep-2009,SB 05.00.50 R1,,,0:00,,This SB is no longer applicable because its content has been incorporated in the documentation.
157b8d12-c115-446e-a4dc-d12077751fe2,d88e2641-dd39-4814-9f04-682a3c823bff,05.00.52,25,SB 05.00.52,Life Raft Kit Checks,SB,31-Aug-2007,SB 05.00.52,,,0:00,,Eurocopter AS 350 B3 Helicopters equipped with life raft kit P/N 206994-0 (704A42691013) or 210155-X.
157b8d12-c115-446e-a4dc-d12077751fe2,d88e2641-dd39-4814-9f04-682a3c823bff,05.00.53,53,SB 05.00.53,Check of the upper and lower fin spar attachment frame and screws assembly,SB*,25-May-2007,SB 05.00.53,,,0:00,,Eurocopter AS 350 B3 Helicopters.
157b8d12-c115-446e-a4dc-d12077751fe2,d88e2641-dd39-4814-9f04-682a3c823bff,SB 05.00.53R1,53,SB 05.00.53R1,TIME LIMITS - MAINTENANCE CHECKS Check of the upper and lower fin spar attachment frame and screws assembly,SB,12-Jun-2024,SB 05.00.53R1,,,0:00,,. Helicopters/Installed equipment Upper and lower fin spar attachment frame and screws assembly.
157b8d12-c115-446e-a4dc-d12077751fe2,d88e2641-dd39-4814-9f04-682a3c823bff,05.00.56,25,SB 05.00.56 R1,TIME LIMITS - MAINTENANCE CHECKS-Emergency floatation gear float cover,SB,20-Jul-2009,SB 05.00.56 R1,,,0:00,,Eurocopter AS 350 B3 Helicopters equipped with emergency floatation gear.
157b8d12-c115-446e-a4dc-d12077751fe2,d88e2641-dd39-4814-9f04-682a3c823bff,05.00.57,5,SB 05.00.57 Rev 2,Check of the yaw load compensator accumulator charging pressure,SB*,08-Oct-2012,SB 05.00.57 Rev 2,,,0:00,,This SB is no longer applicable.
157b8d12-c115-446e-a4dc-d12077751fe2,d88e2641-dd39-4814-9f04-682a3c823bff,05.00.60,5,SB 05.00.60,TIME LIMITS - MAINTENANCE CHECKS Check for no play in the tail rotor pitch-change links,SB*,09-Dec-2009,SB 05.00.60,,,0:00,,"Eurocopter AS 350 B3 Helicopters equipped with tail rotor pitch-change links with part numbers: 350A33-2100-00, 350A33-2100-01, 350A33-2100-02, 350A33-2100-03, 350A33-2100-04, 350A33-2121-00, 350A33-2121-01, 350A33-2121-02, 350A33-2143-00, 350A33-2145-00 and 350A33-2145-01."
157b8d12-c115-446e-a4dc-d12077751fe2,d88e2641-dd39-4814-9f04-682a3c823bff,05.00.65,25,SB 05.00.65 R1,TIME LIMITS - MAINTENANCE CHECKS - EQUIPMENT AND FURNISHINGS. Introduction of a TBO for cargo hook (MP/N) S1609-6,SB,13-May-2020,SB 05.00.65 R1,,,0:00,,"Helicopters fitted with the cargo-swing installation, equipped with cargo hook (MP/N) S1609-6."
157b8d12-c115-446e-a4dc-d12077751fe2,d88e2641-dd39-4814-9f04-682a3c823bff,SB 05.00.67,5,SB 05.00.67,TIME LIMITS - MAINTENANCE CHECKS Inspection of the longitudinal bulkheads,SB*,22-Dec-2020,SB 05.00.67,,,0:00,,This SB is no longer applicable..
157b8d12-c115-446e-a4dc-d12077751fe2,d88e2641-dd39-4814-9f04-682a3c823bff,05.00.67,5,SB 05.00.67 R1,TIME LIMITS - MAINTENANCE CHECKS Inspection of the longitudinal bulkheads,SB*,13-Oct-2014,SB 05.00.67 R1,,,0:00,,"Helicopters on which the LH and RH longitudinal bulkheads were not repaired in accordance with: modification 074349,"
157b8d12-c115-446e-a4dc-d12077751fe2,d88e2641-dd39-4814-9f04-682a3c823bff,SB 05.00.67 R2,5,SB 05.00.67 R2,TIME LIMITS - MAINTENANCE CHECKS Inspection of the longitudinal bulkheads.,SB*,22-Dec-2020,SB 05.00.67 R2,,,0:00,,Helicopters on which the LH and RH longitudinal bulkheads were not repaired in accordance with: modification 074349.
157b8d12-c115-446e-a4dc-d12077751fe2,d88e2641-dd39-4814-9f04-682a3c823bff,05.00.67,53,"SB 05.00.67,Rev-1",TIME LIMITS - MAINTENANCE CHECKS-Inspection of the longitudinal bulkheads,SB*,13-Oct-2014,"SB 05.00.67,Rev-1",,,0:00,,"Eurocopter AS350 B, BA, BB, D, B1, B2, B3 & EC 130B4 with LH and RH longitudinal bulkheads which have not been repaired in accordance with the EC130 B4 type repair."
157b8d12-c115-446e-a4dc-d12077751fe2,d88e2641-dd39-4814-9f04-682a3c823bff,SB 05.00.68 R1,80,SB 05.00.68 R1,MAINTENANCE CHECKS - Engine starting SKURKA (EX APC) starter-generators (MP/N) 150SG122Q and 200SGL130Q,SB#,22-Apr-2021,SB 05.00.68 R1,,,0:00,,"Civil version(s): B, BA, BB, B1, B2, B3, D Military version(s): L1"
157b8d12-c115-446e-a4dc-d12077751fe2,d88e2641-dd39-4814-9f04-682a3c823bff,05.00.73,5,SB 05.00.73 Rev.5,Time Limits - Maintenance CHECKS - Engine-MGB coupling Check of the hydraulic pump drive,SB*,16-Dec-2014,SB 05.00.73 Rev.5,,,0:00,,Helicopters equipped with dual hydraulics (POST MOD OP3346 or OP3082) which embody modification 079566 (new hydraulic pump drive).
157b8d12-c115-446e-a4dc-d12077751fe2,d88e2641-dd39-4814-9f04-682a3c823bff,05.00.75,5,SB 05.00.75,Engine Starting - Starter control Periodic adjustment and check of the tensioning of the SKURKA (ex APC) starter-generator damper system,SB*,05-Dec-2012,SB 05.00.75,,,0:00,,Applicable to AS 350 B3 Helicopters with with SKURKA (ex APC) starter-generator part number (MP/N) 150SG122Q or 200SGL130Q.
157b8d12-c115-446e-a4dc-d12077751fe2,d88e2641-dd39-4814-9f04-682a3c823bff,SB 05.00.75 R1,80,SB 05.00.75 R1,ENGINE STARTING - Starter control Periodic adjustment and check of the tensioning of the SKURKA (ex APC) starter-generator damper system.,SB,09-Feb-2022,SB 05.00.75 R1,,,0:00,,Helicopters equipped with SKURKA (ex APC) starter-generator part number (MP/N) 150SG122Q or 200SGL130Q.
157b8d12-c115-446e-a4dc-d12077751fe2,d88e2641-dd39-4814-9f04-682a3c823bff,05.00.76 R1,5,SB 05.00.76 R1,Time Limits - Maintenance Checks - Fuel Tank Draining Check of the condition of the drain control cable,SB*,03-Dec-2020,SB 05.00.76 R1,,,0:00,,Applicable to AS 350 B3 Helicopters equipped with a tank drain assembly with cable clamp
157b8d12-c115-446e-a4dc-d12077751fe2,d88e2641-dd39-4814-9f04-682a3c823bff,05.00.78 R1,5,SB 05.00.78 R1,Fuselage - Bottom Structure Check Of The Front Lower Part Of The Bottom Structure (X970-Y400),SB*,22-Mar-2018,SB 05.00.78 R1,,,0:00,,"This SB is no longer applicable, following the integration of its contents in the documentation."
157b8d12-c115-446e-a4dc-d12077751fe2,d88e2641-dd39-4814-9f04-682a3c823bff,SB 05.00.82 R1,73,SB 05.00.82 R1,FUEL CONTROL SYSTEM - FADEC Complementary Engine Back-up Control Ancillary Unit (EBCAU) Tests,SB,16-Feb-2021,SB 05.00.82 R1,,,0:00,,"The purpose of this Service Bulletin is to check the EBCAU system on the aircraft using additional test procedures as a complement to the current EBCAU test procedures, so as to ensure the proper functionality of the EBCAU system."
157b8d12-c115-446e-a4dc-d12077751fe2,d88e2641-dd39-4814-9f04-682a3c823bff,05.00.83 R2,21,SB 05.00.83 R2,Periodic check for corrosion on the pipes of the P2 air heating/demisting system,SB*,09-Oct-2019,SB 05.00.83 R2,,,0:00,,"On AS350 helicopters, all versions."
157b8d12-c115-446e-a4dc-d12077751fe2,d88e2641-dd39-4814-9f04-682a3c823bff,05.00.85,12,SB 05.00.85,TIME LIMITS - MAINTENANCE CHECKS - External load carrying Cleaning and lubricating LISI cargo hook AS21-5-7,SB#,21-Jan-2016,SB 05.00.85,,,0:00,,"Helicopters fitted with a LISI Indraero Siren cargo hook, MP/N AS21-5-7 (P/N 704A41811029), operated in dust and/or sand and/or salt-laden atmospheres."
157b8d12-c115-446e-a4dc-d12077751fe2,d88e2641-dd39-4814-9f04-682a3c823bff,05.00.89 R1,24,SB 05.00.89 R1,TIME LIMITS - MAINTENANCE CHECKS - Starter-generator Checking the level of wear on the brushes and commutator of SKURKA starter-generators,SB*,03-Oct-2019,SB 05.00.89 R1,,,0:00,,"B3 version helicopters equipped with SKURKA starter-generators, Part Number (MP/N) 150SG122Q-4 or 200SGL130Q-4"
157b8d12-c115-446e-a4dc-d12077751fe2,d88e2641-dd39-4814-9f04-682a3c823bff,SB 05.00.89 R2,80,SB 05.00.89 R2,TIME LIMITS - MAINTENANCE CHECKS - Starter-generator Checking the level of wear on the brushes and commutator of SKURKA starter-generators,SB,21-Apr-2022,SB 05.00.89 R2,,,0:00,,"B3 version helicopters equipped with SKURKA starter-generators, Part Number (MP/N) 150SG122Q-4 or 200SGL130Q-4."
157b8d12-c115-446e-a4dc-d12077751fe2,d88e2641-dd39-4814-9f04-682a3c823bff,05.00.93,29,SB 05.00.93,TIME LIMITS - MAINTENANCE CHECKS - Hydraulic pump Greasing of the splines of the secondary hydraulic pump,SB*,17-Oct-2018,SB 05.00.93,,,0:00,,Helicopters with a dual hydraulic system (POST MOD OP3346 or OP3082).
157b8d12-c115-446e-a4dc-d12077751fe2,d88e2641-dd39-4814-9f04-682a3c823bff,SB 05.00.93 R1,29,SB 05.00.93 R1,TIME LIMITS - MAINTENANCE CHECKS - Hydraulic pump Greasing of the splines of the secondary hydraulic pump,SB,18-Jun-2021,SB 05.00.93 R1,,,0:00,,Helicopters with a dual hydraulic system (POST MOD OP3346 or OP3082).
157b8d12-c115-446e-a4dc-d12077751fe2,d88e2641-dd39-4814-9f04-682a3c823bff,SB 05.00.98 R0,24,SB 05.00.98 R0,PROTECTIVE MEASURE TIME LIMITS - MAINTENANCE CHECKS - Electrical harnesses Inspection of the electrical harness in the engine compartment.,SB,15-Dec-2021,SB 05.00.98 R0,,,0:00,,"AS350 helicopter versions B, BA, BB, B1, B2, B3, D and L1: - Delivered before you received this Service Bulletin. Refer to the issue date on the page footer and - Fitted with a generator harness delivered before you received this Service Bulletin."
157b8d12-c115-446e-a4dc-d12077751fe2,d88e2641-dd39-4814-9f04-682a3c823bff,SB 05.00.98 R1,24,SB 05.00.98 R0,TIME LIMITS - MAINTENANCE CHECKS - Electrical harnesses Inspection of the electrical harness in the engine compartment.,SB,24-Feb-2022,SB 05.00.98 R1,,,0:00,,"AS350 helicopter versions B, BA, BB, B1, B2, B3, D and L1: - Delivered before you received revision 0 of this Service Bulletin. Refer to the issue date on the page footer and - Fitted with a generator harness with Rhodorsil RTV147 and delivered before you received revision 0 of this Service Bulletin."
157b8d12-c115-446e-a4dc-d12077751fe2,d88e2641-dd39-4814-9f04-682a3c823bff,SB 05.01.05,5,SB 05.01.05,TIME LIMITS - MAINTENANCE CHECKS - Electrical hoist Introduction of complementary maintenance of the electrical hoist,SB,26-Oct-2022,SB 05.01.05,,,0:00,,Helicopters with electrical hoist 76370-XXX (where XXX means all reference) and that received the application of the ALERT SERVICE BULLETIN No. 25.04.77 (Complementary maintenance of the electrical hoist).
157b8d12-c115-446e-a4dc-d12077751fe2,d88e2641-dd39-4814-9f04-682a3c823bff,SB 05.01.06,65,SB 05.01.06,TIME LIMITS - MAINTENANCE CHECKS - Rear transmission shaft Complementary maintenance of the bearings,SB*,12-Dec-2022,SB 05.01.06,,,0:00,,Helicopters AS350 all versions.
157b8d12-c115-446e-a4dc-d12077751fe2,d88e2641-dd39-4814-9f04-682a3c823bff,SB 05.11 R6,5,SB 05.11 R6,TIME LIMITS Inspection of the Tail Rotor Blade Assembly,SB,16-Jul-2024,SB 05.11 R6,,,0:00,,"AS 350 Helicopters, All Versions."
157b8d12-c115-446e-a4dc-d12077751fe2,d88e2641-dd39-4814-9f04-682a3c823bff,11.00.02,11,SB 11.00.02,Volumetric units in Imperial Gallons,SB,17-Jul-1978,SB 11.00.02,,,0:00,,All AS350 Helicopters.
157b8d12-c115-446e-a4dc-d12077751fe2,d88e2641-dd39-4814-9f04-682a3c823bff,11.00.03,10,SB 11.00.03,"PLACARDS AND MARKINGS INSTALLATION OF EMERGENCY ""EXIT"" LABELS Corresponds to MOD 07 4213",SB$,11-Jan-2012,SB 11.00.03,,,0:00,,"Applicable to Eurocopter AS 350 B3 Civil version(s): B, B1, B2, B3, BA, BB and D Military version: L1"
157b8d12-c115-446e-a4dc-d12077751fe2,d88e2641-dd39-4814-9f04-682a3c823bff,11.00.04R1,11,SB 11.00.04R1,PLACARDS AND MARKINGS Removal of the additional external load label specifying class B approval Corresponds to MOD 074774,SB$,22-Nov-2018,SB 11.00.04R1,,,0:00,,"Helicopters: - POST MOD: . 074274 (Reorganization and harmonization of light helicopter labels), . or 073118 (New paint on mechanical parts), . or 074714 (Japanese certification marking kit), - PRE MOD 074774 (Removal of external load carrying class marking)."
157b8d12-c115-446e-a4dc-d12077751fe2,d88e2641-dd39-4814-9f04-682a3c823bff,12.00.01,12,SB 12.00.01,Crimping Contacts on MTA connectors,SB$,17-Sep-1992,SB 12.00.01,,,0:00,,"AS 350 helicopters, versions B, B1, B2, BA, D, L1."
157b8d12-c115-446e-a4dc-d12077751fe2,d88e2641-dd39-4814-9f04-682a3c823bff,21.00.04,21,SB 21.00.04,"New P2 valve, heating and demisting control",SB$,28-Sep-1998,SB 21.00.04,,,0:00,,AS 350 Helicopters versions B- B1-D-L1
157b8d12-c115-446e-a4dc-d12077751fe2,d88e2641-dd39-4814-9f04-682a3c823bff,21.00.05,21,SB 21.00.05,Improved sealing of the cabin ventilation unit,SB$,19-Oct-1998,SB 21.00.05,,,0:00,,"AS 350 helicopters, All versions"
157b8d12-c115-446e-a4dc-d12077751fe2,d88e2641-dd39-4814-9f04-682a3c823bff,21.00.06 Rev 1,21,SB 21.00.06 Rev.1,Heating And Demisting System,SB$,09-Sep-1997,SB 21.00.06 Rev.1,,,0:00,,"AS 350 helicopters, versions B, B1, B2, BA, BB, D, L1."
157b8d12-c115-446e-a4dc-d12077751fe2,d88e2641-dd39-4814-9f04-682a3c823bff,21.00.07,21,SB 21.00.07,Freon Air Conditioning Unit,SB$,13-Jan-1992,SB 21.00.07,,,0:00,,"AS 350 type helicopters, Versions B, B1, B2, D, L1,L2,Avex"
157b8d12-c115-446e-a4dc-d12077751fe2,d88e2641-dd39-4814-9f04-682a3c823bff,21.00.09,21,SB 21.00.09,Air conditioning - Air conditioning installation modification from freon R12 to R134a,SB,14-Jun-2004,SB 21.00.09,,,0:00,,"AS 350 type helicopters, Versions B, B1, B2, B3, BA, BB, L1. Component Affected: Freon air conditioning unit P/N: 350A72-0601-00."
157b8d12-c115-446e-a4dc-d12077751fe2,d88e2641-dd39-4814-9f04-682a3c823bff,21.00.09,21,SB 21.00.09 Rev.1,Air conditioning-Air conditioning installation modification from freon R12 to R134a,SB$,14-Jun-2004,SB 21.00.09 Rev.1,,,0:00,,"Helicopters type AS350 versions B, B1, B2, B3, BA, BB, D and L1"
157b8d12-c115-446e-a4dc-d12077751fe2,d88e2641-dd39-4814-9f04-682a3c823bff,21.00.11,21,SB 21.00.11,Removal of the Heating Installation,SB,17-Apr-2000,SB 21.00.11,,,0:00,,"AS 350 type helicopters, Versions B, B1, B2, B3, BA, BB, L1."
157b8d12-c115-446e-a4dc-d12077751fe2,d88e2641-dd39-4814-9f04-682a3c823bff,21.00.12,21,SB 21.00.12,Installation of the Heating System Dt:22-Jan-2001,SB,22-Jan-2001,SB 21.00.12,,,0:00,,"AS 350 helicopters, version B3."
157b8d12-c115-446e-a4dc-d12077751fe2,d88e2641-dd39-4814-9f04-682a3c823bff,21.00.18,21,SB 21.00.18,"AIR CONDITIONING - Heating Noise Eeduction, Corresponds to MOD 074293",SB$,06-Aug-2011,SB 21.00.18,,,0:00,,Eurocopter AS 350B3 Helicopter(s) pre-MOD 074293.
157b8d12-c115-446e-a4dc-d12077751fe2,d88e2641-dd39-4814-9f04-682a3c823bff,21.00.18,21,SB 21.00.18 Rev.0,AIR CONDITIONING - Heating,SB$,08-Jun-2011,SB 21.00.18 Rev.0,,,0:00,,Helicopter(s) pre-MOD 074293.
157b8d12-c115-446e-a4dc-d12077751fe2,d88e2641-dd39-4814-9f04-682a3c823bff,21.00.19,21,SB 21.00.19,AIR CONDITIONING Improvement of sealing between ventilation scoop and 7° bulkhead,SB$,22-Feb-2016,SB 21.00.19,,,0:00,,"Helicopters: - pre-MOD 074741 (Seal and sealing between canopy, 7° bulkhead and scoop), - pre-MOD 350A081033.00 (for helicopters post-MOD OP3346), - pre-MOD 350A081033.03 (for helicopters pre-MOD OP3346)."
157b8d12-c115-446e-a4dc-d12077751fe2,d88e2641-dd39-4814-9f04-682a3c823bff,21.00.24 R1,21,SB 21.00.24 R1,AIR CONDITIONING - Heating/demisting circuit Replacement of aluminum pipes by stainless steel pipes Corresponds to modification 074765,SB,09-Oct-2019,SB 21.00.24 R1,,,0:00,,Helicopters B3 POST MOD 072761 and 073360.
157b8d12-c115-446e-a4dc-d12077751fe2,d88e2641-dd39-4814-9f04-682a3c823bff,SB 21.00.26,21,SB 21.00.26,AIR CONDITIONING Relocation of the cockpit evaporator drainage,SB$,27-Oct-2022,SB 21.00.26,,,0:00,,Helicopters with draining tube MP/N 350A72-0580-20.
157b8d12-c115-446e-a4dc-d12077751fe2,d88e2641-dd39-4814-9f04-682a3c823bff,22.00.01,22,SB 22.00.01 Rev.1,Flying control capability for auto-pilot 85 E,SB,17-Dec-1979,SB 22.00.01 Rev.1,,,0:00,,All AS 350 Helicopters
157b8d12-c115-446e-a4dc-d12077751fe2,d88e2641-dd39-4814-9f04-682a3c823bff,22.00.02,22,SB 22.00.02 R2,Automatic Flight-Installation of auto- pilot SFIM 85 E,SB#,06-Apr-2011,SB 22.00.02 R2,,,0:00,,"This SB is no longer applicable as from June 01, 2011."
157b8d12-c115-446e-a4dc-d12077751fe2,d88e2641-dd39-4814-9f04-682a3c823bff,22.00.03,22,SB 22.00.03,Auto Flight-Flight control provisions for 2 axis AFCS 85 E installation,SB,26-Jun-1980,SB 22.00.03,,,0:00,,All AS 350 Helicopters
157b8d12-c115-446e-a4dc-d12077751fe2,d88e2641-dd39-4814-9f04-682a3c823bff,22.00.04,22,SB 22.00.04,Auto Flight-Installation of the auto-pilot SFIM 85 E two axes (Pitch and roll),SB,26-Jun-1980,SB 22.00.04,,,0:00,,All AS 350 Helicopters
157b8d12-c115-446e-a4dc-d12077751fe2,d88e2641-dd39-4814-9f04-682a3c823bff,22.00.06,22,SB 22.00.06,AUTO FLIGHT - Movement control Lack of adhesive on the control actuator motor attachment screws,SB,18-Oct-2016,SB 22.00.06,,,0:00,,"Helicopters equipped with Series Actuator P/N: 418-00625-134, 418-00478-034, 418-00625-114, 418-00625-174"
157b8d12-c115-446e-a4dc-d12077751fe2,d88e2641-dd39-4814-9f04-682a3c823bff,22.00.07,22,SB 22.00.07,AUTOPILOT - Modifying the wiring between the indicating panel and the autopilot control unit,SB,20-Jul-2016,SB 22.00.07,,,0:00,,"Helicopters AS350 version B3 equipped with the Autopilot (AP): - POST MOD 074280, and - PRE MOD 350P084798.00."
157b8d12-c115-446e-a4dc-d12077751fe2,d88e2641-dd39-4814-9f04-682a3c823bff,23.00.01,23,SB 23.00.01,Coomunications-Relocation of the DME antenna from the tail boom to the lower forward cowling,SB,26-Jun-1987,SB 23.00.01,,,0:00,,"AS 350 Helicopters, All versions fitted with King KN63 or King KNS80 or Collins 451 DME system"
157b8d12-c115-446e-a4dc-d12077751fe2,d88e2641-dd39-4814-9f04-682a3c823bff,23.00.02,23,SB 23.00.02,Communications-SSB antenna installation modification,SB,24-Sep-1990,SB 23.00.02,,,0:00,,AS 350 Helicopters versions B-B1-B2-D-L1-L2
157b8d12-c115-446e-a4dc-d12077751fe2,d88e2641-dd39-4814-9f04-682a3c823bff,23.00.03,23,SB 23.00.03,"Communications-Adaptation of main ""NAT"" intercommunication system Dt:28-Apr-1999",SB,28-Apr-1999,SB 23.00.03,,,0:00,,"Type AS 350 helicopters, versions B3."
157b8d12-c115-446e-a4dc-d12077751fe2,d88e2641-dd39-4814-9f04-682a3c823bff,23.00.05,23,SB 23.00.05 R1,COMMUNICATION VHF KX165 installation for 8.33 Hz capacity.,SB,03-Feb-2017,SB 23.00.05 R1,,,0:00,,Helicopters post-MOD OP3186 (VHF/VOR KX165A Installation) and pre-MOD 350A084680.15
157b8d12-c115-446e-a4dc-d12077751fe2,d88e2641-dd39-4814-9f04-682a3c823bff,23.00.06,23,SB 23.00.06 R1,COMMUNICATION - VHF antenna sealing,SB$,22-Jan-2016,SB 23.00.06 R1,,,0:00,,"AHelicopters PRE MOD 074715 (VHF antenna tightness) and equipped with one of the radio communication installations listed below: - Versions B2 and B3: . VOR/VHF GNC255, . VHF COLLINS 251E, . VHF KING KY196A, . VHF KX165. - Versions B, B1, BA, BB and D: . VHF COLLINS 251E, . VHF KING KY196 or KY196A. - Version L1: . VHF KING KY196 or KY196A"
157b8d12-c115-446e-a4dc-d12077751fe2,d88e2641-dd39-4814-9f04-682a3c823bff,24.00.01,24,SB 24.00.01 Rev.3,Electrical Power - Starting in very cold Weather,SB,13-Feb-2007,SB 24.00.01 Rev.3,,,0:00,,"This SB is no longer applicable as from Sept 01, 2011."
157b8d12-c115-446e-a4dc-d12077751fe2,d88e2641-dd39-4814-9f04-682a3c823bff,24.00.03,24,SB 24.00.03 Rev.2,"Electrical Power- Installation of an ""overvoltage protection in the electrical master""",SB,17-Jun-1996,SB 24.00.03 Rev.2,,,0:00,,"AS 350 helicopters, versions B - B1 - B2 - D - L1 with electrical master boxes MP/N 371GC01Y02, 372GC01Y, 373GC01Y"
157b8d12-c115-446e-a4dc-d12077751fe2,d88e2641-dd39-4814-9f04-682a3c823bff,24.00.04,24,SB 24.00.04,"Electrical Power - Improved installation of the ""NR direct battery"" wire on the battery",SB,24-Jun-1988,SB 24.00.04,,,0:00,,AS 350 Helicopters Version B and D
157b8d12-c115-446e-a4dc-d12077751fe2,d88e2641-dd39-4814-9f04-682a3c823bff,24.00.05,24,SB 24.00.05,Electric Power - Installation of FORETEC light generator,SB,24-Nov-1995,SB 24.00.05,,,0:00,,"AS 350 helicopters - Versions: B, D, BA, B1, B2, L1."
157b8d12-c115-446e-a4dc-d12077751fe2,d88e2641-dd39-4814-9f04-682a3c823bff,24.00.06,24,SB 24.00.06 rev 2,Electric Power-Cold weather Starting,SB$,17-Sep-2007,SB 24.00.06 rev 2,,,0:00,,This SB replaced by SB 24.00.01
157b8d12-c115-446e-a4dc-d12077751fe2,d88e2641-dd39-4814-9f04-682a3c823bff,SB 24.00.07 R2,24,SB 24.00.07 R2,ELECTRICAL POWER GENERATION - DC electrical power generation Interchangeability between batteries P/Ns 1606-1 and 151CH1.,SB$,14-Sep-2021,SB 24.00.07 R2,,,0:00,,Helicopters pre-MODs 072769 (installation of EC120-type battery) and 073297 (Improvement of battery toggle latch locking).
157b8d12-c115-446e-a4dc-d12077751fe2,d88e2641-dd39-4814-9f04-682a3c823bff,24.00.07,24,SB 24.00.07 Rev 1,Electric Power System - Interchangeability Between Battery 1606-1 and 151CH1,SB,08-Jul-2013,SB 24.00.07 Rev 1,,,0:00,,"AS 350 helicopters - Versions B, D, BA, BB, B1, B2, B3 and L1"
157b8d12-c115-446e-a4dc-d12077751fe2,d88e2641-dd39-4814-9f04-682a3c823bff,24.00.09,24,SB 24.00.09,ELECTRICAL POWER Elimination of a Shunt from Connector 38 Delta b,SB,18-Mar-2002,SB 24.00.09,,,0:00,,"Pre-MOD No. 073146 helicopters having the following serial numbers: 3461, 3463, 3464, 3467, 3468, 3469, 3471, 3472, 3473, 3475, 3477, 3478, 3479, 3484, 3485, 3486, 3493, 3494, 3511, 3522."
157b8d12-c115-446e-a4dc-d12077751fe2,d88e2641-dd39-4814-9f04-682a3c823bff,24.00.11,24,SB 24.00.11 Rev.1,"ELECTRICAL GENERATION - Direct battery power supply lug modification, Corresponds to MOD 073226",SB,13-Apr-2005,SB 24.00.11 Rev.1,,,0:00,,"Eurocopter AS350B3 Helicopters post-MOD 072769 (Service Bulletin No. 24.00.07, 151CH1 battery installation)."
157b8d12-c115-446e-a4dc-d12077751fe2,d88e2641-dd39-4814-9f04-682a3c823bff,24.00.12,24,SB 24.00.12,Electrical Power - Correct installation of regulator capacitors in electrical master boxes,SB,30-Oct-2007,SB 24.00.12,,,0:00,,"Eurocopter AS350B3 Helicopters equipped with ECE electrical master boxes P/N 374GC01Y, with serial No. 2128,2129, 2131, 2166, 2167, and 2168."
157b8d12-c115-446e-a4dc-d12077751fe2,d88e2641-dd39-4814-9f04-682a3c823bff,24.00.13,24,SB 24.00.13,Electrical Power - Battery temperature wiring modification,SB,07-Jul-2008,SB 24.00.13,,,0:00,,Eurocopter AS350B3 Helicopters equipped with VEMD installation (modification 073264) and pre-MOD 073370.
157b8d12-c115-446e-a4dc-d12077751fe2,d88e2641-dd39-4814-9f04-682a3c823bff,24.00.14,24,SB 24.00.14,ELECTRICAL POWER - Starter Generator Check of the starter generator electrical harness,SB,23-Jul-2010,SB 24.00.14,,,0:00,,"Eurocopter AS 350 versions B, BA, BB, B1, B2, B3, D Helicopters delivered before November 15, 2010."
157b8d12-c115-446e-a4dc-d12077751fe2,d88e2641-dd39-4814-9f04-682a3c823bff,24.00.26,24,SB 24.00.26 R1,ELECTRICAL POWER - Starter-generator Corresponds to modification 074692 Improved SKURKA starter-generator,SB,15-Jun-2016,SB 24.00.26 R1,,,0:00,,"Helicopters equipped with a SKURKA starter-generator, Part Number (MP/N) 150SG122Q, and which do not embody modification 074692."
157b8d12-c115-446e-a4dc-d12077751fe2,d88e2641-dd39-4814-9f04-682a3c823bff,SB 24.00.26 R2,24,SB 24.00.26 R2,ELECTRICAL POWER - Starter-generator Improved SKURKA starter-generator Corresponds to modification 074692.,SB,28-Nov-2023,SB 24.00.26 R2,,,0:00,,Helicopters equipped with a SKURKA starter-generator reference 150SG122Q and PRE MOD 074692.
157b8d12-c115-446e-a4dc-d12077751fe2,d88e2641-dd39-4814-9f04-682a3c823bff,24.00.27,24,SB 24.00.27 R1,ELECTRICAL POWER - Starter-generator Improved SKURKA starter-generator (Arriel 2D engine) Corresponds to modification 074693,SB#,15-Jun-2016,SB 24.00.27 R1,,,0:00,,"Helicopters equipped with an Arriel 2D engine and SKURKA starter-generator Part Number (MP/N) 200SGL130Q, and which do not embody modification 074693."
157b8d12-c115-446e-a4dc-d12077751fe2,d88e2641-dd39-4814-9f04-682a3c823bff,24.00.28,24,SB 24.00.28 R1,ELECTRICAL POWER - Starter-generator Corresponds to modification 074696 Improved SKURKA starter-generator (ARRIEL 2B/2B1 engines)Corresponds to modification 074696,SB,15-Jun-2016,SB 24.00.28 R1,,,0:00,,"Helicopters equipped with an Arriel 2B/2B1 engine and SKURKA starter-generator Part Number (MP/N) 200SGL130Q, and which do not embody modification 074696."
157b8d12-c115-446e-a4dc-d12077751fe2,d88e2641-dd39-4814-9f04-682a3c823bff,24.00.32,24,SB 24.00.32 R1,Check of starter generators MP/N 524-031 and MP/N 515-030,SB#,12-Dec-2019,SB 24.00.32 R1,,,0:00,,Helicopters equipped with starter generator MP/N: 524-031 or 515-030
157b8d12-c115-446e-a4dc-d12077751fe2,d88e2641-dd39-4814-9f04-682a3c823bff,SB 24.00.38,25,SB 24.00.38,ELECTRICAL POWER Installation of a fuse on the main battery or on the main battery and optional battery,SB$,04-Feb-2021,SB 24.00.38,,,0:00,,"Civil versions: B, D, BA, BB, B1, B2, B3 Military version: L1"
157b8d12-c115-446e-a4dc-d12077751fe2,d88e2641-dd39-4814-9f04-682a3c823bff,SB 24-91-0001,24,,Utility socket - Replacement of the coaxial socket E0605BTC,SB,27-Oct-2025,SB 24-91-0001,,,0:00,,AS350 B3
157b8d12-c115-446e-a4dc-d12077751fe2,d88e2641-dd39-4814-9f04-682a3c823bff,25.00.02,25,SB 25.00.02 Rev.1,Installation of an external rear view mirror,SB,03-Mar-1987,SB 25.00.02 Rev.1,,,0:00,,All AS 350 Helicopters
157b8d12-c115-446e-a4dc-d12077751fe2,d88e2641-dd39-4814-9f04-682a3c823bff,25.00.03,25,SB 25.00.03 Rev.7,Aero medical evacuation installation (fixed components),SB$,18-Dec-2014,SB 25.00.03 Rev.7,,,0:00,,"Helicopters Pre Mod OP01456,OP0179, 070899, 070970, and Pre Mod or post Mod 071644, not equipped with ergonomic seats(EC 120 Type)."
157b8d12-c115-446e-a4dc-d12077751fe2,d88e2641-dd39-4814-9f04-682a3c823bff,25.00.04,25,SB 25.00.04 Rev.2,Capability and Fixed Part for Cargo Sling Dated: 27-09-2006,SB$,27-Sep-2006,SB 25.00.04 Rev.2,,,0:00,,"Eurocopter AS 350 B3 Helicopters pre-MOD 070239, 070589, 070822, 071114, 071938, 071506, 071306, 070276, 071128 and 082850."
157b8d12-c115-446e-a4dc-d12077751fe2,d88e2641-dd39-4814-9f04-682a3c823bff,25.00.05,25,SB 25.00.05 Rev.5,"Capability for cargo swing, hoist and flare release",SB,07-Jul-2008,SB 25.00.05 Rev.5,,,0:00,,Helicopters Post Mod 070379 and pre Mod 070385
157b8d12-c115-446e-a4dc-d12077751fe2,d88e2641-dd39-4814-9f04-682a3c823bff,25.00.06,25,SB 25.00.06 Rev.1,Droop Restrainers on Main rotor Head,SB,01-Jun-1987,SB 25.00.06 Rev.1,,,0:00,,All AS 350 Helicopters
157b8d12-c115-446e-a4dc-d12077751fe2,d88e2641-dd39-4814-9f04-682a3c823bff,25.00.09,25,SB 25.00.09 Rev 1,Emergency Floatation Gear (AERAZUR) (fixed Parts),SB,23-Mar-2011,SB 25.00.09 Rev 1,,,0:00,,AS 350 Helicopters B and D versions
157b8d12-c115-446e-a4dc-d12077751fe2,d88e2641-dd39-4814-9f04-682a3c823bff,25.00.10,25,SB 25.00.10 Rev.2,A.C power Generating System,SB,14-May-1991,SB 25.00.10 Rev.2,,,0:00,,"AS 350 Helicopters versions, B-D-B1-L1-B2-L2-Avex"
157b8d12-c115-446e-a4dc-d12077751fe2,d88e2641-dd39-4814-9f04-682a3c823bff,25.00.12,25,SB 25.00.12,Fitting emergency locator transmitter (ELT) JOLLIET JE 2 Dated: 06-Oct-1983,SB,06-Oct-1983,SB 25.00.12,,,0:00,,All AS 350 Helicopters
157b8d12-c115-446e-a4dc-d12077751fe2,d88e2641-dd39-4814-9f04-682a3c823bff,25.00.13,25,SB 25.00.13 Rev.5,"Capabilities and fixed parts for 900 Kg and 1,160 Kg cargo swings",SB,12-Mar-2008,SB 25.00.13 Rev.5,,,0:00,,"Helicopters Pre Mod 070435,070456, 071114, 070893, 071128, 071799, 071938, and 082850. This SB cannot be complied withon helicopters equipped with optional belly mounted observation camera""ATAL""."
157b8d12-c115-446e-a4dc-d12077751fe2,d88e2641-dd39-4814-9f04-682a3c823bff,25.00.14,25,SB 25.00.14,Installation of ferry fuel tank (fixed parts),SB,06-Oct-1983,SB 25.00.14,,,0:00,,All AS 350 Helicopters
157b8d12-c115-446e-a4dc-d12077751fe2,d88e2641-dd39-4814-9f04-682a3c823bff,25.00.15,25,SB 25.00.15 Rev.3,"Installation of fixed part of 136kg/300 lbs hoist (Issue Dt: June 08, 2007)",SB,08-Jun-2007,SB 25.00.15 Rev.3,,,0:00,,Eurocopter AS350B3 Helicopters not equipped with Hoist fixed parts and pre Mod 073273.
157b8d12-c115-446e-a4dc-d12077751fe2,d88e2641-dd39-4814-9f04-682a3c823bff,25.00.16,25,SB 25.00.16,Installation of SEMCA air conditioning unit Dated: 16-Sep-1980,SB,16-Sep-1980,SB 25.00.16,,,0:00,,All AS 350 Helicopters
157b8d12-c115-446e-a4dc-d12077751fe2,d88e2641-dd39-4814-9f04-682a3c823bff,25.00.17,25,SB 25.00.17 Issue 2,Installation of a dynamometric shackle for transport of external loads,SB,11-Dec-1987,SB 25.00.17 Issue 2,,,0:00,,On Cargo Sling and cargo sling installation on AS 350 Helicopter
157b8d12-c115-446e-a4dc-d12077751fe2,d88e2641-dd39-4814-9f04-682a3c823bff,25.00.18,25,SB 25.00.18,Provisions for hoist/ emergency floatation gear,SB,12-Dec-1983,SB 25.00.18,,,0:00,,All AS 350 Helicopter capable of accommodating hoist and emergency floatation gear.
157b8d12-c115-446e-a4dc-d12077751fe2,d88e2641-dd39-4814-9f04-682a3c823bff,25.00.19,25,SB 25.00.19 Rev.1,Cargo Swing- Removable Parts (Issue Dt: 23-Mar-1981),SB,10-Feb-1982,SB 25.00.19 Rev.1,,,0:00,,All AS 350 Helicopters fitted with the cargo swing installation not modified to AMS 350A.07.0890 (emergency mechanical control with increased travel).Production scheme.
157b8d12-c115-446e-a4dc-d12077751fe2,d88e2641-dd39-4814-9f04-682a3c823bff,25.00.21,25,SB 25.00.21 Rev.5,Installing a JOLLIET JE2 emergency locator transmitter in the aft structure Dt: 18-Nov-1999,SB,18-Nov-1999,SB 25.00.21 Rev.5,,,0:00,,AS 350 helicopters -Versions B - B1 - B2 - BA - D - L1 - B3.
157b8d12-c115-446e-a4dc-d12077751fe2,d88e2641-dd39-4814-9f04-682a3c823bff,25.00.22,25,SB 25.00.22,To ensure compatibility between hoist and ferry tank installation,SB,21-Dec-1982,SB 25.00.22,,,0:00,,All AS 350 Helicopters
157b8d12-c115-446e-a4dc-d12077751fe2,d88e2641-dd39-4814-9f04-682a3c823bff,25.00.23,25,SB 25.00.23 Rev.4,"Main rotor ""TYPE MARINE"" blade folding installation",SB,26-Jul-2011,SB 25.00.23 Rev.4,,,0:00,,"This SB is no longer applicable as from Oct 01, 2011."
157b8d12-c115-446e-a4dc-d12077751fe2,d88e2641-dd39-4814-9f04-682a3c823bff,25.00.24,25,SB 25.00.24 Rev.3,High and low-back bucket seats,SB,25-Apr-1997,SB 25.00.24 Rev.3,,,0:00,,"All pilot and co-pilot seats listed in paragraph 2.C, fitted to AS 350 helicopters, versions B, D, BA, BB, B1, B2, L1"
157b8d12-c115-446e-a4dc-d12077751fe2,d88e2641-dd39-4814-9f04-682a3c823bff,25.00.25,25,SB 25.00.25,Emergency floatation system-Relocation of circuit breakers,SB,04-Feb-1985,SB 25.00.25,,,0:00,,All AS 350 Helicopters-All versions equipped with emergency floatation system
157b8d12-c115-446e-a4dc-d12077751fe2,d88e2641-dd39-4814-9f04-682a3c823bff,25.00.26,25,SB 25.00.26,Installing Mooring Ring Dated: 09-May-1985,SB,09-May-1985,SB 25.00.26,,,0:00,,All AS 350 Helicopters-All versions
157b8d12-c115-446e-a4dc-d12077751fe2,d88e2641-dd39-4814-9f04-682a3c823bff,25.00.27,25,SB 25.00.27 Rev.3,"""CROP SPRAYING"" Installation",SB,12-Apr-2000,SB 25.00.27 Rev.3,,,0:00,,"AS 350 helicopters, versions B, B1, B2, BA, and D."
157b8d12-c115-446e-a4dc-d12077751fe2,d88e2641-dd39-4814-9f04-682a3c823bff,25.00.29,25,SB 25.00.29 Rev.2,Outside panoramic rear view mirror,SB#,18-May-2011,SB 25.00.29 Rev.2,,,0:00,,"This SB is no longer applicable as from July 01, 2011."
157b8d12-c115-446e-a4dc-d12077751fe2,d88e2641-dd39-4814-9f04-682a3c823bff,25.00.30,25,SB 25.00.30,Rear bench-seat -Reinforcement of cushion attachment,SB,27-Feb-1987,SB 25.00.30,,,0:00,,All AS 350 Helicopters-All versions
157b8d12-c115-446e-a4dc-d12077751fe2,d88e2641-dd39-4814-9f04-682a3c823bff,25.00.31,25,SB 25.00.31,Improvement of the cargo swing emergency manual control,SB,04-Aug-1987,SB 25.00.31,,,0:00,,All AS 350 Helicopters-All versions equipped with the cargo swing with the SIREN S1609-5 release unit.(704A41-811-017).
157b8d12-c115-446e-a4dc-d12077751fe2,d88e2641-dd39-4814-9f04-682a3c823bff,25.00.33,25,SB 25.00.33 Rev.1,Cargo swing and cargo-sling installation (removable parts) : New reinforced gauge shackle and electric,SB,11-Dec-1987,SB 25.00.33 Rev.1,,,0:00,,AS 350 Helicopters-All versions fitted with the cargo swing or cargo sling installation.
157b8d12-c115-446e-a4dc-d12077751fe2,d88e2641-dd39-4814-9f04-682a3c823bff,25.00.34,25,SB 25.00.34 Rev.6,Cable Cutter Installation,SB,27-Feb-2007,SB 25.00.34 Rev.6,,,0:00,,"Helicopters Pre-Mod NO OP1945, OP1946, OP1947,072213,072616 and 073213. Helicopters Post Mod No. 070805 (installation of two static ports)."
157b8d12-c115-446e-a4dc-d12077751fe2,d88e2641-dd39-4814-9f04-682a3c823bff,25.00.35,25,SB 25.00.35 Rev.5,"""AERAZUR"" Helium Type Emergency Floatation Gear Installation (Fixed Parts)",SB#,14-Jun-2011,SB 25.00.35 Rev.5,,,0:00,,"This SB is no Longer applicable as from August 01, 2011."
157b8d12-c115-446e-a4dc-d12077751fe2,d88e2641-dd39-4814-9f04-682a3c823bff,25.00.36,25,SB 25.00.36,First aid kit + emergency axe installation (Public Air Transport),SB,13-Feb-1990,SB 25.00.36,,,0:00,,AS 350 helicopters -Versions B - B1 - B2 fitted with the emergency axe and first kid installation
157b8d12-c115-446e-a4dc-d12077751fe2,d88e2641-dd39-4814-9f04-682a3c823bff,25.00.37,25,SB 25.00.37,Definition of a glass cloth high-back seat assy and a shoulder harness system,SB,24-Apr-1990,SB 25.00.37,,,0:00,,AS 350 helicopters -Versions B - B1 - D -L- L1
157b8d12-c115-446e-a4dc-d12077751fe2,d88e2641-dd39-4814-9f04-682a3c823bff,25.00.38,25,SB 25.00.38 Rev.6,Installation of a Forward (High-Backrest) Two-Place Bench Seat on the Copilot's Side,SB,23-Apr-2012,SB 25.00.38 Rev.6,,,0:00,,AS 350 helicopters -Versions B - B1 - B2 - BA - D - L1 - B3.
157b8d12-c115-446e-a4dc-d12077751fe2,d88e2641-dd39-4814-9f04-682a3c823bff,25.00.38,25,SB 25.00.38 Rev.6,EQUIPMENT AND FURNISHINGS- Installation of a forward (High-Backrest) Tow-Place Bench seat on the Copilot's side,SB,24-Apr-2012,SB 25.00.38 Rev.6,,,0:00,,"Applicable to AS 350 helicopter, Civil Version B,B1,B2,B3,BA,D; MILITARY VERSION: L1"
157b8d12-c115-446e-a4dc-d12077751fe2,d88e2641-dd39-4814-9f04-682a3c823bff,25.00.40,25,SB 25.00.40,Map holder net on pilot's seat,SB,18-Feb-1991,SB 25.00.40,,,0:00,,AS 350 helicopters -Versions B - B1 - B2 - L2 - D - L1 - Avex.
157b8d12-c115-446e-a4dc-d12077751fe2,d88e2641-dd39-4814-9f04-682a3c823bff,25.00.41,25,SB 25.00.41,SHERMULLY Flare Installation,SB$,14-May-1991,SB 25.00.41,,,0:00,,AS 350 helicopters -Versions B - B1 - B2 - L2 - D - L1 - Avex.
157b8d12-c115-446e-a4dc-d12077751fe2,d88e2641-dd39-4814-9f04-682a3c823bff,25.00.42,25,SB 25.00.42 Rev.1,Improved electrical bonding of the electric hoist installation,SB*,03-Oct-1991,SB 25.00.42 Rev.1,,,0:00,,"AS 350 Helicopters Versions B,B1,B2,D,L1,Avex, prior to embodiement of AMS 350A07-2457(hoist arm electrical bonding), equipped with an air equipment hoist with any of the following Part Number:76370-010-011 and-030 on which modification AMS 07-2450 has not been incorporated."
157b8d12-c115-446e-a4dc-d12077751fe2,d88e2641-dd39-4814-9f04-682a3c823bff,25.00.43,25,SB 25.00.43,Replacement of the distress beacon antenna,SB,30-Mar-1992,SB 25.00.43,,,0:00,,AS 350 helicopters -Versions B - B1 - D -B2- L1
157b8d12-c115-446e-a4dc-d12077751fe2,d88e2641-dd39-4814-9f04-682a3c823bff,25.00.44,25,SB 25.00.44 Rev.1,"Gas supply cylinders Part Numbers : 200740-0/-1-78825-0/-1, 78848-1 for inflation of the emergency floatation gear.",SB,28-Jul-1995,SB 25.00.44 Rev.1,,,0:00,,"AS 350 helicopters - Versions B, BA, D, B1, L1, ""AVEX"": fitted with cylinders Part Number 200740-0/-1 - Versions B, BA, D fitted with cylinders Part Number 78825-0/-1-78848-1"
157b8d12-c115-446e-a4dc-d12077751fe2,d88e2641-dd39-4814-9f04-682a3c823bff,25.00.45,25,SB 25.00.45,"Trousse 350A08-3702 Vibration response of the ""JOLLIET"" emergency locator transmitter antenna",SB,02-Jun-1992,SB 25.00.45,,,0:00,,"AS 350 Helicopters Versions B,B1,B2,BA,D equipped with ""JOLLIET"" emergency locator transmitter installation."
157b8d12-c115-446e-a4dc-d12077751fe2,d88e2641-dd39-4814-9f04-682a3c823bff,25.00.46,25,SB 25.00.46,"""LUCAS AIR EQUIPEMENT"" hoist",SB,25-May-1992,SB 25.00.46,,,0:00,,"-""LUCAS AIR EQUIPEMENT"" hoists -P/N 76370 all types, with serial no upto serial no 494. -Installed on AS 350 aircraft, versions B-BA-D-B1-B2-L1."
157b8d12-c115-446e-a4dc-d12077751fe2,d88e2641-dd39-4814-9f04-682a3c823bff,25.00.47,25,SB 25.00.47 Rev.2,"Installation of 3-point inertia reel harnesses on rear bench seats for 3- and 4-seat versions (Issue Dt: July 12, 2006)",SB$,12-Jul-2006,SB 25.00.47 Rev.2,,,0:00,,"Helicopters pre Mod 072518, 072519, 072683,072689,072619,073040 and 073093."
157b8d12-c115-446e-a4dc-d12077751fe2,d88e2641-dd39-4814-9f04-682a3c823bff,25.00.48,25,SB 25.00.48,Rescue Hoist Arm,SB,06-Oct-1994,SB 25.00.48,,,0:00,,"-All Aircraft that were equipped with the rescue hoist installation and delivered new before 01-Jan-1991. -All Aircraft equipped with the rescue hoist installation by the customer, in accordance with SB No 25.15 R2, Issue 3."
157b8d12-c115-446e-a4dc-d12077751fe2,d88e2641-dd39-4814-9f04-682a3c823bff,25.00.49,25,SB 25.00.49 Rev.4,Emergency floatation gear : Inversion of ground wires on connector 1Ga,SB,31-Aug-1994,SB 25.00.49 Rev.4,,,0:00,,For All aircraft equipped with emergency floatation gear
157b8d12-c115-446e-a4dc-d12077751fe2,d88e2641-dd39-4814-9f04-682a3c823bff,25.00.56,25,SB 25.00.56,Manual release control unit (sling installation),SB,19-May-1999,SB 25.00.56,,,0:00,,"Aircraft fitted with mechanical release control unit partnumber AS 22-09-20 supplied by INDRAERO SIREN (fixed parts ofthe sling installation, refer to IPC 25.80.10 FIG. 1A)."
157b8d12-c115-446e-a4dc-d12077751fe2,d88e2641-dd39-4814-9f04-682a3c823bff,SB 25.00.57 R5,25,SB 25.00.57 R5,Installation of pilot's and copilot's energy-absorbing seats.,SB,16-Oct-2023,SB 25.00.57 R5,,,0:00,,"CIVIL VERSION(S): B, B1, B2, B3, BA, D"
157b8d12-c115-446e-a4dc-d12077751fe2,d88e2641-dd39-4814-9f04-682a3c823bff,25.00.57,25,SB 25.00.57 Rev.4,"Installation of pilot's and copilot's energy- absorbing seats (Issue Dt: Feb 11, 2008)",SB,11-Feb-2008,SB 25.00.57 Rev.4,,,0:00,,Eurocopter AS350B3 Helicopters not equipped with energy-absorbing seats.
157b8d12-c115-446e-a4dc-d12077751fe2,d88e2641-dd39-4814-9f04-682a3c823bff,25.00.59,25,SB 25.00.59 Rev.1,Installation of cabin floor part hole Dt: 02-Jul-2002,SB,02-Jul-2002,SB 25.00.59 Rev.1,,,0:00,,AS 350 Helicopters versions B- B1-B2-BA-B3-BB-D
157b8d12-c115-446e-a4dc-d12077751fe2,d88e2641-dd39-4814-9f04-682a3c823bff,25.00.60,25,SB 25.00.60,"""CROP SPRAYING"" system Dated: 18-Apr-2000",SB,18-Apr-2000,SB 25.00.60,,,0:00,,"Type AS 350 helicopters, version B3."
157b8d12-c115-446e-a4dc-d12077751fe2,d88e2641-dd39-4814-9f04-682a3c823bff,25.00.61,25,SB 25.00.61 Rev.3,De-iced Electrical rear-View Mirror,SB,27-Jul-2012,SB 25.00.61 Rev.3,,,0:00,,Eurocopter AS 350B3 Helicopters
157b8d12-c115-446e-a4dc-d12077751fe2,d88e2641-dd39-4814-9f04-682a3c823bff,25.00.62,25,SB 25.00.62 Rev.2,Installation of Cargo Swing Fixed Parts Common to Versions B2 and B3,SB,20-Aug-2012,SB 25.00.62 Rev.2,,,0:00,,AS 350 Helicopters versions B2 and B3
157b8d12-c115-446e-a4dc-d12077751fe2,d88e2641-dd39-4814-9f04-682a3c823bff,25.00.63,25,SB 25.00.63 Rev.2,Reinforcement of Pilot/Copilot Seat Installation,SB,14-Mar-2002,SB 25.00.63 Rev.2,,,0:00,,AS 350 Helicopters versions B- B1-B2-BA-B3-L1-D with Bucket Seats.
157b8d12-c115-446e-a4dc-d12077751fe2,d88e2641-dd39-4814-9f04-682a3c823bff,25.00.64,25,SB 25.00.64 Rev.2,"Installation of 450-lb hoist mechanical and electrical fixed parts and a 200-Amp Starter-Generator (Issue Dt: June 15, 2006)",SB,26-May-2005,SB 25.00.64 Rev.2,,,0:00,,"Helicopters Pre Mod OP2700, OP2788, OP3802, OP3803, OP3804, OP3805, OP3808."
157b8d12-c115-446e-a4dc-d12077751fe2,d88e2641-dd39-4814-9f04-682a3c823bff,25.00.65,25,SB 25.00.65 Rev.1,Equipment And Furnishings- Fixed Part for heliroping installation.,SB$,31-Aug-2010,SB 25.00.65 Rev.1,,,0:00,,Helicopters pre-MOD 355P840080.00 and equipped with 2 sliding doors.
157b8d12-c115-446e-a4dc-d12077751fe2,d88e2641-dd39-4814-9f04-682a3c823bff,25.00.66,25,SB 25.00.66 Rev 1,Installation Of the Fixed Parts of the 136 Kg Hoist,SB$,22-Dec-2011,SB 25.00.66 Rev 1,,,0:00,,Replaced by SB 25.00.15
157b8d12-c115-446e-a4dc-d12077751fe2,d88e2641-dd39-4814-9f04-682a3c823bff,25.00.67,25,SB 25.00.67,Lucus Aerospace FCS Hoist Increased Safety for Hoist Operations.,SB,28-Mar-2002,SB 25.00.67,,,0:00,,Helicopters equipped with TRW / LUCAS series-76370 electrically-operated hoists (all models) with a hoist cable made from galvanized steel.
157b8d12-c115-446e-a4dc-d12077751fe2,d88e2641-dd39-4814-9f04-682a3c823bff,25.00.69,25,SB 25.00.69,Routing of Cargo Swing Installation Mechanical Emergency Load Release Unit Cable.,SB,03-Jul-2001,SB 25.00.69,,,0:00,,Aircraft below serial number 3410 equipped with cargo swing installation.
157b8d12-c115-446e-a4dc-d12077751fe2,d88e2641-dd39-4814-9f04-682a3c823bff,25.00.70,25,SB 25.00.70,Rear bench seat cushion security improvement Installation of Emergency,SB,02-Mar-2007,SB 25.00.70,,,0:00,,"Eurocopter AS350, B3 Helicopters Pre Mod 073022 (Partial: seat rest padding and back) and Mod 073166."
157b8d12-c115-446e-a4dc-d12077751fe2,d88e2641-dd39-4814-9f04-682a3c823bff,25.00.71,25,SB 25.00.71 Rev.1,Installation of Emergency Flotation Gear Light Weight Cylinders Dated:n 23-Jun-2009,SB,23-Jun-2009,SB 25.00.71 Rev.1,,,0:00,,AS 350 Helicopters versions B- B1-B2-BA-B3-BB-D-L1
157b8d12-c115-446e-a4dc-d12077751fe2,d88e2641-dd39-4814-9f04-682a3c823bff,25.00.74,25,SB 25.00.74,Jolliet JE2 NG E.L.T. antenna relocation,SB,17-Nov-2005,SB 25.00.74,,,0:00,,Eurocopter AS350 B3 Helicopters Post Mod OP0693 and Pre-DWG 350P084995.
157b8d12-c115-446e-a4dc-d12077751fe2,d88e2641-dd39-4814-9f04-682a3c823bff,25.00.75,25,SB 25.00.75,Installation of EC 120 Handles on Ecureuil Canopy Post Dated: 26-Sep-2002,SB,26-Sep-2002,SB 25.00.75,,,0:00,,AS 350 Helicopters versions B- B1-B2-BA-BB-B3-L1-D
157b8d12-c115-446e-a4dc-d12077751fe2,d88e2641-dd39-4814-9f04-682a3c823bff,25.00.77,25,SB 25.00.77 Rev 1,KANNAD 406-AF Emergency Locator Transmitter Installation,SB$,05-Jun-2007,SB 25.00.77 Rev 1,,,0:00,,Replaced By SB No 25.00.91 Rev.1
157b8d12-c115-446e-a4dc-d12077751fe2,d88e2641-dd39-4814-9f04-682a3c823bff,25.00.78,25,SB 25.00.78 Rev 1,Cable cutter installation,SB,27-Oct-2004,SB 25.00.78 Rev 1,,,0:00,,"AS 350 Helicopters versions B3 with overhead panel mounted auxiliary controls(MOD 072816) and post Mod 072213,072216, 072229."
157b8d12-c115-446e-a4dc-d12077751fe2,d88e2641-dd39-4814-9f04-682a3c823bff,25.00.80,25,SB 25.00.80 Rev.3,Cargo Sling Long Line Installation (Fixed Part),SB,22-Mar-2011,SB 25.00.80 Rev.3,,,0:00,,"Eurocopter AS350B3 Helicopters Pre Mod P084960 equipped with Optional "" Cargo Swing""."
157b8d12-c115-446e-a4dc-d12077751fe2,d88e2641-dd39-4814-9f04-682a3c823bff,25.00.82,25,SB 25.00.82,Safetying TIRFOR J5 and JOCKEY type lock-boxes used on hoisting jibs,SB,24-Nov-2005,SB 25.00.82,,,0:00,,Components Affected: -TIRFOR J5 Lockbox tooling P/N 703A9-0212-01 -Hoisting jib tooling P/N 355A91-3040-01.
157b8d12-c115-446e-a4dc-d12077751fe2,d88e2641-dd39-4814-9f04-682a3c823bff,25.00.83 R2,25,SB 25.00.83 R2,"Installation of Long Rails for Pilot and Copilot SICMA Seats (Issue Dt: July 08, 2004)",SB,04-Dec-2018,SB 25.00.83 R2,,,0:00,,AS 350 Helicopters versions B- B1-B2-BA-B3-BB-D
157b8d12-c115-446e-a4dc-d12077751fe2,d88e2641-dd39-4814-9f04-682a3c823bff,25.00.84,25,SB 25.00.84,"New Hoist Arm Locking Pin (Issue Dt: April 06, 2004)",SB,06-Apr-2004,SB 25.00.84,,,0:00,,AS350 Versions B3 helicopters equipped with the 450 lb hoist fixed part
157b8d12-c115-446e-a4dc-d12077751fe2,d88e2641-dd39-4814-9f04-682a3c823bff,25.00.86,25,SB 25.00.86,KANNAD 121 AF-H E.L.T. installation,SB,22-Jun-2005,SB 25.00.86,,,0:00,,Helicopters pre Mod OP3203 and not fitted with an ELT(Emergency Locator Transmitter).
157b8d12-c115-446e-a4dc-d12077751fe2,d88e2641-dd39-4814-9f04-682a3c823bff,25.00.87,25,SB 25.00.87 R1,"""ON BOARD"" cargo swing release hook (Issue Dt: July 05, 2006)",SB,05-Jul-2006,SB 25.00.87 R1,,,0:00,,"Helicopters fitted with fixed and removable parts of optional 1400 kg cargo swing version B3(OP3809, OP3810, and OP2773) and pre Mod OP3218."
157b8d12-c115-446e-a4dc-d12077751fe2,d88e2641-dd39-4814-9f04-682a3c823bff,SB 25.00.87 R2,25,,"EQUIPMENT AND FURNISHINGS ""ON BOARD"" cargo swing release hook Corresponds to modification OP3218",SB$,04-Mar-2021,SB 25.00.87 R2,,,0:00,,"Helicopters fitted with fixed and removable parts of optional 1400 kg cargo swing version B3(OP3809, OP3810, and OP2773) and pre Mod OP3218."
157b8d12-c115-446e-a4dc-d12077751fe2,d88e2641-dd39-4814-9f04-682a3c823bff,25.00.88,25,SB 25.00.88 Rev.1,"Replacement of emergency flotation gears with 1,900 kg or 1,950 kg maximum permissible weight capability with emergency flotation gears with 2,600 kg maximum permissible weight capability",SB,20-Nov-2008,SB 25.00.88 Rev.1,,,0:00,,"For Helicopters fitted with Emergency Floatation Gear and Post Mods OP0310,OP0311 or Mods OP0508 and OP0418 or on which SB 25.09 has been complied with."
157b8d12-c115-446e-a4dc-d12077751fe2,d88e2641-dd39-4814-9f04-682a3c823bff,25.00.90,25,SB 25.00.90 Rev.1,Checking the Float/Gas Cylinder Pairs of the Emergency Flotation Gear Installation and Bringing them up to Standard,SB,29-May-2009,SB 25.00.90 Rev.1,,,0:00,,For Helicopters fitted with Emergency Floatation Gear
157b8d12-c115-446e-a4dc-d12077751fe2,d88e2641-dd39-4814-9f04-682a3c823bff,25.00.91,25,SB 25.00.91 Rev.2,KANNAD 406 AF-H E.L.T. installation,SB#,31-May-2005,SB 25.00.91 Rev.2,,,0:00,,"This SB is no longer applicable as from August 01, 2011."
157b8d12-c115-446e-a4dc-d12077751fe2,d88e2641-dd39-4814-9f04-682a3c823bff,25.00.92,25,SB 25.00.92,Isolating low cargo swing control switch on copilot's cyclic stick,SB,07-Feb-2006,SB 25.00.92,,,0:00,,"AS350 B3 Helicopters equipped with ""LOW REL"" low cargo swing release control installation for cargo swing covered by MOD P084960."
157b8d12-c115-446e-a4dc-d12077751fe2,d88e2641-dd39-4814-9f04-682a3c823bff,25.00.96,25,SB 25.00.96,Check of the Correct Locking of Siren AS Load Release Units,SB,13-Apr-2006,SB 25.00.96,,,0:00,,Helicopters equipped with an Indraero Siren load release unit P/N AS21-5-7
157b8d12-c115-446e-a4dc-d12077751fe2,d88e2641-dd39-4814-9f04-682a3c823bff,25.00.97,25,SB 25.00.97 Rev.1,"Rescue Hoists - Elimination of a Potential Short- Circuit (Issue Dt: Sep 19, 2006)",SB,19-Sep-2006,SB 25.00.97 Rev.1,,,0:00,,Helicopters equipped with GOODRICH electric hoists listed in Equipment manufacturer's SB No 76370-25-04
157b8d12-c115-446e-a4dc-d12077751fe2,d88e2641-dd39-4814-9f04-682a3c823bff,25.00.99,25,SB 25.00.99,"Cargo Swing or Cargo Sling release control improvement (Issue Dt: June 18, 2008)",SB,18-Jun-2008,SB 25.00.99,,,0:00,,"Helicopters Pre Mod 073281 , equipped with cargo swing or cargo sling option and mechanical control P/N AS22-24."
157b8d12-c115-446e-a4dc-d12077751fe2,d88e2641-dd39-4814-9f04-682a3c823bff,25.01.01,25,SB 25.01.01,Electrical Bonding Of energy Absorbing Seats,SB,22-Nov-2007,SB 25.01.01,,,0:00,,"Helicopters Pre Mod 073380 , equipped with SICMA Type 159 energy absorbing seats"
157b8d12-c115-446e-a4dc-d12077751fe2,d88e2641-dd39-4814-9f04-682a3c823bff,25.01.06,25,SB 25.01.06,Replacement of the existing hook with a D'LOCK type hook with utility eye,SB,04-Jan-2010,SB 25.01.06,,,0:00,,Eurocopter AS 350B3 Helicopters equipped with an electric hoist MP/N 76370-130 (704A41815035) with amendment 12 and with a seria number below 563.
157b8d12-c115-446e-a4dc-d12077751fe2,d88e2641-dd39-4814-9f04-682a3c823bff,25.01.08,25,SB 25.01.08,Check of load release unit cargo hook MP/N AS21-5-7,SB,11-Jan-2010,SB 25.01.08,,,0:00,,Eurocopter AS 350B3 Helicopters fitted with a load release unit cargo hook MP/N AS21-5-7 (704A41811029) that has not beenupgraded to amendment d.
157b8d12-c115-446e-a4dc-d12077751fe2,d88e2641-dd39-4814-9f04-682a3c823bff,25.01.09,25,SB 25.01.09,"EQUIPMENT AND FURNISHINGS - External load carrying installation Change of circuit-breaker rating, Corresponds to Modification 073475",SB$,29-Aug-2011,SB 25.01.09,,,0:00,,"Eurocopter AS 350B3 helicopters. - Equipped with fixed parts of the cargo hook (OP 3809, OP 3810 and MOD 07 3281), - And post Modifications 073273 and 073274, and not embodying Modification 073475 or MOD 350A086419.00."
157b8d12-c115-446e-a4dc-d12077751fe2,d88e2641-dd39-4814-9f04-682a3c823bff,25.01.10,25,SB 25.01.10,Electric Hoist: replacement of hook with a D'LOK type hook with sight,SB,08-Feb-2010,SB 25.01.10,,,0:00,,"Eurocopter AS 350B3 Helicopters equipped with an electric hoist, P/N 76370-130 (704A41815035) without amendment 12."
157b8d12-c115-446e-a4dc-d12077751fe2,d88e2641-dd39-4814-9f04-682a3c823bff,25.01.46,25,SB 25.01.46,EQUIPMENT AND FURNISHINGS Improvement of front dome light installation Corresponds to MOD 073379,SB$,18-Apr-2012,SB 25.01.46,,,0:00,,Applicable to AS 350 Civil version(s): B3
157b8d12-c115-446e-a4dc-d12077751fe2,d88e2641-dd39-4814-9f04-682a3c823bff,25.01.86,25,SB 25.01.86 R1,EQUIPMENT AND FURNISHINGS,SB,23-Sep-2016,SB 25.01.86 R1,,,0:00,,Helicopters on which modification 074649 has not been applied (APPAREO video recorder obsolescence) and on which modification 074318 has been applied (APPAREO video recorder system).
157b8d12-c115-446e-a4dc-d12077751fe2,d88e2641-dd39-4814-9f04-682a3c823bff,25.01.87,25,SB 25.01.87,Replacement of cargo swing load indicator further to obsolescence Corresponds to MOD 074614,SB$,29-Jun-2016,SB 25.01.87,,,0:00,,"Helicopters: - equipped with an indicator P/N D00448-0001, - post-MOD OP3810 (Cargo swing) version B2, - post-MOD OP2773 (Cargo swing) version B3, - pre-MODs 074614 (Load indicator) and 074348 (Adaptation of swing load indicator support to new canopy)."
157b8d12-c115-446e-a4dc-d12077751fe2,d88e2641-dd39-4814-9f04-682a3c823bff,25.02.24,25,SB 25.02.24,EQUIPMENT AND FURNISHINGS,SB#,14-Jan-2015,SB 25.02.24,,,0:00,,Medical installation: lower stretcher Corresponds to MODs OP0146 and OP0283
157b8d12-c115-446e-a4dc-d12077751fe2,d88e2641-dd39-4814-9f04-682a3c823bff,25.02.38,1,SB 25.02.38,EQUIPMENT AND FURNISHINGS - Front seats Restoring conformity of ZODIAC AEROSPACE 198-series seat buckets,SB,11-May-2015,SB 25.02.38,,,0:00,,"On helicopters equipped with ZODIAC 198-series seats, except for the S/Nos. specified in paragraph 1/A of appended ZODIAC Service Bulletin No. 198-25-006."
157b8d12-c115-446e-a4dc-d12077751fe2,d88e2641-dd39-4814-9f04-682a3c823bff,25.02.60,25,SB 25.02.60,EQUIPMENT AND FURNISHINGS Change of JAR OPS3.745 first aid kit Corresponds to MOD 074687,SB$,05-Oct-2015,SB 25.02.60,,,0:00,,"Helicopters: - with first aid kit P/N 7052A4256019 and POST MOD OP3110 (Type 159 pilot and copilot crashworthy seats), or - POST MOD 074338 (Sicma 198 seats with SRP210 for pilot and co-pilot), and PRE MOD 074687 (Change of JAR OPS 3.745 first aid kit)"
157b8d12-c115-446e-a4dc-d12077751fe2,d88e2641-dd39-4814-9f04-682a3c823bff,81,25,SB 25.02.91,EQUIPMENT AND FURNISHINGS Protection of tri-band antenna MP/N 21-41,SB,30-Sep-2016,SB 25.02.91,,,0:00,,"Helicopters equipped with a TRI-BAND antenna, Part Number (MP/N) 21-41, which is not equipped with a protective cap (see photo below)."
157b8d12-c115-446e-a4dc-d12077751fe2,d88e2641-dd39-4814-9f04-682a3c823bff,25.03.39,25,SB 25.03.39,EQUIPMENT AND FURNISHINGS Cockpit camera support firmness improvement,SB,21-Feb-2018,SB 25.03.39,,,0:00,,"Helicopters equipped with APPAREO camera, POST MOD 074318 (Appareo video recorder system) and PRE MOD 074842 (Cockpit camera support firmness improvement)"
157b8d12-c115-446e-a4dc-d12077751fe2,d88e2641-dd39-4814-9f04-682a3c823bff,10,25,SB 25.03.50,EQUIPMENT AND FURNISHINGS - Emergency equipment Replacement of GENESIS first aid kit MP/N: GS3.745HL8PB,SB,10-Apr-2018,SB 25.03.50,,,0:00,,"Helicopters equipped with GENESIS first aid kit of MP/N: GS3.745HL8PB (7052A4256022) or, that have embodied modification 074687 (Evolution of JAR OPS 3.745 first aid kit) through Service Bulletin No. 25.02.60"
157b8d12-c115-446e-a4dc-d12077751fe2,d88e2641-dd39-4814-9f04-682a3c823bff,25.03.72R1,25,SB 25.03.72R1,EQUIPMENT AND FURNISHINGS Check mechanical Cargo Swing release control P/N AS22-24 and AS22-79,SB,29-Nov-2018,SB 25.03.72R1,,,0:00,,"Helicopters AS350, all versions equipped with Cargo Swing or Cargo Sling option and mechanical cargo release control."
157b8d12-c115-446e-a4dc-d12077751fe2,d88e2641-dd39-4814-9f04-682a3c823bff,SB 25.04.11 R1,25,SB 25.04.11 R1,EQUIPMENT AND FURNISHINGS - Seats Replacement of restraint systems Corresponds to modification 074947.,SB,06-Jul-2023,SB 25.04.11 R1,,,0:00,,"Helicopters equipped with: - type 198 pilot seats P/N 19810-02-00 (B2/B3), - POST MOD 074338 (SICMA 198 seats with SRP210 for pilot & co-pilot), - PRE MOD 074947 (New Belt Buckles SCHROTH)."
157b8d12-c115-446e-a4dc-d12077751fe2,d88e2641-dd39-4814-9f04-682a3c823bff,SB 25.04.22,25,,EQUIPMENT AND FURNISHINGS Improvement of the attachment of the hoist cable cutter in its support.,SB,08-Apr-2021,SB 25.04.22,,,0:00,,Helicopters with a hoist that are POST MOD 072235 and PRE MOD 0720017.
157b8d12-c115-446e-a4dc-d12077751fe2,d88e2641-dd39-4814-9f04-682a3c823bff,SB 25.04.30,25,SB 25.04.30,EQUIPMENT AND FURNISHINGS Relocation of the static pressure ports (Ps) on the tail boom.,SB$,11-May-2021,SB 25.04.30,,,0:00,,Helicopters that are POST MOD 074723 and PRE MOD OP 4811. This Service Bulletin is not applicable to helicopters POST MOD OP 2698.
157b8d12-c115-446e-a4dc-d12077751fe2,d88e2641-dd39-4814-9f04-682a3c823bff,SB 25.05.08,25,SB 25.05.08,EQUIPMENT AND FURNISHINGS - Hoist system Check for correct operation of the cable extracting device,SB,07-Dec-2022,SB 25.05.08,,,0:00,,"Civil version(s): B, B1, B2, B3, BA, BB, D Military version(s): L1 Helicopters which have a GOODRICH fixed speed electric hoist (family 76370)"
157b8d12-c115-446e-a4dc-d12077751fe2,d88e2641-dd39-4814-9f04-682a3c823bff,25.26,25,SB 25.26,EQUIPMENT/FURNISHINGS-Installing mooring Ring. Dated: 09-May-1985,SB#,09-May-1985,SB 25.26,,,0:00,,AS 350 Helicopter: All versions
157b8d12-c115-446e-a4dc-d12077751fe2,d88e2641-dd39-4814-9f04-682a3c823bff,SB 25-67-0002 Issue 001,25,SB 25-67-0002 Issue 001,Emergency - Emergency floatation system,SB,13-Jun-2025,SB 25-67-0002 Issue 001,,,0:00,,Model: AS350 Version: B / B1 / B2 / B3 / BA / BB / D / L1 Helicopters PRE MOD: 0720271
157b8d12-c115-446e-a4dc-d12077751fe2,d88e2641-dd39-4814-9f04-682a3c823bff,SB 25-91-0001,25,SB 25-91-0001,External load system - Installation of the purge drain protection,SB,17-Oct-2024,SB 25-91-0001,,,0:00,,Not equipped with Crash Resistant Fuel System (CRFS) and - PRE MOD 0720162 and or - POST MOD OP2773 - POST MOD OP3810
157b8d12-c115-446e-a4dc-d12077751fe2,d88e2641-dd39-4814-9f04-682a3c823bff,SB 25-97-0002 Issue 001,25,SB 25-97-0002 Issue 001,External load system - Check of lockwire on cable set screws for Goodrich 763xx family hoist,SB,16-Jan-2025,SB 25-97-0002 Issue 001,,,0:00,,"Model: AS350 Version: B , B1 , B2 , B3 , BA , BB , D , L1 Component affected: 76370-130 and 76370-130-D and 76370-140-D"
157b8d12-c115-446e-a4dc-d12077751fe2,d88e2641-dd39-4814-9f04-682a3c823bff,26.00.01,26,SB 26.00.01,Engine fire Detection,SB,28-Oct-1992,SB 26.00.01,,,0:00,,AS 350 Helicopters versions B1-B2-L1
157b8d12-c115-446e-a4dc-d12077751fe2,d88e2641-dd39-4814-9f04-682a3c823bff,26.00.03,26,SB 26.00.03 R1,FIRE PROTECTION,SB$,12-Sep-2017,SB 26.00.03 R1,,,0:00,,Helicopters equipped with fire extinguisher H1-10AIR (704A32810008) installed on type S159 and S198 seats and bucket seats POST MOD OP4323 (Visualisation increased in cabin floor for air work) and PRE MOD 074762 (SICLI extinguisher obsolescence resolving).
157b8d12-c115-446e-a4dc-d12077751fe2,d88e2641-dd39-4814-9f04-682a3c823bff,SB 26.00.03 R2,26,SB 26.00.03 R2,FIRE PROTECTION Replacement of fire extinguisher on type S159 and S198 seats and bucket seats further to obsolescence,SB#,09-Jul-2021,SB 26.00.03 R2,,,0:00,,Helicopters equipped with fire extinguisher H1-10AIR (704A32810008) installed on type S159 and S198 seats and bucket seats POST MOD OP4323 and PRE MOD 074762.
157b8d12-c115-446e-a4dc-d12077751fe2,d88e2641-dd39-4814-9f04-682a3c823bff,26.00.04,26,SB 26.00.04,FIRE PROTECTION Replacement of cabin floor fire extinguisher further to obsolescence,SB,10-Feb-2016,SB 26.00.04,,,0:00,,For all helicopters equipped with fire extinguisher H1-10AIR (704A32810008) and PRE MOD 074708 (Installation of LHOTELLIER new extinguisher on floor).
157b8d12-c115-446e-a4dc-d12077751fe2,d88e2641-dd39-4814-9f04-682a3c823bff,SB 26.00.04R1,26,,FIRE PROTECTION Replacement of cabin floor fire extinguisher further to obsolescence,SB,08-Nov-2024,SB 26.00.04R1,,,0:00,,For all helicopters equipped with fire extinguisher H1-10AIR (704A32810008) and PRE MOD 074708 (Installation of LHOTELLIER new extinguisher on floor).
157b8d12-c115-446e-a4dc-d12077751fe2,d88e2641-dd39-4814-9f04-682a3c823bff,26.00.05,26,SB 26.00.05,FIRE PROTECTION- Replacement of cabin floor fire extinguisher with shielding,SB,02-Aug-2016,SB 26.00.05,,,0:00,,"Helicopters equipped with a fire extinguisher H1-10AIR (704A32810008) mounted on cabin floor, POST MOD 350P811115.02 (Cockpit armoured panels removable parts) and PRE MOD 350V080054.00 (Cabin extinguisher ''L'HOTELLIER'' with shielding fixed on the floor)."
157b8d12-c115-446e-a4dc-d12077751fe2,d88e2641-dd39-4814-9f04-682a3c823bff,SB 26.00.07,26,SB 26.00.07,FIRE PROTECTION - Hand Fire Extinguisher (HFE) Check of the absence of discharge of the HFE,SB,24-Nov-2022,SB 26.00.07,,,0:00,,Helicopters AS350 all versions equipped with a HFE L'HOTELLIER MP/N 12085-01 (P/N S262A10T1001) manufactured before July 2022.
157b8d12-c115-446e-a4dc-d12077751fe2,d88e2641-dd39-4814-9f04-682a3c823bff,SB 26.00.08,26,SB 26.00.08,FIRE PROTECTION - Engine fire detectors Check and replacement of the engine fire detectors.,SB,18-Jan-2023,SB 26.00.08,,,0:00,,"Helicopters equipped with Arriel 2B or 2B1 engine, with fire detectors MP/N H243-1 and H443-1 and with serial number (S/N) listed in Appendix 4.B."
157b8d12-c115-446e-a4dc-d12077751fe2,d88e2641-dd39-4814-9f04-682a3c823bff,SB 26-25-0001 Issue 003,26,,Hand Fire Extinguisher - Installation of cockpit fire extinguisher without Halon,SB$,19-Dec-2025,SB 26-25-0001,,,0:00,,"AS350 B, BA, BB, B1, B2, B3, D, L1"
157b8d12-c115-446e-a4dc-d12077751fe2,d88e2641-dd39-4814-9f04-682a3c823bff,SB 26-25-0001 Issue 001,26,,Hand Fire Extinguisher - Installation of cockpit fire extinguisher without Halon,SB,13-Dec-2024,SB 26-25-0001 Issue 001,,,0:00,,"Model: AS350 Version: B, BA, BB, B1, B2, B3, D Helicopters PRE MOD: 074896 Helicopters POST MOD: 074708"
157b8d12-c115-446e-a4dc-d12077751fe2,d88e2641-dd39-4814-9f04-682a3c823bff,28.00.04,28,SB 28.00.04 Rev.1,Fitting of a flowmeter on ARRIEL fuel supply system,SB,23-Apr-1991,SB 28.00.04 Rev.1,,,0:00,,AS 350 Helicopters versions B-B1-B2-L1-AVEX-L2
157b8d12-c115-446e-a4dc-d12077751fe2,d88e2641-dd39-4814-9f04-682a3c823bff,28.00.09,28,SB 28.00.09 Rev.2,"""FUEL ANTI ICING"" System",SB,24-Mar-1998,SB 28.00.09 Rev.2,,,0:00,,"AS 350 helicopters, versions B, B1, B2, BA, BB, Ll."
157b8d12-c115-446e-a4dc-d12077751fe2,d88e2641-dd39-4814-9f04-682a3c823bff,28.00.10,28,SB 28.00.10 Rev.1,Low-pressure pump failure indication,SB,23-Apr-2015,SB 28.00.10 Rev.1,,,0:00,,"AS 350 Helicopters versions B1. Helicopters post-MOD 071753 (Installation of twin pumps in the fuel system) and pre-MODs: - 071842 (Low-pressure fuel pump failure indication), - 072663 (''SET'' pressure switch on improved-reliability fuel system)."
157b8d12-c115-446e-a4dc-d12077751fe2,d88e2641-dd39-4814-9f04-682a3c823bff,28.00.11,28,SB 28.00.11,"Installation of a ""FAURE HERMAN"" flow meter as a replacement for the ""SILVER INSTRUMENT""",SB,20-Feb-1992,SB 28.00.11,,,0:00,,"AS 350 Helicopters versions B- B1-B2- L1 equipped with SILVER INSTRUMENT"" Flow meter"
157b8d12-c115-446e-a4dc-d12077751fe2,d88e2641-dd39-4814-9f04-682a3c823bff,28.00.12,28,"SB 28.00.12,Rev-2","""INTERTECHNIQUE"" capacitor gauging system",SB,19-Jan-2015,"SB 28.00.12,Rev-2",,,0:00,,"AS 350 hellcopters. versions B. Bl , B2, BA, D. LI. On helicopters which do not embody modification 072484."
157b8d12-c115-446e-a4dc-d12077751fe2,d88e2641-dd39-4814-9f04-682a3c823bff,28.00.13,28,SB 28.00.13,Fuel Drainage Recovery-Arriel engine,SB,24-Apr-1996,SB 28.00.13,,,0:00,,"AS 350 helicopters, versions B, BA, B1, B2."
157b8d12-c115-446e-a4dc-d12077751fe2,d88e2641-dd39-4814-9f04-682a3c823bff,28.00.14,28,SB 28.00.14,Electrical Bonding of the Mount of the Electrostatic Ground Connector of Metal Ferry Fuel Tanks.,SB,20-Sep-2001,SB 28.00.14,,,0:00,,"Helicopters equipped with metal ferry fuel tanks Part Nos.: 330A 871310.00, 330A 871310.01, 330A 871310.02, 330A 871310.03, 330A 871310.04."
157b8d12-c115-446e-a4dc-d12077751fe2,d88e2641-dd39-4814-9f04-682a3c823bff,28.00.21,28,SB 28.00.21,FUEL - DISTRIBUTION- Integration of a relay in the fuel pump control circuit,SB,22-Jun-2015,SB 28.00.21,,,0:00,,Helicopters POST MOD 073273 and PRE MOD 074280 and 350A084578.00.
157b8d12-c115-446e-a4dc-d12077751fe2,d88e2641-dd39-4814-9f04-682a3c823bff,SB 28.00.21 R1,28,SB 28.00.21 R1,FUEL - DISTRIBUTION Integration of a relay in the fuel pump control circuit,SB$,05-May-2022,SB 28.00.21 R1,,,0:00,,Helicopters POST MOD 073273 and PRE MOD 074280 and 350A084578.00.
157b8d12-c115-446e-a4dc-d12077751fe2,d88e2641-dd39-4814-9f04-682a3c823bff,SB 28.00.49,28,,FUEL - Fuel tank Improvement of the Crash Resistant Fuel System (CRFS),SB,04-Mar-2021,SB 28.00.49,,,0:00,,Corresponds to modification 0720034
157b8d12-c115-446e-a4dc-d12077751fe2,d88e2641-dd39-4814-9f04-682a3c823bff,SB 28.00.81,28,SB 28.00.81,FUEL - Fuel tank Installation of peel shims for a better attachment of the frangible links on the fuel plate of the Crash Resistant Fuel System (CRFS),SB,06-Sep-2022,SB 28.00.81,,,0:00,,For helicopters equipped with breakable links MP/N 350A55-1526-20 (POST MOD OP4605 and PRE MOD 0720018)
157b8d12-c115-446e-a4dc-d12077751fe2,d88e2641-dd39-4814-9f04-682a3c823bff,SB 28.00.81 R1,28,SB 28.00.81 R1,FUEL - Fuel tank Installation of peel shims for a better attachment of the frangible links on the fuel plate of the Crash Resistant Fuel System (CRFS) Related to modification 0720018,SB,15-Feb-2023,SB 28.00.81 R1,,,0:00,,For helicopters equipped with breakable links MP/N 350A55-1526-20 and: - POST MOD OP4605 - PRE MOD: . 0720018 . 0720034.
157b8d12-c115-446e-a4dc-d12077751fe2,d88e2641-dd39-4814-9f04-682a3c823bff,28.08,28,SB 28.08,FUEL FI LTER,SB,25-Jun-1986,SB 28.08,,,0:00,,All AS350 .
157b8d12-c115-446e-a4dc-d12077751fe2,d88e2641-dd39-4814-9f04-682a3c823bff,SB 28-00-0001,28,SB 28-00-0001,Fuel - Check of the fuel supply hose(s),SB,24-Oct-2024,SB 28-00-0001,,,0:00,,350A55100120 and 350A5510012001 and 350A55101500 and 350A55101501 and 350A55101502 and 350A5510150251 and 350A5510150252 and 704A44500000 and 704A44500004 and 704A44500027 and 704A44500028 and 704A44500127
157b8d12-c115-446e-a4dc-d12077751fe2,d88e2641-dd39-4814-9f04-682a3c823bff,SB 28-12-0001,28,SB 28-12-0001,FUEL - Storage - Replacement of the internal fuel supply pipe,SB,11-Mar-2024,SB 28-12-0001,,,0:00,,Model: AS350 Version: B3 Component affected: 9993044 (704A34415271) Helicopters PREMOD: 074991
157b8d12-c115-446e-a4dc-d12077751fe2,d88e2641-dd39-4814-9f04-682a3c823bff,SB 28-21-0001 Issue 001,28,SB 28-21-0001 Issue 001,Distribution - Reservoir filling strainer replacement,SB,20-Jun-2025,SB 28-21-0001 Issue 001,,,0:00,,Model: AS350 Version: B3 Helicopters PRE MOD: 0720279
157b8d12-c115-446e-a4dc-d12077751fe2,d88e2641-dd39-4814-9f04-682a3c823bff,29.00.02,29,SB 29.00.02 Rev.1,Hydraulic Pressure Regulations,SB,05-Jul-1981,SB 29.00.02 Rev.1,,,0:00,,"AS 350 Helicopters versions B,B1,B2,L1,L2 Avex"
157b8d12-c115-446e-a4dc-d12077751fe2,d88e2641-dd39-4814-9f04-682a3c823bff,29.00.03,29,SB 29.00.03 Rev.3,Installation of a Hydraulic Ground Power Connector,SB$,22-May-2007,SB 29.00.03 Rev.3,,,0:00,,Helicopters pre Modification 350AOP1909 and 350A072082
157b8d12-c115-446e-a4dc-d12077751fe2,d88e2641-dd39-4814-9f04-682a3c823bff,29.00.04,29,SB 29.00.04 Rev.1,Lubrification of the Splines on the Hydraulic Pump Drive Shaft,SB*,27-Jan-2004,SB 29.00.04 Rev.1,,,0:00,,Hydraulic Pump Drive Shaft. (Corresponds to MOD 079547)
157b8d12-c115-446e-a4dc-d12077751fe2,d88e2641-dd39-4814-9f04-682a3c823bff,29.00.06,29,SB 29.00.06 Rev.1,Replacement of the hydraulic system 25 microns filter with 3 microns filter with a clogging indicator,SB,22-Dec-1997,SB 29.00.06 Rev.1,,,0:00,,"AS 350 helicopters. Versions: B, BA, B1, B2, BB, D, L1."
157b8d12-c115-446e-a4dc-d12077751fe2,d88e2641-dd39-4814-9f04-682a3c823bff,29.00.08,29,SB 29.00.08,Hydraulic Power - Check of the Tail Servocontrol Hydraulic Cut-Off Solenoid Valve Wiring,SB,18-Nov-2004,SB 29.00.08,,,0:00,,Eurocopter AS350 B3 Helicopters equipped with yaw load compensator and single- circuit hydraulic power system for aircraft delivered before 01-June-2004.
157b8d12-c115-446e-a4dc-d12077751fe2,d88e2641-dd39-4814-9f04-682a3c823bff,29.00.10,28,SB 29.00.10 R3,FUEL - DISTRIBUTION Integration of a relay in the fuel pump control circuit Corresponds to MOD 350A084578.00,SB*,24-Mar-2011,SB 29.00.10 R3,,,0:00,,"Hydraulic hoses with the following part numbers: - MP/N 704A34-412-020 or MP/N 675-101-05-01, - MP/N 704A34-412-021 or MP/N 675-101-06-01, - MP/N 704A34-412-033 or MP/N 675-102-05-01, - MP/N 704A34-412-034 or MP/N 675-102-05-02, - MP/N 704A34-412-035 or MP/N 675-102-06-01, - MP/N 704A34-412-036 or MP/N 675-102-06-02, - MP/N 704A34-412-037 or MP/N 675-103-05-01, - MP/N 704A34-412-038 or MP/N 675-101-06-02, - MP/N 704A34-412-046 or MP/N 675-101-05-02, - MP/N 704A34-412-047 or MP/N 675-101-06-03, - MP/N 704A34-412-144 or MP/N 675-150-10-01, - MP/N 704A34-412-145 or MP/N 675-102-06-05, - MP/N 704A34-412-146 or MP/N 675-101-06-05."
157b8d12-c115-446e-a4dc-d12077751fe2,d88e2641-dd39-4814-9f04-682a3c823bff,SB 29.00.10 R4,29,SB 29.00.10 R4,HYDRAULIC POWER Replacement of the Hydraulic Hoses,SB,10-Oct-2022,SB 29.00.10 R4,,,0:00,,"Hydraulic hoses with the following part numbers: - MP/N 704A34-412-020 or MP/N 675-101-05-01, - MP/N 704A34-412-021 or MP/N 675-101-06-01, - MP/N 704A34-412-033 or MP/N 675-102-05-01, - MP/N 704A34-412-034 or MP/N 675-102-05-02, - MP/N 704A34-412-035 or MP/N 675-102-06-01, - MP/N 704A34-412-036 or MP/N 675-102-06-02, - MP/N 704A34-412-037 or MP/N 675-103-05-01, - MP/N 704A34-412-038 or MP/N 675-101-06-02, - MP/N 704A34-412-046 or MP/N 675-101-05-02, - MP/N 704A34-412-047 or MP/N 675-101-06-03, - MP/N 704A34-412-144 or MP/N 675-150-10-01, - MP/N 704A34-412-145 or MP/N 675-102-06-05, - MP/N 704A34-412-146 or MP/N 675-101-06-05."
157b8d12-c115-446e-a4dc-d12077751fe2,d88e2641-dd39-4814-9f04-682a3c823bff,29.00.10,29,SB 29.00.10 Rev.3,HYDRAULIC POWER - Replacement of the Hydraulic Hoses,SB*,08-Apr-2011,SB 29.00.10 Rev.3,,,0:00,,Eurocopter AS 350 B3 helicopters with Hydraulic hoses Part Number(P/N) as listed in SB.
157b8d12-c115-446e-a4dc-d12077751fe2,d88e2641-dd39-4814-9f04-682a3c823bff,29.00.12,29,SB 29.00.12 R2,HYDRAULIC GENERATION - Indication Indication of the hydraulic failure test Corresponds to modification 073317,SB#,31-Mar-2017,SB 29.00.12 R2,,,0:00,,For helicopters version B3 equipped with ARRIEL 2B1 POST MOD 073254 and PRE MOD 073317.
157b8d12-c115-446e-a4dc-d12077751fe2,d88e2641-dd39-4814-9f04-682a3c823bff,SB 29.00.15 R3,29,SB 29.00.15 R3,HYDRAULIC POWER New hydraulic pump drive,SB$,16-Sep-2022,SB 29.00.15 R3,,,0:00,,Helicopters: - post-MOD 079555 or on which Service Bulletin No. 63.00.08 (Poly V belt installation on hydraulic pump drive) was complied with - pre-MOD 079566 - pre-MOD 079568.
157b8d12-c115-446e-a4dc-d12077751fe2,d88e2641-dd39-4814-9f04-682a3c823bff,29.00.15,29,SB 29.00.15 Rev 2,HYDRAULIC POWER - New hydraulic pump drive,SB$,29-Mar-2016,SB 29.00.15 Rev 2,,,0:00,,"Helicopters: - post-MOD 079555 (POLY V belt installation) or on which Service Bulletin No. 63.00.08 (Poly V belt installation on hydraulic pump drive) was complied with, - pre-MOD 079566 (New hydraulic pump drive), - pre-MOD 079568 (Modification of hydraulic pump drive bearing). Helicopters on which the previous Revisions were complied with are not concerned by this Revision 2, however they are concerned by compliance with Service Bulletin No. 63.00.22 or Alert Service Bulletin No. 63.00.24."
157b8d12-c115-446e-a4dc-d12077751fe2,d88e2641-dd39-4814-9f04-682a3c823bff,29.00.16,29,SB 29.00.16,"Hydraulic Power-Modification of relay ""47D""Corresponds to modification 074627",SB,23-Aug-2012,SB 29.00.16,,,0:00,,"Helicopters with single hydraulic power system modified per modifications 073273, 073274 and 073397 and not modified per modification 074627."
157b8d12-c115-446e-a4dc-d12077751fe2,d88e2641-dd39-4814-9f04-682a3c823bff,29.00.17,29,SB 29.00.17,HYDRAULIC POWER - Hydraulic pump Checking the hydraulic pump assy installation,SB,26-Feb-2013,SB 29.00.17,,,0:00,,"Applicable to Euro copter As 350 B3 Helicopters Serial Number: 7150, 7233, 7234, 7236, 7237, 7238, 7240, 7241, 7243, 7245, 7246, 7247, 7251, 7254, 7255, 7258, 7259, 7260, 7262, 7263, 7265, 7266, 7268, 7269, 7272, 7274, 7277, 7278, 7282, 7283, 7287, 7290, 7292, 7294, 7295, 7300, 7304, 7306, 7318."
157b8d12-c115-446e-a4dc-d12077751fe2,d88e2641-dd39-4814-9f04-682a3c823bff,29.00.18,29,SB 29.00.18,HYDRAULIC POWER GENERATION - Collective lever Installation or replacement of relay 47D,SB,11-May-2015,SB 29.00.18,,,0:00,,Single hydraulic helicopters PRE MOD 074688.
157b8d12-c115-446e-a4dc-d12077751fe2,d88e2641-dd39-4814-9f04-682a3c823bff,SB 29.00.21,29,SB 29.00.21,HYDRAULIC POWER - Main hydraulic dual-generation Modification of hydraulic supply line to tail rotor actuator.,SB$,24-Jan-2022,SB 29.00.21,,,0:00,,Helicopters which satisfy all of the conditions that follow: - Have embodied modification OP3082 or OP3346 - Have not embodied modification 074925.
157b8d12-c115-446e-a4dc-d12077751fe2,d88e2641-dd39-4814-9f04-682a3c823bff,SB 29.00.22,29,SB 29.00.22,HYDRAULIC POWER Improvement of the tightness of the splined shaft of the main hydraulic pump.,SB$,21-May-2021,SB 29.00.22,,,0:00,,Helicopters which have not embodied the MOD 079561.
157b8d12-c115-446e-a4dc-d12077751fe2,d88e2641-dd39-4814-9f04-682a3c823bff,SB 29.00.24,29,SB 29.00.24,HYDRAULIC POWER Replacement of the accumulator for the rear position,SB,14-Mar-2022,SB 29.00.24,,,0:00,,Helicopters: - That have the accumulator MP/N 82268 01902 (P/N 704A34240015) - POST MOD 071580 - PRE MOD 074957.
157b8d12-c115-446e-a4dc-d12077751fe2,d88e2641-dd39-4814-9f04-682a3c823bff,SB 29.00.24.,29,SB 29.00.24,HYDRAULIC POWER Replacement of the accumulator for the rear position,SB,14-Mar-2022,SB 29.00.24,,,0:00,,Helicopters: - That have the accumulator MP/N 82268 01902 (P/N 704A34240015) - POST MOD 071580 - PRE MOD 074957
157b8d12-c115-446e-a4dc-d12077751fe2,d88e2641-dd39-4814-9f04-682a3c823bff,SB 29.00.24 R1,29,SB 29.00.24 R1,HYDRAULIC POWER Replacement of the accumulator for the rear position,SB,19-May-2022,SB 29.00.24 R1,,,0:00,,Helicopters: - That have the accumulator MP/N 82268 01902 (P/N 704A34240015) - POST MOD 071580 - PRE MOD 074957.
157b8d12-c115-446e-a4dc-d12077751fe2,d88e2641-dd39-4814-9f04-682a3c823bff,SB 29.00.24 R2,29,SB 29.00.24 R2,PRODUCT IMPROVEMENT HYDRAULIC POWER Replacement of the accumulator for the rear position,SB,13-Oct-2023,SB 29.00.24 R2,,,0:00,,Helicopters: - That have the accumulator MP/N 82268 01902 (P/N 704A34240015) - POST MOD 071580 - PRE MOD 074957. NOT
157b8d12-c115-446e-a4dc-d12077751fe2,d88e2641-dd39-4814-9f04-682a3c823bff,SB 29.00.26,29,SB 29.00.26,HYDRAULIC POWER - Main Hydraulic Dual Generation Installation of ground connection on double hydraulic system following the switch of the hydraulic pump rear servo-control power supply (MOD 074925) Corresponds to modification 0720107,SB,19-Apr-2024,SB 29.00.26,,,0:00,,Helicopters: - POST MOD 074925 - PRE MOD 0720107 Compliance with this Service Bulletin in not compatible with the air conditioning optional POST MOD OP2698.
157b8d12-c115-446e-a4dc-d12077751fe2,d88e2641-dd39-4814-9f04-682a3c823bff,SB 29.00.26 R1,29,SB 29.00.26 R1,HYDRAULIC POWER - Main Hydraulic Dual Generation Installation of ground connection on double hydraulic system following the switch of the hydraulic pump rear servo-control power supply (MOD 074925),SB,17-Apr-2025,SB 29.00.26 R1,,,0:00,,Helicopters: - POST MOD 074925 - PRE MOD 0720107 and / or - POST MOD 0770004 and PRE MOD 0720312
157b8d12-c115-446e-a4dc-d12077751fe2,d88e2641-dd39-4814-9f04-682a3c823bff,SB 29.50.001 Issue 01,28,SB 29.50.001 Issue 01,Hydraulic power - Introduction of new hydraulic hoses with carbon PTFE core,SB,30-Aug-2023,SB 29.50.001 Issue 01,,,0:00,,"Model: AS350 Version: B, B1, B2, B3, BA, BB, D, L1"
157b8d12-c115-446e-a4dc-d12077751fe2,d88e2641-dd39-4814-9f04-682a3c823bff,SB 29-00-0002 Issue 001,29,SB 29-00-0002 Issue 001,Hydraulic Power - Installation of ground connection on simple hydraulic system,SB,17-Apr-2025,SB 29-00-0002 Issue 001,,,0:00,,Model: AS350 Version: B3 Helicopters PRE MOD: 0720312 Helicopters POST MOD: 074925 and 0770000
157b8d12-c115-446e-a4dc-d12077751fe2,d88e2641-dd39-4814-9f04-682a3c823bff,SB 292 26 2882 Ver A,26,SB 292 26 2882 Ver A,Replacement of a batch of potentially non-conforming fire detectors.,SB,13-Dec-2022,SB 292 26 2882 Ver A,,,0:00,,ARRIEL 2 B - B1 - C - C1 - C2 - C2- CG - C-PM - D - N
157b8d12-c115-446e-a4dc-d12077751fe2,d88e2641-dd39-4814-9f04-682a3c823bff,SB 292 72 2046 Ver B,72,SB 292 72 2046 Ver B,Module M04 (power turbine). Increase of the power turbine bearing pressurization. Application of modification TU 46A.,SB$,09-Jul-2021,SB 292 72 2046 Ver B,,,0:00,,ARRIEL 2 B - C - C1 - S1
157b8d12-c115-446e-a4dc-d12077751fe2,d88e2641-dd39-4814-9f04-682a3c823bff,SB 292 72 2087,72,SB 292 72 2087,M03 module (gas generator). Protection of the HP turbine blades with electrolytic NiCoCrAIYTa. Application of modification TU 87A.,SB,17-Jun-2024,SB 292 72 2087,,,0:00,,ARRIEL 2 B - B1
157b8d12-c115-446e-a4dc-d12077751fe2,d88e2641-dd39-4814-9f04-682a3c823bff,SB 292 72 2087 Ver.B,72,SB 292 72 2087 Ver.B,M03 module (gas generator). Protection of the HP turbine blades with electrolytic NiCoCrAIYTa. Application of modification TU 87A.,SB,17-Jun-2024,SB 292 72 2087 Ver.B,,,0:00,,ARRIEL 2 B - B1 - C - C1 - C-PM - S1
157b8d12-c115-446e-a4dc-d12077751fe2,d88e2641-dd39-4814-9f04-682a3c823bff,SB 292 72 2218 Ver C,72,SB 292 72 2218 Ver C,Module M05 - Replacement of the front and rear bearings of the intermediate gear. Modification TU 218.,SB$,28-Jun-2022,SB 292 72 2218 Ver C,,,0:00,,"ARRIEL 2 B, B1, B1A, C, C-PM, C1, C2, C2-CG, D, H, L2, N, S1, S2"
157b8d12-c115-446e-a4dc-d12077751fe2,d88e2641-dd39-4814-9f04-682a3c823bff,SB 29-31-0001,29,SB 29-31-0001,Indicating - Replacement of the pressure switch,SB,30-Sep-2024,SB 29-31-0001,,,0:00,,Model: AS350 Version: B3 Helicopters PRE MOD: 0720202 Helicopters POST MOD: 0770000 or 0770004
157b8d12-c115-446e-a4dc-d12077751fe2,d88e2641-dd39-4814-9f04-682a3c823bff,SB 29-31-0001 Issue 002,29,,Indicating - Replacement of the pressure switch,SB,19-Dec-2024,SB 29-31-0001 Issue 002,,,0:00,,"Model: AS350 Version: B, BA, BB, B1, B2, B3, D Helicopters PRE MOD: 0720202"
157b8d12-c115-446e-a4dc-d12077751fe2,d88e2641-dd39-4814-9f04-682a3c823bff,SB 29-31-0001 Issue 003,29,SB 29-31-0001 Issue 003,Indicating - Replacement of the pressure switch,SB,06-Mar-2025,SB 29-31-0001 Issue 003,,,0:00,,"Model: AS350 Version: B, BA, BB, B1, B2, B3, D, L1 Helicopters PRE MOD: 0720202"
157b8d12-c115-446e-a4dc-d12077751fe2,d88e2641-dd39-4814-9f04-682a3c823bff,SB 29-50-0001,29,SB 29-50-0001,Hydraulic power - Introduction of new hydraulic hoses with carbon PTFE core.,SB,30-Aug-2023,SB 29-50-0001,,,0:00,,"Model: AS350 Version: B, B1, B2, B3, BA, BB, D, L1 Component affected: 9SN21091 (704A34412252), 9SN35101 (704A34412255), 9SN36106 (704A34412256), 9SN40151 (704A34412261), 9SN44191 (704A34412268)"
157b8d12-c115-446e-a4dc-d12077751fe2,d88e2641-dd39-4814-9f04-682a3c823bff,SB 29-50-0001 Issue 2,29,SB 29-50-0001 Issue 2,Hydraulic power - Introduction of new hydraulic hoses with carbon PTFE core,SB,21-Mar-2024,SB 29-50-0001 Issue 2,,,0:00,,"Model: AS350 Version: B, B1, B2, B3, BA, BB, D, L1 Component affected: 9SN21091 (704A34412252), 9SN35101 (704A34412255), 9SN36106 (704A34412256), 9SN40151 (704A34412261), 9SN44191 (704A34412268) Helicopters PREMOD: 0720163 Helicopters POSTMOD: 074239"
157b8d12-c115-446e-a4dc-d12077751fe2,d88e2641-dd39-4814-9f04-682a3c823bff,30.00.05,30,SB 30.00.05 Rev.3,Copilot's Windshield Wiper Installation (Fixed Parts). Pilot's Windshield Wiper Installation (Fixed Parts).,SB#,14-Mar-2002,SB 30.00.05 Rev.3,,,0:00,,"This SB is no longer applicable as from May 01, 2011."
157b8d12-c115-446e-a4dc-d12077751fe2,d88e2641-dd39-4814-9f04-682a3c823bff,30.00.06,30,SB 30.00.06,Copilot's windshield wiper Shaft replacement,SB,08-Jan-1987,SB 30.00.06,,,0:00,,AS 350 Helicopters - Versions: B-D.
157b8d12-c115-446e-a4dc-d12077751fe2,d88e2641-dd39-4814-9f04-682a3c823bff,30.00.07,30,SB 30.00.07,Windshield Wiper Installation,SB,15-Mar-2004,SB 30.00.07,,,0:00,,AS 350 Helicopters Versions B-BA-BB-B1-B2-B3-D and L1
157b8d12-c115-446e-a4dc-d12077751fe2,d88e2641-dd39-4814-9f04-682a3c823bff,SB 30.00.07 R1,30,SB 30.00.07 R1,ICE AND RAIN PROTECTION Windshield Wiper Installation.,SB,28-May-2021,SB 30.00.07 R1,,,0:00,,"AS350 helicopters, versions B, BA, BB, B1, B2, B3, D and L1. Helicopters that have receive the previous Revision are not affected by the Revision 1 of this present Service Bulletin."
157b8d12-c115-446e-a4dc-d12077751fe2,d88e2641-dd39-4814-9f04-682a3c823bff,30.00.09,30,SB 30.00.09 Rev 1,ICE AND RAIN PROTECTION -Windshield wipers Installation of Pilot and Copilot windshield wipers (Removable Parts),SB$,03-Feb-2014,SB 30.00.09 Rev 1,,,0:00,,"Eurocopter AS350 B2, B3 Helicopters post-MOD 073273 and 073274 (SMS block) and not having received installation of Removable Parts of the Pilot and Copilot windshield wipers."
157b8d12-c115-446e-a4dc-d12077751fe2,d88e2641-dd39-4814-9f04-682a3c823bff,31.00.01,31,SB 31.00.01 Rev.1,Installation of an Hour Counter,SB,06-Oct-1983,SB 31.00.01 Rev.1,,,0:00,,All AS 350 Helicopters
157b8d12-c115-446e-a4dc-d12077751fe2,d88e2641-dd39-4814-9f04-682a3c823bff,31.00.02,31,SB 31.00.02,Installation of DATCON Hour Counter,SB,18-Nov-1982,SB 31.00.02,,,0:00,,All AS 350 Helicopters
157b8d12-c115-446e-a4dc-d12077751fe2,d88e2641-dd39-4814-9f04-682a3c823bff,31.00.03,31,SB 31.00.03,Improved NR Min-Max Aural Warning System,SB,04-Jan-1991,SB 31.00.03,,,0:00,,AS 350 Helicopters - Versions B1-L1-B2-L2 Avex
157b8d12-c115-446e-a4dc-d12077751fe2,d88e2641-dd39-4814-9f04-682a3c823bff,31.00.50,31,SB 31.00.50,INDICATION AND RECORDING SYSTEM - Electrical Control and Monitoring Assembly Adaptation of the Outside Air Temperature Probe Dated: 14-Nov-2000,SB,14-Nov-2000,SB 31.00.50,,,0:00,,AS 350 Helicopters - Versions: B3.
157b8d12-c115-446e-a4dc-d12077751fe2,d88e2641-dd39-4814-9f04-682a3c823bff,SB 31.00.52 Rev 4,31,SB 31.00.52 Rev 4,PRODUCT IMPROVEMENT INDICATING AND RECORDING SYSTEMS VEMD version 2005,SB$,24-Mar-2026,SB 31.00.52 Rev 4,,,0:00,,Civil version(s): B3
157b8d12-c115-446e-a4dc-d12077751fe2,d88e2641-dd39-4814-9f04-682a3c823bff,SB 31.00.52 R3,31,SB 31.00.52 R3,INDICATING AND RECORDING SYSTEMS VEMD version 2005,SB$,04-Dec-2023,SB 31.00.52 R3,,,0:00,,Civil version(s): B3
157b8d12-c115-446e-a4dc-d12077751fe2,d88e2641-dd39-4814-9f04-682a3c823bff,31.00.52,31,SB 31.00.52 Rev.2,VEMD version 2005,SB,22-Sep-2015,SB 31.00.52 Rev.2,,,0:00,,"Helicopters equipped with VEMDs ""Vehicle & Engine Multifunction Display"" listed in paragraph 1.A.2. and with Global Positioning System (GPS), compatible with ARINC 429 High Speed, and pre-MOD 073195."
157b8d12-c115-446e-a4dc-d12077751fe2,d88e2641-dd39-4814-9f04-682a3c823bff,31.00.53,31,SB 31.00.53 R1,INDICATING AND RECORDING SYSTEM - Replacement of NR warning boards,SB#,21-Jul-2016,SB 31.00.53 R1,,,0:00,,"AS350 B, BA Helicopters PRE MOD 350A08530800 and equipped with the board mentioned in paragraph 1.A.2. equipped with the board mentioned in para 1.A.2 of the SB."
157b8d12-c115-446e-a4dc-d12077751fe2,d88e2641-dd39-4814-9f04-682a3c823bff,31.00.54,31,SB 31.00.54 Rev.1,INDICATING AND RECORDING SYSTEMS - New VEMD V05 software version,SB,19-Feb-2009,SB 31.00.54 Rev.1,,,0:00,,"Eurocopter AS 350B3 Helicopters equipped with VEMD listed in para 1.A.2. and GPS, compatible with the ARINC 429 High Speed link and pre-MOD 073354. The aircraft on which the previous Revision of this SB was complied with are not concerned by this Rev.1."
157b8d12-c115-446e-a4dc-d12077751fe2,d88e2641-dd39-4814-9f04-682a3c823bff,31.00.56,31,Comtronic SB 1863 001SB,INDICATING AND RECORDING SYSTEMS - Check of the Warning Panel,SB,18-Feb-2010,SB 31.00.56 Rev.1,,,0:00,,Eurocopter AS 350B3 Helicopters equipped with a central warning panel listed in para 1.A. of appended Comtronic SB 1863 001 SB.
157b8d12-c115-446e-a4dc-d12077751fe2,d88e2641-dd39-4814-9f04-682a3c823bff,31.00.57,31,SB 31.00.57 R1,Indicating And Recording Systems - Hour meter Installation of DATCON hour meter Corresponds to modification 073480,SB$,14-Dec-2015,SB 31.00.57 R1,,,0:00,,"Helicopter: - post-MOD 073455 (Electrical installation zone (FADEC)), - post-MOD 074300 (Electrical installation for ARRIEL 2D) (Helicopter version B3), - pre-MOD 074280 (Replacement of SMS unit by Multi-unit), - pre-MOD 073480 (Replacement of relays by rail-mounted models (optional)). or Helicopter: - post-MOD 073455 (Electrical installation zone (FADEC)), - post-MOD 074300 (Electrical installation for ARRIEL 2D) (Helicopter version B3), - post-MOD 074280 (Replacement of SMS unit by Multi-unit), - pre-MOD 350A826108.01 (New hour meter installation)."
157b8d12-c115-446e-a4dc-d12077751fe2,d88e2641-dd39-4814-9f04-682a3c823bff,31.00.58,30,SB 31.00.58 Rev 1,"Indicating And Recording Systems-Installation of a diode on the input circuit of the ""red GOV"" indicator light on the Comtronic type warning panel",SB$,26-Feb-2013,SB 31.00.58 Rev 1,,,0:00,,Helicopters pre-MOD 07 4317. Helicopters equipped ARRIEL 2B1 or 2D engines only. NOTE Refer to the aircraft individual inspection record (or RIC AMS) to identify the actual modification status of the aircraft AMS) to identify the actual modification status of the aircraft.
157b8d12-c115-446e-a4dc-d12077751fe2,d88e2641-dd39-4814-9f04-682a3c823bff,31.00.61,31,SB 31.00.61,Indicating And Recording Systems - Control Warning Panel Check Of Control Warning Panel,SB,05-Dec-2012,SB 31.00.61,,,0:00,,"Helicopters equipped with a control warning panel and whose COMTRONIC France P/Nos. and Serial Numbers (S/N) are identified in paragraph 1.A) of appended Service Bulletin COMTRONIC No. 1863 089 SB, and which are not marked ""Q28 : V"" on the identification plate."
157b8d12-c115-446e-a4dc-d12077751fe2,d88e2641-dd39-4814-9f04-682a3c823bff,31.00.62,31,SB 31.00.62,INDICATING AND RECORDING SYSTEMS,SB,16-Nov-2014,SB 31.00.62,,,0:00,,Helicopters equipped with multi control block (post modification 074280) and pre-modification 074695.
157b8d12-c115-446e-a4dc-d12077751fe2,d88e2641-dd39-4814-9f04-682a3c823bff,31.00.63,31,SB 31.00.63,INDICATING AND RECORDING SYSTEMS - Warning unit,SB,04-Jun-2014,SB 31.00.63,,,0:00,,"Civil version(s): B, B1, B2, BA, BB, D Helicopters equipped with a warning unit Part Number (MP/N) 704A47723006."
157b8d12-c115-446e-a4dc-d12077751fe2,d88e2641-dd39-4814-9f04-682a3c823bff,31.00.64,24,SB 31.00.64,INDICATING AND RECORDING SYSTEMS Modification to the NR indicator electrical power supply Corresponds to modification 074700,SB#,24-Nov-2015,SB 31.00.64,,,0:00,,Helicopters POST MOD 074222 and PRE MOD 074700.
157b8d12-c115-446e-a4dc-d12077751fe2,d88e2641-dd39-4814-9f04-682a3c823bff,31.00.67,31,SB 31.00.67,Increase in helicopter maneuverability in aerial work conditions,SB#,15-Dec-2017,SB 31.00.67,,,0:00,,"Helicopters: - equipped with a VEMD (Vehicle and Engine Multifunction Display) P/N B35000EA01 or B35000FA01, - POST MOD OP4305 (Administrative version B3/C3 equipped with GTM ARRIEL 2D), - POST MOD OP3809 (Electrical cargo sling capability), - PRE MOD 074676 (Upgrade of VEMD software), - PRE MOD 074754 (Upgrade of VEMD software), - PRE MOD 074716 (Mod. of wiring for displaying sling load on VEMD)."
157b8d12-c115-446e-a4dc-d12077751fe2,d88e2641-dd39-4814-9f04-682a3c823bff,31.00.70,31,SB 31.00.70,INDICATING AND RECORDING SYSTEMS,SB$,23-Mar-2017,SB 31.00.70,,,0:00,,"AS350 B3 Helicopter : - POST MOD 074723 (Installation of Garmin G500H EFIS on AS350B3 (Arriel2D)), - PRE MOD OP4727 (G500H - Installation of battery of horizon H321)."
157b8d12-c115-446e-a4dc-d12077751fe2,d88e2641-dd39-4814-9f04-682a3c823bff,SB 31.00.98 R1,31,SB 31.00.98 R1,INDICATING AND RECORDING SYSTEMS - Vehicle Engine Management Display (VEMD) VEMD update.,SB$,12-Jul-2021,SB 31.00.98 R1,,,0:00,,"Helicopters: - That have the VEMD MP/N B35000EA01 (P/N 704A47270209) or MP/N B35000EA03 (P/N 704A47270219) or MP/N B35000FA01 (P/N 704A47270210) or MP/N B35000FA03 (P/N 704A47270218) or MP/N B35000FC03 (P/N 704A47270241) or MP/N B35000FB02 (P/N 704A47270226) or MP/N B35000FB03 (P/N 704A47270234), - That have embodied MOD OP4305 - That have not embodied MOD 075102."
157b8d12-c115-446e-a4dc-d12077751fe2,d88e2641-dd39-4814-9f04-682a3c823bff,SB 31.00.99,31,SB 31.00.99,"INDICATING AND RECORDING SYSTEMS Replacement of the relays and relay supports of the ""sand filter"" and ""hour meter"" installations.",SB,30-Jul-2021,SB 31.00.99,,,0:00,,"Helicopters: - With the ""hour meter"" installation and/or - With the ""sand filter"" installation - With relay P/N GPK25F24V and relay socket P/N K2-SS - Wich have not embodied the modifications that follow: . MOD 073435 . MOD 073436 . MOD 073437."
157b8d12-c115-446e-a4dc-d12077751fe2,d88e2641-dd39-4814-9f04-682a3c823bff,SB 31.01.00,31,SB 31.01.00,INDICATING AND RECORDING SYSTEMS - RECORDER Flight Data Recorder System (FDRS) installation Corresponds to modification OP20089,SB,25-Apr-2023,SB 31.01.00,,,0:00,,Helicopters equipped with an Arriel 2D engine and: - POST MOD 0720112 - PRE MOD OP20089.
157b8d12-c115-446e-a4dc-d12077751fe2,d88e2641-dd39-4814-9f04-682a3c823bff,SB 31-00-0001 Issue 001,31,SB 31-00-0001 Issue 001,Indicating/Recording systems - Vehicle and Engine Multifunction Display (VEMD) replacement,SB,22-Jul-2025,SB 31-00-0001 Issue 001,,,0:00,,Model: AS350 Version: B3 Helicopters PRE MOD: 0720265 Helicopters POST MOD: 075102
157b8d12-c115-446e-a4dc-d12077751fe2,d88e2641-dd39-4814-9f04-682a3c823bff,SB 31-00-0001 Issue 002,31,SB 31-00-0001 Issue 002,Indicating/Recording systems - Vehicle and Engine Multifunction Display (VEMD) replacement,SB$,15-Apr-2026,SB 31-00-0001 Issue 002,,,0:00,,Model: AS350 Version: B3
157b8d12-c115-446e-a4dc-d12077751fe2,d88e2641-dd39-4814-9f04-682a3c823bff,SB 31-70-0001,31,SB 31-70-0001,Indicating and recording systems - Retrofit installation of the mini-WACS,SB,15-Sep-2025,SB 31-70-0001,,,0:00,,AS350 B3
157b8d12-c115-446e-a4dc-d12077751fe2,d88e2641-dd39-4814-9f04-682a3c823bff,32.00.01,32,SB 32.00.01,Footrest for high skid type landing gear,SB,24-Jun-1980,SB 32.00.01,,,0:00,,"AS 350 helicopters, All versions if equipped with high skid landing gear option"
157b8d12-c115-446e-a4dc-d12077751fe2,d88e2641-dd39-4814-9f04-682a3c823bff,32.00.02,32,SB 32.00.02,Sky Type-Reinforcement of rear spatula,SB,15-Jan-1981,SB 32.00.02,,,0:00,,Ail helicopters AS 350.
157b8d12-c115-446e-a4dc-d12077751fe2,d88e2641-dd39-4814-9f04-682a3c823bff,32.00.03,32,SB 32.00.03 Rev.2,Lengthening of skid protective shoes,SB,02-Oct-1990,SB 32.00.03 Rev.2,,,0:00,,"AS 350 helicopters, versions B-C-D-B1-B2-L1-L2 Avex"
157b8d12-c115-446e-a4dc-d12077751fe2,d88e2641-dd39-4814-9f04-682a3c823bff,32.00.04,32,SB 32.00.04 R1,Float type landing gear,SB,23-May-2012,SB 32.00.04 R1,,,0:00,,AS 350 helicopters.
157b8d12-c115-446e-a4dc-d12077751fe2,d88e2641-dd39-4814-9f04-682a3c823bff,32.00.05,32,SB 32.00.05 Rev.1,Protection of the hoist cable,SB,03-Feb-1986,SB 32.00.05 Rev.1,,,0:00,,"AS 350 helicopters, All versions fitted with the hoist installation"
157b8d12-c115-446e-a4dc-d12077751fe2,d88e2641-dd39-4814-9f04-682a3c823bff,32.00.07,32,SB 32.00.07 Rev 1,New standard for aft footsteps of high landing gear,SB,08-Dec-2011,SB 32.00.07 Rev 1,,,0:00,,"AS 350 helicopters, All versions fitted with high skid landing gear"
157b8d12-c115-446e-a4dc-d12077751fe2,d88e2641-dd39-4814-9f04-682a3c823bff,32.00.08,32,SB 32.00.08 Rev.2,Immobilization of the forward cross tube shock absorber attachment clamp,SB,29-May-1989,SB 32.00.08 Rev.2,,,0:00,,AS 350 Helicopters versions B-B1-D-L1.
157b8d12-c115-446e-a4dc-d12077751fe2,d88e2641-dd39-4814-9f04-682a3c823bff,32.00.09,32,SB 32.00.09 Rev.1,Stiffening the shock absorbers,SB,21-Mar-1991,SB 32.00.09 Rev.1,,,0:00,,AS 350 Helicopters versions B-B1-B2-D-L1-L2 Avex fitted with shock absorbers P/N 350A75-2050-05
157b8d12-c115-446e-a4dc-d12077751fe2,d88e2641-dd39-4814-9f04-682a3c823bff,SB 32.00.11 R5,32,SB 32.00.11 R5,LANDING GEAR - L/G skids Reinforced wear plates for skid L/G Related to modification OP3376 or 350P082530.00 or 074965,SB$,08-Jul-2022,SB 32.00.11 R5,,,0:00,,"Helicopter(s) equipped with L/G skids P/N 350A41-1016-XX or 350A41-1079-XX: . PRE MOD 072610 or POST MOD 072610 (anti-gravel paint on landing gear units) . PRE MOD 072111 or POST MOD 072111 (skids with long wear plates), with reinforced wear plates . PRE MOD OP3376."
157b8d12-c115-446e-a4dc-d12077751fe2,d88e2641-dd39-4814-9f04-682a3c823bff,32.00.11,32,SB 32.00.11 Rev 4,"LANDING GEAR - Skid Landing Gear Reinforced wear plates for skid Landing Gear, Corresponds to MOD OP 3376",SB$,26-Feb-2020,SB 32.00.11 Rev 4,,,0:00,,Eurocopter AS350B3 Helicopters equipped with L/G skids P/N 350A41-1016-48XX and 350A41-1016-49XX with reinforced wear plates pre-MOD OP 3376.
157b8d12-c115-446e-a4dc-d12077751fe2,d88e2641-dd39-4814-9f04-682a3c823bff,32.06 A,32,SB 32.06 A,LANDING GEAR,SB,23-Jun-1987,SB 32.06 A,,,0:00,,"CONCERNS AS 350 HELICOPTERS ALL VERSIONS, EQUIPPED WITH BOTH THE OPTIONAL HIGH-TYPE LANDING GEAR AND THE EMERGENCY FLOATATION GEAR INSTALLATION."
157b8d12-c115-446e-a4dc-d12077751fe2,d88e2641-dd39-4814-9f04-682a3c823bff,33.00.03,33,SB 33.00.03,Locator Search Light,SB,22-Oct-1986,SB 33.00.03,,,0:00,,"AS 350 helicopters, All versions"
157b8d12-c115-446e-a4dc-d12077751fe2,d88e2641-dd39-4814-9f04-682a3c823bff,33.00.06,33,SB 33.00.06 Rev.1,Instrument Panel Lightning,SB,22-Apr-1988,SB 33.00.06 Rev.1,,,0:00,,All AS 350 Helicopters
157b8d12-c115-446e-a4dc-d12077751fe2,d88e2641-dd39-4814-9f04-682a3c823bff,33.00.07,33,SB 33.00.07 Rev.1,Installation of a landing light adjustable in elevation,SB,13-Jan-1992,SB 33.00.07 Rev.1,,,0:00,,All AS 350 Helicopters Versions B and D
157b8d12-c115-446e-a4dc-d12077751fe2,d88e2641-dd39-4814-9f04-682a3c823bff,33.00.10,33,SB 33.00.10 Rev.3,Strobe Lights installation on Horizontal stabilizer,SB#,26-Jul-2011,SB 33.00.10 Rev.3,,,0:00,,"This SB is no longer applicable as from Oct 01, 2011."
157b8d12-c115-446e-a4dc-d12077751fe2,d88e2641-dd39-4814-9f04-682a3c823bff,33.00.11,33,SB 33.00.11 Rev.2,Adaptation of cabin lightning for public passenger transport,SB,20-Jan-2000,SB 33.00.11 Rev.2,,,0:00,,"AS 350 type helicopters, versions B - B1 - B2 - BA"
157b8d12-c115-446e-a4dc-d12077751fe2,d88e2641-dd39-4814-9f04-682a3c823bff,33.00.12,33,SB 33.00.12 Rev.2,"Installation of a Retractable Landing Light With Elevation and Azimuth Control on the LH Side of the Aircraft Installation of a Retractable Landing Light With Elevation and Azimuth Control on the LH Side of the Aircraft (Issue Dt: Sep 23, 2003)",SB,23-Sep-2003,SB 33.00.12 Rev.2,,,0:00,,AS 350 Helicopters versions B-BA-B1-D-BB. Version B2 And B3 that do not embody modification OP3816 (2002 Standard).
157b8d12-c115-446e-a4dc-d12077751fe2,d88e2641-dd39-4814-9f04-682a3c823bff,33.00.13,33,SB 33.00.13,Instrument panel and console lighting simplified dimmer Dated: 31-Jul-1989,SB,31-Jul-1989,SB 33.00.13,,,0:00,,"AS 350 helicopters, All versions"
157b8d12-c115-446e-a4dc-d12077751fe2,d88e2641-dd39-4814-9f04-682a3c823bff,33.00.14,33,SB 33.00.14 Rev.1,"Adaptation of cabin lighting for public air transport (Issue Dt: Apr 10, 2006)",SB$,10-Apr-2006,SB 33.00.14 Rev.1,,,0:00,,AS 350 Helicopters versions B-BA-B1-B2-B3 post Mod 072617
157b8d12-c115-446e-a4dc-d12077751fe2,d88e2641-dd39-4814-9f04-682a3c823bff,33.00.16,33,SB 33.00.16,New Spot light for instrument Panel,SB,29-Sep-1999,SB 33.00.16,,,0:00,,Type AS 350 helicopters - Version B3. Corresponds to MOD 350A072838
157b8d12-c115-446e-a4dc-d12077751fe2,d88e2641-dd39-4814-9f04-682a3c823bff,33.00.19,33,SB 33.00.19,Relocating the Landing Light Power Supply circuitry to Prevent Overheating of Landing Gear Power Supply PCB,SB,30-Oct-2000,SB 33.00.19,,,0:00,,"Eurocopter AS 350, versions B, BA, BB, B2, B3, L1 and D Helicopters."
157b8d12-c115-446e-a4dc-d12077751fe2,d88e2641-dd39-4814-9f04-682a3c823bff,33.00.19,33,"SB 33.00.19, Rev 0",L1GHTS ReIocating the Landing Light Power Supply Circuitry to Prevent Overheating of Landing Gear Power Supply PCB.,SB,30-Oct-2000,"SB 33.00.19, Rev 0",,,0:00,,"AS 350 helicopters, versions B, BA, BB, B2, B3, L1 and D."
157b8d12-c115-446e-a4dc-d12077751fe2,d88e2641-dd39-4814-9f04-682a3c823bff,33.00.20,33,SB 33.00.20 Rev.1,"Installation of the Swiveling Landing Light Post-2002 Standard (Issue Dt: Sep 23, 2003)",SB,23-Sep-2003,SB 33.00.20 Rev.1,,,0:00,,"AS 350 Helicopters versions B2 and B3 , corresponding to the 2000 standard , that embody Mod OP3816"
157b8d12-c115-446e-a4dc-d12077751fe2,d88e2641-dd39-4814-9f04-682a3c823bff,33.00.22,33,SB 33.00.22 Rev 2,LED position Lights,SB,23-Oct-2014,SB 33.00.22 Rev 2,,,0:00,,Helicopters PRE MOD 073335 and POST MOD 073162. Helicopters on which this Service Bulletin Revision 1 has been complied with are concerned by this Revision 2.
157b8d12-c115-446e-a4dc-d12077751fe2,d88e2641-dd39-4814-9f04-682a3c823bff,33.00.40,33,SB 33.00.40 R1,"LIGHTING - Outer lighting Improvement of wiring protection in the stabilizer, Corresponds to MOD 074720",SB,07-Apr-2016,SB 33.00.40 R1,,,0:00,,"Civil versions: B2, B3 Helicopters PRE MOD 074720."
157b8d12-c115-446e-a4dc-d12077751fe2,d88e2641-dd39-4814-9f04-682a3c823bff,34.00.01,34,SB 34.00.01,SPERRY GH 14 gyro-horizon Fixed and removable parts,SB,04-Feb-1983,SB 34.00.01,,,0:00,,All AS 350 Helicopters
157b8d12-c115-446e-a4dc-d12077751fe2,d88e2641-dd39-4814-9f04-682a3c823bff,34.00.02,34,SB 34.00.02 Rev:1,"Gyro-compass KING -KCS 55 A 01 (""Auto-flight"" version)",SB,23-Feb-1998,SB 34.00.02 Rev:1,,,0:00,,"AS 350 helicopters, versions B, BA, BB, Bl, B2, Ll, D."
157b8d12-c115-446e-a4dc-d12077751fe2,d88e2641-dd39-4814-9f04-682a3c823bff,34.00.03,34,SB 34.00.03 Rev.2,Installation of a vertical gyro unit SFENA H140 gyro horizon,SB,21-Mar-1981,SB 34.00.03 Rev.2,,,0:00,,"AS 350 helicopters, versions B-D-B1-L1-Avex"
157b8d12-c115-446e-a4dc-d12077751fe2,d88e2641-dd39-4814-9f04-682a3c823bff,34.00.04,34,SB 34.00.04,Installation of a vertical gyro unit FF IM GB 76.2,SB,04-Feb-1983,SB 34.00.04,,,0:00,,All AS 350 Helicopters fitted with Autopilot SFIM 85 E
157b8d12-c115-446e-a4dc-d12077751fe2,d88e2641-dd39-4814-9f04-682a3c823bff,34.00.05,34,SB 34.00.05 Rev.1,Pitot Static system (Total Pressure Head),SB,24-Apr-1990,SB 34.00.05 Rev.1,,,0:00,,"All AS 350 helicopters, versions B"
157b8d12-c115-446e-a4dc-d12077751fe2,d88e2641-dd39-4814-9f04-682a3c823bff,34.00.06,34,SB 34.00.06,Relocation of the Marker Antennae,SB,23-Jul-1992,SB 34.00.06,,,0:00,,"AS 350 helicopters, versions B-B1-B2-D-L1 equipped with MARKER KR 21 or MKR 350"
157b8d12-c115-446e-a4dc-d12077751fe2,d88e2641-dd39-4814-9f04-682a3c823bff,34.00.08,34,SB 34.00.08,"""TRIMBLE NAVIGATION"" global positioning system",SB,11-Jan-1993,SB 34.00.08,,,0:00,,"AS 350 helicopters, versions B-BA-D-B1-B2-L1 fitted with TRIMBLE NAVIGATION"" TNL 2000 global positioning system P/N 13824-02-101,-102,-103,-104,-0106,-0106A"
157b8d12-c115-446e-a4dc-d12077751fe2,d88e2641-dd39-4814-9f04-682a3c823bff,34.00.10,34,SB 34.00.10,Installation of SHADIN 8800T Altitude Encoder Dated: 21-Dec-2000,SB,21-Dec-2000,SB 34.00.10,,,0:00,,"AS 350 helicopters, versions B-BA-B2-B3."
157b8d12-c115-446e-a4dc-d12077751fe2,d88e2641-dd39-4814-9f04-682a3c823bff,34.00.11,34,SB 34.00.11,Installation of KING KT76AMode A/C Transponder Dated: 21-Dec-2000,SB,21-Dec-2000,SB 34.00.11,,,0:00,,"AS 350 helicopters, versions B-BA-B2-B3."
157b8d12-c115-446e-a4dc-d12077751fe2,d88e2641-dd39-4814-9f04-682a3c823bff,34.00.14,34,SB 34.00.14,"GARMIN GTX 330 Mode S transponder installation (Issue Dt: Aug 25, 2006)",SB,25-Aug-2006,SB 34.00.14,,,0:00,,Helicopters Post Mod OP3184 (GARMIN GTX 327 Transponder) and pre Mod OP3294
157b8d12-c115-446e-a4dc-d12077751fe2,d88e2641-dd39-4814-9f04-682a3c823bff,34.00.15,34,SB 34.00.15,"Replacement of AHV16 radio-altimeter indicator with Decision Height aural warning unit (DH) (Issue Dt: May 31, 2007)",SB,31-May-2007,SB 34.00.15,,,0:00,,Helicopters equipped with AHV16 radio altimeter (Modifications 072672 and 072673) pre mod OP3276 and on which DWG 350A085196 was embodied (aural warning+IND821 RADALT indicator coming on).
157b8d12-c115-446e-a4dc-d12077751fe2,d88e2641-dd39-4814-9f04-682a3c823bff,34.00.17,34,SB 34.00.17,NAVIGATION - Radio Altimeter: AHV 16 (ERT160) Transceiver; improved reliability of the radio altimeter height signal transmitted for autopilot coupling and display of the radio altimeter indication,SB,25-May-2009,SB 34.00.17,,,0:00,,Eurocopter AS350B3 Helicopters equipped with Radio Altimeter: AHV 16 (ERT160) Transceiver P/N 9599-607-18503(704A445721035) which is not modified in accordance with Thales SB No.ERT-160-34-009.
157b8d12-c115-446e-a4dc-d12077751fe2,d88e2641-dd39-4814-9f04-682a3c823bff,34.00.20,34,SB 34.00.20,NAVIGATION - Altimeter Check of the altimeter,SB#,16-Sep-2015,SB 34.00.20,,,0:00,,"Helicopters POST MOD 07-3368 and PRE MOD AL 4236 whose Serial Nos. (S/N) 4697, 4892, 4894, 4897, 4899, 4902, 4905, 4908, 4910, 4912, 4913, 4914, 4917, 4918, 4919, 4922, 4923, 4928, 4931, 4932, 4934, 4935, 4938, 4939, 4940, 4943, 4944, 4948, 4949, 4950, 4952, 4953, 4955, 4957, 4959, 4961, 4965, 4966, , 4974, 4977, 4978, 4982, 4983, 4984, 4987, 4988, 4989, 4993, 4994, 4995, 4998, 5000, 7001, 7003, 7004, 7005, 7008, 7010, 7012, 7013, 7015, 7016, 7019, 7020, 7023, 7024, 7025, 7027, 7028, 7030, 7032, 7033, 7035, 7036, 7038, 7039, 7041, 7043, 7044, 7045, 7048, 7049, 7051, 7056, 7057, 7059, 7060, 7063, 7064, 7065, 7067, 7068, 7070, 7073, 7076, 7078, 7082, 7084, 7150"
157b8d12-c115-446e-a4dc-d12077751fe2,d88e2641-dd39-4814-9f04-682a3c823bff,34.00.23,34,SB 34.00.23,NAVIGATION - Standby compass Check of the standby compass lighting power supply harness,SB,16-Feb-2017,SB 34.00.23,,,0:00,,Helicopters/installed equipment or parts Helicopters equipped with a standby compass with a part number listed in paragraph 1.0.A. (Tables 1.0 to 3.0) of appended SIRS NAVIGATION equipment manufacturer Service Bulletin No. CE2-A26-34-001. Non-installed equipment or parts Standby compasses and harnesses listed in paragraph 1.0.A. (Tables 1.0 to 3.0) of appended SIRS NAVIGATION equipment manufacturer Service Bulletin No. CE2-A26-34-001.
157b8d12-c115-446e-a4dc-d12077751fe2,d88e2641-dd39-4814-9f04-682a3c823bff,SB 34.00.31,34,SB 34.00.31,NAVIGATION Update of the software of the GPS GTN 650Xi Related to modification 0720206,SB$,01-Jul-2022,SB 34.00.31,,,0:00,,Helicopters: - That are: ? POST MOD 0720035 ? PRE MOD 0720112 ? PRE MOD 0720206 - That have the GPS GTN 650Xi configured: GTN650 Xi FMS/GPS/VHF/VLOC (configured) 350A65-7248-01 Software 006-B3191-03 (707A49439556) GPS GTN 650Xi (Not configured) 010-01999-00 (704A45807123)
157b8d12-c115-446e-a4dc-d12077751fe2,d88e2641-dd39-4814-9f04-682a3c823bff,SB 34-11-0001 Issue 001,34,SB 34-11-0001 Issue 001,Flight Environment Data - Redesign of the pitot support,SB,06-Jun-2025,SB 34-11-0001 Issue 001,,,0:00,,"Model: AS350 Version: B, B1, B2, B3, BA, BB, D, L1 Helicopters PRE MOD: 0720282"
157b8d12-c115-446e-a4dc-d12077751fe2,d88e2641-dd39-4814-9f04-682a3c823bff,39.00.02,39,SB 39.00.02,Provision of THOMMEN clock installation,SB,01-Jun-1987,SB 39.00.02,,,0:00,,"AS 350 helicopters, All versions with instrument panel mounted clock"
157b8d12-c115-446e-a4dc-d12077751fe2,d88e2641-dd39-4814-9f04-682a3c823bff,39.00.03,39,SB 39.00.03,Increasing Minimum NR alarm trigger level,SB,28-Sep-1989,SB 39.00.03,,,0:00,,AS 350 helicopters. Versions: B
157b8d12-c115-446e-a4dc-d12077751fe2,d88e2641-dd39-4814-9f04-682a3c823bff,39.00.04,39,SB 39.00.04 Rev.1,Detection and Warning Mini.NR/Max.NR,SB,04-Oct-1991,SB 39.00.04 Rev.1,,,0:00,,AS 350 helicopters. Versions: B1-L1
157b8d12-c115-446e-a4dc-d12077751fe2,d88e2641-dd39-4814-9f04-682a3c823bff,39.00.05,39,SB 39.00.05,"Checking the connection of the fuse protecting the ""NR/NTL"" indicator",SB,05-Jul-1991,SB 39.00.05,,,0:00,,AS 350 helicopters. Versions B2 delivered before 15th March 1991.
157b8d12-c115-446e-a4dc-d12077751fe2,d88e2641-dd39-4814-9f04-682a3c823bff,SB 39.00.06 R2,24,SB 39.00.06 R2,ELECTRONIC / ELECTRIC PANELS MULTIPLE-USE EQUIPMENT Replacement of the 4-Data Indicator Corresponds to modification 072475,SB$,30-Sep-2021,SB 39.00.06 R2,,,0:00,,Helicopters PRE MOD 072475. Helicopters which have already complied with former revisions of this Service Bulletin are not concerned by revision 2 of this Service Bulletin.
157b8d12-c115-446e-a4dc-d12077751fe2,d88e2641-dd39-4814-9f04-682a3c823bff,39.00.06,39,SB 39.00.06 Rev.1,Replacement of the 4-Data Indicator,SB,07-Oct-1996,SB 39.00.06 Rev.1,,,0:00,,"AS 350 helicopters, versions B1, B2, L1"
157b8d12-c115-446e-a4dc-d12077751fe2,d88e2641-dd39-4814-9f04-682a3c823bff,39.00.07,39,SB 39.00.07 Rev.3,"Installation of ""SIGMATEK"" 4 Data Indicator",SB,12-Jan-1998,SB 39.00.07 Rev.3,,,0:00,,"AS 350 helicopters, versions B, BA, D."
157b8d12-c115-446e-a4dc-d12077751fe2,d88e2641-dd39-4814-9f04-682a3c823bff,39.00.09,39,SB 39.00.09,Honeywell Electric Control Panel,SB,19-Dec-1996,SB 39.00.09,,,0:00,,"AS 350 helicopters, versions B, B1, B2, BA, D, L1."
157b8d12-c115-446e-a4dc-d12077751fe2,d88e2641-dd39-4814-9f04-682a3c823bff,SB 39.00.12,25,SB 39.00.12,ELECTRONIC / ELECTRIC PANELS MULTIPLE-USE EQUIPMENT Check of the connectivity between the power supply module and the control and monitoring unit (SMS unit),SB,04-Dec-2020,SB 39.00.12,,,0:00,,"Helicopters: - equipped with the control unit MP/N 052706B-A, 052706A-A, 052706C-A or 074102A-A with a Serial Number (S/N) that is listed in paragraph 4. of the Cobham Avionics Service Bulletin (Appendix 4.A.), - POST MOD 073273, - POST MOD 073274."
157b8d12-c115-446e-a4dc-d12077751fe2,d88e2641-dd39-4814-9f04-682a3c823bff,SB 46-10-0001 Issue 002,46,SB 46-10-0001 Issue 002,Acquisition - WACS S/W update,SB,31-Jan-2025,SB 46-10-0001 Issue 002,,,0:00,,Model: AS350 Version: B3 Helicopters PRE MOD: 0720315 Helicopters POST MOD: 0720087
157b8d12-c115-446e-a4dc-d12077751fe2,d88e2641-dd39-4814-9f04-682a3c823bff,52.00.08,52,SB 52.00.08,"""High visibility"" installation on cabin doors (Issue Dt: 11-Jan-1989)",SB,11-Jan-1989,SB 52.00.08,,,0:00,,All AS 350 Helicopters
157b8d12-c115-446e-a4dc-d12077751fe2,d88e2641-dd39-4814-9f04-682a3c823bff,52.00.14,52,SB 52.00.14 Rev.5,Installation of Sliding Door,SB$,08-Sep-2016,SB 52.00.14 Rev.5,,,0:00,,This SB is no longer applicable
157b8d12-c115-446e-a4dc-d12077751fe2,d88e2641-dd39-4814-9f04-682a3c823bff,52.00.15,52,SB 52.0015,"Protection of seals Sliding Doors locking area. SB Dated : April 10, 1986",SB,10-Apr-1986,SB 52.00.15,,,0:00,,"AS 350 helicopters, fitted with sliding doors"
157b8d12-c115-446e-a4dc-d12077751fe2,d88e2641-dd39-4814-9f04-682a3c823bff,52.00.16,52,SB 52.00.16,Visualization of sliding door closure,SB,22-Oct-1998,SB 52.00.16,,,0:00,,"AS 350 helicopters, All versions. All aircraft fitted with sliding doors embodying modification 350AOP-0509: Indicating light of side hold doors."
157b8d12-c115-446e-a4dc-d12077751fe2,d88e2641-dd39-4814-9f04-682a3c823bff,52.00.17,52,SB 52.00.17,Improvement closing of small and sliding doors (LH and RH sides),SB,16-Dec-1986,SB 52.00.17,,,0:00,,"AS 350 helicopters, versions B and D fitted with small and sliding doors."
157b8d12-c115-446e-a4dc-d12077751fe2,d88e2641-dd39-4814-9f04-682a3c823bff,52.00.19,52,SB 52.00.19 Rev.1,Installation of sliding door lower stop,SB,23-Mar-1989,SB 52.00.19 Rev.1,,,0:00,,"AS 350 helicopters, versions B- B1-D."
157b8d12-c115-446e-a4dc-d12077751fe2,d88e2641-dd39-4814-9f04-682a3c823bff,52.00.20,52,SB 52.00.20,Locking of small and standard doors for passenger transport,SB,08-Sep-1988,SB 52.00.20,,,0:00,,"AS 350 helicopters, versions B- B1-D."
157b8d12-c115-446e-a4dc-d12077751fe2,d88e2641-dd39-4814-9f04-682a3c823bff,52.00.21,52,SB 52.00.21 Rev.2,Improvement of upper striking plate locking on basic doors,SB,24-Nov-1995,SB 52.00.21 Rev.2,,,0:00,,"AS 350 helicopters, versions B1 - B2."
157b8d12-c115-446e-a4dc-d12077751fe2,d88e2641-dd39-4814-9f04-682a3c823bff,52.00.22,52,SB 52.00.22,Locking pilot's and copilot's small cabin doors,SB,21-Mar-1991,SB 52.00.22,,,0:00,,AS 350 Helicopters versions B-D-B1-B2-L1-L2 on which modification 350A07.1415
157b8d12-c115-446e-a4dc-d12077751fe2,d88e2641-dd39-4814-9f04-682a3c823bff,52.00.24,52,SB 52.00.24,Improved pilot door and copilot door deflector attachment,SB,25-Nov-1999,SB 52.00.24,,,0:00,,"Pilot and copilot door fitted with a deflector.Date of Issue : November 25, 1999"
157b8d12-c115-446e-a4dc-d12077751fe2,d88e2641-dd39-4814-9f04-682a3c823bff,52.00.25,52,SB 52.00.25 R1,"Improved Closing System for the Side Baggage Compartment Doors Dated:May 17, 2000",SB,13-Oct-2015,SB 52.00.25 R1,,,0:00,,"AS 350 helicopters - Versions B, BA, BB, B1, B2, B3, D, L1. Corresponds to MOD 350/1073016"
157b8d12-c115-446e-a4dc-d12077751fe2,d88e2641-dd39-4814-9f04-682a3c823bff,52.00.26,52,SB 52.00.26,Adding Another Lock to the Baggage Compartment Basic- Version (Monolithic) Side Doors (Issue Dt: Aug-21-2000),SB,21-Aug-2000,SB 52.00.26,,,0:00,,"AS 350 Helicopters - Versions B, BA, BB, B1, B2, B3, D, L1.Date of Issue: 21-Aug-2000"
157b8d12-c115-446e-a4dc-d12077751fe2,d88e2641-dd39-4814-9f04-682a3c823bff,52.00.29,52,SB 52.00.29,Improvement of LH and RH sliding doors,SB,06-Jul-2006,SB 52.00.29,,,0:00,,Helicopters Pre Mod 073287-LH Sliding Door. Helicopters Pre Mod 073290-RH Sliding Door.
157b8d12-c115-446e-a4dc-d12077751fe2,d88e2641-dd39-4814-9f04-682a3c823bff,52.00.31,52,SB 52.00.31 R2,DOORS - Modified center lock bolt for LH and RH cargo doors (obsolescent locks),SB$,17-Apr-2020,SB 52.00.31 R2,,,0:00,,"Helicopters equipped with cargo doors listed in paragraph 1.A.2. and - post-MOD 073016 (Locking of lateral cargo doors), - post-MOD 073041 (Addition of a rear locking point on cargo doors), - pre-MOD 073406."
157b8d12-c115-446e-a4dc-d12077751fe2,d88e2641-dd39-4814-9f04-682a3c823bff,SB 52.00.31 R3,52,SB 52.00.31 R3,DOORS Modified center lock bolt for LH and RH cargo doors (obsolescent locks) Corresponds to MOD 073406,SB,24-Jun-2022,SB 52.00.31 R3,,,0:00,,"Civil version(s): B, B1, B2, B3, BA, BB, D"
157b8d12-c115-446e-a4dc-d12077751fe2,d88e2641-dd39-4814-9f04-682a3c823bff,52.00.32,52,SB 52.00.32 R2,DOORS Improvement of window panel installation on pilot and copilot doors,SB,04-Apr-2016,SB 52.00.32 R2,,,0:00,,Helicopters whose serial number is lower than 7183.
157b8d12-c115-446e-a4dc-d12077751fe2,d88e2641-dd39-4814-9f04-682a3c823bff,52.00.32,52,SB 52.00.32 R2,Improvement of window panel installation on pilot and copilot doors.,SB$,07-Apr-2016,SB 52.00.32 R2,,,0:00,,"Applicable for AS 350 B, B1, B2, B3, BA, BB, D. Helicopters whose serial number is lower than 7183."
157b8d12-c115-446e-a4dc-d12077751fe2,d88e2641-dd39-4814-9f04-682a3c823bff,SB 52.00.37,52,SB 52.00.37,DOORS - DOOR ASSY OF THE REAR CARGO COMPARTMENT Obsolescence of the lock on the rear cargo door,SB$,13-Jul-2022,SB 52.00.37,,,0:00,,Helicopters: - That have the rear cargo door MP/N 350A21-0023-00/01/02 with the lock MP/N 90-21-31P - That are: ? PRE MOD 074202 ? PRE MOD 078018.
157b8d12-c115-446e-a4dc-d12077751fe2,d88e2641-dd39-4814-9f04-682a3c823bff,52.00.38,52,SB 52.00.38,DOORS - Cabin door Modification to the lower catch of the LH reduced-size cabin door Corresponds to modification 074736,SB,05-Oct-2017,SB 52.00.38,,,0:00,,"Helicopters equipped with a LH reduced-size cabin door: - PRE MOD OP1919 or on which Service Bulletin No 52.00.20 was not complied with, - PRE MOD 074736"
157b8d12-c115-446e-a4dc-d12077751fe2,d88e2641-dd39-4814-9f04-682a3c823bff,SB 52.00.56,52,SB 52.00.56,DOORS - Sliding doors Reinforced bracket on LH and RH sliding doors.,SB,28-Jul-2021,SB 52.00.56,,,0:00,,"Helicopters equipped with LH and/or RH sliding door(s) and: - PRE MODs: . 074267, . OP4268, . 074732, . 0720042."
157b8d12-c115-446e-a4dc-d12077751fe2,d88e2641-dd39-4814-9f04-682a3c823bff,SB 52.00.56 R1,52,SB 52.00.56 R1,DOORS - Sliding doors Reinforced bracket on LH and RH sliding doors Corresponds to modification 0720042,SB,11-Oct-2022,SB 52.00.56 R1,,,0:00,,"CONF 1 Helicopters equipped with a LH sliding door and: - PRE MODs: . 074732, . 0720042. and - POST MOD 074267. CONF 2 Helicopters equipped with LH and RH sliding doors and: - PRE MODs: . 074732, . 0720042. and - POST MOD 074267. CONF 3 Helicopters equipped with a LH sliding door and: - PRE MODs: . 0720042. and - POST MODs: . 074267, . 074732. CONF 4 Helicopters equipped with LH and RH sliding doors and: - PRE MOD: . 0720042. and - POST MODs: . 074267, . 074732."
157b8d12-c115-446e-a4dc-d12077751fe2,d88e2641-dd39-4814-9f04-682a3c823bff,SB 52.00.56 R2,52,SB 52.00.56 R2,DOORS - Sliding doors Reinforced bracket on LH and RH sliding doors Corresponds to modification 0720042.,SB,10-Jul-2023,SB 52.00.56 R2,,,0:00,,"Civil version(s): B, B1, B2, B3, BA, BB, D"
157b8d12-c115-446e-a4dc-d12077751fe2,d88e2641-dd39-4814-9f04-682a3c823bff,SB 52.00.59,52,SB 52.00.59,DOORS - CARGO DOORS Cargo doors locks improvement,SB,29-Sep-2022,SB 52.00.59,,,0:00,,Helicopters PRE MOD 0720021: - That have the cargo doors that follow: . RH cargo door MP/N 350A21-0532-0101 or 350A21-0532-0301 or 350A21-0532-0302 . LH cargo door MP/N 350A21-0532-0001 or 350A21-0532-0201 or 350A21-0532-0401 - Or that have apply the Service Bulletin No 52.00.31 or No 52.00.62.
157b8d12-c115-446e-a4dc-d12077751fe2,d88e2641-dd39-4814-9f04-682a3c823bff,SB 52.00.62 R0,52,SB 52.00.62 R0,DOORS Modified center lock bolt for LH and RH cargo doors (obsolescent locks),SB$,21-Dec-2021,SB 52.00.62 R0,,,0:00,,Helicopters equipped with cargo doors listed in paragraph 1.A.2. and: - POST MOD 073016 - POST MOD 073041 - PRE MOD 073406.
157b8d12-c115-446e-a4dc-d12077751fe2,d88e2641-dd39-4814-9f04-682a3c823bff,SB 52.00.63,32,SB 52.00.63,DOORS - DOOR ASSY OF THE REAR CARGO COMPARTMENT Obsolescence of the lock on the rear cargo door Related to modification 078018,SB,13-Jul-2022,SB 52.00.63,,,0:00,,Helicopters: - That have the rear cargo door MP/N 350A21-0023-00/02 with the lock MP/N 90-21-31P - That are: PRE MOD 074202 PRE MOD 078018.
157b8d12-c115-446e-a4dc-d12077751fe2,d88e2641-dd39-4814-9f04-682a3c823bff,SB 52.90.68,52,SB 52.90.68,DOORS Replacement of the RH normal door and flap by a RH reduced-size door and sliding door,SB$,16-Jun-2023,SB 52.90.68,,,0:00,,Helicopter shown on page 1 with a metallic canopy that have a RH normal door and RH flap given in paragraph 1.A.2.
157b8d12-c115-446e-a4dc-d12077751fe2,d88e2641-dd39-4814-9f04-682a3c823bff,SB 52-00-0001 Issue 001,52,SB 52-00-0001 Issue 001,Doors - Replacement of the upper locking pin of the crew's reduced door,SB,06-Jun-2025,SB 52-00-0001 Issue 001,,,0:00,,Model: AS350 Version: B / B1 / B2 / B3 / BA / BB / D / L1 Helicopters PRE MOD: 0720305
157b8d12-c115-446e-a4dc-d12077751fe2,d88e2641-dd39-4814-9f04-682a3c823bff,53.00.06,53,SB 53.00.06 R4,Provision for ballast in Tail Boom,SB,18-Aug-2017,SB 53.00.06 R4,,,0:00,,"Helicopters: - POST MOD 070476 (Structural capabilities for tail ballast plates between 5 and 15 kg) covered by Service Bulletin No. 53.00.05, - PRE MODs: . 070475 (1.2 to 5 kg of ballast in tail cone), . 070477 (5 to15 kg of ballast in tail cone), . 071364 (Increase in tail cone ballast)."
157b8d12-c115-446e-a4dc-d12077751fe2,d88e2641-dd39-4814-9f04-682a3c823bff,SB 53.00.06 R5,53,SB 53.00.06 R5,FUSELAGE Ballast capability in tail boom.,SB$,07-Sep-2023,SB 53.00.06 R5,,,0:00,,"Helicopters: - POST MOD 070476 (Structural capabilities for tail ballast plates between 5 and 15 kg) covered by Service Bulletin No. 53.00.05, - PRE MODs: . 070475 (1.2 to 5 kg of ballast in tail cone), . 070477 (5 to15 kg of ballast in tail cone), . 071364 (Increase in tail cone ballast)."
157b8d12-c115-446e-a4dc-d12077751fe2,d88e2641-dd39-4814-9f04-682a3c823bff,53.00.10,53,SB 53.00.10 Rev.a,To improve visibility looking forward,SB,27-Mar-1981,SB 53.00.10 Rev.a,,,0:00,,"All AS 350 helicopters, all versions."
157b8d12-c115-446e-a4dc-d12077751fe2,d88e2641-dd39-4814-9f04-682a3c823bff,53.00.16,53,SB 53.00.16 Rev.4,Locking The MGB and Engine Cowlings,SB,30-Mar-1992,SB 53.00.16 Rev.4,,,0:00,,AS 350 Helicopters Versions B-B1-D-L1-BA
157b8d12-c115-446e-a4dc-d12077751fe2,d88e2641-dd39-4814-9f04-682a3c823bff,53.00.18,53,SB 53.00.18,Tailboom capable of reinforced horizontal stabilizer,SB,02-Apr-1987,SB 53.00.18,,,0:00,,AS 350 helicopters. Versions: B and D
157b8d12-c115-446e-a4dc-d12077751fe2,d88e2641-dd39-4814-9f04-682a3c823bff,53.00.19 R1,53,SB 53.00.19 R1,Reinforcement of No.5 Bearing mount on tailboom,SB,05-Nov-2020,SB 53.00.19 R1,,,0:00,,AS 350 helicopters. Versions: B
157b8d12-c115-446e-a4dc-d12077751fe2,d88e2641-dd39-4814-9f04-682a3c823bff,53.00.22,53,SB 53.00.22 Rev.3,Two Piece Windshield installation,SB,04-Oct-1991,SB 53.00.22 Rev.3,,,0:00,,"AS 350 Helicopters versions B-D-B1-L1-B2, Avex"
157b8d12-c115-446e-a4dc-d12077751fe2,d88e2641-dd39-4814-9f04-682a3c823bff,53.00.23,53,SB 53.00.23 Rev.1,Vibration Damper Blade P/N 350A21-1383-23,SB,20-Jan-1993,SB 53.00.23 Rev.1,,,0:00,,"AS 350 Helicopters versions B-BA-D-B1-B2-L1, Avex on which the vibration dampers are fitted with blades P/N 350A21-1383-23, whether or they are marked ""R""."
157b8d12-c115-446e-a4dc-d12077751fe2,d88e2641-dd39-4814-9f04-682a3c823bff,53.00.24,53,SB 53.00.24 Rev.2,Removing Side Console from Instrument panel LH side Dated: 26-Nov-2001,SB,26-Nov-2001,SB 53.00.24 Rev.2,,,0:00,,"AS 350 helicopters. Versions: B, B1, B2, B3, BA.Date of Issue: November 26, 2001"
157b8d12-c115-446e-a4dc-d12077751fe2,d88e2641-dd39-4814-9f04-682a3c823bff,53.00.25,53,SB 53.00.25,Securing the Engine Cowling Hinge Pin,SB,30-Oct-1992,SB 53.00.25,,,0:00,,AS 350 helicopters; versions: B-D-B1-B2-BA-D-L1
157b8d12-c115-446e-a4dc-d12077751fe2,d88e2641-dd39-4814-9f04-682a3c823bff,53.00.26,53,SB 53.00.26,"New Engine Cowling Definitions, for series or retrofit embodiment",SB,17-Mar-1998,SB 53.00.26,,,0:00,,AS 350 helicopters; versions: B-D-B1-B2-BA-L1
157b8d12-c115-446e-a4dc-d12077751fe2,d88e2641-dd39-4814-9f04-682a3c823bff,53.00.27,53,SB 53.00.27,New Fasteners For the bottom Structure Fairings,SB,13-Mar-1997,SB 53.00.27,,,0:00,,"AS 350 helicopters - Versions: B, BA, BB, B1, B2, D."
157b8d12-c115-446e-a4dc-d12077751fe2,d88e2641-dd39-4814-9f04-682a3c823bff,53.00.28,53,SB 53.00.28 Rev 2,Tail Rotor Protection,SB,19-Nov-2014,SB 53.00.28 Rev 2,,,0:00,,"AS 350 helicopters. Versions: B, B1, B2, B3, BA, BB, D, L1."
157b8d12-c115-446e-a4dc-d12077751fe2,d88e2641-dd39-4814-9f04-682a3c823bff,53.00.29,53,SB 53.00.29 Rev.1,Reinforcement of the horizontal angle on tail boom RH side at frame X3035,SB,28-Feb-2000,SB 53.00.29 Rev.1,,,0:00,,Tail boom assembly P/No. 350A23XXXX.
157b8d12-c115-446e-a4dc-d12077751fe2,d88e2641-dd39-4814-9f04-682a3c823bff,53.00.32,53,SB 53.00.32 Rev 1,Modification of Entablure For Medical Evacuation Installation,SB,03-Feb-2014,SB 53.00.32 Rev 1,,,0:00,,AS 350 Helicopters Versions B3
157b8d12-c115-446e-a4dc-d12077751fe2,d88e2641-dd39-4814-9f04-682a3c823bff,53.00.35,53,SB 53.00.35,Replacement of air intake seal with sand filter capability,SB,09-Aug-2006,SB 53.00.35,,,0:00,,Helicopters equipped with grid type air intake or air intake with FAS and pre Mod 073207
157b8d12-c115-446e-a4dc-d12077751fe2,d88e2641-dd39-4814-9f04-682a3c823bff,53.00.40,53,SB 53.00.40,"FUSELAGE - New ARRIEL engine air intake seal, Corresponds to MOD 073453",SB$,19-Jul-2011,SB 53.00.40,,,0:00,,Eurocopter AS350B3 Helicopters equipped with ARRIEL engine pre-MOD 073453 and pre- or post-MOD 073207 (Service Bulletin No. 53.00.35).
157b8d12-c115-446e-a4dc-d12077751fe2,d88e2641-dd39-4814-9f04-682a3c823bff,53.00.42,21,SB 53.00.42,New cabin vibration damper blade(Corresponds to MOD 073353).,SB$,03-May-2012,SB 53.00.42,,,0:00,,"Helicopters AS350 B, B1, B2, B3, BA, BB. And Helicopters pre-MOD 073353."
157b8d12-c115-446e-a4dc-d12077751fe2,d88e2641-dd39-4814-9f04-682a3c823bff,SB 53.00.43 R4,53,SB 53.00.43 R4,FUSELAGE EC130 B4 type thermal protection optional installation on AS350 B3.,SB$,18-Jan-2021,SB 53.00.43 R4,,,0:00,,SB 53.00.43 R4
157b8d12-c115-446e-a4dc-d12077751fe2,d88e2641-dd39-4814-9f04-682a3c823bff,53.00.43,53,SB 53.00.43 Rev 3,FUSELAGE - Cowlings and fairings Optional EC130 B4-type thermal protection installation on AS350 B3.Corresponds to MOD OP4309,SB$,18-May-2017,SB 53.00.43 Rev 3,,,0:00,,"Configuration 1 Helicopters pre-MOD OP4309 (EC130 type reinforced thermal protection). Configuration 2 Helicopters pre-MODs: - OP4309 (EC130 type reinforced thermal protection), - 074792 (Cosmetic improvement of thermal protections of drive shaft)."
157b8d12-c115-446e-a4dc-d12077751fe2,d88e2641-dd39-4814-9f04-682a3c823bff,53.00.44,53,SB 53.00.44,Tail boom conversion Corresponds to MOD 350A086324.00,SB#,30-Jan-2012,SB 53.00.44,,,0:00,,"Applicable for AS 350 B, B1, BA, BB, D"
157b8d12-c115-446e-a4dc-d12077751fe2,d88e2641-dd39-4814-9f04-682a3c823bff,53.00.48,53,SB 53.00.48,FUSELAGE Reinforcement of the lower crossbeams of the yaw control bellcrank support,SB,23-Oct-2014,SB 53.00.48,,,0:00,,Helicopters PRE MOD 073466.
157b8d12-c115-446e-a4dc-d12077751fe2,d88e2641-dd39-4814-9f04-682a3c823bff,53.00.48,53,SB 53.00.48,FUSELAGE Reinforcement of the lower cross beams of the yaw control bellcrank support,SB$,23-Oct-2014,SB 53.00.48,,,0:00,,"Civil version(s): B, BA, BB, B1, B2, B3, D Military version(s): L1 Helicopters PRE MOD 073466."
157b8d12-c115-446e-a4dc-d12077751fe2,d88e2641-dd39-4814-9f04-682a3c823bff,53.00.49,53,SB 53.00.49,FUSELAGE Reinforcement of engine cowling hinge Corresponds to modification 074600,SB$,04-Nov-2014,SB 53.00.49,,,0:00,,"Civil version: B3 Helicopters pre-modification 074600. The modification concerns only cowlings raised for dual hydraulics, P/N: - 350A58-0045-xx, - 350A08-6325-0101."
157b8d12-c115-446e-a4dc-d12077751fe2,d88e2641-dd39-4814-9f04-682a3c823bff,53.00.50,53,SB 53.00.50,FUSELAGE - Lateral X-bulkheads Reinforcement solution for lateral X-bulkheads Corresponds to MOD 074349,SB$,13-Oct-2014,SB 53.00.50,,,0:00,,"Civil version(s): B, BA, BB, B1, B2, B3, D Military version(s): L1 Helicopters on which the two lateral X-bulkheads are not cracked, have never been repaired and PRE MOD 074349."
157b8d12-c115-446e-a4dc-d12077751fe2,d88e2641-dd39-4814-9f04-682a3c823bff,SB 53.00.50 R1,53,,FUSELAGE - Lateral X-bulkheads Reinforcement solution for lateral X-bulkheads Corresponds to MOD 074349.,SB,22-Dec-2020,SB 53.00.50 R1,,,0:00,,"Civil version(s): B, BA, BB, B1, B2, B3, D Military version(s): L1 Helicopters on which the two lateral X-bulkheads are not cracked, have never been repaired and PRE MOD 074349."
157b8d12-c115-446e-a4dc-d12077751fe2,d88e2641-dd39-4814-9f04-682a3c823bff,SB 53.00.50 R2,53,SB 53.00.50 R2,FUSELAGE - Lateral X-bulkheads Reinforcement solution for lateral X-bulkheads Corresponds to modification 074349,SB,12-Mar-2024,SB 53.00.50 R2,,,0:00,,"Helicopters on which the two lateral X-bulkheads are not cracked, have never been repaired and PRE MOD 074349."
157b8d12-c115-446e-a4dc-d12077751fe2,d88e2641-dd39-4814-9f04-682a3c823bff,SB 53.00.50 Rev 3,53,SB 53.00.50 Rev 3,FUSELAGE - Lateral X-bulkheads Reinforcement solution for lateral X-bulkheads,SB,11-Jul-2025,SB 53.00.50 Rev 3,,,0:00,,"Helicopters on which the two lateral X-bulkheads are not cracked, have never been repaired and PRE MOD 074349."
157b8d12-c115-446e-a4dc-d12077751fe2,d88e2641-dd39-4814-9f04-682a3c823bff,SB 53.00.64,53,SB 53.00.64,FUSELAGE - Structure Improvement to the lower-splice assembly of the landing gear.,SB$,25-May-2021,SB 53.00.64,,,0:00,,Helicopters which have not embodied modification 074901.
157b8d12-c115-446e-a4dc-d12077751fe2,d88e2641-dd39-4814-9f04-682a3c823bff,SB 53.00.65,53,SB 53.00.65,FUSELAGE - General Improvement of MGB suspension-bar-fitting assembly Related to modifications 0720049 and 0720164.,SB,30-May-2022,SB 53.00.65,,,0:00,,Helicopters PRE MOD 0720049 with washers P/N 23112AG080LE installed on the four equipped suspension bar fitting assemblies.
157b8d12-c115-446e-a4dc-d12077751fe2,d88e2641-dd39-4814-9f04-682a3c823bff,SB53.00.65,53,SB 53.00.65,FUSELAGE - General Improvement of MGB suspension-bar-fitting assembly Related to modifications 0720049 and 0720164,SB,30-May-2022,SB 53.00.65,,,0:00,,Helicopters PRE MOD 0720049 with washers P/N 23112AG080LE installed on the four equipped suspension bar fitting assemblies.
157b8d12-c115-446e-a4dc-d12077751fe2,d88e2641-dd39-4814-9f04-682a3c823bff,SB 53.00.67,53,,FUSELAGE - Structure Inspection of the Drainage of the Cabin Ventilation Unit,SB,06-Apr-2021,SB 53.00.67,,,0:00,,AS350 B2 and B3 version helicopters POST MOD 073478.
157b8d12-c115-446e-a4dc-d12077751fe2,d88e2641-dd39-4814-9f04-682a3c823bff,SB 53.00.67 R1,53,SB 53.00.67 R1,FUSELAGE - Structure Inspection of the Drainage of the Cabin Ventilation Unit.,SB,07-Dec-2023,SB 53.00.67 R1,,,0:00,,"AS350 B2 and B3 version helicopters POST MOD 073478 and delivered before June 17, 2023."
157b8d12-c115-446e-a4dc-d12077751fe2,d88e2641-dd39-4814-9f04-682a3c823bff,SB 53.00.68,53,SB 53.00.68,FUSELAGE - Structure Improvement to the lower splice assembly of the landing gear,SB$,22-Apr-2022,SB 53.00.68,,,0:00,,Helicopters PRE MOD 0720016.
157b8d12-c115-446e-a4dc-d12077751fe2,d88e2641-dd39-4814-9f04-682a3c823bff,SB 53.00.70,53,SB 53.00.70,FUSELAGE - Cowling and fairing Adaptation to the tail boom rear fairing for the upper vertical fin with GPS antenna capabilities (double tube in upper vertical fin) Related to modification 0720234,SB$,23-Mar-2023,SB 53.00.70,,,0:00,,"Civil version(s): D, B, BA, BB, B1, B2, B3 Military version(s): L1 Helicopters with tail boom rear fairing MP/N: 355A23-0520-0002."
157b8d12-c115-446e-a4dc-d12077751fe2,d88e2641-dd39-4814-9f04-682a3c823bff,SB 53-12-0001,1,SB 53-12-0001,Front fuselage - Extension of the pilot and co-pilot seat tracks for SICMA 198 seats,SB,02-Apr-2024,SB 53-12-0001,,,0:00,,Model: AS350 Version: B3 Helicopters PREMOD: 0720140
157b8d12-c115-446e-a4dc-d12077751fe2,d88e2641-dd39-4814-9f04-682a3c823bff,SB 53-33-0001 Issue 001,53,SB 53-33-0001 Issue 001,Center fuselage - Better protection against corrosion of the forward bearings on the Y400 beam web,SB,13-Dec-2023,SB 53-33-0001 Issue 001,,,0:00,,"Model: AS350 Version: B, BA, BB, B1, B2, B3, D and L1 Helicopters PREMOD: 0720143"
157b8d12-c115-446e-a4dc-d12077751fe2,d88e2641-dd39-4814-9f04-682a3c823bff,55.00.01,64,SB 55.00.01 Rev.1,"TAIL UNIT - Lower Vertical Fin. SB Date : July 2 ,1983",SB,21-Jul-1981,SB 55.00.01 Rev.1,,,0:00,,All 350 Helicopters.
157b8d12-c115-446e-a4dc-d12077751fe2,d88e2641-dd39-4814-9f04-682a3c823bff,55.00.05,55,SB 55.00.05 Rev.1,Reinforcement of Upper Fin,SB,24-Apr-1990,SB 55.00.05 Rev.1,,,0:00,,AS 350 Helicopters versions B-B1-D-L1-L2
157b8d12-c115-446e-a4dc-d12077751fe2,d88e2641-dd39-4814-9f04-682a3c823bff,55.00.07,55,SB 55.00.07,Reinforcement of Upper Tail Fin Light,SB,25-Oct-1990,SB 55.00.07,,,0:00,,"AS 350 Helicopters versions B1-B2-L1-L2, Avex"
157b8d12-c115-446e-a4dc-d12077751fe2,d88e2641-dd39-4814-9f04-682a3c823bff,55.00.08,55,SB 55.00.08,Upper Fin Trailing Edge angle check,SB,01-Dec-1999,SB 55.00.08,,,0:00,,Upper fin trailing edge angle on helicopters having the following serial numbers: 3072 - 3076 - 3077 - 3081 - 3082 - 3083 - 3084 - 3090 - 3091 -3093 - 3094 - 3116 - 3117 - 3120 - 3122 - 3124 - 3125 - 3128 -3132.
157b8d12-c115-446e-a4dc-d12077751fe2,d88e2641-dd39-4814-9f04-682a3c823bff,55.00.09,55,SB 55.00.09,Check of fin attachment Form,SB,28-Nov-2002,SB 55.00.09,,,0:00,,"On Tailboom Fin Attachment Frame. (This SB is not Applicable to TB manufactured after January 2002, i.e. From S/N TB 3931 onwards)"
157b8d12-c115-446e-a4dc-d12077751fe2,d88e2641-dd39-4814-9f04-682a3c823bff,55.00.11,70,SB 55.00.11,STABILIZERS - Fins Improvement of fin attachment Corresponds to MOD 073382,SB,23-Mar-2017,SB 55.00.11,,,0:00,,- Helicopters PRE MOD 073382. - Helicopter post-MOD 073192 and pre-MOD 073382 (B3 version only).
157b8d12-c115-446e-a4dc-d12077751fe2,d88e2641-dd39-4814-9f04-682a3c823bff,55.00.12,55,SB 55.00.12 Rev 2,Improvement of upper and lower vertical stabilizer attachment,SB,28-Feb-2008,SB 55.00.12 Rev 2,,,0:00,,Replaced By ASB NO 55.00.16
157b8d12-c115-446e-a4dc-d12077751fe2,d88e2641-dd39-4814-9f04-682a3c823bff,55.00.14,55,SB 55.00.14 Rev.1,STABILIZERS - Vertical fin with small trailing edge angle,SB,17-Jun-2009,SB 55.00.14 Rev.1,,,0:00,,"Eurocopter AS350 B3 -Helicopters Pre Mod 073148, -Helicopters Post Mod 073148 and Pre Mod 073158,073169,073170,073205, and 073282 with AFCS. -Helicopters Post Mod 073148 and Pre Mod 073158,073169,and 073205, without AFCS."
157b8d12-c115-446e-a4dc-d12077751fe2,d88e2641-dd39-4814-9f04-682a3c823bff,55.00.15,55,SB 55.00.15,Reducing in main rotor dynamic loads,SB,18-Dec-2006,SB 55.00.15,,,0:00,,Helicopter Pre Mod 073024.
157b8d12-c115-446e-a4dc-d12077751fe2,d88e2641-dd39-4814-9f04-682a3c823bff,55.00.17 R2,53,SB 55.00.17 Rev 2,STABILIZERS - Upper fin Checking tool for the upper fin,SB,27-May-2019,SB 55.00.17 Rev 2,,,0:00,,"Applicable to Eurocopter AS 350 helicopters Civil version(s): B, BA, BB, B1, B2, B3, D Military version(s): L1"
157b8d12-c115-446e-a4dc-d12077751fe2,d88e2641-dd39-4814-9f04-682a3c823bff,55.00.18,22,SB 55.00.18,STABILIZER - Horizontal stabilizer Improvement of the Stabilizer / Tail Boom Fittings interface Corresponds to modification 074643,SB$,22-Jun-2015,SB 55.00.18,,,0:00,,Helicopters PRE MOD 074643.
157b8d12-c115-446e-a4dc-d12077751fe2,d88e2641-dd39-4814-9f04-682a3c823bff,SB 55.00.18 R 2,55,SB 55.00.18 R 2,STABILIZER - Horizontal stabilizer Improvement of the Stabilizer / Tail Boom Fittings interface Corresponds to modification 074643,SB,16-Dec-2020,SB 55.00.18 R 2,,,0:00,,Helicopters PRE MOD 074643.
157b8d12-c115-446e-a4dc-d12077751fe2,d88e2641-dd39-4814-9f04-682a3c823bff,55.00.18 1,55,SB 55.00.18 R1,STABILIZER - Horizontal stabilizer Improvement of the Stabilizer / Tail Boom Fittings interface,SB,22-Feb-2016,SB 55.00.18 R1,,,0:00,,Helicopters PRE MOD 074643.
157b8d12-c115-446e-a4dc-d12077751fe2,d88e2641-dd39-4814-9f04-682a3c823bff,55.00.19 R1,53,SB 55.00.19 R1,Improvement of assembly of vertical stabilizer tip attachment angles Corresponds to MOD 074613,SB#,29-Jan-2018,SB 55.00.19 R1,,,0:00,,"Helicopters: Helicopters PRE MODs: . 074613 (Attachment of vertical stabilizer tip), . 073454 (New vertical stabilizer tip) (versions B2 and B3 only), - and: . equipped with a GPS antenna of the vertical stabilizer tip, . POST MOD 072367 (Reinforcement of extended tip on upper vertical stabilizer) or on which Service Bulletin No. 55.00.07 (Reinforcement of upper vertical stabilizer light) was complied with."
157b8d12-c115-446e-a4dc-d12077751fe2,d88e2641-dd39-4814-9f04-682a3c823bff,55,55,SB 55.00.20,STABILIZERS - Fins Increasing upper fin strength,SB,22-Sep-2016,SB 55.00.20,,,0:00,,Helicopters/installed equipment or parts Helicopters PRE MOD 073312
157b8d12-c115-446e-a4dc-d12077751fe2,d88e2641-dd39-4814-9f04-682a3c823bff,SB 55.00.24,55,SB 55.00.24,STABILIZERS - Vertical fins Removal of the fin tip capability brackets Related to modification 0720235,SB$,23-Mar-2023,SB 55.00.24,,,0:00,,Civil version(s): B3
157b8d12-c115-446e-a4dc-d12077751fe2,d88e2641-dd39-4814-9f04-682a3c823bff,56.00.04,56,SB 56.00.04 R1,WINDOWS - WINDSCREEN Installation of extended visibility window panels in cabin floor,SB$,07-Dec-2016,SB 56.00.04 R1,,,0:00,,"Configuration 1 Helicopters: - post-MOD OP3110 (""Type 159"" pilot and copilot crashworthy seats), - pre-MODs: . OP3374 (Extended visibility window panel optional equipment), . OP4268 (Re-industrialization of Ecureuil cabin doors - RH sliding door + RH reduced-size door optional equipment), . 074338 (Installation of SICMA 198 pilot and copilot seats), . and OP4323 (Extended visibility window panels in cabin floor for aerial work). Configuration 2 Helicopters: - post-MODs: . 074338 (Installation of SICMA 198 pilot and copilot seats), . 074708 (Installation of LHOTELLIER new extinguisher on floor), - pre-MODs: . OP3374 (Extended visibility window panel optional equipment), . OP4268 (Re-industrialization of Ecureuil cabin doors - RH sliding door + RH reduced-size door optional equipment), . OP4323 (Extended visibility window panels in cabin floor for aerial work), . 074661 (Change position of LHOTELLIER new extinguisher on Sicma 198 seat and fixation improvement). Helicopters on which Revis"
157b8d12-c115-446e-a4dc-d12077751fe2,d88e2641-dd39-4814-9f04-682a3c823bff,SB 56.00.04 R2,56,SB 56.00.04 R2,WINDOWS - WINDSHIELD Installation of extended visibility window panel in cabin floor,SB$,30-Jul-2021,SB 56.00.04 R2,,,0:00,,"Helicopters: - post-MOD OP3110, - pre-MODs: . OP3374, . OP4268, . 074338, . and OP4323."
157b8d12-c115-446e-a4dc-d12077751fe2,d88e2641-dd39-4814-9f04-682a3c823bff,56.00.05,56,SB 56.00.05 Rev 1,WINDOWS - WINDSHIELD Sealing improvement between canopy and 7° bulkhead,SB$,28-Oct-2016,SB 56.00.05 Rev 1,,,0:00,,"Helicopters: - POST MOD 073439 (Canopy re-design), - PRE MOD 074741 (Seal and sealing between canopy, 7° bulkhead and scoop), - PRE MOD 350A081024.09"
157b8d12-c115-446e-a4dc-d12077751fe2,d88e2641-dd39-4814-9f04-682a3c823bff,SB 56.00.09 R0,24,SB 56.00.09 R0,OPTIONAL EQUIPMENT / INSTALLATION WINDOWS - Overhead windows Installation of upper-rear-enlarged roof-window panels.,SB$,05-Nov-2021,SB 56.00.09 R0,,,0:00,,Helicopters which satisfy all of the conditions that follow: - Have embodied modification 073439 - Have not embodied modification 350P083334.00.
157b8d12-c115-446e-a4dc-d12077751fe2,d88e2641-dd39-4814-9f04-682a3c823bff,SB 56.00.11,56,SB 56.00.11,WINDOWS INSTALLATION OF ENLARGED UPPER WINDOWS Corresponds to modification 350P084203,SB,06-Feb-2023,SB 56.00.11,,,0:00,,No. AS350-56.00.11 Revision 0 2023-02-06 Page 1/15 Civil version(s): B3
157b8d12-c115-446e-a4dc-d12077751fe2,d88e2641-dd39-4814-9f04-682a3c823bff,SB 62 22 0001 Issue 002,62,SB 62 22 0001 Issue 002,Main Rotor Hub - Mast hub link improvement,SB,27-Jan-2025,SB 62 22 0001 Issue 002,,,0:00,,"Model: AS350 Version: B, B1, B2, B3, BA, BB, D, L1 Helicopters PRE MOD: 074966"
157b8d12-c115-446e-a4dc-d12077751fe2,d88e2641-dd39-4814-9f04-682a3c823bff,62.00.03,62,SB 62.00.03 Rev.2,Improvement of Antivibrator sealing,SB,09-Oct-1987,SB 62.00.03 Rev.2,,,0:00,,AS 350 Helicopters-All Versions.Date of Issue: 09-Oct-1987
157b8d12-c115-446e-a4dc-d12077751fe2,d88e2641-dd39-4814-9f04-682a3c823bff,62.00.04,56,SB 62.00.04 Rev.2,Main Rotor Blades,SB,21-Dec-1984,SB 62.00.04 Rev.2,,,0:00,,All AS 350 Main Rotor Blades which have not been modified per AMS 350A07.5043.Date of Issue:21-Dec-1984
157b8d12-c115-446e-a4dc-d12077751fe2,d88e2641-dd39-4814-9f04-682a3c823bff,62.00.05,62,SB 62.00.05,Quick Release metal chip detector on rotor mast,SB,19-Mar-1984,SB 62.00.05,,,0:00,,"All AS 350 Helicopters all types, on which rotor shaft is fitted with a metal chip detector AMS 350A07.6069, 350A07.7034.Date of Issue:19-Mar-1984"
157b8d12-c115-446e-a4dc-d12077751fe2,d88e2641-dd39-4814-9f04-682a3c823bff,62.00.07,62,SB 62.00.07,Protection of main rotor blades against sand with Aerospatiale adhesive-coated polyurethane shield,SB,08-Jan-1987,SB 62.00.07,,,0:00,,"All Main rotor Blades P/N 365A11-0010, all dash numbers and 355A11.0020 all dash numbers for AS 350 versions B1,L1."
157b8d12-c115-446e-a4dc-d12077751fe2,d88e2641-dd39-4814-9f04-682a3c823bff,62.00.09,62,SB 62.00.09,Spherical Thrust Bearings Of Main Rotor Head,SB,13-Feb-1987,SB 62.00.09,,,0:00,,AS 350 Helicopters versions B-D
157b8d12-c115-446e-a4dc-d12077751fe2,d88e2641-dd39-4814-9f04-682a3c823bff,62.00.10,62,SB 62.00.10 Rev.1,"Electric chip detection on main rotor mast fitted with ""4-contact"" bearing (Subject of modification 350A07-6120)",SB,03-Apr-1989,SB 62.00.10 Rev.1,,,0:00,,AS 350 Helicopters versions B-D-B1-L1
157b8d12-c115-446e-a4dc-d12077751fe2,d88e2641-dd39-4814-9f04-682a3c823bff,62.00.11,62,SB 62.00.11,Improved chip detector electrical bonding,SB,28-Sep-1989,SB 62.00.11,,,0:00,,AS 350 Helicopters-All Versions.Date of Issue: 23-Sep-1989.
157b8d12-c115-446e-a4dc-d12077751fe2,d88e2641-dd39-4814-9f04-682a3c823bff,62.00.13,62,SB 62.00.13,Improving the vibratory level by installing the AS 355 shaft vibration damper,SB,25-Oct-1990,SB 62.00.13,,,0:00,,"AS 350 Helicopters versions B1-B2-L1-L2, Avex"
157b8d12-c115-446e-a4dc-d12077751fe2,d88e2641-dd39-4814-9f04-682a3c823bff,62.00.14 R5,62,SB 62.00.14 R5,Installation of sleeve attach beams with straight winding,SB,27-Oct-2020,SB 62.00.14 R5,,,0:00,,"Helicopters with droop restrainers and PRE MODs: - 076160 (MRH: Sleeve flanges with straight winding), - 076161 (MRH: Offset in azimuth of mast vibration absorber), - 076194 (Drilling of vibration absorber support), - 076200 (Mast vibration absorber - Cutout in spring cover plate)."
157b8d12-c115-446e-a4dc-d12077751fe2,d88e2641-dd39-4814-9f04-682a3c823bff,62.00.15,62,SB 62.00.15 Rev.1,Heat-shrinkable sheath eliminated on yellow pitch change rod,SB,25-May-1992,SB 62.00.15 Rev.1,,,0:00,,"AS 350 Helicopters versions B1-B2-L1-L2, Avex."
157b8d12-c115-446e-a4dc-d12077751fe2,d88e2641-dd39-4814-9f04-682a3c823bff,62.00.16,62,SB 62.00.16,Bonding Braid with sleeve made of Viton Compound,SB,18-Feb-1991,SB 62.00.16,,,0:00,,"AS 350 Helicopters versions B1-B2-L1-L2, Avex versions"
157b8d12-c115-446e-a4dc-d12077751fe2,d88e2641-dd39-4814-9f04-682a3c823bff,62.00.17,62,SB 62.00.17 Rev.1,Operating Limit For Swashplate Bearings,SB,16-Apr-1993,SB 62.00.17 Rev.1,,,0:00,,"AS 350 Helicopters versions B1-B2-L1-L2, Avex fitted with the subject swashplate bearings."
157b8d12-c115-446e-a4dc-d12077751fe2,d88e2641-dd39-4814-9f04-682a3c823bff,62.00.18,62,SB 62.00.18 Rev.2,Rotor Mast Assembly fitted with 4 contact bearings,SB,29-Jan-1993,SB 62.00.18 Rev.2,,,0:00,,"AS 350 Helicopters, versions B,BA,D,B1,B2,L1,Avex on which the main rotor mast assy is fitted with a shaft P/N 350A37.1290.00.01,.02,.03 whose serial no is included in the list in Appendix 1."
157b8d12-c115-446e-a4dc-d12077751fe2,d88e2641-dd39-4814-9f04-682a3c823bff,62.00.19,62,SB 62.00.19,New attachment screws for the pitch-change rods and servo-controls on swashplate,SB,13-Jan-1992,SB 62.00.19,,,0:00,,"AS 350 Helicopters versions B1-B2-L1-L2, Avex"
157b8d12-c115-446e-a4dc-d12077751fe2,d88e2641-dd39-4814-9f04-682a3c823bff,62.00.20,62,SB 62.00.20,Replacement of the frequency adapter bearing retaining washers,SB,23-Jul-1992,SB 62.00.20,,,0:00,,"AS 350 Helicopters versions B1-B2-L1-L2, Avex"
157b8d12-c115-446e-a4dc-d12077751fe2,d88e2641-dd39-4814-9f04-682a3c823bff,62.00.22,62,SB 62.00.22,Spring Type Vibration Damper,SB,18-Mar-1994,SB 62.00.22,,,0:00,,AS 350 Helicopters versions B-BA-D-B1-B2-L1. Pre Mod 350A07-6199.
157b8d12-c115-446e-a4dc-d12077751fe2,d88e2641-dd39-4814-9f04-682a3c823bff,62.00.26,62,SB 62.00.26,Multipurpose arm end bush arrester dog,SB,26-Oct-2005,SB 62.00.26,,,0:00,,-Helicopters Pre Mod-076227 and post Mod 076177. -Compliance with this SB does not concern h/c with starflux hub with chamfer P/N 350A31-1907-02. -Compliance with this SB is incompatible with h/c on which ASB 62.00.24 has been complied with.
157b8d12-c115-446e-a4dc-d12077751fe2,d88e2641-dd39-4814-9f04-682a3c823bff,62.00.30,62,SB 62.00.30,Main Blade sand Protection,SB,27-Mar-2009,SB 62.00.30,,,0:00,,"Helicopters equipped with Main Rotor blades P/N 350A11-0010XX,355A11-0020-XX or 355A11-0030-XX with or without sand protection (Mod OP5049) and pre mod 075070."
157b8d12-c115-446e-a4dc-d12077751fe2,d88e2641-dd39-4814-9f04-682a3c823bff,62.00.31,62,SB 62.00.31,MAIN ROTOR - Frequency damper ventilation Corresponds to MOD 076232,SB,16-Feb-2009,SB 62.00.31,,,0:00,,Eurocopter AS350 B3 Aircraft pre-MOD 076232 on main rotor hubs equipped with frequency dampers (P/N in Para. 1.A.2.).
157b8d12-c115-446e-a4dc-d12077751fe2,d88e2641-dd39-4814-9f04-682a3c823bff,62.00.36,62,SB 62.00.36,MAIN ROTOR Replacement of electrical chip detector of conical housing by a 1/4-turn magnetic plug Corresponds to modification OP7245,SB$,01-Mar-2017,SB 62.00.36,,,0:00,,"Helicopters equipped with an electrical magnetic chip detector P/N 1B373 (704A34543009) which do not embody modification OP7245 (Optional manual magnetic chip detector with ''bayonnet locking'' on the conical housing) and which embody, for helicopter version B2, modification 076120 (main rotor mast assembly with 4-contact bearing)."
157b8d12-c115-446e-a4dc-d12077751fe2,d88e2641-dd39-4814-9f04-682a3c823bff,SB 62.00.45 Rev 0,62,SB 62.00.45 Rev 0,MAIN ROTOR Inspection of the Main Rotor Mast (MRM) upper housing.,SB#,18-Nov-2021,SB 62.00.45 Rev 0,,,0:00,,"Civil version(s): B, B1, BA, BB, D"
157b8d12-c115-446e-a4dc-d12077751fe2,d88e2641-dd39-4814-9f04-682a3c823bff,SB 62.00.46,62,SB 62.00.46,MAIN ROTOR Replacement of the pitch horn/pitch rod upper screws Related to modification 0760008,SB,15-Mar-2023,SB 62.00.46,,,0:00,,Helicopters with the screw reference 350A31-1873-20.
157b8d12-c115-446e-a4dc-d12077751fe2,d88e2641-dd39-4814-9f04-682a3c823bff,62.12,62,SB 62.12 Rev.2,Rotating Star check,SB,22-Jul-1991,SB 62.12 Rev.2,,,0:00,,"AS 350 Helicopters versions B1-B2-L1-L2, Avex on which the rotating star is fitted with bearings P/N as mentioned in the SB."
157b8d12-c115-446e-a4dc-d12077751fe2,d88e2641-dd39-4814-9f04-682a3c823bff,62.21,62,SB 62.21 Rev.1,Pitch change Lever Bushes,SB,09-Mar-1993,SB 62.21 Rev.1,,,0:00,,"AS 350 Helicopters versions B-BA-D-B1-B2-L1. Pitch Change lever P/N 350A31-1877-02 not marked with an ""X"", and serial no lower than 100,000."
157b8d12-c115-446e-a4dc-d12077751fe2,d88e2641-dd39-4814-9f04-682a3c823bff,SB 62-22-0001 Issue 001,62,,Main Rotor Hub - Mast hub link improvement,SB,29-Nov-2024,SB 62-22-0001 Issue 001,,,0:00,,"Model: AS350 Version: B, B1, B2, B3, BA, BB, D, L1 Helicopters PRE MOD: 074966"
157b8d12-c115-446e-a4dc-d12077751fe2,d88e2641-dd39-4814-9f04-682a3c823bff,SB 62-34-0001Issue 001,34,SB 62-34-0001Issue 001,"Rotating controls, rotor shafts/swashplate assemblies - Added paint lines on the scissors assemblies",SB,20-Oct-2023,SB 62-34-0001Issue 001,,,0:00,,Model: AS350 Version B3 Component affected: 350A37-0004-02 or 355A37-0006-00 or 355A37-0006-01 or 350A37-1126-01 or 350A37-1126-02 or 350A37-1126-03 or 350A37-1127-01 or 350A37-1127-02 or 350A37-1128-03 or 350A37-1128-05 or 350A37-1128-06 or 350A37-1128-07 or 350A37-1128-08 PREMOD 0760013
157b8d12-c115-446e-a4dc-d12077751fe2,d88e2641-dd39-4814-9f04-682a3c823bff,63.00.01,63,SB 63.00.01,New Rotor Brake Lining,SB,27-Aug-1986,SB 63.00.01,,,0:00,,AS 350 Helicopters-All Versions.Date of Issue:27-Aug-1986
157b8d12-c115-446e-a4dc-d12077751fe2,d88e2641-dd39-4814-9f04-682a3c823bff,63.00.02,63,SB 63.00.02,"New completely cadmium plate engine to MGB flexible coupling attachment bolts. MOLYKOTE ""Z"" compound no longer used",SB*,02-Mar-1987,SB 63.00.02,,,0:00,,AS 350 Helicopters-All Versions on which modifications AMS 350A07-9539 has not been embodied.
157b8d12-c115-446e-a4dc-d12077751fe2,d88e2641-dd39-4814-9f04-682a3c823bff,63.00.03,63,SB 63.00.03 Rev.2,Putting into service the reinforced epicyclic reduction gear P/N 350A32-0100-10,SB,26-Jul-1990,SB 63.00.03 Rev.2,,,0:00,,AS 350 Helicopters-All Versions.Date of Issue:26-Jul-1990
157b8d12-c115-446e-a4dc-d12077751fe2,d88e2641-dd39-4814-9f04-682a3c823bff,63.00.04,63,SB 63.00.04,Protection of engine MGB coupling shaft housing,SB,01-Jun-1987,SB 63.00.04,,,0:00,,AS 350 Helicopters-All Versions post Mod 350A07-9506
157b8d12-c115-446e-a4dc-d12077751fe2,d88e2641-dd39-4814-9f04-682a3c823bff,63.00.06,63,SB 63.00.06,MGB Lubrification system lines check,SB*,25-May-1995,SB 63.00.06,,,0:00,,"AS 350 helicopters, fitted with MGB lubrication system lines P/N"" -704A34-412-015 and 704A34-412-009 version B,BA,B1,B2,D,L1. -704A34-412-011 and 704A34-412-012 version B,BA,B1,B2,L1."
157b8d12-c115-446e-a4dc-d12077751fe2,d88e2641-dd39-4814-9f04-682a3c823bff,63.00.07,63,SB 63.00.07,New MGB Base Bidirectional Crossbeam,SB,07-Apr-1997,SB 63.00.07,,,0:00,,"AS 350 helicopters, versions B - B1 - B2 - D - BA - L1."
157b8d12-c115-446e-a4dc-d12077751fe2,d88e2641-dd39-4814-9f04-682a3c823bff,63.00.08,63,SB 63.00.08 Rev.3,"MAIN ROTOR DRIVE - Poly V trapezoidal type belt installation on hydraulic pump drive (Corresponds to MOD 079555, 079558, 079559 and 079563 )",SB,04-Apr-2011,SB 63.00.08 Rev.3,,,0:00,,"Helicopters of AS 350 type, versions B, B1, B2, B3, BA, BB, D and L1. Component Affected: Hydraulic Pump Drive Assy."
157b8d12-c115-446e-a4dc-d12077751fe2,d88e2641-dd39-4814-9f04-682a3c823bff,63.00.09,63,SB 63.00.09 Rev.1,Installing a Long Electrical Magnetic Plug in the MGB,SB,06-Jun-2005,SB 63.00.09 Rev.1,,,0:00,,For MGB's equipped with a magnetic plug pre Mod 077175
157b8d12-c115-446e-a4dc-d12077751fe2,d88e2641-dd39-4814-9f04-682a3c823bff,63.00.11,63,SB 63.00.11,Checking the bushes of the engine/MGB Coupling Gimbal Ring,SB,07-Nov-2002,SB 63.00.11,,,0:00,,"Engine/MGB Coupling Gimbal Ring: P/N 350A35-1105-00 manufacturing batch number 9591.(Note: This Service Bulletin does not cover helicopters manufactured before March 1, 2001 and after November 30, 2001 unless a gimbal ring was ordered and installed as a replacement part between these two dates)."
157b8d12-c115-446e-a4dc-d12077751fe2,d88e2641-dd39-4814-9f04-682a3c823bff,63.00.12,63,SB 63.00.12 Rev.1,New MGB Oil Filter Element,SB,01-Sep-2005,SB 63.00.12 Rev.1,,,0:00,,"CIVIL VERSION(S): B,BA,BB,B1,B2,D MILITARY VERSION(S): L1 Helicopters Pre Mod 077162 and post Mod 077175 or SB 63.00.09.(extended magnetic plug)"
157b8d12-c115-446e-a4dc-d12077751fe2,d88e2641-dd39-4814-9f04-682a3c823bff,63.00.13,63,SB 63.00.13,MAIN ROTOR DRIVE - Modified Tightening Torque of the MGB Input Bevel Gear Nut,SB,15-Sep-2003,SB 63.00.13,,,0:00,,Eurocopter AS350 B3 Helicopters Main gearbox (MGB) input bevel gear nut. MOD: 077204
157b8d12-c115-446e-a4dc-d12077751fe2,d88e2641-dd39-4814-9f04-682a3c823bff,SB 63.00.13 R1,63,SB 63.00.13 R1,MAIN ROTOR DRIVE - Rotor brake Modification of the tightening torque of the nut of the MGB input bevel gear,SB,09-Sep-2022,SB 63.00.13 R1,,,0:00,,Civil version(s): B3
157b8d12-c115-446e-a4dc-d12077751fe2,d88e2641-dd39-4814-9f04-682a3c823bff,63.00.14,63,SB 63.00.14,POLY V Trapezoidal belt installation- New Belt tension value,SB,07-May-2004,SB 63.00.14,,,0:00,,"Record compliance with this Service Bulletin and embodiment of MOD 079563 in the aircraft documents. Helicopters Type AS350 Versions B,B1,B2,B3, BA, BB, D and L1"
157b8d12-c115-446e-a4dc-d12077751fe2,d88e2641-dd39-4814-9f04-682a3c823bff,63.00.16,63,SB 63.00.16,Check of the Hydraulic Pump Pulley,SB*,09-Aug-2006,SB 63.00.16,,,0:00,,"Eurocopter AS350 B3 Helicopters. -Hydraulic Pump pulley,on or after compliance with SB 63.00.08 Rev.1. -Hydraulic Pump pulley,on or after compliance with SB 63.00.14 (Mod 079563). Note: Compliance With this SB does not apply to helicopters modified per MOD 079563 at the works."
157b8d12-c115-446e-a4dc-d12077751fe2,d88e2641-dd39-4814-9f04-682a3c823bff,63.00.17,63,SB 63.00.17 Rev 3,MAIN ROTOR DRIVE - Check of the Hydraulic Pump Drive Pulley,SB,06-Jun-2012,SB 63.00.17 Rev 3,,,0:00,,"Eurocopter B, BA, BB, B1, B2, B3, D helicopters equipped with hydraulic pump drive pulley P/N350A35-1092-20, -21, -22 or -23 (hydraulic pump drive assembly post MOD 079555), having logged less than 500 flying hours since new and delivered before April 15, 2010."
157b8d12-c115-446e-a4dc-d12077751fe2,d88e2641-dd39-4814-9f04-682a3c823bff,63.00.18,63,SB 63.00.18 Rev.4,MAIN ROTOR DRIVE - Installation of a new NR sensor on the Main Rotor Hub,SB$,25-Jul-2016,SB 63.00.18 Rev.4,,,0:00,,"Helicopter(s): - pre-MOD 074223 (Change in NR sensor), - post-MOD 076120 (Improvement of rotor mast assembly), - pre- or post-MODs 072760 (Arriel 2B electrical control and monitoring assembly) (version B3) or 073273 (Control panel 30ALP with new technology (SMS))."
157b8d12-c115-446e-a4dc-d12077751fe2,d88e2641-dd39-4814-9f04-682a3c823bff,63.00.20,63,SB 63.00.20,Main Rotor Drive - MGB lubrication system Replacement of several hoses,SB,03-Apr-2012,SB 63.00.20,,,0:00,,"Helicopters whose MGB lubrication system is equipped with hoses part number: - (MP/N) 704A34-412-009 with date of manufacture 2T10, 3T10 or 4T10, - (MP/N) 704A34-412-015 with date of manufacture 2T10 or 3T10, and on which the letter ""V"" is not marked under the date of manufacture."
157b8d12-c115-446e-a4dc-d12077751fe2,d88e2641-dd39-4814-9f04-682a3c823bff,63.00.21,63,SB 63.00.21,MAIN ROTOR DRIVE Obsolescence of NR/NF indicator Corresponds to MOD 074222,SB$,20-Jan-2017,SB 63.00.21,,,0:00,,"Helicopters version B3: - equipped with indicator P/N 742593-1-1, - POST MOD 074223 (Change in NR sensor), - POST MOD OP4305 (X1 modification), - PRE MOD 074222 (Change in NR/NF indicator)."
157b8d12-c115-446e-a4dc-d12077751fe2,d88e2641-dd39-4814-9f04-682a3c823bff,63.00.22,63,SB 63.00.22,MAIN ROTOR DRIVE - Engine-MGB coupling,SB,16-Jun-2015,SB 63.00.22,,,0:00,,Dual hydraulic helicopters (POST MOD OP3346 or OP3082) POST MOD 079566 and PRE MOD 079568.
157b8d12-c115-446e-a4dc-d12077751fe2,d88e2641-dd39-4814-9f04-682a3c823bff,63.00.23,63,SB 63.00.23 R2,Modification of material and position of MGB intake O-ring,SB$,05-Nov-2019,SB 63.00.23 R2,,,0:00,,Helicopters PRE MOD 077240 (Modification of the material and position of the MGB intake O-ring) and equipped with the P/Ns listed in paragraph 1.A.2.
157b8d12-c115-446e-a4dc-d12077751fe2,d88e2641-dd39-4814-9f04-682a3c823bff,63.00.23 R2,63,SB 63.00.23 R2,MAIN ROTOR DRIVE Modification of material and position of MGB intake O-ring,SB$,05-Nov-2019,SB 63.00.23 R2,,,0:00,,Helicopters PRE MOD 077240 (Modification of material and position of MGB intake O-ring) and equipped with P/Ns mentioned in SB
157b8d12-c115-446e-a4dc-d12077751fe2,d88e2641-dd39-4814-9f04-682a3c823bff,63.00.25,63,SB 63.00.25 Rev.1,MAIN ROTOR DRIVE - NR sensor,SB,27-Apr-2015,SB 63.00.25 Rev.1,,,0:00,,"Civil versions: B, BA, BB, B1, B2, B3, D Military version: L1"
157b8d12-c115-446e-a4dc-d12077751fe2,d88e2641-dd39-4814-9f04-682a3c823bff,SB 63.00.33,63,SB 63.00.33,MAIN ROTOR DRIVE - NR rotor alarm Replacement of the Rotor Warning Horn.,SB$,12-Jul-2021,SB 63.00.33,,,0:00,,Helicopters which: - Have the audio warning manufacturer part number (MP/N) 704A36811013 - Have the NR min. - max. alarm MP/N 704A47720073 - Have not embodied MOD 072713.
157b8d12-c115-446e-a4dc-d12077751fe2,d88e2641-dd39-4814-9f04-682a3c823bff,SB 63.00.35 R0,63,SB 63.00.35 R0,MAIN ROTOR DRIVE - Main gear box Inspection of the hydraulic pump drive system,SB,14-Mar-2022,SB 63.00.35 R0,,,0:00,,"Helicopters AS350 version B3: - POST MOD 079568 (See NOTE 1) - Dual hydraulic - That have hydraulic pump drive system assembled before February 2021 (See NOTE 2) - And which have never been complied with the Task 63-11-00,6-15B (AMM)."
157b8d12-c115-446e-a4dc-d12077751fe2,d88e2641-dd39-4814-9f04-682a3c823bff,SB 63.00.37,63,SB 63.00.37,MAIN ROTOR DRIVE - Main Gear Box Improvement of the sealing of the MGB input (new input lip seal),SB,19-Dec-2022,SB 63.00.37,,,0:00,,"Civil version(s): B, BA, BB, B1, B2, B3, D Helicopters equipped with lip seal MP/N BAUM4SLX7-60X75X8 (704A39811031): - POST MOD 077240 - PRE MOD 0770005."
157b8d12-c115-446e-a4dc-d12077751fe2,d88e2641-dd39-4814-9f04-682a3c823bff,63.00.64,27,SB 63.00.64,ROTOR FLIGHT CONTROLS - Double hydraulic servocontrols,SB,25-Feb-2015,SB 63.00.64,,,0:00,,Civil versions: B3
157b8d12-c115-446e-a4dc-d12077751fe2,d88e2641-dd39-4814-9f04-682a3c823bff,SB 63-44-0001 Issue 001,63,SB 63-44-0001 Issue 001,Main rotor drive - Replacement of NR-NF indicator.,SB,24-Nov-2023,SB 63-44-0001 Issue 001,,,0:00,,Model: AS350 Version: B3
157b8d12-c115-446e-a4dc-d12077751fe2,d88e2641-dd39-4814-9f04-682a3c823bff,64.00.01,64,SB 64.00.01 Rev.2,"New Feathering Hinge SB date : October 26, 1984",SB,27-Nov-1985,SB 64.00.01 Rev.2,,,0:00,,AS 350 Helicopters-All Versions
157b8d12-c115-446e-a4dc-d12077751fe2,d88e2641-dd39-4814-9f04-682a3c823bff,64.00.02,64,SB 64.00.02 Rev.1,Tail rotor with increased blade chord,SB,15-Dec-2005,SB 64.00.02 Rev.1,,,0:00,,"Civil Helicopter:AS 350 B-D Series , pre-MOD 075555 subject to Service Bulletin No. 64.02."
157b8d12-c115-446e-a4dc-d12077751fe2,d88e2641-dd39-4814-9f04-682a3c823bff,64.00.08,64,SB 64.00.08,TAIL ROTOR - Tail rotor blade sand protection,SB,27-Mar-2009,SB 64.00.08,,,0:00,,"Eurocopter AS350B3 Helicopters equipped with tail rotor blades P/N 350A12-0030-XX, 355A12-0031-XX, 355A12-0040-XX or 355A12-0050-XX with or without sand protection (MOD OP5543) and pre-MOD 075598."
157b8d12-c115-446e-a4dc-d12077751fe2,d88e2641-dd39-4814-9f04-682a3c823bff,64.00.09 R4,64,SB 64.00.09 R4,TAIL ROTOR - Anti-torque rotor Installation of new pitch rods and TGB control lever,SB,10-Dec-2018,SB 64.00.09 R4,,,0:00,,"Helicopters: - POST MOD 076550 (Tail rotor pitch change plate - four contact bearing), - PRE MOD 078551 (New tail gear box control lever), - PRE MOD 076602 (Elastomeric pitch rod for the tail rotor.), - PRE MOD 076605 (Decrease of tightening torque of TRH pitch rod),"
157b8d12-c115-446e-a4dc-d12077751fe2,d88e2641-dd39-4814-9f04-682a3c823bff,SB 64.00.09 R5,64,SB 64.00.09 R5,TAIL ROTOR - Anti-torque rotor Installation of new pitch rods and TGB control lever.,SB,21-Dec-2021,SB 64.00.09 R5,,,0:00,,"Helicopters: - POST MOD 076550 (Tail rotor pitch change plate - four contact bearing), - PRE MOD 078551 (New tail gear box control lever), - PRE MOD 076602 (Elastomeric pitch rod for the tail rotor.), - PRE MOD 076605 (Decrease of tightening torque of TRH pitch rod), - equipped with the following tail rotor transmission assemblies equipped with tail gear box (TGB) assembly"
157b8d12-c115-446e-a4dc-d12077751fe2,d88e2641-dd39-4814-9f04-682a3c823bff,64.00.11,64,64.00.11,TAIL ROTOR - Tail rotor blades Modification of the chin weight support to avoid any interference with the laminated halfbearings,SB,19-Dec-2012,SB 64.00.11,,,0:00,,"Helicopters equipped with Arriel 2D engines, post MOD 075601 and equipped with the tail rotor blade assembly (M/PN) 355A12-0055-00 and pre MOD 076604."
157b8d12-c115-446e-a4dc-d12077751fe2,d88e2641-dd39-4814-9f04-682a3c823bff,64.00.12 R3,66,SB 64.00.12 R3,Decrease in tightening torque of connections on elastomeric pitch rods,SB,23-Jan-2020,SB 64.00.12 R3,,,0:00,,"Helicopters: - PRE MOD 076605 (Decrease of tightening torque of the tail rotor pitch rod), - and with any of the following modification status: . POST MOD 075606 (Additional tuning weights removed from tail rotor and compensator lever added to yaw channel), . POST MOD 076602 (Pitch-change rod with elastomer ball-joint). - and equipped with elastomeric pitch rods of either of the following part numbers (P/N): . LB6-1231-3-1 (704A47137035), . LB6-1231-3-2 (704A47137036)."
157b8d12-c115-446e-a4dc-d12077751fe2,d88e2641-dd39-4814-9f04-682a3c823bff,SB 64-11-0001 Issue 001,64,SB 64-11-0001 Issue 001,Rotor blades - Tail rotor conspicuity improvement,SB$,10-Apr-2026,SB 64-11-0001 Issue 001,,,0:00,,Model: AS350 Version: B / BA / BB / B1 / B2 / B3 / D / L1
157b8d12-c115-446e-a4dc-d12077751fe2,d88e2641-dd39-4814-9f04-682a3c823bff,65.00.17,65,SB 65.00.17,"Sand protection for main rotor blades, using Y 9265 SA scotch tape",SB,18-Jul-1980,SB 65.00.17,,,0:00,,"All Main Rotor Blades with 350A.11.0010, all Dash Numbers"
157b8d12-c115-446e-a4dc-d12077751fe2,d88e2641-dd39-4814-9f04-682a3c823bff,65.00.20,65,SB 65.00.20,Installation of chip detectors in MGB (Main gear box) and in TGB (Tail gear box),SB,19-Apr-1985,SB 65.00.20,,,0:00,,All AS 350 Helicopters
157b8d12-c115-446e-a4dc-d12077751fe2,d88e2641-dd39-4814-9f04-682a3c823bff,65.00.21,65,SB 65.00.21 Rev.1,"Tail Rotor Hub. SB date : July 31 , 1981",SB,31-Jul-1981,SB 65.00.21 Rev.1,,,0:00,,AS 350 Helicopters-All Versions
157b8d12-c115-446e-a4dc-d12077751fe2,d88e2641-dd39-4814-9f04-682a3c823bff,65.00.28,65,SB 65.00.28 Rev.3,Laminated bearings on tail rotor see-saw unit,SB,29-Nov-1991,SB 65.00.28 Rev.3,,,0:00,,"AS 350 Helicopters-Versions B ,D"
157b8d12-c115-446e-a4dc-d12077751fe2,d88e2641-dd39-4814-9f04-682a3c823bff,65.00.29,65,SB 65.00.29 Rev.2,"New technology of ball joints located at ends of star-head arms. SB Date : June 27, 1983",SB,27-Jun-1983,SB 65.00.29 Rev.2,,,0:00,,All AS 350 Helicopters
157b8d12-c115-446e-a4dc-d12077751fe2,d88e2641-dd39-4814-9f04-682a3c823bff,65.00.30,65,SB 65.00.30,T.G.B. pitch change control bellcranck equipped with carbide bushes,SB,07-Sep-1982,SB 65.00.30,,,0:00,,"AS 350 Helicopters-Versions B ,D"
157b8d12-c115-446e-a4dc-d12077751fe2,d88e2641-dd39-4814-9f04-682a3c823bff,65.00.31,65,SB 65.00.31,Tail Rotor Pitch Change Spider,SB,19-Sep-1984,SB 65.00.31,,,0:00,,All AS 350 Helicopters whose tail gear box is equipped with long shaft P/N 350A33.0200.04. Date of Issue: 19-09-1984
157b8d12-c115-446e-a4dc-d12077751fe2,d88e2641-dd39-4814-9f04-682a3c823bff,65.00.32,65,SB 65.00.32,New elastomer sleeves supporting the tail rotor shaft bearings. SB Date : September 1985,SB,01-Sep-1985,SB 65.00.32,,,0:00,,AS 350 Helicopters-All Versions
157b8d12-c115-446e-a4dc-d12077751fe2,d88e2641-dd39-4814-9f04-682a3c823bff,65.00.34,65,SB 65.00.34,TGB Front Attachment Bolts,SB,15-Sep-1993,SB 65.00.34,,,0:00,,"AS 350 Helicopters versions B-D-B1-B2-L1 , whose TGB front attachments are fitted with flanged elliptic nuts P/N 22541N080."
157b8d12-c115-446e-a4dc-d12077751fe2,d88e2641-dd39-4814-9f04-682a3c823bff,65.00.35,65,SB 65.00.35 Rev.1,Tail Rotor Hub Pitch Change Spider,SB,15-Nov-2000,SB 65.00.35 Rev.1,,,0:00,,"AS 350 helicopters. Versions : B, BA, D, B1, B2, L1."
157b8d12-c115-446e-a4dc-d12077751fe2,d88e2641-dd39-4814-9f04-682a3c823bff,65.00.36,65,SB 65.00.36,TGB input Flange Splines and Tightening Torque Check,SB,17-Mar-1997,SB 65.00.36,,,0:00,,TGB pre MOD. 078543.
157b8d12-c115-446e-a4dc-d12077751fe2,d88e2641-dd39-4814-9f04-682a3c823bff,65.00.37,65,SB 65.00.37,Drive Shaft Flange Check on TGB end,SB,05-Aug-1997,SB 65.00.37,,,0:00,,"On all AS 350 aircraft and tail rotor drive shafts delivered before October 1, 1996."
157b8d12-c115-446e-a4dc-d12077751fe2,d88e2641-dd39-4814-9f04-682a3c823bff,65.00.38,65,SB 65.00.38 Rev.1,Tail Rotor Hub Pitch Change Spider,SB,28-Feb-2001,SB 65.00.38 Rev.1,,,0:00,,Eurocopter AS350B3 Helicopters with Tail Rotor Hub (TRH) pitch change spider pre MOD 076551.
157b8d12-c115-446e-a4dc-d12077751fe2,d88e2641-dd39-4814-9f04-682a3c823bff,65.00.39,65,SB 65.00.39,KOYO and KAFNIR Greasable Bearings of Tail Rotor Drive Shaft,SB,17-Jul-2000,SB 65.00.39,,,0:00,,"Tail rotor drive shaft equipped with the following greasable bearings: a)""KOYO"" bearings,P/N 83A851BC3 (704A33-651-143). b)""FAFNIR"" bearings,P/N P9107NPP7A3272 (704A33-651-111). This SB does not apply to greasable bearings delivered new by Eurocopter Marignane since Jan 1, 2000."
157b8d12-c115-446e-a4dc-d12077751fe2,d88e2641-dd39-4814-9f04-682a3c823bff,65.00.41 Rev 5,65,SB 65.00.41 Rev 5,Tail rotor pitch change plate - four contact bearing,SB,23-Apr-2019,SB 65.00.41 Rev 5,,,0:00,,Helicopters PRE MOD 076550. Helicopters which have complied with any revision prior to Revision 4 of this Service Bulletin are affected by this Revision 4.
157b8d12-c115-446e-a4dc-d12077751fe2,d88e2641-dd39-4814-9f04-682a3c823bff,65.00.42,65,SB 65.00.42,Checking the Installation of the Pitch Change Control Bellcrank,SB,07-Oct-2002,SB 65.00.42,,,0:00,,Tail gearbox (TGB) pitch change control bellcrank - equipped with an expansion bolt post-MOD 078525 or 078527 or 078533.
157b8d12-c115-446e-a4dc-d12077751fe2,d88e2641-dd39-4814-9f04-682a3c823bff,65.00.43 Rev 3,65,SB 65.00.43 Rev 3,Tail Rotor Pitch Change Plate - Four-Contact Bearing,SB,23-Apr-2019,SB 65.00.43 Rev 3,,,0:00,,"AS350 B, BA, BB, B1, B2, D.Helicopters/installed equipment or parts Helicopters PRE MOD 076550."
157b8d12-c115-446e-a4dc-d12077751fe2,d88e2641-dd39-4814-9f04-682a3c823bff,65.00.45,65,SB 65.00.45,ROTORS - Attachment nuts securing the Tail Gearbox (TGB) on the front mount,SB,18-Feb-2009,SB 65.00.45,,,0:00,,"Eurocopter AS350B3 Helicopters. On Tail Gearboxes (TGBs), all part numbers."
157b8d12-c115-446e-a4dc-d12077751fe2,d88e2641-dd39-4814-9f04-682a3c823bff,SB 65-11-0001 Issue 001,65,SB 65-11-0001 Issue 001,Shafts - Internal inspection of the rear section of the rear transmission shaft,SB,02-Oct-2024,SB 65-11-0001 Issue 001,,,0:00,,"Model: AS350 Version: B2 , B3 Component affected: 350A34-0210-XX"
157b8d12-c115-446e-a4dc-d12077751fe2,d88e2641-dd39-4814-9f04-682a3c823bff,SB 65-11-0001 Issue 002,65,,Shafts - Internal inspection of the rear section of the rear transmission shaft,SB,13-Nov-2024,SB 65-11-0001 Issue 002,,,0:00,,"Model: AS350 Version: B2 , B3 Component affected: 350A34-0210-XX"
157b8d12-c115-446e-a4dc-d12077751fe2,d88e2641-dd39-4814-9f04-682a3c823bff,SB 65-11-002 Issue 001,65,,Shafts - Internal inspection of the rear section of the rear transmission shaft,SB,21-Nov-2024,SB 65-11-002 Issue 001,,,0:00,,"Model: AS350 Version: B , B1 , BA , BB , D , L1 Component affected: 350A34-0110-XX and 350A34-0210-XX"
157b8d12-c115-446e-a4dc-d12077751fe2,d88e2641-dd39-4814-9f04-682a3c823bff,SB 65-20-0001,65,SB 65-20-0001,Tail Gearbox - Replacement of the Tail Gear Box input flange.,SB$,30-Jan-2026,SB 65-20-0001,,,0:00,,Model: AS350 Version: B3
157b8d12-c115-446e-a4dc-d12077751fe2,d88e2641-dd39-4814-9f04-682a3c823bff,67.00.04,67,SB 67.00.04,Installation of BENDIX hand-grips on cyclic sticks,SB,27-Mar-1981,SB 67.00.04,,,0:00,,All AS 350 Helicopters. Refer SB for Serial number.
157b8d12-c115-446e-a4dc-d12077751fe2,d88e2641-dd39-4814-9f04-682a3c823bff,67.00.05,67,SB 67.00.05,DUNLOP main servo-controls,SB,30-Apr-1982,SB 67.00.05,,,0:00,,"All AS 350 Helicopters,B,C,D versions fitted with Dunlop main servo controls bearings."
157b8d12-c115-446e-a4dc-d12077751fe2,d88e2641-dd39-4814-9f04-682a3c823bff,67.00.06,67,SB 67.00.06,Tail rotor servo-control,SB,30-Apr-1982,SB 67.00.06,,,0:00,,"All AS 350 Helicopters, B-G, & D fitted with Tail rotor servo control P/N AC66436 (704A.44.831.063) or AC 67032 (704A.44.831.094)"
157b8d12-c115-446e-a4dc-d12077751fe2,d88e2641-dd39-4814-9f04-682a3c823bff,67.00.10,67,SB 67.00.10 Rev.1,"New bearings for yaw control rod. Dated on : March 28, 1989",SB,28-Mar-1989,SB 67.00.10 Rev.1,,,0:00,,AS 359 Helicopters-All versions equipped with a yaw control rod provided with the heat shrinkable sheath
157b8d12-c115-446e-a4dc-d12077751fe2,d88e2641-dd39-4814-9f04-682a3c823bff,67.00.12,67,SB 67.00.12,New pilot's collective lever grip,SB,29-May-1989,SB 67.00.12,,,0:00,,AS 350 Helicopters versions B- B1-D-L1
157b8d12-c115-446e-a4dc-d12077751fe2,d88e2641-dd39-4814-9f04-682a3c823bff,67.00.13,67,SB 67.00.13 Rev.1,Removability of yaw control bearing No,SB,03-Mar-1998,SB 67.00.13 Rev.1,,,0:00,,"AS 350 helicopters, versions D, B, B1, B2, BA, BB."
157b8d12-c115-446e-a4dc-d12077751fe2,d88e2641-dd39-4814-9f04-682a3c823bff,67.00.17,67,SB 67.00.17 Rev.2,Protection of the hydraulic cut-off switch cap on the pilot's collective grip,SB,06-Sep-1991,SB 67.00.17 Rev.2,,,0:00,,Helicopters Type AS350 versions B-B1-L1-L2 & Avex .
157b8d12-c115-446e-a4dc-d12077751fe2,d88e2641-dd39-4814-9f04-682a3c823bff,67.00.18,67,SB 67.00.18,Diaphragm on the hydraulic supply system of the tail rotor servo-control load compensator,SB,04-Jan-1991,SB 67.00.18,,,0:00,,"AS 350 Helicopters versions B1-B2-L1-L2, Avex."
157b8d12-c115-446e-a4dc-d12077751fe2,d88e2641-dd39-4814-9f04-682a3c823bff,67.00.19,67,SB 67.00.19,Installation of new dynamic seals on the yaw compensator actuator,SB,06-Sep-1991,SB 67.00.19,,,0:00,,"AS 350 Helicopters versions B1-B2-L1-L2, Avex"
157b8d12-c115-446e-a4dc-d12077751fe2,d88e2641-dd39-4814-9f04-682a3c823bff,67.00.21,67,SB 67.00.21 Rev.1,Collective lever hooking with return spring,SB,21-Jun-2006,SB 67.00.21 Rev.1,,,0:00,,Helicopters pre-MOD 073175.
157b8d12-c115-446e-a4dc-d12077751fe2,d88e2641-dd39-4814-9f04-682a3c823bff,67.00.21,62,SB 67.00.21 Rev.1,ROTOR FLIGHT CONTROLS,SB$,21-Jun-2006,SB 67.00.21 Rev.1,,,0:00,,Helicopters pre-MOD 073175.
157b8d12-c115-446e-a4dc-d12077751fe2,d88e2641-dd39-4814-9f04-682a3c823bff,67.00.22,67,SB 67.00.22 Rev.1,ROTORS FLIGHT CONTROL - Dual Locking of Tail Rotor Servo-control,SB,28-Apr-2003,SB 67.00.22 Rev.1,,,0:00,,"Eurocopter AS 350 Helicopters versions B-B1-B2-B3-BA-BB-D-L1. Component Affected: Tail rotor servo-control (DUNLOP AC66436 and AC67032 - SAMM SC 5071, SC 5071-1 and SC 5072), before embodiment of MOD 073139."
157b8d12-c115-446e-a4dc-d12077751fe2,d88e2641-dd39-4814-9f04-682a3c823bff,67.00.28,67,SB 67.00.28,SAMM Tail Servocontrol: Increase in the Yaw Pitch Range - Offsetting the Useful Travel of the Tail Servocontrol,SB,14-Jan-2005,SB 67.00.28,,,0:00,,"Eurocopter AS350 B3 Helicopter modified per MOD073158:""Increasing the Yaw Pitch Range"" and pre-MOD 073205."
157b8d12-c115-446e-a4dc-d12077751fe2,d88e2641-dd39-4814-9f04-682a3c823bff,67.00.30,67,SB 67.00.30,Check of the Tail Servo-Control Travel,SB,18-Apr-2006,SB 67.00.30,,,0:00,,"Helicopters fitted with a GOODRICH tail servo-control P/No. SC5071-XX or SC5072,except as tail servo-controls P/No. SC5072 with a serial number equal to or above 1372,."
157b8d12-c115-446e-a4dc-d12077751fe2,d88e2641-dd39-4814-9f04-682a3c823bff,67.00.31,67,SB 67.00.31,Check of the Tail Servo-Control Travel,SB,21-Jun-2005,SB 67.00.31,,,0:00,,"Eurocopter AS350, Versions B, BA, B1, B2, D Helicopters fitted with a GOODRICH tail servo-control P/N SC5071-XX or SC5072, except as mentioned in the SB."
157b8d12-c115-446e-a4dc-d12077751fe2,d88e2641-dd39-4814-9f04-682a3c823bff,67.00.32,67,SB 67.00.32 Rev.1,"Installation of ""Hydraulic test"" push-button protection flap on HONEYWELL control unit",SB,19-Feb-2008,SB 67.00.32 Rev.1,,,0:00,,"a)Helicopters pre-MOD 073304, or, b)Helicopters post-MOD 073304 & with a 90° opening protection flap,P/N 050705A.or, c)Helicopters on which SB 67.00.32,Rev.0 was complied with."
157b8d12-c115-446e-a4dc-d12077751fe2,d88e2641-dd39-4814-9f04-682a3c823bff,67.00.34,67,SB 67.00.34,Non-compliant intermediate yaw bellcrank,SB,15-Jan-2008,SB 67.00.34,,,0:00,,"Helicopters equipped with ARRIEL 2B1 type engines without AP, that have been delivered before January 1st, 2006 and fitted with intermediate yaw bellcrank,P/N 350A271176-02,post MOD 073252."
157b8d12-c115-446e-a4dc-d12077751fe2,d88e2641-dd39-4814-9f04-682a3c823bff,67.00.37,67,SB 67.00.37 Rev 3,Rotor Flight Controls New collective stick hooking lock,SB,03-Dec-2013,SB 67.00.37 Rev 3,,,0:00,,Helicopters Pre Mod 073237 and equipment with a collective lever head fitted with a hooking lock P/N 350A77-1309-23 or 350A77-1309-24 or 350A27-3155-20.
157b8d12-c115-446e-a4dc-d12077751fe2,d88e2641-dd39-4814-9f04-682a3c823bff,67.00.41,67,SB 67.00.41,ROTOR FLIGHT CONTROLS - Installation of GOODRICH New-Generation Main Servo-Controls,SB,24-Mar-2010,SB 67.00.41,,,0:00,,"Eurocopter AS 350 B, BA, BB, B1, B2, B3 version helicopters which do not embody MOD 073221."
157b8d12-c115-446e-a4dc-d12077751fe2,d88e2641-dd39-4814-9f04-682a3c823bff,67.00.44,67,SB 67.00.44,ROTOR FLIGHT CONTROLS - Servo-Controls: Modification to the tail servo-control attachment on the structure - Protection and check of the load compensator lever,SB,15-Apr-2009,SB 67.00.44,,,0:00,,Eurocopter AS350B3 Helicopters equipped with a load compensator not modified per MOD 073364.
157b8d12-c115-446e-a4dc-d12077751fe2,d88e2641-dd39-4814-9f04-682a3c823bff,67.00.45,67,SB 67.00.45,ROTOR FLIGHT CONTROLS - Main Servo-Actuator: Input Lever Attachment,SB,02-Feb-2010,SB 67.00.45,,,0:00,,"Eurocopter AS350 B3 Helicopters equipped with main servo-actuators Manufacturer's P/N, EUROCOPTER Code and Position as listed in ASB."
157b8d12-c115-446e-a4dc-d12077751fe2,d88e2641-dd39-4814-9f04-682a3c823bff,67.00.48,67,SB 67.00.48,ROTOR FLIGHT CONTROLS - Checking the locking of the distributor cover attachment screws on the dual-cylinder servocontrols,SB,24-Mar-2010,SB 67.00.48,,,0:00,,"Helicopters post OP3369 or OP3346 equipped with servocontrols type SC8042, S/N 1766 to 1769, 1771 to 1777, 1779, 1780, 1786 to 1793 and servocontrols type SC8043, S/N 943, 945 to 948, 957 to 960 and 962. Note: Only B3 versions with dual hydraulic system require compliance with this Service Bulletin."
157b8d12-c115-446e-a4dc-d12077751fe2,d88e2641-dd39-4814-9f04-682a3c823bff,67.00.50,67,SB 67.00.50 Rev 1,Rotor Flight Controls Yaw ball-type control: Check of the tightening torque load of sheath stop nuts and lock-nuts,SB,21-Oct-2013,SB 67.00.50 Rev 1,,,0:00,,Helicopters with serial numbers (S/N) from 4098 to 4886 inclusive
157b8d12-c115-446e-a4dc-d12077751fe2,d88e2641-dd39-4814-9f04-682a3c823bff,67.00.51,67,SB 67.00.51,ROTOR FLIGHT CONTROLS - TAIL ROTOR - Check of the setting of the tail rotor control stops,SB,28-Apr-2011,SB 67.00.51,,,0:00,,Eurocopter AS350 B3 On helicopters with Serial Numbers (S/N) strictly below 7101 and modified per Modification OP3082 or Modification OP3346 (Double hydraulic system).
157b8d12-c115-446e-a4dc-d12077751fe2,d88e2641-dd39-4814-9f04-682a3c823bff,67.00.52,67,SB 67.00.52 Rev 1,Rotor Flight Controls - Servocontrols Replacement of servocontrols nut retainers,SB,16-Oct-2013,SB 67.00.52 Rev 1,,,0:00,,"Applicable to AS 350 B3 Helicopter with dual body servocontrols assemblies (MP/N) 355A75-1350-01, 355A75-1350-02and 355A75-1350-03 and pre-MOD 073417."
157b8d12-c115-446e-a4dc-d12077751fe2,d88e2641-dd39-4814-9f04-682a3c823bff,67.00.56,67,SB 67.00.56,Rotor Flight Controls - Collective stick New collective stick hooking lock,SB$,03-Dec-2013,SB 67.00.56,,,0:00,,Applicable to AS 350 L1 Helicopter version
157b8d12-c115-446e-a4dc-d12077751fe2,d88e2641-dd39-4814-9f04-682a3c823bff,67.00.57,67,SB 67.00.57 R1,ROTOR FLIGHT CONTROLS - Yaw ball-type control Optimization of the yaw sheath routing Corresponds to modification 073422,SB,18-Nov-2015,SB 67.00.57 R1,,,0:00,,Helicopters POST MOD 073252 and PRE MODs 073422 and AL 4738. - Helicopters POST MODs 073252 and 073422.
157b8d12-c115-446e-a4dc-d12077751fe2,d88e2641-dd39-4814-9f04-682a3c823bff,67.00.58,67,SB 67.00.58 Rev 1,Rotor Flight Controls - Yaw Control Addition of a lock-washer between the sheath stop nuts and lock-nuts of the yaw ball-type control Corresponds to modification 074331,SB,21-Oct-2013,SB 67.00.58 Rev 1,,,0:00,,Applicable to AS 350 B3 helicopters not embodying modification 074331.
157b8d12-c115-446e-a4dc-d12077751fe2,d88e2641-dd39-4814-9f04-682a3c823bff,67.00.64 R3,27,SB 67.00.64 R3,ROTOR FLIGHT CONTROLS - Double hydraulic servocontrols,SB,31-Mar-2020,SB 67.00.64 R3,,,0:00,,Civil versions: B3
157b8d12-c115-446e-a4dc-d12077751fe2,d88e2641-dd39-4814-9f04-682a3c823bff,67.00.64,27,SB 67.00.64 R3,ROTOR FLIGHT CONTROLS - Double hydraulic servocontrols,SB,31-Mar-2020,SB 67.00.64 R3,,,0:00,,Helicopters equipped with the double hydraulic servocontrol and which are PRE MOD 074622.
157b8d12-c115-446e-a4dc-d12077751fe2,d88e2641-dd39-4814-9f04-682a3c823bff,SB 67.00.64 R4,67,SB 67.00.64 R4,"ROTOR FLIGHT CONTROLS - Double hydraulic servocontrols ""HYDR"" test indication for double hydraulic servocontrols",SB,27-Oct-2022,SB 67.00.64 R4,,,0:00,,PRE MOD 074622 helicopters equipped with the double hydraulic servocontrol.
157b8d12-c115-446e-a4dc-d12077751fe2,d88e2641-dd39-4814-9f04-682a3c823bff,67.00.65,62,SB 67.00.65,"ROTOR FLIGHT CONTROLS - Dual Hydraulic System Replacement of ""ACCU TST"" button",SB#,25-Aug-2016,SB 67.00.65,,,0:00,,"Helicopters equipped with dual hydraulic system, POST MODs OP3369 and 073273 (SMS block) or 074280 (multi-block panel), and PRE MOD 074719."
157b8d12-c115-446e-a4dc-d12077751fe2,d88e2641-dd39-4814-9f04-682a3c823bff,67.00.66,62,SB 67.00.66 R1,ROTOR FLIGHT CONTROLS Functional check procedure for the tail rotor load compensator,SB,22-Oct-2015,SB 67.00.66 R1,,,0:00,,"AS350 helicopters, version B3."
157b8d12-c115-446e-a4dc-d12077751fe2,d88e2641-dd39-4814-9f04-682a3c823bff,10,63,SB 67.00.69,ROTOR FLIGHT CONTROLS - Main servo-controls Installation and verification of banjo screws with built-in restrictor,SB,12-Apr-2018,SB 67.00.69,,,0:00,,Helicopters equipped with any of main servo-controls mentioned in para 1.A.1.
157b8d12-c115-446e-a4dc-d12077751fe2,d88e2641-dd39-4814-9f04-682a3c823bff,67.00.73 Rev 1,67,SB 67.00.73 Rev 1,ROTOR FLIGHT CONTROLS Improvement of yaw primary flight control stops,SB,08-Oct-2020,SB 67.00.73 Rev 1,,,0:00,,Helicopters: - equipped with adjustable yaw primary stops in the luggage compartment or on which the yaw primary stops in the luggage compartment are equipped with stop screws locked with lockwire to block their rotation and - PRE MOD 074819 (Improvement of yaw primary flight control stops)
157b8d12-c115-446e-a4dc-d12077751fe2,d88e2641-dd39-4814-9f04-682a3c823bff,SB 67.00.83,67,SB 67.00.83,Rotor flight controls - Electrovalve Improvement of the routing of the electrovalve,SB,01-Dec-2022,SB 67.00.83,,,0:00,,PRE MOD 074988 and equipped with electrovalve MP/N 121F4404 (P/N 704A34613004) and/or MP/N 122F5402 (P/N 704A34613022). Helicopters equipped with the single hydraulic system (PRE MOD OP3346)
157b8d12-c115-446e-a4dc-d12077751fe2,d88e2641-dd39-4814-9f04-682a3c823bff,SB 67-30-0001 Issue 002,67,SB 67-30-0001 Issue 002,Servo-control system - Installation of banjo screws of a smaller internal diameter,SB,12-Dec-2023,SB 67-30-0001 Issue 002,,,0:00,,"Model: AS350 Version: B, B1, B2, B3, BA, BB, D, L1 Helicopters PREMOD: 073178 and 073221"
157b8d12-c115-446e-a4dc-d12077751fe2,d88e2641-dd39-4814-9f04-682a3c823bff,SB 67-30-0001Issue 001,67,SB 67-30-0001Issue 001,Servo-control system - Installation of banjo screws of a smaller internal diameter,SB,26-Oct-2023,SB 67-30-0001Issue 001,,,0:00,,"Model: AS350 Version: B, B1, B2, B3, BA, BB, D, L1 Helicopters PREMOD: 073178 and 073221"
157b8d12-c115-446e-a4dc-d12077751fe2,d88e2641-dd39-4814-9f04-682a3c823bff,71.00.04,71,SB 71.00.04 Rev.2,Sand Filter Installation on the Arriel Power Plant,SB,23-Sep-1996,SB 71.00.04 Rev.2,,,0:00,,"AS 350 helicopters, versions B, B1, L1, B2, BA."
157b8d12-c115-446e-a4dc-d12077751fe2,d88e2641-dd39-4814-9f04-682a3c823bff,71.00.07,71,SB 71.00.07 Rev.6,Arriel Engine Flushing Installation,SB,28-Feb-2013,SB 71.00.07 Rev.6,,,0:00,,"Eurocopter 350B3 Helicopters with Pre Mod OP1142, 07138, OP1670, 073227 and 073452."
157b8d12-c115-446e-a4dc-d12077751fe2,d88e2641-dd39-4814-9f04-682a3c823bff,71.00.09,71,SB 71.00.09,Modification of the LTS 101 engine Exhaust nozzle,SB,05-Feb-1991,SB 71.00.09,,,0:00,,AS 350 Helicopters versions D
157b8d12-c115-446e-a4dc-d12077751fe2,d88e2641-dd39-4814-9f04-682a3c823bff,71.00.11,71,SB 71.00.11 Rev.2,Protection of Air Intake,SB,26-Feb-1996,SB 71.00.11 Rev.2,,,0:00,,"AS 350 helicopters, versions B, B1, B2, BA, L1 modified according to modification No 07-1537 (air intake screen secured with ""Dzus"" fasteners) as per Service Bulletin No 30.04."
157b8d12-c115-446e-a4dc-d12077751fe2,d88e2641-dd39-4814-9f04-682a3c823bff,71.00.14,71,SB 71.00.14 Rev.1,Installation of sand filter on ARRIEL 2B engine,SB,08-Mar-2002,SB 71.00.14 Rev.1,,,0:00,,"AS 350 helicopters, version B3."
157b8d12-c115-446e-a4dc-d12077751fe2,d88e2641-dd39-4814-9f04-682a3c823bff,71.00.17,71,SB 71.00.17,"Check of the Sand Filter Installation using the ""VEMD"" SB Date : 12-Sep-2006",SB,12-Sep-2006,SB 71.00.17,,,0:00,,Eurocopter AS350 B3 Helicopters Fitted with sand filter option.
157b8d12-c115-446e-a4dc-d12077751fe2,d88e2641-dd39-4814-9f04-682a3c823bff,71.00.18,71,SB 71.00.18 Rev.2,Power Plant - Firewall reinforcement,SB,30-Jul-2015,SB 71.00.18 Rev.2,,,0:00,,Eurocopter AS350 B3 Helicopters Pre Mod 073219.
157b8d12-c115-446e-a4dc-d12077751fe2,d88e2641-dd39-4814-9f04-682a3c823bff,71.00.20,71,SB 71.00.20,POWER PLANT - Air intake Check of the play between the air intake seal and the engine cowling,SB,23-Jul-2010,SB 71.00.20,,,0:00,,Eurocopter AS 350B3 Helicopters not embodying Modification 073453. And Helicopters embodying Modification 073453 which have already been subject to engine removal.
157b8d12-c115-446e-a4dc-d12077751fe2,d88e2641-dd39-4814-9f04-682a3c823bff,71.00.24,71,SB 71.00.24,POWER PLANT - Air inlet Improvement of the locking of the engine air inlet screen,SB$,28-Jan-2016,SB 71.00.24,,,0:00,,"AS350 : Civil versions: B, BA, BB, B1, B2, B3 Military version: L1 Helicopters: - equipped with the engine air inlet screen 350A58-1607-03 (POST MOD 071537), and - equipped with the air inlet duct 350A54-1079-01 (POST MOD 071537), and - PRE MOD 074277. OR Helicopters: - equipped with the engine air inlet screen 350A58-1607-03 (POST MOD 071537), and - equipped with the air inlet duct 350A54-1079-02 (POST MOD 072387), and - PRE MOD 074277."
157b8d12-c115-446e-a4dc-d12077751fe2,d88e2641-dd39-4814-9f04-682a3c823bff,SB 71.00.46,25,SB 71.00.46,POWER PLANT Improved locking of the MGB cowling,SB$,04-Dec-2020,SB 71.00.46,,,0:00,,"AS350 helicopters, version B3: - PRE MOD 074891. Non-installed equipment or parts - Lock module P/N 355A58-3044-05 - Supplementary locking shim (0.5 mm) P/N 350A58-6201-20 - Supplementary locking shim (1 mm) P/N 350A58-6201-21"
157b8d12-c115-446e-a4dc-d12077751fe2,d88e2641-dd39-4814-9f04-682a3c823bff,73.00.01,73,SB 73.00.01,Governor Damping Capacity,SB,05-Apr-1979,SB 73.00.01,,,0:00,,All AS 350 C-D and D1 type helicopter which have not been modified per AMS 350A.07.0528.
157b8d12-c115-446e-a4dc-d12077751fe2,d88e2641-dd39-4814-9f04-682a3c823bff,SB 73.00.02,73,SB 73.00.02,ENGINE FUEL AND CONTROL - Fuel system Adding an attachment point to the fuel supply pipe of the main manifold.,SB,11-Oct-2021,SB 73.00.02,,,0:00,,Helicopters: - That have the starter generator MP/N 524-031 or 515-030 - That are PRE MOD TU 211 at engine level.
157b8d12-c115-446e-a4dc-d12077751fe2,d88e2641-dd39-4814-9f04-682a3c823bff,76.00.06,76,SB 76.00.06,Flexible Ball control With Swivelling end fittings,SB,13-Feb-1990,SB 76.00.06,,,0:00,,AS 350 Helicopters versions B-D-B1-B2-L1
157b8d12-c115-446e-a4dc-d12077751fe2,d88e2641-dd39-4814-9f04-682a3c823bff,76.00.08,76,SB 76.00.08,Power supply cable for the electromagnet controlling the ground idle stop locking pin,SB,11-Jun-1993,SB 76.00.08,,,0:00,,AS 350 Helicopters versions B-D-B1-B2-BA-L1 fitted with the twist grip installation
157b8d12-c115-446e-a4dc-d12077751fe2,d88e2641-dd39-4814-9f04-682a3c823bff,76.00.11,76,SB 76.00.11,Installation of an eccentric ball fitting on the engine Anticipator control lever,SB,20-Jan-1998,SB 76.00.11,,,0:00,,AS 350 Helicopters versions B
157b8d12-c115-446e-a4dc-d12077751fe2,d88e2641-dd39-4814-9f04-682a3c823bff,76.00.13,76,SB 76.00.13,New Gimbal joint in collective Pitch control lever fitted with twist grip,SB,21-Feb-2000,SB 76.00.13,,,0:00,,"AS 350 helicopters, versions B-B1-B2-BA-BB."
157b8d12-c115-446e-a4dc-d12077751fe2,d88e2641-dd39-4814-9f04-682a3c823bff,76.00.19,76,SB 76.00.19,ENGINE CONTROLS - Twist grip marking and functional harmonization for ARRIEL 2B engines (Corresponds to MOD 073084 and 073222),SB$,09-Nov-2010,SB 76.00.19,,,0:00,,Eurocopter AS 350 B3 Helicopters pre-MOD 073084 and 073222.
157b8d12-c115-446e-a4dc-d12077751fe2,d88e2641-dd39-4814-9f04-682a3c823bff,SB 76.00.19 R1,25,SB 76.00.19 R1,ENGINE CONTROLS - Twist Grip Twist grip marking and functional harmonization for ARRIEL 2B engines Corresponds to modifications 073084 and 073222.,SB$,17-Dec-2020,SB 76.00.19 R1,,,0:00,,Eurocopter AS 350B3 Helicopters pre-MOD 073084 and 073222.
157b8d12-c115-446e-a4dc-d12077751fe2,d88e2641-dd39-4814-9f04-682a3c823bff,SB 76.00.19 R1,72,SB 76.00.19 R1,ENGINE CONTROLS - Twist Grip Twist grip marking and functional harmonization for ARRIEL 2B engines.,SB$,17-Dec-2020,SB 76.00.19 R1,,,0:00,,Helicopters that have not embodied modifications 073084 and 073222.
157b8d12-c115-446e-a4dc-d12077751fe2,d88e2641-dd39-4814-9f04-682a3c823bff,SB 76.00.19 R2,76,SB 76.00.19,ENGINE CONTROLS - Twist Grip Twist grip marking and functional harmonization for ARRIEL 2B engines,SB$,17-Nov-2022,SB 76.00.19 R2,,,0:00,,Helicopters that have not embodied modifications 073084 and 073222.
157b8d12-c115-446e-a4dc-d12077751fe2,d88e2641-dd39-4814-9f04-682a3c823bff,SB 76.00.19 R2,76,SB 76.00.19 R2,ENGINE CONTROLS - Twist Grip Twist grip marking and functional harmonization for ARRIEL 2B engines,SB$,17-Nov-2022,SB 76.00.19 R2,,,0:00,,Optional SB Application upon customers request
157b8d12-c115-446e-a4dc-d12077751fe2,d88e2641-dd39-4814-9f04-682a3c823bff,76.00.21,76,SB 76.00.21,ENGINE CONTROLS - Throttle lever New throttle lever control quadrant on cabin floor,SB,30-Apr-2015,SB 76.00.21,,,0:00,,"Version B2 Helicopters equipped with engine auxiliary controls on floor, PRE MODs 073283 (New throttle lever on floor) and 074685 (Improvement of throttle lever ""IDLE"" detent position on floor)."
157b8d12-c115-446e-a4dc-d12077751fe2,d88e2641-dd39-4814-9f04-682a3c823bff,76.00.23 R1,76,SB -76.00.23 R1,ENGINE CONTROLS Engine shut-off device in response to overspeed phenomenon,SB,01-Oct-2019,SB -76.00.23 R1,,,0:00,,"Helicopters: - POST MOD TU210 or 074830 (ARRIEL 2D Software modification for Overspeed protection function), - PRE MOD 074831 (Arriel 2D Engine Shut-off Means After Overspeed)."
157b8d12-c115-446e-a4dc-d12077751fe2,d88e2641-dd39-4814-9f04-682a3c823bff,SB 76.00.23 R2,73,SB 76.00.23 R2,ENGINE CONTROLS Engine shut-off device in response to overspeed phenomenon Corresponds to modification 074831,SB,28-Jan-2022,SB 76.00.23 R2,,,0:00,,"Service Bulletin No. 76.00.23 is not applicable at this time. ALERT SERVICE BULLETIN No. 76.00.32 replaces Service Bulletin No. 76.00.23. Helicopters: - POST MOD TU210 or 074830, - PRE MOD 074831."
157b8d12-c115-446e-a4dc-d12077751fe2,d88e2641-dd39-4814-9f04-682a3c823bff,SB 76.00.24,76,SB 76.00.24,ENGINE CONTROLS - EMERGENCY SHUTDOWN- Modification of the floor mounted fuel shut off lever to protect it from accidental activation due to external influences,SB,11-Dec-2020,SB 76.00.24,,,0:00,,"Helicopters equipped with the auxiliary control unit on the floor and: - POST MOD 070147 (Fuel flow control and anticipator on engine), - PRE MOD 072816 (Auxiliary control on the ceiling) (only for version B3), - PRE MOD 073283 (New fuel flow control lever), - PRE MOD 075101 (Emergency fuel shut-off lever protection with respect to inadvertent activation)."
157b8d12-c115-446e-a4dc-d12077751fe2,d88e2641-dd39-4814-9f04-682a3c823bff,SB 76.00.24 R1,76,SB 76.00.24 R1,ENGINE CONTROLS - EMERGENCY SHUTDOWN Modification of the floor mounted fuel shut off lever to protect it from accidental activation due to external influences,SB,01-Apr-2022,SB 76.00.24 R1,,,0:00,,Helicopters equipped with the auxiliary control unit on the floor and: - That are POST MOD 070147 - That are PRE MODs ? 072816 (only for version B3) ? 073283 ? 075101
157b8d12-c115-446e-a4dc-d12077751fe2,d88e2641-dd39-4814-9f04-682a3c823bff,SB 76.00.25,76,SB 76.00.25,ENGINE CONTROLS Twist grip solenoid finger attachment,SB,17-Dec-2020,SB 76.00.25,,,0:00,,AS350 B3 helicopters equipped with ARRIEL 2B engine POST MOD 073084 and POST MOD 073222.
157b8d12-c115-446e-a4dc-d12077751fe2,d88e2641-dd39-4814-9f04-682a3c823bff,76.00.28,76,SB 76.00.28,ENGINE CONTROLS Engine cut-off device after overspeed phenomenon (New Harness),SB,30-Nov-2020,SB 76.00.28,,,0:00,,Helicopters/installed equipment or parts Helicopters POST MOD TU210 or POST MOD 074830 and PRE MOD 0720015.
157b8d12-c115-446e-a4dc-d12077751fe2,d88e2641-dd39-4814-9f04-682a3c823bff,SB 76.00.28 R1,73,SB 76.00.28 R1,ENGINE CONTROLS Engine cut-off device after overspeed phenomenon (new harness) Corresponds to MOD 0720015,SB,28-Jan-2022,SB 76.00.28 R1,,,0:00,,Service Bulletin No. 76.00.28 is not applicable at this time. ALERT SERVICE BULLETIN No. 76.00.31 replaces Service Bulletin No. 76.00.28. Helicopters POST MOD TU210 or POST MOD 074830 and PRE MOD 0720015.
157b8d12-c115-446e-a4dc-d12077751fe2,d88e2641-dd39-4814-9f04-682a3c823bff,77.00.07,77,SB 77.00.07,Engine Indicating- (ASU No 2) PCB SE 03022- Resistor R8 not installed,SB,27-Mar-2000,SB 77.00.07,,,0:00,,"Eurocopter AS350 B3 Helicopters with Printed circuit boards, part number SE 03022 (704A 47720110) (ASU No.2 PCB) delivered before May 1, 1999."
157b8d12-c115-446e-a4dc-d12077751fe2,d88e2641-dd39-4814-9f04-682a3c823bff,77.00.08,77,SB 77.00.08,"ENGINE INDICATING - Improvement of Flight Idle Circuit (Amber GOV), Corresponds to MOD 073135",SB,12-Dec-2002,SB 77.00.08,,,0:00,,"Eurocopter AS 350 helicopters, version B3."
157b8d12-c115-446e-a4dc-d12077751fe2,d88e2641-dd39-4814-9f04-682a3c823bff,77.00.09,77,SB 77.00.09,"ENGINE INDICATING - Amber ""GOV"" Light Illumination - NF Trim",SB,14-Oct-2004,SB 77.00.09,,,0:00,,Eurocopter AS350B3 Helicopters Premod-073234.
157b8d12-c115-446e-a4dc-d12077751fe2,d88e2641-dd39-4814-9f04-682a3c823bff,SB 77.00.11 R2,77,SB 77.00.11 R2,"ENGINE CONTROLS - NR indicator and FADEC control Keep NR indicator and FADEC control energized when ""main cutoff"" function is not enabled Corresponds to MOD 073476",SB,12-Feb-2024,SB 77.00.11 R2,,,0:00,,Helicopters: - PRE MOD: . 073476 . 074280 - With the control panel 30 ALPHA (MODs 073273 + 073274) - POST MOD 073368 (for B2 version only).
157b8d12-c115-446e-a4dc-d12077751fe2,d88e2641-dd39-4814-9f04-682a3c823bff,77.00.11,77,SB 77.00.11 Rev:1,"ENGINE CONTROLS Keep NR indicator and FADEC control energized when ""main cutoff"" function is not enabled",SB,08-Apr-2015,SB 77.00.11 Rev:1,,,0:00,,Helicopters PRE MODs 073476 and 074280 (MULTI-UNIT) and equipped with the control panel 30 ALPHA (MODs 073273 + 073274). The AS350 helicopters version B3 ARRIEL 2D basically equipped with MOD 073476 are not concerned by compliance with this Service Bulletin. Helicopters on which Revision 0 of this Service Bulletin had been complied with are not affected by this Revision 1.
157b8d12-c115-446e-a4dc-d12077751fe2,d88e2641-dd39-4814-9f04-682a3c823bff,77.00.12,77,SB 77.00.12,ENGINE INDICATING - Modification of the location of the 39D-P1 plug extension to the 40D-J1 plug,SB,01-Feb-2018,SB 77.00.12,,,0:00,,"Helicopters: - which embody modification 073257 (control assemblies and elec. checks), - which do not embody modification 074840 (Improvement to the positioning of the 39D connector)."
157b8d12-c115-446e-a4dc-d12077751fe2,d88e2641-dd39-4814-9f04-682a3c823bff,79.00.06,79,SB 79.00.06 Rev.2,Arriel Engine Oil System,SB,17-Jul-1990,SB 79.00.06 Rev.2,,,0:00,,All AS 350 B helicopter
157b8d12-c115-446e-a4dc-d12077751fe2,d88e2641-dd39-4814-9f04-682a3c823bff,79.00.08,79,SB 79.00.08,Air Vent-New Stainless Steel Vent pipe,SB,27-Jul-1987,SB 79.00.08,,,0:00,,AS 350 Helicopters versions B-B1-L1 having modifications: AMS 350A07-0549 AMS 350A07-0815 AMS 350A07-0929
157b8d12-c115-446e-a4dc-d12077751fe2,d88e2641-dd39-4814-9f04-682a3c823bff,79.00.09,79,SB 79.00.09,New Fan Duct,SB$,21-Mar-1991,SB 79.00.09,,,0:00,,Helicopters Type Ecureuil AS350 B-B1-L1-L2 & Avex
157b8d12-c115-446e-a4dc-d12077751fe2,d88e2641-dd39-4814-9f04-682a3c823bff,79.00.10,79,SB 79.00.10,Replacement of the 400W Fan by a 600 or 800 W fan,SB,18-Nov-1991,SB 79.00.10,,,0:00,,"Eurocopter AS 350 Helicopters version B,D."
157b8d12-c115-446e-a4dc-d12077751fe2,d88e2641-dd39-4814-9f04-682a3c823bff,79.00.11,80,SB 79.00.11 Rev1,Protection of pipe Between Engine and MGB compartments,SB,05-May-2000,SB 79.00.11 Rev.1,,,0:00,,"AS 350 helicopters, versions B, B1, B2, BA, BB, D, L1"
157b8d12-c115-446e-a4dc-d12077751fe2,d88e2641-dd39-4814-9f04-682a3c823bff,SB 79-10-0001,79,,Oil - Replacement of the thermostatic valve of the engine oil circuit.,SB,07-Jan-2026,SB 79-10-0001,,,0:00,,"Model: AS350 Version: B, BA, BB, B1, B2, B3, D, L1."
157b8d12-c115-446e-a4dc-d12077751fe2,d88e2641-dd39-4814-9f04-682a3c823bff,SB 79-10-0001 Issue 002,79,SB 79-10-0001 Issue 002,Oil - Replacement of the thermostatic valve of the engine oil circuit.,SB,26-Feb-2026,SB 79-10-0001 Issue 002,,,0:00,,"Model: EC130 Version: B4 , T2"
157b8d12-c115-446e-a4dc-d12077751fe2,d88e2641-dd39-4814-9f04-682a3c823bff,80.00.01,80,SB 80.00.01,Discharge Valve Indication on the failure warning Panel,SB,21-Mar-1991,SB 80.00.01,,,0:00,,Eurocopter AS 350 Helicopters version B
157b8d12-c115-446e-a4dc-d12077751fe2,d88e2641-dd39-4814-9f04-682a3c823bff,SB 80.00.03 R4,80,SB 80.00.03 R4,"STARTING - Starter generator APC / SKURKA 200 Amperes starter generator Related to modifications OP2783, 072823, 073345, OP3821, 074693, 074696",SB$,05-Jul-2023,SB 80.00.03 R4,,,0:00,,Modification 074692 introduces the improved APC / SKURKA starter generator reference 150SG122Q-4. Helicopters PRE MOD 074692 are equipped with 150 amperes APC / SKURKA starter generator reference 150SG122Q.
157b8d12-c115-446e-a4dc-d12077751fe2,d88e2641-dd39-4814-9f04-682a3c823bff,SB 80.00.03 R5,80,SB 80.00.03 R5,STARTING - Starter generator APC / SKURKA 200 Amperes starter generator,SB,11-Apr-2025,SB 80.00.03 R5,,,0:00,,Modification 074692 introduces the improved APC / SKURKA starter generator reference 150SG122Q-4. Helicopters PRE MOD 074692 are equipped with 150 amperes APC / SKURKA starter generator reference 150SG122Q
157b8d12-c115-446e-a4dc-d12077751fe2,d88e2641-dd39-4814-9f04-682a3c823bff,SB 80.00.03 R6,80,SB 80.00.03 R6,PRODUCT IMPROVMENT STARTING - Starter generator APC / SKURKA 200 Amperes starter generator,SB$,22-Apr-2026,SB 80.00.03 R6,,,0:00,,AS350 B3
157b8d12-c115-446e-a4dc-d12077751fe2,d88e2641-dd39-4814-9f04-682a3c823bff,80.00.03 Rev.3,80,SB 80.00.03 Rev.3,200 Am Starter Generator,SB$,25-Apr-2019,SB 80.00.03 Rev.3,,,0:00,,Eurocopter AS 350 Helicopters version B3
157b8d12-c115-446e-a4dc-d12077751fe2,d88e2641-dd39-4814-9f04-682a3c823bff,80.00.04,80,"SB 80.00.04,Rev-1","Modification Of Starter Generators, P/N 524-030, 524-031",SB,18-May-2000,"SB 80.00.04,Rev-1",,,0:00,,"-Eurocopter AS 350 helicopters, versions B, B1, B2,B3, BA, BB, D. -524-030 any amendment prior to amendment E. -524-031 any amendment prior to amendment G."
157b8d12-c115-446e-a4dc-d12077751fe2,d88e2641-dd39-4814-9f04-682a3c823bff,80.00.05,80,"SB 80.00.05,Rev-1",Interface Relay Box on Arriel 2B Electronic control Unit Logic Inputs Corresponds to MOD 073087,SB,01-Dec-2014,"SB 80.00.05,Rev-1",,,0:00,,AS 350 version B3 helicopters post MOD 072817.
157b8d12-c115-446e-a4dc-d12077751fe2,d88e2641-dd39-4814-9f04-682a3c823bff,80.00.06,80,SB 80.00.06,Modification To Starter Generator P/N 514-031,SB$,20-Dec-2004,SB 80.00.06,,,0:00,,"Eurocopter AS 350 h/c, versions B, B1, B2, B3,BA, BB, D, L1 with Starter Generator, P/N 524-031 installed"
157b8d12-c115-446e-a4dc-d12077751fe2,d88e2641-dd39-4814-9f04-682a3c823bff,80.00.07,80,SB 80.00.07 Rev.1,Assembly Check of Aircraft Parts Corporation (APC) Starter Generators with P/N 150SG122Q and 200SGL130Q,SB,06-Feb-2009,SB 80.00.07 Rev.1,,,0:00,,"APC Starter Generators with P/N 150SG122Q and 200SGL130Q without ""004"" marking on their nameplates."
157b8d12-c115-446e-a4dc-d12077751fe2,d88e2641-dd39-4814-9f04-682a3c823bff,80.00.08,80,SB 80.00.08,ENGINE STARTING - APC Starter-generator: Fan Attachment Nut,SB,31-Mar-2010,SB 80.00.08,,,0:00,,"Helicopters equipped with APC starter-generators with part numbers: - 150SG122Q: Serial numbers (S/N) 5875, 6448, 8240, 8261, 8444, 8538, 8624, 8636, 8675, 8756XL2, 8862, 9076XL, 9207, 9246, 9362, 9486, 9853, 9884, 10083, 10087, 10172, 10211, 10232, 10529, 10599 and 51127. - 200SGL130Q: Serial numbers (S/N) 3489, 4116, 4506, 4522 and 4641."
157b8d12-c115-446e-a4dc-d12077751fe2,d88e2641-dd39-4814-9f04-682a3c823bff,80.00.10,80,SB 80.00.10,STARTING - Starter / Generator Upgrade of ventilation scoop assembly for ARRIEL engine starter-generator Corresponds to modification 074630,SB,05-Oct-2017,SB 80.00.10,,,0:00,,Helicopters on which modification 074630 has not been embodied.
157b8d12-c115-446e-a4dc-d12077751fe2,d88e2641-dd39-4814-9f04-682a3c823bff,SB 80.00.10 R1,80,SB 80.00.10 R1,STARTING Upgrade of ventilation scoop assembly for ARRIEL engine starter-generator Related to modification 074630,SB,01-Dec-2023,SB 80.00.10 R1,,,0:00,,Helicopters on which modification 074630 has not been embodied.
157b8d12-c115-446e-a4dc-d12077751fe2,d88e2641-dd39-4814-9f04-682a3c823bff,SB 80.00.11,80,SB 80.00.11,STARTING - Starter Generator- Addition of a calendar limit to the Time Between Overhaul (TBO) of the starter generator,SB,07-Dec-2020,SB 80.00.11,,,0:00,,"AS350 helicopter versions B, BA, BB, B1, B2, B3 and L1 delivered before receipt of this Service Bulletin, issued on the date indicated in the page footer, and equipped with a starter generator Part Number (P/N) 515-030 (704A46101018) or 524-031 (704A46101011)."
157b8d12-c115-446e-a4dc-d12077751fe2,d88e2641-dd39-4814-9f04-682a3c823bff,SB 80.00.11 R1,80,SB 80.00.11 R1,STARTING - Starter Generator Addition of a calendar limit to the Time Between Overhaul (TBO) of the starter generator.,SB,05-Jul-2023,SB 80.00.11 R1,,,0:00,,"AS350 helicopter versions B, BA, BB, B1, B2, B3 and L1 delivered before receipt of revision 0 of this Service Bulletin, issued on the date indicated in the page footer, and equipped with a starter generator Part Number (P/N) 515-030 (704A46101018) or 524-031 (704A46101011)."
157b8d12-c115-446e-a4dc-d12077751fe2,d88e2641-dd39-4814-9f04-682a3c823bff,SB 80.00.12,80,SB 80.00.12,STARTING - Starter Generator Introduction of a calendar limit for the Time Between Overhaul (TBO) of the starter generator.,SB*,23-Jun-2021,SB 80.00.12,,,0:00,,"AS350 helicopters versions B, BA, BB, B1, B2, B3, D and L1 that have a starter generator with one of the Part Numbers (P/N) that follow: - P/N 150SG114Q (704A46101013), - P/N 150SG122Q (704A46101020), - P/N 150SG122Q-4 (704A46101027), - P/N 200SGL130Q (704A46101023), - P/N 200SGL130Q-4 (704A46101026), - P/N 524-010."
157b8d12-c115-446e-a4dc-d12077751fe2,d88e2641-dd39-4814-9f04-682a3c823bff,SB 80.00.12 R0,80,SB 80.00.12 R0,STARTING - Starter Generator Introduction of a calendar limit for the Time Between Overhaul (TBO) of the starter generator,SB*,23-Jun-2021,SB 80.00.12 R0,,,0:00,,"AS350 helicopters versions B, BA, BB, B1, B2, B3, D and L1 that have a starter generator with one of the Part Numbers (P/N) that follow: - P/N 150SG114Q (704A46101013), - P/N 150SG122Q (704A46101020), - P/N 150SG122Q-4 (704A46101027), - P/N 200SGL130Q (704A46101023), - P/N 200SGL130Q-4 (704A46101026), - P/N 524-010."
157b8d12-c115-446e-a4dc-d12077751fe2,d88e2641-dd39-4814-9f04-682a3c823bff,SB 80.00.13,80,SB 80.00.13,"STARTING - Starter generator AUXILEC / THALES 200 Amperes starter generator Related to modifications OP2783, 072823, 073820, OP3821",SB$,05-Jul-2023,SB 80.00.13,,,0:00,,Civil version(s): B3
157b8d12-c115-446e-a4dc-d12077751fe2,d88e2641-dd39-4814-9f04-682a3c823bff,22.00.06,100,SB AS350-22.00.06,AUTO FLIGHT - Movement control Lack of adhesive on the control actuator motor attachment screws,SB$,18-Oct-2016,SB AS350-22.00.06,,,0:00,,"Helicopters equipped with control actuators with a P/N (418-00625-134),(418-00478-034),(418-00625-114),(418-00625-174) & S/N (2265,2385,2890,3084) (1781,1870,1900,1942,2633,2842,3073,3328,3387),(1614,1672,2014,2731,2744,2830),(1753,2064,302601) respectively"
157b8d12-c115-446e-a4dc-d12077751fe2,d88e2641-dd39-4814-9f04-682a3c823bff,SB AS350-25-65-0001,97,SB AS350-25-65-0001,Emergency - Replacement of Emergency Locator Transmitter KANNAD 406 by INTEGRA 406 and COBHAM antenna 21-41 by 25-1000,SB,20-Mar-2024,SB AS350-25-65-0001,,,0:00,,"Model: AS350 Version: B, BA, B1, B2, B3 Helicopters PREMOD: 074639 and 074848 Component affected: S1822502-02 and 21-41"
157b8d12-c115-446e-a4dc-d12077751fe2,d88e2641-dd39-4814-9f04-682a3c823bff,SB AS350-25-97-0001,100,SB AS350-25-97-0001,External load system - Alternative method of counting cycles for Goodrich 76370 family hoists,SB,25-Mar-2024,SB AS350-25-97-0001,,,0:00,,"Model: AS350 Version: B , BA , BB , B1 , B2 , B3 , D , L1 Component affected: 76370-010 and 76370-011 and 76370-030 and 76370-110 and 76370-111 and 76370-130 and 76370-130-D and 76370-140-D and 709628 and 709628-100 and 710656 and 710656-100"
157b8d12-c115-446e-a4dc-d12077751fe2,d88e2641-dd39-4814-9f04-682a3c823bff,SB MBB-BK117 C-2-85-052,85,SB MBB-BK117 C-2-85-052,OPTIONAL EQUIPMENT - Rescue Hoist Sealant application at the control pendant,SB,14-Aug-2024,SB MBB-BK117 C-2-85-052,,,0:00,,"1.A.1 Helicopters/installed equipment and parts a) MBB-BK117 C-2, C-2e, S/N 9001 thru 9999 with rescue hoist control pendant. b) Affected rescue hoist control pendant: See Paragraph 1.A of Service Bulletin 44301-720-03 Rev.3 of the Goodrich company attached to this SB."
157b8d12-c115-446e-a4dc-d12077751fe2,d88e2641-dd39-4814-9f04-682a3c823bff,25.02.53,25,SB NO 25.02.53,EQUIPMENT AND FURNISHINGS - Crashworthy seat Replacement of long attachment rails of pilot and copilot seats with reduced inertia long rails,SB,04-Dec-2018,SB NO 25.02.53,,,0:00,,- Helicopters fitted with SICMA 159 seats POST MOD OP 3314 and PRE MOD 074338 and 074347. - Helicopters fitted with SICMA 159 seats POST MOD 350V080029.01 or 350V080029.03 through Service Bulletin 25.00.83 Revision 1 and PRE MOD 074338 and 350V080029.06 or 350V080029.07 through Service Bulletin 25.00.83 Revision 2.
157b8d12-c115-446e-a4dc-d12077751fe2,d88e2641-dd39-4814-9f04-682a3c823bff,05.00.69,25,SB No. 05.00.69,Time Limits - Maintenance Checks - Cargo-swing installation Rotating cargo hook with part number (MP/N) AS21-5-7 ATA 25.,SB,05-Jun-2012,SB No. 05.00.69,,,0:00,,Applicable to Civil Version: B 2.
157b8d12-c115-446e-a4dc-d12077751fe2,d88e2641-dd39-4814-9f04-682a3c823bff,SB No. 05.00.69 R 1,25,SB No. 05.00.69 R 1,Time Limits - Maintenance Checks - Cargo-swing installation Rotating cargo hook with part number (MP/N) AS21-5-7 ATA 25.,SB,23-Feb-2021,SB No. 05.00.69 R 1,,,0:00,,Applicable to Civil Version: B 2.
157b8d12-c115-446e-a4dc-d12077751fe2,d88e2641-dd39-4814-9f04-682a3c823bff,25.94.37,25,SB No. 25.94.37,"EQUIPMENT AND FURNISHINGS Installation of ""RBE"" panoramic external rear-view mirrors.",SB$,29-Jul-2020,SB No. 25.94.37,,,0:00,,"For helicopters serial numbers 8751 and 8754: - POST MOD 073439 (Canopy re-design), - PRE MODs: . 074870 (Modification of FP rear-view mirror mounting on metallic canopy), . 350A828070.01 (Installation, rear-view mirror (RP))."
157b8d12-c115-446e-a4dc-d12077751fe2,d88e2641-dd39-4814-9f04-682a3c823bff,67.00. 73,67,SB No. AS350- 67.00.73,ROTOR FLIGHT CONTROLS Improvement of yaw primary flight control stops,SB,11-Feb-2020,SB No. AS350- 67.00.73,,,0:00,,"Helicopters: - equipped with adjustable yaw primary stops in the luggage compartment,or- on which the yaw primary stops in the luggage compartment are equipped with stop screws locked with lockwire to block their rotation and - PRE MOD 074819 (Improvement of yaw primary flight control stops)."
157b8d12-c115-446e-a4dc-d12077751fe2,d88e2641-dd39-4814-9f04-682a3c823bff,25.03.87,25,SB No. AS350-25.03.87,EQUIPMENT AND FURNISHINGS - Passenger Seats Non-compliant installation of the harness reel on the two-seat bench,SB,08-Apr-2019,SB No. AS350-25.03.87,,,0:00,,Helicopter equipped with a two-seat bench MP/N 350A77-0230-0501.
157b8d12-c115-446e-a4dc-d12077751fe2,d88e2641-dd39-4814-9f04-682a3c823bff,28.00.28 R1,73,SB No. AS350-28.00.28-STC R1,FUEL SYSTEM - Rupture resistant fuel system on AS350 B3 under STC,SB,02-Aug-2018,SB No. AS350-28.00.28-STC R1,,,0:00,,"Helicopter equipped with the fuel tank installation corresponding to the modifications below: - new: OP4605 (AS350B3e - New optional - Installation of a fuel system improving crashworthiness), - retrofit: . 350R081004.00 (AS350-B3 Energy Absorbing Fuel Tank), . or 350R001032.03 (AS350-B3 Energy Absorbing Fuel Tank STD 01/07/2012 to 31/03/2014), . or 350R001032.04 (AS350-B3 Energy Absorbing Fuel Tank STD 01/04/2014 to 25/08/2014), and POST ,MODs: - 074791 (New reinforced sheet plate cradles), - OP4305 (Administrative version B3 equipped with Arriel 2D engine)."
157b8d12-c115-446e-a4dc-d12077751fe2,d88e2641-dd39-4814-9f04-682a3c823bff,53.00.60,73,SB No. AS350-53.00.60,FUSELAGE - Support cradles of the rupture resistant fuel tank Replacement of the front and rear cradles of the rupture resistant fuel tank,SB,24-May-2018,SB No. AS350-53.00.60,,,0:00,,"On helicopters AS350 version B3: - PRE MOD 074791 (Replacement of the front and rear cradles of the rupture resistant fuel tank), and - having complied with one of the following modifications: . in production: OP4605 . as a retrofit: .. 350R081004.00, .. or 350R001032.04, .. or 350R001032.03 and - POST MOD 074863 (Improvement rupture resistant fuel tank installation), - POST MOD 074898 (Improvement of fuel pipe conduct though mechanical floor) or 350R001039.00 or 350R001039.01 or 350R001039.02 (SB Kit Improvement of fuel return piping protection)."
157b8d12-c115-446e-a4dc-d12077751fe2,d88e2641-dd39-4814-9f04-682a3c823bff,62.00.44,62,SB No. AS350-62.00.44,MAIN ROTOR - Rotor mast Improvement of the planet gear carrier / rotor mast link,SB,30-Jul-2020,SB No. AS350-62.00.44,,,0:00,,CONF 4 (only helicopter version B3 with a single hydraulic system) Helicopters equipped with the main rotor mast assembly (MP/N) 350A37-0004-02M on which modification 07.6201 (Amélioration de la protection du mât rotor principal) has been embodied and on which modification OP3346 (Dual hydraulic installation) has not been embodied.
157b8d12-c115-446e-a4dc-d12077751fe2,d88e2641-dd39-4814-9f04-682a3c823bff,67.00.73,67,SB No. AS350-67.00.73,ROTOR FLIGHT CONTROLS Improvement of yaw primary flight control stops,SB,11-Feb-2020,SB No. AS350-67.00.73,,,0:00,,Helicopters: - equipped with adjustable yaw primary stops in the luggage compartment or on which the yaw primary stops in the luggage compartment are equipped with stop screws locked with lockwire to block their rotation and - PRE MOD 074819 (Improvement of yaw primary flight control stops).
157b8d12-c115-446e-a4dc-d12077751fe2,d88e2641-dd39-4814-9f04-682a3c823bff,1.16,4,SB NO.01.00.16,"MAIN ROTOR HEAD ROVING BLADE SLEEVE, UPPER AND LOWER. SLEEVE ATTACH BEAMS : . 350A.31.1830.00 AND 01 . 350A.31.1831.00 AND 01 . 350A.31.1831.04 AND 05 . 350A.31.1831.06 AND 07",SB,25-Mar-1986,SB NO.01.00.16,,,0:00,,All AS350B3 Helicopter.
157b8d12-c115-446e-a4dc-d12077751fe2,d88e2641-dd39-4814-9f04-682a3c823bff,23.00.07,23,SB No.23.00.07,GMA 350H software correction and customization of the Garmin radio equipment configuration,SB,09-Jul-2020,SB No.23.00.07,,,0:00,,"Helicopters: - POST MOD: . OP4655 (New Garmin Avionics - ICS GMA 350H), . 074796 (Replacement of the GMA 350H (Garmin Inter Communication System) following obsolescence), . 074784 (Replacement of the Transponder GTX33H by GTX335R), - PRE MOD 074927 (GMA 350H Software Correction)."
157b8d12-c115-446e-a4dc-d12077751fe2,d88e2641-dd39-4814-9f04-682a3c823bff,25.02.53,25,SB No.25.02.53,EQUIPMENT AND FURNISHINGS - Crashworthy seat Replacement of long attachment rails of pilot and copilot seats with reduced inertia long rails,SB,04-Dec-2018,SB No.25.02.53,,,0:00,,Helicopters fitted with SICMA 159 seats POST MOD OP 3314 and PRE MOD 074338 and 074347.
157b8d12-c115-446e-a4dc-d12077751fe2,d88e2641-dd39-4814-9f04-682a3c823bff,25.03.72,25,SB NO.25.03.72,PROTECTIVE MEASURE EQUIPMENT AND FURNISHINGS Check mechanical Cargo Swing release control P/N AS22-24 and AS22-79,SB,10-Jul-2018,SB NO.25.03.72,,,0:00,,"Helicopters AS350, all versions equipped with Cargo Swing or Cargo Sling option and mechanical cargo release control."
157b8d12-c115-446e-a4dc-d12077751fe2,d88e2641-dd39-4814-9f04-682a3c823bff,25.03.76,25,SB No.25.03.76,PRODUCT IMPROVEMENT EQUIPMENT AND FURNISHINGS - Electric Hoist Replacement of the steel anchorage pins and rings with titanium versions,SB$,27-Jul-2018,SB No.25.03.76,,,0:00,,Helicopters PRE MOD 074823 (Adding of hoistman hook alternative). NOTE Refer to the aircraft individual inspection record (RIC AMS) and the aircraft log book to identify the actual modification status of the helicopter.
157b8d12-c115-446e-a4dc-d12077751fe2,d88e2641-dd39-4814-9f04-682a3c823bff,25.04.11,25,SB No.25.04.11,EQUIPMENT AND FURNISHINGS - Seats Replacement of restraint systems,SB,11-Mar-2020,SB No.25.04.11,,,0:00,,"Helicopters equipped with: - type 198 pilot seats P/N 19810-02-00 (B2/B3), - POST MOD 074338 (SICMA 198 seats with SRP210 for pilot & co-pilot), - PRE MOD 074947 (New Belt Buckles SCHROTH)."
157b8d12-c115-446e-a4dc-d12077751fe2,d88e2641-dd39-4814-9f04-682a3c823bff,25.04.19,25,SB No.25.04.19,EQUIPMENT AND FURNISHINGS Replacement of the SICMA 198 copilot seat with a SICMA 159 copilot seat.,SB$,28-Jul-2020,SB No.25.04.19,,,0:00,,Helicopters equipped with SICMA 198 copilot seat MP/N 19810-14-00 (P/N 70441120009) or 19810-02-00 (P/N 704A41120140) and PRE MOD OP20031.
157b8d12-c115-446e-a4dc-d12077751fe2,d88e2641-dd39-4814-9f04-682a3c823bff,53.00.58 Rev 1,53,SB No.53.00.58 Rev 1,FUSELAGE - Rear structure Replacement upgrade of rear junction frame for tail boom connection,SB,27-Jul-2020,SB No.53.00.58 Rev 1,,,0:00,,"Helicopters which have not embodied any of the following modifications: - modification 073232 (Machined tail boom frame), - modification 074766 (Replacement of folded intermediate structure junction frame by machined junction frame)."
157b8d12-c115-446e-a4dc-d12077751fe2,d88e2641-dd39-4814-9f04-682a3c823bff,64.00.09,64,SB No.64.00.09 R2,TAIL ROTOR - Anti-torque rotor,SB,29-Sep-2017,SB No.64.00.09 R2,,,0:00,,"Helicopters: - POST MOD 076550 (Tail rotor pitch change plate - four contact bearing), - PRE MOD 078551 (New tail gear box control lever), - PRE MOD 076602 (Elastomeric pitch rod for the tail rotor.), - PRE MOD 076605 (Decrease of tightening torque of TRH pitch rod),"
157b8d12-c115-446e-a4dc-d12077751fe2,d88e2641-dd39-4814-9f04-682a3c823bff,64.00.12,64,SB No.64.00.12 R3,TAIL ROTOR - Tail rotor pitch rods Decrease in tightening torque of connections on elastomeric pitch rods,SB,05-Feb-2020,SB No.64.00.12 R3,,,0:00,,"Helicopters: - PRE MOD 076605 (Decrease of tightening torque of the tail rotor pitch rod), - and with any of the following modification status: . POST MOD 075606 (Additional tuning weights removed from tail rotor and compensator lever added to yaw channel), . POST MOD 076602 (Pitch-change rod with elastomer ball-joint). - and equipped with elastomeric pitch rods of either of the following part numbers (P/N): . LB6-1231-3-1 (704A47137035), . LB6-1231-3-2 (704A47137036)."
157b8d12-c115-446e-a4dc-d12077751fe2,d88e2641-dd39-4814-9f04-682a3c823bff,71.00.41,71,SB No.71.00.41,POWER PLANT - Air intake Installation of new engine air intake cover,SB,30-Nov-2018,SB No.71.00.41,,,0:00,,"Helicopters that have not embodied modification 074862 (Creation of a new air duct cover). Helicopters in the ""no sand filter"" configuration must first embody modification 074277 (Locking of engine cowling air intake screen)."
157b8d12-c115-446e-a4dc-d12077751fe2,d88e2641-dd39-4814-9f04-682a3c823bff,62.00.44,62,SB No.AS350 62.00.44,MAIN ROTOR - Rotor mast Improvement of the planet gear carrier / rotor mast link,SB,30-Jul-2020,SB No.AS350 62.00.44,,,0:00,,CONF 4 (only helicopter version B3 with a single hydraulic system) Helicopters equipped with the main rotor mast assembly (MP/N) 350A37-0004-02M on which modification 07.6201 (Amélioration de la protection du mât rotor principal) has been embodied and on which modification OP3346 (Dual hydraulic installation) has not been embodied.
157b8d12-c115-446e-a4dc-d12077751fe2,d88e2641-dd39-4814-9f04-682a3c823bff,25.02.53,25,SB NO: 25.02.53,EQUIPMENT AND FURNISHINGS - Crashworthy seat Replacement of long attachment rails of pilot and copilot seats with reduced inertia long rails,SB,04-Dec-2018,SB NO: 25.02.53,,,0:00,,Helicopters fitted with SICMA 159 seats POST MOD OP 3314 and PRE MOD 074338 and 074347. - Helicopters fitted with SICMA 159 seats POST MOD 350V080029.01 or 350V080029.03 through Service Bulletin 25.00.83 Revision 1 and PRE MOD 074338 and 350V080029.06 or 350V080029.07 through Service Bulletin 25.00.83 Revision 2.
157b8d12-c115-446e-a4dc-d12077751fe2,d88e2641-dd39-4814-9f04-682a3c823bff,20.00.01Rev 1,20,SB NO:20.00.01Rev 1,"STANDARD PRACTICES - AIRFRAME Detailed storage conditions for parking, immobilization and maintenance operation",SB,09-Nov-2020,SB NO:20.00.01Rev 1,,,0:00,,"Helicopters versions AS350, AS355, AS550, AS555 and EC130"
157b8d12-c115-446e-a4dc-d12077751fe2,d88e2641-dd39-4814-9f04-682a3c823bff,34.00.28,34,SB No:34.00.28,NAVIGATION Addition of the ADS-B OUT function,SB,10-Jul-2020,SB No:34.00.28,,,0:00,,"Helicopters: - POST MOD 074927 (Correction Software GMA 350H) or which have complied with the Service Bulletin No. 23.00.07 (GMA350H Software correction and customization of the Gamin radio equipment configuration), - PRE MOD 074818 (ADS-B OUT system installation"
157b8d12-c115-446e-a4dc-d12077751fe2,d88e2641-dd39-4814-9f04-682a3c823bff,01.00.71,71,SB No-01.00.71,LIMITATIONS - Propellers Extension of the TBO for the free wheel of the ARRIEL 2D engine,SB,29-May-2019,SB No-01.00.71,,,0:00,,Version B3 Helicopters fitted with an ARRIEL 2D engine (B3e commercial version).
157b8d12-c115-446e-a4dc-d12077751fe2,d88e2641-dd39-4814-9f04-682a3c823bff,05.00.95,24,SB No-05.00.95,TIME LIMITS - MAINTENANCE CHECKS - Starter generator Check of starter generators MP/N 524-031 and 515-030,SB,24-Dec-2018,SB No-05.00.95,,,0:00,,Helicopters equipped with starter generator MP/N: 524-031 or 515-030. NOTE Refer to the Individual Inspection Log Book (RIC AMS) and/or the aircraft Log Book to identify the current modification status of the helicopter.
157b8d12-c115-446e-a4dc-d12077751fe2,d88e2641-dd39-4814-9f04-682a3c823bff,05.00.95,24,SB NO-05.00.95 Rev2,TIME LIMITS - MAINTENANCE CHECKS - Starter generator Check of starter generators MP/N 524-031 and 515-030,SB*,11-Dec-2019,SB NO-05.00.95 Rev2,,,0:00,,Helicopters equipped with starter generator MP/N: 524-031 or 515-030.
157b8d12-c115-446e-a4dc-d12077751fe2,d88e2641-dd39-4814-9f04-682a3c823bff,25.04.18 Rev 1,25,SB No-25.04.18 Rev 1,EQUIPMENT AND FURNISHINGS Replacement of the SICMA 198 pilot seat with a SICMA 159 pilot seat,SB$,27-Jul-2020,SB No-25.04.18 Rev 1,,,0:00,,Helicopters equipped with SICMA 198 pilot seat MP/N 19810-14-00 (P/N 70441120009) or 19810-02-00 (P/N 704A41120140) and PRE MOD OP20019.
157b8d12-c115-446e-a4dc-d12077751fe2,d88e2641-dd39-4814-9f04-682a3c823bff,52.00.39,52,SB No-52.00.39,PRODUCT IMPROVEMENT DOORS - Obsolescence of the locking system for lateral cargo hold doors,SB,23-Feb-2018,SB No-52.00.39,,,0:00,,"Helicopters: - with: . LH doors P/N 350A21-0032-0303 or 350A21-0032-0701 or 350A21-0032-1001, . RH doors P/N 350A21-0032-08 or 350A21-0032-11 or 350A21-0032-12 or 350A21-0032-1201 or 350A21-0032-1202. . PRE MOD 078000 (Obsolescence of the lock system for lateral cargo hold doors)."
157b8d12-c115-446e-a4dc-d12077751fe2,d88e2641-dd39-4814-9f04-682a3c823bff,62.00.44,62,SB No-62.00.44,MAIN ROTOR - Rotor mast Improvement of the planet gear carrier / rotor mast link,SB,30-Jul-2020,SB No-62.00.44,,,0:00,,CONF 4 (only helicopter version B3 with a single hydraulic system) Helicopters equipped with the main rotor mast assembly (MP/N) 350A37-0004-02M on which modification 07.6201 (Amélioration de la protection du mât rotor principal) has been embodied and on which modification OP3346 (Dual hydraulic installation) has not been embodied.
157b8d12-c115-446e-a4dc-d12077751fe2,d88e2641-dd39-4814-9f04-682a3c823bff,64.00.12 R2,64,SB No-64.00.12 R2,TAIL ROTOR - Tail rotor pitch rods Decrease in tightening torque of connections on elastomeric pitch rods Corresponds to modification 076605,SB,10-Dec-2018,SB No-64.00.12 R2,,,0:00,,"Helicopters: - PRE MOD 076605 (Decrease of tightening torque of the tail rotor pitch rod), - and with any of the following modification status: . POST MOD 075606 (Additional tuning weights removed from tail rotor and compensator lever added to yaw channel), . POST MOD 076602 (Pitch-change rod with elastomer ball-joint). - and equipped with elastomeric pitch rods of either of the following part numbers (P/N): . LB6-1231-3-1 (704A47137035), . LB6-1231-3-2 (704A47137036)."
157b8d12-c115-446e-a4dc-d12077751fe2,d88e2641-dd39-4814-9f04-682a3c823bff,21.00.25 R2,21,SB. 21.00.25 R2,AIR CONDITIONING - Heating/demisting system Replacement of aluminum lines with stainless steel lines Corresponds to modification 074866,SB,28-May-2020,SB. 21.00.25 R2,,,0:00,,"Helicopters which have not embodied: - modification 074765 (Change of material for heating lines) or Service Bulletin No. 21.00.24 (Replacement of aluminum lines of heating system with stainless steel lines), - modification 074866 (Heating and demisting lines material change)."
157b8d12-c115-446e-a4dc-d12077751fe2,d88e2641-dd39-4814-9f04-682a3c823bff,SB.53.00.58 R2,53,SB.53.00.58 R1,FUSELAGE - Rear structure Replacement upgrade of rear junction frame for tail boom connection,SB,10-Nov-2023,SB.53.00.58 R2,,,0:00,,"Helicopters which have not embodied any of the following modifications: - modification 073232 (Machined tail boom frame), - modification 074766 (Replacement of folded intermediate structure junction frame by machined junction frame)"
157b8d12-c115-446e-a4dc-d12077751fe2,d88e2641-dd39-4814-9f04-682a3c823bff,67.00.73 Rev 1,67,SB.67.00.73 Rev 1,ROTOR FLIGHT CONTROLS Improvement of yaw primary flight control stops,SB,08-Oct-2020,SB.67.00.73 Rev 1,,,0:00,,"Helicopters: - equipped with adjustable yaw primary stops in the luggage compartment, which corresponds to the configuration shown below: - on which the yaw primary stops in the luggage compartment are equipped with stop screws locked with lockwire to block their rotation, which corresponds to the configuration shown below:"
157b8d12-c115-446e-a4dc-d12077751fe2,d88e2641-dd39-4814-9f04-682a3c823bff,SB.77.00.11R2,72,SB.77.00.11R2,"ENGINE CONTROLS - NR indicator and FADEC control Keep NR indicator and FADEC control energized when ""main cutoff"" function is not enabled Corresponds to MOD 073476",SB,12-Feb-2024,SB.77.00.11R2,,,0:00,,Helicopters: - PRE MOD: . 073476 . 074280 - With the control panel 30 ALPHA (MODs 073273 + 073274)
157b8d12-c115-446e-a4dc-d12077751fe2,d88e2641-dd39-4814-9f04-682a3c823bff,05.00.83 R2,21,SB-05.00.83 R2,TIME LIMITS - MAINTENANCE CHECKS - Air Conditioning Periodic check for corrosion on the pipes of the P2 air heating/demisting system,SB*,09-Oct-2019,SB-05.00.83 R2,,,0:00,,"On AS350 helicopters, all versions"
157b8d12-c115-446e-a4dc-d12077751fe2,d88e2641-dd39-4814-9f04-682a3c823bff,SB-05.00.83 R3,21,SB-05.00.83 R3,TIME LIMITS - MAINTENANCE CHECKS - Air Conditioning Periodic check for corrosion on the pipes of the P2 air heating/demisting system,SB,26-Feb-2024,SB-05.00.83 R3,,,0:00,,"On PRE MOD 074866 or PRE MOD 074765 AS350 helicopters, all versions."
157b8d12-c115-446e-a4dc-d12077751fe2,d88e2641-dd39-4814-9f04-682a3c823bff,SB-24-60-0001,24,SB-24-60-0001,DC electrical load distribution - Retrofit of the support assembly of 31-32 Alpha circuit breaker panel,SB,22-Feb-2024,SB-24-60-0001,,,0:00,,"Model: AS350 Version: B2, B3 Component affected: 350A76-3394-02 or 350A76-3394-06"
157b8d12-c115-446e-a4dc-d12077751fe2,d88e2641-dd39-4814-9f04-682a3c823bff,SB-25-91-0001,25,SB-25-91-0001,External load system - Installation of the purge drain protection.,SB,07-Oct-2025,SB-25-91-0001,,,0:00,,"AS350 B2, B3"
157b8d12-c115-446e-a4dc-d12077751fe2,d88e2641-dd39-4814-9f04-682a3c823bff,SB-28.00.28 STC R2,28,,FUEL SYSTEM - Rupture resistant fuel system on AS350 B3 under STC Corresponds to modifications STC ST7500 and ST7501.,SB,04-Mar-2021,SB-28.00.28 STC R2,,,0:00,,"Helicopter equipped with the fuel tank installation corresponding to the modifications below: - new: OP4605 (AS350B3e - New optional - Installation of a fuel system improving crashworthiness), - retrofit: . 350R081004.00 (AS350-B3 Energy Absorbing Fuel Tank), . or 350R001032.03 (AS350-B3 Energy Absorbing Fuel Tank STD 01/07/2012 to 31/03/2014), . or 350R001032.04 (AS350-B3 Energy Absorbing Fuel Tank STD 01/04/2014 to 25/08/2014), and POST ,MODs: - 074791 (New reinforced sheet plate cradles), - OP4305 (Administrative version B3 equipped with Arriel 2D engine)."
157b8d12-c115-446e-a4dc-d12077751fe2,d88e2641-dd39-4814-9f04-682a3c823bff,SB-29-50-0001 Issue 003,29,SB-29-50-0001 Issue 003,Hydraulic power - Introduction of new hydraulic hoses with carbon PTFE core,SB,17-Jul-2024,SB-29-50-0001 Issue 003,,,0:00,,"Model: AS350 Version: B, B1, B2, B3, BA, BB, D, L1 Helicopters PRE MOD: 0720163 Helicopters POST MOD: 074239"
157b8d12-c115-446e-a4dc-d12077751fe2,d88e2641-dd39-4814-9f04-682a3c823bff,2006-11-17,32,,To prevent restricting full lateral movement of the cyclic control during high lateral center of gravity (CG) load operations in high cross winds and during slope takeoffs or landings and subsequent loss of control of the helicopter.,AD,07-Jul-2006,US-2006-11-17,,,0:00,,"Model AS350B, BA, B1, B2, B3, C, D, and D1 helicopters, with a Geneva Aviation, Inc. (Geneva) P132 Console installed in accordance with Supplemental Type Certificate No. SH4747NM, certificated in any category."
